solid ASCII
  facet normal 5.138582e-01 -6.765071e-02 -8.552036e-01
    outer loop
      vertex   -1.296066e+02 6.994022e+01 2.000000e+01
      vertex   -1.284957e+02 6.964257e+01 2.069099e+01
      vertex   -1.296457e+02 6.964257e+01 2.000000e+01
    endloop
  endfacet
  facet normal 4.111889e-01 -3.155163e-01 -8.552036e-01
    outer loop
      vertex   -1.293089e+02 7.045575e+01 2.000000e+01
      vertex   -1.284957e+02 6.964257e+01 2.069099e+01
      vertex   -1.294917e+02 7.021757e+01 2.000000e+01
    endloop
  endfacet
  facet normal 1.983418e-01 -4.788396e-01 -8.552036e-01
    outer loop
      vertex   -1.287934e+02 7.075339e+01 2.000000e+01
      vertex   -1.284957e+02 6.964257e+01 2.069099e+01
      vertex   -1.290707e+02 7.063850e+01 2.000000e+01
    endloop
  endfacet
  facet normal -6.765071e-02 -5.138582e-01 -8.552036e-01
    outer loop
      vertex   -1.281981e+02 7.075339e+01 2.000000e+01
      vertex   -1.284957e+02 6.964257e+01 2.069099e+01
      vertex   -1.284957e+02 7.079257e+01 2.000000e+01
    endloop
  endfacet
  facet normal -3.155163e-01 -4.111889e-01 -8.552036e-01
    outer loop
      vertex   -1.276826e+02 7.045575e+01 2.000000e+01
      vertex   -1.284957e+02 6.964257e+01 2.069099e+01
      vertex   -1.279207e+02 7.063850e+01 2.000000e+01
    endloop
  endfacet
  facet normal -4.788396e-01 -1.983418e-01 -8.552036e-01
    outer loop
      vertex   -1.273849e+02 6.994022e+01 2.000000e+01
      vertex   -1.284957e+02 6.964257e+01 2.069099e+01
      vertex   -1.274998e+02 7.021757e+01 2.000000e+01
    endloop
  endfacet
  facet normal -5.138582e-01 6.765071e-02 -8.552036e-01
    outer loop
      vertex   -1.273849e+02 6.934493e+01 2.000000e+01
      vertex   -1.284957e+02 6.964257e+01 2.069099e+01
      vertex   -1.273457e+02 6.964257e+01 2.000000e+01
    endloop
  endfacet
  facet normal -4.111889e-01 3.155163e-01 -8.552036e-01
    outer loop
      vertex   -1.276826e+02 6.882940e+01 2.000000e+01
      vertex   -1.284957e+02 6.964257e+01 2.069099e+01
      vertex   -1.274998e+02 6.906757e+01 2.000000e+01
    endloop
  endfacet
  facet normal -1.983418e-01 4.788396e-01 -8.552036e-01
    outer loop
      vertex   -1.281981e+02 6.853176e+01 2.000000e+01
      vertex   -1.284957e+02 6.964257e+01 2.069099e+01
      vertex   -1.279207e+02 6.864664e+01 2.000000e+01
    endloop
  endfacet
  facet normal 6.765071e-02 5.138582e-01 -8.552036e-01
    outer loop
      vertex   -1.287934e+02 6.853176e+01 2.000000e+01
      vertex   -1.284957e+02 6.964257e+01 2.069099e+01
      vertex   -1.284957e+02 6.849257e+01 2.000000e+01
    endloop
  endfacet
  facet normal 3.155163e-01 4.111889e-01 -8.552036e-01
    outer loop
      vertex   -1.293089e+02 6.882940e+01 2.000000e+01
      vertex   -1.284957e+02 6.964257e+01 2.069099e+01
      vertex   -1.290707e+02 6.864664e+01 2.000000e+01
    endloop
  endfacet
  facet normal 4.788396e-01 1.983418e-01 -8.552036e-01
    outer loop
      vertex   -1.296066e+02 6.934493e+01 2.000000e+01
      vertex   -1.284957e+02 6.964257e+01 2.069099e+01
      vertex   -1.294917e+02 6.906757e+01 2.000000e+01
    endloop
  endfacet
  facet normal -5.138582e-01 -6.765071e-02 -8.552036e-01
    outer loop
      vertex   -1.273457e+02 6.964257e+01 2.000000e+01
      vertex   -1.284957e+02 6.964257e+01 2.069099e+01
      vertex   -1.273849e+02 6.994022e+01 2.000000e+01
    endloop
  endfacet
  facet normal 3.155163e-01 -4.111889e-01 -8.552036e-01
    outer loop
      vertex   -1.290707e+02 7.063850e+01 2.000000e+01
      vertex   -1.284957e+02 6.964257e+01 2.069099e+01
      vertex   -1.293089e+02 7.045575e+01 2.000000e+01
    endloop
  endfacet
  facet normal 1.983418e-01 4.788396e-01 -8.552036e-01
    outer loop
      vertex   -1.290707e+02 6.864664e+01 2.000000e+01
      vertex   -1.284957e+02 6.964257e+01 2.069099e+01
      vertex   -1.287934e+02 6.853176e+01 2.000000e+01
    endloop
  endfacet
  facet normal -4.111889e-01 -3.155163e-01 -8.552036e-01
    outer loop
      vertex   -1.274998e+02 7.021757e+01 2.000000e+01
      vertex   -1.284957e+02 6.964257e+01 2.069099e+01
      vertex   -1.276826e+02 7.045575e+01 2.000000e+01
    endloop
  endfacet
  facet normal -1.983418e-01 -4.788396e-01 -8.552036e-01
    outer loop
      vertex   -1.279207e+02 7.063850e+01 2.000000e+01
      vertex   -1.284957e+02 6.964257e+01 2.069099e+01
      vertex   -1.281981e+02 7.075339e+01 2.000000e+01
    endloop
  endfacet
  facet normal 6.765071e-02 -5.138582e-01 -8.552036e-01
    outer loop
      vertex   -1.284957e+02 7.079257e+01 2.000000e+01
      vertex   -1.284957e+02 6.964257e+01 2.069099e+01
      vertex   -1.287934e+02 7.075339e+01 2.000000e+01
    endloop
  endfacet
  facet normal 4.788396e-01 -1.983418e-01 -8.552036e-01
    outer loop
      vertex   -1.294917e+02 7.021757e+01 2.000000e+01
      vertex   -1.284957e+02 6.964257e+01 2.069099e+01
      vertex   -1.296066e+02 6.994022e+01 2.000000e+01
    endloop
  endfacet
  facet normal 5.138582e-01 6.765071e-02 -8.552036e-01
    outer loop
      vertex   -1.296457e+02 6.964257e+01 2.000000e+01
      vertex   -1.284957e+02 6.964257e+01 2.069099e+01
      vertex   -1.296066e+02 6.934493e+01 2.000000e+01
    endloop
  endfacet
  facet normal 4.111889e-01 3.155163e-01 -8.552036e-01
    outer loop
      vertex   -1.294917e+02 6.906757e+01 2.000000e+01
      vertex   -1.284957e+02 6.964257e+01 2.069099e+01
      vertex   -1.293089e+02 6.882940e+01 2.000000e+01
    endloop
  endfacet
  facet normal -6.765071e-02 5.138582e-01 -8.552036e-01
    outer loop
      vertex   -1.284957e+02 6.849257e+01 2.000000e+01
      vertex   -1.284957e+02 6.964257e+01 2.069099e+01
      vertex   -1.281981e+02 6.853176e+01 2.000000e+01
    endloop
  endfacet
  facet normal -3.155163e-01 4.111889e-01 -8.552036e-01
    outer loop
      vertex   -1.279207e+02 6.864664e+01 2.000000e+01
      vertex   -1.284957e+02 6.964257e+01 2.069099e+01
      vertex   -1.276826e+02 6.882940e+01 2.000000e+01
    endloop
  endfacet
  facet normal -4.788396e-01 1.983418e-01 -8.552036e-01
    outer loop
      vertex   -1.274998e+02 6.906757e+01 2.000000e+01
      vertex   -1.284957e+02 6.964257e+01 2.069099e+01
      vertex   -1.273849e+02 6.934493e+01 2.000000e+01
    endloop
  endfacet
  facet normal -9.914449e-01 1.305262e-01 0.000000e+00
    outer loop
      vertex   -1.273849e+02 6.934493e+01 1.000000e+01
      vertex   -1.273849e+02 6.934493e+01 1.500000e+01
      vertex   -1.273457e+02 6.964257e+01 1.000000e+01
    endloop
  endfacet
  facet normal -9.914449e-01 1.305262e-01 0.000000e+00
    outer loop
      vertex   -1.273457e+02 6.964257e+01 1.000000e+01
      vertex   -1.273849e+02 6.934493e+01 1.500000e+01
      vertex   -1.273457e+02 6.964257e+01 1.500000e+01
    endloop
  endfacet
  facet normal -9.914449e-01 -1.305262e-01 0.000000e+00
    outer loop
      vertex   -1.273457e+02 6.964257e+01 1.000000e+01
      vertex   -1.273457e+02 6.964257e+01 1.500000e+01
      vertex   -1.273849e+02 6.994022e+01 1.000000e+01
    endloop
  endfacet
  facet normal -9.914449e-01 -1.305262e-01 0.000000e+00
    outer loop
      vertex   -1.273849e+02 6.994022e+01 1.000000e+01
      vertex   -1.273457e+02 6.964257e+01 1.500000e+01
      vertex   -1.273849e+02 6.994022e+01 1.500000e+01
    endloop
  endfacet
  facet normal -9.238795e-01 -3.826834e-01 0.000000e+00
    outer loop
      vertex   -1.273849e+02 6.994022e+01 1.000000e+01
      vertex   -1.273849e+02 6.994022e+01 1.500000e+01
      vertex   -1.274998e+02 7.021757e+01 1.000000e+01
    endloop
  endfacet
  facet normal -9.238795e-01 -3.826834e-01 0.000000e+00
    outer loop
      vertex   -1.274998e+02 7.021757e+01 1.000000e+01
      vertex   -1.273849e+02 6.994022e+01 1.500000e+01
      vertex   -1.274998e+02 7.021757e+01 1.500000e+01
    endloop
  endfacet
  facet normal -7.933533e-01 -6.087614e-01 0.000000e+00
    outer loop
      vertex   -1.274998e+02 7.021757e+01 1.000000e+01
      vertex   -1.274998e+02 7.021757e+01 1.500000e+01
      vertex   -1.276826e+02 7.045575e+01 1.000000e+01
    endloop
  endfacet
  facet normal -7.933533e-01 -6.087614e-01 0.000000e+00
    outer loop
      vertex   -1.276826e+02 7.045575e+01 1.000000e+01
      vertex   -1.274998e+02 7.021757e+01 1.500000e+01
      vertex   -1.276826e+02 7.045575e+01 1.500000e+01
    endloop
  endfacet
  facet normal -6.087614e-01 -7.933533e-01 0.000000e+00
    outer loop
      vertex   -1.276826e+02 7.045575e+01 1.000000e+01
      vertex   -1.276826e+02 7.045575e+01 1.500000e+01
      vertex   -1.279207e+02 7.063850e+01 1.000000e+01
    endloop
  endfacet
  facet normal -6.087614e-01 -7.933533e-01 2.254846e-15
    outer loop
      vertex   -1.279207e+02 7.063850e+01 1.000000e+01
      vertex   -1.276826e+02 7.045575e+01 1.500000e+01
      vertex   -1.279207e+02 7.063850e+01 1.500000e+01
    endloop
  endfacet
  facet normal -3.826834e-01 -9.238795e-01 2.625824e-15
    outer loop
      vertex   -1.279207e+02 7.063850e+01 1.000000e+01
      vertex   -1.279207e+02 7.063850e+01 1.500000e+01
      vertex   -1.281981e+02 7.075339e+01 1.000000e+01
    endloop
  endfacet
  facet normal -3.826834e-01 -9.238795e-01 0.000000e+00
    outer loop
      vertex   -1.281981e+02 7.075339e+01 1.000000e+01
      vertex   -1.279207e+02 7.063850e+01 1.500000e+01
      vertex   -1.281981e+02 7.075339e+01 1.500000e+01
    endloop
  endfacet
  facet normal -1.305262e-01 -9.914449e-01 0.000000e+00
    outer loop
      vertex   -1.281981e+02 7.075339e+01 1.000000e+01
      vertex   -1.281981e+02 7.075339e+01 1.500000e+01
      vertex   -1.284957e+02 7.079257e+01 1.000000e+01
    endloop
  endfacet
  facet normal -1.305262e-01 -9.914449e-01 0.000000e+00
    outer loop
      vertex   -1.284957e+02 7.079257e+01 1.000000e+01
      vertex   -1.281981e+02 7.075339e+01 1.500000e+01
      vertex   -1.284957e+02 7.079257e+01 1.500000e+01
    endloop
  endfacet
  facet normal 1.305262e-01 -9.914449e-01 0.000000e+00
    outer loop
      vertex   -1.284957e+02 7.079257e+01 1.000000e+01
      vertex   -1.284957e+02 7.079257e+01 1.500000e+01
      vertex   -1.287934e+02 7.075339e+01 1.000000e+01
    endloop
  endfacet
  facet normal 1.305262e-01 -9.914449e-01 0.000000e+00
    outer loop
      vertex   -1.287934e+02 7.075339e+01 1.000000e+01
      vertex   -1.284957e+02 7.079257e+01 1.500000e+01
      vertex   -1.287934e+02 7.075339e+01 1.500000e+01
    endloop
  endfacet
  facet normal 3.826834e-01 -9.238795e-01 0.000000e+00
    outer loop
      vertex   -1.287934e+02 7.075339e+01 1.000000e+01
      vertex   -1.287934e+02 7.075339e+01 1.500000e+01
      vertex   -1.290707e+02 7.063850e+01 1.000000e+01
    endloop
  endfacet
  facet normal 3.826834e-01 -9.238795e-01 2.625824e-15
    outer loop
      vertex   -1.290707e+02 7.063850e+01 1.000000e+01
      vertex   -1.287934e+02 7.075339e+01 1.500000e+01
      vertex   -1.290707e+02 7.063850e+01 1.500000e+01
    endloop
  endfacet
  facet normal 6.087614e-01 -7.933533e-01 2.254846e-15
    outer loop
      vertex   -1.290707e+02 7.063850e+01 1.000000e+01
      vertex   -1.290707e+02 7.063850e+01 1.500000e+01
      vertex   -1.293089e+02 7.045575e+01 1.000000e+01
    endloop
  endfacet
  facet normal 6.087614e-01 -7.933533e-01 0.000000e+00
    outer loop
      vertex   -1.293089e+02 7.045575e+01 1.000000e+01
      vertex   -1.290707e+02 7.063850e+01 1.500000e+01
      vertex   -1.293089e+02 7.045575e+01 1.500000e+01
    endloop
  endfacet
  facet normal 7.933533e-01 -6.087614e-01 0.000000e+00
    outer loop
      vertex   -1.293089e+02 7.045575e+01 1.000000e+01
      vertex   -1.293089e+02 7.045575e+01 1.500000e+01
      vertex   -1.294917e+02 7.021757e+01 1.000000e+01
    endloop
  endfacet
  facet normal 7.933533e-01 -6.087614e-01 0.000000e+00
    outer loop
      vertex   -1.294917e+02 7.021757e+01 1.000000e+01
      vertex   -1.293089e+02 7.045575e+01 1.500000e+01
      vertex   -1.294917e+02 7.021757e+01 1.500000e+01
    endloop
  endfacet
  facet normal 9.238795e-01 -3.826834e-01 0.000000e+00
    outer loop
      vertex   -1.294917e+02 7.021757e+01 1.000000e+01
      vertex   -1.294917e+02 7.021757e+01 1.500000e+01
      vertex   -1.296066e+02 6.994022e+01 1.000000e+01
    endloop
  endfacet
  facet normal 9.238795e-01 -3.826834e-01 0.000000e+00
    outer loop
      vertex   -1.296066e+02 6.994022e+01 1.000000e+01
      vertex   -1.294917e+02 7.021757e+01 1.500000e+01
      vertex   -1.296066e+02 6.994022e+01 1.500000e+01
    endloop
  endfacet
  facet normal 9.914449e-01 -1.305262e-01 0.000000e+00
    outer loop
      vertex   -1.296066e+02 6.994022e+01 1.000000e+01
      vertex   -1.296066e+02 6.994022e+01 1.500000e+01
      vertex   -1.296457e+02 6.964257e+01 1.000000e+01
    endloop
  endfacet
  facet normal 9.914449e-01 -1.305262e-01 0.000000e+00
    outer loop
      vertex   -1.296457e+02 6.964257e+01 1.000000e+01
      vertex   -1.296066e+02 6.994022e+01 1.500000e+01
      vertex   -1.296457e+02 6.964257e+01 1.500000e+01
    endloop
  endfacet
  facet normal 9.914449e-01 1.305262e-01 -0.000000e+00
    outer loop
      vertex   -1.296457e+02 6.964257e+01 1.000000e+01
      vertex   -1.296457e+02 6.964257e+01 1.500000e+01
      vertex   -1.296066e+02 6.934493e+01 1.000000e+01
    endloop
  endfacet
  facet normal 9.914449e-01 1.305262e-01 -0.000000e+00
    outer loop
      vertex   -1.296066e+02 6.934493e+01 1.000000e+01
      vertex   -1.296457e+02 6.964257e+01 1.500000e+01
      vertex   -1.296066e+02 6.934493e+01 1.500000e+01
    endloop
  endfacet
  facet normal 9.238795e-01 3.826834e-01 -0.000000e+00
    outer loop
      vertex   -1.296066e+02 6.934493e+01 1.000000e+01
      vertex   -1.296066e+02 6.934493e+01 1.500000e+01
      vertex   -1.294917e+02 6.906757e+01 1.000000e+01
    endloop
  endfacet
  facet normal 9.238795e-01 3.826834e-01 -0.000000e+00
    outer loop
      vertex   -1.294917e+02 6.906757e+01 1.000000e+01
      vertex   -1.296066e+02 6.934493e+01 1.500000e+01
      vertex   -1.294917e+02 6.906757e+01 1.500000e+01
    endloop
  endfacet
  facet normal 7.933533e-01 6.087614e-01 -0.000000e+00
    outer loop
      vertex   -1.294917e+02 6.906757e+01 1.000000e+01
      vertex   -1.294917e+02 6.906757e+01 1.500000e+01
      vertex   -1.293089e+02 6.882940e+01 1.000000e+01
    endloop
  endfacet
  facet normal 7.933533e-01 6.087614e-01 -0.000000e+00
    outer loop
      vertex   -1.293089e+02 6.882940e+01 1.000000e+01
      vertex   -1.294917e+02 6.906757e+01 1.500000e+01
      vertex   -1.293089e+02 6.882940e+01 1.500000e+01
    endloop
  endfacet
  facet normal 6.087614e-01 7.933533e-01 -0.000000e+00
    outer loop
      vertex   -1.293089e+02 6.882940e+01 1.000000e+01
      vertex   -1.293089e+02 6.882940e+01 1.500000e+01
      vertex   -1.290707e+02 6.864664e+01 1.000000e+01
    endloop
  endfacet
  facet normal 6.087614e-01 7.933533e-01 -0.000000e+00
    outer loop
      vertex   -1.290707e+02 6.864664e+01 1.000000e+01
      vertex   -1.293089e+02 6.882940e+01 1.500000e+01
      vertex   -1.290707e+02 6.864664e+01 1.500000e+01
    endloop
  endfacet
  facet normal 3.826834e-01 9.238795e-01 -0.000000e+00
    outer loop
      vertex   -1.290707e+02 6.864664e+01 1.000000e+01
      vertex   -1.290707e+02 6.864664e+01 1.500000e+01
      vertex   -1.287934e+02 6.853176e+01 1.000000e+01
    endloop
  endfacet
  facet normal 3.826834e-01 9.238795e-01 -0.000000e+00
    outer loop
      vertex   -1.287934e+02 6.853176e+01 1.000000e+01
      vertex   -1.290707e+02 6.864664e+01 1.500000e+01
      vertex   -1.287934e+02 6.853176e+01 1.500000e+01
    endloop
  endfacet
  facet normal 1.305262e-01 9.914449e-01 -0.000000e+00
    outer loop
      vertex   -1.287934e+02 6.853176e+01 1.000000e+01
      vertex   -1.287934e+02 6.853176e+01 1.500000e+01
      vertex   -1.284957e+02 6.849257e+01 1.000000e+01
    endloop
  endfacet
  facet normal 1.305262e-01 9.914449e-01 -0.000000e+00
    outer loop
      vertex   -1.284957e+02 6.849257e+01 1.000000e+01
      vertex   -1.287934e+02 6.853176e+01 1.500000e+01
      vertex   -1.284957e+02 6.849257e+01 1.500000e+01
    endloop
  endfacet
  facet normal -1.305262e-01 9.914449e-01 0.000000e+00
    outer loop
      vertex   -1.284957e+02 6.849257e+01 1.000000e+01
      vertex   -1.284957e+02 6.849257e+01 1.500000e+01
      vertex   -1.281981e+02 6.853176e+01 1.000000e+01
    endloop
  endfacet
  facet normal -1.305262e-01 9.914449e-01 0.000000e+00
    outer loop
      vertex   -1.281981e+02 6.853176e+01 1.000000e+01
      vertex   -1.284957e+02 6.849257e+01 1.500000e+01
      vertex   -1.281981e+02 6.853176e+01 1.500000e+01
    endloop
  endfacet
  facet normal -3.826834e-01 9.238795e-01 0.000000e+00
    outer loop
      vertex   -1.281981e+02 6.853176e+01 1.000000e+01
      vertex   -1.281981e+02 6.853176e+01 1.500000e+01
      vertex   -1.279207e+02 6.864664e+01 1.000000e+01
    endloop
  endfacet
  facet normal -3.826834e-01 9.238795e-01 0.000000e+00
    outer loop
      vertex   -1.279207e+02 6.864664e+01 1.000000e+01
      vertex   -1.281981e+02 6.853176e+01 1.500000e+01
      vertex   -1.279207e+02 6.864664e+01 1.500000e+01
    endloop
  endfacet
  facet normal -6.087614e-01 7.933533e-01 0.000000e+00
    outer loop
      vertex   -1.279207e+02 6.864664e+01 1.000000e+01
      vertex   -1.279207e+02 6.864664e+01 1.500000e+01
      vertex   -1.276826e+02 6.882940e+01 1.000000e+01
    endloop
  endfacet
  facet normal -6.087614e-01 7.933533e-01 0.000000e+00
    outer loop
      vertex   -1.276826e+02 6.882940e+01 1.000000e+01
      vertex   -1.279207e+02 6.864664e+01 1.500000e+01
      vertex   -1.276826e+02 6.882940e+01 1.500000e+01
    endloop
  endfacet
  facet normal -7.933533e-01 6.087614e-01 0.000000e+00
    outer loop
      vertex   -1.276826e+02 6.882940e+01 1.000000e+01
      vertex   -1.276826e+02 6.882940e+01 1.500000e+01
      vertex   -1.274998e+02 6.906757e+01 1.000000e+01
    endloop
  endfacet
  facet normal -7.933533e-01 6.087614e-01 0.000000e+00
    outer loop
      vertex   -1.274998e+02 6.906757e+01 1.000000e+01
      vertex   -1.276826e+02 6.882940e+01 1.500000e+01
      vertex   -1.274998e+02 6.906757e+01 1.500000e+01
    endloop
  endfacet
  facet normal -9.238795e-01 3.826834e-01 0.000000e+00
    outer loop
      vertex   -1.274998e+02 6.906757e+01 1.000000e+01
      vertex   -1.274998e+02 6.906757e+01 1.500000e+01
      vertex   -1.273849e+02 6.934493e+01 1.000000e+01
    endloop
  endfacet
  facet normal -9.238795e-01 3.826834e-01 0.000000e+00
    outer loop
      vertex   -1.273849e+02 6.934493e+01 1.000000e+01
      vertex   -1.274998e+02 6.906757e+01 1.500000e+01
      vertex   -1.273849e+02 6.934493e+01 1.500000e+01
    endloop
  endfacet
  facet normal 9.914449e-01 1.305262e-01 0.000000e+00
    outer loop
      vertex   -1.296066e+02 6.934493e+01 2.000000e+01
      vertex   -1.296066e+02 6.934493e+01 1.500000e+01
      vertex   -1.296457e+02 6.964257e+01 2.000000e+01
    endloop
  endfacet
  facet normal 9.914449e-01 1.305262e-01 0.000000e+00
    outer loop
      vertex   -1.296457e+02 6.964257e+01 2.000000e+01
      vertex   -1.296066e+02 6.934493e+01 1.500000e+01
      vertex   -1.296457e+02 6.964257e+01 1.500000e+01
    endloop
  endfacet
  facet normal 9.914449e-01 -1.305262e-01 0.000000e+00
    outer loop
      vertex   -1.296457e+02 6.964257e+01 2.000000e+01
      vertex   -1.296457e+02 6.964257e+01 1.500000e+01
      vertex   -1.296066e+02 6.994022e+01 2.000000e+01
    endloop
  endfacet
  facet normal 9.914449e-01 -1.305262e-01 0.000000e+00
    outer loop
      vertex   -1.296066e+02 6.994022e+01 2.000000e+01
      vertex   -1.296457e+02 6.964257e+01 1.500000e+01
      vertex   -1.296066e+02 6.994022e+01 1.500000e+01
    endloop
  endfacet
  facet normal 9.238795e-01 -3.826834e-01 0.000000e+00
    outer loop
      vertex   -1.296066e+02 6.994022e+01 2.000000e+01
      vertex   -1.296066e+02 6.994022e+01 1.500000e+01
      vertex   -1.294917e+02 7.021757e+01 2.000000e+01
    endloop
  endfacet
  facet normal 9.238795e-01 -3.826834e-01 0.000000e+00
    outer loop
      vertex   -1.294917e+02 7.021757e+01 2.000000e+01
      vertex   -1.296066e+02 6.994022e+01 1.500000e+01
      vertex   -1.294917e+02 7.021757e+01 1.500000e+01
    endloop
  endfacet
  facet normal 7.933533e-01 -6.087614e-01 0.000000e+00
    outer loop
      vertex   -1.294917e+02 7.021757e+01 2.000000e+01
      vertex   -1.294917e+02 7.021757e+01 1.500000e+01
      vertex   -1.293089e+02 7.045575e+01 2.000000e+01
    endloop
  endfacet
  facet normal 7.933533e-01 -6.087614e-01 0.000000e+00
    outer loop
      vertex   -1.293089e+02 7.045575e+01 2.000000e+01
      vertex   -1.294917e+02 7.021757e+01 1.500000e+01
      vertex   -1.293089e+02 7.045575e+01 1.500000e+01
    endloop
  endfacet
  facet normal 6.087614e-01 -7.933533e-01 0.000000e+00
    outer loop
      vertex   -1.293089e+02 7.045575e+01 2.000000e+01
      vertex   -1.293089e+02 7.045575e+01 1.500000e+01
      vertex   -1.290707e+02 7.063850e+01 2.000000e+01
    endloop
  endfacet
  facet normal 6.087614e-01 -7.933533e-01 -2.254846e-15
    outer loop
      vertex   -1.290707e+02 7.063850e+01 2.000000e+01
      vertex   -1.293089e+02 7.045575e+01 1.500000e+01
      vertex   -1.290707e+02 7.063850e+01 1.500000e+01
    endloop
  endfacet
  facet normal 3.826834e-01 -9.238795e-01 -2.625824e-15
    outer loop
      vertex   -1.290707e+02 7.063850e+01 2.000000e+01
      vertex   -1.290707e+02 7.063850e+01 1.500000e+01
      vertex   -1.287934e+02 7.075339e+01 2.000000e+01
    endloop
  endfacet
  facet normal 3.826834e-01 -9.238795e-01 0.000000e+00
    outer loop
      vertex   -1.287934e+02 7.075339e+01 2.000000e+01
      vertex   -1.290707e+02 7.063850e+01 1.500000e+01
      vertex   -1.287934e+02 7.075339e+01 1.500000e+01
    endloop
  endfacet
  facet normal 1.305262e-01 -9.914449e-01 0.000000e+00
    outer loop
      vertex   -1.287934e+02 7.075339e+01 2.000000e+01
      vertex   -1.287934e+02 7.075339e+01 1.500000e+01
      vertex   -1.284957e+02 7.079257e+01 2.000000e+01
    endloop
  endfacet
  facet normal 1.305262e-01 -9.914449e-01 0.000000e+00
    outer loop
      vertex   -1.284957e+02 7.079257e+01 2.000000e+01
      vertex   -1.287934e+02 7.075339e+01 1.500000e+01
      vertex   -1.284957e+02 7.079257e+01 1.500000e+01
    endloop
  endfacet
  facet normal -1.305262e-01 -9.914449e-01 -0.000000e+00
    outer loop
      vertex   -1.284957e+02 7.079257e+01 2.000000e+01
      vertex   -1.284957e+02 7.079257e+01 1.500000e+01
      vertex   -1.281981e+02 7.075339e+01 2.000000e+01
    endloop
  endfacet
  facet normal -1.305262e-01 -9.914449e-01 -0.000000e+00
    outer loop
      vertex   -1.281981e+02 7.075339e+01 2.000000e+01
      vertex   -1.284957e+02 7.079257e+01 1.500000e+01
      vertex   -1.281981e+02 7.075339e+01 1.500000e+01
    endloop
  endfacet
  facet normal -3.826834e-01 -9.238795e-01 -0.000000e+00
    outer loop
      vertex   -1.281981e+02 7.075339e+01 2.000000e+01
      vertex   -1.281981e+02 7.075339e+01 1.500000e+01
      vertex   -1.279207e+02 7.063850e+01 2.000000e+01
    endloop
  endfacet
  facet normal -3.826834e-01 -9.238795e-01 -2.625824e-15
    outer loop
      vertex   -1.279207e+02 7.063850e+01 2.000000e+01
      vertex   -1.281981e+02 7.075339e+01 1.500000e+01
      vertex   -1.279207e+02 7.063850e+01 1.500000e+01
    endloop
  endfacet
  facet normal -6.087614e-01 -7.933533e-01 -2.254846e-15
    outer loop
      vertex   -1.279207e+02 7.063850e+01 2.000000e+01
      vertex   -1.279207e+02 7.063850e+01 1.500000e+01
      vertex   -1.276826e+02 7.045575e+01 2.000000e+01
    endloop
  endfacet
  facet normal -6.087614e-01 -7.933533e-01 -0.000000e+00
    outer loop
      vertex   -1.276826e+02 7.045575e+01 2.000000e+01
      vertex   -1.279207e+02 7.063850e+01 1.500000e+01
      vertex   -1.276826e+02 7.045575e+01 1.500000e+01
    endloop
  endfacet
  facet normal -7.933533e-01 -6.087614e-01 -0.000000e+00
    outer loop
      vertex   -1.276826e+02 7.045575e+01 2.000000e+01
      vertex   -1.276826e+02 7.045575e+01 1.500000e+01
      vertex   -1.274998e+02 7.021757e+01 2.000000e+01
    endloop
  endfacet
  facet normal -7.933533e-01 -6.087614e-01 -0.000000e+00
    outer loop
      vertex   -1.274998e+02 7.021757e+01 2.000000e+01
      vertex   -1.276826e+02 7.045575e+01 1.500000e+01
      vertex   -1.274998e+02 7.021757e+01 1.500000e+01
    endloop
  endfacet
  facet normal -9.238795e-01 -3.826834e-01 -0.000000e+00
    outer loop
      vertex   -1.274998e+02 7.021757e+01 2.000000e+01
      vertex   -1.274998e+02 7.021757e+01 1.500000e+01
      vertex   -1.273849e+02 6.994022e+01 2.000000e+01
    endloop
  endfacet
  facet normal -9.238795e-01 -3.826834e-01 -0.000000e+00
    outer loop
      vertex   -1.273849e+02 6.994022e+01 2.000000e+01
      vertex   -1.274998e+02 7.021757e+01 1.500000e+01
      vertex   -1.273849e+02 6.994022e+01 1.500000e+01
    endloop
  endfacet
  facet normal -9.914449e-01 -1.305262e-01 -0.000000e+00
    outer loop
      vertex   -1.273849e+02 6.994022e+01 2.000000e+01
      vertex   -1.273849e+02 6.994022e+01 1.500000e+01
      vertex   -1.273457e+02 6.964257e+01 2.000000e+01
    endloop
  endfacet
  facet normal -9.914449e-01 -1.305262e-01 -0.000000e+00
    outer loop
      vertex   -1.273457e+02 6.964257e+01 2.000000e+01
      vertex   -1.273849e+02 6.994022e+01 1.500000e+01
      vertex   -1.273457e+02 6.964257e+01 1.500000e+01
    endloop
  endfacet
  facet normal -9.914449e-01 1.305262e-01 0.000000e+00
    outer loop
      vertex   -1.273457e+02 6.964257e+01 2.000000e+01
      vertex   -1.273457e+02 6.964257e+01 1.500000e+01
      vertex   -1.273849e+02 6.934493e+01 2.000000e+01
    endloop
  endfacet
  facet normal -9.914449e-01 1.305262e-01 0.000000e+00
    outer loop
      vertex   -1.273849e+02 6.934493e+01 2.000000e+01
      vertex   -1.273457e+02 6.964257e+01 1.500000e+01
      vertex   -1.273849e+02 6.934493e+01 1.500000e+01
    endloop
  endfacet
  facet normal -9.238795e-01 3.826834e-01 0.000000e+00
    outer loop
      vertex   -1.273849e+02 6.934493e+01 2.000000e+01
      vertex   -1.273849e+02 6.934493e+01 1.500000e+01
      vertex   -1.274998e+02 6.906757e+01 2.000000e+01
    endloop
  endfacet
  facet normal -9.238795e-01 3.826834e-01 0.000000e+00
    outer loop
      vertex   -1.274998e+02 6.906757e+01 2.000000e+01
      vertex   -1.273849e+02 6.934493e+01 1.500000e+01
      vertex   -1.274998e+02 6.906757e+01 1.500000e+01
    endloop
  endfacet
  facet normal -7.933533e-01 6.087614e-01 0.000000e+00
    outer loop
      vertex   -1.274998e+02 6.906757e+01 2.000000e+01
      vertex   -1.274998e+02 6.906757e+01 1.500000e+01
      vertex   -1.276826e+02 6.882940e+01 2.000000e+01
    endloop
  endfacet
  facet normal -7.933533e-01 6.087614e-01 0.000000e+00
    outer loop
      vertex   -1.276826e+02 6.882940e+01 2.000000e+01
      vertex   -1.274998e+02 6.906757e+01 1.500000e+01
      vertex   -1.276826e+02 6.882940e+01 1.500000e+01
    endloop
  endfacet
  facet normal -6.087614e-01 7.933533e-01 0.000000e+00
    outer loop
      vertex   -1.276826e+02 6.882940e+01 2.000000e+01
      vertex   -1.276826e+02 6.882940e+01 1.500000e+01
      vertex   -1.279207e+02 6.864664e+01 2.000000e+01
    endloop
  endfacet
  facet normal -6.087614e-01 7.933533e-01 0.000000e+00
    outer loop
      vertex   -1.279207e+02 6.864664e+01 2.000000e+01
      vertex   -1.276826e+02 6.882940e+01 1.500000e+01
      vertex   -1.279207e+02 6.864664e+01 1.500000e+01
    endloop
  endfacet
  facet normal -3.826834e-01 9.238795e-01 0.000000e+00
    outer loop
      vertex   -1.279207e+02 6.864664e+01 2.000000e+01
      vertex   -1.279207e+02 6.864664e+01 1.500000e+01
      vertex   -1.281981e+02 6.853176e+01 2.000000e+01
    endloop
  endfacet
  facet normal -3.826834e-01 9.238795e-01 0.000000e+00
    outer loop
      vertex   -1.281981e+02 6.853176e+01 2.000000e+01
      vertex   -1.279207e+02 6.864664e+01 1.500000e+01
      vertex   -1.281981e+02 6.853176e+01 1.500000e+01
    endloop
  endfacet
  facet normal -1.305262e-01 9.914449e-01 0.000000e+00
    outer loop
      vertex   -1.281981e+02 6.853176e+01 2.000000e+01
      vertex   -1.281981e+02 6.853176e+01 1.500000e+01
      vertex   -1.284957e+02 6.849257e+01 2.000000e+01
    endloop
  endfacet
  facet normal -1.305262e-01 9.914449e-01 0.000000e+00
    outer loop
      vertex   -1.284957e+02 6.849257e+01 2.000000e+01
      vertex   -1.281981e+02 6.853176e+01 1.500000e+01
      vertex   -1.284957e+02 6.849257e+01 1.500000e+01
    endloop
  endfacet
  facet normal 1.305262e-01 9.914449e-01 0.000000e+00
    outer loop
      vertex   -1.284957e+02 6.849257e+01 2.000000e+01
      vertex   -1.284957e+02 6.849257e+01 1.500000e+01
      vertex   -1.287934e+02 6.853176e+01 2.000000e+01
    endloop
  endfacet
  facet normal 1.305262e-01 9.914449e-01 0.000000e+00
    outer loop
      vertex   -1.287934e+02 6.853176e+01 2.000000e+01
      vertex   -1.284957e+02 6.849257e+01 1.500000e+01
      vertex   -1.287934e+02 6.853176e+01 1.500000e+01
    endloop
  endfacet
  facet normal 3.826834e-01 9.238795e-01 0.000000e+00
    outer loop
      vertex   -1.287934e+02 6.853176e+01 2.000000e+01
      vertex   -1.287934e+02 6.853176e+01 1.500000e+01
      vertex   -1.290707e+02 6.864664e+01 2.000000e+01
    endloop
  endfacet
  facet normal 3.826834e-01 9.238795e-01 0.000000e+00
    outer loop
      vertex   -1.290707e+02 6.864664e+01 2.000000e+01
      vertex   -1.287934e+02 6.853176e+01 1.500000e+01
      vertex   -1.290707e+02 6.864664e+01 1.500000e+01
    endloop
  endfacet
  facet normal 6.087614e-01 7.933533e-01 0.000000e+00
    outer loop
      vertex   -1.290707e+02 6.864664e+01 2.000000e+01
      vertex   -1.290707e+02 6.864664e+01 1.500000e+01
      vertex   -1.293089e+02 6.882940e+01 2.000000e+01
    endloop
  endfacet
  facet normal 6.087614e-01 7.933533e-01 0.000000e+00
    outer loop
      vertex   -1.293089e+02 6.882940e+01 2.000000e+01
      vertex   -1.290707e+02 6.864664e+01 1.500000e+01
      vertex   -1.293089e+02 6.882940e+01 1.500000e+01
    endloop
  endfacet
  facet normal 7.933533e-01 6.087614e-01 0.000000e+00
    outer loop
      vertex   -1.293089e+02 6.882940e+01 2.000000e+01
      vertex   -1.293089e+02 6.882940e+01 1.500000e+01
      vertex   -1.294917e+02 6.906757e+01 2.000000e+01
    endloop
  endfacet
  facet normal 7.933533e-01 6.087614e-01 0.000000e+00
    outer loop
      vertex   -1.294917e+02 6.906757e+01 2.000000e+01
      vertex   -1.293089e+02 6.882940e+01 1.500000e+01
      vertex   -1.294917e+02 6.906757e+01 1.500000e+01
    endloop
  endfacet
  facet normal 9.238795e-01 3.826834e-01 0.000000e+00
    outer loop
      vertex   -1.294917e+02 6.906757e+01 2.000000e+01
      vertex   -1.294917e+02 6.906757e+01 1.500000e+01
      vertex   -1.296066e+02 6.934493e+01 2.000000e+01
    endloop
  endfacet
  facet normal 9.238795e-01 3.826834e-01 0.000000e+00
    outer loop
      vertex   -1.296066e+02 6.934493e+01 2.000000e+01
      vertex   -1.294917e+02 6.906757e+01 1.500000e+01
      vertex   -1.296066e+02 6.934493e+01 1.500000e+01
    endloop
  endfacet
  facet normal 5.138582e-01 -6.765071e-02 -8.552036e-01
    outer loop
      vertex   -1.144730e+02 6.984371e+01 2.000000e+01
      vertex   -1.133622e+02 6.954607e+01 2.069099e+01
      vertex   -1.145122e+02 6.954607e+01 2.000000e+01
    endloop
  endfacet
  facet normal 4.111889e-01 -3.155163e-01 -8.552036e-01
    outer loop
      vertex   -1.141754e+02 7.035924e+01 2.000000e+01
      vertex   -1.133622e+02 6.954607e+01 2.069099e+01
      vertex   -1.143582e+02 7.012107e+01 2.000000e+01
    endloop
  endfacet
  facet normal 1.983418e-01 -4.788396e-01 -8.552036e-01
    outer loop
      vertex   -1.136599e+02 7.065688e+01 2.000000e+01
      vertex   -1.133622e+02 6.954607e+01 2.069099e+01
      vertex   -1.139372e+02 7.054200e+01 2.000000e+01
    endloop
  endfacet
  facet normal -6.765071e-02 -5.138582e-01 -8.552036e-01
    outer loop
      vertex   -1.130646e+02 7.065688e+01 2.000000e+01
      vertex   -1.133622e+02 6.954607e+01 2.069099e+01
      vertex   -1.133622e+02 7.069607e+01 2.000000e+01
    endloop
  endfacet
  facet normal -3.155163e-01 -4.111889e-01 -8.552036e-01
    outer loop
      vertex   -1.125491e+02 7.035924e+01 2.000000e+01
      vertex   -1.133622e+02 6.954607e+01 2.069099e+01
      vertex   -1.127872e+02 7.054200e+01 2.000000e+01
    endloop
  endfacet
  facet normal -4.788396e-01 -1.983418e-01 -8.552036e-01
    outer loop
      vertex   -1.122514e+02 6.984371e+01 2.000000e+01
      vertex   -1.133622e+02 6.954607e+01 2.069099e+01
      vertex   -1.123663e+02 7.012107e+01 2.000000e+01
    endloop
  endfacet
  facet normal -5.138582e-01 6.765071e-02 -8.552036e-01
    outer loop
      vertex   -1.122514e+02 6.924842e+01 2.000000e+01
      vertex   -1.133622e+02 6.954607e+01 2.069099e+01
      vertex   -1.122122e+02 6.954607e+01 2.000000e+01
    endloop
  endfacet
  facet normal -4.111889e-01 3.155163e-01 -8.552036e-01
    outer loop
      vertex   -1.125491e+02 6.873289e+01 2.000000e+01
      vertex   -1.133622e+02 6.954607e+01 2.069099e+01
      vertex   -1.123663e+02 6.897107e+01 2.000000e+01
    endloop
  endfacet
  facet normal -1.983418e-01 4.788396e-01 -8.552036e-01
    outer loop
      vertex   -1.130646e+02 6.843525e+01 2.000000e+01
      vertex   -1.133622e+02 6.954607e+01 2.069099e+01
      vertex   -1.127872e+02 6.855014e+01 2.000000e+01
    endloop
  endfacet
  facet normal 6.765071e-02 5.138582e-01 -8.552036e-01
    outer loop
      vertex   -1.136599e+02 6.843525e+01 2.000000e+01
      vertex   -1.133622e+02 6.954607e+01 2.069099e+01
      vertex   -1.133622e+02 6.839607e+01 2.000000e+01
    endloop
  endfacet
  facet normal 3.155163e-01 4.111889e-01 -8.552036e-01
    outer loop
      vertex   -1.141754e+02 6.873289e+01 2.000000e+01
      vertex   -1.133622e+02 6.954607e+01 2.069099e+01
      vertex   -1.139372e+02 6.855014e+01 2.000000e+01
    endloop
  endfacet
  facet normal 4.788396e-01 1.983418e-01 -8.552036e-01
    outer loop
      vertex   -1.144730e+02 6.924842e+01 2.000000e+01
      vertex   -1.133622e+02 6.954607e+01 2.069099e+01
      vertex   -1.143582e+02 6.897107e+01 2.000000e+01
    endloop
  endfacet
  facet normal -5.138582e-01 -6.765071e-02 -8.552036e-01
    outer loop
      vertex   -1.122122e+02 6.954607e+01 2.000000e+01
      vertex   -1.133622e+02 6.954607e+01 2.069099e+01
      vertex   -1.122514e+02 6.984371e+01 2.000000e+01
    endloop
  endfacet
  facet normal 3.155163e-01 -4.111889e-01 -8.552036e-01
    outer loop
      vertex   -1.139372e+02 7.054200e+01 2.000000e+01
      vertex   -1.133622e+02 6.954607e+01 2.069099e+01
      vertex   -1.141754e+02 7.035924e+01 2.000000e+01
    endloop
  endfacet
  facet normal 1.983418e-01 4.788396e-01 -8.552036e-01
    outer loop
      vertex   -1.139372e+02 6.855014e+01 2.000000e+01
      vertex   -1.133622e+02 6.954607e+01 2.069099e+01
      vertex   -1.136599e+02 6.843525e+01 2.000000e+01
    endloop
  endfacet
  facet normal -4.111889e-01 -3.155163e-01 -8.552036e-01
    outer loop
      vertex   -1.123663e+02 7.012107e+01 2.000000e+01
      vertex   -1.133622e+02 6.954607e+01 2.069099e+01
      vertex   -1.125491e+02 7.035924e+01 2.000000e+01
    endloop
  endfacet
  facet normal -1.983418e-01 -4.788396e-01 -8.552036e-01
    outer loop
      vertex   -1.127872e+02 7.054200e+01 2.000000e+01
      vertex   -1.133622e+02 6.954607e+01 2.069099e+01
      vertex   -1.130646e+02 7.065688e+01 2.000000e+01
    endloop
  endfacet
  facet normal 6.765071e-02 -5.138582e-01 -8.552036e-01
    outer loop
      vertex   -1.133622e+02 7.069607e+01 2.000000e+01
      vertex   -1.133622e+02 6.954607e+01 2.069099e+01
      vertex   -1.136599e+02 7.065688e+01 2.000000e+01
    endloop
  endfacet
  facet normal 4.788396e-01 -1.983418e-01 -8.552036e-01
    outer loop
      vertex   -1.143582e+02 7.012107e+01 2.000000e+01
      vertex   -1.133622e+02 6.954607e+01 2.069099e+01
      vertex   -1.144730e+02 6.984371e+01 2.000000e+01
    endloop
  endfacet
  facet normal 5.138582e-01 6.765071e-02 -8.552036e-01
    outer loop
      vertex   -1.145122e+02 6.954607e+01 2.000000e+01
      vertex   -1.133622e+02 6.954607e+01 2.069099e+01
      vertex   -1.144730e+02 6.924842e+01 2.000000e+01
    endloop
  endfacet
  facet normal 4.111889e-01 3.155163e-01 -8.552036e-01
    outer loop
      vertex   -1.143582e+02 6.897107e+01 2.000000e+01
      vertex   -1.133622e+02 6.954607e+01 2.069099e+01
      vertex   -1.141754e+02 6.873289e+01 2.000000e+01
    endloop
  endfacet
  facet normal -6.765071e-02 5.138582e-01 -8.552036e-01
    outer loop
      vertex   -1.133622e+02 6.839607e+01 2.000000e+01
      vertex   -1.133622e+02 6.954607e+01 2.069099e+01
      vertex   -1.130646e+02 6.843525e+01 2.000000e+01
    endloop
  endfacet
  facet normal -3.155163e-01 4.111889e-01 -8.552036e-01
    outer loop
      vertex   -1.127872e+02 6.855014e+01 2.000000e+01
      vertex   -1.133622e+02 6.954607e+01 2.069099e+01
      vertex   -1.125491e+02 6.873289e+01 2.000000e+01
    endloop
  endfacet
  facet normal -4.788396e-01 1.983418e-01 -8.552036e-01
    outer loop
      vertex   -1.123663e+02 6.897107e+01 2.000000e+01
      vertex   -1.133622e+02 6.954607e+01 2.069099e+01
      vertex   -1.122514e+02 6.924842e+01 2.000000e+01
    endloop
  endfacet
  facet normal -9.914449e-01 1.305262e-01 0.000000e+00
    outer loop
      vertex   -1.122514e+02 6.924842e+01 1.000000e+01
      vertex   -1.122514e+02 6.924842e+01 1.500000e+01
      vertex   -1.122122e+02 6.954607e+01 1.000000e+01
    endloop
  endfacet
  facet normal -9.914449e-01 1.305262e-01 0.000000e+00
    outer loop
      vertex   -1.122122e+02 6.954607e+01 1.000000e+01
      vertex   -1.122514e+02 6.924842e+01 1.500000e+01
      vertex   -1.122122e+02 6.954607e+01 1.500000e+01
    endloop
  endfacet
  facet normal -9.914449e-01 -1.305262e-01 0.000000e+00
    outer loop
      vertex   -1.122122e+02 6.954607e+01 1.000000e+01
      vertex   -1.122122e+02 6.954607e+01 1.500000e+01
      vertex   -1.122514e+02 6.984371e+01 1.000000e+01
    endloop
  endfacet
  facet normal -9.914449e-01 -1.305262e-01 0.000000e+00
    outer loop
      vertex   -1.122514e+02 6.984371e+01 1.000000e+01
      vertex   -1.122122e+02 6.954607e+01 1.500000e+01
      vertex   -1.122514e+02 6.984371e+01 1.500000e+01
    endloop
  endfacet
  facet normal -9.238795e-01 -3.826834e-01 0.000000e+00
    outer loop
      vertex   -1.122514e+02 6.984371e+01 1.000000e+01
      vertex   -1.122514e+02 6.984371e+01 1.500000e+01
      vertex   -1.123663e+02 7.012107e+01 1.000000e+01
    endloop
  endfacet
  facet normal -9.238795e-01 -3.826834e-01 0.000000e+00
    outer loop
      vertex   -1.123663e+02 7.012107e+01 1.000000e+01
      vertex   -1.122514e+02 6.984371e+01 1.500000e+01
      vertex   -1.123663e+02 7.012107e+01 1.500000e+01
    endloop
  endfacet
  facet normal -7.933533e-01 -6.087614e-01 0.000000e+00
    outer loop
      vertex   -1.123663e+02 7.012107e+01 1.000000e+01
      vertex   -1.123663e+02 7.012107e+01 1.500000e+01
      vertex   -1.125491e+02 7.035924e+01 1.000000e+01
    endloop
  endfacet
  facet normal -7.933533e-01 -6.087614e-01 0.000000e+00
    outer loop
      vertex   -1.125491e+02 7.035924e+01 1.000000e+01
      vertex   -1.123663e+02 7.012107e+01 1.500000e+01
      vertex   -1.125491e+02 7.035924e+01 1.500000e+01
    endloop
  endfacet
  facet normal -6.087614e-01 -7.933533e-01 0.000000e+00
    outer loop
      vertex   -1.125491e+02 7.035924e+01 1.000000e+01
      vertex   -1.125491e+02 7.035924e+01 1.500000e+01
      vertex   -1.127872e+02 7.054200e+01 1.000000e+01
    endloop
  endfacet
  facet normal -6.087614e-01 -7.933533e-01 0.000000e+00
    outer loop
      vertex   -1.127872e+02 7.054200e+01 1.000000e+01
      vertex   -1.125491e+02 7.035924e+01 1.500000e+01
      vertex   -1.127872e+02 7.054200e+01 1.500000e+01
    endloop
  endfacet
  facet normal -3.826834e-01 -9.238795e-01 0.000000e+00
    outer loop
      vertex   -1.127872e+02 7.054200e+01 1.000000e+01
      vertex   -1.127872e+02 7.054200e+01 1.500000e+01
      vertex   -1.130646e+02 7.065688e+01 1.000000e+01
    endloop
  endfacet
  facet normal -3.826834e-01 -9.238795e-01 0.000000e+00
    outer loop
      vertex   -1.130646e+02 7.065688e+01 1.000000e+01
      vertex   -1.127872e+02 7.054200e+01 1.500000e+01
      vertex   -1.130646e+02 7.065688e+01 1.500000e+01
    endloop
  endfacet
  facet normal -1.305262e-01 -9.914449e-01 0.000000e+00
    outer loop
      vertex   -1.130646e+02 7.065688e+01 1.000000e+01
      vertex   -1.130646e+02 7.065688e+01 1.500000e+01
      vertex   -1.133622e+02 7.069607e+01 1.000000e+01
    endloop
  endfacet
  facet normal -1.305262e-01 -9.914449e-01 0.000000e+00
    outer loop
      vertex   -1.133622e+02 7.069607e+01 1.000000e+01
      vertex   -1.130646e+02 7.065688e+01 1.500000e+01
      vertex   -1.133622e+02 7.069607e+01 1.500000e+01
    endloop
  endfacet
  facet normal 1.305262e-01 -9.914449e-01 0.000000e+00
    outer loop
      vertex   -1.133622e+02 7.069607e+01 1.000000e+01
      vertex   -1.133622e+02 7.069607e+01 1.500000e+01
      vertex   -1.136599e+02 7.065688e+01 1.000000e+01
    endloop
  endfacet
  facet normal 1.305262e-01 -9.914449e-01 0.000000e+00
    outer loop
      vertex   -1.136599e+02 7.065688e+01 1.000000e+01
      vertex   -1.133622e+02 7.069607e+01 1.500000e+01
      vertex   -1.136599e+02 7.065688e+01 1.500000e+01
    endloop
  endfacet
  facet normal 3.826834e-01 -9.238795e-01 0.000000e+00
    outer loop
      vertex   -1.136599e+02 7.065688e+01 1.000000e+01
      vertex   -1.136599e+02 7.065688e+01 1.500000e+01
      vertex   -1.139372e+02 7.054200e+01 1.000000e+01
    endloop
  endfacet
  facet normal 3.826834e-01 -9.238795e-01 0.000000e+00
    outer loop
      vertex   -1.139372e+02 7.054200e+01 1.000000e+01
      vertex   -1.136599e+02 7.065688e+01 1.500000e+01
      vertex   -1.139372e+02 7.054200e+01 1.500000e+01
    endloop
  endfacet
  facet normal 6.087614e-01 -7.933533e-01 0.000000e+00
    outer loop
      vertex   -1.139372e+02 7.054200e+01 1.000000e+01
      vertex   -1.139372e+02 7.054200e+01 1.500000e+01
      vertex   -1.141754e+02 7.035924e+01 1.000000e+01
    endloop
  endfacet
  facet normal 6.087614e-01 -7.933533e-01 0.000000e+00
    outer loop
      vertex   -1.141754e+02 7.035924e+01 1.000000e+01
      vertex   -1.139372e+02 7.054200e+01 1.500000e+01
      vertex   -1.141754e+02 7.035924e+01 1.500000e+01
    endloop
  endfacet
  facet normal 7.933533e-01 -6.087614e-01 0.000000e+00
    outer loop
      vertex   -1.141754e+02 7.035924e+01 1.000000e+01
      vertex   -1.141754e+02 7.035924e+01 1.500000e+01
      vertex   -1.143582e+02 7.012107e+01 1.000000e+01
    endloop
  endfacet
  facet normal 7.933533e-01 -6.087614e-01 0.000000e+00
    outer loop
      vertex   -1.143582e+02 7.012107e+01 1.000000e+01
      vertex   -1.141754e+02 7.035924e+01 1.500000e+01
      vertex   -1.143582e+02 7.012107e+01 1.500000e+01
    endloop
  endfacet
  facet normal 9.238795e-01 -3.826834e-01 0.000000e+00
    outer loop
      vertex   -1.143582e+02 7.012107e+01 1.000000e+01
      vertex   -1.143582e+02 7.012107e+01 1.500000e+01
      vertex   -1.144730e+02 6.984371e+01 1.000000e+01
    endloop
  endfacet
  facet normal 9.238795e-01 -3.826834e-01 0.000000e+00
    outer loop
      vertex   -1.144730e+02 6.984371e+01 1.000000e+01
      vertex   -1.143582e+02 7.012107e+01 1.500000e+01
      vertex   -1.144730e+02 6.984371e+01 1.500000e+01
    endloop
  endfacet
  facet normal 9.914449e-01 -1.305262e-01 0.000000e+00
    outer loop
      vertex   -1.144730e+02 6.984371e+01 1.000000e+01
      vertex   -1.144730e+02 6.984371e+01 1.500000e+01
      vertex   -1.145122e+02 6.954607e+01 1.000000e+01
    endloop
  endfacet
  facet normal 9.914449e-01 -1.305262e-01 0.000000e+00
    outer loop
      vertex   -1.145122e+02 6.954607e+01 1.000000e+01
      vertex   -1.144730e+02 6.984371e+01 1.500000e+01
      vertex   -1.145122e+02 6.954607e+01 1.500000e+01
    endloop
  endfacet
  facet normal 9.914449e-01 1.305262e-01 -0.000000e+00
    outer loop
      vertex   -1.145122e+02 6.954607e+01 1.000000e+01
      vertex   -1.145122e+02 6.954607e+01 1.500000e+01
      vertex   -1.144730e+02 6.924842e+01 1.000000e+01
    endloop
  endfacet
  facet normal 9.914449e-01 1.305262e-01 -0.000000e+00
    outer loop
      vertex   -1.144730e+02 6.924842e+01 1.000000e+01
      vertex   -1.145122e+02 6.954607e+01 1.500000e+01
      vertex   -1.144730e+02 6.924842e+01 1.500000e+01
    endloop
  endfacet
  facet normal 9.238795e-01 3.826834e-01 -0.000000e+00
    outer loop
      vertex   -1.144730e+02 6.924842e+01 1.000000e+01
      vertex   -1.144730e+02 6.924842e+01 1.500000e+01
      vertex   -1.143582e+02 6.897107e+01 1.000000e+01
    endloop
  endfacet
  facet normal 9.238795e-01 3.826834e-01 -0.000000e+00
    outer loop
      vertex   -1.143582e+02 6.897107e+01 1.000000e+01
      vertex   -1.144730e+02 6.924842e+01 1.500000e+01
      vertex   -1.143582e+02 6.897107e+01 1.500000e+01
    endloop
  endfacet
  facet normal 7.933533e-01 6.087614e-01 -0.000000e+00
    outer loop
      vertex   -1.143582e+02 6.897107e+01 1.000000e+01
      vertex   -1.143582e+02 6.897107e+01 1.500000e+01
      vertex   -1.141754e+02 6.873289e+01 1.000000e+01
    endloop
  endfacet
  facet normal 7.933533e-01 6.087614e-01 -0.000000e+00
    outer loop
      vertex   -1.141754e+02 6.873289e+01 1.000000e+01
      vertex   -1.143582e+02 6.897107e+01 1.500000e+01
      vertex   -1.141754e+02 6.873289e+01 1.500000e+01
    endloop
  endfacet
  facet normal 6.087614e-01 7.933533e-01 -0.000000e+00
    outer loop
      vertex   -1.141754e+02 6.873289e+01 1.000000e+01
      vertex   -1.141754e+02 6.873289e+01 1.500000e+01
      vertex   -1.139372e+02 6.855014e+01 1.000000e+01
    endloop
  endfacet
  facet normal 6.087614e-01 7.933533e-01 2.254846e-15
    outer loop
      vertex   -1.139372e+02 6.855014e+01 1.000000e+01
      vertex   -1.141754e+02 6.873289e+01 1.500000e+01
      vertex   -1.139372e+02 6.855014e+01 1.500000e+01
    endloop
  endfacet
  facet normal 3.826834e-01 9.238795e-01 2.625824e-15
    outer loop
      vertex   -1.139372e+02 6.855014e+01 1.000000e+01
      vertex   -1.139372e+02 6.855014e+01 1.500000e+01
      vertex   -1.136599e+02 6.843525e+01 1.000000e+01
    endloop
  endfacet
  facet normal 3.826834e-01 9.238795e-01 -0.000000e+00
    outer loop
      vertex   -1.136599e+02 6.843525e+01 1.000000e+01
      vertex   -1.139372e+02 6.855014e+01 1.500000e+01
      vertex   -1.136599e+02 6.843525e+01 1.500000e+01
    endloop
  endfacet
  facet normal 1.305262e-01 9.914449e-01 -0.000000e+00
    outer loop
      vertex   -1.136599e+02 6.843525e+01 1.000000e+01
      vertex   -1.136599e+02 6.843525e+01 1.500000e+01
      vertex   -1.133622e+02 6.839607e+01 1.000000e+01
    endloop
  endfacet
  facet normal 1.305262e-01 9.914449e-01 -0.000000e+00
    outer loop
      vertex   -1.133622e+02 6.839607e+01 1.000000e+01
      vertex   -1.136599e+02 6.843525e+01 1.500000e+01
      vertex   -1.133622e+02 6.839607e+01 1.500000e+01
    endloop
  endfacet
  facet normal -1.305262e-01 9.914449e-01 0.000000e+00
    outer loop
      vertex   -1.133622e+02 6.839607e+01 1.000000e+01
      vertex   -1.133622e+02 6.839607e+01 1.500000e+01
      vertex   -1.130646e+02 6.843525e+01 1.000000e+01
    endloop
  endfacet
  facet normal -1.305262e-01 9.914449e-01 0.000000e+00
    outer loop
      vertex   -1.130646e+02 6.843525e+01 1.000000e+01
      vertex   -1.133622e+02 6.839607e+01 1.500000e+01
      vertex   -1.130646e+02 6.843525e+01 1.500000e+01
    endloop
  endfacet
  facet normal -3.826834e-01 9.238795e-01 0.000000e+00
    outer loop
      vertex   -1.130646e+02 6.843525e+01 1.000000e+01
      vertex   -1.130646e+02 6.843525e+01 1.500000e+01
      vertex   -1.127872e+02 6.855014e+01 1.000000e+01
    endloop
  endfacet
  facet normal -3.826834e-01 9.238795e-01 2.625824e-15
    outer loop
      vertex   -1.127872e+02 6.855014e+01 1.000000e+01
      vertex   -1.130646e+02 6.843525e+01 1.500000e+01
      vertex   -1.127872e+02 6.855014e+01 1.500000e+01
    endloop
  endfacet
  facet normal -6.087614e-01 7.933533e-01 2.254846e-15
    outer loop
      vertex   -1.127872e+02 6.855014e+01 1.000000e+01
      vertex   -1.127872e+02 6.855014e+01 1.500000e+01
      vertex   -1.125491e+02 6.873289e+01 1.000000e+01
    endloop
  endfacet
  facet normal -6.087614e-01 7.933533e-01 0.000000e+00
    outer loop
      vertex   -1.125491e+02 6.873289e+01 1.000000e+01
      vertex   -1.127872e+02 6.855014e+01 1.500000e+01
      vertex   -1.125491e+02 6.873289e+01 1.500000e+01
    endloop
  endfacet
  facet normal -7.933533e-01 6.087614e-01 0.000000e+00
    outer loop
      vertex   -1.125491e+02 6.873289e+01 1.000000e+01
      vertex   -1.125491e+02 6.873289e+01 1.500000e+01
      vertex   -1.123663e+02 6.897107e+01 1.000000e+01
    endloop
  endfacet
  facet normal -7.933533e-01 6.087614e-01 0.000000e+00
    outer loop
      vertex   -1.123663e+02 6.897107e+01 1.000000e+01
      vertex   -1.125491e+02 6.873289e+01 1.500000e+01
      vertex   -1.123663e+02 6.897107e+01 1.500000e+01
    endloop
  endfacet
  facet normal -9.238795e-01 3.826834e-01 0.000000e+00
    outer loop
      vertex   -1.123663e+02 6.897107e+01 1.000000e+01
      vertex   -1.123663e+02 6.897107e+01 1.500000e+01
      vertex   -1.122514e+02 6.924842e+01 1.000000e+01
    endloop
  endfacet
  facet normal -9.238795e-01 3.826834e-01 0.000000e+00
    outer loop
      vertex   -1.122514e+02 6.924842e+01 1.000000e+01
      vertex   -1.123663e+02 6.897107e+01 1.500000e+01
      vertex   -1.122514e+02 6.924842e+01 1.500000e+01
    endloop
  endfacet
  facet normal 9.914449e-01 1.305262e-01 0.000000e+00
    outer loop
      vertex   -1.144730e+02 6.924842e+01 2.000000e+01
      vertex   -1.144730e+02 6.924842e+01 1.500000e+01
      vertex   -1.145122e+02 6.954607e+01 2.000000e+01
    endloop
  endfacet
  facet normal 9.914449e-01 1.305262e-01 0.000000e+00
    outer loop
      vertex   -1.145122e+02 6.954607e+01 2.000000e+01
      vertex   -1.144730e+02 6.924842e+01 1.500000e+01
      vertex   -1.145122e+02 6.954607e+01 1.500000e+01
    endloop
  endfacet
  facet normal 9.914449e-01 -1.305262e-01 0.000000e+00
    outer loop
      vertex   -1.145122e+02 6.954607e+01 2.000000e+01
      vertex   -1.145122e+02 6.954607e+01 1.500000e+01
      vertex   -1.144730e+02 6.984371e+01 2.000000e+01
    endloop
  endfacet
  facet normal 9.914449e-01 -1.305262e-01 0.000000e+00
    outer loop
      vertex   -1.144730e+02 6.984371e+01 2.000000e+01
      vertex   -1.145122e+02 6.954607e+01 1.500000e+01
      vertex   -1.144730e+02 6.984371e+01 1.500000e+01
    endloop
  endfacet
  facet normal 9.238795e-01 -3.826834e-01 0.000000e+00
    outer loop
      vertex   -1.144730e+02 6.984371e+01 2.000000e+01
      vertex   -1.144730e+02 6.984371e+01 1.500000e+01
      vertex   -1.143582e+02 7.012107e+01 2.000000e+01
    endloop
  endfacet
  facet normal 9.238795e-01 -3.826834e-01 0.000000e+00
    outer loop
      vertex   -1.143582e+02 7.012107e+01 2.000000e+01
      vertex   -1.144730e+02 6.984371e+01 1.500000e+01
      vertex   -1.143582e+02 7.012107e+01 1.500000e+01
    endloop
  endfacet
  facet normal 7.933533e-01 -6.087614e-01 0.000000e+00
    outer loop
      vertex   -1.143582e+02 7.012107e+01 2.000000e+01
      vertex   -1.143582e+02 7.012107e+01 1.500000e+01
      vertex   -1.141754e+02 7.035924e+01 2.000000e+01
    endloop
  endfacet
  facet normal 7.933533e-01 -6.087614e-01 0.000000e+00
    outer loop
      vertex   -1.141754e+02 7.035924e+01 2.000000e+01
      vertex   -1.143582e+02 7.012107e+01 1.500000e+01
      vertex   -1.141754e+02 7.035924e+01 1.500000e+01
    endloop
  endfacet
  facet normal 6.087614e-01 -7.933533e-01 0.000000e+00
    outer loop
      vertex   -1.141754e+02 7.035924e+01 2.000000e+01
      vertex   -1.141754e+02 7.035924e+01 1.500000e+01
      vertex   -1.139372e+02 7.054200e+01 2.000000e+01
    endloop
  endfacet
  facet normal 6.087614e-01 -7.933533e-01 0.000000e+00
    outer loop
      vertex   -1.139372e+02 7.054200e+01 2.000000e+01
      vertex   -1.141754e+02 7.035924e+01 1.500000e+01
      vertex   -1.139372e+02 7.054200e+01 1.500000e+01
    endloop
  endfacet
  facet normal 3.826834e-01 -9.238795e-01 0.000000e+00
    outer loop
      vertex   -1.139372e+02 7.054200e+01 2.000000e+01
      vertex   -1.139372e+02 7.054200e+01 1.500000e+01
      vertex   -1.136599e+02 7.065688e+01 2.000000e+01
    endloop
  endfacet
  facet normal 3.826834e-01 -9.238795e-01 0.000000e+00
    outer loop
      vertex   -1.136599e+02 7.065688e+01 2.000000e+01
      vertex   -1.139372e+02 7.054200e+01 1.500000e+01
      vertex   -1.136599e+02 7.065688e+01 1.500000e+01
    endloop
  endfacet
  facet normal 1.305262e-01 -9.914449e-01 0.000000e+00
    outer loop
      vertex   -1.136599e+02 7.065688e+01 2.000000e+01
      vertex   -1.136599e+02 7.065688e+01 1.500000e+01
      vertex   -1.133622e+02 7.069607e+01 2.000000e+01
    endloop
  endfacet
  facet normal 1.305262e-01 -9.914449e-01 0.000000e+00
    outer loop
      vertex   -1.133622e+02 7.069607e+01 2.000000e+01
      vertex   -1.136599e+02 7.065688e+01 1.500000e+01
      vertex   -1.133622e+02 7.069607e+01 1.500000e+01
    endloop
  endfacet
  facet normal -1.305262e-01 -9.914449e-01 -0.000000e+00
    outer loop
      vertex   -1.133622e+02 7.069607e+01 2.000000e+01
      vertex   -1.133622e+02 7.069607e+01 1.500000e+01
      vertex   -1.130646e+02 7.065688e+01 2.000000e+01
    endloop
  endfacet
  facet normal -1.305262e-01 -9.914449e-01 -0.000000e+00
    outer loop
      vertex   -1.130646e+02 7.065688e+01 2.000000e+01
      vertex   -1.133622e+02 7.069607e+01 1.500000e+01
      vertex   -1.130646e+02 7.065688e+01 1.500000e+01
    endloop
  endfacet
  facet normal -3.826834e-01 -9.238795e-01 -0.000000e+00
    outer loop
      vertex   -1.130646e+02 7.065688e+01 2.000000e+01
      vertex   -1.130646e+02 7.065688e+01 1.500000e+01
      vertex   -1.127872e+02 7.054200e+01 2.000000e+01
    endloop
  endfacet
  facet normal -3.826834e-01 -9.238795e-01 -0.000000e+00
    outer loop
      vertex   -1.127872e+02 7.054200e+01 2.000000e+01
      vertex   -1.130646e+02 7.065688e+01 1.500000e+01
      vertex   -1.127872e+02 7.054200e+01 1.500000e+01
    endloop
  endfacet
  facet normal -6.087614e-01 -7.933533e-01 -0.000000e+00
    outer loop
      vertex   -1.127872e+02 7.054200e+01 2.000000e+01
      vertex   -1.127872e+02 7.054200e+01 1.500000e+01
      vertex   -1.125491e+02 7.035924e+01 2.000000e+01
    endloop
  endfacet
  facet normal -6.087614e-01 -7.933533e-01 -0.000000e+00
    outer loop
      vertex   -1.125491e+02 7.035924e+01 2.000000e+01
      vertex   -1.127872e+02 7.054200e+01 1.500000e+01
      vertex   -1.125491e+02 7.035924e+01 1.500000e+01
    endloop
  endfacet
  facet normal -7.933533e-01 -6.087614e-01 -0.000000e+00
    outer loop
      vertex   -1.125491e+02 7.035924e+01 2.000000e+01
      vertex   -1.125491e+02 7.035924e+01 1.500000e+01
      vertex   -1.123663e+02 7.012107e+01 2.000000e+01
    endloop
  endfacet
  facet normal -7.933533e-01 -6.087614e-01 -0.000000e+00
    outer loop
      vertex   -1.123663e+02 7.012107e+01 2.000000e+01
      vertex   -1.125491e+02 7.035924e+01 1.500000e+01
      vertex   -1.123663e+02 7.012107e+01 1.500000e+01
    endloop
  endfacet
  facet normal -9.238795e-01 -3.826834e-01 -0.000000e+00
    outer loop
      vertex   -1.123663e+02 7.012107e+01 2.000000e+01
      vertex   -1.123663e+02 7.012107e+01 1.500000e+01
      vertex   -1.122514e+02 6.984371e+01 2.000000e+01
    endloop
  endfacet
  facet normal -9.238795e-01 -3.826834e-01 -0.000000e+00
    outer loop
      vertex   -1.122514e+02 6.984371e+01 2.000000e+01
      vertex   -1.123663e+02 7.012107e+01 1.500000e+01
      vertex   -1.122514e+02 6.984371e+01 1.500000e+01
    endloop
  endfacet
  facet normal -9.914449e-01 -1.305262e-01 -0.000000e+00
    outer loop
      vertex   -1.122514e+02 6.984371e+01 2.000000e+01
      vertex   -1.122514e+02 6.984371e+01 1.500000e+01
      vertex   -1.122122e+02 6.954607e+01 2.000000e+01
    endloop
  endfacet
  facet normal -9.914449e-01 -1.305262e-01 -0.000000e+00
    outer loop
      vertex   -1.122122e+02 6.954607e+01 2.000000e+01
      vertex   -1.122514e+02 6.984371e+01 1.500000e+01
      vertex   -1.122122e+02 6.954607e+01 1.500000e+01
    endloop
  endfacet
  facet normal -9.914449e-01 1.305262e-01 0.000000e+00
    outer loop
      vertex   -1.122122e+02 6.954607e+01 2.000000e+01
      vertex   -1.122122e+02 6.954607e+01 1.500000e+01
      vertex   -1.122514e+02 6.924842e+01 2.000000e+01
    endloop
  endfacet
  facet normal -9.914449e-01 1.305262e-01 0.000000e+00
    outer loop
      vertex   -1.122514e+02 6.924842e+01 2.000000e+01
      vertex   -1.122122e+02 6.954607e+01 1.500000e+01
      vertex   -1.122514e+02 6.924842e+01 1.500000e+01
    endloop
  endfacet
  facet normal -9.238795e-01 3.826834e-01 0.000000e+00
    outer loop
      vertex   -1.122514e+02 6.924842e+01 2.000000e+01
      vertex   -1.122514e+02 6.924842e+01 1.500000e+01
      vertex   -1.123663e+02 6.897107e+01 2.000000e+01
    endloop
  endfacet
  facet normal -9.238795e-01 3.826834e-01 0.000000e+00
    outer loop
      vertex   -1.123663e+02 6.897107e+01 2.000000e+01
      vertex   -1.122514e+02 6.924842e+01 1.500000e+01
      vertex   -1.123663e+02 6.897107e+01 1.500000e+01
    endloop
  endfacet
  facet normal -7.933533e-01 6.087614e-01 0.000000e+00
    outer loop
      vertex   -1.123663e+02 6.897107e+01 2.000000e+01
      vertex   -1.123663e+02 6.897107e+01 1.500000e+01
      vertex   -1.125491e+02 6.873289e+01 2.000000e+01
    endloop
  endfacet
  facet normal -7.933533e-01 6.087614e-01 0.000000e+00
    outer loop
      vertex   -1.125491e+02 6.873289e+01 2.000000e+01
      vertex   -1.123663e+02 6.897107e+01 1.500000e+01
      vertex   -1.125491e+02 6.873289e+01 1.500000e+01
    endloop
  endfacet
  facet normal -6.087614e-01 7.933533e-01 0.000000e+00
    outer loop
      vertex   -1.125491e+02 6.873289e+01 2.000000e+01
      vertex   -1.125491e+02 6.873289e+01 1.500000e+01
      vertex   -1.127872e+02 6.855014e+01 2.000000e+01
    endloop
  endfacet
  facet normal -6.087614e-01 7.933533e-01 -2.254846e-15
    outer loop
      vertex   -1.127872e+02 6.855014e+01 2.000000e+01
      vertex   -1.125491e+02 6.873289e+01 1.500000e+01
      vertex   -1.127872e+02 6.855014e+01 1.500000e+01
    endloop
  endfacet
  facet normal -3.826834e-01 9.238795e-01 -2.625824e-15
    outer loop
      vertex   -1.127872e+02 6.855014e+01 2.000000e+01
      vertex   -1.127872e+02 6.855014e+01 1.500000e+01
      vertex   -1.130646e+02 6.843525e+01 2.000000e+01
    endloop
  endfacet
  facet normal -3.826834e-01 9.238795e-01 0.000000e+00
    outer loop
      vertex   -1.130646e+02 6.843525e+01 2.000000e+01
      vertex   -1.127872e+02 6.855014e+01 1.500000e+01
      vertex   -1.130646e+02 6.843525e+01 1.500000e+01
    endloop
  endfacet
  facet normal -1.305262e-01 9.914449e-01 0.000000e+00
    outer loop
      vertex   -1.130646e+02 6.843525e+01 2.000000e+01
      vertex   -1.130646e+02 6.843525e+01 1.500000e+01
      vertex   -1.133622e+02 6.839607e+01 2.000000e+01
    endloop
  endfacet
  facet normal -1.305262e-01 9.914449e-01 0.000000e+00
    outer loop
      vertex   -1.133622e+02 6.839607e+01 2.000000e+01
      vertex   -1.130646e+02 6.843525e+01 1.500000e+01
      vertex   -1.133622e+02 6.839607e+01 1.500000e+01
    endloop
  endfacet
  facet normal 1.305262e-01 9.914449e-01 0.000000e+00
    outer loop
      vertex   -1.133622e+02 6.839607e+01 2.000000e+01
      vertex   -1.133622e+02 6.839607e+01 1.500000e+01
      vertex   -1.136599e+02 6.843525e+01 2.000000e+01
    endloop
  endfacet
  facet normal 1.305262e-01 9.914449e-01 0.000000e+00
    outer loop
      vertex   -1.136599e+02 6.843525e+01 2.000000e+01
      vertex   -1.133622e+02 6.839607e+01 1.500000e+01
      vertex   -1.136599e+02 6.843525e+01 1.500000e+01
    endloop
  endfacet
  facet normal 3.826834e-01 9.238795e-01 0.000000e+00
    outer loop
      vertex   -1.136599e+02 6.843525e+01 2.000000e+01
      vertex   -1.136599e+02 6.843525e+01 1.500000e+01
      vertex   -1.139372e+02 6.855014e+01 2.000000e+01
    endloop
  endfacet
  facet normal 3.826834e-01 9.238795e-01 -2.625824e-15
    outer loop
      vertex   -1.139372e+02 6.855014e+01 2.000000e+01
      vertex   -1.136599e+02 6.843525e+01 1.500000e+01
      vertex   -1.139372e+02 6.855014e+01 1.500000e+01
    endloop
  endfacet
  facet normal 6.087614e-01 7.933533e-01 -2.254846e-15
    outer loop
      vertex   -1.139372e+02 6.855014e+01 2.000000e+01
      vertex   -1.139372e+02 6.855014e+01 1.500000e+01
      vertex   -1.141754e+02 6.873289e+01 2.000000e+01
    endloop
  endfacet
  facet normal 6.087614e-01 7.933533e-01 0.000000e+00
    outer loop
      vertex   -1.141754e+02 6.873289e+01 2.000000e+01
      vertex   -1.139372e+02 6.855014e+01 1.500000e+01
      vertex   -1.141754e+02 6.873289e+01 1.500000e+01
    endloop
  endfacet
  facet normal 7.933533e-01 6.087614e-01 0.000000e+00
    outer loop
      vertex   -1.141754e+02 6.873289e+01 2.000000e+01
      vertex   -1.141754e+02 6.873289e+01 1.500000e+01
      vertex   -1.143582e+02 6.897107e+01 2.000000e+01
    endloop
  endfacet
  facet normal 7.933533e-01 6.087614e-01 0.000000e+00
    outer loop
      vertex   -1.143582e+02 6.897107e+01 2.000000e+01
      vertex   -1.141754e+02 6.873289e+01 1.500000e+01
      vertex   -1.143582e+02 6.897107e+01 1.500000e+01
    endloop
  endfacet
  facet normal 9.238795e-01 3.826834e-01 0.000000e+00
    outer loop
      vertex   -1.143582e+02 6.897107e+01 2.000000e+01
      vertex   -1.143582e+02 6.897107e+01 1.500000e+01
      vertex   -1.144730e+02 6.924842e+01 2.000000e+01
    endloop
  endfacet
  facet normal 9.238795e-01 3.826834e-01 0.000000e+00
    outer loop
      vertex   -1.144730e+02 6.924842e+01 2.000000e+01
      vertex   -1.143582e+02 6.897107e+01 1.500000e+01
      vertex   -1.144730e+02 6.924842e+01 1.500000e+01
    endloop
  endfacet
  facet normal 0.000000e+00 0.000000e+00 -1.000000e+00
    outer loop
      vertex   -1.273849e+02 6.994022e+01 1.000000e+01
      vertex   -1.144730e+02 6.984371e+01 1.000000e+01
      vertex   -1.273457e+02 6.964257e+01 1.000000e+01
    endloop
  endfacet
  facet normal 0.000000e+00 0.000000e+00 -1.000000e+00
    outer loop
      vertex   -1.273457e+02 6.964257e+01 1.000000e+01
      vertex   -1.144730e+02 6.984371e+01 1.000000e+01
      vertex   -1.145122e+02 6.954607e+01 1.000000e+01
    endloop
  endfacet
  facet normal 0.000000e+00 -0.000000e+00 -1.000000e+00
    outer loop
      vertex   -1.273457e+02 6.964257e+01 1.000000e+01
      vertex   -1.145122e+02 6.954607e+01 1.000000e+01
      vertex   -1.273849e+02 6.934493e+01 1.000000e+01
    endloop
  endfacet
  facet normal 0.000000e+00 0.000000e+00 -1.000000e+00
    outer loop
      vertex   -1.273849e+02 6.934493e+01 1.000000e+01
      vertex   -1.145122e+02 6.954607e+01 1.000000e+01
      vertex   -1.144730e+02 6.924842e+01 1.000000e+01
    endloop
  endfacet
  facet normal 0.000000e+00 -0.000000e+00 -1.000000e+00
    outer loop
      vertex   -1.273849e+02 6.934493e+01 1.000000e+01
      vertex   -1.144730e+02 6.924842e+01 1.000000e+01
      vertex   -1.274998e+02 6.906757e+01 1.000000e+01
    endloop
  endfacet
  facet normal 0.000000e+00 0.000000e+00 -1.000000e+00
    outer loop
      vertex   -1.274998e+02 6.906757e+01 1.000000e+01
      vertex   -1.144730e+02 6.924842e+01 1.000000e+01
      vertex   -1.143582e+02 6.897107e+01 1.000000e+01
    endloop
  endfacet
  facet normal 0.000000e+00 -0.000000e+00 -1.000000e+00
    outer loop
      vertex   -1.274998e+02 6.906757e+01 1.000000e+01
      vertex   -1.143582e+02 6.897107e+01 1.000000e+01
      vertex   -1.276826e+02 6.882940e+01 1.000000e+01
    endloop
  endfacet
  facet normal 0.000000e+00 0.000000e+00 -1.000000e+00
    outer loop
      vertex   -1.276826e+02 6.882940e+01 1.000000e+01
      vertex   -1.143582e+02 6.897107e+01 1.000000e+01
      vertex   -1.141754e+02 6.873289e+01 1.000000e+01
    endloop
  endfacet
  facet normal 0.000000e+00 0.000000e+00 -1.000000e+00
    outer loop
      vertex   -1.276826e+02 6.882940e+01 1.000000e+01
      vertex   -1.141754e+02 6.873289e+01 1.000000e+01
      vertex   -1.220665e+02 5.952214e+01 1.000000e+01
    endloop
  endfacet
  facet normal 0.000000e+00 0.000000e+00 -1.000000e+00
    outer loop
      vertex   -1.220665e+02 5.952214e+01 1.000000e+01
      vertex   -1.141754e+02 6.873289e+01 1.000000e+01
      vertex   -1.139372e+02 6.855014e+01 1.000000e+01
    endloop
  endfacet
  facet normal 3.724724e-15 -3.353940e-15 -1.000000e+00
    outer loop
      vertex   -1.220665e+02 5.952214e+01 1.000000e+01
      vertex   -1.139372e+02 6.855014e+01 1.000000e+01
      vertex   -1.112095e+02 6.204599e+01 1.000000e+01
    endloop
  endfacet
  facet normal -2.464366e-15 -5.949506e-15 -1.000000e+00
    outer loop
      vertex   -1.112095e+02 6.204599e+01 1.000000e+01
      vertex   -1.139372e+02 6.855014e+01 1.000000e+01
      vertex   -1.136599e+02 6.843525e+01 1.000000e+01
    endloop
  endfacet
  facet normal -6.938755e-16 -5.270508e-15 -1.000000e+00
    outer loop
      vertex   -1.112095e+02 6.204599e+01 1.000000e+01
      vertex   -1.136599e+02 6.843525e+01 1.000000e+01
      vertex   -1.133622e+02 6.839607e+01 1.000000e+01
    endloop
  endfacet
  facet normal 0.000000e+00 0.000000e+00 -1.000000e+00
    outer loop
      vertex   -1.144730e+02 6.984371e+01 1.000000e+01
      vertex   -1.273849e+02 6.994022e+01 1.000000e+01
      vertex   -1.143582e+02 7.012107e+01 1.000000e+01
    endloop
  endfacet
  facet normal -0.000000e+00 0.000000e+00 -1.000000e+00
    outer loop
      vertex   -1.143582e+02 7.012107e+01 1.000000e+01
      vertex   -1.273849e+02 6.994022e+01 1.000000e+01
      vertex   -1.274998e+02 7.021757e+01 1.000000e+01
    endloop
  endfacet
  facet normal 0.000000e+00 0.000000e+00 -1.000000e+00
    outer loop
      vertex   -1.143582e+02 7.012107e+01 1.000000e+01
      vertex   -1.274998e+02 7.021757e+01 1.000000e+01
      vertex   -1.141754e+02 7.035924e+01 1.000000e+01
    endloop
  endfacet
  facet normal -0.000000e+00 0.000000e+00 -1.000000e+00
    outer loop
      vertex   -1.141754e+02 7.035924e+01 1.000000e+01
      vertex   -1.274998e+02 7.021757e+01 1.000000e+01
      vertex   -1.276826e+02 7.045575e+01 1.000000e+01
    endloop
  endfacet
  facet normal 0.000000e+00 0.000000e+00 -1.000000e+00
    outer loop
      vertex   -1.141754e+02 7.035924e+01 1.000000e+01
      vertex   -1.276826e+02 7.045575e+01 1.000000e+01
      vertex   -1.139372e+02 7.054200e+01 1.000000e+01
    endloop
  endfacet
  facet normal -0.000000e+00 0.000000e+00 -1.000000e+00
    outer loop
      vertex   -1.139372e+02 7.054200e+01 1.000000e+01
      vertex   -1.276826e+02 7.045575e+01 1.000000e+01
      vertex   -1.279207e+02 7.063850e+01 1.000000e+01
    endloop
  endfacet
  facet normal -8.909607e-16 -1.290957e-13 -1.000000e+00
    outer loop
      vertex   -1.139372e+02 7.054200e+01 1.000000e+01
      vertex   -1.279207e+02 7.063850e+01 1.000000e+01
      vertex   -1.309500e+02 7.672757e+01 1.000000e+01
    endloop
  endfacet
  facet normal -6.712111e-14 -1.620447e-13 -1.000000e+00
    outer loop
      vertex   -1.309500e+02 7.672757e+01 1.000000e+01
      vertex   -1.279207e+02 7.063850e+01 1.000000e+01
      vertex   -1.281981e+02 7.075339e+01 1.000000e+01
    endloop
  endfacet
  facet normal -1.837761e-14 -1.395918e-13 -1.000000e+00
    outer loop
      vertex   -1.309500e+02 7.672757e+01 1.000000e+01
      vertex   -1.281981e+02 7.075339e+01 1.000000e+01
      vertex   -1.284957e+02 7.079257e+01 1.000000e+01
    endloop
  endfacet
  facet normal 1.647991e-14 -1.251774e-13 -1.000000e+00
    outer loop
      vertex   -1.284957e+02 7.079257e+01 1.000000e+01
      vertex   -1.287934e+02 7.075339e+01 1.000000e+01
      vertex   -1.309500e+02 7.672757e+01 1.000000e+01
    endloop
  endfacet
  facet normal 4.724930e-14 -1.140699e-13 -1.000000e+00
    outer loop
      vertex   -1.309500e+02 7.672757e+01 1.000000e+01
      vertex   -1.287934e+02 7.075339e+01 1.000000e+01
      vertex   -1.290707e+02 7.063850e+01 1.000000e+01
    endloop
  endfacet
  facet normal 1.123319e-13 -9.398348e-14 -1.000000e+00
    outer loop
      vertex   -1.309500e+02 7.672757e+01 1.000000e+01
      vertex   -1.290707e+02 7.063850e+01 1.000000e+01
      vertex   -1.360625e+02 6.969083e+01 1.000000e+01
    endloop
  endfacet
  facet normal 1.209597e-13 -1.576378e-13 -1.000000e+00
    outer loop
      vertex   -1.360625e+02 6.969083e+01 1.000000e+01
      vertex   -1.290707e+02 7.063850e+01 1.000000e+01
      vertex   -1.293089e+02 7.045575e+01 1.000000e+01
    endloop
  endfacet
  facet normal 1.129191e-13 -8.664587e-14 -1.000000e+00
    outer loop
      vertex   -1.360625e+02 6.969083e+01 1.000000e+01
      vertex   -1.293089e+02 7.045575e+01 1.000000e+01
      vertex   -1.294917e+02 7.021757e+01 1.000000e+01
    endloop
  endfacet
  facet normal 1.096129e-13 -4.540315e-14 -1.000000e+00
    outer loop
      vertex   -1.294917e+02 7.021757e+01 1.000000e+01
      vertex   -1.296066e+02 6.994022e+01 1.000000e+01
      vertex   -1.360625e+02 6.969083e+01 1.000000e+01
    endloop
  endfacet
  facet normal 1.084104e-13 -1.427249e-14 -1.000000e+00
    outer loop
      vertex   -1.360625e+02 6.969083e+01 1.000000e+01
      vertex   -1.296066e+02 6.994022e+01 1.000000e+01
      vertex   -1.296457e+02 6.964257e+01 1.000000e+01
    endloop
  endfacet
  facet normal 1.086252e-13 1.430078e-14 -1.000000e+00
    outer loop
      vertex   -1.360625e+02 6.969083e+01 1.000000e+01
      vertex   -1.296457e+02 6.964257e+01 1.000000e+01
      vertex   -1.296066e+02 6.934493e+01 1.000000e+01
    endloop
  endfacet
  facet normal 1.103070e-13 4.569067e-14 -1.000000e+00
    outer loop
      vertex   -1.296066e+02 6.934493e+01 1.000000e+01
      vertex   -1.294917e+02 6.906757e+01 1.000000e+01
      vertex   -1.360625e+02 6.969083e+01 1.000000e+01
    endloop
  endfacet
  facet normal 1.142916e-13 8.769902e-14 -1.000000e+00
    outer loop
      vertex   -1.360625e+02 6.969083e+01 1.000000e+01
      vertex   -1.294917e+02 6.906757e+01 1.000000e+01
      vertex   -1.293089e+02 6.882940e+01 1.000000e+01
    endloop
  endfacet
  facet normal 9.995384e-14 -2.470898e-14 -1.000000e+00
    outer loop
      vertex   -1.360625e+02 6.969083e+01 1.000000e+01
      vertex   -1.293089e+02 6.882940e+01 1.000000e+01
      vertex   -1.301567e+02 6.540000e+01 1.000000e+01
    endloop
  endfacet
  facet normal 0.000000e+00 0.000000e+00 -1.000000e+00
    outer loop
      vertex   -1.301567e+02 6.540000e+01 1.000000e+01
      vertex   -1.293089e+02 6.882940e+01 1.000000e+01
      vertex   -1.290707e+02 6.864664e+01 1.000000e+01
    endloop
  endfacet
  facet normal 0.000000e+00 0.000000e+00 -1.000000e+00
    outer loop
      vertex   -1.301567e+02 6.540000e+01 1.000000e+01
      vertex   -1.290707e+02 6.864664e+01 1.000000e+01
      vertex   -1.287934e+02 6.853176e+01 1.000000e+01
    endloop
  endfacet
  facet normal 0.000000e+00 -0.000000e+00 -1.000000e+00
    outer loop
      vertex   -1.287934e+02 6.853176e+01 1.000000e+01
      vertex   -1.284957e+02 6.849257e+01 1.000000e+01
      vertex   -1.301567e+02 6.540000e+01 1.000000e+01
    endloop
  endfacet
  facet normal 0.000000e+00 0.000000e+00 -1.000000e+00
    outer loop
      vertex   -1.301567e+02 6.540000e+01 1.000000e+01
      vertex   -1.284957e+02 6.849257e+01 1.000000e+01
      vertex   -1.281981e+02 6.853176e+01 1.000000e+01
    endloop
  endfacet
  facet normal 0.000000e+00 0.000000e+00 -1.000000e+00
    outer loop
      vertex   -1.301567e+02 6.540000e+01 1.000000e+01
      vertex   -1.281981e+02 6.853176e+01 1.000000e+01
      vertex   -1.279207e+02 6.864664e+01 1.000000e+01
    endloop
  endfacet
  facet normal 0.000000e+00 0.000000e+00 -1.000000e+00
    outer loop
      vertex   -1.301567e+02 6.540000e+01 1.000000e+01
      vertex   -1.279207e+02 6.864664e+01 1.000000e+01
      vertex   -1.220665e+02 5.952214e+01 1.000000e+01
    endloop
  endfacet
  facet normal 0.000000e+00 0.000000e+00 -1.000000e+00
    outer loop
      vertex   -1.220665e+02 5.952214e+01 1.000000e+01
      vertex   -1.279207e+02 6.864664e+01 1.000000e+01
      vertex   -1.276826e+02 6.882940e+01 1.000000e+01
    endloop
  endfacet
  facet normal 2.088953e-15 -2.750159e-16 -1.000000e+00
    outer loop
      vertex   -1.122514e+02 6.924842e+01 1.000000e+01
      vertex   -1.122122e+02 6.954607e+01 1.000000e+01
      vertex   -1.053317e+02 7.013616e+01 1.000000e+01
    endloop
  endfacet
  facet normal 2.042308e-15 2.688749e-16 -1.000000e+00
    outer loop
      vertex   -1.053317e+02 7.013616e+01 1.000000e+01
      vertex   -1.122122e+02 6.954607e+01 1.000000e+01
      vertex   -1.122514e+02 6.984371e+01 1.000000e+01
    endloop
  endfacet
  facet normal 2.018338e-15 8.360230e-16 -1.000000e+00
    outer loop
      vertex   -1.053317e+02 7.013616e+01 1.000000e+01
      vertex   -1.122514e+02 6.984371e+01 1.000000e+01
      vertex   -1.123663e+02 7.012107e+01 1.000000e+01
    endloop
  endfacet
  facet normal 2.016811e-15 1.547554e-15 -1.000000e+00
    outer loop
      vertex   -1.123663e+02 7.012107e+01 1.000000e+01
      vertex   -1.125491e+02 7.035924e+01 1.000000e+01
      vertex   -1.053317e+02 7.013616e+01 1.000000e+01
    endloop
  endfacet
  facet normal 2.051620e-15 2.673723e-15 -1.000000e+00
    outer loop
      vertex   -1.053317e+02 7.013616e+01 1.000000e+01
      vertex   -1.125491e+02 7.035924e+01 1.000000e+01
      vertex   -1.127872e+02 7.054200e+01 1.000000e+01
    endloop
  endfacet
  facet normal -5.292812e-15 -1.322499e-13 -1.000000e+00
    outer loop
      vertex   -1.053317e+02 7.013616e+01 1.000000e+01
      vertex   -1.127872e+02 7.054200e+01 1.000000e+01
      vertex   -1.005427e+02 7.672757e+01 1.000000e+01
    endloop
  endfacet
  facet normal -3.248423e-14 -7.842386e-14 -1.000000e+00
    outer loop
      vertex   -1.005427e+02 7.672757e+01 1.000000e+01
      vertex   -1.127872e+02 7.054200e+01 1.000000e+01
      vertex   -1.130646e+02 7.065688e+01 1.000000e+01
    endloop
  endfacet
  facet normal -1.505713e-14 -1.143702e-13 -1.000000e+00
    outer loop
      vertex   -1.005427e+02 7.672757e+01 1.000000e+01
      vertex   -1.130646e+02 7.065688e+01 1.000000e+01
      vertex   -1.133622e+02 7.069607e+01 1.000000e+01
    endloop
  endfacet
  facet normal -3.271454e-15 -1.394198e-13 -1.000000e+00
    outer loop
      vertex   -1.005427e+02 7.672757e+01 1.000000e+01
      vertex   -1.133622e+02 7.069607e+01 1.000000e+01
      vertex   -1.309500e+02 7.672757e+01 1.000000e+01
    endloop
  endfacet
  facet normal 1.235573e-14 -9.385111e-14 -1.000000e+00
    outer loop
      vertex   -1.309500e+02 7.672757e+01 1.000000e+01
      vertex   -1.133622e+02 7.069607e+01 1.000000e+01
      vertex   -1.136599e+02 7.065688e+01 1.000000e+01
    endloop
  endfacet
  facet normal 2.452173e-14 -5.920070e-14 -1.000000e+00
    outer loop
      vertex   -1.309500e+02 7.672757e+01 1.000000e+01
      vertex   -1.136599e+02 7.065688e+01 1.000000e+01
      vertex   -1.139372e+02 7.054200e+01 1.000000e+01
    endloop
  endfacet
  facet normal 6.345855e-16 -4.820156e-15 -1.000000e+00
    outer loop
      vertex   -1.133622e+02 6.839607e+01 1.000000e+01
      vertex   -1.130646e+02 6.843525e+01 1.000000e+01
      vertex   -1.112095e+02 6.204599e+01 1.000000e+01
    endloop
  endfacet
  facet normal 1.850362e-15 -4.467168e-15 -1.000000e+00
    outer loop
      vertex   -1.112095e+02 6.204599e+01 1.000000e+01
      vertex   -1.130646e+02 6.843525e+01 1.000000e+01
      vertex   -1.127872e+02 6.855014e+01 1.000000e+01
    endloop
  endfacet
  facet normal 3.180249e-15 -4.144581e-15 -1.000000e+00
    outer loop
      vertex   -1.112095e+02 6.204599e+01 1.000000e+01
      vertex   -1.127872e+02 6.855014e+01 1.000000e+01
      vertex   -1.125491e+02 6.873289e+01 1.000000e+01
    endloop
  endfacet
  facet normal 7.790603e-16 -4.625587e-15 -1.000000e+00
    outer loop
      vertex   -1.112095e+02 6.204599e+01 1.000000e+01
      vertex   -1.125491e+02 6.873289e+01 1.000000e+01
      vertex   -1.051256e+02 6.998319e+01 1.000000e+01
    endloop
  endfacet
  facet normal 0.000000e+00 0.000000e+00 -1.000000e+00
    outer loop
      vertex   -1.051256e+02 6.998319e+01 1.000000e+01
      vertex   -1.125491e+02 6.873289e+01 1.000000e+01
      vertex   -1.123663e+02 6.897107e+01 1.000000e+01
    endloop
  endfacet
  facet normal -1.092737e-14 7.817456e-14 -1.000000e+00
    outer loop
      vertex   -1.051256e+02 6.998319e+01 1.000000e+01
      vertex   -1.123663e+02 6.897107e+01 1.000000e+01
      vertex   -1.053317e+02 7.013616e+01 1.000000e+01
    endloop
  endfacet
  facet normal 2.168927e-15 -8.983992e-16 -1.000000e+00
    outer loop
      vertex   -1.053317e+02 7.013616e+01 1.000000e+01
      vertex   -1.123663e+02 6.897107e+01 1.000000e+01
      vertex   -1.122514e+02 6.924842e+01 1.000000e+01
    endloop
  endfacet
  facet normal -1.915266e-15 -2.560350e-15 -1.000000e+00
    outer loop
      vertex   -1.051256e+02 6.998319e+01 1.000000e+01
      vertex   -9.711807e+01 6.399319e+01 1.000000e+01
      vertex   -1.112095e+02 6.204599e+01 1.000000e+01
    endloop
  endfacet
  facet normal -2.530651e-15 1.893050e-15 -1.000000e+00
    outer loop
      vertex   -1.112095e+02 6.204599e+01 1.000000e+01
      vertex   -9.711807e+01 6.399319e+01 1.000000e+01
      vertex   -1.031081e+02 5.598570e+01 1.000000e+01
    endloop
  endfacet
  facet normal -2.343288e-14 1.134715e-13 -1.000000e+00
    outer loop
      vertex   -1.112095e+02 6.204599e+01 1.000000e+01
      vertex   -1.161607e+02 5.523131e+01 1.000000e+01
      vertex   -1.220665e+02 5.952214e+01 1.000000e+01
    endloop
  endfacet
  facet normal 0.000000e+00 0.000000e+00 -1.000000e+00
    outer loop
      vertex   -1.279444e+02 5.143197e+01 1.000000e+01
      vertex   -1.360345e+02 5.730983e+01 1.000000e+01
      vertex   -1.220665e+02 5.952214e+01 1.000000e+01
    endloop
  endfacet
  facet normal -0.000000e+00 0.000000e+00 -1.000000e+00
    outer loop
      vertex   -1.220665e+02 5.952214e+01 1.000000e+01
      vertex   -1.360345e+02 5.730983e+01 1.000000e+01
      vertex   -1.301567e+02 6.540000e+01 1.000000e+01
    endloop
  endfacet
  facet normal 1.000050e-15 1.000000e+00 -3.537503e-16
    outer loop
      vertex   -1.005427e+02 7.672757e+01 9.034399e+01
      vertex   -1.005427e+02 7.672757e+01 1.000000e+01
      vertex   -1.164607e+02 7.672757e+01 4.534399e+01
    endloop
  endfacet
  facet normal -2.630725e-30 1.000000e+00 -8.041456e-16
    outer loop
      vertex   -1.164607e+02 7.672757e+01 4.534399e+01
      vertex   -1.005427e+02 7.672757e+01 1.000000e+01
      vertex   -1.309500e+02 7.672757e+01 1.000000e+01
    endloop
  endfacet
  facet normal 0.000000e+00 1.000000e+00 -8.041456e-16
    outer loop
      vertex   -1.164607e+02 7.672757e+01 4.534399e+01
      vertex   -1.309500e+02 7.672757e+01 1.000000e+01
      vertex   -1.309500e+02 7.672757e+01 4.534399e+01
    endloop
  endfacet
  facet normal 0.000000e+00 1.000000e+00 -0.000000e+00
    outer loop
      vertex   -1.164607e+02 7.672757e+01 4.534399e+01
      vertex   -1.164607e+02 7.672757e+01 8.614399e+01
      vertex   -1.005427e+02 7.672757e+01 9.034399e+01
    endloop
  endfacet
  facet normal 0.000000e+00 1.000000e+00 0.000000e+00
    outer loop
      vertex   -1.005427e+02 7.672757e+01 9.034399e+01
      vertex   -1.164607e+02 7.672757e+01 8.614399e+01
      vertex   -1.288214e+02 7.672757e+01 9.034399e+01
    endloop
  endfacet
  facet normal 0.000000e+00 1.000000e+00 0.000000e+00
    outer loop
      vertex   -1.288214e+02 7.672757e+01 9.034399e+01
      vertex   -1.164607e+02 7.672757e+01 8.614399e+01
      vertex   -1.288214e+02 7.672757e+01 8.634399e+01
    endloop
  endfacet
  facet normal 5.658293e-01 -4.171522e-01 7.112111e-01
    outer loop
      vertex   -1.112095e+02 6.204599e+01 2.000000e+01
      vertex   -1.031081e+02 5.598570e+01 1.000000e+01
      vertex   -1.041918e+02 6.304026e+01 1.500000e+01
    endloop
  endfacet
  facet normal 5.609457e-01 -4.196147e-01 7.136269e-01
    outer loop
      vertex   -1.041918e+02 6.304026e+01 1.500000e+01
      vertex   -1.031081e+02 5.598570e+01 1.000000e+01
      vertex   -9.711807e+01 6.399319e+01 1.000000e+01
    endloop
  endfacet
  facet normal 5.619020e-01 -4.142568e-01 7.160010e-01
    outer loop
      vertex   -1.041918e+02 6.304026e+01 1.500000e+01
      vertex   -9.711807e+01 6.399319e+01 1.000000e+01
      vertex   -1.053317e+02 7.013616e+01 2.000000e+01
    endloop
  endfacet
  facet normal 5.667652e-01 -4.117790e-01 7.135932e-01
    outer loop
      vertex   -1.053317e+02 7.013616e+01 2.000000e+01
      vertex   -1.112095e+02 6.204599e+01 2.000000e+01
      vertex   -1.041918e+02 6.304026e+01 1.500000e+01
    endloop
  endfacet
  facet normal 5.989995e-01 8.007494e-01 1.941138e-04
    outer loop
      vertex   -1.051256e+02 6.998319e+01 1.000000e+01
      vertex   -1.013849e+02 6.718494e+01 1.031250e+01
      vertex   -9.711807e+01 6.399319e+01 1.000000e+01
    endloop
  endfacet
  facet normal 5.989995e-01 8.007494e-01 1.941138e-04
    outer loop
      vertex   -9.711807e+01 6.399319e+01 1.000000e+01
      vertex   -1.013849e+02 6.718494e+01 1.031250e+01
      vertex   -1.016480e+02 6.738169e+01 1.062500e+01
    endloop
  endfacet
  facet normal 5.989995e-01 8.007494e-01 1.941138e-04
    outer loop
      vertex   -9.711807e+01 6.399319e+01 1.000000e+01
      vertex   -1.016480e+02 6.738169e+01 1.062500e+01
      vertex   -1.019112e+02 6.757843e+01 1.093750e+01
    endloop
  endfacet
  facet normal 5.989802e-01 8.007638e-01 1.687666e-04
    outer loop
      vertex   -1.019112e+02 6.757843e+01 1.093750e+01
      vertex   -1.016480e+02 6.738169e+01 1.062500e+01
      vertex   -1.033997e+02 6.869200e+01 1.031250e+01
    endloop
  endfacet
  facet normal 5.989423e-01 8.007921e-01 3.094772e-04
    outer loop
      vertex   -1.019112e+02 6.757843e+01 1.093750e+01
      vertex   -1.033997e+02 6.869200e+01 1.031250e+01
      vertex   -1.035377e+02 6.879515e+01 1.046875e+01
    endloop
  endfacet
  facet normal 5.989611e-01 8.007780e-01 3.353947e-04
    outer loop
      vertex   -1.035377e+02 6.879515e+01 1.046875e+01
      vertex   -1.033997e+02 6.869200e+01 1.031250e+01
      vertex   -1.042755e+02 6.934715e+01 1.015625e+01
    endloop
  endfacet
  facet normal 5.988872e-01 8.008332e-01 6.074806e-04
    outer loop
      vertex   -1.035377e+02 6.879515e+01 1.046875e+01
      vertex   -1.042755e+02 6.934715e+01 1.015625e+01
      vertex   -1.043509e+02 6.940351e+01 1.023437e+01
    endloop
  endfacet
  facet normal 5.989236e-01 8.008059e-01 6.623958e-04
    outer loop
      vertex   -1.043509e+02 6.940351e+01 1.023437e+01
      vertex   -1.042755e+02 6.934715e+01 1.015625e+01
      vertex   -1.047134e+02 6.967473e+01 1.007812e+01
    endloop
  endfacet
  facet normal 5.987826e-01 8.009107e-01 1.171527e-03
    outer loop
      vertex   -1.043509e+02 6.940351e+01 1.023437e+01
      vertex   -1.047134e+02 6.967473e+01 1.007812e+01
      vertex   -1.047576e+02 6.970769e+01 1.011719e+01
    endloop
  endfacet
  facet normal 5.988512e-01 8.008593e-01 1.292447e-03
    outer loop
      vertex   -1.047576e+02 6.970769e+01 1.011719e+01
      vertex   -1.047134e+02 6.967473e+01 1.007812e+01
      vertex   -1.049324e+02 6.983852e+01 1.003906e+01
    endloop
  endfacet
  facet normal 5.985940e-01 8.010496e-01 2.186706e-03
    outer loop
      vertex   -1.047576e+02 6.970769e+01 1.011719e+01
      vertex   -1.049324e+02 6.983852e+01 1.003906e+01
      vertex   -1.049609e+02 6.985978e+01 1.005859e+01
    endloop
  endfacet
  facet normal 5.987158e-01 8.009578e-01 2.464547e-03
    outer loop
      vertex   -1.049609e+02 6.985978e+01 1.005859e+01
      vertex   -1.049324e+02 6.983852e+01 1.003906e+01
      vertex   -1.050418e+02 6.992041e+01 1.001953e+01
    endloop
  endfacet
  facet normal 5.982818e-01 8.012765e-01 3.858462e-03
    outer loop
      vertex   -1.049609e+02 6.985978e+01 1.005859e+01
      vertex   -1.050418e+02 6.992041e+01 1.001953e+01
      vertex   -1.050625e+02 6.993583e+01 1.002930e+01
    endloop
  endfacet
  facet normal 5.984775e-01 8.011269e-01 4.509201e-03
    outer loop
      vertex   -1.050625e+02 6.993583e+01 1.002930e+01
      vertex   -1.050418e+02 6.992041e+01 1.001953e+01
      vertex   -1.050966e+02 6.996136e+01 1.000977e+01
    endloop
  endfacet
  facet normal 5.978330e-01 8.015963e-01 6.246007e-03
    outer loop
      vertex   -1.050625e+02 6.993583e+01 1.002930e+01
      vertex   -1.050966e+02 6.996136e+01 1.000977e+01
      vertex   -1.051134e+02 6.997385e+01 1.001465e+01
    endloop
  endfacet
  facet normal 5.980999e-01 8.013845e-01 7.705513e-03
    outer loop
      vertex   -1.051134e+02 6.997385e+01 1.001465e+01
      vertex   -1.050966e+02 6.996136e+01 1.000977e+01
      vertex   -1.051240e+02 6.998184e+01 1.000488e+01
    endloop
  endfacet
  facet normal 5.973025e-01 8.019651e-01 9.044130e-03
    outer loop
      vertex   -1.051134e+02 6.997385e+01 1.001465e+01
      vertex   -1.051240e+02 6.998184e+01 1.000488e+01
      vertex   -1.051388e+02 6.999286e+01 1.000732e+01
    endloop
  endfacet
  facet normal 5.963684e-01 8.027109e-01 -3.487947e-12
    outer loop
      vertex   -1.051388e+02 6.999286e+01 1.000732e+01
      vertex   -1.051240e+02 6.998184e+01 1.000488e+01
      vertex   -1.053317e+02 7.013616e+01 1.000000e+01
    endloop
  endfacet
  facet normal 5.963684e-01 8.027109e-01 3.128761e-12
    outer loop
      vertex   -1.051388e+02 6.999286e+01 1.000732e+01
      vertex   -1.053317e+02 7.013616e+01 1.000000e+01
      vertex   -1.051536e+02 7.000388e+01 1.000977e+01
    endloop
  endfacet
  facet normal 5.963684e-01 8.027109e-01 -1.226668e-12
    outer loop
      vertex   -1.051536e+02 7.000388e+01 1.000977e+01
      vertex   -1.053317e+02 7.013616e+01 1.000000e+01
      vertex   -1.051734e+02 7.001858e+01 1.001302e+01
    endloop
  endfacet
  facet normal 5.969107e-01 8.022909e-01 5.191996e-03
    outer loop
      vertex   -1.051536e+02 7.000388e+01 1.000977e+01
      vertex   -1.051734e+02 7.001858e+01 1.001302e+01
      vertex   -1.051526e+02 7.000298e+01 1.002604e+01
    endloop
  endfacet
  facet normal 5.974110e-01 8.019255e-01 3.952977e-03
    outer loop
      vertex   -1.051526e+02 7.000298e+01 1.002604e+01
      vertex   -1.051734e+02 7.001858e+01 1.001302e+01
      vertex   -1.051749e+02 7.001963e+01 1.003255e+01
    endloop
  endfacet
  facet normal 5.972456e-01 8.020526e-01 3.059109e-03
    outer loop
      vertex   -1.051526e+02 7.000298e+01 1.002604e+01
      vertex   -1.051749e+02 7.001963e+01 1.003255e+01
      vertex   -1.051385e+02 6.999233e+01 1.006510e+01
    endloop
  endfacet
  facet normal 5.977671e-01 8.016669e-01 2.151085e-03
    outer loop
      vertex   -1.051385e+02 6.999233e+01 1.006510e+01
      vertex   -1.051749e+02 7.001963e+01 1.003255e+01
      vertex   -1.051661e+02 7.001288e+01 1.007812e+01
    endloop
  endfacet
  facet normal 5.976324e-01 8.017685e-01 1.705208e-03
    outer loop
      vertex   -1.051385e+02 6.999233e+01 1.006510e+01
      vertex   -1.051661e+02 7.001288e+01 1.007812e+01
      vertex   -1.051035e+02 6.996608e+01 1.015625e+01
    endloop
  endfacet
  facet normal 5.981173e-01 8.014078e-01 1.100820e-03
    outer loop
      vertex   -1.051035e+02 6.996608e+01 1.015625e+01
      vertex   -1.051661e+02 7.001288e+01 1.007812e+01
      vertex   -1.051361e+02 6.999038e+01 1.017857e+01
    endloop
  endfacet
  facet normal 5.980317e-01 8.014720e-01 9.058847e-04
    outer loop
      vertex   -1.051035e+02 6.996608e+01 1.015625e+01
      vertex   -1.051361e+02 6.999038e+01 1.017857e+01
      vertex   -1.050289e+02 6.991015e+01 1.035714e+01
    endloop
  endfacet
  facet normal 5.984238e-01 8.011796e-01 5.390340e-04
    outer loop
      vertex   -1.050289e+02 6.991015e+01 1.035714e+01
      vertex   -1.051361e+02 6.999038e+01 1.017857e+01
      vertex   -1.050793e+02 6.994782e+01 1.040179e+01
    endloop
  endfacet
  facet normal 5.983669e-01 8.012221e-01 4.387703e-04
    outer loop
      vertex   -1.050289e+02 6.991015e+01 1.035714e+01
      vertex   -1.050793e+02 6.994782e+01 1.040179e+01
      vertex   -1.049006e+02 6.981412e+01 1.080357e+01
    endloop
  endfacet
  facet normal 5.986464e-01 8.010134e-01 2.449682e-04
    outer loop
      vertex   -1.049006e+02 6.981412e+01 1.080357e+01
      vertex   -1.050793e+02 6.994782e+01 1.040179e+01
      vertex   -1.049868e+02 6.987853e+01 1.089286e+01
    endloop
  endfacet
  facet normal 5.986122e-01 8.010390e-01 1.934678e-04
    outer loop
      vertex   -1.049006e+02 6.981412e+01 1.080357e+01
      vertex   -1.049868e+02 6.987853e+01 1.089286e+01
      vertex   -1.047008e+02 6.966460e+01 1.178571e+01
    endloop
  endfacet
  facet normal 5.987926e-01 8.009041e-01 1.033433e-04
    outer loop
      vertex   -1.047008e+02 6.966460e+01 1.178571e+01
      vertex   -1.049868e+02 6.987853e+01 1.089286e+01
      vertex   -1.048585e+02 6.978249e+01 1.196429e+01
    endloop
  endfacet
  facet normal 5.987735e-01 8.009184e-01 7.698151e-05
    outer loop
      vertex   -1.047008e+02 6.966460e+01 1.178571e+01
      vertex   -1.048585e+02 6.978249e+01 1.196429e+01
      vertex   -1.044296e+02 6.946160e+01 1.392857e+01
    endloop
  endfacet
  facet normal 5.988821e-01 8.008372e-01 3.998309e-05
    outer loop
      vertex   -1.044296e+02 6.946160e+01 1.392857e+01
      vertex   -1.048585e+02 6.978249e+01 1.196429e+01
      vertex   -1.047303e+02 6.968645e+01 1.428571e+01
    endloop
  endfacet
  facet normal 5.988517e-01 8.008600e-01 -3.415143e-15
    outer loop
      vertex   -1.044296e+02 6.946160e+01 1.392857e+01
      vertex   -1.047303e+02 6.968645e+01 1.428571e+01
      vertex   -1.053317e+02 7.013616e+01 2.000000e+01
    endloop
  endfacet
  facet normal 5.988517e-01 8.008600e-01 3.400359e-15
    outer loop
      vertex   -1.053317e+02 7.013616e+01 2.000000e+01
      vertex   -1.047303e+02 6.968645e+01 1.428571e+01
      vertex   -1.050310e+02 6.991131e+01 1.464286e+01
    endloop
  endfacet
  facet normal 5.989290e-01 8.008021e-01 6.771246e-06
    outer loop
      vertex   -1.053317e+02 7.013616e+01 2.000000e+01
      vertex   -1.050310e+02 6.991131e+01 1.464286e+01
      vertex   -1.051740e+02 7.001827e+01 1.232143e+01
    endloop
  endfacet
  facet normal 5.987360e-01 8.009465e-01 2.531689e-05
    outer loop
      vertex   -1.051740e+02 7.001827e+01 1.232143e+01
      vertex   -1.050310e+02 6.991131e+01 1.464286e+01
      vertex   -1.050162e+02 6.990038e+01 1.214286e+01
    endloop
  endfacet
  facet normal 5.987546e-01 8.009325e-01 5.097508e-05
    outer loop
      vertex   -1.051740e+02 7.001827e+01 1.232143e+01
      vertex   -1.050162e+02 6.990038e+01 1.214286e+01
      vertex   -1.051592e+02 7.000734e+01 1.107143e+01
    endloop
  endfacet
  facet normal 5.985463e-01 8.010882e-01 9.432095e-05
    outer loop
      vertex   -1.051592e+02 7.000734e+01 1.107143e+01
      vertex   -1.050162e+02 6.990038e+01 1.214286e+01
      vertex   -1.050730e+02 6.994293e+01 1.098214e+01
    endloop
  endfacet
  facet normal 5.985788e-01 8.010639e-01 1.432683e-04
    outer loop
      vertex   -1.051592e+02 7.000734e+01 1.107143e+01
      vertex   -1.050730e+02 6.994293e+01 1.098214e+01
      vertex   -1.051803e+02 7.002316e+01 1.049107e+01
    endloop
  endfacet
  facet normal 5.982606e-01 8.013016e-01 2.515849e-04
    outer loop
      vertex   -1.051803e+02 7.002316e+01 1.049107e+01
      vertex   -1.050730e+02 6.994293e+01 1.098214e+01
      vertex   -1.051298e+02 6.998549e+01 1.044643e+01
    endloop
  endfacet
  facet normal 5.983125e-01 8.012628e-01 3.430548e-04
    outer loop
      vertex   -1.051803e+02 7.002316e+01 1.049107e+01
      vertex   -1.051298e+02 6.998549e+01 1.044643e+01
      vertex   -1.052013e+02 7.003897e+01 1.022321e+01
    endloop
  endfacet
  facet normal 5.978793e-01 8.015860e-01 5.592621e-04
    outer loop
      vertex   -1.052013e+02 7.003897e+01 1.022321e+01
      vertex   -1.051298e+02 6.998549e+01 1.044643e+01
      vertex   -1.051687e+02 7.001467e+01 1.020089e+01
    endloop
  endfacet
  facet normal 5.979526e-01 8.015312e-01 7.259191e-04
    outer loop
      vertex   -1.052013e+02 7.003897e+01 1.022321e+01
      vertex   -1.051687e+02 7.001467e+01 1.020089e+01
      vertex   -1.052134e+02 7.004810e+01 1.010045e+01
    endloop
  endfacet
  facet normal 5.974429e-01 8.019108e-01 1.078984e-03
    outer loop
      vertex   -1.052134e+02 7.004810e+01 1.010045e+01
      vertex   -1.051687e+02 7.001467e+01 1.020089e+01
      vertex   -1.051897e+02 7.003049e+01 1.008929e+01
    endloop
  endfacet
  facet normal 5.975319e-01 8.018440e-01 1.373145e-03
    outer loop
      vertex   -1.052134e+02 7.004810e+01 1.010045e+01
      vertex   -1.051897e+02 7.003049e+01 1.008929e+01
      vertex   -1.052165e+02 7.005054e+01 1.004464e+01
    endloop
  endfacet
  facet normal 5.970211e-01 8.022234e-01 1.850357e-03
    outer loop
      vertex   -1.052165e+02 7.005054e+01 1.004464e+01
      vertex   -1.051897e+02 7.003049e+01 1.008929e+01
      vertex   -1.051973e+02 7.003628e+01 1.003906e+01
    endloop
  endfacet
  facet normal 5.971141e-01 8.021529e-01 2.350446e-03
    outer loop
      vertex   -1.052165e+02 7.005054e+01 1.004464e+01
      vertex   -1.051973e+02 7.003628e+01 1.003906e+01
      vertex   -1.052130e+02 7.004797e+01 1.001953e+01
    endloop
  endfacet
  facet normal 5.966732e-01 8.024791e-01 2.898906e-03
    outer loop
      vertex   -1.052130e+02 7.004797e+01 1.001953e+01
      vertex   -1.051973e+02 7.003628e+01 1.003906e+01
      vertex   -1.051932e+02 7.003328e+01 1.001628e+01
    endloop
  endfacet
  facet normal 5.963684e-01 8.027109e-01 -3.054056e-12
    outer loop
      vertex   -1.052130e+02 7.004797e+01 1.001953e+01
      vertex   -1.051932e+02 7.003328e+01 1.001628e+01
      vertex   -1.053317e+02 7.013616e+01 1.000000e+01
    endloop
  endfacet
  facet normal 5.963684e-01 8.027109e-01 5.081458e-13
    outer loop
      vertex   -1.053317e+02 7.013616e+01 1.000000e+01
      vertex   -1.051932e+02 7.003328e+01 1.001628e+01
      vertex   -1.051734e+02 7.001858e+01 1.001302e+01
    endloop
  endfacet
  facet normal 5.950111e-01 8.017201e-01 5.662777e-02
    outer loop
      vertex   -1.053317e+02 7.013616e+01 1.000000e+01
      vertex   -1.051091e+02 6.997081e+01 1.000244e+01
      vertex   -1.051256e+02 6.998319e+01 1.000000e+01
    endloop
  endfacet
  facet normal 5.950111e-01 8.017201e-01 5.662777e-02
    outer loop
      vertex   -1.051256e+02 6.998319e+01 1.000000e+01
      vertex   -1.051091e+02 6.997081e+01 1.000244e+01
      vertex   -1.050798e+02 6.994888e+01 1.000488e+01
    endloop
  endfacet
  facet normal 5.950111e-01 8.017201e-01 5.662777e-02
    outer loop
      vertex   -1.051256e+02 6.998319e+01 1.000000e+01
      vertex   -1.050798e+02 6.994888e+01 1.000488e+01
      vertex   -1.050211e+02 6.990500e+01 1.000977e+01
    endloop
  endfacet
  facet normal 5.987092e-01 8.009490e-01 5.281114e-03
    outer loop
      vertex   -1.050211e+02 6.990500e+01 1.000977e+01
      vertex   -1.050798e+02 6.994888e+01 1.000488e+01
      vertex   -1.050418e+02 6.992041e+01 1.001953e+01
    endloop
  endfacet
  facet normal 5.984775e-01 8.011269e-01 4.509201e-03
    outer loop
      vertex   -1.050211e+02 6.990500e+01 1.000977e+01
      vertex   -1.050418e+02 6.992041e+01 1.001953e+01
      vertex   -1.049324e+02 6.983852e+01 1.003906e+01
    endloop
  endfacet
  facet normal 5.984836e-01 8.011351e-01 -1.700993e-15
    outer loop
      vertex   -1.053317e+02 7.013616e+01 2.000000e+01
      vertex   -1.052455e+02 7.007175e+01 1.116071e+01
      vertex   -1.053317e+02 7.013616e+01 1.000000e+01
    endloop
  endfacet
  facet normal 5.959674e-01 8.030086e-01 2.908656e-04
    outer loop
      vertex   -1.053317e+02 7.013616e+01 1.000000e+01
      vertex   -1.052455e+02 7.007175e+01 1.116071e+01
      vertex   -1.052812e+02 7.009849e+01 1.058036e+01
    endloop
  endfacet
  facet normal 5.959674e-01 8.030086e-01 2.908656e-04
    outer loop
      vertex   -1.053317e+02 7.013616e+01 1.000000e+01
      vertex   -1.052812e+02 7.009849e+01 1.058036e+01
      vertex   -1.052991e+02 7.011186e+01 1.029018e+01
    endloop
  endfacet
  facet normal 5.976886e-01 8.017283e-01 1.258548e-04
    outer loop
      vertex   -1.052991e+02 7.011186e+01 1.029018e+01
      vertex   -1.052812e+02 7.009849e+01 1.058036e+01
      vertex   -1.052665e+02 7.008757e+01 1.026786e+01
    endloop
  endfacet
  facet normal 5.977478e-01 8.016842e-01 2.603758e-04
    outer loop
      vertex   -1.052991e+02 7.011186e+01 1.029018e+01
      vertex   -1.052665e+02 7.008757e+01 1.026786e+01
      vertex   -1.052844e+02 7.010094e+01 1.013393e+01
    endloop
  endfacet
  facet normal 5.972276e-01 8.020718e-01 3.685022e-04
    outer loop
      vertex   -1.052844e+02 7.010094e+01 1.013393e+01
      vertex   -1.052665e+02 7.008757e+01 1.026786e+01
      vertex   -1.052607e+02 7.008332e+01 1.012277e+01
    endloop
  endfacet
  facet normal 5.972920e-01 8.020236e-01 5.810672e-04
    outer loop
      vertex   -1.052844e+02 7.010094e+01 1.013393e+01
      vertex   -1.052607e+02 7.008332e+01 1.012277e+01
      vertex   -1.052741e+02 7.009335e+01 1.006138e+01
    endloop
  endfacet
  facet normal 5.968147e-01 8.023787e-01 7.433101e-04
    outer loop
      vertex   -1.052741e+02 7.009335e+01 1.006138e+01
      vertex   -1.052607e+02 7.008332e+01 1.012277e+01
      vertex   -1.052549e+02 7.007908e+01 1.005580e+01
    endloop
  endfacet
  facet normal 5.968740e-01 8.023343e-01 1.060575e-03
    outer loop
      vertex   -1.052741e+02 7.009335e+01 1.006138e+01
      vertex   -1.052549e+02 7.007908e+01 1.005580e+01
      vertex   -1.052638e+02 7.008577e+01 1.002790e+01
    endloop
  endfacet
  facet normal 5.965001e-01 8.026120e-01 1.246850e-03
    outer loop
      vertex   -1.052638e+02 7.008577e+01 1.002790e+01
      vertex   -1.052549e+02 7.007908e+01 1.005580e+01
      vertex   -1.052469e+02 7.007317e+01 1.002511e+01
    endloop
  endfacet
  facet normal 5.963684e-01 8.027109e-01 -5.846906e-14
    outer loop
      vertex   -1.052638e+02 7.008577e+01 1.002790e+01
      vertex   -1.052469e+02 7.007317e+01 1.002511e+01
      vertex   -1.053317e+02 7.013616e+01 1.000000e+01
    endloop
  endfacet
  facet normal 5.963684e-01 8.027109e-01 -8.093694e-13
    outer loop
      vertex   -1.053317e+02 7.013616e+01 1.000000e+01
      vertex   -1.052469e+02 7.007317e+01 1.002511e+01
      vertex   -1.052299e+02 7.006057e+01 1.002232e+01
    endloop
  endfacet
  facet normal 5.963684e-01 8.027109e-01 1.393797e-12
    outer loop
      vertex   -1.053317e+02 7.013616e+01 1.000000e+01
      vertex   -1.052299e+02 7.006057e+01 1.002232e+01
      vertex   -1.052130e+02 7.004797e+01 1.001953e+01
    endloop
  endfacet
  facet normal 5.966043e-01 8.025324e-01 2.239505e-03
    outer loop
      vertex   -1.052130e+02 7.004797e+01 1.001953e+01
      vertex   -1.052299e+02 7.006057e+01 1.002232e+01
      vertex   -1.052165e+02 7.005054e+01 1.004464e+01
    endloop
  endfacet
  facet normal 5.989612e-01 8.007781e-01 4.791353e-05
    outer loop
      vertex   -9.711807e+01 6.399319e+01 1.000000e+01
      vertex   -1.032267e+02 6.856217e+01 1.250000e+01
      vertex   -1.053317e+02 7.013616e+01 2.000000e+01
    endloop
  endfacet
  facet normal 5.988517e-01 8.008600e-01 1.584863e-14
    outer loop
      vertex   -1.053317e+02 7.013616e+01 2.000000e+01
      vertex   -1.032267e+02 6.856217e+01 1.250000e+01
      vertex   -1.035274e+02 6.878703e+01 1.285714e+01
    endloop
  endfacet
  facet normal 5.988517e-01 8.008600e-01 -4.494388e-15
    outer loop
      vertex   -1.053317e+02 7.013616e+01 2.000000e+01
      vertex   -1.035274e+02 6.878703e+01 1.285714e+01
      vertex   -1.038282e+02 6.901188e+01 1.321429e+01
    endloop
  endfacet
  facet normal 5.989132e-01 8.008139e-01 8.082077e-05
    outer loop
      vertex   -1.038282e+02 6.901188e+01 1.321429e+01
      vertex   -1.035274e+02 6.878703e+01 1.285714e+01
      vertex   -1.043854e+02 6.942882e+01 1.142857e+01
    endloop
  endfacet
  facet normal 5.988120e-01 8.008896e-01 1.300678e-04
    outer loop
      vertex   -1.038282e+02 6.901188e+01 1.321429e+01
      vertex   -1.043854e+02 6.942882e+01 1.142857e+01
      vertex   -1.045431e+02 6.954671e+01 1.160714e+01
    endloop
  endfacet
  facet normal 5.988317e-01 8.008749e-01 1.571626e-04
    outer loop
      vertex   -1.045431e+02 6.954671e+01 1.160714e+01
      vertex   -1.043854e+02 6.942882e+01 1.142857e+01
      vertex   -1.048144e+02 6.974971e+01 1.071429e+01
    endloop
  endfacet
  facet normal 5.986464e-01 8.010134e-01 2.449682e-04
    outer loop
      vertex   -1.045431e+02 6.954671e+01 1.160714e+01
      vertex   -1.048144e+02 6.974971e+01 1.071429e+01
      vertex   -1.049006e+02 6.981412e+01 1.080357e+01
    endloop
  endfacet
  facet normal 5.986815e-01 8.009871e-01 2.978207e-04
    outer loop
      vertex   -1.049006e+02 6.981412e+01 1.080357e+01
      vertex   -1.048144e+02 6.974971e+01 1.071429e+01
      vertex   -1.050289e+02 6.991015e+01 1.035714e+01
    endloop
  endfacet
  facet normal 5.989995e-01 8.007494e-01 1.941138e-04
    outer loop
      vertex   -9.711807e+01 6.399319e+01 1.000000e+01
      vertex   -1.021743e+02 6.777518e+01 1.125000e+01
      vertex   -1.025251e+02 6.803751e+01 1.166667e+01
    endloop
  endfacet
  facet normal 5.989612e-01 8.007781e-01 1.437406e-04
    outer loop
      vertex   -1.025251e+02 6.803751e+01 1.166667e+01
      vertex   -1.021743e+02 6.777518e+01 1.125000e+01
      vertex   -1.036757e+02 6.889831e+01 1.062500e+01
    endloop
  endfacet
  facet normal 5.988993e-01 8.008243e-01 2.502537e-04
    outer loop
      vertex   -1.025251e+02 6.803751e+01 1.166667e+01
      vertex   -1.036757e+02 6.889831e+01 1.062500e+01
      vertex   -1.038597e+02 6.903585e+01 1.083333e+01
    endloop
  endfacet
  facet normal 5.989237e-01 8.008060e-01 2.838840e-04
    outer loop
      vertex   -1.038597e+02 6.903585e+01 1.083333e+01
      vertex   -1.036757e+02 6.889831e+01 1.062500e+01
      vertex   -1.044264e+02 6.945987e+01 1.031250e+01
    endloop
  endfacet
  facet normal 5.988055e-01 8.008944e-01 4.844756e-04
    outer loop
      vertex   -1.038597e+02 6.903585e+01 1.083333e+01
      vertex   -1.044264e+02 6.945987e+01 1.031250e+01
      vertex   -1.045270e+02 6.953501e+01 1.041667e+01
    endloop
  endfacet
  facet normal 5.988516e-01 8.008598e-01 5.539062e-04
    outer loop
      vertex   -1.045270e+02 6.953501e+01 1.041667e+01
      vertex   -1.044264e+02 6.945987e+01 1.031250e+01
      vertex   -1.048017e+02 6.974065e+01 1.015625e+01
    endloop
  endfacet
  facet normal 5.986346e-01 8.010217e-01 9.106147e-04
    outer loop
      vertex   -1.045270e+02 6.953501e+01 1.041667e+01
      vertex   -1.048017e+02 6.974065e+01 1.015625e+01
      vertex   -1.048606e+02 6.978460e+01 1.020833e+01
    endloop
  endfacet
  facet normal 5.987172e-01 8.009598e-01 1.056237e-03
    outer loop
      vertex   -1.048606e+02 6.978460e+01 1.020833e+01
      vertex   -1.048017e+02 6.974065e+01 1.015625e+01
      vertex   -1.049894e+02 6.988104e+01 1.007812e+01
    endloop
  endfacet
  facet normal 5.983477e-01 8.012349e-01 1.625499e-03
    outer loop
      vertex   -1.048606e+02 6.978460e+01 1.020833e+01
      vertex   -1.049894e+02 6.988104e+01 1.007812e+01
      vertex   -1.050274e+02 6.990939e+01 1.010417e+01
    endloop
  endfacet
  facet normal 5.984825e-01 8.011336e-01 1.932531e-03
    outer loop
      vertex   -1.050274e+02 6.990939e+01 1.010417e+01
      vertex   -1.049894e+02 6.988104e+01 1.007812e+01
      vertex   -1.050833e+02 6.995124e+01 1.003906e+01
    endloop
  endfacet
  facet normal 5.979255e-01 8.015472e-01 2.675842e-03
    outer loop
      vertex   -1.050274e+02 6.990939e+01 1.010417e+01
      vertex   -1.050833e+02 6.995124e+01 1.003906e+01
      vertex   -1.051109e+02 6.997178e+01 1.005208e+01
    endloop
  endfacet
  facet normal 5.981144e-01 8.014039e-01 3.302443e-03
    outer loop
      vertex   -1.051109e+02 6.997178e+01 1.005208e+01
      vertex   -1.050833e+02 6.995124e+01 1.003906e+01
      vertex   -1.051302e+02 6.998633e+01 1.001953e+01
    endloop
  endfacet
  facet normal 5.974110e-01 8.019255e-01 3.952977e-03
    outer loop
      vertex   -1.051109e+02 6.997178e+01 1.005208e+01
      vertex   -1.051302e+02 6.998633e+01 1.001953e+01
      vertex   -1.051526e+02 7.000298e+01 1.002604e+01
    endloop
  endfacet
  facet normal 5.976254e-01 8.017591e-01 5.115566e-03
    outer loop
      vertex   -1.051526e+02 7.000298e+01 1.002604e+01
      vertex   -1.051302e+02 6.998633e+01 1.001953e+01
      vertex   -1.051536e+02 7.000388e+01 1.000977e+01
    endloop
  endfacet
  facet normal 5.989995e-01 8.007494e-01 1.941138e-04
    outer loop
      vertex   -9.711807e+01 6.399319e+01 1.000000e+01
      vertex   -1.025251e+02 6.803751e+01 1.166667e+01
      vertex   -1.028759e+02 6.829984e+01 1.208333e+01
    endloop
  endfacet
  facet normal 5.989486e-01 8.007875e-01 1.272320e-04
    outer loop
      vertex   -1.028759e+02 6.829984e+01 1.208333e+01
      vertex   -1.025251e+02 6.803751e+01 1.166667e+01
      vertex   -1.038597e+02 6.903585e+01 1.083333e+01
    endloop
  endfacet
  facet normal 5.988753e-01 8.008423e-01 2.171754e-04
    outer loop
      vertex   -1.028759e+02 6.829984e+01 1.208333e+01
      vertex   -1.038597e+02 6.903585e+01 1.083333e+01
      vertex   -1.040437e+02 6.917339e+01 1.104167e+01
    endloop
  endfacet
  facet normal 5.988993e-01 8.008243e-01 2.502537e-04
    outer loop
      vertex   -1.040437e+02 6.917339e+01 1.104167e+01
      vertex   -1.038597e+02 6.903585e+01 1.083333e+01
      vertex   -1.045270e+02 6.953501e+01 1.041667e+01
    endloop
  endfacet
  facet normal 5.987608e-01 8.009278e-01 4.172339e-04
    outer loop
      vertex   -1.040437e+02 6.917339e+01 1.104167e+01
      vertex   -1.045270e+02 6.953501e+01 1.041667e+01
      vertex   -1.046276e+02 6.961016e+01 1.052083e+01
    endloop
  endfacet
  facet normal 5.988055e-01 8.008944e-01 4.844756e-04
    outer loop
      vertex   -1.046276e+02 6.961016e+01 1.052083e+01
      vertex   -1.045270e+02 6.953501e+01 1.041667e+01
      vertex   -1.048606e+02 6.978460e+01 1.020833e+01
    endloop
  endfacet
  facet normal 5.985569e-01 8.010800e-01 7.735033e-04
    outer loop
      vertex   -1.046276e+02 6.961016e+01 1.052083e+01
      vertex   -1.048606e+02 6.978460e+01 1.020833e+01
      vertex   -1.049195e+02 6.982854e+01 1.026042e+01
    endloop
  endfacet
  facet normal 5.986346e-01 8.010217e-01 9.106147e-04
    outer loop
      vertex   -1.049195e+02 6.982854e+01 1.026042e+01
      vertex   -1.048606e+02 6.978460e+01 1.020833e+01
      vertex   -1.050274e+02 6.990939e+01 1.010417e+01
    endloop
  endfacet
  facet normal 5.982267e-01 8.013258e-01 1.349782e-03
    outer loop
      vertex   -1.049195e+02 6.982854e+01 1.026042e+01
      vertex   -1.050274e+02 6.990939e+01 1.010417e+01
      vertex   -1.050655e+02 6.993773e+01 1.013021e+01
    endloop
  endfacet
  facet normal 5.983477e-01 8.012349e-01 1.625499e-03
    outer loop
      vertex   -1.050655e+02 6.993773e+01 1.013021e+01
      vertex   -1.050274e+02 6.990939e+01 1.010417e+01
      vertex   -1.051109e+02 6.997178e+01 1.005208e+01
    endloop
  endfacet
  facet normal 5.977671e-01 8.016669e-01 2.151085e-03
    outer loop
      vertex   -1.050655e+02 6.993773e+01 1.013021e+01
      vertex   -1.051109e+02 6.997178e+01 1.005208e+01
      vertex   -1.051385e+02 6.999233e+01 1.006510e+01
    endloop
  endfacet
  facet normal 5.979255e-01 8.015472e-01 2.675842e-03
    outer loop
      vertex   -1.051385e+02 6.999233e+01 1.006510e+01
      vertex   -1.051109e+02 6.997178e+01 1.005208e+01
      vertex   -1.051526e+02 7.000298e+01 1.002604e+01
    endloop
  endfacet
  facet normal 5.963684e-01 8.027109e-01 3.642312e-12
    outer loop
      vertex   -1.053317e+02 7.013616e+01 1.000000e+01
      vertex   -1.051240e+02 6.998184e+01 1.000488e+01
      vertex   -1.051091e+02 6.997081e+01 1.000244e+01
    endloop
  endfacet
  facet normal 5.975906e-01 8.017125e-01 1.193563e-02
    outer loop
      vertex   -1.051091e+02 6.997081e+01 1.000244e+01
      vertex   -1.051240e+02 6.998184e+01 1.000488e+01
      vertex   -1.050966e+02 6.996136e+01 1.000977e+01
    endloop
  endfacet
  facet normal 5.984556e-01 8.010977e-01 9.662221e-03
    outer loop
      vertex   -1.051091e+02 6.997081e+01 1.000244e+01
      vertex   -1.050966e+02 6.996136e+01 1.000977e+01
      vertex   -1.050798e+02 6.994888e+01 1.000488e+01
    endloop
  endfacet
  facet normal 5.980999e-01 8.013845e-01 7.705513e-03
    outer loop
      vertex   -1.050798e+02 6.994888e+01 1.000488e+01
      vertex   -1.050966e+02 6.996136e+01 1.000977e+01
      vertex   -1.050418e+02 6.992041e+01 1.001953e+01
    endloop
  endfacet
  facet normal 5.967749e-01 8.023993e-01 3.877497e-03
    outer loop
      vertex   -1.051749e+02 7.001963e+01 1.003255e+01
      vertex   -1.051734e+02 7.001858e+01 1.001302e+01
      vertex   -1.051932e+02 7.003328e+01 1.001628e+01
    endloop
  endfacet
  facet normal 5.963684e-01 8.027109e-01 -1.084765e-12
    outer loop
      vertex   -1.052978e+02 7.011096e+01 1.003348e+01
      vertex   -1.053317e+02 7.013616e+01 1.000000e+01
      vertex   -1.053147e+02 7.012356e+01 1.003627e+01
    endloop
  endfacet
  facet normal 5.959674e-01 8.030086e-01 2.908656e-04
    outer loop
      vertex   -1.053147e+02 7.012356e+01 1.003627e+01
      vertex   -1.053317e+02 7.013616e+01 1.000000e+01
      vertex   -1.053125e+02 7.012189e+01 1.007254e+01
    endloop
  endfacet
  facet normal 5.963949e-01 8.026912e-01 2.499082e-04
    outer loop
      vertex   -1.053147e+02 7.012356e+01 1.003627e+01
      vertex   -1.053125e+02 7.012189e+01 1.007254e+01
      vertex   -1.052978e+02 7.011096e+01 1.003348e+01
    endloop
  endfacet
  facet normal 5.967627e-01 8.024176e-01 4.650662e-04
    outer loop
      vertex   -1.052978e+02 7.011096e+01 1.003348e+01
      vertex   -1.053125e+02 7.012189e+01 1.007254e+01
      vertex   -1.052933e+02 7.010762e+01 1.006696e+01
    endloop
  endfacet
  facet normal 5.964251e-01 8.026686e-01 5.351876e-04
    outer loop
      vertex   -1.052978e+02 7.011096e+01 1.003348e+01
      vertex   -1.052933e+02 7.010762e+01 1.006696e+01
      vertex   -1.052808e+02 7.009837e+01 1.003069e+01
    endloop
  endfacet
  facet normal 5.968147e-01 8.023787e-01 7.433100e-04
    outer loop
      vertex   -1.052808e+02 7.009837e+01 1.003069e+01
      vertex   -1.052933e+02 7.010762e+01 1.006696e+01
      vertex   -1.052741e+02 7.009335e+01 1.006138e+01
    endloop
  endfacet
  facet normal 5.964598e-01 8.026425e-01 8.639196e-04
    outer loop
      vertex   -1.052808e+02 7.009837e+01 1.003069e+01
      vertex   -1.052741e+02 7.009335e+01 1.006138e+01
      vertex   -1.052638e+02 7.008577e+01 1.002790e+01
    endloop
  endfacet
  facet normal 5.950111e-01 8.017201e-01 5.662777e-02
    outer loop
      vertex   -1.050211e+02 6.990500e+01 1.000977e+01
      vertex   -1.049038e+02 6.981726e+01 1.001953e+01
      vertex   -1.051256e+02 6.998319e+01 1.000000e+01
    endloop
  endfacet
  facet normal 5.950111e-01 8.017201e-01 5.662777e-02
    outer loop
      vertex   -1.051256e+02 6.998319e+01 1.000000e+01
      vertex   -1.049038e+02 6.981726e+01 1.001953e+01
      vertex   -1.046693e+02 6.964177e+01 1.003906e+01
    endloop
  endfacet
  facet normal 5.950111e-01 8.017201e-01 5.662777e-02
    outer loop
      vertex   -1.051256e+02 6.998319e+01 1.000000e+01
      vertex   -1.046693e+02 6.964177e+01 1.003906e+01
      vertex   -1.042001e+02 6.929080e+01 1.007812e+01
    endloop
  endfacet
  facet normal 5.989610e-01 8.007779e-01 7.187027e-04
    outer loop
      vertex   -1.042001e+02 6.929080e+01 1.007812e+01
      vertex   -1.046693e+02 6.964177e+01 1.003906e+01
      vertex   -1.042755e+02 6.934715e+01 1.015625e+01
    endloop
  endfacet
  facet normal 5.989236e-01 8.008059e-01 6.623958e-04
    outer loop
      vertex   -1.042001e+02 6.929080e+01 1.007812e+01
      vertex   -1.042755e+02 6.934715e+01 1.015625e+01
      vertex   -1.033997e+02 6.869200e+01 1.031250e+01
    endloop
  endfacet
  facet normal 5.988494e-01 8.008569e-01 2.769521e-03
    outer loop
      vertex   -1.050211e+02 6.990500e+01 1.000977e+01
      vertex   -1.049324e+02 6.983852e+01 1.003906e+01
      vertex   -1.049038e+02 6.981726e+01 1.001953e+01
    endloop
  endfacet
  facet normal 5.987158e-01 8.009578e-01 2.464547e-03
    outer loop
      vertex   -1.049038e+02 6.981726e+01 1.001953e+01
      vertex   -1.049324e+02 6.983852e+01 1.003906e+01
      vertex   -1.047134e+02 6.967473e+01 1.007812e+01
    endloop
  endfacet
  facet normal 5.989232e-01 8.008052e-01 1.419419e-03
    outer loop
      vertex   -1.049038e+02 6.981726e+01 1.001953e+01
      vertex   -1.047134e+02 6.967473e+01 1.007812e+01
      vertex   -1.046693e+02 6.964177e+01 1.003906e+01
    endloop
  endfacet
  facet normal 5.988512e-01 8.008593e-01 1.292447e-03
    outer loop
      vertex   -1.046693e+02 6.964177e+01 1.003906e+01
      vertex   -1.047134e+02 6.967473e+01 1.007812e+01
      vertex   -1.042755e+02 6.934715e+01 1.015625e+01
    endloop
  endfacet
  facet normal 5.950111e-01 8.017201e-01 5.662777e-02
    outer loop
      vertex   -1.013849e+02 6.718494e+01 1.031250e+01
      vertex   -1.051256e+02 6.998319e+01 1.000000e+01
      vertex   -1.032617e+02 6.858884e+01 1.015625e+01
    endloop
  endfacet
  facet normal 5.950111e-01 8.017201e-01 5.662777e-02
    outer loop
      vertex   -1.032617e+02 6.858884e+01 1.015625e+01
      vertex   -1.051256e+02 6.998319e+01 1.000000e+01
      vertex   -1.042001e+02 6.929080e+01 1.007812e+01
    endloop
  endfacet
  facet normal 5.989802e-01 8.007638e-01 3.616427e-04
    outer loop
      vertex   -1.032617e+02 6.858884e+01 1.015625e+01
      vertex   -1.042001e+02 6.929080e+01 1.007812e+01
      vertex   -1.033997e+02 6.869200e+01 1.031250e+01
    endloop
  endfacet
  facet normal 5.989898e-01 8.007566e-01 1.813996e-04
    outer loop
      vertex   -1.016480e+02 6.738169e+01 1.062500e+01
      vertex   -1.013849e+02 6.718494e+01 1.031250e+01
      vertex   -1.032617e+02 6.858884e+01 1.015625e+01
    endloop
  endfacet
  facet normal 5.989611e-01 8.007780e-01 3.353947e-04
    outer loop
      vertex   -1.016480e+02 6.738169e+01 1.062500e+01
      vertex   -1.032617e+02 6.858884e+01 1.015625e+01
      vertex   -1.033997e+02 6.869200e+01 1.031250e+01
    endloop
  endfacet
  facet normal 5.989995e-01 8.007494e-01 1.941138e-04
    outer loop
      vertex   -1.021743e+02 6.777518e+01 1.125000e+01
      vertex   -9.711807e+01 6.399319e+01 1.000000e+01
      vertex   -1.019112e+02 6.757843e+01 1.093750e+01
    endloop
  endfacet
  facet normal 5.989290e-01 8.008021e-01 6.771246e-06
    outer loop
      vertex   -1.052455e+02 7.007175e+01 1.116071e+01
      vertex   -1.053317e+02 7.013616e+01 2.000000e+01
      vertex   -1.051740e+02 7.001827e+01 1.232143e+01
    endloop
  endfacet
  facet normal 5.985145e-01 8.011119e-01 4.657953e-05
    outer loop
      vertex   -1.051740e+02 7.001827e+01 1.232143e+01
      vertex   -1.051592e+02 7.000734e+01 1.107143e+01
      vertex   -1.052455e+02 7.007175e+01 1.116071e+01
    endloop
  endfacet
  facet normal 5.985463e-01 8.010882e-01 9.432095e-05
    outer loop
      vertex   -1.052455e+02 7.007175e+01 1.116071e+01
      vertex   -1.051592e+02 7.000734e+01 1.107143e+01
      vertex   -1.052307e+02 7.006082e+01 1.053571e+01
    endloop
  endfacet
  facet normal 5.981633e-01 8.013742e-01 8.029982e-05
    outer loop
      vertex   -1.052455e+02 7.007175e+01 1.116071e+01
      vertex   -1.052307e+02 7.006082e+01 1.053571e+01
      vertex   -1.052812e+02 7.009849e+01 1.058036e+01
    endloop
  endfacet
  facet normal 5.982109e-01 8.013387e-01 1.640842e-04
    outer loop
      vertex   -1.052812e+02 7.009849e+01 1.058036e+01
      vertex   -1.052307e+02 7.006082e+01 1.053571e+01
      vertex   -1.052665e+02 7.008757e+01 1.026786e+01
    endloop
  endfacet
  facet normal 5.959674e-01 8.030086e-01 2.908656e-04
    outer loop
      vertex   -1.053125e+02 7.012189e+01 1.007254e+01
      vertex   -1.053317e+02 7.013616e+01 1.000000e+01
      vertex   -1.053080e+02 7.011855e+01 1.014509e+01
    endloop
  endfacet
  facet normal 5.959674e-01 8.030086e-01 2.908656e-04
    outer loop
      vertex   -1.053080e+02 7.011855e+01 1.014509e+01
      vertex   -1.053317e+02 7.013616e+01 1.000000e+01
      vertex   -1.052991e+02 7.011186e+01 1.029018e+01
    endloop
  endfacet
  facet normal 5.971691e-01 8.021154e-01 1.756902e-04
    outer loop
      vertex   -1.053080e+02 7.011855e+01 1.014509e+01
      vertex   -1.052991e+02 7.011186e+01 1.029018e+01
      vertex   -1.052844e+02 7.010094e+01 1.013393e+01
    endloop
  endfacet
  facet normal 5.967167e-01 8.024519e-01 2.190617e-04
    outer loop
      vertex   -1.052933e+02 7.010762e+01 1.006696e+01
      vertex   -1.053125e+02 7.012189e+01 1.007254e+01
      vertex   -1.053080e+02 7.011855e+01 1.014509e+01
    endloop
  endfacet
  facet normal 5.972276e-01 8.020718e-01 3.685022e-04
    outer loop
      vertex   -1.052933e+02 7.010762e+01 1.006696e+01
      vertex   -1.053080e+02 7.011855e+01 1.014509e+01
      vertex   -1.052844e+02 7.010094e+01 1.013393e+01
    endloop
  endfacet
  facet normal 5.963684e-01 8.027109e-01 5.088779e-13
    outer loop
      vertex   -1.052638e+02 7.008577e+01 1.002790e+01
      vertex   -1.053317e+02 7.013616e+01 1.000000e+01
      vertex   -1.052808e+02 7.009837e+01 1.003069e+01
    endloop
  endfacet
  facet normal 5.963684e-01 8.027109e-01 -3.671068e-13
    outer loop
      vertex   -1.052808e+02 7.009837e+01 1.003069e+01
      vertex   -1.053317e+02 7.013616e+01 1.000000e+01
      vertex   -1.052978e+02 7.011096e+01 1.003348e+01
    endloop
  endfacet
  facet normal 5.971009e-01 8.021351e-01 7.051182e-03
    outer loop
      vertex   -1.051536e+02 7.000388e+01 1.000977e+01
      vertex   -1.051302e+02 6.998633e+01 1.001953e+01
      vertex   -1.051388e+02 6.999286e+01 1.000732e+01
    endloop
  endfacet
  facet normal 5.978330e-01 8.015963e-01 6.246007e-03
    outer loop
      vertex   -1.051388e+02 6.999286e+01 1.000732e+01
      vertex   -1.051302e+02 6.998633e+01 1.001953e+01
      vertex   -1.051134e+02 6.997385e+01 1.001465e+01
    endloop
  endfacet
  facet normal 5.976254e-01 8.017591e-01 5.115566e-03
    outer loop
      vertex   -1.051302e+02 6.998633e+01 1.001953e+01
      vertex   -1.050833e+02 6.995124e+01 1.003906e+01
      vertex   -1.051134e+02 6.997385e+01 1.001465e+01
    endloop
  endfacet
  facet normal 5.982818e-01 8.012765e-01 3.858462e-03
    outer loop
      vertex   -1.051134e+02 6.997385e+01 1.001465e+01
      vertex   -1.050833e+02 6.995124e+01 1.003906e+01
      vertex   -1.050625e+02 6.993583e+01 1.002930e+01
    endloop
  endfacet
  facet normal 5.981144e-01 8.014039e-01 3.302443e-03
    outer loop
      vertex   -1.050833e+02 6.995124e+01 1.003906e+01
      vertex   -1.049894e+02 6.988104e+01 1.007812e+01
      vertex   -1.050625e+02 6.993583e+01 1.002930e+01
    endloop
  endfacet
  facet normal 5.985940e-01 8.010496e-01 2.186706e-03
    outer loop
      vertex   -1.050625e+02 6.993583e+01 1.002930e+01
      vertex   -1.049894e+02 6.988104e+01 1.007812e+01
      vertex   -1.049609e+02 6.985978e+01 1.005859e+01
    endloop
  endfacet
  facet normal 5.984825e-01 8.011336e-01 1.932531e-03
    outer loop
      vertex   -1.049894e+02 6.988104e+01 1.007812e+01
      vertex   -1.048017e+02 6.974065e+01 1.015625e+01
      vertex   -1.049609e+02 6.985978e+01 1.005859e+01
    endloop
  endfacet
  facet normal 5.987826e-01 8.009107e-01 1.171527e-03
    outer loop
      vertex   -1.049609e+02 6.985978e+01 1.005859e+01
      vertex   -1.048017e+02 6.974065e+01 1.015625e+01
      vertex   -1.047576e+02 6.970769e+01 1.011719e+01
    endloop
  endfacet
  facet normal 5.987172e-01 8.009598e-01 1.056237e-03
    outer loop
      vertex   -1.048017e+02 6.974065e+01 1.015625e+01
      vertex   -1.044264e+02 6.945987e+01 1.031250e+01
      vertex   -1.047576e+02 6.970769e+01 1.011719e+01
    endloop
  endfacet
  facet normal 5.988872e-01 8.008332e-01 6.074806e-04
    outer loop
      vertex   -1.047576e+02 6.970769e+01 1.011719e+01
      vertex   -1.044264e+02 6.945987e+01 1.031250e+01
      vertex   -1.043509e+02 6.940351e+01 1.023437e+01
    endloop
  endfacet
  facet normal 5.989707e-01 8.007710e-01 1.562138e-04
    outer loop
      vertex   -1.021743e+02 6.777518e+01 1.125000e+01
      vertex   -1.019112e+02 6.757843e+01 1.093750e+01
      vertex   -1.035377e+02 6.879515e+01 1.046875e+01
    endloop
  endfacet
  facet normal 5.988516e-01 8.008598e-01 5.539062e-04
    outer loop
      vertex   -1.044264e+02 6.945987e+01 1.031250e+01
      vertex   -1.036757e+02 6.889831e+01 1.062500e+01
      vertex   -1.043509e+02 6.940351e+01 1.023437e+01
    endloop
  endfacet
  facet normal 5.989423e-01 8.007921e-01 3.094772e-04
    outer loop
      vertex   -1.043509e+02 6.940351e+01 1.023437e+01
      vertex   -1.036757e+02 6.889831e+01 1.062500e+01
      vertex   -1.035377e+02 6.879515e+01 1.046875e+01
    endloop
  endfacet
  facet normal 5.989995e-01 8.007494e-01 1.941138e-04
    outer loop
      vertex   -9.711807e+01 6.399319e+01 1.000000e+01
      vertex   -1.028759e+02 6.829984e+01 1.208333e+01
      vertex   -1.032267e+02 6.856217e+01 1.250000e+01
    endloop
  endfacet
  facet normal 5.989361e-01 8.007968e-01 1.108617e-04
    outer loop
      vertex   -1.032267e+02 6.856217e+01 1.250000e+01
      vertex   -1.028759e+02 6.829984e+01 1.208333e+01
      vertex   -1.040437e+02 6.917339e+01 1.104167e+01
    endloop
  endfacet
  facet normal 5.988517e-01 8.008599e-01 1.846354e-04
    outer loop
      vertex   -1.032267e+02 6.856217e+01 1.250000e+01
      vertex   -1.040437e+02 6.917339e+01 1.104167e+01
      vertex   -1.042277e+02 6.931092e+01 1.125000e+01
    endloop
  endfacet
  facet normal 5.988753e-01 8.008423e-01 2.171754e-04
    outer loop
      vertex   -1.042277e+02 6.931092e+01 1.125000e+01
      vertex   -1.040437e+02 6.917339e+01 1.104167e+01
      vertex   -1.046276e+02 6.961016e+01 1.052083e+01
    endloop
  endfacet
  facet normal 5.987175e-01 8.009602e-01 3.520792e-04
    outer loop
      vertex   -1.042277e+02 6.931092e+01 1.125000e+01
      vertex   -1.046276e+02 6.961016e+01 1.052083e+01
      vertex   -1.047282e+02 6.968530e+01 1.062500e+01
    endloop
  endfacet
  facet normal 5.987608e-01 8.009278e-01 4.172339e-04
    outer loop
      vertex   -1.047282e+02 6.968530e+01 1.062500e+01
      vertex   -1.046276e+02 6.961016e+01 1.052083e+01
      vertex   -1.049195e+02 6.982854e+01 1.026042e+01
    endloop
  endfacet
  facet normal 5.984835e-01 8.011349e-01 6.441780e-04
    outer loop
      vertex   -1.047282e+02 6.968530e+01 1.062500e+01
      vertex   -1.049195e+02 6.982854e+01 1.026042e+01
      vertex   -1.049784e+02 6.987249e+01 1.031250e+01
    endloop
  endfacet
  facet normal 5.985569e-01 8.010800e-01 7.735033e-04
    outer loop
      vertex   -1.049784e+02 6.987249e+01 1.031250e+01
      vertex   -1.049195e+02 6.982854e+01 1.026042e+01
      vertex   -1.050655e+02 6.993773e+01 1.013021e+01
    endloop
  endfacet
  facet normal 5.981173e-01 8.014078e-01 1.100820e-03
    outer loop
      vertex   -1.049784e+02 6.987249e+01 1.031250e+01
      vertex   -1.050655e+02 6.993773e+01 1.013021e+01
      vertex   -1.051035e+02 6.996608e+01 1.015625e+01
    endloop
  endfacet
  facet normal 5.982267e-01 8.013258e-01 1.349782e-03
    outer loop
      vertex   -1.051035e+02 6.996608e+01 1.015625e+01
      vertex   -1.050655e+02 6.993773e+01 1.013021e+01
      vertex   -1.051385e+02 6.999233e+01 1.006510e+01
    endloop
  endfacet
  facet normal 5.989237e-01 8.008060e-01 2.838840e-04
    outer loop
      vertex   -1.036757e+02 6.889831e+01 1.062500e+01
      vertex   -1.021743e+02 6.777518e+01 1.125000e+01
      vertex   -1.035377e+02 6.879515e+01 1.046875e+01
    endloop
  endfacet
  facet normal 5.988517e-01 8.008600e-01 1.241870e-14
    outer loop
      vertex   -1.053317e+02 7.013616e+01 2.000000e+01
      vertex   -1.038282e+02 6.901188e+01 1.321429e+01
      vertex   -1.041289e+02 6.923674e+01 1.357143e+01
    endloop
  endfacet
  facet normal 5.989028e-01 8.008217e-01 6.711157e-05
    outer loop
      vertex   -1.041289e+02 6.923674e+01 1.357143e+01
      vertex   -1.038282e+02 6.901188e+01 1.321429e+01
      vertex   -1.045431e+02 6.954671e+01 1.160714e+01
    endloop
  endfacet
  facet normal 5.987926e-01 8.009041e-01 1.033433e-04
    outer loop
      vertex   -1.041289e+02 6.923674e+01 1.357143e+01
      vertex   -1.045431e+02 6.954671e+01 1.160714e+01
      vertex   -1.047008e+02 6.966460e+01 1.178571e+01
    endloop
  endfacet
  facet normal 5.988120e-01 8.008896e-01 1.300678e-04
    outer loop
      vertex   -1.047008e+02 6.966460e+01 1.178571e+01
      vertex   -1.045431e+02 6.954671e+01 1.160714e+01
      vertex   -1.049006e+02 6.981412e+01 1.080357e+01
    endloop
  endfacet
  facet normal 5.971141e-01 8.021529e-01 2.350446e-03
    outer loop
      vertex   -1.051661e+02 7.001288e+01 1.007812e+01
      vertex   -1.051749e+02 7.001963e+01 1.003255e+01
      vertex   -1.051973e+02 7.003628e+01 1.003906e+01
    endloop
  endfacet
  facet normal 5.972456e-01 8.020526e-01 3.059109e-03
    outer loop
      vertex   -1.051973e+02 7.003628e+01 1.003906e+01
      vertex   -1.051749e+02 7.001963e+01 1.003255e+01
      vertex   -1.051932e+02 7.003328e+01 1.001628e+01
    endloop
  endfacet
  facet normal 5.988924e-01 8.008295e-01 5.349935e-05
    outer loop
      vertex   -1.047008e+02 6.966460e+01 1.178571e+01
      vertex   -1.044296e+02 6.946160e+01 1.392857e+01
      vertex   -1.041289e+02 6.923674e+01 1.357143e+01
    endloop
  endfacet
  facet normal 5.988517e-01 8.008600e-01 -1.023065e-14
    outer loop
      vertex   -1.041289e+02 6.923674e+01 1.357143e+01
      vertex   -1.044296e+02 6.946160e+01 1.392857e+01
      vertex   -1.053317e+02 7.013616e+01 2.000000e+01
    endloop
  endfacet
  facet normal 5.975319e-01 8.018440e-01 1.373145e-03
    outer loop
      vertex   -1.051361e+02 6.999038e+01 1.017857e+01
      vertex   -1.051661e+02 7.001288e+01 1.007812e+01
      vertex   -1.051897e+02 7.003049e+01 1.008929e+01
    endloop
  endfacet
  facet normal 5.976324e-01 8.017685e-01 1.705208e-03
    outer loop
      vertex   -1.051897e+02 7.003049e+01 1.008929e+01
      vertex   -1.051661e+02 7.001288e+01 1.007812e+01
      vertex   -1.051973e+02 7.003628e+01 1.003906e+01
    endloop
  endfacet
  facet normal 5.984835e-01 8.011349e-01 6.441780e-04
    outer loop
      vertex   -1.051035e+02 6.996608e+01 1.015625e+01
      vertex   -1.050289e+02 6.991015e+01 1.035714e+01
      vertex   -1.049784e+02 6.987249e+01 1.031250e+01
    endloop
  endfacet
  facet normal 5.984238e-01 8.011796e-01 5.390340e-04
    outer loop
      vertex   -1.049784e+02 6.987249e+01 1.031250e+01
      vertex   -1.050289e+02 6.991015e+01 1.035714e+01
      vertex   -1.048144e+02 6.974971e+01 1.071429e+01
    endloop
  endfacet
  facet normal 5.987175e-01 8.009602e-01 3.520792e-04
    outer loop
      vertex   -1.049784e+02 6.987249e+01 1.031250e+01
      vertex   -1.048144e+02 6.974971e+01 1.071429e+01
      vertex   -1.047282e+02 6.968530e+01 1.062500e+01
    endloop
  endfacet
  facet normal 5.986815e-01 8.009871e-01 2.978207e-04
    outer loop
      vertex   -1.047282e+02 6.968530e+01 1.062500e+01
      vertex   -1.048144e+02 6.974971e+01 1.071429e+01
      vertex   -1.043854e+02 6.942882e+01 1.142857e+01
    endloop
  endfacet
  facet normal 5.988517e-01 8.008599e-01 1.846354e-04
    outer loop
      vertex   -1.047282e+02 6.968530e+01 1.062500e+01
      vertex   -1.043854e+02 6.942882e+01 1.142857e+01
      vertex   -1.042277e+02 6.931092e+01 1.125000e+01
    endloop
  endfacet
  facet normal 5.988317e-01 8.008749e-01 1.571626e-04
    outer loop
      vertex   -1.042277e+02 6.931092e+01 1.125000e+01
      vertex   -1.043854e+02 6.942882e+01 1.142857e+01
      vertex   -1.035274e+02 6.878703e+01 1.285714e+01
    endloop
  endfacet
  facet normal 5.989238e-01 8.008060e-01 9.462800e-05
    outer loop
      vertex   -1.042277e+02 6.931092e+01 1.125000e+01
      vertex   -1.035274e+02 6.878703e+01 1.285714e+01
      vertex   -1.032267e+02 6.856217e+01 1.250000e+01
    endloop
  endfacet
  facet normal 5.970211e-01 8.022234e-01 1.850357e-03
    outer loop
      vertex   -1.052165e+02 7.005054e+01 1.004464e+01
      vertex   -1.052299e+02 7.006057e+01 1.002232e+01
      vertex   -1.052357e+02 7.006481e+01 1.005022e+01
    endloop
  endfacet
  facet normal 5.965476e-01 8.025759e-01 1.698587e-03
    outer loop
      vertex   -1.052357e+02 7.006481e+01 1.005022e+01
      vertex   -1.052299e+02 7.006057e+01 1.002232e+01
      vertex   -1.052469e+02 7.007317e+01 1.002511e+01
    endloop
  endfacet
  facet normal 5.969420e-01 8.022831e-01 1.425688e-03
    outer loop
      vertex   -1.052357e+02 7.006481e+01 1.005022e+01
      vertex   -1.052469e+02 7.007317e+01 1.002511e+01
      vertex   -1.052549e+02 7.007908e+01 1.005580e+01
    endloop
  endfacet
  facet normal 5.979526e-01 8.015312e-01 7.259191e-04
    outer loop
      vertex   -1.050793e+02 6.994782e+01 1.040179e+01
      vertex   -1.051361e+02 6.999038e+01 1.017857e+01
      vertex   -1.051687e+02 7.001467e+01 1.020089e+01
    endloop
  endfacet
  facet normal 5.980317e-01 8.014720e-01 9.058847e-04
    outer loop
      vertex   -1.051687e+02 7.001467e+01 1.020089e+01
      vertex   -1.051361e+02 6.999038e+01 1.017857e+01
      vertex   -1.051897e+02 7.003049e+01 1.008929e+01
    endloop
  endfacet
  facet normal 5.969420e-01 8.022831e-01 1.425688e-03
    outer loop
      vertex   -1.052165e+02 7.005054e+01 1.004464e+01
      vertex   -1.052357e+02 7.006481e+01 1.005022e+01
      vertex   -1.052134e+02 7.004810e+01 1.010045e+01
    endloop
  endfacet
  facet normal 5.974429e-01 8.019108e-01 1.078984e-03
    outer loop
      vertex   -1.052134e+02 7.004810e+01 1.010045e+01
      vertex   -1.052357e+02 7.006481e+01 1.005022e+01
      vertex   -1.052370e+02 7.006571e+01 1.011161e+01
    endloop
  endfacet
  facet normal 5.973634e-01 8.019703e-01 8.165845e-04
    outer loop
      vertex   -1.052134e+02 7.004810e+01 1.010045e+01
      vertex   -1.052370e+02 7.006571e+01 1.011161e+01
      vertex   -1.052013e+02 7.003897e+01 1.022321e+01
    endloop
  endfacet
  facet normal 5.978793e-01 8.015860e-01 5.592621e-04
    outer loop
      vertex   -1.052013e+02 7.003897e+01 1.022321e+01
      vertex   -1.052370e+02 7.006571e+01 1.011161e+01
      vertex   -1.052339e+02 7.006327e+01 1.024554e+01
    endloop
  endfacet
  facet normal 5.978112e-01 8.016368e-01 4.044902e-04
    outer loop
      vertex   -1.052013e+02 7.003897e+01 1.022321e+01
      vertex   -1.052339e+02 7.006327e+01 1.024554e+01
      vertex   -1.051803e+02 7.002316e+01 1.049107e+01
    endloop
  endfacet
  facet normal 5.982606e-01 8.013016e-01 2.515849e-04
    outer loop
      vertex   -1.051803e+02 7.002316e+01 1.049107e+01
      vertex   -1.052339e+02 7.006327e+01 1.024554e+01
      vertex   -1.052307e+02 7.006082e+01 1.053571e+01
    endloop
  endfacet
  facet normal 5.982109e-01 8.013387e-01 1.640842e-04
    outer loop
      vertex   -1.051803e+02 7.002316e+01 1.049107e+01
      vertex   -1.052307e+02 7.006082e+01 1.053571e+01
      vertex   -1.051592e+02 7.000734e+01 1.107143e+01
    endloop
  endfacet
  facet normal 5.968740e-01 8.023343e-01 1.060575e-03
    outer loop
      vertex   -1.052370e+02 7.006571e+01 1.011161e+01
      vertex   -1.052357e+02 7.006481e+01 1.005022e+01
      vertex   -1.052549e+02 7.007908e+01 1.005580e+01
    endloop
  endfacet
  facet normal 5.983125e-01 8.012628e-01 3.430548e-04
    outer loop
      vertex   -1.049868e+02 6.987853e+01 1.089286e+01
      vertex   -1.050793e+02 6.994782e+01 1.040179e+01
      vertex   -1.051298e+02 6.998549e+01 1.044643e+01
    endloop
  endfacet
  facet normal 5.983669e-01 8.012221e-01 4.387703e-04
    outer loop
      vertex   -1.051298e+02 6.998549e+01 1.044643e+01
      vertex   -1.050793e+02 6.994782e+01 1.040179e+01
      vertex   -1.051687e+02 7.001467e+01 1.020089e+01
    endloop
  endfacet
  facet normal 5.972920e-01 8.020236e-01 5.810672e-04
    outer loop
      vertex   -1.052339e+02 7.006327e+01 1.024554e+01
      vertex   -1.052370e+02 7.006571e+01 1.011161e+01
      vertex   -1.052607e+02 7.008332e+01 1.012277e+01
    endloop
  endfacet
  facet normal 5.973634e-01 8.019703e-01 8.165845e-04
    outer loop
      vertex   -1.052607e+02 7.008332e+01 1.012277e+01
      vertex   -1.052370e+02 7.006571e+01 1.011161e+01
      vertex   -1.052549e+02 7.007908e+01 1.005580e+01
    endloop
  endfacet
  facet normal 5.985788e-01 8.010639e-01 1.432683e-04
    outer loop
      vertex   -1.048585e+02 6.978249e+01 1.196429e+01
      vertex   -1.049868e+02 6.987853e+01 1.089286e+01
      vertex   -1.050730e+02 6.994293e+01 1.098214e+01
    endloop
  endfacet
  facet normal 5.986122e-01 8.010390e-01 1.934678e-04
    outer loop
      vertex   -1.050730e+02 6.994293e+01 1.098214e+01
      vertex   -1.049868e+02 6.987853e+01 1.089286e+01
      vertex   -1.051298e+02 6.998549e+01 1.044643e+01
    endloop
  endfacet
  facet normal 5.967627e-01 8.024176e-01 4.650662e-04
    outer loop
      vertex   -1.052844e+02 7.010094e+01 1.013393e+01
      vertex   -1.052741e+02 7.009335e+01 1.006138e+01
      vertex   -1.052933e+02 7.010762e+01 1.006696e+01
    endloop
  endfacet
  facet normal 5.977478e-01 8.016842e-01 2.603758e-04
    outer loop
      vertex   -1.052307e+02 7.006082e+01 1.053571e+01
      vertex   -1.052339e+02 7.006327e+01 1.024554e+01
      vertex   -1.052665e+02 7.008757e+01 1.026786e+01
    endloop
  endfacet
  facet normal 5.978112e-01 8.016368e-01 4.044902e-04
    outer loop
      vertex   -1.052665e+02 7.008757e+01 1.026786e+01
      vertex   -1.052339e+02 7.006327e+01 1.024554e+01
      vertex   -1.052607e+02 7.008332e+01 1.012277e+01
    endloop
  endfacet
  facet normal 5.987546e-01 8.009325e-01 5.097508e-05
    outer loop
      vertex   -1.047303e+02 6.968645e+01 1.428571e+01
      vertex   -1.048585e+02 6.978249e+01 1.196429e+01
      vertex   -1.050162e+02 6.990038e+01 1.214286e+01
    endloop
  endfacet
  facet normal 5.987735e-01 8.009184e-01 7.698151e-05
    outer loop
      vertex   -1.050162e+02 6.990038e+01 1.214286e+01
      vertex   -1.048585e+02 6.978249e+01 1.196429e+01
      vertex   -1.050730e+02 6.994293e+01 1.098214e+01
    endloop
  endfacet
  facet normal 5.988719e-01 8.008448e-01 2.656177e-05
    outer loop
      vertex   -1.050310e+02 6.991131e+01 1.464286e+01
      vertex   -1.047303e+02 6.968645e+01 1.428571e+01
      vertex   -1.050162e+02 6.990038e+01 1.214286e+01
    endloop
  endfacet
  facet normal -5.989995e-01 -8.007494e-01 0.000000e+00
    outer loop
      vertex   -1.112095e+02 6.204599e+01 1.000000e+01
      vertex   -1.031081e+02 5.598570e+01 1.000000e+01
      vertex   -1.112095e+02 6.204599e+01 2.000000e+01
    endloop
  endfacet
  facet normal -4.156269e-01 -5.720614e-01 7.071068e-01
    outer loop
      vertex   -1.279444e+02 5.143197e+01 1.000000e+01
      vertex   -1.220665e+02 5.952214e+01 2.000000e+01
      vertex   -1.360345e+02 5.730983e+01 1.000000e+01
    endloop
  endfacet
  facet normal -4.156269e-01 -5.720614e-01 7.071068e-01
    outer loop
      vertex   -1.360345e+02 5.730983e+01 1.000000e+01
      vertex   -1.220665e+02 5.952214e+01 2.000000e+01
      vertex   -1.301567e+02 6.540000e+01 2.000000e+01
    endloop
  endfacet
  facet normal 8.090170e-01 -5.877853e-01 2.486900e-15
    outer loop
      vertex   -1.279444e+02 5.143197e+01 1.000000e+01
      vertex   -1.220665e+02 5.952214e+01 1.000000e+01
      vertex   -1.220665e+02 5.952214e+01 2.000000e+01
    endloop
  endfacet
  facet normal -8.090170e-01 5.877853e-01 -2.092850e-15
    outer loop
      vertex   -1.301567e+02 6.540000e+01 1.000000e+01
      vertex   -1.360345e+02 5.730983e+01 1.000000e+01
      vertex   -1.301567e+02 6.540000e+01 2.000000e+01
    endloop
  endfacet
  facet normal -5.877853e-01 -8.090170e-01 -6.790219e-15
    outer loop
      vertex   -1.301567e+02 6.540000e+01 1.000000e+01
      vertex   -1.301567e+02 6.540000e+01 2.000000e+01
      vertex   -1.360625e+02 6.969083e+01 1.000000e+01
    endloop
  endfacet
  facet normal -5.877853e-01 -8.090170e-01 1.301135e-15
    outer loop
      vertex   -1.360625e+02 6.969083e+01 1.000000e+01
      vertex   -1.301567e+02 6.540000e+01 2.000000e+01
      vertex   -1.360625e+02 6.969083e+01 4.534399e+01
    endloop
  endfacet
  facet normal -5.877853e-01 -8.090170e-01 4.257259e-15
    outer loop
      vertex   -1.360625e+02 6.969083e+01 4.534399e+01
      vertex   -1.301567e+02 6.540000e+01 2.000000e+01
      vertex   -1.265791e+02 6.280075e+01 4.534399e+01
    endloop
  endfacet
  facet normal -5.877853e-01 -8.090170e-01 2.530244e-15
    outer loop
      vertex   -1.265791e+02 6.280075e+01 4.534399e+01
      vertex   -1.301567e+02 6.540000e+01 2.000000e+01
      vertex   -1.220665e+02 5.952214e+01 2.000000e+01
    endloop
  endfacet
  facet normal -5.877853e-01 -8.090170e-01 2.092064e-16
    outer loop
      vertex   -1.265791e+02 6.280075e+01 4.534399e+01
      vertex   -1.220665e+02 5.952214e+01 2.000000e+01
      vertex   -1.161607e+02 5.523131e+01 9.034399e+01
    endloop
  endfacet
  facet normal -5.877853e-01 -8.090170e-01 5.008325e-16
    outer loop
      vertex   -1.161607e+02 5.523131e+01 9.034399e+01
      vertex   -1.220665e+02 5.952214e+01 2.000000e+01
      vertex   -1.161607e+02 5.523131e+01 1.000000e+01
    endloop
  endfacet
  facet normal -5.877853e-01 -8.090170e-01 3.406712e-15
    outer loop
      vertex   -1.161607e+02 5.523131e+01 1.000000e+01
      vertex   -1.220665e+02 5.952214e+01 2.000000e+01
      vertex   -1.220665e+02 5.952214e+01 1.000000e+01
    endloop
  endfacet
  facet normal -5.877853e-01 -8.090170e-01 0.000000e+00
    outer loop
      vertex   -1.265791e+02 6.280075e+01 4.534399e+01
      vertex   -1.161607e+02 5.523131e+01 9.034399e+01
      vertex   -1.265791e+02 6.280075e+01 8.614399e+01
    endloop
  endfacet
  facet normal -5.877853e-01 -8.090170e-01 1.996588e-15
    outer loop
      vertex   -1.265791e+02 6.280075e+01 8.614399e+01
      vertex   -1.161607e+02 5.523131e+01 9.034399e+01
      vertex   -1.346693e+02 6.867861e+01 9.034399e+01
    endloop
  endfacet
  facet normal -5.877853e-01 -8.090170e-01 0.000000e+00
    outer loop
      vertex   -1.265791e+02 6.280075e+01 8.614399e+01
      vertex   -1.346693e+02 6.867861e+01 9.034399e+01
      vertex   -1.346693e+02 6.867861e+01 8.634399e+01
    endloop
  endfacet
  facet normal 0.000000e+00 -0.000000e+00 1.000000e+00
    outer loop
      vertex   -1.249533e+02 7.080294e+01 8.634399e+01
      vertex   -1.248984e+02 7.123815e+01 8.634399e+01
      vertex   -1.254984e+02 7.123815e+01 8.634399e+01
    endloop
  endfacet
  facet normal 0.000000e+00 0.000000e+00 1.000000e+00
    outer loop
      vertex   -1.254984e+02 7.123815e+01 8.634399e+01
      vertex   -1.248984e+02 7.123815e+01 8.634399e+01
      vertex   -1.249533e+02 7.167335e+01 8.634399e+01
    endloop
  endfacet
  facet normal 0.000000e+00 -0.000000e+00 1.000000e+00
    outer loop
      vertex   -1.254984e+02 7.123815e+01 8.634399e+01
      vertex   -1.249533e+02 7.167335e+01 8.634399e+01
      vertex   -1.255375e+02 7.153579e+01 8.634399e+01
    endloop
  endfacet
  facet normal 0.000000e+00 0.000000e+00 1.000000e+00
    outer loop
      vertex   -1.255375e+02 7.153579e+01 8.634399e+01
      vertex   -1.249533e+02 7.167335e+01 8.634399e+01
      vertex   -1.251148e+02 7.208122e+01 8.634399e+01
    endloop
  endfacet
  facet normal 0.000000e+00 -0.000000e+00 1.000000e+00
    outer loop
      vertex   -1.255375e+02 7.153579e+01 8.634399e+01
      vertex   -1.251148e+02 7.208122e+01 8.634399e+01
      vertex   -1.256524e+02 7.181315e+01 8.634399e+01
    endloop
  endfacet
  facet normal 0.000000e+00 0.000000e+00 1.000000e+00
    outer loop
      vertex   -1.256524e+02 7.181315e+01 8.634399e+01
      vertex   -1.251148e+02 7.208122e+01 8.634399e+01
      vertex   -1.253727e+02 7.243610e+01 8.634399e+01
    endloop
  endfacet
  facet normal 0.000000e+00 -0.000000e+00 1.000000e+00
    outer loop
      vertex   -1.256524e+02 7.181315e+01 8.634399e+01
      vertex   -1.253727e+02 7.243610e+01 8.634399e+01
      vertex   -1.258352e+02 7.205132e+01 8.634399e+01
    endloop
  endfacet
  facet normal 0.000000e+00 0.000000e+00 1.000000e+00
    outer loop
      vertex   -1.258352e+02 7.205132e+01 8.634399e+01
      vertex   -1.253727e+02 7.243610e+01 8.634399e+01
      vertex   -1.257107e+02 7.271572e+01 8.634399e+01
    endloop
  endfacet
  facet normal 0.000000e+00 -0.000000e+00 1.000000e+00
    outer loop
      vertex   -1.258352e+02 7.205132e+01 8.634399e+01
      vertex   -1.257107e+02 7.271572e+01 8.634399e+01
      vertex   -1.260734e+02 7.223408e+01 8.634399e+01
    endloop
  endfacet
  facet normal 0.000000e+00 -0.000000e+00 1.000000e+00
    outer loop
      vertex   -1.260734e+02 7.223408e+01 8.634399e+01
      vertex   -1.257107e+02 7.271572e+01 8.634399e+01
      vertex   -1.261076e+02 7.290250e+01 8.634399e+01
    endloop
  endfacet
  facet normal 0.000000e+00 0.000000e+00 1.000000e+00
    outer loop
      vertex   -1.260734e+02 7.223408e+01 8.634399e+01
      vertex   -1.261076e+02 7.290250e+01 8.634399e+01
      vertex   -1.263507e+02 7.234896e+01 8.634399e+01
    endloop
  endfacet
  facet normal 0.000000e+00 -0.000000e+00 1.000000e+00
    outer loop
      vertex   -1.263507e+02 7.234896e+01 8.634399e+01
      vertex   -1.261076e+02 7.290250e+01 8.634399e+01
      vertex   -1.265385e+02 7.298469e+01 8.634399e+01
    endloop
  endfacet
  facet normal 0.000000e+00 0.000000e+00 1.000000e+00
    outer loop
      vertex   -1.263507e+02 7.234896e+01 8.634399e+01
      vertex   -1.265385e+02 7.298469e+01 8.634399e+01
      vertex   -1.266484e+02 7.238815e+01 8.634399e+01
    endloop
  endfacet
  facet normal 0.000000e+00 -0.000000e+00 1.000000e+00
    outer loop
      vertex   -1.266484e+02 7.238815e+01 8.634399e+01
      vertex   -1.265385e+02 7.298469e+01 8.634399e+01
      vertex   -1.269763e+02 7.295715e+01 8.634399e+01
    endloop
  endfacet
  facet normal 0.000000e+00 0.000000e+00 1.000000e+00
    outer loop
      vertex   -1.266484e+02 7.238815e+01 8.634399e+01
      vertex   -1.269763e+02 7.295715e+01 8.634399e+01
      vertex   -1.269460e+02 7.234896e+01 8.634399e+01
    endloop
  endfacet
  facet normal 0.000000e+00 0.000000e+00 1.000000e+00
    outer loop
      vertex   -1.269460e+02 7.234896e+01 8.634399e+01
      vertex   -1.269763e+02 7.295715e+01 8.634399e+01
      vertex   -1.273935e+02 7.282159e+01 8.634399e+01
    endloop
  endfacet
  facet normal 0.000000e+00 0.000000e+00 1.000000e+00
    outer loop
      vertex   -1.269460e+02 7.234896e+01 8.634399e+01
      vertex   -1.273935e+02 7.282159e+01 8.634399e+01
      vertex   -1.272234e+02 7.223408e+01 8.634399e+01
    endloop
  endfacet
  facet normal 0.000000e+00 0.000000e+00 1.000000e+00
    outer loop
      vertex   -1.272234e+02 7.223408e+01 8.634399e+01
      vertex   -1.273935e+02 7.282159e+01 8.634399e+01
      vertex   -1.277639e+02 7.258655e+01 8.634399e+01
    endloop
  endfacet
  facet normal 0.000000e+00 0.000000e+00 1.000000e+00
    outer loop
      vertex   -1.272234e+02 7.223408e+01 8.634399e+01
      vertex   -1.277639e+02 7.258655e+01 8.634399e+01
      vertex   -1.274615e+02 7.205132e+01 8.634399e+01
    endloop
  endfacet
  facet normal 0.000000e+00 0.000000e+00 1.000000e+00
    outer loop
      vertex   -1.274615e+02 7.205132e+01 8.634399e+01
      vertex   -1.277639e+02 7.258655e+01 8.634399e+01
      vertex   -1.280641e+02 7.226677e+01 8.634399e+01
    endloop
  endfacet
  facet normal 0.000000e+00 0.000000e+00 1.000000e+00
    outer loop
      vertex   -1.274615e+02 7.205132e+01 8.634399e+01
      vertex   -1.280641e+02 7.226677e+01 8.634399e+01
      vertex   -1.276443e+02 7.181315e+01 8.634399e+01
    endloop
  endfacet
  facet normal 0.000000e+00 0.000000e+00 1.000000e+00
    outer loop
      vertex   -1.276443e+02 7.181315e+01 8.634399e+01
      vertex   -1.280641e+02 7.226677e+01 8.634399e+01
      vertex   -1.282755e+02 7.188237e+01 8.634399e+01
    endloop
  endfacet
  facet normal 0.000000e+00 0.000000e+00 1.000000e+00
    outer loop
      vertex   -1.276443e+02 7.181315e+01 8.634399e+01
      vertex   -1.282755e+02 7.188237e+01 8.634399e+01
      vertex   -1.277592e+02 7.153579e+01 8.634399e+01
    endloop
  endfacet
  facet normal 0.000000e+00 0.000000e+00 1.000000e+00
    outer loop
      vertex   -1.277592e+02 7.153579e+01 8.634399e+01
      vertex   -1.282755e+02 7.188237e+01 8.634399e+01
      vertex   -1.283846e+02 7.145748e+01 8.634399e+01
    endloop
  endfacet
  facet normal 0.000000e+00 0.000000e+00 1.000000e+00
    outer loop
      vertex   -1.277592e+02 7.153579e+01 8.634399e+01
      vertex   -1.283846e+02 7.145748e+01 8.634399e+01
      vertex   -1.277984e+02 7.123815e+01 8.634399e+01
    endloop
  endfacet
  facet normal 0.000000e+00 0.000000e+00 1.000000e+00
    outer loop
      vertex   -1.277984e+02 7.123815e+01 8.634399e+01
      vertex   -1.283846e+02 7.145748e+01 8.634399e+01
      vertex   -1.283846e+02 7.101881e+01 8.634399e+01
    endloop
  endfacet
  facet normal 0.000000e+00 0.000000e+00 1.000000e+00
    outer loop
      vertex   -1.277984e+02 7.123815e+01 8.634399e+01
      vertex   -1.283846e+02 7.101881e+01 8.634399e+01
      vertex   -1.277592e+02 7.094051e+01 8.634399e+01
    endloop
  endfacet
  facet normal 0.000000e+00 0.000000e+00 1.000000e+00
    outer loop
      vertex   -1.277592e+02 7.094051e+01 8.634399e+01
      vertex   -1.283846e+02 7.101881e+01 8.634399e+01
      vertex   -1.282755e+02 7.059393e+01 8.634399e+01
    endloop
  endfacet
  facet normal 0.000000e+00 0.000000e+00 1.000000e+00
    outer loop
      vertex   -1.277592e+02 7.094051e+01 8.634399e+01
      vertex   -1.282755e+02 7.059393e+01 8.634399e+01
      vertex   -1.276443e+02 7.066315e+01 8.634399e+01
    endloop
  endfacet
  facet normal 0.000000e+00 0.000000e+00 1.000000e+00
    outer loop
      vertex   -1.276443e+02 7.066315e+01 8.634399e+01
      vertex   -1.282755e+02 7.059393e+01 8.634399e+01
      vertex   -1.280641e+02 7.020952e+01 8.634399e+01
    endloop
  endfacet
  facet normal 0.000000e+00 0.000000e+00 1.000000e+00
    outer loop
      vertex   -1.276443e+02 7.066315e+01 8.634399e+01
      vertex   -1.280641e+02 7.020952e+01 8.634399e+01
      vertex   -1.274615e+02 7.042497e+01 8.634399e+01
    endloop
  endfacet
  facet normal 0.000000e+00 0.000000e+00 1.000000e+00
    outer loop
      vertex   -1.274615e+02 7.042497e+01 8.634399e+01
      vertex   -1.280641e+02 7.020952e+01 8.634399e+01
      vertex   -1.277639e+02 6.988975e+01 8.634399e+01
    endloop
  endfacet
  facet normal 0.000000e+00 0.000000e+00 1.000000e+00
    outer loop
      vertex   -1.274615e+02 7.042497e+01 8.634399e+01
      vertex   -1.277639e+02 6.988975e+01 8.634399e+01
      vertex   -1.272234e+02 7.024222e+01 8.634399e+01
    endloop
  endfacet
  facet normal 0.000000e+00 0.000000e+00 1.000000e+00
    outer loop
      vertex   -1.272234e+02 7.024222e+01 8.634399e+01
      vertex   -1.277639e+02 6.988975e+01 8.634399e+01
      vertex   -1.273935e+02 6.965470e+01 8.634399e+01
    endloop
  endfacet
  facet normal 0.000000e+00 0.000000e+00 1.000000e+00
    outer loop
      vertex   -1.272234e+02 7.024222e+01 8.634399e+01
      vertex   -1.273935e+02 6.965470e+01 8.634399e+01
      vertex   -1.269460e+02 7.012733e+01 8.634399e+01
    endloop
  endfacet
  facet normal 0.000000e+00 0.000000e+00 1.000000e+00
    outer loop
      vertex   -1.269460e+02 7.012733e+01 8.634399e+01
      vertex   -1.273935e+02 6.965470e+01 8.634399e+01
      vertex   -1.269763e+02 6.951914e+01 8.634399e+01
    endloop
  endfacet
  facet normal 0.000000e+00 0.000000e+00 1.000000e+00
    outer loop
      vertex   -1.269460e+02 7.012733e+01 8.634399e+01
      vertex   -1.269763e+02 6.951914e+01 8.634399e+01
      vertex   -1.266484e+02 7.008815e+01 8.634399e+01
    endloop
  endfacet
  facet normal 0.000000e+00 0.000000e+00 1.000000e+00
    outer loop
      vertex   -1.266484e+02 7.008815e+01 8.634399e+01
      vertex   -1.269763e+02 6.951914e+01 8.634399e+01
      vertex   -1.265385e+02 6.949160e+01 8.634399e+01
    endloop
  endfacet
  facet normal -0.000000e+00 0.000000e+00 1.000000e+00
    outer loop
      vertex   -1.266484e+02 7.008815e+01 8.634399e+01
      vertex   -1.265385e+02 6.949160e+01 8.634399e+01
      vertex   -1.263507e+02 7.012733e+01 8.634399e+01
    endloop
  endfacet
  facet normal 0.000000e+00 0.000000e+00 1.000000e+00
    outer loop
      vertex   -1.263507e+02 7.012733e+01 8.634399e+01
      vertex   -1.265385e+02 6.949160e+01 8.634399e+01
      vertex   -1.261076e+02 6.957380e+01 8.634399e+01
    endloop
  endfacet
  facet normal -0.000000e+00 0.000000e+00 1.000000e+00
    outer loop
      vertex   -1.263507e+02 7.012733e+01 8.634399e+01
      vertex   -1.261076e+02 6.957380e+01 8.634399e+01
      vertex   -1.260734e+02 7.024222e+01 8.634399e+01
    endloop
  endfacet
  facet normal 0.000000e+00 0.000000e+00 1.000000e+00
    outer loop
      vertex   -1.260734e+02 7.024222e+01 8.634399e+01
      vertex   -1.261076e+02 6.957380e+01 8.634399e+01
      vertex   -1.257107e+02 6.976057e+01 8.634399e+01
    endloop
  endfacet
  facet normal -0.000000e+00 0.000000e+00 1.000000e+00
    outer loop
      vertex   -1.260734e+02 7.024222e+01 8.634399e+01
      vertex   -1.257107e+02 6.976057e+01 8.634399e+01
      vertex   -1.258352e+02 7.042497e+01 8.634399e+01
    endloop
  endfacet
  facet normal 0.000000e+00 0.000000e+00 1.000000e+00
    outer loop
      vertex   -1.258352e+02 7.042497e+01 8.634399e+01
      vertex   -1.257107e+02 6.976057e+01 8.634399e+01
      vertex   -1.253727e+02 7.004019e+01 8.634399e+01
    endloop
  endfacet
  facet normal -0.000000e+00 0.000000e+00 1.000000e+00
    outer loop
      vertex   -1.258352e+02 7.042497e+01 8.634399e+01
      vertex   -1.253727e+02 7.004019e+01 8.634399e+01
      vertex   -1.256524e+02 7.066315e+01 8.634399e+01
    endloop
  endfacet
  facet normal 0.000000e+00 0.000000e+00 1.000000e+00
    outer loop
      vertex   -1.256524e+02 7.066315e+01 8.634399e+01
      vertex   -1.253727e+02 7.004019e+01 8.634399e+01
      vertex   -1.251148e+02 7.039508e+01 8.634399e+01
    endloop
  endfacet
  facet normal -0.000000e+00 0.000000e+00 1.000000e+00
    outer loop
      vertex   -1.256524e+02 7.066315e+01 8.634399e+01
      vertex   -1.251148e+02 7.039508e+01 8.634399e+01
      vertex   -1.255375e+02 7.094051e+01 8.634399e+01
    endloop
  endfacet
  facet normal 0.000000e+00 0.000000e+00 1.000000e+00
    outer loop
      vertex   -1.255375e+02 7.094051e+01 8.634399e+01
      vertex   -1.251148e+02 7.039508e+01 8.634399e+01
      vertex   -1.249533e+02 7.080294e+01 8.634399e+01
    endloop
  endfacet
  facet normal -0.000000e+00 0.000000e+00 1.000000e+00
    outer loop
      vertex   -1.255375e+02 7.094051e+01 8.634399e+01
      vertex   -1.249533e+02 7.080294e+01 8.634399e+01
      vertex   -1.254984e+02 7.123815e+01 8.634399e+01
    endloop
  endfacet
  facet normal -9.921147e-01 -1.253332e-01 0.000000e+00
    outer loop
      vertex   -1.249533e+02 7.167335e+01 9.034399e+01
      vertex   -1.248984e+02 7.123815e+01 8.634399e+01
      vertex   -1.248984e+02 7.123815e+01 9.034399e+01
    endloop
  endfacet
  facet normal -9.921147e-01 1.253332e-01 0.000000e+00
    outer loop
      vertex   -1.248984e+02 7.123815e+01 9.034399e+01
      vertex   -1.248984e+02 7.123815e+01 8.634399e+01
      vertex   -1.249533e+02 7.080294e+01 8.634399e+01
    endloop
  endfacet
  facet normal -9.921147e-01 1.253332e-01 0.000000e+00
    outer loop
      vertex   -1.248984e+02 7.123815e+01 9.034399e+01
      vertex   -1.249533e+02 7.080294e+01 8.634399e+01
      vertex   -1.249533e+02 7.080294e+01 9.034399e+01
    endloop
  endfacet
  facet normal -9.297765e-01 3.681246e-01 0.000000e+00
    outer loop
      vertex   -1.249533e+02 7.080294e+01 9.034399e+01
      vertex   -1.249533e+02 7.080294e+01 8.634399e+01
      vertex   -1.251148e+02 7.039508e+01 8.634399e+01
    endloop
  endfacet
  facet normal -9.297765e-01 3.681246e-01 0.000000e+00
    outer loop
      vertex   -1.249533e+02 7.080294e+01 9.034399e+01
      vertex   -1.251148e+02 7.039508e+01 8.634399e+01
      vertex   -1.251148e+02 7.039508e+01 9.034399e+01
    endloop
  endfacet
  facet normal -8.090170e-01 5.877853e-01 0.000000e+00
    outer loop
      vertex   -1.251148e+02 7.039508e+01 9.034399e+01
      vertex   -1.251148e+02 7.039508e+01 8.634399e+01
      vertex   -1.253727e+02 7.004019e+01 8.634399e+01
    endloop
  endfacet
  facet normal -8.090170e-01 5.877853e-01 0.000000e+00
    outer loop
      vertex   -1.251148e+02 7.039508e+01 9.034399e+01
      vertex   -1.253727e+02 7.004019e+01 8.634399e+01
      vertex   -1.253727e+02 7.004019e+01 9.034399e+01
    endloop
  endfacet
  facet normal -6.374240e-01 7.705132e-01 0.000000e+00
    outer loop
      vertex   -1.253727e+02 7.004019e+01 9.034399e+01
      vertex   -1.253727e+02 7.004019e+01 8.634399e+01
      vertex   -1.257107e+02 6.976057e+01 8.634399e+01
    endloop
  endfacet
  facet normal -6.374240e-01 7.705132e-01 0.000000e+00
    outer loop
      vertex   -1.253727e+02 7.004019e+01 9.034399e+01
      vertex   -1.257107e+02 6.976057e+01 8.634399e+01
      vertex   -1.257107e+02 6.976057e+01 9.034399e+01
    endloop
  endfacet
  facet normal -4.257793e-01 9.048271e-01 0.000000e+00
    outer loop
      vertex   -1.257107e+02 6.976057e+01 9.034399e+01
      vertex   -1.257107e+02 6.976057e+01 8.634399e+01
      vertex   -1.261076e+02 6.957380e+01 8.634399e+01
    endloop
  endfacet
  facet normal -4.257793e-01 9.048271e-01 0.000000e+00
    outer loop
      vertex   -1.257107e+02 6.976057e+01 9.034399e+01
      vertex   -1.261076e+02 6.957380e+01 8.634399e+01
      vertex   -1.261076e+02 6.957380e+01 9.034399e+01
    endloop
  endfacet
  facet normal -1.873813e-01 9.822873e-01 0.000000e+00
    outer loop
      vertex   -1.261076e+02 6.957380e+01 9.034399e+01
      vertex   -1.261076e+02 6.957380e+01 8.634399e+01
      vertex   -1.265385e+02 6.949160e+01 8.634399e+01
    endloop
  endfacet
  facet normal -1.873813e-01 9.822873e-01 0.000000e+00
    outer loop
      vertex   -1.261076e+02 6.957380e+01 9.034399e+01
      vertex   -1.265385e+02 6.949160e+01 8.634399e+01
      vertex   -1.265385e+02 6.949160e+01 9.034399e+01
    endloop
  endfacet
  facet normal 6.279052e-02 9.980267e-01 0.000000e+00
    outer loop
      vertex   -1.265385e+02 6.949160e+01 9.034399e+01
      vertex   -1.265385e+02 6.949160e+01 8.634399e+01
      vertex   -1.269763e+02 6.951914e+01 8.634399e+01
    endloop
  endfacet
  facet normal 6.279052e-02 9.980267e-01 0.000000e+00
    outer loop
      vertex   -1.265385e+02 6.949160e+01 9.034399e+01
      vertex   -1.269763e+02 6.951914e+01 8.634399e+01
      vertex   -1.269763e+02 6.951914e+01 9.034399e+01
    endloop
  endfacet
  facet normal 3.090170e-01 9.510565e-01 0.000000e+00
    outer loop
      vertex   -1.269763e+02 6.951914e+01 9.034399e+01
      vertex   -1.269763e+02 6.951914e+01 8.634399e+01
      vertex   -1.273935e+02 6.965470e+01 8.634399e+01
    endloop
  endfacet
  facet normal 3.090170e-01 9.510565e-01 0.000000e+00
    outer loop
      vertex   -1.269763e+02 6.951914e+01 9.034399e+01
      vertex   -1.273935e+02 6.965470e+01 8.634399e+01
      vertex   -1.273935e+02 6.965470e+01 9.034399e+01
    endloop
  endfacet
  facet normal 5.358268e-01 8.443279e-01 0.000000e+00
    outer loop
      vertex   -1.273935e+02 6.965470e+01 9.034399e+01
      vertex   -1.273935e+02 6.965470e+01 8.634399e+01
      vertex   -1.277639e+02 6.988975e+01 8.634399e+01
    endloop
  endfacet
  facet normal 5.358268e-01 8.443279e-01 0.000000e+00
    outer loop
      vertex   -1.273935e+02 6.965470e+01 9.034399e+01
      vertex   -1.277639e+02 6.988975e+01 8.634399e+01
      vertex   -1.277639e+02 6.988975e+01 9.034399e+01
    endloop
  endfacet
  facet normal 7.289686e-01 6.845471e-01 0.000000e+00
    outer loop
      vertex   -1.277639e+02 6.988975e+01 9.034399e+01
      vertex   -1.277639e+02 6.988975e+01 8.634399e+01
      vertex   -1.280641e+02 7.020952e+01 8.634399e+01
    endloop
  endfacet
  facet normal 7.289686e-01 6.845471e-01 0.000000e+00
    outer loop
      vertex   -1.277639e+02 6.988975e+01 9.034399e+01
      vertex   -1.280641e+02 7.020952e+01 8.634399e+01
      vertex   -1.280641e+02 7.020952e+01 9.034399e+01
    endloop
  endfacet
  facet normal 8.763067e-01 4.817537e-01 0.000000e+00
    outer loop
      vertex   -1.280641e+02 7.020952e+01 9.034399e+01
      vertex   -1.280641e+02 7.020952e+01 8.634399e+01
      vertex   -1.282755e+02 7.059393e+01 8.634399e+01
    endloop
  endfacet
  facet normal 8.763067e-01 4.817537e-01 0.000000e+00
    outer loop
      vertex   -1.280641e+02 7.020952e+01 9.034399e+01
      vertex   -1.282755e+02 7.059393e+01 8.634399e+01
      vertex   -1.282755e+02 7.059393e+01 9.034399e+01
    endloop
  endfacet
  facet normal 9.685832e-01 2.486899e-01 0.000000e+00
    outer loop
      vertex   -1.282755e+02 7.059393e+01 9.034399e+01
      vertex   -1.282755e+02 7.059393e+01 8.634399e+01
      vertex   -1.283846e+02 7.101881e+01 8.634399e+01
    endloop
  endfacet
  facet normal 9.685832e-01 2.486899e-01 0.000000e+00
    outer loop
      vertex   -1.282755e+02 7.059393e+01 9.034399e+01
      vertex   -1.283846e+02 7.101881e+01 8.634399e+01
      vertex   -1.283846e+02 7.101881e+01 9.034399e+01
    endloop
  endfacet
  facet normal 1.000000e+00 0.000000e+00 0.000000e+00
    outer loop
      vertex   -1.283846e+02 7.101881e+01 9.034399e+01
      vertex   -1.283846e+02 7.101881e+01 8.634399e+01
      vertex   -1.283846e+02 7.145748e+01 8.634399e+01
    endloop
  endfacet
  facet normal 1.000000e+00 -0.000000e+00 0.000000e+00
    outer loop
      vertex   -1.283846e+02 7.101881e+01 9.034399e+01
      vertex   -1.283846e+02 7.145748e+01 8.634399e+01
      vertex   -1.283846e+02 7.145748e+01 9.034399e+01
    endloop
  endfacet
  facet normal 9.685832e-01 -2.486899e-01 0.000000e+00
    outer loop
      vertex   -1.283846e+02 7.145748e+01 9.034399e+01
      vertex   -1.283846e+02 7.145748e+01 8.634399e+01
      vertex   -1.282755e+02 7.188237e+01 8.634399e+01
    endloop
  endfacet
  facet normal 9.685832e-01 -2.486899e-01 0.000000e+00
    outer loop
      vertex   -1.283846e+02 7.145748e+01 9.034399e+01
      vertex   -1.282755e+02 7.188237e+01 8.634399e+01
      vertex   -1.282755e+02 7.188237e+01 9.034399e+01
    endloop
  endfacet
  facet normal 8.763067e-01 -4.817537e-01 0.000000e+00
    outer loop
      vertex   -1.282755e+02 7.188237e+01 9.034399e+01
      vertex   -1.282755e+02 7.188237e+01 8.634399e+01
      vertex   -1.280641e+02 7.226677e+01 8.634399e+01
    endloop
  endfacet
  facet normal 8.763067e-01 -4.817537e-01 0.000000e+00
    outer loop
      vertex   -1.282755e+02 7.188237e+01 9.034399e+01
      vertex   -1.280641e+02 7.226677e+01 8.634399e+01
      vertex   -1.280641e+02 7.226677e+01 9.034399e+01
    endloop
  endfacet
  facet normal 7.289686e-01 -6.845471e-01 0.000000e+00
    outer loop
      vertex   -1.280641e+02 7.226677e+01 9.034399e+01
      vertex   -1.280641e+02 7.226677e+01 8.634399e+01
      vertex   -1.277639e+02 7.258655e+01 8.634399e+01
    endloop
  endfacet
  facet normal 7.289686e-01 -6.845471e-01 0.000000e+00
    outer loop
      vertex   -1.280641e+02 7.226677e+01 9.034399e+01
      vertex   -1.277639e+02 7.258655e+01 8.634399e+01
      vertex   -1.277639e+02 7.258655e+01 9.034399e+01
    endloop
  endfacet
  facet normal 5.358268e-01 -8.443279e-01 0.000000e+00
    outer loop
      vertex   -1.277639e+02 7.258655e+01 9.034399e+01
      vertex   -1.277639e+02 7.258655e+01 8.634399e+01
      vertex   -1.273935e+02 7.282159e+01 8.634399e+01
    endloop
  endfacet
  facet normal 5.358268e-01 -8.443279e-01 0.000000e+00
    outer loop
      vertex   -1.277639e+02 7.258655e+01 9.034399e+01
      vertex   -1.273935e+02 7.282159e+01 8.634399e+01
      vertex   -1.273935e+02 7.282159e+01 9.034399e+01
    endloop
  endfacet
  facet normal 3.090170e-01 -9.510565e-01 0.000000e+00
    outer loop
      vertex   -1.273935e+02 7.282159e+01 9.034399e+01
      vertex   -1.273935e+02 7.282159e+01 8.634399e+01
      vertex   -1.269763e+02 7.295715e+01 8.634399e+01
    endloop
  endfacet
  facet normal 3.090170e-01 -9.510565e-01 0.000000e+00
    outer loop
      vertex   -1.273935e+02 7.282159e+01 9.034399e+01
      vertex   -1.269763e+02 7.295715e+01 8.634399e+01
      vertex   -1.269763e+02 7.295715e+01 9.034399e+01
    endloop
  endfacet
  facet normal 6.279052e-02 -9.980267e-01 0.000000e+00
    outer loop
      vertex   -1.269763e+02 7.295715e+01 9.034399e+01
      vertex   -1.269763e+02 7.295715e+01 8.634399e+01
      vertex   -1.265385e+02 7.298469e+01 8.634399e+01
    endloop
  endfacet
  facet normal 6.279052e-02 -9.980267e-01 0.000000e+00
    outer loop
      vertex   -1.269763e+02 7.295715e+01 9.034399e+01
      vertex   -1.265385e+02 7.298469e+01 8.634399e+01
      vertex   -1.265385e+02 7.298469e+01 9.034399e+01
    endloop
  endfacet
  facet normal -1.873813e-01 -9.822873e-01 -0.000000e+00
    outer loop
      vertex   -1.265385e+02 7.298469e+01 9.034399e+01
      vertex   -1.265385e+02 7.298469e+01 8.634399e+01
      vertex   -1.261076e+02 7.290250e+01 8.634399e+01
    endloop
  endfacet
  facet normal -1.873813e-01 -9.822873e-01 0.000000e+00
    outer loop
      vertex   -1.265385e+02 7.298469e+01 9.034399e+01
      vertex   -1.261076e+02 7.290250e+01 8.634399e+01
      vertex   -1.261076e+02 7.290250e+01 9.034399e+01
    endloop
  endfacet
  facet normal -4.257793e-01 -9.048271e-01 -0.000000e+00
    outer loop
      vertex   -1.261076e+02 7.290250e+01 9.034399e+01
      vertex   -1.261076e+02 7.290250e+01 8.634399e+01
      vertex   -1.257107e+02 7.271572e+01 8.634399e+01
    endloop
  endfacet
  facet normal -4.257793e-01 -9.048271e-01 0.000000e+00
    outer loop
      vertex   -1.261076e+02 7.290250e+01 9.034399e+01
      vertex   -1.257107e+02 7.271572e+01 8.634399e+01
      vertex   -1.257107e+02 7.271572e+01 9.034399e+01
    endloop
  endfacet
  facet normal -6.374240e-01 -7.705132e-01 -0.000000e+00
    outer loop
      vertex   -1.257107e+02 7.271572e+01 9.034399e+01
      vertex   -1.257107e+02 7.271572e+01 8.634399e+01
      vertex   -1.253727e+02 7.243610e+01 8.634399e+01
    endloop
  endfacet
  facet normal -6.374240e-01 -7.705132e-01 0.000000e+00
    outer loop
      vertex   -1.257107e+02 7.271572e+01 9.034399e+01
      vertex   -1.253727e+02 7.243610e+01 8.634399e+01
      vertex   -1.253727e+02 7.243610e+01 9.034399e+01
    endloop
  endfacet
  facet normal -8.090170e-01 -5.877853e-01 -0.000000e+00
    outer loop
      vertex   -1.253727e+02 7.243610e+01 9.034399e+01
      vertex   -1.253727e+02 7.243610e+01 8.634399e+01
      vertex   -1.251148e+02 7.208122e+01 8.634399e+01
    endloop
  endfacet
  facet normal -8.090170e-01 -5.877853e-01 0.000000e+00
    outer loop
      vertex   -1.253727e+02 7.243610e+01 9.034399e+01
      vertex   -1.251148e+02 7.208122e+01 8.634399e+01
      vertex   -1.251148e+02 7.208122e+01 9.034399e+01
    endloop
  endfacet
  facet normal -9.297765e-01 -3.681246e-01 -0.000000e+00
    outer loop
      vertex   -1.251148e+02 7.208122e+01 9.034399e+01
      vertex   -1.251148e+02 7.208122e+01 8.634399e+01
      vertex   -1.249533e+02 7.167335e+01 8.634399e+01
    endloop
  endfacet
  facet normal -9.297765e-01 -3.681246e-01 0.000000e+00
    outer loop
      vertex   -1.251148e+02 7.208122e+01 9.034399e+01
      vertex   -1.249533e+02 7.167335e+01 8.634399e+01
      vertex   -1.249533e+02 7.167335e+01 9.034399e+01
    endloop
  endfacet
  facet normal -9.921147e-01 -1.253332e-01 -0.000000e+00
    outer loop
      vertex   -1.249533e+02 7.167335e+01 9.034399e+01
      vertex   -1.249533e+02 7.167335e+01 8.634399e+01
      vertex   -1.248984e+02 7.123815e+01 8.634399e+01
    endloop
  endfacet
  facet normal 7.202197e-01 -6.830257e-01 1.214884e-01
    outer loop
      vertex   -1.273721e+02 7.213187e+01 8.626651e+01
      vertex   -1.274615e+02 7.205132e+01 8.634399e+01
      vertex   -1.275787e+02 7.191410e+01 8.626729e+01
    endloop
  endfacet
  facet normal 7.874054e-01 -6.041974e-01 -1.222225e-01
    outer loop
      vertex   -1.275787e+02 7.191410e+01 8.626729e+01
      vertex   -1.274615e+02 7.205132e+01 8.634399e+01
      vertex   -1.276443e+02 7.181315e+01 8.634399e+01
    endloop
  endfacet
  facet normal 8.721296e-01 -4.738893e-01 1.217327e-01
    outer loop
      vertex   -1.275787e+02 7.191410e+01 8.626729e+01
      vertex   -1.276443e+02 7.181315e+01 8.634399e+01
      vertex   -1.277220e+02 7.165027e+01 8.626651e+01
    endloop
  endfacet
  facet normal 9.170908e-01 -3.798715e-01 -1.210044e-01
    outer loop
      vertex   -1.277220e+02 7.165027e+01 8.626651e+01
      vertex   -1.276443e+02 7.181315e+01 8.634399e+01
      vertex   -1.277592e+02 7.153579e+01 8.634399e+01
    endloop
  endfacet
  facet normal 9.651755e-01 -2.326596e-01 1.196071e-01
    outer loop
      vertex   -1.277220e+02 7.165027e+01 8.626651e+01
      vertex   -1.277592e+02 7.153579e+01 8.634399e+01
      vertex   -1.277921e+02 7.135836e+01 8.626421e+01
    endloop
  endfacet
  facet normal 9.845690e-01 -1.296210e-01 -1.175680e-01
    outer loop
      vertex   -1.277921e+02 7.135836e+01 8.626421e+01
      vertex   -1.277592e+02 7.153579e+01 8.634399e+01
      vertex   -1.277984e+02 7.123815e+01 8.634399e+01
    endloop
  endfacet
  facet normal 9.930050e-01 2.459625e-02 1.154818e-01
    outer loop
      vertex   -1.277921e+02 7.135836e+01 8.626421e+01
      vertex   -1.277984e+02 7.123815e+01 8.634399e+01
      vertex   -1.277842e+02 7.105825e+01 8.626056e+01
    endloop
  endfacet
  facet normal 9.851527e-01 1.296978e-01 -1.124838e-01
    outer loop
      vertex   -1.277842e+02 7.105825e+01 8.626056e+01
      vertex   -1.277984e+02 7.123815e+01 8.634399e+01
      vertex   -1.277592e+02 7.094051e+01 8.634399e+01
    endloop
  endfacet
  facet normal 9.534950e-01 2.806177e-01 1.100045e-01
    outer loop
      vertex   -1.277842e+02 7.105825e+01 8.626056e+01
      vertex   -1.277592e+02 7.094051e+01 8.634399e+01
      vertex   -1.276989e+02 7.077040e+01 8.625579e+01
    endloop
  endfacet
  facet normal 9.186272e-01 3.805079e-01 -1.064792e-01
    outer loop
      vertex   -1.276989e+02 7.077040e+01 8.625579e+01
      vertex   -1.277592e+02 7.094051e+01 8.634399e+01
      vertex   -1.276443e+02 7.066315e+01 8.634399e+01
    endloop
  endfacet
  facet normal 8.490273e-01 5.180331e-01 1.038961e-01
    outer loop
      vertex   -1.276989e+02 7.077040e+01 8.625579e+01
      vertex   -1.276443e+02 7.066315e+01 8.634399e+01
      vertex   -1.275421e+02 7.051443e+01 8.625025e+01
    endloop
  endfacet
  facet normal 7.893572e-01 6.056951e-01 -1.002434e-01
    outer loop
      vertex   -1.275421e+02 7.051443e+01 8.625025e+01
      vertex   -1.276443e+02 7.066315e+01 8.634399e+01
      vertex   -1.274615e+02 7.042497e+01 8.634399e+01
    endloop
  endfacet
  facet normal 6.864608e-01 7.205619e-01 9.778563e-02
    outer loop
      vertex   -1.275421e+02 7.051443e+01 8.625025e+01
      vertex   -1.274615e+02 7.042497e+01 8.634399e+01
      vertex   -1.273243e+02 7.030778e+01 8.624429e+01
    endloop
  endfacet
  facet normal 6.060480e-01 7.898171e-01 -9.431256e-02
    outer loop
      vertex   -1.273243e+02 7.030778e+01 8.624429e+01
      vertex   -1.274615e+02 7.042497e+01 8.634399e+01
      vertex   -1.272234e+02 7.024222e+01 8.634399e+01
    endloop
  endfacet
  facet normal 4.767340e-01 8.742061e-01 9.213268e-02
    outer loop
      vertex   -1.273243e+02 7.030778e+01 8.624429e+01
      vertex   -1.272234e+02 7.024222e+01 8.634399e+01
      vertex   -1.270605e+02 7.016453e+01 8.623834e+01
    endloop
  endfacet
  facet normal 3.811634e-01 9.202098e-01 -8.904167e-02
    outer loop
      vertex   -1.270605e+02 7.016453e+01 8.623834e+01
      vertex   -1.272234e+02 7.024222e+01 8.634399e+01
      vertex   -1.269460e+02 7.012733e+01 8.634399e+01
    endloop
  endfacet
  facet normal 2.341225e-01 9.682863e-01 8.722519e-02
    outer loop
      vertex   -1.270605e+02 7.016453e+01 8.623834e+01
      vertex   -1.269460e+02 7.012733e+01 8.634399e+01
      vertex   -1.267686e+02 7.009445e+01 8.623279e+01
    endloop
  endfacet
  facet normal 1.300579e-01 9.878878e-01 -8.463220e-02
    outer loop
      vertex   -1.267686e+02 7.009445e+01 8.623279e+01
      vertex   -1.269460e+02 7.012733e+01 8.634399e+01
      vertex   -1.266484e+02 7.008815e+01 8.634399e+01
    endloop
  endfacet
  facet normal -2.476617e-02 9.962236e-01 8.321723e-02
    outer loop
      vertex   -1.267686e+02 7.009445e+01 8.623279e+01
      vertex   -1.266484e+02 7.008815e+01 8.634399e+01
      vertex   -1.264685e+02 7.010231e+01 8.622803e+01
    endloop
  endfacet
  facet normal -1.300954e-01 9.881726e-01 -8.117892e-02
    outer loop
      vertex   -1.264685e+02 7.010231e+01 8.622803e+01
      vertex   -1.266484e+02 7.008815e+01 8.634399e+01
      vertex   -1.263507e+02 7.012733e+01 8.634399e+01
    endloop
  endfacet
  facet normal -2.821649e-01 9.560099e-01 8.017528e-02
    outer loop
      vertex   -1.264685e+02 7.010231e+01 8.622803e+01
      vertex   -1.263507e+02 7.012733e+01 8.634399e+01
      vertex   -1.261806e+02 7.018757e+01 8.622438e+01
    endloop
  endfacet
  facet normal -3.814961e-01 9.210130e-01 -7.871382e-02
    outer loop
      vertex   -1.261806e+02 7.018757e+01 8.622438e+01
      vertex   -1.263507e+02 7.012733e+01 8.634399e+01
      vertex   -1.260734e+02 7.024222e+01 8.634399e+01
    endloop
  endfacet
  facet normal -5.203920e-01 8.503469e-01 7.811767e-02
    outer loop
      vertex   -1.261806e+02 7.018757e+01 8.622438e+01
      vertex   -1.260734e+02 7.024222e+01 8.634399e+01
      vertex   -1.259246e+02 7.034443e+01 8.622208e+01
    endloop
  endfacet
  facet normal -6.069428e-01 7.909833e-01 -7.723918e-02
    outer loop
      vertex   -1.259246e+02 7.034443e+01 8.622208e+01
      vertex   -1.260734e+02 7.024222e+01 8.634399e+01
      vertex   -1.258352e+02 7.042497e+01 8.634399e+01
    endloop
  endfacet
  facet normal -7.230800e-01 6.864545e-01 7.704238e-02
    outer loop
      vertex   -1.259246e+02 7.034443e+01 8.622208e+01
      vertex   -1.258352e+02 7.042497e+01 8.634399e+01
      vertex   -1.257180e+02 7.056219e+01 8.622129e+01
    endloop
  endfacet
  facet normal -7.910133e-01 6.069659e-01 -7.674872e-02
    outer loop
      vertex   -1.257180e+02 7.056219e+01 8.622129e+01
      vertex   -1.258352e+02 7.042497e+01 8.634399e+01
      vertex   -1.256524e+02 7.066315e+01 8.634399e+01
    endloop
  endfacet
  facet normal -8.763076e-01 4.755676e-01 7.694402e-02
    outer loop
      vertex   -1.257180e+02 7.056219e+01 8.622129e+01
      vertex   -1.256524e+02 7.066315e+01 8.634399e+01
      vertex   -1.255747e+02 7.082602e+01 8.622208e+01
    endloop
  endfacet
  facet normal -9.211195e-01 3.815402e-01 -7.723918e-02
    outer loop
      vertex   -1.255747e+02 7.082602e+01 8.622208e+01
      vertex   -1.256524e+02 7.066315e+01 8.634399e+01
      vertex   -1.255375e+02 7.094051e+01 8.634399e+01
    endloop
  endfacet
  facet normal -9.695599e-01 2.321582e-01 7.782196e-02
    outer loop
      vertex   -1.255747e+02 7.082602e+01 8.622208e+01
      vertex   -1.255375e+02 7.094051e+01 8.634399e+01
      vertex   -1.255047e+02 7.111794e+01 8.622438e+01
    endloop
  endfacet
  facet normal -9.883687e-01 1.301212e-01 -7.871382e-02
    outer loop
      vertex   -1.255047e+02 7.111794e+01 8.622438e+01
      vertex   -1.255375e+02 7.094051e+01 8.634399e+01
      vertex   -1.254984e+02 7.123815e+01 8.634399e+01
    endloop
  endfacet
  facet normal -9.964530e-01 -2.706351e-02 7.968102e-02
    outer loop
      vertex   -1.255047e+02 7.111794e+01 8.622438e+01
      vertex   -1.254984e+02 7.123815e+01 8.634399e+01
      vertex   -1.255125e+02 7.141805e+01 8.622803e+01
    endloop
  endfacet
  facet normal -9.881726e-01 -1.300954e-01 -8.117892e-02
    outer loop
      vertex   -1.255125e+02 7.141805e+01 8.622803e+01
      vertex   -1.254984e+02 7.123815e+01 8.634399e+01
      vertex   -1.255375e+02 7.153579e+01 8.634399e+01
    endloop
  endfacet
  facet normal -9.551765e-01 -2.843018e-01 8.252496e-02
    outer loop
      vertex   -1.255125e+02 7.141805e+01 8.622803e+01
      vertex   -1.255375e+02 7.153579e+01 8.634399e+01
      vertex   -1.255978e+02 7.170589e+01 8.623279e+01
    endloop
  endfacet
  facet normal -9.205649e-01 -3.813105e-01 -8.463220e-02
    outer loop
      vertex   -1.255978e+02 7.170589e+01 8.623279e+01
      vertex   -1.255375e+02 7.153579e+01 8.634399e+01
      vertex   -1.256524e+02 7.181315e+01 8.634399e+01
    endloop
  endfacet
  facet normal -8.486214e-01 -5.219070e-01 8.634142e-02
    outer loop
      vertex   -1.255978e+02 7.170589e+01 8.623279e+01
      vertex   -1.256524e+02 7.181315e+01 8.634399e+01
      vertex   -1.257546e+02 7.196187e+01 8.623834e+01
    endloop
  endfacet
  facet normal -7.902021e-01 -6.063434e-01 -8.904167e-02
    outer loop
      vertex   -1.257546e+02 7.196187e+01 8.623834e+01
      vertex   -1.256524e+02 7.181315e+01 8.634399e+01
      vertex   -1.258352e+02 7.205132e+01 8.634399e+01
    endloop
  endfacet
  facet normal -6.841826e-01 -7.236016e-01 9.107644e-02
    outer loop
      vertex   -1.257546e+02 7.196187e+01 8.623834e+01
      vertex   -1.258352e+02 7.205132e+01 8.634399e+01
      vertex   -1.259724e+02 7.216852e+01 8.624429e+01
    endloop
  endfacet
  facet normal -6.060480e-01 -7.898171e-01 -9.431256e-02
    outer loop
      vertex   -1.259724e+02 7.216852e+01 8.624429e+01
      vertex   -1.258352e+02 7.205132e+01 8.634399e+01
      vertex   -1.260734e+02 7.223408e+01 8.634399e+01
    endloop
  endfacet
  facet normal -4.732432e-01 -8.756197e-01 9.659726e-02
    outer loop
      vertex   -1.259724e+02 7.216852e+01 8.624429e+01
      vertex   -1.260734e+02 7.223408e+01 8.634399e+01
      vertex   -1.262362e+02 7.231176e+01 8.625025e+01
    endloop
  endfacet
  facet normal -3.807558e-01 -9.192259e-01 -1.002434e-01
    outer loop
      vertex   -1.262362e+02 7.231176e+01 8.625025e+01
      vertex   -1.260734e+02 7.223408e+01 8.634399e+01
      vertex   -1.263507e+02 7.234896e+01 8.634399e+01
    endloop
  endfacet
  facet normal -2.303676e-01 -9.676748e-01 1.026466e-01
    outer loop
      vertex   -1.262362e+02 7.231176e+01 8.625025e+01
      vertex   -1.263507e+02 7.234896e+01 8.634399e+01
      vertex   -1.265282e+02 7.238185e+01 8.625579e+01
    endloop
  endfacet
  facet normal -1.297841e-01 -9.858084e-01 -1.064792e-01
    outer loop
      vertex   -1.265282e+02 7.238185e+01 8.625579e+01
      vertex   -1.263507e+02 7.234896e+01 8.634399e+01
      vertex   -1.266484e+02 7.238815e+01 8.634399e+01
    endloop
  endfacet
  facet normal 2.774727e-02 -9.936762e-01 1.088011e-01
    outer loop
      vertex   -1.265282e+02 7.238185e+01 8.625579e+01
      vertex   -1.266484e+02 7.238815e+01 8.634399e+01
      vertex   -1.268283e+02 7.237399e+01 8.626056e+01
    endloop
  endfacet
  facet normal 1.296978e-01 -9.851527e-01 -1.124838e-01
    outer loop
      vertex   -1.268283e+02 7.237399e+01 8.626056e+01
      vertex   -1.266484e+02 7.238815e+01 8.634399e+01
      vertex   -1.269460e+02 7.234896e+01 8.634399e+01
    endloop
  endfacet
  facet normal 2.834846e-01 -9.521212e-01 1.144627e-01
    outer loop
      vertex   -1.268283e+02 7.237399e+01 8.626056e+01
      vertex   -1.269460e+02 7.234896e+01 8.634399e+01
      vertex   -1.271161e+02 7.228872e+01 8.626421e+01
    endloop
  endfacet
  facet normal 3.800295e-01 -9.174723e-01 -1.175680e-01
    outer loop
      vertex   -1.271161e+02 7.228872e+01 8.626421e+01
      vertex   -1.269460e+02 7.234896e+01 8.634399e+01
      vertex   -1.272234e+02 7.223408e+01 8.634399e+01
    endloop
  endfacet
  facet normal 5.195668e-01 -8.461140e-01 1.189180e-01
    outer loop
      vertex   -1.271161e+02 7.228872e+01 8.626421e+01
      vertex   -1.272234e+02 7.223408e+01 8.634399e+01
      vertex   -1.273721e+02 7.213187e+01 8.626651e+01
    endloop
  endfacet
  facet normal 6.042882e-01 -7.875238e-01 -1.210044e-01
    outer loop
      vertex   -1.273721e+02 7.213187e+01 8.626651e+01
      vertex   -1.272234e+02 7.223408e+01 8.634399e+01
      vertex   -1.274615e+02 7.205132e+01 8.634399e+01
    endloop
  endfacet
  facet normal 0.000000e+00 0.000000e+00 1.000000e+00
    outer loop
      vertex   -1.164607e+02 7.672757e+01 4.534399e+01
      vertex   -1.309500e+02 7.672757e+01 4.534399e+01
      vertex   -1.265791e+02 6.280075e+01 4.534399e+01
    endloop
  endfacet
  facet normal 0.000000e+00 0.000000e+00 1.000000e+00
    outer loop
      vertex   -1.265791e+02 6.280075e+01 4.534399e+01
      vertex   -1.309500e+02 7.672757e+01 4.534399e+01
      vertex   -1.360625e+02 6.969083e+01 4.534399e+01
    endloop
  endfacet
  facet normal -8.090170e-01 5.877853e-01 -5.635698e-16
    outer loop
      vertex   -1.164607e+02 7.672757e+01 4.534399e+01
      vertex   -1.265791e+02 6.280075e+01 4.534399e+01
      vertex   -1.164607e+02 7.672757e+01 8.614399e+01
    endloop
  endfacet
  facet normal -8.090170e-01 5.877853e-01 0.000000e+00
    outer loop
      vertex   -1.164607e+02 7.672757e+01 8.614399e+01
      vertex   -1.265791e+02 6.280075e+01 4.534399e+01
      vertex   -1.265791e+02 6.280075e+01 8.614399e+01
    endloop
  endfacet
  facet normal -1.617710e-02 1.175335e-02 -9.998001e-01
    outer loop
      vertex   -1.273721e+02 7.213187e+01 8.626651e+01
      vertex   -1.275787e+02 7.191410e+01 8.626729e+01
      vertex   -1.288214e+02 7.672757e+01 8.634399e+01
    endloop
  endfacet
  facet normal -1.617710e-02 1.175335e-02 -9.998001e-01
    outer loop
      vertex   -1.288214e+02 7.672757e+01 8.634399e+01
      vertex   -1.275787e+02 7.191410e+01 8.626729e+01
      vertex   -1.277220e+02 7.165027e+01 8.626651e+01
    endloop
  endfacet
  facet normal -1.617710e-02 1.175335e-02 -9.998001e-01
    outer loop
      vertex   -1.288214e+02 7.672757e+01 8.634399e+01
      vertex   -1.277220e+02 7.165027e+01 8.626651e+01
      vertex   -1.346693e+02 6.867861e+01 8.634399e+01
    endloop
  endfacet
  facet normal -1.617710e-02 1.175335e-02 -9.998001e-01
    outer loop
      vertex   -1.346693e+02 6.867861e+01 8.634399e+01
      vertex   -1.277220e+02 7.165027e+01 8.626651e+01
      vertex   -1.277921e+02 7.135836e+01 8.626421e+01
    endloop
  endfacet
  facet normal -1.617710e-02 1.175335e-02 -9.998001e-01
    outer loop
      vertex   -1.346693e+02 6.867861e+01 8.634399e+01
      vertex   -1.277921e+02 7.135836e+01 8.626421e+01
      vertex   -1.277842e+02 7.105825e+01 8.626056e+01
    endloop
  endfacet
  facet normal -1.617710e-02 1.175335e-02 -9.998001e-01
    outer loop
      vertex   -1.277842e+02 7.105825e+01 8.626056e+01
      vertex   -1.276989e+02 7.077040e+01 8.625579e+01
      vertex   -1.346693e+02 6.867861e+01 8.634399e+01
    endloop
  endfacet
  facet normal -1.617710e-02 1.175335e-02 -9.998001e-01
    outer loop
      vertex   -1.346693e+02 6.867861e+01 8.634399e+01
      vertex   -1.276989e+02 7.077040e+01 8.625579e+01
      vertex   -1.275421e+02 7.051443e+01 8.625025e+01
    endloop
  endfacet
  facet normal -1.617710e-02 1.175335e-02 -9.998001e-01
    outer loop
      vertex   -1.346693e+02 6.867861e+01 8.634399e+01
      vertex   -1.275421e+02 7.051443e+01 8.625025e+01
      vertex   -1.273243e+02 7.030778e+01 8.624429e+01
    endloop
  endfacet
  facet normal -1.617710e-02 1.175335e-02 -9.998001e-01
    outer loop
      vertex   -1.273243e+02 7.030778e+01 8.624429e+01
      vertex   -1.270605e+02 7.016453e+01 8.623834e+01
      vertex   -1.346693e+02 6.867861e+01 8.634399e+01
    endloop
  endfacet
  facet normal -1.617710e-02 1.175335e-02 -9.998001e-01
    outer loop
      vertex   -1.346693e+02 6.867861e+01 8.634399e+01
      vertex   -1.270605e+02 7.016453e+01 8.623834e+01
      vertex   -1.265791e+02 6.280075e+01 8.614399e+01
    endloop
  endfacet
  facet normal -1.617710e-02 1.175335e-02 -9.998001e-01
    outer loop
      vertex   -1.265791e+02 6.280075e+01 8.614399e+01
      vertex   -1.270605e+02 7.016453e+01 8.623834e+01
      vertex   -1.267686e+02 7.009445e+01 8.623279e+01
    endloop
  endfacet
  facet normal -1.617710e-02 1.175335e-02 -9.998001e-01
    outer loop
      vertex   -1.265791e+02 6.280075e+01 8.614399e+01
      vertex   -1.267686e+02 7.009445e+01 8.623279e+01
      vertex   -1.264685e+02 7.010231e+01 8.622803e+01
    endloop
  endfacet
  facet normal -1.617710e-02 1.175335e-02 -9.998001e-01
    outer loop
      vertex   -1.264685e+02 7.010231e+01 8.622803e+01
      vertex   -1.261806e+02 7.018757e+01 8.622438e+01
      vertex   -1.265791e+02 6.280075e+01 8.614399e+01
    endloop
  endfacet
  facet normal -1.617710e-02 1.175335e-02 -9.998001e-01
    outer loop
      vertex   -1.265791e+02 6.280075e+01 8.614399e+01
      vertex   -1.261806e+02 7.018757e+01 8.622438e+01
      vertex   -1.259246e+02 7.034443e+01 8.622208e+01
    endloop
  endfacet
  facet normal -1.617710e-02 1.175335e-02 -9.998001e-01
    outer loop
      vertex   -1.265791e+02 6.280075e+01 8.614399e+01
      vertex   -1.259246e+02 7.034443e+01 8.622208e+01
      vertex   -1.257180e+02 7.056219e+01 8.622129e+01
    endloop
  endfacet
  facet normal -1.617710e-02 1.175335e-02 -9.998001e-01
    outer loop
      vertex   -1.265791e+02 6.280075e+01 8.614399e+01
      vertex   -1.257180e+02 7.056219e+01 8.622129e+01
      vertex   -1.164607e+02 7.672757e+01 8.614399e+01
    endloop
  endfacet
  facet normal -1.617710e-02 1.175335e-02 -9.998001e-01
    outer loop
      vertex   -1.164607e+02 7.672757e+01 8.614399e+01
      vertex   -1.257180e+02 7.056219e+01 8.622129e+01
      vertex   -1.255747e+02 7.082602e+01 8.622208e+01
    endloop
  endfacet
  facet normal -1.617710e-02 1.175335e-02 -9.998001e-01
    outer loop
      vertex   -1.164607e+02 7.672757e+01 8.614399e+01
      vertex   -1.255747e+02 7.082602e+01 8.622208e+01
      vertex   -1.255047e+02 7.111794e+01 8.622438e+01
    endloop
  endfacet
  facet normal -1.617710e-02 1.175335e-02 -9.998001e-01
    outer loop
      vertex   -1.255047e+02 7.111794e+01 8.622438e+01
      vertex   -1.255125e+02 7.141805e+01 8.622803e+01
      vertex   -1.164607e+02 7.672757e+01 8.614399e+01
    endloop
  endfacet
  facet normal -1.617710e-02 1.175335e-02 -9.998001e-01
    outer loop
      vertex   -1.164607e+02 7.672757e+01 8.614399e+01
      vertex   -1.255125e+02 7.141805e+01 8.622803e+01
      vertex   -1.255978e+02 7.170589e+01 8.623279e+01
    endloop
  endfacet
  facet normal -1.617710e-02 1.175335e-02 -9.998001e-01
    outer loop
      vertex   -1.164607e+02 7.672757e+01 8.614399e+01
      vertex   -1.255978e+02 7.170589e+01 8.623279e+01
      vertex   -1.257546e+02 7.196187e+01 8.623834e+01
    endloop
  endfacet
  facet normal -1.617710e-02 1.175335e-02 -9.998001e-01
    outer loop
      vertex   -1.257546e+02 7.196187e+01 8.623834e+01
      vertex   -1.259724e+02 7.216852e+01 8.624429e+01
      vertex   -1.164607e+02 7.672757e+01 8.614399e+01
    endloop
  endfacet
  facet normal -1.617710e-02 1.175335e-02 -9.998001e-01
    outer loop
      vertex   -1.164607e+02 7.672757e+01 8.614399e+01
      vertex   -1.259724e+02 7.216852e+01 8.624429e+01
      vertex   -1.262362e+02 7.231176e+01 8.625025e+01
    endloop
  endfacet
  facet normal -1.617710e-02 1.175335e-02 -9.998001e-01
    outer loop
      vertex   -1.164607e+02 7.672757e+01 8.614399e+01
      vertex   -1.262362e+02 7.231176e+01 8.625025e+01
      vertex   -1.288214e+02 7.672757e+01 8.634399e+01
    endloop
  endfacet
  facet normal -1.617710e-02 1.175335e-02 -9.998001e-01
    outer loop
      vertex   -1.288214e+02 7.672757e+01 8.634399e+01
      vertex   -1.262362e+02 7.231176e+01 8.625025e+01
      vertex   -1.265282e+02 7.238185e+01 8.625579e+01
    endloop
  endfacet
  facet normal -1.617710e-02 1.175335e-02 -9.998001e-01
    outer loop
      vertex   -1.288214e+02 7.672757e+01 8.634399e+01
      vertex   -1.265282e+02 7.238185e+01 8.625579e+01
      vertex   -1.268283e+02 7.237399e+01 8.626056e+01
    endloop
  endfacet
  facet normal -1.617710e-02 1.175335e-02 -9.998001e-01
    outer loop
      vertex   -1.268283e+02 7.237399e+01 8.626056e+01
      vertex   -1.271161e+02 7.228872e+01 8.626421e+01
      vertex   -1.288214e+02 7.672757e+01 8.634399e+01
    endloop
  endfacet
  facet normal -1.617710e-02 1.175335e-02 -9.998001e-01
    outer loop
      vertex   -1.288214e+02 7.672757e+01 8.634399e+01
      vertex   -1.271161e+02 7.228872e+01 8.626421e+01
      vertex   -1.273721e+02 7.213187e+01 8.626651e+01
    endloop
  endfacet
  facet normal -8.090170e-01 5.877853e-01 0.000000e+00
    outer loop
      vertex   -1.288214e+02 7.672757e+01 8.634399e+01
      vertex   -1.346693e+02 6.867861e+01 8.634399e+01
      vertex   -1.288214e+02 7.672757e+01 9.034399e+01
    endloop
  endfacet
  facet normal -8.090170e-01 5.877853e-01 0.000000e+00
    outer loop
      vertex   -1.288214e+02 7.672757e+01 9.034399e+01
      vertex   -1.346693e+02 6.867861e+01 8.634399e+01
      vertex   -1.346693e+02 6.867861e+01 9.034399e+01
    endloop
  endfacet
  facet normal -0.000000e+00 0.000000e+00 1.000000e+00
    outer loop
      vertex   -1.249533e+02 7.167335e+01 9.034399e+01
      vertex   -1.248984e+02 7.123815e+01 9.034399e+01
      vertex   -1.005427e+02 7.672757e+01 9.034399e+01
    endloop
  endfacet
  facet normal 0.000000e+00 0.000000e+00 1.000000e+00
    outer loop
      vertex   -1.005427e+02 7.672757e+01 9.034399e+01
      vertex   -1.248984e+02 7.123815e+01 9.034399e+01
      vertex   -1.249533e+02 7.080294e+01 9.034399e+01
    endloop
  endfacet
  facet normal 0.000000e+00 0.000000e+00 1.000000e+00
    outer loop
      vertex   -1.005427e+02 7.672757e+01 9.034399e+01
      vertex   -1.249533e+02 7.080294e+01 9.034399e+01
      vertex   -1.251148e+02 7.039508e+01 9.034399e+01
    endloop
  endfacet
  facet normal 0.000000e+00 0.000000e+00 1.000000e+00
    outer loop
      vertex   -1.005427e+02 7.672757e+01 9.034399e+01
      vertex   -1.251148e+02 7.039508e+01 9.034399e+01
      vertex   -1.161607e+02 5.523131e+01 9.034399e+01
    endloop
  endfacet
  facet normal 0.000000e+00 0.000000e+00 1.000000e+00
    outer loop
      vertex   -1.161607e+02 5.523131e+01 9.034399e+01
      vertex   -1.251148e+02 7.039508e+01 9.034399e+01
      vertex   -1.253727e+02 7.004019e+01 9.034399e+01
    endloop
  endfacet
  facet normal 0.000000e+00 0.000000e+00 1.000000e+00
    outer loop
      vertex   -1.161607e+02 5.523131e+01 9.034399e+01
      vertex   -1.253727e+02 7.004019e+01 9.034399e+01
      vertex   -1.257107e+02 6.976057e+01 9.034399e+01
    endloop
  endfacet
  facet normal 0.000000e+00 0.000000e+00 1.000000e+00
    outer loop
      vertex   -1.257107e+02 6.976057e+01 9.034399e+01
      vertex   -1.261076e+02 6.957380e+01 9.034399e+01
      vertex   -1.161607e+02 5.523131e+01 9.034399e+01
    endloop
  endfacet
  facet normal 0.000000e+00 0.000000e+00 1.000000e+00
    outer loop
      vertex   -1.161607e+02 5.523131e+01 9.034399e+01
      vertex   -1.261076e+02 6.957380e+01 9.034399e+01
      vertex   -1.265385e+02 6.949160e+01 9.034399e+01
    endloop
  endfacet
  facet normal 0.000000e+00 0.000000e+00 1.000000e+00
    outer loop
      vertex   -1.161607e+02 5.523131e+01 9.034399e+01
      vertex   -1.265385e+02 6.949160e+01 9.034399e+01
      vertex   -1.269763e+02 6.951914e+01 9.034399e+01
    endloop
  endfacet
  facet normal 0.000000e+00 0.000000e+00 1.000000e+00
    outer loop
      vertex   -1.161607e+02 5.523131e+01 9.034399e+01
      vertex   -1.269763e+02 6.951914e+01 9.034399e+01
      vertex   -1.346693e+02 6.867861e+01 9.034399e+01
    endloop
  endfacet
  facet normal 0.000000e+00 0.000000e+00 1.000000e+00
    outer loop
      vertex   -1.346693e+02 6.867861e+01 9.034399e+01
      vertex   -1.269763e+02 6.951914e+01 9.034399e+01
      vertex   -1.273935e+02 6.965470e+01 9.034399e+01
    endloop
  endfacet
  facet normal 0.000000e+00 0.000000e+00 1.000000e+00
    outer loop
      vertex   -1.346693e+02 6.867861e+01 9.034399e+01
      vertex   -1.273935e+02 6.965470e+01 9.034399e+01
      vertex   -1.277639e+02 6.988975e+01 9.034399e+01
    endloop
  endfacet
  facet normal 0.000000e+00 0.000000e+00 1.000000e+00
    outer loop
      vertex   -1.277639e+02 6.988975e+01 9.034399e+01
      vertex   -1.280641e+02 7.020952e+01 9.034399e+01
      vertex   -1.346693e+02 6.867861e+01 9.034399e+01
    endloop
  endfacet
  facet normal 0.000000e+00 0.000000e+00 1.000000e+00
    outer loop
      vertex   -1.346693e+02 6.867861e+01 9.034399e+01
      vertex   -1.280641e+02 7.020952e+01 9.034399e+01
      vertex   -1.282755e+02 7.059393e+01 9.034399e+01
    endloop
  endfacet
  facet normal 0.000000e+00 0.000000e+00 1.000000e+00
    outer loop
      vertex   -1.346693e+02 6.867861e+01 9.034399e+01
      vertex   -1.282755e+02 7.059393e+01 9.034399e+01
      vertex   -1.283846e+02 7.101881e+01 9.034399e+01
    endloop
  endfacet
  facet normal 0.000000e+00 -0.000000e+00 1.000000e+00
    outer loop
      vertex   -1.283846e+02 7.101881e+01 9.034399e+01
      vertex   -1.283846e+02 7.145748e+01 9.034399e+01
      vertex   -1.346693e+02 6.867861e+01 9.034399e+01
    endloop
  endfacet
  facet normal 0.000000e+00 0.000000e+00 1.000000e+00
    outer loop
      vertex   -1.346693e+02 6.867861e+01 9.034399e+01
      vertex   -1.283846e+02 7.145748e+01 9.034399e+01
      vertex   -1.282755e+02 7.188237e+01 9.034399e+01
    endloop
  endfacet
  facet normal 0.000000e+00 0.000000e+00 1.000000e+00
    outer loop
      vertex   -1.346693e+02 6.867861e+01 9.034399e+01
      vertex   -1.282755e+02 7.188237e+01 9.034399e+01
      vertex   -1.280641e+02 7.226677e+01 9.034399e+01
    endloop
  endfacet
  facet normal 0.000000e+00 0.000000e+00 1.000000e+00
    outer loop
      vertex   -1.346693e+02 6.867861e+01 9.034399e+01
      vertex   -1.280641e+02 7.226677e+01 9.034399e+01
      vertex   -1.288214e+02 7.672757e+01 9.034399e+01
    endloop
  endfacet
  facet normal 0.000000e+00 0.000000e+00 1.000000e+00
    outer loop
      vertex   -1.288214e+02 7.672757e+01 9.034399e+01
      vertex   -1.280641e+02 7.226677e+01 9.034399e+01
      vertex   -1.277639e+02 7.258655e+01 9.034399e+01
    endloop
  endfacet
  facet normal 0.000000e+00 0.000000e+00 1.000000e+00
    outer loop
      vertex   -1.288214e+02 7.672757e+01 9.034399e+01
      vertex   -1.277639e+02 7.258655e+01 9.034399e+01
      vertex   -1.273935e+02 7.282159e+01 9.034399e+01
    endloop
  endfacet
  facet normal 0.000000e+00 -0.000000e+00 1.000000e+00
    outer loop
      vertex   -1.273935e+02 7.282159e+01 9.034399e+01
      vertex   -1.269763e+02 7.295715e+01 9.034399e+01
      vertex   -1.288214e+02 7.672757e+01 9.034399e+01
    endloop
  endfacet
  facet normal 0.000000e+00 0.000000e+00 1.000000e+00
    outer loop
      vertex   -1.288214e+02 7.672757e+01 9.034399e+01
      vertex   -1.269763e+02 7.295715e+01 9.034399e+01
      vertex   -1.265385e+02 7.298469e+01 9.034399e+01
    endloop
  endfacet
  facet normal 0.000000e+00 0.000000e+00 1.000000e+00
    outer loop
      vertex   -1.288214e+02 7.672757e+01 9.034399e+01
      vertex   -1.265385e+02 7.298469e+01 9.034399e+01
      vertex   -1.261076e+02 7.290250e+01 9.034399e+01
    endloop
  endfacet
  facet normal -0.000000e+00 -0.000000e+00 1.000000e+00
    outer loop
      vertex   -1.261076e+02 7.290250e+01 9.034399e+01
      vertex   -1.257107e+02 7.271572e+01 9.034399e+01
      vertex   -1.288214e+02 7.672757e+01 9.034399e+01
    endloop
  endfacet
  facet normal -0.000000e+00 0.000000e+00 1.000000e+00
    outer loop
      vertex   -1.288214e+02 7.672757e+01 9.034399e+01
      vertex   -1.257107e+02 7.271572e+01 9.034399e+01
      vertex   -1.005427e+02 7.672757e+01 9.034399e+01
    endloop
  endfacet
  facet normal 0.000000e+00 0.000000e+00 1.000000e+00
    outer loop
      vertex   -1.005427e+02 7.672757e+01 9.034399e+01
      vertex   -1.257107e+02 7.271572e+01 9.034399e+01
      vertex   -1.253727e+02 7.243610e+01 9.034399e+01
    endloop
  endfacet
  facet normal 0.000000e+00 0.000000e+00 1.000000e+00
    outer loop
      vertex   -1.005427e+02 7.672757e+01 9.034399e+01
      vertex   -1.253727e+02 7.243610e+01 9.034399e+01
      vertex   -1.251148e+02 7.208122e+01 9.034399e+01
    endloop
  endfacet
  facet normal -0.000000e+00 0.000000e+00 1.000000e+00
    outer loop
      vertex   -1.251148e+02 7.208122e+01 9.034399e+01
      vertex   -1.249533e+02 7.167335e+01 9.034399e+01
      vertex   -1.005427e+02 7.672757e+01 9.034399e+01
    endloop
  endfacet
  facet normal 8.090170e-01 -5.877853e-01 -2.299365e-15
    outer loop
      vertex   -1.053317e+02 7.013616e+01 1.000000e+01
      vertex   -1.005427e+02 7.672757e+01 1.000000e+01
      vertex   -1.053317e+02 7.013616e+01 2.000000e+01
    endloop
  endfacet
  facet normal 8.090170e-01 -5.877853e-01 3.473490e-16
    outer loop
      vertex   -1.053317e+02 7.013616e+01 2.000000e+01
      vertex   -1.005427e+02 7.672757e+01 1.000000e+01
      vertex   -1.005427e+02 7.672757e+01 9.034399e+01
    endloop
  endfacet
  facet normal 8.090170e-01 -5.877853e-01 2.828273e-16
    outer loop
      vertex   -1.053317e+02 7.013616e+01 2.000000e+01
      vertex   -1.005427e+02 7.672757e+01 9.034399e+01
      vertex   -1.112095e+02 6.204599e+01 2.000000e+01
    endloop
  endfacet
  facet normal 8.090170e-01 -5.877853e-01 2.661068e-16
    outer loop
      vertex   -1.112095e+02 6.204599e+01 2.000000e+01
      vertex   -1.005427e+02 7.672757e+01 9.034399e+01
      vertex   -1.161607e+02 5.523131e+01 9.034399e+01
    endloop
  endfacet
  facet normal 8.090170e-01 -5.877853e-01 3.569669e-16
    outer loop
      vertex   -1.112095e+02 6.204599e+01 2.000000e+01
      vertex   -1.161607e+02 5.523131e+01 9.034399e+01
      vertex   -1.161607e+02 5.523131e+01 1.000000e+01
    endloop
  endfacet
  facet normal 8.090170e-01 -5.877853e-01 0.000000e+00
    outer loop
      vertex   -1.161607e+02 5.523131e+01 1.000000e+01
      vertex   -1.112095e+02 6.204599e+01 1.000000e+01
      vertex   -1.112095e+02 6.204599e+01 2.000000e+01
    endloop
  endfacet
  facet normal -8.090170e-01 5.877853e-01 -1.123232e-15
    outer loop
      vertex   -1.309500e+02 7.672757e+01 4.534399e+01
      vertex   -1.309500e+02 7.672757e+01 1.000000e+01
      vertex   -1.360625e+02 6.969083e+01 4.534399e+01
    endloop
  endfacet
  facet normal -8.090170e-01 5.877853e-01 -9.453298e-16
    outer loop
      vertex   -1.360625e+02 6.969083e+01 4.534399e+01
      vertex   -1.309500e+02 7.672757e+01 1.000000e+01
      vertex   -1.360625e+02 6.969083e+01 1.000000e+01
    endloop
  endfacet
endsolid
