Timestamp,Pose_X,Pose_Y,Pose_Theta,eCO2,TVOC,AQI,R0,R1,R2,R3,Channel
2025-12-17 16:44:39.835605,0.0374847717787126,-0.0097620799761481,0.0140537558534149,459.59328389303937,29.0,1.0,1049996.0,1.0,2127895.0,83140.0,4
2025-12-17 16:44:39.933882,0.0374847717787126,-0.0097620799761481,0.0140537558534149,459.5510021659874,31.0,1.0,707860.0,1.0,2198913.0,73329.0,5
2025-12-17 16:44:40.434472,0.0374847717787126,-0.0097620799761481,0.0140537558534149,437.72563088879645,28.0,1.0,396825.0,1.0,1513844.0,71298.0,0
2025-12-17 16:44:40.533729,0.0374847717787126,-0.0097620799761481,0.0140537558534149,410.29768239982536,28.0,1.0,635631.0,1.0,1575526.0,68252.0,1
2025-12-17 16:44:40.635108,0.0374847717787126,-0.0097620799761481,0.0140537558534149,440.4658116107639,32.0,1.0,633913.0,1.0,1413805.0,63483.0,2
2025-12-17 16:44:40.734229,0.0374847717787126,-0.0097620799761481,0.0140537558534149,432.41442903339356,23.0,1.0,883835.0,1.0,1729207.0,70961.0,3
2025-12-17 16:44:40.834143,0.0374847717787126,-0.0097620799761481,0.0140537558534149,478.7815079009022,38.0,1.0,1066110.0,1.0,2132943.0,81607.0,4
2025-12-17 16:44:40.933832,0.0374847717787126,-0.0097620799761481,0.0140537558534149,466.7316330505965,34.0,1.0,718480.0,1.0,2204129.0,72859.0,5
2025-12-17 16:44:41.433889,0.0374847717787126,-0.0097620799761481,0.0140537558534149,444.9132974949136,31.0,1.0,405514.0,1.0,1510772.0,70769.0,0
2025-12-17 16:44:41.533591,0.0374847717787126,-0.0097620799761481,0.0140537558534149,419.53176922486074,33.0,1.0,639083.0,1.0,1584617.0,67608.0,1
2025-12-17 16:44:41.634150,0.0374847717787126,-0.0097620799761481,0.0140537558534149,437.69776048945204,30.0,1.0,614894.0,1.0,1408075.0,63655.0,2
2025-12-17 16:44:41.733959,0.0374847717787126,-0.0097620799761481,0.0140537558534149,455.6338466389231,34.0,1.0,865189.0,1.0,1718123.0,69346.0,3
2025-12-17 16:44:41.833258,0.0374847717787126,-0.0097620799761481,0.0140537558534149,452.969840673031,26.0,1.0,1070087.0,1.0,2098572.0,83733.0,4
2025-12-17 16:44:41.934106,0.0374847717787126,-0.0097620799761481,0.0140537558534149,447.91232246253855,26.0,1.0,721893.0,1.0,2219099.0,74178.0,5
2025-12-17 16:44:42.434238,0.0374847717787126,-0.0097620799761481,0.0140537558534149,440.10113910833684,29.0,1.0,398710.0,1.0,1515894.0,71153.0,0
2025-12-17 16:44:42.534478,0.0374847717787126,-0.0097620799761481,0.0140537558534149,403.7660960220079,26.0,1.0,639732.0,1.0,1567547.0,68669.0,1
2025-12-17 16:44:42.634803,0.0374847717787126,-0.0097620799761481,0.0140537558534149,429.93008339610253,27.0,1.0,625177.0,1.0,1399049.0,64196.0,2
2025-12-17 16:44:42.735263,0.0374847717787126,-0.0097620799761481,0.0140537558534149,439.85360970103704,27.0,1.0,897399.0,1.0,1742131.0,70434.0,3
2025-12-17 16:44:42.835204,0.0374847717787126,-0.0097620799761481,0.0140537558534149,464.1587070875111,31.0,1.0,1056055.0,1.0,2160552.0,82803.0,4
2025-12-17 16:44:42.933799,0.0374847717787126,-0.0097620799761481,0.0140537558534149,457.09290692268905,30.0,1.0,715568.0,1.0,2170814.0,73578.0,5
2025-12-17 16:44:43.433734,0.0374847717787126,-0.0097620799761481,0.0140537558534149,441.28882054876425,29.0,1.0,405651.0,1.0,1522064.0,71081.0,0
2025-12-17 16:44:43.533559,0.0374847717787126,-0.0097620799761481,0.0140537558534149,399.99999999999994,19.0,1.0,633055.0,1.0,1604042.0,69936.0,1
2025-12-17 16:44:43.634285,0.0374847717787126,-0.0097620799761481,0.0140537558534149,443.1621344301621,33.0,1.0,623909.0,1.0,1405694.0,63376.0,2
2025-12-17 16:44:43.733590,0.0374847717787126,-0.0097620799761481,0.0140537558534149,451.072719380526,32.0,1.0,883237.0,1.0,1720451.0,69629.0,3
2025-12-17 16:44:43.833722,0.0374847717787126,-0.0097620799761481,0.0140537558534149,455.3469273253821,27.0,1.0,1053556.0,1.0,2117837.0,83563.0,4
2025-12-17 16:44:43.934805,0.0374847717787126,-0.0097620799761481,0.0140537558534149,452.27372856305004,28.0,1.0,721404.0,1.0,2204129.0,73902.0,5
2025-12-17 16:44:44.435079,0.0374847717787126,-0.0097620799761481,0.0140537558534149,434.4768491871628,26.0,1.0,399926.0,1.0,1524641.0,71540.0,0
2025-12-17 16:44:44.533393,0.0374847717787126,-0.0097620799761481,0.0140537558534149,409.2340802696996,28.0,1.0,632413.0,1.0,1586764.0,68576.0,1
2025-12-17 16:44:44.634551,0.0374847717787126,-0.0097620799761481,0.0140537558534149,441.39436748651997,32.0,1.0,623276.0,1.0,1418598.0,63462.0,2
2025-12-17 16:44:44.733513,0.0374847717787126,-0.0097620799761481,0.0140537558534149,447.2921793450904,30.0,1.0,871655.0,1.0,1752776.0,69936.0,3
2025-12-17 16:44:44.834149,0.0374847717787126,-0.0097620799761481,0.0140537558534149,447.53550740897856,20.0,1.0,1052487.0,1.0,2140174.0,84845.0,4
2025-12-17 16:44:44.935052,0.0374847717787126,-0.0097620799761481,0.0140537558534149,463.45441309771434,33.0,1.0,718723.0,1.0,2190000.0,73106.0,5
2025-12-17 16:44:45.433647,0.0773140526681285,-0.008577296926868,0.1200574281925599,442.6643563713884,30.0,1.0,404007.0,1.0,1546469.0,70985.0,0
2025-12-17 16:44:45.533654,0.0918454309635879,-0.006051685521681,0.1403061243595139,417.46826050826917,31.0,1.0,638002.0,1.0,1570202.0,68044.0,1
2025-12-17 16:44:45.633629,0.1051044958369876,-0.0035423393271227,0.1552145095552247,449.48973398226127,31.0,1.0,887432.0,1.0,1727452.0,69817.0,3
2025-12-17 16:44:45.733777,0.1169882777092118,-0.0016511344612453,0.17721127130653,448.7050869219722,24.0,1.0,1052843.0,1.0,2132221.0,84159.0,4
2025-12-17 16:44:45.833809,0.1273864736135321,-5.465805600419864e-05,0.1987149579720009,446.61676448724245,25.0,1.0,728520.0,1.0,2187038.0,74379.0,5
2025-12-17 16:44:46.433642,0.1910545850134734,0.0166996051056633,0.3326001709489187,435.8521315120795,27.0,1.0,404555.0,1.0,1524641.0,71467.0,0
2025-12-17 16:44:46.533916,0.2021294553734388,0.0208329969713875,0.3573513454475521,417.7024409809579,31.0,1.0,623909.0,1.0,1592682.0,68067.0,1
2025-12-17 16:44:46.634703,0.2127381442526885,0.0247862024239303,0.3805716925254653,436.85874537414213,29.0,1.0,624754.0,1.0,1422926.0,63828.0,2
2025-12-17 16:44:46.734103,0.2223065820598273,0.0290996685010625,0.4003845647716851,444.73126256500615,29.0,1.0,865775.0,1.0,1732136.0,70125.0,3
2025-12-17 16:44:46.833467,0.2393004524447246,0.0425759356946394,0.4254891305093277,455.91237804079464,27.0,1.0,1071174.0,1.0,2107112.0,83591.0,4
2025-12-17 16:44:46.934851,0.2595088865419032,0.0579527779323402,0.4564363706120433,450.81565662230093,27.0,1.0,700709.0,1.0,2216847.0,74027.0,5
2025-12-17 16:44:47.433830,0.3101437044588314,0.086013889530646,0.5726609726362369,448.039942893554,32.0,1.0,407440.0,1.0,1527224.0,70649.0,0
2025-12-17 16:44:47.534989,0.3195946345423008,0.0925455849632926,0.5928866264252985,409.93681132426383,28.0,1.0,639516.0,1.0,1587301.0,68623.0,1
2025-12-17 16:44:47.634749,0.3282799276941794,0.1000482691835287,0.6159461758323954,439.0909273528142,30.0,1.0,614063.0,1.0,1402368.0,63655.0,2
2025-12-17 16:44:47.733995,0.3347324581443904,0.1125201190765128,0.6435413891579138,451.9507157257877,32.0,1.0,884733.0,1.0,1730378.0,69676.0,3
2025-12-17 16:44:47.834390,0.3405736232728957,0.129968701645093,0.6752835825894699,448.1010516201898,21.0,1.0,1062508.0,1.0,2137278.0,84673.0,4
2025-12-17 16:44:47.934519,0.3481197793816144,0.1375666251292046,0.6955181419319669,461.99623656645355,32.0,1.0,716295.0,1.0,2171548.0,73280.0,5
2025-12-17 16:44:48.434671,0.3893195121093298,0.1758164223852143,0.8178014822450858,445.22787689280847,31.0,1.0,402642.0,1.0,1513331.0,70841.0,0
2025-12-17 16:44:48.534898,0.3979204005911984,0.1831577421963482,0.8365784253190414,421.17090915289845,33.0,1.0,634986.0,1.0,1605128.0,67837.0,1
2025-12-17 16:44:48.634738,0.4016854614573669,0.1953072891209956,0.8649462696563507,448.32309609772227,34.0,1.0,639732.0,1.0,1406646.0,63140.0,2
2025-12-17 16:44:48.735224,0.3977996210775206,0.210724606153252,0.9052546674599627,451.1704623271368,31.0,1.0,878467.0,1.0,1730964.0,69747.0,3
2025-12-17 16:44:48.835303,0.4042352868791255,0.2199302774433298,0.9312331920678782,475.2897233145891,36.0,1.0,1051063.0,1.0,2125017.0,82077.0,4
2025-12-17 16:44:49.433788,0.4109049859307114,0.2300524315655361,0.948764030586674,435.4154871661017,26.0,1.0,407027.0,1.0,1506178.0,71564.0,0
2025-12-17 16:44:49.534211,0.4076679345037191,0.2336445384486778,0.9589436873992038,433.4048674465295,38.0,1.0,628997.0,1.0,1567547.0,67061.0,1
2025-12-17 16:44:49.634871,0.3961874904461188,0.2458025448477716,1.0002007706945315,433.5552982752974,28.0,1.0,639083.0,1.0,1427750.0,64066.0,2
2025-12-17 16:44:49.734045,0.4000353399977863,0.2557386724977686,1.026120234706827,456.38968042819675,33.0,1.0,891647.0,1.0,1715218.0,69393.0,3
2025-12-17 16:44:49.834780,0.4072387084696888,0.2685070000264367,1.051485458147791,468.47812432357097,33.0,1.0,1081739.0,1.0,2105686.0,82607.0,4
2025-12-17 16:44:49.935044,0.4150845723510032,0.2815143881755896,1.0737856139984296,461.3576112356196,31.0,1.0,717023.0,1.0,2193710.0,73354.0,5
2025-12-17 16:44:50.434636,0.4392567206433383,0.3332456794417272,1.1882246059064825,444.6034224797887,31.0,1.0,412156.0,1.0,1533958.0,70913.0,0
2025-12-17 16:44:50.533777,0.4426582303228566,0.3424073431590999,1.2118773215450689,401.63888497230135,20.0,1.0,634986.0,1.0,1582473.0,69794.0,1
2025-12-17 16:44:50.634533,0.4466934202785,0.3525874874353045,1.233630994800911,436.7873911001908,29.0,1.0,634771.0,1.0,1401893.0,63893.0,2
2025-12-17 16:44:50.733791,0.4517877063457851,0.3633089231813781,1.252390956197449,447.60910154535617,29.0,1.0,898310.0,1.0,1730378.0,70030.0,3
2025-12-17 16:44:50.834695,0.4552712781649192,0.3743029313671029,1.2743287957315113,468.66660789537514,33.0,1.0,1070449.0,1.0,2140174.0,82607.0,4
2025-12-17 16:44:50.934615,0.4576888452653836,0.3854456798080963,1.297656132221816,454.5381736577002,28.0,1.0,707142.0,1.0,2193710.0,73827.0,5
2025-12-17 16:44:51.433265,0.4498089006478346,0.4254091759170659,1.4325458164108449,406.8494723234332,26.0,1.0,622222.0,1.0,1570202.0,68902.0,1
2025-12-17 16:44:51.533616,0.4525099939312111,0.4367032771908773,1.4481022154425705,432.9961323680229,27.0,1.0,631985.0,1.0,1431137.0,64131.0,2
2025-12-17 16:44:51.633190,0.453982696889087,0.4481605606676315,1.455042746405194,442.80649881761536,27.0,1.0,889537.0,1.0,1714638.0,70339.0,3
2025-12-17 16:44:51.734293,0.4556883481636757,0.4583657229390085,1.4582749578962797,470.83618175338097,33.0,1.0,1068639.0,1.0,2117120.0,82467.0,4
2025-12-17 16:44:51.835359,0.4572099422825207,0.4693418420285151,1.4587840273063202,472.7008839787426,36.0,1.0,729260.0,1.0,2226622.0,72588.0,5
2025-12-17 16:44:52.433386,0.452520288606541,0.5385602987660468,1.4742851058039124,449.9787399188323,33.0,1.0,412435.0,1.0,1522064.0,70602.0,0
2025-12-17 16:44:52.534722,0.4540235900000256,0.5505044059841145,1.4730616086362929,428.107344481834,35.0,1.0,641249.0,1.0,1581938.0,67517.0,1
2025-12-17 16:44:52.634701,0.4545006327005156,0.5627803018653526,1.4712966164910362,445.2517727025537,33.0,1.0,622011.0,1.0,1411415.0,63355.0,2
2025-12-17 16:44:52.733571,0.4554601412144915,0.5742940475867027,1.4732914700349136,445.04800698901187,28.0,1.0,889537.0,1.0,1743901.0,70196.0,3
2025-12-17 16:44:52.833507,0.4563020689039236,0.5858959043270742,1.4747829963930632,473.04338314639654,34.0,1.0,1077719.0,1.0,2107825.0,82300.0,4
2025-12-17 16:44:52.934664,0.4570656282884449,0.5971881316640124,1.474050596834755,453.89946234226596,28.0,1.0,699051.0,1.0,2210853.0,73902.0,5
2025-12-17 16:44:53.433914,0.4610001707135488,0.6561783131179434,1.4802367945000274,450.1666151441738,33.0,1.0,406614.0,1.0,1520519.0,70602.0,0
2025-12-17 16:44:53.533812,0.4621360741807555,0.668241691634358,1.4824475784132287,408.3412505668983,26.0,1.0,643206.0,1.0,1589989.0,68809.0,1
2025-12-17 16:44:53.633832,0.4621121261591916,0.6797542321691695,1.494585866696353,446.4837422444874,33.0,1.0,636708.0,1.0,1396211.0,63290.0,2
2025-12-17 16:44:53.733513,0.4628112127658735,0.6911149511734684,1.5133011688225666,439.26747112363665,26.0,1.0,887432.0,1.0,1749813.0,70602.0,3
2025-12-17 16:44:53.833387,0.4635350463865655,0.7024724934486871,1.532846337209887,474.23186012071494,35.0,1.0,1083938.0,1.0,2163479.0,82161.0,4
2025-12-17 16:44:53.933976,0.4627108573940544,0.7131472477062174,1.558021073575528,455.07997797860827,28.0,1.0,715568.0,1.0,2180386.0,73877.0,5
2025-12-17 16:44:54.433416,0.4622420199687875,0.7715292138311851,1.5837950248743216,437.3542977112577,27.0,1.0,402915.0,1.0,1518462.0,71467.0,0
2025-12-17 16:44:54.534250,0.4426629796596702,0.7764922628662875,1.6068409754737805,425.57547224455453,34.0,1.0,625177.0,1.0,1578728.0,67700.0,1
2025-12-17 16:44:54.633565,0.4371665729975603,0.7860176235070347,1.6123199596826958,435.715851553543,28.0,1.0,636277.0,1.0,1409505.0,63958.0,2
2025-12-17 16:44:54.733946,0.4368713277485928,0.7976781298990071,1.61330028928756,437.4870430214018,24.0,1.0,872540.0,1.0,1745081.0,70793.0,3
2025-12-17 16:44:54.834293,0.4364402838826329,0.808736526772616,1.6140407696743662,472.420530495617,34.0,1.0,1066832.0,1.0,2112110.0,82356.0,4
2025-12-17 16:44:54.934326,0.4362429688028135,0.8200867041926749,1.6115714641445549,471.26068111918397,36.0,1.0,720428.0,1.0,2196681.0,72687.0,5
2025-12-17 16:44:55.440424,0.4336815865404863,0.8779766506999434,1.6147853396942102,442.54338972559486,29.0,1.0,405240.0,1.0,1497030.0,71177.0,0
2025-12-17 16:44:55.534356,0.432547669691619,0.8894679546730025,1.618485865728834,452.9249893699535,36.0,1.0,630276.0,1.0,1408551.0,62948.0,2
2025-12-17 16:44:55.633749,0.4325366936987062,0.9015712316682212,1.6179929061938036,457.6845289623142,33.0,1.0,895578.0,1.0,1756934.0,69417.0,3
2025-12-17 16:44:55.733954,0.4318529985814276,0.9129393710126495,1.6187182384132237,474.59011622909725,35.0,1.0,1053912.0,1.0,2129336.0,82161.0,4
2025-12-17 16:44:55.833541,0.4312193965744317,0.9240678857668214,1.6192003146788414,475.4231152417938,37.0,1.0,721404.0,1.0,2221353.0,72417.0,5
2025-12-17 16:44:56.433349,0.4299306891149202,0.9921827486066472,1.6177535029460357,441.7298372894034,28.0,1.0,408960.0,1.0,1552763.0,71226.0,0
2025-12-17 16:44:56.533965,0.4294749311264996,1.004116395192116,1.6157747972317726,429.043643787553,35.0,1.0,637786.0,1.0,1584617.0,67517.0,1
2025-12-17 16:44:56.636214,0.4292840603446923,1.015818812229106,1.6150509001572164,453.18080917289825,36.0,1.0,642988.0,1.0,1421482.0,62970.0,2
2025-12-17 16:44:56.735170,0.4184359863716663,1.0127543355073978,1.6278638312257845,444.92626538964953,28.0,1.0,875795.0,1.0,1710001.0,70268.0,3
2025-12-17 16:44:56.833553,0.4154969902779563,1.0178275377846573,1.63327570518784,472.7973901944566,34.0,1.0,1064668.0,1.0,2127175.0,82356.0,4
2025-12-17 16:44:56.934160,0.4144242772519492,1.0295564591469162,1.632028231926555,464.6219309661676,32.0,1.0,722626.0,1.0,2220602.0,73205.0,5
2025-12-17 16:44:57.433729,0.4102883871679924,1.0889883054121037,1.6345072925073656,434.9176847238852,26.0,1.0,407578.0,1.0,1507197.0,71685.0,0
2025-12-17 16:44:57.534987,0.4099832148267684,1.1004551797450202,1.637733386978855,422.2780021907831,32.0,1.0,644295.0,1.0,1569140.0,67929.0,1
2025-12-17 16:44:57.635059,0.4087787922935185,1.1125296035998886,1.637205395664592,439.41271231384053,29.0,1.0,625389.0,1.0,1407598.0,63828.0,2
2025-12-17 16:44:57.733586,0.4073701872663474,1.1238868822014938,1.6352396318287366,454.1453946025794,32.0,1.0,899223.0,1.0,1743310.0,69676.0,3
2025-12-17 16:44:57.833269,0.4070507018058395,1.1354149144554375,1.635994415736277,469.98583625484156,32.0,1.0,1051774.0,1.0,2140174.0,82607.0,4
2025-12-17 16:44:57.933270,0.4055330043339379,1.146922546418611,1.6349852294372802,465.80241011324676,33.0,1.0,707381.0,1.0,2228130.0,73131.0,5
2025-12-17 16:44:58.433865,0.4012409158776154,1.2043904858762111,1.6377234748263196,448.10548634100354,31.0,1.0,404281.0,1.0,1539159.0,70793.0,0
2025-12-17 16:44:58.534262,0.4008353528803652,1.216002232103815,1.6387039872029328,403.51195158788715,20.0,1.0,630703.0,1.0,1563309.0,69770.0,1
2025-12-17 16:44:58.633808,0.3998433727655857,1.2279404034296937,1.6367258144443482,446.6445931663381,33.0,1.0,629423.0,1.0,1412848.0,63355.0,2
2025-12-17 16:44:58.735464,0.3990216102640286,1.2397535112726563,1.6364633320497446,439.36528364441347,25.0,1.0,882042.0,1.0,1742131.0,70721.0,3
2025-12-17 16:44:58.833639,0.3983633732826721,1.2517843687258652,1.6366962115759869,473.1744055939611,34.0,1.0,1073715.0,1.0,2132221.0,82356.0,4
2025-12-17 16:44:58.935061,0.3833660170868669,1.2524940746368292,1.6497073756930103,457.9833735559423,29.0,1.0,718480.0,1.0,2167877.0,73727.0,5
2025-12-17 16:44:59.434155,0.3737931978939101,1.3030433402940846,1.5904095567719414,431.29331687563814,22.0,1.0,407992.0,1.0,1555392.0,72221.0,0
2025-12-17 16:44:59.533606,0.374530057340576,1.313815995073376,1.5661632642813883,414.7459171392113,29.0,1.0,632627.0,1.0,1578194.0,68460.0,1
2025-12-17 16:44:59.634619,0.3754619379190886,1.3246580123487135,1.5475725643518756,431.87695275605375,26.0,1.0,637139.0,1.0,1409505.0,64305.0,2
2025-12-17 16:44:59.734038,0.3747162749471845,1.3363907031888622,1.5281196828845316,454.5844475346879,32.0,1.0,892552.0,1.0,1736832.0,69676.0,3
2025-12-17 16:44:59.835289,0.3755819792455751,1.3482645315339945,1.506814594788035,478.3632162125613,36.0,1.0,1076990.0,1.0,2074561.0,81966.0,4
2025-12-17 16:44:59.933965,0.3775180030578918,1.359120142459934,1.4802603921059216,472.1638154911986,35.0,1.0,728766.0,1.0,2194452.0,72711.0,5
2025-12-17 16:45:00.442144,0.384026926318813,1.4151558553465826,1.3689934129439247,455.48259309830934,34.0,1.0,405651.0,1.0,1513331.0,70339.0,0
2025-12-17 16:45:00.533744,0.3859115487417355,1.4270669143935568,1.3499575551063916,431.9800685811275,36.0,1.0,626660.0,1.0,1589989.0,67357.0,1
2025-12-17 16:45:00.633644,0.3885175825260779,1.4384610506522642,1.3269020606198685,448.1088976878298,33.0,1.0,633913.0,1.0,1412848.0,63312.0,2
2025-12-17 16:45:00.734274,0.3919715455399631,1.448481107384584,1.30266374970906,440.80397619551076,25.0,1.0,893762.0,1.0,1760505.0,70625.0,3
2025-12-17 16:45:00.833519,0.3951701491236854,1.458906921335808,1.2816744611240645,471.5513821625492,33.0,1.0,1083571.0,1.0,2119988.0,82495.0,4
2025-12-17 16:45:00.934609,0.3958996669777874,1.4692046673672936,1.2654090880150917,464.3445717399098,32.0,1.0,710981.0,1.0,2196681.0,73280.0,5
2025-12-17 16:45:01.433960,0.3960625900118399,1.5085076492634153,1.1773546421980254,443.6688324184456,29.0,1.0,405926.0,1.0,1547516.0,71177.0,0
2025-12-17 16:45:01.535069,0.4011726971100212,1.5184684246778095,1.152895697879408,425.2144979224551,33.0,1.0,645605.0,1.0,1579797.0,67837.0,1
2025-12-17 16:45:01.633124,0.4050683137987866,1.5286964446377789,1.1311900827633867,433.3409482575468,26.0,1.0,636924.0,1.0,1422926.0,64262.0,2
2025-12-17 16:45:01.734718,0.4098535826210624,1.5388791225115646,1.1078867334056672,466.4891033629446,32.0,1.0,730742.0,1.0,2215347.0,73156.0,5
2025-12-17 16:45:02.433708,0.447989767179424,1.6004097983170165,0.9405464909371242,435.85656117844513,25.0,1.0,410763.0,1.0,1512819.0,71709.0,0
2025-12-17 16:45:02.534027,0.4549842359985085,1.6107226541445636,0.924736944959064,425.44837310379376,33.0,1.0,649990.0,1.0,1598623.0,67814.0,1
2025-12-17 16:45:02.635623,0.4622804371132238,1.619584834973283,0.9004095804896297,448.5736997524149,33.0,1.0,616353.0,1.0,1427267.0,63312.0,2
2025-12-17 16:45:02.735158,0.4696173447867338,1.629092819208343,0.8739786358414351,452.2431239416246,30.0,1.0,874906.0,1.0,1752183.0,69865.0,3
2025-12-17 16:45:02.833626,0.4768840858420905,1.6372185615011994,0.8567779491319214,476.92840152054515,35.0,1.0,1068639.0,1.0,2122860.0,82077.0,4
2025-12-17 16:45:02.933702,0.4840670098521912,1.649908295030848,0.8323501511780425,452.70568773271526,26.0,1.0,736453.0,1.0,2244023.0,74153.0,5
2025-12-17 16:45:03.433710,0.4905693102751901,1.6598343501115336,0.8238733960879413,443.0443376335688,29.0,1.0,407440.0,1.0,1512307.0,71201.0,0
2025-12-17 16:45:03.533919,0.4905693102751901,1.6598343501115336,0.8238733960879413,413.6824669524031,28.0,1.0,631557.0,1.0,1597541.0,68646.0,1
2025-12-17 16:45:03.633400,0.4957717631429889,1.6645820750139375,0.7987797788306296,427.80535493441,23.0,1.0,643859.0,1.0,1405218.0,64742.0,2
2025-12-17 16:45:03.734720,0.5050741714519426,1.670665937550191,0.7773534679484441,437.462504675041,23.0,1.0,904106.0,1.0,1737420.0,71057.0,3
2025-12-17 16:45:03.833350,0.5145707597844458,1.680176690949834,0.7580554374605022,468.1168490889268,31.0,1.0,1046094.0,1.0,2167143.0,82803.0,4
2025-12-17 16:45:03.934250,0.5244519178479878,1.6920808967037482,0.7252364196558125,460.88642663999445,30.0,1.0,719210.0,1.0,2193710.0,73603.0,5
2025-12-17 16:45:04.433705,0.5743294880320117,1.7356898937392895,0.6070339936557105,432.2321127742599,21.0,1.0,407716.0,1.0,1546469.0,72392.0,0
2025-12-17 16:45:04.534512,0.582897726610558,1.7420300815708107,0.5852544511771894,421.916724918525,31.0,1.0,636924.0,1.0,1588376.0,68114.0,1
2025-12-17 16:45:04.635626,0.5920740456813286,1.7472695195527437,0.5632018709790579,429.0380430465135,24.0,1.0,647574.0,1.0,1427750.0,64567.0,2
2025-12-17 16:45:04.733932,0.6016286380717313,1.752234761215239,0.5339590602282577,442.68180859155484,26.0,1.0,893762.0,1.0,1730378.0,70578.0,3
2025-12-17 16:45:04.834291,0.6120314423828055,1.7585400869771628,0.5099398263248837,472.3055260613147,33.0,1.0,1067554.0,1.0,2107825.0,82523.0,4
2025-12-17 16:45:04.933803,0.6224619782621502,1.7650277807512968,0.4877070227273788,472.0669858105566,35.0,1.0,718480.0,1.0,2193710.0,72810.0,5
2025-12-17 16:45:05.437976,0.6692112236372921,1.7952366749102435,0.3781196500447679,435.4206908454673,25.0,1.0,406338.0,1.0,1510772.0,71806.0,0
2025-12-17 16:45:05.534217,0.6785028731977537,1.8000204381017424,0.3569649147477706,415.1507749868564,28.0,1.0,633484.0,1.0,1587838.0,68530.0,1
2025-12-17 16:45:05.634699,0.6889700836469399,1.803981312114668,0.3344548098986811,454.8795061081644,31.0,1.0,893459.0,1.0,1765279.0,69747.0,3
2025-12-17 16:45:05.734365,0.6998664709525206,1.8081236305137136,0.3195661581424994,453.4751896451274,25.0,1.0,1071174.0,1.0,2153981.0,84045.0,4
2025-12-17 16:45:05.833887,0.7101314762700105,1.8106920878885544,0.2884389854594588,461.22957690925404,30.0,1.0,708579.0,1.0,2201147.0,73603.0,5
2025-12-17 16:45:06.433565,0.7793308100094752,1.830169908815157,0.1543152281333841,437.60763864475183,26.0,1.0,401553.0,1.0,1557500.0,71661.0,0
2025-12-17 16:45:06.534477,0.7911293221806726,1.8331775295861068,0.1350089173133712,430.38495499130687,35.0,1.0,643423.0,1.0,1574460.0,67562.0,1
2025-12-17 16:45:06.633707,0.8027708117076842,1.8353092854834303,0.1140180590053628,439.50194010737584,29.0,1.0,639299.0,1.0,1396684.0,63915.0,2
2025-12-17 16:45:06.734662,0.8144317540976722,1.8360638843192931,0.090682255277026,466.12092253823164,36.0,1.0,892552.0,1.0,1764681.0,69019.0,3
2025-12-17 16:45:06.834334,0.8253777947054788,1.8367083151261947,0.071055992500677,451.68253335533666,23.0,1.0,1058918.0,1.0,2138002.0,84330.0,4
2025-12-17 16:45:06.933219,0.8363591679201176,1.8377991127762348,0.0493131768280016,466.42816015005513,32.0,1.0,728273.0,1.0,2229639.0,73205.0,5
2025-12-17 16:45:07.433713,0.9006974204126961,1.8437789710206385,-0.0619221782265256,432.79544251518314,19.0,1.0,410346.0,1.0,1547516.0,72958.0,0
2025-12-17 16:45:07.533800,0.9114961928233908,1.8423173312908248,-0.0858533048605141,421.61891562612925,31.0,1.0,633484.0,1.0,1594840.0,68137.0,1
2025-12-17 16:45:07.633751,0.9137545181160244,1.843170270139788,-0.0937140262450206,442.73412162170536,30.0,1.0,644295.0,1.0,1420520.0,63742.0,2
2025-12-17 16:45:07.734020,0.9140071496695016,1.843379492363604,-0.0944369706067202,444.3402584983677,26.0,1.0,901661.0,1.0,1720451.0,70506.0,3
2025-12-17 16:45:07.833574,0.9137953785123334,1.8432043019844704,-0.0944519498739698,466.8708896899147,30.0,1.0,1063587.0,1.0,2115687.0,82971.0,4
2025-12-17 16:45:07.934341,0.9137444331746716,1.843162173852992,-0.0946947815106978,462.6090027446465,30.0,1.0,714358.0,1.0,2247824.0,73528.0,5
2025-12-17 16:45:08.433744,0.9657487813891856,1.8350778765636355,-0.1845177775874781,452.9832244158131,33.0,1.0,406064.0,1.0,1541244.0,70817.0,0
2025-12-17 16:45:08.534396,0.9793408283361312,1.8337952534573416,-0.206714470584483,428.85317429460855,34.0,1.0,640165.0,1.0,1551187.0,67700.0,1
2025-12-17 16:45:08.634009,0.989933718657923,1.8316447381706409,-0.2282392318392705,440.9663528206928,29.0,1.0,625389.0,1.0,1422444.0,63893.0,2
2025-12-17 16:45:08.733832,0.9998942343854252,1.8288096124020907,-0.251278414816512,456.5596941010001,32.0,1.0,905944.0,1.0,1774864.0,69652.0,3
2025-12-17 16:45:08.835147,1.0096756437420846,1.8259453289497796,-0.2695586820311438,472.0596857940462,33.0,1.0,1047511.0,1.0,2114971.0,82607.0,4
2025-12-17 16:45:08.934455,1.0201180730036503,1.82287129537656,-0.2926673896414326,475.78966325420186,36.0,1.0,714842.0,1.0,2205621.0,72613.0,5
2025-12-17 16:45:09.434137,1.0739720672559046,1.802116459633148,-0.4113235569926547,433.1710742913839,24.0,1.0,405103.0,1.0,1524641.0,72221.0,0
2025-12-17 16:45:09.535461,1.0839085571662743,1.799183207774916,-0.4356953240941414,426.0875427649615,32.0,1.0,638002.0,1.0,1612206.0,67929.0,1
2025-12-17 16:45:09.634192,1.094645548191851,1.7988478186170818,-0.460646358668251,441.19856660683286,29.0,1.0,641467.0,1.0,1402842.0,63893.0,2
2025-12-17 16:45:09.734068,1.104454138674735,1.7934878414735371,-0.4744963383184832,448.779222761823,28.0,1.0,902272.0,1.0,1764084.0,70244.0,3
2025-12-17 16:45:09.833709,1.114951794547615,1.7887809413062925,-0.4937734645410505,476.2479143258993,35.0,1.0,1066471.0,1.0,2131499.0,82244.0,4
2025-12-17 16:45:09.933195,1.1244809698344829,1.78246603694762,-0.519446577182491,477.97007556451183,37.0,1.0,722137.0,1.0,2198913.0,72417.0,5
2025-12-17 16:45:10.434902,1.1747667568242426,1.7522194739241586,-0.6402775488153039,428.298119112494,33.0,1.0,628572.0,1.0,1609480.0,67792.0,1
2025-12-17 16:45:10.534352,1.192679708688805,1.7483302909889,-0.6599949719638486,438.4075579231538,28.0,1.0,631771.0,1.0,1437934.0,64088.0,2
2025-12-17 16:45:10.633677,1.2021703106541066,1.7413646823181894,-0.6768875938666467,446.9766661242237,27.0,1.0,886831.0,1.0,1728037.0,70339.0,3
2025-12-17 16:45:10.733397,1.2116750074361948,1.734648365500688,-0.7002954997852455,479.4175051488686,36.0,1.0,1056412.0,1.0,2109253.0,82050.0,4
2025-12-17 16:45:11.434222,1.269043989020639,1.6860464833567252,-0.8437834163338503,457.5466424114937,35.0,1.0,408268.0,1.0,1489953.0,70506.0,0
2025-12-17 16:45:11.533738,1.276669896131296,1.6776866019689094,-0.8664046737203965,426.555377644646,32.0,1.0,638434.0,1.0,1580867.0,67929.0,1
2025-12-17 16:45:11.633320,1.2832756957929836,1.6690161025483776,-0.894428194642551,430.66270675104505,24.0,1.0,635201.0,1.0,1412370.0,64545.0,2
2025-12-17 16:45:11.733789,1.2909067779611958,1.6596931379534492,-0.9132897166673956,459.2181152563437,33.0,1.0,906557.0,1.0,1744491.0,69534.0,3
2025-12-17 16:45:11.834632,1.298197454944973,1.651148893380873,-0.9302505970012273,479.6250874995642,36.0,1.0,1051774.0,1.0,2127175.0,81994.0,4
2025-12-17 16:45:11.933948,1.3057372374031495,1.6419433283819735,-0.952312463962784,458.33149141957887,28.0,1.0,715326.0,1.0,2193710.0,73827.0,5
2025-12-17 16:45:12.433593,1.3139935622452017,1.63996648331861,-0.9598319729181372,444.7343003799112,28.0,1.0,403324.0,1.0,1538638.0,71467.0,0
2025-12-17 16:45:12.533789,1.317797654865132,1.631698940263206,-0.9829930487301496,427.78950871819757,33.0,1.0,636924.0,1.0,1617125.0,67837.0,1
2025-12-17 16:45:12.633809,1.324299437627977,1.621427751829886,-1.0093259219921906,442.89499158160254,29.0,1.0,637786.0,1.0,1420520.0,63850.0,2
2025-12-17 16:45:12.733873,1.3328534137440395,1.6106647768032991,-1.0376950077532152,470.4376105566832,38.0,1.0,882639.0,1.0,1753370.0,68809.0,3
2025-12-17 16:45:12.834692,1.341094825010056,1.5994362472789947,-1.0662860044955975,489.8135984038095,40.0,1.0,1074805.0,1.0,2117120.0,81276.0,4
2025-12-17 16:45:12.933574,1.349059005856752,1.5880338656500204,-1.0882248671521435,462.512063776855,30.0,1.0,729507.0,1.0,2196681.0,73578.0,5
2025-12-17 16:45:13.433663,1.370894583354193,1.5373868211348498,-1.193549034000466,455.9220896038083,34.0,1.0,407302.0,1.0,1526190.0,70649.0,0
2025-12-17 16:45:13.533807,1.3746068822087023,1.5275049659625457,-1.2187467323618024,424.0236320658177,31.0,1.0,634342.0,1.0,1593761.0,68114.0,1
2025-12-17 16:45:13.634452,1.3780712681204128,1.517542536140009,-1.245409306511353,461.12731216654,38.0,1.0,633484.0,1.0,1424371.0,62693.0,2
2025-12-17 16:45:13.734115,1.3817809813073063,1.5067315054776076,-1.2634953574644003,457.6571405343673,32.0,1.0,907785.0,1.0,1770065.0,69676.0,3
2025-12-17 16:45:13.834670,1.389417867326226,1.4914180901156882,-1.2771867724812422,485.00209385108815,38.0,1.0,1050351.0,1.0,2109253.0,81607.0,4
2025-12-17 16:45:13.935429,1.3967322817174337,1.4764628180946584,-1.2984412439666426,471.69303878050516,34.0,1.0,703085.0,1.0,2201892.0,72933.0,5
2025-12-17 16:45:14.434593,1.4073765000370015,1.4237788736814456,-1.4283937734275396,457.1100403151338,34.0,1.0,406614.0,1.0,1526190.0,70602.0,0
2025-12-17 16:45:14.534175,1.4090803084802914,1.4126318944690923,-1.4485585584696383,449.33620202400334,32.0,1.0,627934.0,1.0,1420520.0,63462.0,2
2025-12-17 16:45:14.633793,1.4106973636461688,1.4004760262434244,-1.4628571202641494,454.8545990406716,30.0,1.0,891345.0,1.0,1746263.0,69865.0,3
2025-12-17 16:45:14.733412,1.4131223369867851,1.38800085221824,-1.4826421478891691,479.17150635344126,35.0,1.0,1054983.0,1.0,2154710.0,82077.0,4
2025-12-17 16:45:14.833862,1.4113429267710602,1.3783170383437915,-1.5054410401787268,469.85533164270026,33.0,1.0,734710.0,1.0,2188518.0,73057.0,5
2025-12-17 16:45:15.434492,1.393358989435023,1.3208952575766555,-1.6387036274735485,436.2977974293213,24.0,1.0,406064.0,1.0,1545422.0,72099.0,0
2025-12-17 16:45:15.533759,1.3918618863110863,1.3098911696730426,-1.6618375877360512,416.4918590950508,28.0,1.0,645605.0,1.0,1591604.0,68623.0,1
2025-12-17 16:45:15.633766,1.3901692229973448,1.298396599125284,-1.6903697031968508,440.59149549461375,28.0,1.0,631130.0,1.0,1416200.0,63979.0,2
2025-12-17 16:45:15.735504,1.3877354786650498,1.2874666861331348,-1.7054735944380337,458.0963991162976,32.0,1.0,897095.0,1.0,1738597.0,69652.0,3
2025-12-17 16:45:15.835051,1.3796843184848138,1.2823724656202085,-1.7209075732564227,469.3791648579729,31.0,1.0,1057485.0,1.0,2107112.0,82887.0,4
2025-12-17 16:45:15.934832,1.3768171828939717,1.2718654238021971,-1.7497527220605402,472.0542107716848,34.0,1.0,725076.0,1.0,2204129.0,72958.0,5
2025-12-17 16:45:16.434399,1.3638738334132674,1.216140688067476,-1.867058683405207,455.4855560457174,33.0,1.0,409653.0,1.0,1510772.0,70721.0,0
2025-12-17 16:45:16.533731,1.3607504297500943,1.2046609593203776,-1.8761141295080377,426.7259716731908,32.0,1.0,634771.0,1.0,1598623.0,67975.0,1
2025-12-17 16:45:16.634812,1.3570336803495855,1.1940910087468752,-1.876618110135636,454.82390964458466,34.0,1.0,642336.0,1.0,1399049.0,63162.0,2
2025-12-17 16:45:16.734250,1.3539595234019368,1.1833276772505834,-1.881320288491501,444.3156007565927,25.0,1.0,906250.0,1.0,1753370.0,70649.0,3
2025-12-17 16:45:16.834441,1.34739000301831,1.1779649135075465,-1.875448754810688,473.5675494674901,32.0,1.0,1067916.0,1.0,2163479.0,82607.0,4
2025-12-17 16:45:16.934186,1.3414754205875503,1.1709037831454634,-1.876440914975886,459.23473399490354,28.0,1.0,711463.0,1.0,2173754.0,73877.0,5
2025-12-17 16:45:17.434148,1.324258358797928,1.1169960814285922,-1.875221243345612,445.6732849934929,28.0,1.0,408545.0,1.0,1534997.0,71467.0,0
2025-12-17 16:45:17.533895,1.3208937532728493,1.1064607718305313,-1.872463130661752,417.9601292022045,28.0,1.0,647136.0,1.0,1608391.0,68553.0,1
2025-12-17 16:45:17.634189,1.317807925737418,1.0952284362337663,-1.8714873264249776,431.0559363006579,24.0,1.0,637355.0,1.0,1429684.0,64632.0,2
2025-12-17 16:45:17.733407,1.314139887860632,1.0841070633417311,-1.8764397223690072,464.53489260187905,34.0,1.0,888634.0,1.0,1738008.0,69276.0,3
2025-12-17 16:45:17.834088,1.3108217366536088,1.0726217382316483,-1.8749598379476944,467.75598252140304,30.0,1.0,1079179.0,1.0,2100703.0,83056.0,4
2025-12-17 16:45:17.935220,1.3074032590321114,1.0611336082316138,-1.878939885254388,455.4155606931822,26.0,1.0,731732.0,1.0,2201147.0,74178.0,5
2025-12-17 16:45:18.434294,1.290169828493275,1.0051416917974878,-1.8772217153192603,451.8610884883721,31.0,1.0,410346.0,1.0,1497536.0,71009.0,0
2025-12-17 16:45:18.534461,1.2865393271150267,0.9937981818687618,-1.876497739524295,430.1943808471098,33.0,1.0,628359.0,1.0,1608391.0,67792.0,1
2025-12-17 16:45:18.634367,1.2832656414843684,0.982621687411197,-1.8777578276330884,438.2881489259414,27.0,1.0,613647.0,1.0,1416679.0,64175.0,2
2025-12-17 16:45:18.735329,1.2795372651017165,0.9713215157216876,-1.8770119931331917,453.7547913006951,29.0,1.0,917360.0,1.0,1749221.0,70054.0,3
2025-12-17 16:45:18.833789,1.276497147522529,0.960434214121482,-1.8770152770817357,457.944425754294,25.0,1.0,1048576.0,1.0,2180386.0,83903.0,4
2025-12-17 16:45:18.933227,1.2730296369926608,0.9496545766949848,-1.8772288237963135,472.59584059443335,34.0,1.0,716780.0,1.0,2233415.0,72908.0,5
2025-12-17 16:45:19.434450,1.253658552641905,0.9015285802130824,-1.864657920012355,446.048893861012,29.0,1.0,403871.0,1.0,1537597.0,71419.0,0
2025-12-17 16:45:19.534130,1.2494802365479691,0.8942263119753775,-1.855001598427544,422.4284224871524,30.0,1.0,642118.0,1.0,1589989.0,68298.0,1
2025-12-17 16:45:19.633961,1.2461005627139996,0.8832150307989495,-1.857226080402407,440.5202259631865,28.0,1.0,630703.0,1.0,1402368.0,64066.0,2
2025-12-17 16:45:19.733292,1.2427897694613188,0.871955211893289,-1.855789679757534,447.9738210906055,27.0,1.0,900137.0,1.0,1759314.0,70434.0,3
2025-12-17 16:45:19.833181,1.2400161479712928,0.860610862881267,-1.8555502569005584,473.1328107408104,32.0,1.0,1070087.0,1.0,2105686.0,82663.0,4
2025-12-17 16:45:19.934201,1.2365098038606792,0.8495084026436497,-1.8562970671757768,466.776656454317,31.0,1.0,735208.0,1.0,2175226.0,73354.0,5
2025-12-17 16:45:20.434225,1.220112475097113,0.794808489970606,-1.8542889206707984,454.23662769096563,32.0,1.0,409930.0,1.0,1529293.0,70913.0,0
2025-12-17 16:45:20.535573,1.217350923484204,0.7836130633237821,-1.8562702854219464,433.66287945453774,35.0,1.0,653298.0,1.0,1605128.0,67608.0,1
2025-12-17 16:45:20.635019,1.2137077740818951,0.7722707125599768,-1.857733993052033,449.75264289921296,32.0,1.0,643859.0,1.0,1417159.0,63505.0,2
2025-12-17 16:45:20.733396,1.2104287886686556,0.761002461821014,-1.85796927105195,460.1933207804823,32.0,1.0,900441.0,1.0,1745081.0,69652.0,3
2025-12-17 16:45:20.834259,1.2070823707176883,0.749834604687452,-1.8587240836866932,463.3215135376427,28.0,1.0,1058560.0,1.0,2114971.0,83506.0,4
2025-12-17 16:45:20.934859,1.203247572417765,0.7385048173294377,-1.8562586175494775,478.95741523198706,37.0,1.0,722871.0,1.0,2190000.0,72539.0,5
2025-12-17 16:45:21.433770,1.1862098210109,0.683836516636138,-1.8552882763487024,462.42431833242097,36.0,1.0,412156.0,1.0,1511795.0,70339.0,0
2025-12-17 16:45:21.535337,1.1832274044066668,0.6731434874322715,-1.8555469064468624,427.896943335898,32.0,1.0,647794.0,1.0,1581938.0,67998.0,1
2025-12-17 16:45:21.634280,1.179328736463769,0.6624700752873529,-1.85309659477356,443.98464262341554,29.0,1.0,626448.0,1.0,1422444.0,63893.0,2
2025-12-17 16:45:21.734272,1.1758108659305413,0.6508311943001184,-1.8533483692036836,449.4129899064983,27.0,1.0,907171.0,1.0,1733309.0,70339.0,3
2025-12-17 16:45:21.834042,1.1723519004579557,0.6398452251701756,-1.8565751313163452,473.50997222750044,32.0,1.0,1051774.0,1.0,2152523.0,82663.0,4
2025-12-17 16:45:21.934379,1.1686045367278075,0.6289263299848944,-1.8553280531396064,478.13796844143195,36.0,1.0,702371.0,1.0,2225116.0,72588.0,5
2025-12-17 16:45:22.433872,1.1523242049453422,0.5838196102209936,-1.8588612853778737,456.6121135651526,33.0,1.0,410763.0,1.0,1526707.0,70721.0,0
2025-12-17 16:45:22.534152,1.1490409852214447,0.5734226300508872,-1.858869781614884,435.1307850382006,35.0,1.0,643423.0,1.0,1595920.0,67494.0,1
2025-12-17 16:45:22.633569,1.145424756617623,0.5630214924253952,-1.8571418579721488,440.2166488484145,27.0,1.0,632627.0,1.0,1431621.0,64153.0,2
2025-12-17 16:45:22.735493,1.1426342686778104,0.5515194436240123,-1.859133245868928,456.63273475203255,30.0,1.0,878169.0,1.0,1748037.0,69912.0,3
2025-12-17 16:45:22.835504,1.1391064027786688,0.5399652842176074,-1.859625428589988,455.6987474081769,24.0,1.0,1082472.0,1.0,2118553.0,84102.0,4
2025-12-17 16:45:22.933772,1.1362534091329637,0.5286836215107424,-1.8591329636103635,480.3184987096075,37.0,1.0,730248.0,1.0,2222858.0,72441.0,5
2025-12-17 16:45:23.433784,1.119556790465933,0.4736304070473127,-1.8601057161446928,444.7998731204291,27.0,1.0,410207.0,1.0,1524641.0,71612.0,0
2025-12-17 16:45:23.535054,1.1157855907216108,0.4624947340851457,-1.860836819120025,421.36511534713475,29.0,1.0,635631.0,1.0,1622607.0,68437.0,1
2025-12-17 16:45:23.635199,1.1125511296241717,0.4511374961748833,-1.8605793834812168,450.44919858642385,31.0,1.0,635201.0,1.0,1423889.0,63548.0,2
2025-12-17 16:45:23.734466,1.109480708894913,0.4398642986939475,-1.861067403044226,450.8519862135758,28.0,1.0,889838.0,1.0,1769466.0,70268.0,3
2025-12-17 16:45:23.833630,1.1062123668286157,0.4287494150075389,-1.8603408140918487,464.886893754207,28.0,1.0,1074442.0,1.0,2166410.0,83365.0,4
2025-12-17 16:45:23.934337,1.1030729486704784,0.4173667079949993,-1.8611005127143616,467.4992406877653,31.0,1.0,708100.0,1.0,2192967.0,73354.0,5
2025-12-17 16:45:24.433912,1.0866281477506907,0.3618935133347228,-1.861118277670715,461.98767323533883,35.0,1.0,407164.0,1.0,1542287.0,70387.0,0
2025-12-17 16:45:24.534122,1.0827679359770688,0.3509703404170202,-1.861585319937239,426.5990162815781,31.0,1.0,638867.0,1.0,1590527.0,68114.0,1
2025-12-17 16:45:24.633799,1.0911106856188395,0.3431461210253558,-1.849797885832183,457.68104484539793,35.0,1.0,639516.0,1.0,1417638.0,63098.0,2
2025-12-17 16:45:24.733898,1.0922735318745596,0.3341960219863075,-1.8424411204156828,479.056593906941,34.0,1.0,1065749.0,1.0,2140174.0,82272.0,4
2025-12-17 16:45:24.834598,1.0889776048734523,0.3234075615145425,-1.840449169220303,475.6618637597279,35.0,1.0,719697.0,1.0,2213099.0,72810.0,5
2025-12-17 16:45:25.435041,1.0697081459649105,0.2557065251316713,-1.8387218909273564,452.17566131410416,31.0,1.0,412714.0,1.0,1545422.0,71105.0,0
2025-12-17 16:45:25.534321,1.0666630451879189,0.2447262037720178,-1.8345503343990164,432.8331820047614,34.0,1.0,644077.0,1.0,1593221.0,67700.0,1
2025-12-17 16:45:25.632929,1.063770929129886,0.232928204806697,-1.837044047306031,453.268654919773,29.0,1.0,888935.0,1.0,1770664.0,70149.0,3
2025-12-17 16:45:25.734057,1.0605818648497427,0.2219661350099644,-1.8370427699167688,455.2451234726461,21.0,1.0,1066832.0,1.0,2145976.0,84702.0,4
2025-12-17 16:45:25.834553,1.0579835035545642,0.2104278227458942,-1.8372723672735087,459.8424955475366,28.0,1.0,720428.0,1.0,2182601.0,73902.0,5
2025-12-17 16:45:26.433541,1.039743435988596,0.1433066603263658,-1.8417550202973512,466.36315572955635,37.0,1.0,408268.0,1.0,1522579.0,70149.0,0
2025-12-17 16:45:26.534164,1.0366296747372463,0.1317269074614563,-1.8407611855253891,436.0672643815332,35.0,1.0,632627.0,1.0,1588913.0,67517.0,1
2025-12-17 16:45:26.633725,1.0333216256207078,0.1203351926900788,-1.8434913367668837,445.1453702623065,29.0,1.0,630063.0,1.0,1407122.0,63893.0,2
2025-12-17 16:45:26.733608,1.0300137852488689,0.1093699413597317,-1.841286320477317,456.51022849527504,30.0,1.0,879955.0,1.0,1739774.0,69936.0,3
2025-12-17 16:45:26.834056,1.0274567624072624,0.0982389681208649,-1.848001404720612,458.4524728378432,25.0,1.0,1058560.0,1.0,2139450.0,84017.0,4
2025-12-17 16:45:26.933481,1.0229336848493806,0.0887623700386919,-1.863300001375817,481.0410058098114,37.0,1.0,708100.0,1.0,2180386.0,72417.0,5
2025-12-17 16:45:27.433869,1.0134590273220898,0.0516983186390223,-1.9650315961695377,458.55099339968194,34.0,1.0,407716.0,1.0,1531883.0,70649.0,0
2025-12-17 16:45:27.533575,1.0088987704056591,0.0407984607769738,-1.9870448021599856,429.30124561883935,32.0,1.0,633484.0,1.0,1602957.0,67975.0,1
2025-12-17 16:45:27.633598,1.003568756530923,0.031391751019844,-2.01570190751892,440.377512075344,27.0,1.0,641032.0,1.0,1413327.0,64175.0,2
2025-12-17 16:45:27.733682,0.9987729305046444,0.0211073185828385,-2.0424797180761884,455.7297216008459,29.0,1.0,912097.0,1.0,1765876.0,70054.0,3
2025-12-17 16:45:27.833752,0.9940859209739582,0.0106256496842351,-2.060134599605357,478.6409151282362,34.0,1.0,1075897.0,1.0,2103549.0,82356.0,4
2025-12-17 16:45:27.934497,0.9884796206338348,0.0004708775216574,-2.081927912942905,453.22182925657154,25.0,1.0,725812.0,1.0,2212350.0,74455.0,5
2025-12-17 16:45:28.433842,0.9591255874551384,-0.0460648400582994,-2.190958378684265,438.73876440929934,24.0,1.0,414254.0,1.0,1522579.0,72099.0,0
2025-12-17 16:45:28.533547,0.9530377101270484,-0.0548330346576522,-2.2158162548386264,447.53535819697936,41.0,1.0,653077.0,1.0,1593761.0,66789.0,1
2025-12-17 16:45:28.633527,0.946752643850256,-0.0641306776135482,-2.2414727840112123,452.6096668899741,32.0,1.0,638002.0,1.0,1424371.0,63462.0,2
2025-12-17 16:45:28.733964,0.945790171322502,-0.0761698822454159,-2.250025975258893,459.94926035760454,31.0,1.0,880550.0,1.0,1729207.0,69747.0,3
2025-12-17 16:45:28.835185,0.953399756648778,-0.090173911838485,-2.2592474210229123,477.8296848424245,34.0,1.0,1050351.0,1.0,2167877.0,82439.0,4
2025-12-17 16:45:28.933814,0.9461614985922538,-0.0983906619232529,-2.2804906927958637,475.4023457961134,34.0,1.0,710019.0,1.0,2177436.0,72859.0,5
2025-12-17 16:45:29.433642,0.9074046722849368,-0.1393192949604449,-2.3925599595842764,454.7460876584252,44.0,1.0,651311.0,1.0,1588376.0,66339.0,1
2025-12-17 16:45:29.534107,0.8988844095377545,-0.1475203114923222,-2.415179966504127,454.81875571824054,33.0,1.0,624543.0,1.0,1417159.0,63312.0,2
2025-12-17 16:45:29.633642,0.8946407192403077,-0.1592360744843564,-2.438281036533841,464.14671886390886,33.0,1.0,913642.0,1.0,1802102.0,69464.0,3
2025-12-17 16:45:29.734173,0.9018590815216052,-0.1845704142486263,-2.4543067725950487,489.9991437156778,39.0,1.0,1084672.0,1.0,2157629.0,81469.0,4
2025-12-17 16:45:29.833883,0.8937770069292861,-0.1917011880211256,-2.474355936547464,489.5649341852121,41.0,1.0,719454.0,1.0,2181124.0,71904.0,5
2025-12-17 16:45:30.434076,0.8393455326302097,-0.2327133191466842,-2.497843231913489,463.11436050804497,35.0,1.0,407716.0,1.0,1533958.0,70387.0,0
2025-12-17 16:45:30.533946,0.8313317791988782,-0.2394159764424872,-2.4758818546360404,454.00368987746515,43.0,1.0,632413.0,1.0,1610570.0,66429.0,1
2025-12-17 16:45:30.634998,0.8300463393695062,-0.2469658443136164,-2.4520164965621047,459.07435101153936,35.0,1.0,639083.0,1.0,1408075.0,63076.0,2
2025-12-17 16:45:30.736468,0.8221598195082207,-0.2539889398489862,-2.4263127251934296,465.38876365623855,33.0,1.0,895578.0,1.0,1761101.0,69440.0,3
2025-12-17 16:45:30.834043,0.8137615039521315,-0.2589047054525518,-2.395376088068958,479.2064687644272,34.0,1.0,1057128.0,1.0,2121423.0,82384.0,4
2025-12-17 16:45:30.934014,0.805236281085157,-0.2661244075020686,-2.3755806374111628,468.7636617573066,31.0,1.0,717751.0,1.0,2177436.0,73329.0,5
2025-12-17 16:45:31.433462,0.7673021577122305,-0.3095466866802601,-2.2754670994532984,455.3020212931036,32.0,1.0,412714.0,1.0,1516921.0,70985.0,0
2025-12-17 16:45:31.534214,0.7599953337094176,-0.3188787740845185,-2.263366572267151,446.23787175486865,40.0,1.0,638434.0,1.0,1569140.0,66903.0,1
2025-12-17 16:45:31.633480,0.7523054616228266,-0.3274432785958344,-2.2599077335806648,445.30616987430017,29.0,1.0,641467.0,1.0,1435989.0,63936.0,2
2025-12-17 16:45:31.733747,0.7453787055938774,-0.3364465886935773,-2.260402958723695,454.6076433239737,28.0,1.0,888634.0,1.0,1755151.0,70196.0,3
2025-12-17 16:45:31.833666,0.737715396816244,-0.3447795555554843,-2.257192302180954,486.39489729434985,37.0,1.0,1078449.0,1.0,2117120.0,81800.0,4
2025-12-17 16:45:31.934065,0.730084745126435,-0.3536442123254626,-2.257187736440269,465.9443108865472,30.0,1.0,709299.0,1.0,2190742.0,73578.0,5
2025-12-17 16:45:32.434153,0.6933014576621128,-0.397883568681333,-2.257385211802879,473.48992712594617,40.0,1.0,404418.0,1.0,1491972.0,69747.0,0
2025-12-17 16:45:32.534067,0.6861076572101055,-0.4070905854049255,-2.259367838836922,455.4719564728318,44.0,1.0,644950.0,1.0,1598623.0,66339.0,1
2025-12-17 16:45:32.636061,0.6784709147733188,-0.4164526458425494,-2.2576664277938505,436.53894040721474,25.0,1.0,640599.0,1.0,1399049.0,64523.0,2
2025-12-17 16:45:32.733933,0.6716557307451381,-0.4256764555019969,-2.2536774172815823,451.82716101095343,27.0,1.0,918913.0,1.0,1766474.0,70339.0,3
2025-12-17 16:45:32.835389,0.6636454850155618,-0.4343987005833658,-2.2377936068209605,474.10712597874124,33.0,1.0,723360.0,1.0,2190000.0,73007.0,5
2025-12-17 16:45:33.433444,0.640974221387929,-0.5128845161275228,-2.0834517771234364,458.67757007227726,33.0,1.0,412714.0,1.0,1529293.0,70721.0,0
2025-12-17 16:45:33.533723,0.6354792478754736,-0.5225314473132131,-2.058947726588028,452.7473517596313,32.0,1.0,648232.0,1.0,1420520.0,63505.0,2
2025-12-17 16:45:33.633985,0.6303080274225945,-0.532140736314064,-2.035903804236507,464.024701601605,32.0,1.0,872245.0,1.0,1721616.0,69581.0,3
2025-12-17 16:45:33.734021,0.6255625671628151,-0.542633011991665,-2.014160841751496,473.75311344081825,31.0,1.0,1074805.0,1.0,2107825.0,82859.0,4
2025-12-17 16:45:34.433316,0.59844446486821,-0.6191080258088928,-1.863063374839416,466.8653221165106,37.0,1.0,408821.0,1.0,1512819.0,70196.0,0
2025-12-17 16:45:34.533884,0.596614623116857,-0.6294190288552853,-1.839421312656487,457.9401518959819,44.0,1.0,642553.0,1.0,1602415.0,66249.0,1
2025-12-17 16:45:34.635135,0.6138709186301254,-0.6556094968767269,-1.7935115734121445,458.0030680141768,34.0,1.0,624120.0,1.0,1428717.0,63226.0,2
2025-12-17 16:45:34.734419,0.6156093348838305,-0.6705731171254486,-1.764971936167443,461.2662214052753,31.0,1.0,898310.0,1.0,1758124.0,69747.0,3
2025-12-17 16:45:34.833967,0.612671263087376,-0.682526531157636,-1.7446642238994925,463.9604528155368,27.0,1.0,1037280.0,1.0,2169345.0,83676.0,4
2025-12-17 16:45:34.935270,0.6107979387603518,-0.694237396406919,-1.7234792707313251,487.48644830746144,39.0,1.0,695746.0,1.0,2186297.0,72123.0,5
2025-12-17 16:45:35.433906,0.6043729606365277,-0.7497751604756308,-1.6744760298340515,479.05320898396906,42.0,1.0,408407.0,1.0,1520519.0,69417.0,0
2025-12-17 16:45:35.533531,0.6179244207449162,-0.7740039326227791,-1.656527570630951,459.1741883854035,45.0,1.0,643859.0,1.0,1582473.0,66182.0,1
2025-12-17 16:45:35.634494,0.6225736593617867,-0.7913910906174468,-1.6505888807577862,465.2350904911666,37.0,1.0,632413.0,1.0,1403792.0,62778.0,2
2025-12-17 16:45:35.733625,0.62175228287382,-0.802994481077469,-1.6476135028486127,470.485524004928,35.0,1.0,898007.0,1.0,1733309.0,69135.0,3
2025-12-17 16:45:35.834354,0.6208138787132751,-0.8140262334280187,-1.6481216491566395,488.1490253591495,38.0,1.0,1061430.0,1.0,2112825.0,81717.0,4
2025-12-17 16:45:35.934160,0.619651101881671,-0.8253551944094392,-1.6471271438868345,468.6668877137589,31.0,1.0,722137.0,1.0,2159821.0,73404.0,5
2025-12-17 16:45:36.433542,0.6156052009610107,-0.883211626239521,-1.6473610467084512,477.2409167130476,41.0,1.0,410069.0,1.0,1534997.0,69511.0,0
2025-12-17 16:45:36.533686,0.6147703231993933,-0.8947787237083551,-1.6476209691551535,472.408343807345,51.0,1.0,644731.0,1.0,1583545.0,65358.0,1
2025-12-17 16:45:36.634014,0.6138957261340539,-0.9061564180932768,-1.6466311588871574,470.4671503477356,39.0,1.0,629210.0,1.0,1400470.0,62503.0,2
2025-12-17 16:45:36.733728,0.613061505904678,-0.9179423727838636,-1.6443929645973527,448.7050234753279,26.0,1.0,893762.0,1.0,1723365.0,70625.0,3
2025-12-17 16:45:36.833488,0.6120502727109783,-0.9289323169661328,-1.6468646285730315,487.33736171277053,37.0,1.0,1063947.0,1.0,2145976.0,81772.0,4
2025-12-17 16:45:36.934225,0.6109046736885351,-0.9402241900791636,-1.6453816253575264,493.8475393719584,42.0,1.0,724831.0,1.0,2183340.0,71709.0,5
2025-12-17 16:45:37.434127,0.6058356723659899,-0.9966406237164694,-1.6217058667056017,484.4288026416257,44.0,1.0,408268.0,1.0,1486930.0,69089.0,0
2025-12-17 16:45:37.533637,0.6051769576411049,-1.0082295891554658,-1.602095438597218,466.64245146898315,48.0,1.0,622854.0,1.0,1576059.0,65735.0,1
2025-12-17 16:45:37.633832,0.605641259154148,-1.0186508933021794,-1.5816119082479476,471.6992793913515,40.0,1.0,634771.0,1.0,1391022.0,62439.0,2
2025-12-17 16:45:37.735476,0.6057534823448874,-1.0299930871302625,-1.5562019548070256,466.9248839851696,34.0,1.0,891948.0,1.0,1743901.0,69393.0,3
2025-12-17 16:45:37.834480,0.6058229767345639,-1.0415933810222682,-1.533494672194784,465.52604829863776,27.0,1.0,1036929.0,1.0,2121423.0,83535.0,4
2025-12-17 16:45:37.934749,0.6073444165653961,-1.0501801938811215,-1.506072119087708,494.0282739438796,42.0,1.0,707381.0,1.0,2179648.0,71661.0,5
2025-12-17 16:45:38.434178,0.6162091352012966,-1.0922952808536357,-1.379013817092509,484.6165882977773,44.0,1.0,405651.0,1.0,1517434.0,69089.0,0
2025-12-17 16:45:38.535076,0.618282829632079,-1.102821581156702,-1.3560097019570696,501.876907499892,66.0,2.0,624754.0,1.0,1562780.0,63505.0,1
2025-12-17 16:45:38.633208,0.6205045549722281,-1.113701677149768,-1.3351439728160703,481.93130581525344,45.0,1.0,631130.0,1.0,1417638.0,61829.0,2
2025-12-17 16:45:38.734037,0.623242014370814,-1.1249432301479003,-1.3131240783117355,492.1440450222448,45.0,1.0,867828.0,1.0,1689293.0,67792.0,3
2025-12-17 16:45:38.833663,0.6266805432495385,-1.1354683087741528,-1.293320730398691,490.7143938887389,39.0,1.0,1067554.0,1.0,2110681.0,81579.0,4
2025-12-17 16:45:38.934008,0.6298845942259514,-1.1467222761069529,-1.2696250366715214,484.2087800063063,38.0,1.0,735456.0,1.0,2207115.0,72392.0,5
2025-12-17 16:45:39.433921,0.6514334808068795,-1.206407090319214,-1.1622765938457025,507.80431611889634,56.0,1.0,404829.0,1.0,1482910.0,67562.0,0
2025-12-17 16:45:39.534298,0.6559858941292427,-1.217070844530571,-1.1413766510580163,507.1108444886819,69.0,2.0,628784.0,1.0,1574460.0,63247.0,1
2025-12-17 16:45:39.633803,0.6611793493184176,-1.2265036185546077,-1.1193194796931212,482.1636152559686,44.0,1.0,642336.0,1.0,1401893.0,61850.0,2
2025-12-17 16:45:39.734430,0.6662449075582493,-1.2363142886822969,-1.0940964400623248,508.3636081409354,53.0,1.0,892855.0,1.0,1713477.0,66722.0,3
2025-12-17 16:45:39.834166,0.6711763386130687,-1.2465016582469848,-1.0703730115678336,494.90298829830454,41.0,1.0,1046448.0,1.0,2095732.0,81221.0,4
2025-12-17 16:45:39.934895,0.6771401761226257,-1.2568194605783165,-1.0460823645199442,479.38958015051725,35.0,1.0,704514.0,1.0,2207115.0,72711.0,5
2025-12-17 16:45:40.434713,0.7268224425361658,-1.3009850422891682,-0.9124053182530406,517.9922409171229,61.0,1.0,398035.0,1.0,1484416.0,66880.0,0
2025-12-17 16:45:40.533545,0.735668168480146,-1.310248984893033,-0.8896674019287383,536.3447873304501,85.0,2.0,622222.0,1.0,1543332.0,61475.0,1
2025-12-17 16:45:40.633263,0.7427945755691931,-1.31974868126339,-0.8706047388421153,501.39566118225963,54.0,1.0,628997.0,1.0,1413327.0,60710.0,2
2025-12-17 16:45:40.733243,0.749811527935674,-1.328712025356687,-0.8678965898008734,526.5828244861805,62.0,1.0,874018.0,1.0,1679033.0,65558.0,3
2025-12-17 16:45:40.835276,0.757441582603514,-1.336852123357721,-0.8703721887905367,503.09169712712384,44.0,1.0,1049996.0,1.0,2121423.0,80618.0,4
2025-12-17 16:45:40.933712,0.7689200691016972,-1.3473397293573024,-0.85940072017849,483.57000637010077,37.0,1.0,707860.0,1.0,2150339.0,72417.0,5
2025-12-17 16:45:41.433267,0.8178588235148456,-1.3941967254692649,-0.8301976610127231,508.1797454724833,56.0,1.0,404692.0,1.0,1490962.0,67562.0,0
2025-12-17 16:45:41.533613,0.8254900128919656,-1.4023254348297869,-0.8133612275108603,530.578922384027,82.0,2.0,613439.0,1.0,1535516.0,61829.0,1
2025-12-17 16:45:41.633917,0.8331106250019538,-1.40987312824365,-0.7921578383044111,510.6279843210814,58.0,1.0,616770.0,1.0,1409505.0,60198.0,2
2025-12-17 16:45:41.734199,0.8412717078516587,-1.416991141578291,-0.7676662098754106,534.8025111703455,66.0,2.0,873131.0,1.0,1671096.0,65093.0,3
2025-12-17 16:45:41.834001,0.8499239711090649,-1.4248263323383674,-0.7463031021248405,498.2799563844108,42.0,1.0,1051063.0,1.0,2145976.0,81029.0,4
2025-12-17 16:45:41.934295,0.8582817250782344,-1.4325783184913754,-0.7265652968238083,476.75075159977706,34.0,1.0,717751.0,1.0,2187038.0,72908.0,5
2025-12-17 16:45:42.433938,0.9018348965421066,-1.4673027346827558,-0.6174969764144244,507.36764754980425,55.0,1.0,403871.0,1.0,1476899.0,67631.0,0
2025-12-17 16:45:42.534948,0.9104860161019,-1.4745572721448912,-0.5940638078543086,552.8133540665459,94.0,2.0,622643.0,1.0,1550137.0,60566.0,1
2025-12-17 16:45:42.633401,0.9220765396094036,-1.4729283634128754,-0.5558557462137134,525.8600358194835,66.0,2.0,619490.0,1.0,1400470.0,59328.0,2
2025-12-17 16:45:42.734893,0.934596609296804,-1.465949483437064,-0.513385420648898,525.0221403515723,61.0,1.0,898310.0,1.0,1676194.0,65691.0,3
2025-12-17 16:45:42.835174,0.9442481263615152,-1.4714055876805896,-0.4887661926271063,496.4686770887046,41.0,1.0,1052843.0,1.0,2117120.0,81166.0,4
2025-12-17 16:45:42.934256,0.9537362103380675,-1.4768842689477903,-0.4640427475655768,483.93138447142525,37.0,1.0,704275.0,1.0,2187038.0,72417.0,5
2025-12-17 16:45:43.433840,1.003419492631903,-1.5003608222238018,-0.3576974559712657,517.55540522732,60.0,1.0,390827.0,1.0,1484416.0,66993.0,0
2025-12-17 16:45:43.536199,1.0141232837768253,-1.504580380118912,-0.3364530646182593,545.0477660830577,89.0,2.0,622222.0,1.0,1550662.0,61039.0,1
2025-12-17 16:45:43.635450,1.0258170920764171,-1.504982375177883,-0.3122754538716873,519.0926828372671,63.0,1.0,628997.0,1.0,1390081.0,59731.0,2
2025-12-17 16:45:43.733743,1.0472708105807438,-1.4917097553466443,-0.2755299945449198,536.2413648174613,67.0,2.0,863434.0,1.0,1658699.0,65027.0,3
2025-12-17 16:45:43.833514,1.060214683704526,-1.4923965551175005,-0.2492838872873062,535.6568637736477,60.0,1.0,1054626.0,1.0,2066152.0,78173.0,4
2025-12-17 16:45:43.933300,1.071476508571817,-1.4946812720473557,-0.2266019126898469,492.11185169626987,41.0,1.0,724340.0,1.0,2204129.0,71855.0,5
2025-12-17 16:45:44.433329,1.12676378927577,-1.5043455868472992,-0.1120459161173088,527.7430853533149,66.0,2.0,408545.0,1.0,1469918.0,66339.0,0
2025-12-17 16:45:44.533651,1.138639200678477,-1.5055566854440932,-0.0825101054172728,543.2812886809813,88.0,2.0,612817.0,1.0,1569140.0,61184.0,1
2025-12-17 16:45:44.633861,1.1628752236373767,-1.49563948409267,-0.0409621767827508,524.4389198935859,60.0,1.0,891345.0,1.0,1663196.0,65802.0,3
2025-12-17 16:45:44.735449,1.1771801118828622,-1.4933882948896735,-0.0139185195459764,514.8268781552055,50.0,1.0,1057128.0,1.0,2088651.0,79750.0,4
2025-12-17 16:45:44.835143,1.1886948027234077,-1.4928680999924038,0.0015829905720175,482.2747605405806,36.0,1.0,700472.0,1.0,2199657.0,72588.0,5
2025-12-17 16:45:45.434709,1.241935501039569,-1.4874687413250338,0.0980901699303044,535.9311205638762,70.0,2.0,403871.0,1.0,1486427.0,65802.0,0
2025-12-17 16:45:45.533691,1.231989612237424,-1.4675994025732189,0.1156696868467515,543.5154171792224,88.0,2.0,630703.0,1.0,1544377.0,61163.0,1
2025-12-17 16:45:45.635009,1.229382911435654,-1.4624086943603591,0.1202575218581666,519.5569230473092,63.0,1.0,612609.0,1.0,1377903.0,59731.0,2
2025-12-17 16:45:45.733224,1.229382911435654,-1.4624086943603591,0.1202575218581666,531.6802046375346,64.0,1.0,882938.0,1.0,1650858.0,65358.0,3
2025-12-17 16:45:45.834157,1.231330124562938,-1.4626505763981232,0.1286616327729,518.0339841674263,51.0,1.0,1036929.0,1.0,2050825.0,79534.0,4
2025-12-17 16:45:45.933624,1.2393729027483575,-1.463091055430135,0.1489297301810773,485.47319005681265,37.0,1.0,714600.0,1.0,2146703.0,72392.0,5
2025-12-17 16:45:46.433871,1.304666719271051,-1.4475925460187624,0.2624420970201969,523.118739287093,63.0,1.0,401010.0,1.0,1476899.0,66677.0,0
2025-12-17 16:45:46.534213,1.31453913905774,-1.444030340549998,0.2858341315708472,531.7496585228859,81.0,2.0,615519.0,1.0,1556446.0,61871.0,1
2025-12-17 16:45:46.634026,1.322127197866604,-1.4412229452236107,0.320945814344192,515.7888661217148,61.0,1.0,636062.0,1.0,1376970.0,59934.0,2
2025-12-17 16:45:46.734940,1.3316970190325312,-1.4383281735153888,0.3477321825597713,525.9000581241166,61.0,1.0,867535.0,1.0,1654214.0,65713.0,3
2025-12-17 16:45:46.833854,1.3429555717609378,-1.434675845885719,0.3609290396729832,507.2224266463189,46.0,1.0,1051774.0,1.0,2057778.0,80400.0,4
2025-12-17 16:45:46.933923,1.361275352082668,-1.4236212131635728,0.3829584617969684,494.6538839847526,42.0,1.0,709059.0,1.0,2182601.0,71758.0,5
2025-12-17 16:45:47.433800,1.41830895031803,-1.392702949816234,0.4981174185542456,535.3065020345629,70.0,2.0,405651.0,1.0,1452117.0,65869.0,0
2025-12-17 16:45:47.533561,1.4285793140552134,-1.3881141782735071,0.51785317535149,510.9836250106866,70.0,2.0,616770.0,1.0,1545422.0,63140.0,1
2025-12-17 16:45:47.633734,1.438282710634759,-1.3828805401640267,0.5414007550047292,519.0209696264878,62.0,1.0,620119.0,1.0,1377436.0,59812.0,2
2025-12-17 16:45:47.734062,1.4467279399272832,-1.3765812302242053,0.5666685154722853,513.3921154890772,49.0,1.0,1040445.0,1.0,2080890.0,79912.0,4
2025-12-17 16:45:47.833463,1.466180214920502,-1.363253355704752,0.6037226311829886,509.8163768153354,49.0,1.0,694335.0,1.0,2149611.0,70697.0,5
2025-12-17 16:45:48.435369,1.5310749371250645,-1.3113657001990406,0.7502457854318724,521.4945727348032,62.0,1.0,402642.0,1.0,1472906.0,66789.0,0
2025-12-17 16:45:48.533697,1.5388721403897674,-1.3037908818402382,0.7741549186891221,510.2177759843645,69.0,2.0,639299.0,1.0,1550137.0,63205.0,1
2025-12-17 16:45:48.633780,1.5475554193530192,-1.2966918307285968,0.7990650561151469,518.25315160516,62.0,1.0,618861.0,1.0,1390552.0,59853.0,2
2025-12-17 16:45:48.732998,1.5553069138873536,-1.2882475859858762,0.8240083940251668,527.338585628612,62.0,1.0,896488.0,1.0,1683585.0,65646.0,3
2025-12-17 16:45:48.835278,1.5671184219300158,-1.277872269549167,0.8439170204460409,503.5996942582805,44.0,1.0,1074805.0,1.0,2063357.0,80700.0,4
2025-12-17 16:45:48.933572,1.5891388190997016,-1.260804623941988,0.8678443903695034,493.0151004133517,41.0,1.0,722137.0,1.0,2154710.0,71904.0,5
2025-12-17 16:45:49.435242,1.6226338793917685,-1.215612206705157,0.983685665516538,497.42884491855386,63.0,1.0,624543.0,1.0,1573927.0,63979.0,1
2025-12-17 16:45:49.534236,1.6294027349808604,-1.206130469102661,1.006806068255873,504.4622116441854,54.0,1.0,631985.0,1.0,1385853.0,60668.0,2
2025-12-17 16:45:49.632922,1.637233718208225,-1.1958771241257806,1.030318910222057,533.5360981262249,64.0,1.0,879657.0,1.0,1644723.0,65314.0,3
2025-12-17 16:45:49.734619,1.6475057686415613,-1.183992687639551,1.0566790566182416,516.7692196718906,50.0,1.0,1036929.0,1.0,2125017.0,79723.0,4
2025-12-17 16:45:49.834076,1.6531395436197454,-1.1767274260786844,1.0683105593046616,502.1777673808141,45.0,1.0,705230.0,1.0,2160552.0,71274.0,5
2025-12-17 16:45:50.435226,1.6687093204390082,-1.160628693635213,1.1194166026635703,500.8700980419669,52.0,1.0,408268.0,1.0,1467929.0,68137.0,0
2025-12-17 16:45:50.533863,1.6757694887533054,-1.1480123931879165,1.148823176740617,497.68605311509214,63.0,1.0,637355.0,1.0,1550137.0,64023.0,1
2025-12-17 16:45:50.634222,1.681338524303871,-1.1354557652443922,1.1719491535337858,497.71759682245886,51.0,1.0,617815.0,1.0,1378369.0,61081.0,2
2025-12-17 16:45:50.733807,1.6856618318239396,-1.123596319001154,1.19526685007235,501.77771691396106,49.0,1.0,905024.0,1.0,1677329.0,67311.0,3
2025-12-17 16:45:50.834093,1.6903566739188236,-1.1123560633231449,1.2168491266546542,530.9764700748008,57.0,1.0,1051418.0,1.0,2107112.0,78651.0,4
2025-12-17 16:45:50.934191,1.6941599819468995,-1.1018415993143995,1.2370418195050974,497.3764920626699,43.0,1.0,696218.0,1.0,2140174.0,71612.0,5
2025-12-17 16:45:51.433054,1.7145237590990008,-1.041257016151805,1.3550260955352549,511.0574662718936,57.0,1.0,401010.0,1.0,1476400.0,67494.0,0
2025-12-17 16:45:51.533668,1.718013201561434,-1.0299079378950995,1.374859071979862,489.9201265953369,59.0,1.0,636277.0,1.0,1570734.0,64479.0,1
2025-12-17 16:45:51.633859,1.719797268070666,-1.0177304700059635,1.396807301600928,522.9496838430698,64.0,1.0,627934.0,1.0,1383042.0,59610.0,2
2025-12-17 16:45:51.733648,1.7219917398303122,-1.006396332875659,1.4059396725356708,517.9971588814226,56.0,1.0,882340.0,1.0,1661508.0,66339.0,3
2025-12-17 16:45:51.834678,1.72475850086802,-0.9957424203208038,1.4126581966755247,511.16507994133303,47.0,1.0,1053912.0,1.0,2089358.0,80156.0,4
2025-12-17 16:45:51.934131,1.7266996791432951,-0.985020694584944,1.4133561926165443,491.5571211408798,40.0,1.0,719697.0,1.0,2167877.0,72001.0,5
2025-12-17 16:45:52.433465,1.7258521508908655,-0.9214644388174624,1.412983101517398,505.2453195274338,53.0,1.0,401418.0,1.0,1466440.0,67929.0,0
2025-12-17 16:45:52.534076,1.7276423179283034,-0.9097098988590976,1.412038021157454,531.1586883931548,68.0,2.0,613647.0,1.0,1399996.0,59148.0,2
2025-12-17 16:45:52.634551,1.729292940417532,-0.8983519934402537,1.4152172611589966,517.1948862468855,56.0,1.0,883237.0,1.0,1661508.0,66384.0,3
2025-12-17 16:45:52.733949,1.7305850947854653,-0.8871263553275541,1.4132355895804023,498.3345921599715,41.0,1.0,1033426.0,1.0,2080890.0,81166.0,4
2025-12-17 16:45:52.833547,1.73237203602586,-0.8768280016396595,1.4265765266020254,494.7195915721129,41.0,1.0,709779.0,1.0,2147430.0,71806.0,5
2025-12-17 16:45:53.434167,1.737075584327609,-0.8086997113384438,1.5186254828689392,503.43322742581324,52.0,1.0,406476.0,1.0,1453592.0,68044.0,0
2025-12-17 16:45:53.533436,1.7376768396071622,-0.7969801295398504,1.5215662527825484,503.38831054664945,65.0,2.0,629849.0,1.0,1544377.0,63720.0,1
2025-12-17 16:45:53.633608,1.7384014072684717,-0.7860142369991185,1.521550964391427,528.4139681656584,66.0,2.0,614686.0,1.0,1374642.0,59368.0,2
2025-12-17 16:45:53.734559,1.7390450816325878,-0.7747291931727014,1.525031031801631,518.4363125534117,56.0,1.0,892855.0,1.0,1665449.0,66339.0,3
2025-12-17 16:45:53.833712,1.7399415239810725,-0.7636002439722462,1.5240555493129126,523.5418970392643,53.0,1.0,1043972.0,1.0,2064056.0,79239.0,4
2025-12-17 16:45:53.934551,1.7407969648695318,-0.7522220996920568,1.5247982876180506,521.9184768428546,54.0,1.0,719454.0,1.0,2178173.0,69959.0,5
2025-12-17 16:45:54.433204,1.7441239449192054,-0.6935192728326517,1.5181345699781348,509.6208226770201,55.0,1.0,404281.0,1.0,1465447.0,67654.0,0
2025-12-17 16:45:54.533561,1.7452348252167424,-0.6822867010965471,1.5168794912480847,513.6224589450169,70.0,2.0,630063.0,1.0,1554866.0,63098.0,1
2025-12-17 16:45:54.634969,1.7455448493299404,-0.6704392427583938,1.5156386802341764,509.6464554495885,56.0,1.0,634342.0,1.0,1382106.0,60443.0,2
2025-12-17 16:45:54.735257,1.746493336861174,-0.6583664085238724,1.5171309476642123,520.6559426125459,57.0,1.0,870476.0,1.0,1653654.0,66204.0,3
2025-12-17 16:45:54.832997,1.7469562336891495,-0.6462472345697072,1.5156421914657756,537.7302618563242,60.0,1.0,1039741.0,1.0,2034234.0,78200.0,4
2025-12-17 16:45:54.934977,1.7475902177027638,-0.6348959414640907,1.5156503615185537,522.099193712064,55.0,1.0,701896.0,1.0,2137278.0,69959.0,5
2025-12-17 16:45:55.435009,1.7216494604655166,-0.5988411930658225,1.546271301455087,503.80893769241527,52.0,1.0,405651.0,1.0,1467929.0,68067.0,0
2025-12-17 16:45:55.533968,1.721652486808479,-0.5871592023622587,1.5452790590274057,509.85667336497994,68.0,2.0,610126.0,1.0,1540201.0,63333.0,1
2025-12-17 16:45:55.633942,1.7218922935781005,-0.5758059103758163,1.5475050153723682,538.878388308457,71.0,2.0,609301.0,1.0,1366293.0,58809.0,2
2025-12-17 16:45:55.733896,1.721923555382267,-0.5639408599982368,1.5482450026878651,540.8751207688165,68.0,2.0,864603.0,1.0,1654774.0,64917.0,3
2025-12-17 16:45:55.833889,1.722032514347535,-0.5525376014852086,1.5484825014542156,556.918929592232,70.0,2.0,1023679.0,1.0,2030795.0,76757.0,4
2025-12-17 16:45:55.935018,1.7222401267565957,-0.540890323838363,1.5492066812087344,520.2798410349055,53.0,1.0,708100.0,1.0,2125017.0,70125.0,5
2025-12-17 16:45:56.433849,1.7218224673985003,-0.4825338550455421,1.550673127943485,513.9964959517345,58.0,1.0,398980.0,1.0,1489953.0,67357.0,0
2025-12-17 16:45:56.533949,1.7217330782882871,-0.4710739723368727,1.5479457114211723,512.0907880501921,70.0,2.0,623698.0,1.0,1551187.0,63205.0,1
2025-12-17 16:45:56.634248,1.7226087735923703,-0.4595832977088142,1.547678471098328,565.1106306516668,86.0,2.0,613232.0,1.0,1345186.0,57335.0,2
2025-12-17 16:45:56.734716,1.722486788706158,-0.4481190971546415,1.54767370963822,549.0947776041281,72.0,2.0,881147.0,1.0,1638612.0,64458.0,3
2025-12-17 16:45:56.835210,1.7226701398467663,-0.4362026067995662,1.5481823203187284,541.1076781944656,62.0,1.0,1026801.0,1.0,2036990.0,77962.0,4
2025-12-17 16:45:57.433640,1.7246986111801037,-0.3674569614900116,1.548672062965704,528.1842327861054,65.0,2.0,401010.0,1.0,1453100.0,66496.0,0
2025-12-17 16:45:57.534742,1.7245344732139465,-0.3558458476349089,1.5499429545393946,514.3250928401408,71.0,2.0,618443.0,1.0,1560137.0,63076.0,1
2025-12-17 16:45:57.633856,1.7250095411440265,-0.3443306183609517,1.5491848091093203,544.34271093931,74.0,2.0,609301.0,1.0,1347009.0,58531.0,2
2025-12-17 16:45:57.734070,1.7245320888509004,-0.333246556172825,1.5494267198123406,543.3141126863568,69.0,2.0,862849.0,1.0,1611661.0,64808.0,3
2025-12-17 16:45:57.833796,1.7257046820499875,-0.3222359149304319,1.552402416284508,535.295911250309,59.0,1.0,1046803.0,1.0,2036990.0,78412.0,4
2025-12-17 16:45:57.933960,1.7150236276744777,-0.3144006224889549,1.5634000695797543,520.6409297510835,54.0,1.0,710500.0,1.0,2122142.0,70078.0,5
2025-12-17 16:45:58.434212,1.694785454021148,-0.2648070309232016,1.5881260048331018,544.3721162735944,73.0,2.0,403051.0,1.0,1439395.0,65447.0,0
2025-12-17 16:45:58.533556,1.6951167910882554,-0.2535437423146643,1.5888801097252905,530.5589343083242,79.0,2.0,613439.0,1.0,1509750.0,62123.0,1
2025-12-17 16:45:58.633537,1.695143385561779,-0.241979192419744,1.5881363507069877,560.5748081754581,83.0,2.0,622011.0,1.0,1340641.0,57646.0,2
2025-12-17 16:45:58.734331,1.6947188567893907,-0.230859320811776,1.5849279824159577,535.5336468341013,65.0,2.0,872836.0,1.0,1616030.0,65336.0,3
2025-12-17 16:45:58.833847,1.695085377591036,-0.2192462844229139,1.583188159016012,557.484420458058,70.0,2.0,1035526.0,1.0,2034234.0,76783.0,4
2025-12-17 16:45:58.933717,1.6948057320919594,-0.2079249735217669,1.581458971532392,528.8215257721887,57.0,1.0,694100.0,1.0,2132221.0,69581.0,5
2025-12-17 16:45:59.433562,1.6946368247067043,-0.1501518994390967,1.5816973189772587,537.5597702987143,69.0,2.0,400739.0,1.0,1471909.0,65914.0,0
2025-12-17 16:45:59.534935,1.6952709922237603,-0.1391431092809348,1.5826772078986444,545.793376292085,87.0,2.0,633055.0,1.0,1550137.0,61288.0,1
2025-12-17 16:45:59.634188,1.695325883423899,-0.1274406443838623,1.579706251710179,574.807130617766,91.0,2.0,626024.0,1.0,1370461.0,56832.0,2
2025-12-17 16:45:59.734344,1.6950294695786727,-0.1160065335644789,1.5837026621785952,548.7531265515834,71.0,2.0,854422.0,1.0,1588376.0,64523.0,3
2025-12-17 16:45:59.834042,1.694969100083629,-0.1041458947494029,1.5832035143350427,553.6729568097486,68.0,2.0,1017806.0,1.0,1973872.0,77096.0,4
2025-12-17 16:45:59.935714,1.6947854834130165,-0.0924309132631305,1.5824769793598228,527.002526426707,57.0,1.0,709059.0,1.0,2109967.0,69676.0,5
2025-12-17 16:46:00.434414,1.693521678768764,-0.0348578640326607,1.582217592241917,522.7477063635056,62.0,1.0,400197.0,1.0,1440857.0,66880.0,0
2025-12-17 16:46:00.540206,1.6934727741130031,-0.0227707305992022,1.582709762025532,545.0287294675134,87.0,2.0,619071.0,1.0,1516921.0,61350.0,1
2025-12-17 16:46:00.633945,1.6927646529094842,-0.0112397250838645,1.5812042370055823,585.0392454989327,97.0,2.0,617606.0,1.0,1318145.0,56315.0,2
2025-12-17 16:46:00.734847,1.6931110858020106,0.0003694247831274,1.5831881844693034,572.972713812729,85.0,2.0,874610.0,1.0,1599705.0,63012.0,3
2025-12-17 16:46:00.833911,1.6648166048213733,-0.0006104283317043,1.6073694221675874,575.8614317105714,80.0,2.0,1018495.0,1.0,2015730.0,75469.0,4
2025-12-17 16:46:00.933525,1.6526927607061828,0.0058788715925365,1.6158728321136338,533.1827709225345,59.0,1.0,691989.0,1.0,2112110.0,69323.0,5
2025-12-17 16:46:01.433910,1.6501373394506471,0.0645892296416775,1.6148779954094512,534.9353878039329,68.0,2.0,398710.0,1.0,1453592.0,66115.0,0
2025-12-17 16:46:01.533856,1.649951268267389,0.0763201044594409,1.6161343347076995,549.2613619444916,89.0,2.0,629849.0,1.0,1534477.0,61101.0,1
2025-12-17 16:46:01.633482,1.650237545361273,0.0869680814651275,1.6171339766445711,600.2713093024138,106.0,2.0,616979.0,1.0,1320377.0,55520.0,2
2025-12-17 16:46:01.734829,1.6503986798743746,0.0978107475651505,1.6176228339694492,579.1921867264284,88.0,2.0,868122.0,1.0,1586764.0,62715.0,3
2025-12-17 16:46:01.834363,1.6499159218491326,0.1093963133697066,1.6139223836084584,576.0500165066577,80.0,2.0,1008547.0,1.0,1966537.0,75495.0,4
2025-12-17 16:46:01.935189,1.649879208162654,0.1210454202741948,1.6189064362730388,567.3637114239606,77.0,2.0,719697.0,1.0,2098572.0,67084.0,5
2025-12-17 16:46:02.434802,1.6470586260751856,0.180216105002146,1.6201467104932137,550.1233313797675,76.0,2.0,393748.0,1.0,1423408.0,65160.0,0
2025-12-17 16:46:02.533895,1.646260090503965,0.1918155461288569,1.6164616071955946,556.4954902086134,93.0,2.0,626024.0,1.0,1544377.0,60689.0,1
2025-12-17 16:46:02.634808,1.645389237593202,0.2035305421762665,1.6171982732503356,619.5037884603483,118.0,2.0,619280.0,1.0,1331597.0,54533.0,2
2025-12-17 16:46:02.736058,1.6448157109915074,0.2156933503534773,1.6181828275159889,598.4119333277775,99.0,2.0,851823.0,1.0,1561194.0,61579.0,3
2025-12-17 16:46:02.833322,1.6439708087244742,0.2275494970639395,1.6176934422668126,569.5259500941808,79.0,2.0,690585.0,1.0,2121423.0,66948.0,5
2025-12-17 16:46:03.434253,1.639735453399721,0.2965086927183461,1.6172131620270431,550.3110043702712,76.0,2.0,398980.0,1.0,1423408.0,65204.0,0
2025-12-17 16:46:03.533396,1.627119332275311,0.3012577100736676,1.6235013089479158,558.7294925166416,95.0,2.0,620749.0,1.0,1522064.0,60566.0,1
2025-12-17 16:46:03.633160,1.6144781769155223,0.3060161639204607,1.6319525831854438,618.7355771408403,117.0,2.0,608683.0,1.0,1296026.0,54589.0,2
2025-12-17 16:46:03.734984,1.6133786048876493,0.3176723034461762,1.6319484273385174,606.6311744739082,104.0,2.0,883835.0,1.0,1558554.0,61081.0,3
2025-12-17 16:46:03.834345,1.6125390911757886,0.3284160347857358,1.6294590881419353,611.4270123022044,100.0,2.0,1000727.0,1.0,1972537.0,73032.0,4
2025-12-17 16:46:03.934736,1.6115384999551003,0.3399947351391005,1.626761582283571,574.7249094272883,81.0,2.0,684767.0,1.0,2041131.0,66654.0,5
2025-12-17 16:46:04.433630,1.607117331936884,0.3989276981104027,1.623805318021159,547.4986634653452,74.0,2.0,397497.0,1.0,1434046.0,65380.0,0
2025-12-17 16:46:04.535206,1.6067914531430358,0.4104611913023596,1.6257894260156387,573.964035405749,103.0,2.0,616979.0,1.0,1520004.0,59731.0,1
2025-12-17 16:46:04.635120,1.605763193621693,0.422254311189168,1.6238034206206473,613.8287335006164,108.0,2.0,830473.0,1.0,1525674.0,60710.0,3
2025-12-17 16:46:04.734738,1.6051892285930869,0.4332523829957839,1.624821130805019,627.5967360173877,109.0,2.0,1012994.0,1.0,1934848.0,71904.0,4
2025-12-17 16:46:04.833813,1.6050197291479569,0.4449541718247064,1.6252770945265538,586.8873186215897,88.0,2.0,693396.0,1.0,2067552.0,65869.0,5
2025-12-17 16:46:05.435496,1.6013763127626763,0.5132305911471287,1.621810435850699,549.6867899350813,76.0,2.0,399926.0,1.0,1400944.0,65226.0,0
2025-12-17 16:46:05.533597,1.601376317545706,0.5249941686585617,1.6250035792889816,587.1977778415389,111.0,2.0,616562.0,1.0,1531364.0,58988.0,1
2025-12-17 16:46:05.634027,1.6004465685667637,0.5370088177674723,1.6220170514987864,623.2001210309411,119.0,2.0,596245.0,1.0,1297343.0,54404.0,2
2025-12-17 16:46:05.733606,1.5999104479191684,0.5485953580415011,1.622772151079659,638.0698257633551,123.0,2.0,829630.0,1.0,1529293.0,59348.0,3
2025-12-17 16:46:05.833088,1.5994192485259493,0.5607323033590388,1.6225222484172213,612.8037745467537,100.0,2.0,974984.0,1.0,1922446.0,72958.0,4
2025-12-17 16:46:05.934437,1.5984339559332197,0.5717191357835028,1.622286853402135,601.0861352491629,96.0,2.0,674645.0,1.0,2008919.0,65027.0,5
2025-12-17 16:46:06.434198,1.5606782101651144,0.6156903901879895,1.6381203508754796,558.8743222813015,80.0,2.0,396422.0,1.0,1424854.0,64720.0,0
2025-12-17 16:46:06.534920,1.55994228382059,0.6277700123559204,1.637570451771023,616.4322067146284,130.0,2.0,607242.0,1.0,1490962.0,57393.0,1
2025-12-17 16:46:06.633802,1.558980064653606,0.6388343300634307,1.6358895407464435,669.4322400911911,150.0,2.0,589024.0,1.0,1279032.0,52080.0,2
2025-12-17 16:46:06.735182,1.5584151612213968,0.6508241492596885,1.6380967564974993,639.2896485231761,124.0,2.0,837813.0,1.0,1495004.0,59308.0,3
2025-12-17 16:46:06.834276,1.55719271414393,0.6622204235780378,1.6341573547354162,617.9924980785414,103.0,2.0,1003100.0,1.0,1938781.0,72613.0,4
2025-12-17 16:46:06.935394,1.5568781029358516,0.6736939081693187,1.6383624739809748,613.266948038168,103.0,2.0,682684.0,1.0,2000099.0,64283.0,5
2025-12-17 16:46:07.433527,1.5521135839343445,0.7320490054355528,1.637388765799297,551.0619723631236,76.0,2.0,397228.0,1.0,1435503.0,65226.0,0
2025-12-17 16:46:07.533424,1.5514159862634822,0.7432856333691022,1.6351684811651666,604.6659756058804,122.0,2.0,596649.0,1.0,1497536.0,58037.0,1
2025-12-17 16:46:07.634474,1.5508200133153585,0.7540376460239286,1.6361528227147046,666.6645674090963,148.0,2.0,609714.0,1.0,1281632.0,52239.0,2
2025-12-17 16:46:07.733690,1.549733508912689,0.766275579073254,1.634169472128317,657.5087979279775,136.0,2.0,821527.0,1.0,1471411.0,58274.0,3
2025-12-17 16:46:07.833321,1.5486180845582485,0.7773274871396478,1.63145458498566,620.1808176556987,105.0,2.0,994649.0,1.0,1930923.0,72490.0,4
2025-12-17 16:46:07.933967,1.5481991258717789,0.7888396653567931,1.6329373363599091,594.447330181612,92.0,2.0,687321.0,1.0,1991319.0,65469.0,5
2025-12-17 16:46:08.533653,1.5434387587212082,0.8559388306784406,1.6074598179934525,631.9001483526378,140.0,2.0,576013.0,1.0,1490962.0,56583.0,1
2025-12-17 16:46:08.633534,1.5442028365381195,0.8671196504249692,1.5860151209051612,685.8965204668679,161.0,2.0,588028.0,1.0,1263542.0,51328.0,2
2025-12-17 16:46:08.735126,1.5437291518942158,0.8781484294869397,1.564769798132799,667.7285899610375,143.0,2.0,833006.0,1.0,1465447.0,57724.0,3
2025-12-17 16:46:08.834533,1.5442111042778377,0.890039128099928,1.5438487612333118,624.3695457114766,107.0,2.0,1001404.0,1.0,1889547.0,72221.0,4
2025-12-17 16:46:08.933894,1.545224197325901,0.9012016955957968,1.5198373179251443,624.6279569115029,110.0,2.0,665348.0,1.0,1981905.0,63612.0,5
2025-12-17 16:46:09.435056,1.569846854675533,0.9768748662710366,1.3944296342701668,586.4378116318923,95.0,2.0,395886.0,1.0,1373247.0,63076.0,0
2025-12-17 16:46:09.535362,1.5721587007462852,0.9878448311376404,1.376713734050888,665.1346675957126,163.0,2.0,596649.0,1.0,1439395.0,54848.0,1
2025-12-17 16:46:09.633349,1.5740357104918676,0.9989972046694512,1.3544740765988654,703.1286488139699,174.0,2.0,598469.0,1.0,1253320.0,50500.0,2
2025-12-17 16:46:09.733569,1.577513504157071,1.009513462899002,1.3297976213436395,688.9477250998427,157.0,2.0,801478.0,1.0,1422444.0,56621.0,3
2025-12-17 16:46:09.833945,1.5808301095769577,1.0198040877032213,1.3044920348200393,653.5579344679849,126.0,2.0,986602.0,1.0,1866032.0,70220.0,4
2025-12-17 16:46:09.933705,1.5842043034732596,1.0306676189687876,1.2859710624282294,621.8085626871637,108.0,2.0,690585.0,1.0,1963877.0,63785.0,5
2025-12-17 16:46:10.434824,1.599481509607766,1.094910469538312,1.1813323357792331,585.6255441474134,95.0,2.0,390695.0,1.0,1386323.0,63098.0,0
2025-12-17 16:46:10.533663,1.604334725708105,1.1045680722049471,1.1504868118838163,689.337675884671,164.0,2.0,595035.0,1.0,1243181.0,51206.0,2
2025-12-17 16:46:10.634121,1.6095891387735553,1.1141889168007262,1.1255927524411746,645.7087673193291,120.0,2.0,956679.0,1.0,1904958.0,70817.0,4
2025-12-17 16:46:10.735518,1.6146463869893153,1.1248962898028372,1.1023256825688423,620.9534021206164,108.0,2.0,663549.0,1.0,2022563.0,63850.0,5
2025-12-17 16:46:11.433621,1.6598329425903944,1.206602761468961,0.953295706155143,598.8130943323612,103.0,2.0,392816.0,1.0,1384447.0,62334.0,0
2025-12-17 16:46:11.535280,1.666264090879188,1.216766158389814,0.933174556142466,675.6028866648952,170.0,2.0,574261.0,1.0,1443786.0,54367.0,1
2025-12-17 16:46:11.633519,1.672812443991925,1.224966294049324,0.9086013346360492,722.5930308806754,189.0,2.0,591822.0,1.0,1235630.0,49603.0,2
2025-12-17 16:46:11.734114,1.679826776634907,1.2341742807734832,0.8806680000578853,698.3867984432997,164.0,2.0,794188.0,1.0,1418118.0,56163.0,3
2025-12-17 16:46:11.833252,1.6865781082059588,1.241796420215067,0.8613956977361527,664.9348030263054,133.0,2.0,973335.0,1.0,1834720.0,69511.0,4
2025-12-17 16:46:11.934459,1.693514259106808,1.2510778233497135,0.8410540230253317,622.1699787228706,108.0,2.0,686159.0,1.0,1968535.0,63828.0,5
2025-12-17 16:46:12.434440,1.7365772107731026,1.299246825962534,0.7091381962467119,610.0010242005418,109.0,2.0,385833.0,1.0,1379302.0,61704.0,0
2025-12-17 16:46:12.533688,1.744848222799719,1.3062182212946505,0.6864840766458229,692.8366330807104,184.0,2.0,588028.0,1.0,1413327.0,53473.0,1
2025-12-17 16:46:12.633820,1.7535260762893183,1.3126871876420003,0.6649295039189933,715.8252720630288,183.0,2.0,595842.0,1.0,1226879.0,49956.0,2
2025-12-17 16:46:12.734015,1.7627491727902034,1.31836816297429,0.6466526944013516,710.606253579373,173.0,2.0,803107.0,1.0,1376504.0,55539.0,3
2025-12-17 16:46:12.833521,1.771220178119518,1.3257470935797446,0.622975387127318,680.1233533269659,143.0,2.0,960897.0,1.0,1818030.0,68576.0,4
2025-12-17 16:46:12.935103,1.7803955056668093,1.3324380553251642,0.598239343326801,616.3507349715818,104.0,2.0,676932.0,1.0,1969868.0,64218.0,5
2025-12-17 16:46:13.433879,1.8322332533724692,1.3586464555764024,0.4877010266881079,623.1886949377327,118.0,2.0,389243.0,1.0,1370461.0,60915.0,0
2025-12-17 16:46:13.533726,1.842527291539692,1.364139206004412,0.4684650452715309,719.0707611107132,204.0,2.0,573484.0,1.0,1411415.0,52186.0,1
2025-12-17 16:46:13.634144,1.8523372446964288,1.3692896872287847,0.4494780504253254,707.057518585322,176.0,2.0,571159.0,1.0,1209972.0,50415.0,2
2025-12-17 16:46:13.734369,1.8618553944671483,1.3733942586358348,0.4184484316167997,710.8258081384658,173.0,2.0,796071.0,1.0,1353864.0,55539.0,3
2025-12-17 16:46:13.834099,1.8717631886281256,1.3769047901026312,0.390640808982172,678.3119618740011,141.0,2.0,946053.0,1.0,1835341.0,68716.0,4
2025-12-17 16:46:13.933852,1.8822122281575069,1.3811498480124398,0.3636821661216697,619.531148907651,106.0,2.0,664897.0,1.0,1928963.0,64044.0,5
2025-12-17 16:46:14.434139,1.944151641440015,1.3737003999344148,0.2436710064795627,636.376519839085,126.0,2.0,382970.0,1.0,1330246.0,60178.0,0
2025-12-17 16:46:14.534129,1.955148354524105,1.376993567133612,0.2226752222826478,717.3049745941997,202.0,2.0,558921.0,1.0,1400944.0,52327.0,1
2025-12-17 16:46:14.633557,1.9653613229121245,1.379322225870957,0.1989079524040838,714.2895535995619,182.0,2.0,573484.0,1.0,1206700.0,50075.0,2
2025-12-17 16:46:14.734797,1.9762523167074009,1.3816004727756726,0.1818315624775693,707.0453789388467,169.0,2.0,816261.0,1.0,1355699.0,55784.0,3
2025-12-17 16:46:14.833521,1.9871595883956956,1.3838573245888066,0.1613853145525597,673.5003525155053,138.0,2.0,964155.0,1.0,1805155.0,69019.0,4
2025-12-17 16:46:14.933683,2.0020741321098416,1.3847450124772347,0.1358414893032832,648.71175829611,125.0,2.0,677161.0,1.0,1928310.0,62291.0,5
2025-12-17 16:46:15.434126,2.064412719512324,1.3880894822983247,0.0233813569451395,633.5642934775674,124.0,2.0,383489.0,1.0,1347921.0,60361.0,0
2025-12-17 16:46:15.533278,2.075417336007428,1.3888300763684471,0.0011883576880792,717.5388944922929,202.0,2.0,574066.0,1.0,1393378.0,52327.0,1
2025-12-17 16:46:15.633564,2.087004516764512,1.3888338603256734,-0.0144149629997915,689.5217265235534,163.0,2.0,586835.0,1.0,1215719.0,51275.0,2
2025-12-17 16:46:15.734742,2.097903997673466,1.3882093646724365,-0.0376038168171302,700.264843731902,164.0,2.0,808562.0,1.0,1331146.0,56163.0,3
2025-12-17 16:46:15.834872,2.112575493156725,1.38554631074223,-0.065150102528743,673.6891067727269,138.0,2.0,947335.0,1.0,1849058.0,69089.0,4
2025-12-17 16:46:15.934407,2.1305311550331107,1.379845915542686,-0.0889074199136145,622.8925289960146,109.0,2.0,663324.0,1.0,1902381.0,63828.0,5
2025-12-17 16:46:16.433533,2.1860117450405907,1.3709723782036,-0.2029498739553822,617.7519582059238,114.0,2.0,385050.0,1.0,1338827.0,61329.0,0
2025-12-17 16:46:16.535492,2.197730839365338,1.3691467283135017,-0.2290555287228724,692.7735319655302,182.0,2.0,583469.0,1.0,1403792.0,53618.0,1
2025-12-17 16:46:16.635598,2.208154842343683,1.3657243446361431,-0.2484870688350086,685.7543700587674,160.0,2.0,585249.0,1.0,1206292.0,51519.0,2
2025-12-17 16:46:16.734047,2.2212264766143397,1.3639833805755683,-0.2747852498395384,678.4841680597643,149.0,2.0,809110.0,1.0,1352490.0,57335.0,3
2025-12-17 16:46:16.835037,2.239810817136256,1.363143528223102,-0.2940233703841385,658.8776374694296,128.0,2.0,960572.0,1.0,1813115.0,70054.0,4
2025-12-17 16:46:16.935407,2.250598271881185,1.3606303130510478,-0.3179594372641519,638.073349552536,118.0,2.0,657290.0,1.0,1905603.0,62927.0,5
2025-12-17 16:46:17.433511,2.30373280909083,1.34106902762508,-0.4326297029415707,636.9397301544216,126.0,2.0,385311.0,1.0,1329795.0,60218.0,0
2025-12-17 16:46:17.533677,2.3136786233560214,1.3359615915269365,-0.4416531274307299,703.0072261727787,190.0,2.0,588825.0,1.0,1385853.0,53112.0,1
2025-12-17 16:46:17.633299,2.326718516412436,1.3318471123183726,-0.4422387129607936,705.9860075957439,175.0,2.0,583469.0,1.0,1211201.0,50552.0,2
2025-12-17 16:46:17.733711,2.3439538164264357,1.327431076757474,-0.4382630398635799,687.7035711798209,155.0,2.0,811853.0,1.0,1343366.0,56871.0,3
2025-12-17 16:46:17.833812,2.3550775838540203,1.3224040210290815,-0.4385531079480937,686.0659061516963,146.0,2.0,959273.0,1.0,1777870.0,68298.0,4
2025-12-17 16:46:17.934000,2.3661842383106424,1.3178897469642905,-0.435823937354542,636.2537353087782,116.0,2.0,672821.0,1.0,1904958.0,63076.0,5
2025-12-17 16:46:18.435042,2.4172986352210177,1.2920273104796132,-0.4415449332376829,651.1277937191709,135.0,2.0,384399.0,1.0,1309253.0,59449.0,0
2025-12-17 16:46:18.535197,2.426990161419932,1.2867076409256146,-0.443558410079181,795.2417011673374,270.0,3.0,549356.0,1.0,1363521.0,48704.0,1
2025-12-17 16:46:18.634676,2.437147303293752,1.281943647406484,-0.4413173678864298,754.2184985944148,213.0,2.0,578748.0,1.0,1184847.0,48327.0,2
2025-12-17 16:46:18.733761,2.445943635327108,1.2765791462524052,-0.4445297523509109,719.9230590179469,179.0,2.0,789097.0,1.0,1322614.0,55183.0,3
2025-12-17 16:46:18.834585,2.4557571295642475,1.271525348647348,-0.4447569251560833,682.2545514561524,143.0,2.0,940626.0,1.0,1805155.0,68576.0,4
2025-12-17 16:46:19.433890,2.5207770553827915,1.24175870167852,-0.427221240257264,707.3153534806987,175.0,2.0,373751.0,1.0,1257569.0,56372.0,0
2025-12-17 16:46:19.535277,2.5317888064496907,1.237124649751133,-0.4264949808816208,839.4758390303438,346.0,3.0,539589.0,1.0,1296465.0,45486.0,1
2025-12-17 16:46:19.634403,2.543069131254879,1.232508386245024,-0.4294609975465369,831.4506065104425,282.0,3.0,555526.0,1.0,1114442.0,44965.0,2
2025-12-17 16:46:19.734067,2.553857452814561,1.2278875829298093,-0.4284529363626186,785.1426030421503,231.0,3.0,794994.0,1.0,1273416.0,51922.0,3
2025-12-17 16:46:19.834561,2.5650340100826337,1.2231523033609126,-0.4297042153926189,716.4430465264318,167.0,2.0,946053.0,1.0,1730378.0,66429.0,4
2025-12-17 16:46:19.933715,2.575081497293277,1.2182759911483134,-0.4309255217142601,652.6149636596118,126.0,2.0,656179.0,1.0,1876165.0,62165.0,5
2025-12-17 16:46:20.434565,2.620509181610545,1.2235870699887306,-0.390771271334133,752.5032563091239,211.0,2.0,363152.0,1.0,1233541.0,54037.0,0
2025-12-17 16:46:20.533393,2.633714065353852,1.2187842451386828,-0.3878299826073009,863.7095170833721,421.0,3.0,518289.0,1.0,1248240.0,42899.0,1
2025-12-17 16:46:20.635113,2.645097623258577,1.2145444698591752,-0.3873147719855846,872.6829426508571,377.0,3.0,535224.0,1.0,1085407.0,41401.0,2
2025-12-17 16:46:20.735287,2.656431767060816,1.2106586758473763,-0.3833507617484895,815.3623476682077,258.0,3.0,744220.0,1.0,1219015.0,50500.0,3
2025-12-17 16:46:20.833807,2.665425905065311,1.2066763386179478,-0.380653085308051,764.6314039920073,205.0,2.0,898615.0,1.0,1674493.0,63483.0,4
2025-12-17 16:46:20.933890,2.674206652121744,1.2026213691780991,-0.3774555526932556,664.7956351882021,134.0,2.0,661754.0,1.0,1869193.0,61454.0,5
2025-12-17 16:46:21.434509,2.729281981241245,1.1813257608354464,-0.3811774916097566,803.6910218732351,255.0,3.0,351661.0,1.0,1166938.0,51502.0,0
2025-12-17 16:46:21.534160,2.7407755376854923,1.1775570681281449,-0.3893576669196715,915.9438157862232,591.0,3.0,487657.0,1.0,1162208.0,38443.0,1
2025-12-17 16:46:21.634576,2.750476826908648,1.1735044849868437,-0.3940009176018517,920.914989273662,530.0,3.0,514096.0,1.0,1010255.0,37227.0,2
2025-12-17 16:46:21.734205,2.760979141186423,1.1688884607931014,-0.4069223644356788,865.5815870585235,328.0,3.0,724831.0,1.0,1144641.0,47307.0,3
2025-12-17 16:46:21.834451,2.770708839413246,1.1640432946463766,-0.4278548324673913,820.8200249800158,253.0,3.0,874018.0,1.0,1619316.0,60218.0,4
2025-12-17 16:46:21.933567,2.7815561795551447,1.1599565329717765,-0.4491997295404176,683.976216758114,148.0,2.0,631557.0,1.0,1857840.0,60341.0,5
2025-12-17 16:46:22.434114,2.831832192104696,1.1324525889645964,-0.57523708016538,863.8787237812551,347.0,3.0,336296.0,1.0,1116707.0,47355.0,0
2025-12-17 16:46:22.533605,2.841072166717641,1.1262806269263048,-0.5890281264074978,976.1778049835799,806.0,4.0,466350.0,1.0,1069725.0,34532.0,1
2025-12-17 16:46:22.634190,2.8420892520518355,1.1398901678658473,-0.5858401997205566,963.147070954333,673.0,4.0,495141.0,1.0,931123.0,34358.0,2
2025-12-17 16:46:22.733461,2.8477932296055872,1.1386015582221831,-0.6038670981460819,907.8009006320193,459.0,3.0,680147.0,1.0,1026454.0,42783.0,3
2025-12-17 16:46:22.833977,2.856660350626547,1.1320693090273508,-0.6308577345178911,875.0084352254778,324.0,3.0,829630.0,1.0,1488441.0,56334.0,4
2025-12-17 16:46:22.933798,2.8665492462155377,1.1248174888016873,-0.6479539499472909,704.1568984025396,162.0,2.0,644295.0,1.0,1778472.0,59208.0,5
2025-12-17 16:46:23.433484,2.907787079174727,1.087006620438731,-0.7669131754670545,885.0663815618965,412.0,3.0,331213.0,1.0,1035877.0,44996.0,0
2025-12-17 16:46:23.535187,2.917085770923792,1.0794246439665134,-0.7939196635450956,1020.4122944935248,979.0,4.0,443265.0,1.0,1017806.0,32196.0,1
2025-12-17 16:46:23.633910,2.9288999436527283,1.071103410340025,-0.811101344414084,1004.3791772451617,829.0,4.0,473026.0,1.0,879359.0,31946.0,2
2025-12-17 16:46:23.734527,2.941684688158775,1.0632417065350763,-0.8241440900927283,962.0206114586396,641.0,3.0,636708.0,1.0,907785.0,38327.0,3
2025-12-17 16:46:23.834212,2.94941875821156,1.0552996915641777,-0.8421985924085574,902.1969791171522,404.0,3.0,790433.0,1.0,1425818.0,52808.0,4
2025-12-17 16:46:23.934291,2.956727437424291,1.046867246420676,-0.8696162021215329,710.3376273746235,166.0,2.0,626872.0,1.0,1747445.0,58888.0,5
2025-12-17 16:46:24.433815,2.9892348079554854,1.002822618054012,-0.9916793602073898,922.2542197953503,529.0,3.0,319217.0,1.0,961548.0,41556.0,0
2025-12-17 16:46:24.533720,2.995130382507753,0.9907354019078004,-1.0092482435192691,1078.6460701742317,1223.0,4.0,423611.0,1.0,938717.0,29634.0,1
2025-12-17 16:46:24.634210,3.003378091151452,0.9773732873259672,-1.0262849625380004,994.2180710623282,756.0,4.0,618443.0,1.0,828508.0,36196.0,3
2025-12-17 16:46:24.734110,3.0095659427661725,0.9675769952292512,-1.047552982272077,930.3666095250362,493.0,3.0,754875.0,1.0,1312358.0,49619.0,4
2025-12-17 16:46:24.833229,3.0147289004081617,0.9576514190102934,-1.0731527064862154,773.5000114599765,215.0,2.0,614894.0,1.0,1697891.0,55520.0,5
2025-12-17 16:46:25.434668,3.046168624211254,0.8928363383414311,-1.2024533461727065,950.4421560479177,623.0,3.0,310585.0,1.0,920158.0,39365.0,0
2025-12-17 16:46:25.533977,3.053710724226581,0.881595039238251,-1.21985527786238,1097.880249476325,1310.0,4.0,409791.0,1.0,880550.0,28881.0,1
2025-12-17 16:46:25.633956,3.0539577722506857,0.8813322536198047,-1.2196055043568004,1036.8435305226262,954.0,4.0,455740.0,1.0,807742.0,30365.0,2
2025-12-17 16:46:25.733825,3.053986150350424,0.881393449826432,-1.2193577199835324,1034.4594111144465,907.0,4.0,577574.0,1.0,752579.0,33930.0,3
2025-12-17 16:46:25.833815,3.0536798974252357,0.8805728264202863,-1.2203447899856,961.5739034713525,597.0,3.0,703085.0,1.0,1254593.0,46608.0,4
2025-12-17 16:46:25.934263,3.054116550582513,0.8731384021260524,-1.2391352907095408,795.6989021499156,234.0,3.0,620119.0,1.0,1664886.0,54386.0,5
2025-12-17 16:46:26.433801,3.072956754293914,0.8112172690781156,-1.362377975585631,966.6297693256283,681.0,4.0,300961.0,1.0,845790.0,38210.0,0
2025-12-17 16:46:26.533659,3.071585946627093,0.7928934064234637,-1.3855965507495804,1129.114294159916,1448.0,4.0,392285.0,1.0,836396.0,27807.0,1
2025-12-17 16:46:26.634047,3.071742242160717,0.7817006371585311,-1.4097930877987952,1084.0757229490068,1145.0,4.0,434649.0,1.0,774544.0,28387.0,2
2025-12-17 16:46:26.734295,3.0734971222590284,0.7712398274165735,-1.4357340913174037,1070.6789911328558,1054.0,4.0,562146.0,1.0,687553.0,32120.0,3
2025-12-17 16:46:26.833688,3.074011609179328,0.7604759672548922,-1.4579534405323165,981.7623791261738,666.0,4.0,696218.0,1.0,1136150.0,44920.0,4
2025-12-17 16:46:26.933102,3.0748126706762786,0.7489470519424433,-1.4784320797225952,837.8793323435773,272.0,3.0,580711.0,1.0,1593761.0,52327.0,5
2025-12-17 16:46:27.533719,3.0763400296265626,0.6805108883469095,-1.5947003983499202,1164.3484273405397,1613.0,4.0,383230.0,1.0,789364.0,26673.0,1
2025-12-17 16:46:27.633873,3.0716927952473423,0.6646419467324608,-1.5960042006601425,1110.307853849993,1261.0,4.0,432155.0,1.0,718967.0,27387.0,2
2025-12-17 16:46:27.734775,3.059897649220483,0.6428574342131239,-1.6007535957691794,1102.8985733460336,1192.0,4.0,540138.0,1.0,631985.0,30685.0,3
2025-12-17 16:46:27.833953,3.059371709500943,0.6311229117492794,-1.5988054800610976,1007.950928672836,762.0,4.0,675787.0,1.0,1061430.0,42884.0,4
2025-12-17 16:46:27.934976,3.0593218594359604,0.6191591623749948,-1.60080058174657,864.0603107793859,303.0,3.0,573290.0,1.0,1537597.0,50843.0,5
2025-12-17 16:46:28.434073,3.0581609490904498,0.5612060934063579,-1.600990873756524,987.005372559865,754.0,4.0,294811.0,1.0,809384.0,36901.0,0
2025-12-17 16:46:28.534782,3.057618861296306,0.5494781877909869,-1.6000034690383746,1163.5827953426547,1612.0,4.0,387403.0,1.0,757947.0,26700.0,1
2025-12-17 16:46:28.635123,3.0576993459777464,0.5374346030521229,-1.600770762841845,1130.540315362909,1348.0,4.0,412435.0,1.0,678078.0,26709.0,2
2025-12-17 16:46:28.734697,3.057126469455293,0.5263210292490914,-1.599492725109662,1107.118033091121,1207.0,4.0,520751.0,1.0,582482.0,30561.0,3
2025-12-17 16:46:28.833810,3.056984952323636,0.5145808372870513,-1.5989936116981918,1027.1394013116637,836.0,4.0,659295.0,1.0,1036578.0,41513.0,4
2025-12-17 16:46:28.933499,3.056646306821912,0.5031216033480808,-1.6014631858715735,864.240683890834,304.0,3.0,571933.0,1.0,1484416.0,50826.0,5
2025-12-17 16:46:29.433979,3.0553850166749177,0.4447030901860882,-1.6032293786644265,990.193130988485,768.0,4.0,292822.0,1.0,774806.0,36677.0,0
2025-12-17 16:46:29.534464,3.0553328564282776,0.4331101049968049,-1.6034762239209028,1132.7491165309361,1357.0,4.0,413973.0,1.0,656623.0,26664.0,2
2025-12-17 16:46:29.633706,3.055004582623363,0.4217524386524229,-1.6057107931443904,1108.3153447674033,1212.0,4.0,533235.0,1.0,572902.0,30530.0,3
2025-12-17 16:46:29.733446,3.0538024421026364,0.4106752876845885,-1.6069578388171697,1036.308982332654,867.0,4.0,638218.0,1.0,967424.0,40983.0,4
2025-12-17 16:46:29.834040,3.053628539441724,0.3990233811532049,-1.6052146362152593,892.4033575419733,385.0,3.0,547685.0,1.0,1440369.0,47451.0,5
2025-12-17 16:46:30.435266,3.050214855854997,0.3290370492823975,-1.603760104996543,1009.381148735871,837.0,4.0,292921.0,1.0,746996.0,35588.0,0
2025-12-17 16:46:30.534204,3.049737842821796,0.3172545006000786,-1.6027628195873929,1127.0508982887468,1436.0,4.0,380644.0,1.0,738200.0,27958.0,1
2025-12-17 16:46:30.634276,3.049402221344331,0.3055564705566631,-1.6025113080505038,1117.0044613114037,1288.0,4.0,409791.0,1.0,628359.0,27220.0,2
2025-12-17 16:46:30.735187,3.046092589939344,0.296987476127556,-1.601273646442509,1088.5570943633504,1124.0,4.0,517238.0,1.0,545835.0,31442.0,3
2025-12-17 16:46:30.835063,3.035784186179166,0.2972140034176814,-1.5950862810435689,1033.5166366901947,858.0,4.0,618024.0,1.0,923590.0,41178.0,4
2025-12-17 16:46:30.934198,3.0340784489127577,0.2873166379627332,-1.5922579269350676,903.6020899913456,420.0,3.0,540138.0,1.0,1363060.0,46231.0,5
2025-12-17 16:46:31.434962,3.033616645314608,0.2287752050985078,-1.596176265195954,992.5688677315143,775.0,4.0,290847.0,1.0,724585.0,36602.0,0
2025-12-17 16:46:31.534877,3.0339022317920885,0.2162247983341328,-1.5979017121804502,1133.2851749843994,1464.0,4.0,376799.0,1.0,710981.0,27769.0,1
2025-12-17 16:46:31.634250,3.03350235797192,0.2047445014569647,-1.5969190158721875,1095.2366265737421,1191.0,4.0,405514.0,1.0,622643.0,28072.0,2
2025-12-17 16:46:31.734441,3.033446450400155,0.1933143110347468,-1.5966742832210186,1133.7764074978927,1323.0,4.0,491468.0,1.0,509420.0,29564.0,3
2025-12-17 16:46:31.833508,3.032814993519142,0.1824760530578568,-1.5983759157790691,1032.7048431675953,852.0,4.0,620749.0,1.0,924216.0,41303.0,4
2025-12-17 16:46:31.933977,3.0327407155558297,0.1711258330570507,-1.598123153192358,920.7826899865289,474.0,3.0,524465.0,1.0,1285106.0,44541.0,5
2025-12-17 16:46:32.433524,3.0329652022235507,0.1135876921326956,-1.589752306953536,1011.7563737890833,846.0,4.0,285676.0,1.0,683840.0,35504.0,0
2025-12-17 16:46:32.533875,3.0331235594472203,0.1021773752273114,-1.5897422766349003,1149.5190595305035,1541.0,4.0,370727.0,1.0,698814.0,27239.0,1
2025-12-17 16:46:32.633834,3.0326238800034773,0.0905051380908011,-1.5897462534057685,1140.4687012892743,1390.0,4.0,390166.0,1.0,584061.0,26475.0,2
2025-12-17 16:46:32.733958,3.033206443490728,0.0784413321404104,-1.5905014495292522,1201.99577835485,1637.0,4.0,465404.0,1.0,458990.0,27230.0,3
2025-12-17 16:46:32.833876,3.0325073476835303,0.0667851339088194,-1.590502474947315,1037.8934121297157,874.0,4.0,605191.0,1.0,882340.0,40955.0,4
2025-12-17 16:46:32.934284,3.032837271235992,0.0549799641398063,-1.5919840905259266,927.9633853595882,495.0,3.0,523755.0,1.0,1229789.0,43957.0,5
2025-12-17 16:46:33.433861,3.0320122593501986,-0.0028183510794747,-1.5969212909800232,1043.9442131491937,971.0,4.0,276637.0,1.0,648232.0,33781.0,0
2025-12-17 16:46:33.535213,3.031042623913966,-0.0144764725446195,-1.5974211697493688,1191.75349191538,1744.0,4.0,356213.0,1.0,651311.0,25961.0,1
2025-12-17 16:46:33.633975,3.030971179842393,-0.0259078021176085,-1.599149586101856,1180.7009053242198,1577.0,4.0,382452.0,1.0,548984.0,25216.0,2
2025-12-17 16:46:33.733756,3.026297052896589,-0.0352154465542822,-1.5880835678890024,936.1078019149961,522.0,3.0,503250.0,1.0,1174069.0,43205.0,5
2025-12-17 16:46:34.433890,3.014719200993211,-0.110938233023932,-1.5680245175127254,1024.1319946742715,895.0,4.0,282121.0,1.0,646261.0,34838.0,0
2025-12-17 16:46:34.533705,3.01394730773982,-0.1224487844276057,-1.5673056633539002,1178.9872579972025,1679.0,4.0,354529.0,1.0,639516.0,26368.0,1
2025-12-17 16:46:34.634158,3.01437997701367,-0.1339063581563001,-1.566318107435975,1230.93311911036,1823.0,4.0,365618.0,1.0,520751.0,23830.0,2
2025-12-17 16:46:34.737193,3.0140003843170264,-0.1451554660497502,-1.565571711078146,1205.4354420910718,1656.0,4.0,449155.0,1.0,429094.0,27128.0,3
2025-12-17 16:46:34.835742,3.0143600931122743,-0.1568962419923851,-1.5640761038323026,1064.2707630584978,975.0,4.0,580318.0,1.0,836396.0,39378.0,4
2025-12-17 16:46:34.933713,3.0150596371749403,-0.1683914727424034,-1.5638374789474572,959.3245620474056,601.0,3.0,480286.0,1.0,1113311.0,41261.0,5
2025-12-17 16:46:35.434435,3.015419231813333,-0.2262685689398309,-1.5579363109797102,997.3198730918065,788.0,4.0,287616.0,1.0,634342.0,36503.0,0
2025-12-17 16:46:35.534262,3.0155190790458484,-0.2378088570860095,-1.5586763733985542,1115.2215075350355,1376.0,4.0,369224.0,1.0,631985.0,28522.0,1
2025-12-17 16:46:35.635206,3.0163787378382203,-0.2496851786268964,-1.5594208811670331,1196.1655337246734,1647.0,4.0,373371.0,1.0,506668.0,24826.0,2
2025-12-17 16:46:35.734865,3.015895224984789,-0.2613648052218911,-1.5591926069646216,1161.6544080132148,1447.0,4.0,476562.0,1.0,436861.0,28619.0,3
2025-12-17 16:46:35.833908,3.0165642793624725,-0.2732898414327999,-1.5579435414114453,1086.4589169445117,1067.0,4.0,561195.0,1.0,781654.0,38094.0,4
2025-12-17 16:46:35.933383,3.017038042324684,-0.2848821207679947,-1.557700224426788,971.505142352838,644.0,3.0,475917.0,1.0,1054983.0,40323.0,5
2025-12-17 16:46:36.434766,3.019619271322351,-0.3415757196828958,-1.5601257211082065,984.5077113252603,739.0,4.0,288299.0,1.0,649330.0,37353.0,0
2025-12-17 16:46:36.534708,3.0201195928200786,-0.3533782721351605,-1.5611061543869131,1085.4557310856449,1241.0,4.0,377309.0,1.0,642336.0,29704.0,1
2025-12-17 16:46:36.634216,3.020805892594992,-0.3652473609782923,-1.5605998846844775,1143.39747517388,1399.0,4.0,372740.0,1.0,504103.0,26484.0,2
2025-12-17 16:46:36.733623,3.024444740897105,-0.3724688476850309,-1.5515932003303088,1134.8736122872322,1320.0,4.0,469835.0,1.0,426922.0,29674.0,3
2025-12-17 16:46:36.833702,3.0306842685595248,-0.3783708202923911,-1.537771443704608,1080.647377707865,1042.0,4.0,538677.0,1.0,758460.0,38469.0,4
2025-12-17 16:46:36.935258,3.030643343106242,-0.3903092108245903,-1.5400493436153535,996.6861209692865,733.0,4.0,457130.0,1.0,991623.0,38561.0,5
2025-12-17 16:46:37.433461,3.0337935491977563,-0.4487088731268811,-1.5110987918407874,973.695242357048,700.0,4.0,289668.0,1.0,630063.0,38094.0,0
2025-12-17 16:46:37.534514,3.0343676302682745,-0.4597399292556804,-1.4925947605952996,1070.6898048000085,1178.0,4.0,366734.0,1.0,655291.0,30313.0,1
2025-12-17 16:46:37.636942,3.0350997383255365,-0.4698084256148617,-1.4645496879930646,1105.6302793716327,1231.0,4.0,378845.0,1.0,496651.0,27835.0,2
2025-12-17 16:46:37.734011,3.034730419362351,-0.4802225881183103,-1.44018540909895,1104.0931743085384,1185.0,4.0,478339.0,1.0,434943.0,30946.0,3
2025-12-17 16:46:37.834619,3.035937409861452,-0.49138960251482,-1.421233465660508,1086.8360501562627,1067.0,4.0,550845.0,1.0,736204.0,38158.0,4
2025-12-17 16:46:37.933189,3.037470639582702,-0.5040108086114421,-1.4046616972294017,997.8663871419039,737.0,4.0,454815.0,1.0,954738.0,38522.0,5
2025-12-17 16:46:38.433458,3.047942379215816,-0.5588555932363926,-1.3015671269690223,997.8830178732912,787.0,4.0,285386.0,1.0,614063.0,36578.0,0
2025-12-17 16:46:38.534091,3.0507472967329976,-0.5691889631782951,-1.2756051051201365,1061.923824901091,1138.0,4.0,384399.0,1.0,640165.0,30737.0,1
2025-12-17 16:46:38.634876,3.0541139728190267,-0.5799468269277741,-1.2532801222399717,1083.8619710045218,1132.0,4.0,386355.0,1.0,505640.0,28754.0,2
2025-12-17 16:46:38.733647,3.0590619292768406,-0.5909118949402222,-1.22846350511311,1069.3125712832427,1039.0,4.0,488979.0,1.0,441170.0,32546.0,3
2025-12-17 16:46:38.833462,3.0642562653384924,-0.601222142207676,-1.2016593540972345,1069.0243316565018,994.0,4.0,551405.0,1.0,712668.0,39206.0,4
2025-12-17 16:46:38.933944,3.068328929183883,-0.611748360280634,-1.178031000729772,1003.0471634416459,757.0,4.0,452359.0,1.0,926722.0,38184.0,5
2025-12-17 16:46:39.433372,3.086362218908909,-0.6642672312589044,-1.047817715648642,1013.07077780412,845.0,4.0,277387.0,1.0,590421.0,35685.0,0
2025-12-17 16:46:39.533631,3.0926734001259804,-0.674982061920542,-1.0317315853389604,1055.1578363397653,1107.0,4.0,374257.0,1.0,636493.0,31082.0,1
2025-12-17 16:46:39.633892,3.09866885171464,-0.6849642124805013,-1.0127217097254493,1051.093913846756,995.0,4.0,385571.0,1.0,508903.0,30201.0,2
2025-12-17 16:46:39.734363,3.103917955417669,-0.6950276490771845,-0.9929849996751896,1033.5322052929605,892.0,4.0,497998.0,1.0,454353.0,34451.0,3
2025-12-17 16:46:39.835143,3.1104826981267677,-0.7041518578459018,-0.9683733749376344,1041.2131481185893,882.0,4.0,563479.0,1.0,738449.0,40997.0,4
2025-12-17 16:46:39.934670,3.117686714071535,-0.711687855437507,-0.9384479965883312,1002.2279345028303,753.0,4.0,441021.0,1.0,898615.0,38275.0,5
2025-12-17 16:46:40.434338,3.1598613855598083,-0.7762738267725263,-0.809263123409995,1009.2587352753843,831.0,4.0,281835.0,1.0,579532.0,35927.0,0
2025-12-17 16:46:40.533646,3.166846660276221,-0.7839609162984976,-0.7863832747171904,1013.3919589850279,937.0,4.0,385571.0,1.0,646698.0,33091.0,1
2025-12-17 16:46:40.633008,3.1744351337222283,-0.7923270770022043,-0.7668551235511063,1009.3258799061205,829.0,4.0,409098.0,1.0,518815.0,32305.0,2
2025-12-17 16:46:40.733195,3.181908025723766,-0.8006230751860568,-0.7485710276028252,990.7514258082659,730.0,4.0,531973.0,1.0,475273.0,37051.0,3
2025-12-17 16:46:40.835347,3.1898033367858805,-0.8071659791802797,-0.7300160439887985,1039.4016861667765,873.0,4.0,574066.0,1.0,729754.0,41178.0,4
2025-12-17 16:46:40.933406,3.196675636946681,-0.8142824976660636,-0.6985888519413264,1004.4083460905806,759.0,4.0,447486.0,1.0,883835.0,38197.0,5
2025-12-17 16:46:41.433815,3.246884956196257,-0.8452095388652041,-0.6317310405487085,972.4464131480662,693.0,4.0,291142.0,1.0,593426.0,38327.0,0
2025-12-17 16:46:41.533582,3.246884956196257,-0.8452095388652041,-0.6317310405487085,979.6260631348791,804.0,4.0,404281.0,1.0,658849.0,35015.0,1
2025-12-17 16:46:41.633697,3.246884956196257,-0.8452095388652041,-0.6317310405487085,967.5582111709376,676.0,4.0,421609.0,1.0,542519.0,34755.0,2
2025-12-17 16:46:41.733876,3.246884956196257,-0.8452095388652041,-0.6317310405487085,949.9710521362935,582.0,3.0,546389.0,1.0,496147.0,40078.0,3
2025-12-17 16:46:41.834755,3.247576446722305,-0.8470161977367449,-0.6252818403747218,997.5900741692863,713.0,4.0,586835.0,1.0,762837.0,44286.0,4
2025-12-17 16:46:42.433513,3.3296666503700285,-0.881583696420575,-0.4577781131741005,952.6341325192617,621.0,3.0,299032.0,1.0,609507.0,39834.0,0
2025-12-17 16:46:42.533485,3.339832859728427,-0.8862506508849475,-0.4377584685706781,928.860159558799,618.0,3.0,427211.0,1.0,686623.0,38404.0,1
2025-12-17 16:46:42.634464,3.3494876224638994,-0.8907565894564116,-0.4196501776311622,925.7905605451161,530.0,3.0,430404.0,1.0,558164.0,37734.0,2
2025-12-17 16:46:42.733151,3.35838379919218,-0.89574498494928,-0.4007419246676281,916.1903698798498,469.0,3.0,581694.0,1.0,528206.0,43015.0,3
2025-12-17 16:46:42.833396,3.369097705620069,-0.9005988516840282,-0.3769016062590394,962.7783175926073,589.0,3.0,609301.0,1.0,775856.0,47323.0,4
2025-12-17 16:46:42.934173,3.379734491152936,-0.9042494115336092,-0.3515135860593544,1005.7697644746064,763.0,4.0,437749.0,1.0,866654.0,38145.0,5
2025-12-17 16:46:43.433796,3.434087993280502,-0.9190278197028688,-0.2387605175320956,915.8219617394637,496.0,3.0,313012.0,1.0,627509.0,42957.0,0
2025-12-17 16:46:43.533647,3.444309649846637,-0.9226485088577112,-0.2158306723977802,901.0943166195743,522.0,3.0,446276.0,1.0,701421.0,40638.0,1
2025-12-17 16:46:43.633414,3.4663062922095738,-0.9111615336169844,-0.1790485310391716,900.3879567801197,419.0,3.0,592223.0,1.0,541602.0,44602.0,3
2025-12-17 16:46:43.733213,3.4833828945395906,-0.9050791043699165,-0.1496805253185688,930.9479327320242,483.0,3.0,636924.0,1.0,802564.0,50552.0,4
2025-12-17 16:46:43.833592,3.4948969333676656,-0.9056748617216775,-0.1260043973837633,985.9322354477594,689.0,4.0,444618.0,1.0,850671.0,39565.0,5
2025-12-17 16:46:44.433812,3.562781548379763,-0.9114590682945408,0.012764586443759,889.0097408234526,411.0,3.0,315778.0,1.0,646479.0,45578.0,0
2025-12-17 16:46:44.535219,3.5841191169284508,-0.9012635886665212,0.0485727045392603,868.328803788328,416.0,3.0,457439.0,1.0,743968.0,43720.0,1
2025-12-17 16:46:44.634624,3.6012658205055668,-0.8919873252368373,0.082949057736277,904.2549402901087,458.0,3.0,444016.0,1.0,566731.0,39592.0,2
2025-12-17 16:46:44.734166,3.612006641344788,-0.8904341525380046,0.1066547880437911,876.6295463774328,347.0,3.0,595640.0,1.0,559299.0,47211.0,3
2025-12-17 16:46:44.834928,3.623878321995266,-0.8896218754693059,0.1231073155884062,916.1556055625251,437.0,3.0,648232.0,1.0,848371.0,52204.0,4
2025-12-17 16:46:44.933969,3.6348662048369,-0.887850748330107,0.1422085276855616,962.1310074572733,603.0,3.0,463517.0,1.0,868122.0,41429.0,5
2025-12-17 16:46:45.434475,3.685932234112802,-0.8739506025438957,0.2595983281529893,883.1976413985649,390.0,3.0,325435.0,1.0,654848.0,46325.0,0
2025-12-17 16:46:45.533232,3.692986359829995,-0.8671037982727621,0.286700501333048,850.5624577270855,361.0,3.0,461170.0,1.0,757947.0,45640.0,1
2025-12-17 16:46:45.633839,3.704760655507692,-0.8645892180836776,0.3078020259791786,886.4869293344316,402.0,3.0,455431.0,1.0,592423.0,41233.0,2
2025-12-17 16:46:45.733849,3.716232644283125,-0.8616073988800528,0.3273077002495703,865.8489536675498,314.0,3.0,624120.0,1.0,584457.0,48573.0,3
2025-12-17 16:46:45.834724,3.721379143126288,-0.8584738182961698,0.3383331913049459,902.3440667028775,391.0,3.0,683609.0,1.0,859934.0,54019.0,4
2025-12-17 16:46:45.934740,3.721402904245397,-0.8582677940615594,0.3388249444768861,932.3117866472539,503.0,3.0,481588.0,1.0,895275.0,44032.0,5
2025-12-17 16:46:46.533636,3.7625860643889424,-0.8402170474989977,0.4235735508428662,836.7966714446911,321.0,3.0,490305.0,1.0,782713.0,47211.0,1
2025-12-17 16:46:46.633701,3.775291175733819,-0.8346220465065732,0.445947487818068,867.7190685935847,343.0,3.0,470472.0,1.0,599888.0,43249.0,2
2025-12-17 16:46:46.733374,3.785819161182505,-0.828548255434494,0.4672846546025801,851.0683262803221,287.0,3.0,633698.0,1.0,601108.0,49821.0,3
2025-12-17 16:46:46.833480,3.795919277581723,-0.8236905290421996,0.4845282843190787,875.5323318036519,313.0,3.0,709779.0,1.0,885631.0,57685.0,4
2025-12-17 16:46:46.934923,3.805715599498691,-0.8185123429307,0.5025644556042248,917.4924596209636,455.0,3.0,499855.0,1.0,920470.0,45486.0,5
2025-12-17 16:46:47.433774,3.850761425795616,-0.7875196630600358,0.6173527313244284,854.5730619266761,306.0,3.0,327978.0,1.0,673504.0,49754.0,0
2025-12-17 16:46:47.534928,3.8662574596290713,-0.7792733127976854,0.64243109336745,793.0310930600874,262.0,3.0,487822.0,1.0,802021.0,49956.0,1
2025-12-17 16:46:47.634703,3.883097683823805,-0.7699894550508091,0.6625337215773057,834.9514725280185,280.0,3.0,472386.0,1.0,621170.0,45795.0,2
2025-12-17 16:46:47.733692,3.8999600721522576,-0.7588358612569475,0.6811988226264253,804.2878729382479,243.0,3.0,646698.0,1.0,621380.0,52062.0,3
2025-12-17 16:46:47.833750,3.913985381085198,-0.7468440313929765,0.7026120570979778,861.7208822928121,288.0,3.0,722871.0,1.0,922965.0,59048.0,4
2025-12-17 16:46:47.933638,3.922469579756895,-0.7386006953914876,0.726482521852812,896.6728674152756,389.0,3.0,498335.0,1.0,958623.0,47774.0,5
2025-12-17 16:46:48.433563,3.963860759467928,-0.6984721189854184,0.8310904500107981,853.7607983854948,303.0,3.0,338695.0,1.0,686623.0,49872.0,0
2025-12-17 16:46:48.533585,3.9703711042817296,-0.6910834859594456,0.8537361455415253,826.1601671294195,271.0,3.0,477854.0,1.0,631985.0,46215.0,2
2025-12-17 16:46:48.633419,3.9765416810797145,-0.6830155874751697,0.8765910388277164,771.4853421989186,215.0,2.0,666926.0,1.0,632413.0,53709.0,3
2025-12-17 16:46:48.735395,3.9842526792269775,-0.6748090997033227,0.899321945167391,822.8908420094874,251.0,3.0,739700.0,1.0,944773.0,61267.0,4
2025-12-17 16:46:48.834466,4.006443718248417,-0.6562137762689311,0.9251912701848084,880.835592910071,342.0,3.0,541052.0,1.0,972019.0,49653.0,5
2025-12-17 16:46:49.433284,4.047764549521957,-0.5954412255349133,1.0620513844023654,815.9485220755402,262.0,3.0,340304.0,1.0,706185.0,51922.0,0
2025-12-17 16:46:49.534588,4.053322640643438,-0.585286584704212,1.0876902156086126,773.4992517265335,244.0,3.0,495141.0,1.0,822640.0,50895.0,1
2025-12-17 16:46:49.634816,4.059915278135027,-0.5748718947722307,1.1132359589268006,787.4158413609599,236.0,3.0,496819.0,1.0,637355.0,47919.0,2
2025-12-17 16:46:49.734924,4.064483821066362,-0.5645309883750587,1.136472778006801,749.7270970623106,196.0,2.0,670547.0,1.0,654404.0,54867.0,3
2025-12-17 16:46:49.834280,4.057628427988508,-0.553071694604298,1.161700291288804,781.0979813861364,214.0,2.0,757178.0,1.0,990282.0,63763.0,4
2025-12-17 16:46:49.934311,4.048070137685529,-0.5413609829626812,1.1879124960661591,853.0342688191492,284.0,3.0,544359.0,1.0,1001065.0,52327.0,5
2025-12-17 16:46:50.434310,4.059451599712281,-0.5158764660877728,1.2424731553632085,802.1364908133693,248.0,3.0,345760.0,1.0,721404.0,52647.0,0
2025-12-17 16:46:50.533994,4.059422019788776,-0.5158163211903132,1.242226952818061,701.7332317932439,183.0,2.0,500871.0,1.0,852689.0,54496.0,1
2025-12-17 16:46:50.634374,4.059422019788776,-0.5158163211903132,1.242226952818061,750.6479100400383,204.0,2.0,500702.0,1.0,663324.0,49653.0,2
2025-12-17 16:46:50.733556,4.062000976238712,-0.5106519281923639,1.2463791686798114,711.9462736822431,167.0,2.0,698814.0,1.0,685926.0,56890.0,3
2025-12-17 16:46:50.833979,4.066469205056325,-0.5014087094067864,1.253836177900359,744.2864242420283,184.0,2.0,777696.0,1.0,990952.0,66025.0,4
2025-12-17 16:46:50.933682,4.066560928184699,-0.5012851835164411,1.2545944166221703,819.2147951132466,252.0,3.0,544359.0,1.0,1051063.0,54037.0,5
2025-12-17 16:46:51.433959,4.082553245482982,-0.4457033913393851,1.3169293996321576,759.3242009835369,212.0,2.0,353331.0,1.0,732228.0,54792.0,0
2025-12-17 16:46:51.534241,4.085477877622306,-0.4340227245382295,1.3154266784142152,677.9674087541457,165.0,2.0,514967.0,1.0,859061.0,55746.0,1
2025-12-17 16:46:51.633689,4.08859955721498,-0.4241921424118299,1.3156987556906965,694.8799223014909,161.0,2.0,515141.0,1.0,668055.0,52363.0,2
2025-12-17 16:46:51.733749,4.091734483899631,-0.4140176791784091,1.317188492064728,690.1657929055609,151.0,2.0,688951.0,1.0,696218.0,58096.0,3
2025-12-17 16:46:51.833962,4.094225318111168,-0.4032929980795537,1.3152318715707587,725.4749206318048,170.0,2.0,770100.0,1.0,1045740.0,67243.0,4
2025-12-17 16:46:51.934616,4.097479425394433,-0.3926810565495906,1.3191812148612336,775.3956037475336,213.0,2.0,571933.0,1.0,1073351.0,56353.0,5
2025-12-17 16:46:52.433424,4.111756581771773,-0.3349361993227312,1.3229016668767797,747.5118766029059,202.0,2.0,348462.0,1.0,752070.0,55426.0,0
2025-12-17 16:46:52.535399,4.113987129762035,-0.3236886256652962,1.3132334003639927,687.201798997578,172.0,2.0,522870.0,1.0,885032.0,55295.0,1
2025-12-17 16:46:52.633538,4.117395742109841,-0.3131760065307899,1.300876054641524,692.1120585424171,159.0,2.0,525887.0,1.0,688951.0,52487.0,2
2025-12-17 16:46:52.733512,4.120527212471068,-0.3018678868124826,1.2853215214883962,681.385217753827,145.0,2.0,718723.0,1.0,716537.0,58570.0,3
2025-12-17 16:46:52.835309,4.124947941730766,-0.2918594545265921,1.2615566370893068,682.663674135028,139.0,2.0,791772.0,1.0,1062868.0,70030.0,4
2025-12-17 16:46:52.933693,4.129044486751089,-0.2815612481002639,1.2328212794876474,742.5760769334955,186.0,2.0,573290.0,1.0,1081739.0,58136.0,5
2025-12-17 16:46:53.434443,4.151311345517782,-0.2302888089671315,1.125780093740376,722.6998440263025,182.0,2.0,359970.0,1.0,756665.0,56775.0,0
2025-12-17 16:46:53.534968,4.1564199499758505,-0.220107951492618,1.1062478116030017,650.4358172257072,146.0,2.0,519870.0,1.0,899832.0,57238.0,1
2025-12-17 16:46:53.634668,4.161747389450992,-0.2100615726214647,1.0839952969916031,666.3444921947772,141.0,2.0,523224.0,1.0,696453.0,53818.0,2
2025-12-17 16:46:53.733903,4.167252113913524,-0.2018173008593606,1.0513067349605736,650.6047804335639,125.0,2.0,716780.0,1.0,729507.0,60320.0,3
2025-12-17 16:46:53.834287,4.165764373746254,-0.1857479760802634,1.0230870296598154,663.8519810827123,126.0,2.0,804740.0,1.0,1070449.0,71346.0,4
2025-12-17 16:46:53.934709,4.150981759416623,-0.1560196701788121,1.0169791516753195,727.7569003802557,175.0,2.0,594834.0,1.0,1110301.0,58988.0,5
2025-12-17 16:46:54.433176,4.181806465797022,-0.1060201229312263,0.915980804547871,710.8873821935812,173.0,2.0,360214.0,1.0,795802.0,57412.0,0
2025-12-17 16:46:54.534057,4.18887610336977,-0.0964967879922282,0.8898382784439127,639.6697230766524,138.0,2.0,532874.0,1.0,919536.0,57880.0,1
2025-12-17 16:46:54.634448,4.196890295170328,-0.0882581120124252,0.8685325342017133,650.5766124158838,130.0,2.0,551032.0,1.0,703323.0,54626.0,2
2025-12-17 16:46:54.736204,4.2023411214608775,-0.0777615283264441,0.8504320734793936,658.8247623141115,130.0,2.0,721893.0,1.0,749782.0,59893.0,3
2025-12-17 16:46:54.836914,4.203442961623578,-0.0609666078430399,0.841262150405948,669.0409758654162,130.0,2.0,805557.0,1.0,1116707.0,70985.0,4
2025-12-17 16:46:54.933965,4.210084605758,-0.0524509202448326,0.812971272180973,711.9374059007627,163.0,2.0,592423.0,1.0,1114065.0,59913.0,5
2025-12-17 16:46:55.434351,4.251459034562298,-0.011434906515767,0.7071640289100536,679.0753789100462,150.0,2.0,369224.0,1.0,794456.0,59208.0,0
2025-12-17 16:46:55.533846,4.260427443462861,-0.0044253779496756,0.6856533457440015,628.903792810991,131.0,2.0,544543.0,1.0,939671.0,58471.0,1
2025-12-17 16:46:55.633439,4.268906969727608,0.0029402962240343,0.6617853846921977,638.8085494538357,122.0,2.0,533958.0,1.0,720428.0,55295.0,2
2025-12-17 16:46:55.734058,4.278113376893052,0.0096398751868203,0.6394357650506794,628.0437681810436,110.0,2.0,756665.0,1.0,769058.0,61683.0,3
2025-12-17 16:46:55.833618,4.28514845198056,0.0171216141530432,0.6068995164264346,673.2288541650231,133.0,2.0,835265.0,1.0,1124673.0,70697.0,4
2025-12-17 16:46:55.933743,4.292920950359759,0.0239710778099524,0.580268357882809,680.1180057153061,141.0,2.0,594834.0,1.0,1157889.0,61725.0,5
2025-12-17 16:46:56.433221,4.341429530633456,0.0538305730491988,0.4703173008509235,655.2629428026478,133.0,2.0,367230.0,1.0,802021.0,60566.0,0
2025-12-17 16:46:56.532952,4.34256129808244,0.0555713775422817,0.4639109053795193,607.1377026419614,116.0,2.0,544912.0,1.0,937447.0,59731.0,1
2025-12-17 16:46:56.633785,4.34249692214122,0.0558054254667246,0.4626744289652151,619.0408010838975,109.0,2.0,544359.0,1.0,724585.0,56353.0,2
2025-12-17 16:46:56.735136,4.346701039783465,0.053670332198934,0.4571994402089904,627.39878994225,103.0,2.0,821249.0,1.0,1117842.0,73927.0,4
2025-12-17 16:46:56.834740,4.348856273535617,0.0525353074232808,0.4543291378844389,672.2807617382474,135.0,2.0,617188.0,1.0,1168519.0,62228.0,5
2025-12-17 16:46:57.435462,4.398599395507867,0.0711701783445102,0.3556334955269805,658.4511396884136,135.0,2.0,365742.0,1.0,825988.0,60423.0,0
2025-12-17 16:46:57.535978,4.41030406885144,0.0763887851826996,0.3336527949591515,606.3725302199351,116.0,2.0,547685.0,1.0,959597.0,59772.0,1
2025-12-17 16:46:57.633563,4.420532866504301,0.0801947872468944,0.3113317994750045,625.2729208406615,114.0,2.0,541969.0,1.0,746238.0,55992.0,2
2025-12-17 16:46:57.734530,4.430576931307556,0.0832963960161774,0.2888587960909418,632.4828255026894,113.0,2.0,734213.0,1.0,772711.0,61433.0,3
2025-12-17 16:46:57.835345,4.440549971303264,0.0849836367863283,0.2669850969577015,641.6061788923619,112.0,2.0,842933.0,1.0,1171687.0,72933.0,4
2025-12-17 16:46:57.934194,4.451257123001303,0.0879380979512931,0.245808788188396,649.4793670171183,120.0,2.0,607448.0,1.0,1197343.0,63612.0,5
2025-12-17 16:46:58.433511,4.488933486901505,0.0872569047015539,0.1505780179854225,646.638549416854,127.0,2.0,376799.0,1.0,833288.0,61122.0,0
2025-12-17 16:46:58.534213,4.499467608684922,0.0878081218811148,0.1259798540131544,613.6062361331402,120.0,2.0,543438.0,1.0,979283.0,59368.0,1
2025-12-17 16:46:58.634624,4.510622403864453,0.0883098955012939,0.0994109030036327,621.5053384732018,111.0,2.0,541602.0,1.0,752579.0,56239.0,2
2025-12-17 16:46:58.734894,4.52174086496385,0.0889464114547791,0.0787273129567296,627.7023822565509,109.0,2.0,747755.0,1.0,810480.0,61746.0,3
2025-12-17 16:46:58.834259,4.5337596895814585,0.0904348731375115,0.0592675908898642,625.7944737760722,102.0,2.0,844360.0,1.0,1189669.0,74027.0,4
2025-12-17 16:46:58.935059,4.545151780671832,0.0900752823167763,0.0379435923952262,657.6601631872511,125.0,2.0,607859.0,1.0,1215719.0,63140.0,5
2025-12-17 16:46:59.433277,4.600401667643568,0.0849616957070442,-0.0770939681880531,641.8262815568228,124.0,2.0,370351.0,1.0,852689.0,61412.0,0
2025-12-17 16:46:59.533835,4.612070972411455,0.0842758321186525,-0.0988175636485215,603.8402667695835,114.0,2.0,548241.0,1.0,990617.0,59913.0,1
2025-12-17 16:46:59.634031,4.62327392184709,0.0835340857979503,-0.1154168727078925,635.737372094414,119.0,2.0,558353.0,1.0,749021.0,55502.0,2
2025-12-17 16:46:59.734969,4.633925904648543,0.082299385656746,-0.1431020412549575,623.9218755815987,107.0,2.0,742208.0,1.0,814881.0,61934.0,3
2025-12-17 16:46:59.834345,4.644372580942955,0.0798405009154916,-0.1661703310758786,636.9829895813069,109.0,2.0,855869.0,1.0,1212432.0,73280.0,4
2025-12-17 16:46:59.935744,4.655322513320662,0.0782037098827759,-0.1904881937362225,632.8409268421989,109.0,2.0,623487.0,1.0,1235212.0,64654.0,5
2025-12-17 16:47:00.434486,4.708825737338407,0.0644984262251908,-0.3057435909463131,619.0142846576746,110.0,2.0,373624.0,1.0,853555.0,62736.0,0
2025-12-17 16:47:00.533941,4.720497340555892,0.0619773217468091,-0.3246841656354388,589.0744107196874,105.0,2.0,557032.0,1.0,1018495.0,60792.0,1
2025-12-17 16:47:00.632904,4.730397117631743,0.0587040983130464,-0.3511679009494786,611.9692817361527,104.0,2.0,558921.0,1.0,771666.0,56794.0,2
2025-12-17 16:47:00.733793,4.740351818550669,0.0542085462703227,-0.3721857121765199,624.1410943410891,107.0,2.0,742962.0,1.0,821527.0,61976.0,3
2025-12-17 16:47:00.833633,4.751130682547385,0.05068034017352,-0.391796883353888,620.1713549638655,99.0,2.0,859934.0,1.0,1225634.0,74455.0,4
2025-12-17 16:47:00.933867,4.761424721907019,0.0467677026754795,-0.4130409343792871,632.0212276976803,109.0,2.0,609507.0,1.0,1241079.0,64698.0,5
2025-12-17 16:47:01.433193,4.749827151467519,0.0433722705525554,-0.4350940540621907,620.2018179427752,110.0,2.0,383749.0,1.0,852400.0,62715.0,0
2025-12-17 16:47:01.533586,4.759321714226047,0.0375959890762256,-0.4628618397328511,585.3084467408709,102.0,2.0,561765.0,1.0,1010255.0,61039.0,1
2025-12-17 16:47:01.633626,4.771934163465374,0.0317780644986631,-0.4904110613841159,615.2016206626228,107.0,2.0,558921.0,1.0,766200.0,56583.0,2
2025-12-17 16:47:01.735241,4.784793436005854,0.0258767049831751,-0.5137310851124918,614.3608890078716,101.0,2.0,772711.0,1.0,837529.0,62545.0,3
2025-12-17 16:47:01.835352,4.79696295799519,0.0202629971893675,-0.5361959824270234,603.3601785889377,89.0,2.0,844360.0,1.0,1250354.0,75648.0,4
2025-12-17 16:47:01.934825,4.796116642738351,0.013634645107857,-0.5379504152307598,629.2020406673253,107.0,2.0,629423.0,1.0,1266111.0,64917.0,5
2025-12-17 16:47:02.433467,4.835705991547672,-0.0171073825012491,-0.6453633574579417,589.3896454729925,91.0,2.0,379102.0,1.0,881147.0,64611.0,0
2025-12-17 16:47:02.534773,4.84562562368321,-0.0239636809489427,-0.6662148331812361,581.542843773758,100.0,2.0,564816.0,1.0,1041854.0,61246.0,1
2025-12-17 16:47:02.633419,4.854841118094255,-0.0307858392211433,-0.6901851004036488,615.4337439019563,106.0,2.0,558353.0,1.0,789097.0,56602.0,2
2025-12-17 16:47:02.735323,4.864490377674769,-0.038912425860843,-0.7097187952726282,618.5803838692574,104.0,2.0,745986.0,1.0,840938.0,62291.0,3
2025-12-17 16:47:02.833435,4.873056797682905,-0.0463756866045605,-0.7308943385482959,616.5483168294852,96.0,2.0,864018.0,1.0,1255868.0,74732.0,4
2025-12-17 16:47:02.933428,4.881134571091609,-0.0538653074081061,-0.7570413635153018,634.3824282299666,110.0,2.0,614478.0,1.0,1285106.0,64611.0,5
2025-12-17 16:47:03.433574,4.923256850265814,-0.0932842540724161,-0.8551165741498076,605.5774416446045,101.0,2.0,382970.0,1.0,891948.0,63612.0,0
2025-12-17 16:47:03.532808,4.930247958672625,-0.1020465886000123,-0.8788140513715994,555.7765028631364,85.0,2.0,558921.0,1.0,1056412.0,62821.0,1
2025-12-17 16:47:03.633818,4.93876764966525,-0.1111557165552992,-0.8984278951325005,605.7775827344312,95.0,2.0,756409.0,1.0,870181.0,63119.0,3
2025-12-17 16:47:03.734130,4.945336845484459,-0.1197997120006513,-0.9252947613920082,622.5270669724721,103.0,2.0,633913.0,1.0,1284237.0,65314.0,5
2025-12-17 16:47:04.434767,5.006107517501018,-0.1836865257799171,-1.07156878819211,590.765441741039,92.0,2.0,384659.0,1.0,910246.0,64501.0,0
2025-12-17 16:47:04.534551,5.012472827286717,-0.1940383227523066,-1.0950562107220856,581.0110300662619,99.0,2.0,569422.0,1.0,1061430.0,61288.0,1
2025-12-17 16:47:04.634525,5.016142817033893,-0.2037560692957838,-1.1200317256596302,588.8983432809974,90.0,2.0,551965.0,1.0,792308.0,58096.0,2
2025-12-17 16:47:04.733987,5.019199968765599,-0.2140479056598769,-1.1503375038845078,588.0190443767325,85.0,2.0,776118.0,1.0,880252.0,64196.0,3
2025-12-17 16:47:04.834883,5.022386483859766,-0.2240818360287739,-1.1746785778845572,601.9255889654371,88.0,2.0,870181.0,1.0,1269543.0,75828.0,4
2025-12-17 16:47:05.534556,5.019952446988681,-0.2778204962418598,-1.271543391307399,573.2451503703334,94.0,2.0,560436.0,1.0,1093148.0,61808.0,1
2025-12-17 16:47:05.634165,5.020307655183023,-0.2806277305594229,-1.2850304698168795,588.1304309981223,90.0,2.0,567306.0,1.0,802836.0,58136.0,2
2025-12-17 16:47:05.733124,5.020934928275947,-0.2892662444090235,-1.3163072377366,605.2383318324815,95.0,2.0,789898.0,1.0,891948.0,63140.0,3
2025-12-17 16:47:05.833720,5.022849601921165,-0.3002081209707339,-1.3430135636565823,592.1138693346786,82.0,2.0,875795.0,1.0,1298221.0,76550.0,4
2025-12-17 16:47:05.934194,5.02771632920308,-0.3129325506500191,-1.3606381250063726,614.9244863499575,98.0,2.0,636493.0,1.0,1311914.0,65847.0,5
2025-12-17 16:47:06.433879,5.0465133746578585,-0.3673708134232021,-1.4552986413564843,587.1408271550233,90.0,2.0,387796.0,1.0,915499.0,64764.0,0
2025-12-17 16:47:06.533781,5.0469116532843215,-0.3775908850992273,-1.475245185873212,588.3392960132567,90.0,2.0,561005.0,1.0,808015.0,58116.0,2
2025-12-17 16:47:06.633446,5.0478197855210265,-0.3885617644838106,-1.5002478422369223,592.4359316818865,88.0,2.0,776644.0,1.0,914260.0,63915.0,3
2025-12-17 16:47:06.735665,5.048830836241629,-0.4003695242566516,-1.5148235963865628,592.2838856012322,82.0,2.0,891948.0,1.0,1308367.0,76576.0,4
2025-12-17 16:47:06.835171,5.049253995725848,-0.4109998516758542,-1.5405361336961272,613.0872387601005,97.0,2.0,624120.0,1.0,1330246.0,65958.0,5
2025-12-17 16:47:07.433757,5.046853781577566,-0.481233801565522,-1.677917034793575,584.3285803259132,88.0,2.0,389770.0,1.0,908092.0,64917.0,0
2025-12-17 16:47:07.535925,5.038870608754332,-0.4941801439385933,-1.6965527560171942,559.7137091463785,86.0,2.0,569615.0,1.0,1083938.0,62608.0,1
2025-12-17 16:47:07.633413,5.036177095654422,-0.5049327504248655,-1.7183367994736591,601.5945990028903,97.0,2.0,567306.0,1.0,810206.0,57412.0,2
2025-12-17 16:47:07.734317,5.034068008328476,-0.5155765861502539,-1.7387125872720386,591.6775473969465,87.0,2.0,764905.0,1.0,905944.0,64001.0,3
2025-12-17 16:47:07.833863,5.032662699651408,-0.526855902705075,-1.7590309843599246,603.49089547866,88.0,2.0,873131.0,1.0,1347009.0,75725.0,4
2025-12-17 16:47:07.933746,5.030364988497399,-0.5377898129542926,-1.7750479532928605,598.2856852564847,88.0,2.0,647794.0,1.0,1342003.0,66903.0,5
2025-12-17 16:47:08.433387,5.014709813834455,-0.5886523009375575,-1.892609342636017,585.5162869283353,89.0,2.0,386355.0,1.0,933332.0,64873.0,0
2025-12-17 16:47:08.533795,5.010197149187103,-0.5983140661167388,-1.913745061889609,564.9473296061,89.0,2.0,570194.0,1.0,1074805.0,62291.0,1
2025-12-17 16:47:08.635147,5.006685600656132,-0.6093499743699777,-1.9118802897928289,596.8271728867148,94.0,2.0,566347.0,1.0,824312.0,57704.0,2
2025-12-17 16:47:08.734619,5.003106825380211,-0.6199950015935385,-1.8988414290157756,601.8970905432424,93.0,2.0,777696.0,1.0,940944.0,63397.0,3
2025-12-17 16:47:08.834692,4.99942731017733,-0.6298315873485401,-1.8775131751291945,592.6795513390933,82.0,2.0,884433.0,1.0,1348833.0,76550.0,4
2025-12-17 16:47:08.935100,4.996096012982029,-0.640161998825862,-1.8571009572034496,614.4665697595367,98.0,2.0,635631.0,1.0,1353864.0,65869.0,5
2025-12-17 16:47:09.433744,4.973534172008409,-0.6957998878550943,-1.7368544446440863,562.7041300439672,76.0,2.0,394148.0,1.0,954415.0,66316.0,0
2025-12-17 16:47:09.533549,4.960928452264931,-0.7069173135384734,-1.7068622605767552,550.1813911462689,81.0,2.0,576988.0,1.0,1108048.0,63205.0,1
2025-12-17 16:47:09.633677,4.959702788829824,-0.7182358169626694,-1.6858387427694137,573.0590028936979,81.0,2.0,558921.0,1.0,819028.0,59028.0,2
2025-12-17 16:47:09.733817,4.958964857589403,-0.7295663358697181,-1.660571644849833,584.1163913870802,83.0,2.0,792845.0,1.0,932700.0,64479.0,3
2025-12-17 16:47:09.833439,4.956695245808093,-0.7404402270997559,-1.635551445393101,586.8678147433715,79.0,2.0,887732.0,1.0,1337921.0,76939.0,4
2025-12-17 16:47:09.933608,4.95581242337521,-0.752297456604659,-1.6169492619533734,611.646940161386,96.0,2.0,658849.0,1.0,1350661.0,66070.0,5
2025-12-17 16:47:10.434026,4.957504581129819,-0.809696871200411,-1.5082116482807435,573.8919590763932,82.0,2.0,391356.0,1.0,970047.0,65646.0,0
2025-12-17 16:47:10.533873,4.957495249139362,-0.8206937316751048,-1.4859853888453969,534.4155861343439,72.0,2.0,583666.0,1.0,1123151.0,64196.0,1
2025-12-17 16:47:10.634613,4.954203000454196,-0.8350346511489621,-1.4601963369338462,578.2913915048259,83.0,2.0,576988.0,1.0,842647.0,58749.0,2
2025-12-17 16:47:10.734712,4.954807570164455,-0.8471118058333874,-1.4363714946025006,582.3360646831566,81.0,2.0,780068.0,1.0,955708.0,64611.0,3
2025-12-17 16:47:10.833883,4.956860556982428,-0.8574184897441501,-1.4135666392742827,581.056398031461,75.0,2.0,913023.0,1.0,1390552.0,77436.0,4
2025-12-17 16:47:10.935609,4.958971146636266,-0.8683051986400667,-1.388957559810423,601.8279415384641,90.0,2.0,643206.0,1.0,1380236.0,66744.0,5
2025-12-17 16:47:11.433731,4.971319790921706,-0.9236836723048478,-1.2772213686709128,538.0796797620212,63.0,1.0,394148.0,1.0,976966.0,67906.0,0
2025-12-17 16:47:11.534164,4.970934882429665,-0.932354662971792,-1.254034344176121,547.6497733964875,79.0,2.0,595237.0,1.0,1127340.0,63376.0,1
2025-12-17 16:47:11.634167,4.972662752879419,-0.9420424455909092,-1.2310021720206747,581.5234592552191,85.0,2.0,568844.0,1.0,845790.0,58550.0,2
2025-12-17 16:47:11.735253,4.977350388425112,-0.9528848133722528,-1.2059507408890038,584.5556602844231,82.0,2.0,810206.0,1.0,972019.0,64479.0,3
2025-12-17 16:47:11.833559,4.981484283015613,-0.9634071295639488,-1.1783042450676546,587.2448365518621,79.0,2.0,906250.0,1.0,1381171.0,76939.0,4
2025-12-17 16:47:11.933657,4.985628429003859,-0.9738032635837566,-1.1548276795314347,593.0082288459517,85.0,2.0,637786.0,1.0,1380236.0,67311.0,5
2025-12-17 16:47:12.433818,4.999086060606549,-1.0264219476868188,-1.0278631227716115,569.2674721781116,79.0,2.0,395484.0,1.0,957003.0,65958.0,0
2025-12-17 16:47:12.533680,4.997684933341223,-1.033926598445719,-1.0060459566797448,508.8837792163027,59.0,1.0,586835.0,1.0,1141933.0,65780.0,1
2025-12-17 16:47:12.633845,4.998512648799835,-1.0351494048396208,-1.0003305013226174,564.7555557948532,76.0,2.0,578748.0,1.0,841223.0,59529.0,2
2025-12-17 16:47:12.735058,4.998461921916959,-1.0350682779167952,-1.000336238248946,573.7750943507175,76.0,2.0,800936.0,1.0,980610.0,65160.0,3
2025-12-17 16:47:12.835118,4.999141228259113,-1.0377264852589718,-0.993828164134829,581.4336300169992,75.0,2.0,892552.0,1.0,1388671.0,77410.0,4
2025-12-17 16:47:12.933905,5.0037481150494285,-1.0435850561365787,-0.977358816499608,599.188913561256,88.0,2.0,660859.0,1.0,1397156.0,66903.0,5
2025-12-17 16:47:13.433755,5.055181466050854,-1.0979051358661538,-0.8676583082672299,560.4552364277902,74.0,2.0,394548.0,1.0,1000727.0,66496.0,0
2025-12-17 16:47:13.534958,5.06162961934099,-1.105542956802087,-0.8434047345987984,535.118197554031,72.0,2.0,591822.0,1.0,1155931.0,64153.0,1
2025-12-17 16:47:13.634541,5.06643202158096,-1.113480282647505,-0.8198925013895471,554.9878886848695,70.0,2.0,576988.0,1.0,871065.0,60096.0,2
2025-12-17 16:47:13.735329,5.07281875038737,-1.1209861537535764,-0.800386377277422,558.9946306932306,68.0,2.0,800394.0,1.0,1011966.0,66115.0,3
2025-12-17 16:47:13.834920,5.081040204704724,-1.1294386578592688,-0.7838870085113236,596.6220922883493,84.0,2.0,909630.0,1.0,1400470.0,76291.0,4
2025-12-17 16:47:13.933682,5.089414322348255,-1.1374697715165027,-0.7647923825164722,591.3695131951595,84.0,2.0,636493.0,1.0,1435503.0,67425.0,5
2025-12-17 16:47:14.433713,5.129375763445943,-1.1732071658420864,-0.6617991543925248,547.6430046207663,67.0,2.0,400197.0,1.0,993303.0,67334.0,0
2025-12-17 16:47:14.534078,5.134930535392582,-1.1701844756729425,-0.6196739962203246,509.3521106626693,58.0,1.0,596649.0,1.0,1177252.0,65802.0,1
2025-12-17 16:47:14.633811,5.14439569140589,-1.1741730639689518,-0.5875711988999834,539.2198904986138,62.0,1.0,585843.0,1.0,874018.0,60998.0,2
2025-12-17 16:47:14.733753,5.15343151301437,-1.17917891335544,-0.5659986955081089,561.2137616619755,69.0,2.0,807195.0,1.0,1009230.0,65958.0,3
2025-12-17 16:47:14.834245,5.163471681082722,-1.1837657102797228,-0.5427790051685819,565.8104646453928,67.0,2.0,905024.0,1.0,1443786.0,78571.0,4
2025-12-17 16:47:14.935259,5.173576669848714,-1.191128600127448,-0.5132772434153133,584.5504379809129,80.0,2.0,655291.0,1.0,1416200.0,67837.0,5
2025-12-17 16:47:15.435862,5.2263673217331785,-1.2146286921457112,-0.4000776558423476,546.8311842311329,67.0,2.0,395216.0,1.0,1027149.0,67403.0,0
2025-12-17 16:47:15.533487,5.234754008995126,-1.2069094682477923,-0.3707386348871954,507.58609143173715,57.0,1.0,598064.0,1.0,1197343.0,65936.0,1
2025-12-17 16:47:15.635625,5.243909574321815,-1.2008389209726142,-0.3391751701178431,555.4524829561421,71.0,2.0,591421.0,1.0,871360.0,60076.0,2
2025-12-17 16:47:15.733707,5.2556897434075145,-1.204791988833715,-0.3160409312430173,530.4332284303225,53.0,1.0,806103.0,1.0,1023679.0,67975.0,3
2025-12-17 16:47:15.834217,5.2679684712712,-1.2078916916107854,-0.2918369281085893,562.9989589616739,65.0,2.0,911788.0,1.0,1463465.0,78784.0,4
2025-12-17 16:47:15.934183,5.280833769834409,-1.2107100242258544,-0.2712412247375945,590.7308835289675,83.0,2.0,656179.0,1.0,1438908.0,67448.0,5
2025-12-17 16:47:16.434668,5.327815490267506,-1.2099057615912705,-0.1376221398963029,544.0187361060654,65.0,2.0,397228.0,1.0,1011624.0,67562.0,0
2025-12-17 16:47:16.533106,5.32936679117762,-1.2005375166643228,-0.1004068640026567,499.82012136582307,54.0,1.0,610333.0,1.0,1195724.0,66406.0,1
2025-12-17 16:47:16.634282,5.340897082941506,-1.2013748412919134,-0.0803983411275054,537.6843424488802,61.0,1.0,581694.0,1.0,888033.0,61143.0,2
2025-12-17 16:47:16.735267,5.35196208133172,-1.2012239184288882,-0.0672385311799371,530.6530476785138,54.0,1.0,826267.0,1.0,1044325.0,67929.0,3
2025-12-17 16:47:16.834624,5.355544797942143,-1.1992262138645968,-0.0690250234806462,565.1875352752785,66.0,2.0,933648.0,1.0,1448190.0,78651.0,4
2025-12-17 16:47:16.933719,5.356075568474365,-1.1991215649745677,-0.0702496730991284,585.9114396286511,80.0,2.0,663549.0,1.0,1437447.0,67814.0,5
2025-12-17 16:47:17.434523,5.391054233407773,-1.1788205031223853,0.0434444135317571,546.2064849581053,66.0,2.0,404555.0,1.0,1022294.0,67425.0,0
2025-12-17 16:47:17.533986,5.402936304440287,-1.1787846873806642,0.0676010754433697,494.0544465241363,50.0,1.0,603759.0,1.0,1200590.0,66812.0,1
2025-12-17 16:47:17.633375,5.413361762942628,-1.1787121471214166,0.0900637641632499,527.9163031683047,56.0,1.0,594230.0,1.0,898615.0,61746.0,2
2025-12-17 16:47:17.733260,5.423505193481732,-1.176711213463581,0.1119730026635835,533.8720840527301,55.0,1.0,820138.0,1.0,1041149.0,67746.0,3
2025-12-17 16:47:17.833578,5.433922852487023,-1.17611591401695,0.1327031086097966,557.3758376989725,62.0,1.0,923278.0,1.0,1485924.0,79292.0,4
2025-12-17 16:47:17.934507,5.4448877319873015,-1.1765580558615767,0.1571726602358229,571.0922218895103,72.0,2.0,667377.0,1.0,1479902.0,68809.0,5
2025-12-17 16:47:18.535319,5.513705793978606,-1.1584824694064475,0.3063761441201012,519.4131881153933,52.0,1.0,399520.0,1.0,1051418.0,69229.0,0
2025-12-17 16:47:18.634695,5.520723502499279,-1.147743514965123,0.3321145435756371,481.3121435614253,44.0,1.0,617188.0,1.0,1195319.0,67654.0,1
2025-12-17 16:47:18.734304,5.524582291610133,-1.137412276593964,0.3652403626139253,532.1719072841129,58.0,1.0,594029.0,1.0,908092.0,61454.0,2
2025-12-17 16:47:18.834746,5.533494696752348,-1.1349752542486953,0.3821493649651958,533.1138347460617,55.0,1.0,828508.0,1.0,1076261.0,67814.0,3
2025-12-17 16:47:18.934572,5.542695117599066,-1.1306831335597138,0.4043070860876051,552.5833746212659,60.0,1.0,942538.0,1.0,1499565.0,79615.0,4
2025-12-17 16:47:19.035024,5.55271267972686,-1.1268512850343095,0.4195371139248591,573.2910191886126,73.0,2.0,649770.0,1.0,1471411.0,68646.0,5
2025-12-17 16:47:19.532980,5.597959420871491,-1.1029325977095314,0.5368362953367531,524.6005249867147,55.0,1.0,405103.0,1.0,1044325.0,68902.0,0
2025-12-17 16:47:19.634004,5.5944732398994805,-1.102161681819156,0.5411732463037142,481.5461009185798,44.0,1.0,612609.0,1.0,1211611.0,67631.0,1
2025-12-17 16:47:19.733989,5.603237946384883,-1.0956168039434588,0.5676223145675563,502.40400544894607,43.0,1.0,576403.0,1.0,905637.0,63269.0,2
2025-12-17 16:47:19.833940,5.61325278548905,-1.0887205947491656,0.5916498631142745,546.752905124365,56.0,1.0,943495.0,1.0,1495004.0,80129.0,4
2025-12-17 16:47:27.834763,5.837426248713932,-0.8911289885367505,1.0519166615434878,628.8806033077175,104.0,2.0,643423.0,1.0,1507197.0,65160.0,5
2025-12-17 16:47:27.933156,5.837426248713932,-0.8911289885367505,1.0519166615434878,671.1778771037056,140.0,2.0,380387.0,1.0,1022640.0,59954.0,0
2025-12-17 16:47:28.033456,5.837426248713932,-0.8911289885367505,1.0519166615434878,629.512573342491,126.0,2.0,588028.0,1.0,1241079.0,58809.0,1
2025-12-17 16:47:28.133958,5.837426248713932,-0.8911289885367505,1.0519166615434878,543.3542371614917,63.0,1.0,606626.0,1.0,949261.0,60936.0,2
2025-12-17 16:47:28.235018,5.837426248713932,-0.8911289885367505,1.0519166615434878,560.1769769680282,68.0,2.0,844360.0,1.0,1137689.0,66182.0,3
2025-12-17 16:47:28.334025,5.837426248713932,-0.8911289885367505,1.0519166615434878,553.3551676981228,59.0,1.0,932700.0,1.0,1574993.0,79723.0,4
2025-12-17 16:47:28.834916,5.837426248713932,-0.8911289885367505,1.0519166615434878,687.3472060612199,151.0,2.0,376927.0,1.0,1033076.0,59048.0,0
2025-12-17 16:47:28.935213,5.837426248713932,-0.8911289885367505,1.0519166615434878,695.7236919099366,172.0,2.0,576013.0,1.0,1220667.0,55258.0,1
2025-12-17 16:47:29.033800,5.837426248713932,-0.8911289885367505,1.0519166615434878,546.5631546473396,64.0,1.0,602942.0,1.0,976966.0,60771.0,2
2025-12-17 16:47:29.134709,5.837426248713932,-0.8911289885367505,1.0519166615434878,591.3744383275317,84.0,2.0,815433.0,1.0,1116707.0,64262.0,3
2025-12-17 16:47:29.234266,5.837426248713932,-0.8911289885367505,1.0519166615434878,584.5248627613678,75.0,2.0,939989.0,1.0,1578728.0,77357.0,4
2025-12-17 16:47:29.333975,5.837426248713932,-0.8911289885367505,1.0519166615434878,651.1514208383705,118.0,2.0,606831.0,1.0,1501597.0,63785.0,5
2025-12-17 16:47:29.833499,5.837426248713932,-0.8911289885367505,1.0519166615434878,708.5347160620867,166.0,2.0,376927.0,1.0,1016773.0,57861.0,0
2025-12-17 16:47:29.934784,5.837426248713932,-0.8911289885367505,1.0519166615434878,723.9577106063042,194.0,2.0,562717.0,1.0,1209563.0,53800.0,1
2025-12-17 16:47:30.033940,5.837426248713932,-0.8911289885367505,1.0519166615434878,620.5717987276777,101.0,2.0,818197.0,1.0,1131545.0,62503.0,3
2025-12-17 16:47:30.134544,5.837426248713932,-0.8911289885367505,1.0519166615434878,587.6945647990977,77.0,2.0,941262.0,1.0,1606759.0,77148.0,4
2025-12-17 16:47:30.235193,5.837426248713932,-0.8911289885367505,1.0519166615434878,721.3142167827334,166.0,2.0,601719.0,1.0,1445742.0,59671.0,5
2025-12-17 16:47:30.834244,5.837426248713932,-0.8911289885367505,1.0519166615434878,724.7226320348375,178.0,2.0,372110.0,1.0,1020220.0,57025.0,0
2025-12-17 16:47:30.933482,5.837426248713932,-0.8911289885367505,1.0519166615434878,750.1915249166682,215.0,2.0,558164.0,1.0,1181243.0,52487.0,1
2025-12-17 16:47:31.033581,5.837426248713932,-0.8911289885367505,1.0519166615434878,539.0274463994099,60.0,1.0,601922.0,1.0,988608.0,61246.0,2
2025-12-17 16:47:31.133499,5.837426248713932,-0.8911289885367505,1.0519166615434878,597.8131264890917,88.0,2.0,817367.0,1.0,1143480.0,63893.0,3
2025-12-17 16:47:31.234541,5.837426248713932,-0.8911289885367505,1.0519166615434878,587.9019137872956,77.0,2.0,941581.0,1.0,1606759.0,77096.0,4
2025-12-17 16:47:31.334310,5.837426248713932,-0.8911289885367505,1.0519166615434878,722.5127611859524,166.0,2.0,591221.0,1.0,1460990.0,59630.0,5
2025-12-17 16:47:31.833310,5.837426248713932,-0.8911289885367505,1.0519166615434878,548.2131205200218,65.0,2.0,596851.0,1.0,968406.0,60689.0,2
2025-12-17 16:47:31.933805,5.837426248713932,-0.8911289885367505,1.0519166615434878,593.9887751404385,85.0,2.0,817090.0,1.0,1160243.0,64131.0,3
2025-12-17 16:47:32.034941,5.837426248713932,-0.8911289885367505,1.0519166615434878,575.052788862549,70.0,2.0,955061.0,1.0,1572330.0,78067.0,4
2025-12-17 16:47:32.134320,5.837426248713932,-0.8911289885367505,1.0519166615434878,737.6572749256355,177.0,2.0,607448.0,1.0,1445252.0,58809.0,5
2025-12-17 16:47:32.833507,5.837426248713932,-0.8911289885367505,1.0519166615434878,734.0980458030099,185.0,2.0,370978.0,1.0,1017806.0,56525.0,0
2025-12-17 16:47:32.933983,5.837426248713932,-0.8911289885367505,1.0519166615434878,736.6598804773055,203.0,2.0,561956.0,1.0,1196128.0,53202.0,1
2025-12-17 16:47:33.034081,5.837426248713932,-0.8911289885367505,1.0519166615434878,573.491905082644,78.0,2.0,596245.0,1.0,979283.0,59268.0,2
2025-12-17 16:47:33.133702,5.837426248713932,-0.8911289885367505,1.0519166615434878,596.252124771461,86.0,2.0,830754.0,1.0,1150467.0,64023.0,3
2025-12-17 16:47:33.234219,5.837426248713932,-0.8911289885367505,1.0519166615434878,564.2788522789657,64.0,1.0,927035.0,1.0,1619864.0,78917.0,4
2025-12-17 16:47:33.335099,5.837426248713932,-0.8911289885367505,1.0519166615434878,738.8741835440565,178.0,2.0,600701.0,1.0,1479902.0,58729.0,5
2025-12-17 16:47:33.833988,5.837426248713932,-0.8911289885367505,1.0519166615434878,721.2859122028757,175.0,2.0,372488.0,1.0,1009913.0,57238.0,0
2025-12-17 16:47:33.933719,5.837426248713932,-0.8911289885367505,1.0519166615434878,727.89393780333,196.0,2.0,565772.0,1.0,1186050.0,53673.0,1
2025-12-17 16:47:34.033373,5.837426248713932,-0.8911289885367505,1.0519166615434878,550.7239120041568,66.0,2.0,608065.0,1.0,985267.0,60566.0,2
2025-12-17 16:47:34.134780,5.837426248713932,-0.8911289885367505,1.0519166615434878,583.4718382318036,79.0,2.0,814881.0,1.0,1165754.0,64830.0,3
2025-12-17 16:47:34.233497,5.837426248713932,-0.8911289885367505,1.0519166615434878,582.4672157765283,74.0,2.0,946053.0,1.0,1618220.0,77567.0,4
2025-12-17 16:47:34.333258,5.837426248713932,-0.8911289885367505,1.0519166615434878,736.0544909025749,176.0,2.0,585051.0,1.0,1472408.0,58928.0,5
2025-12-17 16:47:34.833764,5.837426248713932,-0.8911289885367505,1.0519166615434878,725.4736462206054,178.0,2.0,372993.0,1.0,1011624.0,57044.0,0
2025-12-17 16:47:34.934534,5.837426248713932,-0.8911289885367505,1.0519166615434878,696.1282477438996,171.0,2.0,577379.0,1.0,1209153.0,55333.0,1
2025-12-17 16:47:35.033989,5.837426248713932,-0.8911289885367505,1.0519166615434878,548.9562263204692,65.0,2.0,606831.0,1.0,1002761.0,60689.0,2
2025-12-17 16:47:35.135017,5.837426248713932,-0.8911289885367505,1.0519166615434878,568.6913671121034,71.0,2.0,825429.0,1.0,1178448.0,65713.0,3
2025-12-17 16:47:35.233776,5.837426248713932,-0.8911289885367505,1.0519166615434878,572.6557679621848,69.0,2.0,939989.0,1.0,1636395.0,78253.0,4
2025-12-17 16:47:35.833586,5.837426248713932,-0.8911289885367505,1.0519166615434878,718.6613888760347,172.0,2.0,372740.0,1.0,1016085.0,57432.0,0
2025-12-17 16:47:35.934058,5.837426248713932,-0.8911289885367505,1.0519166615434878,676.3622554366679,156.0,2.0,577770.0,1.0,1222320.0,56411.0,1
2025-12-17 16:47:36.033440,5.837426248713932,-0.8911289885367505,1.0519166615434878,540.1882701572185,60.0,1.0,587233.0,1.0,993976.0,61225.0,2
2025-12-17 16:47:36.134096,5.837426248713932,-0.8911289885367505,1.0519166615434878,571.9106418381944,73.0,2.0,831316.0,1.0,1179246.0,65536.0,3
2025-12-17 16:47:36.236253,5.837426248713932,-0.8911289885367505,1.0519166615434878,579.8447344699495,72.0,2.0,947335.0,1.0,1631970.0,77777.0,4
2025-12-17 16:47:36.335421,5.837426248713932,-0.8911289885367505,1.0519166615434878,746.4161614599243,184.0,2.0,583666.0,1.0,1424854.0,58353.0,5
2025-12-17 16:47:36.833560,5.837426248713932,-0.8911289885367505,1.0519166615434878,731.8491600734283,182.0,2.0,376927.0,1.0,1021256.0,56736.0,0
2025-12-17 16:47:36.933321,5.837426248713932,-0.8911289885367505,1.0519166615434878,651.5962020243422,139.0,2.0,594230.0,1.0,1219015.0,57763.0,1
2025-12-17 16:47:37.035307,5.837426248713932,-0.8911289885367505,1.0519166615434878,543.4208749198258,61.0,1.0,608683.0,1.0,995996.0,61039.0,2
2025-12-17 16:47:37.134527,5.837426248713932,-0.8911289885367505,1.0519166615434878,550.1302132970058,61.0,1.0,835548.0,1.0,1197343.0,66948.0,3
2025-12-17 16:47:37.232920,5.837426248713932,-0.8911289885367505,1.0519166615434878,567.0326057950715,65.0,2.0,966769.0,1.0,1625355.0,78731.0,4
2025-12-17 16:47:37.333970,5.837426248713932,-0.8911289885367505,1.0519166615434878,735.5965392680102,175.0,2.0,589822.0,1.0,1451134.0,59008.0,5
2025-12-17 16:47:37.834239,5.837426248713932,-0.8911289885367505,1.0519166615434878,694.0370636529577,154.0,2.0,377309.0,1.0,1020911.0,58809.0,0
2025-12-17 16:47:37.933827,5.837426248713932,-0.8911289885367505,1.0519166615434878,625.8304396220994,122.0,2.0,595640.0,1.0,1258847.0,59168.0,1
2025-12-17 16:47:38.033839,5.837426248713932,-0.8911289885367505,1.0519166615434878,539.6527053911516,60.0,1.0,599888.0,1.0,1021948.0,61225.0,2
2025-12-17 16:47:38.134512,5.837426248713932,-0.8911289885367505,1.0519166615434878,543.3496868691357,57.0,1.0,842077.0,1.0,1212432.0,67403.0,3
2025-12-17 16:47:38.235230,5.837426248713932,-0.8911289885367505,1.0519166615434878,585.2215408234039,75.0,2.0,927349.0,1.0,1622607.0,77383.0,4
2025-12-17 16:47:38.334723,5.837426248713932,-0.8911289885367505,1.0519166615434878,723.7773152064723,166.0,2.0,598874.0,1.0,1464951.0,59650.0,5
2025-12-17 16:47:38.833935,5.837426248713932,-0.8911289885367505,1.0519166615434878,680.2247826486011,144.0,2.0,384659.0,1.0,1016085.0,59610.0,0
2025-12-17 16:47:38.933982,5.837426248713932,-0.8911289885367505,1.0519166615434878,611.064595044041,113.0,2.0,595237.0,1.0,1250778.0,60015.0,1
2025-12-17 16:47:39.034165,5.837426248713932,-0.8911289885367505,1.0519166615434878,544.8849523777873,62.0,1.0,614270.0,1.0,1011624.0,60957.0,2
2025-12-17 16:47:39.135096,5.837426248713932,-0.8911289885367505,1.0519166615434878,542.5692919079073,57.0,1.0,842647.0,1.0,1213663.0,67448.0,3
2025-12-17 16:47:39.234510,5.837426248713932,-0.8911289885367505,1.0519166615434878,597.4099046979658,81.0,2.0,932069.0,1.0,1614390.0,76498.0,4
2025-12-17 16:47:39.334863,5.837426248713932,-0.8911289885367505,1.0519166615434878,707.9579804126655,154.0,2.0,605805.0,1.0,1461485.0,60607.0,5
2025-12-17 16:47:39.833464,5.837426248713932,-0.8911289885367505,1.0519166615434878,644.4124702856392,121.0,2.0,389111.0,1.0,1060711.0,61683.0,0
2025-12-17 16:47:39.933679,5.837426248713932,-0.8911289885367505,1.0519166615434878,601.2986432394192,106.0,2.0,613232.0,1.0,1267826.0,60627.0,1
2025-12-17 16:47:40.034413,5.837426248713932,-0.8911289885367505,1.0519166615434878,527.1171812550617,53.0,1.0,612609.0,1.0,1026801.0,62039.0,2
2025-12-17 16:47:40.133614,5.837426248713932,-0.8911289885367505,1.0519166615434878,535.7884435074774,54.0,1.0,858771.0,1.0,1234376.0,67906.0,3
2025-12-17 16:47:40.233256,5.837426248713932,-0.8911289885367505,1.0519166615434878,594.5981679137442,80.0,2.0,915809.0,1.0,1603500.0,76705.0,4
2025-12-17 16:47:40.334467,5.837426248713932,-0.8911289885367505,1.0519166615434878,710.1385487958635,156.0,2.0,581891.0,1.0,1462969.0,60504.0,5
2025-12-17 16:47:40.833951,5.837426248713932,-0.8911289885367505,1.0519166615434878,623.6003378121615,108.0,2.0,390695.0,1.0,1062868.0,62927.0,0
2025-12-17 16:47:40.935031,5.837426248713932,-0.8911289885367505,1.0519166615434878,572.5330789019634,90.0,2.0,596245.0,1.0,1288155.0,62291.0,1
2025-12-17 16:47:41.034576,5.837426248713932,-0.8911289885367505,1.0519166615434878,537.3493903977759,58.0,1.0,605191.0,1.0,1025759.0,61412.0,2
2025-12-17 16:47:41.135199,5.837426248713932,-0.8911289885367505,1.0519166615434878,531.0082682425902,51.0,1.0,850095.0,1.0,1246974.0,68252.0,3
2025-12-17 16:47:41.235417,5.837426248713932,-0.8911289885367505,1.0519166615434878,595.7870748556371,80.0,2.0,910555.0,1.0,1655334.0,76602.0,4
2025-12-17 16:47:41.335172,5.837426248713932,-0.8911289885367505,1.0519166615434878,717.3193160636096,161.0,2.0,582679.0,1.0,1454576.0,60056.0,5
2025-12-17 16:47:41.835022,5.838891883473926,-0.8881566897134325,1.0676245541555374,625.7883149999142,109.0,2.0,391091.0,1.0,1092039.0,62821.0,0
2025-12-17 16:47:41.935157,5.842414147965,-0.8792666392201891,1.1059471535987788,561.7672275344501,83.0,2.0,605191.0,1.0,1287283.0,62970.0,1
2025-12-17 16:47:42.034671,5.849065217581779,-0.8646439462664319,1.1311208862780078,545.5815837528417,62.0,1.0,622643.0,1.0,1027149.0,60957.0,2
2025-12-17 16:47:42.133616,5.856906003702933,-0.8506967765895341,1.1534466613617105,523.227397674997,47.0,1.0,862849.0,1.0,1247396.0,68785.0,3
2025-12-17 16:47:42.233574,5.862120751779028,-0.8378785120593812,1.1744246135633756,577.9752270451545,70.0,2.0,944134.0,1.0,1633075.0,77962.0,4
2025-12-17 16:47:42.333938,5.867124575272353,-0.8266708566053058,1.1976584917909798,710.4997330705575,156.0,2.0,587829.0,1.0,1483412.0,60464.0,5
2025-12-17 16:47:42.834383,5.884330594825112,-0.776508698248334,1.3082111225480075,641.9759710905709,119.0,2.0,398980.0,1.0,1069725.0,61829.0,0
2025-12-17 16:47:42.933872,5.888210503682623,-0.7650584668535118,1.329449902092129,552.0010458248393,78.0,2.0,616770.0,1.0,1307481.0,63548.0,1
2025-12-17 16:47:43.034963,5.89041934746396,-0.7543764414156415,1.3489952534484266,539.8138228456532,59.0,1.0,615519.0,1.0,1034476.0,61288.0,2
2025-12-17 16:47:43.134074,5.893224089908019,-0.7437253677208925,1.3731432123581693,548.4469750596837,59.0,1.0,871360.0,1.0,1254593.0,67152.0,3
2025-12-17 16:47:43.233542,5.895888654884853,-0.7324602370511207,1.3915188140952477,596.1637206074372,81.0,2.0,925155.0,1.0,1651976.0,76576.0,4
2025-12-17 16:47:43.334477,5.899109997032843,-0.7194298637490683,1.4021246069740632,686.6804703520774,139.0,2.0,604167.0,1.0,1517948.0,61871.0,5
2025-12-17 16:47:43.833593,5.916303764238809,-0.6915374541112719,1.3907755305085174,639.1635988270394,117.0,2.0,398845.0,1.0,1079910.0,61997.0,0
2025-12-17 16:47:43.934705,5.916303764238809,-0.6915374541112719,1.3907755305085174,544.2353599795532,73.0,2.0,604576.0,1.0,1311470.0,64088.0,1
2025-12-17 16:47:44.034146,5.916303764238809,-0.6915374541112719,1.3907755305085174,543.0458044604944,60.0,1.0,616353.0,1.0,1032726.0,61143.0,2
2025-12-17 16:47:44.134253,5.916303764238809,-0.6915374541112719,1.3907755305085174,541.6664912103254,56.0,1.0,850959.0,1.0,1262260.0,67562.0,3
2025-12-17 16:47:44.233980,5.916303764238809,-0.6915374541112719,1.3907755305085174,599.3523027645292,82.0,2.0,945413.0,1.0,1660384.0,76420.0,4
2025-12-17 16:47:44.334051,5.916303764238809,-0.6915374541112719,1.3907755305085174,677.8610333160779,133.0,2.0,615103.0,1.0,1511795.0,62418.0,5
2025-12-17 16:47:44.832988,5.916303764238809,-0.6915374541112719,1.3907755305085174,615.3512613020829,102.0,2.0,389770.0,1.0,1079179.0,63462.0,0
2025-12-17 16:47:44.933281,5.916303764238809,-0.6915374541112719,1.3907755305085174,542.4691457273829,72.0,2.0,613647.0,1.0,1293835.0,64196.0,1
2025-12-17 16:47:45.033263,5.916303764238809,-0.6915374541112719,1.3907755305085174,546.2777707520299,62.0,1.0,615727.0,1.0,1041502.0,60915.0,2
2025-12-17 16:47:45.133101,5.916303764238809,-0.6915374541112719,1.3907755305085174,545.8857152372606,58.0,1.0,865775.0,1.0,1269543.0,67334.0,3
2025-12-17 16:47:45.233309,5.916303764238809,-0.6915374541112719,1.3907755305085174,674.0234752062041,131.0,2.0,599280.0,1.0,1534997.0,62651.0,5
2025-12-17 16:47:45.833935,5.916303764238809,-0.6915374541112719,1.3907755305085174,684.5392152056017,147.0,2.0,390430.0,1.0,1065749.0,59389.0,0
2025-12-17 16:47:45.933995,5.916303764238809,-0.6915374541112719,1.3907755305085174,556.70343202192,80.0,2.0,617188.0,1.0,1321719.0,63312.0,1
2025-12-17 16:47:46.035144,5.916303764238809,-0.6915374541112719,1.3907755305085174,537.5103787650354,58.0,1.0,614686.0,1.0,1050351.0,61433.0,2
2025-12-17 16:47:46.135206,5.916303764238809,-0.6915374541112719,1.3907755305085174,540.1056541003429,55.0,1.0,846936.0,1.0,1294273.0,67700.0,3
2025-12-17 16:47:46.233922,5.916303764238809,-0.6915374541112719,1.3907755305085174,578.7292910200921,70.0,2.0,943814.0,1.0,1689864.0,77962.0,4
2025-12-17 16:47:46.335418,5.916303764238809,-0.6915374541112719,1.3907755305085174,639.2225600840536,108.0,2.0,636277.0,1.0,1540201.0,64786.0,5
2025-12-17 16:47:46.835309,5.916303764238809,-0.6915374541112719,1.3907755305085174,738.7272492895066,187.0,2.0,391091.0,1.0,1066832.0,56430.0,0
2025-12-17 16:47:46.933694,5.916303764238809,-0.6915374541112719,1.3907755305085174,576.9374806855366,91.0,2.0,610540.0,1.0,1307481.0,62102.0,1
2025-12-17 16:47:47.033848,5.916303764238809,-0.6915374541112719,1.3907755305085174,527.7422491698245,52.0,1.0,607448.0,1.0,1062148.0,62060.0,2
2025-12-17 16:47:47.133748,5.916303764238809,-0.6915374541112719,1.3907755305085174,542.3248109673576,56.0,1.0,852400.0,1.0,1286847.0,67562.0,3
2025-12-17 16:47:47.233597,5.916303764238809,-0.6915374541112719,1.3907755305085174,550.9177293519937,56.0,1.0,955708.0,1.0,1672227.0,80047.0,4
2025-12-17 16:47:47.335289,5.916303764238809,-0.6915374541112719,1.3907755305085174,637.4031766981093,107.0,2.0,626872.0,1.0,1558027.0,64917.0,5
2025-12-17 16:47:47.834015,5.916303764238809,-0.6915374541112719,1.3907755305085174,692.9147823868311,152.0,2.0,388059.0,1.0,1082472.0,58988.0,0
2025-12-17 16:47:47.933781,5.916303764238809,-0.6915374541112719,1.3907755305085174,581.1716201873769,93.0,2.0,614894.0,1.0,1319931.0,61892.0,1
2025-12-17 16:47:48.034239,5.916303764238809,-0.6915374541112719,1.3907755305085174,510.9745112475947,44.0,1.0,613232.0,1.0,1075169.0,63098.0,2
2025-12-17 16:47:48.133595,5.916303764238809,-0.6915374541112719,1.3907755305085174,529.5442542516803,49.0,1.0,873131.0,1.0,1320377.0,68437.0,3
2025-12-17 16:47:48.234146,5.916303764238809,-0.6915374541112719,1.3907755305085174,569.1063324325406,65.0,2.0,956355.0,1.0,1693873.0,78651.0,4
2025-12-17 16:47:48.335439,5.916303764238809,-0.6915374541112719,1.3907755305085174,623.5838437107017,99.0,2.0,618443.0,1.0,1573927.0,65802.0,5
2025-12-17 16:47:48.833904,5.916303764238809,-0.6915374541112719,1.3907755305085174,695.1025376232578,154.0,2.0,392285.0,1.0,1057128.0,58868.0,0
2025-12-17 16:47:48.935068,5.916303764238809,-0.6915374541112719,1.3907755305085174,606.4060406321775,108.0,2.0,599685.0,1.0,1291647.0,60423.0,1
2025-12-17 16:47:49.035001,5.916303764238809,-0.6915374541112719,1.3907755305085174,529.2068594609168,53.0,1.0,628784.0,1.0,1050351.0,61997.0,2
2025-12-17 16:47:49.134240,5.916303764238809,-0.6915374541112719,1.3907755305085174,535.7638726785407,52.0,1.0,856448.0,1.0,1291647.0,68044.0,3
2025-12-17 16:47:49.234436,5.916303764238809,-0.6915374541112719,1.3907755305085174,572.2948866916927,67.0,2.0,956679.0,1.0,1736832.0,78438.0,4
2025-12-17 16:47:49.334010,5.916303764238809,-0.6915374541112719,1.3907755305085174,602.7642254928658,86.0,2.0,641901.0,1.0,1597541.0,67152.0,5
2025-12-17 16:47:49.833877,5.916303764238809,-0.6915374541112719,1.3907755305085174,686.2903086328752,147.0,2.0,388322.0,1.0,1078449.0,59389.0,0
2025-12-17 16:47:49.933702,5.916303764238809,-0.6915374541112719,1.3907755305085174,624.6398399589168,119.0,2.0,617188.0,1.0,1305712.0,59389.0,1
2025-12-17 16:47:50.033573,5.916303764238809,-0.6915374541112719,1.3907755305085174,510.9612554653269,41.0,1.0,874018.0,1.0,1331146.0,69652.0,3
2025-12-17 16:47:50.133858,5.916303764238809,-0.6915374541112719,1.3907755305085174,555.4644273737699,58.0,1.0,969718.0,1.0,1702494.0,79723.0,4
2025-12-17 16:47:50.234375,5.916303764238809,-0.6915374541112719,1.3907755305085174,590.9268673513798,80.0,2.0,641467.0,1.0,1634181.0,67906.0,5
2025-12-17 16:47:50.833479,5.918465006691964,-0.6762976601651906,1.3925045161842318,508.6244144340263,43.0,1.0,636277.0,1.0,1084672.0,63247.0,2
2025-12-17 16:47:50.935600,5.922457702755704,-0.6615822053704948,1.3954602166031054,550.6155554154789,55.0,1.0,959273.0,1.0,1711738.0,80156.0,4
2025-12-17 16:47:51.035050,5.925036084178842,-0.6463625137464388,1.3959441778922457,592.0715012166073,80.0,2.0,653298.0,1.0,1585690.0,67860.0,5
2025-12-17 16:47:51.833989,5.947428592154051,-0.5588670838180667,1.264437796122096,683.6658818229391,146.0,2.0,388585.0,1.0,1077719.0,59529.0,0
2025-12-17 16:47:51.934373,5.952062634510853,-0.5473033257624922,1.2457138260980325,624.1082353198069,119.0,2.0,616979.0,1.0,1315471.0,59449.0,1
2025-12-17 16:47:52.033953,5.955936609708942,-0.5361291998751354,1.2209297763445204,499.9031300417727,39.0,1.0,613232.0,1.0,1067554.0,63828.0,2
2025-12-17 16:47:52.133840,5.959753367689787,-0.5250412728760224,1.2016451267043569,523.4222154806437,46.0,1.0,874018.0,1.0,1337016.0,68855.0,3
2025-12-17 16:47:52.235119,5.964152735411941,-0.514912966756165,1.1843132730058652,513.8605142197246,38.0,1.0,969062.0,1.0,1771263.0,83056.0,4
2025-12-17 16:47:52.333590,5.968430090863104,-0.5052611356353658,1.1570022235800508,600.3060693739155,85.0,2.0,645386.0,1.0,1629762.0,67334.0,5
2025-12-17 16:47:52.835027,5.99776328703835,-0.4546925437213471,1.040673980425406,662.8538528140813,131.0,2.0,389902.0,1.0,1090193.0,60751.0,0
2025-12-17 16:47:52.934172,6.008934692335581,-0.4368727650179532,1.012887864109936,598.3423073953369,103.0,2.0,613232.0,1.0,1331597.0,60915.0,1
2025-12-17 16:47:53.033923,6.015235858198562,-0.4254027030962399,0.9923946645238634,513.1352943754262,45.0,1.0,631343.0,1.0,1090562.0,63034.0,2
2025-12-17 16:47:53.134846,6.02149378951968,-0.41631265439866,0.9706468679730922,516.6419131386522,43.0,1.0,875499.0,1.0,1327098.0,69323.0,3
2025-12-17 16:47:53.233913,6.027742583421036,-0.4071782612342587,0.9416218988435628,542.0487864834836,51.0,1.0,987604.0,1.0,1739185.0,80837.0,4
2025-12-17 16:47:53.334518,6.035173115519299,-0.3983440165771872,0.921039454685039,589.486876924363,78.0,2.0,649770.0,1.0,1645280.0,68044.0,5
2025-12-17 16:47:53.834185,6.052398952876305,-0.3587696459252956,0.804624783542173,638.0414707861938,115.0,2.0,394682.0,1.0,1101691.0,62186.0,0
2025-12-17 16:47:53.934705,6.060001326207456,-0.350645429220575,0.7832039829000116,582.5765513143108,94.0,2.0,615103.0,1.0,1328446.0,61829.0,1
2025-12-17 16:47:54.033465,6.067542420160675,-0.3432054798074991,0.7587821311180561,505.36735933976365,41.0,1.0,620119.0,1.0,1094259.0,63505.0,2
2025-12-17 16:47:54.134766,6.075677325714588,-0.3349988892716881,0.738315579673262,508.8613724447859,39.0,1.0,888033.0,1.0,1343366.0,69865.0,3
2025-12-17 16:47:54.234218,6.084366422087558,-0.3276998417161805,0.719999384017847,524.2373435701295,42.0,1.0,972348.0,1.0,1778472.0,82244.0,4
2025-12-17 16:47:54.333589,6.093201557135463,-0.320209749644106,0.6916119231102889,576.6673490264853,72.0,2.0,659518.0,1.0,1657016.0,68879.0,5
2025-12-17 16:47:54.834229,6.153205494584013,-0.2767161266331119,0.54449435520925,624.2292551279128,106.0,2.0,395752.0,1.0,1105052.0,63055.0,0
2025-12-17 16:47:54.934359,6.163121982352804,-0.2708595689822956,0.526412894712955,569.8105894425663,86.0,2.0,613232.0,1.0,1333401.0,62630.0,1
2025-12-17 16:47:55.033471,6.1721435318088895,-0.2648656976888662,0.5048013163699828,517.5995320315837,47.0,1.0,631985.0,1.0,1096855.0,62799.0,2
2025-12-17 16:47:55.134831,6.1788738563850165,-0.2618375752438769,0.4901381540848126,546.080863575065,57.0,1.0,861390.0,1.0,1325751.0,67425.0,3
2025-12-17 16:47:55.235002,6.179400968731902,-0.261011464166435,0.4876702946322443,530.4259909480811,45.0,1.0,984934.0,1.0,1777268.0,81800.0,4
2025-12-17 16:47:55.333881,6.179272877320974,-0.2609721595161893,0.4871781260413447,582.848041689946,75.0,2.0,641467.0,1.0,1643611.0,68483.0,5
2025-12-17 16:47:55.833631,6.195396466911802,-0.2515437501976763,0.4795057716494958,611.4169189173888,99.0,2.0,396020.0,1.0,1140388.0,63828.0,0
2025-12-17 16:47:55.936007,6.204329401486033,-0.2480675078225074,0.4547655293448624,585.045094404374,94.0,2.0,624543.0,1.0,1329345.0,61746.0,1
2025-12-17 16:47:56.034590,6.215535578236828,-0.2447666982420474,0.4312279061953776,487.83196313005953,32.0,1.0,622432.0,1.0,1110301.0,64676.0,2
2025-12-17 16:47:56.134481,6.227531331491768,-0.2380623448084181,0.4063534780745524,531.3002636224454,50.0,1.0,864018.0,1.0,1347009.0,68391.0,3
2025-12-17 16:47:56.234833,6.239447924936427,-0.230864646754079,0.3846333203513465,536.6144586859193,48.0,1.0,979946.0,1.0,1752183.0,81276.0,4
2025-12-17 16:47:56.333869,6.251010289971946,-0.225237351156141,0.3556678131617173,586.0286794388718,77.0,2.0,661307.0,1.0,1639721.0,68252.0,5
2025-12-17 16:47:56.833667,6.3024040193730135,-0.2084546891695946,0.2528456119285914,587.6047017568992,85.0,2.0,404281.0,1.0,1126196.0,65314.0,0
2025-12-17 16:47:56.933883,6.314116701273734,-0.2050952676412555,0.234562040754595,569.2787162688103,86.0,2.0,613647.0,1.0,1363060.0,62651.0,1
2025-12-17 16:47:57.033725,6.3251085019553726,-0.2037422303897028,0.2089011910072915,513.0639336006784,44.0,1.0,626448.0,1.0,1091670.0,63076.0,2
2025-12-17 16:47:57.133989,6.336396129032877,-0.2017885493271028,0.1829975687915869,524.5196325041111,46.0,1.0,866654.0,1.0,1359374.0,68902.0,3
2025-12-17 16:47:57.234022,6.349052164589442,-0.1990264080808497,0.1625173889116508,535.8028054070181,47.0,1.0,974654.0,1.0,1811275.0,81413.0,4
2025-12-17 16:47:57.334678,6.363712694364594,-0.1938831847998366,0.135631604594215,565.2094654931693,65.0,2.0,653740.0,1.0,1719286.0,69652.0,5
2025-12-17 16:47:57.833601,6.421087540493576,-0.1897280622398974,0.0167954467001877,600.7924654432494,92.0,2.0,399385.0,1.0,1140388.0,64501.0,0
2025-12-17 16:47:57.933929,6.431848892934275,-0.1908726336298164,-0.0069039406591276,588.5128461717662,96.0,2.0,612402.0,1.0,1338827.0,61558.0,1
2025-12-17 16:47:58.035056,6.443326040355853,-0.1911407056761764,-0.0310607050957787,524.2964139194695,50.0,1.0,638434.0,1.0,1089086.0,62418.0,2
2025-12-17 16:47:58.134965,6.4551668153226265,-0.1915666800401567,-0.0469472333802113,536.7393235778136,52.0,1.0,858189.0,1.0,1338827.0,68114.0,3
2025-12-17 16:47:58.235143,6.46594568087832,-0.19188193112388,-0.0718303224987814,549.991516309333,54.0,1.0,989612.0,1.0,1765876.0,80292.0,4
2025-12-17 16:47:58.834511,6.508395565858422,-0.2023346266711329,-0.1968912452946369,588.9804123990533,86.0,2.0,408821.0,1.0,1145029.0,65226.0,0
2025-12-17 16:47:58.934117,6.519654104966229,-0.2037360197554603,-0.2178100923460361,565.747009319639,83.0,2.0,628784.0,1.0,1347921.0,62906.0,1
2025-12-17 16:47:59.033576,6.530556591154182,-0.2064779990027768,-0.2428784984861801,525.5282416047396,50.0,1.0,636493.0,1.0,1110676.0,62376.0,2
2025-12-17 16:47:59.134592,6.540662798600989,-0.2093369408810644,-0.268751325967923,544.9587185772261,56.0,1.0,863141.0,1.0,1349290.0,67562.0,3
2025-12-17 16:47:59.234297,6.554676510399012,-0.210445661394679,-0.2808650219001658,534.1798564329459,47.0,1.0,966769.0,1.0,1818030.0,81551.0,4
2025-12-17 16:47:59.332967,6.5676747254245145,-0.2123594728018056,-0.2942488268678441,561.5704362514817,63.0,1.0,651532.0,1.0,1699615.0,69936.0,5
2025-12-17 16:47:59.833615,6.618201747090222,-0.2291680807123903,-0.4044449913387878,588.1680202312575,85.0,2.0,400603.0,1.0,1132695.0,65336.0,0
2025-12-17 16:47:59.934084,6.618738329795687,-0.2299754149504382,-0.4056682465163569,582.9811207271835,93.0,2.0,616979.0,1.0,1357995.0,61871.0,1
2025-12-17 16:48:00.033762,6.618713697440309,-0.229913695128447,-0.4059123495600556,531.7604560873935,53.0,1.0,627721.0,1.0,1114819.0,62039.0,2
2025-12-17 16:48:00.134996,6.624688245650011,-0.2280729233747431,-0.4027402457215904,537.1782841101622,52.0,1.0,858480.0,1.0,1349290.0,68114.0,3
2025-12-17 16:48:00.234257,6.62925675108707,-0.2271769510525736,-0.404239925786911,525.3683484872319,42.0,1.0,1002761.0,1.0,1795406.0,82272.0,4
2025-12-17 16:48:00.333889,6.636731745109002,-0.2324429567268739,-0.4274572758389325,570.7512427180898,68.0,2.0,662427.0,1.0,1679033.0,69346.0,5
2025-12-17 16:48:00.833639,6.693639454808113,-0.2609312630351281,-0.5463758870853748,593.355800817455,87.0,2.0,401553.0,1.0,1150078.0,65005.0,0
2025-12-17 16:48:00.934742,6.703869501167661,-0.2664617695333948,-0.5656722803636732,606.215393911049,107.0,2.0,607448.0,1.0,1331597.0,60525.0,1
2025-12-17 16:48:01.034631,6.711943082928214,-0.2727498007570255,-0.5925307698837049,564.9928291430446,70.0,2.0,626024.0,1.0,1108048.0,60076.0,2
2025-12-17 16:48:01.134625,6.720219856995888,-0.278950553870704,-0.616531166723666,564.3976795485285,66.0,2.0,850095.0,1.0,1349290.0,66339.0,3
2025-12-17 16:48:01.235489,6.728900974666016,-0.2854269765916938,-0.6367486799708945,548.5570803130017,54.0,1.0,973335.0,1.0,1766474.0,80400.0,4
2025-12-17 16:48:01.333897,6.738406223502285,-0.2917712654120068,-0.6543537634390957,568.931884079814,67.0,2.0,647136.0,1.0,1716960.0,69440.0,5
2025-12-17 16:48:01.833824,6.776261014693084,-0.3221423676768968,-0.749868768535815,613.5436116356012,99.0,2.0,394548.0,1.0,1133462.0,63742.0,0
2025-12-17 16:48:01.933645,6.785209411905002,-0.3299639964041194,-0.7755321314850021,643.4492562158354,130.0,2.0,590621.0,1.0,1323957.0,58412.0,1
2025-12-17 16:48:02.033520,6.793634457900233,-0.3374972036527459,-0.7990044948793728,598.224742499524,88.0,2.0,603146.0,1.0,1100573.0,58195.0,2
2025-12-17 16:48:02.133560,6.802498915404663,-0.3450126536346745,-0.819017297799205,605.6169226699509,88.0,2.0,838097.0,1.0,1312802.0,63763.0,3
2025-12-17 16:48:02.235156,6.809399816751851,-0.3533498719293373,-0.8422045474079648,587.7455171369064,74.0,2.0,976305.0,1.0,1787524.0,77488.0,4
2025-12-17 16:48:02.334387,6.818395130462463,-0.3624173338591689,-0.8642974058911461,569.112612509978,67.0,2.0,658849.0,1.0,1708844.0,69464.0,5
2025-12-17 16:48:02.834167,6.853035440498613,-0.4079822455658222,-0.9805392342483362,643.7314521223681,118.0,2.0,388322.0,1.0,1145416.0,61955.0,0
2025-12-17 16:48:02.933583,6.859345720442296,-0.4175277551721665,-0.997887770221317,690.6833608339248,163.0,2.0,592423.0,1.0,1309696.0,55860.0,1
2025-12-17 16:48:03.034256,6.866249988178996,-0.4273306242186474,-1.0216276778727458,646.4570846763922,117.0,2.0,599888.0,1.0,1071899.0,55558.0,2
2025-12-17 16:48:03.135714,6.871075482446983,-0.4375921541894181,-1.0469652056411534,654.8368722873995,117.0,2.0,817643.0,1.0,1279032.0,60854.0,3
2025-12-17 16:48:03.234631,6.8791121174821495,-0.4508148320791445,-1.070569703037008,604.9339177688892,83.0,2.0,968079.0,1.0,1735070.0,76188.0,4
2025-12-17 16:48:03.333425,6.886599936114339,-0.4644502036467302,-1.0867312142094936,570.2930786509831,67.0,2.0,653740.0,1.0,1723365.0,69346.0,5
2025-12-17 16:48:03.833565,6.908284852809555,-0.5150062089859007,-1.204780738603106,653.9191151607397,124.0,2.0,392152.0,1.0,1118977.0,61350.0,0
2025-12-17 16:48:03.933899,6.912318441032833,-0.5256775350270694,-1.233062523599724,732.9175539490467,194.0,2.0,584259.0,1.0,1299980.0,53727.0,1
2025-12-17 16:48:04.033879,6.914932102099091,-0.5361173952129037,-1.2555663958842398,670.689168446605,133.0,2.0,588626.0,1.0,1062148.0,54312.0,2
2025-12-17 16:48:04.133728,6.914630941480524,-0.5494063655841426,-1.272820034661368,693.05591327063,143.0,2.0,837246.0,1.0,1250354.0,58669.0,3
2025-12-17 16:48:04.233466,6.912737214932444,-0.558877350466713,-1.2712871104254886,625.1221977611315,95.0,2.0,955708.0,1.0,1717542.0,74732.0,4
2025-12-17 16:48:04.334233,6.914107689633899,-0.5598313792637676,-1.277673520283925,573.4738645246407,69.0,2.0,658403.0,1.0,1704800.0,69159.0,5
2025-12-17 16:48:04.834572,6.914282588665623,-0.5597758282122872,-1.2786259967100693,663.1070803308234,130.0,2.0,390827.0,1.0,1109549.0,60833.0,0
2025-12-17 16:48:04.933437,6.914312147642408,-0.5645572211532142,-1.281615555693556,724.1515649194828,187.0,2.0,574455.0,1.0,1290336.0,54165.0,1
2025-12-17 16:48:05.035039,6.913596713794832,-0.5739414665068989,-1.2745365171809877,704.921609064104,156.0,2.0,584853.0,1.0,1047511.0,52576.0,2
2025-12-17 16:48:05.134918,6.911448581335084,-0.5871890403478965,-1.244117121668502,714.2756513123813,157.0,2.0,790969.0,1.0,1231455.0,57529.0,3
2025-12-17 16:48:05.233460,6.916741252663096,-0.600166260726591,-1.218298777495933,666.3106962244036,120.0,2.0,938082.0,1.0,1684155.0,71879.0,4
2025-12-17 16:48:05.335312,6.922544612437549,-0.612385021693315,-1.1995779871411802,576.6546993517156,70.0,2.0,666926.0,1.0,1724531.0,68972.0,5
2025-12-17 16:48:05.833521,6.9457684435919305,-0.6630363273771168,-1.0897254747451257,641.2946590577352,116.0,2.0,386355.0,1.0,1140388.0,62144.0,0
2025-12-17 16:48:05.934137,6.951074979582451,-0.6737941520398693,-1.0652298049927846,725.385847936352,188.0,2.0,599077.0,1.0,1276005.0,54110.0,1
2025-12-17 16:48:06.034119,6.956518616647901,-0.6839191496649676,-1.0392153798026034,730.1535667653014,174.0,2.0,578944.0,1.0,1044679.0,51345.0,2
2025-12-17 16:48:06.134191,6.962695359350696,-0.6928420445069433,-1.015662191983524,709.4949686169839,154.0,2.0,801207.0,1.0,1227295.0,57783.0,3
2025-12-17 16:48:06.234112,6.968195220060846,-0.7027047315764949,-0.9902471239000532,679.4993187204088,128.0,2.0,921717.0,1.0,1647509.0,70985.0,4
2025-12-17 16:48:06.333418,6.974009629862313,-0.7118546744646698,-0.9683712774593703,578.8349971363185,72.0,2.0,642988.0,1.0,1697891.0,68809.0,5
2025-12-17 16:48:06.832940,7.008086198026806,-0.7560786401768106,-0.8514307980915484,641.4823260394045,116.0,2.0,392417.0,1.0,1129250.0,62123.0,0
2025-12-17 16:48:06.933351,7.01622240304846,-0.7639912063312702,-0.8312583208260378,703.6197830521888,171.0,2.0,587630.0,1.0,1271263.0,55258.0,1
2025-12-17 16:48:07.033977,7.03568537388704,-0.767992969516725,-0.8021643771972935,742.3857050957694,183.0,2.0,579140.0,1.0,1033426.0,50809.0,2
2025-12-17 16:48:07.134138,7.047144038621608,-0.7744532023875572,-0.77688494754865,699.714433848993,147.0,2.0,808015.0,1.0,1206292.0,58372.0,3
2025-12-17 16:48:07.234331,7.055995881167821,-0.7814834495208306,-0.7527544405468465,683.6878595960897,131.0,2.0,927663.0,1.0,1664886.0,70697.0,4
2025-12-17 16:48:07.335042,7.0641658255557225,-0.787398860439171,-0.7278330408682064,614.015930412148,91.0,2.0,643206.0,1.0,1676761.0,66564.0,5
2025-12-17 16:48:07.833601,7.108389961484854,-0.8247007450162989,-0.6107604698622391,636.6702262389647,112.0,2.0,394682.0,1.0,1152806.0,62439.0,0
2025-12-17 16:48:07.933694,7.131280438156761,-0.8253389490134936,-0.579537551659732,690.8539824885274,161.0,2.0,596245.0,1.0,1294273.0,55973.0,1
2025-12-17 16:48:08.034205,7.145832557913264,-0.8298228466405817,-0.5560679311487078,735.6179293296179,178.0,2.0,587034.0,1.0,1024718.0,51137.0,2
2025-12-17 16:48:08.136061,7.15567013257733,-0.8339862459757942,-0.53092836589213,682.934332767286,135.0,2.0,806376.0,1.0,1228957.0,59308.0,3
2025-12-17 16:48:08.233610,7.165580407968486,-0.839809774725819,-0.5082779691319708,676.8762232821518,126.0,2.0,931123.0,1.0,1655894.0,71201.0,4
2025-12-17 16:48:08.333587,7.17527945457418,-0.8458293197031904,-0.4873752340109122,607.1963074976742,87.0,2.0,642336.0,1.0,1699615.0,67016.0,5
2025-12-17 16:48:08.834068,7.222418168996028,-0.8644412309009858,-0.3737318244105632,608.8580900099653,96.0,2.0,404007.0,1.0,1159065.0,64131.0,0
2025-12-17 16:48:08.933979,7.223480296346784,-0.8623888233870588,-0.3668479148673485,658.0881683459562,139.0,2.0,600701.0,1.0,1306154.0,57724.0,1
2025-12-17 16:48:09.034699,7.223709957564358,-0.8625794203266519,-0.365379553435449,710.8502153210319,159.0,2.0,584259.0,1.0,1044325.0,52363.0,2
2025-12-17 16:48:09.133353,7.223534014398229,-0.862512112019891,-0.365379553435449,662.1532152882204,121.0,2.0,838380.0,1.0,1262687.0,60504.0,3
2025-12-17 16:48:09.233945,7.223974811116896,-0.8628348112418842,-0.3631393601869769,659.0647860237856,115.0,2.0,929234.0,1.0,1663196.0,72417.0,4
2025-12-17 16:48:09.333666,7.229572403587216,-0.8650519612104166,-0.3397645865626099,627.3769616848325,99.0,2.0,623909.0,1.0,1674493.0,65691.0,5
2025-12-17 16:48:09.833499,7.292140210981271,-0.8764260537129525,-0.2179752548760562,641.3068811368406,108.0,2.0,822640.0,1.0,1248240.0,61725.0,3
2025-12-17 16:48:09.934061,7.3011941818895805,-0.869749836755316,-0.1866013803658265,643.1967576057273,104.0,2.0,947014.0,1.0,1674493.0,73578.0,4
2025-12-17 16:48:10.034071,7.310731784066677,-0.8714258238490672,-0.1660334490612777,631.5034827856222,101.0,2.0,648452.0,1.0,1677329.0,65491.0,5
2025-12-17 16:48:10.834619,7.400384423619267,-0.8803898824979683,0.0125652435399488,592.2337456337282,86.0,2.0,399655.0,1.0,1135381.0,65160.0,0
2025-12-17 16:48:10.934162,7.411425466187838,-0.8793726647540794,0.0320473002731103,625.5564494567092,117.0,2.0,615103.0,1.0,1307481.0,59570.0,1
2025-12-17 16:48:11.035476,7.423364151606834,-0.8790967312643087,0.0533772148124259,676.3147383157158,135.0,2.0,600295.0,1.0,1042560.0,54110.0,2
2025-12-17 16:48:11.133291,7.432974088390503,-0.8731406810211868,0.0810532861176885,617.5921554092207,94.0,2.0,844932.0,1.0,1295588.0,63183.0,3
2025-12-17 16:48:11.233574,7.44037111399324,-0.8653213374003905,0.1162881980438135,611.4417152789755,86.0,2.0,946053.0,1.0,1665449.0,75853.0,4
2025-12-17 16:48:11.333610,7.450975300236301,-0.8632658436267215,0.1441460047397182,613.738231402207,90.0,2.0,664897.0,1.0,1708844.0,66631.0,5
2025-12-17 16:48:11.833714,7.507084757191305,-0.8534130696801954,0.2526853396934735,590.4213517759478,85.0,2.0,402097.0,1.0,1173274.0,65270.0,0
2025-12-17 16:48:11.934402,7.518715308989547,-0.8508019535967879,0.2759451563576719,614.7906247787769,110.0,2.0,614686.0,1.0,1305712.0,60198.0,1
2025-12-17 16:48:12.033276,7.529195307755351,-0.8464205537665264,0.2973157021005495,654.5463988376508,121.0,2.0,611988.0,1.0,1067916.0,55277.0,2
2025-12-17 16:48:12.134002,7.534632007297963,-0.8423688700953338,0.3188714859260709,591.8117883215541,79.0,2.0,848084.0,1.0,1286847.0,64742.0,3
2025-12-17 16:48:12.234407,7.528051198526936,-0.8387549510960715,0.334567534086822,621.6303718934072,92.0,2.0,956355.0,1.0,1736832.0,75087.0,4
2025-12-17 16:48:12.335725,7.537557076714386,-0.834723330772684,0.3546531971738813,626.9192533722355,98.0,2.0,652414.0,1.0,1638612.0,65780.0,5
2025-12-17 16:48:12.833955,7.5893177062621024,-0.8159637940855371,0.466218937426568,573.6091731095544,76.0,2.0,404281.0,1.0,1164571.0,66339.0,0
2025-12-17 16:48:12.933976,7.599296633457202,-0.8096306312224808,0.4867551598669172,592.0246441775018,96.0,2.0,627509.0,1.0,1353406.0,61558.0,1
2025-12-17 16:48:13.034211,7.609304171862418,-0.8047277042436936,0.5100745477781216,613.7787872166075,95.0,2.0,598064.0,1.0,1071174.0,57509.0,2
2025-12-17 16:48:13.134497,7.6184870230960255,-0.7962747040072404,0.5262782299279449,592.0313738268849,79.0,2.0,841792.0,1.0,1296026.0,64742.0,3
2025-12-17 16:48:13.233467,7.624367994262824,-0.7919389922753395,0.5379713080937751,612.8186942980583,86.0,2.0,975974.0,1.0,1726283.0,75777.0,4
2025-12-17 16:48:13.333284,7.6243853193135935,-0.7913213876039085,0.5352614060247628,626.099452346804,97.0,2.0,648232.0,1.0,1685866.0,65847.0,5
2025-12-17 16:48:13.833739,7.643162975809469,-0.7808135272142849,0.6001634076462894,584.7969086294927,81.0,2.0,401553.0,1.0,1182843.0,65646.0,0
2025-12-17 16:48:13.933613,7.653716596213202,-0.7719824198362977,0.6314469218448304,576.2586783257321,87.0,2.0,626660.0,1.0,1344731.0,62460.0,1
2025-12-17 16:48:14.033549,7.664209395738067,-0.763642130748363,0.6549593530159193,610.0108048180001,93.0,2.0,614478.0,1.0,1089086.0,57704.0,2
2025-12-17 16:48:14.134777,7.685148604026702,-0.7489251568624358,0.678382641128498,583.9885908673696,70.0,2.0,966769.0,1.0,1726868.0,77909.0,4
2025-12-17 16:48:14.233852,7.701224055144221,-0.7374930924734124,0.7074751591771432,598.262130875221,81.0,2.0,646261.0,1.0,1718705.0,67631.0,5
2025-12-17 16:48:14.834787,7.748444129326368,-0.6922811141367422,0.845593105454234,574.9848814983957,76.0,2.0,406889.0,1.0,1178448.0,66294.0,0
2025-12-17 16:48:14.934476,7.756038022000216,-0.6829018204102058,0.8643401907554816,566.4929995040201,81.0,2.0,633698.0,1.0,1378836.0,63076.0,1
2025-12-17 16:48:15.034611,7.763621673799623,-0.6738032589055543,0.886331305938871,586.2432226827118,80.0,2.0,627296.0,1.0,1083571.0,59048.0,2
2025-12-17 16:48:15.135450,7.770962077960651,-0.6643592432339411,0.9117030754155429,592.4705367169023,79.0,2.0,866948.0,1.0,1330696.0,64764.0,3
2025-12-17 16:48:15.235552,7.77742487285722,-0.655027232006326,0.9326226436522228,586.1960865082517,72.0,2.0,978952.0,1.0,1767072.0,77751.0,4
2025-12-17 16:48:15.333654,7.783383614048161,-0.6457410276515194,0.956282239536802,595.460799016783,80.0,2.0,658849.0,1.0,1715218.0,67837.0,5
2025-12-17 16:48:15.833723,7.820152722893577,-0.5780263840319311,1.10888985502508,569.1724577842185,73.0,2.0,404692.0,1.0,1170102.0,66677.0,0
2025-12-17 16:48:15.933817,7.825412082278544,-0.5677842469634191,1.1317805919696535,551.7269643529869,73.0,2.0,638218.0,1.0,1386323.0,63979.0,1
2025-12-17 16:48:16.034690,7.829415183492093,-0.5570531546709891,1.153536689781167,579.4754123230367,76.0,2.0,620539.0,1.0,1091670.0,59449.0,2
2025-12-17 16:48:16.134362,7.834070104259643,-0.546347201888365,1.1749124454466753,563.6897747903569,64.0,1.0,876388.0,1.0,1333852.0,66564.0,3
2025-12-17 16:48:16.233585,7.83832347327347,-0.5356057019852922,1.1949362968445298,601.6233624775731,83.0,2.0,651091.0,1.0,1738597.0,67403.0,5
2025-12-17 16:48:16.833173,7.9078210332410706,-0.4533855390334307,1.3618002095467054,560.3601305869463,68.0,2.0,402778.0,1.0,1197343.0,67266.0,0
2025-12-17 16:48:16.933595,7.909557397990998,-0.4429447993321487,1.3870458624559192,541.961031512015,68.0,2.0,639299.0,1.0,1378369.0,64611.0,1
2025-12-17 16:48:17.033858,7.912340988321937,-0.4319852978058494,1.4060612033232731,570.7073904553085,71.0,2.0,614478.0,1.0,1106924.0,59974.0,2
2025-12-17 16:48:17.134106,7.914824862207,-0.4203695045182885,1.4261367866528758,551.9091954685625,57.0,1.0,854422.0,1.0,1341095.0,67357.0,3
2025-12-17 16:48:17.233742,7.9157917541590255,-0.4089803267734697,1.445588892482793,578.5727445125254,67.0,2.0,998021.0,1.0,1758719.0,78332.0,4
2025-12-17 16:48:17.334037,7.921118882656397,-0.3916841892218881,1.47116026695284,585.8221480350809,74.0,2.0,653077.0,1.0,1723948.0,68460.0,5
2025-12-17 16:48:17.834797,7.93360850640571,-0.3385697055681018,1.5485745819597108,554.548211614871,64.0,1.0,408268.0,1.0,1204252.0,67654.0,0
2025-12-17 16:48:17.935331,7.934982258348727,-0.3271404330572163,1.556511918497644,506.19555707630644,49.0,1.0,622643.0,1.0,1399996.0,66903.0,1
2025-12-17 16:48:18.035082,7.936952168606027,-0.3111309278370315,1.5597377939408457,564.9398459317706,68.0,2.0,633484.0,1.0,1114442.0,60280.0,2
2025-12-17 16:48:18.133923,7.9369279169424605,-0.2956529644251433,1.5612136053946708,552.1286321685793,58.0,1.0,873131.0,1.0,1348833.0,67334.0,3
2025-12-17 16:48:18.234360,7.939177791666461,-0.2810185471877706,1.5614726465313835,575.7613605995444,66.0,2.0,978620.0,1.0,1794191.0,78571.0,4
2025-12-17 16:48:18.333021,7.947898456359276,-0.2650499042446692,1.5541665701346854,568.0026044215305,65.0,2.0,661307.0,1.0,1740952.0,69652.0,5
2025-12-17 16:48:18.835556,7.94982266873853,-0.2098815326872598,1.550994954756212,557.7361302164869,66.0,2.0,405240.0,1.0,1218603.0,67403.0,0
2025-12-17 16:48:18.933894,7.950575952669938,-0.1984250426053564,1.5507470001474752,519.4293397805874,56.0,1.0,645386.0,1.0,1377903.0,66025.0,1
2025-12-17 16:48:19.033728,7.950233121218734,-0.1866923184421547,1.551743447891504,558.1717028706244,64.0,1.0,620329.0,1.0,1109549.0,60710.0,2
2025-12-17 16:48:19.134806,7.9508818923125375,-0.1752107417752202,1.54999334735382,546.3483028309334,54.0,1.0,867535.0,1.0,1354781.0,67746.0,3
2025-12-17 16:48:19.234673,7.950901340346962,-0.1632204796642815,1.5467939120166707,563.9499191941871,59.0,1.0,996333.0,1.0,1788129.0,79507.0,4
2025-12-17 16:48:19.334847,7.951240338105398,-0.1514124631630018,1.5460345276457848,579.1835741866231,70.0,2.0,671001.0,1.0,1732136.0,68925.0,5
2025-12-17 16:48:19.833465,7.952987436604038,-0.0927950825747823,1.541595466671163,547.9235136562761,61.0,1.0,411180.0,1.0,1218190.0,68044.0,0
2025-12-17 16:48:19.933597,7.953043683966923,-0.0812479345923695,1.5415859361017847,508.6633893806805,51.0,1.0,635631.0,1.0,1402368.0,66744.0,1
2025-12-17 16:48:20.034216,7.95401773814612,-0.070200567481661,1.5460316706165322,536.4039874690105,53.0,1.0,633913.0,1.0,1121252.0,61976.0,2
2025-12-17 16:48:20.134161,7.954372523798754,-0.058379289165058,1.5438182145934674,546.5676381326389,55.0,1.0,890139.0,1.0,1378369.0,67700.0,3
2025-12-17 16:48:20.234202,7.954048092985389,-0.0473140992561016,1.5465345903371597,547.138330005148,51.0,1.0,1007183.0,1.0,1796014.0,80782.0,4
2025-12-17 16:48:20.833215,7.976010353737821,0.0352462741991157,1.556873619027174,545.1112427918276,59.0,1.0,410624.0,1.0,1204252.0,68298.0,0
2025-12-17 16:48:20.933285,7.975982935848377,0.0466322054656789,1.5558797001349185,516.8974354689866,54.0,1.0,648013.0,1.0,1413805.0,66249.0,1
2025-12-17 16:48:21.033856,7.976665479442773,0.0574824986510722,1.556115457794483,541.6360751861354,56.0,1.0,634771.0,1.0,1123151.0,61683.0,2
2025-12-17 16:48:21.133216,7.977015777616653,0.0687504748670395,1.55662838394754,549.7869075912851,56.0,1.0,877575.0,1.0,1356616.0,67562.0,3
2025-12-17 16:48:21.234517,7.976744809540615,0.0800274116972179,1.5578579284114138,552.3268889767899,53.0,1.0,996333.0,1.0,1819261.0,80400.0,4
2025-12-17 16:48:21.335043,7.977157637022665,0.092276029163564,1.554636208141141,570.5448894252565,66.0,2.0,686159.0,1.0,1759314.0,69534.0,5
2025-12-17 16:48:21.833405,7.977401408302322,0.1337714923586896,1.5491464470521998,546.2990545488543,60.0,1.0,404692.0,1.0,1233124.0,68229.0,0
2025-12-17 16:48:21.934242,7.977356576925277,0.1338183081969846,1.5489083465382965,488.1317786544731,40.0,1.0,640165.0,1.0,1421963.0,68137.0,1
2025-12-17 16:48:22.033494,7.977566345542455,0.1346734348933664,1.5489083465382965,546.8681624389176,58.0,1.0,630703.0,1.0,1141546.0,61371.0,2
2025-12-17 16:48:22.134244,7.979935331871842,0.1444882248409795,1.533946076136761,545.0066100777844,54.0,1.0,862265.0,1.0,1380236.0,67837.0,3
2025-12-17 16:48:22.234457,7.981323581304383,0.156231200819394,1.519936876806713,550.5153772610838,53.0,1.0,1009230.0,1.0,1802102.0,80536.0,4
2025-12-17 16:48:22.333742,7.981788120002077,0.1701387913312624,1.5050541720652126,561.7252943293299,61.0,1.0,665798.0,1.0,1809436.0,70125.0,5
2025-12-17 16:48:22.833394,7.988835542648359,0.2288074647089382,1.384341231526707,548.486828562889,61.0,1.0,419474.0,1.0,1231872.0,68067.0,0
2025-12-17 16:48:22.935082,7.991210697562023,0.2388963218513771,1.3653144209492674,504.366094448021,48.0,1.0,636924.0,1.0,1433075.0,67061.0,1
2025-12-17 16:48:23.033561,7.992914692834272,0.2503251791668464,1.3476590496813556,565.1003492931869,67.0,2.0,601922.0,1.0,1137689.0,60341.0,2
2025-12-17 16:48:23.134383,7.995429300255775,0.2613331029940529,1.3230031979263646,553.2261174493515,57.0,1.0,871360.0,1.0,1377436.0,67357.0,3
2025-12-17 16:48:23.234149,7.999042003126584,0.272318825824021,1.2975654696923704,549.7038187974784,52.0,1.0,989612.0,1.0,1850310.0,80591.0,4
2025-12-17 16:48:23.333336,7.999637018331217,0.2920307510399911,1.2823851411294056,562.9058609061287,62.0,1.0,674873.0,1.0,1752183.0,70030.0,5
2025-12-17 16:48:23.834342,8.01439097805623,0.354090009624969,1.1786633823741002,537.6747826541839,55.0,1.0,412714.0,1.0,1255868.0,68785.0,0
2025-12-17 16:48:23.935340,8.018421891498507,0.3652792978821448,1.1570938545055531,514.6002739842332,53.0,1.0,634127.0,1.0,1423408.0,66474.0,1
2025-12-17 16:48:24.035083,8.023499010514797,0.374691630254091,1.132391639458113,585.3328739566961,78.0,2.0,613647.0,1.0,1120493.0,59208.0,2
2025-12-17 16:48:24.135308,8.028747179859023,0.3849108086040855,1.1088589399800557,585.4457973297339,74.0,2.0,852689.0,1.0,1357995.0,65270.0,3
2025-12-17 16:48:24.233439,8.02279358506005,0.3970843293711081,1.0944113392441912,547.8921845570362,51.0,1.0,1010597.0,1.0,1813728.0,80809.0,4
2025-12-17 16:48:24.334517,8.015240055352395,0.4090782702106272,1.0725889277480372,561.0867141584752,60.0,1.0,679687.0,1.0,1792977.0,70196.0,5
2025-12-17 16:48:24.833767,8.045825424968914,0.4581046224338769,0.9584553310298296,513.8624507625098,44.0,1.0,416080.0,1.0,1262687.0,70411.0,0
2025-12-17 16:48:24.933652,8.052829647472851,0.4665937227503116,0.935857933705148,539.8339979246116,66.0,2.0,624754.0,1.0,1430168.0,64851.0,1
2025-12-17 16:48:25.033173,8.059263308187509,0.4772025294216662,0.9152977105826612,601.5646018083078,87.0,2.0,612609.0,1.0,1119735.0,58254.0,2
2025-12-17 16:48:25.133631,8.06644353503523,0.4854170718987949,0.8933057660131348,601.6649061313153,83.0,2.0,874018.0,1.0,1345186.0,64305.0,3
2025-12-17 16:48:25.235036,8.070161886411093,0.4941625901062441,0.8607312438516153,544.0809851851579,49.0,1.0,982936.0,1.0,1805155.0,81083.0,4
2025-12-17 16:48:25.334096,8.058442688089496,0.5064258672181818,0.8323256820754509,571.2672780256752,66.0,2.0,681991.0,1.0,1800883.0,69511.0,5
2025-12-17 16:48:25.833818,8.097748790293533,0.5465978167276542,0.719169600806328,536.0502364186613,54.0,1.0,414815.0,1.0,1249931.0,68925.0,0
2025-12-17 16:48:25.933693,8.105831863710492,0.554612116531302,0.7009510158683201,645.0681266569718,127.0,2.0,591421.0,1.0,1358454.0,58650.0,1
2025-12-17 16:48:26.033561,8.112533563251544,0.5597555164756596,0.6789157658056767,761.7968631895641,195.0,2.0,585645.0,1.0,1053556.0,50024.0,2
2025-12-17 16:48:26.133371,8.114118557628986,0.5588449743072794,0.6750306046767746,666.8843259316136,122.0,2.0,810480.0,1.0,1285977.0,60423.0,3
2025-12-17 16:48:26.232991,8.127575337723233,0.5418130362380267,0.6700826645173175,656.2690992977574,111.0,2.0,923278.0,1.0,1716960.0,72834.0,4
2025-12-17 16:48:26.334136,8.129261607835424,0.5395278300017545,0.670012256915956,566.4479251678767,63.0,1.0,683609.0,1.0,1790551.0,69817.0,5
2025-12-17 16:48:26.833952,8.156676824214024,0.5550964472426387,0.5932094628109836,550.2380376602275,62.0,1.0,407578.0,1.0,1246552.0,67975.0,0
2025-12-17 16:48:26.933940,8.168594424296806,0.5654838062205183,0.5761489817449772,750.3023036178736,204.0,2.0,568459.0,1.0,1290773.0,53095.0,1
2025-12-17 16:48:27.034001,8.179844472242463,0.5742758079527857,0.5547980184584049,823.0291366437278,247.0,3.0,564816.0,1.0,1034125.0,47259.0,2
2025-12-17 16:48:27.134258,8.189715383986819,0.5819470025705682,0.5291493332897991,716.1039974718751,155.0,2.0,807742.0,1.0,1260979.0,57665.0,3
2025-12-17 16:48:27.233503,8.198627138712538,0.5872882395441805,0.5085491090241633,791.4576954038193,207.0,2.0,863141.0,1.0,1555392.0,64066.0,4
2025-12-17 16:48:27.333614,8.207562266757227,0.5921172385763112,0.4908230438518576,618.6284707904451,92.0,2.0,638867.0,1.0,1738597.0,66406.0,5
2025-12-17 16:48:27.833766,8.268111347596964,0.6065717525991499,0.361293263471008,566.4257788134482,70.0,2.0,408407.0,1.0,1238561.0,66948.0,0
2025-12-17 16:48:27.933780,8.278489556935748,0.6097480362491119,0.3409223045685085,830.536385292288,274.0,3.0,547500.0,1.0,1265682.0,49268.0,1
2025-12-17 16:48:28.033780,8.289364571742198,0.6136206310814747,0.3176250681887219,870.2612566326632,291.0,3.0,555338.0,1.0,1002761.0,45225.0,2
2025-12-17 16:48:28.133864,8.300410801487768,0.6170014760055018,0.2941782868187548,789.3233878622735,211.0,2.0,781654.0,1.0,1200590.0,53818.0,3
2025-12-17 16:48:28.233639,8.311105966614052,0.6192985597370382,0.2691544090197934,824.6462206340339,236.0,3.0,864018.0,1.0,1511795.0,62081.0,4
2025-12-17 16:48:28.334247,8.322000252021311,0.6217300659292646,0.2478586662265975,686.8092250521173,134.0,2.0,619490.0,1.0,1677896.0,62228.0,5
2025-12-17 16:48:28.833936,8.379542418379527,0.6245822771581038,0.138834933415466,781.4770374696058,205.0,2.0,773234.0,1.0,1151636.0,54220.0,3
2025-12-17 16:48:28.933855,8.39051772932285,0.6269852178832296,0.1131389012490961,839.778211065935,249.0,3.0,874610.0,1.0,1483412.0,61246.0,4
2025-12-17 16:48:29.033923,8.401766271677436,0.6275037871693638,0.0898942854429291,711.9356144664077,151.0,2.0,617606.0,1.0,1646952.0,60812.0,5
2025-12-17 16:48:29.833770,8.449528542040596,0.614338164560964,-0.0864112181601296,606.8013317236955,92.0,2.0,395216.0,1.0,1238142.0,64414.0,0
2025-12-17 16:48:29.934435,8.45945141373351,0.6118898821558498,-0.1152456106971412,847.0047769072719,290.0,3.0,559867.0,1.0,1236049.0,48540.0,1
2025-12-17 16:48:30.036512,8.470959129224587,0.6107987008511344,-0.1377224507085546,875.7262335222363,298.0,3.0,567883.0,1.0,971361.0,44965.0,2
2025-12-17 16:48:30.133692,8.483046527309257,0.6092206332325771,-0.1503907919681059,792.7623038408187,214.0,2.0,787230.0,1.0,1168123.0,53691.0,3
2025-12-17 16:48:30.233476,8.495131726499269,0.6083560253372,-0.1716292568282462,842.0231890971394,250.0,3.0,843789.0,1.0,1464456.0,61163.0,4
2025-12-17 16:48:30.333586,8.506960702678949,0.606942586726325,-0.1940519956624069,725.1703854823422,160.0,2.0,614270.0,1.0,1586227.0,60056.0,5
2025-12-17 16:48:30.833566,8.496551104856845,0.5970078289954226,-0.2174328488939581,627.9890694969469,104.0,2.0,391621.0,1.0,1179645.0,63162.0,0
2025-12-17 16:48:30.932929,8.496551104856845,0.5970078289954226,-0.2174328488939581,853.2385434573326,298.0,3.0,551778.0,1.0,1248240.0,48196.0,1
2025-12-17 16:48:31.033622,8.496551104856845,0.5970078289954226,-0.2174328488939581,877.9577338459751,303.0,3.0,560436.0,1.0,987939.0,44768.0,2
2025-12-17 16:48:31.133973,8.496551104856845,0.5970078289954226,-0.2174328488939581,785.9818423781005,208.0,2.0,777433.0,1.0,1141933.0,54019.0,3
2025-12-17 16:48:31.233562,8.496551104856845,0.5970078289954226,-0.2174328488939581,812.2117049023741,224.0,3.0,845790.0,1.0,1464951.0,62885.0,4
2025-12-17 16:48:31.333684,8.493262722111599,0.5974007538713839,-0.2119585504006736,747.351043101659,176.0,2.0,616353.0,1.0,1589989.0,58828.0,5
2025-12-17 16:48:31.833782,8.534376169541328,0.5833132387759359,-0.3031126841648531,652.1768861361516,120.0,2.0,391091.0,1.0,1188461.0,61704.0,0
2025-12-17 16:48:31.933584,8.546348263893682,0.5803176949544611,-0.3235840704312605,860.4728159388409,316.0,3.0,538130.0,1.0,1209972.0,47403.0,1
2025-12-17 16:48:32.034066,8.557341022757647,0.5770694799211067,-0.3429574865391304,885.1900082288241,324.0,3.0,557221.0,1.0,951834.0,43913.0,2
2025-12-17 16:48:32.134102,8.566884668070108,0.5731630759261028,-0.3665042738411774,842.2013475548989,257.0,3.0,772711.0,1.0,1120493.0,51275.0,3
2025-12-17 16:48:32.234815,8.576648459388686,0.5689163951482334,-0.3921792914210029,844.4004406866354,252.0,3.0,840369.0,1.0,1443786.0,61039.0,4
2025-12-17 16:48:32.335662,8.586195341779971,0.5641738577386373,-0.4105860446212513,743.5320403240189,174.0,2.0,616562.0,1.0,1577126.0,59028.0,5
2025-12-17 16:48:32.833574,8.636312195203985,0.539236050850608,-0.5296691155937279,674.3646231582985,134.0,2.0,387141.0,1.0,1194510.0,60423.0,0
2025-12-17 16:48:32.934263,8.646418843067327,0.5333527659329111,-0.5459661334397871,883.7070940392082,387.0,3.0,524998.0,1.0,1177252.0,44692.0,1
2025-12-17 16:48:33.033476,8.655826983977134,0.5272570503058414,-0.5685166003451395,902.4220425465502,374.0,3.0,536675.0,1.0,938400.0,42122.0,2
2025-12-17 16:48:33.134041,8.66293413757787,0.5218690723528745,-0.5925371458799605,877.4208110310931,291.0,3.0,747249.0,1.0,1059276.0,49603.0,3
2025-12-17 16:48:33.234568,8.648825432343443,0.5181201396806268,-0.5873900789263505,885.5888937215053,292.0,3.0,823197.0,1.0,1418598.0,58729.0,4
2025-12-17 16:48:33.333463,8.651087867752628,0.5121979289787721,-0.6024430613759522,764.7122830134472,190.0,2.0,620119.0,1.0,1524126.0,57861.0,5
2025-12-17 16:48:33.833574,8.696339709465486,0.4785373276735685,-0.7272243236661162,723.5523992378701,168.0,2.0,386355.0,1.0,1146580.0,57665.0,0
2025-12-17 16:48:33.933751,8.704151111460675,0.470828263363356,-0.7504844684224351,898.9410933036877,433.0,3.0,524288.0,1.0,1139616.0,43205.0,1
2025-12-17 16:48:34.034886,8.712934834906779,0.4631420146397849,-0.7711983649742542,923.6545412068739,438.0,3.0,516188.0,1.0,915189.0,40146.0,2
2025-12-17 16:48:34.134645,8.698006226653472,0.4544595839895762,-0.7867403705262278,886.640420459402,305.0,3.0,738200.0,1.0,1027497.0,48952.0,3
2025-12-17 16:48:34.233721,8.699752120988126,0.4461025302284316,-0.812570235717237,898.7772336566187,319.0,3.0,811853.0,1.0,1343366.0,57276.0,4
2025-12-17 16:48:34.335156,8.707543136046368,0.4374510471929902,-0.839316607935845,778.8932287534309,200.0,2.0,598469.0,1.0,1508729.0,57141.0,5
2025-12-17 16:48:34.834064,8.743952385504072,0.3929054230418862,-0.952495120150182,763.7402673277205,199.0,2.0,373751.0,1.0,1125434.0,55558.0,0
2025-12-17 16:48:34.934006,8.750698650671605,0.3835911883496514,-0.9737326172931164,897.1752721375424,425.0,3.0,527670.0,1.0,1133078.0,43454.0,1
2025-12-17 16:48:35.034909,8.7621809748512,0.3715476158439563,-1.002645850768615,911.8867178456061,400.0,3.0,541785.0,1.0,917360.0,41303.0,2
2025-12-17 16:48:35.133761,8.768620854180652,0.3612171597727132,-1.0262353831886442,856.8597033061369,270.0,3.0,759488.0,1.0,1038685.0,50620.0,3
2025-12-17 16:48:35.235106,8.77476415413635,0.3515905107617092,-1.0478291705698903,893.9659943228264,307.0,3.0,800936.0,1.0,1330246.0,57920.0,4
2025-12-17 16:48:35.333620,8.780495484925849,0.3422169575185156,-1.0628796450425977,782.0735912071239,203.0,2.0,594432.0,1.0,1479902.0,56967.0,5
2025-12-17 16:48:35.833657,8.783298407889934,0.3403762151416543,-1.0714816764782336,743.9279669824277,184.0,2.0,372993.0,1.0,1115197.0,56583.0,0
2025-12-17 16:48:35.933871,8.785506072969959,0.3350970538326234,-1.0692365506915598,876.4093596649352,360.0,3.0,536857.0,1.0,1165359.0,45686.0,1
2025-12-17 16:48:36.033477,8.786481751300949,0.3315777892290414,-1.0717912994133576,894.1185566750986,347.0,3.0,549356.0,1.0,932069.0,43103.0,2
2025-12-17 16:48:36.135624,8.787360528846795,0.3241842744632301,-1.092898205124846,829.079589055818,244.0,3.0,754364.0,1.0,1046094.0,51974.0,3
2025-12-17 16:48:36.234689,8.7908192604704,0.3130838152800899,-1.1153070656878077,884.1544153127653,289.0,3.0,819860.0,1.0,1353406.0,58908.0,4
2025-12-17 16:48:36.334324,8.797379570294524,0.3006827858976946,-1.144356702116565,810.2543582942301,226.0,3.0,597255.0,1.0,1476899.0,55520.0,5
2025-12-17 16:48:36.833913,8.823377660640809,0.2447527965000207,-1.2570956275212777,731.1157911326756,173.0,2.0,377182.0,1.0,1096855.0,57315.0,0
2025-12-17 16:48:36.934040,8.825759833069911,0.2348688118751556,-1.28009753917376,857.6435183645444,307.0,3.0,559299.0,1.0,1161422.0,47855.0,1
2025-12-17 16:48:37.033491,8.829233267154137,0.2246019745449428,-1.3012931518031854,859.3507312242891,279.0,3.0,551965.0,1.0,932700.0,45841.0,2
2025-12-17 16:48:37.134032,8.83283126576579,0.2136555443851837,-1.3214005027656983,860.3239411033746,266.0,3.0,823197.0,1.0,1349290.0,60239.0,4
2025-12-17 16:48:37.233851,8.835548934017472,0.2026331589962633,-1.3420333479973017,815.4168487764939,231.0,3.0,575428.0,1.0,1439882.0,55258.0,5
2025-12-17 16:48:37.833837,8.869198303099514,0.1332326842550886,-1.4779381934890243,713.303552941265,161.0,2.0,383359.0,1.0,1129632.0,58274.0,0
2025-12-17 16:48:37.933465,8.869902081591297,0.1220890447430016,-1.5003742129435684,811.8775028795185,255.0,3.0,573484.0,1.0,1201809.0,50296.0,1
2025-12-17 16:48:38.033523,8.87074319034684,0.1104462676891411,-1.5216069283378393,781.5829099525631,209.0,2.0,563098.0,1.0,954738.0,49335.0,2
2025-12-17 16:48:38.133519,8.870466446563343,0.0998276716886108,-1.5465390005586177,778.5180807855845,201.0,2.0,781654.0,1.0,1080276.0,54533.0,3
2025-12-17 16:48:38.234030,8.870834780626941,0.0888804358196853,-1.5712847717277985,857.5312902800721,263.0,3.0,850671.0,1.0,1381171.0,60443.0,4
2025-12-17 16:48:38.335087,8.871140599222876,0.0771642070777902,-1.589068343962552,803.6157759556962,221.0,3.0,582877.0,1.0,1413805.0,55860.0,5
2025-12-17 16:48:38.833225,8.831983652123371,0.010557089554422,-1.6668958325200434,677.4912141018759,135.0,2.0,391091.0,1.0,1149689.0,60341.0,0
2025-12-17 16:48:38.934377,8.830921830463197,-0.0015145823996531,-1.6654052905155077,759.1118355296439,209.0,2.0,574066.0,1.0,1197343.0,52879.0,1
2025-12-17 16:48:39.034657,8.830472044599304,-0.0132752601144243,-1.6673855105412927,767.8153445336083,197.0,2.0,567883.0,1.0,974654.0,50024.0,2
2025-12-17 16:48:39.134658,8.828707170859515,-0.0249545714584065,-1.667114986140543,733.7378076340158,166.0,2.0,802292.0,1.0,1099456.0,56928.0,3
2025-12-17 16:48:39.235078,8.82820194187353,-0.0366625001992315,-1.6669019101673686,839.7199874219166,246.0,3.0,834700.0,1.0,1364445.0,61495.0,4
2025-12-17 16:48:39.334128,8.82727072102942,-0.0486601546047307,-1.6681329077575204,820.7962426386212,236.0,3.0,572514.0,1.0,1414284.0,54978.0,5
2025-12-17 16:48:39.833848,8.810695922200047,-0.0990600345086067,-1.685520036200292,677.679107165945,135.0,2.0,396556.0,1.0,1155149.0,60320.0,0
2025-12-17 16:48:39.934036,8.809146753177977,-0.1109485406968708,-1.6835456668236215,725.3458748284952,182.0,2.0,588626.0,1.0,1214485.0,54607.0,1
2025-12-17 16:48:40.033816,8.808047170136012,-0.1222556434605603,-1.6845321009181442,739.0473205763384,175.0,2.0,588028.0,1.0,978952.0,51397.0,2
2025-12-17 16:48:40.133882,8.805873930419327,-0.1329515825829084,-1.6825607431225464,713.9571141842521,152.0,2.0,792576.0,1.0,1120873.0,58018.0,3
2025-12-17 16:48:40.235437,8.805020335074198,-0.1448724305250945,-1.6830668495942671,831.9085546875406,240.0,3.0,844360.0,1.0,1381171.0,61913.0,4
2025-12-17 16:48:40.335746,8.803680129709518,-0.1565961666767186,-1.6850102186002514,823.9771748306111,238.0,3.0,577965.0,1.0,1412370.0,54867.0,5
2025-12-17 16:48:40.834680,8.796034202275992,-0.2124748059035273,-1.6862461608934778,624.8670394752147,102.0,2.0,400468.0,1.0,1158673.0,63462.0,0
2025-12-17 16:48:40.933801,8.794857615391674,-0.2239011688483896,-1.6840194086264917,696.5799389439746,161.0,2.0,600904.0,1.0,1245287.0,56125.0,1
2025-12-17 16:48:41.033887,8.793504017555192,-0.2350618004974545,-1.679564769151738,715.279508359293,158.0,2.0,582877.0,1.0,993639.0,52576.0,2
2025-12-17 16:48:41.135099,8.791509822570502,-0.2465444167389154,-1.675641075574973,678.1768581518788,127.0,2.0,848371.0,1.0,1151636.0,60056.0,3
2025-12-17 16:48:41.233757,8.790580568565478,-0.2580091207954211,-1.679132163570433,803.0967376024919,214.0,2.0,857028.0,1.0,1383510.0,63677.0,4
2025-12-17 16:48:41.335122,8.788688046946566,-0.2692743546966563,-1.6776093114825033,808.157702027908,224.0,3.0,595640.0,1.0,1427750.0,55671.0,5
2025-12-17 16:48:41.833865,8.774847278441369,-0.3321781891653685,-1.6619519652303534,614.0546625172814,95.0,2.0,402370.0,1.0,1164571.0,64131.0,0
2025-12-17 16:48:41.935434,8.77481458280891,-0.3439733141979468,-1.6503074520648668,648.8144403939954,127.0,2.0,593025.0,1.0,1238561.0,58789.0,1
2025-12-17 16:48:42.035698,8.77426472969246,-0.3557056672685612,-1.63372104365379,683.5121001203074,135.0,2.0,596649.0,1.0,1001065.0,54239.0,2
2025-12-17 16:48:42.133877,8.772795487326206,-0.3659299669561617,-1.6123104185397443,668.3960668154336,121.0,2.0,814054.0,1.0,1159850.0,60607.0,3
2025-12-17 16:48:42.234927,8.77285247964157,-0.3767833784979428,-1.590908653393063,791.2854577412869,204.0,2.0,857899.0,1.0,1397629.0,64414.0,4
2025-12-17 16:48:42.334591,8.773415601179977,-0.3882806036016015,-1.5708386024569037,788.3382460247173,207.0,2.0,586835.0,1.0,1442809.0,56775.0,5
2025-12-17 16:48:42.833717,8.775850111317833,-0.4455078264254997,-1.4588762182691726,605.2424108059931,90.0,2.0,404555.0,1.0,1207926.0,64676.0,0
2025-12-17 16:48:42.933778,8.777091269373198,-0.4569371946347011,-1.4333596991709063,646.048171826186,125.0,2.0,624543.0,1.0,1273416.0,58948.0,1
2025-12-17 16:48:43.033531,8.778574656806429,-0.4677509314810741,-1.4096845688216162,656.7437683038953,118.0,2.0,604167.0,1.0,998021.0,55614.0,2
2025-12-17 16:48:43.134359,8.781012455728092,-0.4786574928269997,-1.3883975649541975,642.615649467565,104.0,2.0,851535.0,1.0,1184446.0,62165.0,3
2025-12-17 16:48:43.235077,8.78349617821757,-0.4898339047179783,-1.365434118533124,785.4739856104957,200.0,2.0,856448.0,1.0,1430168.0,64786.0,4
2025-12-17 16:48:43.833355,8.806069762520078,-0.5538644082428386,-1.2203861102874347,596.4301189106238,84.0,2.0,406614.0,1.0,1205476.0,65270.0,0
2025-12-17 16:48:43.934724,8.812341025406456,-0.5631101005501851,-1.188072574053266,598.282512436362,96.0,2.0,614894.0,1.0,1289463.0,61704.0,1
2025-12-17 16:48:44.033462,8.815455565538109,-0.5731806601939318,-1.1642835156380746,649.9759235828681,113.0,2.0,597659.0,1.0,1005820.0,56011.0,2
2025-12-17 16:48:44.134931,8.818573269244862,-0.5835728842290506,-1.1420369357574585,621.8352518726144,92.0,2.0,838380.0,1.0,1196128.0,63419.0,3
2025-12-17 16:48:44.233938,8.823583198524766,-0.5937627698591301,-1.123071179358334,771.6622705037275,189.0,2.0,870181.0,1.0,1399996.0,65646.0,4
2025-12-17 16:48:44.334195,8.828963205320393,-0.6031870290508192,-1.1061073246671391,777.69945432452,198.0,2.0,595842.0,1.0,1434531.0,57373.0,5
2025-12-17 16:48:44.833252,8.851708633679303,-0.6461628770829586,-0.9696342175044524,585.6178756492592,79.0,2.0,412994.0,1.0,1205476.0,65914.0,0
2025-12-17 16:48:44.933374,8.858341941611776,-0.6559214223908225,-0.9472162355009518,605.5163155090077,100.0,2.0,620329.0,1.0,1299540.0,61288.0,1
2025-12-17 16:48:45.034390,8.865369124584978,-0.664885363476154,-0.9225735483027314,647.2083103366257,111.0,2.0,612195.0,1.0,1014023.0,56182.0,2
2025-12-17 16:48:45.134486,8.87186099738454,-0.6731571583813039,-0.8992474039673589,610.0546310696927,85.0,2.0,864311.0,1.0,1212021.0,64109.0,3
2025-12-17 16:48:45.233041,8.877776297702955,-0.6822378560883919,-0.8792682970963741,745.8506010138611,169.0,2.0,867535.0,1.0,1455561.0,67243.0,4
2025-12-17 16:48:45.335846,8.884797086626724,-0.6918651228350847,-0.8596771116384353,742.8803924776273,171.0,2.0,610953.0,1.0,1458520.0,59268.0,5
2025-12-17 16:48:45.833478,8.923489956647327,-0.7177529597826746,-0.7460968936640543,564.8056941662246,67.0,2.0,411180.0,1.0,1217778.0,67266.0,0
2025-12-17 16:48:45.935198,8.924210129583809,-0.7177063905131655,-0.7467921853650952,572.7508616757829,81.0,2.0,622643.0,1.0,1328896.0,63226.0,1
2025-12-17 16:48:46.034532,8.924210129583809,-0.7177063905131655,-0.7467921853650952,621.4405146037425,96.0,2.0,599888.0,1.0,1046448.0,57548.0,2
2025-12-17 16:48:46.135236,8.924694494871993,-0.7178921263245495,-0.7442900232420296,598.2742725416238,79.0,2.0,860225.0,1.0,1231455.0,64873.0,3
2025-12-17 16:48:46.234865,8.929666701165685,-0.7245963430129652,-0.7220568970145828,724.0427911948135,157.0,2.0,614063.0,1.0,1469918.0,60382.0,5
2025-12-17 16:48:46.835098,8.99865850706976,-0.7599516114316307,-0.5640308645359412,571.993774443045,71.0,2.0,410207.0,1.0,1221080.0,66789.0,0
2025-12-17 16:48:46.934655,9.007189431878018,-0.7659832868104419,-0.5417361961387749,585.6494973297254,75.0,2.0,620539.0,1.0,1028889.0,59610.0,2
2025-12-17 16:48:47.033195,9.01611016355134,-0.7725854532347389,-0.5180036079078146,608.4713537671985,84.0,2.0,844075.0,1.0,1257144.0,64240.0,3
2025-12-17 16:48:47.133867,9.024915242109651,-0.7782819453671057,-0.4982357221518963,735.2089059436385,161.0,2.0,885631.0,1.0,1469918.0,67975.0,4
2025-12-17 16:48:47.234148,9.035228949752836,-0.7832043748352411,-0.476147799036192,705.2233015925982,144.0,2.0,628572.0,1.0,1472906.0,61495.0,5
2025-12-17 16:48:47.834346,9.093750865984232,-0.808599678893954,-0.3360420301641417,564.195488559885,76.0,2.0,612817.0,1.0,1327098.0,63763.0,1
2025-12-17 16:48:47.934377,9.097598194644256,-0.8087298962466303,-0.3157817296106214,590.8816040848967,78.0,2.0,607859.0,1.0,1062508.0,59308.0,2
2025-12-17 16:48:48.033220,9.101935532357174,-0.8077548425254371,-0.2904767949885892,570.690836118403,63.0,1.0,884134.0,1.0,1253744.0,66654.0,3
2025-12-17 16:48:48.134103,9.105167442170703,-0.8082307607925237,-0.2572127041715956,687.3974500238123,128.0,2.0,899223.0,1.0,1460496.0,71177.0,4
2025-12-17 16:48:48.234693,9.113774397322675,-0.809784693716372,-0.228574743303125,694.4040399579577,137.0,2.0,611988.0,1.0,1476899.0,62123.0,5
2025-12-17 16:48:48.833448,9.184612923316845,-0.8181445065760768,-0.0991715876402066,556.3690167716568,63.0,1.0,415236.0,1.0,1236886.0,67814.0,0
2025-12-17 16:48:48.934619,9.195245939059786,-0.8192605521373633,-0.0757306221914759,537.4530835212319,62.0,1.0,633484.0,1.0,1334755.0,65447.0,1
2025-12-17 16:48:49.034790,9.206312897751944,-0.8143314229702665,-0.0471889028487893,566.9106575613628,62.0,1.0,868416.0,1.0,1265682.0,66880.0,3
2025-12-17 16:48:49.134011,9.217350366639424,-0.8117299133700322,-0.0248504855403428,677.5859322761194,122.0,2.0,910246.0,1.0,1518462.0,71806.0,4
2025-12-17 16:48:49.233689,9.228385538540486,-0.8119684985477624,-0.0012735316775184,704.5844985120864,143.0,2.0,639516.0,1.0,1481906.0,61558.0,5
2025-12-17 16:48:49.833163,9.295792229052362,-0.8071615691355682,0.1301393973430413,563.5567393350457,66.0,2.0,416644.0,1.0,1236886.0,67357.0,0
2025-12-17 16:48:49.933655,9.308078410308894,-0.7938140399044884,0.1735505554294755,546.6869769638629,66.0,2.0,631343.0,1.0,1349747.0,64873.0,1
2025-12-17 16:48:50.033509,9.317952144338989,-0.7852490192841866,0.2120679647809205,584.3689622876733,75.0,2.0,615727.0,1.0,1058560.0,59671.0,2
2025-12-17 16:48:50.133692,9.325639359074277,-0.7832905856482455,0.2331000482570789,569.151841126477,63.0,1.0,871655.0,1.0,1301301.0,66722.0,3
2025-12-17 16:48:50.235055,9.326971045706925,-0.7831701014009478,0.2364797407161103,670.7934786233925,117.0,2.0,936496.0,1.0,1515381.0,72343.0,4
2025-12-17 16:48:50.334805,9.326788871614031,-0.7832140033214099,0.2355062894052327,651.7834040144986,109.0,2.0,637139.0,1.0,1535516.0,64698.0,5
2025-12-17 16:48:50.834347,9.36037686911143,-0.7758730401985927,0.3092130663377729,550.7447377414954,59.0,1.0,412994.0,1.0,1236886.0,68252.0,0
2025-12-17 16:48:50.934171,9.365619669490831,-0.7680991203423324,0.3382997200866694,539.9212169028116,62.0,1.0,638434.0,1.0,1365368.0,65358.0,1
2025-12-17 16:48:51.035329,9.36555616051203,-0.7589420616249845,0.3690210317454752,573.6015561382295,69.0,2.0,628784.0,1.0,1057128.0,60300.0,2
2025-12-17 16:48:51.134105,9.376454390053002,-0.7543929921414025,0.3906455088188217,563.371408634705,60.0,1.0,894367.0,1.0,1309253.0,67107.0,3
2025-12-17 16:48:51.234036,9.386883822024307,-0.7503563100782333,0.414627212217309,644.9817861365756,101.0,2.0,921405.0,1.0,1517434.0,74153.0,4
2025-12-17 16:48:51.334296,9.39669004621119,-0.7458470522827447,0.437740295554036,657.963951985386,113.0,2.0,633913.0,1.0,1530846.0,64349.0,5
2025-12-17 16:48:51.833939,9.445630239713608,-0.721373608223169,0.544850373546274,542.9324372084264,55.0,1.0,417350.0,1.0,1272124.0,68785.0,0
2025-12-17 16:48:51.934876,9.455500498167336,-0.715540227903007,0.5620708165904506,519.1555010902764,52.0,1.0,645605.0,1.0,1386792.0,66654.0,1
2025-12-17 16:48:52.034189,9.465616770488872,-0.7097375565703743,0.5868711026412652,541.8334627617412,52.0,1.0,623909.0,1.0,1069001.0,62228.0,2
2025-12-17 16:48:52.132946,9.474955154881592,-0.7040560880400553,0.6092009419424484,569.5906311253021,63.0,1.0,868710.0,1.0,1299980.0,66722.0,3
2025-12-17 16:48:52.234024,9.478843535558951,-0.6958873756177257,0.6319907037409677,614.1702834688501,83.0,2.0,949903.0,1.0,1551712.0,76395.0,4
2025-12-17 16:48:52.333990,9.47679162064352,-0.6849317518341,0.6493177489115064,663.1445366261764,116.0,2.0,652414.0,1.0,1556973.0,64023.0,5
2025-12-17 16:48:52.833481,9.519221392047774,-0.6504765224411568,0.7717805445391356,532.1201272865535,50.0,1.0,417491.0,1.0,1245287.0,69511.0,0
2025-12-17 16:48:52.933816,9.527455844202114,-0.6441039896471201,0.7977199345686302,505.38937205747067,45.0,1.0,644731.0,1.0,1381171.0,67608.0,1
2025-12-17 16:48:53.033835,9.534558790315858,-0.636038767648694,0.8164791263728881,558.0655518718938,60.0,1.0,631557.0,1.0,1071174.0,61267.0,2
2025-12-17 16:48:53.135101,9.542615561405167,-0.6269676262677977,0.8293845881552832,555.8105809622275,56.0,1.0,898919.0,1.0,1313691.0,67631.0,3
2025-12-17 16:48:53.233502,9.550605531997975,-0.6167505144054295,0.8516311817367777,601.3586846663317,76.0,2.0,943495.0,1.0,1562780.0,77357.0,4
2025-12-17 16:48:53.334508,9.55950372552477,-0.602335648274591,0.8794670007376625,630.3252701142582,96.0,2.0,633913.0,1.0,1566487.0,66115.0,5
2025-12-17 16:48:53.834087,9.591333461316877,-0.5548333714432334,0.9971665540117648,525.3080171584293,47.0,1.0,415236.0,1.0,1276869.0,69959.0,0
2025-12-17 16:48:53.934906,9.59783054317684,-0.5449269094254694,1.0122313919913462,503.6237463808019,44.0,1.0,651091.0,1.0,1382106.0,67746.0,1
2025-12-17 16:48:54.033762,9.603887989864733,-0.534634400239379,1.034241662244641,570.2977062221813,66.0,2.0,633055.0,1.0,1097969.0,60545.0,2
2025-12-17 16:48:54.134097,9.60902598530245,-0.5245735829454392,1.057489167638307,549.0298374717388,52.0,1.0,894669.0,1.0,1346097.0,68114.0,3
2025-12-17 16:48:54.235406,9.60843631748031,-0.5075071340992814,1.0865839292771786,604.5475431638288,78.0,2.0,947335.0,1.0,1591066.0,77070.0,4
2025-12-17 16:48:54.333098,9.611205886221631,-0.4961803641390272,1.1081033236172682,644.5056553285806,104.0,2.0,674873.0,1.0,1559082.0,65226.0,5
2025-12-17 16:48:54.833861,9.635382206722472,-0.4475284092635263,1.2208148710333615,528.4957508006069,48.0,1.0,419474.0,1.0,1267397.0,69747.0,0
2025-12-17 16:48:54.933031,9.639749697267687,-0.4373275534961722,1.248194267874051,500.8574265409024,43.0,1.0,641467.0,1.0,1394794.0,67906.0,1
2025-12-17 16:48:55.033951,9.643216684196473,-0.4264149287931458,1.267035188006712,538.5299214013492,50.0,1.0,626872.0,1.0,1093519.0,62460.0,2
2025-12-17 16:48:55.133535,9.65437998799638,-0.4031931527626478,1.2836070929296322,540.2491909900239,48.0,1.0,877278.0,1.0,1336111.0,68669.0,3
2025-12-17 16:48:55.233459,9.659526745668549,-0.3880647950347935,1.307347191185184,597.7356757493884,74.0,2.0,962199.0,1.0,1586764.0,77593.0,4
2025-12-17 16:48:55.335163,9.662178902723976,-0.3769263525612736,1.331454355103065,606.6866682666133,82.0,2.0,664223.0,1.0,1602957.0,67654.0,5
2025-12-17 16:48:55.833874,9.672108950586326,-0.3205154633333711,1.4379015733917038,530.6835293212673,49.0,1.0,413973.0,1.0,1278166.0,69629.0,0
2025-12-17 16:48:55.934062,9.67284698115856,-0.3087601870512291,1.4435990940355496,490.0917870512048,38.0,1.0,646261.0,1.0,1402842.0,68669.0,1
2025-12-17 16:48:56.034118,9.65279750440746,-0.2896571088833646,1.455384933082606,543.7621314727485,52.0,1.0,627509.0,1.0,1096483.0,62165.0,2
2025-12-17 16:48:56.134719,9.643006294698356,-0.274334574562495,1.4578674534329326,524.4689277149141,40.0,1.0,915499.0,1.0,1352490.0,69794.0,3
2025-12-17 16:48:56.233927,9.6448537818944,-0.2630319047585194,1.461824828088256,581.9242635614683,65.0,2.0,955061.0,1.0,1598082.0,78784.0,4
2025-12-17 16:48:56.333895,9.645698206498189,-0.2514085347872887,1.460595560618285,612.867079131804,85.0,2.0,653298.0,1.0,1629211.0,67266.0,5
2025-12-17 16:48:56.833634,9.65101118488213,-0.1935970954288217,1.4596643425990898,524.8712603345798,46.0,1.0,418056.0,1.0,1272986.0,70030.0,0
2025-12-17 16:48:56.933972,9.652549672485335,-0.1824945536529449,1.4582217623490366,483.3258851139585,34.0,1.0,648671.0,1.0,1409505.0,69135.0,1
2025-12-17 16:48:57.033583,9.653691252742384,-0.1706278999515218,1.4592063372164692,543.994178559896,52.0,1.0,631557.0,1.0,1097969.0,62165.0,2
2025-12-17 16:48:57.133967,9.654833033381202,-0.1593259850972535,1.456472019237231,529.6882395325952,43.0,1.0,887131.0,1.0,1347921.0,69417.0,3
2025-12-17 16:48:57.235256,9.656325039456298,-0.147360398332311,1.4611529816163895,592.1130136716987,71.0,2.0,973335.0,1.0,1633075.0,78015.0,4
2025-12-17 16:48:57.335082,9.657468494125068,-0.1355791336171812,1.462837794998858,604.0479334679899,80.0,2.0,677849.0,1.0,1636949.0,67814.0,5
2025-12-17 16:48:57.833838,9.663304150776243,-0.0784422709346781,1.460891235637399,514.0590747204716,41.0,1.0,418198.0,1.0,1288155.0,70769.0,0
2025-12-17 16:48:57.933567,9.665624106460454,-0.0672957795261526,1.462604520635107,492.5599094291852,38.0,1.0,637355.0,1.0,1412370.0,68553.0,1
2025-12-17 16:48:58.034525,9.667016918581238,-0.0557687614771236,1.462854401817942,532.2265685640518,46.0,1.0,639732.0,1.0,1108423.0,62906.0,2
2025-12-17 16:48:58.133349,9.668099778624386,-0.044526312230622,1.4635742669571163,530.907580760176,43.0,1.0,893459.0,1.0,1377903.0,69346.0,3
2025-12-17 16:48:58.233529,9.64919893450224,-0.0145796673720868,1.4781525822791872,580.3011877271691,64.0,1.0,976966.0,1.0,1644723.0,78917.0,4
2025-12-17 16:48:58.334042,9.636614476696687,0.0073326577177343,1.4850179689741034,582.2283855190815,68.0,2.0,661307.0,1.0,1648067.0,69253.0,5
2025-12-17 16:48:58.833614,9.642055831184084,0.0658179668212648,1.4825445373137045,513.2468087382013,41.0,1.0,417491.0,1.0,1303064.0,70841.0,0
2025-12-17 16:48:58.933541,9.643381211676244,0.0776830858807953,1.4855014812126817,492.7940224755635,39.0,1.0,662875.0,1.0,1430168.0,68553.0,1
2025-12-17 16:48:59.033833,9.644490147066213,0.0889371461318146,1.4827754500968813,520.4585792003054,41.0,1.0,627721.0,1.0,1126196.0,63591.0,2
2025-12-17 16:48:59.134399,9.64512929289316,0.1004517155214124,1.4827834937944229,518.1272880751663,37.0,1.0,898615.0,1.0,1376504.0,70292.0,3
2025-12-17 16:48:59.235191,9.646115405378762,0.1116103410163749,1.48230244351024,584.4900006077645,66.0,2.0,993639.0,1.0,1673926.0,78651.0,4
2025-12-17 16:48:59.334357,9.646677135439162,0.1227886457613127,1.4825660227500432,592.4090823372602,74.0,2.0,683146.0,1.0,1646394.0,68576.0,5
2025-12-17 16:48:59.835146,9.649836852778089,0.1704662654269073,1.4852491899307847,522.4348724907267,45.0,1.0,423038.0,1.0,1311914.0,70268.0,0
2025-12-17 16:48:59.933351,9.650009763615644,0.1702581504121862,1.4852451019660589,481.0280971264039,33.0,1.0,655513.0,1.0,1424854.0,69346.0,1
2025-12-17 16:49:00.033512,9.6500528737724,0.170206952328427,1.4854909575964823,516.6906759721109,39.0,1.0,625389.0,1.0,1110676.0,63850.0,2
2025-12-17 16:49:00.133538,9.6500528737724,0.170206952328427,1.4854909575964823,574.6593386527779,61.0,1.0,993303.0,1.0,1654214.0,79373.0,4
2025-12-17 16:49:00.234383,9.6500528737724,0.170206952328427,1.4854909575964823,570.5716629588425,62.0,1.0,668508.0,1.0,1674493.0,70030.0,5
2025-12-17 16:49:00.834723,9.618084557697784,0.2355962825197126,1.515159187798312,527.6225691410166,47.0,1.0,422466.0,1.0,1316807.0,69912.0,0
2025-12-17 16:49:00.933845,9.618713112814502,0.2475695244544189,1.5154368175260853,493.2623319147316,38.0,1.0,654848.0,1.0,1438908.0,68576.0,1
2025-12-17 16:49:01.033486,9.619188365595615,0.2585530281964638,1.5097143791140104,525.9228412344495,43.0,1.0,639732.0,1.0,1133078.0,63290.0,2
2025-12-17 16:49:01.133484,9.620747044184297,0.2684962878198371,1.5097349125805388,535.5660409824013,45.0,1.0,893157.0,1.0,1388201.0,69089.0,3
2025-12-17 16:49:01.233575,9.621202114983618,0.2791034022486727,1.5082296434477975,560.8666951809595,54.0,1.0,976305.0,1.0,1725699.0,80455.0,4
2025-12-17 16:49:01.334910,9.621574377465516,0.2899980087189835,1.5035448475998572,580.7704620643439,67.0,2.0,690585.0,1.0,1684725.0,69417.0,5
2025-12-17 16:49:01.833574,9.625976101661214,0.34743321448284,1.5010444049394007,505.81012946587265,37.0,1.0,423038.0,1.0,1315916.0,71419.0,0
2025-12-17 16:49:01.933722,9.626955037762205,0.3594689785098488,1.5022802013826375,483.4964222515539,34.0,1.0,660859.0,1.0,1445742.0,69229.0,1
2025-12-17 16:49:02.033608,9.627106914929488,0.3714335188910542,1.5027597643853376,524.1550408581403,43.0,1.0,633698.0,1.0,1136919.0,63419.0,2
2025-12-17 16:49:02.133363,9.627855720775136,0.3832608673583895,1.5059809264148645,523.7854912899837,39.0,1.0,911480.0,1.0,1396211.0,69936.0,3
2025-12-17 16:49:02.233411,9.628254076314352,0.395222058897966,1.5049823470670387,581.0551638612958,64.0,1.0,997683.0,1.0,1696168.0,78917.0,4
2025-12-17 16:49:02.333870,9.629152402006609,0.4066746921616087,1.5082144371059716,574.9509141154355,64.0,1.0,692223.0,1.0,1706532.0,69794.0,5
2025-12-17 16:49:02.833195,9.632238456517118,0.4644549053807765,1.5022871186392197,512.99783437831,40.0,1.0,425479.0,1.0,1320377.0,70913.0,0
2025-12-17 16:49:02.934772,9.632900377460569,0.4761845095677772,1.5015492877918033,485.73078721011984,35.0,1.0,635201.0,1.0,1442809.0,69089.0,1
2025-12-17 16:49:03.035048,9.633516893575496,0.4877832582554635,1.502546375555848,521.3875464836029,41.0,1.0,644950.0,1.0,1141546.0,63634.0,2
2025-12-17 16:49:03.134488,9.615683493430534,0.5028729855848431,1.5097830063090638,528.0052150657389,41.0,1.0,894367.0,1.0,1412848.0,69652.0,3
2025-12-17 16:49:03.234949,9.59170440977966,0.5176210716565643,1.5205341592185366,546.2439533679415,47.0,1.0,992631.0,1.0,1700191.0,81634.0,4
2025-12-17 16:49:03.333916,9.591956721466204,0.5292769476274097,1.5197933296301167,568.1315623414765,60.0,1.0,671001.0,1.0,1706532.0,70268.0,5
2025-12-17 16:49:03.834303,9.595324871035974,0.5879586047911731,1.516824935609294,490.1858185137777,30.0,1.0,421609.0,1.0,1332499.0,72515.0,0
2025-12-17 16:49:03.934990,9.595955381346789,0.5993348087504131,1.5143667977062936,503.9649573815667,43.0,1.0,671001.0,1.0,1462969.0,67929.0,1
2025-12-17 16:49:04.034259,9.596773907570714,0.6104745512346597,1.5143495024465297,607.6195345992405,85.0,2.0,617815.0,1.0,1122391.0,58570.0,2
2025-12-17 16:49:04.135147,9.597141064501544,0.6221953133277252,1.5158397924835971,531.2248365652754,42.0,1.0,902577.0,1.0,1410460.0,69464.0,3
2025-12-17 16:49:04.233368,9.597979334507482,0.6333599877209997,1.5195562973931065,537.4321549443525,42.0,1.0,980610.0,1.0,1721616.0,82384.0,4
2025-12-17 16:49:04.333640,9.597144387095554,0.6356757853541861,1.5150791904888317,568.3121524014645,61.0,1.0,671001.0,1.0,1688721.0,70220.0,5
2025-12-17 16:49:04.834286,9.598154361222234,0.639090575868952,1.5182997202351354,515.3735914011559,41.0,1.0,427934.0,1.0,1344276.0,70841.0,0
2025-12-17 16:49:04.933716,9.599675066210528,0.6481280117440598,1.5168078379272598,593.1987782472664,90.0,2.0,622643.0,1.0,1419559.0,62355.0,1
2025-12-17 16:49:05.034732,9.60211298400147,0.660065491278294,1.5227743293763596,735.8518157150572,169.0,2.0,579336.0,1.0,1060711.0,51816.0,2
2025-12-17 16:49:05.134225,9.603557487145851,0.6732585024864735,1.529156070779802,715.4441110718894,149.0,2.0,823197.0,1.0,1267397.0,58214.0,3
2025-12-17 16:49:05.235238,9.603455145856788,0.6869442007845254,1.5271421786927128,619.6210070328635,85.0,2.0,980610.0,1.0,1662633.0,76085.0,4
2025-12-17 16:49:05.834172,9.6063207697537,0.7578874865161769,1.5247058516077334,523.5613460742543,45.0,1.0,419332.0,1.0,1345642.0,70268.0,0
2025-12-17 16:49:05.934152,9.605868519365773,0.7697211901046979,1.5263167580701391,905.060635224617,360.0,3.0,545650.0,1.0,969718.0,42667.0,2
2025-12-17 16:49:06.033954,9.576081027159264,0.7939161560857491,1.5643396220735124,879.6415807715139,285.0,3.0,758460.0,1.0,1105426.0,49889.0,3
2025-12-17 16:49:06.133656,9.568892884238949,0.8070715296665325,1.5680229868154274,686.7903584613481,126.0,2.0,904106.0,1.0,1581938.0,71346.0,4
2025-12-17 16:49:06.232828,9.569155931230894,0.8187194532601776,1.5697606589822906,592.6552215634015,73.0,2.0,684535.0,1.0,1715218.0,68669.0,5
2025-12-17 16:49:06.835171,9.568003118003196,0.8872647190535261,1.5677834330786238,729.6439452442095,180.0,2.0,587233.0,1.0,1338374.0,54774.0,1
2025-12-17 16:49:06.933589,9.568098784934756,0.8991974308005561,1.567553479970128,955.2926758109681,516.0,3.0,531074.0,1.0,919536.0,38158.0,2
2025-12-17 16:49:07.034590,9.567845641076635,0.9109205503145076,1.568546074543924,935.8611972230825,434.0,3.0,711944.0,1.0,981606.0,44151.0,3
2025-12-17 16:49:07.133773,9.56787438255811,0.92281721992775,1.5690392830600863,773.9788801100703,187.0,2.0,886231.0,1.0,1529810.0,65713.0,4
2025-12-17 16:49:07.234533,9.567792174726252,0.9346077072627904,1.5700206220317128,596.8361694710642,75.0,2.0,649990.0,1.0,1677329.0,68391.0,5
2025-12-17 16:49:07.833711,9.568085811496438,1.0030847229158306,1.567488882090635,508.93681166862467,38.0,1.0,423755.0,1.0,1356157.0,71274.0,0
2025-12-17 16:49:07.935077,9.56850315240148,1.0150379252414066,1.5679722372209868,856.9014542838344,291.0,3.0,547870.0,1.0,1270833.0,48606.0,1
2025-12-17 16:49:08.033545,9.568249472451033,1.0266845831398532,1.5664796953363025,1008.5480540241026,701.0,4.0,502229.0,1.0,833288.0,34404.0,2
2025-12-17 16:49:08.134238,9.56829677230582,1.0378805394336892,1.566568781337609,979.1025445179374,574.0,3.0,648671.0,1.0,875499.0,40323.0,3
2025-12-17 16:49:08.233670,9.552550920111848,1.0394059935660511,1.5663423816865158,905.1862102483088,319.0,3.0,792576.0,1.0,1342457.0,57335.0,4
2025-12-17 16:49:08.333426,9.54880927528125,1.0476226089868597,1.5688548747981574,743.034673410942,168.0,2.0,618024.0,1.0,1552763.0,59489.0,5
2025-12-17 16:49:08.833579,9.549025973347412,1.1060160720843557,1.564592675477832,529.1245629617537,47.0,1.0,417067.0,1.0,1328896.0,69912.0,0
2025-12-17 16:49:08.933842,9.54892117151364,1.1178385208341846,1.5616171247394754,889.1352842801803,376.0,3.0,520046.0,1.0,1201403.0,45179.0,1
2025-12-17 16:49:09.034213,9.548608401862625,1.1293044312268146,1.5623828074011803,1041.3000682088705,796.0,4.0,610540.0,1.0,772711.0,36025.0,3
2025-12-17 16:49:09.134535,9.549078698118755,1.1414952855648908,1.5633496869403305,968.3560229353005,516.0,3.0,711222.0,1.0,1201809.0,49536.0,4
2025-12-17 16:49:09.233221,9.548556121904532,1.1529239801631457,1.5611207553007946,866.1972123047035,272.0,3.0,562146.0,1.0,1403792.0,52969.0,5
2025-12-17 16:49:09.834314,9.550356561928346,1.2216434361981774,1.5195776640316063,567.3124770567437,66.0,2.0,411180.0,1.0,1331146.0,67403.0,0
2025-12-17 16:49:09.935302,9.55254153325446,1.2320082597122788,1.4956567859178609,930.3697452275909,505.0,3.0,515490.0,1.0,1141546.0,41219.0,1
2025-12-17 16:49:10.035061,9.554490461074735,1.2427713706653138,1.470849692315954,1119.0127485933763,1132.0,4.0,453892.0,1.0,743968.0,28901.0,2
2025-12-17 16:49:10.135519,9.556639812512106,1.252384596986122,1.4470446018433998,1135.5417793963663,1177.0,4.0,561005.0,1.0,644295.0,31188.0,3
2025-12-17 16:49:10.235527,9.558467436542596,1.263404790405095,1.4262153241247462,1056.5635594805947,830.0,4.0,644950.0,1.0,1010255.0,42065.0,4
2025-12-17 16:49:10.334358,9.559438650879882,1.274558310520372,1.4091997412088466,903.396121600554,331.0,3.0,556090.0,1.0,1337016.0,50177.0,5
2025-12-17 16:49:10.835098,9.543330416191608,1.3085626084245048,1.2984783647396614,592.5004003527616,80.0,2.0,400197.0,1.0,1316362.0,65780.0,0
2025-12-17 16:49:10.934258,9.546874939323631,1.318480223554389,1.2743742265670448,965.6036199406913,626.0,3.0,487822.0,1.0,1076990.0,38378.0,1
2025-12-17 16:49:11.037697,9.550898378425735,1.3285318597455973,1.2489207687819486,1249.2455318957122,1734.0,4.0,398440.0,1.0,633913.0,24517.0,2
2025-12-17 16:49:11.134747,9.55468561224337,1.3391328683431407,1.233048174426925,1242.7610868245101,1669.0,4.0,502399.0,1.0,533777.0,27257.0,3
2025-12-17 16:49:11.233906,9.557689924093047,1.349909767249744,1.2118643383014578,1135.751753517022,1153.0,4.0,561765.0,1.0,857319.0,37265.0,4
2025-12-17 16:49:11.333972,9.56207177541454,1.3604856152400917,1.1838135125676004,934.5766917901511,426.0,3.0,517413.0,1.0,1216130.0,46529.0,5
2025-12-17 16:49:11.834407,9.588125262779686,1.3969939963217852,1.0779154174278929,639.6880466790622,107.0,2.0,395216.0,1.0,1252048.0,62927.0,0
2025-12-17 16:49:11.933765,9.592856703222184,1.4074299802078674,1.0571613342276185,1062.837623653434,993.0,4.0,441170.0,1.0,958623.0,32557.0,1
2025-12-17 16:49:12.033624,9.598169322604765,1.4174544487049054,1.0319019102948417,1370.4767575608048,2362.0,5.0,374130.0,1.0,540503.0,21668.0,2
2025-12-17 16:49:12.135244,9.604274052098624,1.4266385873840122,1.0089068490654425,1334.9806727687946,2140.0,4.0,467298.0,1.0,456666.0,24701.0,3
2025-12-17 16:49:12.235148,9.610838709633574,1.4362787503222822,0.9834192514953276,1200.9404872277878,1442.0,4.0,539407.0,1.0,748768.0,34218.0,4
2025-12-17 16:49:12.334472,9.6164669932439,1.445551629211054,0.9664839664184656,995.7574220267144,629.0,3.0,462421.0,1.0,1035877.0,40983.0,5
2025-12-17 16:49:12.833523,9.656501920733056,1.4873258339967237,0.850789765918629,727.8756567645793,166.0,2.0,374257.0,1.0,1195724.0,57861.0,0
2025-12-17 16:49:12.933671,9.664040030332224,1.4964192051696583,0.8224370905906107,1203.0717207797115,1616.0,4.0,402642.0,1.0,818751.0,27037.0,1
2025-12-17 16:49:13.034049,9.67189612991439,1.504198992403487,0.8031618502767303,1445.709027532399,2792.0,5.0,348580.0,1.0,482730.0,20250.0,2
2025-12-17 16:49:13.133749,9.6800047078834,1.511929882250656,0.7799906251306634,1412.1998215151655,2562.0,5.0,422752.0,1.0,391091.0,22975.0,3
2025-12-17 16:49:13.233710,9.687390606559864,1.5199584279561176,0.7621226928700863,1225.128715759641,1551.0,4.0,507011.0,1.0,685694.0,33270.0,4
2025-12-17 16:49:13.334089,9.694603472523454,1.5268976471019329,0.7330501971063973,1032.9379927582313,762.0,4.0,455894.0,1.0,949903.0,38352.0,5
2025-12-17 16:49:13.834328,9.725052144066558,1.549934707425015,0.604938268286088,851.0635840038949,269.0,3.0,358875.0,1.0,1116707.0,51536.0,0
2025-12-17 16:49:13.933982,9.733692465215048,1.5555880208994584,0.5843079719144988,1343.3059127242377,2339.0,5.0,346580.0,1.0,716295.0,23335.0,1
2025-12-17 16:49:14.033261,9.742926934822105,1.5622219698899578,0.562820143959061,1458.941015880208,2866.0,5.0,337208.0,1.0,442067.0,20045.0,2
2025-12-17 16:49:14.134421,9.752691767605183,1.5686855133664936,0.5422182622893149,1408.419445867901,2537.0,5.0,413693.0,1.0,356937.0,23076.0,3
2025-12-17 16:49:14.233806,9.762694017409263,1.5744120978052427,0.5143730749594044,1218.3172334498718,1521.0,4.0,512532.0,1.0,670547.0,33542.0,4
2025-12-17 16:49:14.334623,9.764700264542157,1.574537975082066,0.4890695563348237,1054.1187291365516,842.0,4.0,430549.0,1.0,876388.0,37026.0,5
2025-12-17 16:49:14.833587,9.813091854557571,1.5969817478384778,0.3788725656087441,899.2512209413915,357.0,3.0,339154.0,1.0,1036929.0,47612.0,0
2025-12-17 16:49:14.932987,9.82386688044752,1.6014419060538758,0.3568641951632885,1434.5397989091757,2856.0,5.0,329424.0,1.0,620749.0,21522.0,1
2025-12-17 16:49:15.033509,9.834444009894025,1.6058417570458072,0.3324430431542585,1428.1732447574825,2684.0,5.0,330429.0,1.0,417350.0,20602.0,2
2025-12-17 16:49:15.134134,9.84550552953518,1.6089741874578127,0.3074355428113768,1418.638859742324,2596.0,5.0,399520.0,1.0,332899.0,22874.0,3
2025-12-17 16:49:15.233435,9.845486231454712,1.6078703875644704,0.2914571895238169,1219.505663110792,1525.0,4.0,498504.0,1.0,626024.0,33530.0,4
2025-12-17 16:49:15.333619,9.852685266614031,1.6102846720402315,0.2725833329626109,1066.2991876906804,890.0,4.0,431717.0,1.0,831879.0,36294.0,5
2025-12-17 16:49:15.835559,9.907417248111864,1.6237625893658434,0.155211308828734,956.4393673153919,536.0,3.0,320733.0,1.0,928605.0,41951.0,0
2025-12-17 16:49:15.934042,9.918424810428323,1.624940170228717,0.1340592362586783,1434.7741650383373,2859.0,5.0,319541.0,1.0,586041.0,21522.0,1
2025-12-17 16:49:16.034006,9.928854882992065,1.6268935917429,0.1130903963421558,1405.4055314454104,2555.0,5.0,321603.0,1.0,397901.0,21032.0,2
2025-12-17 16:49:16.134065,9.933042028827582,1.6257886153725396,0.0897254556873764,1387.8583214627033,2420.0,5.0,390166.0,1.0,314498.0,23549.0,3
2025-12-17 16:49:16.233318,9.94107591163408,1.6254190201695922,0.0677542697994232,1187.6941406506091,1377.0,4.0,500024.0,1.0,626024.0,34908.0,4
2025-12-17 16:49:16.334907,9.95300976872586,1.6254162882505483,0.0426495296121626,1072.4800602714977,912.0,4.0,420042.0,1.0,794994.0,36000.0,5
2025-12-17 16:49:16.833720,10.009103279680698,1.623993865381042,-0.0693004933081966,1014.6267980747531,739.0,4.0,298931.0,1.0,835548.0,37594.0,0
2025-12-17 16:49:16.933347,10.020594625980008,1.6236757594787283,-0.0929944677292425,1367.008121459015,2464.0,5.0,327756.0,1.0,565007.0,22882.0,1
2025-12-17 16:49:17.035748,10.014200800944586,1.6221973332711812,-0.1098820863119173,1310.638107186605,2037.0,4.0,336182.0,1.0,399115.0,23060.0,2
2025-12-17 16:49:17.134325,10.015338618289116,1.6208383164946731,-0.1282892590113904,1283.0778553909709,1864.0,4.0,420469.0,1.0,330206.0,26172.0,3
2025-12-17 16:49:17.235675,10.027135246848134,1.6198599339640714,-0.1509055831906796,1084.6427749278982,958.0,4.0,411598.0,1.0,760002.0,35360.0,5
2025-12-17 16:49:17.834002,10.0902650799978,1.61121663823453,-0.2690373808519155,1040.8146271071791,840.0,4.0,299640.0,1.0,768798.0,35927.0,0
2025-12-17 16:49:17.934742,10.100055986291334,1.6083786921538603,-0.2854134304060878,1272.2425671886822,1955.0,4.0,349525.0,1.0,577770.0,25131.0,1
2025-12-17 16:49:18.033920,10.110187593196596,1.6066212654091458,-0.3022842458713287,1256.8698540762634,1760.0,4.0,345059.0,1.0,415096.0,24459.0,2
2025-12-17 16:49:18.134900,10.120186478779589,1.6031570466020515,-0.3290307784532285,1213.2974584544509,1518.0,4.0,426200.0,1.0,338351.0,28397.0,3
2025-12-17 16:49:18.234151,10.130032485211744,1.5991571790836598,-0.350045251130223,1149.0712968593105,1201.0,4.0,514967.0,1.0,623487.0,36801.0,4
2025-12-17 16:49:18.333506,10.141270327738564,1.5949676882684862,-0.3708020751916548,1096.8410870281841,1009.0,4.0,412156.0,1.0,725812.0,34708.0,5
2025-12-17 16:49:18.834028,10.18973572547232,1.570108711427097,-0.4855075254485921,1034.0024080689286,810.0,4.0,296613.0,1.0,736453.0,36417.0,0
2025-12-17 16:49:18.933700,10.201298458580435,1.5653759559636482,-0.5050558948434493,1267.4764423700208,1930.0,4.0,337665.0,1.0,562336.0,25276.0,1
2025-12-17 16:49:19.033135,10.210552196491726,1.5601829936606428,-0.5255463399225829,1229.1018431205862,1623.0,4.0,349999.0,1.0,403597.0,25267.0,2
2025-12-17 16:49:19.134617,10.204623374664363,1.5597552327105657,-0.5283309882459795,1173.5168732067812,1334.0,4.0,439382.0,1.0,353092.0,29865.0,3
2025-12-17 16:49:19.234281,10.210508690270231,1.5558626623639895,-0.5484933384910434,1128.2598209585274,1114.0,4.0,527313.0,1.0,642988.0,37888.0,4
2025-12-17 16:49:19.336542,10.219709781671073,1.5497997627138511,-0.5723957373820997,1101.0222753675762,1027.0,4.0,396691.0,1.0,696218.0,34497.0,5
2025-12-17 16:49:19.834312,10.26524535781097,1.5168817481773438,-0.6840047685918502,1052.1902374769068,881.0,4.0,287519.0,1.0,707142.0,35348.0,0
2025-12-17 16:49:19.934501,10.274115095578304,1.5093127826497712,-0.7059904344180488,1296.7107490329226,2081.0,4.0,331437.0,1.0,533958.0,24534.0,1
2025-12-17 16:49:20.034394,10.268993016934084,1.5049270170636089,-0.7141586578351679,1234.3343067230437,1649.0,4.0,344475.0,1.0,401689.0,25122.0,2
2025-12-17 16:49:20.133143,10.272116424933436,1.498046461253053,-0.738174971489067,1182.736026562166,1378.0,4.0,438194.0,1.0,343079.0,29514.0,3
2025-12-17 16:49:20.234730,10.279881113094683,1.489892291193584,-0.7587875569750884,1134.448405189115,1139.0,4.0,508558.0,1.0,615519.0,37594.0,4
2025-12-17 16:49:20.333698,10.288410917526395,1.4820995645148836,-0.7760070348627919,1104.202401544258,1039.0,4.0,398035.0,1.0,666249.0,34369.0,5
2025-12-17 16:49:20.833612,10.32558425224099,1.4387808867910028,-0.8817299426041053,1095.3778821132225,1055.0,4.0,279271.0,1.0,641467.0,33091.0,0
2025-12-17 16:49:20.933773,10.320556285779674,1.431562496178576,-0.8975622245424953,1375.9446977276689,2507.0,5.0,302390.0,1.0,488813.0,22766.0,1
2025-12-17 16:49:21.033429,10.321807638629773,1.4233791115067147,-0.9180138789250444,1270.5662539765328,1828.0,4.0,328645.0,1.0,384269.0,24130.0,2
2025-12-17 16:49:21.133765,10.328966078291836,1.414447030735836,-0.9341552410778762,1250.9556399410585,1696.0,4.0,403597.0,1.0,319109.0,27220.0,3
2025-12-17 16:49:21.233252,10.3366494764015,1.406162292761226,-0.9593886976749176,1135.6366261809844,1144.0,4.0,504103.0,1.0,590222.0,37543.0,4
2025-12-17 16:49:21.335616,10.343019992863235,1.39690213905328,-0.983605785786053,1096.3833879282229,1007.0,4.0,397094.0,1.0,659965.0,34790.0,5
2025-12-17 16:49:21.834418,10.37257768721607,1.34804430840906,-1.10176570749103,1203.5658095403141,1536.0,4.0,253505.0,1.0,561956.0,28667.0,0
2025-12-17 16:49:21.933100,10.371552960913627,1.3369556053063842,-1.1178830891342648,1627.178659298968,4066.0,5.0,262499.0,1.0,421181.0,18657.0,1
2025-12-17 16:49:22.034346,10.36454956835989,1.3245671031771096,-1.1380492708089198,1391.798638176406,2469.0,5.0,309012.0,1.0,344825.0,21391.0,2
2025-12-17 16:49:22.134986,10.369121425224156,1.314428729769384,-1.1651718448038129,1452.1753847865928,2779.0,5.0,364260.0,1.0,272271.0,22323.0,3
2025-12-17 16:49:22.234998,10.373198188782302,1.30399076513633,-1.1878137006055705,1186.8254548955456,1366.0,4.0,473827.0,1.0,567690.0,35098.0,4
2025-12-17 16:49:22.334245,10.378136252737956,1.293836839264669,-1.205530664505989,1094.5637801875023,995.0,4.0,395484.0,1.0,635631.0,34956.0,5
2025-12-17 16:49:22.835409,10.391732461197575,1.2362817622268336,-1.3132254895923812,1331.7537717059806,2178.0,4.0,229417.0,1.0,465089.0,24961.0,0
2025-12-17 16:49:22.933671,10.39000112506764,1.2167220746607663,-1.3251755913244154,1786.412912114469,5062.0,5.0,239088.0,1.0,363890.0,16850.0,1
2025-12-17 16:49:23.033533,10.39359086158446,1.2050444922056809,-1.3316025094289676,1486.0306207199326,3019.0,5.0,290748.0,1.0,314286.0,19709.0,2
2025-12-17 16:49:23.134666,10.396754366937104,1.1936531114025106,-1.3306023287782305,1231.995041948523,1579.0,4.0,446578.0,1.0,516363.0,33192.0,4
2025-12-17 16:49:23.235355,10.40036362729559,1.1818902947091958,-1.3333084146909109,1101.7265566227543,1026.0,4.0,394014.0,1.0,623698.0,34579.0,5
2025-12-17 16:49:23.834003,10.415432457942604,1.1146982292744312,-1.3337842246446516,1352.9412837723842,2293.0,5.0,224273.0,1.0,412156.0,24459.0,0
2025-12-17 16:49:23.934008,10.395810233508564,1.0924520940100892,-1.343748861462169,1640.6471101460927,4152.0,5.0,249252.0,1.0,356213.0,18513.0,1
2025-12-17 16:49:24.033512,10.39537589284433,1.0799094834609733,-1.3439902005469566,1495.2627871431278,3073.0,5.0,284904.0,1.0,303929.0,19576.0,2
2025-12-17 16:49:24.133330,10.398064009910906,1.0685213697778346,-1.3432755361885311,1496.6139750614714,3039.0,5.0,347873.0,1.0,249420.0,21529.0,3
2025-12-17 16:49:24.234771,10.401327106113593,1.05715555628612,-1.3444951941216738,1278.2024112946772,1804.0,4.0,421038.0,1.0,477854.0,31506.0,4
2025-12-17 16:49:24.333911,10.403817805066684,1.0468250112764226,-1.3420898822795233,1094.9249996869798,997.0,4.0,384139.0,1.0,615103.0,34968.0,5
2025-12-17 16:49:24.833672,10.41633833944291,0.9914521879865036,-1.3431333231187883,1320.1289976980734,2115.0,4.0,226716.0,1.0,396959.0,25284.0,0
2025-12-17 16:49:24.935324,10.418958101450112,0.9796437483477068,-1.3475664552729334,1418.4721620064342,2617.0,5.0,292228.0,1.0,297921.0,20919.0,2
2025-12-17 16:49:25.034874,10.421400037637794,0.9689043292902824,-1.3465761107751253,1446.8118431116045,2744.0,5.0,338695.0,1.0,246483.0,22460.0,3
2025-12-17 16:49:25.134080,10.423830787370392,0.9570331119105848,-1.3582319267280831,1304.3719306763003,1933.0,4.0,418481.0,1.0,460858.0,30664.0,4
2025-12-17 16:49:25.234381,10.426210827651122,0.946083013425933,-1.3769673944662006,1119.087660512685,1095.0,4.0,377693.0,1.0,581104.0,33781.0,5
2025-12-17 16:49:25.833694,10.433541304638275,0.8784959223043067,-1.5070846868471648,1546.0918629862886,3527.0,5.0,253763.0,1.0,350117.0,19823.0,1
2025-12-17 16:49:25.933654,10.433955414091322,0.8671728009596951,-1.5372552355225937,1382.7039455791576,2415.0,5.0,284229.0,1.0,295710.0,21624.0,2
2025-12-17 16:49:26.033843,10.433829994966374,0.855486756317319,-1.558197080020968,1419.0310936952403,2582.0,5.0,340649.0,1.0,241120.0,23037.0,3
2025-12-17 16:49:26.134624,10.438478666625244,0.8356423679380498,-1.568603293860218,1287.5605328143492,1849.0,4.0,411877.0,1.0,440126.0,31230.0,4
2025-12-17 16:49:26.234925,10.439532071460365,0.8222013547415639,-1.585930531944524,1134.2683986974048,1161.0,4.0,365742.0,1.0,551218.0,33057.0,5
2025-12-17 16:49:26.833657,10.43829135012858,0.7516602212369587,-1.6076383584016591,1330.5045470405753,2172.0,4.0,220510.0,1.0,375145.0,25029.0,0
2025-12-17 16:49:26.935701,10.438192925366035,0.7399307989649353,-1.6083780224598112,1495.3498639102131,3204.0,5.0,251199.0,1.0,345059.0,20637.0,1
2025-12-17 16:49:27.034377,10.445184109117037,0.7261568633013038,-1.6075549629305643,1409.9595018676782,2567.0,5.0,280978.0,1.0,285386.0,21104.0,2
2025-12-17 16:49:27.133700,10.447356787887813,0.7137896152761636,-1.609051877302449,1441.27248686076,2713.0,5.0,324226.0,1.0,228642.0,22589.0,3
2025-12-17 16:49:27.234950,10.447289011194991,0.703365851954417,-1.608321243283505,1262.7679438189136,1721.0,4.0,399520.0,1.0,435238.0,32141.0,4
2025-12-17 16:49:27.333765,10.446096398751658,0.6921730549314242,-1.6112743317543912,1166.466893063367,1298.0,4.0,355972.0,1.0,521986.0,31698.0,5
2025-12-17 16:49:27.833848,10.44412652739551,0.633449748448581,-1.612766815879795,1329.692358985378,2162.0,4.0,217177.0,1.0,355130.0,25088.0,0
2025-12-17 16:49:27.933699,10.444497061778886,0.6217422116042775,-1.611280653807198,1482.5835143371837,3129.0,5.0,252307.0,1.0,336752.0,20848.0,1
2025-12-17 16:49:28.034399,10.443552585363486,0.6102222659913767,-1.6117665801190055,1427.4701694529426,2629.0,5.0,321929.0,1.0,222158.0,22889.0,3
2025-12-17 16:49:28.135187,10.44333303484136,0.5990517006714118,-1.6125096407226165,1269.9376381281602,1759.0,4.0,405514.0,1.0,435238.0,31881.0,4
2025-12-17 16:49:28.833614,10.439405768556137,0.5197426205295752,-1.6157626671537666,1285.8800911253468,1931.0,4.0,223364.0,1.0,353690.0,26261.0,0
2025-12-17 16:49:28.933982,10.439777129617184,0.5080075276327429,-1.6149909880115074,1371.817699726374,2476.0,5.0,264998.0,1.0,351899.0,22959.0,1
2025-12-17 16:49:29.035770,10.43862193383468,0.4956649321485233,-1.614277521926324,1396.4241678798821,2488.0,5.0,281739.0,1.0,279649.0,21384.0,2
2025-12-17 16:49:29.134091,10.438907376821684,0.4835391073785073,-1.614525522510139,1334.7115264047798,2115.0,4.0,340304.0,1.0,232151.0,25012.0,3
2025-12-17 16:49:29.234907,10.438200444019689,0.4716246479476114,-1.6140483566290704,1270.1449349019704,1758.0,4.0,399385.0,1.0,420184.0,31903.0,4
2025-12-17 16:49:29.334034,10.456049851536813,0.4554686981651787,-1.6153349737861495,1166.8282214887145,1302.0,4.0,353331.0,1.0,511839.0,31677.0,5
2025-12-17 16:49:29.834678,10.473016623909762,0.3942754977754061,-1.613379339681895,1192.068066998667,1471.0,4.0,239250.0,1.0,364753.0,29255.0,0
2025-12-17 16:49:29.935566,10.472676918760168,0.382865286057295,-1.6111598842944868,1240.0521897045573,1779.0,4.0,289962.0,1.0,365247.0,26234.0,1
2025-12-17 16:49:30.033615,10.471917631745642,0.3712040735857451,-1.6131496740565956,1297.6558388495257,1953.0,4.0,292426.0,1.0,289668.0,23589.0,2
2025-12-17 16:49:30.134138,10.472370509728028,0.3593634030913133,-1.6101887988946948,1203.9310135844753,1462.0,4.0,372236.0,1.0,256961.0,28969.0,3
2025-12-17 16:49:30.233358,10.471573262398008,0.3476200510508409,-1.6119258311707274,1245.3331425103686,1633.0,4.0,392550.0,1.0,417067.0,32867.0,4
2025-12-17 16:49:30.334023,10.471680440057735,0.3361410101890509,-1.610429262985649,1155.0088594182803,1245.0,4.0,342615.0,1.0,487492.0,32239.0,5
2025-12-17 16:49:30.834910,10.46955694189873,0.2778043922327606,-1.6081956859501725,1099.255886642289,1064.0,4.0,251029.0,1.0,390034.0,33124.0,0
2025-12-17 16:49:30.933750,10.46854190386718,0.2669992517989552,-1.6099341732803003,1119.2858836776863,1212.0,4.0,313224.0,1.0,386879.0,30478.0,1
2025-12-17 16:49:31.034662,10.46868810490242,0.2555179768452538,-1.6121752977956263,1189.888253231668,1425.0,4.0,310585.0,1.0,304135.0,26727.0,2
2025-12-17 16:49:31.134456,10.468274844549288,0.2440088804097167,-1.6074631246537634,1099.150560242401,1003.0,4.0,405651.0,1.0,281358.0,33451.0,3
2025-12-17 16:49:31.233486,10.468025993841309,0.2322596663533271,-1.6114478944676924,1191.5216662325863,1382.0,4.0,421323.0,1.0,428369.0,35098.0,4
2025-12-17 16:49:31.334120,10.46816526221432,0.2202733433768449,-1.608706272886632,1176.1895168569567,1340.0,4.0,337893.0,1.0,476400.0,31357.0,5
2025-12-17 16:49:31.833744,10.488821725906927,0.1622552549644202,-1.5753782760898725,1021.4434437749518,756.0,4.0,274120.0,1.0,415096.0,37543.0,0
2025-12-17 16:49:31.934526,10.488093536886264,0.1508249864517203,-1.579351243462365,1036.52018448761,870.0,4.0,344592.0,1.0,423468.0,34497.0,1
2025-12-17 16:49:32.033713,10.48852294127804,0.1395948771356643,-1.577131181231764,1105.1202041998977,1055.0,4.0,326207.0,1.0,321820.0,29987.0,2
2025-12-17 16:49:32.135020,10.488314093705624,0.1277599547346675,-1.5763996554501285,1034.3701608916354,750.0,4.0,432155.0,1.0,295911.0,37189.0,3
2025-12-17 16:49:32.234212,10.488129994618507,0.1162679217387019,-1.579865678705991,1127.7103026775615,1100.0,4.0,432009.0,1.0,444618.0,38301.0,4
2025-12-17 16:49:32.333749,10.48856380826828,0.1043131209420593,-1.5761596386071035,1177.3700897561525,1344.0,4.0,338122.0,1.0,465089.0,31336.0,5
2025-12-17 16:49:32.833881,10.487349241425743,0.0467351884982694,-1.57467493295275,977.6312455798462,596.0,3.0,284326.0,1.0,436713.0,40789.0,0
2025-12-17 16:49:32.934883,10.4868213263407,0.0348951634357197,-1.576162352681835,967.7543872016163,616.0,3.0,363890.0,1.0,440275.0,38981.0,1
2025-12-17 16:49:33.034358,10.486768293855686,0.0240987866395876,-1.5731882269337525,1031.3525252491777,762.0,4.0,359848.0,1.0,338580.0,33781.0,2
2025-12-17 16:49:33.133709,10.48636097036348,0.0124966667885972,-1.5741833985431593,984.5893500217492,572.0,3.0,463988.0,1.0,324555.0,40858.0,3
2025-12-17 16:49:33.234309,10.486792496955555,0.0015439498975995,-1.573670917732454,1079.8988205562916,904.0,4.0,464617.0,1.0,475595.0,41219.0,4
2025-12-17 16:49:33.335600,10.48668381631018,-0.0098529176837907,-1.5712222666143922,1177.5510640372431,1343.0,4.0,335160.0,1.0,446729.0,31357.0,5
2025-12-17 16:49:33.833693,10.487062055080536,-0.066941216912336,-1.5743946520112615,938.8189863575147,466.0,3.0,305994.0,1.0,460235.0,44226.0,0
2025-12-17 16:49:33.935100,10.48554588558817,-0.0778104425832415,-1.5856849944967808,921.988557138944,461.0,3.0,385571.0,1.0,471588.0,42870.0,1
2025-12-17 16:49:34.033274,10.485690835759751,-0.0893387953051432,-1.5831211880966147,974.5844448742822,560.0,3.0,371732.0,1.0,360702.0,37569.0,2
2025-12-17 16:49:34.134716,10.485005420300247,-0.1013202464950122,-1.587823443498659,952.8090478992344,468.0,3.0,486667.0,1.0,340304.0,43631.0,3
2025-12-17 16:49:34.233906,10.48522961522816,-0.1134040987904816,-1.586587233441027,1028.0872441852248,708.0,4.0,487492.0,1.0,496651.0,45011.0,4
2025-12-17 16:49:34.333809,10.484949239195654,-0.1254776494185598,-1.586595499296755,1161.7313804277574,1275.0,4.0,339958.0,1.0,447637.0,32011.0,5
2025-12-17 16:49:34.833800,10.485507551497928,-0.1660617880788111,-1.5828304819164298,916.0067825291268,394.0,3.0,315992.0,1.0,479311.0,46608.0,0
2025-12-17 16:49:34.934744,10.485369700161591,-0.1659205783157959,-1.5825888530787602,894.2225929260082,375.0,3.0,401553.0,1.0,493802.0,45717.0,1
2025-12-17 16:49:35.033555,10.485369700161591,-0.1659205783157959,-1.5825888530787602,941.8166814132095,450.0,3.0,393348.0,1.0,373877.0,40336.0,2
2025-12-17 16:49:35.135022,10.485369700161591,-0.1659205783157959,-1.5825888530787602,918.0285919234378,358.0,3.0,508730.0,1.0,361313.0,47387.0,3
2025-12-17 16:49:35.233730,10.485369700161591,-0.1659205783157959,-1.5825888530787602,983.275710603566,548.0,3.0,513400.0,1.0,527491.0,49118.0,4
2025-12-17 16:49:35.334632,10.484879768568234,-0.1667784665357654,-1.58508122239305,1138.9121690110137,1171.0,4.0,339728.0,1.0,454200.0,33080.0,5
2025-12-17 16:49:35.835145,10.482496697316313,-0.228155067095404,-1.584501938329443,890.1948111675254,317.0,3.0,314924.0,1.0,515664.0,49687.0,0
2025-12-17 16:49:35.933845,10.482045418566546,-0.2402748498292988,-1.585479960661969,869.4565015863831,301.0,3.0,422752.0,1.0,517413.0,48688.0,1
2025-12-17 16:49:36.033484,10.482065611802945,-0.2517631737457799,-1.5804612027780427,918.0488362278397,375.0,3.0,404007.0,1.0,389902.0,42667.0,2
2025-12-17 16:49:36.133614,10.48159139349264,-0.262157250154388,-1.566921093468838,902.2477597642958,312.0,3.0,542519.0,1.0,378845.0,49301.0,3
2025-12-17 16:49:36.235059,10.482080168115694,-0.2733955186577512,-1.549570664991206,966.4644607137965,493.0,3.0,535587.0,1.0,537948.0,50878.0,4
2025-12-17 16:49:36.334501,10.48314976281882,-0.2842628201168393,-1.5259443783660056,1121.0927852637897,1097.0,4.0,344475.0,1.0,446427.0,33918.0,5
2025-12-17 16:49:36.834173,10.495269743592004,-0.3407763609240755,-1.4118914741405555,857.3824047287476,270.0,3.0,338351.0,1.0,524998.0,51904.0,0
2025-12-17 16:49:36.933616,10.497540391739276,-0.3519972767596497,-1.390092213591153,806.6905671065772,238.0,3.0,433767.0,1.0,539589.0,51851.0,1
2025-12-17 16:49:37.033511,10.500199488866087,-0.3627655356884309,-1.3710813571263791,899.2810137952571,321.0,3.0,409930.0,1.0,402097.0,44647.0,2
2025-12-17 16:49:37.133336,10.50189055467169,-0.3735333768579902,-1.3453012431913107,865.4671756140104,265.0,3.0,558164.0,1.0,396691.0,51536.0,3
2025-12-17 16:49:37.233909,10.50374119568681,-0.3848205056749831,-1.3224327146846573,976.6527435335328,525.0,3.0,522162.0,1.0,548427.0,49855.0,4
2025-12-17 16:49:37.336166,10.506390028036432,-0.3956986000613396,-1.3005740574346365,1117.2737259458559,1078.0,4.0,351899.0,1.0,454200.0,34160.0,5
2025-12-17 16:49:37.833916,10.5222721532154,-0.4486382533859245,-1.1903526937411348,829.5701325498666,245.0,3.0,339958.0,1.0,551778.0,53275.0,0
2025-12-17 16:49:37.934721,10.526114993135456,-0.4580314098701654,-1.166179784207223,766.9249449416955,204.0,2.0,444467.0,1.0,552152.0,53818.0,1
2025-12-17 16:49:38.033911,10.550174513443563,-0.4571046391026465,-1.1243186844524122,905.513277962569,339.0,3.0,415799.0,1.0,406338.0,43987.0,2
2025-12-17 16:49:38.133916,10.567912852024635,-0.4608556771465704,-1.0891757939429076,819.6867797748747,224.0,3.0,590222.0,1.0,419474.0,53800.0,3
2025-12-17 16:49:38.234597,10.572850343532634,-0.4710507094111804,-1.0687224138368778,984.8413728155233,553.0,3.0,531434.0,1.0,556090.0,49019.0,4
2025-12-17 16:49:38.334255,10.57870882142387,-0.4802769521898833,-1.0456824441668706,1095.4540206595798,989.0,4.0,352973.0,1.0,456048.0,35301.0,5
2025-12-17 16:49:38.834233,10.61045082955766,-0.5283562886784416,-0.9322655516635012,795.7579681544554,215.0,2.0,348109.0,1.0,556279.0,55015.0,0
2025-12-17 16:49:38.934402,10.621274816388006,-0.5428342954602039,-0.9036874553103807,724.1589893911677,170.0,2.0,458835.0,1.0,591021.0,56068.0,1
2025-12-17 16:49:39.033471,10.631266681898072,-0.556145171677489,-0.8788843883545769,891.7453471059899,297.0,3.0,431132.0,1.0,429967.0,45640.0,2
2025-12-17 16:49:39.134094,10.63860973264632,-0.5636699109574854,-0.8531498213216424,785.9062957060395,196.0,2.0,592223.0,1.0,427934.0,55558.0,3
2025-12-17 16:49:39.233592,10.644893476267145,-0.5721035527039877,-0.8297655977734486,970.0296829677008,502.0,3.0,542336.0,1.0,576598.0,50620.0,4
2025-12-17 16:49:39.334258,10.65233799710689,-0.5798307706819026,-0.8070857873746493,1053.6346611181048,824.0,4.0,372362.0,1.0,472386.0,37747.0,5
2025-12-17 16:49:39.834204,10.6941942626571,-0.6152502709585823,-0.6918398228972311,749.9457387885205,179.0,2.0,357542.0,1.0,571159.0,57451.0,0
2025-12-17 16:49:39.932974,10.703121155871411,-0.617910622208699,-0.6609162073815473,707.3927742025207,158.0,2.0,475112.0,1.0,609301.0,56986.0,1
2025-12-17 16:49:40.033543,10.706812560534258,-0.6191951827983964,-0.6525208410784519,846.9775351211158,253.0,3.0,444618.0,1.0,427934.0,47677.0,2
2025-12-17 16:49:40.134110,10.707611165185794,-0.6196222283762145,-0.65327693925995,759.1257760819522,175.0,2.0,594834.0,1.0,450068.0,56986.0,3
2025-12-17 16:49:40.233485,10.707611165185794,-0.6196222283762145,-0.65327693925995,956.2181623925139,458.0,3.0,568844.0,1.0,591822.0,52133.0,4
2025-12-17 16:49:40.333543,10.707611165185794,-0.6196222283762145,-0.65327693925995,1036.8151718771692,758.0,4.0,377565.0,1.0,491800.0,38902.0,5
2025-12-17 16:49:40.833614,10.707143036205055,-0.6255405200348934,-0.6419840582294521,738.1334040802052,170.0,2.0,350236.0,1.0,590421.0,58116.0,0
2025-12-17 16:49:40.933538,10.718614685118236,-0.6344378664058539,-0.6355648573402827,657.6270253791878,124.0,2.0,483384.0,1.0,625389.0,59751.0,1
2025-12-17 16:49:41.034525,10.73059023912648,-0.6428318893021929,-0.621160078395541,799.2099344121235,212.0,2.0,456666.0,1.0,442216.0,49838.0,2
2025-12-17 16:49:41.134660,10.741536933162449,-0.6495960758035562,-0.6021692714925112,745.3453736585104,164.0,2.0,613232.0,1.0,463517.0,57783.0,3
2025-12-17 16:49:41.233813,10.751358292691268,-0.6562326580086735,-0.5798467524330284,923.4067238146505,355.0,3.0,585051.0,1.0,616979.0,56353.0,4
2025-12-17 16:49:41.333496,10.76024802996236,-0.6628578696896268,-0.554779082145927,1028.9958033036978,729.0,4.0,380516.0,1.0,487987.0,39458.0,5
2025-12-17 16:49:41.834672,10.807897432794558,-0.6887361109562615,-0.4466559906853681,712.3213788268688,151.0,2.0,363644.0,1.0,601922.0,59570.0,0
2025-12-17 16:49:41.935212,10.818695808978823,-0.6934106449436195,-0.4254174971838134,652.861536428093,120.0,2.0,485023.0,1.0,649990.0,60056.0,1
2025-12-17 16:49:42.034599,10.829096816899064,-0.6990624371843746,-0.4007021296233601,762.442122891592,182.0,2.0,456666.0,1.0,459146.0,51624.0,2
2025-12-17 16:49:42.135086,10.839525894259353,-0.703634712923713,-0.3756978414504329,722.5649440199376,148.0,2.0,623276.0,1.0,483712.0,59008.0,3
2025-12-17 16:49:42.233079,10.849600826433411,-0.7081803542344174,-0.3538149592766612,905.595085050218,302.0,3.0,594029.0,1.0,627509.0,59048.0,4
2025-12-17 16:49:42.333837,10.859582337867334,-0.7111815342944077,-0.3304617176118453,1002.1765048185144,630.0,3.0,398845.0,1.0,510110.0,41513.0,5
2025-12-17 16:49:42.834484,10.879975794807516,-0.7022229805098261,-0.1963585356740675,707.5091196045374,148.0,2.0,365866.0,1.0,620539.0,59832.0,0
2025-12-17 16:49:42.933984,10.890610725887704,-0.7049310752259341,-0.1731094533280744,624.0953680632729,103.0,2.0,497998.0,1.0,664672.0,61683.0,1
2025-12-17 16:49:43.034666,10.902010463523958,-0.7072231392039505,-0.1518313091782981,751.6743097458614,173.0,2.0,467773.0,1.0,468406.0,52168.0,2
2025-12-17 16:49:43.135045,10.91261528346145,-0.7089685112068755,-0.1330495479168929,697.784411885669,132.0,2.0,656623.0,1.0,505127.0,60423.0,3
2025-12-17 16:49:43.234817,10.92321114731972,-0.710978630075747,-0.1052919517526593,880.7839122567825,274.0,3.0,614063.0,1.0,669413.0,60627.0,4
2025-12-17 16:49:43.334301,10.932820886013715,-0.7121749226775727,-0.0772295393547094,977.3572285520406,545.0,3.0,407716.0,1.0,526421.0,43616.0,5
2025-12-17 16:49:43.833861,10.974363485638529,-0.7042206225704444,0.041075991976585,675.6967786996114,126.0,2.0,367355.0,1.0,647136.0,61662.0,0
2025-12-17 16:49:43.935373,10.985825893335926,-0.7028214016527334,0.0593783500996356,717.8834280598828,149.0,2.0,487492.0,1.0,480286.0,53891.0,2
2025-12-17 16:49:44.034035,10.996761871377378,-0.7013408057589121,0.0830829577967466,675.9817193918907,117.0,2.0,645168.0,1.0,508558.0,61746.0,3
2025-12-17 16:49:44.135255,11.007625964887453,-0.6996177375150241,0.1099947462737347,829.9536444544475,227.0,3.0,644077.0,1.0,691989.0,63634.0,4
2025-12-17 16:49:44.233567,11.019194216302324,-0.6987347273980244,0.1307165046709019,963.5196718872863,500.0,3.0,433767.0,1.0,541236.0,44859.0,5
2025-12-17 16:49:44.833666,11.070031315293267,-0.6711334358434184,0.2904524572351437,603.5401199669924,90.0,2.0,507355.0,1.0,694100.0,62970.0,1
2025-12-17 16:49:44.934355,11.077156172156617,-0.6692483737036259,0.3135371606576678,702.115363008293,138.0,2.0,492467.0,1.0,494638.0,54718.0,2
2025-12-17 16:49:45.033361,11.077221746000054,-0.6686825402885717,0.3152548264609446,672.2010483287671,115.0,2.0,668055.0,1.0,531793.0,61955.0,3
2025-12-17 16:49:45.135494,11.077312799448633,-0.6685035013873453,0.3159926501214674,802.1421891001203,204.0,2.0,654848.0,1.0,724340.0,65314.0,4
2025-12-17 16:49:45.234490,11.077312799448633,-0.6685035013873453,0.3159926501214674,930.7004785345342,396.0,3.0,434796.0,1.0,570387.0,48294.0,5
2025-12-17 16:49:45.833397,11.053352066781269,-0.6539911072942859,0.3703875444088881,679.0722437306534,128.0,2.0,375272.0,1.0,656179.0,61495.0,0
2025-12-17 16:49:45.933453,11.065474673676531,-0.6478481328562102,0.3929892261133897,579.7976011464402,77.0,2.0,508558.0,1.0,709299.0,64414.0,1
2025-12-17 16:49:46.035235,11.07748305130878,-0.64160019935278,0.4208596929978127,653.3709557477075,106.0,2.0,495308.0,1.0,511493.0,57335.0,2
2025-12-17 16:49:46.133320,11.088648198799454,-0.6364905638475831,0.4438930117122674,768.330278896272,177.0,2.0,684072.0,1.0,742208.0,67448.0,4
2025-12-17 16:49:46.235357,11.099077428039234,-0.6309656152127836,0.4644896390121399,915.8812750659469,349.0,3.0,454507.0,1.0,580121.0,50143.0,5
2025-12-17 16:49:46.834628,11.154657932669444,-0.5957564253393182,0.6118687672789485,666.260250962579,120.0,2.0,374130.0,1.0,661307.0,62270.0,0
2025-12-17 16:49:46.935118,11.164461101327433,-0.5887739814863169,0.6315279617546856,585.0321100882733,80.0,2.0,526243.0,1.0,727288.0,64131.0,1
2025-12-17 16:49:47.034745,11.174221263374807,-0.582177686685907,0.645355438021203,671.6030132825636,118.0,2.0,485680.0,1.0,514967.0,56315.0,2
2025-12-17 16:49:47.133504,11.183027217133429,-0.5757427043588557,0.6703528679570065,651.6619811289529,101.0,2.0,679457.0,1.0,544543.0,63226.0,3
2025-12-17 16:49:47.233527,11.175273003152258,-0.5620679000810265,0.7052231770223851,892.0615844115043,290.0,3.0,469994.0,1.0,609095.0,52826.0,5
2025-12-17 16:49:47.833273,11.206370208660068,-0.5110767703664347,0.8493746751592187,638.4477726055627,102.0,2.0,380644.0,1.0,680608.0,63936.0,0
2025-12-17 16:49:47.933773,11.213641386130664,-0.5013187239538057,0.8718757182970969,566.2659143315144,69.0,2.0,526421.0,1.0,737950.0,65314.0,1
2025-12-17 16:49:48.034352,11.220590782268316,-0.4920093171333528,0.8965807648165408,642.8596964231884,96.0,2.0,678767.0,1.0,558542.0,63742.0,3
2025-12-17 16:49:48.133907,11.208933298012942,-0.4740894769891106,0.9257742483556328,762.7073887340732,172.0,2.0,676703.0,1.0,763870.0,67860.0,4
2025-12-17 16:49:48.235030,11.192971826662722,-0.4554324944805863,0.9542083437432056,877.2424958299039,275.0,3.0,473667.0,1.0,623487.0,53600.0,5
2025-12-17 16:49:48.833448,11.228129982548577,-0.3993116737628774,1.0861464737252071,633.6355815459481,99.0,2.0,377821.0,1.0,688718.0,64262.0,0
2025-12-17 16:49:48.935108,11.233598532349214,-0.3892570496245504,1.1086296882061,565.5003460140334,69.0,2.0,535224.0,1.0,766979.0,65336.0,1
2025-12-17 16:49:49.035093,11.238384902884782,-0.3698201637692806,1.1313272771777982,648.0674366757602,103.0,2.0,504786.0,1.0,517938.0,57626.0,2
2025-12-17 16:49:49.133986,11.24160949731806,-0.3461410567653731,1.1577786781863126,644.1010406453672,97.0,2.0,692926.0,1.0,575039.0,63655.0,3
2025-12-17 16:49:49.233678,11.246127620290716,-0.3368490985970043,1.177143881065092,732.9146951213628,151.0,2.0,703799.0,1.0,793919.0,69817.0,4
2025-12-17 16:49:49.333958,11.250353358140602,-0.3267060465044418,1.2007628211448405,837.4410060921787,238.0,3.0,501041.0,1.0,651091.0,55652.0,5
2025-12-17 16:49:49.833798,11.260463744660669,-0.2957372595126539,1.2705612673232682,637.8234233471475,102.0,2.0,381547.0,1.0,700709.0,63979.0,0
2025-12-17 16:49:49.937364,11.260463744660669,-0.2957372595126548,1.2705612673232682,548.7349933202743,60.0,1.0,537402.0,1.0,785633.0,66406.0,1
2025-12-17 16:49:50.034521,11.25902542914213,-0.2938615900944628,1.271042104426844,637.2994751725697,96.0,2.0,511666.0,1.0,532334.0,58214.0,2
2025-12-17 16:49:50.135406,11.245805972708824,-0.2768117614928087,1.2754339442720042,625.3208291667975,86.0,2.0,690118.0,1.0,592423.0,64851.0,3
2025-12-17 16:49:50.233775,11.246805103230376,-0.2734409089526348,1.2815600329064163,715.1032130000931,139.0,2.0,716295.0,1.0,796071.0,70985.0,4
2025-12-17 16:49:50.334185,11.251694165228209,-0.265076217918474,1.3027731499605597,800.6216870140447,207.0,2.0,503250.0,1.0,667377.0,57626.0,5
2025-12-17 16:49:50.835287,11.261699551429388,-0.2014814697713376,1.4320128182247809,621.0114790253015,92.0,2.0,383230.0,1.0,709059.0,65027.0,0
2025-12-17 16:49:50.935398,11.2628788255555,-0.1900246546793162,1.4413830956704228,533.9686521755336,52.0,1.0,528206.0,1.0,797960.0,67425.0,1
2025-12-17 16:49:51.034275,11.26524589422342,-0.1800229499248855,1.449503334240542,638.5315893572225,97.0,2.0,521633.0,1.0,546759.0,58155.0,2
2025-12-17 16:49:51.134783,11.267011190150855,-0.1694440737919382,1.449998647437988,611.5401692969939,78.0,2.0,710741.0,1.0,609714.0,65713.0,3
2025-12-17 16:49:51.233119,11.26803433028547,-0.1582057045949358,1.45071578342417,693.2915889386289,124.0,2.0,736204.0,1.0,843789.0,72515.0,4
2025-12-17 16:49:51.833210,11.254855890171733,-0.0743120191857151,1.473013204369115,610.1988650939558,85.0,2.0,385833.0,1.0,733716.0,65735.0,0
2025-12-17 16:49:51.934869,11.255544631927616,-0.0624561225266813,1.4710248386596825,547.2026474599878,59.0,1.0,543990.0,1.0,813228.0,66564.0,1
2025-12-17 16:49:52.034744,11.257116936533428,-0.0514450953912177,1.4719913352599856,612.7638695443541,82.0,2.0,520046.0,1.0,559299.0,59610.0,2
2025-12-17 16:49:52.133530,11.257828720319283,-0.0398211623698401,1.4722263173774794,607.759371156766,76.0,2.0,712668.0,1.0,620539.0,65958.0,3
2025-12-17 16:49:52.233812,11.258684635648676,-0.0282819965929785,1.475218495838296,666.4802191631175,107.0,2.0,743465.0,1.0,846363.0,74379.0,4
2025-12-17 16:49:52.335062,11.260235251301085,-0.0166646452848802,1.4744656912823646,780.9831252684613,191.0,2.0,509764.0,1.0,674873.0,58709.0,5
2025-12-17 16:49:52.834149,11.265960811441438,0.0408017352756449,1.4742435581272717,609.386817495266,85.0,2.0,388453.0,1.0,740953.0,65802.0,0
2025-12-17 16:49:52.934649,11.266619276065557,0.0520006703922266,1.4744895535667746,537.4367150872541,54.0,1.0,558542.0,1.0,842362.0,67198.0,1
2025-12-17 16:49:53.033693,11.268472720701723,0.0633491279283955,1.4759623071118602,601.9957968311114,76.0,2.0,531793.0,1.0,557976.0,60239.0,2
2025-12-17 16:49:53.134958,11.269108510696952,0.0751251426194024,1.476442881786918,603.9791614340111,74.0,2.0,708819.0,1.0,631130.0,66204.0,3
2025-12-17 16:49:53.234143,11.270159058169355,0.0861891291250476,1.4764538502293556,644.6687811507528,94.0,2.0,745986.0,1.0,874018.0,75931.0,4
2025-12-17 16:49:53.334670,11.27194367416449,0.0979088483039767,1.475486770638207,769.163694374219,182.0,2.0,523224.0,1.0,701896.0,59368.0,5
2025-12-17 16:49:53.834241,11.276787584103326,0.1541918719070167,1.4715002299089657,597.5746108502368,78.0,2.0,384139.0,1.0,746238.0,66541.0,0
2025-12-17 16:49:53.934848,11.2744360524222,0.170007891745584,1.4782674388972363,539.6708808104376,55.0,1.0,559488.0,1.0,846936.0,67084.0,1
2025-12-17 16:49:54.033652,11.263976803829449,0.1959157324892935,1.492704621698976,596.2279586108805,73.0,2.0,535224.0,1.0,574261.0,60607.0,2
2025-12-17 16:49:54.133881,11.264119315849912,0.2079572165069176,1.4931946154507032,569.1984019217111,56.0,1.0,750036.0,1.0,652856.0,68460.0,3
2025-12-17 16:49:54.236013,11.26553781252513,0.2188451303077219,1.4931986585871686,662.8576332392638,105.0,2.0,761547.0,1.0,902577.0,74631.0,4
2025-12-17 16:49:54.334113,11.266396199693087,0.2299932393083867,1.4932085087983495,734.3442336743902,156.0,2.0,528027.0,1.0,731484.0,61391.0,5
2025-12-17 16:49:54.833493,11.271149273794208,0.2850810914391601,1.4907581227046238,580.7622464733008,69.0,2.0,388979.0,1.0,765164.0,67631.0,0
2025-12-17 16:49:54.935157,11.270677491360887,0.2856351566554096,1.4895274236996967,525.9050722867255,48.0,1.0,557221.0,1.0,879062.0,67998.0,1
2025-12-17 16:49:55.034560,11.270705607790893,0.2853941273352767,1.4892802015429984,591.4603407212121,70.0,2.0,537948.0,1.0,587829.0,60895.0,2
2025-12-17 16:49:55.133809,11.270705607790893,0.2853941273352767,1.4892802015429984,581.4178629836598,62.0,1.0,723605.0,1.0,672138.0,67700.0,3
2025-12-17 16:49:55.234257,11.270705607790893,0.2853941273352767,1.4892802015429984,648.045801828246,96.0,2.0,768798.0,1.0,909323.0,75725.0,4
2025-12-17 16:49:55.333980,11.270705607790893,0.2853941273352767,1.4892802015429984,700.5248495658863,132.0,2.0,545096.0,1.0,744724.0,63397.0,5
2025-12-17 16:49:55.833400,11.277095010081975,0.3053081409233815,1.491541634660084,574.9500050896969,66.0,2.0,387665.0,1.0,776118.0,68044.0,0
2025-12-17 16:49:55.933845,11.277905242616123,0.3201654164043468,1.4956899328090458,534.1388842558981,52.0,1.0,554774.0,1.0,867535.0,67494.0,1
2025-12-17 16:49:56.033343,11.27776902511422,0.3353056799708014,1.495448317974116,589.6922294675339,69.0,2.0,544359.0,1.0,589224.0,60998.0,2
2025-12-17 16:49:56.134454,11.27808702046525,0.3495676574243305,1.4944541408225582,589.6374814105202,66.0,2.0,725321.0,1.0,684072.0,67198.0,3
2025-12-17 16:49:56.233388,11.279304296210512,0.3611128143407516,1.4937108682885891,650.2341376163682,97.0,2.0,769840.0,1.0,960897.0,75597.0,4
2025-12-17 16:49:56.333329,11.279727002498037,0.3727309612274894,1.4927314963432998,688.7053718859055,125.0,2.0,536675.0,1.0,762837.0,64131.0,5
2025-12-17 16:49:56.834170,11.285413546900603,0.426393793199443,1.4902669607822931,594.1379257568498,76.0,2.0,391621.0,1.0,784570.0,66812.0,0
2025-12-17 16:49:56.933624,11.286110690790784,0.4385882401762533,1.490256979223331,527.3729516490454,48.0,1.0,574844.0,1.0,898919.0,67975.0,1
2025-12-17 16:49:57.032869,11.286987627537597,0.4511369389178998,1.4895375505306587,578.9242907171306,63.0,1.0,550473.0,1.0,608271.0,61662.0,2
2025-12-17 16:49:57.133904,11.287946567720809,0.4628330811368197,1.4875435310623364,568.8568375625277,55.0,1.0,740953.0,1.0,701896.0,68530.0,3
2025-12-17 16:49:57.234825,11.265441647724115,0.4749184785198768,1.500847151810687,629.4229080845549,85.0,2.0,785367.0,1.0,966115.0,77096.0,4
2025-12-17 16:49:57.334210,11.251688425977363,0.4859123413043349,1.508700492237368,678.8861709462769,118.0,2.0,559299.0,1.0,771143.0,64720.0,5
2025-12-17 16:49:57.835194,11.254801524286338,0.5441530818224702,1.510429735423506,578.3258941191267,67.0,2.0,401689.0,1.0,800394.0,67860.0,0
2025-12-17 16:49:57.933502,11.255739972566827,0.5556976286685433,1.509185156863207,518.6070422199869,44.0,1.0,567690.0,1.0,919536.0,68530.0,1
2025-12-17 16:49:58.034493,11.255950434400331,0.5674843513027081,1.5074589860685146,606.1568390621122,78.0,2.0,533235.0,1.0,600701.0,60076.0,2
2025-12-17 16:49:58.134051,11.25697232973217,0.578302790353904,1.5081987126351537,577.0763466899097,59.0,1.0,744220.0,1.0,707620.0,68044.0,3
2025-12-17 16:49:58.234016,11.257683267946195,0.5904422005528982,1.5079538840880375,633.6112551826528,87.0,2.0,774282.0,1.0,967424.0,76809.0,4
2025-12-17 16:49:58.334486,11.258252898294913,0.6016863938711445,1.50821232853623,671.0668607194988,113.0,2.0,560436.0,1.0,806922.0,65226.0,5
2025-12-17 16:49:58.833490,11.261845968896449,0.6586527837378604,1.505748906265269,569.5133502282587,62.0,1.0,394682.0,1.0,826267.0,68437.0,0
2025-12-17 16:49:58.934380,11.263205551354297,0.6703395562015686,1.5007961072481186,515.8413669100618,43.0,1.0,575818.0,1.0,936813.0,68785.0,1
2025-12-17 16:49:59.033623,11.263232103495678,0.6816678741671875,1.5037811439528497,619.3888083718747,85.0,2.0,544543.0,1.0,609095.0,59308.0,2
2025-12-17 16:49:59.134165,11.264893083114492,0.6936711106362043,1.5037619216060856,597.2958485745552,70.0,2.0,752579.0,1.0,717265.0,66722.0,3
2025-12-17 16:49:59.233541,11.26537013393392,0.7049228607031139,1.5007879639182118,633.7996652396153,87.0,2.0,783243.0,1.0,988273.0,76809.0,4
2025-12-17 16:49:59.333963,11.266716026950766,0.7159829890400644,1.5017731841180235,665.2474061614273,110.0,2.0,559299.0,1.0,816537.0,65558.0,5
2025-12-17 16:49:59.833439,11.253411419634624,0.781551023328058,1.5168767151733236,567.7011167312501,62.0,1.0,395886.0,1.0,825988.0,68553.0,0
2025-12-17 16:49:59.934149,11.245731332816652,0.7948626217529977,1.5227877301331056,518.0754319620178,44.0,1.0,563479.0,1.0,953769.0,68646.0,1
2025-12-17 16:50:00.035328,11.240684776917991,0.8067267222907066,1.5303555432094986,660.6213755227315,109.0,2.0,525175.0,1.0,612609.0,57063.0,2
2025-12-17 16:50:00.134185,11.241380791776562,0.8179357118591497,1.528605872682004,660.5153298283753,105.0,2.0,712909.0,1.0,698814.0,62799.0,3
2025-12-17 16:50:00.234725,11.241735888555093,0.8294703203478431,1.527927825567036,718.9883880174045,140.0,2.0,742962.0,1.0,965461.0,70817.0,4
2025-12-17 16:50:00.333883,11.242847055778851,0.841112724666198,1.5291629305467205,678.4280316268389,117.0,2.0,573678.0,1.0,831598.0,64786.0,5
2025-12-17 16:50:00.833831,11.245164317678007,0.8994136430435162,1.5296202120386992,558.8889664190448,57.0,1.0,403324.0,1.0,833853.0,69159.0,0
2025-12-17 16:50:00.935141,11.24506154861238,0.910650533659366,1.529130205123178,568.3097833416739,69.0,2.0,564052.0,1.0,947014.0,65403.0,1
2025-12-17 16:50:01.033902,11.246355237882357,0.9212615062328258,1.5311132607554494,798.8532157452518,207.0,2.0,508042.0,1.0,587829.0,50024.0,2
2025-12-17 16:50:01.133981,11.247198986679784,0.9323955763457388,1.528177932013446,724.734761919378,147.0,2.0,693396.0,1.0,688019.0,59068.0,3
2025-12-17 16:50:01.233664,11.247479851859037,0.943554632180888,1.5311386561224405,781.1766876136047,185.0,2.0,722871.0,1.0,969062.0,66744.0,4
2025-12-17 16:50:01.334105,11.248152074241563,0.9559935177124944,1.5321149277041883,689.6087116455053,125.0,2.0,557409.0,1.0,857319.0,64066.0,5
2025-12-17 16:50:01.833770,11.249841104196015,1.0139407226149917,1.5309066599150902,559.0767310442754,57.0,1.0,398710.0,1.0,856448.0,69182.0,0
2025-12-17 16:50:01.934571,11.249758166158916,1.0260409563353985,1.530435855514093,988.0623252367637,582.0,3.0,449459.0,1.0,533055.0,37089.0,2
2025-12-17 16:50:02.033779,11.2506619131567,1.0379246210812525,1.5301760081702436,919.932246762906,347.0,3.0,631985.0,1.0,616770.0,47774.0,3
2025-12-17 16:50:02.133793,11.250679732758286,1.0499735884857042,1.5296916174292363,928.3463615648951,358.0,3.0,662875.0,1.0,866654.0,56163.0,4
2025-12-17 16:50:02.233445,11.251431975064923,1.0612980997369643,1.5301795108423244,750.7711683481048,167.0,2.0,529280.0,1.0,826547.0,60464.0,5
2025-12-17 16:50:02.833134,11.252299280922674,1.1224105705310965,1.520719230050503,559.2643876982604,57.0,1.0,399655.0,1.0,850383.0,69182.0,0
2025-12-17 16:50:02.933074,11.252783356836964,1.133980905769013,1.521716072722383,604.7775376843765,89.0,2.0,562336.0,1.0,938400.0,63183.0,1
2025-12-17 16:50:03.032954,11.2535290985629,1.145992566513712,1.5185068374005362,1184.3173382444452,1368.0,4.0,380001.0,1.0,449003.0,27183.0,2
2025-12-17 16:50:03.134462,11.254026698941102,1.157086151733839,1.5190283520149148,1044.1738212163154,762.0,4.0,532514.0,1.0,513400.0,36988.0,3
2025-12-17 16:50:03.235061,11.25533661159902,1.1685459957353768,1.515791748046113,1025.5539501360772,680.0,4.0,560436.0,1.0,730742.0,45702.0,4
2025-12-17 16:50:03.334125,11.255453224424455,1.170615963573848,1.514806120864512,908.9699950915134,319.0,3.0,469517.0,1.0,731980.0,51449.0,5
2025-12-17 16:50:03.833563,11.25544312606873,1.170424640355085,1.5148096719645023,665.988359388761,126.0,2.0,546389.0,1.0,932069.0,59570.0,1
2025-12-17 16:50:03.933971,11.25546900910176,1.1726180974447011,1.512340645489264,1396.5265285315693,2445.0,5.0,336638.0,1.0,368600.0,21595.0,2
2025-12-17 16:50:04.035167,11.257359015005118,1.1816568199738224,1.5084137350706688,1191.3715051253594,1371.0,4.0,478015.0,1.0,423468.0,29744.0,3
2025-12-17 16:50:04.134006,11.258615777876692,1.195452490627286,1.5146082315720777,1165.723400903848,1236.0,4.0,489144.0,1.0,614063.0,36726.0,4
2025-12-17 16:50:04.235120,11.259196597222244,1.2103199169228045,1.5163345722672048,1019.1327507531748,677.0,4.0,410902.0,1.0,632841.0,40528.0,5
2025-12-17 16:50:04.832888,11.264170315951755,1.2795343633076328,1.4330934350847986,576.6398936644879,66.0,2.0,395886.0,1.0,878764.0,67998.0,0
2025-12-17 16:50:04.934282,11.265286814165826,1.2910137846870473,1.4164529333464757,825.2460587672413,249.0,3.0,499010.0,1.0,882639.0,51258.0,1
2025-12-17 16:50:05.035331,11.266686565391057,1.302387004505297,1.3903725961968003,1505.7822327132071,3077.0,5.0,315031.0,1.0,334706.0,19662.0,2
2025-12-17 16:50:05.133699,11.26976893833351,1.3134621785983818,1.3685738300971937,1306.6126074840338,1927.0,4.0,424903.0,1.0,357905.0,26031.0,3
2025-12-17 16:50:05.234421,11.272208668730634,1.324710184479038,1.3486386867019515,1244.9308286848764,1601.0,4.0,450220.0,1.0,537221.0,33237.0,4
2025-12-17 16:50:05.333727,11.27345707234856,1.3362292509371745,1.3290299523177702,1045.3312030300365,772.0,4.0,406889.0,1.0,597255.0,38705.0,5
2025-12-17 16:50:05.834727,11.2868350495773,1.3795571131734476,1.234258076484781,576.8280150642697,66.0,2.0,398305.0,1.0,881743.0,68044.0,0
2025-12-17 16:50:05.933930,11.291049641709574,1.3903832314475189,1.2122754057515233,953.480095490782,540.0,3.0,432155.0,1.0,803923.0,40762.0,1
2025-12-17 16:50:06.033588,11.295264619360054,1.400999472002228,1.1913735577248976,1480.0139993374257,2923.0,5.0,308281.0,1.0,321059.0,20093.0,2
2025-12-17 16:50:06.135809,11.299588709553896,1.4121060121556024,1.1675918001902836,1356.8325474445005,2191.0,4.0,405514.0,1.0,324885.0,24734.0,3
2025-12-17 16:50:06.234366,11.304433865967676,1.4232045793982255,1.1418428251936223,1237.1193179116683,1561.0,4.0,453432.0,1.0,519342.0,33587.0,4
2025-12-17 16:50:06.334428,11.309826577123305,1.433154801038846,1.116695643018909,1036.5119695752228,742.0,4.0,407164.0,1.0,607242.0,39272.0,5
2025-12-17 16:50:06.833931,11.31818114304367,1.4859497981281002,1.0163482052318489,630.015641674082,95.0,2.0,388716.0,1.0,861390.0,64632.0,0
2025-12-17 16:50:06.933693,11.315164940534912,1.4983274020857245,1.003188817883097,1087.7141591380232,1041.0,4.0,387403.0,1.0,693865.0,32338.0,1
2025-12-17 16:50:07.034619,11.321171626894898,1.5070678535121598,0.981037027479112,1402.246410004827,2469.0,5.0,305890.0,1.0,314286.0,21537.0,2
2025-12-17 16:50:07.133094,11.328229453983944,1.5160624222349544,0.9514022179341932,1361.0514284290969,2210.0,5.0,397094.0,1.0,308803.0,24659.0,3
2025-12-17 16:50:07.233100,11.33508184588182,1.5243824938988926,0.9321267078942396,1203.3075788654517,1402.0,4.0,456048.0,1.0,510110.0,35039.0,4
2025-12-17 16:50:07.333651,11.34190785669735,1.534272858219408,0.9133044710817534,1015.6924691346126,666.0,4.0,425335.0,1.0,614686.0,40803.0,5
2025-12-17 16:50:07.833199,11.33085509852828,1.5716033034796215,0.7879066546817178,711.2032803015632,147.0,2.0,365742.0,1.0,843503.0,59812.0,0
2025-12-17 16:50:07.934983,11.338852760087429,1.5788857987238494,0.7624357048231588,1190.948580285181,1496.0,4.0,359848.0,1.0,614686.0,28157.0,1
2025-12-17 16:50:08.033855,11.346830420108011,1.5867225141715622,0.7404361723633096,1357.2491246288453,2190.0,4.0,382582.0,1.0,296211.0,24759.0,3
2025-12-17 16:50:08.133730,11.354755015597874,1.595094107493292,0.7218907481412253,1158.4773472550387,1203.0,4.0,460390.0,1.0,525709.0,37177.0,4
2025-12-17 16:50:08.233722,11.363263368195854,1.602587327837579,0.6968157877686878,989.8550578849911,573.0,3.0,433180.0,1.0,615519.0,42957.0,5
2025-12-17 16:50:08.833220,11.3476196788091,1.588757275982017,0.6718096743174242,846.3910603244324,255.0,3.0,349171.0,1.0,778486.0,52647.0,0
2025-12-17 16:50:08.934342,11.35364123360714,1.5916578552587597,0.6497155188406875,1271.1825493482925,1888.0,4.0,338580.0,1.0,575039.0,25698.0,1
2025-12-17 16:50:09.035189,11.363031582035587,1.5975268096115265,0.6261590679770824,1368.7108849400522,2280.0,5.0,301471.0,1.0,308594.0,22255.0,2
2025-12-17 16:50:09.133684,11.37412630532044,1.6063463752546685,0.6009840202029032,1185.665838178327,1320.0,4.0,440126.0,1.0,498166.0,35891.0,4
2025-12-17 16:50:09.234663,11.385823115285406,1.6160777490449585,0.5792396364796153,1007.0358677837575,631.0,3.0,414113.0,1.0,604986.0,41584.0,5
2025-12-17 16:50:09.833010,11.442479396832644,1.6507922093376963,0.447718246853625,925.5787969710271,404.0,3.0,324335.0,1.0,723360.0,46231.0,0
2025-12-17 16:50:09.934014,11.453136299769344,1.655533563450513,0.4197782247933809,1295.4165916906923,2011.0,4.0,335273.0,1.0,538859.0,25071.0,1
2025-12-17 16:50:10.034013,11.473762218279171,1.6579733209718874,0.3941979028211617,1391.9427832053973,2407.0,5.0,301063.0,1.0,299032.0,21778.0,2
2025-12-17 16:50:10.134212,11.50000381660152,1.659435504210915,0.3670995509185524,1368.71010439708,2248.0,5.0,382970.0,1.0,283173.0,24509.0,3
2025-12-17 16:50:10.234845,11.51127781806355,1.6640028871067525,0.3483454268718632,1185.8734065800527,1322.0,4.0,445371.0,1.0,488813.0,35891.0,4
2025-12-17 16:50:10.334383,11.522013608860268,1.6687228740592452,0.3260936714073999,1027.2345211128463,702.0,4.0,420896.0,1.0,584061.0,40091.0,5
2025-12-17 16:50:10.834113,11.575944063106544,1.6838777531258042,0.207031310868127,970.7667801676145,550.0,3.0,305580.0,1.0,660859.0,41909.0,0
2025-12-17 16:50:10.933271,11.588176596680212,1.6845342982953913,0.1858359357204966,1347.650536873652,2289.0,5.0,316849.0,1.0,503080.0,23806.0,1
2025-12-17 16:50:11.033912,11.601736891104618,1.684067409037043,0.1624653394416312,1395.1749310548885,2424.0,5.0,293318.0,1.0,294512.0,21727.0,2
2025-12-17 16:50:11.134132,11.613226162925,1.6846023622454744,0.1397014416599169,1354.9295637032137,2176.0,4.0,373877.0,1.0,277857.0,24843.0,3
2025-12-17 16:50:11.235237,11.624126494048578,1.6855643725688283,0.1140079966598058,1195.0619800661634,1363.0,4.0,443716.0,1.0,478501.0,35480.0,4
2025-12-17 16:50:11.334340,11.634944325511183,1.6870121385436434,0.0918392190376785,1050.4151532619348,789.0,4.0,396288.0,1.0,560626.0,38469.0,5
2025-12-17 16:50:11.833667,11.695937171431368,1.6891513537548375,-0.0152783495006125,1029.9544724990546,759.0,4.0,298931.0,1.0,603146.0,37518.0,0
2025-12-17 16:50:11.933612,11.72475273241901,1.6857821163880526,-0.0305173929298751,1360.884735841752,2358.0,5.0,304135.0,1.0,473026.0,23534.0,1
2025-12-17 16:50:12.033815,11.73691355594455,1.6849404264218624,-0.0515057413499417,1312.4070798330647,1979.0,4.0,310374.0,1.0,295111.0,23589.0,2
2025-12-17 16:50:12.134237,11.747923764970828,1.6844379916907215,-0.070899208830925,1268.1490636125673,1726.0,4.0,385833.0,1.0,284711.0,27266.0,3
2025-12-17 16:50:12.235241,11.759353521976,1.683794058949042,-0.0915638216250764,1172.2504804144314,1262.0,4.0,453125.0,1.0,480936.0,36565.0,4
2025-12-17 16:50:12.333681,11.770314328674097,1.6822685941552642,-0.1164960193159081,1061.5956741368345,829.0,4.0,385571.0,1.0,549356.0,37811.0,5
2025-12-17 16:50:12.834207,11.85336015175048,1.6707154099336314,-0.2103475449865122,1066.142349977709,896.0,4.0,281644.0,1.0,568844.0,35360.0,0
2025-12-17 16:50:12.934763,11.866877332456834,1.66862489751062,-0.2306679085638148,1411.1191244463507,2638.0,5.0,294612.0,1.0,444919.0,22490.0,1
2025-12-17 16:50:13.033683,11.877886108531277,1.6665007061563006,-0.2477381362270518,1253.6392204852457,1681.0,4.0,318138.0,1.0,304753.0,25182.0,2
2025-12-17 16:50:13.134141,11.88864956663416,1.6631495360642743,-0.2751449656278475,1273.3685194070713,1753.0,4.0,386094.0,1.0,283365.0,27110.0,3
2025-12-17 16:50:13.233298,11.898489469104018,1.6590356495947898,-0.299060622597078,1158.4386137539896,1200.0,4.0,440871.0,1.0,482567.0,37290.0,4
2025-12-17 16:50:13.834046,11.95980141169901,1.6411493422912304,-0.4167151280013799,1129.3300958253317,1154.0,4.0,271443.0,1.0,518991.0,32196.0,0
2025-12-17 16:50:13.934516,11.967592155126098,1.63883255361465,-0.4322993681988223,1512.3531857524003,3243.0,5.0,274213.0,1.0,401961.0,20672.0,1
2025-12-17 16:50:14.034041,11.977709294425406,1.6338381757382514,-0.4616003251972309,1356.871474901363,2214.0,5.0,296613.0,1.0,285676.0,22566.0,2
2025-12-17 16:50:14.133669,11.986732641420836,1.6285123488669324,-0.4827902060134947,1356.5878926782743,2178.0,4.0,355009.0,1.0,257832.0,24868.0,3
2025-12-17 16:50:14.235903,11.997248698369448,1.624054602067725,-0.5023401098244187,1232.6276043897021,1536.0,4.0,409514.0,1.0,439531.0,33918.0,4
2025-12-17 16:50:14.333653,12.006630284323304,1.6183652300443343,-0.5254305619156745,1071.9569489121268,869.0,4.0,390827.0,1.0,537584.0,37189.0,5
2025-12-17 16:50:14.833621,12.039682917449824,1.5951339844702268,-0.6229185052407998,1173.5177921000695,1349.0,4.0,256787.0,1.0,470631.0,30344.0,0
2025-12-17 16:50:14.934844,12.04813329305233,1.588552166102632,-0.6449276693831302,1548.5873816769517,3471.0,5.0,265717.0,1.0,375526.0,20106.0,1
2025-12-17 16:50:15.034711,12.0570198093784,1.5815984111470431,-0.6605070806119046,1343.1038017549256,2138.0,4.0,294014.0,1.0,280313.0,22897.0,2
2025-12-17 16:50:15.133900,12.06686237323938,1.5748937211558864,-0.6816396107471505,1365.8074202417129,2226.0,5.0,355731.0,1.0,252051.0,24659.0,3
2025-12-17 16:50:15.233922,12.075407416409504,1.566919717339747,-0.7044615730429301,1234.8157305662758,1545.0,4.0,403051.0,1.0,419048.0,33850.0,4
2025-12-17 16:50:15.333728,12.083986259098529,1.559876285703444,-0.7297914436445717,1070.1376023767252,862.0,4.0,386617.0,1.0,537221.0,37303.0,5
2025-12-17 16:50:15.833945,12.129736555704836,1.523946649420644,-0.8187310703433381,1210.7056290190908,1519.0,4.0,251199.0,1.0,446427.0,28989.0,0
2025-12-17 16:50:15.934075,12.137492571577152,1.5154756065418375,-0.8368007111159481,1503.821320772814,3186.0,5.0,267431.0,1.0,369850.0,20841.0,1
2025-12-17 16:50:16.033658,12.145140810633894,1.5072568759069291,-0.8669533149772054,1313.3357285773404,1979.0,4.0,298021.0,1.0,284615.0,23629.0,2
2025-12-17 16:50:16.133781,12.151529694274496,1.498356015549586,-0.8897623367421147,1363.026870988249,2214.0,5.0,345994.0,1.0,244903.0,24726.0,3
2025-12-17 16:50:16.233499,12.158990330142592,1.4899140609545398,-0.9135537467164004,1240.004150425217,1568.0,4.0,407164.0,1.0,422752.0,33667.0,4
2025-12-17 16:50:16.334570,12.166142784906755,1.4809435383989786,-0.9326262301342712,1080.31839439214,899.0,4.0,383749.0,1.0,515315.0,36751.0,5
2025-12-17 16:50:16.834752,12.212875317965976,1.4661594769199129,-0.9896533859076762,1201.8935566339585,1477.0,4.0,247822.0,1.0,416080.0,29325.0,0
2025-12-17 16:50:16.933708,12.212748702049463,1.4661857046425446,-0.9891784164321435,1547.0553539845678,3455.0,5.0,247654.0,1.0,341342.0,20161.0,1
2025-12-17 16:50:17.038377,12.212748702049463,1.4661857046425446,-0.9891784164321435,1377.5689954924917,2322.0,5.0,288689.0,1.0,268065.0,22165.0,2
2025-12-17 16:50:17.134257,12.212748702049463,1.4661857046425446,-0.9891784164321435,1436.2464523235192,2616.0,5.0,327867.0,1.0,230039.0,23115.0,3
2025-12-17 16:50:17.232986,12.214075793759882,1.4636409780280228,-1.0005468615894786,1263.1925533191948,1676.0,4.0,390562.0,1.0,400468.0,32812.0,4
2025-12-17 16:50:17.333634,12.217737461391952,1.453893435028098,-1.0242999830677162,1091.498865229783,943.0,4.0,373877.0,1.0,504615.0,36122.0,5
2025-12-17 16:50:17.833585,12.26945821233969,1.3914776495526766,-1.1393477928840985,1211.0811135788451,1522.0,4.0,242840.0,1.0,408821.0,28999.0,0
2025-12-17 16:50:17.935201,12.27319409037372,1.3813408396839222,-1.157652723040624,1729.2898226579098,4686.0,5.0,228952.0,1.0,303005.0,17764.0,1
2025-12-17 16:50:18.034980,12.27787778892812,1.3711042150772563,-1.176675895743303,1543.8003781053822,3295.0,5.0,264013.0,1.0,244572.0,19215.0,2
2025-12-17 16:50:18.134251,12.280776511010984,1.3613100404105936,-1.199233625313265,1624.465927870941,3770.0,5.0,290159.0,1.0,197341.0,19890.0,3
2025-12-17 16:50:18.233631,12.284326431449044,1.3511615553481278,-1.2279035121705622,1115.6614406128078,1041.0,4.0,370351.0,1.0,482894.0,34838.0,5
2025-12-17 16:50:18.834466,12.303922779411444,1.2844470610110346,-1.3652471543828222,1218.2690550891427,1554.0,4.0,242922.0,1.0,391091.0,28774.0,0
2025-12-17 16:50:18.934954,12.306779328017733,1.273644520836994,-1.3895377431808884,1876.5238839639594,5294.0,5.0,207337.0,1.0,277575.0,16273.0,1
2025-12-17 16:50:19.034729,12.314738369117627,1.256025277252652,-1.4115940836868672,1660.0324911291784,4047.0,5.0,241937.0,1.0,221858.0,17650.0,2
2025-12-17 16:50:19.134841,12.318033263351714,1.243601497524894,-1.4380027846117436,1745.6855342265737,4599.0,5.0,266437.0,1.0,174644.0,18313.0,3
2025-12-17 16:50:19.235121,12.319190717010358,1.232330344505014,-1.4533160145407784,1328.5699549543679,2004.0,4.0,362292.0,1.0,374257.0,30571.0,4
2025-12-17 16:50:19.334295,12.32134945724738,1.2211314802280064,-1.4728612740658018,1119.8602644659777,1060.0,4.0,356816.0,1.0,478825.0,34614.0,5
2025-12-17 16:50:19.833594,12.325987506537906,1.1652517580823964,-1.5925942534297524,1192.456667427973,1431.0,4.0,244820.0,1.0,386094.0,29724.0,0
2025-12-17 16:50:19.935510,12.335256069622089,1.1461927060172297,-1.6089266742868238,1889.7581332676734,5330.0,5.0,200980.0,1.0,256179.0,16169.0,1
2025-12-17 16:50:20.034841,12.338740901182028,1.1330642956466193,-1.6208243004817513,1780.2646884311562,4882.0,5.0,225415.0,1.0,198010.0,16323.0,2
2025-12-17 16:50:20.134201,12.337238540260296,1.1218344447625306,-1.6294690615194958,1729.9048706256635,4487.0,5.0,259407.0,1.0,167920.0,18513.0,3
2025-12-17 16:50:20.235972,12.337365484112247,1.1097874054665589,-1.6354091230756598,1413.7586149617923,2462.0,5.0,335046.0,1.0,345877.0,28148.0,4
2025-12-17 16:50:20.335894,12.336770835214809,1.0975486133511847,-1.6334156159747473,1149.0411932258094,1181.0,4.0,341573.0,1.0,450830.0,33248.0,5
2025-12-17 16:50:20.833928,12.32872328681412,1.0272391740779074,-1.6284913901760047,1328.6445062247549,2107.0,4.0,221258.0,1.0,337665.0,25516.0,0
2025-12-17 16:50:20.934180,12.32589689896668,1.0083891809074608,-1.628790961712201,1735.473489134841,4563.0,5.0,225720.0,1.0,193767.0,16799.0,2
2025-12-17 16:50:21.033308,12.32513823587513,0.9960923546026504,-1.6285487479006304,1845.1022038106782,5114.0,5.0,237315.0,1.0,153359.0,17243.0,3
2025-12-17 16:50:21.133760,12.324718661688523,0.984006380348001,-1.6300361869104816,1482.9278476355325,2863.0,5.0,312588.0,1.0,321168.0,26475.0,4
2025-12-17 16:50:21.233944,12.32405512152511,0.9720144800181084,-1.6293015942741285,1175.2034169029162,1293.0,4.0,337551.0,1.0,437897.0,32131.0,5
2025-12-17 16:50:21.833999,12.319269105756806,0.904784145417322,-1.6303002146887475,1270.8322956364282,1809.0,4.0,231445.0,1.0,336182.0,27138.0,0
2025-12-17 16:50:21.935291,12.319107912611408,0.893238221163088,-1.6295440246734096,1846.2263202625347,5201.0,5.0,201457.0,1.0,247486.0,16579.0,1
2025-12-17 16:50:22.034314,12.317825524337811,0.8816449599627099,-1.6278544003011166,1627.7289086744665,3825.0,5.0,225339.0,1.0,192655.0,18092.0,2
2025-12-17 16:50:22.135784,12.317545225807944,0.8703332709758484,-1.6323205467993087,1674.3441717861056,4099.0,5.0,248241.0,1.0,156506.0,19241.0,3
2025-12-17 16:50:22.233692,12.315773399297896,0.8599404241184168,-1.6288938140186155,1523.1351843712569,3101.0,5.0,299944.0,1.0,298425.0,25629.0,4
2025-12-17 16:50:22.334153,12.315243104404589,0.8477190318591727,-1.6308793981239318,1208.4021585649243,1447.0,4.0,319758.0,1.0,417350.0,30779.0,5
2025-12-17 16:50:22.834799,12.31277062951808,0.7882928076660214,-1.633312651335445,1550.4369122960493,3473.0,5.0,218726.0,1.0,262854.0,20161.0,1
2025-12-17 16:50:22.933707,12.311785326527009,0.7772462204176982,-1.632300197529894,1462.9377219154012,2800.0,5.0,238927.0,1.0,203651.0,20589.0,2
2025-12-17 16:50:23.034667,12.310796147682703,0.7658251198536625,-1.6327993377593413,1433.5414558083028,2595.0,5.0,278516.0,1.0,175355.0,23249.0,3
2025-12-17 16:50:23.134295,12.310108423172425,0.754840518250278,-1.6337620242569384,1475.304947671355,2815.0,5.0,301981.0,1.0,287519.0,26682.0,4
2025-12-17 16:50:23.233781,12.308524189414602,0.7437948012410622,-1.631044066774141,1236.5646672918197,1578.0,4.0,310374.0,1.0,388453.0,29764.0,5
2025-12-17 16:50:23.834147,12.295662906567374,0.6764633791903076,-1.621936959732777,1164.2078755864309,1299.0,4.0,245817.0,1.0,352853.0,30904.0,0
2025-12-17 16:50:23.934744,12.294941111853618,0.6647338421195723,-1.6162304067097726,1333.6944304663202,2193.0,4.0,249420.0,1.0,282886.0,24344.0,1
2025-12-17 16:50:24.034363,12.294907858258595,0.6524744193406278,-1.6189784995311292,1298.193262648445,1890.0,4.0,255660.0,1.0,216663.0,24147.0,2
2025-12-17 16:50:24.134082,12.2942086320036,0.6410295092654863,-1.6162320512447703,1262.7827519650484,1689.0,4.0,307759.0,1.0,192329.0,27638.0,3
2025-12-17 16:50:24.235354,12.2939046673266,0.6288020573663395,-1.6160512643961045,1391.5124968461218,2339.0,5.0,313967.0,1.0,298021.0,28784.0,4
2025-12-17 16:50:24.334958,12.293757677802684,0.6175972938923451,-1.6154958915054471,1268.763583813267,1730.0,4.0,299944.0,1.0,368226.0,28716.0,5
2025-12-17 16:50:24.833554,12.291957009055796,0.5592789224265484,-1.6153176027495344,1078.3955403147872,936.0,4.0,265896.0,1.0,378204.0,34968.0,0
2025-12-17 16:50:24.934083,12.290907316657307,0.5471733316842453,-1.6130813621319493,1163.9283948470488,1356.0,4.0,276543.0,1.0,303313.0,29454.0,1
2025-12-17 16:50:25.033596,12.291078431182289,0.5356280865916734,-1.6155637230577715,1170.425255871851,1283.0,4.0,282599.0,1.0,236433.0,28119.0,2
2025-12-17 16:50:25.134047,12.290178130228716,0.5237495041308833,-1.613094758281188,1138.002221147641,1118.0,4.0,342615.0,1.0,216663.0,32436.0,3
2025-12-17 16:50:25.235202,12.290052457243714,0.5120860575266732,-1.6155681133778157,1300.7009677884532,1854.0,4.0,327645.0,1.0,315778.0,31613.0,4
2025-12-17 16:50:25.333908,12.28920433089342,0.5004448393599787,-1.6138493854987124,1334.9440340579595,2070.0,4.0,277105.0,1.0,338122.0,26745.0,5
2025-12-17 16:50:25.835111,12.286891188032898,0.4424147507714124,-1.6141279746623771,1021.5836087617147,717.0,4.0,278139.0,1.0,399655.0,38496.0,0
2025-12-17 16:50:25.933667,12.286763403928576,0.4309901279194896,-1.6200729805615584,1063.1624165869653,923.0,4.0,302083.0,1.0,328200.0,34057.0,1
2025-12-17 16:50:26.033438,12.285677547411163,0.4196125353926785,-1.618331276220564,1093.6573904875784,958.0,4.0,302595.0,1.0,250435.0,31399.0,2
2025-12-17 16:50:26.133552,12.285332767168928,0.4079786662275051,-1.6168535542072553,1060.221589370876,803.0,4.0,372614.0,1.0,235076.0,36640.0,3
2025-12-17 16:50:26.234591,12.288231048245066,0.3992202420302799,-1.613247234613644,1234.8893522094709,1536.0,4.0,346111.0,1.0,325545.0,34068.0,4
2025-12-17 16:50:26.335931,12.296610834916969,0.3919925699232429,-1.602487901330619,1363.1250394091157,2216.0,5.0,273009.0,1.0,321276.0,26031.0,5
2025-12-17 16:50:26.835092,12.294736991727737,0.3330488680235177,-1.59976740506104,967.7713812735408,531.0,3.0,296412.0,1.0,429385.0,42667.0,0
2025-12-17 16:50:26.933559,12.294400775944736,0.3218928181396006,-1.6022967984225585,998.3965104355743,679.0,4.0,326870.0,1.0,352376.0,38016.0,1
2025-12-17 16:50:27.033806,12.293634940615256,0.3105224963779776,-1.5990965545334184,1016.8896472254086,665.0,4.0,326207.0,1.0,266167.0,35782.0,2
2025-12-17 16:50:27.135155,12.293572023329226,0.2984653966611059,-1.6040205870339754,1003.4414180565725,599.0,3.0,404692.0,1.0,250097.0,40610.0,3
2025-12-17 16:50:27.233620,12.292953789953463,0.2871112799320769,-1.6027576205071816,1166.0776687706345,1221.0,4.0,370978.0,1.0,350236.0,37240.0,4
2025-12-17 16:50:27.335300,12.29244911317204,0.2752440844920745,-1.600060842615019,1373.3055653419333,2273.0,5.0,263745.0,1.0,310059.0,25777.0,5
2025-12-17 16:50:27.835044,12.290904391562677,0.2172925150218994,-1.6000122807973711,937.9591483398605,432.0,3.0,307447.0,1.0,441469.0,45594.0,0
2025-12-17 16:50:27.933529,12.290398388522746,0.2064579012400624,-1.5980273451205704,943.6306225454761,490.0,3.0,338466.0,1.0,372740.0,42422.0,1
2025-12-17 16:50:28.034419,12.289882840075403,0.1945885331868044,-1.5990337515301665,964.638785699455,468.0,3.0,425479.0,1.0,270801.0,44032.0,3
2025-12-17 16:50:28.134617,12.290024080848593,0.1835140079363864,-1.6034642101819694,1110.2475063395727,983.0,4.0,389770.0,1.0,358997.0,40418.0,4
2025-12-17 16:50:28.235201,12.289268752956485,0.1720677437627777,-1.6024699431217655,1334.4681233835258,2064.0,4.0,265357.0,1.0,302390.0,26809.0,5
2025-12-17 16:50:28.834783,12.288555028115915,0.1028999218498984,-1.602999167113332,907.1468754098752,338.0,3.0,319217.0,1.0,461639.0,49068.0,0
2025-12-17 16:50:28.933855,12.2877347196072,0.0917806699187249,-1.598547932733393,913.8648180017893,394.0,3.0,364877.0,1.0,394949.0,45424.0,1
2025-12-17 16:50:29.034682,12.287246959077017,0.0794537991045025,-1.599790459023394,985.354193205051,552.0,3.0,340880.0,1.0,278045.0,38132.0,2
2025-12-17 16:50:29.134085,12.299073298642057,0.0727727732561902,-1.5879901287741591,937.8801369448935,384.0,3.0,446881.0,1.0,285579.0,46845.0,3
2025-12-17 16:50:29.235069,12.304459703955189,0.0627436130840077,-1.5833660900112705,1070.4549410950858,826.0,4.0,408545.0,1.0,386617.0,43088.0,4
2025-12-17 16:50:29.334345,12.304731487896255,0.0509783934643817,-1.585589596307844,1290.6666726640228,1838.0,4.0,280597.0,1.0,306719.0,28091.0,5
2025-12-17 16:50:29.833513,12.304972360135457,0.0243727819621142,-1.5863525096017232,897.3344130138256,308.0,3.0,332111.0,1.0,479311.0,50381.0,0
2025-12-17 16:50:29.933882,12.304880016725884,0.0244680440322557,-1.5858651636750256,890.0989434564817,324.0,3.0,379487.0,1.0,416644.0,48131.0,1
2025-12-17 16:50:30.033625,12.304880016725884,0.0244680440322557,-1.5858651636750256,950.5861190987806,438.0,3.0,345643.0,1.0,295310.0,41080.0,2
2025-12-17 16:50:30.133532,12.30492269735556,0.0241333272026729,-1.5856172707584049,915.0994924384705,316.0,3.0,471907.0,1.0,303108.0,49586.0,3
2025-12-17 16:50:30.233455,12.303197940975892,0.0171360550586605,-1.5911402271794228,1047.6431364510104,741.0,4.0,421894.0,1.0,400197.0,44813.0,4
2025-12-17 16:50:30.333972,12.30183207563332,0.0061811716828952,-1.5925087107166451,1246.8472452019387,1619.0,4.0,286839.0,1.0,317708.0,29554.0,5
2025-12-17 16:50:30.833761,12.302112708516962,-0.0588686711854435,-1.5910181341122551,863.5222356618649,267.0,3.0,330653.0,1.0,496315.0,52416.0,0
2025-12-17 16:50:30.933514,12.30095151673003,-0.0693270601644826,-1.591518603769139,866.3329764341164,282.0,3.0,393082.0,1.0,435238.0,50024.0,1
2025-12-17 16:50:31.034740,12.301178783226632,-0.0810311469593401,-1.5924843946484284,933.8185492685711,387.0,3.0,363398.0,1.0,301879.0,42696.0,2
2025-12-17 16:50:31.133680,12.30090636557178,-0.0915859140538941,-1.5902250224751735,895.3190017853293,283.0,3.0,477046.0,1.0,313967.0,51120.0,3
2025-12-17 16:50:31.234813,12.30015744525096,-0.1033073918764735,-1.5904749353451575,1014.8318920277292,620.0,3.0,438045.0,1.0,406338.0,47677.0,4
2025-12-17 16:50:31.334612,12.300654631500478,-0.1148607256267215,-1.582771375925292,1208.0280007280903,1434.0,4.0,293120.0,1.0,323239.0,30998.0,5
2025-12-17 16:50:31.833855,12.302776992190958,-0.171445631328357,-1.4784219748570928,828.7100293923879,235.0,3.0,343311.0,1.0,518114.0,54147.0,0
2025-12-17 16:50:31.936029,12.303127600803602,-0.1836757531828325,-1.4576013261890723,814.5676843772128,234.0,3.0,407716.0,1.0,454046.0,52523.0,1
2025-12-17 16:50:32.033540,12.30513726563506,-0.1944446687132384,-1.4375046219123533,908.050441961805,308.0,3.0,376035.0,1.0,313012.0,45640.0,2
2025-12-17 16:50:32.133703,12.305936791673464,-0.2054615614699511,-1.4098341536410228,1010.0013324280222,604.0,3.0,459923.0,1.0,427934.0,48098.0,4
2025-12-17 16:50:32.234572,12.307149861604636,-0.2164109788076444,-1.3842676532820757,1164.1905694274378,1239.0,4.0,293020.0,1.0,332448.0,32812.0,5
2025-12-17 16:50:32.834107,12.327212788279963,-0.2710584202815873,-1.2412314001858458,812.8978527915315,222.0,3.0,350710.0,1.0,518815.0,54959.0,0
2025-12-17 16:50:32.933670,12.331348164463671,-0.2813739853484396,-1.2160957185705046,785.8012512236527,208.0,2.0,425911.0,1.0,469358.0,54019.0,1
2025-12-17 16:50:33.034481,12.334593846984202,-0.2915752269555316,-1.1967801493401125,908.2828317337894,308.0,3.0,378845.0,1.0,320950.0,45609.0,2
2025-12-17 16:50:33.133853,12.338361118886256,-0.3025068038726051,-1.1766455981249848,873.7579934833927,262.0,3.0,503591.0,1.0,329201.0,52186.0,3
2025-12-17 16:50:33.234137,12.343386060548662,-0.3126669663927366,-1.15539632582673,1007.2087637905428,595.0,3.0,452512.0,1.0,434502.0,48359.0,4
2025-12-17 16:50:33.333061,12.348059274296656,-0.3234994307694681,-1.1316915992548604,1149.389000388789,1174.0,4.0,309954.0,1.0,334027.0,33508.0,5
2025-12-17 16:50:33.833200,12.350279323083384,-0.373399665138038,-1.007458107670866,783.0854585581989,197.0,2.0,342383.0,1.0,544912.0,56544.0,0
2025-12-17 16:50:33.933979,12.356771129712328,-0.3837880981731132,-0.9878988142529892,756.0354426999407,185.0,2.0,431717.0,1.0,491634.0,55539.0,1
2025-12-17 16:50:34.034551,12.364061187645778,-0.393171009497955,-0.9706576119822184,876.5150192845728,269.0,3.0,394014.0,1.0,335841.0,47355.0,2
2025-12-17 16:50:34.134646,12.371581586441549,-0.4020581477946852,-0.9456040245606936,841.977644392829,232.0,3.0,517062.0,1.0,343079.0,53818.0,3
2025-12-17 16:50:34.233122,12.377688787663072,-0.4104257681029537,-0.9262440992291172,1007.3970720577244,594.0,3.0,464145.0,1.0,441618.0,48392.0,4
2025-12-17 16:50:34.334195,12.373033495668338,-0.416864925857487,-0.8956567251565312,1113.5698451510598,1022.0,4.0,317600.0,1.0,346932.0,35312.0,5
2025-12-17 16:50:34.833445,12.40844216900972,-0.4591614218091102,-0.7769037893274793,746.2732806429099,168.0,2.0,356334.0,1.0,554587.0,58570.0,0
2025-12-17 16:50:34.934064,12.415898122889818,-0.467290580766484,-0.752262754251143,721.2695817335429,159.0,2.0,436122.0,1.0,505983.0,57432.0,1
2025-12-17 16:50:35.034002,12.42419754154955,-0.4757177460138351,-0.7299936193538805,856.7470631213221,251.0,3.0,401282.0,1.0,343660.0,48229.0,2
2025-12-17 16:50:35.133066,12.432418389048866,-0.4833476596714181,-0.7082414165408957,810.1967744836663,206.0,2.0,524643.0,1.0,357663.0,55426.0,3
2025-12-17 16:50:35.235228,12.438521695714837,-0.486774242800065,-0.6933356111817348,990.5859686321396,535.0,3.0,473186.0,1.0,463047.0,50126.0,4
2025-12-17 16:50:35.333666,12.446356150333166,-0.4823884779804501,-0.6839322090782155,1086.7503895091486,914.0,4.0,330765.0,1.0,362415.0,36814.0,5
2025-12-17 16:50:35.835020,12.455064226592585,-0.4820215787345674,-0.6608913457504775,718.4613524698067,148.0,2.0,360336.0,1.0,576403.0,60117.0,0
2025-12-17 16:50:35.933779,12.462644988353382,-0.4890499293166446,-0.6460574310679752,688.5036341430655,136.0,2.0,454046.0,1.0,532514.0,59228.0,1
2025-12-17 16:50:36.033517,12.472549891447493,-0.4964223796798297,-0.6105773450312861,817.9791218170345,217.0,2.0,416644.0,1.0,355611.0,50024.0,2
2025-12-17 16:50:36.133815,12.48432837477861,-0.5036018012609329,-0.5803761907108267,779.4164157361206,181.0,2.0,545650.0,1.0,373751.0,57102.0,3
2025-12-17 16:50:36.234544,12.495028945094043,-0.5104159796674779,-0.5645338871742998,971.7743392926867,474.0,3.0,495811.0,1.0,482240.0,52133.0,4
2025-12-17 16:50:36.834747,12.564554018268218,-0.5282683565157136,-0.4165411606631773,712.6490772865085,144.0,2.0,366114.0,1.0,585645.0,60484.0,0
2025-12-17 16:50:36.934015,12.574078891159605,-0.5323604874937509,-0.3896818232566282,668.7378085286568,123.0,2.0,471747.0,1.0,548613.0,60382.0,1
2025-12-17 16:50:37.033320,12.584018033591883,-0.5343447352772284,-0.3621879004853235,784.211247378081,189.0,2.0,427211.0,1.0,364753.0,51676.0,2
2025-12-17 16:50:37.134129,12.594434745950432,-0.5385579714710591,-0.3349526405072254,740.6359615161389,152.0,2.0,550845.0,1.0,386355.0,59228.0,3
2025-12-17 16:50:37.233629,12.605076246231151,-0.5426594408248278,-0.3125057890163425,944.9626664098276,390.0,3.0,511666.0,1.0,509247.0,55426.0,4
2025-12-17 16:50:37.334125,12.616912510802203,-0.5471999274065151,-0.2932146142113581,1059.1117522560803,804.0,4.0,342267.0,1.0,376289.0,38574.0,5
2025-12-17 16:50:37.833944,12.690494675011085,-0.5455323860439858,-0.1637031877821816,700.8367025818881,136.0,2.0,370978.0,1.0,597053.0,61143.0,0
2025-12-17 16:50:37.934077,12.704343955482436,-0.5446757433628697,-0.1263280964664956,634.9719421775188,102.0,2.0,476884.0,1.0,568459.0,62355.0,1
2025-12-17 16:50:38.035496,12.714340482621788,-0.54638669689934,-0.1038490111674528,754.4439238816195,166.0,2.0,438045.0,1.0,373119.0,53166.0,2
2025-12-17 16:50:38.135089,12.726695273116658,-0.5474679479088884,-0.0881820449405247,736.8556490782115,149.0,2.0,567883.0,1.0,402642.0,59469.0,3
2025-12-17 16:50:38.233765,12.739203566073789,-0.5479176675760211,-0.0679928401666093,919.1511916400422,311.0,3.0,539589.0,1.0,523933.0,59188.0,4
2025-12-17 16:50:38.335010,12.7517955867774,-0.5475791652483384,-0.0444433434517426,1023.2925520390113,672.0,4.0,345994.0,1.0,383359.0,41108.0,5
2025-12-17 16:50:38.834181,12.7572758109456,-0.5363698567005066,0.0688023924448405,680.0245231643905,122.0,2.0,371229.0,1.0,612402.0,62418.0,0
2025-12-17 16:50:38.934379,12.76870095006295,-0.5360767934609107,0.0885658607439016,624.2061320149729,95.0,2.0,476884.0,1.0,584061.0,63034.0,1
2025-12-17 16:50:39.033549,12.779484845840765,-0.5349494635783145,0.1113189598774191,731.6756431428933,150.0,2.0,445823.0,1.0,386617.0,54294.0,2
2025-12-17 16:50:39.134752,12.790442719153614,-0.5352603757329586,0.1375070837366345,702.0750519787912,126.0,2.0,586835.0,1.0,420184.0,61433.0,3
2025-12-17 16:50:39.234727,12.80130833793812,-0.5341025410155016,0.1595417641376806,872.3398725709216,255.0,3.0,565198.0,1.0,538130.0,62439.0,4
2025-12-17 16:50:39.333725,12.812900648285137,-0.5322996825290733,0.1775068172977346,1008.4729598333233,617.0,3.0,358390.0,1.0,400197.0,42322.0,5
2025-12-17 16:50:39.834421,12.83565727309627,-0.5151844254214115,0.2709068026873177,655.212344310221,107.0,2.0,381935.0,1.0,627296.0,63871.0,0
2025-12-17 16:50:39.933942,12.83578996706123,-0.5148108940114611,0.2701584834279463,695.8846885551268,126.0,2.0,442666.0,1.0,389638.0,56182.0,2
2025-12-17 16:50:40.033923,12.83578996706123,-0.5148108940114611,0.2701584834279463,695.2723992103253,121.0,2.0,588626.0,1.0,427211.0,61871.0,3
2025-12-17 16:50:40.135090,12.83578996706123,-0.5148108940114611,0.2701584834279463,848.509590631117,235.0,3.0,570387.0,1.0,575039.0,63806.0,4
2025-12-17 16:50:40.235215,12.840687284016523,-0.5153648567673308,0.2863397638459571,978.6358049117435,517.0,3.0,381031.0,1.0,422180.0,44905.0,5
2025-12-17 16:50:40.833489,12.908727686463257,-0.4772118789191157,0.436185588734535,663.3999453824865,111.0,2.0,377054.0,1.0,644950.0,63397.0,0
2025-12-17 16:50:40.934892,12.918220795529775,-0.4726020590470217,0.4544542553480609,602.6744903850399,83.0,2.0,490305.0,1.0,606831.0,64327.0,1
2025-12-17 16:50:41.033427,12.927023904501183,-0.4668300286256226,0.4806699638845653,672.1399574155795,110.0,2.0,462108.0,1.0,399250.0,57509.0,2
2025-12-17 16:50:41.135711,12.93616342875558,-0.4627270580948419,0.5039080308163537,685.5142161856699,115.0,2.0,619280.0,1.0,445974.0,62460.0,3
2025-12-17 16:50:41.233519,12.946137514120084,-0.4573519686870391,0.5246683078853612,804.7166440519511,197.0,2.0,590421.0,1.0,595237.0,66541.0,4
2025-12-17 16:50:41.333933,12.956838680379771,-0.4512267515947545,0.5431828588776674,952.8342772396359,431.0,3.0,390562.0,1.0,433914.0,47596.0,5
2025-12-17 16:50:41.833357,13.00297920972645,-0.4198814583079659,0.6572980683883883,640.5876966756155,98.0,2.0,383230.0,1.0,651091.0,64786.0,0
2025-12-17 16:50:41.934055,13.009409464526854,-0.4097316019294332,0.6975540620542132,591.9084135608009,76.0,2.0,495141.0,1.0,612817.0,65049.0,1
2025-12-17 16:50:42.033919,13.014502148291278,-0.3942368665916511,0.7298252704871147,657.3722429426508,101.0,2.0,456821.0,1.0,409791.0,58333.0,2
2025-12-17 16:50:42.133119,13.023472808624245,-0.385605035280939,0.7461042698379067,665.7331241659206,103.0,2.0,608271.0,1.0,458524.0,63677.0,3
2025-12-17 16:50:42.233672,13.032285239589982,-0.3766613018042193,0.7617096328664049,793.9051724866587,189.0,2.0,603759.0,1.0,624965.0,67243.0,4
2025-12-17 16:50:42.333554,13.041070759306468,-0.3678363021645925,0.7850992440267015,932.0148486937123,366.0,3.0,414534.0,1.0,457130.0,50024.0,5
2025-12-17 16:50:42.832920,13.071096959357885,-0.3234599173757573,0.8991700952989868,575.1188550557126,67.0,2.0,498335.0,1.0,649990.0,66092.0,1
2025-12-17 16:50:42.933992,13.063077722256809,-0.3061254340928894,0.9314992120212834,666.5812140600688,106.0,2.0,469835.0,1.0,415658.0,57841.0,2
2025-12-17 16:50:43.033464,13.0695979993102,-0.2963294886046821,0.9559978989619328,655.9307290632934,97.0,2.0,634771.0,1.0,473667.0,64262.0,3
2025-12-17 16:50:43.134285,13.076296598077835,-0.2881079349406352,0.9804147812160428,766.0749376717527,168.0,2.0,620119.0,1.0,635416.0,68995.0,4
2025-12-17 16:50:43.234517,13.083225234711048,-0.2791384368561918,1.0045779615893713,918.1775985748965,325.0,3.0,422752.0,1.0,469200.0,51781.0,5
2025-12-17 16:50:43.834630,13.117060411248056,-0.2202060234789034,1.1399303386667885,631.9634878737078,92.0,2.0,383619.0,1.0,664672.0,65358.0,0
2025-12-17 16:50:43.934649,13.118768569617744,-0.180660974941853,1.1951090883532,561.3767908945177,60.0,1.0,501041.0,1.0,661754.0,66993.0,1
2025-12-17 16:50:44.033452,13.121164696798443,-0.165538621259758,1.223616150069805,647.836477116239,95.0,2.0,478825.0,1.0,424903.0,58868.0,2
2025-12-17 16:50:44.134619,13.125202045506414,-0.1549915991647843,1.243482949252812,635.1724071097829,85.0,2.0,636924.0,1.0,492967.0,65580.0,3
2025-12-17 16:50:44.234393,13.12487948906174,-0.1529956974504056,1.242435180386514,755.2823075834056,159.0,2.0,615727.0,1.0,673504.0,69770.0,4
2025-12-17 16:50:44.333825,13.124879836014593,-0.1531517255589065,1.2411914850933812,901.3761774803396,290.0,3.0,435532.0,1.0,486667.0,53491.0,5
2025-12-17 16:50:44.834006,13.127452578324547,-0.1151878071826786,1.3230249205840066,614.1511467810057,82.0,2.0,387141.0,1.0,677161.0,66496.0,0
2025-12-17 16:50:44.933843,13.128524442493834,-0.0990892223863557,1.353929664699716,575.6107213279719,68.0,2.0,511147.0,1.0,675787.0,66092.0,1
2025-12-17 16:50:45.033442,13.131296425589518,-0.0864825902256072,1.3752768893253036,635.0686460933184,87.0,2.0,484859.0,1.0,438342.0,59630.0,2
2025-12-17 16:50:45.133530,13.132964396263247,-0.0740372503032738,1.3898820730389718,623.3916449637605,78.0,2.0,637786.0,1.0,495644.0,66294.0,3
2025-12-17 16:50:45.234863,13.135797069159096,-0.0626697760279615,1.4083242696394016,735.4708957724845,146.0,2.0,634127.0,1.0,678078.0,71057.0,4
2025-12-17 16:50:45.334100,13.138010356771588,-0.0513189357302614,1.4288417506440303,843.5568670729215,235.0,3.0,453278.0,1.0,508558.0,56506.0,5
2025-12-17 16:50:45.833415,13.142278746704978,0.0050469136994877,1.5475710475260998,630.3388118849142,91.0,2.0,388848.0,1.0,697633.0,65447.0,0
2025-12-17 16:50:45.935868,13.14133072613082,0.0160493221920763,1.5649542903555458,533.8453145526929,46.0,1.0,505469.0,1.0,700472.0,68855.0,1
2025-12-17 16:50:46.034500,13.141813736090649,0.0279164458336005,1.570571304155763,630.301063029345,85.0,2.0,483221.0,1.0,437897.0,59913.0,2
2025-12-17 16:50:46.134208,13.13820868260315,0.0537722070553261,1.588484139021952,629.6112706333574,82.0,2.0,665123.0,1.0,518815.0,65914.0,3
2025-12-17 16:50:46.235992,13.136225754261895,0.0690640141341276,1.5961744251302383,705.6596081827961,125.0,2.0,649990.0,1.0,701896.0,73106.0,4
2025-12-17 16:50:46.333656,13.136508072115046,0.0807375000574648,1.594183092929888,813.7374267854035,209.0,2.0,452818.0,1.0,526243.0,58136.0,5
2025-12-17 16:50:46.833677,13.135022350455865,0.138643384973081,1.5936989448624388,612.5266371618186,81.0,2.0,382970.0,1.0,695040.0,66609.0,0
2025-12-17 16:50:46.933524,13.134776757032752,0.1492919007790654,1.5961759381865426,556.0788849109198,57.0,1.0,526778.0,1.0,709779.0,67403.0,1
2025-12-17 16:50:47.034658,13.13478525331544,0.1604022589089844,1.5941914412224474,623.808898575801,78.0,2.0,653298.0,1.0,527670.0,66294.0,3
2025-12-17 16:50:47.133707,13.134327044873464,0.1720134363651126,1.5931957816282474,669.828827096066,103.0,2.0,665348.0,1.0,723850.0,75700.0,4
2025-12-17 16:50:47.233818,13.134447083486764,0.1834878209065706,1.5921803692213403,803.9000319740144,201.0,2.0,478501.0,1.0,541602.0,58669.0,5
2025-12-17 16:50:47.832603,13.13259713924568,0.2544522399490105,1.5889513445044696,609.7142115698806,79.0,2.0,389375.0,1.0,719210.0,66789.0,0
2025-12-17 16:50:47.933764,13.132714645255769,0.2661305835437257,1.588698035136678,555.3130602329876,56.0,1.0,526778.0,1.0,726550.0,67517.0,1
2025-12-17 16:50:48.033193,13.132234464172452,0.2779918886450669,1.5862283143093283,595.7651021790421,66.0,2.0,492467.0,1.0,451900.0,61934.0,2
2025-12-17 16:50:48.135836,13.132103944949412,0.2896071157650226,1.5884731765831777,606.0505816702583,68.0,2.0,678308.0,1.0,542336.0,67494.0,3
2025-12-17 16:50:48.234391,13.132234174921352,0.3013293368463916,1.585739230416331,671.036305583485,104.0,2.0,679917.0,1.0,743213.0,75572.0,4
2025-12-17 16:50:48.334173,13.13168290600037,0.3127727921357586,1.5852553382650918,786.0988000094502,187.0,2.0,478987.0,1.0,555714.0,59650.0,5
2025-12-17 16:50:48.833481,13.131466305018431,0.3702615807297444,1.5871988940441564,619.90215251685,85.0,2.0,397497.0,1.0,713875.0,66182.0,0
2025-12-17 16:50:48.933997,13.131393220659916,0.3825084094902085,1.587931141805384,518.5472339162214,39.0,1.0,518289.0,1.0,742459.0,69983.0,1
2025-12-17 16:50:49.034597,13.130988997620005,0.3974414109586206,1.59169470422845,601.997599446338,69.0,2.0,497829.0,1.0,460390.0,61579.0,2
2025-12-17 16:50:49.133617,13.132211674025177,0.4252097311626954,1.6128365747968436,604.2695715153794,67.0,2.0,668055.0,1.0,553462.0,67608.0,3
2025-12-17 16:50:49.233602,13.131741347227932,0.4379501946100799,1.6103457727357786,747.2612727890022,158.0,2.0,487987.0,1.0,568459.0,61892.0,5
2025-12-17 16:50:49.834427,13.130205063059066,0.5062967180043412,1.6128472456598792,588.0901062325928,67.0,2.0,394949.0,1.0,733964.0,68229.0,0
2025-12-17 16:50:49.933663,13.12933071646327,0.5182108442730264,1.6108551177868002,549.7812748539067,54.0,1.0,543438.0,1.0,759488.0,67906.0,1
2025-12-17 16:50:50.033105,13.128399800630682,0.5298849458987238,1.6123657893858307,579.2294243455526,57.0,1.0,507698.0,1.0,475917.0,62970.0,2
2025-12-17 16:50:50.134165,13.127814126804155,0.5414906419086005,1.6128559713171216,589.489168652984,60.0,1.0,671683.0,1.0,564816.0,68576.0,3
2025-12-17 16:50:50.233238,13.12723925182591,0.5531669038163312,1.6108512313179677,644.4130874319923,88.0,2.0,676932.0,1.0,749782.0,77541.0,4
2025-12-17 16:50:50.335935,13.126770995592928,0.5643197767978805,1.613295002270084,739.4603981301931,152.0,2.0,499179.0,1.0,597862.0,62376.0,5
2025-12-17 16:50:50.833749,13.124639586687692,0.6216380218383488,1.6147221243598295,591.2777549999823,69.0,2.0,402778.0,1.0,741204.0,68044.0,0
2025-12-17 16:50:50.933871,13.124404607760429,0.6329957008066049,1.6090245379494883,518.0154426841622,38.0,1.0,536494.0,1.0,778223.0,70149.0,1
2025-12-17 16:50:51.034263,13.124002847609407,0.6443236855626306,1.6132075643346495,603.4618644987089,69.0,2.0,508042.0,1.0,479311.0,61537.0,2
2025-12-17 16:50:51.133729,13.123337076587688,0.6567626164506475,1.6104672440448575,582.708549825354,56.0,1.0,677620.0,1.0,580711.0,69089.0,3
2025-12-17 16:50:51.233258,13.122901916813536,0.6676781792203599,1.61245418718052,659.6015907962538,96.0,2.0,695746.0,1.0,780861.0,76472.0,4
2025-12-17 16:50:51.334054,13.122175911517717,0.6791773990220964,1.6131866649064694,707.6406982631148,130.0,2.0,506154.0,1.0,608889.0,64305.0,5
2025-12-17 16:50:51.833892,13.119548662213584,0.7371492761693208,1.609284129791925,595.4655579315332,71.0,2.0,398710.0,1.0,754364.0,67746.0,0
2025-12-17 16:50:51.933595,13.119161105541728,0.7486220854086625,1.6085899266776995,542.2494972007571,50.0,1.0,544912.0,1.0,794456.0,68530.0,1
2025-12-17 16:50:52.034322,13.117620878005653,0.75932752423825,1.61401125529173,603.6940494956079,69.0,2.0,505983.0,1.0,479149.0,61558.0,2
2025-12-17 16:50:52.133962,13.112927316216116,0.7668244599133978,1.6249547807690956,614.9280778277463,72.0,2.0,666249.0,1.0,582679.0,66993.0,3
2025-12-17 16:50:52.234965,13.111715135655636,0.7784608632417367,1.626397121045435,635.7904121593309,82.0,2.0,693161.0,1.0,796071.0,78253.0,4
2025-12-17 16:50:52.334008,13.110416537079791,0.789816304504992,1.6218960004966605,712.8213298702835,134.0,2.0,519870.0,1.0,626024.0,63979.0,5
2025-12-17 16:50:52.833763,13.10661665913724,0.848123373527395,1.6212189456155257,565.6533097879906,55.0,1.0,400197.0,1.0,768278.0,69770.0,0
2025-12-17 16:50:52.933928,13.106253580438151,0.860091603450357,1.6214735183917668,531.4836942959042,44.0,1.0,561195.0,1.0,818751.0,69276.0,1
2025-12-17 16:50:53.034077,13.104859766456617,0.8713981249339238,1.6227003610038866,619.9261639124321,78.0,2.0,507870.0,1.0,489476.0,60607.0,2
2025-12-17 16:50:53.134853,13.10508209339671,0.8829964696227321,1.6224825470812596,649.1477502459153,92.0,2.0,668508.0,1.0,593226.0,64808.0,3
2025-12-17 16:50:53.233589,13.104291932907364,0.8944486184549376,1.6229525189724052,641.9786523781589,86.0,2.0,696925.0,1.0,821805.0,77751.0,4
2025-12-17 16:50:53.334473,13.10369726854648,0.9062605741388232,1.6189853529107852,696.0020537844497,122.0,2.0,512706.0,1.0,642553.0,65027.0,5
2025-12-17 16:50:53.833779,13.101369633461236,0.9226240458327108,1.6185183611400926,584.8410888719793,65.0,2.0,397228.0,1.0,764905.0,68460.0,0
2025-12-17 16:50:53.933834,13.101369633461236,0.9226240458327108,1.6185183611400926,567.7177914221814,62.0,1.0,529638.0,1.0,812677.0,66903.0,1
2025-12-17 16:50:54.034381,13.101369633461236,0.9226240458327108,1.6185183611400926,632.1584057912993,84.0,2.0,508214.0,1.0,494136.0,59934.0,2
2025-12-17 16:50:54.133959,13.101369633461236,0.9226240458327092,1.6185183611400926,648.3670308978816,91.0,2.0,677849.0,1.0,601719.0,64873.0,3
2025-12-17 16:50:54.233218,13.101369633461236,0.9226240458327108,1.6185183611400926,633.1670820390791,81.0,2.0,713875.0,1.0,838380.0,78465.0,4
2025-12-17 16:50:54.334342,13.10377238882379,0.9273778790324164,1.6207257710831189,691.1826700372255,119.0,2.0,535587.0,1.0,645386.0,65314.0,5
2025-12-17 16:50:54.834145,13.10066478847077,0.9939205942227164,1.6217075409788793,574.028933677596,59.0,1.0,391621.0,1.0,783773.0,69253.0,0
2025-12-17 16:50:54.933798,13.100023586144008,1.00535575042767,1.622431714489431,574.9519021273684,66.0,2.0,547500.0,1.0,818751.0,66474.0,1
2025-12-17 16:50:55.034116,13.099300324694084,1.0159804928323233,1.618963222371954,611.3905155646975,73.0,2.0,517238.0,1.0,510455.0,61122.0,2
2025-12-17 16:50:55.135806,13.098613271988226,1.0268248102350022,1.6211532921736482,647.5869131359328,90.0,2.0,672821.0,1.0,611160.0,64939.0,3
2025-12-17 16:50:55.234334,13.097671582151786,1.0380997816131678,1.617181139032419,606.355791998896,66.0,2.0,704275.0,1.0,859934.0,80509.0,4
2025-12-17 16:50:55.334065,13.097389863427068,1.049362736615965,1.6189759182381012,671.3632599165735,107.0,2.0,529280.0,1.0,664672.0,66541.0,5
2025-12-17 16:50:55.834050,13.097711987300617,1.103056788898554,1.6349113204136978,581.2166919184399,63.0,1.0,399250.0,1.0,789898.0,68785.0,0
2025-12-17 16:50:55.935040,13.098245887058424,1.110794174213357,1.64455780369646,601.186312036808,79.0,2.0,542703.0,1.0,825988.0,64851.0,1
2025-12-17 16:50:56.035087,13.097911999383214,1.1221145744540362,1.6431104345086451,576.622912301821,55.0,1.0,505127.0,1.0,513574.0,63205.0,2
2025-12-17 16:50:56.133556,13.096809930929858,1.133725685865656,1.6458358843732273,633.5252949810545,81.0,2.0,735705.0,1.0,883835.0,78491.0,4
2025-12-17 16:50:56.234214,13.095433226981749,1.1458870604979232,1.6423623844317254,681.5258627568655,113.0,2.0,529280.0,1.0,674645.0,65914.0,5
2025-12-17 16:50:56.833805,13.089283299542398,1.215140578355923,1.639386918484205,596.4044219928719,71.0,2.0,401689.0,1.0,805830.0,67792.0,0
2025-12-17 16:50:56.933553,13.087849048452489,1.2264425271097288,1.636399679206445,630.4200830351323,96.0,2.0,541236.0,1.0,843218.0,63034.0,1
2025-12-17 16:50:57.033523,13.08741305902464,1.2380333427874,1.637642349837654,589.854720484702,61.0,1.0,529459.0,1.0,516888.0,62460.0,2
2025-12-17 16:50:57.133656,13.08612111390196,1.249511665348301,1.6359069434147582,632.0253949892405,81.0,2.0,710500.0,1.0,623276.0,65936.0,3
2025-12-17 16:50:57.234540,13.08535754851748,1.2614372071488231,1.6354359756815655,625.7328300183518,77.0,2.0,732723.0,1.0,882938.0,79051.0,4
2025-12-17 16:50:57.334123,13.084427585247692,1.2736117342154571,1.6346717337104222,684.7245502268985,115.0,2.0,547500.0,1.0,700472.0,65691.0,5
2025-12-17 16:50:57.833722,13.081257081916856,1.3304054079446832,1.6366476417729925,589.5921824870288,67.0,2.0,403597.0,1.0,817643.0,68252.0,0
2025-12-17 16:50:57.933905,13.08054011492194,1.341509805214157,1.6356852133503772,616.654284578543,88.0,2.0,550473.0,1.0,859643.0,63871.0,1
2025-12-17 16:50:58.034155,13.080175131500637,1.3535613133789577,1.6374033732571165,584.0870385157552,58.0,1.0,519870.0,1.0,533235.0,62821.0,2
2025-12-17 16:50:58.134196,13.079300133061004,1.3646253936878256,1.636673235389762,621.2449903710301,75.0,2.0,680608.0,1.0,635416.0,66631.0,3
2025-12-17 16:50:58.234918,13.079393232219468,1.376194260828072,1.6371595775179726,614.9214008654682,71.0,2.0,748768.0,1.0,911171.0,79885.0,4
2025-12-17 16:50:58.334107,13.078038261015733,1.3879334501012774,1.6361735842345215,663.9051872532647,102.0,2.0,536131.0,1.0,715810.0,67061.0,5
2025-12-17 16:50:58.834675,13.07328413658944,1.4405582436460307,1.6506023465364108,612.7801375172043,80.0,2.0,396154.0,1.0,804195.0,66722.0,0
2025-12-17 16:50:58.933931,13.071528317610792,1.4494143857385335,1.6531089423401657,582.2959406782974,57.0,1.0,530715.0,1.0,538859.0,62970.0,2
2025-12-17 16:50:59.033373,13.070526013289196,1.4614360653824612,1.6551040105018395,623.4423389194254,76.0,2.0,712668.0,1.0,652414.0,66496.0,3
2025-12-17 16:50:59.133196,13.06940912708624,1.4727110240048606,1.6457334135553954,593.0907259040096,59.0,1.0,763870.0,1.0,919225.0,81607.0,4
2025-12-17 16:50:59.833732,13.069482748401503,1.5512802932597047,1.5092756528838212,583.9677365239327,64.0,1.0,394682.0,1.0,825988.0,68646.0,0
2025-12-17 16:50:59.933204,13.070564726393762,1.5625726520034409,1.4840311417525682,634.1223587279819,98.0,2.0,537948.0,1.0,866654.0,62821.0,1
2025-12-17 16:51:00.033501,13.071510452858895,1.574095225054629,1.4610593493029065,592.5512292733106,62.0,1.0,517413.0,1.0,546389.0,62355.0,2
2025-12-17 16:51:00.134233,13.072172198843491,1.5856230189459968,1.4447366143509663,692.6839522202399,117.0,2.0,683840.0,1.0,641901.0,62207.0,3
2025-12-17 16:51:00.233510,13.074084053893724,1.5968316264513742,1.4161659648614229,592.2981346465788,58.0,1.0,742459.0,1.0,930178.0,81717.0,4
2025-12-17 16:51:00.335140,13.076294299559738,1.6085752330395966,1.3918257314910725,647.2666536875083,92.0,2.0,545096.0,1.0,725076.0,68114.0,5
2025-12-17 16:51:00.834158,13.088844626119789,1.6632214076453984,1.279193649541212,618.1555925961142,82.0,2.0,397228.0,1.0,821527.0,66429.0,0
2025-12-17 16:51:00.933818,13.091403465176684,1.6744483585237138,1.2579848013624164,635.3566216106057,99.0,2.0,549356.0,1.0,868710.0,62757.0,1
2025-12-17 16:51:01.035537,13.089681103552625,1.6807211706019167,1.2545805114073878,1029.7838732728674,681.0,4.0,410624.0,1.0,446881.0,35492.0,2
2025-12-17 16:51:01.133964,13.090559230611246,1.6862767630695306,1.240379736608923,802.9033700452463,195.0,2.0,639299.0,1.0,615103.0,56049.0,3
2025-12-17 16:51:01.233791,13.09444563789898,1.6963553181208937,1.2183875731501728,599.4866872092344,62.0,1.0,765941.0,1.0,969390.0,81138.0,4
2025-12-17 16:51:01.333926,13.098060593494669,1.7070327958517575,1.2011974470929263,658.4470743072545,99.0,2.0,558164.0,1.0,727780.0,67425.0,5
2025-12-17 16:51:01.833634,13.118272208156329,1.7570748582100446,1.0889721987620944,672.5672857528133,121.0,2.0,526778.0,1.0,868710.0,60607.0,1
2025-12-17 16:51:01.934129,13.08645256140933,1.7527658329162268,1.0959167701886408,1274.9925005445916,1734.0,4.0,356454.0,1.0,368600.0,25029.0,2
2025-12-17 16:51:02.034675,13.065928817683716,1.7495084933539076,1.0997995212132752,1072.1010552711514,819.0,4.0,510110.0,1.0,471588.0,36368.0,3
2025-12-17 16:51:02.134193,13.065928817683716,1.7495084933539076,1.0997995212132752,676.6564126209141,105.0,2.0,712668.0,1.0,942219.0,75342.0,4
2025-12-17 16:51:02.234668,13.065928817683716,1.7495084933539076,1.0997995212132752,629.6097842670171,82.0,2.0,555714.0,1.0,753089.0,69346.0,5
2025-12-17 16:51:02.833553,13.065928817683716,1.7495084933539076,1.0997995212132752,652.5310311507291,102.0,2.0,388979.0,1.0,827387.0,64283.0,0
2025-12-17 16:51:02.934068,13.065928817683716,1.7495084933539076,1.0997995212132752,970.8249184073405,551.0,3.0,415939.0,1.0,728766.0,40886.0,1
2025-12-17 16:51:03.034661,13.065928817683716,1.7495084933539076,1.0997995212132752,1563.2480124883944,3349.0,5.0,298829.0,1.0,299437.0,19169.0,2
2025-12-17 16:51:03.134137,13.065928817683716,1.7495084933539076,1.0997995212132752,1441.3423617433098,2589.0,5.0,372993.0,1.0,309221.0,23296.0,3
2025-12-17 16:51:03.237566,13.065928817683716,1.7495084933539076,1.0997995212132752,963.8643979837423,432.0,3.0,588626.0,1.0,785101.0,53673.0,4
2025-12-17 16:51:03.333675,13.06567056265376,1.749424564902906,1.0988020397964702,830.8083087998452,221.0,3.0,491301.0,1.0,693161.0,57257.0,5
2025-12-17 16:51:03.834351,13.06462286559928,1.7450765618958677,1.0665229401439429,756.718957075612,172.0,2.0,365247.0,1.0,793113.0,58195.0,0
2025-12-17 16:51:03.933420,13.065560018054695,1.7424720948128716,1.0412970743802314,1241.0588858316178,1671.0,4.0,331886.0,1.0,558921.0,27220.0,1
2025-12-17 16:51:04.033864,13.065814564828456,1.7400970143771453,1.020445189113964,1776.4799987466615,4783.0,5.0,259935.0,1.0,252136.0,16528.0,2
2025-12-17 16:51:04.133833,13.065761220000551,1.7379433156487265,1.0014416455004431,1712.5617718866258,4301.0,5.0,317171.0,1.0,228565.0,18893.0,3
2025-12-17 16:51:04.235289,13.066359497295924,1.7371225313217185,0.9786791701945992,1138.0524683644358,1071.0,4.0,470472.0,1.0,586240.0,39206.0,4
2025-12-17 16:51:04.335823,13.067060796681917,1.739255908589362,0.9587024683275772,1005.989336730991,592.0,3.0,396959.0,1.0,583666.0,42870.0,5
2025-12-17 16:51:04.834231,13.099205637408502,1.733980581275565,0.8789640580931606,863.906710622054,261.0,3.0,353571.0,1.0,741204.0,52647.0,0
2025-12-17 16:51:04.935241,13.09934585296458,1.7320515557912142,0.8391287994057283,1468.2934312960356,2903.0,5.0,286354.0,1.0,458835.0,21793.0,1
2025-12-17 16:51:05.034568,13.100039489422109,1.7317509617319118,0.8023917635482157,1894.7123334940482,5247.0,5.0,236193.0,1.0,220137.0,15410.0,2
2025-12-17 16:51:05.137596,13.099940837634083,1.7346607282445898,0.778542968356887,1787.782074642349,4824.0,5.0,288299.0,1.0,202414.0,18012.0,3
2025-12-17 16:51:05.234552,13.100756096229638,1.7352426370766525,0.7714738362732164,1363.2408290345045,2143.0,4.0,381806.0,1.0,451136.0,29916.0,4
2025-12-17 16:51:05.334258,13.100756096229638,1.7352426370766525,0.7714738362732164,1096.1696939461262,930.0,4.0,371732.0,1.0,494471.0,36565.0,5
2025-12-17 16:51:05.834249,13.11043818345535,1.7376174942804337,0.6260821844452987,919.0944900815949,353.0,3.0,334480.0,1.0,717751.0,48392.0,0
2025-12-17 16:51:05.934184,13.11802207128146,1.7428071705750965,0.5893448401806274,1658.527302965587,4112.0,5.0,260728.0,1.0,393481.0,18873.0,1
2025-12-17 16:51:06.034596,13.12534635218356,1.7471645799334858,0.5475643843684194,1915.9445112936369,5310.0,5.0,223440.0,1.0,197274.0,15234.0,2
2025-12-17 16:51:06.133670,13.134715670535222,1.751378746502331,0.5123951917867332,1846.0006898404629,5088.0,5.0,264103.0,1.0,180962.0,17383.0,3
2025-12-17 16:51:06.233875,13.145575654432822,1.7575968755551266,0.4884083827682415,1421.4292010145489,2460.0,5.0,361435.0,1.0,405514.0,28301.0,4
2025-12-17 16:51:06.334129,13.156686165971973,1.76331230679601,0.4743137040613126,1091.3503105601822,908.0,4.0,370853.0,1.0,486174.0,36901.0,5
2025-12-17 16:51:06.833759,13.175005289540277,1.7807725248487305,0.3720041087489616,970.2821741508875,511.0,3.0,312482.0,1.0,658403.0,43161.0,0
2025-12-17 16:51:06.933954,13.18570646652831,1.7858807076170962,0.3462308841399744,1822.7613682516624,5099.0,5.0,233333.0,1.0,344825.0,16999.0,1
2025-12-17 16:51:07.035047,13.196270416794484,1.7888682818813617,0.3180220193156666,1769.1985212379595,4691.0,5.0,266167.0,1.0,172121.0,18239.0,3
2025-12-17 16:51:07.134090,13.20674191173353,1.7917183136811747,0.290337681213777,1369.5988911768043,2172.0,4.0,365742.0,1.0,394949.0,29775.0,4
2025-12-17 16:51:07.234152,13.217816870705615,1.794497602823064,0.2714545486523097,1057.5128906398445,779.0,4.0,386879.0,1.0,510282.0,39007.0,5
2025-12-17 16:51:07.834099,13.227516408006016,1.7986322923887492,0.1233274168774637,1094.4700140743262,969.0,4.0,275702.0,1.0,560246.0,34544.0,0
2025-12-17 16:51:07.933630,13.237887377447318,1.7986329101659084,0.0999196845449368,1818.9954115305388,5085.0,5.0,229107.0,1.0,312482.0,17051.0,1
2025-12-17 16:51:08.034241,13.249046964266256,1.8001051652319742,0.079952759310408,1745.4087714704106,4555.0,5.0,228178.0,1.0,198614.0,16890.0,2
2025-12-17 16:51:08.134002,13.260442698153016,1.8012496640731683,0.0645974075039169,1602.4397164353475,3558.0,5.0,277387.0,1.0,179802.0,20477.0,3
2025-12-17 16:51:08.234191,13.2718649978159,1.802234275449896,0.0406094336132378,1272.80625976896,1680.0,4.0,390166.0,1.0,419616.0,33001.0,4
2025-12-17 16:51:08.333531,13.283796181726546,1.8021526300770103,0.0173204230134491,1025.7114823707218,660.0,4.0,411877.0,1.0,528742.0,41345.0,5
2025-12-17 16:51:08.833585,13.307658762446492,1.793468457154901,-0.0952380589168565,1188.6576936369927,1373.0,4.0,255919.0,1.0,481262.0,30283.0,0
2025-12-17 16:51:08.934724,13.319236840430246,1.7929921743019932,-0.1197081095972244,1625.2297867903467,3883.0,5.0,245650.0,1.0,317063.0,19352.0,1
2025-12-17 16:51:09.033883,13.330580776427308,1.7912978970996587,-0.1451582234690544,1614.640859651878,3668.0,5.0,236113.0,1.0,205590.0,18494.0,2
2025-12-17 16:51:09.134172,13.34138714021184,1.7892300334079003,-0.1694801726616123,1459.6592306106975,2686.0,5.0,289766.0,1.0,190838.0,22998.0,3
2025-12-17 16:51:09.234145,13.352986890982496,1.7875206762938145,-0.1885000714483024,1239.9947506922483,1521.0,4.0,401689.0,1.0,411877.0,34334.0,4
2025-12-17 16:51:09.334696,13.33497581521463,1.7833077268564068,-0.1960015698723844,1002.8923327328296,580.0,3.0,410069.0,1.0,550845.0,43234.0,5
2025-12-17 16:51:09.833502,13.377499731698189,1.7673533353310766,-0.3079022507032764,1212.8454541311496,1483.0,4.0,252649.0,1.0,450830.0,29404.0,0
2025-12-17 16:51:09.933618,13.388067018004776,1.7637417226649887,-0.3342890967118959,1468.4636469880606,2895.0,5.0,260375.0,1.0,326207.0,21860.0,1
2025-12-17 16:51:10.034684,13.399427323893114,1.7601895096361542,-0.3575131171342082,1586.8732169198806,3488.0,5.0,238281.0,1.0,201321.0,18893.0,2
2025-12-17 16:51:10.134881,13.410659283600666,1.7565458317742326,-0.3743321747769467,1376.878863084077,2220.0,5.0,309640.0,1.0,202963.0,24860.0,3
2025-12-17 16:51:10.234676,13.41033290421345,1.7522429058539863,-0.3907927713661374,1196.1833503798025,1318.0,4.0,407302.0,1.0,420611.0,36306.0,4
2025-12-17 16:51:10.334135,13.414300885636274,1.7470918917672478,-0.4120130017649657,997.0728713104412,560.0,3.0,411598.0,1.0,535224.0,43749.0,5
2025-12-17 16:51:10.834187,13.46712208740739,1.7231147394304518,-0.5247880452210117,1189.0333588373355,1373.0,4.0,249252.0,1.0,436713.0,30303.0,0
2025-12-17 16:51:10.935458,13.476756345028226,1.7185373323719304,-0.5474620619302903,1391.698196900742,2455.0,5.0,265537.0,1.0,330653.0,23391.0,1
2025-12-17 16:51:11.034727,13.486521604986846,1.713408652192781,-0.5758888980618606,1455.105398202039,2686.0,5.0,247570.0,1.0,209737.0,21047.0,2
2025-12-17 16:51:11.133318,13.487320140102668,1.7099827548686832,-0.5892430181522084,1313.097996906021,1885.0,4.0,317708.0,1.0,205938.0,26556.0,3
2025-12-17 16:51:11.233358,13.490724278307953,1.7051057946334485,-0.5983394367985118,1130.371601531607,1035.0,4.0,439977.0,1.0,454507.0,39807.0,4
2025-12-17 16:51:11.334019,13.49957132189989,1.6982384920157898,-0.6193699217227442,1021.2534902728158,642.0,3.0,407027.0,1.0,527491.0,41781.0,5
2025-12-17 16:51:11.833846,13.544927746398626,1.6618410478684336,-0.7359224683150964,1199.221070885264,1419.0,4.0,253591.0,1.0,422752.0,29936.0,0
2025-12-17 16:51:11.933617,13.553626268047411,1.654348834170445,-0.7565689238489043,1293.9318850208933,1928.0,4.0,284711.0,1.0,345877.0,25794.0,1
2025-12-17 16:51:12.034772,13.57010001093499,1.6482613156717676,-0.7651541422214182,1381.3375799485398,2270.0,5.0,255660.0,1.0,214474.0,22543.0,2
2025-12-17 16:51:12.134719,13.586941420450025,1.6412622562163683,-0.7740966359905456,1242.3177812573908,1539.0,4.0,340880.0,1.0,219393.0,28784.0,3
2025-12-17 16:51:12.233189,13.593820973368366,1.6325518368676786,-0.8008014591451948,1081.5600692694452,839.0,4.0,462421.0,1.0,463831.0,43015.0,4
2025-12-17 16:51:12.333447,13.600902843895453,1.6248524082485538,-0.8219898424446221,1032.4340268633885,683.0,4.0,398305.0,1.0,520751.0,40900.0,5
2025-12-17 16:51:12.834919,13.635120442641322,1.5806917371375295,-0.9324769913007036,1188.409048448569,1365.0,4.0,255314.0,1.0,412574.0,30396.0,0
2025-12-17 16:51:12.934169,13.641872369545402,1.5714116123393411,-0.946056206323414,1282.1661333881307,1867.0,4.0,278988.0,1.0,341342.0,26137.0,1
2025-12-17 16:51:13.034310,13.648632703371767,1.5607892939758583,-0.971037580248294,1343.569643984192,2067.0,4.0,257657.0,1.0,219245.0,23422.0,2
2025-12-17 16:51:13.135120,13.655449044251224,1.5470133449421797,-0.992906288008852,1248.5373461318964,1567.0,4.0,333688.0,1.0,220510.0,28589.0,3
2025-12-17 16:51:13.235316,13.661878093548324,1.537351825759476,-1.0158467323859977,1111.748969802352,955.0,4.0,450068.0,1.0,468723.0,41025.0,4
2025-12-17 16:51:13.333846,13.668127592085185,1.5278297106533234,-1.029332467213177,1054.61473885532,761.0,4.0,390695.0,1.0,502059.0,39378.0,5
2025-12-17 16:51:13.833249,13.687285754213605,1.4962196373233372,-1.106628792229024,1187.5965109420877,1364.0,4.0,250690.0,1.0,409098.0,30416.0,0
2025-12-17 16:51:13.934205,13.686362744333303,1.4956623665255364,-1.106539970503662,1296.4002609498953,1940.0,4.0,279176.0,1.0,339498.0,25751.0,1
2025-12-17 16:51:14.033614,13.681890261183328,1.4929608590109087,-1.1061096190858777,1427.8016536917605,2524.0,5.0,253935.0,1.0,208251.0,21610.0,2
2025-12-17 16:51:14.135458,13.68117855634414,1.492530781139978,-1.1060411432021529,1313.7568971793594,1889.0,4.0,320733.0,1.0,212451.0,26565.0,3
2025-12-17 16:51:14.234479,13.68117855634414,1.492530781139978,-1.1060411432021529,1152.9373116224613,1128.0,4.0,423468.0,1.0,441319.0,38574.0,4
2025-12-17 16:51:14.335668,13.681861203655906,1.4896582808814625,-1.1184879807014083,1088.795707897853,893.0,4.0,366237.0,1.0,480936.0,37189.0,5
2025-12-17 16:51:14.833527,13.704987954023268,1.4334577181329011,-1.236086529761032,1226.7843392234092,1545.0,4.0,242101.0,1.0,374384.0,28989.0,0
2025-12-17 16:51:14.934632,13.708483964222944,1.4228257386933194,-1.2577552282016529,1428.6344800522406,2655.0,5.0,250435.0,1.0,314924.0,22689.0,1
2025-12-17 16:51:15.035186,13.712124972941249,1.411392966240669,-1.2765828404741084,1468.0341899638345,2756.0,5.0,248662.0,1.0,205451.0,20855.0,2
2025-12-17 16:51:15.133785,13.714938333574246,1.4017171371246029,-1.296002117536296,1313.9760068588485,1889.0,4.0,328756.0,1.0,213894.0,26574.0,3
2025-12-17 16:51:15.234091,13.716879770724963,1.3918818621298603,-1.3230900928719818,1203.1257380788884,1343.0,4.0,398710.0,1.0,415096.0,36098.0,4
2025-12-17 16:51:15.334156,13.718869788944344,1.3818416135178655,-1.3484818331605026,1135.9760746869042,1082.0,4.0,351542.0,1.0,451136.0,34638.0,5
2025-12-17 16:51:15.834005,13.716967656968231,1.3157240261379233,-1.456455497313587,1282.9722050599469,1818.0,4.0,227715.0,1.0,349525.0,27202.0,0
2025-12-17 16:51:15.934057,13.71899372409586,1.3038436778733402,-1.4705194518194376,1497.8684645672147,3068.0,5.0,246901.0,1.0,299944.0,21391.0,1
2025-12-17 16:51:16.034677,13.72056016030377,1.2928176987771811,-1.485536384244425,1493.266243087436,2901.0,5.0,246066.0,1.0,203375.0,20429.0,2
2025-12-17 16:51:16.134386,13.721208695685164,1.2811438156900898,-1.4897369750171054,1386.1956156287267,2265.0,5.0,305683.0,1.0,200369.0,24717.0,3
2025-12-17 16:51:16.233488,13.722526248153931,1.2692535831781662,-1.4946584881109164,1236.3141240079028,1496.0,4.0,387141.0,1.0,397766.0,34626.0,4
2025-12-17 16:51:16.333937,13.722982840807246,1.2582252328371537,-1.496154746375776,1163.1566750433672,1201.0,4.0,342615.0,1.0,431132.0,33315.0,5
2025-12-17 16:51:16.833843,13.748140858799676,1.1902232957397718,-1.491925798621139,1219.1599507197934,1506.0,4.0,238684.0,1.0,352137.0,29305.0,0
2025-12-17 16:51:16.934031,13.749333033814503,1.178651960910294,-1.4949025767380824,1525.4750472736898,3096.0,5.0,234361.0,1.0,196076.0,19897.0,2
2025-12-17 16:51:17.034641,13.750225823456129,1.166991187459539,-1.4953932291510934,1376.393200773182,2214.0,5.0,311954.0,1.0,201389.0,24953.0,3
2025-12-17 16:51:17.135249,13.751433542187788,1.1553593507865738,-1.497636601436611,1291.484105590531,1761.0,4.0,367977.0,1.0,378076.0,32491.0,4
2025-12-17 16:51:17.235799,13.752208054848424,1.1442249170990628,-1.494399364082884,1198.3195873198365,1355.0,4.0,320191.0,1.0,406338.0,31817.0,5
2025-12-17 16:51:17.838619,13.75914252190782,1.0744663719623162,-1.5011323563016852,1145.348623617921,1175.0,4.0,251199.0,1.0,367852.0,32261.0,0
2025-12-17 16:51:17.933984,13.760025890651628,1.063108557934692,-1.5011430626386013,1366.3366857434698,2305.0,5.0,267612.0,1.0,311954.0,24049.0,1
2025-12-17 16:51:18.034409,13.760662731704503,1.0512171734877214,-1.503624688590485,1476.7305234631124,2800.0,5.0,238603.0,1.0,196674.0,20742.0,2
2025-12-17 16:51:18.133844,13.762293601126236,1.0396887659307072,-1.5031102160270815,1314.6344504008323,1888.0,4.0,317385.0,1.0,205451.0,26610.0,3
2025-12-17 16:51:18.234304,13.762891171298277,1.0274345783272096,-1.501870400987368,1324.691277012111,1930.0,4.0,355852.0,1.0,369224.0,31336.0,4
2025-12-17 16:51:18.333987,13.76450338775178,1.015929947782972,-1.5001381332798511,1247.5179639085727,1580.0,4.0,314179.0,1.0,378589.0,29977.0,5
2025-12-17 16:51:18.833705,13.76874458735756,0.9584477173256064,-1.4971844215252907,1111.5354769658375,1029.0,4.0,256961.0,1.0,379102.0,33918.0,0
2025-12-17 16:51:18.934044,13.769043910061503,0.9466571176714548,-1.498178102698779,1224.5708189240936,1578.0,4.0,287616.0,1.0,331886.0,27986.0,1
2025-12-17 16:51:19.034177,13.77010354071875,0.935315209612332,-1.499915179352962,1390.9626408981635,2317.0,5.0,246316.0,1.0,201185.0,22414.0,2
2025-12-17 16:51:19.134621,13.770842522609074,0.92370412217654,-1.4964377490447225,1260.662590367564,1643.0,4.0,298425.0,1.0,365866.0,29534.0,5
2025-12-17 16:51:19.834066,13.800371954626227,0.837913284705909,-1.4945849896923848,1373.7233208325738,2286.0,5.0,210234.0,1.0,298425.0,24851.0,0
2025-12-17 16:51:19.934890,13.800737959569595,0.8264021089658797,-1.4938626457298678,1534.805136122356,3285.0,5.0,229961.0,1.0,286160.0,20820.0,1
2025-12-17 16:51:20.033787,13.802101872345297,0.8154655165995592,-1.4931143620369776,1478.1947216501494,2807.0,5.0,235873.0,1.0,192916.0,20735.0,2
2025-12-17 16:51:20.134020,13.802327959101934,0.8045603144864497,-1.494867019166718,1452.0734427573261,2629.0,5.0,293815.0,1.0,189872.0,23288.0,3
2025-12-17 16:51:20.234000,13.803179473581302,0.7931574211410872,-1.4987994188971043,1285.0682188967737,1728.0,4.0,363275.0,1.0,356575.0,32756.0,4
2025-12-17 16:51:20.333250,13.804471319451142,0.7809076422735597,-1.4933741616905976,1291.879110610164,1798.0,4.0,288982.0,1.0,342267.0,28512.0,5
2025-12-17 16:51:20.834756,13.808531500392084,0.7242414904403152,-1.4908954019645582,1948.0158119705204,5462.0,5.0,189422.0,1.0,234838.0,15940.0,1
2025-12-17 16:51:20.933834,13.809946583267164,0.712425581828608,-1.4933574978032282,1466.4036867311136,2739.0,5.0,236913.0,1.0,193177.0,20954.0,2
2025-12-17 16:51:21.034613,13.810825557917877,0.7011561424773891,-1.491361170160436,1407.2711020849613,2378.0,5.0,303415.0,1.0,192394.0,24270.0,3
2025-12-17 16:51:21.133628,13.81157526137344,0.6891396565243575,-1.4938285923161958,1260.2377984097675,1604.0,4.0,363398.0,1.0,362047.0,33747.0,4
2025-12-17 16:51:21.833218,13.817762930463008,0.609321149843737,-1.4873637226041436,1602.0987137576012,3652.0,5.0,186181.0,1.0,245484.0,20512.0,0
2025-12-17 16:51:21.935165,13.819297380674106,0.5971272396197804,-1.49107488249362,1890.273438772069,5290.0,5.0,193832.0,1.0,223970.0,16467.0,1
2025-12-17 16:51:22.034688,13.809125563297306,0.5687442370404803,-1.4928551113769204,1368.6592734340743,2191.0,4.0,248662.0,1.0,197474.0,22951.0,2
2025-12-17 16:51:22.133674,13.803932524083466,0.5485790632766854,-1.49734184966429,1276.512320546897,1694.0,4.0,326207.0,1.0,205660.0,27807.0,3
2025-12-17 16:51:22.234295,13.805280713023004,0.5373568144587928,-1.4960965745141546,1258.4452736926935,1597.0,4.0,364383.0,1.0,366237.0,33815.0,4
2025-12-17 16:51:22.333992,13.805438947029597,0.5263863300762139,-1.497122935798461,1308.2405244781921,1879.0,4.0,287130.0,1.0,331213.0,28024.0,5
2025-12-17 16:51:22.834100,13.809858993918878,0.4684613957966235,-1.4948627425612229,1637.286655455675,3876.0,5.0,177926.0,1.0,222083.0,20018.0,0
2025-12-17 16:51:22.935042,13.811649683335013,0.4567839436849308,-1.494153274606146,1600.5075291088915,3701.0,5.0,214184.0,1.0,238281.0,19836.0,1
2025-12-17 16:51:23.034461,13.81257596365348,0.4449398091389529,-1.492172118261847,1263.8913920299817,1652.0,4.0,263835.0,1.0,209099.0,25698.0,2
2025-12-17 16:51:23.134125,13.81347374324258,0.4335274600685252,-1.4926751977029,1160.7318963952457,1162.0,4.0,361068.0,1.0,227484.0,32196.0,3
2025-12-17 16:51:23.233307,13.814024925528368,0.4223486522678072,-1.488957405281076,1261.633587049364,1612.0,4.0,363521.0,1.0,355852.0,33701.0,4
2025-12-17 16:51:23.334559,13.81363191986717,0.4107643494185105,-1.4904371698406065,1337.4212668176297,2026.0,4.0,271259.0,1.0,316313.0,27202.0,5
2025-12-17 16:51:23.834001,13.816157632812535,0.3533404754248757,-1.4919066419258074,1452.4744129454145,2727.0,5.0,193177.0,1.0,231523.0,23154.0,0
2025-12-17 16:51:23.933665,13.816991027956664,0.3419798675778267,-1.4946258759042073,1354.7413258603206,2234.0,5.0,242265.0,1.0,257396.0,24410.0,1
2025-12-17 16:51:24.034717,13.817832060460768,0.3299979751726773,-1.4921797315684573,1165.1236227646266,1200.0,4.0,278610.0,1.0,225186.0,29097.0,2
2025-12-17 16:51:24.135031,13.819156172284046,0.31787822648662,-1.4966495125764945,1074.9515721055675,810.0,4.0,384659.0,1.0,246150.0,36789.0,3
2025-12-17 16:51:24.235212,13.81942957391767,0.3064041678368596,-1.496114837479506,1234.8224457353608,1483.0,4.0,365742.0,1.0,364136.0,34838.0,4
2025-12-17 16:51:24.333924,13.820363550596753,0.2945287409564336,-1.4968465466460297,1359.6017920278873,2140.0,4.0,269429.0,1.0,299842.0,26619.0,5
2025-12-17 16:51:24.834777,13.833816868359412,0.2404570010927962,-1.4786929547776262,1285.662334739224,1824.0,4.0,215931.0,1.0,253849.0,27248.0,0
2025-12-17 16:51:24.934483,13.834563808542114,0.2292804809865103,-1.4771824334240695,1189.9756365032476,1410.0,4.0,268974.0,1.0,283653.0,29305.0,1
2025-12-17 16:51:25.034246,13.835585831579408,0.2174262222219969,-1.4776935747048856,1085.3556847107373,871.0,4.0,298324.0,1.0,233017.0,32790.0,2
2025-12-17 16:51:25.133279,13.837058856787504,0.2060746180472588,-1.4779160913598195,1014.1706644463843,592.0,3.0,411598.0,1.0,262943.0,41052.0,3
2025-12-17 16:51:25.233776,13.838301426354288,0.1935007458091977,-1.4752157774568448,1188.0106746442132,1270.0,4.0,386879.0,1.0,368600.0,37001.0,4
2025-12-17 16:51:25.333760,13.839959076332716,0.1816769354994996,-1.4764704994689954,1377.7824023195462,2241.0,5.0,256961.0,1.0,289668.0,26137.0,5
2025-12-17 16:51:25.833962,13.846428518158833,0.1241134949382516,-1.4715336998677002,1164.8499577812906,1249.0,4.0,233649.0,1.0,269977.0,31602.0,0
2025-12-17 16:51:25.934420,13.846737830789966,0.1124309219451706,-1.4730421853018432,1092.2097408872178,984.0,4.0,288494.0,1.0,301369.0,33599.0,1
2025-12-17 16:51:26.033856,13.84773827713984,0.101066343378557,-1.4784702533410707,1021.5877654627232,634.0,3.0,317493.0,1.0,248999.0,36702.0,2
2025-12-17 16:51:26.133615,13.848194144713691,0.0901582112576342,-1.4730590432489157,981.3902150548936,480.0,3.0,434208.0,1.0,281835.0,43987.0,3
2025-12-17 16:51:26.234966,13.849828568097644,0.0779404697984755,-1.4738025577152218,1137.199398553,1050.0,4.0,401553.0,1.0,390034.0,39780.0,4
2025-12-17 16:51:26.334743,13.85140539216772,0.0665712143161645,-1.4738243612661863,1399.963219805189,2359.0,5.0,259057.0,1.0,274120.0,25611.0,5
2025-12-17 16:51:26.834302,13.856278610675703,0.0101461091708756,-1.474596689960595,1074.0377977047292,872.0,4.0,248746.0,1.0,300452.0,36147.0,0
2025-12-17 16:51:26.934025,13.85805264581582,-0.0016577633776098,-1.4723902541836238,1013.4437675436359,683.0,4.0,319649.0,1.0,323239.0,38327.0,1
2025-12-17 16:51:27.034291,13.859349007913467,-0.0135132458716658,-1.4741122236802389,948.5878925991085,376.0,3.0,451747.0,1.0,294113.0,47468.0,3
2025-12-17 16:51:27.133821,13.859962663136688,-0.0246999419456592,-1.4741294687327204,1095.3688323558072,882.0,4.0,422037.0,1.0,408268.0,42437.0,4
2025-12-17 16:51:27.233974,13.861143116312633,-0.0365177594283974,-1.4793364373451634,1384.1256568180374,2272.0,5.0,252820.0,1.0,272548.0,26013.0,5
2025-12-17 16:51:27.834198,13.874773621350974,-0.1031035302524614,-1.4752762138665654,1018.2255542555883,664.0,4.0,270251.0,1.0,317600.0,39834.0,0
2025-12-17 16:51:27.936349,13.87616902410122,-0.1146671068923872,-1.4777870837854163,964.6784307699778,514.0,3.0,335273.0,1.0,340304.0,42193.0,1
2025-12-17 16:51:28.034656,13.87719649430353,-0.1257135082674718,-1.4767882072238971,991.0522937973469,528.0,3.0,329536.0,1.0,262232.0,39033.0,2
2025-12-17 16:51:28.133631,13.877880439537014,-0.1374753839762021,-1.476557513390714,924.8291722950893,305.0,3.0,477046.0,1.0,314179.0,50432.0,3
2025-12-17 16:51:28.233833,13.878528886026189,-0.1485768128373727,-1.4799936714971358,1044.5761841714989,688.0,4.0,447789.0,1.0,431132.0,46372.0,4
2025-12-17 16:51:28.335639,13.87956477079603,-0.1599510477795611,-1.4785008423892505,1354.324661491764,2110.0,4.0,256266.0,1.0,274492.0,26809.0,5
2025-12-17 16:51:28.833170,13.883898715673247,-0.2173347475089055,-1.4804948603983137,980.4131373013502,531.0,3.0,280787.0,1.0,336410.0,42957.0,0
2025-12-17 16:51:28.935016,13.885410189432502,-0.2288443575895726,-1.479993967403172,928.9122378226486,399.0,3.0,354050.0,1.0,360580.0,45717.0,1
2025-12-17 16:51:29.034585,13.88651975071971,-0.2399723180834563,-1.4633951793374045,959.284448611977,422.0,3.0,338580.0,1.0,268701.0,41923.0,2
2025-12-17 16:51:29.133537,13.888403865775311,-0.2514257899981515,-1.4436473433697452,893.0486285285469,268.0,3.0,488483.0,1.0,327424.0,52204.0,3
2025-12-17 16:51:29.234527,13.891230884260937,-0.2624825737441902,-1.4263297749205408,1017.7648145844871,593.0,3.0,460390.0,1.0,458524.0,48803.0,4
2025-12-17 16:51:29.334646,13.893678926757108,-0.2736914523221134,-1.4004037192635272,1310.505122032932,1884.0,4.0,264819.0,1.0,274957.0,28062.0,5
2025-12-17 16:51:29.833677,13.907774007745871,-0.3288013511927374,-1.2846179344653377,945.601008583394,420.0,3.0,294911.0,1.0,351780.0,46325.0,0
2025-12-17 16:51:29.934558,13.910922792270055,-0.3397615240776659,-1.2661755972011743,899.1462497295613,309.0,3.0,374130.0,1.0,385833.0,49235.0,1
2025-12-17 16:51:30.032883,13.915026957207832,-0.3497448426386924,-1.2438813715619568,934.5162247552189,348.0,3.0,359483.0,1.0,282408.0,44436.0,2
2025-12-17 16:51:30.134386,13.919022765298305,-0.3594917419672985,-1.2168306213469842,850.2682917286877,229.0,3.0,507011.0,1.0,340765.0,54349.0,3
2025-12-17 16:51:30.234320,13.936764244634716,-0.360021196602112,-1.1862067381349242,986.9532751593408,490.0,3.0,492633.0,1.0,473988.0,51992.0,4
2025-12-17 16:51:30.333694,13.942852877294468,-0.3690648905702662,-1.166640453437271,1260.6855899803363,1636.0,4.0,265627.0,1.0,279271.0,29684.0,5
2025-12-17 16:51:30.833487,13.967739169000913,-0.4188368240411453,-1.055174193301742,923.7887489855103,352.0,3.0,302288.0,1.0,369850.0,48853.0,0
2025-12-17 16:51:30.933532,13.97319769358639,-0.4290393379100941,-1.0293569494847814,841.3801286568062,245.0,3.0,380001.0,1.0,398305.0,52416.0,1
2025-12-17 16:51:31.034547,13.97960704188418,-0.4383406570457957,-1.0033998704586455,917.7487823870524,298.0,3.0,365371.0,1.0,291438.0,46419.0,2
2025-12-17 16:51:31.133948,13.989116919660717,-0.4462299450923659,-0.9670064067107388,807.487672462104,194.0,2.0,524288.0,1.0,355611.0,56602.0,3
2025-12-17 16:51:31.234376,13.996641871344902,-0.4541873379320265,-0.942139565533612,964.1417853095878,418.0,3.0,504956.0,1.0,492800.0,54663.0,4
2025-12-17 16:51:31.335599,14.003213501697733,-0.4625834977584517,-0.9164764380830024,1218.8665740159822,1436.0,4.0,283365.0,1.0,292426.0,31251.0,5
2025-12-17 16:51:31.833951,14.038579969033629,-0.5066302252060435,-0.8126220304046595,904.9766121931829,297.0,3.0,308907.0,1.0,385571.0,51258.0,0
2025-12-17 16:51:31.933933,14.0461623759963,-0.5153371381230691,-0.7905175935487918,815.6143416720544,222.0,3.0,400468.0,1.0,416362.0,53709.0,1
2025-12-17 16:51:32.033943,14.05811181522338,-0.5121220657712744,-0.7318251958333831,859.9808134543803,241.0,3.0,380001.0,1.0,304032.0,49102.0,2
2025-12-17 16:51:32.133571,14.066331800586344,-0.518915362346025,-0.6975795969502803,779.707066583609,172.0,2.0,536131.0,1.0,367106.0,58136.0,3
2025-12-17 16:51:32.233439,14.074995059600234,-0.5266147361369011,-0.6750579646543449,942.3301082797376,350.0,3.0,523933.0,1.0,516014.0,57665.0,4
2025-12-17 16:51:32.334080,14.083864705197946,-0.5345200874810789,-0.6530431688144717,1150.046939540554,1129.0,4.0,302493.0,1.0,306823.0,34276.0,5
2025-12-17 16:51:32.834346,14.12903550480516,-0.5677867172975155,-0.5375687558941563,871.1644624443057,263.0,3.0,319109.0,1.0,401282.0,52969.0,0
2025-12-17 16:51:32.933943,14.131196657570843,-0.5676390223805967,-0.5336794899127976,764.8484631467214,181.0,2.0,401553.0,1.0,438936.0,56353.0,1
2025-12-17 16:51:33.033730,14.13153034891764,-0.5611314341253983,-0.5238774889672799,837.212935300686,222.0,3.0,380902.0,1.0,313967.0,50143.0,2
2025-12-17 16:51:33.135866,14.131846495360096,-0.5555118673184225,-0.5084806334539386,752.9270471472955,152.0,2.0,552152.0,1.0,389375.0,59650.0,3
2025-12-17 16:51:33.233676,14.136753847814305,-0.559346792328661,-0.4919214340657384,925.5186525484112,299.0,3.0,532874.0,1.0,537948.0,60300.0,4
2025-12-17 16:51:33.334130,14.148013795308977,-0.5646427363018827,-0.4595158931147916,1110.2275884891546,963.0,4.0,308803.0,1.0,320733.0,36392.0,5
2025-12-17 16:51:33.833050,14.20771741833862,-0.5899252508599062,-0.3456804006820614,837.3519951660782,233.0,3.0,329090.0,1.0,416926.0,54663.0,0
2025-12-17 16:51:33.934265,14.217600771713826,-0.5924961441688321,-0.322458320640539,723.0826576665582,150.0,2.0,424760.0,1.0,457594.0,58650.0,1
2025-12-17 16:51:34.034747,14.22746696793571,-0.5952104817217325,-0.2991250716103261,811.4453427176893,200.0,2.0,408130.0,1.0,315778.0,51415.0,2
2025-12-17 16:51:34.134847,14.238080687825452,-0.5990955992681339,-0.276940687759759,740.1463003646537,144.0,2.0,554587.0,1.0,393348.0,60341.0,3
2025-12-17 16:51:34.234565,14.225822536012704,-0.5918366178893884,-0.2465016941414063,895.7073197188201,268.0,3.0,560246.0,1.0,566347.0,62081.0,4
2025-12-17 16:51:34.333400,14.228485868812427,-0.5897350090894378,-0.2217564069354462,1075.4080965386202,827.0,4.0,321059.0,1.0,334027.0,38469.0,5
2025-12-17 16:51:34.834995,14.283151928151256,-0.598302450029971,-0.1097202822230494,811.5401364701245,210.0,2.0,335841.0,1.0,428224.0,56030.0,0
2025-12-17 16:51:34.933579,14.294744332905704,-0.6000622639794617,-0.0879195504162722,697.3166161943084,132.0,2.0,434208.0,1.0,478825.0,60096.0,1
2025-12-17 16:51:35.034741,14.30654845342696,-0.6014009011232151,-0.065700766893358,751.6775126234538,154.0,2.0,408960.0,1.0,330877.0,54404.0,2
2025-12-17 16:51:35.135395,14.294804002093311,-0.5923697432612247,-0.0382701125658477,724.3658975022583,132.0,2.0,582482.0,1.0,405377.0,61288.0,3
2025-12-17 16:51:35.233571,14.29500350895664,-0.5881635081186545,-0.0129615536144405,867.8956319444932,242.0,3.0,583469.0,1.0,584259.0,63763.0,4
2025-12-17 16:51:35.334416,14.306703399589573,-0.5885156845453459,0.0062774856418476,1050.5889199853805,734.0,4.0,338695.0,1.0,353092.0,40146.0,5
2025-12-17 16:51:35.833849,14.362666619951792,-0.5865670303323398,0.1198057823361025,780.7276973583088,186.0,2.0,344126.0,1.0,442067.0,57685.0,0
2025-12-17 16:51:35.933901,14.373456724328328,-0.584407736067341,0.1424224559706181,754.886271768476,157.0,2.0,420469.0,1.0,339039.0,54239.0,2
2025-12-17 16:51:36.034676,14.374113806842836,-0.5789332363150965,0.1721983896904574,709.5632688762475,123.0,2.0,591421.0,1.0,420896.0,62165.0,3
2025-12-17 16:51:36.134252,14.378615685366944,-0.5750012717216482,0.1976611276023535,811.0654099475596,195.0,2.0,585843.0,1.0,604167.0,67243.0,4
2025-12-17 16:51:36.234735,14.390779696816695,-0.5731996275723859,0.2170836830684497,1022.7515535344583,634.0,3.0,354529.0,1.0,361068.0,42265.0,5
2025-12-17 16:51:36.834125,14.454043169773987,-0.553691662080313,0.3614061199844353,771.9155252640783,179.0,2.0,335841.0,1.0,452665.0,58195.0,0
2025-12-17 16:51:36.933415,14.44964854901417,-0.5481392908787921,0.3826008720373897,685.784816065722,125.0,2.0,444317.0,1.0,483384.0,60771.0,1
2025-12-17 16:51:37.033511,14.44695359740832,-0.5423134216121923,0.3985642840723117,719.1415696503411,132.0,2.0,429676.0,1.0,349171.0,56144.0,2
2025-12-17 16:51:37.133339,14.458203705815237,-0.5376015909056928,0.4152590329241538,689.8043999863912,110.0,2.0,587630.0,1.0,434208.0,63333.0,3
2025-12-17 16:51:37.234952,14.468902534938335,-0.5323889159305377,0.4351934876604421,795.2728914509722,182.0,2.0,605805.0,1.0,635416.0,68298.0,4
2025-12-17 16:51:37.333965,14.479407594140826,-0.5283114763173185,0.4546653759657253,995.9501183499879,540.0,3.0,363644.0,1.0,384269.0,44602.0,5
2025-12-17 16:51:37.834402,14.523872843615942,-0.5007904589511725,0.5830648087794555,785.1033533576239,188.0,2.0,347167.0,1.0,464617.0,57490.0,0
2025-12-17 16:51:37.933809,14.52824181226886,-0.4910485299561671,0.6064885898232384,657.0190274421363,107.0,2.0,458680.0,1.0,506497.0,62460.0,1
2025-12-17 16:51:38.033150,14.537328649859488,-0.4824885948964539,0.6280479639437109,703.3736571352946,121.0,2.0,430404.0,1.0,356816.0,56986.0,2
2025-12-17 16:51:38.134973,14.545953694851448,-0.4758233898955257,0.6539980192129877,675.0242354758703,101.0,2.0,615936.0,1.0,451594.0,64283.0,3
2025-12-17 16:51:38.234754,14.554845059654808,-0.4680097837014934,0.6744429537902132,757.4613537223222,154.0,2.0,619909.0,1.0,649330.0,70769.0,4
2025-12-17 16:51:38.333942,14.563206799746588,-0.460462557382014,0.6919280914413656,974.1307541118747,467.0,3.0,378845.0,1.0,395216.0,46766.0,5
2025-12-17 16:51:38.833669,14.601066772974342,-0.4015058626945826,0.8197601592719425,767.2909917973291,175.0,2.0,340765.0,1.0,477854.0,58471.0,0
2025-12-17 16:51:38.933833,14.6089018459194,-0.3937553761942887,0.8412957903057833,650.2531521944713,102.0,2.0,463674.0,1.0,527491.0,62906.0,1
2025-12-17 16:51:39.033793,14.616649656186317,-0.3852420931262088,0.8650225560155026,683.6059777202321,109.0,2.0,446578.0,1.0,361313.0,58057.0,2
2025-12-17 16:51:39.133560,14.622593294049755,-0.3762427441515843,0.8857054813379531,668.243402219344,97.0,2.0,606010.0,1.0,461951.0,64698.0,3
2025-12-17 16:51:39.233912,14.629261566277837,-0.3669515848948705,0.9097583284308264,744.6496945999336,145.0,2.0,631985.0,1.0,684535.0,71661.0,4
2025-12-17 16:51:39.334011,14.636025578505444,-0.3577992281398092,0.9324180521926304,951.3114064926339,396.0,3.0,399520.0,1.0,412994.0,49218.0,5
2025-12-17 16:51:39.833426,14.661984580482844,-0.3253965600854442,0.9794272818162496,622.4637641281122,86.0,2.0,470472.0,1.0,543806.0,64589.0,1
2025-12-17 16:51:39.934574,14.66825125581187,-0.3202368116790399,0.9975060984162168,658.8151132149296,94.0,2.0,449916.0,1.0,372866.0,59449.0,2
2025-12-17 16:51:40.035033,14.675416319735536,-0.3124242189070969,1.0290279357508552,655.4412546866197,90.0,2.0,616562.0,1.0,471747.0,65469.0,3
2025-12-17 16:51:40.136154,14.683613923080712,-0.301614079985093,1.054667112850571,736.8197668508666,139.0,2.0,646917.0,1.0,682222.0,72196.0,4
2025-12-17 16:51:40.233859,14.689757874963703,-0.2890622839768451,1.073402418508235,928.473954960311,326.0,3.0,404007.0,1.0,427934.0,52115.0,5
2025-12-17 16:51:40.833602,14.716989074326683,-0.2259161990703475,1.2072129705595969,758.6665313754747,168.0,2.0,345994.0,1.0,495308.0,58968.0,0
2025-12-17 16:51:40.934481,14.720517086071125,-0.214708804643811,1.2267333718756546,609.7215421706213,79.0,2.0,476884.0,1.0,562717.0,65425.0,1
2025-12-17 16:51:41.034651,14.724026356966151,-0.1975460610945187,1.250546556558668,680.0705195207912,106.0,2.0,442366.0,1.0,377437.0,58313.0,2
2025-12-17 16:51:41.133725,14.73023992079932,-0.1653479882410664,1.2854071168098933,637.6823921615925,79.0,2.0,645823.0,1.0,494304.0,66609.0,3
2025-12-17 16:51:41.235170,14.733560559564667,-0.1520465941800637,1.3093882299154318,693.0269309209625,111.0,2.0,636277.0,1.0,718723.0,75291.0,4
2025-12-17 16:51:41.334016,14.736582249974294,-0.140824754127161,1.3285122665760465,914.6726872290432,292.0,3.0,417067.0,1.0,445823.0,53745.0,5
2025-12-17 16:51:41.833554,14.747365402151551,-0.0856859564919965,1.4377993156886943,755.8542984417944,166.0,2.0,351423.0,1.0,493301.0,59128.0,0
2025-12-17 16:51:41.933596,14.748737150266647,-0.0737219652117477,1.4593124575190028,612.955454108664,80.0,2.0,466666.0,1.0,578357.0,65248.0,1
2025-12-17 16:51:42.033442,14.749604224654757,-0.0622692266527593,1.4798420565756465,668.3024101244832,99.0,2.0,457594.0,1.0,385311.0,58948.0,2
2025-12-17 16:51:42.133064,14.7345615617249,-0.0396469343478678,1.504051887576827,696.1961835756597,113.0,2.0,664897.0,1.0,738200.0,75036.0,4
2025-12-17 16:51:42.233284,14.723990391327652,-0.0209683029523048,1.5232380462662432,880.8351309255687,260.0,3.0,437601.0,1.0,463674.0,55483.0,5
2025-12-17 16:51:42.833736,14.728070227083492,0.0477669319377316,1.5385197351864597,735.0421086966124,151.0,2.0,350592.0,1.0,506668.0,60300.0,0
2025-12-17 16:51:42.935058,14.72896091130734,0.0593668141783911,1.5382574434956833,592.1899155243128,69.0,2.0,492467.0,1.0,591421.0,66564.0,1
2025-12-17 16:51:43.033596,14.729988912615166,0.0706767021017515,1.5422213076852789,641.5346171776557,84.0,2.0,465877.0,1.0,394682.0,60484.0,2
2025-12-17 16:51:43.135685,14.730690541020683,0.0912471947577753,1.550260289546078,626.1217760648123,72.0,2.0,641032.0,1.0,500871.0,67448.0,3
2025-12-17 16:51:43.235014,14.731757764655873,0.1153478445551972,1.5593507444046997,677.4039007035652,101.0,2.0,675330.0,1.0,754364.0,76395.0,4
2025-12-17 16:51:43.333783,14.73196579732906,0.1268510384662189,1.5627970413967174,849.0339249731525,231.0,3.0,443866.0,1.0,476562.0,57179.0,5
2025-12-17 16:51:43.833785,14.73271175129826,0.1833912541442153,1.563030635384145,706.2298939772119,131.0,2.0,362538.0,1.0,525531.0,61976.0,0
2025-12-17 16:51:43.935174,14.732772637801231,0.1954544988661108,1.5603322409534188,587.4240618156081,66.0,2.0,487822.0,1.0,618024.0,66903.0,1
2025-12-17 16:51:44.033506,14.733260876953375,0.2067975071320589,1.564791779159266,645.7667675810311,86.0,2.0,482404.0,1.0,399926.0,60259.0,2
2025-12-17 16:51:44.133963,14.733385312478848,0.2186419268782575,1.5625519099052043,620.340874989935,70.0,2.0,650650.0,1.0,524110.0,67792.0,3
2025-12-17 16:51:44.235122,14.73348914148058,0.2299601780279498,1.562070223734417,677.5924206557911,101.0,2.0,675787.0,1.0,772711.0,76420.0,4
2025-12-17 16:51:44.833600,14.732265550542282,0.3003736906482999,1.5600662357419215,718.4176353182087,139.0,2.0,357784.0,1.0,526243.0,61246.0,0
2025-12-17 16:51:44.933509,14.73229712900332,0.3117981308967952,1.560576682373184,600.6577911407267,73.0,2.0,500363.0,1.0,631557.0,66092.0,1
2025-12-17 16:51:45.033688,14.732059914611074,0.3231272188136227,1.563290447088037,620.9989811349999,72.0,2.0,469200.0,1.0,410069.0,61746.0,2
2025-12-17 16:51:45.134046,14.732015228154712,0.3347681884910152,1.5605864146111084,608.5603700707976,63.0,1.0,646917.0,1.0,521633.0,68576.0,3
2025-12-17 16:51:45.234239,14.73217613388148,0.3458849024257198,1.561797049457517,662.780753804919,92.0,2.0,694335.0,1.0,791504.0,77541.0,4
2025-12-17 16:51:45.333312,14.73201154231132,0.3579513609270925,1.5573600130699357,830.3951197249615,215.0,2.0,460858.0,1.0,490803.0,58175.0,5
2025-12-17 16:51:45.833257,14.708878064835066,0.4196345296274177,1.5925692452468283,687.6053469905848,119.0,2.0,368102.0,1.0,546574.0,63098.0,0
2025-12-17 16:51:45.933261,14.708438286035598,0.4309281687044066,1.5935565094904771,587.8918522126572,66.0,2.0,498672.0,1.0,646917.0,66880.0,1
2025-12-17 16:51:46.034019,14.707792910415598,0.4428499697557502,1.590068880094129,619.2312292824922,71.0,2.0,484531.0,1.0,417632.0,61892.0,2
2025-12-17 16:51:46.134015,14.707460915544042,0.4508501876687525,1.5911064783554647,609.7798401312976,64.0,1.0,670547.0,1.0,535587.0,68553.0,3
2025-12-17 16:51:46.234134,14.707308662666362,0.4512755040961416,1.5913597234505437,646.9692336067312,83.0,2.0,691755.0,1.0,805285.0,78731.0,4
2025-12-17 16:51:46.333839,14.707215563883254,0.4511785194703659,1.5908658971520029,812.5758548388025,200.0,2.0,454661.0,1.0,510455.0,59188.0,5
2025-12-17 16:51:46.834848,14.708945653683736,0.4650583160919286,1.5913782778110754,692.793421821899,122.0,2.0,365618.0,1.0,535224.0,62757.0,0
2025-12-17 16:51:46.933991,14.708623747882545,0.4787425374586895,1.5911359502931457,575.1261422531005,60.0,1.0,497998.0,1.0,649110.0,67746.0,1
2025-12-17 16:51:47.032840,14.707791274612578,0.4927792891821312,1.5958563910499717,599.9771114238367,58.0,1.0,661307.0,1.0,552713.0,69229.0,3
2025-12-17 16:51:47.134305,14.707032162658717,0.5064349531897232,1.5926300841778551,639.1389154750046,79.0,2.0,703323.0,1.0,830754.0,79346.0,4
2025-12-17 16:51:47.232990,14.706329208240476,0.5188072726002222,1.5948532186470097,762.7382774004577,162.0,2.0,466982.0,1.0,521809.0,62039.0,5
2025-12-17 16:51:47.834594,14.70306934851591,0.5874635539439765,1.598592757292472,666.9811502063463,106.0,2.0,368975.0,1.0,566539.0,64370.0,0
2025-12-17 16:51:47.933770,14.702830516156054,0.5989475386336114,1.6010532390102,579.3602096462478,61.0,1.0,523933.0,1.0,670547.0,67517.0,1
2025-12-17 16:51:48.034955,14.701955174044286,0.6110509878390893,1.59640346737061,608.6957891924126,65.0,2.0,482404.0,1.0,430987.0,62524.0,2
2025-12-17 16:51:48.135543,14.701754089691889,0.6229814651423347,1.5974440628595812,598.2191292205122,58.0,1.0,669867.0,1.0,575233.0,69323.0,3
2025-12-17 16:51:48.234630,14.701196793490931,0.6347541015741598,1.5966714552757126,644.3463262910694,81.0,2.0,708339.0,1.0,837813.0,78971.0,4
2025-12-17 16:51:48.334029,14.686986204577256,0.6451726662928401,1.6021870229488795,755.9371689935965,157.0,2.0,483712.0,1.0,538130.0,62460.0,5
2025-12-17 16:51:48.833875,14.666413176880996,0.7002180695568274,1.6115943712058276,659.1687912749167,101.0,2.0,375272.0,1.0,581891.0,64873.0,0
2025-12-17 16:51:48.933955,14.665517416219693,0.7124585557604775,1.6126033318344448,576.5943720917631,60.0,1.0,519870.0,1.0,695040.0,67700.0,1
2025-12-17 16:51:49.034551,14.664064586520515,0.7247042839815521,1.6131002483590735,601.9278666940002,62.0,1.0,490305.0,1.0,431424.0,62948.0,2
2025-12-17 16:51:49.133727,14.66387068733994,0.7370351272704543,1.6148476841396788,577.4382075148095,47.0,1.0,672138.0,1.0,584259.0,70817.0,3
2025-12-17 16:51:49.233262,14.662803911646671,0.7484129019092656,1.6123725193640008,614.5345680178941,65.0,2.0,728273.0,1.0,879359.0,81248.0,4
2025-12-17 16:51:49.334624,14.663046541074957,0.7600479730461966,1.6131370935241651,728.1179163909518,137.0,2.0,484531.0,1.0,550845.0,64153.0,5
2025-12-17 16:51:49.834085,14.66084683663894,0.8179074461779532,1.6136263688993728,644.3566067874649,92.0,2.0,378973.0,1.0,582285.0,65780.0,0
2025-12-17 16:51:49.934874,14.659899992979472,0.8297858110080654,1.6118519586959528,585.8287063807226,64.0,1.0,519870.0,1.0,698105.0,67152.0,1
2025-12-17 16:51:50.034150,14.660088380926682,0.8410484108357181,1.609695078530326,601.1599448921017,61.0,1.0,494638.0,1.0,438045.0,63012.0,2
2025-12-17 16:51:50.134439,14.659487978957864,0.8527806240705313,1.6079570632346076,601.6578406466198,59.0,1.0,683146.0,1.0,585645.0,69135.0,3
2025-12-17 16:51:50.233737,14.658936115983106,0.8643704252818942,1.6052597131270192,717.2803320882902,130.0,2.0,497998.0,1.0,573290.0,64786.0,5
2025-12-17 16:51:50.833754,14.67480579873876,0.9237245518641508,1.620628836345278,640.5443207131541,90.0,2.0,381031.0,1.0,600295.0,66025.0,0
2025-12-17 16:51:50.934253,14.67480579873876,0.9237245518641508,1.620628836345278,559.0626801262165,51.0,1.0,520927.0,1.0,720672.0,68925.0,1
2025-12-17 16:51:51.035181,14.674855090649311,0.9236799431352978,1.620873037256721,596.3923555595031,58.0,1.0,505127.0,1.0,453432.0,63355.0,2
2025-12-17 16:51:51.133854,14.674855090649311,0.9236799431352996,1.620873037256721,594.8771891169371,55.0,1.0,687553.0,1.0,604781.0,69676.0,3
2025-12-17 16:51:51.234447,14.674855090649311,0.9236799431352996,1.620873037256721,626.9117905784527,71.0,2.0,740702.0,1.0,889537.0,80373.0,4
2025-12-17 16:51:51.335578,14.674855090649311,0.9236799431352996,1.620873037256721,708.4793685546421,124.0,2.0,497661.0,1.0,585051.0,65336.0,5
2025-12-17 16:51:51.834683,14.678999006435468,0.966667550504182,1.5615684589819057,638.7322712367035,89.0,2.0,381160.0,1.0,599280.0,66160.0,0
2025-12-17 16:51:51.933995,14.678619526732684,0.979721582176726,1.5355140885699652,563.2967388569558,53.0,1.0,528564.0,1.0,732228.0,68623.0,1
2025-12-17 16:51:52.033716,14.677929301451586,0.9929209661975164,1.5148552863278384,596.6241867273428,58.0,1.0,503421.0,1.0,448244.0,63355.0,2
2025-12-17 16:51:52.134016,14.678917652070863,1.0044709162957783,1.4903162953608802,586.096701536472,51.0,1.0,701896.0,1.0,614478.0,70292.0,3
2025-12-17 16:51:52.233404,14.680865139141698,1.01422927007361,1.4704038910800334,616.1000935676456,66.0,2.0,728520.0,1.0,904412.0,81221.0,4
2025-12-17 16:51:52.334841,14.681780628641006,1.025109231151827,1.4528402401436538,702.6598753396283,120.0,2.0,516014.0,1.0,594230.0,65691.0,5
2025-12-17 16:51:52.833183,14.693760612662016,1.0793951058831706,1.3280502217730603,630.9197656521557,84.0,2.0,383100.0,1.0,625600.0,66677.0,0
2025-12-17 16:51:52.935020,14.696435861266142,1.0912999355841997,1.308038814962014,561.5310979625434,52.0,1.0,541052.0,1.0,743968.0,68809.0,1
2025-12-17 16:51:53.034499,14.69951685261973,1.1028098758231335,1.2877302700506117,574.8565398162622,47.0,1.0,507183.0,1.0,465877.0,64742.0,2
2025-12-17 16:51:53.133833,14.702300434321003,1.113762334557503,1.267549379195059,583.3161382364888,50.0,1.0,701184.0,1.0,628784.0,70458.0,3
2025-12-17 16:51:53.233611,14.704951359440084,1.1255547020088397,1.2498057314799746,627.2886321813313,71.0,2.0,737950.0,1.0,936813.0,80373.0,4
2025-12-17 16:51:53.333353,14.70954336774183,1.135082732810325,1.2287187850879602,693.8402464640374,115.0,2.0,520574.0,1.0,613439.0,66249.0,5
2025-12-17 16:51:53.833741,14.74097035288172,1.1895203016116938,1.1184489144659069,591.1076465107795,63.0,1.0,384529.0,1.0,631343.0,69253.0,0
2025-12-17 16:51:53.933268,14.746107126020696,1.1996023046685842,1.0990529688025754,612.7648069192973,78.0,2.0,518991.0,1.0,744976.0,65513.0,1
2025-12-17 16:51:54.033485,14.751036830759816,1.2103615709928963,1.0812223011915056,579.0884756933575,49.0,1.0,493969.0,1.0,470472.0,64501.0,2
2025-12-17 16:51:54.133659,14.75675837647083,1.220504870479969,1.055392720358028,603.5355769117973,59.0,1.0,692223.0,1.0,633913.0,69159.0,3
2025-12-17 16:51:54.233722,14.76292537504065,1.2291610157304935,1.028528102194803,611.477152699056,63.0,1.0,748515.0,1.0,942219.0,81607.0,4
2025-12-17 16:51:54.334785,14.764145986010488,1.2310266356878667,1.01628805785578,682.0211450570029,107.0,2.0,515839.0,1.0,624120.0,67061.0,5
2025-12-17 16:51:54.833544,14.793292546828482,1.2752599901363944,0.9132653201725446,616.2953855984634,76.0,2.0,381289.0,1.0,640816.0,67608.0,0
2025-12-17 16:51:54.935422,14.800289005884531,1.2841179574263606,0.8942254786887227,606.2978795780764,63.0,1.0,505298.0,1.0,468406.0,62799.0,2
2025-12-17 16:51:55.033442,14.806967122624268,1.2924360651170623,0.8664986282393701,835.7330584631724,212.0,2.0,618861.0,1.0,576013.0,55408.0,3
2025-12-17 16:51:55.135159,14.814541672644138,1.3013168863941882,0.8479874673503133,621.6470732078157,68.0,2.0,763612.0,1.0,964481.0,80864.0,4
2025-12-17 16:51:55.233072,14.824499278613718,1.3037750208325356,0.8262558532468736,651.1834115457701,88.0,2.0,530715.0,1.0,645168.0,69089.0,5
2025-12-17 16:51:55.834275,14.844289434769758,1.318979746790907,0.7618417031159578,618.4832989423492,77.0,2.0,383879.0,1.0,655291.0,67494.0,0
2025-12-17 16:51:55.933910,14.851731814530575,1.3250450989562683,0.7356439921000232,716.2331954907324,142.0,2.0,494136.0,1.0,735705.0,59328.0,1
2025-12-17 16:51:56.033785,14.861988951179606,1.3340056336533568,0.713574868808204,624.552887942332,73.0,2.0,509247.0,1.0,483057.0,61746.0,2
2025-12-17 16:51:56.133680,14.872531659523494,1.343414806279215,0.6892378348759942,857.9745352493774,231.0,3.0,610953.0,1.0,561956.0,54276.0,3
2025-12-17 16:51:56.232981,14.890438759893067,1.3530993370883309,0.6564005005415571,602.8540122093959,58.0,1.0,767758.0,1.0,970375.0,82356.0,4
2025-12-17 16:51:56.334222,14.91524879011712,1.3597232364729024,0.6245179885405188,663.3823231899396,95.0,2.0,523224.0,1.0,658403.0,68298.0,5
2025-12-17 16:51:56.833432,14.960714114620547,1.3888719515988497,0.5143323941640402,652.6709167266855,96.0,2.0,380773.0,1.0,645168.0,65314.0,0
2025-12-17 16:51:56.933559,14.97070429987157,1.393923159641318,0.4883670916661083,746.4672324483923,163.0,2.0,490471.0,1.0,744724.0,57665.0,1
2025-12-17 16:51:57.033516,14.980724422644617,1.3983710009069463,0.4631577821069486,1064.784996787045,763.0,4.0,382711.0,1.0,393615.0,34404.0,2
2025-12-17 16:51:57.134164,14.990975545961174,1.4041631417648102,0.4447822265759511,1103.1941183404626,892.0,4.0,472866.0,1.0,429240.0,35540.0,3
2025-12-17 16:51:57.233394,15.0016485730836,1.4092710097684726,0.4256079864408935,617.0425896539981,66.0,2.0,764387.0,1.0,966769.0,81221.0,4
2025-12-17 16:51:57.334541,15.01204466546782,1.4141831035841523,0.3994398707277061,672.563020730678,101.0,2.0,525175.0,1.0,666249.0,67700.0,5
2025-12-17 16:51:57.833548,15.039899742301564,1.4249052404795162,0.290946203346962,760.8587145882823,168.0,2.0,353571.0,1.0,637786.0,58908.0,0
2025-12-17 16:51:57.933455,15.051375021656328,1.428647842075975,0.2727026300051581,1045.7013272334784,775.0,4.0,359727.0,1.0,590222.0,36664.0,1
2025-12-17 16:51:58.033455,15.062163211025371,1.4326739594401392,0.2488640651210413,1792.0171539233882,4808.0,5.0,260375.0,1.0,240305.0,16624.0,2
2025-12-17 16:51:58.134092,15.07286605089698,1.4339671530857991,0.2229272530710435,1461.4135794024112,2635.0,5.0,369850.0,1.0,287519.0,23312.0,3
2025-12-17 16:51:58.233655,15.083586548689995,1.4357737166771134,0.1975233060694728,963.2311384466619,399.0,3.0,576403.0,1.0,794994.0,55426.0,4
2025-12-17 16:51:58.334246,15.095246209413263,1.4386215587028968,0.1817310714236934,830.7436073585075,213.0,2.0,461014.0,1.0,619071.0,58234.0,5
2025-12-17 16:51:58.833990,15.151736758566868,1.445547298716093,0.0700691936248622,1556.9121597073427,3368.0,5.0,264819.0,1.0,406476.0,20665.0,1
2025-12-17 16:51:58.934001,15.163214805125156,1.4463387996964483,0.0393989970761655,1832.2262348578304,5022.0,5.0,247822.0,1.0,216663.0,16229.0,2
2025-12-17 16:51:59.034810,15.174457940044336,1.4456508002284243,0.0167262171140293,1439.6112661646544,2512.0,5.0,372614.0,1.0,274864.0,23782.0,3
2025-12-17 16:51:59.135513,15.18640637885858,1.4462737514805468,-0.005739691594281,1176.4011383137508,1191.0,4.0,462264.0,1.0,563098.0,37952.0,4
2025-12-17 16:51:59.233822,15.198052978818357,1.4464878290539929,-0.0233058863405694,1115.9061066921272,967.0,4.0,331213.0,1.0,440573.0,36306.0,5
2025-12-17 16:51:59.833071,15.251327994814677,1.432018281615628,-0.1654821828223312,969.2341771782354,478.0,3.0,307135.0,1.0,550286.0,44406.0,0
2025-12-17 16:51:59.938982,15.261178505431143,1.4301240905562445,-0.1824501863284314,1650.1708594768804,3971.0,5.0,255833.0,1.0,364383.0,19306.0,1
2025-12-17 16:52:00.034538,15.271264885575636,1.4289635329281225,-0.2001294732341094,1590.4817479624894,3439.0,5.0,259144.0,1.0,223289.0,19131.0,2
2025-12-17 16:52:00.134673,15.281293717679889,1.4269370605265266,-0.2236376397570147,1324.8526606470352,1893.0,4.0,380258.0,1.0,280882.0,26664.0,3
2025-12-17 16:52:00.234265,15.289874601865456,1.4240569478617535,-0.2482184127907399,1170.6082526199539,1165.0,4.0,464145.0,1.0,550286.0,38275.0,4
2025-12-17 16:52:00.333746,15.298901585818635,1.4209923877893935,-0.2678515598723205,1278.104796871759,1690.0,4.0,300147.0,1.0,368600.0,29325.0,5
2025-12-17 16:52:00.834346,15.345945954276836,1.4012225923002486,-0.3938153563960377,1084.4221926723083,888.0,4.0,268337.0,1.0,467931.0,35891.0,0
2025-12-17 16:52:00.934601,15.357995741157566,1.397016755661756,-0.4092994256939103,1550.4039529344323,3327.0,5.0,261435.0,1.0,352615.0,20785.0,1
2025-12-17 16:52:01.034201,15.37085795845319,1.392614285132982,-0.4266555061245852,1396.7138410195541,2294.0,5.0,279649.0,1.0,241692.0,22589.0,2
2025-12-17 16:52:01.134469,15.382078343136689,1.388028127344736,-0.448929495118901,1228.0720927380378,1420.0,4.0,409791.0,1.0,298829.0,29865.0,3
2025-12-17 16:52:01.233440,15.393152193781784,1.3834925094973514,-0.4714039481700456,1143.7965967020582,1052.0,4.0,484531.0,1.0,549914.0,39794.0,4
2025-12-17 16:52:01.334331,15.35858900847666,1.3791754883609713,-0.4744413308806744,1332.285542462715,1963.0,4.0,282886.0,1.0,337893.0,27638.0,5
2025-12-17 16:52:01.834623,15.388313523916851,1.350502435621662,-0.5850925400959208,1140.610020765854,1116.0,4.0,264103.0,1.0,427355.0,32979.0,0
2025-12-17 16:52:01.933734,15.398318863336543,1.3439564291439616,-0.6061447296383403,1401.6378690866195,2441.0,5.0,280882.0,1.0,370602.0,23605.0,1
2025-12-17 16:52:02.033583,15.40753777767543,1.3381145100437255,-0.6241777594710182,1254.9458688364837,1568.0,4.0,303929.0,1.0,253077.0,26297.0,2
2025-12-17 16:52:02.133698,15.41641853642358,1.331721912492375,-0.6558557583455936,1141.2914003856583,1041.0,4.0,434208.0,1.0,318677.0,33633.0,3
2025-12-17 16:52:02.235264,15.405712510160642,1.320827436774982,-0.6688238315299266,1093.9854401195878,849.0,4.0,503762.0,1.0,570966.0,43059.0,4
2025-12-17 16:52:02.334490,15.40590057548307,1.3117839658912018,-0.6899700381510164,1364.4662111010666,2134.0,4.0,270984.0,1.0,316420.0,26736.0,5
2025-12-17 16:52:02.834068,15.448001944388954,1.2724955630356654,-0.8064361968538243,1126.7976926297013,1057.0,4.0,270618.0,1.0,420326.0,33678.0,0
2025-12-17 16:52:02.935056,15.455603933996755,1.2645500954496516,-0.8230078703203243,1248.8722977255898,1644.0,4.0,308489.0,1.0,385571.0,27666.0,1
2025-12-17 16:52:03.033961,15.463311497711178,1.2566782067608528,-0.8467398951448817,1135.178127896027,1034.0,4.0,321711.0,1.0,274585.0,30862.0,2
2025-12-17 16:52:03.133644,15.466224403867422,1.2481777129935772,-0.8644442742474384,1072.5108653981906,770.0,4.0,454969.0,1.0,338924.0,37556.0,3
2025-12-17 16:52:03.233431,15.471714685709529,1.2394079411844157,-0.8799575164357268,1052.1735941941013,694.0,4.0,527491.0,1.0,602330.0,46278.0,4
2025-12-17 16:52:03.334048,15.478705177699126,1.230897919058652,-0.9049845931146984,1392.6467711748282,2280.0,5.0,268701.0,1.0,301471.0,26040.0,5
2025-12-17 16:52:03.833932,15.510075551714095,1.1852818132181184,-1.0189324246289029,1071.985443171726,840.0,4.0,273842.0,1.0,440871.0,36664.0,0
2025-12-17 16:52:03.935716,15.51565745937086,1.1755959472259327,-1.0424226012198083,1181.1065713776934,1327.0,4.0,320516.0,1.0,399655.0,30089.0,1
2025-12-17 16:52:04.034078,15.531315759972667,1.160853481655591,-1.056700512724104,1061.4103263588613,742.0,4.0,342036.0,1.0,294811.0,34814.0,2
2025-12-17 16:52:04.134493,15.546363524485471,1.1458535063987032,-1.080908796063213,1026.7305285983314,604.0,3.0,485680.0,1.0,364630.0,40858.0,3
2025-12-17 16:52:04.234998,15.551141841893806,1.1364330774905849,-1.1042772517420574,1008.3623891672352,539.0,3.0,557598.0,1.0,623698.0,50415.0,4
2025-12-17 16:52:04.334955,15.556246101437782,1.126490208572788,-1.1300443571303729,1481.8275749318377,2784.0,5.0,245152.0,1.0,273842.0,24016.0,5
2025-12-17 16:52:04.833829,15.580049683261471,1.0749371992904797,-1.2315845107940262,1048.1731999103613,749.0,4.0,290060.0,1.0,442815.0,38210.0,0
2025-12-17 16:52:04.934431,15.582586194394286,1.0646718297995434,-1.254274699585037,1097.340389668083,970.0,4.0,349762.0,1.0,427789.0,33873.0,1
2025-12-17 16:52:05.034755,15.592996780433444,1.0509916248142035,-1.283827212735167,1017.642654837623,587.0,3.0,364753.0,1.0,306719.0,37760.0,2
2025-12-17 16:52:05.133553,15.625166246180871,1.0258949137727758,-1.3051573648377317,993.5317664201641,488.0,3.0,572902.0,1.0,661307.0,52080.0,4
2025-12-17 16:52:05.233658,15.628962778307676,1.014389176417701,-1.3252835690713716,1638.9899165668105,3757.0,5.0,219171.0,1.0,235395.0,21225.0,5
2025-12-17 16:52:05.833682,15.640623395969184,0.9475500027774296,-1.4640982222741852,998.3609483868491,571.0,3.0,305270.0,1.0,461795.0,41951.0,0
2025-12-17 16:52:05.934571,15.644349955304008,0.9339754377366596,-1.4874432019375583,1020.5745415782372,673.0,4.0,371104.0,1.0,445823.0,38626.0,1
2025-12-17 16:52:06.034422,15.657216509876507,0.9124989718083398,-1.4951708127614527,993.1475190576115,491.0,3.0,508042.0,1.0,383879.0,43764.0,3
2025-12-17 16:52:06.135701,15.65803337556142,0.9013957132997116,-1.509076996773609,981.7206709115624,451.0,3.0,576988.0,1.0,663773.0,53419.0,4
2025-12-17 16:52:06.834148,15.665514398526122,0.8193317737277717,-1.5186664116134592,963.5488119700738,454.0,3.0,315031.0,1.0,485023.0,45225.0,0
2025-12-17 16:52:06.934709,15.675813114687845,0.7914745509793963,-1.519769528403873,973.8086930201534,513.0,3.0,403051.0,1.0,472706.0,42336.0,1
2025-12-17 16:52:07.034413,15.67825572559916,0.7776541143730054,-1.5230368504137235,974.1069180326235,441.0,3.0,378076.0,1.0,325655.0,41443.0,2
2025-12-17 16:52:07.132922,15.6788405182827,0.7662947167725491,-1.523775020143921,957.3886143930263,378.0,3.0,536675.0,1.0,406064.0,47500.0,3
2025-12-17 16:52:07.234270,15.679930616322585,0.7552268762327152,-1.5257605563004963,975.9277507223396,432.0,3.0,576013.0,1.0,677620.0,54165.0,4
2025-12-17 16:52:07.334080,15.68040383739826,0.7446049197588387,-1.524760947037224,1645.3693366217256,3800.0,5.0,210021.0,1.0,222987.0,21132.0,5
2025-12-17 16:52:07.834137,15.683872536264166,0.685524529068978,-1.5178774459100854,936.7365859841084,372.0,3.0,331213.0,1.0,500532.0,48082.0,0
2025-12-17 16:52:07.935432,15.684627910861238,0.6738299536963446,-1.519616204362795,942.0429814217626,409.0,3.0,417067.0,1.0,497156.0,45486.0,1
2025-12-17 16:52:08.034227,15.685877361562254,0.6624128052503035,-1.5196074750111546,956.3390461475544,386.0,3.0,393215.0,1.0,330429.0,43190.0,2
2025-12-17 16:52:08.134102,15.68636862755186,0.6512683010302389,-1.51762368634952,937.608350240009,319.0,3.0,553836.0,1.0,427789.0,49906.0,3
2025-12-17 16:52:08.234155,15.687472530455768,0.640215908978325,-1.520340044649365,972.1162286391559,418.0,3.0,592824.0,1.0,693396.0,54700.0,4
2025-12-17 16:52:08.334060,15.687798433425552,0.6288052656410077,-1.521062541512188,1652.5499729255318,3847.0,5.0,203513.0,1.0,209240.0,21032.0,5
2025-12-17 16:52:08.834057,15.689652508372872,0.5711865285344846,-1.521315836494698,917.9243470415936,314.0,3.0,335614.0,1.0,524643.0,50500.0,0
2025-12-17 16:52:08.936234,15.689921027797734,0.5599107302021356,-1.5223000923059444,915.2772883187835,329.0,3.0,423755.0,1.0,520398.0,48523.0,1
2025-12-17 16:52:09.034723,15.69044295278841,0.548041696423823,-1.5210444151103908,931.5713326033109,313.0,3.0,410207.0,1.0,349525.0,45919.0,2
2025-12-17 16:52:09.136124,15.690620946402923,0.5360189994814171,-1.5208145466259302,900.8282708865115,267.0,3.0,575039.0,1.0,440424.0,52398.0,3
2025-12-17 16:52:09.234300,15.699612184211787,0.5263136741686747,-1.5123480604786426,960.3047555658668,382.0,3.0,607859.0,1.0,700709.0,56239.0,4
2025-12-17 16:52:09.335209,15.704908192543217,0.5151131747848989,-1.504176937842658,1649.730820397401,3828.0,5.0,205242.0,1.0,201048.0,21082.0,5
2025-12-17 16:52:09.834201,15.708161754145292,0.4571439907451662,-1.5056224238444291,860.1121501609205,247.0,3.0,350236.0,1.0,541052.0,53855.0,0
2025-12-17 16:52:09.936254,15.709124483047496,0.445379336973053,-1.506140149562434,854.5114121346419,248.0,3.0,446578.0,1.0,542519.0,52363.0,1
2025-12-17 16:52:10.033707,15.709970301396458,0.4337575768851796,-1.505632839204899,896.8032680160637,267.0,3.0,417915.0,1.0,356816.0,47919.0,2
2025-12-17 16:52:10.133752,15.710664146919964,0.4224507612650612,-1.5053895371790764,839.0472271516724,212.0,2.0,610333.0,1.0,467614.0,55502.0,3
2025-12-17 16:52:10.235588,15.71161512425793,0.4112988771475905,-1.5071389158605326,948.4934979476138,347.0,3.0,612402.0,1.0,717265.0,57861.0,4
2025-12-17 16:52:10.333951,15.7123846922389,0.3994158711109996,-1.5036774107281434,1590.911233068991,3443.0,5.0,204272.0,1.0,199963.0,22038.0,5
2025-12-17 16:52:10.833116,15.717190043786712,0.3405498506167514,-1.5032559779497936,814.2997225034457,208.0,2.0,353331.0,1.0,552713.0,56239.0,0
2025-12-17 16:52:10.933891,15.718036990913893,0.3294890934962957,-1.4998207246748845,799.7449780446052,201.0,2.0,456666.0,1.0,560436.0,55146.0,1
2025-12-17 16:52:11.035209,15.71864143763516,0.3184154783770214,-1.4998288812302791,888.0357880361469,259.0,3.0,427355.0,1.0,366114.0,48327.0,2
2025-12-17 16:52:11.135332,15.72005093910258,0.3066345226083449,-1.4998184209522942,823.2670507894009,199.0,2.0,599280.0,1.0,472546.0,56372.0,3
2025-12-17 16:52:11.234763,15.720355770929563,0.2948918018817412,-1.500060423019068,948.6818420297183,346.0,3.0,611781.0,1.0,725321.0,57920.0,4
2025-12-17 16:52:11.334859,15.721261743293514,0.2834163931673714,-1.5015365537901662,1559.09203700664,3246.0,5.0,206986.0,1.0,198547.0,22589.0,5
2025-12-17 16:52:11.833870,15.716525603585126,0.2098582628345706,-1.4972679799365085,790.4876401661812,188.0,2.0,358997.0,1.0,570773.0,57529.0,0
2025-12-17 16:52:11.933885,15.717208576784303,0.1985807613117476,-1.4965129357448752,765.9790957733662,175.0,2.0,471109.0,1.0,582482.0,56909.0,1
2025-12-17 16:52:12.034539,15.717449085661189,0.1864280236766369,-1.4950343799130916,855.2678037801691,229.0,3.0,428949.0,1.0,383359.0,49838.0,2
2025-12-17 16:52:12.134790,15.718937203897166,0.1751374010393238,-1.4957982140724126,780.4864086972234,166.0,2.0,616353.0,1.0,497492.0,58669.0,3
2025-12-17 16:52:12.232929,15.719245387133906,0.1635081803689289,-1.4947920737523388,941.869995915732,326.0,3.0,617188.0,1.0,753089.0,58928.0,4
2025-12-17 16:52:12.334264,15.71992454246348,0.1520805039241413,-1.494778288772598,1508.2725694424944,2936.0,5.0,208533.0,1.0,202825.0,23549.0,5
2025-12-17 16:52:12.833846,15.724354610839692,0.0940323586279898,-1.49773922531169,760.6754117391268,165.0,2.0,370476.0,1.0,576013.0,59208.0,0
2025-12-17 16:52:12.933936,15.72495530572167,0.0825271715757249,-1.497483887563072,734.2132268469178,152.0,2.0,457439.0,1.0,603963.0,58650.0,1
2025-12-17 16:52:13.034545,15.72608166559954,0.0704203349899152,-1.4972314751841531,832.4999764719892,209.0,2.0,441170.0,1.0,382064.0,50964.0,2
2025-12-17 16:52:13.133720,15.72693983814796,0.0588915833535637,-1.4947538543641257,755.7056507212615,148.0,2.0,632841.0,1.0,515490.0,60096.0,3
2025-12-17 16:52:13.233164,15.727770129678516,0.0473503086811533,-1.4954715067269233,930.0585398074064,294.0,3.0,621380.0,1.0,751306.0,60627.0,4
2025-12-17 16:52:13.334041,15.729102480615316,0.0359549960521174,-1.4964648976109265,1439.453169076398,2530.0,5.0,213605.0,1.0,202140.0,25037.0,5
2025-12-17 16:52:13.834255,15.73337786391114,-0.0231086538439218,-1.4972648568345728,729.863264619115,143.0,2.0,373877.0,1.0,603759.0,60957.0,0
2025-12-17 16:52:13.933929,15.733971564041957,-0.0349957662775697,-1.4928870376783836,796.7087876233822,181.0,2.0,446578.0,1.0,399250.0,52718.0,2
2025-12-17 16:52:14.033428,15.73525782362687,-0.0462991163174262,-1.4938601544077392,733.9031158118718,133.0,2.0,646479.0,1.0,523755.0,61350.0,3
2025-12-17 16:52:14.133381,15.73501159104814,-0.0573374368482006,-1.4945932186323327,899.2282303466611,264.0,3.0,638867.0,1.0,769840.0,62397.0,4
2025-12-17 16:52:14.234151,15.735687325362068,-0.0687117667640357,-1.4950665277201396,1378.6157648717335,2195.0,4.0,224805.0,1.0,211734.0,26529.0,5
2025-12-17 16:52:14.833930,15.740765815398545,-0.1390966206466544,-1.4923604114177864,719.0509796714606,136.0,2.0,374637.0,1.0,608683.0,61620.0,0
2025-12-17 16:52:14.934038,15.74163197477581,-0.1507218387323323,-1.4925909802540716,713.6814889940209,137.0,2.0,489641.0,1.0,622011.0,59832.0,1
2025-12-17 16:52:15.033935,15.742311989431672,-0.1618625586110891,-1.492085396633265,749.9641774450816,147.0,2.0,452665.0,1.0,410624.0,55108.0,2
2025-12-17 16:52:15.134839,15.742805044917942,-0.1734570890051401,-1.4908610758012422,704.1448500444385,114.0,2.0,662427.0,1.0,546019.0,63140.0,3
2025-12-17 16:52:15.234082,15.743771705249546,-0.1843854037854555,-1.4908807288743298,882.4357120385733,249.0,3.0,666249.0,1.0,804740.0,63376.0,4
2025-12-17 16:52:15.334299,15.744346131792982,-0.196133038710025,-1.4884028093903363,1340.8144955147063,1995.0,4.0,229728.0,1.0,222008.0,27573.0,5
2025-12-17 16:52:15.834313,15.749232357876744,-0.2527023259639058,-1.463206203751969,680.2388276692706,111.0,2.0,380773.0,1.0,628997.0,63936.0,0
2025-12-17 16:52:15.934205,15.75121239962067,-0.2643862268507977,-1.4392649369556354,674.9156472253919,112.0,2.0,488813.0,1.0,632627.0,62123.0,1
2025-12-17 16:52:16.033290,15.754069097677236,-0.2751347691916272,-1.4135548332044086,766.1961989933864,158.0,2.0,461014.0,1.0,412156.0,54276.0,2
2025-12-17 16:52:16.133700,15.756006227214284,-0.2861420018894431,-1.3892619010709937,681.3640769245729,100.0,2.0,661978.0,1.0,560246.0,64567.0,3
2025-12-17 16:52:16.234668,15.764047744973356,-0.2944442632574091,-1.3588595040188516,845.6243220936053,216.0,2.0,674873.0,1.0,803379.0,65646.0,4
2025-12-17 16:52:16.335242,15.770593394189714,-0.3050242072365758,-1.3279040002382845,1282.9953057747525,1705.0,4.0,243911.0,1.0,227715.0,29364.0,5
2025-12-17 16:52:16.834122,15.787108704692306,-0.358048796549733,-1.213944797484292,660.4265678836109,99.0,2.0,385311.0,1.0,652414.0,65160.0,0
2025-12-17 16:52:16.935368,15.791421625120776,-0.3686992296619813,-1.191438622877679,666.1500386394199,107.0,2.0,506497.0,1.0,653740.0,62630.0,1
2025-12-17 16:52:17.035105,15.795338589166375,-0.379430082756901,-1.1680808611091462,745.428791683086,143.0,2.0,467931.0,1.0,426488.0,55351.0,2
2025-12-17 16:52:17.134572,15.800236344535024,-0.3903730776450924,-1.1476592070633804,688.5837451726816,104.0,2.0,663100.0,1.0,571740.0,64131.0,3
2025-12-17 16:52:17.233316,15.805208908315937,-0.4003942156979594,-1.1246663308605975,806.8125668364235,185.0,2.0,668734.0,1.0,819306.0,68114.0,4
2025-12-17 16:52:17.333921,15.810650684318524,-0.4103208475713096,-1.0981523365345427,1215.1757070660278,1383.0,4.0,252222.0,1.0,236193.0,31881.0,5
2025-12-17 16:52:17.933915,15.845775079292537,-0.4701023281492098,-0.9687417908432692,626.3838175977947,83.0,2.0,513053.0,1.0,671228.0,65071.0,1
2025-12-17 16:52:18.033572,15.852823158841996,-0.4789627586528233,-0.9468846773637468,736.6606070632773,137.0,2.0,476562.0,1.0,424185.0,55803.0,2
2025-12-17 16:52:18.133605,15.860087272346474,-0.4878332591103298,-0.9222666684899417,654.8030098028366,84.0,2.0,682684.0,1.0,596245.0,66204.0,3
2025-12-17 16:52:18.233599,15.866669024975128,-0.4974045514475893,-0.9018682986556408,807.0011197760783,185.0,2.0,689184.0,1.0,849807.0,68114.0,4
2025-12-17 16:52:18.333953,15.873605096052945,-0.5074900985638156,-0.8803891909673095,1173.35635276311,1196.0,4.0,269977.0,1.0,247235.0,33712.0,5
2025-12-17 16:52:18.833561,15.880561900924924,-0.5448136081528627,-0.7631390072616963,659.8020147003733,98.0,2.0,385833.0,1.0,648452.0,65204.0,0
2025-12-17 16:52:18.933026,15.889822890976877,-0.5520787943336227,-0.7456397095526892,631.6177285993608,86.0,2.0,501041.0,1.0,690118.0,64808.0,1
2025-12-17 16:52:19.033923,15.89832972688923,-0.5598820250949501,-0.7246714353433992,697.8928598541955,112.0,2.0,478015.0,1.0,441768.0,57920.0,2
2025-12-17 16:52:19.134886,15.906958679050677,-0.5669760692767625,-0.7050024350849569,652.0227678169828,83.0,2.0,681068.0,1.0,593426.0,66406.0,3
2025-12-17 16:52:19.234390,15.916048799669134,-0.5732959931159645,-0.6821055790808661,778.1897684735271,163.0,2.0,703085.0,1.0,882639.0,69959.0,4
2025-12-17 16:52:19.333825,15.931045838872128,-0.57280763744056,-0.6389228588090256,1129.5369695578056,1008.0,4.0,282599.0,1.0,261877.0,35964.0,5
2025-12-17 16:52:19.833256,15.956697100290864,-0.581669743315194,-0.5761033565346785,639.9897335082405,86.0,2.0,386617.0,1.0,668508.0,66496.0,0
2025-12-17 16:52:19.934407,15.956697100290864,-0.581669743315194,-0.5761033565346785,612.85217105136,75.0,2.0,531254.0,1.0,706424.0,66003.0,1
2025-12-17 16:52:20.033471,15.956697100290864,-0.581669743315194,-0.5761033565346785,678.1249262115609,100.0,2.0,490803.0,1.0,443866.0,59008.0,2
2025-12-17 16:52:20.133922,15.956697100290864,-0.581669743315194,-0.5761033565346785,629.2420331055685,70.0,2.0,683840.0,1.0,625177.0,67906.0,3
2025-12-17 16:52:20.233294,15.956697100290864,-0.581669743315194,-0.5761033565346785,1094.6994495629542,869.0,4.0,294911.0,1.0,273564.0,37991.0,5
2025-12-17 16:52:20.832653,15.951799331783176,-0.5653865081411507,-0.5279831106302315,640.1773963588361,86.0,2.0,400197.0,1.0,685926.0,66474.0,0
2025-12-17 16:52:20.934034,15.958825019593077,-0.5699638326493588,-0.5012768834304161,598.0862028583989,67.0,2.0,531973.0,1.0,733716.0,66948.0,1
2025-12-17 16:52:21.033083,15.970362604104206,-0.5747638335603611,-0.4718423185533744,672.3570074278894,96.0,2.0,489144.0,1.0,456511.0,59368.0,2
2025-12-17 16:52:21.133428,15.98263470063378,-0.5813044880450828,-0.4446511863005407,638.4614015482805,75.0,2.0,704752.0,1.0,634342.0,67311.0,3
2025-12-17 16:52:21.234383,15.995796687029436,-0.5872019083231024,-0.4251209247391044,773.5667663425694,160.0,2.0,706663.0,1.0,898007.0,70268.0,4
2025-12-17 16:52:21.336110,16.007829119861434,-0.5920081823999599,-0.4099738198387208,1055.898662153225,723.0,4.0,307863.0,1.0,287422.0,40583.0,5
2025-12-17 16:52:21.834265,16.057209394065982,-0.6124978410587136,-0.3001077848111314,629.3654751334478,80.0,2.0,395484.0,1.0,695746.0,67152.0,0
2025-12-17 16:52:21.934375,16.06719386348365,-0.6158016845825447,-0.2779469573203155,596.3204018264992,66.0,2.0,535587.0,1.0,736951.0,67107.0,1
2025-12-17 16:52:22.032988,16.078462537161606,-0.6183737556520708,-0.2535059366489034,641.5891566704083,79.0,2.0,497998.0,1.0,471747.0,61163.0,2
2025-12-17 16:52:22.134062,16.090643596626634,-0.6201576408818585,-0.2336305191490116,627.6810175608953,69.0,2.0,709299.0,1.0,646698.0,68067.0,3
2025-12-17 16:52:22.234595,16.101971731883683,-0.623742606220139,-0.2109990311438703,738.755305898753,135.0,2.0,725812.0,1.0,917360.0,72638.0,4
2025-12-17 16:52:22.334166,16.112642527828182,-0.6265746573443352,-0.1869588534858808,1038.0789509058318,656.0,4.0,310690.0,1.0,297618.0,41980.0,5
2025-12-17 16:52:22.833635,16.177472306144757,-0.618643464289411,-0.0643490389371261,623.5531329140892,77.0,2.0,399655.0,1.0,701184.0,67562.0,0
2025-12-17 16:52:22.933923,16.18879671084929,-0.6192986349587919,-0.0450421453970626,567.5544151381266,52.0,1.0,553836.0,1.0,773234.0,68995.0,1
2025-12-17 16:52:23.033597,16.20074210530146,-0.6196077402689646,-0.0215422901743058,632.8214693615216,74.0,2.0,495141.0,1.0,470313.0,61725.0,2
2025-12-17 16:52:23.134038,16.211873672742378,-0.6206056054466469,0.0026520929611158,594.9004891577335,52.0,1.0,712185.0,1.0,661754.0,70244.0,3
2025-12-17 16:52:23.233167,16.223602018766183,-0.6200680484424232,0.0246277656966793,739.943536315602,136.0,2.0,713875.0,1.0,947335.0,72588.0,4
2025-12-17 16:52:23.334314,16.2348000083313,-0.6188622081408521,0.0473774656211236,1005.2596175571443,542.0,3.0,324006.0,1.0,313860.0,44783.0,5
2025-12-17 16:52:23.833588,16.260156662653326,-0.5969030432624418,0.1951043963175795,618.740900168185,74.0,2.0,399520.0,1.0,708100.0,67906.0,0
2025-12-17 16:52:23.933843,16.27273335561987,-0.5935453149165415,0.2202965647208207,580.7885155420717,58.0,1.0,536131.0,1.0,771666.0,68160.0,1
2025-12-17 16:52:24.034977,16.284283223276603,-0.5902765582691796,0.2395174329944895,612.0539610567064,63.0,1.0,509247.0,1.0,484695.0,62970.0,2
2025-12-17 16:52:24.134228,16.295782339941383,-0.5865798393586026,0.2569584431891158,586.1200077226206,48.0,1.0,715084.0,1.0,669867.0,70889.0,3
2025-12-17 16:52:24.234317,16.30618456223697,-0.5829742966434086,0.2792845551861749,723.1322526844052,125.0,2.0,740452.0,1.0,952479.0,73777.0,4
2025-12-17 16:52:24.333889,16.316286310090028,-0.578891745868443,0.3035003779947539,982.4401807017847,468.0,3.0,347285.0,1.0,325545.0,46956.0,5
2025-12-17 16:52:24.833707,16.35950734855978,-0.5424342985935571,0.4245267804805996,607.9286985931101,68.0,2.0,400603.0,1.0,724585.0,68623.0,0
2025-12-17 16:52:24.933955,16.360261368266972,-0.5415814427731345,0.4255127772543601,574.0226608968903,54.0,1.0,554211.0,1.0,788830.0,68623.0,1
2025-12-17 16:52:25.034082,16.36011222455673,-0.5415969740357092,0.4252664477950553,601.2859245621863,57.0,1.0,513574.0,1.0,487987.0,63634.0,2
2025-12-17 16:52:25.134569,16.36011222455673,-0.5415969740357092,0.4252664477950553,612.3395594285142,60.0,1.0,750290.0,1.0,695040.0,69159.0,3
2025-12-17 16:52:25.233258,16.36011222455673,-0.5415969740357092,0.4252664477950553,701.3205526576046,111.0,2.0,747502.0,1.0,965461.0,75342.0,4
2025-12-17 16:52:25.334055,16.36011222455673,-0.5415969740357092,0.4252664477950553,961.6208506046158,401.0,3.0,352376.0,1.0,346229.0,49301.0,5
2025-12-17 16:52:25.833816,16.310881328648833,-0.5334158406182521,0.4285178917726503,622.1164951402742,76.0,2.0,399926.0,1.0,725812.0,67723.0,0
2025-12-17 16:52:25.933985,16.310881328648833,-0.5334158406182521,0.4285178917726503,552.2567870539401,44.0,1.0,551218.0,1.0,804740.0,70125.0,1
2025-12-17 16:52:26.034079,16.310881328648833,-0.5334158406182539,0.4285178917726503,604.5369810627054,56.0,1.0,717751.0,1.0,695511.0,69676.0,3
2025-12-17 16:52:26.134795,16.311353255987132,-0.5335186241755725,0.4300226747356285,691.4904920163236,105.0,2.0,755897.0,1.0,991623.0,76033.0,4
2025-12-17 16:52:26.235306,16.316177955094382,-0.5316251952165008,0.4500092520492199,944.7836525100959,349.0,3.0,377693.0,1.0,355370.0,51362.0,5
2025-12-17 16:52:26.833531,16.383941615738525,-0.4943185636760621,0.5920948557534972,628.3042177036631,79.0,2.0,393481.0,1.0,734710.0,67334.0,0
2025-12-17 16:52:26.933578,16.39208456399216,-0.4880646442201914,0.6137892966013545,542.4908109009285,39.0,1.0,564242.0,1.0,821249.0,71226.0,1
2025-12-17 16:52:27.035202,16.399583674129527,-0.4814124479210786,0.6389658598004557,627.7505271916257,71.0,2.0,514618.0,1.0,494471.0,62060.0,2
2025-12-17 16:52:27.133677,16.408409217607492,-0.4745548137551409,0.6634044637774393,584.7783173837172,46.0,1.0,721893.0,1.0,713150.0,71057.0,3
2025-12-17 16:52:27.233563,16.418195436969842,-0.467906467521141,0.682333349925868,664.6976093385201,89.0,2.0,770100.0,1.0,1007865.0,78015.0,4
2025-12-17 16:52:27.334403,16.427223640072576,-0.459956390252584,0.7025033150066955,931.9821933005165,312.0,3.0,376035.0,1.0,370351.0,53041.0,5
2025-12-17 16:52:27.833412,16.469024542447695,-0.4238424202488371,0.8098421248281732,631.4919714378811,81.0,2.0,400739.0,1.0,755897.0,67107.0,0
2025-12-17 16:52:27.933810,16.46430506896249,-0.4065166524162649,0.843625522298592,559.7249843500433,47.0,1.0,564816.0,1.0,836113.0,70054.0,1
2025-12-17 16:52:28.033592,16.46986004794645,-0.3966637846375231,0.8667800011044189,612.982324694627,63.0,1.0,520927.0,1.0,503250.0,62970.0,2
2025-12-17 16:52:28.134939,16.4769815284779,-0.3875519509193719,0.8904111791117332,667.8675183488047,91.0,2.0,780068.0,1.0,1047511.0,77804.0,4
2025-12-17 16:52:28.233998,16.482699375759342,-0.3786722803520987,0.9186765403369458,898.1446960662947,268.0,3.0,397094.0,1.0,381289.0,55277.0,5
2025-12-17 16:52:28.833730,16.521275095510745,-0.3220693753903081,1.0447055377604482,632.679807230246,81.0,2.0,398575.0,1.0,738949.0,67061.0,0
2025-12-17 16:52:28.933802,16.538777210697337,-0.2971220099184926,1.0628830031278456,551.959101610566,43.0,1.0,567114.0,1.0,844360.0,70625.0,1
2025-12-17 16:52:29.034199,16.554475587152908,-0.2736055032720621,1.0862576373936017,597.2146369213976,55.0,1.0,524998.0,1.0,512012.0,63958.0,2
2025-12-17 16:52:29.133311,16.560223250497458,-0.2634388815546824,1.105310048083328,592.2171907837507,50.0,1.0,754875.0,1.0,730495.0,70578.0,3
2025-12-17 16:52:29.233482,16.565535900628895,-0.2532096096856158,1.127428317349029,673.0745932585924,93.0,2.0,777433.0,1.0,1042560.0,77436.0,4
2025-12-17 16:52:29.834728,16.59080378413297,-0.1902210455812909,1.2610613322586162,622.8677707103449,76.0,2.0,394148.0,1.0,766719.0,67700.0,0
2025-12-17 16:52:29.933418,16.59392889136847,-0.1731827806349972,1.2937567285542937,560.1931308422944,47.0,1.0,570194.0,1.0,852400.0,70125.0,1
2025-12-17 16:52:30.033748,16.596189988835786,-0.1431981667306914,1.3321005854367374,584.4467035109343,48.0,1.0,530715.0,1.0,519870.0,64808.0,2
2025-12-17 16:52:30.133903,16.59795381402751,-0.1334550391665221,1.3530093745710845,578.4367975783373,43.0,1.0,732475.0,1.0,732723.0,71588.0,3
2025-12-17 16:52:30.233567,16.597494213370123,-0.1322456869190489,1.3547189040748622,633.2631088753276,71.0,2.0,792040.0,1.0,1063587.0,80482.0,4
2025-12-17 16:52:30.333647,16.597494213370123,-0.1322456869190489,1.3547189040748622,862.5239764865544,236.0,3.0,409653.0,1.0,395886.0,57160.0,5
2025-12-17 16:52:30.832706,16.61205544356656,-0.1095625226004273,1.402607702768632,640.0551671066835,85.0,2.0,399385.0,1.0,760002.0,66631.0,0
2025-12-17 16:52:30.934982,16.650985339399067,-0.0745579468790484,1.4464942762840447,558.427616138095,46.0,1.0,578748.0,1.0,876388.0,70244.0,1
2025-12-17 16:52:31.034667,16.65380626739223,-0.0596693051169392,1.4701671299248036,569.6790881751502,41.0,1.0,521633.0,1.0,522693.0,66182.0,2
2025-12-17 16:52:31.134207,16.654354948879256,-0.0468178381964055,1.4869728339742092,591.656341163587,49.0,1.0,760259.0,1.0,756922.0,70721.0,3
2025-12-17 16:52:31.232756,16.655754407389082,-0.034451092983577,1.5030654307812708,611.4514555964264,60.0,1.0,787763.0,1.0,1095741.0,82189.0,4
2025-12-17 16:52:31.333651,16.656852112853258,-0.0226318656640778,1.511210162954269,829.7046171257189,207.0,2.0,411877.0,1.0,409653.0,58968.0,5
2025-12-17 16:52:31.834207,16.660070072934296,0.0320555436394425,1.5208544722962338,634.2432250381505,82.0,2.0,399520.0,1.0,771143.0,66993.0,0
2025-12-17 16:52:31.934549,16.660453387078114,0.0434322492442902,1.5188908948327366,595.8880149478501,53.0,1.0,531973.0,1.0,532514.0,64545.0,2
2025-12-17 16:52:32.033901,16.661763718901415,0.0551799897942064,1.5221271678104011,577.853803181521,43.0,1.0,743968.0,1.0,763095.0,71685.0,3
2025-12-17 16:52:32.135220,16.661873789515344,0.0673420552150876,1.5206200271563932,625.6215696942694,67.0,2.0,809932.0,1.0,1097969.0,81083.0,4
2025-12-17 16:52:32.233937,16.66280639112367,0.0783694438585644,1.5235974322551884,800.8672447136795,184.0,2.0,435532.0,1.0,425479.0,60607.0,5
2025-12-17 16:52:32.833764,16.66715507663499,0.1474034490217661,1.5188648722578784,624.4309179329188,77.0,2.0,396020.0,1.0,790969.0,67608.0,0
2025-12-17 16:52:32.933781,16.667522162419615,0.1585388870353377,1.5151814028644293,558.8955732279672,46.0,1.0,577379.0,1.0,883835.0,70268.0,1
2025-12-17 16:52:33.034017,16.66858645790798,0.1702853747523942,1.5183951193073246,601.1432798613907,56.0,1.0,531793.0,1.0,540869.0,64262.0,2
2025-12-17 16:52:33.133910,16.66925194723807,0.1818094845706923,1.5136791003896994,587.095229707524,47.0,1.0,749021.0,1.0,776381.0,71081.0,3
2025-12-17 16:52:33.234536,16.670467379599607,0.1933512567809661,1.5176380374644571,615.8287903142435,61.0,1.0,797960.0,1.0,1117085.0,81939.0,4
2025-12-17 16:52:33.334075,16.670769071879732,0.2051631031167531,1.5144367216996963,788.0659735502534,174.0,2.0,427934.0,1.0,443115.0,61350.0,5
2025-12-17 16:52:33.833448,16.656900226933146,0.2775986670046038,1.5422456271198006,641.618634675249,86.0,2.0,397497.0,1.0,781654.0,66541.0,0
2025-12-17 16:52:33.934642,16.657611945775994,0.2891996000980459,1.5447491566933913,557.1298939380168,45.0,1.0,580711.0,1.0,899832.0,70411.0,1
2025-12-17 16:52:34.033335,16.657875389662333,0.301006847437236,1.5435055777963276,591.3752928193574,51.0,1.0,542336.0,1.0,549170.0,64873.0,2
2025-12-17 16:52:34.134430,16.65818973777037,0.3121792398388248,1.541546901920386,585.3148206997764,46.0,1.0,764646.0,1.0,792040.0,71274.0,3
2025-12-17 16:52:34.235004,16.658598226181,0.3235039921232534,1.545506401858977,614.0173781263234,61.0,1.0,811303.0,1.0,1126959.0,82050.0,4
2025-12-17 16:52:34.333085,16.658457414992533,0.3353501362010576,1.5467396292798852,779.2464346333409,167.0,2.0,436270.0,1.0,449307.0,61892.0,5
2025-12-17 16:52:34.833778,16.659565388879862,0.3928699194205016,1.5477573274261789,619.8064727209269,74.0,2.0,399250.0,1.0,804740.0,67929.0,0
2025-12-17 16:52:34.934396,16.660282765188267,0.4037992457059367,1.5482467706256773,577.3639554781857,55.0,1.0,572514.0,1.0,917981.0,69089.0,1
2025-12-17 16:52:35.033303,16.659884674450552,0.4155613416624586,1.5467684609782657,573.6074566886682,42.0,1.0,542703.0,1.0,561195.0,66025.0,2
2025-12-17 16:52:35.133910,16.660172347792415,0.4270637352277493,1.5457867996254666,573.5341834360898,40.0,1.0,764905.0,1.0,799852.0,72392.0,3
2025-12-17 16:52:35.233643,16.659427201771553,0.4297898340849109,1.5475244326807611,591.2056211726452,49.0,1.0,825149.0,1.0,1148911.0,83960.0,4
2025-12-17 16:52:35.333637,16.65924724305548,0.43026273277151,1.5455372911587526,740.4271742631797,140.0,2.0,454661.0,1.0,465246.0,64196.0,5
2025-12-17 16:52:35.833765,16.6763898443793,0.4467067600357026,1.5642076510212186,611.9942463594093,70.0,2.0,405377.0,1.0,802292.0,68460.0,0
2025-12-17 16:52:35.932930,16.681227772535845,0.4505071260811846,1.5694206880606814,584.5977313930118,59.0,1.0,575039.0,1.0,913023.0,68623.0,1
2025-12-17 16:52:36.033973,16.681227772535845,0.4505071260811846,1.5694206880606814,567.8397835422307,39.0,1.0,534319.0,1.0,566731.0,66631.0,2
2025-12-17 16:52:36.133090,16.682041839955115,0.4532218714816789,1.5686776628434913,568.753480329344,38.0,1.0,796071.0,1.0,826267.0,73007.0,3
2025-12-17 16:52:36.234015,16.682064496530124,0.4622011208521446,1.5656833554929723,601.394190888764,54.0,1.0,810206.0,1.0,1186050.0,83112.0,4
2025-12-17 16:52:36.333983,16.682948176764924,0.4750998119454888,1.564950409187871,732.6078766811958,135.0,2.0,459612.0,1.0,477369.0,64676.0,5
2025-12-17 16:52:36.933956,16.683186808485793,0.5497271270647914,1.5627544941535552,562.8320907327186,48.0,1.0,594834.0,1.0,932069.0,70078.0,1
2025-12-17 16:52:37.033626,16.68455614313822,0.5604053932171382,1.5629956063864905,584.0718742775824,47.0,1.0,547129.0,1.0,565007.0,65580.0,2
2025-12-17 16:52:37.133898,16.68474112075655,0.5717287342594322,1.561501278411498,577.9731345309333,42.0,1.0,756922.0,1.0,827387.0,72368.0,3
2025-12-17 16:52:37.233425,16.685329644580378,0.5821719464561887,1.560510670752228,597.5825792682731,52.0,1.0,839800.0,1.0,1176455.0,83506.0,4
2025-12-17 16:52:37.333624,16.686040049457777,0.5937846323400215,1.5657129734830804,722.7884517480705,128.0,2.0,474951.0,1.0,495141.0,65292.0,5
2025-12-17 16:52:37.834461,16.686355872581327,0.6520614102337401,1.5684044897059335,620.3699292107037,74.0,2.0,395216.0,1.0,825149.0,67929.0,0
2025-12-17 16:52:37.935056,16.685969542754318,0.6638364068301783,1.5646879531526934,556.0664673972411,44.0,1.0,588227.0,1.0,944773.0,70602.0,1
2025-12-17 16:52:38.033437,16.68641766962658,0.6750824030747822,1.5686810600592953,576.3040016959993,43.0,1.0,551778.0,1.0,579925.0,66092.0,2
2025-12-17 16:52:38.133277,16.686335688032084,0.6869684818436426,1.568153443056404,568.1924751000836,38.0,1.0,772188.0,1.0,844360.0,73106.0,3
2025-12-17 16:52:38.234551,16.68595383614206,0.6989177637148778,1.5669524970991862,599.7712911130859,53.0,1.0,813503.0,1.0,1204660.0,83337.0,4
2025-12-17 16:52:38.333826,16.68641707760997,0.7107554112895862,1.5691750598861471,688.9691281539386,106.0,2.0,466034.0,1.0,504615.0,67448.0,5
2025-12-17 16:52:38.835251,16.686090591943135,0.7685856987273247,1.5688890007372198,607.5578536333782,67.0,2.0,401825.0,1.0,831598.0,68809.0,0
2025-12-17 16:52:38.933467,16.67733431103211,0.7943664789073566,1.5832470506997984,572.3002145154138,52.0,1.0,595842.0,1.0,970047.0,69511.0,1
2025-12-17 16:52:39.034187,16.6742421014426,0.8100799298899624,1.593900768096749,572.5363471232657,41.0,1.0,552526.0,1.0,592223.0,66406.0,2
2025-12-17 16:52:39.135308,16.673989273982432,0.8214638265851057,1.5899574312484783,572.4123977218778,40.0,1.0,775856.0,1.0,842362.0,72834.0,3
2025-12-17 16:52:39.233599,16.674016481089247,0.8325094698607476,1.5922266298052494,595.9596112557418,51.0,1.0,842077.0,1.0,1211201.0,83648.0,4
2025-12-17 16:52:39.335338,16.673672033077438,0.8442674095176823,1.590233563884662,682.1500411980975,102.0,2.0,473347.0,1.0,517763.0,67929.0,5
2025-12-17 16:52:39.833730,16.671549232819434,0.9025466761859188,1.594736584300901,632.7453441055327,80.0,2.0,404007.0,1.0,834700.0,67175.0,0
2025-12-17 16:52:39.934075,16.671622610636867,0.9133998174715838,1.5974702507956295,564.5344759933228,48.0,1.0,572320.0,1.0,957651.0,70078.0,1
2025-12-17 16:52:40.033859,16.67116675212494,0.924949015778596,1.597213015134315,558.7684422698721,35.0,1.0,561956.0,1.0,599280.0,67723.0,2
2025-12-17 16:52:40.133101,16.67007425939878,0.9303234202274772,1.593252797746767,564.6313902007213,36.0,1.0,777959.0,1.0,861974.0,73628.0,3
2025-12-17 16:52:40.233500,16.66983287517134,0.9305543364674804,1.5930258334843392,589.1480921885517,48.0,1.0,850959.0,1.0,1220667.0,84245.0,4
2025-12-17 16:52:40.334516,16.669835502323245,0.9303650832376108,1.5920425786431245,683.3305326286909,103.0,2.0,489144.0,1.0,541236.0,67814.0,5
2025-12-17 16:52:40.833435,16.67038941196923,0.969877024662221,1.5966977903264494,580.9330647911607,53.0,1.0,397901.0,1.0,840938.0,70625.0,0
2025-12-17 16:52:40.933501,16.66972921110423,0.9839286137187866,1.5996772253206035,579.7684607424159,55.0,1.0,592022.0,1.0,963176.0,69089.0,1
2025-12-17 16:52:41.033375,16.668891528159207,0.9967464979763356,1.598678664419042,558.0005011977559,34.0,1.0,563479.0,1.0,594834.0,67906.0,2
2025-12-17 16:52:41.135009,16.66878772704865,1.008505174115891,1.6013906640581883,558.8512858268613,33.0,1.0,815157.0,1.0,878467.0,74480.0,3
2025-12-17 16:52:41.235259,16.66830590091965,1.019758541829738,1.5991553956581823,605.3369233536077,56.0,1.0,840369.0,1.0,1244444.0,82943.0,4
2025-12-17 16:52:41.335369,16.668558608917895,1.0309424710456234,1.601643158201434,668.5113266311447,94.0,2.0,490969.0,1.0,554774.0,68809.0,5
2025-12-17 16:52:41.835329,16.68673749656203,1.0886018644549544,1.613366118955611,580.1211965186269,53.0,1.0,411320.0,1.0,864311.0,70697.0,0
2025-12-17 16:52:41.934684,16.6863760354239,1.099721146033378,1.6079166606089137,570.0028568388265,50.0,1.0,604986.0,1.0,1003780.0,69794.0,1
2025-12-17 16:52:42.033303,16.686273340836156,1.1107046196085228,1.604439917545244,580.2326557802147,45.0,1.0,563288.0,1.0,606010.0,66496.0,2
2025-12-17 16:52:42.133205,16.68637827618891,1.122114670113982,1.6121319710644595,582.070366754881,44.0,1.0,770100.0,1.0,885032.0,72834.0,3
2025-12-17 16:52:42.233397,16.685727310886193,1.1342952212990358,1.6118759539701146,587.5250719616329,47.0,1.0,856738.0,1.0,1245708.0,84416.0,4
2025-12-17 16:52:42.335007,16.684947521142924,1.1460366803736246,1.6143414941901997,666.6919011560998,93.0,2.0,504444.0,1.0,559867.0,68972.0,5
2025-12-17 16:52:42.833800,16.68157410875989,1.206652887435613,1.6165393455923154,610.3086854885728,68.0,2.0,404281.0,1.0,863141.0,68669.0,0
2025-12-17 16:52:42.933625,16.68048643981038,1.218252199368839,1.6135929655651975,555.23672804014,43.0,1.0,589822.0,1.0,1011966.0,70769.0,1
2025-12-17 16:52:43.034078,16.680131663515702,1.2296564963922003,1.616820930907934,558.4650070117636,34.0,1.0,560626.0,1.0,620119.0,67998.0,2
2025-12-17 16:52:43.133753,16.679573015993967,1.2407382631990806,1.6155678840583083,574.2899638924855,40.0,1.0,774282.0,1.0,903188.0,73404.0,3
2025-12-17 16:52:43.235032,16.678988350692357,1.251989308208744,1.6111236957565995,575.7138797527392,41.0,1.0,850671.0,1.0,1242760.0,85740.0,4
2025-12-17 16:52:43.333535,16.67842217402735,1.2636324641573946,1.5950482664175212,658.8722751707475,88.0,2.0,498672.0,1.0,583271.0,69511.0,5
2025-12-17 16:52:43.833354,16.66597657997347,1.3097138305697769,1.489208043703708,593.4963778200129,59.0,1.0,406338.0,1.0,883237.0,69817.0,0
2025-12-17 16:52:43.933954,16.649123804159668,1.308670316893771,1.4759917543843295,549.4709241988106,41.0,1.0,599685.0,1.0,1016429.0,71201.0,1
2025-12-17 16:52:44.035066,16.649585362135408,1.3199816560152993,1.4602094088509656,573.6974076957993,41.0,1.0,569230.0,1.0,623276.0,67016.0,2
2025-12-17 16:52:44.132995,16.651531843514565,1.3305760157997994,1.431006232325294,572.5092743933053,39.0,1.0,789898.0,1.0,909630.0,73528.0,3
2025-12-17 16:52:44.233473,16.65412070385874,1.3412105979293631,1.4080187778701394,595.9020854761413,50.0,1.0,859352.0,1.0,1302182.0,84102.0,4
2025-12-17 16:52:44.333917,16.656406893760348,1.3519057080993218,1.3839816804870588,644.0529840918005,79.0,2.0,518114.0,1.0,582877.0,70530.0,5
2025-12-17 16:52:44.834484,16.670509354616247,1.406151393592614,1.269611974763025,573.6843660865543,49.0,1.0,404555.0,1.0,874018.0,71201.0,0
2025-12-17 16:52:44.933694,16.67280114184256,1.4176714287985757,1.2525660785392965,571.7049824613116,51.0,1.0,579336.0,1.0,1014023.0,69699.0,1
2025-12-17 16:52:45.034225,16.676808452820577,1.4293186923103764,1.225624506693234,567.9293837385293,38.0,1.0,576403.0,1.0,635201.0,67425.0,2
2025-12-17 16:52:45.133527,16.666981607868003,1.438235063948916,1.2119146388849145,573.7288680192801,40.0,1.0,791504.0,1.0,912714.0,73478.0,3
2025-12-17 16:52:45.234418,16.654554367590382,1.4459745803441084,1.2023206444578236,584.0907632025277,44.0,1.0,859934.0,1.0,1299980.0,85133.0,4
2025-12-17 16:52:45.336036,16.65879545570403,1.4561910117740116,1.177025060524944,637.2340067843887,76.0,2.0,518815.0,1.0,594029.0,70961.0,5
2025-12-17 16:52:45.835069,16.6843816675012,1.5059311710851837,1.0706142330239314,594.8722520151323,59.0,1.0,407992.0,1.0,892250.0,69794.0,0
2025-12-17 16:52:45.933730,16.690440788498268,1.515648639651788,1.047041121573173,559.9391100230762,45.0,1.0,605600.0,1.0,1032377.0,70578.0,1
2025-12-17 16:52:46.034570,16.69909557409141,1.5261768892378509,1.0290842280091623,558.9266261115041,32.0,1.0,799311.0,1.0,928291.0,74707.0,3
2025-12-17 16:52:46.134365,16.708765418792563,1.5365333853509124,1.0031774500020736,595.2604028468919,50.0,1.0,880848.0,1.0,1341549.0,84245.0,4
2025-12-17 16:52:46.233489,16.715254213563444,1.5454771687777722,0.9764727874671644,638.3961226194655,76.0,2.0,507011.0,1.0,614686.0,70913.0,5
2025-12-17 16:52:46.834375,16.75686918471904,1.5975874048649832,0.8438566473483666,587.0598977781046,55.0,1.0,412156.0,1.0,897703.0,70339.0,0
2025-12-17 16:52:46.934942,16.76403896482386,1.6069673988730848,0.8226556866122018,552.1735129089417,41.0,1.0,599280.0,1.0,1043266.0,71153.0,1
2025-12-17 16:52:47.033478,16.772686610570627,1.6133730252713878,0.7972809012689605,557.3935529041539,34.0,1.0,575818.0,1.0,644295.0,68229.0,2
2025-12-17 16:52:47.133743,16.78336824368893,1.6113058486863867,0.7749981242872558,581.1678691548485,43.0,1.0,788830.0,1.0,940307.0,73106.0,3
2025-12-17 16:52:47.234885,16.7841603567467,1.6120590713215996,0.7737230615380116,574.4678504203775,40.0,1.0,883536.0,1.0,1330696.0,86118.0,4
2025-12-17 16:52:47.333925,16.784426249285108,1.6121775736769806,0.7731983414962973,638.5949052867345,76.0,2.0,525531.0,1.0,628572.0,70913.0,5
2025-12-17 16:52:47.833549,16.806865619685333,1.6306721375403797,0.7124630388828092,588.2475187546345,56.0,1.0,409375.0,1.0,912405.0,70292.0,0
2025-12-17 16:52:47.933900,16.8156366766705,1.6388450024216148,0.6863252205019276,546.4073880902804,39.0,1.0,611367.0,1.0,1045033.0,71709.0,1
2025-12-17 16:52:48.034571,16.806702272934142,1.638832148259498,0.6655419323998529,576.6259779661758,42.0,1.0,580711.0,1.0,640816.0,67016.0,2
2025-12-17 16:52:48.134826,16.81385883814754,1.6460625585048057,0.641960860792166,565.3875837125755,35.0,1.0,793382.0,1.0,951512.0,74278.0,3
2025-12-17 16:52:48.235159,16.823009972839753,1.652783370553239,0.6154123555781699,605.6564016635361,55.0,1.0,860808.0,1.0,1316362.0,83591.0,4
2025-12-17 16:52:48.335443,16.832061069087764,1.658775393907851,0.5938432143791856,609.7758194147328,61.0,1.0,520927.0,1.0,634986.0,72933.0,5
2025-12-17 16:52:48.835040,16.879337478725542,1.6871475786405803,0.4834273475426625,585.4355748083406,55.0,1.0,413273.0,1.0,916739.0,70458.0,0
2025-12-17 16:52:48.933458,16.889404715330446,1.692727906727269,0.4628166103841744,556.6414037430992,43.0,1.0,606626.0,1.0,1086877.0,71057.0,1
2025-12-17 16:52:49.034044,16.899440093055496,1.6969711533606304,0.4318525643602847,561.8580269106938,36.0,1.0,572902.0,1.0,659742.0,67975.0,2
2025-12-17 16:52:49.133551,16.90971673878835,1.7005009684816734,0.4063629950986372,580.6067807438565,42.0,1.0,834135.0,1.0,964808.0,73230.0,3
2025-12-17 16:52:49.233911,16.91863030887362,1.7039002401676235,0.390106570072058,595.8446660103122,50.0,1.0,891948.0,1.0,1363521.0,84416.0,4
2025-12-17 16:52:49.333998,16.92335038340328,1.7043931914124215,0.3713874153937369,634.9561983066583,74.0,2.0,529280.0,1.0,650650.0,71201.0,5
2025-12-17 16:52:49.834970,16.97755795248162,1.722620033663908,0.258108676455911,581.6233377435866,52.0,1.0,417067.0,1.0,924529.0,70793.0,0
2025-12-17 16:52:49.932980,16.987765574252258,1.7253741359873267,0.2376810851360292,551.8754109676291,41.0,1.0,604986.0,1.0,1074442.0,71394.0,1
2025-12-17 16:52:50.033628,16.998999550402797,1.7284589016200265,0.2166919591514721,558.0901016262258,33.0,1.0,582482.0,1.0,656179.0,68344.0,2
2025-12-17 16:52:50.134789,17.008007581205135,1.731209542082503,0.1955871013242979,574.8265293204973,40.0,1.0,812128.0,1.0,973335.0,73653.0,3
2025-12-17 16:52:50.234645,17.004998237066456,1.7352720417098109,0.179317002273959,589.033303963284,46.0,1.0,892250.0,1.0,1364445.0,85018.0,4
2025-12-17 16:52:50.333634,17.013105670255435,1.737438466909042,0.1636227599895084,627.1367724703335,70.0,2.0,539407.0,1.0,661754.0,71758.0,5
2025-12-17 16:52:50.832980,17.070066431213707,1.7427091564560584,0.0538089361886752,578.8107401487597,51.0,1.0,413973.0,1.0,930808.0,70961.0,0
2025-12-17 16:52:50.933863,17.080299186009228,1.7429523467102292,0.0302972070976822,562.2991103553941,35.0,1.0,578944.0,1.0,673960.0,68114.0,2
2025-12-17 16:52:51.835178,17.14480058625901,1.7376860827945322,-0.1021921438004046,569.9989289601541,47.0,1.0,417067.0,1.0,932069.0,71612.0,0
2025-12-17 16:52:51.933522,17.14480058625901,1.7376860827945322,-0.1021921438004046,538.3437761271509,34.0,1.0,616979.0,1.0,1089824.0,72908.0,1
2025-12-17 16:52:52.035323,17.15135447369552,1.736686039934474,-0.120628496016777,576.554837754162,42.0,1.0,580711.0,1.0,675102.0,67152.0,2
2025-12-17 16:52:52.133719,17.160583481035488,1.7343034852408454,-0.1450939293050686,578.2652482088184,41.0,1.0,824033.0,1.0,983268.0,73503.0,3
2025-12-17 16:52:52.233574,17.173972102391485,1.7334731108030148,-0.1664795098847571,574.4101012687579,40.0,1.0,872540.0,1.0,1376970.0,86264.0,4
2025-12-17 16:52:52.334864,17.189505611340728,1.7354465528344,-0.1784139122338682,614.4982744906407,63.0,1.0,531973.0,1.0,688718.0,72687.0,5
2025-12-17 16:52:52.833369,17.24570347511783,1.724626695935827,-0.2841792715804227,580.1863653527977,52.0,1.0,414254.0,1.0,948618.0,70889.0,0
2025-12-17 16:52:52.934728,17.256586426047708,1.720696607078315,-0.3111606341557008,545.5781776083016,38.0,1.0,615519.0,1.0,1119735.0,72441.0,1
2025-12-17 16:52:53.033964,17.26626910458421,1.7168366848060668,-0.3360617209425133,561.7866935321592,35.0,1.0,579532.0,1.0,672365.0,68206.0,2
2025-12-17 16:52:53.133594,17.27653686785115,1.7127602928020824,-0.3597946625840489,571.4846976384932,38.0,1.0,796341.0,1.0,987270.0,73977.0,3
2025-12-17 16:52:53.234407,17.286675225508144,1.708772875676816,-0.3779919974178996,572.5987578831896,39.0,1.0,899223.0,1.0,1386323.0,86615.0,4
2025-12-17 16:52:53.333410,17.297648933524677,1.7049431688795167,-0.4007318074996917,607.678651756807,59.0,1.0,551218.0,1.0,700235.0,73205.0,5
2025-12-17 16:52:53.833531,17.378911133679615,1.6863284506435132,-0.499103034473235,564.3741718520942,44.0,1.0,415096.0,1.0,954092.0,72050.0,0
2025-12-17 16:52:53.933919,17.38869084079902,1.6807205407792374,-0.5240524480000233,541.8121073393985,36.0,1.0,621380.0,1.0,1104304.0,72687.0,1
2025-12-17 16:52:54.034370,17.39992203695634,1.6749861645646646,-0.5417205716399542,558.0189590924989,33.0,1.0,583271.0,1.0,691287.0,68530.0,2
2025-12-17 16:52:54.134519,17.40915345387363,1.6690609382902153,-0.5631916908976032,561.7043775188756,33.0,1.0,809384.0,1.0,1004799.0,74707.0,3
2025-12-17 16:52:54.233573,17.417858288881668,1.6628415875245786,-0.5901036157487247,572.7871002687978,39.0,1.0,882938.0,1.0,1423889.0,86645.0,4
2025-12-17 16:52:54.333491,17.426934796450826,1.656652772432965,-0.6117316167073804,608.859306305245,60.0,1.0,536857.0,1.0,713875.0,73106.0,5
2025-12-17 16:52:54.833389,17.48233034846127,1.623741617068189,-0.7027815722123547,572.5619212674624,48.0,1.0,419190.0,1.0,964481.0,71467.0,0
2025-12-17 16:52:54.934814,17.49164344468637,1.6166265608063952,-0.7270162774824198,543.0464360094987,36.0,1.0,630703.0,1.0,1131162.0,72638.0,1
2025-12-17 16:52:55.035028,17.49873872456559,1.6091683033465571,-0.7531950703012773,560.2512831600059,34.0,1.0,578944.0,1.0,692926.0,68437.0,2
2025-12-17 16:52:55.134599,17.507025734441925,1.6014069645657614,-0.7789670902533177,569.9238719413078,37.0,1.0,823197.0,1.0,1024372.0,74153.0,3
2025-12-17 16:52:55.235276,17.515228545835768,1.5936048508928646,-0.7952499089050242,580.9759208778764,42.0,1.0,903800.0,1.0,1430168.0,86031.0,4
2025-12-17 16:52:55.334281,17.52393743055673,1.585929285926511,-0.8143497116689805,609.0400889273841,60.0,1.0,546759.0,1.0,711222.0,73106.0,5
2025-12-17 16:52:55.935627,17.556601407457904,1.532387907946843,-0.935776222505732,546.28074548183,38.0,1.0,629210.0,1.0,1139616.0,72490.0,1
2025-12-17 16:52:56.034755,17.563749372912863,1.523989293123449,-0.9594257350011584,573.4833910760337,40.0,1.0,592423.0,1.0,707142.0,67562.0,2
2025-12-17 16:52:56.133656,17.56996084490104,1.5151431886429734,-0.982577240407499,565.1431418389076,34.0,1.0,819028.0,1.0,1027497.0,74530.0,3
2025-12-17 16:52:56.233072,17.575434687104263,1.5058244295121348,-1.0090233516096585,578.1640050190404,41.0,1.0,907478.0,1.0,1417638.0,86264.0,4
2025-12-17 16:52:56.334181,17.580110463451085,1.4956280975278649,-1.0330969664000644,610.2207107799974,60.0,1.0,548613.0,1.0,729507.0,73106.0,5
2025-12-17 16:52:56.833716,17.617429838753036,1.43218912516015,-1.1374069858805889,543.9375348293834,34.0,1.0,414254.0,1.0,986936.0,73877.0,0
2025-12-17 16:52:56.934276,17.622392084833294,1.4222182973083086,-1.157194779573059,549.5145483203564,39.0,1.0,627934.0,1.0,1123912.0,72294.0,1
2025-12-17 16:52:57.033954,17.625942532922473,1.411664804236974,-1.1802097576181407,558.7153764056158,33.0,1.0,574066.0,1.0,707860.0,68646.0,2
2025-12-17 16:52:57.134575,17.62990242769913,1.4010175871479245,-1.2059681923411594,571.3628204024288,37.0,1.0,829349.0,1.0,1037631.0,74153.0,3
2025-12-17 16:52:57.234287,17.633703978848093,1.3905221227539857,-1.2205187595619007,598.3527336403171,51.0,1.0,891345.0,1.0,1439882.0,84616.0,4
2025-12-17 16:52:57.334864,17.643655731966888,1.3726975070741894,-1.2490946595007943,597.4014740736653,54.0,1.0,548984.0,1.0,743465.0,74002.0,5
2025-12-17 16:52:57.832941,17.660772221443445,1.3138206800084085,-1.3642795595170372,565.1251653824933,44.0,1.0,419332.0,1.0,973665.0,72441.0,0
2025-12-17 16:52:57.933942,17.662246543404994,1.3031188435950265,-1.3850535435570006,530.7485892580415,30.0,1.0,621380.0,1.0,1156714.0,74128.0,1
2025-12-17 16:52:58.035211,17.664895632839453,1.2918036655152836,-1.399365152531317,569.9478395437307,38.0,1.0,587034.0,1.0,706902.0,67929.0,2
2025-12-17 16:52:58.133027,17.667297615199022,1.279784683647339,-1.4035308916697726,578.5819575165258,41.0,1.0,813503.0,1.0,1037631.0,73603.0,3
2025-12-17 16:52:58.233300,17.66983016521081,1.268348882531395,-1.4102320342430796,580.5410471854873,42.0,1.0,915499.0,1.0,1442809.0,86148.0,4
2025-12-17 16:52:58.333505,17.678331660450173,1.252243510404531,-1.402473639068445,589.5818685006235,50.0,1.0,566347.0,1.0,767758.0,74581.0,5
2025-12-17 16:52:58.835279,17.703072892776518,1.1836129519841965,-1.3958238613122758,552.3133804825388,38.0,1.0,422180.0,1.0,1007524.0,73354.0,0
2025-12-17 16:52:58.933874,17.70543639978478,1.171896562373325,-1.3968219791452647,549.9826924714163,39.0,1.0,634986.0,1.0,1159850.0,72785.0,1
2025-12-17 16:52:59.034622,17.707624953342513,1.1608371214113404,-1.3946028193938769,573.1798740936281,40.0,1.0,594834.0,1.0,721893.0,67723.0,2
2025-12-17 16:52:59.133376,17.70964799287698,1.1492625788074164,-1.394380497714364,569.8015109782343,36.0,1.0,832443.0,1.0,1051418.0,74278.0,3
2025-12-17 16:52:59.233984,17.711436350576154,1.1385586976353093,-1.39680606137144,569.7296757134794,37.0,1.0,894972.0,1.0,1415241.0,87322.0,4
2025-12-17 16:52:59.334730,17.71376202012234,1.127082775571747,-1.3933657843728695,588.7627297011262,49.0,1.0,550473.0,1.0,773758.0,74707.0,5
2025-12-17 16:52:59.832995,17.724113968750295,1.0699106000791154,-1.4106717070350592,543.5007276815446,33.0,1.0,427934.0,1.0,1023679.0,74103.0,0
2025-12-17 16:52:59.933655,17.725119431988503,1.0584388588654807,-1.4318783779138753,540.2167603328018,35.0,1.0,628997.0,1.0,1168123.0,73503.0,1
2025-12-17 16:53:00.034689,17.726398669210035,1.0466046836522125,-1.4501630271586168,561.4120609478974,34.0,1.0,585051.0,1.0,731237.0,68553.0,2
2025-12-17 16:53:00.133561,17.728358221074934,1.0354501938267138,-1.4528781591075273,562.0210284457372,33.0,1.0,829349.0,1.0,1063947.0,75036.0,3
2025-12-17 16:53:00.233518,17.729580336634367,1.023884233278043,-1.4565790416819535,584.9180874669381,44.0,1.0,921093.0,1.0,1463465.0,86118.0,4
2025-12-17 16:53:00.333776,17.731119380617727,1.0128557610480406,-1.4590453085851882,602.9431972872508,56.0,1.0,553462.0,1.0,778486.0,73702.0,5
2025-12-17 16:53:00.833448,17.805998860110854,0.9442869628374116,-1.456882629771746,573.6885888236802,48.0,1.0,426200.0,1.0,990282.0,71977.0,0
2025-12-17 16:53:00.935011,17.80737928257372,0.9326300051914114,-1.456646815158891,537.4511969318226,33.0,1.0,625389.0,1.0,1177650.0,73727.0,1
2025-12-17 16:53:01.034749,17.809143727103226,0.920608436837389,-1.4566452016883664,555.6442461769677,31.0,1.0,596245.0,1.0,746238.0,69229.0,2
2025-12-17 16:53:01.133899,17.810749136951046,0.9092106250596448,-1.454176483985619,570.2405794932002,36.0,1.0,832161.0,1.0,1075897.0,74455.0,3
2025-12-17 16:53:01.234553,17.81227372269965,0.897013995069587,-1.454664950269524,592.106782158288,47.0,1.0,902577.0,1.0,1470913.0,85509.0,4
2025-12-17 16:53:01.333539,17.813715924169898,0.8862599482786866,-1.4566326677121106,591.1237943921954,50.0,1.0,571933.0,1.0,793650.0,74581.0,5
2025-12-17 16:53:01.834350,17.817952415161553,0.8287577320359318,-1.5473700730153974,554.8765342772755,39.0,1.0,421609.0,1.0,1025412.0,73329.0,0
2025-12-17 16:53:01.933672,17.818373149804984,0.8177278008679583,-1.5527925081736642,557.6850025797786,42.0,1.0,642553.0,1.0,1163782.0,72392.0,1
2025-12-17 16:53:02.033621,17.818792264065557,0.8066067345303143,-1.5564966712665458,565.8761555865351,36.0,1.0,582679.0,1.0,748768.0,68530.0,2
2025-12-17 16:53:02.134893,17.81914076332294,0.7957658760666177,-1.5555058443493726,562.4602745174863,32.0,1.0,865775.0,1.0,1093148.0,75113.0,3
2025-12-17 16:53:02.233634,17.818985495883993,0.7845334027900499,-1.5567612625084155,589.2951085214305,46.0,1.0,917981.0,1.0,1489953.0,85798.0,4
2025-12-17 16:53:02.333759,17.819621205968794,0.772655153931801,-1.5572671969605691,593.3044740495819,51.0,1.0,561575.0,1.0,804740.0,74455.0,5
2025-12-17 16:53:02.834670,17.863275591953883,0.7091103355217889,-1.5368990698134688,544.0643704451925,34.0,1.0,427789.0,1.0,1027149.0,74153.0,0
2025-12-17 16:53:02.935206,17.863758588947977,0.6976544445749013,-1.5354336347198885,545.919480852005,36.0,1.0,636708.0,1.0,1184847.0,73255.0,1
2025-12-17 16:53:03.034508,17.864049223278762,0.6865667093720873,-1.5364146662913374,572.1085328212695,39.0,1.0,593226.0,1.0,735954.0,68160.0,2
2025-12-17 16:53:03.135100,17.86427483986677,0.6758650218300595,-1.536166635821654,582.67979681348,42.0,1.0,834700.0,1.0,1078814.0,73653.0,3
2025-12-17 16:53:03.235198,17.86429327311501,0.6642322833951564,-1.5361727285581517,590.4839029290656,46.0,1.0,932385.0,1.0,1469918.0,85769.0,4
2025-12-17 16:53:03.334941,17.86427200125894,0.6526974877086094,-1.5319461381227144,613.4853274825683,61.0,1.0,583666.0,1.0,830754.0,73032.0,5
2025-12-17 16:53:03.833829,17.86588687546973,0.5947961509522859,-1.5378944533700147,566.251988605081,44.0,1.0,423038.0,1.0,1037631.0,72613.0,0
2025-12-17 16:53:03.933612,17.866120715810066,0.5832918424043019,-1.539624676047783,546.1532267995821,37.0,1.0,636493.0,1.0,1187657.0,73230.0,1
2025-12-17 16:53:04.033403,17.866924749168874,0.5715035523691263,-1.5384001112581474,555.3404475707766,31.0,1.0,585051.0,1.0,765164.0,69417.0,2
2025-12-17 16:53:04.135485,17.867174319933095,0.5595147613290958,-1.5376647921532012,562.8993581763557,33.0,1.0,837529.0,1.0,1102437.0,75138.0,3
2025-12-17 16:53:04.233867,17.867589441931393,0.5482323501406174,-1.539898658090001,583.6721516303753,43.0,1.0,921405.0,1.0,1496523.0,86323.0,4
2025-12-17 16:53:04.334699,17.867848113309176,0.536792966267047,-1.5404036937855683,586.6659236843134,48.0,1.0,574066.0,1.0,834135.0,74986.0,5
2025-12-17 16:53:04.833495,17.86821246156705,0.4800928809029603,-1.5411443860858784,550.439701967442,36.0,1.0,423755.0,1.0,1043619.0,73777.0,0
2025-12-17 16:53:04.933583,17.86870710777182,0.4680431790314454,-1.543372527523985,556.387339143603,42.0,1.0,638867.0,1.0,1209153.0,72515.0,1
2025-12-17 16:53:05.034066,17.869332664176415,0.4563256353101366,-1.5427249427475616,554.5727727991401,30.0,1.0,590621.0,1.0,756409.0,69511.0,2
2025-12-17 16:53:05.135122,17.922021340216098,0.4445096582070178,-1.5320956713423188,570.118755370537,36.0,1.0,847797.0,1.0,1119356.0,74606.0,3
2025-12-17 16:53:05.233800,17.940172349998672,0.4325986672742061,-1.529463376644909,572.8606385951722,38.0,1.0,921405.0,1.0,1526190.0,87233.0,4
2025-12-17 16:53:05.334414,17.94027703257295,0.4208635854317162,-1.53046495160992,612.846512118542,61.0,1.0,569808.0,1.0,842077.0,73106.0,5
2025-12-17 16:53:05.833161,17.943934947733833,0.3766898639298262,-1.5257455969960474,549.627415329803,36.0,1.0,426344.0,1.0,1048930.0,73802.0,0
2025-12-17 16:53:05.933956,17.943834614105942,0.3767815644407886,-1.5262448907578332,558.6215456035155,43.0,1.0,628784.0,1.0,1214896.0,72392.0,1
2025-12-17 16:53:06.033381,17.943834614105942,0.3767815644407886,-1.5262448907578332,561.3159024391708,32.0,1.0,837246.0,1.0,1114065.0,75418.0,3
2025-12-17 16:53:06.134295,17.943834614105942,0.3767815644407886,-1.5262448907578332,590.030381537314,46.0,1.0,910246.0,1.0,1524126.0,85857.0,4
2025-12-17 16:53:06.233477,17.943834614105942,0.3767815644407886,-1.5262448907578332,607.0089187838846,58.0,1.0,582679.0,1.0,868710.0,73528.0,5
2025-12-17 16:53:06.833771,17.943834614105942,0.3767815644407886,-1.5262448907578332,552.815305952783,37.0,1.0,431717.0,1.0,1053556.0,73653.0,0
2025-12-17 16:53:06.933274,17.943834614105942,0.3767815644407886,-1.5262448907578332,547.8555050677422,37.0,1.0,647574.0,1.0,1223976.0,73230.0,1
2025-12-17 16:53:07.033345,17.943834614105942,0.3767815644407886,-1.5262448907578332,567.0369480012184,36.0,1.0,603350.0,1.0,774282.0,68739.0,2
2025-12-17 16:53:07.134638,17.943834614105942,0.3767815644407886,-1.5262448907578332,581.5576028723004,41.0,1.0,866948.0,1.0,1133078.0,74002.0,3
2025-12-17 16:53:07.233944,17.943746762893255,0.3765843626452927,-1.5262448907578332,597.2376649276531,49.0,1.0,909938.0,1.0,1533958.0,85335.0,4
2025-12-17 16:53:07.335322,17.943102063952523,0.3692385324603293,-1.5200612374476703,592.2079559727962,51.0,1.0,574844.0,1.0,867535.0,74631.0,5
2025-12-17 16:53:07.834676,17.949895250444637,0.3071238374867224,-1.4441080822747123,554.0032519697065,38.0,1.0,429821.0,1.0,1048576.0,73578.0,0
2025-12-17 16:53:07.933955,17.95072823272128,0.2967210249727827,-1.461658511203538,534.0897836363479,31.0,1.0,652193.0,1.0,1233541.0,74253.0,1
2025-12-17 16:53:08.033748,17.952000776277238,0.286724864960437,-1.479751340732841,592.2692128650442,48.0,1.0,589024.0,1.0,768538.0,67084.0,2
2025-12-17 16:53:08.133688,17.952212019480882,0.2762827067841211,-1.5049631457438806,588.7768712335622,44.0,1.0,836113.0,1.0,1135766.0,73528.0,3
2025-12-17 16:53:08.233535,17.952447444970765,0.2658765090574952,-1.5192133628282545,584.4260874255888,43.0,1.0,939671.0,1.0,1531364.0,86381.0,4
2025-12-17 16:53:08.334406,17.952577442154485,0.2543070227349933,-1.519244860586496,608.3884304232374,58.0,1.0,594230.0,1.0,876388.0,73503.0,5
2025-12-17 16:53:08.834791,17.962449876354672,0.1935701700021415,-1.51412738027001,541.1910496435272,32.0,1.0,428949.0,1.0,1067554.0,74707.0,0
2025-12-17 16:53:08.935300,17.980023492503573,0.18007561439161,-1.5157906820082554,550.3242176600581,38.0,1.0,640816.0,1.0,1248240.0,73156.0,1
2025-12-17 16:53:09.032612,17.980225334022467,0.1696039966241418,-1.515830113960438,566.5011204172412,36.0,1.0,601108.0,1.0,774282.0,68809.0,2
2025-12-17 16:53:09.133528,17.98084046730647,0.1582804675521316,-1.5172714153250868,571.9963129815469,36.0,1.0,855869.0,1.0,1148133.0,74707.0,3
2025-12-17 16:53:09.234293,17.981330550251066,0.1464793235787169,-1.5155165009502751,601.614729902551,51.0,1.0,920470.0,1.0,1520004.0,84960.0,4
2025-12-17 16:53:09.333518,17.981949720156855,0.1349483680403356,-1.5194597215817651,588.5689099315964,49.0,1.0,575818.0,1.0,889537.0,74910.0,5
2025-12-17 16:53:09.833386,17.985231141335486,0.0780385549814965,-1.5179603729603668,545.378561897707,34.0,1.0,433034.0,1.0,1076261.0,74455.0,0
2025-12-17 16:53:09.934732,17.986354823970167,0.0659746860307315,-1.5164880357461077,588.7105667893077,45.0,1.0,603146.0,1.0,788296.0,67425.0,2
2025-12-17 16:53:10.034160,17.986913237593257,0.0540739704587664,-1.5160149415908004,565.1939808687798,33.0,1.0,857028.0,1.0,1153977.0,75265.0,3
2025-12-17 16:53:10.134173,17.987584914285634,0.0426420842506285,-1.5177461954386684,581.7843569174423,42.0,1.0,929863.0,1.0,1546469.0,86645.0,4
2025-12-17 16:53:10.233815,17.988096048099298,0.0312460546889052,-1.5182578807362843,595.731539506596,52.0,1.0,590222.0,1.0,903494.0,74480.0,5
2025-12-17 16:53:10.835187,17.99033434085668,-0.0386257451848255,-1.5172689813405391,550.5666761619977,36.0,1.0,434796.0,1.0,1100573.0,74153.0,0
2025-12-17 16:53:10.933475,17.990627930278944,-0.0504638568913193,-1.518001331720808,541.7920286595911,34.0,1.0,646261.0,1.0,1247818.0,73827.0,1
2025-12-17 16:53:11.034850,17.990909074662227,-0.0621958780483176,-1.5182583094641795,577.9659826141926,40.0,1.0,614270.0,1.0,792040.0,68137.0,2
2025-12-17 16:53:11.133620,17.990521357085047,-0.0729286247152956,-1.519734660865644,568.4352869019842,35.0,1.0,853844.0,1.0,1159850.0,75036.0,3
2025-12-17 16:53:11.234363,18.003942333417204,-0.0751160348142931,-1.5061161399605012,612.9917422860619,56.0,1.0,936496.0,1.0,1549088.0,84131.0,4
2025-12-17 16:53:11.334326,18.008556510651285,-0.0848229487971696,-1.5028997041136118,612.9303357218588,61.0,1.0,591421.0,1.0,916739.0,73255.0,5
2025-12-17 16:53:11.833006,18.01656292560115,-0.1411774006911326,-1.4192832988651023,539.7540427019397,31.0,1.0,432741.0,1.0,1096483.0,75113.0,0
2025-12-17 16:53:11.934001,18.01855869439874,-0.152097810970293,-1.394790115417539,570.026270939731,47.0,1.0,645386.0,1.0,1255868.0,71879.0,1
2025-12-17 16:53:12.033835,18.022246741468788,-0.1625295069802543,-1.3686129112616747,555.1979182591167,30.0,1.0,616979.0,1.0,801478.0,69770.0,2
2025-12-17 16:53:12.133957,18.02553308577994,-0.172561243804898,-1.335823467858308,581.6548377299705,40.0,1.0,852400.0,1.0,1182843.0,74178.0,3
2025-12-17 16:53:12.232917,18.028061112233985,-0.1832228643881173,-1.3175258128884373,589.1799693099183,45.0,1.0,924842.0,1.0,1601872.0,86089.0,4
2025-12-17 16:53:12.334051,18.030413958788017,-0.1956820615585943,-1.3014009413415402,603.1109259624867,55.0,1.0,593426.0,1.0,926095.0,73977.0,5
2025-12-17 16:53:12.837121,18.0493908965684,-0.2500112162908046,-1.1971334259009785,563.9425914800787,42.0,1.0,435090.0,1.0,1090562.0,73379.0,0
2025-12-17 16:53:12.935329,18.0538893784802,-0.2599521489459082,-1.1747767400224027,547.2607009834161,36.0,1.0,649550.0,1.0,1238561.0,73528.0,1
2025-12-17 16:53:13.033535,18.05861658978805,-0.2701990399554752,-1.1557681884049908,552.4300199065194,29.0,1.0,605191.0,1.0,807195.0,70149.0,2
2025-12-17 16:53:13.135458,18.06340993555151,-0.2807848858059536,-1.1357806913559434,566.8746440290266,33.0,1.0,850959.0,1.0,1166938.0,75265.0,3
2025-12-17 16:53:13.233546,18.07730784625708,-0.290661508921664,-1.1021529651354125,608.3685874704328,54.0,1.0,949903.0,1.0,1579797.0,84587.0,4
2025-12-17 16:53:13.333893,18.11293377144242,-0.301711829691218,-1.0563193667048256,601.2915373379848,54.0,1.0,601108.0,1.0,943176.0,74128.0,5
2025-12-17 16:53:13.835050,18.141733116518868,-0.3485918484085282,-0.93593491188603,567.1299786753895,43.0,1.0,431132.0,1.0,1093519.0,73156.0,0
2025-12-17 16:53:13.934024,18.148854432827,-0.358403985411746,-0.9228517466298752,540.4945145914226,33.0,1.0,654404.0,1.0,1267826.0,74027.0,1
2025-12-17 16:53:14.033820,18.15782353653954,-0.3676763025920007,-0.9023023695032588,573.662257374132,38.0,1.0,608271.0,1.0,809658.0,68739.0,2
2025-12-17 16:53:14.134316,18.1656746086697,-0.3766825080997371,-0.8775011956757944,588.5383822499631,44.0,1.0,936496.0,1.0,1562780.0,86264.0,4
2025-12-17 16:53:14.934721,18.26839908730472,-0.4405149688595688,-0.6638576945961238,557.7287969059344,41.0,1.0,656401.0,1.0,1273848.0,72859.0,1
2025-12-17 16:53:15.033735,18.27712818470753,-0.4475467284707051,-0.6454745397794592,573.8944089383639,38.0,1.0,600295.0,1.0,813503.0,68809.0,2
2025-12-17 16:53:15.133898,18.28666690176561,-0.4536185994064663,-0.6239763533609128,569.3132553736842,34.0,1.0,855290.0,1.0,1195724.0,75138.0,3
2025-12-17 16:53:15.234612,18.31717143414936,-0.4448536037731205,-0.5774591737052817,588.7457875995397,44.0,1.0,950225.0,1.0,1601872.0,86264.0,4
2025-12-17 16:53:15.333585,18.3356121264924,-0.4443383383753616,-0.5457674942477938,587.6527615341003,48.0,1.0,589024.0,1.0,960247.0,75138.0,5
2025-12-17 16:53:15.833917,18.33728044365256,-0.4446264838737992,-0.5440387047921497,545.5053180842343,33.0,1.0,432009.0,1.0,1117085.0,74732.0,0
2025-12-17 16:53:15.933985,18.343870560024563,-0.4502627020153369,-0.5265108239799074,540.9627437277279,33.0,1.0,650870.0,1.0,1299100.0,74052.0,1
2025-12-17 16:53:16.033391,18.353029232310902,-0.4562897361987481,-0.4996722519533839,573.1265003702295,38.0,1.0,607037.0,1.0,811853.0,68855.0,2
2025-12-17 16:53:16.133599,18.365218475253325,-0.4611888619825262,-0.4723931621549174,561.5326666143847,31.0,1.0,866654.0,1.0,1197343.0,75879.0,3
2025-12-17 16:53:16.235753,18.370600765746207,-0.4621180257278858,-0.4398511541817445,589.9345022718463,45.0,1.0,944134.0,1.0,1586764.0,86148.0,4
2025-12-17 16:53:16.333840,18.370639687078917,-0.4595387975050613,-0.4151332782657165,581.8334475138839,45.0,1.0,589224.0,1.0,966442.0,75700.0,5
2025-12-17 16:53:16.833576,18.423791742891066,-0.4780151542249271,-0.3071656370486137,553.6930301321627,37.0,1.0,433034.0,1.0,1111052.0,74228.0,0
2025-12-17 16:53:16.933365,18.434075393975878,-0.4815926136908572,-0.2850370340847478,536.1967177073409,31.0,1.0,636493.0,1.0,1292522.0,74530.0,1
2025-12-17 16:53:17.033343,18.445458020297806,-0.4845776914814177,-0.2610378184907378,562.3586605247995,33.0,1.0,618443.0,1.0,833006.0,69629.0,2
2025-12-17 16:53:17.134474,18.45663965026476,-0.4873683681924579,-0.2382760613767315,566.7523355209239,33.0,1.0,865189.0,1.0,1206700.0,75572.0,3
2025-12-17 16:53:17.234147,18.46795083682096,-0.48973068972637,-0.2139632835838414,581.1226991357677,40.0,1.0,959273.0,1.0,1629762.0,86938.0,4
2025-12-17 16:53:17.333970,18.47922476727127,-0.4917445951888979,-0.1895359584970801,590.0141109136779,49.0,1.0,607242.0,1.0,978952.0,75113.0,5
2025-12-17 16:53:17.833914,18.53570490480992,-0.4734216726440898,-0.0554994063900979,554.8808696800492,37.0,1.0,430404.0,1.0,1117842.0,74153.0,0
2025-12-17 16:53:17.934527,18.546989223842907,-0.473972543861473,-0.0362765848705992,541.4311088872497,33.0,1.0,657735.0,1.0,1301301.0,74178.0,1
2025-12-17 16:53:18.033482,18.5578374616578,-0.4740162546222599,-0.0159875121674965,576.5908640954024,39.0,1.0,601719.0,1.0,824591.0,68739.0,2
2025-12-17 16:53:18.133769,18.56883899509888,-0.4753029614451396,0.0055256662227008,557.9716576540175,29.0,1.0,886231.0,1.0,1238142.0,76498.0,3
2025-12-17 16:53:18.235431,18.58030865405567,-0.4752924958782216,0.0280541401375019,575.3114407635164,38.0,1.0,961548.0,1.0,1620412.0,87588.0,4
2025-12-17 16:53:18.333565,18.59128159584056,-0.475233605327622,0.0529259852445117,585.1946776711167,46.0,1.0,600904.0,1.0,987270.0,75469.0,5
2025-12-17 16:53:18.832967,18.649201086441423,-0.4619183406805494,0.1700749643219236,554.0684679356733,37.0,1.0,437009.0,1.0,1135381.0,74228.0,0
2025-12-17 16:53:18.934473,18.660631431022985,-0.4592377371263012,0.1934961745923046,541.6652153782924,33.0,1.0,655513.0,1.0,1322614.0,74228.0,1
2025-12-17 16:53:19.033955,18.67193525702848,-0.4571414285137738,0.2137333393556772,583.8231452112191,42.0,1.0,612817.0,1.0,840653.0,68252.0,2
2025-12-17 16:53:19.135550,18.683504240201252,-0.4541981644982975,0.2354218125748527,580.1915254065957,39.0,1.0,857028.0,1.0,1214485.0,74859.0,3
2025-12-17 16:53:19.234522,18.69415101493425,-0.4518642085120827,0.2556037322434495,579.4997690116548,40.0,1.0,942219.0,1.0,1602415.0,87233.0,4
2025-12-17 16:53:19.334087,18.70478818488153,-0.4487522617631025,0.2790772243958139,581.3754118817579,44.0,1.0,616770.0,1.0,1006160.0,75853.0,5
2025-12-17 16:53:19.834513,18.778457645601883,-0.4244450992188167,0.4056881953894636,542.2565343170638,31.0,1.0,431424.0,1.0,1148133.0,75138.0,0
2025-12-17 16:53:19.934114,18.77890352703314,-0.4233224790294354,0.4076010135870763,547.8992504629991,36.0,1.0,663324.0,1.0,1298661.0,73802.0,1
2025-12-17 16:53:20.033739,18.778835629697035,-0.4229424003289637,0.4056495393853904,573.0552663610109,37.0,1.0,615727.0,1.0,855000.0,68995.0,2
2025-12-17 16:53:20.133809,18.778835629697035,-0.4229424003289601,0.4056495393853902,565.4106201616579,32.0,1.0,886231.0,1.0,1220253.0,76033.0,3
2025-12-17 16:53:20.233224,18.778835629697035,-0.4229424003289637,0.4056495393853904,582.6880239334512,41.0,1.0,961873.0,1.0,1641387.0,87027.0,4
2025-12-17 16:53:20.334219,18.778835629697035,-0.4229424003289601,0.4056495393853902,579.5560756428318,43.0,1.0,609301.0,1.0,1015397.0,76162.0,5
2025-12-17 16:53:20.833920,18.810449780114347,-0.4141663868629912,0.4002230385686248,559.4441990454202,39.0,1.0,437009.0,1.0,1145804.0,73902.0,0
2025-12-17 16:53:20.933610,18.810449780114347,-0.4141663868629912,0.4002230385686248,535.1332516004317,30.0,1.0,669187.0,1.0,1314581.0,74910.0,1
2025-12-17 16:53:21.033484,18.810449780114347,-0.4141663868629912,0.4002230385686248,572.287378456122,37.0,1.0,626448.0,1.0,848945.0,69065.0,2
2025-12-17 16:53:21.134007,18.810449780114347,-0.4141663868629912,0.4002230385686248,574.6301404823599,36.0,1.0,892552.0,1.0,1233124.0,75342.0,3
2025-12-17 16:53:21.234138,18.810449780114347,-0.4141663868629912,0.4002230385686248,602.7186369359431,55.0,1.0,602126.0,1.0,1017806.0,74455.0,5
2025-12-17 16:53:21.833779,18.810449780114347,-0.4141663868629912,0.4002230385686248,566.6319486485645,42.0,1.0,437305.0,1.0,1130014.0,73404.0,0
2025-12-17 16:53:21.934890,18.810449780114347,-0.4141663868629912,0.4002230385686248,554.3676704063982,38.0,1.0,646261.0,1.0,1318591.0,73578.0,1
2025-12-17 16:53:22.033884,18.810449780114347,-0.4141663868629912,0.4002230385686248,575.519642623434,38.0,1.0,626448.0,1.0,860808.0,68925.0,2
2025-12-17 16:53:22.133636,18.810449780114347,-0.4141663868629912,0.4002230385686248,569.8495359207262,34.0,1.0,879359.0,1.0,1254593.0,75751.0,3
2025-12-17 16:53:22.234408,18.810449780114347,-0.4141663868629912,0.4002230385686248,565.0652463055102,32.0,1.0,962199.0,1.0,1646394.0,89294.0,4
2025-12-17 16:53:22.333623,18.810449780114347,-0.4141663868629912,0.4002230385686248,581.9172478146514,44.0,1.0,615727.0,1.0,1054983.0,76033.0,5
2025-12-17 16:53:22.834647,18.811798957793023,-0.4138490775566996,0.4048753109225271,560.8198877177731,40.0,1.0,430404.0,1.0,1152806.0,73827.0,0
2025-12-17 16:53:22.933758,18.82124593740351,-0.4113277948371721,0.4224020587521573,538.6015245170149,31.0,1.0,666700.0,1.0,1305712.0,74732.0,1
2025-12-17 16:53:23.033877,18.832207596636053,-0.4070568851914729,0.4488235658717196,578.7518122970273,39.0,1.0,603759.0,1.0,860808.0,68739.0,2
2025-12-17 16:53:23.133796,18.84389173324997,-0.399774316822274,0.4718773052705457,581.0690479013074,39.0,1.0,902577.0,1.0,1266111.0,74986.0,3
2025-12-17 16:53:23.235039,18.85601245513153,-0.3932456488956468,0.497996734981402,588.2538648430238,43.0,1.0,958623.0,1.0,1661508.0,87322.0,4
2025-12-17 16:53:23.335444,18.86689219714046,-0.3875662238552753,0.5162683566489089,596.0982166765444,51.0,1.0,610540.0,1.0,1054626.0,75036.0,5
2025-12-17 16:53:23.832955,18.914597232952197,-0.3588651707534591,0.6309795065017895,542.007346080218,31.0,1.0,441319.0,1.0,1148133.0,75367.0,0
2025-12-17 16:53:23.934575,18.92267156774123,-0.3532418587963075,0.6623068219345195,556.8358349258227,40.0,1.0,673960.0,1.0,1347009.0,73453.0,1
2025-12-17 16:53:24.034668,18.93067490315777,-0.346464051403748,0.6896486390283699,574.984167243317,38.0,1.0,626024.0,1.0,869887.0,69019.0,2
2025-12-17 16:53:24.134651,18.939399962796838,-0.3402396468607875,0.7144420831150629,570.2887124183093,34.0,1.0,856738.0,1.0,1255018.0,75751.0,3
2025-12-17 16:53:24.233522,18.947773535005343,-0.3318655463427209,0.7332505090637591,602.4420784834091,50.0,1.0,990282.0,1.0,1643054.0,86148.0,4
2025-12-17 16:53:24.333907,18.956824795859465,-0.3221508796950729,0.7467820131604834,594.2785789495975,50.0,1.0,638434.0,1.0,1057843.0,75189.0,5
2025-12-17 16:53:24.833768,18.991468306417225,-0.2703266083892401,0.8655743808951539,555.1952748217421,37.0,1.0,434943.0,1.0,1175261.0,74379.0,0
2025-12-17 16:53:24.933605,18.998954745689225,-0.2622910864090837,0.8862003476085716,551.069726963739,37.0,1.0,673276.0,1.0,1333401.0,73902.0,1
2025-12-17 16:53:25.032656,19.00595408334295,-0.2525708333625491,0.911699087302902,583.4858037398196,40.0,1.0,883835.0,1.0,1270403.0,74859.0,3
2025-12-17 16:53:25.133976,19.0121363497606,-0.242736816377695,0.9375603911070663,582.6118136970675,40.0,1.0,964155.0,1.0,1629762.0,87855.0,4
2025-12-17 16:53:25.235282,19.01888920319353,-0.2339251094694425,0.9645078174751868,578.4414032544273,42.0,1.0,614063.0,1.0,1083205.0,76472.0,5
2025-12-17 16:53:25.833032,19.06491012311292,-0.1539532183994367,1.1072929089219947,552.3829126981191,35.0,1.0,436565.0,1.0,1161815.0,74631.0,0
2025-12-17 16:53:25.933992,19.069607359135404,-0.1443844204648048,1.1300403385561286,537.3039367013193,31.0,1.0,666700.0,1.0,1363060.0,74910.0,1
2025-12-17 16:53:26.034438,19.07414977785417,-0.1337950993830272,1.1511587432352677,573.448456441503,37.0,1.0,628997.0,1.0,877872.0,69182.0,2
2025-12-17 16:53:26.134390,19.07861222357287,-0.1232634067793139,1.1686173387981025,583.7276088634135,40.0,1.0,879955.0,1.0,1266968.0,74859.0,3
2025-12-17 16:53:26.233763,19.08878799288052,-0.100507578328143,1.1950507827373422,600.8191231003507,49.0,1.0,985601.0,1.0,1687578.0,86323.0,4
2025-12-17 16:53:26.333128,19.09904410167,-0.0788189263839171,1.2245715741490046,571.6397180643123,39.0,1.0,624754.0,1.0,1083571.0,77436.0,5
2025-12-17 16:53:26.833414,19.11172908492486,-0.0282492534577833,1.325236312591187,556.5707605081531,37.0,1.0,443565.0,1.0,1176057.0,74354.0,0
2025-12-17 16:53:26.934784,19.111235844108933,-0.027299300071812,1.325449323150476,567.5382412571489,44.0,1.0,668734.0,1.0,1349747.0,72834.0,1
2025-12-17 16:53:27.034474,19.11117904284077,-0.027333352384792,1.325206054686119,568.6806360984621,34.0,1.0,630063.0,1.0,882938.0,69511.0,2
2025-12-17 16:53:27.133158,19.11117904284077,-0.027333352384792,1.325206054686119,574.9468153321997,36.0,1.0,865482.0,1.0,1268255.0,75572.0,3
2025-12-17 16:53:27.234543,19.108647800578623,-0.0232908345992495,1.3291494566823818,600.0077697243039,48.0,1.0,978952.0,1.0,1690437.0,86469.0,4
2025-12-17 16:53:27.334098,19.10053665804549,-0.0083788880198909,1.3508784132794374,581.8205332016363,44.0,1.0,634986.0,1.0,1110676.0,76705.0,5
2025-12-17 16:53:27.833886,19.11061814177176,0.0529099309502321,1.4661385770178144,562.7586252180341,40.0,1.0,431570.0,1.0,1172480.0,73977.0,0
2025-12-17 16:53:27.934715,19.11257294750968,0.0636575666445811,1.4876249758079294,541.7723442364044,32.0,1.0,673960.0,1.0,1349290.0,74707.0,1
2025-12-17 16:53:28.033565,19.113770378098504,0.0743860723417277,1.509270036665984,581.9125963535439,41.0,1.0,637355.0,1.0,895578.0,68646.0,2
2025-12-17 16:53:28.134029,19.11342238881073,0.0846638542446314,1.531324904397432,579.1664833608313,38.0,1.0,903800.0,1.0,1295149.0,75265.0,3
2025-12-17 16:53:28.235054,19.112993914730065,0.0951385154364707,1.5550254674319135,595.1963656418662,46.0,1.0,971690.0,1.0,1704800.0,86909.0,4
2025-12-17 16:53:28.333382,19.114006792587443,0.1064884019087042,1.5710516507972143,597.001043780061,51.0,1.0,623487.0,1.0,1120493.0,75572.0,5
2025-12-17 16:53:28.833615,19.11919403425707,0.1841316213822192,1.6013073383931749,550.946350410288,34.0,1.0,436418.0,1.0,1190071.0,74833.0,0
2025-12-17 16:53:28.933907,19.119503231859937,0.196159281982176,1.5993350494301803,571.1216299250411,35.0,1.0,619490.0,1.0,901661.0,69440.0,2
2025-12-17 16:53:29.034606,19.118650939669138,0.2076403322789932,1.5991054814940868,576.3641391768367,36.0,1.0,883237.0,1.0,1274279.0,75469.0,3
2025-12-17 16:53:29.134639,19.118798051505777,0.2192910672288714,1.598648124140941,599.3659370493773,48.0,1.0,997008.0,1.0,1699615.0,86557.0,4
2025-12-17 16:53:29.235263,19.11795473105903,0.2308381120109732,1.597915740029325,586.1639594886884,46.0,1.0,645168.0,1.0,1127340.0,76395.0,5
2025-12-17 16:53:29.833717,19.11743468829804,0.2996311032220653,1.5966417910863775,575.1341456430197,46.0,1.0,432155.0,1.0,1201809.0,73106.0,0
2025-12-17 16:53:29.933636,19.11698678452563,0.3112729124400015,1.5958955978870029,558.2403298888108,40.0,1.0,662427.0,1.0,1367218.0,73528.0,1
2025-12-17 16:53:30.034869,19.116652789358497,0.3228039189449898,1.5956520448142455,586.3772417025023,42.0,1.0,628359.0,1.0,884134.0,68437.0,2
2025-12-17 16:53:30.132822,19.116706407310676,0.3343408751421304,1.593430800929759,579.605172180822,38.0,1.0,890440.0,1.0,1305712.0,75291.0,3
2025-12-17 16:53:30.233867,19.115789962597567,0.3457335067858871,1.5919419737596467,608.5731410813872,52.0,1.0,980610.0,1.0,1682446.0,85827.0,4
2025-12-17 16:53:30.334034,19.116388222622877,0.3576643363134622,1.593418427615641,574.3624413904963,40.0,1.0,628572.0,1.0,1119356.0,77305.0,5
2025-12-17 16:53:30.833214,19.116356271067104,0.4145546967049878,1.5904454089120663,555.3218272712232,36.0,1.0,434649.0,1.0,1209153.0,74530.0,0
2025-12-17 16:53:30.933622,19.11576235585028,0.4262591594693941,1.5854928138061153,556.4744457446188,38.0,1.0,674416.0,1.0,1351575.0,73727.0,1
2025-12-17 16:53:31.033441,19.115908794494665,0.4382085942565723,1.5912084199919756,570.6090814606799,35.0,1.0,626024.0,1.0,915809.0,69534.0,2
2025-12-17 16:53:31.135927,19.11559189805439,0.4505303204034696,1.5929162098546037,580.8253305207685,38.0,1.0,890139.0,1.0,1302182.0,75265.0,3
2025-12-17 16:53:31.235241,19.1143788525342,0.4637427161927885,1.592774582817615,602.7618996740994,50.0,1.0,986936.0,1.0,1721616.0,86323.0,4
2025-12-17 16:53:31.334176,19.110558343515084,0.4855085064166609,1.6004169018727143,596.5431069579694,50.0,1.0,635631.0,1.0,1142319.0,75725.0,5
2025-12-17 16:53:31.833862,19.10789228294968,0.5448532054005248,1.605987945391141,560.5097250296942,38.0,1.0,440424.0,1.0,1179645.0,74228.0,0
2025-12-17 16:53:31.934716,19.107209803672305,0.5563006512486748,1.6035143820297468,563.7088210044266,42.0,1.0,675787.0,1.0,1377903.0,73205.0,1
2025-12-17 16:53:32.033962,19.107506466948006,0.5674809390498723,1.6070072326310518,577.8413737207189,38.0,1.0,611988.0,1.0,908092.0,69089.0,2
2025-12-17 16:53:32.134540,19.10717147900293,0.5791958076435826,1.606508938081336,570.0445029706407,33.0,1.0,894064.0,1.0,1320377.0,76033.0,3
2025-12-17 16:53:32.234343,19.1066329348007,0.5894870310999405,1.603596626225407,596.9502299957335,47.0,1.0,995322.0,1.0,1722198.0,86850.0,4
2025-12-17 16:53:32.334950,19.10577944878111,0.5911070158101133,1.600317085027644,590.7238866898698,47.0,1.0,649330.0,1.0,1155540.0,76188.0,5
2025-12-17 16:53:32.833526,19.10539757219896,0.5911885922299849,1.598346990212312,553.697438016503,35.0,1.0,438045.0,1.0,1219015.0,74707.0,0
2025-12-17 16:53:32.934784,19.105397572198957,0.5911885922299849,1.598346990212312,567.9429560580035,44.0,1.0,676932.0,1.0,1375107.0,72933.0,1
2025-12-17 16:53:33.033506,19.105397572198957,0.5911885922299849,1.598346990212312,558.0734391493991,29.0,1.0,638218.0,1.0,927035.0,70602.0,2
2025-12-17 16:53:33.133685,19.105397572198957,0.5911885922299849,1.598346990212312,578.2637921822046,37.0,1.0,897703.0,1.0,1324854.0,75520.0,3
2025-12-17 16:53:33.233159,19.105397572198957,0.5911885922299849,1.598346990212312,587.1385064064835,42.0,1.0,980942.0,1.0,1735070.0,87737.0,4
2025-12-17 16:53:33.335295,19.105397572198957,0.5911885922299849,1.598346990212312,574.9045889272459,40.0,1.0,634342.0,1.0,1174466.0,77383.0,5
2025-12-17 16:53:33.934095,19.1031418085185,0.6595126256491408,1.6068020573258994,559.1769138833962,39.0,1.0,666249.0,1.0,1365368.0,73628.0,1
2025-12-17 16:53:34.033764,19.10228001577368,0.6713912776670696,1.6060519463934098,596.3056703483866,47.0,1.0,631343.0,1.0,927349.0,68044.0,2
2025-12-17 16:53:34.134909,19.10186016414127,0.6818614798951135,1.6082684874705422,574.4835376861695,35.0,1.0,885631.0,1.0,1316362.0,75828.0,3
2025-12-17 16:53:34.233731,19.100954179649968,0.6934460483772931,1.6052889989549224,581.3271138225211,39.0,1.0,1004119.0,1.0,1743310.0,88243.0,4
2025-12-17 16:53:34.333635,19.100535652386068,0.7046018099825044,1.6060665818348534,577.0849289815893,41.0,1.0,649110.0,1.0,1181243.0,77226.0,5
2025-12-17 16:53:34.833463,19.098853575982176,0.7619306189463284,1.6058052013649589,543.0729783457531,30.0,1.0,439977.0,1.0,1216130.0,75700.0,0
2025-12-17 16:53:34.933893,19.08141791676278,0.770938086452567,1.6280962339312406,553.410985724807,37.0,1.0,660859.0,1.0,1386792.0,74027.0,1
2025-12-17 16:53:35.034221,19.068512615321467,0.7769550371487508,1.6442590937391337,588.5379477494624,43.0,1.0,631771.0,1.0,919847.0,68646.0,2
2025-12-17 16:53:35.133774,19.067497820517804,0.7886347311395703,1.644988881127946,583.7027654442114,39.0,1.0,911171.0,1.0,1340187.0,75189.0,3
2025-12-17 16:53:35.234764,19.06659485853203,0.8002424862266384,1.645754581087114,600.5158081368717,48.0,1.0,986936.0,1.0,1695594.0,86674.0,4
2025-12-17 16:53:35.335032,19.066336171069395,0.811807929645882,1.647469022936885,582.2658212521577,43.0,1.0,633913.0,1.0,1177252.0,76861.0,5
2025-12-17 16:53:35.835126,19.06122867487996,0.8704497012950636,1.6408341536702653,562.2610666969449,39.0,1.0,432009.0,1.0,1224390.0,74304.0,0
2025-12-17 16:53:35.934389,19.05974006942111,0.8817325862912888,1.638111737135736,567.645220981373,43.0,1.0,677620.0,1.0,1392436.0,73057.0,1
2025-12-17 16:53:36.034679,19.059441551222687,0.8930508316050361,1.6405913656909623,588.7702253827097,43.0,1.0,628784.0,1.0,939035.0,68623.0,2
2025-12-17 16:53:36.133784,19.058412871495875,0.9048571143274112,1.6405855779820424,588.922244503263,41.0,1.0,892855.0,1.0,1337469.0,74833.0,3
2025-12-17 16:53:36.235720,19.05779877906045,0.915948701060179,1.6388693678887305,600.7044879367535,48.0,1.0,1001065.0,1.0,1765876.0,86674.0,4
2025-12-17 16:53:36.333623,19.057477919116696,0.92697892437001,1.6376364861880324,586.4462066471201,45.0,1.0,651091.0,1.0,1204660.0,76576.0,5
2025-12-17 16:53:36.833826,19.05329282444364,0.9860979546174652,1.6413229947882089,553.448598667613,35.0,1.0,435238.0,1.0,1238561.0,74960.0,0
2025-12-17 16:53:36.933897,19.05217556929589,0.9974752565458456,1.6391114684128103,535.879224928235,29.0,1.0,672821.0,1.0,1393850.0,75725.0,1
2025-12-17 16:53:37.034045,19.052132270851526,1.0091245948526666,1.640081633895938,581.0022494848986,39.0,1.0,636924.0,1.0,933648.0,69182.0,2
2025-12-17 16:53:37.135136,19.051037237146957,1.020224670308281,1.6373651808017031,588.8740274878331,42.0,1.0,990617.0,1.0,1725699.0,87677.0,4
2025-12-17 16:53:37.833477,19.066536864669207,1.0793477927830644,1.6540950802301884,563.6363092133328,40.0,1.0,437897.0,1.0,1231455.0,74228.0,0
2025-12-17 16:53:37.933532,19.064936946963996,1.093779845307452,1.6555550120151772,580.113258608227,49.0,1.0,664672.0,1.0,1389141.0,72613.0,1
2025-12-17 16:53:38.033682,19.063040729593038,1.1066040052540451,1.6567872727628283,561.2343365055095,30.0,1.0,640599.0,1.0,947335.0,70578.0,2
2025-12-17 16:53:38.134791,19.06146240550017,1.119239851396367,1.6567667953171197,580.3614192450311,37.0,1.0,912405.0,1.0,1327098.0,75469.0,3
2025-12-17 16:53:38.234261,19.060166282644666,1.1305440447056263,1.6565299737735182,594.0812121043848,45.0,1.0,1004119.0,1.0,1774263.0,87292.0,4
2025-12-17 16:53:38.334210,19.05996220601864,1.141182389958468,1.657778750702659,569.8075925159609,37.0,1.0,649550.0,1.0,1218603.0,78200.0,5
2025-12-17 16:53:38.834623,19.055365230647254,1.198417168319235,1.6406265000348563,550.8243004842915,34.0,1.0,427934.0,1.0,1241079.0,75214.0,0
2025-12-17 16:53:38.934710,19.05527682750557,1.2087363405238811,1.6219462801322655,560.347653534042,40.0,1.0,671683.0,1.0,1389141.0,74002.0,1
2025-12-17 16:53:39.033837,19.05621824343939,1.2194631796801438,1.6056516511991807,591.4665437908532,44.0,1.0,635416.0,1.0,946694.0,68576.0,2
2025-12-17 16:53:39.133508,19.05604262807962,1.230607001958088,1.582675902159265,573.5806145204972,34.0,1.0,912405.0,1.0,1344731.0,75982.0,3
2025-12-17 16:53:39.234601,19.057139889074943,1.2419412271764934,1.5574381841011575,579.2697757885167,38.0,1.0,1007524.0,1.0,1766474.0,88602.0,4
2025-12-17 16:53:39.333594,19.05810515487317,1.2529540082876096,1.5291087397463778,590.9881211583772,47.0,1.0,646698.0,1.0,1231455.0,76654.0,5
2025-12-17 16:53:39.833584,19.063125084618736,1.3103801869879614,1.4164004375623265,563.0118814645164,39.0,1.0,435238.0,1.0,1225634.0,74379.0,0
2025-12-17 16:53:39.933920,19.06414771530411,1.3221919931035728,1.4000630449874631,563.5815877134023,41.0,1.0,672821.0,1.0,1402368.0,73802.0,1
2025-12-17 16:53:40.034421,19.06655929985314,1.3327378240061911,1.3699690982116297,594.698850677684,45.0,1.0,638002.0,1.0,940626.0,68391.0,2
2025-12-17 16:53:40.134163,19.086602492211263,1.342873048666112,1.3586510231770057,597.8002351421262,45.0,1.0,885332.0,1.0,1338374.0,74253.0,3
2025-12-17 16:53:40.233676,19.09548312609702,1.3538953410860852,1.340977679014498,595.4581010206616,45.0,1.0,1018840.0,1.0,1768867.0,87233.0,4
2025-12-17 16:53:40.334801,19.097507839335105,1.365820373682837,1.3218508615763371,588.1689791073615,46.0,1.0,663773.0,1.0,1236886.0,76887.0,5
2025-12-17 16:53:40.833586,19.113794116950626,1.417715763951307,1.2065053937772137,569.19965791964,42.0,1.0,433180.0,1.0,1246974.0,73927.0,0
2025-12-17 16:53:40.935050,19.11826345606804,1.4277890870367749,1.1788987580793715,580.8159714014989,49.0,1.0,674873.0,1.0,1440857.0,72613.0,1
2025-12-17 16:53:41.033934,19.14462003159749,1.4321086351178387,1.1614326408728977,595.9309089090539,46.0,1.0,646261.0,1.0,961548.0,68298.0,2
2025-12-17 16:53:41.132964,19.16078497890132,1.4399487106101727,1.1529704118791164,585.0194488536488,39.0,1.0,883536.0,1.0,1369534.0,75240.0,3
2025-12-17 16:53:41.234406,19.16524527394316,1.4516140196162706,1.148513507708539,594.6467382196352,45.0,1.0,1009572.0,1.0,1782690.0,87381.0,4
2025-12-17 16:53:41.333797,19.16996846779529,1.461616176960991,1.1460363636928088,570.3494376614901,37.0,1.0,646261.0,1.0,1242760.0,78253.0,5
2025-12-17 16:53:41.833775,19.192547903839767,1.514704155255604,1.128860216842386,563.3874694888906,39.0,1.0,434796.0,1.0,1265682.0,74404.0,0
2025-12-17 16:53:41.934316,19.191630611588423,1.5265142459620566,1.123001369371026,577.0499186915307,47.0,1.0,673960.0,1.0,1423408.0,72908.0,1
2025-12-17 16:53:42.033690,19.19292927606863,1.5356180025753403,1.1087920342648252,594.1630235580493,45.0,1.0,643641.0,1.0,959922.0,68460.0,2
2025-12-17 16:53:42.133618,19.198086491824323,1.5451113210342946,1.0804873642757042,581.239069255801,37.0,1.0,895578.0,1.0,1362137.0,75572.0,3
2025-12-17 16:53:42.233791,19.203874727904903,1.5546684707811966,1.0605564281709352,593.8351218866543,44.0,1.0,1011624.0,1.0,1756339.0,87440.0,4
2025-12-17 16:53:42.335182,19.209442829658894,1.5651376302265287,1.039020629701096,600.5303277643795,51.0,1.0,646917.0,1.0,1252896.0,76085.0,5
2025-12-17 16:53:42.833325,19.240993269420255,1.612309700956489,0.923032845787604,556.5751610692263,36.0,1.0,434355.0,1.0,1226464.0,74910.0,0
2025-12-17 16:53:42.934758,19.248033855941507,1.619815289932987,0.9015035066864,582.2841413056634,49.0,1.0,673960.0,1.0,1416200.0,72613.0,1
2025-12-17 16:53:43.034818,19.25535315563036,1.6290265761034153,0.8809527259471848,598.3954567460668,47.0,1.0,635416.0,1.0,969718.0,68206.0,2
2025-12-17 16:53:43.135439,19.262716678604757,1.638288514689334,0.8620970011188968,577.4589457874538,35.0,1.0,891647.0,1.0,1354781.0,75879.0,3
2025-12-17 16:53:43.233811,19.270334216186,1.6467201909650733,0.8345375799018799,572.0236252509159,34.0,1.0,1001743.0,1.0,1817415.0,89325.0,4
2025-12-17 16:53:43.334353,19.278195070617517,1.654830870975866,0.8114023486469968,596.7108179304935,49.0,1.0,663549.0,1.0,1268684.0,76395.0,5
2025-12-17 16:53:43.833810,19.30674719593732,1.6856110209008648,0.6919877705851789,576.7630282201964,45.0,1.0,435090.0,1.0,1244023.0,73503.0,0
2025-12-17 16:53:43.933647,19.314971172956927,1.6936170822157166,0.6695274648904257,578.518000332782,48.0,1.0,670774.0,1.0,1415241.0,72859.0,1
2025-12-17 16:53:44.034846,19.32347852254259,1.6997525680978836,0.644765045359033,591.6276345456555,43.0,1.0,631343.0,1.0,963829.0,68669.0,2
2025-12-17 16:53:44.133930,19.3323101525228,1.7059726593135505,0.619359113996194,580.6780914611485,37.0,1.0,899223.0,1.0,1388671.0,75648.0,3
2025-12-17 16:53:44.237502,19.34187099511748,1.7132829624340982,0.5980440578258787,608.212820597188,51.0,1.0,1028541.0,1.0,1794798.0,86323.0,4
2025-12-17 16:53:44.333699,19.35109609399201,1.7204596824941871,0.5811474036538563,600.891339708593,51.0,1.0,651752.0,1.0,1277734.0,76085.0,5
2025-12-17 16:53:44.834043,19.388897750971868,1.7402076171939829,0.460662672671636,580.9508480515944,47.0,1.0,439382.0,1.0,1256718.0,73205.0,0
2025-12-17 16:53:44.934487,19.398624996848767,1.7435593767078466,0.4353630055783793,579.7523161263298,48.0,1.0,683146.0,1.0,1433561.0,72859.0,1
2025-12-17 16:53:45.034095,19.408766344413,1.7480632599177015,0.4122255591695578,596.8756568526857,44.0,1.0,885032.0,1.0,1369070.0,74505.0,3
2025-12-17 16:53:45.135434,19.419615456028325,1.7537194808559686,0.3945632738169566,590.3820804148697,42.0,1.0,1021948.0,1.0,1755745.0,87855.0,4
2025-12-17 16:53:45.233764,19.43037710505109,1.7583525130435778,0.3706660215414122,592.0539273751319,47.0,1.0,666249.0,1.0,1290773.0,76783.0,5
2025-12-17 16:53:45.833889,19.4953528214758,1.7715992672003011,0.2141567104053774,581.1385952136498,47.0,1.0,436270.0,1.0,1262687.0,73205.0,0
2025-12-17 16:53:45.934025,19.50676897142773,1.7741373232191098,0.1957314102699003,568.9863270967659,43.0,1.0,680608.0,1.0,1432590.0,73603.0,1
2025-12-17 16:53:46.033640,19.51779584849322,1.7766914377171528,0.1736235726983979,603.0916971446538,48.0,1.0,634771.0,1.0,969718.0,67998.0,2
2025-12-17 16:53:46.133977,19.52820333765121,1.7778392152084184,0.1489618900634687,592.1170555051269,42.0,1.0,898919.0,1.0,1390081.0,74859.0,3
2025-12-17 16:53:46.234182,19.539064374655773,1.7789813830915602,0.1273724861454146,615.5891939670744,55.0,1.0,1009230.0,1.0,1801493.0,85740.0,4
2025-12-17 16:53:46.334490,19.557224116160715,1.7794306888237283,0.1098005369996446,582.2527624279768,43.0,1.0,645605.0,1.0,1296026.0,77488.0,5
2025-12-17 16:53:46.833305,19.620558498884787,1.7810706881023537,-0.0090676738956381,576.3262616319907,45.0,1.0,435975.0,1.0,1266111.0,73578.0,0
2025-12-17 16:53:46.934672,19.63178324614417,1.7812473586307842,-0.0382182392189835,581.3008909143474,38.0,1.0,631130.0,1.0,989277.0,69440.0,2
2025-12-17 16:53:47.035453,19.64328784868542,1.7802856684046624,-0.0598290714746021,580.3149086308332,36.0,1.0,909015.0,1.0,1373247.0,75751.0,3
2025-12-17 16:53:47.133662,19.654539392121425,1.780251622566011,-0.0772972298976372,615.7587455821281,55.0,1.0,1022294.0,1.0,1797230.0,85740.0,4
2025-12-17 16:53:47.233148,19.66717610666917,1.7785955896258887,-0.0941223034555713,607.4150959341531,54.0,1.0,650650.0,1.0,1305712.0,75700.0,5
2025-12-17 16:53:47.833680,19.73679659008496,1.7664315562529485,-0.2254372920083676,569.5141081275922,41.0,1.0,432009.0,1.0,1257569.0,74128.0,0
2025-12-17 16:53:47.935514,19.749004274000995,1.7649770453320883,-0.2449244078731105,566.4549139671071,41.0,1.0,675787.0,1.0,1436961.0,73877.0,1
2025-12-17 16:53:48.033947,19.75994130091925,1.762661877855015,-0.2693241522417594,603.5561110188273,49.0,1.0,629849.0,1.0,983601.0,67998.0,2
2025-12-17 16:53:48.135222,19.774812144681505,1.7616580617989293,-0.2901863634074063,584.5562824823888,38.0,1.0,899832.0,1.0,1385853.0,75495.0,3
2025-12-17 16:53:48.235732,19.78287738846593,1.7646244480577096,-0.2872751802282948,587.966485329985,41.0,1.0,1013337.0,1.0,1832858.0,88153.0,4
2025-12-17 16:53:48.334400,19.78648043824539,1.764053268290514,-0.2951951028061315,602.6140260035942,52.0,1.0,660859.0,1.0,1285106.0,76085.0,5
2025-12-17 16:53:48.834860,19.84398088840132,1.7423608423878871,-0.4119121391396297,576.7021057829376,45.0,1.0,434649.0,1.0,1263542.0,73628.0,0
2025-12-17 16:53:48.934327,19.85377678284339,1.7384582227488448,-0.4347563413401816,575.6887552011715,46.0,1.0,673960.0,1.0,1435989.0,73230.0,1
2025-12-17 16:53:49.034534,19.85788401790959,1.7373731075444176,-0.4515840927148182,589.7884186021721,42.0,1.0,635416.0,1.0,988273.0,68925.0,2
2025-12-17 16:53:49.135753,19.85832404911195,1.736221225844503,-0.4536944318715363,596.7758758888866,44.0,1.0,909630.0,1.0,1401893.0,74631.0,3
2025-12-17 16:53:49.234194,19.8687045404031,1.731862705613212,-0.472632996983007,620.1546950118786,56.0,1.0,1008547.0,1.0,1804544.0,85480.0,4
2025-12-17 16:53:49.333979,19.878968427712085,1.7270700681442204,-0.4949088250191601,608.7945898707941,55.0,1.0,657958.0,1.0,1331146.0,75648.0,5
2025-12-17 16:53:49.833547,19.92628403333482,1.696525034857034,-0.61072254751774,564.8896353125166,39.0,1.0,439233.0,1.0,1281198.0,74455.0,0
2025-12-17 16:53:49.933683,19.93615401404942,1.6897794719846075,-0.6352009177452693,583.9227235619253,49.0,1.0,691521.0,1.0,1437447.0,72711.0,1
2025-12-17 16:53:50.034107,19.943901652627343,1.6840326432524346,-0.6478146867419072,619.0204907638199,56.0,1.0,628359.0,1.0,992631.0,67084.0,2
2025-12-17 16:53:50.133890,19.9419436292892,1.6817568720648932,-0.6531184340429756,612.9949438677714,52.0,1.0,891948.0,1.0,1401419.0,73478.0,3
2025-12-17 16:53:50.234829,19.94809964353527,1.6746555521558104,-0.6727703444070354,617.3433143033907,55.0,1.0,1001404.0,1.0,1806377.0,85711.0,4
2025-12-17 16:53:50.334139,19.956509867568933,1.667467432159551,-0.6958288318555437,603.9752586897857,52.0,1.0,678997.0,1.0,1342457.0,76033.0,5
2025-12-17 16:53:50.833847,19.999640307035108,1.6288682858627208,-0.8076035049704664,587.077467724912,50.0,1.0,437305.0,1.0,1273848.0,72908.0,0
2025-12-17 16:53:50.935208,20.00729445704892,1.620532515737349,-0.8285935022582597,578.1571997270796,46.0,1.0,693161.0,1.0,1443786.0,73156.0,1
2025-12-17 16:53:51.033719,20.009177447507646,1.612091908650248,-0.8601713662796961,612.2525719801483,53.0,1.0,660859.0,1.0,983934.0,67494.0,2
2025-12-17 16:53:51.133909,20.014991904503795,1.6033978418307129,-0.8866613240643086,611.2144249021147,51.0,1.0,893157.0,1.0,1406646.0,73628.0,3
2025-12-17 16:53:51.234285,20.02202549386194,1.5942265501260096,-0.9010327713455716,623.5317113538811,58.0,1.0,1018495.0,1.0,1836584.0,85220.0,4
2025-12-17 16:53:51.333972,20.02945196680753,1.5856791624618722,-0.9218135707277626,589.1558684395245,45.0,1.0,657735.0,1.0,1340641.0,77122.0,5
2025-12-17 16:53:51.834453,20.0620660215442,1.5386494796822596,-1.04231996809588,581.2653575967877,46.0,1.0,434355.0,1.0,1276869.0,73379.0,0
2025-12-17 16:53:51.933940,20.05828215687287,1.532683315592175,-1.060837035616044,578.391021997494,47.0,1.0,682684.0,1.0,1435503.0,73156.0,1
2025-12-17 16:53:52.033466,20.06041641914509,1.5240982739116102,-1.0778380241763763,600.4846845396021,47.0,1.0,636708.0,1.0,998021.0,68298.0,2
2025-12-17 16:53:52.135056,20.06569945427035,1.5136452475167488,-1.092983168881131,607.434153506361,48.0,1.0,901966.0,1.0,1403792.0,73977.0,3
2025-12-17 16:53:52.235131,20.069702039174945,1.5044952533111893,-1.121138428425768,602.3186537261323,52.0,1.0,666249.0,1.0,1347009.0,76162.0,5
2025-12-17 16:53:52.933460,20.06254960307489,1.4341405938383396,-1.2494539016248916,589.6250287537858,52.0,1.0,673960.0,1.0,1451134.0,72392.0,1
2025-12-17 16:53:53.034376,20.06638251945516,1.4234369275181713,-1.2684898524800323,616.7170671142763,55.0,1.0,645823.0,1.0,994312.0,67266.0,2
2025-12-17 16:53:53.134034,20.06947962383794,1.4130917932991969,-1.292476277162886,609.6534060652887,50.0,1.0,898919.0,1.0,1417638.0,73802.0,3
2025-12-17 16:53:53.233982,20.07140455304134,1.4032914145954063,-1.3121569192323348,630.9086534270434,62.0,1.0,1015397.0,1.0,1816800.0,84702.0,4
2025-12-17 16:53:53.333674,20.07463868438122,1.3928757184298313,-1.3306842443968887,609.5170944420391,55.0,1.0,675102.0,1.0,1359834.0,75700.0,5
2025-12-17 16:53:53.933970,20.097761204906654,1.309781173976431,-1.4798381891162364,582.6595966680414,47.0,1.0,440871.0,1.0,1281632.0,73280.0,0
2025-12-17 16:53:54.034961,20.09830481298081,1.2990442764197017,-1.5075863206935811,596.8829112134284,55.0,1.0,670093.0,1.0,1451134.0,71904.0,1
2025-12-17 16:53:54.133854,20.098316608410315,1.2885453495910166,-1.527860529529124,605.97233434953,49.0,1.0,640599.0,1.0,1016085.0,68044.0,2
2025-12-17 16:53:54.235065,20.0993579378782,1.2774137687157676,-1.543410483153652,624.8950568966469,57.0,1.0,914260.0,1.0,1399049.0,72810.0,3
2025-12-17 16:53:54.333841,20.09945553678082,1.2668267170249212,-1.5706767091439926,596.1159764022973,44.0,1.0,1004459.0,1.0,1835341.0,87648.0,4
2025-12-17 16:53:54.435118,20.09974164820647,1.2558162123938708,-1.5962828676986311,592.7160591943442,47.0,1.0,658403.0,1.0,1365368.0,76939.0,5
2025-12-17 16:53:54.934762,20.089799403258745,1.1901600343806606,-1.61975181849696,567.8475214662681,40.0,1.0,432741.0,1.0,1281198.0,74404.0,0
2025-12-17 16:53:55.034324,20.08755738810204,1.1769309397046914,-1.6236115374902471,591.1168812130162,52.0,1.0,677161.0,1.0,1451134.0,72368.0,1
2025-12-17 16:53:55.134547,20.087346512792223,1.1656900569863975,-1.6226138509861658,603.2046665430324,48.0,1.0,619909.0,1.0,1012994.0,68206.0,2
2025-12-17 16:53:55.235531,20.086526078845232,1.1535135783211867,-1.624611095290939,613.1146360371486,51.0,1.0,895578.0,1.0,1392907.0,73628.0,3
2025-12-17 16:53:55.334336,20.086749589891465,1.141760026612456,-1.6241149623039202,621.3045693038661,57.0,1.0,1049996.0,1.0,1794191.0,85537.0,4
2025-12-17 16:53:55.433888,20.08621616537008,1.129960016279238,-1.623652306227871,600.8964769238517,51.0,1.0,677390.0,1.0,1392436.0,76369.0,5
2025-12-17 16:53:55.933558,20.083448275432293,1.0725897093228127,-1.6253607954604865,576.0350714634397,44.0,1.0,436270.0,1.0,1274710.0,73777.0,0
2025-12-17 16:53:56.033484,20.083007616306915,1.0611795880918873,-1.62486987574739,594.3508036864198,54.0,1.0,675102.0,1.0,1458520.0,72123.0,1
2025-12-17 16:53:56.133087,20.081652369087635,1.049912142225763,-1.6228898905033216,624.4364988717285,58.0,1.0,643859.0,1.0,1024372.0,66857.0,2
2025-12-17 16:53:56.233637,20.08083910179168,1.0381039903193834,-1.6243766858527515,619.3336972122505,54.0,1.0,898007.0,1.0,1420039.0,73230.0,3
2025-12-17 16:53:56.333588,20.08115360941779,1.0263130202636983,-1.6238766339834545,622.4929279004392,57.0,1.0,1005480.0,1.0,1838450.0,85451.0,4
2025-12-17 16:53:56.433428,20.08022042581281,1.0142528904641814,-1.625863807435794,612.0770337460949,56.0,1.0,656401.0,1.0,1366293.0,75623.0,5
2025-12-17 16:53:56.935041,20.07752513801826,0.955693945168358,-1.6290117186930717,588.2231260149373,50.0,1.0,436713.0,1.0,1299100.0,72933.0,0
2025-12-17 16:53:57.033731,20.076720842423573,0.9442997223282,-1.6257942917957509,599.5849806473216,56.0,1.0,685230.0,1.0,1449171.0,71806.0,1
2025-12-17 16:53:57.135219,20.075648134893694,0.9325966352688848,-1.6260492442406498,630.6691651597299,61.0,1.0,638434.0,1.0,1021256.0,66496.0,2
2025-12-17 16:53:57.234483,20.07550264716816,0.9215303296063536,-1.6265531137324616,614.5533597539606,52.0,1.0,915189.0,1.0,1425818.0,73578.0,3
2025-12-17 16:53:57.333745,20.074709168084187,0.909505643609764,-1.623839875299185,617.6814570891453,55.0,1.0,1033776.0,1.0,1843434.0,85857.0,4
2025-12-17 16:53:57.433974,20.07425718709815,0.8977601655273286,-1.6278098571203294,614.2577722920943,57.0,1.0,679457.0,1.0,1383042.0,75469.0,5
2025-12-17 16:53:57.934807,20.066076356403272,0.8358939636531026,-1.6446506212203171,588.4108581549062,50.0,1.0,436565.0,1.0,1296026.0,72958.0,0
2025-12-17 16:53:58.033494,20.065539598946124,0.8243430374369414,-1.6402213577525857,591.8190442945627,53.0,1.0,687321.0,1.0,1484919.0,72368.0,1
2025-12-17 16:53:58.133649,20.064906805652868,0.8118225094684384,-1.642968909049017,627.9009719495832,59.0,1.0,647574.0,1.0,1012309.0,66722.0,2
2025-12-17 16:53:58.233377,20.063781847036942,0.8007125460226465,-1.6377670523607983,608.7725938768317,49.0,1.0,901051.0,1.0,1417638.0,74027.0,3
2025-12-17 16:53:58.334535,20.06237442507453,0.7890316337971974,-1.640015657582497,629.8701055980944,60.0,1.0,1032028.0,1.0,1826665.0,84932.0,4
2025-12-17 16:53:58.434860,20.062415437234456,0.7793581018189126,-1.6407034132889735,593.4385722556653,46.0,1.0,671001.0,1.0,1391493.0,77044.0,5
2025-12-17 16:53:58.933669,20.063140762983625,0.777701211182027,-1.6386797277408804,590.5984205452992,51.0,1.0,445371.0,1.0,1296026.0,72810.0,0
2025-12-17 16:53:59.033347,20.063140762983625,0.777701211182027,-1.6386797277408804,574.0531290125258,44.0,1.0,680147.0,1.0,1470416.0,73628.0,1
2025-12-17 16:53:59.134810,20.063140762983625,0.777701211182027,-1.6386797277408804,629.1334127992535,60.0,1.0,637786.0,1.0,1031678.0,66631.0,2
2025-12-17 16:53:59.233640,20.063140762983625,0.777701211182027,-1.6386797277408804,603.9921284635299,46.0,1.0,933016.0,1.0,1431621.0,74379.0,3
2025-12-17 16:53:59.334498,20.06175991215578,0.7758611386953831,-1.6386819080755144,633.0585982178791,62.0,1.0,1037983.0,1.0,1860357.0,84645.0,4
2025-12-17 16:53:59.434834,20.061130991227756,0.7673215009192837,-1.6428898545625212,620.6192074756324,60.0,1.0,672365.0,1.0,1400470.0,75036.0,5
2025-12-17 16:53:59.933036,20.056816031347964,0.7017488232494475,-1.6414009284445124,580.7860777626123,46.0,1.0,434502.0,1.0,1293397.0,73578.0,0
2025-12-17 16:54:00.034004,20.056203125142936,0.691140687913645,-1.6401251051761567,602.2874019622723,57.0,1.0,683609.0,1.0,1486427.0,71709.0,1
2025-12-17 16:54:00.134029,20.05494288007808,0.6807044592156704,-1.6433468860203393,588.3654027722614,40.0,1.0,651752.0,1.0,1035877.0,69323.0,2
2025-12-17 16:54:00.235164,20.0541224679253,0.6695421058469737,-1.6448281311127757,622.2283733934516,57.0,1.0,1033776.0,1.0,1830378.0,85566.0,4
2025-12-17 16:54:00.934801,20.04807266506036,0.5898315654019619,-1.6481060961588745,560.9741852669642,36.0,1.0,442216.0,1.0,1308367.0,75036.0,0
2025-12-17 16:54:01.033600,20.04726624861471,0.5786813570873406,-1.645369348298119,585.5214265116181,49.0,1.0,693161.0,1.0,1477899.0,72933.0,1
2025-12-17 16:54:01.132990,20.046200610385764,0.5670047092753379,-1.6453881450642578,617.5973328450743,54.0,1.0,641249.0,1.0,1016429.0,67448.0,2
2025-12-17 16:54:01.234052,20.045436604537738,0.5561954557931461,-1.6416437180523231,601.4311726165638,45.0,1.0,902577.0,1.0,1422444.0,74606.0,3
2025-12-17 16:54:01.334634,20.044323916066723,0.5444035574364552,-1.6401679636479074,618.4356230423633,55.0,1.0,1024718.0,1.0,1837827.0,85915.0,4
2025-12-17 16:54:01.434701,20.043296444137383,0.532578039985868,-1.645111111556626,601.9804632837332,51.0,1.0,685230.0,1.0,1420520.0,76420.0,5
2025-12-17 16:54:01.933334,20.06069798483177,0.4591774256516476,-1.6363573616547649,573.161685879027,42.0,1.0,442366.0,1.0,1303505.0,74153.0,0
2025-12-17 16:54:02.034131,20.059772039696448,0.4476680326940307,-1.6329282944476866,590.7556699623537,52.0,1.0,695511.0,1.0,1484919.0,72539.0,1
2025-12-17 16:54:02.134145,20.05921861196935,0.435898910878949,-1.638419692923303,616.8297723017168,54.0,1.0,638218.0,1.0,1050351.0,67517.0,2
2025-12-17 16:54:02.234097,20.058556857432933,0.4247963563489119,-1.6363840712138649,600.6506593573056,44.0,1.0,908400.0,1.0,1447210.0,74732.0,3
2025-12-17 16:54:02.334274,20.057566002157387,0.4133166759381517,-1.6361686302084175,627.6240547767791,59.0,1.0,1033776.0,1.0,1859098.0,85191.0,4
2025-12-17 16:54:02.434641,20.05702331638043,0.402214018771355,-1.6376350570955904,593.1610923619431,46.0,1.0,657735.0,1.0,1418598.0,77148.0,5
2025-12-17 16:54:02.934222,20.0531321791512,0.3444295098479539,-1.6361584460491894,559.3496287037573,35.0,1.0,440275.0,1.0,1314581.0,75214.0,0
2025-12-17 16:54:03.034066,20.052116308339688,0.3331422467118585,-1.6346769537971304,591.9897738780858,52.0,1.0,690118.0,1.0,1515381.0,72490.0,1
2025-12-17 16:54:03.133728,20.051176593792704,0.3217314309842223,-1.6396360881339676,602.0618467850777,46.0,1.0,650210.0,1.0,1041149.0,68553.0,2
2025-12-17 16:54:03.233265,20.050521786587343,0.3106177369727696,-1.6351599080565913,599.8699536168374,44.0,1.0,919847.0,1.0,1468923.0,74833.0,3
2025-12-17 16:54:03.333618,20.051037015487918,0.30518788769443,-1.6322064875291376,632.8124307153149,62.0,1.0,1016085.0,1.0,1851563.0,84788.0,4
2025-12-17 16:54:03.435024,20.051187844930997,0.3046084732924843,-1.6336591633959492,619.3418014636362,59.0,1.0,688252.0,1.0,1413805.0,75214.0,5
2025-12-17 16:54:03.934729,20.049670057962388,0.2980677587190481,-1.6378583466563854,581.5374999858011,46.0,1.0,441319.0,1.0,1309253.0,73628.0,0
2025-12-17 16:54:04.033240,20.048591643353124,0.2889866134282819,-1.635350690466938,612.2236996291573,62.0,1.0,686623.0,1.0,1476899.0,71153.0,1
2025-12-17 16:54:04.134240,20.04643784262543,0.2760155371043531,-1.6304108037514853,580.2941369555749,36.0,1.0,652193.0,1.0,1054626.0,69983.0,2
2025-12-17 16:54:04.233797,20.046621574453724,0.261512462100173,-1.629940996116561,598.0895472428122,43.0,1.0,911480.0,1.0,1430652.0,74986.0,3
2025-12-17 16:54:04.334633,20.04639216764137,0.2472295676324201,-1.6301655355748936,615.0011216366728,52.0,1.0,1035877.0,1.0,1860357.0,86323.0,4
2025-12-17 16:54:04.433953,20.045714844690764,0.2344342477493377,-1.6326283813859928,612.5222479148904,56.0,1.0,671683.0,1.0,1416679.0,75725.0,5
2025-12-17 16:54:04.933945,20.041868676979973,0.1783685197207525,-1.6355872311188993,579.7251288489263,45.0,1.0,437453.0,1.0,1336564.0,73777.0,0
2025-12-17 16:54:05.035251,20.041122653122905,0.1668070135144734,-1.6336237742641,591.4582895762105,51.0,1.0,690585.0,1.0,1483412.0,72638.0,1
2025-12-17 16:54:05.134508,20.04108653569052,0.1549124981856593,-1.635865120274958,606.2872324687173,47.0,1.0,955061.0,1.0,1447210.0,74379.0,3
2025-12-17 16:54:05.235201,20.040581207832005,0.1432170818873146,-1.631186322807464,618.1708783392851,54.0,1.0,1052843.0,1.0,1844682.0,86031.0,4
2025-12-17 16:54:05.332922,20.041148667014035,0.1309239571776483,-1.6321502525463836,620.6846376000808,59.0,1.0,671228.0,1.0,1449662.0,75214.0,5
2025-12-17 16:54:05.932910,20.06370301601349,0.0594488438265212,-1.6086033409894958,576.9127105802554,43.0,1.0,442815.0,1.0,1315026.0,74002.0,0
2025-12-17 16:54:06.033629,20.063300941224693,0.0474159877358886,-1.6078684525554183,589.735120566617,40.0,1.0,638002.0,1.0,1063947.0,69393.0,2
2025-12-17 16:54:06.134753,20.06293246202688,0.0362944510011118,-1.6031107644545983,623.506763104832,55.0,1.0,906864.0,1.0,1452608.0,73230.0,3
2025-12-17 16:54:06.234404,20.06200332335453,0.0253323816921415,-1.5929814893824827,621.3592276993782,56.0,1.0,1014367.0,1.0,1827902.0,85827.0,4
2025-12-17 16:54:06.335185,20.061739242530123,0.0136153031268388,-1.5798867304322393,618.8656863048169,59.0,1.0,686623.0,1.0,1477899.0,75342.0,5
2025-12-17 16:54:06.933562,20.06649116377995,-0.0553183985093248,-1.444457276460846,588.1006090898308,49.0,1.0,442216.0,1.0,1329345.0,73205.0,0
2025-12-17 16:54:07.034273,20.067488289618428,-0.0670942437015291,-1.423683382924209,582.9262988746494,47.0,1.0,706902.0,1.0,1495510.0,73255.0,1
2025-12-17 16:54:07.133511,20.069182977512288,-0.0774080296472572,-1.4034325085748496,616.9904815990752,53.0,1.0,646698.0,1.0,1051774.0,67631.0,2
2025-12-17 16:54:07.234232,20.071049674376127,-0.0882483749813918,-1.3774472312105115,597.7480733080969,42.0,1.0,936813.0,1.0,1464951.0,75087.0,3
2025-12-17 16:54:07.333563,20.072059998754803,-0.0985885386206373,-1.3509840876845356,600.566418724916,45.0,1.0,1030980.0,1.0,1867296.0,87648.0,4
2025-12-17 16:54:07.434653,20.07463513814988,-0.109722688383,-1.3306903914974746,608.0642941126467,53.0,1.0,668734.0,1.0,1434531.0,76136.0,5
2025-12-17 16:54:07.933933,20.10533164363124,-0.1610568872433031,-1.2110452371348486,586.2884548343278,48.0,1.0,439084.0,1.0,1341549.0,73354.0,0
2025-12-17 16:54:08.033551,20.119978219963148,-0.169305675320798,-1.1798950913797286,589.1602489741108,50.0,1.0,699998.0,1.0,1493487.0,72834.0,1
2025-12-17 16:54:08.133601,20.135027940520597,-0.1788204057308799,-1.150173775375319,611.2226737932845,50.0,1.0,640816.0,1.0,1071174.0,68044.0,2
2025-12-17 16:54:08.234079,20.145124352816172,-0.1889181890304616,-1.125599484925614,604.9675165924195,45.0,1.0,917360.0,1.0,1454576.0,74606.0,3
2025-12-17 16:54:08.335122,20.150382886005485,-0.198876947879695,-1.1037724009594931,624.7552121900532,57.0,1.0,1035526.0,1.0,1873627.0,85653.0,4
2025-12-17 16:54:08.434746,20.155051822697686,-0.2090056111750868,-1.0804976423707622,598.2449508287639,48.0,1.0,680608.0,1.0,1463960.0,76887.0,5
2025-12-17 16:54:08.935733,20.19589556069402,-0.2570816718852899,-0.9483354537316012,582.4765689108426,46.0,1.0,445069.0,1.0,1352490.0,73628.0,0
2025-12-17 16:54:09.033433,20.20817881646341,-0.2667216232972791,-0.9221153071971832,580.3943404815288,46.0,1.0,693396.0,1.0,1506178.0,73503.0,1
2025-12-17 16:54:09.133592,20.217560949948343,-0.2761660962737799,-0.8984963169669433,609.4548430025352,49.0,1.0,649990.0,1.0,1057485.0,68206.0,2
2025-12-17 16:54:09.236051,20.225217823525625,-0.2841170449040078,-0.8733888941029488,600.1874262650788,43.0,1.0,922965.0,1.0,1456547.0,74986.0,3
2025-12-17 16:54:09.333743,20.23253466424053,-0.2922590257700541,-0.8501742702360452,632.9434518433824,61.0,1.0,1042560.0,1.0,1883163.0,84932.0,4
2025-12-17 16:54:09.433139,20.239907404370115,-0.301034811655203,-0.8291806725280569,605.4253004570228,52.0,1.0,679687.0,1.0,1483412.0,76395.0,5
2025-12-17 16:54:09.934175,20.28220216416551,-0.3339093896756768,-0.7036235957425375,551.6640524352822,31.0,1.0,444467.0,1.0,1331597.0,76111.0,0
2025-12-17 16:54:10.034006,20.296425297158223,-0.3335651363388052,-0.6731991264268369,589.6285937652681,50.0,1.0,690118.0,1.0,1496523.0,72859.0,1
2025-12-17 16:54:10.133208,20.30382087049592,-0.3378256404687736,-0.6534764809700154,606.6869251475489,47.0,1.0,653740.0,1.0,1083571.0,68437.0,2
2025-12-17 16:54:10.232943,20.30902649263773,-0.3421530567939008,-0.6455773229773814,588.4062209952676,38.0,1.0,931438.0,1.0,1501089.0,75853.0,3
2025-12-17 16:54:10.333577,20.316610445397654,-0.3484635738867983,-0.629506977040837,622.1319201467194,55.0,1.0,1058560.0,1.0,1857840.0,85915.0,4
2025-12-17 16:54:10.434705,20.32494029387019,-0.3535514931889878,-0.6055732858179493,598.6062232557371,48.0,1.0,677849.0,1.0,1493487.0,76939.0,5
2025-12-17 16:54:10.934687,20.3554044095609,-0.36426503014542,-0.4720892336103504,573.8519246562064,42.0,1.0,450373.0,1.0,1376504.0,74455.0,0
2025-12-17 16:54:11.033442,20.365593695269308,-0.3691004845609971,-0.4486196915809703,586.8625808555526,48.0,1.0,692926.0,1.0,1490457.0,73106.0,1
2025-12-17 16:54:11.133885,20.37595414736476,-0.374480437613057,-0.4295788864060058,611.9192536263105,50.0,1.0,656179.0,1.0,1070087.0,68067.0,2
2025-12-17 16:54:11.235923,20.38603666413326,-0.378297286367518,-0.4092628770088534,609.6263519006061,47.0,1.0,914260.0,1.0,1478900.0,74354.0,3
2025-12-17 16:54:11.333920,20.39625743266983,-0.3831527507600363,-0.3850994589282013,619.3204843963499,54.0,1.0,1038685.0,1.0,1914006.0,86118.0,4
2025-12-17 16:54:11.434068,20.406733900048728,-0.3872071094290383,-0.3633486932313741,605.7867481047151,51.0,1.0,691287.0,1.0,1495004.0,76472.0,5
2025-12-17 16:54:11.934120,20.431198242342965,-0.3924905221880888,-0.2257098370475356,588.0734468084532,49.0,1.0,689184.0,1.0,1502613.0,73057.0,1
2025-12-17 16:54:12.035354,20.44063300976768,-0.3934093017063116,-0.2076181974809559,626.1285488548615,57.0,1.0,654848.0,1.0,1076990.0,67198.0,2
2025-12-17 16:54:12.136817,20.45283963728073,-0.3945886536672454,-0.19060877372069,605.8240772907774,46.0,1.0,911171.0,1.0,1484416.0,74656.0,3
2025-12-17 16:54:12.233256,20.46473300156016,-0.3962572626233225,-0.1657226969317934,622.490008867462,55.0,1.0,1040093.0,1.0,1900450.0,85944.0,4
2025-12-17 16:54:12.334364,20.47607236533261,-0.3978881813198889,-0.1468761875740055,595.9493774990748,46.0,1.0,668960.0,1.0,1507197.0,77226.0,5
2025-12-17 16:54:12.934040,20.493874453828933,-0.3930147007441587,-0.0059621168757434,577.227355324226,43.0,1.0,442815.0,1.0,1346553.0,74278.0,0
2025-12-17 16:54:13.033523,20.505480753828454,-0.3926719747849176,0.0184201006421188,581.3308380861539,45.0,1.0,696925.0,1.0,1534997.0,73578.0,1
2025-12-17 16:54:13.133581,20.5170829089324,-0.3924593946420334,0.0401606458709219,610.3835256438203,49.0,1.0,649990.0,1.0,1082472.0,68229.0,2
2025-12-17 16:54:13.233816,20.52865151267273,-0.3912930798692002,0.0592588059795218,602.0648431914188,44.0,1.0,927035.0,1.0,1483914.0,74910.0,3
2025-12-17 16:54:13.335582,20.53977014035334,-0.3911825982634322,0.0868164837573386,610.6977968712149,50.0,1.0,1040797.0,1.0,1877435.0,86909.0,4
2025-12-17 16:54:13.433878,20.54895778026592,-0.3922718160322223,0.117612832634821,609.1479936163407,53.0,1.0,701896.0,1.0,1501089.0,76214.0,5
2025-12-17 16:54:13.935248,20.58494729029931,-0.3677842614912041,0.2277644202741195,574.4153582373016,41.0,1.0,445220.0,1.0,1358454.0,74505.0,0
2025-12-17 16:54:14.035085,20.596031418056587,-0.3642526217626596,0.2470074637665118,582.5653229137162,46.0,1.0,710741.0,1.0,1528258.0,73503.0,1
2025-12-17 16:54:14.135229,20.6061834179123,-0.3605273401200364,0.2717917756383882,610.6160795609131,49.0,1.0,646479.0,1.0,1081739.0,68252.0,2
2025-12-17 16:54:14.234473,20.61707827628834,-0.3578441282051088,0.293144160562922,605.2844642520016,45.0,1.0,924529.0,1.0,1488441.0,74707.0,3
2025-12-17 16:54:14.333839,20.62804847919115,-0.3543975514286703,0.3142156962970288,624.8859679106918,56.0,1.0,1045740.0,1.0,1924399.0,85798.0,4
2025-12-17 16:54:14.433458,20.63839208239952,-0.3500588966632882,0.3348873783759374,610.3285576641807,53.0,1.0,691053.0,1.0,1515381.0,76214.0,5
2025-12-17 16:54:14.935600,20.65569604672564,-0.3193928610819245,0.4460771509856796,574.6032004140532,41.0,1.0,445069.0,1.0,1361216.0,74530.0,0
2025-12-17 16:54:15.033519,20.66556189321582,-0.3151687851400506,0.4676184078653166,597.7990754166289,54.0,1.0,696925.0,1.0,1527224.0,72417.0,1
2025-12-17 16:54:15.134020,20.67590006075177,-0.3103998451239889,0.4853533711918315,607.8479701646053,48.0,1.0,649550.0,1.0,1083938.0,68483.0,2
2025-12-17 16:54:15.233550,20.685634309339903,-0.3040548024242913,0.5083551324309425,591.5037385391388,39.0,1.0,946373.0,1.0,1495510.0,75751.0,3
2025-12-17 16:54:15.333507,20.695988511832564,-0.2981115412368798,0.535289125659134,619.0744049230962,54.0,1.0,1057843.0,1.0,1886991.0,86264.0,4
2025-12-17 16:54:15.433523,20.70582333147885,-0.2925631194499942,0.5577852037397752,616.5092093223802,56.0,1.0,685230.0,1.0,1527224.0,75777.0,5
2025-12-17 16:54:15.935153,20.685645292613057,-0.2518903110897064,0.6898222897271596,590.7908925577171,49.0,1.0,438194.0,1.0,1365368.0,73354.0,0
2025-12-17 16:54:16.033392,20.693490532887285,-0.244391671571714,0.7116906150835246,599.0331648169746,54.0,1.0,696453.0,1.0,1530328.0,72368.0,1
2025-12-17 16:54:16.133387,20.70179137031005,-0.2366836877944909,0.7342704094617245,608.0799944989656,48.0,1.0,646261.0,1.0,1085407.0,68483.0,2
2025-12-17 16:54:16.233843,20.71060088073092,-0.229408274418347,0.7535447304451421,620.723279710143,53.0,1.0,917049.0,1.0,1486930.0,73653.0,3
2025-12-17 16:54:16.335258,20.71945588758088,-0.2214444236397383,0.7759928042190318,636.2632345801554,62.0,1.0,1035526.0,1.0,1886352.0,84874.0,4
2025-12-17 16:54:16.434339,20.72765388926517,-0.2132800683311799,0.7986667851556963,611.6899966411571,54.0,1.0,699524.0,1.0,1538117.0,76162.0,5
2025-12-17 16:54:16.933581,20.71027163887449,-0.1680037599969939,0.9132313764805474,567.9783734532915,38.0,1.0,444467.0,1.0,1347921.0,75087.0,0
2025-12-17 16:54:17.033023,20.7179587046848,-0.1613030497735703,0.9448386427468952,596.2671975604901,53.0,1.0,688019.0,1.0,1542287.0,72588.0,1
2025-12-17 16:54:17.134451,20.725213420425412,-0.1547753075833213,0.9749128997689804,612.3124128280198,50.0,1.0,653740.0,1.0,1094259.0,68206.0,2
2025-12-17 16:54:17.234094,20.73112121592122,-0.1461408478280503,0.9977315876125514,600.9428116631188,43.0,1.0,939671.0,1.0,1510772.0,75113.0,3
2025-12-17 16:54:17.333993,20.736793302797164,-0.1354285174727163,1.0068943626262727,619.4514957224384,53.0,1.0,1053912.0,1.0,1942722.0,86323.0,4
2025-12-17 16:54:17.433565,20.742947783665397,-0.1229419530816855,1.0192338165525363,605.8704967424665,51.0,1.0,671683.0,1.0,1539680.0,76576.0,5
2025-12-17 16:54:17.933210,20.71919352409624,-0.049209137316355,1.1260882259970462,588.1660798679376,47.0,1.0,443115.0,1.0,1352490.0,73653.0,0
2025-12-17 16:54:18.033018,20.722614981652768,-0.0390959854424064,1.1515449326077918,601.5013155233702,55.0,1.0,705230.0,1.0,1538117.0,72294.0,1
2025-12-17 16:54:18.133533,20.72703077439754,-0.0295127796898491,1.179997335612665,611.5443709935598,49.0,1.0,657513.0,1.0,1100573.0,68344.0,2
2025-12-17 16:54:18.234438,20.73165185989013,-0.0190930609972905,1.1997254348866175,613.162364027443,49.0,1.0,932700.0,1.0,1517948.0,74278.0,3
2025-12-17 16:54:18.335694,20.73643320689501,-0.0076384752508644,1.218571101652785,613.640315954518,50.0,1.0,1054626.0,1.0,1876800.0,86850.0,4
2025-12-17 16:54:18.434827,20.739643827566944,0.0037865740000988,1.243171153991269,619.0513646266462,58.0,1.0,697869.0,1.0,1546469.0,75648.0,5
2025-12-17 16:54:18.933565,20.68820677073476,0.0688247440024945,1.3825245182578016,577.3539226080172,42.0,1.0,447183.0,1.0,1373247.0,74455.0,0
2025-12-17 16:54:19.034022,20.6910908338906,0.0801828205370593,1.4078671602704615,586.735669712456,48.0,1.0,697869.0,1.0,1533958.0,73354.0,1
2025-12-17 16:54:19.133619,20.693101851142803,0.0918174567237333,1.431110497492685,626.7765622590839,57.0,1.0,657735.0,1.0,1102437.0,67334.0,2
2025-12-17 16:54:19.233566,20.693990318587183,0.1027593687588126,1.4519145379368197,612.3816495079003,48.0,1.0,922965.0,1.0,1505158.0,74354.0,3
2025-12-17 16:54:19.333618,20.69621646016845,0.1132543609540182,1.4797012286174016,619.8284242236299,54.0,1.0,1039741.0,1.0,1939437.0,86323.0,4
2025-12-17 16:54:19.434525,20.697788630067244,0.1236143101376665,1.5030534365916448,595.2319499899962,46.0,1.0,696925.0,1.0,1561722.0,77436.0,5
2025-12-17 16:54:19.934130,20.64497377658172,0.2166624616684824,1.5604961174758687,587.5418047810738,47.0,1.0,443866.0,1.0,1361216.0,73702.0,0
2025-12-17 16:54:20.033592,20.645059878421197,0.2282407731070872,1.557798504723818,597.9696881747044,53.0,1.0,698105.0,1.0,1527741.0,72588.0,1
2025-12-17 16:54:20.134061,20.6451667903404,0.2393137278713375,1.5585319199694485,627.0088361775904,56.0,1.0,662875.0,1.0,1102437.0,67357.0,2
2025-12-17 16:54:20.233754,20.64549360837342,0.2513613744041141,1.5595115574812886,586.6011676338337,36.0,1.0,947335.0,1.0,1529810.0,76265.0,3
2025-12-17 16:54:20.333826,20.645287565354643,0.2630143503405726,1.5582533098901057,623.0169630258152,55.0,1.0,1070087.0,1.0,1909476.0,86089.0,4
2025-12-17 16:54:20.433959,20.64561991185407,0.2745836219333029,1.559778811086976,613.4124876644083,55.0,1.0,681530.0,1.0,1567547.0,76085.0,5
2025-12-17 16:54:20.934110,20.610674904190404,0.3612067472262623,1.5810260688383369,583.7295771051237,45.0,1.0,441021.0,1.0,1372318.0,74027.0,0
2025-12-17 16:54:21.033471,20.60980773558668,0.3729766033334467,1.5785912139744185,592.2037789797649,50.0,1.0,701184.0,1.0,1527741.0,73007.0,1
2025-12-17 16:54:21.134752,20.609617801908332,0.3843209558326848,1.5815556906150403,615.2411679067502,51.0,1.0,643859.0,1.0,1117085.0,68137.0,2
2025-12-17 16:54:21.234392,20.609818788459133,0.3963608688596203,1.5792981336380765,622.820784524356,53.0,1.0,928920.0,1.0,1515894.0,73702.0,3
2025-12-17 16:54:21.334923,20.6094521986806,0.4079060924002444,1.577351184234559,592.2056694041398,40.0,1.0,1037631.0,1.0,1922446.0,88722.0,4
2025-12-17 16:54:21.435024,20.60927236374108,0.4195194556608026,1.5783408234893583,616.5933199625244,56.0,1.0,693396.0,1.0,1549613.0,75931.0,5
2025-12-17 16:54:21.933912,20.60894636057616,0.4775878141123399,1.5788168321768727,575.9173160050315,41.0,1.0,441768.0,1.0,1357535.0,74631.0,0
2025-12-17 16:54:22.033648,20.60862113672923,0.4889613313970162,1.5785900163752953,589.4379395523273,49.0,1.0,698578.0,1.0,1548564.0,73230.0,1
2025-12-17 16:54:22.134232,20.6085294337528,0.5004797381307782,1.5795791573608702,625.4732184764672,55.0,1.0,677620.0,1.0,1111429.0,67517.0,2
2025-12-17 16:54:22.233377,20.608539501413727,0.5118330905190245,1.5761075286089832,605.0400386196217,44.0,1.0,946373.0,1.0,1523094.0,74960.0,3
2025-12-17 16:54:22.334136,20.60888968928193,0.5233985724901817,1.5788164637980695,621.3940206492288,54.0,1.0,1057843.0,1.0,1925050.0,86323.0,4
2025-12-17 16:54:22.933858,20.60959909219354,0.5923556864529331,1.573124076615504,591.1050819446947,49.0,1.0,448092.0,1.0,1361216.0,73503.0,0
2025-12-17 16:54:23.034041,20.609816100566185,0.6033314679608353,1.5728879280478607,586.6721506946226,47.0,1.0,695276.0,1.0,1558027.0,73478.0,1
2025-12-17 16:54:23.133633,20.609939311194555,0.6150912137856146,1.57115156095882,616.7052507046516,51.0,1.0,653740.0,1.0,1117085.0,68137.0,2
2025-12-17 16:54:23.233557,20.606637206034577,0.6278859063511852,1.5719654237441738,589.9182068136556,43.0,1.0,687321.0,1.0,1572862.0,77962.0,5
2025-12-17 16:54:23.933545,20.57999141789383,0.7178287525881135,1.5909459433172004,590.2927992503533,48.0,1.0,443415.0,1.0,1373247.0,73603.0,0
2025-12-17 16:54:24.035008,20.580032644430524,0.7293733906651365,1.5924308009401005,594.9064962213004,51.0,1.0,687553.0,1.0,1558554.0,72908.0,1
2025-12-17 16:54:24.133957,20.579783385287584,0.7409730823504752,1.5924451567758515,618.9374972269447,52.0,1.0,652856.0,1.0,1116329.0,67975.0,2
2025-12-17 16:54:24.234750,20.579320426301173,0.7521210811846171,1.5917167806002628,604.4792936899222,44.0,1.0,932385.0,1.0,1515381.0,75036.0,3
2025-12-17 16:54:24.333169,20.57906702368268,0.76401480168518,1.5922133733608366,615.7708375586606,51.0,1.0,1061430.0,1.0,1912063.0,86791.0,4
2025-12-17 16:54:24.433821,20.57859275409062,0.7751894509346684,1.5939562067656043,616.1350224025194,55.0,1.0,691053.0,1.0,1587301.0,76033.0,5
2025-12-17 16:54:24.934264,20.57727173843381,0.833656187657617,1.5929704120742847,597.4807103409261,51.0,1.0,443565.0,1.0,1361216.0,73131.0,0
2025-12-17 16:54:25.033494,20.57730014349511,0.8450464801517814,1.592483151585103,611.6545995184069,47.0,1.0,935546.0,1.0,1522579.0,74606.0,3
2025-12-17 16:54:25.134322,20.576390595381703,0.856721789379435,1.590013249070489,630.9218545741085,59.0,1.0,1062148.0,1.0,1932884.0,85537.0,4
2025-12-17 16:54:25.233943,20.5764498881235,0.8678722637950127,1.5914852580831127,604.2795563738732,49.0,1.0,704037.0,1.0,1602957.0,76939.0,5
2025-12-17 16:54:25.933824,20.574412771972508,0.9485814903337122,1.5947301447503193,581.6684037990226,44.0,1.0,438194.0,1.0,1376970.0,74253.0,0
2025-12-17 16:54:26.033517,20.542038156065708,0.9654125534759216,1.6099198928714644,613.3743854166239,60.0,1.0,687321.0,1.0,1541244.0,71685.0,1
2025-12-17 16:54:26.134280,20.52731784714348,0.9781633201399096,1.6227495635553393,632.401914815859,58.0,1.0,667377.0,1.0,1120493.0,67175.0,2
2025-12-17 16:54:26.233575,20.526094667423507,0.9902694894925066,1.6247085857356822,607.9179895331724,45.0,1.0,947014.0,1.0,1529810.0,74859.0,3
2025-12-17 16:54:26.334283,20.525401842007103,1.0017872681992106,1.6227615749136444,622.1480467357479,54.0,1.0,1067554.0,1.0,1939437.0,86323.0,4
2025-12-17 16:54:26.435371,20.524983348935457,1.0132240489750348,1.624725941454524,609.4965822276,52.0,1.0,699524.0,1.0,1597541.0,76576.0,5
2025-12-17 16:54:26.935348,20.52227023511198,1.0710964891257788,1.6249543023035853,553.8564660493394,31.0,1.0,445069.0,1.0,1395266.0,76524.0,0
2025-12-17 16:54:27.034004,20.52167554460968,1.0822739485895934,1.6209938841173976,607.6086185661177,57.0,1.0,702371.0,1.0,1546469.0,72099.0,1
2025-12-17 16:54:27.135069,20.522069485907785,1.093222784226212,1.6239732201960166,591.6342692978061,39.0,1.0,660859.0,1.0,1127340.0,69865.0,2
2025-12-17 16:54:27.232955,20.52118142951879,1.1046355468750857,1.6200174123453783,600.1373303217995,41.0,1.0,921405.0,1.0,1538117.0,75469.0,3
2025-12-17 16:54:27.333848,20.52092481098145,1.1158033270928789,1.6220388926397005,618.336464332694,52.0,1.0,1072988.0,1.0,1914006.0,86674.0,4
2025-12-17 16:54:27.435379,20.520027345228133,1.1276066137185712,1.6210382522178195,606.6772235893243,50.0,1.0,714600.0,1.0,1614390.0,76809.0,5
2025-12-17 16:54:27.933143,20.516271199425663,1.1871351001022052,1.6168375841156544,585.0438280826554,45.0,1.0,441768.0,1.0,1394794.0,74228.0,0
2025-12-17 16:54:28.033395,20.51548005790369,1.197950035994641,1.6213223961519596,605.8425951210411,56.0,1.0,691755.0,1.0,1561194.0,72221.0,1
2025-12-17 16:54:28.133593,20.51486513133749,1.2090563351872028,1.6215700660655417,622.8660979117615,53.0,1.0,658849.0,1.0,1134229.0,67837.0,2
2025-12-17 16:54:28.233955,20.51442035629253,1.2200233609712343,1.6171110350791325,603.3570266629467,43.0,1.0,927035.0,1.0,1541244.0,75265.0,3
2025-12-17 16:54:28.333684,20.513837512621134,1.232026170498937,1.6230511175622089,620.5249330130304,53.0,1.0,1067554.0,1.0,1975878.0,86557.0,4
2025-12-17 16:54:28.433707,20.512936075315405,1.2438742621496903,1.621575863760591,613.8575614759886,54.0,1.0,694335.0,1.0,1617125.0,76265.0,5
2025-12-17 16:54:28.933919,20.49354956213716,1.2903868929834257,1.6390813585041,601.2317498764646,53.0,1.0,438194.0,1.0,1367681.0,73106.0,0
2025-12-17 16:54:29.033524,20.4928890880674,1.3020783099744442,1.6408357251075218,609.0767444558851,57.0,1.0,701184.0,1.0,1561194.0,72074.0,1
2025-12-17 16:54:29.134350,20.49183369780379,1.313641249233962,1.6396025040531697,606.098444964227,45.0,1.0,651311.0,1.0,1154758.0,68972.0,2
2025-12-17 16:54:29.234198,20.491011188895197,1.3249743195498027,1.6398674266482682,619.5765568601076,51.0,1.0,934596.0,1.0,1544377.0,74103.0,3
2025-12-17 16:54:29.334486,20.490290661070148,1.3367021048894348,1.6403530836749345,622.7135837839746,54.0,1.0,1062868.0,1.0,1946671.0,86381.0,4
2025-12-17 16:54:29.433933,20.488992745910892,1.3478470525790112,1.640097780186301,613.0382422172147,54.0,1.0,696689.0,1.0,1605128.0,76369.0,5
2025-12-17 16:54:29.933847,20.48747319476636,1.406112588628952,1.5664188615509669,580.4195124361585,43.0,1.0,444016.0,1.0,1377436.0,74656.0,0
2025-12-17 16:54:30.033264,20.487662188177097,1.41707657650206,1.542004329375408,593.3108027183862,49.0,1.0,693161.0,1.0,1557500.0,73205.0,1
2025-12-17 16:54:30.134798,20.488607234887567,1.427653751902996,1.5216462496953378,627.3307202757612,55.0,1.0,664223.0,1.0,1134229.0,67608.0,2
2025-12-17 16:54:30.233526,20.489305115570648,1.4379593531478516,1.4975080165960124,618.7958862359378,50.0,1.0,933964.0,1.0,1531364.0,74228.0,3
2025-12-17 16:54:30.334076,20.49073801001788,1.4493708457683194,1.4759216294089306,633.9020060934107,60.0,1.0,1046803.0,1.0,1974541.0,85451.0,4
2025-12-17 16:54:30.435074,20.492968006817488,1.4597910504245508,1.4523642624880215,609.2190882439644,51.0,1.0,705946.0,1.0,1640276.0,76705.0,5
2025-12-17 16:54:30.934254,20.50303698289204,1.5149884518825676,1.3462091619897665,614.6073649405944,60.0,1.0,444919.0,1.0,1386792.0,72196.0,0
2025-12-17 16:54:31.033170,20.50540597704115,1.5263602905516098,1.329411099165853,607.5448998446633,56.0,1.0,678997.0,1.0,1559082.0,72245.0,1
2025-12-17 16:54:31.135528,20.50833591109128,1.5371592154596063,1.2994573894391326,616.5630610596018,50.0,1.0,656845.0,1.0,1155540.0,68321.0,2
2025-12-17 16:54:31.235183,20.51160339580149,1.5470519720086084,1.2779662407546966,612.0157267733848,47.0,1.0,933332.0,1.0,1532920.0,74732.0,3
2025-12-17 16:54:31.334390,20.514721901037795,1.5572281195691249,1.2551034080417305,614.090564876553,50.0,1.0,1082472.0,1.0,1956579.0,87145.0,4
2025-12-17 16:54:31.435412,20.512790013913985,1.5676954187693068,1.2430067951738537,610.3997892168611,52.0,1.0,704275.0,1.0,1644723.0,76602.0,5
2025-12-17 16:54:31.935054,20.52292702783427,1.6178297574263905,1.1431557222684143,608.756048145239,57.0,1.0,691053.0,1.0,1559082.0,72123.0,1
2025-12-17 16:54:32.033591,20.528030445525427,1.626994068652861,1.1164468333761606,627.7715655127091,56.0,1.0,660859.0,1.0,1129632.0,67608.0,2
2025-12-17 16:54:32.133702,20.533564443686803,1.6367447207263464,1.0994316262280883,617.2129309060035,49.0,1.0,918603.0,1.0,1531883.0,74354.0,3
2025-12-17 16:54:32.233645,20.53838793995591,1.647728912352033,1.0786939366099069,631.2600740791979,58.0,1.0,1046448.0,1.0,1937469.0,85711.0,4
2025-12-17 16:54:32.334817,20.544266066564216,1.65758811130061,1.0522111067216149,620.5622576610552,57.0,1.0,723360.0,1.0,1650858.0,75879.0,5
2025-12-17 16:54:32.933623,20.57386839861456,1.7169432542426255,0.9228007623031176,594.9827986130313,50.0,1.0,447941.0,1.0,1390081.0,73628.0,0
2025-12-17 16:54:33.033394,20.580357781163023,1.7263685518037075,0.906961879746398,605.0131905543008,55.0,1.0,702371.0,1.0,1538117.0,72417.0,1
2025-12-17 16:54:33.133618,20.587366774577035,1.7347780819363523,0.8756580791994232,636.0269602100058,60.0,1.0,659072.0,1.0,1132311.0,67107.0,2
2025-12-17 16:54:33.233626,20.595262970408864,1.7423794359018387,0.847713268137681,622.4543387764729,51.0,1.0,937765.0,1.0,1526707.0,74052.0,3
2025-12-17 16:54:33.334348,20.603012681400624,1.7511422188243682,0.8235214201006091,627.4675561481093,56.0,1.0,1068639.0,1.0,1973872.0,86089.0,4
2025-12-17 16:54:33.434144,20.58330114178198,1.7611521443413478,0.8209752655609427,601.7608399986567,48.0,1.0,698342.0,1.0,1638057.0,77305.0,5
2025-12-17 16:54:33.935576,20.61302190254144,1.8030988043189105,0.7120874732533482,585.1709414192861,45.0,1.0,441469.0,1.0,1392436.0,74354.0,0
2025-12-17 16:54:34.033683,20.621646159690304,1.8092903080144411,0.6885504269115964,633.2473773482061,69.0,2.0,696925.0,1.0,1571797.0,70530.0,1
2025-12-17 16:54:34.134115,20.630964763548526,1.816614612155286,0.6691939611258675,647.2592468979336,65.0,2.0,664897.0,1.0,1155149.0,66429.0,2
2025-12-17 16:54:34.233757,20.63909936383241,1.824008615004118,0.6536652925081106,634.6738443922251,57.0,1.0,942219.0,1.0,1542287.0,73205.0,3
2025-12-17 16:54:34.334086,20.614007540595345,1.824900865926299,0.6374580700771268,634.6560063554854,60.0,1.0,1080276.0,1.0,1940750.0,85480.0,4
2025-12-17 16:54:34.433230,20.607167242164856,1.82843419317605,0.6196057514449281,620.9413148103778,57.0,1.0,706902.0,1.0,1643611.0,75931.0,5
2025-12-17 16:54:34.933629,20.65445128322837,1.858340768420108,0.5051440612600923,607.3583518988307,55.0,1.0,440722.0,1.0,1392907.0,72810.0,0
2025-12-17 16:54:35.033494,20.66429611114189,1.8639826325076096,0.4856604405610714,611.4814522331657,58.0,1.0,691521.0,1.0,1578194.0,72050.0,1
2025-12-17 16:54:35.134170,20.67417266176032,1.8691025933001368,0.4649127355843198,648.4914309661474,66.0,2.0,668055.0,1.0,1137304.0,66339.0,2
2025-12-17 16:54:35.235071,20.68427466078382,1.8731075467070584,0.4357696169664407,623.8936096491077,52.0,1.0,933964.0,1.0,1526707.0,74002.0,3
2025-12-17 16:54:35.335341,20.684796805986032,1.873886589725544,0.4104041222698473,645.8447425167459,65.0,2.0,1090193.0,1.0,1980564.0,84645.0,4
2025-12-17 16:54:35.433657,20.680507912459078,1.8734254248663111,0.3854738604939126,627.1220318602271,60.0,1.0,708339.0,1.0,1664886.0,75520.0,5
2025-12-17 16:54:35.933956,20.734306065619016,1.8931176596764088,0.2776269350405816,597.5461893811803,50.0,1.0,437453.0,1.0,1390081.0,73528.0,0
2025-12-17 16:54:36.034741,20.744648134817304,1.895286075992657,0.2544636488229381,610.7158633132008,58.0,1.0,707381.0,1.0,1564367.0,72099.0,1
2025-12-17 16:54:36.133891,20.755199024508563,1.897780129552756,0.2286527366013222,648.7235374891475,66.0,2.0,666249.0,1.0,1148911.0,66339.0,2
2025-12-17 16:54:36.233642,20.75006991066131,1.896995184900797,0.2115172166449711,626.1127728809515,53.0,1.0,957003.0,1.0,1523610.0,73827.0,3
2025-12-17 16:54:36.337414,20.727559979840503,1.890781197099412,0.1877715597294374,652.0336328706744,68.0,2.0,1089086.0,1.0,1934193.0,84131.0,4
2025-12-17 16:54:36.433031,20.73877005614313,1.893015683732962,0.1615681323585466,624.3025586962442,59.0,1.0,698105.0,1.0,1653095.0,75700.0,5
2025-12-17 16:54:36.933041,20.7944725066044,1.8983195399443709,0.0431911404968336,589.733793645639,47.0,1.0,439084.0,1.0,1412370.0,74103.0,0
2025-12-17 16:54:37.033829,20.8057921548394,1.89920342980243,0.0248589601535297,618.9497689300268,62.0,1.0,702371.0,1.0,1561194.0,71564.0,1
2025-12-17 16:54:37.133194,20.817953109647583,1.9000220193867303,0.0080700181864342,637.9555469645445,60.0,1.0,652414.0,1.0,1146968.0,67107.0,2
2025-12-17 16:54:37.233671,20.82523342745009,1.8991216101710096,-0.0141532198473934,631.3322561100636,55.0,1.0,925781.0,1.0,1552763.0,73503.0,3
2025-12-17 16:54:37.334568,20.79811499457704,1.8927233600758644,-0.0359545299416174,631.2215959950988,58.0,1.0,1042560.0,1.0,1961220.0,85857.0,4
2025-12-17 16:54:37.435067,20.80041873728372,1.8913659293949212,-0.0546887486260341,630.4835663957193,62.0,1.0,717751.0,1.0,1659822.0,75265.0,5
2025-12-17 16:54:37.933269,20.856695288064863,1.884448597889805,-0.1748484638384393,593.9216125381566,49.0,1.0,440871.0,1.0,1385853.0,73827.0,0
2025-12-17 16:54:38.034873,20.868093154360984,1.882625510814328,-0.2035965567599861,624.184132483878,64.0,1.0,699998.0,1.0,1572330.0,71274.0,1
2025-12-17 16:54:38.133764,20.877977576609037,1.8797936411726008,-0.2233142646962436,646.1878506009772,64.0,1.0,660188.0,1.0,1138460.0,66541.0,2
2025-12-17 16:54:38.235106,20.84659261989952,1.8755979954643247,-0.2370443737762967,633.5520479236467,56.0,1.0,942219.0,1.0,1551712.0,73404.0,3
2025-12-17 16:54:38.333720,20.844753277500416,1.872581471484856,-0.2537906735945891,643.4099357417126,64.0,1.0,1065028.0,1.0,1944038.0,84903.0,4
2025-12-17 16:54:38.434107,20.85601749087846,1.869555046915376,-0.2816138050503713,607.6640328980043,50.0,1.0,689418.0,1.0,1669400.0,76992.0,5
2025-12-17 16:54:38.933843,20.90780541045096,1.850031237675446,-0.4003718030619665,613.1094964011978,58.0,1.0,440871.0,1.0,1396211.0,72490.0,0
2025-12-17 16:54:39.033501,20.91820972026291,1.8456862539759584,-0.4198968189367436,618.4179304059026,61.0,1.0,704037.0,1.0,1558027.0,71661.0,1
2025-12-17 16:54:39.134222,20.896594640502364,1.8413838029187743,-0.4326874205291321,647.4201282342244,65.0,2.0,664672.0,1.0,1164965.0,66496.0,2
2025-12-17 16:54:39.234656,20.892147722400363,1.8363186558400864,-0.4454363557117495,628.7714260233407,54.0,1.0,936813.0,1.0,1530328.0,73702.0,3
2025-12-17 16:54:39.333833,20.902098533563453,1.8312987785907435,-0.4710297748620167,641.5984566364365,63.0,1.0,1058560.0,1.0,1949968.0,85076.0,4
2025-12-17 16:54:39.433877,20.912521843542457,1.826247102833606,-0.4854103847759402,626.8446312674283,59.0,1.0,695276.0,1.0,1650858.0,75648.0,5
2025-12-17 16:54:39.935692,20.961543411896365,1.7972879560309751,-0.6012230695367765,584.2976196787405,44.0,1.0,447032.0,1.0,1427750.0,74581.0,0
2025-12-17 16:54:40.034310,20.952600144566528,1.797734052630754,-0.6144977416204951,624.6522389417573,64.0,1.0,697869.0,1.0,1592143.0,71298.0,1
2025-12-17 16:54:40.133583,20.9534771718986,1.7939660526469623,-0.6280732870739792,643.6521511755568,63.0,1.0,676703.0,1.0,1159065.0,66789.0,2
2025-12-17 16:54:40.233250,20.96257610368262,1.78784809455827,-0.6483469669551887,638.9905943031524,59.0,1.0,931123.0,1.0,1540201.0,73032.0,3
2025-12-17 16:54:40.334104,20.97174322417276,1.781784386302177,-0.6646843846888987,651.7870073140962,68.0,2.0,1070449.0,1.0,1989298.0,84245.0,4
2025-12-17 16:54:40.434549,20.980880304867163,1.7745727409545902,-0.6846559808349706,621.0253925740573,56.0,1.0,708100.0,1.0,1668270.0,76085.0,5
2025-12-17 16:54:40.933818,21.007324989282942,1.732995648173369,-0.8070412291505853,616.4850438659389,60.0,1.0,444618.0,1.0,1400944.0,72294.0,0
2025-12-17 16:54:41.033662,21.0052012464621,1.7229435396074466,-0.821042235501448,622.8862063660346,63.0,1.0,693396.0,1.0,1603500.0,71419.0,1
2025-12-17 16:54:41.133966,21.01290350086369,1.7143876460055738,-0.8472627262933241,643.8844113959567,62.0,1.0,673960.0,1.0,1168914.0,66812.0,2
2025-12-17 16:54:41.233737,21.02104145105961,1.7050402199978736,-0.8690482969969906,615.2101780526682,47.0,1.0,960247.0,1.0,1566487.0,74758.0,3
2025-12-17 16:54:41.335567,21.02845746048136,1.6957657393416763,-0.8875794615603169,643.9757826832723,64.0,1.0,1091300.0,1.0,1956579.0,84932.0,4
2025-12-17 16:54:41.433339,21.036039179822005,1.687346086442166,-0.903071528796512,609.205813916363,50.0,1.0,693396.0,1.0,1693300.0,76992.0,5
2025-12-17 16:54:41.933769,21.037227373175817,1.6370076665267677,-0.99972681084325,602.6728107444825,53.0,1.0,432887.0,1.0,1402368.0,73280.0,0
2025-12-17 16:54:42.033503,21.043104424573905,1.6270833438717025,-1.024675695240502,620.1202882745681,62.0,1.0,701184.0,1.0,1573394.0,71612.0,1
2025-12-17 16:54:42.134389,21.049219169755617,1.617247355397356,-1.045036179314641,638.1166809032084,60.0,1.0,680608.0,1.0,1152806.0,67175.0,2
2025-12-17 16:54:42.233527,21.05463856754426,1.60810339348646,-1.0670168746158148,645.4296088268097,62.0,1.0,939671.0,1.0,1553288.0,72638.0,3
2025-12-17 16:54:42.333980,21.0595927607716,1.5976776646214068,-1.0916696135484318,627.1639831286859,55.0,1.0,1065749.0,1.0,1917247.0,86323.0,4
2025-12-17 16:54:42.436888,21.063761876513045,1.5877455150583009,-1.121243772639969,614.387094924032,53.0,1.0,720184.0,1.0,1683015.0,76602.0,5
2025-12-17 16:54:42.933915,21.075646068187627,1.5312546084146632,-1.228404701322835,601.8606142393617,52.0,1.0,449003.0,1.0,1412370.0,73379.0,0
2025-12-17 16:54:43.034936,21.079517014219817,1.520231375605691,-1.244276834835592,646.325762069822,64.0,1.0,680608.0,1.0,1152806.0,66677.0,2
2025-12-17 16:54:43.134713,21.08322482580779,1.5096616352557586,-1.2630313166052602,627.6273983042254,53.0,1.0,931754.0,1.0,1546469.0,73902.0,3
2025-12-17 16:54:43.233753,21.08563644883205,1.498953219432245,-1.2892441136021289,653.3335899741207,68.0,2.0,1079179.0,1.0,1967203.0,84188.0,4
2025-12-17 16:54:43.333927,21.088094515203814,1.488356912649099,-1.3149944117971253,629.5491359741834,61.0,1.0,701896.0,1.0,1674493.0,75495.0,5
2025-12-17 16:54:43.933604,21.07824395178812,1.4037312098510384,-1.4602810032229063,590.0483319205724,46.0,1.0,443415.0,1.0,1405218.0,74253.0,0
2025-12-17 16:54:44.034629,21.07886571588013,1.3931694634580791,-1.489594443783747,626.588790159664,65.0,2.0,715810.0,1.0,1577126.0,71226.0,1
2025-12-17 16:54:44.134327,21.078931522007554,1.381832756116383,-1.5144975160380485,621.8467904504387,50.0,1.0,940307.0,1.0,1559082.0,74354.0,3
2025-12-17 16:54:44.233889,21.07904623787701,1.3706811636213914,-1.5349211383652577,644.5221152043353,64.0,1.0,1062148.0,1.0,1943380.0,84903.0,4
2025-12-17 16:54:44.334089,21.07984162592622,1.3587513121808072,-1.5514903861254856,621.7298051544548,57.0,1.0,705707.0,1.0,1701918.0,76085.0,5
2025-12-17 16:54:44.933091,21.067621424735627,1.2512858814791643,-1.6372032494806226,582.2360116710151,42.0,1.0,443565.0,1.0,1437934.0,74859.0,0
2025-12-17 16:54:45.033651,21.066968458229013,1.2401558949684637,-1.6381730186690793,607.8226803246272,55.0,1.0,713633.0,1.0,1576593.0,72539.0,1
2025-12-17 16:54:45.133499,21.066512069476268,1.2284825310942988,-1.6389331080210354,630.8129881671296,55.0,1.0,664448.0,1.0,1182843.0,67746.0,2
2025-12-17 16:54:45.234491,21.06586181217964,1.2169918567321858,-1.6396612610627883,632.0882509953556,55.0,1.0,929234.0,1.0,1549613.0,73628.0,3
2025-12-17 16:54:45.333787,21.065058705159817,1.205339486752635,-1.639646955977469,637.7294455310732,60.0,1.0,1073351.0,1.0,1998746.0,85537.0,4
2025-12-17 16:54:45.933617,21.060410417488583,1.135986888762203,-1.6416434322525275,601.4238865208046,52.0,1.0,444016.0,1.0,1388201.0,73453.0,0
2025-12-17 16:54:46.033590,21.059776989285115,1.124202874535591,-1.6396639186660191,622.0567851768358,62.0,1.0,705230.0,1.0,1583545.0,71564.0,1
2025-12-17 16:54:46.133914,21.05962277849519,1.1123793591236684,-1.6431430213835714,648.0452558170109,64.0,1.0,675102.0,1.0,1154758.0,66631.0,2
2025-12-17 16:54:46.234553,21.058643819565795,1.1015230222597632,-1.640167349373479,637.8992395566052,60.0,1.0,1080276.0,1.0,1935503.0,85509.0,4
2025-12-17 16:54:46.333973,21.05823688251953,1.0900934371717472,-1.6396732893724473,621.0910640334342,56.0,1.0,702847.0,1.0,1689864.0,76214.0,5
2025-12-17 16:54:46.933583,21.05542751075028,1.0212063504967137,-1.5934294791741024,587.6116562159893,45.0,1.0,435238.0,1.0,1417638.0,74505.0,0
2025-12-17 16:54:47.033363,21.05540574155981,1.0100533812327193,-1.5700223394484605,630.2908511652682,66.0,2.0,707381.0,1.0,1568609.0,71081.0,1
2025-12-17 16:54:47.133503,21.0449620404322,0.9861133155049292,-1.554956292954329,620.2773316933996,50.0,1.0,669413.0,1.0,1182043.0,68483.0,2
2025-12-17 16:54:47.234512,21.02912529781012,0.9515272456434936,-1.5526137125562185,637.5272093329356,58.0,1.0,950225.0,1.0,1573394.0,73280.0,3
2025-12-17 16:54:47.333707,21.02946424746596,0.9398899647948192,-1.5442715877158366,634.1064296396451,58.0,1.0,1064668.0,1.0,1947989.0,85857.0,4
2025-12-17 16:54:47.433513,21.02939158753677,0.9286280556941406,-1.5437814340752551,640.289684847338,66.0,2.0,717023.0,1.0,1705378.0,74833.0,5
2025-12-17 16:54:47.933582,21.02959917034184,0.872924904717804,-1.540835805240557,624.7994321077848,63.0,1.0,439977.0,1.0,1403792.0,71879.0,0
2025-12-17 16:54:48.035599,21.030494387471755,0.8603203723442583,-1.5420683636582753,634.5254937891264,68.0,2.0,696453.0,1.0,1568609.0,70793.0,1
2025-12-17 16:54:48.135924,21.030544019413373,0.8489122671542102,-1.538075403027661,635.5100650789062,58.0,1.0,654183.0,1.0,1169706.0,67494.0,2
2025-12-17 16:54:48.234575,21.03031498073542,0.8372181588298577,-1.5398322526897703,644.7467000242609,61.0,1.0,918913.0,1.0,1554866.0,72834.0,3
2025-12-17 16:54:48.334527,21.030882722932738,0.8254666951313876,-1.5455208980323676,651.2950838035821,67.0,2.0,1075897.0,1.0,1965872.0,84530.0,4
2025-12-17 16:54:48.434129,21.029982430905857,0.8147244268684517,-1.5398217110460866,614.4704360381315,52.0,1.0,722871.0,1.0,1720451.0,76757.0,5
2025-12-17 16:54:48.933566,21.032385295627503,0.7564773654560062,-1.5400788204203244,608.9872051829391,55.0,1.0,446276.0,1.0,1431621.0,73007.0,0
2025-12-17 16:54:49.033275,21.03283732971752,0.7445921305771694,-1.5415627992039325,635.759068829736,69.0,2.0,711944.0,1.0,1572330.0,70721.0,1
2025-12-17 16:54:49.133614,21.0328743853243,0.7341075452888681,-1.5376272114848648,646.7417000619985,63.0,1.0,666249.0,1.0,1191684.0,66812.0,2
2025-12-17 16:54:49.234888,21.033620755121497,0.7226607569511074,-1.5430455375930994,638.9662455848024,58.0,1.0,927349.0,1.0,1556973.0,73230.0,3
2025-12-17 16:54:49.335048,21.03363933830256,0.7113285545573174,-1.5425086427185957,636.4836816061404,59.0,1.0,1065028.0,1.0,1965872.0,85711.0,4
2025-12-17 16:54:49.433036,21.03423642576721,0.6990081214936694,-1.5417889085248353,645.6508785153076,68.0,2.0,699524.0,1.0,1669965.0,74480.0,5
2025-12-17 16:54:49.933854,21.02430601781663,0.614972460822977,-1.5498347397181074,614.1750353420215,58.0,1.0,439531.0,1.0,1431137.0,72638.0,0
2025-12-17 16:54:50.033375,21.024866671389795,0.6036096326039049,-1.5480453549435218,621.993211375125,62.0,1.0,703085.0,1.0,1559610.0,71685.0,1
2025-12-17 16:54:50.135074,21.025386272358237,0.5915660756633647,-1.5468253158167349,638.974210330887,59.0,1.0,661754.0,1.0,1186853.0,67311.0,2
2025-12-17 16:54:50.233417,21.025875698836188,0.5801886283111815,-1.5500243799807705,651.185399598618,64.0,1.0,943176.0,1.0,1552237.0,72417.0,3
2025-12-17 16:54:50.334224,21.02604205009346,0.5686313362624942,-1.5470567324494655,638.6720258767443,60.0,1.0,1064668.0,1.0,1969202.0,85566.0,4
2025-12-17 16:54:50.433544,21.026932134776217,0.5571508121486444,-1.5493097488868244,641.8316101969901,66.0,2.0,711463.0,1.0,1709423.0,74758.0,5
2025-12-17 16:54:50.935050,21.02779675065601,0.4999546361698064,-1.5468634334370797,632.2043107448018,67.0,2.0,713875.0,1.0,1605128.0,71009.0,1
2025-12-17 16:54:51.033769,21.02787821323612,0.4883909438961469,-1.5468423370424509,643.1828615162552,61.0,1.0,660859.0,1.0,1176455.0,67061.0,2
2025-12-17 16:54:51.134023,21.028547485646644,0.4787447142461118,-1.5451089256148798,650.3830617794523,64.0,1.0,940626.0,1.0,1537597.0,72515.0,3
2025-12-17 16:54:51.234402,21.029570567168385,0.477680963636284,-1.547313494481638,642.8417090645148,62.0,1.0,1077355.0,1.0,1965872.0,85220.0,4
2025-12-17 16:54:51.335544,21.029566471026,0.4778736808971571,-1.5468097164454329,645.9945474017677,68.0,2.0,717023.0,1.0,1712897.0,74505.0,5
2025-12-17 16:54:51.933499,21.0278594158077,0.461841413138301,-1.5448337948745994,618.5505208406562,60.0,1.0,442815.0,1.0,1395266.0,72368.0,0
2025-12-17 16:54:52.033539,21.02722934342641,0.4483336782725571,-1.5411336476096942,642.4614880376145,72.0,2.0,687321.0,1.0,1587838.0,70339.0,1
2025-12-17 16:54:52.133530,21.027738817145494,0.4343340293439839,-1.5416022083858267,639.4381944559864,59.0,1.0,667377.0,1.0,1193702.0,67334.0,2
2025-12-17 16:54:52.235016,21.028427159689272,0.4206082979951988,-1.5406148458620372,632.6247042706898,54.0,1.0,956355.0,1.0,1549613.0,73802.0,3
2025-12-17 16:54:52.334563,21.02912456792503,0.4081255654741165,-1.543834168419047,644.0490889666462,63.0,1.0,1061071.0,1.0,1927006.0,85191.0,4
2025-12-17 16:54:52.433881,21.02914986433631,0.3963842569710474,-1.5443216619014362,649.1929509058518,70.0,2.0,699524.0,1.0,1724531.0,74278.0,5
2025-12-17 16:54:52.933935,21.055885534326503,0.32603866553701,-1.5267949399421643,618.7383787905985,60.0,1.0,443415.0,1.0,1406170.0,72368.0,0
2025-12-17 16:54:53.033540,21.056724558298995,0.3142528107890232,-1.53101804940762,644.6956074052093,73.0,2.0,697633.0,1.0,1583545.0,70196.0,1
2025-12-17 16:54:53.134681,21.057386479838364,0.3026676770816285,-1.5290385669866586,640.6706329839437,60.0,1.0,661754.0,1.0,1187657.0,67266.0,2
2025-12-17 16:54:53.234077,21.058024270003152,0.2906933996919836,-1.532256867632317,657.8439750461971,67.0,2.0,935546.0,1.0,1547516.0,72050.0,3
2025-12-17 16:54:53.332950,21.05855215093561,0.2793561221655221,-1.5307697025212297,653.3553586550339,72.0,2.0,723605.0,1.0,1728037.0,74002.0,5
2025-12-17 16:54:53.934121,21.06179553494228,0.2097262018843855,-1.5280788131467429,609.9261897965208,55.0,1.0,449916.0,1.0,1401419.0,73057.0,0
2025-12-17 16:54:54.033692,21.06268480056339,0.1985931462624721,-1.5283178131565314,635.9297621247935,69.0,2.0,701896.0,1.0,1594300.0,70817.0,1
2025-12-17 16:54:54.133331,21.06311359037806,0.1866524006021519,-1.5253443491418577,628.9024908514828,54.0,1.0,681760.0,1.0,1178049.0,68044.0,2
2025-12-17 16:54:54.233491,21.063376225361328,0.1752321747930345,-1.5285567971572185,643.0633232970375,59.0,1.0,943814.0,1.0,1554340.0,73106.0,3
2025-12-17 16:54:54.334290,21.064018273161107,0.163817912424645,-1.524823764534461,644.4260366947964,63.0,1.0,1059276.0,1.0,1969868.0,85162.0,4
2025-12-17 16:54:54.435374,21.064414212005527,0.1521582308325317,-1.5250857853882274,636.5545004344572,63.0,1.0,711944.0,1.0,1726283.0,75240.0,5
2025-12-17 16:54:54.934396,21.068190487238887,0.0940064899787787,-1.5240391716980637,610.1140175145142,55.0,1.0,444618.0,1.0,1429200.0,73007.0,0
2025-12-17 16:54:55.033784,21.068579225688765,0.0826336048279161,-1.522786426841802,623.1639027972294,61.0,1.0,709059.0,1.0,1585153.0,71758.0,1
2025-12-17 16:54:55.133671,21.069400285122427,0.0705229069529496,-1.5235135619069882,651.1347410885166,65.0,2.0,662427.0,1.0,1198154.0,66654.0,2
2025-12-17 16:54:55.233861,21.070165610004544,0.0591670734954421,-1.522731871903056,642.2828813677603,59.0,1.0,949903.0,1.0,1562780.0,73156.0,3
2025-12-17 16:54:55.334175,21.06141725249445,0.064901560251541,-1.5239944666943828,652.6145146116127,67.0,2.0,1076990.0,1.0,1938125.0,84530.0,4
2025-12-17 16:54:55.434401,21.05816857709341,0.0618602725948775,-1.5256640010332303,628.7349645884232,59.0,1.0,705946.0,1.0,1709423.0,75828.0,5
2025-12-17 16:54:55.935381,21.063513489773545,0.0049020475254017,-1.4276407623543117,605.3019785535241,53.0,1.0,446729.0,1.0,1438421.0,73379.0,0
2025-12-17 16:54:56.034251,21.06494171266305,-0.0064540967797892,-1.405035822851739,626.3981312643406,63.0,1.0,705230.0,1.0,1600788.0,71540.0,1
2025-12-17 16:54:56.134007,21.067135535737016,-0.0162017452397522,-1.3838035226990335,633.3669903968654,56.0,1.0,662427.0,1.0,1193298.0,67814.0,2
2025-12-17 16:54:56.233249,21.0691334032052,-0.0267936962086388,-1.3600401865639162,638.5022239122022,57.0,1.0,935546.0,1.0,1560137.0,73453.0,3
2025-12-17 16:54:56.334266,21.07066349466012,-0.0384786704137818,-1.3352467119517364,659.8030313593455,70.0,2.0,1075169.0,1.0,1981235.0,84017.0,4
2025-12-17 16:54:56.434844,21.073134291104186,-0.050033720167673,-1.3144994391834788,620.9156845285112,55.0,1.0,721160.0,1.0,1739185.0,76472.0,5
2025-12-17 16:54:56.935127,21.090774145755443,-0.1038100989261492,-1.1976048521821394,600.4897069379714,50.0,1.0,451136.0,1.0,1424371.0,73727.0,0
2025-12-17 16:54:57.034757,21.09495709530809,-0.1133960937893929,-1.1767188339686296,635.6323688620978,68.0,2.0,715326.0,1.0,1580867.0,70961.0,1
2025-12-17 16:54:57.134294,21.09885080966484,-0.1238809120253012,-1.1532651822336837,629.5992283288206,53.0,1.0,672593.0,1.0,1207926.0,68114.0,2
2025-12-17 16:54:57.234807,21.103391697158905,-0.134609648726542,-1.1319347421578716,617.7220427214397,47.0,1.0,950868.0,1.0,1598623.0,74986.0,3
2025-12-17 16:54:57.333087,21.109249465250706,-0.1442007746618552,-1.1073072221864504,649.9913087125935,65.0,2.0,1082472.0,1.0,1971202.0,84788.0,4
2025-12-17 16:54:57.435636,21.12833224240358,-0.151860539515356,-1.05573846618296,648.09646751193,69.0,2.0,722871.0,1.0,1725699.0,74505.0,5
2025-12-17 16:54:57.935254,21.161114251738297,-0.1999901343770256,-0.9369084101826348,587.677506865105,44.0,1.0,445974.0,1.0,1439882.0,74707.0,0
2025-12-17 16:54:58.034683,21.16645132370859,-0.2084700724760031,-0.9135895610621568,617.8664706707576,59.0,1.0,710981.0,1.0,1598623.0,72172.0,1
2025-12-17 16:54:58.134491,21.173599158529967,-0.2174513712925305,-0.8943753686820379,642.8314453653588,60.0,1.0,659965.0,1.0,1205884.0,67243.0,2
2025-12-17 16:54:58.233317,21.181533713271698,-0.2260289226204976,-0.8731051883878722,645.9411925651948,60.0,1.0,935546.0,1.0,1551712.0,73007.0,3
2025-12-17 16:54:58.334261,21.19043625762701,-0.2336996384450378,-0.8339849365743929,642.1800296053868,61.0,1.0,1091300.0,1.0,1973872.0,85509.0,4
2025-12-17 16:54:58.433899,21.19943971132831,-0.2422359440315915,-0.8079726378767154,632.2767936569998,61.0,1.0,728273.0,1.0,1751590.0,75623.0,5
2025-12-17 16:54:58.933522,21.24031769406705,-0.2805378554374371,-0.7037202908746586,608.8649577165068,54.0,1.0,449611.0,1.0,1432590.0,73230.0,0
2025-12-17 16:54:59.033492,21.24893991361304,-0.2874939532247573,-0.681402164022017,611.1003109683455,55.0,1.0,719454.0,1.0,1609480.0,72711.0,1
2025-12-17 16:54:59.134187,21.257328947259875,-0.2954168038059563,-0.6611662151811762,642.0635460840763,60.0,1.0,667377.0,1.0,1201809.0,67334.0,2
2025-12-17 16:54:59.234246,21.258272400027074,-0.2943165247897914,-0.6208885982010486,638.1608733234847,56.0,1.0,942538.0,1.0,1562251.0,73578.0,3
2025-12-17 16:54:59.333008,21.265275061072597,-0.2973568121804506,-0.593794918042924,665.368293009665,73.0,2.0,1070449.0,1.0,1978554.0,83591.0,4
2025-12-17 16:54:59.433590,21.27460762148906,-0.3030448295574253,-0.5717386098752483,633.4573777558704,61.0,1.0,700472.0,1.0,1733309.0,75597.0,5
2025-12-17 16:54:59.934452,21.323106844805125,-0.3322165157827808,-0.4554626398124313,603.0529084278322,51.0,1.0,445069.0,1.0,1428717.0,73628.0,0
2025-12-17 16:55:00.034406,21.333720805653115,-0.3371486858165893,-0.4306059024457719,620.3346440867092,60.0,1.0,712427.0,1.0,1599705.0,72050.0,1
2025-12-17 16:55:00.136391,21.34430979529701,-0.3416500613085187,-0.4080404911266086,628.2962290884112,53.0,1.0,668508.0,1.0,1206292.0,68252.0,2
2025-12-17 16:55:00.233725,21.359093626408274,-0.3409704876822088,-0.3790447133126139,627.3802358403213,51.0,1.0,950868.0,1.0,1575526.0,74379.0,3
2025-12-17 16:55:00.334328,21.374758286689588,-0.3405091920672429,-0.3457958073774679,648.5570414233991,64.0,1.0,1074442.0,1.0,1949968.0,84989.0,4
2025-12-17 16:55:00.433006,21.385615234577525,-0.3448812119377189,-0.3229214767745546,633.637912178764,61.0,1.0,707142.0,1.0,1742131.0,75623.0,5
2025-12-17 16:55:00.934782,21.435964894031176,-0.3616238281823793,-0.1960731084895267,619.2407464735101,59.0,1.0,452053.0,1.0,1431621.0,72515.0,0
2025-12-17 16:55:01.033320,21.448116656081545,-0.3633664701842845,-0.1748308971359514,618.568508966806,59.0,1.0,717994.0,1.0,1623706.0,72196.0,1
2025-12-17 16:55:01.133610,21.451942512592183,-0.3562563042923017,-0.1505673195226628,643.5277547188216,60.0,1.0,673504.0,1.0,1209972.0,67266.0,2
2025-12-17 16:55:01.233691,21.447934266703847,-0.3433323250666191,-0.118280581906292,643.5997052423909,59.0,1.0,936813.0,1.0,1570734.0,73230.0,3
2025-12-17 16:55:01.336052,21.45963152198954,-0.3445790145468104,-0.0962644698683697,631.7458659909693,55.0,1.0,1096483.0,1.0,2012321.0,86410.0,4
2025-12-17 16:55:01.434753,21.470874544870867,-0.345257175563777,-0.0807512554175132,642.8188676733032,66.0,2.0,722871.0,1.0,1749813.0,74960.0,5
2025-12-17 16:55:01.933360,21.527123935735368,-0.3453085273565577,0.0291373427033468,614.4282555354964,57.0,1.0,451441.0,1.0,1425336.0,72859.0,0
2025-12-17 16:55:02.034980,21.520599045135203,-0.3417709590612645,0.0465197869817903,629.7370269624141,53.0,1.0,670320.0,1.0,1222734.0,68206.0,2
2025-12-17 16:55:02.133799,21.487471992894957,-0.3328653737995957,0.0582753978697254,625.7972581237468,50.0,1.0,955061.0,1.0,1588376.0,74530.0,3
2025-12-17 16:55:02.234115,21.498421592674383,-0.3318675619845264,0.0811330969639151,637.915150502098,59.0,1.0,1097969.0,1.0,1993341.0,85915.0,4
2025-12-17 16:55:02.334427,21.50957293202959,-0.331504495143978,0.1020874262994802,642.9813847096349,66.0,2.0,715810.0,1.0,1745081.0,74960.0,5
2025-12-17 16:55:02.933941,21.576392806968485,-0.3201889674451754,0.2430382338222097,609.6161407129702,54.0,1.0,441768.0,1.0,1438421.0,73255.0,0
2025-12-17 16:55:03.036968,21.58694477309215,-0.3159782356999701,0.2648686852557537,637.0376013003564,68.0,2.0,703561.0,1.0,1611115.0,70961.0,1
2025-12-17 16:55:03.134774,21.596442248074883,-0.2861620042577479,0.2993433196339552,635.9923675637981,56.0,1.0,677390.0,1.0,1214896.0,67860.0,2
2025-12-17 16:55:03.233610,21.606616365675823,-0.2762312008738208,0.3230125257482245,645.0386411933307,59.0,1.0,939035.0,1.0,1577660.0,73205.0,3
2025-12-17 16:55:03.334013,21.61727582161817,-0.2721225026507321,0.34360438276236,638.1224808288359,58.0,1.0,1072262.0,1.0,1967203.0,85944.0,4
2025-12-17 16:55:03.433580,21.627614721569007,-0.2677459755176805,0.3623767437083,643.1799356158909,66.0,2.0,726796.0,1.0,1764084.0,74960.0,5
2025-12-17 16:55:03.933409,21.679781766139417,-0.2448052856218803,0.4794864989967928,621.8038168956673,60.0,1.0,453585.0,1.0,1418598.0,72392.0,0
2025-12-17 16:55:04.033885,21.656991987517912,-0.2102660081413496,0.5195097026765539,642.2709986445437,71.0,2.0,724095.0,1.0,1590527.0,70625.0,1
2025-12-17 16:55:04.133563,21.657294374558173,-0.1958429587996724,0.543062902320412,633.2361600557726,54.0,1.0,951190.0,1.0,1587301.0,74027.0,3
2025-12-17 16:55:04.235032,21.667158083872167,-0.1893502912551179,0.5638253150602976,654.2923225447652,67.0,2.0,1095741.0,1.0,1996042.0,84587.0,4
2025-12-17 16:55:04.334775,21.677308341077065,-0.1837773207381099,0.588780578776259,638.3427274055356,63.0,1.0,704037.0,1.0,1776066.0,75367.0,5
2025-12-17 16:55:04.935141,21.696951584900106,-0.1262677716945557,0.7289463660909833,609.9919182034087,54.0,1.0,447486.0,1.0,1460990.0,73280.0,0
2025-12-17 16:55:05.034101,21.694695354578297,-0.1131423500165391,0.752679102751924,627.5051683477523,63.0,1.0,714842.0,1.0,1598082.0,71661.0,1
2025-12-17 16:55:05.133623,21.70337096333415,-0.105598156871709,0.7791943317533595,645.4564429322179,61.0,1.0,672821.0,1.0,1211201.0,67266.0,2
2025-12-17 16:55:05.233414,21.71141135012355,-0.0984290814709352,0.7976727388776631,642.4775519044312,58.0,1.0,965134.0,1.0,1601872.0,73379.0,3
2025-12-17 16:55:05.334660,21.71834796383476,-0.0897246315232829,0.8155666932184604,648.4996019766128,64.0,1.0,1088718.0,1.0,1961220.0,85133.0,4
2025-12-17 16:55:05.435144,21.725583540295336,-0.0810984598829129,0.8371867757407303,639.5414979699302,64.0,1.0,723605.0,1.0,1770664.0,75265.0,5
2025-12-17 16:55:05.933572,21.709152449529064,-0.0286314148473367,0.953396668353954,606.1793996623113,52.0,1.0,451747.0,1.0,1445742.0,73528.0,0
2025-12-17 16:55:06.033473,21.716188631860312,-0.0197182778568487,0.9756753493374194,629.7391404544122,63.0,1.0,711222.0,1.0,1600788.0,71588.0,1
2025-12-17 16:55:06.133915,21.72276307125026,-0.0100077429059624,0.9999555879319652,643.6886820250296,60.0,1.0,665798.0,1.0,1217366.0,67403.0,2
2025-12-17 16:55:06.233557,21.727544180769467,-0.0006658257281264,1.0236671799568533,634.6970601539056,54.0,1.0,946053.0,1.0,1572862.0,73977.0,3
2025-12-17 16:55:06.333891,21.73341655264205,0.0089371901602923,1.044783173722251,634.6879566146945,56.0,1.0,1083571.0,1.0,2022563.0,86323.0,4
2025-12-17 16:55:06.433995,21.739352164625267,0.0195335874098159,1.068142390867764,622.721930331271,55.0,1.0,729507.0,1.0,1779074.0,76524.0,5
2025-12-17 16:55:06.935789,21.667507663610564,0.0743468496996087,1.1947413228065251,618.3675920414513,58.0,1.0,447789.0,1.0,1425818.0,72711.0,0
2025-12-17 16:55:07.033429,21.671022053699943,0.0852510461438216,1.2153772064219406,629.9732492866461,63.0,1.0,709059.0,1.0,1612752.0,71588.0,1
2025-12-17 16:55:07.135305,21.67488221541977,0.0964777203868525,1.2397132350347642,659.9211760419273,68.0,2.0,678767.0,1.0,1207926.0,66406.0,2
2025-12-17 16:55:07.233262,21.678759711857214,0.1072886915925792,1.2615855787271162,626.9164722725136,50.0,1.0,969390.0,1.0,1607303.0,74581.0,3
2025-12-17 16:55:07.334116,21.68150180838827,0.1183619692760622,1.284958523959553,636.8764986213729,57.0,1.0,1103557.0,1.0,2000099.0,86177.0,4
2025-12-17 16:55:07.434296,21.683529277337406,0.129483325561126,1.3118677642905865,626.9026246204908,57.0,1.0,714358.0,1.0,1796621.0,76291.0,5
2025-12-17 16:55:07.935360,21.676658722207595,0.2076617981223449,1.4512368029869134,593.5552875650847,46.0,1.0,440424.0,1.0,1455561.0,74455.0,0
2025-12-17 16:55:08.033651,21.6709466499957,0.2277474399448813,1.4823841720072046,635.2074203945695,66.0,2.0,712427.0,1.0,1613298.0,71226.0,1
2025-12-17 16:55:08.133620,21.66733845546222,0.2447760872249968,1.5060528108504374,648.1529561320812,62.0,1.0,680608.0,1.0,1228541.0,67152.0,2
2025-12-17 16:55:08.234085,21.667454922742568,0.2564340038613872,1.52191817249953,640.1361297662557,56.0,1.0,960247.0,1.0,1579797.0,73653.0,3
2025-12-17 16:55:08.336335,21.66846795738158,0.2682859799286614,1.5302945959450025,632.0654164962423,55.0,1.0,1089086.0,1.0,1996042.0,86557.0,4
2025-12-17 16:55:08.933375,21.64512220649505,0.3509617530125029,1.557252873216255,610.7426909091382,54.0,1.0,447789.0,1.0,1437934.0,73255.0,0
2025-12-17 16:55:09.033843,21.61987758328444,0.3758200072912725,1.573311500429054,630.4415844789189,64.0,1.0,716053.0,1.0,1626456.0,71564.0,1
2025-12-17 16:55:09.134272,21.62045159764895,0.3873155707479929,1.5755324448787058,658.3852788065603,67.0,2.0,664223.0,1.0,1224390.0,66496.0,2
2025-12-17 16:55:09.235234,21.620025564462097,0.3991194462252014,1.570580121084813,640.2348585930317,59.0,1.0,1086877.0,1.0,2021879.0,85915.0,4
2025-12-17 16:55:09.335707,21.620676994545825,0.4108132830171209,1.576044148151674,614.2460953449624,51.0,1.0,730742.0,1.0,1791764.0,77200.0,5
2025-12-17 16:55:09.935385,21.619742327632025,0.481571880003365,1.575526906495202,630.6526527107509,64.0,1.0,710260.0,1.0,1608391.0,71564.0,1
2025-12-17 16:55:10.034766,21.619685217107094,0.4928962472985185,1.5790207504121323,648.5943476680951,62.0,1.0,674416.0,1.0,1216542.0,67152.0,2
2025-12-17 16:55:10.133937,21.619293099970168,0.5050081315347441,1.5784988142563294,645.5531033258175,59.0,1.0,972019.0,1.0,1600788.0,73329.0,3
2025-12-17 16:55:10.233787,21.619129252821068,0.5161658054648806,1.5770295791124356,638.4230854283885,58.0,1.0,1085407.0,1.0,1971202.0,86118.0,4
2025-12-17 16:55:10.334016,21.619093013107445,0.5276796700227022,1.5777424560913311,622.4264297994683,54.0,1.0,709779.0,1.0,1799055.0,76654.0,5
2025-12-17 16:55:10.934275,21.618187650637594,0.5965680087531036,1.5735314569327694,627.1184120667529,62.0,1.0,443565.0,1.0,1435989.0,72172.0,0
2025-12-17 16:55:11.033457,21.618805348837384,0.607884644081544,1.575010180551051,619.9097323758849,58.0,1.0,717265.0,1.0,1595380.0,72368.0,1
2025-12-17 16:55:11.133585,21.618674241263584,0.6191938892819477,1.5705609612461977,657.8494619024628,66.0,2.0,669187.0,1.0,1236886.0,66609.0,2
2025-12-17 16:55:11.233961,21.613361234428258,0.6413825054183748,1.5843102985195066,645.7945331439734,59.0,1.0,954738.0,1.0,1603500.0,73280.0,3
2025-12-17 16:55:11.335558,21.60088786008713,0.6802543404516248,1.6160972390305948,642.6307688148665,60.0,1.0,1087981.0,1.0,2012321.0,85740.0,4
2025-12-17 16:55:11.435188,21.60035885973858,0.6912686181099614,1.6133868398721298,634.6253454177161,61.0,1.0,722871.0,1.0,1787524.0,75751.0,5
2025-12-17 16:55:11.934894,21.598273271108987,0.7503738392230321,1.619399319532706,606.3063043797176,51.0,1.0,444467.0,1.0,1436961.0,73653.0,0
2025-12-17 16:55:12.034682,21.597520416965622,0.7626181963540652,1.6215931506692725,620.1441383052992,58.0,1.0,703085.0,1.0,1616030.0,72343.0,1
2025-12-17 16:55:12.134539,21.596423514778312,0.7740090463101579,1.6198595726027285,658.0818546926743,66.0,2.0,680608.0,1.0,1216542.0,66631.0,2
2025-12-17 16:55:12.234793,21.595325131313277,0.776166062699227,1.6250196518144169,637.0141926130074,55.0,1.0,947335.0,1.0,1589989.0,73927.0,3
2025-12-17 16:55:12.334924,21.595160062130304,0.7765807684091586,1.627217642269713,646.8191489003935,62.0,1.0,1098340.0,1.0,2005522.0,85480.0,4
2025-12-17 16:55:12.434297,21.59521057889551,0.7765356530660839,1.627466433247352,631.8058243841552,59.0,1.0,732723.0,1.0,1830378.0,75982.0,5
2025-12-17 16:55:12.933720,21.59521057889551,0.7765356530660839,1.627466433247352,620.4938600101718,59.0,1.0,450678.0,1.0,1429684.0,72638.0,0
2025-12-17 16:55:13.033621,21.59521057889551,0.7765356530660839,1.627466433247352,627.3780090383742,62.0,1.0,705230.0,1.0,1606215.0,71879.0,1
2025-12-17 16:55:13.134550,21.59521057889551,0.7765356530660839,1.627466433247352,646.3140285453509,60.0,1.0,673048.0,1.0,1244444.0,67425.0,2
2025-12-17 16:55:13.233250,21.59521057889551,0.7765356530660839,1.627466433247352,647.2333308244887,60.0,1.0,965134.0,1.0,1608391.0,73230.0,3
2025-12-17 16:55:13.334090,21.59521057889551,0.7765356530660839,1.627466433247352,637.0074912860016,57.0,1.0,1089086.0,1.0,2013684.0,86264.0,4
2025-12-17 16:55:13.433617,21.59521057889551,0.7765356530660839,1.627466433247352,633.9863414656169,60.0,1.0,729260.0,1.0,1813115.0,75905.0,5
2025-12-17 16:55:13.933175,21.59646969502409,0.8074287261104702,1.616846347116778,593.68153375178,45.0,1.0,444467.0,1.0,1464456.0,74581.0,0
2025-12-17 16:55:14.033430,21.59532375805392,0.8216537537186506,1.6198098215861847,630.6120834550956,63.0,1.0,710260.0,1.0,1630866.0,71709.0,1
2025-12-17 16:55:14.134267,21.59388795899814,0.8354393532091118,1.6198148481005654,623.5461341396657,49.0,1.0,675102.0,1.0,1255443.0,68902.0,2
2025-12-17 16:55:14.234768,21.592993755176177,0.8477197792341888,1.620795987242715,640.4531408546516,56.0,1.0,942538.0,1.0,1581938.0,73727.0,3
2025-12-17 16:55:14.334664,21.592091453560627,0.8584000544235808,1.6183292221290753,640.1960990790384,59.0,1.0,1098712.0,1.0,2024618.0,86031.0,4
2025-12-17 16:55:14.433711,21.591994726827306,0.8692086019412812,1.6225399735806345,631.1669983623739,59.0,1.0,741706.0,1.0,1839694.0,76085.0,5
2025-12-17 16:55:14.933935,21.589162301173307,0.9275651847827132,1.617592540260617,611.869452541172,54.0,1.0,444317.0,1.0,1449662.0,73329.0,0
2025-12-17 16:55:15.035358,21.578205304366428,0.9571069155773078,1.636432484584473,627.8466539702606,62.0,1.0,697161.0,1.0,1601872.0,71904.0,1
2025-12-17 16:55:15.133385,21.573660729152323,0.9802205988586908,1.6555555598016267,654.7781006633725,64.0,1.0,675787.0,1.0,1224390.0,66903.0,2
2025-12-17 16:55:15.233498,21.5722143146484,0.9926240890055782,1.6555568784557269,647.6723389833169,60.0,1.0,963176.0,1.0,1590527.0,73255.0,3
2025-12-17 16:55:15.335585,21.571227407747024,1.004844705226854,1.657815690024849,663.3847722814344,71.0,2.0,1111429.0,1.0,1971869.0,84159.0,4
2025-12-17 16:55:15.434449,21.57015766100724,1.0169160753449011,1.659758251186111,638.3477715912372,62.0,1.0,725076.0,1.0,1840940.0,75572.0,5
2025-12-17 16:55:15.933949,21.56460549360195,1.0745884515257345,1.6584856083246615,592.0572312496085,44.0,1.0,444768.0,1.0,1456547.0,74758.0,0
2025-12-17 16:55:16.033808,21.56347107655413,1.0859664476191415,1.6597653598354736,644.0804102190795,70.0,2.0,699998.0,1.0,1617125.0,70793.0,1
2025-12-17 16:55:16.135173,21.56247992635672,1.0981575963686732,1.6582494152935925,646.0106870844471,59.0,1.0,673960.0,1.0,1241499.0,67494.0,2
2025-12-17 16:55:16.234425,21.560768775917477,1.1101143823097184,1.6567644746127028,641.892019302653,57.0,1.0,955708.0,1.0,1623706.0,73702.0,3
2025-12-17 16:55:16.332808,21.559680439150974,1.1217130127608312,1.65428581517146,653.5727484123308,65.0,2.0,1083571.0,1.0,2062659.0,85018.0,4
2025-12-17 16:55:16.433911,21.55908215098385,1.132246959892914,1.6577416393423436,621.5283143235671,53.0,1.0,724095.0,1.0,1819261.0,76861.0,5
2025-12-17 16:55:16.935489,21.55554107194927,1.191150032736382,1.655736904953743,611.2452965043426,54.0,1.0,442666.0,1.0,1451134.0,73404.0,0
2025-12-17 16:55:17.033518,21.55496692786247,1.2017978842231862,1.656977985108614,634.3144614580066,65.0,2.0,725321.0,1.0,1643611.0,71491.0,1
2025-12-17 16:55:17.134324,21.55400044328869,1.213479440079678,1.6592229914894978,650.2426612698068,61.0,1.0,685230.0,1.0,1233959.0,67266.0,2
2025-12-17 16:55:17.234506,21.553244837527,1.2237554171695164,1.6579744750082808,646.1115139445619,59.0,1.0,949261.0,1.0,1573394.0,73404.0,3
2025-12-17 16:55:17.333651,21.553823955683505,1.2433992578459003,1.6635544175088983,633.7614069117585,55.0,1.0,1109174.0,1.0,2020511.0,86645.0,4
2025-12-17 16:55:17.434435,21.555569778366767,1.2711287922211847,1.671439218602764,620.7090488954883,53.0,1.0,732971.0,1.0,1815571.0,76965.0,5
2025-12-17 16:55:17.933990,21.55284267861699,1.2936015528391138,1.6729576309051308,596.4327911075709,46.0,1.0,450068.0,1.0,1454084.0,74455.0,0
2025-12-17 16:55:18.034647,21.55284267861699,1.2936015528391138,1.6729576309051308,640.548844911984,68.0,2.0,718480.0,1.0,1630314.0,71081.0,1
2025-12-17 16:55:18.133930,21.553479004836213,1.2957654903990958,1.6754257676648086,651.4747410931075,62.0,1.0,695511.0,1.0,1259699.0,67198.0,2
2025-12-17 16:55:18.234377,21.55387662875051,1.3042333830263484,1.6776338360194265,638.3309624963293,54.0,1.0,988608.0,1.0,1611661.0,74027.0,3
2025-12-17 16:55:18.334205,21.55320671923392,1.3168400861809255,1.6833078351001691,656.9500109348033,67.0,2.0,1136150.0,1.0,2015730.0,84788.0,4
2025-12-17 16:55:18.433952,21.55063373154595,1.3314290136261588,1.682528048699883,622.8896015630135,54.0,1.0,728520.0,1.0,1854071.0,76835.0,5
2025-12-17 16:55:18.934682,21.541454210771363,1.3919507173034775,1.681551761163721,616.6206971281895,56.0,1.0,443115.0,1.0,1472906.0,73106.0,0
2025-12-17 16:55:19.034687,21.54065826449084,1.4024492850865595,1.6825086021126918,650.782973410225,73.0,2.0,733468.0,1.0,1592682.0,70458.0,1
2025-12-17 16:55:19.133301,21.539369092400467,1.4133208750439126,1.677069725642332,646.7067663561529,60.0,1.0,669187.0,1.0,1230206.0,67517.0,2
2025-12-17 16:55:19.233749,21.53830037161184,1.424948093522759,1.6840401590833738,642.5503015291415,57.0,1.0,941262.0,1.0,1580867.0,73702.0,3
2025-12-17 16:55:19.333883,21.536905576081143,1.4366868161341362,1.6842797252632795,655.1384498322037,66.0,2.0,1110676.0,1.0,2020511.0,84903.0,4
2025-12-17 16:55:19.433384,21.53527641378731,1.44826285549616,1.6820875823477588,638.0701388761457,61.0,1.0,746996.0,1.0,1834099.0,75751.0,5
2025-12-17 16:55:19.933429,21.53079747269923,1.5046743214901497,1.6522297557078471,612.8082379243333,54.0,1.0,453739.0,1.0,1460496.0,73379.0,0
2025-12-17 16:55:20.034152,21.517598337268577,1.5234439320748976,1.6437581076105094,634.0169672899644,64.0,1.0,721893.0,1.0,1634734.0,71612.0,1
2025-12-17 16:55:20.133714,21.483414229060035,1.554752792252943,1.6516260235177933,645.9390335416916,59.0,1.0,693865.0,1.0,1250354.0,67562.0,2
2025-12-17 16:55:20.233926,21.48186022540098,1.566410456505353,1.625411726904449,636.7698172408294,53.0,1.0,957327.0,1.0,1599705.0,74178.0,3
2025-12-17 16:55:20.334244,21.481207923225348,1.578397163926314,1.6033666258652843,640.3270174748269,58.0,1.0,1111052.0,1.0,1989298.0,86177.0,4
2025-12-17 16:55:20.433673,21.4803259539752,1.5907506351019896,1.582607675657466,643.2508309976865,64.0,1.0,721893.0,1.0,1825429.0,75367.0,5
2025-12-17 16:55:20.933855,21.4827718516285,1.6449513867047578,1.4717760362690784,606.9960939965147,51.0,1.0,444618.0,1.0,1465447.0,73827.0,0
2025-12-17 16:55:21.033448,21.48542304977997,1.655390912334739,1.448048320328829,644.1479259530392,58.0,1.0,681068.0,1.0,1257995.0,67700.0,2
2025-12-17 16:55:21.135034,21.487000443741323,1.6666372604634407,1.4217628335957668,638.9675895990497,54.0,1.0,965134.0,1.0,1627557.0,74052.0,3
2025-12-17 16:55:21.233966,21.488677841059225,1.678889172443168,1.4038321024335658,637.4966147067825,57.0,1.0,1112558.0,1.0,2028047.0,86410.0,4
2025-12-17 16:55:21.335310,21.49006698911317,1.6903074658220325,1.3807707918274204,638.4137026301744,62.0,1.0,727288.0,1.0,1826047.0,75725.0,5
2025-12-17 16:55:21.935632,21.506379890816945,1.7736423385297506,1.2511373765156752,605.1842037541796,50.0,1.0,442666.0,1.0,1457533.0,73977.0,0
2025-12-17 16:55:22.034517,21.509446208236906,1.7850446729914893,1.2294221673185266,630.4852910103997,62.0,1.0,718480.0,1.0,1612206.0,71879.0,1
2025-12-17 16:55:22.133742,21.513277144042974,1.7947282509992446,1.2028436100098248,672.4033826400728,73.0,2.0,685926.0,1.0,1259699.0,65914.0,2
2025-12-17 16:55:22.233791,21.518086115243,1.803496445152187,1.1770807843070294,656.2087413400186,63.0,1.0,961873.0,1.0,1610570.0,72859.0,3
2025-12-17 16:55:22.333981,21.52251564088513,1.8135669004696424,1.1511105102316803,649.703967087973,62.0,1.0,1103557.0,1.0,2030795.0,85480.0,4
2025-12-17 16:55:22.433347,21.52711454546402,1.8243994873689855,1.135897557798945,641.6120519422835,63.0,1.0,738200.0,1.0,1857211.0,75495.0,5
2025-12-17 16:55:22.933622,21.5400766798552,1.878959498336964,1.0287052269551478,634.3716024038312,65.0,2.0,451136.0,1.0,1453100.0,71879.0,0
2025-12-17 16:55:23.034201,21.546494373216117,1.8881813275744757,0.9952516433229424,633.7193361622293,64.0,1.0,725321.0,1.0,1624256.0,71661.0,1
2025-12-17 16:55:23.135222,21.55314381023114,1.8972996628807015,0.9733019335108848,662.6358975523874,67.0,2.0,683146.0,1.0,1244444.0,66609.0,2
2025-12-17 16:55:23.235074,21.55964752778824,1.907917771710582,0.9560427857747048,632.4284997931184,51.0,1.0,986268.0,1.0,1607303.0,74530.0,3
2025-12-17 16:55:23.335110,21.566047450246455,1.917789082179846,0.9389940175805398,644.8926794982847,60.0,1.0,1095371.0,1.0,2006880.0,85915.0,4
2025-12-17 16:55:23.433241,21.572421263006785,1.9269925707623656,0.9158329482116444,622.7926727110572,53.0,1.0,729507.0,1.0,1872359.0,76965.0,5
2025-12-17 16:55:23.933599,21.54510155856512,1.9442921098695072,0.8507626573490797,606.5593741645529,50.0,1.0,441768.0,1.0,1455069.0,73902.0,0
2025-12-17 16:55:24.034772,21.54510155856512,1.9442921098695072,0.8507626573490797,647.9535889777302,71.0,2.0,711944.0,1.0,1601872.0,70721.0,1
2025-12-17 16:55:24.133736,21.54510155856512,1.9442921098695072,0.8507626573490797,651.6257353109286,61.0,1.0,949261.0,1.0,1595920.0,73205.0,3
2025-12-17 16:55:24.234740,21.54510155856512,1.9442921098695072,0.8507626573490797,634.9374554235761,60.0,1.0,746996.0,1.0,1866664.0,76033.0,5
2025-12-17 16:55:24.933653,21.581464185301225,1.9798998237873784,0.7079513840986138,624.7471603840327,60.0,1.0,438342.0,1.0,1447210.0,72588.0,0
2025-12-17 16:55:25.033847,21.59019449610729,1.9868472747175936,0.6874850021623259,643.1874915510075,69.0,2.0,707860.0,1.0,1620961.0,71057.0,1
2025-12-17 16:55:25.133634,21.597700351055632,1.99389457291894,0.6657242548801937,660.0998714619495,65.0,2.0,673276.0,1.0,1253320.0,66812.0,2
2025-12-17 16:55:25.233226,21.60636076288289,1.9999468855584777,0.6441021939615165,643.867047928439,56.0,1.0,942219.0,1.0,1622607.0,73802.0,3
2025-12-17 16:55:25.333540,21.614692955744676,2.006572285582989,0.6204329052760911,659.269382742461,67.0,2.0,1099456.0,1.0,2023933.0,84759.0,4
2025-12-17 16:55:25.433472,21.62423670209123,2.012825344308032,0.5987041201827418,630.1539942720877,57.0,1.0,735208.0,1.0,1817415.0,76420.0,5
2025-12-17 16:55:25.933626,21.67170453245789,2.0456330410669583,0.4823294529801581,625.9349313936501,60.0,1.0,449155.0,1.0,1442321.0,72588.0,0
2025-12-17 16:55:26.033449,21.681317293927123,2.0499560733936013,0.4548665222472941,649.4215175050682,71.0,2.0,714600.0,1.0,1617672.0,70721.0,1
2025-12-17 16:55:26.134260,21.68367509672561,2.048329210475428,0.4273102316389837,663.332188099975,67.0,2.0,692458.0,1.0,1238981.0,66609.0,2
2025-12-17 16:55:26.233635,21.667478917667665,2.0321742712363253,0.3925397214037293,664.0866145587594,67.0,2.0,959273.0,1.0,1606759.0,72368.0,3
2025-12-17 16:55:26.334549,21.6781601161892,2.036589836021352,0.3732832169103626,642.4580725328213,59.0,1.0,1099456.0,1.0,1998746.0,86118.0,4
2025-12-17 16:55:26.433635,21.68749489622761,2.0390334740164144,0.3463588215278834,631.3346636329991,58.0,1.0,726796.0,1.0,1845307.0,76369.0,5
2025-12-17 16:55:26.935702,21.743544418163143,2.0544187589465635,0.237519667510697,611.1230972963627,53.0,1.0,447183.0,1.0,1471909.0,73603.0,0
2025-12-17 16:55:27.033753,21.750456215630805,2.055452422300392,0.2139251662108053,652.6557078107604,73.0,2.0,711463.0,1.0,1600788.0,70458.0,1
2025-12-17 16:55:27.133368,21.729332605971027,2.039991948711159,0.1823193982918913,670.5641523019689,71.0,2.0,665123.0,1.0,1246552.0,66182.0,2
2025-12-17 16:55:27.234027,21.7381844962905,2.040411698782547,0.155545483419506,654.306177457973,61.0,1.0,944454.0,1.0,1608391.0,73131.0,3
2025-12-17 16:55:27.334219,21.748028047074108,2.0410067022927887,0.1305340480951506,655.6465099222248,65.0,2.0,1097226.0,1.0,2039059.0,85076.0,4
2025-12-17 16:55:27.433908,21.758920627897265,2.0425425003840525,0.1096912091013785,646.5153528643012,65.0,2.0,739450.0,1.0,1860987.0,75265.0,5
2025-12-17 16:55:27.933485,21.8019530289722,2.040105684947875,0.0058326331471129,624.3104570763659,59.0,1.0,444467.0,1.0,1452608.0,72687.0,0
2025-12-17 16:55:28.034314,21.747386345965293,2.013056043032835,-0.0074587396536962,659.8899582850701,77.0,2.0,700235.0,1.0,1620961.0,70030.0,1
2025-12-17 16:55:28.133641,21.74921181330539,2.0080588538583086,-0.0323320309402221,675.7963869835257,73.0,2.0,676245.0,1.0,1233124.0,65869.0,2
2025-12-17 16:55:28.234435,21.760364421779308,2.0078526665876755,-0.051774862185917,658.5257438688167,64.0,1.0,968079.0,1.0,1598082.0,72810.0,3
2025-12-17 16:55:28.335030,21.77202340009004,2.0072740901671557,-0.0736624479888293,646.8351623896655,60.0,1.0,1128485.0,1.0,2039059.0,85857.0,4
2025-12-17 16:55:28.433966,21.78284943604171,2.006432193067554,-0.0956046164500034,640.6960032580213,62.0,1.0,734213.0,1.0,1857840.0,75725.0,5
2025-12-17 16:55:28.935071,21.80688806409657,1.972561050413523,-0.2004653659439612,662.1008427333824,78.0,2.0,688951.0,1.0,1609480.0,69865.0,1
2025-12-17 16:55:29.034650,21.81221591992967,1.9653997539076065,-0.2221696685469393,640.0055754132794,55.0,1.0,675787.0,1.0,1260979.0,68206.0,2
2025-12-17 16:55:29.134593,21.82353756571814,1.9630713952698315,-0.2380289404931734,651.7233077240159,60.0,1.0,952801.0,1.0,1619316.0,73329.0,3
2025-12-17 16:55:29.234173,21.834246655456862,1.960544526893461,-0.2595547522563152,671.004650480356,73.0,2.0,1096855.0,1.0,2028047.0,83875.0,4
2025-12-17 16:55:29.334790,21.844715000486893,1.9573852378328815,-0.281270090108451,636.858728030257,60.0,1.0,749275.0,1.0,1871725.0,76033.0,5
2025-12-17 16:55:29.934489,21.87047941426569,1.923297318712864,-0.3955916707246885,623.6861977626928,58.0,1.0,439828.0,1.0,1464951.0,72810.0,0
2025-12-17 16:55:30.035700,21.87993820455313,1.9191197123411392,-0.4166512349006103,657.3585210411406,75.0,2.0,703799.0,1.0,1609480.0,70244.0,1
2025-12-17 16:55:30.133349,21.88961061521436,1.914208346127568,-0.4462687573489489,674.2606617870913,73.0,2.0,676932.0,1.0,1257144.0,65958.0,2
2025-12-17 16:55:30.233816,21.89917098529568,1.9087903906185444,-0.4705507738351315,655.9645617412035,62.0,1.0,951512.0,1.0,1611661.0,73057.0,3
2025-12-17 16:55:30.333598,21.9094502768228,1.9038060990425285,-0.49030901699342,661.211891646786,68.0,2.0,1110676.0,1.0,2023933.0,84731.0,4
2025-12-17 16:55:30.935507,21.945677284051943,1.8531082091866555,-0.6333133914279195,621.8741649983134,58.0,1.0,445823.0,1.0,1466440.0,72908.0,0
2025-12-17 16:55:31.033799,21.9544104864524,1.8457707926801552,-0.6564924581986944,644.5921951141436,68.0,2.0,700472.0,1.0,1644723.0,71153.0,1
2025-12-17 16:55:31.135547,21.963874209141373,1.8389253829370256,-0.6760599615432346,669.4933433983983,70.0,2.0,679917.0,1.0,1262260.0,66294.0,2
2025-12-17 16:55:31.233708,21.972750074789165,1.8322541049734615,-0.6964473837863203,666.184014901985,67.0,2.0,985934.0,1.0,1627007.0,72343.0,3
2025-12-17 16:55:31.334374,21.98033884865207,1.8246282266958724,-0.7184790761438618,652.4005375167408,63.0,1.0,1114442.0,1.0,2028047.0,85480.0,4
2025-12-17 16:55:31.435218,21.988053057089573,1.8170690184483789,-0.7419458217316968,623.2381491690116,53.0,1.0,734710.0,1.0,1869193.0,77070.0,5
2025-12-17 16:55:31.933922,21.99573385656136,1.7558409790242653,-0.8522389712210806,631.0616434527988,62.0,1.0,443716.0,1.0,1437934.0,72343.0,0
2025-12-17 16:55:32.034810,22.00344399861943,1.7473498502817462,-0.8679867324445477,660.8265509420634,77.0,2.0,723850.0,1.0,1609480.0,70030.0,1
2025-12-17 16:55:32.134010,22.010868206024583,1.738516337879772,-0.8948774073958577,667.7251578499045,69.0,2.0,681068.0,1.0,1257144.0,66429.0,2
2025-12-17 16:55:32.232900,22.017630183383357,1.7294000727228838,-0.9179914510426848,656.5699093031815,65.0,2.0,1110676.0,1.0,2044588.0,85133.0,4
2025-12-17 16:55:32.334211,22.0256557474366,1.7206201730881512,-0.9406261417543372,645.40054318956,64.0,1.0,743465.0,1.0,1876800.0,75469.0,5
2025-12-17 16:55:32.933530,22.043680844977004,1.6400965418408493,-1.0719704440401014,627.2493459241471,60.0,1.0,444317.0,1.0,1463960.0,72613.0,0
2025-12-17 16:55:33.033409,22.048864146481392,1.6300875210835102,-1.0979127519727043,656.0603420746331,74.0,2.0,716053.0,1.0,1625355.0,70387.0,1
2025-12-17 16:55:33.133970,22.054020646623687,1.6194558129458247,-1.114239237580052,665.9573198618449,68.0,2.0,679457.0,1.0,1258847.0,66564.0,2
2025-12-17 16:55:33.234714,22.059708123780272,1.609977722912758,-1.1351428094828788,666.6231894242763,67.0,2.0,957651.0,1.0,1598623.0,72343.0,3
2025-12-17 16:55:33.333286,22.06334956504399,1.599555150175016,-1.1631024123391736,648.7773316177215,61.0,1.0,1106924.0,1.0,2029420.0,85827.0,4
2025-12-17 16:55:33.433604,22.066774396735838,1.5897105715961546,-1.187378371491132,635.599137449396,59.0,1.0,736453.0,1.0,1886991.0,76188.0,5
2025-12-17 16:55:33.934777,22.05721566458939,1.513819111758396,-1.2940668751090445,626.4373561604898,59.0,1.0,449003.0,1.0,1468923.0,72687.0,0
2025-12-17 16:55:34.035141,22.06079416010486,1.5023924098952968,-1.3063481386770592,665.2948667024481,79.0,2.0,716537.0,1.0,1630866.0,69817.0,1
2025-12-17 16:55:34.134675,22.064219977274423,1.4918136340768855,-1.330907868657172,646.1896548414029,58.0,1.0,683609.0,1.0,1270403.0,67860.0,2
2025-12-17 16:55:34.234266,22.065939765420964,1.481036700435684,-1.3523521716584144,658.842567962924,63.0,1.0,990282.0,1.0,1633075.0,72908.0,3
2025-12-17 16:55:34.333059,22.06821199670165,1.4703871978573853,-1.3764524081890974,660.9657884225833,67.0,2.0,1086509.0,1.0,2000776.0,84788.0,4
2025-12-17 16:55:34.434957,22.07009992171829,1.4542523362052142,-1.3902086460527976,643.780021771808,63.0,1.0,732475.0,1.0,1878706.0,75623.0,5
2025-12-17 16:55:34.933289,22.07355075036553,1.4039718426894536,-1.4202623787739506,613.6248528292549,53.0,1.0,442666.0,1.0,1491972.0,73628.0,0
2025-12-17 16:55:35.034114,22.076307340058403,1.3900083068064326,-1.419529834202812,653.5287453955737,73.0,2.0,708100.0,1.0,1632522.0,70602.0,1
2025-12-17 16:55:35.134073,22.07944912156458,1.3763794602924806,-1.4200383417810387,635.4216863730734,52.0,1.0,664897.0,1.0,1259699.0,68623.0,2
2025-12-17 16:55:35.233503,22.081788898980463,1.3634301946206264,-1.4210347510456405,670.0618773663596,69.0,2.0,940944.0,1.0,1620412.0,72172.0,3
2025-12-17 16:55:35.333721,22.0809967653637,1.3505407223383905,-1.415529678471266,656.1544128035845,65.0,2.0,1110676.0,1.0,2032858.0,85248.0,4
2025-12-17 16:55:35.433550,22.07504855484057,1.3326487779272824,-1.412578466020742,637.9604075280504,60.0,1.0,740201.0,1.0,1902381.0,76085.0,5
2025-12-17 16:55:35.934461,22.08382212802197,1.275459536482015,-1.4234223238511623,636.8128489823918,65.0,2.0,449155.0,1.0,1462969.0,71977.0,0
2025-12-17 16:55:36.034997,22.085654979692507,1.2642458522875053,-1.4394588981845071,651.7630712562443,71.0,2.0,724340.0,1.0,1643611.0,70769.0,1
2025-12-17 16:55:36.134029,22.087643105992264,1.2528062060962304,-1.456448605235462,673.6538474563287,72.0,2.0,685230.0,1.0,1263115.0,66160.0,2
2025-12-17 16:55:36.235375,22.087964649678035,1.2427084686445724,-1.4786781233304536,659.2817650913324,63.0,1.0,964481.0,1.0,1618768.0,72958.0,3
2025-12-17 16:55:36.334625,22.08816122721456,1.231771108895681,-1.506158131033512,662.3430828014873,68.0,2.0,1103557.0,1.0,2022563.0,84702.0,4
2025-12-17 16:55:36.433026,22.088080404503803,1.2206692147357332,-1.5231707031847286,648.1409527893389,65.0,2.0,717023.0,1.0,1880615.0,75393.0,5
2025-12-17 16:55:36.933345,22.090593099988943,1.1629307030835987,-1.544688919144614,624.0004155038584,58.0,1.0,451288.0,1.0,1480904.0,72908.0,0
2025-12-17 16:55:37.033899,22.09131173681843,1.1519333195744883,-1.5424270413880683,653.9969333269115,72.0,2.0,704037.0,1.0,1636395.0,70649.0,1
2025-12-17 16:55:37.133430,22.091044367057755,1.139856200951873,-1.541697534233116,664.885879684513,67.0,2.0,675787.0,1.0,1260126.0,66744.0,2
2025-12-17 16:55:37.233300,22.092289124488044,1.1285497075522368,-1.5394733055169727,655.5007865411219,61.0,1.0,963176.0,1.0,1615484.0,73205.0,3
2025-12-17 16:55:37.334412,22.09208147918015,1.1172533251479004,-1.536001752990563,657.5315422453434,65.0,2.0,1118977.0,1.0,2036990.0,85162.0,4
2025-12-17 16:55:37.434100,22.09216314091368,1.1049489188211847,-1.5397029430086289,652.3217867132142,67.0,2.0,737201.0,1.0,1865401.0,75113.0,5
2025-12-17 16:55:37.933836,22.10563914245,1.0357945999896403,-1.5355131283639214,617.1882837814851,54.0,1.0,446427.0,1.0,1482910.0,73404.0,0
2025-12-17 16:55:38.034657,22.10609879200732,1.0241378278611828,-1.5337812312676795,640.2312299226904,65.0,2.0,715810.0,1.0,1654774.0,71612.0,1
2025-12-17 16:55:38.135284,22.106007900200403,1.0122900685695848,-1.5364839222136062,674.1184814288933,72.0,2.0,681299.0,1.0,1257995.0,66160.0,2
2025-12-17 16:55:38.233580,22.1068411630521,1.001641226696969,-1.5364534367958271,671.7203248589269,69.0,2.0,957651.0,1.0,1618768.0,72123.0,3
2025-12-17 16:55:38.334147,22.106723002229145,0.9899811469283576,-1.5347267229043575,675.7199918872207,75.0,2.0,1119356.0,1.0,2040440.0,83733.0,4
2025-12-17 16:55:38.434028,22.107432081845488,0.9781136096587736,-1.5342302550032654,648.5024136237452,65.0,2.0,735705.0,1.0,1865401.0,75418.0,5
2025-12-17 16:55:38.935518,22.108965547744408,0.9203753891056944,-1.5432261333212651,630.3763757004224,61.0,1.0,441170.0,1.0,1464456.0,72490.0,0
2025-12-17 16:55:39.035430,22.10877179759435,0.9091731834668612,-1.5400641529353734,649.4655300302564,70.0,2.0,712185.0,1.0,1630314.0,70985.0,1
2025-12-17 16:55:39.133582,22.10903952724085,0.8972835489242312,-1.543033213916918,663.3502575721352,66.0,2.0,683146.0,1.0,1279032.0,66903.0,2
2025-12-17 16:55:39.233233,22.109067318842516,0.8860822874984189,-1.5405416965710983,655.939725564738,61.0,1.0,979946.0,1.0,1616030.0,73280.0,3
2025-12-17 16:55:39.335632,22.10901519282105,0.8739866975633257,-1.5413252264353057,651.9087714033878,62.0,1.0,1091670.0,1.0,2050131.0,85653.0,4
2025-12-17 16:55:39.434750,22.10966987090229,0.8626421036842586,-1.541043495483191,654.6831839623699,68.0,2.0,729507.0,1.0,1877435.0,74960.0,5
2025-12-17 16:55:39.934844,22.111009249260217,0.8047958074091088,-1.539767316004674,608.5640252189163,50.0,1.0,441319.0,1.0,1487937.0,74052.0,0
2025-12-17 16:55:40.033225,22.106395787352064,0.7903328028210002,-1.537490672407526,652.5591288558946,60.0,1.0,684072.0,1.0,1249086.0,67631.0,2
2025-12-17 16:55:40.135272,22.1026475801872,0.7750450225348979,-1.5364541079023677,644.1377022559188,55.0,1.0,950547.0,1.0,1622607.0,74103.0,3
2025-12-17 16:55:40.235056,22.102866725022714,0.7633563079693735,-1.5339753181370073,671.0783124624643,72.0,2.0,1109174.0,1.0,2039750.0,84131.0,4
2025-12-17 16:55:40.335574,22.1034773657838,0.7519609090225918,-1.5354674168231786,646.8459087346056,64.0,1.0,747755.0,1.0,1895311.0,75520.0,5
2025-12-17 16:55:40.934277,22.10423733466293,0.749077137013753,-1.5349529739676369,609.7516948294507,50.0,1.0,449763.0,1.0,1505158.0,74002.0,0
2025-12-17 16:55:41.033257,22.10410539286661,0.7475520938396336,-1.5310070189909704,651.9332595563309,71.0,2.0,709059.0,1.0,1601872.0,70841.0,1
2025-12-17 16:55:41.133983,22.10278914824643,0.7389599859651481,-1.5318088319776528,663.8146932704108,66.0,2.0,683146.0,1.0,1275573.0,66903.0,2
2025-12-17 16:55:41.234470,22.102982958423183,0.7268595733084426,-1.5307857562592415,662.3789507861848,64.0,1.0,961548.0,1.0,1610570.0,72859.0,3
2025-12-17 16:55:41.333027,22.10418298298172,0.7122770247112467,-1.5309937330804853,653.2852795504841,63.0,1.0,1095741.0,1.0,2004165.0,85566.0,4
2025-12-17 16:55:41.433123,22.105215952019265,0.6973748550346972,-1.5302503056886467,639.0441698944354,60.0,1.0,725076.0,1.0,1895953.0,76136.0,5
2025-12-17 16:55:41.934081,22.107809249534284,0.6401396409499371,-1.5312282472822485,630.9394341049106,61.0,1.0,448547.0,1.0,1483412.0,72490.0,0
2025-12-17 16:55:42.033490,22.107992644079584,0.6294677873911416,-1.5300045790632342,656.1674332395647,73.0,2.0,722137.0,1.0,1652535.0,70602.0,1
2025-12-17 16:55:42.133848,22.108365829107825,0.6169706946054268,-1.5302577181394328,657.0468332260778,62.0,1.0,676932.0,1.0,1285106.0,67334.0,2
2025-12-17 16:55:42.234496,22.109693324492454,0.6053098481142021,-1.531739259690121,673.5984333568663,70.0,2.0,962199.0,1.0,1631970.0,72050.0,3
2025-12-17 16:55:42.334949,22.109603449153305,0.5931761986357982,-1.5312530677509797,669.474141440974,71.0,2.0,1102064.0,1.0,2052214.0,84330.0,4
2025-12-17 16:55:42.434769,22.11061413819853,0.581726499921662,-1.5336910002468156,658.225107144343,70.0,2.0,730742.0,1.0,1876800.0,74758.0,5
2025-12-17 16:55:42.933949,22.11248004048264,0.5251664066220592,-1.5063735777726617,635.1271853980396,63.0,1.0,447789.0,1.0,1484919.0,72245.0,0
2025-12-17 16:55:43.034308,22.11357425522321,0.5131964237233406,-1.5022604574328156,643.4017438824916,66.0,2.0,722137.0,1.0,1623706.0,71491.0,1
2025-12-17 16:55:43.133362,22.11455922662518,0.5016917710293027,-1.5022604574328156,660.278891689619,64.0,1.0,689418.0,1.0,1274710.0,67175.0,2
2025-12-17 16:55:43.235179,22.115604096978554,0.490719879418493,-1.4997852437483985,657.8180601238474,61.0,1.0,976966.0,1.0,1629762.0,73230.0,3
2025-12-17 16:55:43.334193,22.116106318047414,0.4789781999895952,-1.50051905157059,668.6624985295505,71.0,2.0,1123912.0,1.0,2025989.0,84359.0,4
2025-12-17 16:55:43.433835,22.117735816740044,0.4674690485783284,-1.4992763075494475,631.4055783432658,56.0,1.0,735456.0,1.0,1876800.0,76757.0,5
2025-12-17 16:55:43.934075,22.12152378907845,0.4107769166906871,-1.5005229585528177,630.3149851373972,61.0,1.0,444919.0,1.0,1452608.0,72588.0,0
2025-12-17 16:55:44.033644,22.121363957451965,0.3988895138724428,-1.5002830382350472,654.6357075608628,72.0,2.0,729260.0,1.0,1642498.0,70721.0,1
2025-12-17 16:55:44.133770,22.122665299736436,0.3872904161641877,-1.4992847475716176,654.0152800588003,59.0,1.0,973335.0,1.0,1654774.0,73528.0,3
2025-12-17 16:55:44.233497,22.12274339786301,0.37556298030922,-1.4987940276566147,657.8320169686756,65.0,2.0,1079910.0,1.0,2059171.0,85277.0,4
2025-12-17 16:55:44.334849,22.1235449315081,0.3637668848299054,-1.5000057409226533,639.5683374370857,60.0,1.0,730248.0,1.0,1904958.0,76188.0,5
2025-12-17 16:55:44.933897,22.12659356972762,0.2951286479110493,-1.5002638719264296,611.5027277928266,51.0,1.0,439828.0,1.0,1491972.0,73977.0,0
2025-12-17 16:55:45.033726,22.12769128735611,0.2881592568507329,-1.4999446490700252,660.8698458921075,75.0,2.0,712427.0,1.0,1618220.0,70339.0,1
2025-12-17 16:55:45.133886,22.1317420356879,0.2732319861464187,-1.497073087117758,648.7433559449642,57.0,1.0,686623.0,1.0,1289463.0,67975.0,2
2025-12-17 16:55:45.234926,22.132531408441395,0.2699862347871988,-1.495341231450775,655.2569583247666,60.0,1.0,979283.0,1.0,1604585.0,73453.0,3
2025-12-17 16:55:45.333748,22.132531408441395,0.2699862347871988,-1.495341231450775,673.0394138357703,73.0,2.0,1108423.0,1.0,2026675.0,84045.0,4
2025-12-17 16:55:45.434265,22.132531408441395,0.2699862347871988,-1.495341231450775,645.7669358516398,63.0,1.0,749782.0,1.0,1930923.0,75725.0,5
2025-12-17 16:55:45.933579,22.13133981174489,0.2484215291203746,-1.4938651954921862,633.6904441596048,62.0,1.0,449763.0,1.0,1464951.0,72417.0,0
2025-12-17 16:55:46.034345,22.132107865580966,0.2354837495252058,-1.478492773487403,660.1041099453269,75.0,2.0,708819.0,1.0,1664886.0,70387.0,1
2025-12-17 16:55:46.133556,22.134100558173827,0.2221530784051477,-1.4592980727979867,665.9754506272279,66.0,2.0,680147.0,1.0,1265254.0,66857.0,2
2025-12-17 16:55:46.233811,22.137071284231578,0.2088525302977339,-1.4378142912578518,663.4761904723458,64.0,1.0,957651.0,1.0,1629762.0,72859.0,3
2025-12-17 16:55:46.333579,22.13862055797979,0.1965701444940188,-1.416072652008909,654.2278815736087,63.0,1.0,1099828.0,1.0,2032170.0,85595.0,4
2025-12-17 16:55:46.433595,22.140504187328432,0.1852524352684756,-1.39750074720964,630.9474547395006,55.0,1.0,738449.0,1.0,1903669.0,76861.0,5
2025-12-17 16:55:46.936280,22.15367302513358,0.1328594318469749,-1.2867940075223856,625.8787274223672,58.0,1.0,450373.0,1.0,1483914.0,72933.0,0
2025-12-17 16:55:47.033578,22.15679845711435,0.1219550370449518,-1.2633753394743057,648.3380495094273,68.0,2.0,710741.0,1.0,1654214.0,71226.0,1
2025-12-17 16:55:47.134986,22.159954004309032,0.1105896607575136,-1.239821362027265,673.2079539309776,70.0,2.0,681299.0,1.0,1272555.0,66406.0,2
2025-12-17 16:55:47.233711,22.16385215402844,0.100067863777534,-1.2195843120032897,659.6956453889424,62.0,1.0,967751.0,1.0,1628108.0,73131.0,3
2025-12-17 16:55:47.334641,22.16894431689728,0.0894867294847996,-1.195843373122292,659.4165813544474,65.0,2.0,1132695.0,1.0,2043204.0,85248.0,4
2025-12-17 16:55:47.434979,22.173116797358396,0.0788689444225383,-1.1726272868147536,660.12834466175,71.0,2.0,728273.0,1.0,1921795.0,74732.0,5
2025-12-17 16:55:47.933671,22.20371268085021,0.0274510192497521,-1.0483580505267605,654.5487785026348,72.0,2.0,723360.0,1.0,1633075.0,70817.0,1
2025-12-17 16:55:48.033801,22.218691270372915,0.0166136249282295,-1.0107232609674632,664.4166329769017,65.0,2.0,685926.0,1.0,1284237.0,67016.0,2
2025-12-17 16:55:48.134101,22.22378964076908,0.0072660829645605,-0.9890129784342148,657.893260162774,61.0,1.0,955708.0,1.0,1623706.0,73280.0,3
2025-12-17 16:55:48.233960,22.22937782613212,-0.0026263698248141,-0.9678963941267512,656.5861026210664,64.0,1.0,1123912.0,1.0,2028734.0,85451.0,4
2025-12-17 16:55:48.333987,22.236455403731327,-0.0118068541404148,-0.9408924896950662,653.2907413918972,67.0,2.0,742459.0,1.0,1908184.0,75265.0,5
2025-12-17 16:55:48.933962,22.289634816947043,-0.0458597421535822,-0.7674679062226871,619.2538443165578,55.0,1.0,448547.0,1.0,1481405.0,73453.0,0
2025-12-17 16:55:49.034331,22.297250224515352,-0.054521592479094,-0.7447998703808492,643.8064640680863,66.0,2.0,730990.0,1.0,1652535.0,71588.0,1
2025-12-17 16:55:49.135994,22.30573847311577,-0.063457460316552,-0.7232102750670346,681.6725305572315,74.0,2.0,687321.0,1.0,1256718.0,65914.0,2
2025-12-17 16:55:49.233495,22.314364363841232,-0.0701554908396815,-0.7038239366645607,662.1345517105055,63.0,1.0,973665.0,1.0,1635841.0,73007.0,3
2025-12-17 16:55:49.336235,22.32310927935293,-0.077400354444284,-0.6782100652444356,681.7938810113401,77.0,2.0,1096483.0,1.0,2025989.0,83422.0,4
2025-12-17 16:55:49.435031,22.330796515826428,-0.0855552933813466,-0.6550815135427207,649.4896338882355,65.0,2.0,731732.0,1.0,1908830.0,75520.0,5
2025-12-17 16:55:49.935171,22.391740382392708,-0.1026380793650831,-0.5383873700543825,624.4418474174095,57.0,1.0,447941.0,1.0,1450152.0,73106.0,0
2025-12-17 16:55:50.033982,22.392351641649825,-0.1031761997835682,-0.5366691628790494,668.0405014939844,79.0,2.0,709299.0,1.0,1634181.0,69959.0,1
2025-12-17 16:55:50.135038,22.392301526379303,-0.1029788866290304,-0.5374169624513105,652.9044799002622,59.0,1.0,686391.0,1.0,1289463.0,67792.0,2
2025-12-17 16:55:50.233611,22.392301526379303,-0.1029788866290304,-0.5374169624513105,679.3540540341047,72.0,2.0,967424.0,1.0,1609480.0,71855.0,3
2025-12-17 16:55:50.334009,22.392301526379303,-0.1029788866290304,-0.5374169624513105,653.981961005513,62.0,1.0,1120493.0,1.0,2021879.0,85711.0,4
2025-12-17 16:55:50.434437,22.392301526379303,-0.1029788866290304,-0.5374169624513105,657.67016650473,69.0,2.0,747755.0,1.0,1911416.0,74986.0,5
2025-12-17 16:55:50.934133,22.42827427285966,-0.1056050418962732,-0.5064959520189853,616.6294285854104,53.0,1.0,444768.0,1.0,1495510.0,73702.0,0
2025-12-17 16:55:51.034409,22.440879974756157,-0.1115916173230342,-0.4985527262216906,657.2747205963302,73.0,2.0,719210.0,1.0,1641943.0,70721.0,1
2025-12-17 16:55:51.134452,22.452722189019735,-0.1174839996197816,-0.4839001572265856,650.1365151466736,58.0,1.0,691521.0,1.0,1287283.0,67998.0,2
2025-12-17 16:55:51.235207,22.463446953744167,-0.1223959700044159,-0.4641308436354492,650.573881183463,57.0,1.0,970047.0,1.0,1611115.0,73902.0,3
2025-12-17 16:55:51.333834,22.47286032777371,-0.1260659161069712,-0.4394504961908766,664.1704276123536,67.0,2.0,1108423.0,1.0,2034923.0,84932.0,4
2025-12-17 16:55:51.435136,22.48180200209561,-0.1309665682316882,-0.4176126037656852,641.8509326886366,61.0,1.0,733468.0,1.0,1916599.0,76162.0,5
2025-12-17 16:55:51.933913,22.534580479983287,-0.1529974022163989,-0.3090269767089583,612.8171633542445,51.0,1.0,450373.0,1.0,1469918.0,73977.0,0
2025-12-17 16:55:52.033578,22.545772524564583,-0.1561783738643516,-0.2867244082432699,661.508645176806,75.0,2.0,712909.0,1.0,1649183.0,70411.0,1
2025-12-17 16:55:52.133664,22.55598109959168,-0.1583238070393626,-0.2635991924993212,675.3685034944824,70.0,2.0,682684.0,1.0,1265254.0,66406.0,2
2025-12-17 16:55:52.233463,22.566299381947573,-0.1615085877080084,-0.2373071333348622,660.7929752800947,62.0,1.0,985934.0,1.0,1623706.0,73230.0,3
2025-12-17 16:55:52.334551,22.57766161279669,-0.1650402570395153,-0.2161156442408475,669.3590623608324,70.0,2.0,1106549.0,1.0,2050825.0,84530.0,4
2025-12-17 16:55:52.435549,22.589075755207208,-0.1678991906676286,-0.1936024058625556,658.031647209527,69.0,2.0,740702.0,1.0,1895953.0,75036.0,5
2025-12-17 16:55:52.935233,22.638716517170828,-0.1633942480016355,-0.0735323853037691,617.005187298241,53.0,1.0,445672.0,1.0,1498043.0,73702.0,0
2025-12-17 16:55:53.033494,22.650630501816693,-0.1634779947034226,-0.0521186889064151,651.7427446442746,69.0,2.0,725076.0,1.0,1622058.0,71153.0,1
2025-12-17 16:55:53.133922,22.661140427174715,-0.1651598813875785,-0.0229222968103548,668.6007346934699,67.0,2.0,688252.0,1.0,1286847.0,66880.0,2
2025-12-17 16:55:53.234034,22.672117900940627,-0.1657109782519397,-0.0022800247210992,661.0125774656669,62.0,1.0,982936.0,1.0,1625355.0,73205.0,3
2025-12-17 16:55:53.333934,22.684116479472397,-0.1650830510731484,0.0185079218245623,661.5474456508524,66.0,2.0,1131545.0,1.0,2045280.0,85220.0,4
2025-12-17 16:55:53.933665,22.7359104443076,-0.1372799459179581,0.1569898435972531,619.1926689449198,54.0,1.0,446578.0,1.0,1490962.0,73578.0,0
2025-12-17 16:55:54.034231,22.7471264188984,-0.1355164077228448,0.1791136537177834,660.9770363235517,74.0,2.0,710500.0,1.0,1653654.0,70506.0,1
2025-12-17 16:55:54.133630,22.75726007404952,-0.1322890043640106,0.2031949605787371,666.832838198243,66.0,2.0,679457.0,1.0,1285977.0,67016.0,2
2025-12-17 16:55:54.233458,22.76813912553349,-0.1303627313426325,0.2248997673014687,657.2319279112761,60.0,1.0,985934.0,1.0,1640831.0,73528.0,3
2025-12-17 16:55:54.334894,22.77973172262633,-0.1282075108940699,0.2486319471366539,660.374744731931,70.0,2.0,744220.0,1.0,1929616.0,74884.0,5
2025-12-17 16:55:54.934169,22.81567875156882,-0.0862310490495867,0.3883440330289789,635.3805396636354,62.0,1.0,453278.0,1.0,1478400.0,72417.0,0
2025-12-17 16:55:55.033049,22.81694385812847,-0.08494388661259,0.3964803110080324,659.2108787282117,73.0,2.0,700946.0,1.0,1641387.0,70649.0,1
2025-12-17 16:55:55.133866,22.81681854056084,-0.0848925326659975,0.3959828325208807,658.0650642894619,61.0,1.0,683146.0,1.0,1293835.0,67608.0,2
2025-12-17 16:55:55.234523,22.81681854056084,-0.0848925326659975,0.3959828325208807,669.9057059062259,70.0,2.0,1102437.0,1.0,2005522.0,84530.0,4
2025-12-17 16:55:55.334172,22.820029790941664,-0.0745578227131309,0.4031245433739931,661.5552542265161,70.0,2.0,735954.0,1.0,1918546.0,74833.0,5
2025-12-17 16:55:55.934570,22.8720991769283,-0.0455638881630777,0.5066275170880291,635.5683910414148,62.0,1.0,442067.0,1.0,1483914.0,72490.0,0
2025-12-17 16:55:56.034583,22.882916098995484,-0.0397250772562487,0.5295420794834768,661.4453570004381,74.0,2.0,724095.0,1.0,1650858.0,70506.0,1
2025-12-17 16:55:56.134747,22.893093492132184,-0.0341655931706208,0.5525788647223842,675.2974401311685,70.0,2.0,681299.0,1.0,1292522.0,66496.0,2
2025-12-17 16:55:56.233502,22.90232940500117,-0.028096985519828,0.5740027045201763,659.6708912968239,61.0,1.0,957327.0,1.0,1639721.0,73329.0,3
2025-12-17 16:55:56.334347,22.911037889742826,-0.023233269094685,0.594513256125384,651.1130222839939,60.0,1.0,1126959.0,1.0,2086532.0,86148.0,4
2025-12-17 16:55:56.433654,22.91957160084032,-0.0178428750517336,0.6172611554922468,635.7538645633047,57.0,1.0,746743.0,1.0,1930269.0,76705.0,5
2025-12-17 16:55:56.933527,22.96412822853145,0.0399772614722562,0.7552633998907655,616.7559712705354,52.0,1.0,455585.0,1.0,1483914.0,73802.0,0
2025-12-17 16:55:57.034551,22.97235567227312,0.0481122255141079,0.7804070776960406,648.6794686421016,67.0,2.0,703085.0,1.0,1651976.0,71419.0,1
2025-12-17 16:55:57.133754,22.979979800192865,0.0568558527473421,0.8047806719083441,666.5293808838612,65.0,2.0,682222.0,1.0,1295588.0,67061.0,2
2025-12-17 16:55:57.233478,22.988353958986323,0.0638473950197919,0.8322694754057808,658.8903628936621,60.0,1.0,980610.0,1.0,1627007.0,73478.0,3
2025-12-17 16:55:57.333428,22.99579863686941,0.0717973296182972,0.8550339470738578,659.3013486471365,64.0,1.0,1121252.0,1.0,2042513.0,85480.0,4
2025-12-17 16:55:57.434626,23.002932970715214,0.0804036624763937,0.8743902516574631,652.9346800619086,66.0,2.0,727534.0,1.0,1927006.0,75469.0,5
2025-12-17 16:55:57.933550,23.03025061059652,0.1478095320673969,0.9913820560938388,623.9437516689567,56.0,1.0,442516.0,1.0,1498550.0,73329.0,0
2025-12-17 16:55:58.034968,23.0366471545951,0.1571983243418344,1.0110538742015192,655.738616908731,60.0,1.0,690585.0,1.0,1299980.0,67792.0,2
2025-12-17 16:55:58.134073,23.043167045034306,0.1673254871417988,1.0330535968341958,662.088022660251,62.0,1.0,974324.0,1.0,1639166.0,73205.0,3
2025-12-17 16:55:58.233614,23.048288522613888,0.1773958851140116,1.0568989115038978,665.4710333429038,67.0,2.0,1102437.0,1.0,2097861.0,84989.0,4
2025-12-17 16:55:58.334356,23.053649694435947,0.1873650940530238,1.0792707881554116,669.0972072140754,74.0,2.0,734461.0,1.0,1944696.0,74354.0,5
2025-12-17 16:55:58.933631,23.101215678486938,0.264951759751562,1.220266113192344,625.1315429583907,57.0,1.0,445672.0,1.0,1500073.0,73230.0,0
2025-12-17 16:55:59.033429,23.104684990028915,0.275595087420255,1.2383172564425098,656.1474442273853,71.0,2.0,720672.0,1.0,1652535.0,70961.0,1
2025-12-17 16:55:59.135068,23.10823166004978,0.2861594981512523,1.2645562552277196,672.9940285545325,68.0,2.0,691989.0,1.0,1311914.0,66722.0,2
2025-12-17 16:55:59.234448,23.11240447342046,0.2966250113123867,1.2866093414990027,660.3295295147864,61.0,1.0,958948.0,1.0,1635841.0,73379.0,3
2025-12-17 16:55:59.334423,23.11590991112538,0.3080941839792293,1.306563420757,659.6785353927721,64.0,1.0,1123912.0,1.0,2056386.0,85451.0,4
2025-12-17 16:55:59.434073,23.11829915558493,0.3188295164627037,1.3251144229859295,644.2958600012445,61.0,1.0,747502.0,1.0,1944696.0,76162.0,5
2025-12-17 16:55:59.933933,23.11842627877872,0.3401526911630523,1.3444173646135875,639.3193757463382,63.0,1.0,453892.0,1.0,1495510.0,72294.0,0
2025-12-17 16:56:00.034330,23.11842627877872,0.3401526911630523,1.3444173646135875,637.3817743022004,61.0,1.0,720916.0,1.0,1678464.0,72294.0,1
2025-12-17 16:56:00.134065,23.12040330013921,0.34282904733911,1.354317493029426,661.2259669855122,62.0,1.0,683609.0,1.0,1311470.0,67517.0,2
2025-12-17 16:56:00.233547,23.123884952571025,0.3515900522707031,1.371896210836054,645.5488086304146,54.0,1.0,970375.0,1.0,1641387.0,74455.0,3
2025-12-17 16:56:00.335065,23.125434971940397,0.3642938936934108,1.4026026346927911,662.8671560037814,66.0,2.0,1116329.0,1.0,2025989.0,85220.0,4
2025-12-17 16:56:00.434445,23.12644951733627,0.3788166514970177,1.4304827907257092,635.4765671158983,57.0,1.0,734710.0,1.0,1935503.0,76809.0,5
2025-12-17 16:56:00.933807,23.131534270979422,0.4373973145923542,1.49896385396118,621.5071281661237,54.0,1.0,435975.0,1.0,1493487.0,73578.0,0
2025-12-17 16:56:01.033767,23.13256064694233,0.4483074780331049,1.497741235609089,638.615761626604,61.0,1.0,706663.0,1.0,1664886.0,72245.0,1
2025-12-17 16:56:01.134405,23.132727321997955,0.46568428205076,1.5011342136135128,691.4582172225462,78.0,2.0,691053.0,1.0,1302182.0,65558.0,2
2025-12-17 16:56:01.234487,23.132548087977767,0.4889492808006794,1.5074286149253269,664.7684918029498,63.0,1.0,966442.0,1.0,1619864.0,73131.0,3
2025-12-17 16:56:01.335119,23.13286902517398,0.4999536501816464,1.5074409246614169,661.0556657770292,65.0,2.0,1125434.0,1.0,2092897.0,85393.0,4
2025-12-17 16:56:01.435039,23.134645425496416,0.511384244001325,1.506437895734562,644.6573143326137,61.0,1.0,754875.0,1.0,1947989.0,76162.0,5
2025-12-17 16:56:01.933682,23.13895415523973,0.5698881990830835,1.5106400604063153,634.6948807736853,61.0,1.0,446578.0,1.0,1497030.0,72613.0,0
2025-12-17 16:56:02.033390,23.139324540293277,0.581671961274806,1.51039263882323,665.8497924971665,76.0,2.0,712668.0,1.0,1658138.0,70387.0,1
2025-12-17 16:56:02.134338,23.1405174413972,0.5936481656619454,1.510364618478406,682.6903729658615,73.0,2.0,688718.0,1.0,1297343.0,66160.0,2
2025-12-17 16:56:02.235255,23.141937445807432,0.6051925137085794,1.5091292680820638,639.9881372254646,51.0,1.0,978952.0,1.0,1633628.0,74910.0,3
2025-12-17 16:56:02.333925,23.14254865040322,0.6165352563163089,1.50966408625828,658.2439403027832,63.0,1.0,1116707.0,1.0,2050131.0,85653.0,4
2025-12-17 16:56:02.434667,23.14366179326856,0.6284629615357771,1.5096537171938529,655.8378870511697,67.0,2.0,733220.0,1.0,1949968.0,75367.0,5
2025-12-17 16:56:02.934182,23.146711382556244,0.6853533737435349,1.5096202841055086,642.8827507412966,65.0,2.0,446729.0,1.0,1481906.0,72074.0,0
2025-12-17 16:56:03.033395,23.146478338000307,0.6969619847198532,1.5096829528780389,658.083912801238,72.0,2.0,732475.0,1.0,1669965.0,70913.0,1
2025-12-17 16:56:03.134222,23.147117643267208,0.709024496246959,1.5091603842560477,665.1854396837184,63.0,1.0,973335.0,1.0,1631970.0,73156.0,3
2025-12-17 16:56:03.233650,23.14698781202153,0.7208241910121322,1.5086459518582689,661.4135381002376,65.0,2.0,1143867.0,1.0,2087238.0,85451.0,4
2025-12-17 16:56:03.333739,23.145581513027928,0.7357062648109363,1.5154765757083124,637.0002953422714,57.0,1.0,746238.0,1.0,1951289.0,76783.0,5
2025-12-17 16:56:03.933980,23.142803620941,0.8114126737073515,1.5324118029091027,628.0704888901,58.0,1.0,447486.0,1.0,1498043.0,73106.0,0
2025-12-17 16:56:04.033490,23.14381391307032,0.822891233976851,1.5328937799841766,664.3180541760313,75.0,2.0,723360.0,1.0,1660384.0,70506.0,1
2025-12-17 16:56:04.134483,23.144720726046543,0.8349933946859713,1.5297034268459175,664.1547492282846,63.0,1.0,688718.0,1.0,1297343.0,67403.0,2
2025-12-17 16:56:04.233692,23.14470765785349,0.8462965150915713,1.5331922631478585,661.4267479116916,61.0,1.0,962199.0,1.0,1634734.0,73453.0,3
2025-12-17 16:56:04.335562,23.14589130140353,0.8584651677092423,1.530450039027955,665.6212480651584,67.0,2.0,1140388.0,1.0,2034234.0,85076.0,4
2025-12-17 16:56:04.433507,23.14614236956686,0.86946005335703,1.5314574279147393,667.1989573420761,73.0,2.0,753598.0,1.0,1956579.0,74581.0,5
2025-12-17 16:56:04.935443,23.14811160688427,0.9283436788297506,1.530437476086259,624.258539686076,55.0,1.0,450068.0,1.0,1467433.0,73453.0,0
2025-12-17 16:56:05.035277,23.149155174974865,0.9399940818229156,1.5279513039777943,652.5525916803986,68.0,2.0,716053.0,1.0,1684155.0,71370.0,1
2025-12-17 16:56:05.133519,23.14912216026439,0.9512680219600638,1.526211795237168,674.3866967139448,69.0,2.0,696925.0,1.0,1295588.0,66722.0,2
2025-12-17 16:56:05.234114,23.14986122341289,0.9627242720760316,1.5284356401310857,677.6463173952111,69.0,2.0,996670.0,1.0,1660946.0,72343.0,3
2025-12-17 16:56:05.334850,23.15052278658426,0.9748840660160858,1.5282147532153876,661.8096134477171,64.0,1.0,1114442.0,1.0,2009599.0,85480.0,4
2025-12-17 16:56:05.433637,23.150496176847117,0.9864719687112636,1.5294677307653846,655.3796207418702,66.0,2.0,750544.0,1.0,1939437.0,75495.0,5
2025-12-17 16:56:05.934418,23.142915665119137,1.056756440613675,1.54877175381835,612.446123295166,50.0,1.0,449763.0,1.0,1492477.0,74278.0,0
2025-12-17 16:56:06.033542,23.14322945442794,1.0684933546921092,1.5470396714177104,674.7863046171777,80.0,2.0,701896.0,1.0,1673926.0,69865.0,1
2025-12-17 16:56:06.134017,23.143250519901517,1.0794455236188054,1.5492941204501542,673.6189836340441,68.0,2.0,694335.0,1.0,1311914.0,66812.0,2
2025-12-17 16:56:06.233512,23.1442575100642,1.0906297301129242,1.547782573654343,665.8656621344218,63.0,1.0,961873.0,1.0,1627557.0,73131.0,3
2025-12-17 16:56:06.333909,23.1441406383326,1.1022998078858235,1.5477789968397877,674.9979356638685,72.0,2.0,1130397.0,1.0,2057778.0,84359.0,4
2025-12-17 16:56:06.435123,23.14486250139476,1.113900115833513,1.551253305706231,653.5605290893913,65.0,2.0,759231.0,1.0,1951289.0,75597.0,5
2025-12-17 16:56:06.934071,23.14752980507078,1.172958487765869,1.551696025717321,658.9971356863276,72.0,2.0,710741.0,1.0,1660384.0,70913.0,1
2025-12-17 16:56:07.034683,23.147285375714564,1.184561446907361,1.5492278958820542,651.8280924290422,57.0,1.0,675787.0,1.0,1306154.0,68229.0,2
2025-12-17 16:56:07.132871,23.147890088394306,1.1959571394923056,1.554658513999713,665.0630506276063,63.0,1.0,990617.0,1.0,1640831.0,73205.0,3
2025-12-17 16:56:07.233359,23.148481758125044,1.2082336789778705,1.5506936148789403,681.1674816239343,75.0,2.0,1125434.0,1.0,2034923.0,83875.0,4
2025-12-17 16:56:07.334090,23.148676692883683,1.219456623344593,1.5494861239397282,636.7229184133017,56.0,1.0,737201.0,1.0,1981235.0,76887.0,5
2025-12-17 16:56:07.933890,23.160364840650235,1.3119557578088674,1.5484977414314125,636.821576308539,62.0,1.0,450220.0,1.0,1503122.0,72588.0,0
2025-12-17 16:56:08.034143,23.162023684051636,1.3255497405207062,1.544021487996335,657.2546835897285,70.0,2.0,710981.0,1.0,1680169.0,71105.0,1
2025-12-17 16:56:08.134276,23.16133308292333,1.326471325447712,1.5452457797514705,682.0833863639951,72.0,2.0,695746.0,1.0,1287283.0,66339.0,2
2025-12-17 16:56:08.234191,23.16133450364402,1.32646990320913,1.5452383977441675,683.3047648877784,72.0,2.0,975314.0,1.0,1623706.0,71977.0,3
2025-12-17 16:56:08.334345,23.16133450364402,1.32646990320913,1.5452383977441675,679.3750170382309,73.0,2.0,1126959.0,1.0,2078075.0,84102.0,4
2025-12-17 16:56:08.434226,23.16133450364402,1.32646990320913,1.5452383977441675,661.9216468885958,70.0,2.0,772188.0,1.0,1946671.0,75036.0,5
2025-12-17 16:56:08.934264,23.16382433896503,1.3559772298207178,1.5460058215496992,637.0094226163642,61.0,1.0,445069.0,1.0,1506178.0,72613.0,0
2025-12-17 16:56:09.034190,23.164201184390954,1.3699034516359905,1.5487174912406814,668.4888137268035,76.0,2.0,721404.0,1.0,1642498.0,70339.0,1
2025-12-17 16:56:09.134586,23.163696759631705,1.383986824048951,1.5459651970607449,687.3156296358902,75.0,2.0,692458.0,1.0,1318591.0,66003.0,2
2025-12-17 16:56:09.235178,23.164136162108523,1.3964908124764093,1.5511657308387132,665.5244583757265,62.0,1.0,960247.0,1.0,1639721.0,73280.0,3
2025-12-17 16:56:09.333946,23.164287681526616,1.4088558761887828,1.5466667585462948,647.5634414211626,57.0,1.0,1134613.0,1.0,2048744.0,86674.0,4
2025-12-17 16:56:09.433494,23.16530639631187,1.4195165529191152,1.5491987415749064,651.1021545767818,64.0,1.0,756665.0,1.0,1969868.0,75879.0,5
2025-12-17 16:56:09.934242,23.165290952064243,1.4768467582181763,1.5518670985934555,635.197194564862,61.0,1.0,447789.0,1.0,1491467.0,72736.0,0
2025-12-17 16:56:10.033837,23.16541246428804,1.4885269375886336,1.5488663049769684,661.7228502162251,73.0,2.0,720672.0,1.0,1664886.0,70817.0,1
2025-12-17 16:56:10.133936,23.16519577687612,1.499544735946015,1.550920209139958,686.5476500233383,74.0,2.0,678997.0,1.0,1298661.0,66092.0,2
2025-12-17 16:56:10.234067,23.16593611362403,1.5112277742519824,1.5521163785971857,680.7436914012131,71.0,2.0,1001065.0,1.0,1679601.0,72172.0,3
2025-12-17 16:56:10.333538,23.165589059407385,1.5229006684464967,1.5506434271308065,672.7518641075978,70.0,2.0,1123531.0,1.0,2068952.0,84645.0,4
2025-12-17 16:56:10.433513,23.165958858142943,1.5346009059912582,1.5528392370744035,638.2827979255451,57.0,1.0,744472.0,1.0,1997393.0,76861.0,5
2025-12-17 16:56:10.933030,23.14116958531269,1.606211022196323,1.5690071577063232,631.384743059825,59.0,1.0,445974.0,1.0,1481405.0,73007.0,0
2025-12-17 16:56:11.033760,23.140820145459006,1.6181054934140695,1.5670207429543492,675.9569513225276,80.0,2.0,700946.0,1.0,1674493.0,69912.0,1
2025-12-17 16:56:11.133255,23.14090171856573,1.6294624646758915,1.5672643457615631,669.7796632134762,65.0,2.0,684303.0,1.0,1292522.0,67175.0,2
2025-12-17 16:56:11.234789,23.140952979786785,1.641503105532586,1.5652898191531694,682.963326727792,71.0,2.0,967424.0,1.0,1628659.0,72099.0,3
2025-12-17 16:56:11.334163,23.1416623561756,1.6518753689358037,1.571754900020604,676.9404815141139,72.0,2.0,1123531.0,1.0,2062659.0,84302.0,4
2025-12-17 16:56:11.434756,23.14202792327023,1.664057545520583,1.5696979402239506,661.4636623775664,69.0,2.0,766460.0,1.0,1992667.0,75138.0,5
2025-12-17 16:56:11.933574,23.14245247336126,1.7230300818784334,1.566981462527844,643.5726212895839,65.0,2.0,442666.0,1.0,1487937.0,72172.0,0
2025-12-17 16:56:12.034686,23.142139909158708,1.734353568529555,1.5670590563299944,667.191287250321,75.0,2.0,738200.0,1.0,1649183.0,70506.0,1
2025-12-17 16:56:12.134245,23.14235964631661,1.7461080643038644,1.5680186285634976,692.0120643618543,77.0,2.0,673960.0,1.0,1293397.0,65780.0,2
2025-12-17 16:56:12.233513,23.1422671314574,1.7576160450753011,1.5623457729412085,672.1825235395961,66.0,2.0,990617.0,1.0,1654214.0,72810.0,3
2025-12-17 16:56:12.334040,23.14263754691918,1.7688440819538322,1.5653247132548929,669.1289579229335,68.0,2.0,1126196.0,1.0,2050131.0,84989.0,4
2025-12-17 16:56:12.433601,23.142519613520257,1.7807680650323476,1.563366154683686,644.6440936550675,60.0,1.0,742459.0,1.0,1967203.0,76420.0,5
2025-12-17 16:56:12.933772,23.137658173778835,1.8410771086990476,1.5508159637491148,637.7604345488191,62.0,1.0,455894.0,1.0,1500073.0,72588.0,0
2025-12-17 16:56:13.033026,23.13149149472102,1.8563149637893468,1.5425163666308268,656.4250177460352,69.0,2.0,719210.0,1.0,1680169.0,71274.0,1
2025-12-17 16:56:13.133826,23.13158998952312,1.867878865895567,1.5185582782289782,676.2441383808725,68.0,2.0,688252.0,1.0,1293835.0,66789.0,2
2025-12-17 16:56:13.233793,23.13154484354174,1.879705734976148,1.503406776123827,672.4020618574011,66.0,2.0,974984.0,1.0,1643054.0,72859.0,3
2025-12-17 16:56:13.335275,23.13271518401531,1.890868473818438,1.4804976187162189,690.3176903142021,79.0,2.0,1143480.0,1.0,2087238.0,83281.0,4
2025-12-17 16:56:13.434750,23.134958489209524,1.90145950831455,1.4559092097313813,655.8249411269367,66.0,2.0,749275.0,1.0,1963212.0,75572.0,5
2025-12-17 16:56:13.933498,23.14662029659255,1.9549624552907048,1.3455310611090725,641.9481591777449,64.0,1.0,443415.0,1.0,1507197.0,72343.0,0
2025-12-17 16:56:14.034341,23.148968026138988,1.9668684487951456,1.3279807593556645,671.6594447461715,77.0,2.0,724095.0,1.0,1645280.0,70268.0,1
2025-12-17 16:56:14.133602,23.151893119246854,1.9775122111944816,1.3032573275259527,674.476257673294,67.0,2.0,691755.0,1.0,1309696.0,66948.0,2
2025-12-17 16:56:14.234631,23.155224309853253,1.98784600110301,1.274573129605088,664.6217226432963,61.0,1.0,981938.0,1.0,1639166.0,73453.0,3
2025-12-17 16:56:14.334250,23.15883344266798,1.999037344773604,1.2532452958972142,670.5059966963877,68.0,2.0,1131545.0,1.0,2070352.0,84903.0,4
2025-12-17 16:56:14.434374,23.162394830814268,2.0102266417749517,1.2315823717496588,642.0055131229329,58.0,1.0,766460.0,1.0,1971869.0,76654.0,5
2025-12-17 16:56:14.933846,23.155199167302577,2.053065558387768,1.1287918734323672,636.1360006033922,61.0,1.0,452359.0,1.0,1512307.0,72736.0,0
2025-12-17 16:56:15.035013,23.160595860464877,2.0621886477620266,1.107882095135542,660.8937212077049,72.0,2.0,712668.0,1.0,1672793.0,70961.0,1
2025-12-17 16:56:15.133564,23.16530597005672,2.072074150957977,1.084626832997987,689.708420149577,75.0,2.0,688252.0,1.0,1288591.0,66003.0,2
2025-12-17 16:56:15.233772,23.170415759568648,2.0826441171651595,1.068317027785937,678.8410109769527,69.0,2.0,1002761.0,1.0,1658699.0,72417.0,3
2025-12-17 16:56:15.334367,23.176078901230284,2.091668454049308,1.0412418791473392,672.6945183451098,69.0,2.0,1106924.0,1.0,2035612.0,84759.0,4
2025-12-17 16:56:15.434666,23.18162671585017,2.100520615764725,1.015483281541703,633.1862057863934,54.0,1.0,755642.0,1.0,1977885.0,77357.0,5
2025-12-17 16:56:15.933888,23.18213943791799,2.146149468533102,0.9259785480462988,641.3237845695589,63.0,1.0,447789.0,1.0,1472408.0,72392.0,0
2025-12-17 16:56:16.033925,23.188417673245755,2.156121813416347,0.9066339874666796,673.1275856195634,78.0,2.0,725076.0,1.0,1680169.0,70196.0,1
2025-12-17 16:56:16.133556,23.19561154822368,2.1652770461182658,0.887121521808211,668.940589590999,64.0,1.0,691989.0,1.0,1323509.0,67357.0,2
2025-12-17 16:56:16.235395,23.202628846540485,2.1734367171332147,0.8608759982038284,675.0608440521864,67.0,2.0,968734.0,1.0,1644723.0,72736.0,3
2025-12-17 16:56:16.334109,23.20934002106183,2.181649072000369,0.8379055014477301,659.8829693064843,63.0,1.0,1133078.0,1.0,2097861.0,85857.0,4
2025-12-17 16:56:16.934285,23.246797691406137,2.2222737168844287,0.7188519737429105,625.5116351962341,55.0,1.0,443265.0,1.0,1493993.0,73528.0,0
2025-12-17 16:56:17.033504,23.255796644608367,2.2298976390181564,0.6936482113704107,677.1495316870046,68.0,2.0,686391.0,1.0,1312802.0,66812.0,2
2025-12-17 16:56:17.134220,23.26431363389502,2.2371587743751493,0.6701854385604042,684.2581153447255,72.0,2.0,989277.0,1.0,1642498.0,72074.0,3
2025-12-17 16:56:17.233405,23.272481853373503,2.2444616391301877,0.652213119908814,682.0524862376126,74.0,2.0,1137689.0,1.0,2030107.0,84017.0,4
2025-12-17 16:56:17.333600,23.281107783222524,2.250173669654388,0.6306901507836269,656.5292290657917,66.0,2.0,766979.0,1.0,1989971.0,75648.0,5
2025-12-17 16:56:17.935461,23.317436536276176,2.260526950584963,0.5052850185238391,642.6996321004751,64.0,1.0,448547.0,1.0,1494498.0,72343.0,0
2025-12-17 16:56:18.034561,23.32748069997717,2.266136417342636,0.4847559800443443,656.5959727862838,69.0,2.0,722871.0,1.0,1658699.0,71346.0,1
2025-12-17 16:56:18.133424,23.337880869155512,2.271923062754557,0.4627820361780843,694.4049015419723,78.0,2.0,691521.0,1.0,1297343.0,65713.0,2
2025-12-17 16:56:18.234957,23.347051443576657,2.2750047596753733,0.4361499736067486,667.2412783832526,66.0,2.0,1141546.0,1.0,2071754.0,85277.0,4
2025-12-17 16:56:18.336832,23.357034355384314,2.278518338002663,0.4109848040482379,659.7104528106071,68.0,2.0,743717.0,1.0,1958567.0,75393.0,5
2025-12-17 16:56:18.933940,23.41904745332916,2.297763885869529,0.2805548291826566,634.8871225726297,60.0,1.0,449459.0,1.0,1489953.0,72908.0,0
2025-12-17 16:56:19.034466,23.4291346848037,2.300639261738392,0.2566149153918646,656.8300696784419,69.0,2.0,723360.0,1.0,1687007.0,71346.0,1
2025-12-17 16:56:19.134121,23.43928695767802,2.302759317813848,0.2325788061270587,696.6372346641599,79.0,2.0,694100.0,1.0,1316807.0,65624.0,2
2025-12-17 16:56:19.236064,23.45017546214389,2.3053667961698814,0.2128524543712306,678.7194214750573,68.0,2.0,976305.0,1.0,1643054.0,72539.0,3
2025-12-17 16:56:19.334243,23.46162797304486,2.3085872075725407,0.1942987875263012,680.4484933482389,73.0,2.0,1130397.0,1.0,2073157.0,84245.0,4
2025-12-17 16:56:19.434669,23.47319683151068,2.311068329401745,0.1706893573920072,650.9087659947328,63.0,1.0,746238.0,1.0,1967203.0,76085.0,5
2025-12-17 16:56:19.933731,23.509231829019065,2.3058110450169518,0.0630932817638121,638.0748594070005,61.0,1.0,448092.0,1.0,1500073.0,72711.0,0
2025-12-17 16:56:20.033275,23.520162946816708,2.306279835811909,0.0450199322229249,680.0639099760298,82.0,2.0,721160.0,1.0,1661508.0,69770.0,1
2025-12-17 16:56:20.135101,23.53077826356129,2.3062716916053443,0.0214040605001922,688.8696334908251,74.0,2.0,694335.0,1.0,1333852.0,66160.0,2
2025-12-17 16:56:20.233602,23.541038140559195,2.3054389650740994,-0.0061587588100618,687.9383579873004,73.0,2.0,966769.0,1.0,1617125.0,71879.0,3
2025-12-17 16:56:20.333838,23.55207601237092,2.304661891096931,-0.0340201563011476,675.636916600173,71.0,2.0,1118977.0,1.0,2061961.0,84616.0,4
2025-12-17 16:56:20.433831,23.5573967718162,2.3006997230033903,-0.053012541336666,640.0892545350877,57.0,1.0,746743.0,1.0,1987279.0,76887.0,5
2025-12-17 16:56:20.934330,23.592827526355425,2.286216461493945,-0.1607409736581738,631.2627479644437,57.0,1.0,451747.0,1.0,1493993.0,73255.0,0
2025-12-17 16:56:21.033551,23.603403581141468,2.284951527207284,-0.1846116865893037,679.2980937263864,81.0,2.0,712668.0,1.0,1672227.0,69865.0,1
2025-12-17 16:56:21.134162,23.614153813613232,2.281880371495143,-0.2103156793641035,692.1015867807679,76.0,2.0,698578.0,1.0,1315916.0,65936.0,2
2025-12-17 16:56:21.234591,23.624757734771144,2.2794764468661453,-0.2327601567596609,663.1580519142021,60.0,1.0,994312.0,1.0,1660384.0,73653.0,3
2025-12-17 16:56:21.334281,23.633737772444483,2.2755530194911984,-0.2541884966980821,681.8254996997629,74.0,2.0,1136919.0,1.0,2075966.0,84159.0,4
2025-12-17 16:56:21.433828,23.62670987687792,2.2597760925878765,-0.2916773991770567,671.2698939097728,73.0,2.0,750544.0,1.0,1990645.0,74631.0,5
2025-12-17 16:56:21.933778,23.679730756477685,2.240186745826762,-0.4106490993177697,640.4504203916193,62.0,1.0,442666.0,1.0,1503122.0,72613.0,0
2025-12-17 16:56:22.035341,23.69010576094581,2.2355914786282223,-0.4304445287283748,673.532631933111,78.0,2.0,729507.0,1.0,1666577.0,70244.0,1
2025-12-17 16:56:22.139242,23.700399623995537,2.2314507715200764,-0.4514399060937575,677.3349375097581,68.0,2.0,679687.0,1.0,1337921.0,66903.0,2
2025-12-17 16:56:22.234034,23.709623732711727,2.2267956454798568,-0.4750320069426889,683.3774065298717,70.0,2.0,956355.0,1.0,1646952.0,72294.0,3
2025-12-17 16:56:22.333320,23.702741421334075,2.22155465255418,-0.4819907710944833,674.0138181459224,70.0,2.0,1121252.0,1.0,2069652.0,84788.0,4
2025-12-17 16:56:22.433892,23.710552576486734,2.216105062235815,-0.5011542126080624,663.4505453873323,69.0,2.0,767758.0,1.0,1979894.0,75214.0,5
2025-12-17 16:56:22.933649,23.758011967101467,2.187200128503089,-0.6094086582387017,643.6381722480767,63.0,1.0,449459.0,1.0,1493487.0,72417.0,0
2025-12-17 16:56:23.033439,23.767031004034088,2.180806357801204,-0.6317202143816169,671.7663057719948,76.0,2.0,727534.0,1.0,1672793.0,70434.0,1
2025-12-17 16:56:23.134319,23.775386455715196,2.173576850040825,-0.656748202538008,678.5749982586326,68.0,2.0,973665.0,1.0,1657016.0,72613.0,3
2025-12-17 16:56:23.233781,23.76308452117179,2.1549842848376515,-0.6777645438220654,688.1835546790782,77.0,2.0,1120493.0,1.0,2118553.0,83676.0,4
2025-12-17 16:56:23.334291,23.76830459365968,2.1455140263376054,-0.6959402893579502,646.6131933876035,60.0,1.0,743465.0,1.0,2045280.0,76524.0,5
2025-12-17 16:56:23.934052,23.81405831422289,2.098501291266673,-0.8401518850708956,646.8260240014082,65.0,2.0,447032.0,1.0,1503122.0,72172.0,0
2025-12-17 16:56:24.033040,23.821215658624777,2.089536228843321,-0.863273458141706,670.0003314919364,76.0,2.0,709059.0,1.0,1672227.0,70530.0,1
2025-12-17 16:56:24.133744,23.814136598195518,2.067198182525903,-0.8802577424640355,695.7980036295421,77.0,2.0,696218.0,1.0,1324854.0,65780.0,2
2025-12-17 16:56:24.233713,23.817347000459232,2.054046331166769,-0.8977627378660017,688.816289806364,73.0,2.0,974654.0,1.0,1669965.0,71904.0,3
2025-12-17 16:56:24.333697,23.823412771407924,2.045209099302111,-0.9220427636887532,676.3908883988089,71.0,2.0,1142319.0,1.0,2067552.0,84616.0,4
2025-12-17 16:56:24.433915,23.829834875554912,2.036271653030267,-0.9481692977054548,664.8118293752602,69.0,2.0,754875.0,1.0,1983919.0,75214.0,5
2025-12-17 16:56:24.934728,23.86123893426761,1.98868509351092,-1.0594128718274909,625.0139270176095,54.0,1.0,444166.0,1.0,1495510.0,73727.0,0
2025-12-17 16:56:25.032998,23.844364979385837,1.9720765713993889,-1.0760998986407462,682.2344407924085,82.0,2.0,724340.0,1.0,1673926.0,69747.0,1
2025-12-17 16:56:25.134006,23.83915743735599,1.9588575662079444,-1.1041494226055892,685.0302357572148,71.0,2.0,688485.0,1.0,1315026.0,66496.0,2
2025-12-17 16:56:25.234135,23.843521329608876,1.9488067884834703,-1.1286904236067692,683.0358592898837,70.0,2.0,965134.0,1.0,1639721.0,72368.0,3
2025-12-17 16:56:25.333566,23.848489363482216,1.9383440423874203,-1.1513950813397322,658.9743422568738,66.0,2.0,751306.0,1.0,1973872.0,75648.0,5
2025-12-17 16:56:25.934862,23.88301749192112,1.8674354721799664,-1.2798760468316523,670.4455844106014,75.0,2.0,716537.0,1.0,1677896.0,70578.0,1
2025-12-17 16:56:26.033712,23.890668707853276,1.853398383326996,-1.3017171077544325,685.239121667766,71.0,2.0,695746.0,1.0,1313247.0,66496.0,2
2025-12-17 16:56:26.137518,23.89321959463449,1.8426414413159893,-1.3226544028936047,682.2341309579701,69.0,2.0,973994.0,1.0,1659822.0,72441.0,3
2025-12-17 16:56:26.234426,23.89628819683209,1.8321386607918917,-1.3428778531944672,686.7491750441255,76.0,2.0,1118599.0,1.0,2048051.0,83818.0,4
2025-12-17 16:56:26.333275,23.899042206761862,1.821039460048028,-1.3623990455342982,661.1549296072629,67.0,2.0,745986.0,1.0,2013003.0,75469.0,5
2025-12-17 16:56:26.933736,23.907870003731457,1.7485051955391548,-1.5070005750149984,626.3892929028816,55.0,1.0,451441.0,1.0,1502105.0,73653.0,0
2025-12-17 16:56:27.034510,23.909461681643595,1.7367511414944108,-1.5250137782333368,667.7030330474898,74.0,2.0,705230.0,1.0,1679601.0,70769.0,1
2025-12-17 16:56:27.133457,23.909480988935,1.7258056373362742,-1.5527028318196994,675.4944508927564,66.0,2.0,694335.0,1.0,1324854.0,67107.0,2
2025-12-17 16:56:27.235040,23.909230945323326,1.7143686220734446,-1.5714817592215606,690.4750116450117,74.0,2.0,965134.0,1.0,1639721.0,71855.0,3
2025-12-17 16:56:27.333679,23.90932712334469,1.7026058106702942,-1.5776498166771218,687.9563837886253,76.0,2.0,1132311.0,1.0,2066152.0,83790.0,4
2025-12-17 16:56:27.435245,23.90948644985537,1.6907757927239957,-1.579872560923372,654.353989376164,64.0,1.0,760259.0,1.0,2014366.0,76008.0,5
2025-12-17 16:56:27.933863,23.92045930508868,1.6273279640099698,-1.5776954448345892,646.5770928300152,65.0,2.0,451747.0,1.0,1511795.0,72245.0,0
2025-12-17 16:56:28.034877,23.91971773754054,1.6163087500591955,-1.574227775880678,676.9372381026875,79.0,2.0,716537.0,1.0,1645280.0,70149.0,1
2025-12-17 16:56:28.133666,23.91965014914146,1.604921209269905,-1.57252823150641,699.7266707153502,79.0,2.0,687321.0,1.0,1318145.0,65624.0,2
2025-12-17 16:56:28.233802,23.92003781818331,1.593466656990019,-1.577234346992063,683.6942167969366,70.0,2.0,992631.0,1.0,1625355.0,72368.0,3
2025-12-17 16:56:28.335602,23.919914979889175,1.5814293214443147,-1.5754836366445608,679.1452458676147,72.0,2.0,1122011.0,1.0,2043204.0,84473.0,4
2025-12-17 16:56:28.433535,23.92057618303566,1.5689982635201245,-1.577238308264312,662.5343203985116,68.0,2.0,749782.0,1.0,1985262.0,75418.0,5
2025-12-17 16:56:28.934786,23.92112175080361,1.5114846703225413,-1.5819160564107604,642.7650422269082,63.0,1.0,449611.0,1.0,1497536.0,72539.0,0
2025-12-17 16:56:29.034179,23.920491417224586,1.500820789139345,-1.5782199150462235,690.1711938210082,86.0,2.0,704514.0,1.0,1680738.0,69323.0,1
2025-12-17 16:56:29.134943,23.920677746805342,1.4885407367407597,-1.5811927141845823,690.9591384968912,74.0,2.0,685926.0,1.0,1296465.0,66182.0,2
2025-12-17 16:56:29.234073,23.92064168169876,1.4773449735549304,-1.5821677730870474,690.9137531394497,74.0,2.0,980610.0,1.0,1641387.0,71855.0,3
2025-12-17 16:56:29.333720,23.92027449429579,1.4655838169719535,-1.5829215254342712,687.3333907056481,76.0,2.0,1124292.0,1.0,2112825.0,83846.0,4
2025-12-17 16:56:29.433853,23.92059460366448,1.4543183355963825,-1.5833874537293573,660.71501775861,67.0,2.0,757690.0,1.0,1979894.0,75572.0,5
2025-12-17 16:56:29.934146,23.919350695018945,1.3965158252296042,-1.5834359158211626,643.9526981297888,63.0,1.0,445974.0,1.0,1521034.0,72490.0,0
2025-12-17 16:56:30.034223,23.91743741954961,1.381652049893999,-1.5827909355916407,682.4053232557258,81.0,2.0,725076.0,1.0,1675059.0,69865.0,1
2025-12-17 16:56:30.133847,23.91333617201812,1.359895556747773,-1.58394708436403,682.1910553359401,69.0,2.0,693161.0,1.0,1332499.0,66789.0,2
2025-12-17 16:56:30.233447,23.912817055524645,1.348997784952338,-1.5809624308093115,675.1330926112156,65.0,2.0,978620.0,1.0,1643611.0,73032.0,3
2025-12-17 16:56:30.334683,23.912927342120994,1.336959658400198,-1.5837009938279216,668.522071825027,66.0,2.0,1128485.0,1.0,2056386.0,85393.0,4
2025-12-17 16:56:30.434467,23.913234076623407,1.3253076945222624,-1.5856248085195426,648.8957685881236,61.0,1.0,757178.0,1.0,2010279.0,76472.0,5
2025-12-17 16:56:30.934402,23.91269286775672,1.268140955406191,-1.5833952137480312,643.1405222800367,62.0,1.0,446276.0,1.0,1499058.0,72588.0,0
2025-12-17 16:56:31.034593,23.911976492965227,1.2563442582829412,-1.5833952884417692,676.6395290132809,78.0,2.0,724340.0,1.0,1674493.0,70244.0,1
2025-12-17 16:56:31.134065,23.912781245350946,1.2447073168415463,-1.5823714635615282,704.4232772480756,82.0,2.0,693161.0,1.0,1320377.0,65336.0,2
2025-12-17 16:56:31.234281,23.91209142784185,1.2330287540425582,-1.5783883531062273,676.3527525192034,66.0,2.0,982271.0,1.0,1655334.0,72933.0,3
2025-12-17 16:56:31.334688,23.9124383389157,1.2207130929534291,-1.5796354548765776,673.7105723617947,69.0,2.0,1110301.0,1.0,2013684.0,84989.0,4
2025-12-17 16:56:31.433950,23.912415354370477,1.209212996753206,-1.5806090676335398,655.0763151138916,64.0,1.0,750544.0,1.0,2002131.0,76033.0,5
2025-12-17 16:56:31.934018,23.911155295977604,1.1528867573897137,-1.583575367097414,637.3282262535937,60.0,1.0,452665.0,1.0,1497536.0,72958.0,0
2025-12-17 16:56:32.033682,23.910823257592007,1.1409316666757494,-1.583101457986793,680.873434864226,80.0,2.0,715326.0,1.0,1691581.0,69983.0,1
2025-12-17 16:56:32.133949,23.911198201007757,1.1295020947873078,-1.5838419298748836,683.6554216149973,70.0,2.0,697633.0,1.0,1335207.0,66722.0,2
2025-12-17 16:56:32.233543,23.91037855645357,1.117631955943731,-1.5838461118814884,678.5720674095604,67.0,2.0,957975.0,1.0,1661508.0,72785.0,3
2025-12-17 16:56:32.334991,23.91064943264852,1.1058914141072118,-1.5845872300720512,679.8991290714414,72.0,2.0,1137689.0,1.0,2073157.0,84530.0,4
2025-12-17 16:56:32.434750,23.9246005987874,1.0894864252053575,-1.5660739828312018,668.2570995424298,70.0,2.0,765423.0,1.0,2008239.0,75113.0,5
2025-12-17 16:56:32.933986,23.9267620841714,1.030508431137724,-1.5674592813134682,646.5159963243307,64.0,1.0,446578.0,1.0,1502105.0,72343.0,0
2025-12-17 16:56:33.033507,23.926986324881565,1.0188056547613489,-1.5699417174265673,676.1075130268536,78.0,2.0,725076.0,1.0,1661508.0,70292.0,1
2025-12-17 16:56:33.133600,23.9265730842721,1.007403000637468,-1.567703912295204,697.8875118860063,77.0,2.0,702371.0,1.0,1321719.0,65847.0,2
2025-12-17 16:56:33.233775,23.92680297062802,0.995593945305131,-1.568722976686347,692.7915951924758,74.0,2.0,974324.0,1.0,1649183.0,71855.0,3
2025-12-17 16:56:33.334557,23.926808690042463,0.9841818243698008,-1.569700692388325,692.0875468568872,78.0,2.0,1123531.0,1.0,2032858.0,83563.0,4
2025-12-17 16:56:33.433198,23.92665511241928,0.9729214151408424,-1.5652717943734424,666.4374591058842,69.0,2.0,749782.0,1.0,1993341.0,75265.0,5
2025-12-17 16:56:33.933571,23.9284134408495,0.9133894615226166,-1.5714874826973162,637.7036944768291,59.0,1.0,449459.0,1.0,1512307.0,73032.0,0
2025-12-17 16:56:34.033871,23.92824954272104,0.9027499228475628,-1.5717083757789867,682.3417173796938,81.0,2.0,723850.0,1.0,1691581.0,69912.0,1
2025-12-17 16:56:34.133993,23.92790973639849,0.8912815914675236,-1.57044962298094,701.1197744281192,79.0,2.0,691053.0,1.0,1311470.0,65646.0,2
2025-12-17 16:56:34.233571,23.92872559373309,0.880073726786871,-1.5712219787405766,690.0110272834785,73.0,2.0,979946.0,1.0,1658138.0,72050.0,3
2025-12-17 16:56:34.334172,23.92820236204847,0.8689536202826149,-1.5694784369263897,694.275973878813,79.0,2.0,1129632.0,1.0,2076668.0,83394.0,4
2025-12-17 16:56:34.433953,23.928365901293148,0.8573921676246368,-1.5702521823838378,661.6182354056261,67.0,2.0,740201.0,1.0,1998746.0,75597.0,5
2025-12-17 16:56:34.933863,23.941807162432664,0.8039070691796673,-1.5503177482151271,650.8915253870159,66.0,2.0,443415.0,1.0,1480904.0,72123.0,0
2025-12-17 16:56:35.033262,23.94184463178973,0.7926807918951531,-1.5493132653058042,679.5756939346173,79.0,2.0,731484.0,1.0,1663759.0,70125.0,1
2025-12-17 16:56:35.133606,23.94193154343004,0.7803187851597781,-1.5483259440496062,683.3518558766189,69.0,2.0,689184.0,1.0,1340187.0,66812.0,2
2025-12-17 16:56:35.234969,23.942502470313592,0.7693598704597442,-1.5470964606760784,691.2308109764176,73.0,2.0,976635.0,1.0,1639721.0,71977.0,3
2025-12-17 16:56:35.334083,23.942210587606844,0.7576999743474606,-1.547111595488502,670.4644566966189,66.0,2.0,1154758.0,1.0,2064056.0,85335.0,4
2025-12-17 16:56:35.433786,23.94334320915602,0.7458397302696764,-1.5505782466452025,674.7988451553649,74.0,2.0,753089.0,1.0,1984590.0,74707.0,5
2025-12-17 16:56:35.934322,23.94554121623692,0.687839889648248,-1.549588833927487,646.079387655808,64.0,1.0,448851.0,1.0,1518462.0,72417.0,0
2025-12-17 16:56:36.033582,23.945555900599125,0.676125845504125,-1.5488497813547517,701.5608044734208,79.0,2.0,700235.0,1.0,1330246.0,65624.0,2
2025-12-17 16:56:36.134348,23.946239434239544,0.6644684516932962,-1.5505912067549583,679.4282038591396,67.0,2.0,996670.0,1.0,1651976.0,72810.0,3
2025-12-17 16:56:36.234427,23.946331175056976,0.6532560103583394,-1.5498500231758836,694.6341711753221,79.0,2.0,1128104.0,1.0,2099993.0,83394.0,4
2025-12-17 16:56:36.334076,23.946288611782197,0.6414542799529426,-1.548827401336936,651.9614734658852,61.0,1.0,746996.0,1.0,2008919.0,76395.0,5
2025-12-17 16:56:36.933721,23.946796131436813,0.5728314771234868,-1.5512765089755138,649.2670508819556,65.0,2.0,453585.0,1.0,1508729.0,72221.0,0
2025-12-17 16:56:37.033175,23.947403793092203,0.5625004444327752,-1.5521136850239337,671.0439118332042,74.0,2.0,719697.0,1.0,1676761.0,70721.0,1
2025-12-17 16:56:37.133249,23.95212299656501,0.5534754629645744,-1.5512998795365842,695.8161155890499,76.0,2.0,693161.0,1.0,1337469.0,66025.0,2
2025-12-17 16:56:37.234738,23.951684023935293,0.5418785920506364,-1.551304873402971,691.6697140058278,73.0,2.0,967424.0,1.0,1625355.0,71977.0,3
2025-12-17 16:56:37.335144,23.952165752395253,0.529615777353657,-1.5525546364613156,677.8416558832278,70.0,2.0,1129632.0,1.0,2063357.0,84788.0,4
2025-12-17 16:56:37.435414,23.95203232602993,0.5183000410587568,-1.551290882242594,661.160419070359,66.0,2.0,762579.0,1.0,2038369.0,75751.0,5
2025-12-17 16:56:37.933715,23.95306794486216,0.4606227218769887,-1.55099985922396,630.4548258348707,55.0,1.0,445069.0,1.0,1501089.0,73603.0,0
2025-12-17 16:56:38.034899,23.95321142900174,0.4487507392840235,-1.5504945321866033,687.278434588066,83.0,2.0,732475.0,1.0,1675059.0,69676.0,1
2025-12-17 16:56:38.134316,23.95370603057512,0.4378470824139602,-1.5524677167687448,690.0485346146181,73.0,2.0,677620.0,1.0,1311914.0,66384.0,2
2025-12-17 16:56:38.233304,23.953114579834256,0.4259081645162348,-1.5527158735553035,681.8888761402874,68.0,2.0,979615.0,1.0,1638612.0,72711.0,3
2025-12-17 16:56:38.334368,23.95374524402766,0.4147630614942708,-1.5539645683815713,686.0300092018123,74.0,2.0,1140774.0,1.0,2059868.0,84159.0,4
2025-12-17 16:56:38.933754,23.954435365617144,0.3448881941365489,-1.5512758056501903,637.6426092377093,59.0,1.0,446729.0,1.0,1502105.0,73106.0,0
2025-12-17 16:56:39.033714,23.955442288182223,0.3325922587795591,-1.5512725966964236,676.5122762903687,77.0,2.0,720428.0,1.0,1678464.0,70411.0,1
2025-12-17 16:56:39.133076,23.955172115729827,0.3218191773082748,-1.5527615200177411,699.280418021,77.0,2.0,690118.0,1.0,1332499.0,65869.0,2
2025-12-17 16:56:39.233051,23.955009122094307,0.3102680542517473,-1.5512775683508238,686.1082974769236,70.0,2.0,978289.0,1.0,1639721.0,72417.0,3
2025-12-17 16:56:39.334005,23.95613486263705,0.2989877055283991,-1.5515437448842968,667.2184403707292,64.0,1.0,1122391.0,1.0,2096442.0,85711.0,4
2025-12-17 16:56:39.435059,23.974768876900608,0.2901369121803754,-1.5359231596671898,646.5216347763984,59.0,1.0,739951.0,1.0,1980564.0,76809.0,5
2025-12-17 16:56:39.933521,23.981369771097228,0.2334502630164532,-1.5281856157883742,651.8303415654543,66.0,2.0,445672.0,1.0,1516408.0,72099.0,0
2025-12-17 16:56:40.033967,23.98263057944549,0.2216454855104774,-1.529666571366013,674.7464546559852,76.0,2.0,725321.0,1.0,1669965.0,70530.0,1
2025-12-17 16:56:40.133306,23.98260449358942,0.2093978571492072,-1.529911001922574,696.512642719191,76.0,2.0,693161.0,1.0,1326200.0,66070.0,2
2025-12-17 16:56:40.235125,23.98367915256013,0.1972490281076542,-1.5289172810036986,671.328229536223,62.0,1.0,985934.0,1.0,1642498.0,73453.0,3
2025-12-17 16:56:40.334176,23.984129868716582,0.1852818903931659,-1.5291662859748234,681.4069721984296,71.0,2.0,1133462.0,1.0,2055690.0,84587.0,4
2025-12-17 16:56:40.434479,23.98437778092227,0.1737874331861859,-1.52842116141589,679.7021699218517,76.0,2.0,744976.0,1.0,1993341.0,74404.0,5
2025-12-17 16:56:40.933329,23.98373078965924,0.119074372752556,-1.5294250414176918,636.0180815920185,58.0,1.0,449155.0,1.0,1508218.0,73230.0,0
2025-12-17 16:56:41.033787,23.98423202595917,0.1068827321267467,-1.5304127738906257,676.9805316480168,77.0,2.0,729260.0,1.0,1699040.0,70434.0,1
2025-12-17 16:56:41.133931,23.983959495638608,0.0950385795090009,-1.5264343276832444,695.7449591250452,75.0,2.0,705230.0,1.0,1319931.0,66115.0,2
2025-12-17 16:56:41.234489,23.985179751475137,0.082821202345968,-1.5259430740526991,682.5766808336452,72.0,2.0,1118599.0,1.0,2021195.0,84530.0,4
2025-12-17 16:56:41.333404,23.98553836421892,0.0712013442666688,-1.5276172415911635,661.8645516588857,66.0,2.0,750036.0,1.0,2008239.0,75751.0,5
2025-12-17 16:56:41.934350,23.99556577161482,0.0149085915940198,-1.5076918580988286,655.2060493909673,68.0,2.0,447637.0,1.0,1503122.0,71904.0,0
2025-12-17 16:56:42.032927,23.99640916661866,0.0036197772211516,-1.5074031152344107,663.2144494390378,69.0,2.0,732475.0,1.0,1706532.0,71394.0,1
2025-12-17 16:56:42.134134,23.9973808076466,-0.0076548580605699,-1.5056821831453953,694.9771775546112,75.0,2.0,705707.0,1.0,1332499.0,66204.0,2
2025-12-17 16:56:42.235176,23.998769149590213,-0.0189657655256682,-1.5106245480950495,681.767194458109,67.0,2.0,979615.0,1.0,1663196.0,72810.0,3
2025-12-17 16:56:42.333850,23.99924913413622,-0.0308535759927807,-1.5103809248732336,682.7839099361013,72.0,2.0,1132695.0,1.0,2065453.0,84530.0,4
2025-12-17 16:56:42.433880,24.00054532164628,-0.0422057374296881,-1.512137485795488,645.0633415517515,58.0,1.0,750544.0,1.0,2010960.0,76965.0,5
2025-12-17 16:56:42.933749,24.00429526506228,-0.0988701340552661,-1.5106217288924209,652.3937126171149,66.0,2.0,446427.0,1.0,1517948.0,72099.0,0
2025-12-17 16:56:43.034188,24.004620158430704,-0.110531055010058,-1.5110905227226177,689.448863796741,84.0,2.0,702609.0,1.0,1670530.0,69629.0,1
2025-12-17 16:56:43.133345,24.005789014007117,-0.1219967704121566,-1.5096123415672336,693.9643217738251,74.0,2.0,981606.0,1.0,1656455.0,71977.0,3
2025-12-17 16:56:43.234911,24.005927434391943,-0.1335458897953199,-1.507632534904897,670.9537595690135,66.0,2.0,1126577.0,1.0,2058475.0,85509.0,4
2025-12-17 16:56:43.334143,24.0064839419008,-0.1452471593742343,-1.5056482439996504,666.225964984994,68.0,2.0,767758.0,1.0,2001454.0,75495.0,5
2025-12-17 16:56:43.934219,24.011427758507857,-0.2153908055608393,-1.50393928454394,640.5815769514439,60.0,1.0,456975.0,1.0,1521549.0,73007.0,0
2025-12-17 16:56:44.034139,24.01745149873199,-0.2225456415766176,-1.4926096502658803,674.6829714583791,75.0,2.0,724095.0,1.0,1645280.0,70625.0,1
2025-12-17 16:56:44.134227,24.040806299288853,-0.2201129870206422,-1.4597056448402883,665.4415417441267,59.0,1.0,688951.0,1.0,1340641.0,68114.0,2
2025-12-17 16:56:44.233815,24.041311096604755,-0.2311760169948415,-1.460926985376887,684.2058494786625,68.0,2.0,985267.0,1.0,1658699.0,72687.0,3
2025-12-17 16:56:44.334795,24.04279801197268,-0.242907395363454,-1.4614189315316424,682.1610872567571,71.0,2.0,1159065.0,1.0,2107112.0,84616.0,4
2025-12-17 16:56:44.433827,24.04440969504261,-0.2547601873782567,-1.4651122803655454,669.4246118110457,70.0,2.0,740201.0,1.0,2016412.0,75265.0,5
2025-12-17 16:56:44.933715,24.049977954020772,-0.3115429413969649,-1.4663561712347075,669.8935794119948,72.0,2.0,716295.0,1.0,1711159.0,71009.0,1
2025-12-17 16:56:45.033501,24.051100071073687,-0.3232089314966274,-1.4668559639558316,706.6503273566769,81.0,2.0,706424.0,1.0,1319484.0,65491.0,2
2025-12-17 16:56:45.133176,24.052474703689505,-0.3342068454202225,-1.4710716825425667,686.4032384108009,69.0,2.0,979283.0,1.0,1679601.0,72539.0,3
2025-12-17 16:56:45.233662,24.052768600649905,-0.3458383526025693,-1.473056117732559,682.3305233215596,72.0,2.0,1141933.0,1.0,2068251.0,84587.0,4
2025-12-17 16:56:45.334055,24.05412194689683,-0.3571385761533309,-1.472822109313115,677.5872289218911,74.0,2.0,762579.0,1.0,2003487.0,74707.0,5
2025-12-17 16:56:45.934886,24.06152182912796,-0.4269431998515028,-1.4723253308444169,618.957254357232,49.0,1.0,457749.0,1.0,1516408.0,74581.0,0
2025-12-17 16:56:46.034834,24.063309898675836,-0.4386505590403673,-1.4696097507076245,675.1513724381284,76.0,2.0,733716.0,1.0,1669965.0,70625.0,1
2025-12-17 16:56:46.133933,24.064015979409707,-0.4499602112257334,-1.458718380602329,702.9058160833496,78.0,2.0,686159.0,1.0,1341095.0,65780.0,2
2025-12-17 16:56:46.233777,24.065681847417974,-0.4611950691806528,-1.44068865095399,689.6447948671075,71.0,2.0,977627.0,1.0,1645280.0,72343.0,3
2025-12-17 16:56:46.333918,24.06779276059924,-0.4710676831955694,-1.4165133920684223,684.5379211311524,72.0,2.0,1126577.0,1.0,2119988.0,84473.0,4
2025-12-17 16:56:46.434584,24.067121330414142,-0.4742320027957609,-1.3854229631401564,675.7860283886724,73.0,2.0,765164.0,1.0,1988625.0,74808.0,5
2025-12-17 16:56:46.933306,24.079635666607288,-0.5277490752433953,-1.2744470703412003,653.1447337505979,66.0,2.0,453278.0,1.0,1509750.0,72123.0,0
2025-12-17 16:56:47.034255,24.082768047169083,-0.538721439546077,-1.252228682044863,657.3853560166259,66.0,2.0,725076.0,1.0,1690437.0,71904.0,1
2025-12-17 16:56:47.133767,24.08684254522424,-0.5485404354537712,-1.2297403517845866,700.1379488417064,77.0,2.0,699524.0,1.0,1319484.0,65936.0,2
2025-12-17 16:56:47.233865,24.09072100123948,-0.5587483305471732,-1.2042366608628707,697.8642910453545,75.0,2.0,1003100.0,1.0,1672793.0,71782.0,3
2025-12-17 16:56:47.334302,24.09435639109361,-0.5689143838481082,-1.1822848118885054,696.7264931092662,79.0,2.0,1126577.0,1.0,2085120.0,83506.0,4
2025-12-17 16:56:47.433535,24.09816403120668,-0.5797790413618579,-1.162516601470477,670.9664788140047,70.0,2.0,774282.0,1.0,2013684.0,75214.0,5
2025-12-17 16:56:47.934456,24.13011114445476,-0.6295442621530231,-1.0426508248529158,659.3327257726609,69.0,2.0,455585.0,1.0,1491467.0,71758.0,0
2025-12-17 16:56:48.033431,24.144804053201533,-0.6384007303703843,-1.011311220005438,684.6192822359357,80.0,2.0,715810.0,1.0,1660384.0,70078.0,1
2025-12-17 16:56:48.133009,24.15046506338728,-0.6485350483500967,-0.9920590188520456,700.3699441546543,77.0,2.0,702847.0,1.0,1350661.0,65958.0,2
2025-12-17 16:56:48.233994,24.156829657214264,-0.6583082723003881,-0.9726705518912376,674.0837962221528,62.0,1.0,973994.0,1.0,1649741.0,73478.0,3
2025-12-17 16:56:48.334148,24.16333004389809,-0.6668703376022604,-0.9494366654530446,693.9149636745984,77.0,2.0,1136919.0,1.0,2046665.0,83761.0,4
2025-12-17 16:56:48.433669,24.16913618704522,-0.6754241490734871,-0.9249808282329994,650.1471429363585,59.0,1.0,749529.0,1.0,2033546.0,76783.0,5
2025-12-17 16:56:48.934031,24.22110839204532,-0.7065245595285462,-0.8027527775967128,640.5204220473986,60.0,1.0,446729.0,1.0,1520519.0,73032.0,0
2025-12-17 16:56:49.034279,24.229485027164674,-0.7149543413812992,-0.7839680123597741,684.8535999024366,81.0,2.0,735954.0,1.0,1684155.0,70030.0,1
2025-12-17 16:56:49.134756,24.23801515530854,-0.7222502211637662,-0.7593119520791657,685.6025210567057,69.0,2.0,691053.0,1.0,1334304.0,66903.0,2
2025-12-17 16:56:49.233134,24.246760478188765,-0.7296428863134603,-0.7365458398075505,680.3030843363325,66.0,2.0,971032.0,1.0,1661508.0,73057.0,3
2025-12-17 16:56:49.335303,24.255650651881176,-0.737529060413095,-0.7164749774111834,696.1036809858995,78.0,2.0,1112558.0,1.0,2110681.0,83591.0,4
2025-12-17 16:56:49.433648,24.26411618524226,-0.7443709281241537,-0.6964361768896015,670.3277790595251,70.0,2.0,749529.0,1.0,2011640.0,75291.0,5
2025-12-17 16:56:49.934679,24.326380269541115,-0.770153093733269,-0.5731494049143694,645.7083198058697,62.0,1.0,450525.0,1.0,1525674.0,72736.0,0
2025-12-17 16:56:50.034102,24.33463769905625,-0.7706226645307456,-0.5543966869147292,683.0876775968258,79.0,2.0,722871.0,1.0,1697891.0,70220.0,1
2025-12-17 16:56:50.136313,24.34363578140861,-0.7778226607350742,-0.5353043901074361,693.8350538462101,73.0,2.0,695276.0,1.0,1334755.0,66406.0,2
2025-12-17 16:56:50.233643,24.35285837235981,-0.7835931828549197,-0.5132984352195036,679.5226729143394,65.0,2.0,978289.0,1.0,1679601.0,73131.0,3
2025-12-17 16:56:50.334136,24.364460505048868,-0.789194349831398,-0.4888858636759012,677.2919606011427,68.0,2.0,1143867.0,1.0,2059868.0,85133.0,4
2025-12-17 16:56:50.433687,24.376328009019414,-0.7948280580454974,-0.4607322553545242,663.5084260210868,66.0,2.0,747249.0,1.0,2012321.0,75828.0,5
2025-12-17 16:56:50.933735,24.429789805059627,-0.808300263638809,-0.3433945307057109,660.895918624822,70.0,2.0,448396.0,1.0,1523094.0,71709.0,0
2025-12-17 16:56:51.033453,24.443760898773306,-0.8028688860321067,-0.3158483298934922,676.3216447869839,76.0,2.0,722871.0,1.0,1682446.0,70649.0,1
2025-12-17 16:56:51.133821,24.454760866399585,-0.8052841174862087,-0.2931256313914751,706.066646574126,80.0,2.0,689651.0,1.0,1334755.0,65646.0,2
2025-12-17 16:56:51.234488,24.465587124770884,-0.8082469997277927,-0.2664391446383709,684.7423352365726,68.0,2.0,972348.0,1.0,1652535.0,72736.0,3
2025-12-17 16:56:51.334942,24.476615812324365,-0.8113594144835866,-0.243627902741041,685.4806121260854,73.0,2.0,1108048.0,1.0,2023933.0,84473.0,4
2025-12-17 16:56:51.434412,24.488083873912544,-0.8147013173710085,-0.221003949505639,671.6891969016312,70.0,2.0,763870.0,1.0,2019144.0,75240.0,5
2025-12-17 16:56:51.935677,24.55957961544048,-0.8108782053506277,-0.0875517721146905,638.08405936554,58.0,1.0,453432.0,1.0,1515381.0,73280.0,0
2025-12-17 16:56:52.033488,24.56981030535388,-0.8127354584964203,-0.0584617093709586,647.5557721146293,60.0,1.0,713633.0,1.0,1703070.0,72687.0,1
2025-12-17 16:56:52.133642,24.580759346229705,-0.8146861755997022,-0.0333209471176186,694.2987763142559,73.0,2.0,688718.0,1.0,1321719.0,66429.0,2
2025-12-17 16:56:52.234592,24.592423846464367,-0.8154214821263693,-0.0144032840740617,686.9618349264495,69.0,2.0,1002082.0,1.0,1675626.0,72613.0,3
2025-12-17 16:56:52.334420,24.604889918708885,-0.8150558773350409,0.0038895849866417,681.6690133235668,71.0,2.0,1145029.0,1.0,2070352.0,84759.0,4
2025-12-17 16:56:52.433476,24.61663560899559,-0.813531220579085,0.0298669683733141,666.8696677392742,68.0,2.0,757947.0,1.0,2071053.0,75623.0,5
2025-12-17 16:56:52.933962,24.685563857987752,-0.7944857524048956,0.1688737253929104,643.2715134091352,61.0,1.0,445672.0,1.0,1502613.0,72933.0,0
2025-12-17 16:56:53.035143,24.69670105637424,-0.7923146557305525,0.1880111460198417,688.7902787152709,82.0,2.0,719941.0,1.0,1692154.0,69865.0,1
2025-12-17 16:56:53.133368,24.70746130273019,-0.7906290909035636,0.2094962943721963,693.5308839981124,73.0,2.0,703085.0,1.0,1343366.0,66474.0,2
2025-12-17 16:56:53.232861,24.718272262117992,-0.7888328197562895,0.2307585982612429,687.1809318762803,69.0,2.0,969718.0,1.0,1655334.0,72638.0,3
2025-12-17 16:56:53.334028,24.72913127120143,-0.7869848775659143,0.2510844159286386,697.8574390259955,79.0,2.0,1138460.0,1.0,2071053.0,83506.0,4
2025-12-17 16:56:53.433676,24.739272331880205,-0.783722938826068,0.2698768834650936,665.0503437838624,67.0,2.0,762063.0,1.0,2026675.0,75777.0,5
2025-12-17 16:56:53.934729,24.781774065297974,-0.7596579852407073,0.3974407125584054,647.4594335129597,63.0,1.0,449916.0,1.0,1515894.0,72638.0,0
2025-12-17 16:56:54.034539,24.792767335741274,-0.7554673206766516,0.4195769404013161,674.02425644079,74.0,2.0,728273.0,1.0,1687007.0,70913.0,1
2025-12-17 16:56:54.134387,24.8032526512394,-0.7501737314150834,0.4413994905659827,702.7632918794582,77.0,2.0,699524.0,1.0,1326649.0,65936.0,2
2025-12-17 16:56:54.235353,24.81331451304895,-0.7450619052161773,0.4624256191324637,677.400955676909,64.0,1.0,1000727.0,1.0,1675059.0,73329.0,3
2025-12-17 16:56:54.333901,24.822875259169045,-0.7403089844569866,0.4874593722870905,686.0459146808168,73.0,2.0,1142706.0,1.0,2114256.0,84473.0,4
2025-12-17 16:56:54.433548,24.83230430961457,-0.7369268537881288,0.5121611752309916,674.230960578558,72.0,2.0,748515.0,1.0,1996042.0,75113.0,5
2025-12-17 16:56:54.933580,24.873879677191976,-0.7071512446653616,0.6111286660159662,648.6469938378158,63.0,1.0,456666.0,1.0,1521034.0,72588.0,0
2025-12-17 16:56:55.034606,24.88285312367339,-0.7001899568726366,0.6294639656379988,695.9722968938858,74.0,2.0,703085.0,1.0,1326200.0,66339.0,2
2025-12-17 16:56:55.132847,24.89241858299436,-0.6939726907522268,0.6486972917006605,696.5979348457417,74.0,2.0,988942.0,1.0,1665449.0,72001.0,3
2025-12-17 16:56:55.233014,24.90189114827869,-0.6873998585699135,0.6709426404206293,661.2153971165194,60.0,1.0,1151636.0,1.0,2055690.0,86527.0,4
2025-12-17 16:56:55.334044,24.9111273142943,-0.6806760867140754,0.6941819121381633,660.3936261009011,64.0,1.0,764387.0,1.0,2009599.0,76111.0,5
2025-12-17 16:56:55.935376,24.947369515209736,-0.6344684362346591,0.8657792671247503,639.8351071632262,59.0,1.0,451747.0,1.0,1523610.0,73230.0,0
2025-12-17 16:56:56.034004,24.95457816080805,-0.6233250441857103,0.8812065086191252,669.4923694540051,71.0,2.0,740201.0,1.0,1716379.0,71226.0,1
2025-12-17 16:56:56.134380,24.961885528479044,-0.6117790112860073,0.9010594672107908,690.2276328518439,71.0,2.0,694570.0,1.0,1347009.0,66744.0,2
2025-12-17 16:56:56.233845,24.96906252884906,-0.6012064717707248,0.9183429871052088,681.8395784343635,66.0,2.0,980610.0,1.0,1663196.0,73057.0,3
2025-12-17 16:56:56.333673,24.97573013943,-0.5913579285253873,0.9369600185473694,663.5741990000969,66.0,2.0,763095.0,1.0,2028047.0,75905.0,5
2025-12-17 16:56:56.934208,25.01585835395675,-0.5189169555801931,1.0925083184225284,636.0226639203368,56.0,1.0,458524.0,1.0,1550137.0,73528.0,0
2025-12-17 16:56:57.033522,25.020932881386607,-0.5079119839182704,1.1141245550472418,674.7263757420586,74.0,2.0,723850.0,1.0,1688721.0,70913.0,1
2025-12-17 16:56:57.134768,25.025298960371128,-0.4964961447611546,1.143674642852457,690.4598942331002,71.0,2.0,700709.0,1.0,1332499.0,66744.0,2
2025-12-17 16:56:57.234300,25.030104134717085,-0.4858091651096434,1.1695561379876118,690.0591551606196,70.0,2.0,992295.0,1.0,1662633.0,72515.0,3
2025-12-17 16:56:57.335593,25.03452698215922,-0.4752464075406202,1.1966879960474572,664.6117324049394,61.0,1.0,1134613.0,1.0,2135109.0,86264.0,4
2025-12-17 16:56:57.433635,25.036389406467407,-0.4583038980937488,1.2291457310781029,664.7728960440455,66.0,2.0,764129.0,1.0,2028047.0,75879.0,5
2025-12-17 16:56:57.934431,25.05420862076465,-0.4010807911664238,1.3459616624951347,654.2104818739741,66.0,2.0,456666.0,1.0,1501597.0,72245.0,0
2025-12-17 16:56:58.033550,25.05679098287285,-0.3902264008140472,1.370232201068369,660.9605014308701,66.0,2.0,731980.0,1.0,1713477.0,71904.0,1
2025-12-17 16:56:58.133606,25.05937192734056,-0.3797528809055197,1.3906832288342423,689.6917957488433,70.0,2.0,707142.0,1.0,1338374.0,66812.0,2
2025-12-17 16:56:58.233166,25.061500613465224,-0.3689647110993896,1.4092260342965304,692.2783831381385,71.0,2.0,992967.0,1.0,1654214.0,72392.0,3
2025-12-17 16:56:58.333996,25.05972779434005,-0.3524706444843123,1.4292623244527607,693.799930965357,76.0,2.0,1146580.0,1.0,2085826.0,83960.0,4
2025-12-17 16:56:58.434381,25.059735205899283,-0.3368140892607689,1.4407786877923707,666.9536707180282,67.0,2.0,772711.0,1.0,2064056.0,75700.0,5
2025-12-17 16:56:58.933983,25.068005275354626,-0.2812570422887874,1.4442357393721186,637.3981738298619,57.0,1.0,451747.0,1.0,1526190.0,73478.0,0
2025-12-17 16:56:59.033433,25.06941150529039,-0.2699112309789229,1.4415148535159068,677.1945931724073,75.0,2.0,707620.0,1.0,1685866.0,70817.0,1
2025-12-17 16:56:59.133793,25.07104662094848,-0.2584470862712236,1.4437700344795847,700.9240104636685,76.0,2.0,705230.0,1.0,1337469.0,66160.0,2
2025-12-17 16:56:59.234060,25.072392583296757,-0.2466379466193118,1.449943442392443,682.498056214738,66.0,2.0,996670.0,1.0,1664886.0,73106.0,3
2025-12-17 16:56:59.335598,25.07354118693613,-0.2348770234792607,1.4611331870706326,686.9887325359767,73.0,2.0,1146580.0,1.0,2082299.0,84473.0,4
2025-12-17 16:56:59.433544,25.0748485753566,-0.2244598664689354,1.4810657659184658,684.1341594390228,77.0,2.0,752579.0,1.0,2030795.0,74480.0,5
2025-12-17 16:56:59.934446,25.082491581308,-0.1627766952954177,1.5859567809693382,641.5860368497583,59.0,1.0,454815.0,1.0,1526707.0,73156.0,0
2025-12-17 16:57:00.035163,25.082035983503594,-0.151269907272433,1.5834471501441914,686.4291173319839,80.0,2.0,732723.0,1.0,1695594.0,70196.0,1
2025-12-17 16:57:00.133396,25.08255450708049,-0.1407638490702065,1.5858806977962636,705.1560895904553,78.0,2.0,698105.0,1.0,1344276.0,65914.0,2
2025-12-17 16:57:00.233802,25.082416419671446,-0.1291471943802128,1.5876203088945142,672.71747645399,61.0,1.0,995996.0,1.0,1655334.0,73777.0,3
2025-12-17 16:57:00.334322,25.081509114655724,-0.1175367440265998,1.587861481449171,693.1769916047641,76.0,2.0,1124673.0,1.0,2085120.0,84017.0,4
2025-12-17 16:57:00.434953,25.0812482032032,-0.1060166538423966,1.5915471699972483,664.3150538772703,66.0,2.0,753089.0,1.0,2025989.0,75931.0,5
2025-12-17 16:57:00.934119,25.0794729536814,-0.04688994411409,1.5935163487380992,645.7737515265518,61.0,1.0,452818.0,1.0,1500073.0,72933.0,0
2025-12-17 16:57:01.034294,25.07912598294539,-0.0353258990061673,1.5930344102978018,671.6630330159327,71.0,2.0,717751.0,1.0,1692154.0,71226.0,1
2025-12-17 16:57:01.134241,25.078327330531103,-0.0234529500538097,1.59527356026149,693.3884570739951,72.0,2.0,699524.0,1.0,1350204.0,66631.0,2
2025-12-17 16:57:01.233604,25.077779728082728,-0.0120728169913446,1.5923322166496137,684.9369098618538,67.0,2.0,994649.0,1.0,1663759.0,72958.0,3
2025-12-17 16:57:01.334194,25.07766491816954,-0.000425339333444,1.594062541732791,674.3654670710857,66.0,2.0,1144641.0,1.0,2087945.0,85566.0,4
2025-12-17 16:57:01.933396,25.076591929394716,0.0683006076366706,1.5893797900256277,655.9613918440178,66.0,2.0,452206.0,1.0,1517948.0,72196.0,0
2025-12-17 16:57:02.034918,25.076599460462496,0.0803467674705515,1.5916100931876775,677.8972982397478,75.0,2.0,733220.0,1.0,1677329.0,70769.0,1
2025-12-17 16:57:02.135538,25.07601047276521,0.0923000722221479,1.5913512387026565,689.620929498962,70.0,2.0,690585.0,1.0,1346553.0,66903.0,2
2025-12-17 16:57:02.233429,25.0759914474765,0.1035410685481413,1.5884302057524704,679.1563483176855,64.0,1.0,1002761.0,1.0,1679601.0,73379.0,3
2025-12-17 16:57:02.333659,25.07153903312563,0.1152746029991463,1.5960744025584357,690.5538658180725,74.0,2.0,1130014.0,1.0,2077371.0,84245.0,4
2025-12-17 16:57:02.433469,25.06587114974195,0.1276873035491643,1.6021941983276018,665.6760656408438,66.0,2.0,762063.0,1.0,2020511.0,75879.0,5
2025-12-17 16:57:02.933625,25.06519801094382,0.1851382066873163,1.5984831235111088,643.1492109243115,59.0,1.0,456975.0,1.0,1506178.0,73156.0,0
2025-12-17 16:57:03.034655,25.065278519143572,0.1961634831375852,1.5994766345741676,678.1313557998914,75.0,2.0,726304.0,1.0,1695020.0,70793.0,1
2025-12-17 16:57:03.133700,25.06504435438536,0.2073315148111183,1.5999522934998829,693.3539369737703,71.0,2.0,973665.0,1.0,1656455.0,72417.0,3
2025-12-17 16:57:03.233591,25.0639532500418,0.218701038099306,1.5999522934998829,684.7235026349427,71.0,2.0,1146968.0,1.0,2082299.0,84731.0,4
2025-12-17 16:57:03.334368,25.063501891630462,0.2307999172976548,1.600447788841011,654.8388039610733,61.0,1.0,764129.0,1.0,2044588.0,76679.0,5
2025-12-17 16:57:03.933833,25.062538226421687,0.3004178048067843,1.600984448829623,686.3418705740918,79.0,2.0,710019.0,1.0,1711738.0,70268.0,1
2025-12-17 16:57:04.033448,25.061934971144616,0.3119909579734318,1.6021996178665796,698.061569728653,74.0,2.0,700235.0,1.0,1359374.0,66429.0,2
2025-12-17 16:57:04.134064,25.06119126460677,0.3236959910884127,1.6007086695809931,690.8932414300936,74.0,2.0,1151636.0,1.0,2039059.0,84302.0,4
2025-12-17 16:57:04.235225,25.060534323809456,0.3345629145071107,1.5999854472088968,670.0015346944263,68.0,2.0,774806.0,1.0,2039059.0,75597.0,5
2025-12-17 16:57:04.933544,25.05769196534483,0.4162242282669912,1.5896153115543863,654.5247478735921,65.0,2.0,443565.0,1.0,1522064.0,72368.0,0
2025-12-17 16:57:05.033627,25.052755181804503,0.4182281213354886,1.5962829526383435,688.5993533923737,80.0,2.0,727042.0,1.0,1710001.0,70149.0,1
2025-12-17 16:57:05.134284,25.041745957486608,0.4073250533903826,1.611702410141347,694.3171522525304,72.0,2.0,684072.0,1.0,1342457.0,66677.0,2
2025-12-17 16:57:05.233138,25.041260357795394,0.4182146300699009,1.6109730422787591,676.8147150427667,62.0,1.0,975644.0,1.0,1684725.0,73628.0,3
2025-12-17 16:57:05.334342,25.04052479672989,0.4296503886595272,1.6089785376906736,688.1194933461045,73.0,2.0,1135766.0,1.0,2125017.0,84530.0,4
2025-12-17 16:57:05.433489,25.04006801267272,0.4414894957924405,1.6104515991748536,677.2179890034569,72.0,2.0,756922.0,1.0,2052214.0,75138.0,5
2025-12-17 16:57:05.934727,25.03817943838059,0.4999112968506086,1.6085236477389662,648.7127460922658,62.0,1.0,456511.0,1.0,1515381.0,72810.0,0
2025-12-17 16:57:06.033930,25.03736697211434,0.5115523749795442,1.6080294688054364,683.8335434639469,77.0,2.0,727534.0,1.0,1705955.0,70506.0,1
2025-12-17 16:57:06.133626,25.037149686797417,0.523553975790243,1.609269093670049,701.5491707826081,76.0,2.0,699524.0,1.0,1361216.0,66204.0,2
2025-12-17 16:57:06.233771,25.036045170910064,0.5351526830321306,1.606818293887767,682.0343308359047,65.0,2.0,982603.0,1.0,1660946.0,73280.0,3
2025-12-17 16:57:06.334513,25.03623390592816,0.5467655819661958,1.6100471805952068,690.3080251738047,74.0,2.0,1158281.0,1.0,2092189.0,84359.0,4
2025-12-17 16:57:06.433569,25.03586216798545,0.5585515374459634,1.609054043093331,659.3986433712552,63.0,1.0,764905.0,1.0,2034234.0,76395.0,5
2025-12-17 16:57:06.934066,25.033797199447847,0.6155885653219113,1.6073814685530934,653.9003980518487,65.0,2.0,445823.0,1.0,1499565.0,72417.0,0
2025-12-17 16:57:07.034912,25.033347909549537,0.6271031246329352,1.6046982419395033,685.0678925024117,78.0,2.0,720672.0,1.0,1722781.0,70434.0,1
2025-12-17 16:57:07.133756,25.033039359868223,0.6387710787278557,1.6056749310808482,686.7813722636694,67.0,2.0,694100.0,1.0,1347921.0,67198.0,2
2025-12-17 16:57:07.235924,25.032279153196143,0.6498227622306592,1.605190820553504,701.2542802338764,75.0,2.0,988273.0,1.0,1670530.0,71928.0,3
2025-12-17 16:57:07.335876,25.03192215219719,0.6613202739107055,1.605424673586029,696.4967816930214,77.0,2.0,1136150.0,1.0,2073859.0,83875.0,4
2025-12-17 16:57:07.433521,25.031119199514507,0.6722386620395069,1.6051942043459284,680.579274617144,74.0,2.0,774282.0,1.0,2045280.0,74884.0,5
2025-12-17 16:57:07.933790,25.023796858657825,0.7305416980446647,1.6198382148305723,655.0881223052222,65.0,2.0,450830.0,1.0,1526190.0,72343.0,0
2025-12-17 16:57:08.033425,25.02372051599923,0.7416256052712511,1.6222982378463946,695.301663500736,84.0,2.0,718967.0,1.0,1708844.0,69747.0,1
2025-12-17 16:57:08.134019,25.02276893513551,0.7528593339393861,1.6193161434515764,713.0136046235134,81.0,2.0,705707.0,1.0,1352490.0,65536.0,2
2025-12-17 16:57:08.233500,25.022546085432865,0.7642090564155011,1.621064974186075,692.4732250862403,70.0,2.0,982271.0,1.0,1679601.0,72588.0,3
2025-12-17 16:57:08.334568,25.022035224698456,0.7762856225385295,1.6195825151516283,682.6850347298218,69.0,2.0,1158281.0,1.0,2087238.0,85076.0,4
2025-12-17 16:57:08.433873,25.02088123634904,0.7875758095435343,1.619356404662041,684.7599781189996,76.0,2.0,757947.0,1.0,2052909.0,74606.0,5
2025-12-17 16:57:08.933567,25.018238035096275,0.8445677031751904,1.618845168225408,645.2758565107281,60.0,1.0,449459.0,1.0,1503122.0,73057.0,0
2025-12-17 16:57:09.035021,25.017626743787456,0.8569259543351694,1.6207940509187806,689.5361562883487,80.0,2.0,724340.0,1.0,1700191.0,70149.0,1
2025-12-17 16:57:09.134962,25.01637175055935,0.8688164645370958,1.6203116665416717,692.2459948598405,70.0,2.0,704514.0,1.0,1363521.0,66880.0,2
2025-12-17 16:57:09.234793,25.016485677652945,0.8808842006848703,1.6220563628017672,717.6929857341088,84.0,2.0,979946.0,1.0,1677896.0,70841.0,3
2025-12-17 16:57:09.334428,25.01529602988819,0.8929529710121167,1.621069858065298,683.8735079341483,70.0,2.0,1147356.0,1.0,2090066.0,84989.0,4
2025-12-17 16:57:09.434168,25.01458986274137,0.9050479410179672,1.6230550228725746,681.9406713243799,74.0,2.0,777170.0,1.0,2069652.0,74833.0,5
2025-12-17 16:57:09.935279,25.011827435548582,0.961657850965454,1.6250919224642142,638.4639540629478,56.0,1.0,450525.0,1.0,1525674.0,73603.0,0
2025-12-17 16:57:10.035254,25.01140832221396,0.973789783400769,1.622863500855204,699.7703299715827,86.0,2.0,724585.0,1.0,1692727.0,69464.0,1
2025-12-17 16:57:10.134059,25.01023121287845,0.9857567573201378,1.620909753261115,716.47795650795,83.0,2.0,694570.0,1.0,1347009.0,65336.0,2
2025-12-17 16:57:10.234257,25.01011577480436,0.9974215799122388,1.6223859539745236,693.9123449587923,70.0,2.0,1011966.0,1.0,1676194.0,72539.0,3
2025-12-17 16:57:10.334409,25.008657934722848,1.0089107951550318,1.6238872092620602,683.0620039469256,69.0,2.0,1140388.0,1.0,2092897.0,85076.0,4
2025-12-17 16:57:10.433518,25.00868474491503,1.0209211180544713,1.6253655979551265,662.121193825039,64.0,1.0,759488.0,1.0,2003487.0,76291.0,5
2025-12-17 16:57:10.934853,24.99378375846139,1.0898921384641895,1.632011050168141,649.6516501499094,62.0,1.0,452359.0,1.0,1491972.0,72810.0,0
2025-12-17 16:57:11.033921,24.99232522315201,1.1014016814727257,1.6295399224423652,687.0041370242535,79.0,2.0,722626.0,1.0,1692154.0,70339.0,1
2025-12-17 16:57:11.133995,24.99206943012475,1.1127991997481312,1.6337467039659812,713.7101129477793,82.0,2.0,705946.0,1.0,1347921.0,65536.0,2
2025-12-17 16:57:11.234280,24.9907057499004,1.124568366079701,1.6334964410391293,694.1318268710431,70.0,2.0,993639.0,1.0,1672793.0,72539.0,3
2025-12-17 16:57:11.334533,24.98961502946252,1.1358411257206262,1.635966186122835,696.2505269151451,77.0,2.0,1157889.0,1.0,2099993.0,83960.0,4
2025-12-17 16:57:11.433488,24.989467425535363,1.1476799162833384,1.6352239949993994,673.3018283224463,69.0,2.0,761547.0,1.0,2032858.0,75520.0,5
2025-12-17 16:57:11.933900,24.984479124429523,1.205766778736397,1.634525123750156,659.8392472788771,67.0,2.0,450678.0,1.0,1539680.0,72099.0,0
2025-12-17 16:57:12.035263,24.98328785269545,1.216791824271817,1.6375016580221915,697.2385703456064,84.0,2.0,735456.0,1.0,1674493.0,69699.0,1
2025-12-17 16:57:12.133935,24.98319150449113,1.2281693800777638,1.63796685229369,696.9422703162937,72.0,2.0,699524.0,1.0,1352490.0,66631.0,2
2025-12-17 16:57:12.233553,24.98232746151176,1.2395924245699608,1.638443607651868,698.3511441756458,73.0,2.0,981606.0,1.0,1660384.0,72245.0,3
2025-12-17 16:57:12.333698,24.98124739920041,1.2513824840270988,1.638441495731671,707.4388691122535,82.0,2.0,1126959.0,1.0,2048051.0,83140.0,4
2025-12-17 16:57:12.435258,24.9805053656202,1.2630625439170111,1.6372135613746737,685.4827879717037,76.0,2.0,770100.0,1.0,2016412.0,74656.0,5
2025-12-17 16:57:12.933539,24.9760580699356,1.3203408169691342,1.6347310379029696,632.0269555712839,53.0,1.0,447789.0,1.0,1563309.0,74128.0,0
2025-12-17 16:57:13.033426,24.9748564083861,1.3316810736455171,1.6367210332053483,682.1511063100157,64.0,1.0,705707.0,1.0,1354323.0,67608.0,2
2025-12-17 16:57:13.133951,24.975292857062463,1.3433209714100356,1.6354912709493952,684.5487607052924,65.0,2.0,985934.0,1.0,1676194.0,73255.0,3
2025-12-17 16:57:13.233979,24.961512014052467,1.3656755199418256,1.660330836610614,668.6085717154822,62.0,1.0,1155149.0,1.0,2088651.0,86264.0,4
2025-12-17 16:57:13.334468,24.953774047732328,1.3848537448360023,1.677401612127612,677.645221191114,72.0,2.0,780597.0,1.0,2059868.0,75214.0,5
2025-12-17 16:57:13.933457,24.94547689074756,1.4538644422317315,1.6759261327236574,647.2147162532169,60.0,1.0,451747.0,1.0,1511284.0,73057.0,0
2025-12-17 16:57:14.033881,24.944426131168523,1.4650727764102212,1.6776714051724482,686.7064850599154,78.0,2.0,739951.0,1.0,1715799.0,70411.0,1
2025-12-17 16:57:14.133600,24.943106996135707,1.476913314780298,1.677927374507951,705.4065351364934,77.0,2.0,700472.0,1.0,1345186.0,66115.0,2
2025-12-17 16:57:14.233867,24.942410607609744,1.4876998006181732,1.6823553698320104,715.790166819947,82.0,2.0,976966.0,1.0,1657016.0,71081.0,3
2025-12-17 16:57:14.333408,24.94134510834074,1.4998439368727965,1.680375389978053,687.8158136359106,72.0,2.0,1143867.0,1.0,2043204.0,84731.0,4
2025-12-17 16:57:14.433488,24.9398947161142,1.5112885290746887,1.6798788075867086,688.8437480722611,78.0,2.0,773758.0,1.0,2066152.0,74404.0,5
2025-12-17 16:57:14.933355,24.933533645866707,1.5704632865929686,1.683096374892331,661.4024731796283,68.0,2.0,451900.0,1.0,1520004.0,72050.0,0
2025-12-17 16:57:15.035249,24.933052165952947,1.5818445248513724,1.6833378375730854,703.9409244683658,88.0,2.0,733964.0,1.0,1685866.0,69276.0,1
2025-12-17 16:57:15.133970,24.93135388917987,1.593159705268181,1.680113876950668,700.6387923386662,74.0,2.0,690585.0,1.0,1361216.0,66474.0,2
2025-12-17 16:57:15.234657,24.930691543443853,1.604006887924455,1.6813743818839495,707.0098170709527,77.0,2.0,1007865.0,1.0,1674493.0,71709.0,3
2025-12-17 16:57:15.334710,24.930395974610025,1.6152905773046862,1.680388933636919,678.004558656652,66.0,2.0,1161815.0,1.0,2121423.0,85566.0,4
2025-12-17 16:57:15.434224,24.928237709795624,1.6258624996179911,1.6811479980717483,661.0245209398446,62.0,1.0,758460.0,1.0,2058475.0,76498.0,5
2025-12-17 16:57:15.933885,24.9080188346052,1.6997413283845344,1.692149757681607,664.590348780522,69.0,2.0,447789.0,1.0,1504140.0,71855.0,0
2025-12-17 16:57:16.035220,24.89092534126859,1.7315501291048596,1.692883102216928,694.1750368123866,82.0,2.0,726058.0,1.0,1686436.0,69959.0,1
2025-12-17 16:57:16.133425,24.890331233240207,1.7419858531831338,1.6759735517760683,713.8708371041008,81.0,2.0,702847.0,1.0,1356616.0,65646.0,2
2025-12-17 16:57:16.235091,24.888465926913074,1.753817938479442,1.6595733638599677,695.2293891881948,70.0,2.0,1000727.0,1.0,1664322.0,72539.0,3
2025-12-17 16:57:16.333676,24.88836988192856,1.7645205406408824,1.6357731460930909,687.1928633423412,71.0,2.0,1153977.0,1.0,2098572.0,84845.0,4
2025-12-17 16:57:16.432806,24.88873615718313,1.7754583154739585,1.60954633120252,657.2049047090478,60.0,1.0,772711.0,1.0,2077371.0,76809.0,5
2025-12-17 16:57:16.935254,24.890947307541925,1.8306319817799404,1.5001519022840282,660.7783819255465,67.0,2.0,450068.0,1.0,1524641.0,72123.0,0
2025-12-17 16:57:17.034901,24.89112438982696,1.8420245254852836,1.4797965540753826,699.4090812618588,85.0,2.0,716537.0,1.0,1683585.0,69629.0,1
2025-12-17 16:57:17.134033,24.89179722089025,1.8534877780761467,1.461254570073419,706.1031495630428,76.0,2.0,694100.0,1.0,1371853.0,66160.0,2
2025-12-17 16:57:17.232996,24.89337665425286,1.8638930337267137,1.434780753315296,697.448406248447,72.0,2.0,985934.0,1.0,1665449.0,72368.0,3
2025-12-17 16:57:17.333089,24.895683191570065,1.874863126449669,1.4117757962547437,665.3812522873491,59.0,1.0,1126577.0,1.0,2061961.0,86674.0,4
2025-12-17 16:57:17.433923,24.89775107400741,1.886519347059084,1.3899721986479112,688.3857464004395,77.0,2.0,783773.0,1.0,2076668.0,74505.0,5
2025-12-17 16:57:17.934823,24.90207401813452,1.9388879692664116,1.293453435832397,640.9660770736277,57.0,1.0,456666.0,1.0,1523094.0,73578.0,0
2025-12-17 16:57:18.034636,24.90367786703443,1.9494074515171829,1.2721795319901148,701.6431383537641,86.0,2.0,714600.0,1.0,1700191.0,69511.0,1
2025-12-17 16:57:18.133930,24.906983422853457,1.9603020240040008,1.2467001038482937,704.3352969481914,75.0,2.0,694100.0,1.0,1345642.0,66294.0,2
2025-12-17 16:57:18.233220,24.910557177209945,1.9722280494462407,1.2293055316022332,694.6679322755474,70.0,2.0,989277.0,1.0,1667706.0,72588.0,3
2025-12-17 16:57:18.334804,24.91458642449488,1.98184776862166,1.2051522871799172,687.5700751584229,71.0,2.0,1155931.0,1.0,2102126.0,84845.0,4
2025-12-17 16:57:18.435212,24.91915509181761,1.9915229777393704,1.1758056755554944,681.5666191618969,73.0,2.0,768798.0,1.0,2056386.0,75036.0,5
2025-12-17 16:57:18.933823,24.926857013185156,2.053950897425695,1.0752408527660835,669.1536653771196,71.0,2.0,452818.0,1.0,1490962.0,71612.0,0
2025-12-17 16:57:19.036033,24.918069524699952,2.0721324123297515,1.0662271693155825,702.8775845516694,86.0,2.0,748261.0,1.0,1718123.0,69464.0,1
2025-12-17 16:57:19.133621,24.923669825783616,2.0813226964105054,1.0395244158037602,718.5673965060524,83.0,2.0,711463.0,1.0,1344731.0,65425.0,2
2025-12-17 16:57:19.233621,24.92965525186157,2.089729870183825,1.0174262859746128,711.8874971500529,79.0,2.0,976966.0,1.0,1651976.0,71419.0,3
2025-12-17 16:57:19.334299,24.93580076571836,2.098561820499814,0.9960169358094764,662.7584795603975,58.0,1.0,1157497.0,1.0,2127895.0,86909.0,4
2025-12-17 16:57:19.433085,24.941722878909133,2.1085191931742515,0.9789624682534142,681.7468748573992,73.0,2.0,779277.0,1.0,2069652.0,75036.0,5
2025-12-17 16:57:19.933919,24.95862862986491,2.174472810399624,0.8724568809061695,658.3414594831947,66.0,2.0,447637.0,1.0,1527741.0,72368.0,0
2025-12-17 16:57:20.035118,24.964617757080106,2.18354537705517,0.8478510498514947,706.1114894661381,88.0,2.0,726304.0,1.0,1688721.0,69229.0,1
2025-12-17 16:57:20.134351,24.9722514385517,2.1916895272749133,0.8257430203431019,724.799737289893,86.0,2.0,687321.0,1.0,1356157.0,65049.0,2
2025-12-17 16:57:20.233496,24.979255808233,2.201010172317261,0.8059684228154941,713.1069465797278,80.0,2.0,985267.0,1.0,1663196.0,71370.0,3
2025-12-17 16:57:20.337698,24.987350578037564,2.209538984693939,0.7844273843388824,690.9476198647881,72.0,2.0,1153586.0,1.0,2144524.0,84645.0,4
2025-12-17 16:57:20.434754,24.99547610155115,2.2174196108840256,0.7546291150965581,672.927816262025,68.0,2.0,760259.0,1.0,2059171.0,75700.0,5
2025-12-17 16:57:20.934051,25.016262597199077,2.229469095179798,0.6554800997695746,639.5292603492088,56.0,1.0,453278.0,1.0,1534997.0,73727.0,0
2025-12-17 16:57:21.033375,25.024954454280937,2.2364584369539853,0.6341041992324135,712.3452005299641,92.0,2.0,734959.0,1.0,1677896.0,68855.0,1
2025-12-17 16:57:21.134203,25.034048554715312,2.244050268884209,0.6101549232932062,719.0318742273331,83.0,2.0,706663.0,1.0,1363060.0,65403.0,2
2025-12-17 16:57:21.233567,25.04361632607648,2.2498663566096195,0.5842079446318837,706.3264390268681,76.0,2.0,991623.0,1.0,1672793.0,71879.0,3
2025-12-17 16:57:21.334531,25.052844683330136,2.255494184702121,0.5553862903606461,698.1355224808427,77.0,2.0,1172083.0,1.0,2097861.0,84017.0,4
2025-12-17 16:57:21.433515,25.06198705346594,2.260762498163283,0.5361328382895245,673.1082323657732,68.0,2.0,799311.0,1.0,2059171.0,75725.0,5
2025-12-17 16:57:21.934038,25.097992339212844,2.2694226546583547,0.4216099127281933,646.7170339876914,59.0,1.0,450678.0,1.0,1524126.0,73230.0,0
2025-12-17 16:57:22.034412,25.10828520295433,2.2734672478316056,0.3947029016636456,705.5795624449813,88.0,2.0,722871.0,1.0,1710580.0,69323.0,1
2025-12-17 16:57:22.135097,25.11861097141974,2.2769999721565037,0.369747561320948,724.2642530872665,86.0,2.0,697161.0,1.0,1367218.0,65093.0,2
2025-12-17 16:57:22.233890,25.128789147826684,2.2808884311176656,0.3447721225460422,704.5459867821783,75.0,2.0,983601.0,1.0,1650299.0,71977.0,3
2025-12-17 16:57:22.333605,25.139789849558632,2.285230555135924,0.3297578363625841,674.3238475244882,64.0,1.0,1128485.0,1.0,2095023.0,86002.0,4
2025-12-17 16:57:22.433607,25.150446443814484,2.2884781362063635,0.3055100818486453,687.2888889012504,76.0,2.0,776118.0,1.0,2031482.0,74732.0,5
2025-12-17 16:57:22.933025,25.20088490741471,2.2803713387237368,0.1726590340787425,703.7899449418713,87.0,2.0,721160.0,1.0,1687578.0,69440.0,1
2025-12-17 16:57:23.033555,25.211598617812044,2.281595137849624,0.1553390727756894,701.721494748855,73.0,2.0,997008.0,1.0,1658699.0,72221.0,3
2025-12-17 16:57:23.134811,25.223392976433303,2.28407854167037,0.1353138875396006,704.4748745304146,80.0,2.0,1144641.0,1.0,2102837.0,83591.0,4
2025-12-17 16:57:23.235015,25.235338654810278,2.2863994973351174,0.1141128438979443,672.433655175537,68.0,2.0,766460.0,1.0,2072456.0,75828.0,5
2025-12-17 16:57:23.935658,25.291431805273756,2.271283580081328,-0.0377019348710318,661.0928903440832,67.0,2.0,453739.0,1.0,1530846.0,72196.0,0
2025-12-17 16:57:24.033522,25.30209259386816,2.27053870294478,-0.0638246756131464,706.047592345904,88.0,2.0,727780.0,1.0,1694446.0,69323.0,1
2025-12-17 16:57:24.134077,25.31290034830984,2.2696777526501704,-0.088538221267099,721.7283588701265,84.0,2.0,706424.0,1.0,1347921.0,65292.0,2
2025-12-17 16:57:24.233589,25.324234157916745,2.268384059576082,-0.1097181360751309,726.9848744482078,87.0,2.0,980610.0,1.0,1636395.0,70506.0,3
2025-12-17 16:57:24.333357,25.33555822730309,2.2682040659628644,-0.1323787621800803,686.7007999651281,70.0,2.0,1142706.0,1.0,2088651.0,85076.0,4
2025-12-17 16:57:24.935942,25.40429035147714,2.247141843929855,-0.2589059951724115,658.2807197520614,65.0,2.0,446729.0,1.0,1506178.0,72441.0,0
2025-12-17 16:57:25.033496,25.41545813991561,2.244745206991701,-0.2817677242960466,707.2817053922823,88.0,2.0,739951.0,1.0,1691009.0,69253.0,1
2025-12-17 16:57:25.133689,25.42626407916634,2.2420402074396173,-0.3000338577603703,720.960440086455,84.0,2.0,697633.0,1.0,1342003.0,65336.0,2
2025-12-17 16:57:25.233566,25.43678638121537,2.2382306699411743,-0.3284758377023875,717.2043462645229,82.0,2.0,987939.0,1.0,1640831.0,71153.0,3
2025-12-17 16:57:25.333893,25.44697783762641,2.233858375660026,-0.3522466629533747,723.8894005951804,90.0,2.0,1136919.0,1.0,2103549.0,82077.0,4
2025-12-17 16:57:25.434293,25.456364006445824,2.2229121498720588,-0.3763560758515699,684.8309325700479,74.0,2.0,779277.0,1.0,2069652.0,74910.0,5
2025-12-17 16:57:25.934069,25.506960071206024,2.196558798111949,-0.4847518032927093,652.4681441270359,62.0,1.0,448699.0,1.0,1521034.0,72834.0,0
2025-12-17 16:57:26.035338,25.51680397617949,2.1909534234923758,-0.5055219828193285,705.5162557732019,87.0,2.0,727534.0,1.0,1693873.0,69393.0,1
2025-12-17 16:57:26.135048,25.526283799447526,2.184988739745757,-0.5339896734753357,726.1929269060424,87.0,2.0,692223.0,1.0,1360295.0,65027.0,2
2025-12-17 16:57:26.234754,25.534909505731843,2.1783649481537624,-0.5551300121973184,715.4240838673206,80.0,2.0,981606.0,1.0,1644723.0,71346.0,3
2025-12-17 16:57:26.333890,25.544064741900645,2.1684262224619784,-0.5710610820074055,658.993435697106,61.0,1.0,759231.0,1.0,2061961.0,76835.0,5
2025-12-17 16:57:26.934912,25.59756748087429,2.125788578836502,-0.7013969769629618,671.6560785018424,72.0,2.0,450220.0,1.0,1506178.0,71564.0,0
2025-12-17 16:57:27.034168,25.60680371072528,2.118437665058836,-0.7242912272751257,719.7501009872915,95.0,2.0,719210.0,1.0,1710001.0,68483.0,1
2025-12-17 16:57:27.133610,25.61596355962823,2.110947844987619,-0.7419361483176583,727.4247643425072,87.0,2.0,699998.0,1.0,1351575.0,65005.0,2
2025-12-17 16:57:27.233534,25.62749958442941,2.1015726524229543,-0.7668099097229825,697.2474821529385,75.0,2.0,1161422.0,1.0,2082299.0,84245.0,4
2025-12-17 16:57:27.333690,25.637424241619897,2.091732161377244,-0.7886107404706514,691.1740394857276,77.0,2.0,771143.0,1.0,2066152.0,74530.0,5
2025-12-17 16:57:27.934173,25.680837694392903,2.041587393421047,-0.9229727745219994,654.8437158148912,63.0,1.0,444317.0,1.0,1523094.0,72736.0,0
2025-12-17 16:57:28.033812,25.68799356182528,2.032819007862763,-0.9432290711497884,707.9841367743558,88.0,2.0,713150.0,1.0,1701918.0,69253.0,1
2025-12-17 16:57:28.133593,25.697038259678028,2.015584497107544,-0.97145156787389,731.6569316943874,89.0,2.0,697633.0,1.0,1359834.0,64742.0,2
2025-12-17 16:57:28.234390,25.705739082798903,1.998806696635384,-0.9943013539691063,714.8629577063078,80.0,2.0,1003780.0,1.0,1638057.0,71394.0,3
2025-12-17 16:57:28.333994,25.712431864099575,1.9892100221036413,-1.0145395003494706,715.4549184164484,85.0,2.0,1138845.0,1.0,2054299.0,82803.0,4
2025-12-17 16:57:28.433995,25.71983450331671,1.979246368330628,-1.036660961927799,698.3727984891675,81.0,2.0,774544.0,1.0,2051519.0,74052.0,5
2025-12-17 16:57:28.934528,25.74612181857145,1.930258833150282,-1.1507856721335112,658.031558554971,65.0,2.0,452053.0,1.0,1535516.0,72515.0,0
2025-12-17 16:57:29.033004,25.75342370202948,1.9196228335413,-1.166772094933454,700.2180667395717,84.0,2.0,723360.0,1.0,1696168.0,69770.0,1
2025-12-17 16:57:29.133897,25.762181803878512,1.9083098670698908,-1.178381966402518,724.8891735732545,85.0,2.0,703561.0,1.0,1344276.0,65182.0,2
2025-12-17 16:57:29.233166,25.76514476899622,1.8983973412179755,-1.20491474237572,698.0821659309089,71.0,2.0,992295.0,1.0,1666577.0,72539.0,3
2025-12-17 16:57:29.333560,25.767911449628397,1.88756645738678,-1.2324117495112592,708.6433362018943,81.0,2.0,1156714.0,1.0,2117120.0,83394.0,4
2025-12-17 16:57:29.433428,25.770773165590622,1.876876916406816,-1.2541204111196953,697.5533359829396,81.0,2.0,762837.0,1.0,2057082.0,74128.0,5
2025-12-17 16:57:29.933465,25.790469250793063,1.8161828658759545,-1.3611976367662058,677.2191350285699,75.0,2.0,443415.0,1.0,1510772.0,71226.0,0
2025-12-17 16:57:30.033504,25.799201976838063,1.7974145204945975,-1.380677354483993,732.4523029326141,102.0,2.0,725812.0,1.0,1680738.0,67700.0,1
2025-12-17 16:57:30.133630,25.800792667212185,1.7863269095597252,-1.4081666485996511,732.1212828823102,89.0,2.0,702371.0,1.0,1367681.0,64720.0,2
2025-12-17 16:57:30.234499,25.80286553578432,1.7743303800181254,-1.4339010890935728,725.3019353578519,85.0,2.0,970703.0,1.0,1634181.0,70721.0,3
2025-12-17 16:57:30.334489,25.80473970027389,1.7632623776378298,-1.451805227658076,684.8320109122869,69.0,2.0,1153586.0,1.0,2086532.0,85277.0,4
2025-12-17 16:57:30.433184,25.806234281965335,1.7517551048189914,-1.4755402578795092,690.733931823405,77.0,2.0,782713.0,1.0,2079482.0,74581.0,5
2025-12-17 16:57:30.934002,25.810169880716103,1.692197899078701,-1.5463438329224897,673.4070119438961,73.0,2.0,442666.0,1.0,1524641.0,71467.0,0
2025-12-17 16:57:31.035053,25.81500629152686,1.669922298714648,-1.5507809409460425,706.6867847166276,87.0,2.0,728273.0,1.0,1703647.0,69417.0,1
2025-12-17 16:57:31.134018,25.8157547230012,1.6578112607299975,-1.5493874675177883,736.3535442635665,91.0,2.0,697397.0,1.0,1342457.0,64523.0,2
2025-12-17 16:57:31.234243,25.816376854457644,1.6461986953006134,-1.5528226310776077,711.5213560360576,78.0,2.0,988942.0,1.0,1639721.0,71661.0,3
2025-12-17 16:57:31.334031,25.816322749711567,1.6351571644956142,-1.553555052245798,713.0204241737425,84.0,2.0,1133078.0,1.0,2125017.0,83056.0,4
2025-12-17 16:57:31.433443,25.81633388038955,1.6236796419117456,-1.5545503006170245,684.9146185257483,74.0,2.0,756665.0,1.0,2044588.0,75036.0,5
2025-12-17 16:57:31.934489,25.81791470197984,1.5659838564528994,-1.558717931070588,669.5948794704184,70.0,2.0,452359.0,1.0,1525158.0,71782.0,0
2025-12-17 16:57:32.034122,25.81808180882177,1.5547289830854567,-1.5614119041176622,727.5625225782946,87.0,2.0,698342.0,1.0,1337469.0,65027.0,2
2025-12-17 16:57:32.133637,25.817812345920103,1.543302862724614,-1.5614195322884294,712.7187522109325,78.0,2.0,984267.0,1.0,1652535.0,71612.0,3
2025-12-17 16:57:32.233605,25.818192780283603,1.5320396769630058,-1.5628985112253675,703.1899935077581,78.0,2.0,1161815.0,1.0,2063357.0,83818.0,4
2025-12-17 16:57:32.333617,25.818256780883488,1.5203723409284953,-1.5597213955328275,693.0772258820382,78.0,2.0,772188.0,1.0,2054299.0,74455.0,5
2025-12-17 16:57:32.933613,25.817886610242702,1.4513195466089628,-1.5636723509273465,667.7824910581443,70.0,2.0,449916.0,1.0,1518462.0,71879.0,0
2025-12-17 16:57:33.034675,25.817648810743677,1.439683423779873,-1.5604687759080047,704.1549344865467,86.0,2.0,739700.0,1.0,1697891.0,69581.0,1
2025-12-17 16:57:33.133929,25.817207972554897,1.4279420700874716,-1.558499405028204,722.8178661979056,83.0,2.0,693396.0,1.0,1367218.0,65403.0,2
2025-12-17 16:57:33.233803,25.81758019849884,1.4165437641867835,-1.5607162409944553,714.9602131948031,79.0,2.0,978620.0,1.0,1654214.0,71491.0,3
2025-12-17 16:57:33.333891,25.81736048233336,1.4051623839465042,-1.5599601877058984,713.3973969723387,84.0,2.0,1115952.0,1.0,2061263.0,83027.0,4
2025-12-17 16:57:33.433938,25.81772236170923,1.39346799170655,-1.5611903496832986,672.2759877757168,67.0,2.0,767758.0,1.0,2062659.0,75982.0,5
2025-12-17 16:57:33.934180,25.819629393202057,1.3343964002484534,-1.5616806867521211,662.9703736067529,67.0,2.0,454353.0,1.0,1538117.0,72245.0,0
2025-12-17 16:57:34.034636,25.81945844475422,1.3224825888127054,-1.5577690169785925,715.3890444893763,91.0,2.0,727288.0,1.0,1678464.0,68902.0,1
2025-12-17 16:57:34.134907,25.81834664248827,1.3064429862034377,-1.5474737786844532,720.0502645602282,82.0,2.0,697397.0,1.0,1339734.0,65536.0,2
2025-12-17 16:57:34.233423,25.818615888832184,1.2944892253437383,-1.547069743210693,719.1796066578776,81.0,2.0,987270.0,1.0,1653654.0,71226.0,3
2025-12-17 16:57:34.333133,25.819136760570014,1.2831178689000988,-1.5443681068678463,721.585753683916,88.0,2.0,1145029.0,1.0,2082299.0,82411.0,4
2025-12-17 16:57:34.435135,25.819860224186712,1.2715444923489654,-1.5450877478050795,685.4568439183018,73.0,2.0,764905.0,1.0,2092897.0,75087.0,5
2025-12-17 16:57:34.933967,25.822149312749623,1.2142062094432202,-1.5457867322378844,661.1581096900195,66.0,2.0,456511.0,1.0,1507197.0,72417.0,0
2025-12-17 16:57:35.033437,25.822979384708223,1.2022694894399644,-1.5430676271426784,692.622882914011,78.0,2.0,727042.0,1.0,1697316.0,70434.0,1
2025-12-17 16:57:35.135274,25.82375979852644,1.191066535802014,-1.5430622703087942,717.2825210658873,80.0,2.0,708339.0,1.0,1365368.0,65735.0,2
2025-12-17 16:57:35.234803,25.8238048163908,1.1793604594960865,-1.5425610210122904,706.3993864002332,74.0,2.0,980610.0,1.0,1669965.0,72123.0,3
2025-12-17 16:57:35.335566,25.824556783041963,1.1681557818633963,-1.5428025240493035,719.7747118976985,87.0,2.0,1148522.0,1.0,2087238.0,82607.0,4
2025-12-17 16:57:35.433731,25.82460628992672,1.156484243040123,-1.541306897378781,687.6372302164639,75.0,2.0,782183.0,1.0,2079482.0,74884.0,5
2025-12-17 16:57:35.934426,25.82473091085737,1.098973378639167,-1.542537127799737,660.3459719588116,65.0,2.0,451136.0,1.0,1563309.0,72490.0,0
2025-12-17 16:57:36.034613,25.825396570009204,1.0869374694368563,-1.5442431577990725,725.8572773715877,97.0,2.0,717994.0,1.0,1693873.0,68229.0,1
2025-12-17 16:57:36.134137,25.826079570855,1.0752321243970886,-1.544235004707445,720.5144283859129,82.0,2.0,702609.0,1.0,1361216.0,65580.0,2
2025-12-17 16:57:36.234719,25.826069756970217,1.0632201808638,-1.5429881430653385,712.6188448284595,77.0,2.0,994649.0,1.0,1672227.0,71709.0,3
2025-12-17 16:57:36.333787,25.82690539827538,1.051486384127989,-1.5462085175964495,709.9628761511899,81.0,2.0,1135381.0,1.0,2088651.0,83394.0,4
2025-12-17 16:57:36.434736,25.82695793091202,1.0398170075645683,-1.546452833901379,672.818051676185,67.0,2.0,758717.0,1.0,2059171.0,76033.0,5
2025-12-17 16:57:36.933844,25.828396594317688,0.983127137283998,-1.5464760312330246,655.5336387527047,63.0,1.0,461326.0,1.0,1515894.0,72810.0,0
2025-12-17 16:57:37.034745,25.82910193986648,0.9716454460811624,-1.5477426637475638,701.0914274087891,83.0,2.0,734213.0,1.0,1688150.0,69865.0,1
2025-12-17 16:57:37.133557,25.82879797006506,0.959009899366628,-1.5454893140700938,717.7464650253519,80.0,2.0,701896.0,1.0,1354781.0,65780.0,2
2025-12-17 16:57:37.235355,25.82688973803279,0.939982796293732,-1.5400504880601469,690.8384612800281,66.0,2.0,994312.0,1.0,1689864.0,73255.0,3
2025-12-17 16:57:37.335555,25.82651194766678,0.9271737207870774,-1.5374024481000133,710.1517090127423,81.0,2.0,1157889.0,1.0,2054299.0,83365.0,4
2025-12-17 16:57:37.433514,25.826807312057795,0.915650960279582,-1.5369218470339878,680.9984708508117,71.0,2.0,774282.0,1.0,2066852.0,75418.0,5
2025-12-17 16:57:37.933988,25.827545987857725,0.8586363401929671,-1.5396581990549842,670.7214418720316,70.0,2.0,450830.0,1.0,1529810.0,71806.0,0
2025-12-17 16:57:38.033775,25.82827148594069,0.8473380327243158,-1.5391443129865847,705.3253194467053,85.0,2.0,721404.0,1.0,1723948.0,69629.0,1
2025-12-17 16:57:38.134155,25.828242662249103,0.8354863751570099,-1.5354307045774649,688.978775162581,65.0,2.0,712668.0,1.0,1356616.0,67631.0,2
2025-12-17 16:57:38.233887,25.82956080665965,0.8233586277034728,-1.5376573063758388,686.0576159522743,63.0,1.0,995322.0,1.0,1668270.0,73578.0,3
2025-12-17 16:57:38.337813,25.829755520858782,0.8117265817426862,-1.537659666238242,697.3406342390958,74.0,2.0,1136150.0,1.0,2060566.0,84416.0,4
2025-12-17 16:57:38.433217,25.830299693992156,0.7998588740593353,-1.535917162304754,684.1790571173614,72.0,2.0,786165.0,1.0,2080186.0,75240.0,5
2025-12-17 16:57:38.934709,25.832329997623766,0.7426781872798678,-1.5393401397678048,636.9093533381565,53.0,1.0,459768.0,1.0,1532401.0,74178.0,0
2025-12-17 16:57:39.033452,25.832436241461377,0.7314629301621098,-1.5385838126429443,704.559362959701,85.0,2.0,740201.0,1.0,1707688.0,69676.0,1
2025-12-17 16:57:39.134150,25.83251232678886,0.7189970274997575,-1.5383447298442194,711.2109453005169,76.0,2.0,707620.0,1.0,1373247.0,66249.0,2
2025-12-17 16:57:39.234648,25.83324204379337,0.7079216035441465,-1.5408259204272978,689.277259838451,65.0,2.0,1008206.0,1.0,1691009.0,73354.0,3
2025-12-17 16:57:39.333413,25.833465201820683,0.6962939825975814,-1.5386053068844452,700.5283044351507,76.0,2.0,1142319.0,1.0,2103549.0,84159.0,4
2025-12-17 16:57:39.434185,25.834317644582605,0.6847788097646894,-1.5391086260936404,683.3598718934056,72.0,2.0,757178.0,1.0,2082299.0,75265.0,5
2025-12-17 16:57:39.933693,25.8360049511039,0.625958685818294,-1.5400961821445196,642.0969386372312,56.0,1.0,463047.0,1.0,1511284.0,73827.0,0
2025-12-17 16:57:40.033500,25.835938543369192,0.614522354127651,-1.5388857052722515,692.7934933308951,78.0,2.0,747249.0,1.0,1707110.0,70506.0,1
2025-12-17 16:57:40.134184,25.839106595443475,0.6082863427662959,-1.5341810538627882,704.4431244931334,73.0,2.0,704037.0,1.0,1371389.0,66677.0,2
2025-12-17 16:57:40.235104,25.85166076663233,0.6181781869809051,-1.4962064005740965,694.496836784184,67.0,2.0,986936.0,1.0,1674493.0,73057.0,3
2025-12-17 16:57:40.334171,25.852880850851136,0.6058246802431364,-1.4956983788377756,681.7169469121129,66.0,2.0,1135381.0,1.0,2095023.0,85740.0,4
2025-12-17 16:57:40.434448,25.854253176040583,0.5938411511916477,-1.4981914855996372,680.5405593183085,71.0,2.0,778750.0,1.0,2092897.0,75495.0,5
2025-12-17 16:57:40.933949,25.858444313067498,0.535886038207666,-1.4991752385757928,650.2847627874792,59.0,1.0,462734.0,1.0,1536556.0,73280.0,0
2025-12-17 16:57:41.034729,25.8592605720366,0.5244614131330345,-1.5001451132363632,696.0279001967859,80.0,2.0,713633.0,1.0,1695594.0,70292.0,1
2025-12-17 16:57:41.134811,25.86000708293283,0.5139840790818597,-1.5001590617461258,695.67544136333,68.0,2.0,701421.0,1.0,1372782.0,67266.0,2
2025-12-17 16:57:41.233702,25.860180960643586,0.5022600009128224,-1.4971930358535743,697.7160059419032,69.0,2.0,992967.0,1.0,1675626.0,72810.0,3
2025-12-17 16:57:41.332873,25.86124507627944,0.4903192253018889,-1.499150238485668,694.9052018339092,73.0,2.0,1153196.0,1.0,2103549.0,84702.0,4
2025-12-17 16:57:41.433453,25.86240000746648,0.4786052468512576,-1.501885058647661,676.7210194981965,68.0,2.0,754364.0,1.0,2071053.0,75853.0,5
2025-12-17 16:57:41.933385,25.866976876665888,0.4197277204308611,-1.4989089349214937,684.2382927607988,73.0,2.0,731484.0,1.0,1701918.0,71105.0,1
2025-12-17 16:57:42.034519,25.867413093181668,0.4084897066425696,-1.4979247164138343,694.8917667459276,67.0,2.0,997683.0,1.0,1676761.0,73032.0,3
2025-12-17 16:57:42.134069,25.86816987511471,0.3972803331289536,-1.4991584192212415,684.0562269548398,67.0,2.0,1155931.0,1.0,2060566.0,85595.0,4
2025-12-17 16:57:42.234601,25.86869030588708,0.3855166196470663,-1.4979546137537854,687.8657388061047,74.0,2.0,762320.0,1.0,2085120.0,75036.0,5
2025-12-17 16:57:42.934505,25.87498036366643,0.3037606163175299,-1.4982034875203614,647.6604193501224,58.0,1.0,458835.0,1.0,1559082.0,73503.0,0
2025-12-17 16:57:43.034867,25.87594367721219,0.2923568059566461,-1.500417736411446,666.4961707721778,64.0,1.0,731484.0,1.0,1721616.0,72368.0,1
2025-12-17 16:57:43.133930,25.88334776634074,0.2929006337855182,-1.4962070472369582,712.1395794180006,76.0,2.0,704037.0,1.0,1354323.0,66249.0,2
2025-12-17 16:57:43.234432,25.894583699679437,0.3010504196795738,-1.4887293302420923,696.15511988858,68.0,2.0,1010255.0,1.0,1669400.0,73007.0,3
2025-12-17 16:57:43.333813,25.89542288769503,0.2901903969861084,-1.4879768201771744,726.2823782120672,90.0,2.0,1140774.0,1.0,2081594.0,82216.0,4
2025-12-17 16:57:43.435025,25.895895254167037,0.2788290186357316,-1.4884850100873952,690.0825832973552,75.0,2.0,786431.0,1.0,2052214.0,74884.0,5
2025-12-17 16:57:43.933707,25.90021191582044,0.2215592846714029,-1.485498558212217,665.8480455843825,67.0,2.0,456511.0,1.0,1525158.0,72221.0,0
2025-12-17 16:57:44.034099,25.90113463461149,0.2097820825132577,-1.4854973507306304,693.7301101021591,78.0,2.0,742962.0,1.0,1699040.0,70530.0,1
2025-12-17 16:57:44.135380,25.902087495953957,0.1980575614273325,-1.4847358359783074,710.3720873651762,76.0,2.0,704514.0,1.0,1367218.0,66339.0,2
2025-12-17 16:57:44.234845,25.90316332097068,0.1862217905242351,-1.4844956409041647,705.3746873968078,73.0,2.0,1030283.0,1.0,1710001.0,72343.0,3
2025-12-17 16:57:44.333582,25.903741659526037,0.1754976739271105,-1.485209995126098,712.4708342629306,82.0,2.0,1150467.0,1.0,2090066.0,83365.0,4
2025-12-17 16:57:44.433478,25.90494269534721,0.1637986609105715,-1.4857175222323131,674.262943764009,67.0,2.0,767758.0,1.0,2083004.0,76085.0,5
2025-12-17 16:57:44.935848,25.91136487471521,0.1059108864100113,-1.4832159209726548,653.0362236925403,61.0,1.0,458059.0,1.0,1520004.0,73131.0,0
2025-12-17 16:57:45.033461,25.912524725628675,0.0947460070096246,-1.484221512608037,683.9640798676277,73.0,2.0,740702.0,1.0,1730378.0,71201.0,1
2025-12-17 16:57:45.134300,25.91315677543044,0.0831080598872016,-1.4856965878663355,697.6040079189659,69.0,2.0,712185.0,1.0,1365368.0,67175.0,2
2025-12-17 16:57:45.235366,25.914723757172617,0.072009739513053,-1.4859437227469436,689.594278608537,64.0,1.0,979946.0,1.0,1669965.0,73503.0,3
2025-12-17 16:57:45.333623,25.91556472934179,0.060493713300171,-1.4842252185469345,689.6593415856837,70.0,2.0,1143867.0,1.0,2052214.0,85162.0,4
2025-12-17 16:57:45.433480,25.916761252224656,0.048923274365213,-1.4842323240372488,685.4435840418938,72.0,2.0,789364.0,1.0,2080890.0,75291.0,5
2025-12-17 16:57:45.933756,25.922065091043624,-0.0084317961611297,-1.48694573017169,658.2236069445534,63.0,1.0,461639.0,1.0,1512819.0,72810.0,0
2025-12-17 16:57:46.033871,25.92254136066189,-0.0196663189501133,-1.4839938535809292,706.1982949899482,85.0,2.0,720916.0,1.0,1708844.0,69747.0,1
2025-12-17 16:57:46.134620,25.92539301643086,-0.0279790665257895,-1.4824924595969822,692.8362535125739,66.0,2.0,707860.0,1.0,1355240.0,67517.0,2
2025-12-17 16:57:46.233104,25.929415784570235,-0.0334033984167083,-1.4794818965544745,704.8132590161529,72.0,2.0,999373.0,1.0,1696742.0,72441.0,3
2025-12-17 16:57:46.333794,25.933072967169235,-0.0401962414918104,-1.4722524346324737,705.847873413384,78.0,2.0,1129250.0,1.0,2099993.0,83875.0,4
2025-12-17 16:57:46.434550,25.937728185618287,-0.0468376651460022,-1.469777203787096,671.6244172432095,65.0,2.0,760002.0,1.0,2092897.0,76291.0,5
2025-12-17 16:57:46.934451,25.946020144236545,-0.1041036642349761,-1.4642808737102524,653.4115135285002,61.0,1.0,453432.0,1.0,1537076.0,73131.0,0
2025-12-17 16:57:47.033142,25.946869215010867,-0.115586125779274,-1.4632917617297472,701.4322434505757,82.0,2.0,750544.0,1.0,1687007.0,70030.0,1
2025-12-17 16:57:47.133650,25.948879339957497,-0.1270414097908809,-1.4622910908190625,695.0681996052064,67.0,2.0,710500.0,1.0,1371389.0,67403.0,2
2025-12-17 16:57:47.233927,25.94967073589304,-0.1382671609411332,-1.4630436082747054,692.0329165098951,65.0,2.0,992631.0,1.0,1701342.0,73329.0,3
2025-12-17 16:57:47.335979,25.951181605125885,-0.1501523811266611,-1.4657659450562184,715.0367848792671,83.0,2.0,1157497.0,1.0,2085120.0,83168.0,4
2025-12-17 16:57:47.933956,25.959176204551103,-0.2185292573866069,-1.4684896409830916,666.5991966589123,67.0,2.0,461639.0,1.0,1537076.0,72245.0,0
2025-12-17 16:57:48.034043,25.96035548707208,-0.2300114425170401,-1.4694873236979236,692.6665735253907,77.0,2.0,745228.0,1.0,1733309.0,70697.0,1
2025-12-17 16:57:48.133882,25.96153132511032,-0.2410157861915061,-1.4657923307514071,705.3004247677401,72.0,2.0,717994.0,1.0,1386792.0,66744.0,2
2025-12-17 16:57:48.233947,25.96210430140283,-0.2523756410636908,-1.466538118558662,710.2523977637153,75.0,2.0,1014023.0,1.0,1669400.0,72074.0,3
2025-12-17 16:57:48.333988,25.963381778764,-0.2636600709014498,-1.467032941570901,698.2249091708446,73.0,2.0,1134613.0,1.0,2084414.0,84587.0,4
2025-12-17 16:57:48.435541,25.9642080322374,-0.274891845409229,-1.466751863244344,677.9858760905767,69.0,2.0,766200.0,1.0,2066852.0,75828.0,5
2025-12-17 16:57:48.934040,25.969362949831112,-0.3324589106610065,-1.4650071382949046,649.7869885116745,58.0,1.0,455894.0,1.0,1551187.0,73453.0,0
2025-12-17 16:57:49.033953,25.97129601808116,-0.3444226118030835,-1.4659728228969402,676.9006715881444,68.0,2.0,740201.0,1.0,1716379.0,71806.0,1
2025-12-17 16:57:49.134710,25.97278847423952,-0.355742532797425,-1.4555298162689978,715.5327883043678,78.0,2.0,699524.0,1.0,1390552.0,66115.0,2
2025-12-17 16:57:49.234443,25.973978761788945,-0.3666443832442003,-1.4345419846062857,717.4719834885229,79.0,2.0,996670.0,1.0,1699615.0,71588.0,3
2025-12-17 16:57:49.333534,25.97487929592037,-0.377195828322912,-1.4135998949899773,705.4133231862986,78.0,2.0,1150857.0,1.0,2099993.0,83960.0,4
2025-12-17 16:57:49.434880,25.97788074857507,-0.3878177086473986,-1.3923475726395018,676.1663966041967,67.0,2.0,778486.0,1.0,2032170.0,76008.0,5
2025-12-17 16:57:49.933918,26.031758733046,-0.4449394240842377,-1.228762930999614,642.9747416825644,55.0,1.0,458990.0,1.0,1539680.0,73977.0,0
2025-12-17 16:57:50.034807,26.035261201599013,-0.4555315923883247,-1.2083036544718373,659.1349906593601,59.0,1.0,735208.0,1.0,1720451.0,73007.0,1
2025-12-17 16:57:50.134081,26.04003908215392,-0.465331263773066,-1.185355076074958,708.7648135674133,74.0,2.0,708339.0,1.0,1376970.0,66609.0,2
2025-12-17 16:57:50.234339,26.044772212403128,-0.4756296326367746,-1.1617584528413285,688.5831245633146,68.0,2.0,1148911.0,1.0,2064056.0,85393.0,4
2025-12-17 16:57:50.334143,26.049224913248388,-0.4855680451994351,-1.1402962675625952,700.3288393975225,80.0,2.0,769319.0,1.0,2080186.0,74304.0,5
2025-12-17 16:57:50.934006,26.08914533010655,-0.5457325538587825,-1.0107094761982094,648.1625342864309,58.0,1.0,457285.0,1.0,1525674.0,73578.0,0
2025-12-17 16:57:51.033567,26.0985393660171,-0.5539251006027559,-0.981060261540007,704.9736484002788,71.0,2.0,709779.0,1.0,1379302.0,66880.0,2
2025-12-17 16:57:51.134246,26.103246734310567,-0.5628920152251924,-0.9506184785318382,715.8889462937182,77.0,2.0,980610.0,1.0,1671661.0,71758.0,3
2025-12-17 16:57:51.234856,26.10924969061836,-0.5720482718728181,-0.9315567652564972,704.7717216118746,77.0,2.0,1150078.0,1.0,2115687.0,84074.0,4
2025-12-17 16:57:51.333933,26.117256185961715,-0.582132770011595,-0.9135492084919116,694.509441379745,77.0,2.0,784304.0,1.0,2095023.0,74707.0,5
2025-12-17 16:57:51.934257,26.168261656664185,-0.6285991318357249,-0.7735751411044903,641.3503574977984,54.0,1.0,449155.0,1.0,1551712.0,74128.0,0
2025-12-17 16:57:52.035347,26.18376128990372,-0.6299870091674338,-0.7469017907260578,677.6033553506437,69.0,2.0,747755.0,1.0,1726283.0,71758.0,1
2025-12-17 16:57:52.134483,26.19242290590935,-0.6367478709293088,-0.727578663101269,697.2292494978601,67.0,2.0,708339.0,1.0,1359374.0,67357.0,2
2025-12-17 16:57:52.234709,26.20094766951798,-0.643600327376447,-0.7038753174082087,683.1304724622175,60.0,1.0,1012651.0,1.0,1690437.0,74052.0,3
2025-12-17 16:57:52.334803,26.209256545637324,-0.6504205750281931,-0.680666805651541,695.9790611750927,72.0,2.0,1155540.0,1.0,2103549.0,84788.0,4
2025-12-17 16:57:52.433612,26.21808412053842,-0.6582612194546718,-0.6605972724097007,682.7080873025972,71.0,2.0,763353.0,1.0,2095732.0,75572.0,5
2025-12-17 16:57:52.933525,26.288024496902647,-0.6879114429053903,-0.5513620786504074,639.5379961252797,53.0,1.0,460235.0,1.0,1528258.0,74278.0,0
2025-12-17 16:57:53.033564,26.29793084716933,-0.6935190491209191,-0.5262634442307823,678.8370570497045,69.0,2.0,752070.0,1.0,1728037.0,71758.0,1
2025-12-17 16:57:53.134002,26.307738433499477,-0.699337026817068,-0.503578094878057,700.4613091222577,69.0,2.0,708339.0,1.0,1365368.0,67198.0,2
2025-12-17 16:57:53.233512,26.317464329818804,-0.7051973701688299,-0.4809626133387666,693.349686612694,65.0,2.0,1004119.0,1.0,1679033.0,73354.0,3
2025-12-17 16:57:53.336092,26.327130377009755,-0.7099886962519695,-0.4624417185888128,693.1678037453395,70.0,2.0,1143480.0,1.0,2082299.0,85076.0,4
2025-12-17 16:57:53.433887,26.336716671813715,-0.7143697709481147,-0.4392814604051235,674.8887768951791,66.0,2.0,782183.0,1.0,2080890.0,76162.0,5
2025-12-17 16:57:53.933670,26.39696493518732,-0.7179686255389646,-0.3135502633734894,636.7257994323827,51.0,1.0,462108.0,1.0,1544377.0,74480.0,0
2025-12-17 16:57:54.033249,26.41048703327244,-0.7162806872542995,-0.2901405331945923,664.0711024356532,61.0,1.0,747502.0,1.0,1739185.0,72785.0,1
2025-12-17 16:57:54.134585,26.42139526084932,-0.7197517485983722,-0.2688206671545891,704.6936157769173,71.0,2.0,713633.0,1.0,1380236.0,66903.0,2
2025-12-17 16:57:54.234789,26.43167710529987,-0.7222091635732526,-0.2460894112570855,686.5694437489326,62.0,1.0,998696.0,1.0,1699615.0,73877.0,3
2025-12-17 16:57:54.334097,26.442335475521368,-0.7254760315593618,-0.2198882385692763,680.3559272829186,64.0,1.0,1161422.0,1.0,2119988.0,86148.0,4
2025-12-17 16:57:54.434983,26.45354913528733,-0.7282368528271266,-0.1989043741124853,674.0696147931327,66.0,2.0,785101.0,1.0,2058475.0,76265.0,5
2025-12-17 16:57:54.933809,26.518389873569536,-0.70462682378886,-0.063613233204547,643.9136016128293,55.0,1.0,462890.0,1.0,1560666.0,73977.0,0
2025-12-17 16:57:55.035923,26.529986194038585,-0.7042233715648685,-0.0398018802810155,676.3058476036919,67.0,2.0,745481.0,1.0,1702494.0,71977.0,1
2025-12-17 16:57:55.134173,26.541362317005703,-0.7040142188589518,-0.0164831187520557,695.9256914211346,66.0,2.0,711704.0,1.0,1385853.0,67517.0,2
2025-12-17 16:57:55.234108,26.55281867219626,-0.7041718826004622,0.0028644380698941,693.7887711494709,65.0,2.0,1044325.0,1.0,1721616.0,73354.0,3
2025-12-17 16:57:55.335179,26.564254345073277,-0.7040336563048846,0.0199999291868764,683.5446308337492,65.0,2.0,1155540.0,1.0,2075263.0,85915.0,4
2025-12-17 16:57:55.436509,26.57490527327734,-0.7038753969467,0.0448096617349825,680.2505303662502,69.0,2.0,771143.0,1.0,2112825.0,75853.0,5
2025-12-17 16:57:55.934389,26.633624802446548,-0.6600719931156549,0.1813778195683105,654.101486602527,60.0,1.0,463988.0,1.0,1553288.0,73280.0,0
2025-12-17 16:57:56.033774,26.64465923790686,-0.6581127764289585,0.201233169294744,676.5394636151499,67.0,2.0,737201.0,1.0,1735070.0,71928.0,1
2025-12-17 16:57:56.133624,26.656701138077924,-0.6564482727292558,0.221546963741686,680.1577352578839,58.0,1.0,708100.0,1.0,1372782.0,68553.0,2
2025-12-17 16:57:56.234039,26.66749795627337,-0.6530129656931556,0.2444109522289897,707.0082328698502,72.0,2.0,1016085.0,1.0,1692154.0,72490.0,3
2025-12-17 16:57:56.336039,26.677752198413508,-0.6505673108499659,0.2692921169956933,668.73329253767,57.0,1.0,1163389.0,1.0,2130057.0,87174.0,4
2025-12-17 16:57:56.433241,26.68846172346815,-0.6481693120230325,0.2907217517310436,675.4305799516077,66.0,2.0,789898.0,1.0,2119988.0,76162.0,5
2025-12-17 16:57:56.934024,26.74553855997823,-0.6138789673091791,0.4099759575798656,653.2891941438295,59.0,1.0,455431.0,1.0,1554866.0,73379.0,0
2025-12-17 16:57:57.033551,26.754714414925097,-0.6087185776183568,0.4338887221629974,689.7735305400588,74.0,2.0,728273.0,1.0,1733309.0,71057.0,1
2025-12-17 16:57:57.133896,26.76487505639126,-0.6039700727382233,0.4569431220936674,693.3899697072695,65.0,2.0,704752.0,1.0,1398102.0,67723.0,2
2025-12-17 16:57:57.233879,26.77501036650778,-0.6005981556994766,0.4767096128758866,697.2276746178349,67.0,2.0,994649.0,1.0,1689864.0,73205.0,3
2025-12-17 16:57:57.333693,26.785935164214067,-0.5955575876363404,0.4986796014375477,682.5932375257945,70.0,2.0,774282.0,1.0,2085120.0,75725.0,5
2025-12-17 16:57:57.934415,26.83783419107001,-0.551082630258724,0.6472518016216422,643.4770436438481,55.0,1.0,463517.0,1.0,1545422.0,74027.0,0
2025-12-17 16:57:58.034789,26.84741497030932,-0.5452154316896585,0.6743842545240885,680.0079395130218,69.0,2.0,741706.0,1.0,1715799.0,71782.0,1
2025-12-17 16:57:58.134695,26.856750713665484,-0.5380513882531548,0.6962313253986084,701.6223265109296,69.0,2.0,707142.0,1.0,1376970.0,67243.0,2
2025-12-17 16:57:58.233643,26.86506605979193,-0.5302621099297204,0.7154251918174366,687.4470996855778,61.0,1.0,1009572.0,1.0,1696742.0,73927.0,3
2025-12-17 16:57:58.333771,26.872989593279165,-0.522248861947852,0.7401712323757589,692.1098642091296,70.0,2.0,1170102.0,1.0,2092189.0,85220.0,4
2025-12-17 16:57:58.434158,26.8812091744786,-0.5151188096038184,0.7647156270831604,672.792025431621,65.0,2.0,773234.0,1.0,2093606.0,76420.0,5
2025-12-17 16:57:58.933572,26.918522856309963,-0.47066313140499,0.889749364306828,664.6646614281846,65.0,2.0,459456.0,1.0,1565427.0,72588.0,0
2025-12-17 16:57:59.033438,26.924939849433112,-0.4619465743543913,0.9112926829225596,679.2417423515482,68.0,2.0,760774.0,1.0,1746854.0,71855.0,1
2025-12-17 16:57:59.133779,26.93106491138884,-0.4529625296131385,0.9350433203354906,712.8542851408123,75.0,2.0,704514.0,1.0,1389141.0,66496.0,2
2025-12-17 16:57:59.234606,26.93829580005814,-0.4440737019771625,0.9550178115339168,695.666787906081,66.0,2.0,991288.0,1.0,1696742.0,73329.0,3
2025-12-17 16:57:59.335291,26.944895479671715,-0.4354292833310893,0.9773001011703496,671.2986503227826,59.0,1.0,1157889.0,1.0,2080890.0,86968.0,4
2025-12-17 16:57:59.434138,26.950098786118247,-0.4265132677202303,1.0070697557993078,687.9726617354277,73.0,2.0,788830.0,1.0,2104974.0,75342.0,5
2025-12-17 16:57:59.936142,26.951636236789984,-0.3721510449337923,1.13930137933953,657.8529200922806,61.0,1.0,460235.0,1.0,1559610.0,73106.0,0
2025-12-17 16:58:00.033399,26.95684096135084,-0.3630386240302936,1.1606332709230998,682.4758523543778,70.0,2.0,720184.0,1.0,1703070.0,71612.0,1
2025-12-17 16:58:00.134009,26.962569446803236,-0.3524392497791018,1.1787658288086378,704.0865098390034,70.0,2.0,706902.0,1.0,1382574.0,67084.0,2
2025-12-17 16:58:00.233618,26.96598328213246,-0.3419837905370975,1.1994175070150257,704.886047927222,71.0,2.0,995322.0,1.0,1708844.0,72687.0,3
2025-12-17 16:58:00.334760,26.9693016092745,-0.3306038774912476,1.223184885927402,687.4870498237676,67.0,2.0,1158281.0,1.0,2154710.0,85711.0,4
2025-12-17 16:58:00.433518,26.973581617052496,-0.3200521486412246,1.246169968774235,680.1531896552842,68.0,2.0,766200.0,1.0,2114256.0,75931.0,5
2025-12-17 16:58:00.933729,26.979359480635672,-0.2664500315333602,1.370157018905429,652.040243068172,59.0,1.0,459146.0,1.0,1538117.0,73503.0,0
2025-12-17 16:58:01.033464,26.980342492102928,-0.2564830677569465,1.3933455568698023,663.7099867055972,60.0,1.0,761547.0,1.0,1752183.0,72958.0,1
2025-12-17 16:58:01.134302,26.98247971364343,-0.2464505833455685,1.4203216617330208,688.3187491639864,62.0,1.0,721404.0,1.0,1396684.0,68114.0,2
2025-12-17 16:58:01.234591,26.98552635779522,-0.2362550032929911,1.444299236466401,688.1057383424939,62.0,1.0,988942.0,1.0,1719868.0,73877.0,3
2025-12-17 16:58:01.334611,26.987487963866464,-0.2251083075814977,1.4643398216004402,687.6755213315978,67.0,2.0,1153977.0,1.0,2096442.0,85711.0,4
2025-12-17 16:58:01.434982,26.98794238028345,-0.2124688773088232,1.485740691176438,685.334094028727,71.0,2.0,784304.0,1.0,2121423.0,75597.0,5
2025-12-17 16:58:01.933903,26.977355395759115,-0.1609108028164128,1.6072345311935907,687.9207967040251,73.0,2.0,731237.0,1.0,1717542.0,71298.0,1
2025-12-17 16:58:02.034138,26.97725211162568,-0.149733291532232,1.6240657578072182,694.2812204109007,65.0,2.0,1010939.0,1.0,1724531.0,73503.0,3
2025-12-17 16:58:02.135463,26.97756548299717,-0.1379667596783549,1.6265116006427995,699.8264816086679,73.0,2.0,1152026.0,1.0,2135832.0,84702.0,4
2025-12-17 16:58:02.235238,26.976622685759303,-0.1261423384666908,1.6270179422345867,676.4786522058297,66.0,2.0,774282.0,1.0,2087238.0,76214.0,5
2025-12-17 16:58:02.935132,26.9719312969537,-0.0556093269418025,1.5637452408857269,651.4160586771548,58.0,1.0,457439.0,1.0,1568609.0,73603.0,0
2025-12-17 16:58:03.033520,26.97264494475474,-0.0439601662819866,1.5600480944202548,669.1782380832202,63.0,1.0,746238.0,1.0,1737420.0,72588.0,1
2025-12-17 16:58:03.133622,26.97163615363769,-0.0323158327046271,1.5590827050647285,703.7829338850879,69.0,2.0,705230.0,1.0,1393850.0,67175.0,2
2025-12-17 16:58:03.233576,26.97144906051592,-0.0198655777604588,1.5583278406855097,678.5444693020424,57.0,1.0,1006842.0,1.0,1717542.0,74606.0,3
2025-12-17 16:58:03.334640,26.970559592147552,-0.0077536783921545,1.5583113682087602,691.0525259866255,68.0,2.0,1172480.0,1.0,2137278.0,85480.0,4
2025-12-17 16:58:03.434198,26.970615777162333,0.0042283354218768,1.5568268957626867,678.6952322402423,67.0,2.0,774544.0,1.0,2114971.0,76111.0,5
2025-12-17 16:58:03.933242,26.9709978692538,0.0619967220606754,1.5563394573392928,643.6034798599359,54.0,1.0,469676.0,1.0,1559610.0,74153.0,0
2025-12-17 16:58:04.034101,26.970818598801262,0.0733629387473961,1.5585555991307734,673.4124932399126,65.0,2.0,764646.0,1.0,1733896.0,72343.0,1
2025-12-17 16:58:04.133330,26.971569239969504,0.0851244796709944,1.5587991912803834,688.0150373898609,61.0,1.0,714600.0,1.0,1378836.0,68252.0,2
2025-12-17 16:58:04.236314,26.971713801673395,0.0969215620819796,1.5578250924229236,679.7645470939798,57.0,1.0,1003440.0,1.0,1714057.0,74606.0,3
2025-12-17 16:58:04.333380,26.97161284589704,0.108046761412067,1.5605332747856744,684.2407880714063,65.0,2.0,1164965.0,1.0,2078075.0,86060.0,4
2025-12-17 16:58:04.433824,26.97222496629241,0.1199847972362042,1.558057773676972,685.8758045975184,71.0,2.0,786963.0,1.0,2109253.0,75597.0,5
2025-12-17 16:58:04.935660,26.96529428908473,0.1723506460891326,1.569683516225692,650.7917099820678,58.0,1.0,458059.0,1.0,1552237.0,73653.0,0
2025-12-17 16:58:05.033464,26.961341154083115,0.1817818157160715,1.5804367210600572,668.6464632395002,62.0,1.0,752070.0,1.0,1761101.0,72711.0,1
2025-12-17 16:58:05.133834,26.96169665669428,0.193241995828552,1.5808816919752346,685.247325702988,59.0,1.0,707620.0,1.0,1396211.0,68460.0,2
2025-12-17 16:58:05.232927,26.96158562952343,0.2047060767434652,1.5789135278660096,680.9832805901234,58.0,1.0,1021256.0,1.0,1764084.0,74505.0,3
2025-12-17 16:58:05.335693,26.961586546917776,0.216617369399664,1.5789224386869651,683.4297236652376,64.0,1.0,1179645.0,1.0,2139450.0,86089.0,4
2025-12-17 16:58:05.434389,26.96136180454186,0.2282231694388445,1.575225706592229,654.0565465756762,54.0,1.0,780333.0,1.0,2139450.0,77988.0,5
2025-12-17 16:58:05.933114,26.958759049039312,0.2863371998570123,1.5779500748313202,643.9790079837408,54.0,1.0,457594.0,1.0,1564367.0,74153.0,0
2025-12-17 16:58:06.033781,26.958627476052055,0.2975462134862972,1.57821166690396,670.8806565887413,63.0,1.0,745481.0,1.0,1787524.0,72539.0,1
2025-12-17 16:58:06.133807,26.95846876161567,0.3090565631416431,1.5737801486234655,685.4794907331552,60.0,1.0,719697.0,1.0,1399996.0,68437.0,2
2025-12-17 16:58:06.235639,26.957951919502577,0.3203033394568413,1.5777558640466818,676.2033526756622,55.0,1.0,1000727.0,1.0,1733309.0,74884.0,3
2025-12-17 16:58:06.334054,26.95806158565319,0.3321009103649879,1.5757709149308796,680.6179143086723,63.0,1.0,1161815.0,1.0,2122860.0,86381.0,4
2025-12-17 16:58:06.433635,26.957431757982658,0.3434714006066488,1.576795066436831,665.237050289784,60.0,1.0,800394.0,1.0,2131499.0,77148.0,5
2025-12-17 16:58:06.934388,26.957736520021584,0.4006073704013198,1.5735407815497957,645.1670232900376,54.0,1.0,463204.0,1.0,1551187.0,74103.0,0
2025-12-17 16:58:07.033442,26.95797911033227,0.4120166382717305,1.5754997840556255,669.1146963558308,62.0,1.0,747755.0,1.0,1745081.0,72687.0,1
2025-12-17 16:58:07.133708,26.95774939796116,0.4235259238355628,1.5735275186684008,691.711639046989,63.0,1.0,714842.0,1.0,1393850.0,68044.0,2
2025-12-17 16:58:07.233540,26.958141906856948,0.4343409111927681,1.5767538065840678,673.422368858007,53.0,1.0,1018150.0,1.0,1749221.0,75138.0,3
2025-12-17 16:58:07.333829,26.95773063927832,0.4425048084635672,1.5745105745327534,665.8063714905333,55.0,1.0,1171290.0,1.0,2145976.0,87677.0,4
2025-12-17 16:58:07.433169,26.95105601541788,0.4343685994560955,1.5782778457778088,667.4176060281877,61.0,1.0,779013.0,1.0,2132943.0,77044.0,5
2025-12-17 16:58:07.934045,26.95043418254917,0.4918768139738665,1.5815596244168035,635.3547349624139,50.0,1.0,450068.0,1.0,1577660.0,74808.0,0
2025-12-17 16:58:08.034865,26.95030853803564,0.5032357500084332,1.5805483738924502,665.3491486408335,60.0,1.0,751306.0,1.0,1746263.0,73032.0,1
2025-12-17 16:58:08.133372,26.95023613457317,0.5151030279415298,1.5797945142975922,668.943732336225,51.0,1.0,709299.0,1.0,1392436.0,69581.0,2
2025-12-17 16:58:08.233935,26.95008768651236,0.5266409898250295,1.5795576287875872,696.6419324156514,65.0,2.0,1025412.0,1.0,1744491.0,73478.0,3
2025-12-17 16:58:08.333855,26.95031579472447,0.5382173087047342,1.5803042976697006,675.9948759857924,60.0,1.0,1184847.0,1.0,2135832.0,86791.0,4
2025-12-17 16:58:08.435409,26.94986593194673,0.5491688115381939,1.585045417751982,666.5986505782058,61.0,1.0,774544.0,1.0,2132221.0,77096.0,5
2025-12-17 16:58:08.933567,26.94920441494663,0.6067479601591925,1.5806222044021552,631.5424212850194,48.0,1.0,462577.0,1.0,1571797.0,75138.0,0
2025-12-17 16:58:09.035627,26.94916584531096,0.6186801640902302,1.573455207064702,689.1532100514169,61.0,1.0,715084.0,1.0,1401419.0,68229.0,2
2025-12-17 16:58:09.135176,26.948987631199326,0.6300295476215134,1.5762076821474602,674.8397339642945,54.0,1.0,1013680.0,1.0,1713477.0,75036.0,3
2025-12-17 16:58:09.234196,26.949019355430217,0.6421858744182223,1.5746805706160418,688.1645898989967,66.0,2.0,1161422.0,1.0,2121423.0,85857.0,4
2025-12-17 16:58:09.933029,26.93560883481839,0.693885594070943,1.5939720061962128,640.7300963410601,52.0,1.0,463047.0,1.0,1591066.0,74505.0,0
2025-12-17 16:58:10.033980,26.93563648179601,0.7054166223002047,1.5924842053049764,668.817179712352,62.0,1.0,749782.0,1.0,1742131.0,72810.0,1
2025-12-17 16:58:10.134077,26.93539060997405,0.7165338538125896,1.5954583196382268,669.4082386145753,51.0,1.0,710500.0,1.0,1411892.0,69629.0,2
2025-12-17 16:58:10.234904,26.935731459129823,0.728114024133311,1.5927330811100893,678.0810988172987,55.0,1.0,1003100.0,1.0,1742720.0,74833.0,3
2025-12-17 16:58:10.334446,26.93511048534978,0.7391913733484152,1.5937528200521691,672.371986577592,58.0,1.0,1181243.0,1.0,2166410.0,87204.0,4
2025-12-17 16:58:10.433847,26.93506410435364,0.7507771057502404,1.5949685213605682,663.9596482518658,59.0,1.0,791236.0,1.0,2095023.0,77357.0,5
2025-12-17 16:58:10.933584,26.93360038450057,0.8089195046231308,1.597729632422946,646.9179766363558,55.0,1.0,449611.0,1.0,1596460.0,74027.0,0
2025-12-17 16:58:11.033722,26.93321737159536,0.8202888965939028,1.5943092487871136,672.0512384430912,63.0,1.0,754875.0,1.0,1744491.0,72638.0,1
2025-12-17 16:58:11.133928,26.933419953258003,0.8315179355625779,1.5957954988157634,698.6403753198442,66.0,2.0,726550.0,1.0,1407122.0,67700.0,2
2025-12-17 16:58:11.234881,26.933148416908416,0.8434230318716662,1.5903572723803483,693.3005706336137,63.0,1.0,998359.0,1.0,1742131.0,73777.0,3
2025-12-17 16:58:11.335743,26.932881107694097,0.8545577690597588,1.5940839439770114,664.5607306558354,54.0,1.0,1174466.0,1.0,2131499.0,87885.0,4
2025-12-17 16:58:11.433784,26.93260226369668,0.8666849023458396,1.5920848102252425,665.140276788156,60.0,1.0,790969.0,1.0,2142348.0,77253.0,5
2025-12-17 16:58:11.934390,26.931233244019683,0.9243770114198742,1.592595796093207,648.1059040634474,55.0,1.0,462734.0,1.0,1564367.0,74002.0,0
2025-12-17 16:58:12.033932,26.93055822668993,0.9357346046195888,1.5948164182004072,674.285406741585,64.0,1.0,752579.0,1.0,1760505.0,72490.0,1
2025-12-17 16:58:12.133962,26.930265285546184,0.947676549334996,1.5953067578108655,707.8725545124607,70.0,2.0,715326.0,1.0,1397629.0,67107.0,2
2025-12-17 16:58:12.233676,26.928667160171965,0.9576607339223856,1.5948484301957706,695.5197830282751,64.0,1.0,995996.0,1.0,1737420.0,73653.0,3
2025-12-17 16:58:12.334369,26.91002287271461,0.9485586679449942,1.6144093142715366,672.7489712516626,58.0,1.0,1196128.0,1.0,2164944.0,87204.0,4
2025-12-17 16:58:12.433491,26.90495222711161,0.9545930533785864,1.6148335464962895,684.3208637772653,69.0,2.0,802564.0,1.0,2146703.0,75879.0,5
2025-12-17 16:58:12.933629,26.901867408720832,1.0115528046326552,1.620065783938956,661.2935372454224,62.0,1.0,453125.0,1.0,1569140.0,73106.0,0
2025-12-17 16:58:13.033386,26.901395588916834,1.0228812975109456,1.6235497630163809,678.5193980460139,66.0,2.0,731980.0,1.0,1748037.0,72221.0,1
2025-12-17 16:58:13.134279,26.900721891579096,1.034707035304956,1.6207891333454127,691.1047994095549,62.0,1.0,705230.0,1.0,1417159.0,68206.0,2
2025-12-17 16:58:13.234825,26.900605106941896,1.0457968646191498,1.6210636658656874,695.9187068423203,70.0,2.0,1188059.0,1.0,2130057.0,85248.0,4
2025-12-17 16:58:13.334099,26.90010784219211,1.0572544767197751,1.622029369065057,666.4835495312791,60.0,1.0,777696.0,1.0,2127895.0,77226.0,5
2025-12-17 16:58:13.934062,26.8959952279941,1.127546424758163,1.6172172233280668,651.4813946320363,57.0,1.0,466192.0,1.0,1573394.0,73802.0,0
2025-12-17 16:58:14.034159,26.895696720794888,1.1385361951948223,1.6204203740959606,687.7536981535798,71.0,2.0,746743.0,1.0,1730964.0,71612.0,1
2025-12-17 16:58:14.135123,26.894837044365776,1.1500379907570584,1.619415236454684,704.3371666609235,69.0,2.0,717751.0,1.0,1396211.0,67357.0,2
2025-12-17 16:58:14.234245,26.894298204368194,1.1610089623175224,1.6228923446810033,701.9588616391768,67.0,2.0,1017117.0,1.0,1726868.0,73230.0,3
2025-12-17 16:58:14.333726,26.89327233855844,1.1724336089629612,1.6221373599013356,687.1258492349629,65.0,2.0,1163782.0,1.0,2103549.0,86002.0,4
2025-12-17 16:58:14.433747,26.892785923607825,1.1838445747537203,1.6231166888751416,680.6821898542938,67.0,2.0,771143.0,1.0,2135109.0,76162.0,5
2025-12-17 16:58:14.935080,26.86356850765359,1.2271527898595562,1.6459351388483363,663.6693618676568,63.0,1.0,459612.0,1.0,1578728.0,72958.0,0
2025-12-17 16:58:15.033233,26.86226041616115,1.2385338712194622,1.647635687453767,683.987600492738,69.0,2.0,738449.0,1.0,1788129.0,71879.0,1
2025-12-17 16:58:15.133105,26.86131654577604,1.2503837577234438,1.6433907623414388,687.5688694380348,60.0,1.0,708339.0,1.0,1424371.0,68483.0,2
2025-12-17 16:58:15.233130,26.86046061416241,1.262058241141324,1.645368555068464,671.178093786756,51.0,1.0,1017117.0,1.0,1715218.0,75469.0,3
2025-12-17 16:58:15.333862,26.859578156023552,1.2739853979528415,1.6438978977587455,694.3143744651774,69.0,2.0,1182043.0,1.0,2143799.0,85480.0,4
2025-12-17 16:58:15.434949,26.858998179002626,1.2851202640098085,1.644143525192118,675.8630469000785,65.0,2.0,792308.0,1.0,2132943.0,76524.0,5
2025-12-17 16:58:15.935088,26.855064506416426,1.34229841289631,1.6426456009708232,644.857139449437,53.0,1.0,451900.0,1.0,1567547.0,74304.0,0
2025-12-17 16:58:16.033914,26.85428655483983,1.3544065118615012,1.639675766532037,697.2218790613437,76.0,2.0,753598.0,1.0,1752776.0,70985.0,1
2025-12-17 16:58:16.134449,26.853955098425725,1.365735248574146,1.6379902650230522,723.8013527750527,79.0,2.0,721404.0,1.0,1399049.0,66182.0,2
2025-12-17 16:58:16.235273,26.853104110608893,1.3769626025470831,1.637495590409484,695.3980409899591,64.0,1.0,1030980.0,1.0,1724531.0,73702.0,3
2025-12-17 16:58:16.334063,26.85267058972997,1.3879074811698482,1.6350242516503657,699.5029119478655,71.0,2.0,1176455.0,1.0,2099993.0,85076.0,4
2025-12-17 16:58:16.434593,26.85240703531944,1.3992167320156828,1.6384738033313166,667.043622508873,60.0,1.0,780068.0,1.0,2135832.0,77200.0,5
2025-12-17 16:58:16.936163,26.851156142709875,1.456114728264037,1.6372273825336547,650.0451173882941,56.0,1.0,459768.0,1.0,1568609.0,73927.0,0
2025-12-17 16:58:17.033487,26.85033141658673,1.4678739941431171,1.6369851213376,685.4558982259495,70.0,2.0,738449.0,1.0,1750998.0,71782.0,1
2025-12-17 16:58:17.133905,26.849142074927983,1.4798451338021197,1.6409700311830742,706.0333977726586,69.0,2.0,715326.0,1.0,1409028.0,67311.0,2
2025-12-17 16:58:17.232904,26.84354204464807,1.487919718053249,1.6353117668126935,716.6169979135504,75.0,2.0,999035.0,1.0,1735657.0,72245.0,3
2025-12-17 16:58:17.333715,26.84020255300299,1.4967116953814932,1.6303188931078565,672.6913459442763,58.0,1.0,1152806.0,1.0,2149611.0,87292.0,4
2025-12-17 16:58:17.434704,26.839226972763026,1.5081354150458597,1.6318209798718688,682.2242824765087,68.0,2.0,798500.0,1.0,2135832.0,76111.0,5
2025-12-17 16:58:17.935783,26.83607947223419,1.5661018848003057,1.6303935992088183,662.2328221129553,62.0,1.0,451747.0,1.0,1565427.0,73131.0,0
2025-12-17 16:58:18.034711,26.83465831284739,1.578047142913619,1.6271546373509194,703.6903039212445,79.0,2.0,741706.0,1.0,1771263.0,70578.0,1
2025-12-17 16:58:18.135406,26.833794315280283,1.5901729530808133,1.6266829987305946,719.2659175605704,76.0,2.0,717023.0,1.0,1402368.0,66474.0,2
2025-12-17 16:58:18.234582,26.83314256595088,1.601810336531455,1.6266817174314014,698.8368430600117,65.0,2.0,1003440.0,1.0,1736244.0,73528.0,3
2025-12-17 16:58:18.333117,26.83244359935869,1.6124852672225856,1.6291738162959009,697.8797328157887,70.0,2.0,1188059.0,1.0,2143799.0,85220.0,4
2025-12-17 16:58:18.435455,26.83184447535851,1.6234384604461585,1.629916112879279,686.405058053691,70.0,2.0,777959.0,1.0,2125017.0,75828.0,5
2025-12-17 16:58:18.934752,26.82753792680903,1.6822537327053568,1.6323629063521616,674.4204045953888,68.0,2.0,456357.0,1.0,1569671.0,72245.0,0
2025-12-17 16:58:19.035045,26.82684075385444,1.693687751777631,1.6323863240617662,701.9245012505108,78.0,2.0,755642.0,1.0,1752776.0,70697.0,1
2025-12-17 16:58:19.133335,26.825822748283517,1.7047242580816893,1.6326309802948615,704.497608032603,68.0,2.0,713150.0,1.0,1391022.0,67448.0,2
2025-12-17 16:58:19.233859,26.825553586674964,1.7161601654125531,1.6313994818977031,709.0561612425217,71.0,2.0,1025412.0,1.0,1729207.0,72785.0,3
2025-12-17 16:58:19.333734,26.82521699117976,1.726933014366672,1.63563651000836,701.0683487143081,72.0,2.0,1164965.0,1.0,2107825.0,85018.0,4
2025-12-17 16:58:19.433789,26.82405327382845,1.7383898338025408,1.633924685246363,673.5853970241948,63.0,1.0,800936.0,1.0,2129336.0,76757.0,5
2025-12-17 16:58:19.933593,26.80109887424002,1.814142685959206,1.6406969751830087,653.6079630424841,57.0,1.0,454200.0,1.0,1572330.0,73777.0,0
2025-12-17 16:58:20.034362,26.800888686628,1.824564559399521,1.6444423160148989,697.1584604806184,75.0,2.0,732971.0,1.0,1756339.0,71081.0,1
2025-12-17 16:58:20.133677,26.799463860590045,1.835995019487513,1.6444259181541077,696.7298587339795,64.0,1.0,706663.0,1.0,1411415.0,67998.0,2
2025-12-17 16:58:20.233296,26.798749647492738,1.847812428815184,1.6437070951149504,706.27551454133,69.0,2.0,1003440.0,1.0,1719868.0,73007.0,3
2025-12-17 16:58:20.334262,26.79830720630064,1.8588859807457176,1.646162926435417,691.2569478363635,67.0,2.0,1175261.0,1.0,2139450.0,85769.0,4
2025-12-17 16:58:20.434873,26.797514047739178,1.8707816777153283,1.641705800446191,677.7662327544693,65.0,2.0,779805.0,1.0,2139450.0,76498.0,5
2025-12-17 16:58:20.933955,26.79342467644945,1.9298907357531632,1.6473863866370593,694.3690724142592,74.0,2.0,754109.0,1.0,1725699.0,71274.0,1
2025-12-17 16:58:21.034554,26.792362568085046,1.941643200319988,1.650105964051502,707.9390165171217,69.0,2.0,712909.0,1.0,1405218.0,67311.0,2
2025-12-17 16:58:21.135121,26.79130321088106,1.9533265452138289,1.645881231956756,716.4734442644619,74.0,2.0,1029934.0,1.0,1731550.0,72343.0,3
2025-12-17 16:58:21.234797,26.79066559909124,1.96430054901926,1.6478943468741616,673.4266983184891,58.0,1.0,1188461.0,1.0,2117837.0,87292.0,4
2025-12-17 16:58:21.334179,26.78949239962209,1.9757372050344075,1.6474029908961836,697.9286833153116,76.0,2.0,776907.0,1.0,2132943.0,75036.0,5
2025-12-17 16:58:21.934110,26.78427098328972,2.044356441995169,1.644915923580215,664.9836122818604,63.0,1.0,459301.0,1.0,1566487.0,72933.0,0
2025-12-17 16:58:22.034336,26.78347947141545,2.0554924835031505,1.6461337781371528,693.6266926604725,73.0,2.0,755130.0,1.0,1771863.0,71346.0,1
2025-12-17 16:58:22.133090,26.777960976933997,2.075390180449511,1.645128815449799,681.6924753712335,56.0,1.0,995996.0,1.0,1716960.0,74808.0,3
2025-12-17 16:58:22.233335,26.77113721472284,2.098313202012128,1.6547313536790305,710.614922326352,77.0,2.0,1175659.0,1.0,2198913.0,84245.0,4
2025-12-17 16:58:22.333858,26.76937594805157,2.1106761948414854,1.6529695068361556,666.1092652465032,59.0,1.0,795533.0,1.0,2164211.0,77410.0,5
2025-12-17 16:58:22.933291,26.764245026694965,2.180266058755539,1.6520504596762051,670.1712345728226,66.0,2.0,460858.0,1.0,1547516.0,72613.0,0
2025-12-17 16:58:23.034044,26.762797061185573,2.192074194653133,1.6525471973493435,690.8607434311613,71.0,2.0,745733.0,1.0,1766474.0,71564.0,1
2025-12-17 16:58:23.135314,26.76211961821372,2.2039256155721683,1.6520644267335658,684.4267526947727,57.0,1.0,723360.0,1.0,1423889.0,68855.0,2
2025-12-17 16:58:23.233988,26.76053673513773,2.2156674335941924,1.653313938867618,684.9340970121689,58.0,1.0,1017117.0,1.0,1722198.0,74581.0,3
2025-12-17 16:58:23.335706,26.75941222790219,2.2277503136880905,1.6495876710044644,681.8227188125867,61.0,1.0,1197343.0,1.0,2118553.0,86674.0,4
2025-12-17 16:58:23.433874,26.758144066543885,2.238875601081145,1.6505572035271177,687.3079720450074,70.0,2.0,771666.0,1.0,2110681.0,75879.0,5
2025-12-17 16:58:23.934151,26.753302939848773,2.2954926723227334,1.6520372961954668,658.3591721398227,59.0,1.0,458214.0,1.0,1575526.0,73478.0,0
2025-12-17 16:58:24.034113,26.75230577191487,2.307181226037325,1.6498030113068674,693.0948787188572,73.0,2.0,761805.0,1.0,1770664.0,71394.0,1
2025-12-17 16:58:24.134813,26.751632818743047,2.3186377297881964,1.6510474288184989,689.6588076757445,59.0,1.0,706663.0,1.0,1405694.0,68553.0,2
2025-12-17 16:58:24.234440,26.75010312450951,2.3299887752773163,1.6488358672659136,679.1536730799944,55.0,1.0,1017117.0,1.0,1762294.0,75036.0,3
2025-12-17 16:58:24.333361,26.75011035985365,2.341054248182303,1.64834531025458,682.0107763753078,62.0,1.0,1178049.0,1.0,2110681.0,86674.0,4
2025-12-17 16:58:24.433579,26.748678159534546,2.3525763072648225,1.6490834788748323,689.4885586728369,71.0,2.0,789898.0,1.0,2144524.0,75751.0,5
2025-12-17 16:58:24.933964,26.71237517050652,2.4199831499969413,1.6851670566230592,651.5469131052673,56.0,1.0,464460.0,1.0,1579797.0,74002.0,0
2025-12-17 16:58:25.034151,26.7110846897757,2.4313438272220598,1.6852077764285518,665.32900674886,58.0,1.0,744220.0,1.0,1767072.0,73404.0,1
2025-12-17 16:58:25.134259,26.709632638731403,2.4430162913102524,1.6866685005803104,699.8908503516373,65.0,2.0,718723.0,1.0,1394322.0,67860.0,2
2025-12-17 16:58:25.233903,26.70785814864087,2.4546329104310622,1.6839307410365691,670.3730320852012,50.0,1.0,1010255.0,1.0,1748037.0,75751.0,3
2025-12-17 16:58:25.334476,26.707474062215912,2.466398217333967,1.6854231201738898,694.1994861466251,68.0,2.0,1194106.0,1.0,2196681.0,85653.0,4
2025-12-17 16:58:25.433432,26.70541994649892,2.4784072109582187,1.6844285697376458,692.6691720353741,73.0,2.0,794994.0,1.0,2114971.0,75520.0,5
2025-12-17 16:58:25.934475,26.698306261216576,2.5356528691980937,1.6836909064908074,660.7347851384154,60.0,1.0,460858.0,1.0,1552237.0,73354.0,0
2025-12-17 16:58:26.033559,26.6974966795764,2.547096225569,1.6832104606983702,668.5629872838088,59.0,1.0,751561.0,1.0,1777870.0,73205.0,1
2025-12-17 16:58:26.134720,26.69573201134276,2.5584579482847705,1.682719233565937,687.1231286813984,58.0,1.0,715568.0,1.0,1437934.0,68785.0,2
2025-12-17 16:58:26.234310,26.69477736012459,2.56934722180703,1.6740429512309227,670.592598276568,50.0,1.0,1037631.0,1.0,1777870.0,75700.0,3
2025-12-17 16:58:26.334065,26.693830672930027,2.580898416229368,1.656263635150392,655.3879082675616,48.0,1.0,1193298.0,1.0,2119988.0,88932.0,4
2025-12-17 16:58:26.433894,26.692356408447434,2.591620168095363,1.6401860056052606,675.8498954076205,63.0,1.0,783773.0,1.0,2170079.0,76783.0,5
2025-12-17 16:58:26.934298,26.690507534848635,2.650063802962223,1.6045967271414028,644.9225279816209,53.0,1.0,457439.0,1.0,1594300.0,74480.0,0
2025-12-17 16:58:27.034820,26.67220637197199,2.660560287042109,1.61512197845388,648.7974016415119,50.0,1.0,765682.0,1.0,1789945.0,74606.0,1
2025-12-17 16:58:27.135490,26.62176117598898,2.66944106559028,1.652978821826991,710.3554787520908,70.0,2.0,734959.0,1.0,1426301.0,67266.0,2
2025-12-17 16:58:27.233809,26.620257428254128,2.6805418471716798,1.6579129337587095,687.8119651829418,58.0,1.0,1017117.0,1.0,1767072.0,74505.0,3
2025-12-17 16:58:27.334567,26.619369317565315,2.6919704042716,1.670538664477769,681.5765024886275,61.0,1.0,1200590.0,1.0,2212350.0,86733.0,4
2025-12-17 16:58:27.433879,26.61834032600764,2.702873608233312,1.690991439680996,675.0305326146266,63.0,1.0,797420.0,1.0,2164211.0,76835.0,5
2025-12-17 16:58:27.934210,26.60801871441276,2.758926491348459,1.769395119330502,662.1102875368974,61.0,1.0,459923.0,1.0,1578728.0,73280.0,0
2025-12-17 16:58:28.033536,26.605984652566885,2.7704333987540237,1.769887487765074,685.563979258286,57.0,1.0,728273.0,1.0,1412370.0,68879.0,2
2025-12-17 16:58:28.135250,26.604339113752516,2.78144026307821,1.75770712573173,683.0098106269579,56.0,1.0,1014023.0,1.0,1743901.0,74833.0,3
2025-12-17 16:58:28.232754,26.60296755683655,2.7920597941129164,1.7409989242906465,677.1748413280043,64.0,1.0,783773.0,1.0,2151795.0,76705.0,5
2025-12-17 16:58:28.934916,26.596129367258907,2.8708683519250915,1.5792415231898345,649.2981961863811,54.0,1.0,459456.0,1.0,1572330.0,74228.0,0
2025-12-17 16:58:29.033385,26.596017445234523,2.8821764578401528,1.5721134981140243,671.2653039475068,61.0,1.0,752579.0,1.0,1777870.0,73032.0,1
2025-12-17 16:58:29.134841,26.59473751458348,2.8943888416559758,1.5684033265233823,683.8196706705027,56.0,1.0,734213.0,1.0,1409028.0,69065.0,2
2025-12-17 16:58:29.233470,26.59457126446924,2.9065979104760613,1.5683977492221215,688.2508445088507,59.0,1.0,1045386.0,1.0,1780278.0,74505.0,3
2025-12-17 16:58:29.333706,26.59456688403576,2.917890508591364,1.564177624972341,682.9533393790163,62.0,1.0,1196938.0,1.0,2175226.0,86674.0,4
2025-12-17 16:58:29.435152,26.59497517930759,2.929581847022237,1.5629313368066988,676.3920424024502,63.0,1.0,782183.0,1.0,2154710.0,76809.0,5
2025-12-17 16:58:29.933984,26.54808221766359,2.971663926478449,1.5820333970591955,643.4857972586465,51.0,1.0,469676.0,1.0,1581938.0,74656.0,0
2025-12-17 16:58:30.035175,26.548222132499607,2.9717175658298096,1.5813038445903844,668.4998421542315,59.0,1.0,760002.0,1.0,1755745.0,73255.0,1
2025-12-17 16:58:30.135111,26.54803374656785,2.971525273877581,1.580315018787526,681.0519046555456,54.0,1.0,726058.0,1.0,1416679.0,69253.0,2
2025-12-17 16:58:30.233837,26.54812914335693,2.97143169908762,1.5808058768752042,681.4704019211428,55.0,1.0,1019529.0,1.0,1782690.0,75036.0,3
2025-12-17 16:58:30.335642,26.54812914335693,2.97143169908762,1.5808058768752042,679.1422039085005,59.0,1.0,1177650.0,1.0,2224363.0,87056.0,4
2025-12-17 16:58:30.433500,26.54827076188769,2.971478278207877,1.5810405928825777,658.5723839019129,54.0,1.0,800394.0,1.0,2160552.0,78147.0,5
2025-12-17 16:58:30.933760,26.54957664521938,3.021392431997682,1.5829789098417613,639.6735312763761,49.0,1.0,462890.0,1.0,1587301.0,74960.0,0
2025-12-17 16:58:31.033598,26.54970874427404,3.0340241351455246,1.5834807602089052,666.7335920818338,58.0,1.0,767758.0,1.0,1788129.0,73404.0,1
2025-12-17 16:58:31.135007,26.549269479010874,3.046499382850797,1.5809966422711177,679.2840518085229,53.0,1.0,722871.0,1.0,1441833.0,69417.0,2
2025-12-17 16:58:31.233676,26.54892116447573,3.0582190216525085,1.5812550833351249,678.6898434496505,54.0,1.0,1042913.0,1.0,1778472.0,75240.0,3
2025-12-17 16:58:31.333997,26.5487152771494,3.0692415750172706,1.5797709229102246,656.3303934209375,48.0,1.0,1189669.0,1.0,2184079.0,89023.0,4
2025-12-17 16:58:31.434064,26.54858854999368,3.079899170965702,1.5795355859315403,666.7531256994308,59.0,1.0,783243.0,1.0,2178173.0,77514.0,5
2025-12-17 16:58:31.933978,26.547832050544343,3.126870850472432,1.57851432117209,636.861348291133,48.0,1.0,462108.0,1.0,1598082.0,75189.0,0
2025-12-17 16:58:32.036226,26.54740408592795,3.127197350551361,1.5802282449659966,661.9683264803923,55.0,1.0,768538.0,1.0,1796014.0,73802.0,1
2025-12-17 16:58:32.134705,26.54749597626701,3.1271071082453066,1.5807013360371962,696.5161529915831,62.0,1.0,739951.0,1.0,1442809.0,68298.0,2
2025-12-17 16:58:32.234702,26.54749597626701,3.1271071082453066,1.5807013360371962,686.9095454971962,58.0,1.0,1011966.0,1.0,1751590.0,74656.0,3
2025-12-17 16:58:32.334895,26.54749597626701,3.1271071082453066,1.5807013360371962,670.5190622878429,55.0,1.0,1214896.0,1.0,2167143.0,87796.0,4
2025-12-17 16:58:32.933898,26.511987292553297,3.078816194131147,1.5812603180133826,655.0491093486182,57.0,1.0,468565.0,1.0,1568609.0,73877.0,0
2025-12-17 16:58:33.034892,26.511987292553297,3.078816194131147,1.5812603180133826,663.202133298944,56.0,1.0,751561.0,1.0,1797230.0,73727.0,1
2025-12-17 16:58:33.135179,26.511987292553297,3.078816194131147,1.5812603180133826,675.7484343395711,51.0,1.0,744472.0,1.0,1444275.0,69699.0,2
2025-12-17 16:58:33.235142,26.511987292553297,3.078816194131147,1.5812603180133826,674.1291189312994,51.0,1.0,1028193.0,1.0,1782690.0,75623.0,3
2025-12-17 16:58:33.334380,26.511987292553297,3.078816194131147,1.5812603180133826,682.7074648048216,61.0,1.0,1193298.0,1.0,2190742.0,86850.0,4
2025-12-17 16:58:33.434620,26.511987292553297,3.078816194131147,1.5812603180133826,671.1145059684342,61.0,1.0,808015.0,1.0,2201892.0,77253.0,5
2025-12-17 16:58:33.934055,26.511987292553297,3.078816194131147,1.5812603180133826,630.2369149090342,44.0,1.0,460702.0,1.0,1589989.0,75725.0,0
2025-12-17 16:58:34.033855,26.5119872925533,3.078816194131147,1.5812603180133826,662.4360096508784,55.0,1.0,754109.0,1.0,1767670.0,73802.0,1
2025-12-17 16:58:34.134840,26.511987292553297,3.0788161941311465,1.5812603180133826,696.9805269322932,62.0,1.0,728273.0,1.0,1416200.0,68298.0,2
2025-12-17 16:58:34.235430,26.511987292553297,3.078816194131147,1.5812603180133826,677.3486590049192,53.0,1.0,1042207.0,1.0,1758124.0,75393.0,3
2025-12-17 16:58:34.335807,26.511987292553297,3.078816194131147,1.5812603180133826,675.8962333880123,57.0,1.0,1205884.0,1.0,2186297.0,87440.0,4
2025-12-17 16:58:34.432794,26.511987292553297,3.078816194131147,1.5812603180133826,665.2948160365514,58.0,1.0,789898.0,1.0,2142348.0,77698.0,5
2025-12-17 16:58:34.933472,26.511987292553297,3.078816194131147,1.5812603180133826,642.4245815151513,51.0,1.0,466508.0,1.0,1586764.0,74808.0,0
2025-12-17 16:58:35.033420,26.511987292553297,3.078816194131147,1.5812603180133826,650.6700269425311,50.0,1.0,773758.0,1.0,1776667.0,74656.0,1
2025-12-17 16:58:35.135463,26.511987292553297,3.078816194131147,1.5812603180133826,680.2128428738047,54.0,1.0,731980.0,1.0,1431137.0,69393.0,2
2025-12-17 16:58:35.233783,26.511987292553297,3.078816194131147,1.5812603180133826,674.5677743908067,51.0,1.0,1033076.0,1.0,1756339.0,75648.0,3
2025-12-17 16:58:35.334797,26.511987292553297,3.078816194131147,1.5812603180133826,671.0845425976918,55.0,1.0,1210382.0,1.0,2254681.0,87855.0,4
2025-12-17 16:58:35.433414,26.511987292553297,3.078816194131147,1.5812603180133826,666.4755679499045,58.0,1.0,789898.0,1.0,2178173.0,77672.0,5
2025-12-17 16:58:35.934937,26.511987292553297,3.078816194131147,1.5812603180133826,636.6126326866795,48.0,1.0,463674.0,1.0,1599705.0,75240.0,0
2025-12-17 16:58:36.034287,26.511987292553297,3.078816194131147,1.5812603180133826,664.9043490572955,56.0,1.0,778223.0,1.0,1806988.0,73702.0,1
2025-12-17 16:58:36.133022,26.511987292553297,3.078816194131147,1.5812603180133826,688.4444474424567,57.0,1.0,724831.0,1.0,1435989.0,68902.0,2
2025-12-17 16:58:36.233586,26.511987292553297,3.078816194131147,1.5812603180133826,689.2539639595258,64.0,1.0,1203438.0,1.0,2216847.0,86323.0,4
2025-12-17 16:58:36.333245,26.511987292553297,3.078816194131147,1.5812603180133826,675.6381133467031,63.0,1.0,800936.0,1.0,2195938.0,76965.0,5
2025-12-17 16:58:36.933566,26.511987292553297,3.078816194131147,1.5812603180133826,639.8001513252459,49.0,1.0,468406.0,1.0,1578728.0,75087.0,0
2025-12-17 16:58:37.033546,26.511987292553297,3.078816194131147,1.5812603180133826,661.1382947084934,54.0,1.0,763095.0,1.0,1764084.0,74002.0,1
2025-12-17 16:58:37.133611,26.511987292553297,3.078816194131147,1.5812603180133826,682.676755490144,55.0,1.0,723360.0,1.0,1457040.0,69276.0,2
2025-12-17 16:58:37.234399,26.511987292553297,3.078816194131147,1.5812603180133826,660.0068633171209,44.0,1.0,1052487.0,1.0,1786919.0,76887.0,3
2025-12-17 16:58:37.333758,26.511987292553297,3.078816194131147,1.5812603180133826,674.4613459351527,56.0,1.0,1200590.0,1.0,2148884.0,87618.0,4
2025-12-17 16:58:37.433921,26.511987292553297,3.078816194131147,1.5812603180133826,671.8369393675521,60.0,1.0,793650.0,1.0,2196681.0,77305.0,5
2025-12-17 16:58:37.933711,26.511987292553293,3.0788161941311465,1.5812603180133826,658.9879546323489,58.0,1.0,466508.0,1.0,1595920.0,73727.0,0
2025-12-17 16:58:38.034986,26.511987292553297,3.078816194131147,1.5812603180133826,658.3727509735213,53.0,1.0,764387.0,1.0,1804544.0,74178.0,1
2025-12-17 16:58:38.134859,26.511987292553297,3.078816194131147,1.5812603180133826,685.9092165387174,56.0,1.0,732228.0,1.0,1438421.0,69135.0,2
2025-12-17 16:58:38.233398,26.511987292553297,3.078816194131147,1.5812603180133826,688.2261204850627,57.0,1.0,1027845.0,1.0,1764084.0,74884.0,3
2025-12-17 16:58:38.333645,26.511987292553297,3.078816194131147,1.5812603180133826,684.6498242289682,62.0,1.0,1186050.0,1.0,2194452.0,86762.0,4
2025-12-17 16:58:38.433485,26.511987292553297,3.078816194131147,1.5812603180133826,662.0175005251534,56.0,1.0,806376.0,1.0,2160552.0,78015.0,5
2025-12-17 16:58:38.933759,26.511987292553297,3.078816194131147,1.5812603180133826,646.1757397251722,52.0,1.0,467614.0,1.0,1598082.0,74656.0,0
2025-12-17 16:58:39.033623,26.511987292553297,3.078816194131147,1.5812603180133826,659.6065510026182,53.0,1.0,740702.0,1.0,1796621.0,74153.0,1
2025-12-17 16:58:39.135306,26.511987292553297,3.078816194131147,1.5812603180133826,685.1414916180802,56.0,1.0,724585.0,1.0,1422444.0,69182.0,2
2025-12-17 16:58:39.232927,26.511987292553297,3.078816194131147,1.5812603180133826,682.4454939757426,55.0,1.0,1033776.0,1.0,1807600.0,75291.0,3
2025-12-17 16:58:39.334872,26.511987292553297,3.078816194131147,1.5812603180133826,677.8385551122401,58.0,1.0,1219428.0,1.0,2207115.0,87381.0,4
2025-12-17 16:58:39.433419,26.511987292553297,3.078816194131147,1.5812603180133826,677.1981285195237,63.0,1.0,784835.0,1.0,2196681.0,76939.0,5
2025-12-17 16:58:39.933595,26.511987292553297,3.078816194131147,1.5812603180133826,666.8172516674106,57.0,1.0,777696.0,1.0,1780278.0,73653.0,1
2025-12-17 16:58:40.034489,26.511987292553297,3.078816194131147,1.5812603180133826,678.3502561030423,52.0,1.0,734213.0,1.0,1445252.0,69652.0,2
2025-12-17 16:58:40.133801,26.511987292553297,3.078816194131147,1.5812603180133826,682.6432149763766,55.0,1.0,1052843.0,1.0,1762890.0,75291.0,3
2025-12-17 16:58:40.235594,26.511987292553297,3.078816194131147,1.5812603180133826,680.0083408437899,59.0,1.0,1190474.0,1.0,2197425.0,87204.0,4
2025-12-17 16:58:40.333830,26.511987292553297,3.078816194131147,1.5812603180133826,660.360778687474,55.0,1.0,787230.0,1.0,2190742.0,78173.0,5
2025-12-17 16:58:40.933397,26.511987292553297,3.078816194131147,1.5812603180133826,651.5512239093745,54.0,1.0,465089.0,1.0,1585690.0,74304.0,0
2025-12-17 16:58:41.033633,26.511987292553297,3.078816194131147,1.5812603180133826,662.074791610761,54.0,1.0,772188.0,1.0,1805155.0,74027.0,1
2025-12-17 16:58:41.134063,26.511987292553297,3.078816194131147,1.5812603180133826,683.6055456267405,55.0,1.0,737201.0,1.0,1459014.0,69323.0,2
2025-12-17 16:58:41.234066,26.511987292553297,3.078816194131147,1.5812603180133826,678.8846976884568,53.0,1.0,1028541.0,1.0,1779074.0,75597.0,3
2025-12-17 16:58:41.334883,26.511987292553297,3.078816194131147,1.5812603180133826,673.215556374275,55.0,1.0,1219428.0,1.0,2204129.0,87796.0,4
2025-12-17 16:58:41.433745,26.511987292553297,3.078816194131147,1.5812603180133826,676.5594672413464,63.0,1.0,810206.0,1.0,2190000.0,76992.0,5
2025-12-17 16:58:41.935339,26.511987292553293,3.0788161941311465,1.5812603180133826,654.7393646500925,56.0,1.0,466192.0,1.0,1581938.0,74052.0,0
2025-12-17 16:58:42.033418,26.511987292553297,3.078816194131147,1.5812603180133826,650.308860408623,49.0,1.0,774282.0,1.0,1791764.0,74859.0,1
2025-12-17 16:58:42.134945,26.511987292553297,3.078816194131147,1.5812603180133826,674.0824197864752,50.0,1.0,1037983.0,1.0,1789945.0,76008.0,3
2025-12-17 16:58:42.234440,26.511987292553297,3.078816194131147,1.5812603180133826,662.3851225037974,50.0,1.0,1197343.0,1.0,2204129.0,88722.0,4
2025-12-17 16:58:42.334862,26.511987292553297,3.078816194131147,1.5812603180133826,672.7222449410776,60.0,1.0,794188.0,1.0,2175963.0,77357.0,5
2025-12-17 16:58:42.934188,26.511987292553297,3.078816194131147,1.5812603180133826,623.9269245993964,41.0,1.0,465877.0,1.0,1604042.0,76317.0,0
2025-12-17 16:58:43.035198,26.511987292553297,3.078816194131147,1.5812603180133826,646.5433962741564,46.0,1.0,780068.0,1.0,1809436.0,75214.0,1
2025-12-17 16:58:43.134421,26.511987292553297,3.078816194131147,1.5812603180133826,692.0699713416502,59.0,1.0,732228.0,1.0,1418118.0,68809.0,2
2025-12-17 16:58:43.233990,26.511987292553297,3.078816194131148,1.5812603180133826,678.323634736781,52.0,1.0,1035877.0,1.0,1783897.0,75725.0,3
2025-12-17 16:58:43.333703,26.511987292553297,3.078816194131147,1.5812603180133826,663.5923331332931,51.0,1.0,1182843.0,1.0,2218348.0,88662.0,4
2025-12-17 16:58:43.433440,26.511987292553297,3.078816194131147,1.5812603180133826,671.9206919793817,60.0,1.0,818751.0,1.0,2204129.0,77410.0,5
2025-12-17 16:58:43.934425,26.511987292553297,3.078816194131147,1.5812603180133826,636.1147451818988,47.0,1.0,466982.0,1.0,1572330.0,75469.0,0
2025-12-17 16:58:44.033890,26.5119872925533,3.078816194131148,1.5812603180133826,667.7772091798056,57.0,1.0,764905.0,1.0,1776066.0,73653.0,1
2025-12-17 16:58:44.133859,26.511987292553297,3.078816194131147,1.5812603180133826,662.3020121601727,44.0,1.0,743465.0,1.0,1463465.0,71057.0,2
2025-12-17 16:58:44.233725,26.511987292553297,3.078816194131147,1.5812603180133826,668.5430534396949,47.0,1.0,1058560.0,1.0,1799664.0,76472.0,3
2025-12-17 16:58:44.333699,26.511987292553297,3.078816194131147,1.5812603180133826,640.7808319735644,39.0,1.0,1207518.0,1.0,2213099.0,91621.0,4
2025-12-17 16:58:44.433802,26.511987292553297,3.078816194131147,1.5812603180133826,670.1013972876364,59.0,1.0,785101.0,1.0,2180386.0,77541.0,5
2025-12-17 16:58:44.934127,26.511987292553297,3.078816194131147,1.5812603180133826,646.3024653041987,52.0,1.0,460702.0,1.0,1614390.0,74707.0,0
2025-12-17 16:58:45.033087,26.511987292553297,3.078816194131147,1.5812603180133826,666.0111403156171,56.0,1.0,771666.0,1.0,1816185.0,73802.0,1
2025-12-17 16:58:45.135732,26.511987292553297,3.078816194131147,1.5812603180133826,674.5346183158077,49.0,1.0,733964.0,1.0,1451134.0,70244.0,2
2025-12-17 16:58:45.235842,26.511987292553297,3.078816194131147,1.5812603180133826,672.7629949364995,49.0,1.0,1033776.0,1.0,1822343.0,76188.0,3
