Timestamp,Pose_X,Pose_Y,Pose_Theta,eCO2,TVOC,AQI,R0,R1,R2,R3,Channel
2025-12-17 14:22:17.088429,0.0037705261059678,-0.0277967433175358,-0.0168620783029057,421.0718001869686,33.0,1.0,411180.0,1.0,1560666.0,75905.0,0
2025-12-17 14:22:17.181060,0.0037705261059678,-0.0277967433175358,-0.0168620783029057,423.4110941571916,33.0,1.0,697161.0,1.0,1743901.0,72613.0,1
2025-12-17 14:22:17.283656,0.0037705261059678,-0.0277967433175358,-0.0168620783029057,428.38454975423707,35.0,1.0,702847.0,1.0,1530846.0,67562.0,2
2025-12-17 14:22:17.385155,0.0037705261059678,-0.0277967433175358,-0.0168620783029057,415.5439000326905,27.0,1.0,1003440.0,1.0,1911416.0,75393.0,3
2025-12-17 14:22:17.479860,0.0037705261059678,-0.0277967433175358,-0.0168620783029057,434.26621804964674,36.0,1.0,1201403.0,1.0,2326778.0,87322.0,4
2025-12-17 14:22:17.582873,0.0037705261059678,-0.0277967433175358,-0.0168620783029057,428.22623743762455,35.0,1.0,793650.0,1.0,2352115.0,77357.0,5
2025-12-17 14:22:18.077577,0.0037705261059678,-0.0277967433175358,-0.0168620783029057,438.0716917732576,41.0,1.0,410763.0,1.0,1579797.0,74656.0,0
2025-12-17 14:22:18.181590,0.0037705261059678,-0.0277967433175358,-0.0168620783029057,425.4094626866654,34.0,1.0,683146.0,1.0,1748037.0,72441.0,1
2025-12-17 14:22:18.278701,0.0037705261059678,-0.0277967433175358,-0.0168620783029057,436.3842251419288,39.0,1.0,685230.0,1.0,1530846.0,67016.0,2
2025-12-17 14:22:18.380019,0.0037705261059678,-0.0277967433175358,-0.0168620783029057,425.53903591822404,31.0,1.0,1004459.0,1.0,1946012.0,74656.0,3
2025-12-17 14:22:18.479082,0.0037705261059678,-0.0277967433175358,-0.0168620783029057,416.2633472984098,29.0,1.0,1201403.0,1.0,2273839.0,88782.0,4
2025-12-17 14:22:18.580743,0.0037705261059678,-0.0277967433175358,-0.0168620783029057,427.22790587278837,34.0,1.0,792576.0,1.0,2368892.0,77436.0,5
2025-12-17 14:22:19.076971,0.0037705261059678,-0.0277967433175358,-0.0168620783029057,415.071582236553,30.0,1.0,415799.0,1.0,1575526.0,76369.0,0
2025-12-17 14:22:19.178578,0.0037705261059678,-0.0277967433175358,-0.0168620783029057,430.4078369917467,36.0,1.0,687553.0,1.0,1711738.0,72099.0,1
2025-12-17 14:22:19.280339,0.0037705261059678,-0.0277967433175358,-0.0168620783029057,428.38389837879436,35.0,1.0,710260.0,1.0,1520004.0,67517.0,2
2025-12-17 14:22:19.375607,0.0037705261059678,-0.0277967433175358,-0.0168620783029057,429.53416826395835,33.0,1.0,986602.0,1.0,1869193.0,74404.0,3
2025-12-17 14:22:19.478729,0.0037705261059678,-0.0277967433175358,-0.0168620783029057,421.26047532615365,31.0,1.0,1171687.0,1.0,2311863.0,88362.0,4
2025-12-17 14:22:19.589605,0.0037705261059678,-0.0277967433175358,-0.0168620783029057,424.22959268653796,33.0,1.0,786963.0,1.0,2365687.0,77698.0,5
2025-12-17 14:22:20.077138,0.0037705261059678,-0.0277967433175358,-0.0168620783029057,413.07147261512523,29.0,1.0,405514.0,1.0,1611661.0,76524.0,0
2025-12-17 14:22:20.177833,0.0037705261059678,-0.0277967433175358,-0.0168620783029057,426.40620760024353,34.0,1.0,691989.0,1.0,1715799.0,72392.0,1
2025-12-17 14:22:20.277983,0.0037705261059678,-0.0277967433175358,-0.0168620783029057,417.3835729186176,30.0,1.0,704037.0,1.0,1521549.0,68298.0,2
2025-12-17 14:22:20.384355,0.0037705261059678,-0.0277967433175358,-0.0168620783029057,450.52923626748463,43.0,1.0,1022640.0,1.0,1903669.0,72908.0,3
2025-12-17 14:22:20.483482,0.0037705261059678,-0.0277967433175358,-0.0168620783029057,431.2575886844288,35.0,1.0,1186452.0,1.0,2304052.0,87559.0,4
2025-12-17 14:22:20.578875,0.0037705261059678,-0.0277967433175358,-0.0168620783029057,426.23124674253177,34.0,1.0,802021.0,1.0,2382561.0,77514.0,5
2025-12-17 14:22:21.082047,0.0037705261059678,-0.0277967433175358,-0.0168620783029057,425.0713624739594,35.0,1.0,410902.0,1.0,1578194.0,75597.0,0
2025-12-17 14:22:21.179269,0.0037705261059678,-0.0277967433175358,-0.0168620783029057,448.404574652388,45.0,1.0,698105.0,1.0,1737420.0,70889.0,1
2025-12-17 14:22:21.285956,0.0037705261059678,-0.0277967433175358,-0.0168620783029057,428.3832440888238,35.0,1.0,702847.0,1.0,1518976.0,67562.0,2
2025-12-17 14:22:21.381509,0.0037705261059678,-0.0277967433175358,-0.0168620783029057,422.52436095669174,30.0,1.0,986268.0,1.0,1896595.0,74910.0,3
2025-12-17 14:22:21.482528,0.0037705261059678,-0.0277967433175358,-0.0168620783029057,440.2547184388375,40.0,1.0,1179645.0,1.0,2324417.0,86762.0,4
2025-12-17 14:22:21.580142,0.0037705261059678,-0.0277967433175358,-0.0168620783029057,416.23292085746783,29.0,1.0,780068.0,1.0,2373707.0,78306.0,5
2025-12-17 14:22:22.081977,0.0037705261059678,-0.0277967433175358,-0.0168620783029057,442.07125287850755,43.0,1.0,411180.0,1.0,1571266.0,74379.0,0
2025-12-17 14:22:22.180340,0.0037705261059678,-0.0277967433175358,-0.0168620783029057,420.4029422997038,32.0,1.0,692223.0,1.0,1750405.0,72834.0,1
2025-12-17 14:22:22.278134,0.0037705261059678,-0.0277967433175358,-0.0168620783029057,433.3829204118135,37.0,1.0,702847.0,1.0,1538117.0,67198.0,2
2025-12-17 14:22:22.378314,0.0037705261059678,-0.0277967433175358,-0.0168620783029057,427.5194873522385,32.0,1.0,987939.0,1.0,1904958.0,74505.0,3
2025-12-17 14:22:22.486440,0.0037705261059678,-0.0277967433175358,-0.0168620783029057,435.2518342132942,37.0,1.0,1186050.0,1.0,2304052.0,87204.0,4
2025-12-17 14:22:22.578913,0.0037705261059678,-0.0277967433175358,-0.0168620783029057,433.23459079910054,37.0,1.0,791504.0,1.0,2368892.0,76965.0,5
2025-12-17 14:22:23.077147,0.0037705261059678,-0.0277967433175358,-0.0168620783029057,434.07114380476656,39.0,1.0,404281.0,1.0,1571797.0,74986.0,0
2025-12-17 14:22:23.183092,0.0037705261059678,-0.0277967433175358,-0.0168620783029057,418.4013072059704,31.0,1.0,702847.0,1.0,1709423.0,72933.0,1
2025-12-17 14:22:23.287462,0.0037705261059678,-0.0277967433175358,-0.0168620783029057,426.38259113997975,34.0,1.0,687321.0,1.0,1529293.0,67654.0,2
2025-12-17 14:22:23.376441,0.0037705261059678,-0.0277967433175358,-0.0168620783029057,429.5146072842292,33.0,1.0,1014367.0,1.0,1897237.0,74379.0,3
2025-12-17 14:22:23.483368,0.0037705261059678,-0.0277967433175358,-0.0168620783029057,420.2489700526881,30.0,1.0,1198154.0,1.0,2283866.0,88482.0,4
2025-12-17 14:22:23.582474,0.0037705261059678,-0.0277967433175358,-0.0168620783029057,417.2362687495966,30.0,1.0,790433.0,1.0,2346549.0,78200.0,5
2025-12-17 14:22:24.085495,0.0037705261059678,-0.0277967433175358,-0.0168620783029057,419.07103328667563,32.0,1.0,415236.0,1.0,1591066.0,76033.0,0
2025-12-17 14:22:24.181180,0.0037705261059678,-0.0277967433175358,-0.0168620783029057,439.3996797173848,40.0,1.0,710741.0,1.0,1724531.0,71491.0,1
2025-12-17 14:22:24.278242,0.0037705261059678,-0.0277967433175358,-0.0168620783029057,429.51019817575815,33.0,1.0,978620.0,1.0,1918546.0,74379.0,3
2025-12-17 14:22:24.380554,0.0037705261059678,-0.0277967433175358,-0.0168620783029057,432.24639244949356,36.0,1.0,1183644.0,1.0,2344961.0,87440.0,4
2025-12-17 14:22:24.478556,0.0037705261059678,-0.0277967433175358,-0.0168620783029057,414.237766995579,29.0,1.0,788029.0,1.0,2359290.0,78412.0,5
2025-12-17 14:22:25.091634,0.0037705261059678,-0.0277967433175358,-0.0168620783029057,436.070923010698,40.0,1.0,407716.0,1.0,1577126.0,74808.0,0
2025-12-17 14:22:25.176324,0.0037705261059678,-0.0277967433175358,-0.0168620783029057,430.39805702930414,36.0,1.0,701896.0,1.0,1737420.0,72123.0,1
2025-12-17 14:22:25.275839,0.0037705261059678,-0.0277967433175358,-0.0168620783029057,437.38194247419324,39.0,1.0,704752.0,1.0,1525158.0,66948.0,2
2025-12-17 14:22:25.377155,0.0037705261059678,-0.0277967433175358,-0.0168620783029057,429.50482534226467,33.0,1.0,1011281.0,1.0,1904958.0,74379.0,3
2025-12-17 14:22:25.475594,0.0037705261059678,-0.0277967433175358,-0.0168620783029057,445.2432464144438,42.0,1.0,1191684.0,1.0,2280776.0,86381.0,4
2025-12-17 14:22:25.576173,0.0037705261059678,-0.0277967433175358,-0.0168620783029057,436.23960220737945,39.0,1.0,804740.0,1.0,2372904.0,76757.0,5
2025-12-17 14:22:26.095804,0.0037705261059678,-0.0277967433175358,-0.0168620783029057,430.0708129505289,37.0,1.0,413133.0,1.0,1574460.0,75214.0,0
2025-12-17 14:22:26.185327,0.0037705261059678,-0.0277967433175358,-0.0168620783029057,414.3964117426507,29.0,1.0,693396.0,1.0,1697891.0,73230.0,1
2025-12-17 14:22:26.276451,0.0037705261059678,-0.0277967433175358,-0.0168620783029057,424.3816160457695,33.0,1.0,705230.0,1.0,1551712.0,67814.0,2
2025-12-17 14:22:26.379187,0.0037705261059678,-0.0277967433175358,-0.0168620783029057,433.4999261818296,35.0,1.0,994985.0,1.0,1921145.0,74103.0,3
2025-12-17 14:22:26.481427,0.0037705261059678,-0.0277967433175358,-0.0168620783029057,412.2403566698936,27.0,1.0,1190071.0,1.0,2274609.0,89204.0,4
2025-12-17 14:22:26.579141,0.0037705261059678,-0.0277967433175358,-0.0168620783029057,432.24127916638156,37.0,1.0,767498.0,1.0,2355301.0,77096.0,5
2025-12-17 14:22:27.083052,0.0037705261059678,-0.0277967433175358,-0.0168620783029057,410.3949479066057,27.0,1.0,683840.0,1.0,1742131.0,73528.0,1
2025-12-17 14:22:27.181115,0.0037705261059678,-0.0277967433175358,-0.0168620783029057,430.3813209183439,36.0,1.0,705946.0,1.0,1546469.0,67403.0,2
2025-12-17 14:22:27.279521,0.0037705261059678,-0.0277967433175358,-0.0168620783029057,431.4955242458524,34.0,1.0,986268.0,1.0,1904958.0,74253.0,3
2025-12-17 14:22:27.378161,0.0037705261059678,-0.0277967433175358,-0.0168620783029057,439.23778036528887,39.0,1.0,1186853.0,1.0,2344167.0,86821.0,4
2025-12-17 14:22:27.478514,0.0037705261059678,-0.0277967433175358,-0.0168620783029057,432.2427829149045,37.0,1.0,788296.0,1.0,2346549.0,77070.0,5
2025-12-17 14:22:28.077811,0.0037705261059678,-0.0277967433175358,-0.0168620783029057,429.0705957163697,37.0,1.0,413133.0,1.0,1568609.0,75291.0,0
2025-12-17 14:22:28.182248,0.0037705261059678,-0.0277967433175358,-0.0168620783029057,420.3931555506778,32.0,1.0,695746.0,1.0,1728622.0,72834.0,1
2025-12-17 14:22:28.279508,0.0037705261059678,-0.0277967433175358,-0.0168620783029057,432.3809625909446,36.0,1.0,698814.0,1.0,1538117.0,67311.0,2
2025-12-17 14:22:28.382046,0.0037705261059678,-0.0277967433175358,-0.0168620783029057,429.4901337524763,33.0,1.0,1022640.0,1.0,1915950.0,74379.0,3
2025-12-17 14:22:28.481978,0.0037705261059678,-0.0277967433175358,-0.0168620783029057,426.2346091140373,33.0,1.0,1192087.0,1.0,2284639.0,87945.0,4
2025-12-17 14:22:28.581252,0.0037705261059678,-0.0277967433175358,-0.0168620783029057,423.24462668899906,32.0,1.0,799311.0,1.0,2389021.0,77777.0,5
2025-12-17 14:22:29.078490,0.0037705261059678,-0.0277967433175358,-0.0168620783029057,416.07048603882515,31.0,1.0,410346.0,1.0,1588913.0,76265.0,0
2025-12-17 14:22:29.180099,0.0037705261059678,-0.0277967433175358,-0.0168620783029057,437.3915284485459,40.0,1.0,700946.0,1.0,1711738.0,71612.0,1
2025-12-17 14:22:29.280379,0.0037705261059678,-0.0277967433175358,-0.0168620783029057,436.3806360780275,39.0,1.0,696689.0,1.0,1534477.0,67016.0,2
2025-12-17 14:22:29.379197,0.0037705261059678,-0.0277967433175358,-0.0168620783029057,435.2320314160342,37.0,1.0,1172083.0,1.0,2344167.0,87174.0,4
2025-12-17 14:22:30.081209,0.0037705261059678,-0.0277967433175358,-0.0168620783029057,430.0703761376902,37.0,1.0,415799.0,1.0,1595380.0,75240.0,0
2025-12-17 14:22:30.177374,0.0037705261059678,-0.0277967433175358,-0.0168620783029057,427.3899022856432,35.0,1.0,699998.0,1.0,1707688.0,72368.0,1
2025-12-17 14:22:30.282505,0.0037705261059678,-0.0277967433175358,-0.0168620783029057,422.3803091556934,32.0,1.0,712427.0,1.0,1515894.0,67906.0,2
2025-12-17 14:22:30.378345,0.0037705261059678,-0.0277967433175358,-0.0168620783029057,424.4803733964425,31.0,1.0,988942.0,1.0,1908830.0,74707.0,3
2025-12-17 14:22:30.477026,0.0037705261059678,-0.0277967433175358,-0.0168620783029057,423.24779641652304,33.0,1.0,792308.0,1.0,2407690.0,77751.0,5
2025-12-17 14:22:31.086816,0.0037705261059678,-0.0277967433175358,-0.0168620783029057,439.07026592002137,41.0,1.0,407578.0,1.0,1600788.0,74581.0,0
2025-12-17 14:22:31.181271,0.0037705261059678,-0.0277967433175358,-0.0168620783029057,441.38826532486553,41.0,1.0,695511.0,1.0,1688721.0,71346.0,1
2025-12-17 14:22:31.279479,0.0037705261059678,-0.0277967433175358,-0.0168620783029057,427.3799839140899,34.0,1.0,689184.0,1.0,1542287.0,67631.0,2
2025-12-17 14:22:31.378516,0.0037705261059678,-0.0277967433175358,-0.0168620783029057,423.47548333485616,30.0,1.0,990952.0,1.0,1933539.0,74808.0,3
2025-12-17 14:22:31.484847,0.0037705261059678,-0.0277967433175358,-0.0168620783029057,429.2259819121781,35.0,1.0,1164965.0,1.0,2297044.0,87677.0,4
2025-12-17 14:22:31.580783,0.0037705261059678,-0.0277967433175358,-0.0168620783029057,433.2496418943821,37.0,1.0,804195.0,1.0,2372904.0,76992.0,5
2025-12-17 14:22:32.080339,0.0037705261059678,-0.0277967433175358,-0.0168620783029057,419.0701570267967,32.0,1.0,411598.0,1.0,1612752.0,76033.0,0
2025-12-17 14:22:32.178201,0.0037705261059678,-0.0277967433175358,-0.0168620783029057,425.386639724522,34.0,1.0,690585.0,1.0,1739185.0,72490.0,1
2025-12-17 14:22:32.278621,0.0037705261059678,-0.0277967433175358,-0.0168620783029057,408.3796579652224,26.0,1.0,708819.0,1.0,1524126.0,68855.0,2
2025-12-17 14:22:32.379390,0.0037705261059678,-0.0277967433175358,-0.0168620783029057,435.47058983614426,36.0,1.0,1009572.0,1.0,1917247.0,73927.0,3
2025-12-17 14:22:32.477905,0.0037705261059678,-0.0277967433175358,-0.0168620783029057,435.2231288700295,37.0,1.0,1187657.0,1.0,2283866.0,87204.0,4
2025-12-17 14:22:32.577524,0.0037705261059678,-0.0277967433175358,-0.0168620783029057,430.25130844186185,36.0,1.0,775856.0,1.0,2401180.0,77200.0,5
2025-12-17 14:22:33.077881,0.0037705261059678,-0.0277967433175358,-0.0168620783029057,410.07004769307713,28.0,1.0,414113.0,1.0,1584617.0,76705.0,0
2025-12-17 14:22:33.183096,0.0037705261059678,-0.0277967433175358,-0.0168620783029057,421.3850011363993,32.0,1.0,674416.0,1.0,1721616.0,72785.0,1
2025-12-17 14:22:33.280136,0.0037705261059678,-0.0277967433175358,-0.0168620783029057,406.37933124221405,25.0,1.0,694100.0,1.0,1538638.0,68972.0,2
2025-12-17 14:22:33.383915,0.0037705261059678,-0.0277967433175358,-0.0168620783029057,444.46567848687,40.0,1.0,990952.0,1.0,1886352.0,73280.0,3
2025-12-17 14:22:33.478221,0.0037705261059678,-0.0277967433175358,-0.0168620783029057,405.2202549757454,22.0,1.0,1161422.0,1.0,2329930.0,90114.0,4
2025-12-17 14:22:33.581218,0.0037705261059678,-0.0277967433175358,-0.0168620783029057,426.25298661473346,34.0,1.0,780068.0,1.0,2342581.0,77488.0,5
2025-12-17 14:22:34.083448,0.0037705261059678,-0.0277967433175358,-0.0168620783029057,423.0699374797925,34.0,1.0,416503.0,1.0,1588376.0,75751.0,0
2025-12-17 14:22:34.183415,0.0037705261059678,-0.0277967433175358,-0.0168620783029057,430.37903656661535,36.0,1.0,697161.0,1.0,1541244.0,67403.0,2
2025-12-17 14:22:34.281781,0.0037705261059678,-0.0277967433175358,-0.0168620783029057,439.4612886175014,38.0,1.0,1005820.0,1.0,1902381.0,73628.0,3
2025-12-17 14:22:34.377452,0.0037705261059678,-0.0277967433175358,-0.0168620783029057,423.2176714972936,32.0,1.0,1200590.0,1.0,2270763.0,88243.0,4
2025-12-17 14:22:34.476491,0.0037705261059678,-0.0277967433175358,-0.0168620783029057,444.2544835080707,42.0,1.0,800394.0,1.0,2352911.0,76162.0,5
2025-12-17 14:22:35.080202,0.0037705261059678,-0.0277967433175358,-0.0168620783029057,426.06982823244016,35.0,1.0,417491.0,1.0,1577126.0,75520.0,0
2025-12-17 14:22:35.181693,0.0037705261059678,-0.0277967433175358,-0.0168620783029057,410.3817422115302,27.0,1.0,696218.0,1.0,1737420.0,73503.0,1
2025-12-17 14:22:35.277250,0.0037705261059678,-0.0277967433175358,-0.0168620783029057,434.3786797261668,37.0,1.0,711704.0,1.0,1506178.0,67175.0,2
2025-12-17 14:22:35.379508,0.0037705261059678,-0.0277967433175358,-0.0168620783029057,442.4559215826294,39.0,1.0,991959.0,1.0,1894670.0,73453.0,3
2025-12-17 14:22:35.484082,0.0037705261059678,-0.0277967433175358,-0.0168620783029057,406.2144921643312,24.0,1.0,1176455.0,1.0,2350523.0,89718.0,4
2025-12-17 14:22:35.581363,0.0037705261059678,-0.0277967433175358,-0.0168620783029057,422.2563308502058,32.0,1.0,780333.0,1.0,2356099.0,77830.0,5
2025-12-17 14:22:36.079614,0.0037705261059678,-0.0277967433175358,-0.0168620783029057,430.0697186937627,37.0,1.0,409930.0,1.0,1598623.0,75240.0,0
2025-12-17 14:22:36.179722,0.0037705261059678,-0.0277967433175358,-0.0168620783029057,423.3801148191504,33.0,1.0,691053.0,1.0,1725699.0,72613.0,1
2025-12-17 14:22:36.278646,0.0037705261059678,-0.0277967433175358,-0.0168620783029057,428.37835304197966,35.0,1.0,709779.0,1.0,1520004.0,67517.0,2
2025-12-17 14:22:36.379755,0.0037705261059678,-0.0277967433175358,-0.0168620783029057,427.4510311494619,32.0,1.0,993639.0,1.0,1912711.0,74530.0,3
2025-12-17 14:22:36.478492,0.0037705261059678,-0.0277967433175358,-0.0168620783029057,409.21163523790494,26.0,1.0,1209563.0,1.0,2321272.0,89415.0,4
2025-12-17 14:22:36.577511,0.0037705261059678,-0.0277967433175358,-0.0168620783029057,423.2579964061917,33.0,1.0,794994.0,1.0,2379338.0,77751.0,5
2025-12-17 14:22:37.082718,0.0037705261059678,-0.0277967433175358,-0.0168620783029057,423.0696087504305,34.0,1.0,412295.0,1.0,1589989.0,75777.0,0
2025-12-17 14:22:37.179091,0.0037705261059678,-0.0277967433175358,-0.0168620783029057,419.3784852417581,31.0,1.0,695276.0,1.0,1728622.0,72908.0,1
2025-12-17 14:22:37.280277,0.0037705261059678,-0.0277967433175358,-0.0168620783029057,418.37802628112877,30.0,1.0,710500.0,1.0,1522579.0,68206.0,2
2025-12-17 14:22:37.381228,0.0037705261059678,-0.0277967433175358,-0.0168620783029057,426.446134722104,32.0,1.0,994312.0,1.0,1896595.0,74581.0,3
2025-12-17 14:22:37.478914,0.0037705261059678,-0.0277967433175358,-0.0168620783029057,428.20876103908427,34.0,1.0,1186050.0,1.0,2327565.0,87826.0,4
2025-12-17 14:22:37.581187,0.0037705261059678,-0.0277967433175358,-0.0168620783029057,427.2596745489673,34.0,1.0,780861.0,1.0,2393877.0,77436.0,5
2025-12-17 14:22:38.078989,0.0037705261059678,-0.0277967433175358,-0.0168620783029057,440.0694995560165,42.0,1.0,412994.0,1.0,1556973.0,74480.0,0
2025-12-17 14:22:38.179796,0.0037705261059678,-0.0277967433175358,-0.0168620783029057,423.37685348587576,33.0,1.0,682684.0,1.0,1752776.0,72638.0,1
2025-12-17 14:22:38.279870,0.0037705261059678,-0.0277967433175358,-0.0168620783029057,439.3777001851321,40.0,1.0,701184.0,1.0,1539680.0,66812.0,2
2025-12-17 14:22:38.382754,0.0037705261059678,-0.0277967433175358,-0.0168620783029057,430.44123803561706,34.0,1.0,1003100.0,1.0,1895311.0,74278.0,3
2025-12-17 14:22:38.478585,0.0037705261059678,-0.0277967433175358,-0.0168620783029057,440.2058889978764,40.0,1.0,1194510.0,1.0,2309517.0,86762.0,4
2025-12-17 14:22:38.581164,0.0037705261059678,-0.0277967433175358,-0.0168620783029057,441.26134650702784,41.0,1.0,794994.0,1.0,2344167.0,76395.0,5
2025-12-17 14:22:39.083380,0.0037705261059678,-0.0277967433175358,-0.0168620783029057,428.06938947162513,36.0,1.0,409237.0,1.0,1578194.0,75418.0,0
2025-12-17 14:22:39.182315,0.0037705261059678,-0.0277967433175358,-0.0168620783029057,429.37521877207365,36.0,1.0,676245.0,1.0,1715218.0,72221.0,1
2025-12-17 14:22:39.279027,0.0037705261059678,-0.0277967433175358,-0.0168620783029057,429.3773742313712,35.0,1.0,707381.0,1.0,1543332.0,67494.0,2
2025-12-17 14:22:39.378755,0.0037705261059678,-0.0277967433175358,-0.0168620783029057,414.4363683621012,26.0,1.0,1032726.0,1.0,1923096.0,75495.0,3
2025-12-17 14:22:39.483390,0.0037705261059678,-0.0277967433175358,-0.0168620783029057,423.2030022067563,32.0,1.0,1187657.0,1.0,2289283.0,88213.0,4
2025-12-17 14:22:39.578928,0.0037705261059678,-0.0277967433175358,-0.0168620783029057,433.2630147649601,37.0,1.0,800936.0,1.0,2361687.0,76992.0,5
2025-12-17 14:22:40.079016,0.0037705261059678,-0.0277967433175358,-0.0168620783029057,432.0692803468091,38.0,1.0,410346.0,1.0,1553288.0,75113.0,0
2025-12-17 14:22:40.179014,0.0037705261059678,-0.0277967433175358,-0.0168620783029057,428.37359354840015,35.0,1.0,704752.0,1.0,1749221.0,72245.0,1
2025-12-17 14:22:40.277847,0.0037705261059678,-0.0277967433175358,-0.0168620783029057,438.3770483875494,39.0,1.0,707381.0,1.0,1520004.0,66903.0,2
2025-12-17 14:22:40.379559,0.0037705261059678,-0.0277967433175358,-0.0168620783029057,428.4314752056351,32.0,1.0,980610.0,1.0,1893388.0,74480.0,3
2025-12-17 14:22:40.477175,0.0037705261059678,-0.0277967433175358,-0.0168620783029057,431.2001470759465,35.0,1.0,1172480.0,1.0,2344167.0,87559.0,4
2025-12-17 14:22:40.579903,0.0037705261059678,-0.0277967433175358,-0.0168620783029057,426.26468839167313,34.0,1.0,786165.0,1.0,2361687.0,77514.0,5
2025-12-17 14:22:41.078959,0.0037705261059678,-0.0277967433175358,-0.0168620783029057,435.06917074993237,40.0,1.0,409653.0,1.0,1580867.0,74859.0,0
2025-12-17 14:22:41.179996,0.0037705261059678,-0.0277967433175358,-0.0168620783029057,420.3719613408399,31.0,1.0,682684.0,1.0,1733309.0,72859.0,1
2025-12-17 14:22:41.281780,0.0037705261059678,-0.0277967433175358,-0.0168620783029057,440.37672087571985,41.0,1.0,706185.0,1.0,1546469.0,66744.0,2
2025-12-17 14:22:41.381495,0.0037705261059678,-0.0277967433175358,-0.0168620783029057,432.4265765145657,34.0,1.0,1010255.0,1.0,1907539.0,74153.0,3
2025-12-17 14:22:41.481954,0.0037705261059678,-0.0277967433175358,-0.0168620783029057,431.197260359524,35.0,1.0,1193298.0,1.0,2324417.0,87559.0,4
2025-12-17 14:22:41.578340,0.0037705261059678,-0.0277967433175358,-0.0168620783029057,419.26635777485905,31.0,1.0,802564.0,1.0,2384981.0,78067.0,5
2025-12-17 14:22:42.082244,0.0037705261059678,-0.0277967433175358,-0.0168620783029057,403.06906078676207,25.0,1.0,410485.0,1.0,1602957.0,77200.0,0
2025-12-17 14:22:42.180917,0.0037705261059678,-0.0277967433175358,-0.0168620783029057,418.37032923274666,31.0,1.0,694335.0,1.0,1710580.0,72958.0,1
2025-12-17 14:22:42.279238,0.0037705261059678,-0.0277967433175358,-0.0168620783029057,424.3763954762216,33.0,1.0,710019.0,1.0,1540201.0,67792.0,2
2025-12-17 14:22:42.380193,0.0037705261059678,-0.0277967433175358,-0.0168620783029057,432.42169365480856,34.0,1.0,992295.0,1.0,1910769.0,74153.0,3
2025-12-17 14:22:42.478378,0.0037705261059678,-0.0277967433175358,-0.0168620783029057,426.1943976469031,33.0,1.0,1178448.0,1.0,2356099.0,88004.0,4
2025-12-17 14:22:42.580166,0.0037705261059678,-0.0277967433175358,-0.0168620783029057,414.2680328244411,29.0,1.0,776381.0,1.0,2398743.0,78412.0,5
2025-12-17 14:22:43.083500,0.0037705261059678,-0.0277967433175358,-0.0168620783029057,445.06895104597646,44.0,1.0,415799.0,1.0,1570202.0,74128.0,0
2025-12-17 14:22:43.178748,0.0037705261059678,-0.0277967433175358,-0.0168620783029057,427.3687021632268,35.0,1.0,684535.0,1.0,1733309.0,72368.0,1
2025-12-17 14:22:43.278177,0.0037705261059678,-0.0277967433175358,-0.0168620783029057,437.37606959357856,39.0,1.0,705946.0,1.0,1540201.0,66948.0,2
2025-12-17 14:22:43.377735,0.0037705261059678,-0.0277967433175358,-0.0168620783029057,433.41681644699617,35.0,1.0,999035.0,1.0,1897879.0,74103.0,3
2025-12-17 14:22:43.478975,0.0037705261059678,-0.0277967433175358,-0.0168620783029057,435.1915229453098,37.0,1.0,1184446.0,1.0,2311863.0,87204.0,4
2025-12-17 14:22:43.581709,0.0037705261059678,-0.0277967433175358,-0.0168620783029057,426.2697074008482,34.0,1.0,794994.0,1.0,2346549.0,77541.0,5
2025-12-17 14:22:44.078393,0.0037705261059678,-0.0277967433175358,-0.0168620783029057,436.06884200259555,40.0,1.0,410902.0,1.0,1600788.0,74808.0,0
2025-12-17 14:22:44.181098,0.0037705261059678,-0.0277967433175358,-0.0168620783029057,426.3670677249972,34.0,1.0,713875.0,1.0,1737420.0,72441.0,1
2025-12-17 14:22:44.279258,0.0037705261059678,-0.0277967433175358,-0.0168620783029057,429.4124086977298,33.0,1.0,1039741.0,1.0,1895953.0,74379.0,3
2025-12-17 14:22:44.381411,0.0037705261059678,-0.0277967433175358,-0.0168620783029057,428.1889302589365,34.0,1.0,1194106.0,1.0,2293161.0,87826.0,4
2025-12-17 14:22:44.478349,0.0037705261059678,-0.0277967433175358,-0.0168620783029057,427.2712065798047,34.0,1.0,796071.0,1.0,2364887.0,77436.0,5
2025-12-17 14:22:45.083559,0.0037705261059678,-0.0277967433175358,-0.0168620783029057,414.0687318332617,30.0,1.0,412574.0,1.0,1563309.0,76395.0,0
2025-12-17 14:22:45.183581,0.0037705261059678,-0.0277967433175358,-0.0168620783029057,433.3654330698968,38.0,1.0,706185.0,1.0,1727452.0,71928.0,1
2025-12-17 14:22:45.281448,0.0037705261059678,-0.0277967433175358,-0.0168620783029057,417.37541606894075,30.0,1.0,698814.0,1.0,1541244.0,68298.0,2
2025-12-17 14:22:45.378011,0.0037705261059678,-0.0277967433175358,-0.0168620783029057,437.4070366465124,37.0,1.0,983268.0,1.0,1897879.0,73802.0,3
2025-12-17 14:22:45.486598,0.0037705261059678,-0.0277967433175358,-0.0168620783029057,423.18575507169356,32.0,1.0,1192490.0,1.0,2265390.0,88213.0,4
2025-12-17 14:22:45.585955,0.0037705261059678,-0.0277967433175358,-0.0168620783029057,414.27305849317827,29.0,1.0,798500.0,1.0,2372101.0,78412.0,5
2025-12-17 14:22:46.078457,0.0309187343077958,-0.0301750251146675,0.0671640177958915,420.3639738794492,32.0,1.0,703323.0,1.0,1715218.0,72810.0,1
2025-12-17 14:22:46.181604,0.0456745017924647,-0.0291172225670185,0.0896564503758457,437.3751224121545,39.0,1.0,711222.0,1.0,1511795.0,66948.0,2
2025-12-17 14:22:46.277710,0.0599801938576372,-0.0265815745039972,0.1084721385704045,429.40263781519343,33.0,1.0,1006160.0,1.0,1899807.0,74354.0,3
2025-12-17 14:22:46.383697,0.0721002281692722,-0.0245233577551483,0.1287726681040919,435.1831777184488,37.0,1.0,1192490.0,1.0,2317347.0,87174.0,4
2025-12-17 14:22:46.481415,0.0830610454526106,-0.0222564724585032,0.1528694217948104,419.2745556991789,31.0,1.0,811029.0,1.0,2372101.0,78015.0,5
2025-12-17 14:22:47.079323,0.1465560868299938,-0.0055188170204975,0.2925992569766844,431.0685130912924,37.0,1.0,409237.0,1.0,1611661.0,75189.0,0
2025-12-17 14:22:47.178387,0.1565183630898498,-0.0025243724800503,0.3149826459113899,423.36218032665624,33.0,1.0,704275.0,1.0,1719868.0,72638.0,1
2025-12-17 14:22:47.277209,0.168323285825532,0.0010350155726781,0.3305719372898824,425.374764994281,34.0,1.0,711222.0,1.0,1536556.0,67723.0,2
2025-12-17 14:22:47.377856,0.1788135701460608,0.0054220180972885,0.3518758560399685,429.39725895328485,33.0,1.0,999373.0,1.0,1915950.0,74404.0,3
2025-12-17 14:22:47.480795,0.1896537503985679,0.0098561051671938,0.3762485631509173,436.180025770793,38.0,1.0,1192490.0,1.0,2348933.0,87115.0,4
2025-12-17 14:22:47.578337,0.2083390162743818,0.0177914998288831,0.3950502535100883,432.2763897489417,37.0,1.0,783773.0,1.0,2382561.0,77044.0,5
2025-12-17 14:22:48.078819,0.2867782125973184,0.0554592698319146,0.4992159380684911,425.0684035434083,35.0,1.0,417350.0,1.0,1588913.0,75623.0,0
2025-12-17 14:22:48.181304,0.2964714586040662,0.061562585003906,0.5260905797220817,425.3605449638728,34.0,1.0,687321.0,1.0,1746263.0,72490.0,1
2025-12-17 14:22:48.277336,0.3061381874510977,0.0663137463908305,0.5539580411768152,413.3744387240782,28.0,1.0,706424.0,1.0,1532401.0,68553.0,2
2025-12-17 14:22:48.378407,0.3161818506329035,0.0717420549661508,0.5766393542122774,429.3923670337928,33.0,1.0,994985.0,1.0,1890826.0,74404.0,3
2025-12-17 14:22:48.480620,0.325967562607683,0.078313156645669,0.5954034642926462,435.17715328714525,37.0,1.0,1168123.0,1.0,2323630.0,87204.0,4
2025-12-17 14:22:48.579722,0.334610073977687,0.0858268069421192,0.6189130505668258,426.2780640611733,34.0,1.0,778223.0,1.0,2358492.0,77514.0,5
2025-12-17 14:22:49.079420,0.3819462038176617,0.1160979914854063,0.7507322936574056,423.06829387441275,34.0,1.0,416503.0,1.0,1579797.0,75751.0,0
2025-12-17 14:22:49.178967,0.3903977033787524,0.1241677976987731,0.7717855779672664,424.35891816829485,34.0,1.0,697869.0,1.0,1731550.0,72515.0,1
2025-12-17 14:22:49.276576,0.398735941792057,0.1325831125685645,0.7903106664391178,413.3741127432403,28.0,1.0,700946.0,1.0,1531364.0,68530.0,2
2025-12-17 14:22:49.378742,0.4058876876511485,0.1413366052463653,0.8127729633055865,415.38747617037353,27.0,1.0,1017117.0,1.0,1908184.0,75393.0,3
2025-12-17 14:22:49.478538,0.4122837212494109,0.150574239725086,0.836482879942463,445.1742862822826,42.0,1.0,1225219.0,1.0,2297044.0,86323.0,4
2025-12-17 14:22:49.580090,0.4264058214754556,0.1569667670806284,0.8637631058660792,433.2797366729845,37.0,1.0,798770.0,1.0,2355301.0,76992.0,5
2025-12-17 14:22:50.078654,0.4357359984109709,0.1642993377292464,0.8877475552755758,433.0681843552447,38.0,1.0,408545.0,1.0,1582473.0,75036.0,0
2025-12-17 14:22:50.177871,0.4357359984109709,0.1642993377292464,0.8877475552755758,436.35728934913453,39.0,1.0,686159.0,1.0,1735657.0,71709.0,1
2025-12-17 14:22:50.283931,0.4357359984109709,0.1642993377292464,0.8877475552755758,425.37378411505586,34.0,1.0,694570.0,1.0,1545422.0,67723.0,2
2025-12-17 14:22:50.383853,0.4357359984109709,0.1642993377292464,0.8877475552755758,439.3825619560131,38.0,1.0,990617.0,1.0,1915950.0,73653.0,3
2025-12-17 14:22:50.481197,0.4325813349032376,0.1634822601553098,0.8841756722880524,408.17140565659133,25.0,1.0,1194510.0,1.0,2286960.0,89536.0,4
2025-12-17 14:22:50.577641,0.4334629203465305,0.1635223104972968,0.8881277302924507,439.2814045747815,40.0,1.0,787763.0,1.0,2344167.0,76576.0,5
2025-12-17 14:22:51.080182,0.4709440023979329,0.2141848056320814,1.0115255422081824,408.06807458464704,27.0,1.0,417491.0,1.0,1565427.0,76887.0,0
2025-12-17 14:22:51.178633,0.4761206339745096,0.2244771086421917,1.0315713071621977,432.35565750030764,37.0,1.0,690118.0,1.0,1740952.0,71977.0,1
2025-12-17 14:22:51.277720,0.4807534324373246,0.2340253727157993,1.0528673856990454,431.373459912491,36.0,1.0,700946.0,1.0,1531883.0,67357.0,2
2025-12-17 14:22:51.382802,0.4859957978064025,0.2431943839010153,1.0765784348545924,422.37767786906034,30.0,1.0,1011966.0,1.0,1927006.0,74910.0,3
2025-12-17 14:22:51.487617,0.4934148582718466,0.2558981252428604,1.1043500487958156,421.16851422559813,31.0,1.0,1182443.0,1.0,2324417.0,88362.0,4
2025-12-17 14:22:52.079879,0.5160604091505554,0.3151686667634144,1.234110187384103,429.0679650147327,37.0,1.0,409791.0,1.0,1594840.0,75342.0,0
2025-12-17 14:22:52.183180,0.5206272013782833,0.3254558139852884,1.256647472821522,430.3731645253873,36.0,1.0,700235.0,1.0,1549088.0,67403.0,2
2025-12-17 14:22:52.282451,0.5178263658886406,0.3445868818577303,1.277232361078514,425.16623067830966,33.0,1.0,1186853.0,1.0,2290058.0,88004.0,4
2025-12-17 14:22:52.384108,0.5143727361809685,0.3644395567903888,1.299206056957011,431.28442498131255,36.0,1.0,815433.0,1.0,2354504.0,77122.0,5
2025-12-17 14:22:53.078374,0.5300084229696314,0.442616678948711,1.4571647115428707,430.0678555765613,37.0,1.0,413973.0,1.0,1573927.0,75265.0,0
2025-12-17 14:22:53.183757,0.5133164742019112,0.4521310066725368,1.4870968301083975,416.35238793247123,30.0,1.0,704037.0,1.0,1738008.0,73106.0,1
2025-12-17 14:22:53.280443,0.4927744724192743,0.4617465916545974,1.5141220393264816,426.37280656662654,34.0,1.0,708579.0,1.0,1541244.0,67700.0,2
2025-12-17 14:22:53.378859,0.4938386682502575,0.4725630920285218,1.5210119820641248,437.3679186962191,37.0,1.0,1014367.0,1.0,1913358.0,73802.0,3
2025-12-17 14:22:53.480860,0.4948127206433449,0.4837061212639572,1.5222701412828876,435.1627876655266,37.0,1.0,1171687.0,1.0,2348933.0,87233.0,4
2025-12-17 14:22:53.581777,0.495271398258189,0.4951659931228382,1.5237379639749284,429.28642747970844,35.0,1.0,785101.0,1.0,2372101.0,77305.0,5
2025-12-17 14:22:54.079818,0.4887377087138163,0.5502023471037611,1.536640570707708,428.0677458151703,36.0,1.0,412435.0,1.0,1559610.0,75367.0,0
2025-12-17 14:22:54.180902,0.4747031900929536,0.5599383794320348,1.548729789406485,431.35076198154735,37.0,1.0,695746.0,1.0,1731550.0,72050.0,1
2025-12-17 14:22:54.277695,0.4749615684132385,0.5718209415380047,1.5502062568594337,429.3724812343314,35.0,1.0,712185.0,1.0,1542287.0,67494.0,2
2025-12-17 14:22:54.382214,0.474967446438301,0.5834022711318704,1.5509473767330209,427.36301306733867,32.0,1.0,1001065.0,1.0,1895953.0,74530.0,3
2025-12-17 14:22:54.481140,0.4753297904980954,0.5949356203005098,1.5526764524041008,411.15991387467,26.0,1.0,1195724.0,1.0,2299378.0,89234.0,4
2025-12-17 14:22:54.577382,0.4755463921519173,0.6065447647314388,1.5507340975440322,421.28809212780016,32.0,1.0,792308.0,1.0,2391448.0,77909.0,5
2025-12-17 14:22:55.084593,0.4762178472089033,0.6642097747982219,1.54702231994195,430.0676356886914,37.0,1.0,408683.0,1.0,1577126.0,75265.0,0
2025-12-17 14:22:55.179581,0.4763968108682073,0.6758102674924633,1.547018708359712,426.3491335292734,35.0,1.0,679917.0,1.0,1714638.0,72392.0,1
2025-12-17 14:22:55.278325,0.4764793980247386,0.6872283534328699,1.5460397960421164,452.37215480003556,46.0,1.0,703085.0,1.0,1545422.0,66003.0,2
2025-12-17 14:22:55.379480,0.4766667819876652,0.6988313850912268,1.5470170926715408,428.3581372089525,32.0,1.0,1040093.0,1.0,1917247.0,74480.0,3
2025-12-17 14:22:55.480533,0.4767442436397616,0.7102646335984375,1.5479905066301478,433.15704263215235,36.0,1.0,1188059.0,1.0,2358492.0,87351.0,4
2025-12-17 14:22:55.585683,0.4768250709928938,0.7221620722834723,1.548984698919652,429.2897780035597,36.0,1.0,801207.0,1.0,2372101.0,77253.0,5
2025-12-17 14:22:56.079323,0.4775378917646976,0.7803406639109698,1.5507174141597473,440.0675266631757,42.0,1.0,413133.0,1.0,1560666.0,74505.0,0
2025-12-17 14:22:56.179091,0.4773362315440463,0.7921112752664353,1.553440397773128,437.3475037219656,40.0,1.0,698342.0,1.0,1730964.0,71612.0,1
2025-12-17 14:22:56.279340,0.4646912614123518,0.800092818906799,1.5557032353203228,433.3718282401416,37.0,1.0,725076.0,1.0,1523610.0,67243.0,2
2025-12-17 14:22:56.379327,0.448010525722923,0.8077144976830599,1.5633730770551348,427.3532487314753,32.0,1.0,999373.0,1.0,1908830.0,74505.0,3
2025-12-17 14:22:56.476858,0.4477505032915191,0.8191053711325973,1.5636082531631,434.1541802039571,36.0,1.0,1188059.0,1.0,2293161.0,87322.0,4
2025-12-17 14:22:56.578590,0.4482105498955392,0.8306047415227826,1.5650899143996184,435.29143814060484,38.0,1.0,782183.0,1.0,2402806.0,76835.0,5
2025-12-17 14:22:57.079979,0.4490264587607175,0.8886519926443853,1.558910600208506,438.06741698815205,41.0,1.0,407027.0,1.0,1590527.0,74656.0,0
2025-12-17 14:22:57.182257,0.4485426277311919,0.8997029381745808,1.5586612073710249,423.3458679531612,33.0,1.0,701184.0,1.0,1726283.0,72638.0,1
2025-12-17 14:22:57.280859,0.4478471004240889,0.9012940155537088,1.5579896554263584,431.3715015158283,36.0,1.0,707142.0,1.0,1527741.0,67357.0,2
2025-12-17 14:22:57.381614,0.4479406985009539,0.90119801253137,1.5584821654327163,417.3483483242877,28.0,1.0,1008888.0,1.0,1918546.0,75214.0,3
2025-12-17 14:22:57.480068,0.4479406985009539,0.90119801253137,1.5584821654327163,416.1512979952503,29.0,1.0,1187657.0,1.0,2334666.0,88812.0,4
2025-12-17 14:22:57.579720,0.4478909139167175,0.9011494392035588,1.558226670965326,429.2931120264774,35.0,1.0,806376.0,1.0,2364086.0,77305.0,5
2025-12-17 14:22:58.077947,0.4507402559632294,0.927622617954998,1.5582369887607408,403.0673076077415,25.0,1.0,416362.0,1.0,1592143.0,77200.0,0
2025-12-17 14:22:58.185249,0.4507899513163707,0.9426569387594066,1.5599675591596027,425.3442324680823,34.0,1.0,697397.0,1.0,1732722.0,72490.0,1
2025-12-17 14:22:58.276983,0.4504691536681758,0.9568678014192292,1.558967606945126,429.3711765515193,36.0,1.0,719454.0,1.0,1522064.0,67448.0,2
2025-12-17 14:22:58.378515,0.4506680034675415,0.968831275776321,1.5592347319755329,427.3434742504689,32.0,1.0,1016429.0,1.0,1903669.0,74530.0,3
2025-12-17 14:22:58.477623,0.4507650126931319,0.980092701033406,1.557997360590597,413.1484320332817,27.0,1.0,1217366.0,1.0,2346549.0,89053.0,4
2025-12-17 14:22:58.578795,0.450809831680557,0.9912386159534284,1.559493846665824,435.294782476397,38.0,1.0,787496.0,1.0,2410952.0,76835.0,5
2025-12-17 14:22:59.078944,0.450118261531849,1.046006937338147,1.5602021923238156,430.0671978953431,37.0,1.0,409098.0,1.0,1571266.0,75240.0,0
2025-12-17 14:22:59.178648,0.4325564927230613,1.051221617121565,1.5832221600024896,424.34261262540963,34.0,1.0,690118.0,1.0,1726283.0,72515.0,1
2025-12-17 14:22:59.280338,0.4277986886072417,1.0612140409588604,1.588351446242123,424.37084922825,33.0,1.0,705230.0,1.0,1542287.0,67792.0,2
2025-12-17 14:22:59.378760,0.4278633012206158,1.073073589509788,1.5923212924523669,442.33858382707984,39.0,1.0,1005820.0,1.0,1904958.0,73453.0,3
2025-12-17 14:22:59.479479,0.42760542242069,1.085052190341972,1.5923212924523669,421.1455537145985,31.0,1.0,1204252.0,1.0,2309517.0,88392.0,4
2025-12-17 14:22:59.578539,0.4274207059578559,1.0964012763405044,1.5910736191633017,418.29645404488235,30.0,1.0,803651.0,1.0,2380949.0,78120.0,5
2025-12-17 14:23:00.079753,0.4255061652189448,1.154632615865526,1.5916011029806203,417.0670882035501,31.0,1.0,409237.0,1.0,1585153.0,76188.0,0
2025-12-17 14:23:00.183248,0.4251129590545593,1.1664671341815178,1.5928368722028965,421.34097451831576,32.0,1.0,688485.0,1.0,1749221.0,72736.0,1
2025-12-17 14:23:00.278133,0.424436878763135,1.1780409940629497,1.591610753474921,419.37052371881265,31.0,1.0,719210.0,1.0,1538638.0,68137.0,2
2025-12-17 14:23:00.383004,0.4241917799924727,1.1894507319488434,1.5926044960200043,414.33367385167793,26.0,1.0,1036578.0,1.0,1940094.0,75495.0,3
2025-12-17 14:23:00.483186,0.4238503980859788,1.2006034849794247,1.590117510007593,415.297966611515,29.0,1.0,798230.0,1.0,2340996.0,78332.0,5
2025-12-17 14:23:01.081757,0.4211577432982595,1.270514003723912,1.5975123067054349,425.0669783807814,35.0,1.0,410069.0,1.0,1582473.0,75597.0,0
2025-12-17 14:23:01.178879,0.4204499106410347,1.2822776714895734,1.5980076516561994,432.3393510361298,37.0,1.0,707860.0,1.0,1711738.0,72001.0,1
2025-12-17 14:23:01.284535,0.4178285744579864,1.2927867662370145,1.5983846020898118,446.3701954015243,43.0,1.0,710019.0,1.0,1537597.0,66406.0,2
2025-12-17 14:23:01.378786,0.4014426638558068,1.294693779732868,1.6137267809591072,433.3288052489025,35.0,1.0,997683.0,1.0,1884438.0,74052.0,3
2025-12-17 14:23:01.480048,0.397402562828956,1.3040658956428817,1.6145651056148669,438.1398061070285,38.0,1.0,1176455.0,1.0,2297822.0,86968.0,4
2025-12-17 14:23:01.580298,0.3973422661192038,1.315275217496223,1.6148239073352215,413.29980097895714,28.0,1.0,792308.0,1.0,2365687.0,78491.0,5
2025-12-17 14:23:02.080944,0.3949996269381524,1.341188516385871,1.6084149284841267,440.06686886676465,42.0,1.0,410624.0,1.0,1616030.0,74530.0,0
2025-12-17 14:23:02.182467,0.3949996269381524,1.341188516385871,1.6084149284841267,420.33771457920955,32.0,1.0,693396.0,1.0,1728037.0,72834.0,1
2025-12-17 14:23:02.281442,0.3949996269381524,1.341188516385871,1.6084149284841267,432.36987018177814,37.0,1.0,710260.0,1.0,1553288.0,67311.0,2
2025-12-17 14:23:02.379835,0.3950838826789456,1.3414770305542842,1.6089086794973215,434.32391089457616,35.0,1.0,1009913.0,1.0,1920495.0,74002.0,3
2025-12-17 14:23:02.480848,0.3954663592893923,1.3489272506748131,1.606425993111471,426.13693082221897,33.0,1.0,1194510.0,1.0,2320486.0,87974.0,4
2025-12-17 14:23:02.579371,0.3966201537385701,1.3589756073239558,1.611245069261591,428.30147142553284,35.0,1.0,806103.0,1.0,2401180.0,77357.0,5
2025-12-17 14:23:03.078475,0.3934156986466767,1.424358726756693,1.5390607675657144,431.06675953425065,38.0,1.0,411180.0,1.0,1579797.0,75138.0,0
2025-12-17 14:23:03.183599,0.3949907289684403,1.4343167779254808,1.5185914302875805,421.3360821270583,32.0,1.0,701896.0,1.0,1719868.0,72736.0,1
2025-12-17 14:23:03.277608,0.3955773771350733,1.4450702723879172,1.4949704185460826,422.3195214799055,30.0,1.0,1007524.0,1.0,1899164.0,74859.0,3
2025-12-17 14:23:03.378519,0.3957113154754854,1.4564479114869004,1.47645621920337,416.134351825626,29.0,1.0,1204252.0,1.0,2309517.0,88782.0,4
2025-12-17 14:23:03.482060,0.3972026690430368,1.4671920969536802,1.448786541430057,408.30298071839627,26.0,1.0,787230.0,1.0,2399555.0,78891.0,5
2025-12-17 14:23:04.076618,0.4106643695011125,1.5328111737387151,1.3189618948521775,440.0666501346596,42.0,1.0,410485.0,1.0,1555919.0,74530.0,0
2025-12-17 14:23:04.180674,0.4085232728154306,1.5355394548872416,1.3164060498954109,415.33445629027693,30.0,1.0,687321.0,1.0,1739185.0,73156.0,1
2025-12-17 14:23:04.278690,0.4064836547984901,1.5380042436419554,1.3126305507864189,415.36921862201615,29.0,1.0,715810.0,1.0,1548564.0,68391.0,2
2025-12-17 14:23:04.380879,0.4093887630684638,1.549198277320316,1.286651163989811,431.31412733916716,34.0,1.0,997683.0,1.0,1907539.0,74253.0,3
2025-12-17 14:23:04.481070,0.4124946809655991,1.560081961148883,1.269177550338828,434.13118421157526,37.0,1.0,1182843.0,1.0,2314995.0,87263.0,4
2025-12-17 14:23:04.579179,0.4161141666461615,1.5715911921645127,1.24613584602215,425.30481509754236,33.0,1.0,792040.0,1.0,2399555.0,77593.0,5
2025-12-17 14:23:05.079229,0.4342045442814221,1.620460667421067,1.133958131600895,431.06654024536175,38.0,1.0,410902.0,1.0,1585153.0,75138.0,0
2025-12-17 14:23:05.181636,0.4334865496845075,1.6254697694575906,1.1230909933190758,421.3328241153288,32.0,1.0,687321.0,1.0,1726868.0,72736.0,1
2025-12-17 14:23:05.277302,0.4383565829880997,1.6349757052998402,1.099337860862108,409.36889284604996,26.0,1.0,717265.0,1.0,1549613.0,68809.0,2
2025-12-17 14:23:05.382515,0.4434580374912222,1.6450731818596458,1.084005398617089,426.30923011486544,32.0,1.0,1029585.0,1.0,1945354.0,74581.0,3
2025-12-17 14:23:05.478085,0.4488162352119502,1.6546950430205742,1.0585319261259212,430.1283198010193,35.0,1.0,1213663.0,1.0,2297044.0,87618.0,4
2025-12-17 14:23:05.577217,0.4549374362048131,1.6641662863448743,1.036575693797862,437.3064838136017,39.0,1.0,799852.0,1.0,2388212.0,76679.0,5
2025-12-17 14:23:06.180106,0.4969606885510634,1.7290315378759202,0.901727746773825,438.3311960038516,40.0,1.0,703799.0,1.0,1703070.0,71564.0,1
2025-12-17 14:23:06.276678,0.5041685961582477,1.738565574595219,0.8831764466652637,433.36856682084493,37.0,1.0,712185.0,1.0,1521034.0,67243.0,2
2025-12-17 14:23:06.378664,0.5113186365988955,1.7467303376632146,0.8534161307045551,432.3043597177442,35.0,1.0,1011966.0,1.0,1922446.0,74128.0,3
2025-12-17 14:23:06.480778,0.5189791897721191,1.7556439261928214,0.8285876435217349,421.1254390776465,31.0,1.0,1175261.0,1.0,2323630.0,88392.0,4
2025-12-17 14:23:06.577781,0.5266260252859157,1.7643371951549829,0.8095675659989243,434.30815675312414,38.0,1.0,803107.0,1.0,2367289.0,76887.0,5
2025-12-17 14:23:07.080432,0.5347736584272107,1.7725768712842136,0.8023604750569115,410.06632090726106,28.0,1.0,411598.0,1.0,1582473.0,76705.0,0
2025-12-17 14:23:07.182915,0.5382010812207224,1.7736331899503663,0.7933188815582828,419.32956081717356,31.0,1.0,700946.0,1.0,1759314.0,72908.0,1
2025-12-17 14:23:07.283917,0.5471355653084121,1.7783608290475728,0.7752818996218089,434.3682382305031,37.0,1.0,717023.0,1.0,1520004.0,67175.0,2
2025-12-17 14:23:07.378708,0.5567527709509478,1.787464268417474,0.7490340233063086,428.2994702770895,32.0,1.0,1017461.0,1.0,1912711.0,74480.0,3
2025-12-17 14:23:07.477701,0.5658977214098757,1.7989162040484097,0.7222683567857837,435.1225749314053,37.0,1.0,1219428.0,1.0,2296267.0,87233.0,4
2025-12-17 14:23:07.581199,0.5755931616605762,1.809937135962841,0.6931472542399318,428.30983446452467,35.0,1.0,802564.0,1.0,2396309.0,77357.0,5
2025-12-17 14:23:08.078114,0.6196923453301105,1.8435499421555064,0.5844447979555221,426.06621155819704,35.0,1.0,410485.0,1.0,1617125.0,75520.0,0
2025-12-17 14:23:08.182605,0.6288254380875162,1.849750105535464,0.5656675850703762,405.32793071635666,25.0,1.0,703085.0,1.0,1743310.0,73902.0,1
2025-12-17 14:23:08.280406,0.6382018263564587,1.856421882247408,0.5376890164701703,413.36791314712053,28.0,1.0,701184.0,1.0,1540201.0,68553.0,2
2025-12-17 14:23:08.380571,0.6475935787633674,1.8614752709248352,0.509971526720381,432.2945719429336,34.0,1.0,1018495.0,1.0,1928963.0,74178.0,3
2025-12-17 14:23:08.478986,0.6536017204104186,1.864667934070681,0.4996948314430802,421.1196982531974,31.0,1.0,1202216.0,1.0,2342581.0,88362.0,4
2025-12-17 14:23:08.582289,0.6621281813233992,1.8707290607357012,0.482944154527523,419.31150828351736,31.0,1.0,788296.0,1.0,2362487.0,78015.0,5
2025-12-17 14:23:09.078844,0.7130535416939101,1.8954687388729263,0.372202436040948,420.06610187506266,33.0,1.0,415939.0,1.0,1580867.0,75982.0,0
2025-12-17 14:23:09.178324,0.7235357217820887,1.897943428330264,0.3519044167664418,423.3263070906774,33.0,1.0,681760.0,1.0,1742131.0,72638.0,1
2025-12-17 14:23:09.282855,0.7339753169665669,1.90135831251814,0.3274528251584416,425.3675861194145,33.0,1.0,712427.0,1.0,1536556.0,67746.0,2
2025-12-17 14:23:09.381031,0.7465467343861866,1.9028439853431365,0.3055422050345683,423.2896804683611,30.0,1.0,1007524.0,1.0,1899164.0,74833.0,3
2025-12-17 14:23:09.478565,0.7585330316233776,1.9046540646437216,0.2785259160980746,426.1168264763043,33.0,1.0,1213663.0,1.0,2340996.0,87945.0,4
2025-12-17 14:23:09.578220,0.7698529968615229,1.907088728492144,0.2507097029020386,409.31317347667994,26.0,1.0,788296.0,1.0,2356099.0,78837.0,5
2025-12-17 14:23:10.078669,0.8235869651669073,1.9157234606878453,0.1293561527828492,434.06599229111913,39.0,1.0,410485.0,1.0,1550662.0,74960.0,0
2025-12-17 14:23:10.177817,0.8356026205317997,1.9174273659500487,0.1058802187252187,418.32467731108994,31.0,1.0,669187.0,1.0,1721616.0,73007.0,1
2025-12-17 14:23:10.277158,0.8479162370055234,1.9191147919491487,0.09227823506491,433.36726174916805,37.0,1.0,702371.0,1.0,1547516.0,67198.0,2
2025-12-17 14:23:10.378071,0.8602645639092167,1.9187481990892297,0.066080113546001,421.28480571493986,29.0,1.0,1017461.0,1.0,1936158.0,74986.0,3
2025-12-17 14:23:10.477821,0.8727240823455906,1.9172452573374164,0.0381373762344586,417.11395562738585,29.0,1.0,1222320.0,1.0,2301714.0,88752.0,4
2025-12-17 14:23:10.582820,0.8841703834450371,1.918031130856048,0.0190819943749614,432.3148531643804,37.0,1.0,799852.0,1.0,2376119.0,77044.0,5
2025-12-17 14:23:11.076954,0.9399705031907424,1.915140196250244,-0.0944093042875422,410.06588287596446,28.0,1.0,414254.0,1.0,1581938.0,76679.0,0
2025-12-17 14:23:11.189333,0.9420988807504498,1.915939577508057,-0.0991097816819283,419.36696417143816,31.0,1.0,692458.0,1.0,1515381.0,68160.0,2
2025-12-17 14:23:11.280576,0.9412047241254516,1.917077360637894,-0.0987937624172267,428.28039316445404,33.0,1.0,1002761.0,1.0,1885076.0,74455.0,3
2025-12-17 14:23:11.381364,0.9396998764863368,1.918439794151781,-0.095077892481916,430.1113597606166,35.0,1.0,1184045.0,1.0,2362487.0,87648.0,4
2025-12-17 14:23:11.483468,0.9398470725427104,1.9184737429097969,-0.0948297395294316,430.3163590446989,36.0,1.0,791772.0,1.0,2387404.0,77200.0,5
2025-12-17 14:23:12.081366,1.0073618095579484,1.906157713632807,-0.2247318227167549,425.06577278927136,35.0,1.0,410763.0,1.0,1555919.0,75597.0,0
2025-12-17 14:23:12.177708,1.0191188647661178,1.9045463984488973,-0.2470050815718489,440.32141627621627,41.0,1.0,691287.0,1.0,1728622.0,71467.0,1
2025-12-17 14:23:12.279439,1.029722800434863,1.9023364442473607,-0.2700403543023263,434.3666085474967,38.0,1.0,726304.0,1.0,1523610.0,67152.0,2
2025-12-17 14:23:12.377077,1.0396158475192117,1.8989602726578136,-0.2945598980736157,430.2750321237726,34.0,1.0,1018150.0,1.0,1914654.0,74304.0,3
2025-12-17 14:23:12.479571,1.0497091736763409,1.895667971317534,-0.3175715551348224,436.1082046268188,38.0,1.0,1209153.0,1.0,2310299.0,87086.0,4
2025-12-17 14:23:12.577890,1.0555318834009424,1.8924766343328088,-0.3381876042221229,421.31818891447045,32.0,1.0,806376.0,1.0,2387404.0,77856.0,5
2025-12-17 14:23:13.078776,1.101602620554162,1.869340519627129,-0.4503439568854397,435.0656634700194,39.0,1.0,412016.0,1.0,1588913.0,74884.0,0
2025-12-17 14:23:13.178507,1.111029588074159,1.8640650368625555,-0.4739407287759095,432.31978436705697,37.0,1.0,695511.0,1.0,1704800.0,71977.0,1
2025-12-17 14:23:13.279976,1.1202348248265512,1.8585749186512364,-0.5037118500831289,409.3662821435401,26.0,1.0,702609.0,1.0,1555392.0,68809.0,2
2025-12-17 14:23:13.384100,1.1298636413698366,1.8531256855990283,-0.526165043935579,427.2701085612129,32.0,1.0,1017117.0,1.0,1939437.0,74505.0,3
2025-12-17 14:23:13.478440,1.1443608053854677,1.849622247271528,-0.540735477359329,420.1053348897461,30.0,1.0,1202216.0,1.0,2281548.0,88482.0,4
2025-12-17 14:23:13.578998,1.1599607306149209,1.8470557038810675,-0.5624823285641429,422.31986276355906,32.0,1.0,784304.0,1.0,2372904.0,77830.0,5
2025-12-17 14:23:14.079639,1.204878042920851,1.813630238036712,-0.6762167658226423,428.06555377230785,36.0,1.0,409791.0,1.0,1581938.0,75393.0,0
2025-12-17 14:23:14.182030,1.2134586864884138,1.8065339573917736,-0.7047549627547799,422.3181480161261,33.0,1.0,698342.0,1.0,1718123.0,72687.0,1
2025-12-17 14:23:14.279268,1.2231571203049034,1.7988637685890907,-0.7251705086089171,419.36595614573827,31.0,1.0,717023.0,1.0,1530846.0,68160.0,2
2025-12-17 14:23:14.377397,1.234292964821033,1.7922427673261176,-0.7392810706499334,432.2652521081629,35.0,1.0,1021602.0,1.0,1928310.0,74128.0,3
2025-12-17 14:23:14.478541,1.2472623661706503,1.7851936629892673,-0.7629233448201422,430.10246161315405,35.0,1.0,1231455.0,1.0,2355301.0,87588.0,4
2025-12-17 14:23:15.079705,1.2930307050916368,1.7350925513548223,-0.8972245570754898,430.0654441619499,37.0,1.0,413553.0,1.0,1566487.0,75265.0,0
2025-12-17 14:23:15.181226,1.2996655390954226,1.726313718110094,-0.9167445998947188,423.3165187208287,33.0,1.0,685926.0,1.0,1764084.0,72613.0,1
2025-12-17 14:23:15.279447,1.3062630445783203,1.714302323036889,-0.9462948933074966,419.3656298585716,31.0,1.0,709779.0,1.0,1542287.0,68114.0,2
2025-12-17 14:23:15.378632,1.313782557290177,1.6980037759664286,-0.9759635507483932,411.099875663934,26.0,1.0,1221907.0,1.0,2305612.0,89234.0,4
2025-12-17 14:23:15.478347,1.3200116743319317,1.689082995851125,-0.9944465582762904,433.32303846847054,37.0,1.0,789364.0,1.0,2347343.0,76992.0,5
2025-12-17 14:23:16.078431,1.3280333068364003,1.6733544832745826,-1.037688542160131,428.0653346984603,36.0,1.0,407716.0,1.0,1593761.0,75367.0,0
2025-12-17 14:23:16.179065,1.3369149987059004,1.6611753937753813,-1.065279722876215,434.31489163826404,38.0,1.0,685926.0,1.0,1716960.0,71879.0,1
2025-12-17 14:23:16.281692,1.353818711300833,1.6479418804057069,-1.0903350727113623,427.3653028974162,34.0,1.0,715084.0,1.0,1547516.0,67608.0,2
2025-12-17 14:23:16.382886,1.3613098718663068,1.636357662187652,-1.1088619472817132,416.2554468201464,27.0,1.0,1025065.0,1.0,1924399.0,75291.0,3
2025-12-17 14:23:16.481859,1.3678341271684713,1.6254028751505942,-1.1310241537114047,434.09670610774435,37.0,1.0,1197749.0,1.0,2342581.0,87292.0,4
2025-12-17 14:23:16.578306,1.3732199143268369,1.6147785763201083,-1.1510100960095886,427.32487759608676,34.0,1.0,792308.0,1.0,2352115.0,77436.0,5
2025-12-17 14:23:17.080118,1.389571782903719,1.563707387450033,-1.265811010833341,431.0652249104357,37.0,1.0,417067.0,1.0,1570734.0,75189.0,0
2025-12-17 14:23:17.182022,1.3936937023923448,1.5524413619477258,-1.2834324993859223,425.3132562102563,34.0,1.0,695040.0,1.0,1725699.0,72490.0,1
2025-12-17 14:23:17.281012,1.3975810823613402,1.5411385519281506,-1.308889366681939,431.36497689048,36.0,1.0,730742.0,1.0,1533958.0,67357.0,2
2025-12-17 14:23:17.381584,1.4005638370208309,1.5296670290836902,-1.3335208384011352,423.2505639603893,30.0,1.0,1001743.0,1.0,1919195.0,74833.0,3
2025-12-17 14:23:17.480266,1.4046141244039103,1.5184027245715193,-1.3551023188948474,430.0938376979914,35.0,1.0,1197749.0,1.0,2347343.0,87588.0,4
2025-12-17 14:23:17.580811,1.4087584512249482,1.507011455973544,-1.3793034727582862,416.3265537809545,30.0,1.0,783243.0,1.0,2362487.0,78253.0,5
2025-12-17 14:23:18.078419,1.4244131313840556,1.4484447782297356,-1.4867229916356055,405.06511549352734,26.0,1.0,411738.0,1.0,1591604.0,77070.0,0
2025-12-17 14:23:18.180703,1.4253917445780533,1.437024577888916,-1.5039586778411438,433.3116277547212,38.0,1.0,686391.0,1.0,1717542.0,71928.0,1
2025-12-17 14:23:18.277971,1.42682992534837,1.4257346504959396,-1.5272437808442656,433.36465165376995,37.0,1.0,719697.0,1.0,1544377.0,67243.0,2
2025-12-17 14:23:18.386202,1.4266535042188746,1.4150452077349505,-1.5500127450604662,422.24565215641707,30.0,1.0,1028541.0,1.0,1930923.0,74910.0,3
2025-12-17 14:23:18.478652,1.4266430172433835,1.4043432980269908,-1.5803222329054865,405.09096934857104,21.0,1.0,1209153.0,1.0,2291609.0,90328.0,4
2025-12-17 14:23:18.578635,1.4286192104888404,1.389454912560366,-1.6088218398240246,429.3282221392065,36.0,1.0,806922.0,1.0,2368090.0,77253.0,5
2025-12-17 14:23:19.080693,1.4251529997827053,1.33086875152349,-1.7256698808444426,413.0650056411658,29.0,1.0,421466.0,1.0,1605128.0,76498.0,0
2025-12-17 14:23:19.188021,1.4230290501636598,1.320464623649359,-1.7501060524363148,423.30998521563936,33.0,1.0,703799.0,1.0,1740363.0,72588.0,1
2025-12-17 14:23:19.277389,1.419898831522356,1.3106641795864915,-1.7768846258207964,423.36432561486333,32.0,1.0,716295.0,1.0,1534477.0,67906.0,2
2025-12-17 14:23:19.378785,1.4172943078217288,1.3001127936602466,-1.7996409570471563,416.240799194274,27.0,1.0,1022294.0,1.0,1928310.0,75342.0,3
2025-12-17 14:23:19.478704,1.4040611116936283,1.2898937341609762,-1.7990056691240268,423.0880962127554,32.0,1.0,1184847.0,1.0,2314995.0,88213.0,4
2025-12-17 14:23:19.578412,1.3981782909333078,1.2780823949936189,-1.7983821448632848,433.32989376286775,37.0,1.0,789364.0,1.0,2356099.0,76992.0,5
2025-12-17 14:23:20.077405,1.3871345872661591,1.2212618367433532,-1.7974215748610154,443.06489639841675,43.0,1.0,415377.0,1.0,1581938.0,74278.0,0
2025-12-17 14:23:20.182518,1.384602857300197,1.2100534673137555,-1.7956926634450598,420.308363582561,32.0,1.0,713633.0,1.0,1770664.0,72810.0,1
2025-12-17 14:23:20.277287,1.3824970170038182,1.1983169689402424,-1.7986715128651751,409.3639994193669,26.0,1.0,705230.0,1.0,1548564.0,68809.0,2
2025-12-17 14:23:20.378100,1.3667816767839804,1.196761089627575,-1.7871613425266553,429.23591331786474,33.0,1.0,1004119.0,1.0,1914006.0,74354.0,3
2025-12-17 14:23:20.482379,1.3587792539604684,1.188887039598693,-1.7830734040233804,430.0852126681099,35.0,1.0,1219015.0,1.0,2304052.0,87588.0,4
2025-12-17 14:23:20.579185,1.356598771721659,1.1775007155031878,-1.7850414903958138,426.3315670518375,34.0,1.0,793113.0,1.0,2351319.0,77514.0,5
2025-12-17 14:23:21.078249,1.3456305084994942,1.1212211342838754,-1.7810664843346669,428.06478670278767,36.0,1.0,415939.0,1.0,1614390.0,75367.0,0
2025-12-17 14:23:21.181019,1.3434325779270664,1.1099842351521376,-1.7800717141679765,423.306735420535,33.0,1.0,698105.0,1.0,1738597.0,72588.0,1
2025-12-17 14:23:21.281898,1.3407418214761004,1.0989747820687574,-1.7817903296291373,430.3636716863543,36.0,1.0,697397.0,1.0,1544377.0,67448.0,2
2025-12-17 14:23:21.380505,1.3383881144629748,1.087991906552349,-1.7812600621071184,417.2310123337486,28.0,1.0,1042207.0,1.0,1923747.0,75240.0,3
2025-12-17 14:23:21.479933,1.3358353683556017,1.076539792385893,-1.7862076664521371,424.0823467090143,32.0,1.0,1191684.0,1.0,2355301.0,88153.0,4
2025-12-17 14:23:21.580711,1.3330995596008663,1.0653772842727471,-1.78669655059015,438.3332415998206,40.0,1.0,805557.0,1.0,2368090.0,76576.0,5
2025-12-17 14:23:22.078860,1.3204122763525246,1.008313779169553,-1.7827359366951585,416.06467703269607,31.0,1.0,420184.0,1.0,1577660.0,76291.0,0
2025-12-17 14:23:22.182806,1.3180255944335373,0.9965019785029212,-1.7830123680079362,422.30510190033664,32.0,1.0,706902.0,1.0,1749221.0,72711.0,1
2025-12-17 14:23:22.279639,1.315237510990863,0.9860752669989092,-1.783746920694923,425.3633461945333,34.0,1.0,722871.0,1.0,1538117.0,67723.0,2
2025-12-17 14:23:22.378727,1.3128698949693054,0.9746998189522452,-1.7842459516280724,422.22613180126285,30.0,1.0,1005139.0,1.0,1903669.0,74910.0,3
2025-12-17 14:23:22.480540,1.3102245400334078,0.9636978011951772,-1.7858940418529363,426.0794719786912,33.0,1.0,1225634.0,1.0,2362487.0,87945.0,4
2025-12-17 14:23:22.580338,1.3074168608347498,0.9528137398642396,-1.7871140977072897,430.3349129726824,36.0,1.0,789097.0,1.0,2362487.0,77200.0,5
2025-12-17 14:23:23.077447,1.291935115749338,0.9050026317570472,-1.7795784663749763,432.0645675844412,38.0,1.0,415377.0,1.0,1604042.0,75087.0,0
2025-12-17 14:23:23.179438,1.2895577898937711,0.8931223476776246,-1.781299395931357,407.30347678591386,26.0,1.0,694570.0,1.0,1752183.0,73777.0,1
2025-12-17 14:23:23.279576,1.2871854356335997,0.882131771216312,-1.7794919448810564,423.2217273473345,30.0,1.0,1022294.0,1.0,1949308.0,74833.0,3
2025-12-17 14:23:23.379255,1.287848392037026,0.8795158469241365,-1.7787666360942949,439.0768899827004,39.0,1.0,1192490.0,1.0,2296267.0,86821.0,4
2025-12-17 14:23:23.478504,1.288272561305821,0.8789894135307398,-1.779506994845517,427.33641470310556,35.0,1.0,808836.0,1.0,2398743.0,77410.0,5
2025-12-17 14:23:24.077362,1.2797502426482306,0.8523531042671159,-1.7802513763129488,415.0644579906334,30.0,1.0,416362.0,1.0,1627007.0,76317.0,0
2025-12-17 14:23:24.181259,1.27645453492491,0.8375206428819029,-1.781482778749485,433.3018432102749,38.0,1.0,696453.0,1.0,1713477.0,71904.0,1
2025-12-17 14:23:24.277179,1.2740843214859512,0.823928657146354,-1.7802610819514284,432.3626945395125,37.0,1.0,700709.0,1.0,1530846.0,67311.0,2
2025-12-17 14:23:24.378994,1.2719988578442216,0.8111457120739379,-1.7800194106623548,422.21635204478207,30.0,1.0,1034476.0,1.0,1914006.0,74884.0,3
2025-12-17 14:23:24.477396,1.2700322193110218,0.7993475869998294,-1.7773183310687624,431.0737350385197,36.0,1.0,1208335.0,1.0,2340204.0,87499.0,4
2025-12-17 14:23:24.578492,1.2677364838958125,0.7881695688790236,-1.7790480646944675,426.33825387920973,34.0,1.0,783243.0,1.0,2352911.0,77541.0,5
2025-12-17 14:23:25.179540,1.2536554007929468,0.7221821019513843,-1.7761064393757755,404.30021540698226,25.0,1.0,688718.0,1.0,1755745.0,73977.0,1
2025-12-17 14:23:25.277919,1.2514622293020323,0.7104536468776502,-1.776360628187512,428.36236806933147,35.0,1.0,721893.0,1.0,1520004.0,67562.0,2
2025-12-17 14:23:25.377605,1.2491531259486357,0.6992130429142605,-1.77810145154384,422.2114696103876,30.0,1.0,1016085.0,1.0,1917247.0,74859.0,3
2025-12-17 14:23:25.478483,1.2469906288684172,0.6867303773325195,-1.776809978751543,428.0708589291631,34.0,1.0,1212021.0,1.0,2310299.0,87826.0,4
2025-12-17 14:23:25.578251,1.2467080175638217,0.6676915852032181,-1.7798471404346807,419.339925472775,31.0,1.0,781654.0,1.0,2390638.0,78015.0,5
2025-12-17 14:23:26.078068,1.2350746154672692,0.6092802669907322,-1.7768214907162956,420.0642387070055,33.0,1.0,415096.0,1.0,1563309.0,75982.0,0
2025-12-17 14:23:26.179485,1.2322930876950997,0.5980478358431564,-1.776580117431109,419.29858489036076,31.0,1.0,705230.0,1.0,1735657.0,72933.0,1
2025-12-17 14:23:26.279504,1.2300962363198704,0.5866208790060371,-1.7790612839112991,429.3620413234871,35.0,1.0,717023.0,1.0,1547516.0,67517.0,2
2025-12-17 14:23:26.378039,1.2272186761213664,0.5760679593603714,-1.7822879299137864,418.20657826293495,28.0,1.0,1020220.0,1.0,1917247.0,75214.0,3
2025-12-17 14:23:26.477320,1.2248730203948175,0.5646946516130958,-1.7812777031890437,424.0679892840259,32.0,1.0,1182043.0,1.0,2327565.0,88153.0,4
2025-12-17 14:23:26.582718,1.2229470738191774,0.5533590285981577,-1.7773285880445475,421.34160493809986,32.0,1.0,796610.0,1.0,2352911.0,77856.0,5
2025-12-17 14:23:27.079973,1.2116600098632655,0.4946904345122896,-1.774371314854708,409.06412889508744,28.0,1.0,412714.0,1.0,1585690.0,76783.0,0
2025-12-17 14:23:27.180887,1.2094433734140742,0.4832055033802416,-1.772653928084586,417.2969519979458,30.0,1.0,705946.0,1.0,1749813.0,73057.0,1
2025-12-17 14:23:27.278311,1.2072872404776274,0.4717888573629752,-1.7746075127642584,417.36171548390627,30.0,1.0,700472.0,1.0,1530846.0,68252.0,2
2025-12-17 14:23:27.378695,1.204899083046558,0.4604763478125647,-1.7763274419318469,429.20168583007427,33.0,1.0,1017806.0,1.0,1917247.0,74404.0,3
2025-12-17 14:23:27.478842,1.2027605553411682,0.4493031132044113,-1.7773124183579336,435.0651119249202,37.0,1.0,1202216.0,1.0,2300156.0,87204.0,4
2025-12-17 14:23:27.583976,1.2001042562370074,0.4382295670829361,-1.7770543550727809,434.34327903798794,37.0,1.0,789364.0,1.0,2390638.0,76939.0,5
2025-12-17 14:23:28.077665,1.2118542935535648,0.4241315342967636,-1.7427448658846114,416.06401954492736,31.0,1.0,420042.0,1.0,1579797.0,76265.0,0
2025-12-17 14:23:28.182676,1.2118542935535648,0.4241315342967636,-1.7427448658846114,424.2953184744863,33.0,1.0,713633.0,1.0,1758124.0,72588.0,1
2025-12-17 14:23:28.279516,1.211631142645962,0.4239744213264051,-1.7427448658846114,443.36138886202883,42.0,1.0,723850.0,1.0,1543332.0,66564.0,2
2025-12-17 14:23:28.379437,1.2095395039373331,0.4166603815064231,-1.7454619679293246,426.19679297674014,32.0,1.0,1024025.0,1.0,1953932.0,74606.0,3
2025-12-17 14:23:28.479254,1.2073600534525677,0.4056703633124404,-1.74423197071871,419.0622377548294,30.0,1.0,1193298.0,1.0,2296267.0,88572.0,4
2025-12-17 14:23:28.578357,1.2044655950747154,0.3912582589266531,-1.7427031245387803,442.34494163955594,42.0,1.0,803651.0,1.0,2383368.0,76291.0,5
2025-12-17 14:23:29.078682,1.1941576770707565,0.3310039507010767,-1.7429996644949668,424.0639098303369,35.0,1.0,410902.0,1.0,1593761.0,75648.0,0
2025-12-17 14:23:29.180369,1.1924056673245904,0.3194439341655873,-1.7407447535610328,429.2936916299902,36.0,1.0,720672.0,1.0,1745672.0,72221.0,1
2025-12-17 14:23:29.281209,1.190092631837723,0.3084582452220256,-1.7390542667087523,417.36106208095174,30.0,1.0,719210.0,1.0,1538638.0,68298.0,2
2025-12-17 14:23:29.379066,1.1884911118791586,0.2972988345429717,-1.7385838738649757,419.19190556511404,28.0,1.0,1020220.0,1.0,1926353.0,75138.0,3
2025-12-17 14:23:29.482720,1.186584233777695,0.2857985012364318,-1.7388206213939157,441.05935481063807,40.0,1.0,1197343.0,1.0,2326778.0,86733.0,4
2025-12-17 14:23:29.581383,1.184599685214201,0.274675041697076,-1.7378358757164,420.3466186955339,31.0,1.0,787496.0,1.0,2350523.0,77935.0,5
2025-12-17 14:23:30.079614,1.1741852745314962,0.2174725289636601,-1.7395652978712968,409.06380012506276,28.0,1.0,416503.0,1.0,1606759.0,76783.0,0
2025-12-17 14:23:30.179087,1.1725747492322884,0.2058051637924277,-1.7405581480852017,418.36076916731463,30.0,1.0,710981.0,1.0,1538638.0,68229.0,2
2025-12-17 14:23:30.277697,1.1699332079767613,0.1948479822123227,-1.7395715794230244,427.18751195548793,32.0,1.0,1040445.0,1.0,1917896.0,74530.0,3
2025-12-17 14:23:30.378661,1.1684509757209711,0.1833200169104441,-1.7410509243422616,426.3479517415725,34.0,1.0,778750.0,1.0,2346549.0,77514.0,5
2025-12-17 14:23:31.080539,1.1647641022286204,0.1107029048147113,-1.823061987854939,440.06369042055576,42.0,1.0,414815.0,1.0,1584617.0,74530.0,0
2025-12-17 14:23:31.177682,1.1617824115796114,0.0994141738922535,-1.852491399864146,430.29043479881955,36.0,1.0,714600.0,1.0,1743310.0,72123.0,1
2025-12-17 14:23:31.280602,1.1582188417453732,0.0890233896851049,-1.8704745205146605,413.3604098214291,28.0,1.0,720428.0,1.0,1530846.0,68576.0,2
2025-12-17 14:23:31.378601,1.155370908993246,0.0783177782471717,-1.8909015407280856,427.1821293875464,32.0,1.0,1047511.0,1.0,1937469.0,74505.0,3
2025-12-17 14:23:31.478784,1.1509640548581863,0.0685777710577078,-1.916036406437148,415.0536201458719,28.0,1.0,1222320.0,1.0,2306393.0,88902.0,4
2025-12-17 14:23:31.579364,1.1460275035467191,0.0594633753021305,-1.950413625725259,419.3499593128058,31.0,1.0,785633.0,1.0,2376923.0,78015.0,5
2025-12-17 14:23:32.080199,1.124134643282319,0.0052715397144305,-2.0505590775716005,424.06358085469674,35.0,1.0,416644.0,1.0,1630314.0,75648.0,0
2025-12-17 14:23:32.181048,1.1195466992178988,-0.0048597920506543,-2.066384376618129,420.28879870389386,32.0,1.0,707620.0,1.0,1735070.0,72859.0,1
2025-12-17 14:23:32.278698,1.1142571128006011,-0.0147515275091015,-2.092909089123371,404.36008421379694,24.0,1.0,706424.0,1.0,1547516.0,69135.0,2
2025-12-17 14:23:32.381979,1.107946236401976,-0.0246737224594166,-2.116866639071881,428.1772236462138,33.0,1.0,1017117.0,1.0,1921795.0,74455.0,3
2025-12-17 14:23:32.483066,1.1051729117664204,-0.0337935658630039,-2.132992658525916,441.0507348573236,40.0,1.0,1184446.0,1.0,2278462.0,86733.0,4
2025-12-17 14:23:32.582264,1.1102482615189673,-0.0400182654746765,-2.14388386781155,421.3516361581121,32.0,1.0,786431.0,1.0,2343374.0,77909.0,5
2025-12-17 14:23:33.077720,1.0787233120699018,-0.0847379325436123,-2.257729759562555,428.06347152327885,36.0,1.0,421323.0,1.0,1604042.0,75367.0,0
2025-12-17 14:23:33.178726,1.071626143787255,-0.0926531543699864,-2.280893211758615,424.28717188385684,34.0,1.0,702609.0,1.0,1742131.0,72539.0,1
2025-12-17 14:23:33.278180,1.0645667765928104,-0.1006291670515108,-2.29866375115973,436.3597581540117,38.0,1.0,719941.0,1.0,1503631.0,67061.0,2
2025-12-17 14:23:33.379315,1.0576250623215162,-0.1092134762454015,-2.3236979285115984,421.17234744558186,29.0,1.0,1019875.0,1.0,1936158.0,74986.0,3
2025-12-17 14:23:33.479712,1.0498208991308322,-0.1181585111598569,-2.350658264924813,430.0478715068997,35.0,1.0,1203845.0,1.0,2336247.0,87618.0,4
2025-12-17 14:23:33.582198,1.041113771707939,-0.1337185727886927,-2.366185998235471,449.35330804427684,45.0,1.0,803107.0,1.0,2365687.0,75828.0,5
2025-12-17 14:23:34.080033,0.9987664209086312,-0.1743180643453984,-2.4665750619349547,428.0633616666427,36.0,1.0,416362.0,1.0,1594300.0,75393.0,0
2025-12-17 14:23:34.179794,0.9908690423294144,-0.1821866554873314,-2.4890466989107805,423.28553953606445,33.0,1.0,712668.0,1.0,1742131.0,72638.0,1
2025-12-17 14:23:34.276648,0.9817905981451056,-0.1890436091109392,-2.517003880525747,436.35943242502236,38.0,1.0,719454.0,1.0,1538638.0,67061.0,2
2025-12-17 14:23:34.377884,0.972648629049298,-0.1962177690355754,-2.5436833697157573,437.1674652165348,37.0,1.0,1027497.0,1.0,1916599.0,73827.0,3
2025-12-17 14:23:34.478424,0.9661190442929248,-0.198551099304384,-2.564258575972226,425.04500222088586,32.0,1.0,1180843.0,1.0,2291609.0,88064.0,4
2025-12-17 14:23:34.578190,0.966452706587849,-0.1991240310895465,-2.568980626907897,429.35497333943124,35.0,1.0,784570.0,1.0,2394687.0,77253.0,5
2025-12-17 14:23:35.086875,0.9449060214845793,-0.2087613902916214,-2.5857988550974675,417.0632513136141,31.0,1.0,418198.0,1.0,1601872.0,76214.0,0
2025-12-17 14:23:35.178513,0.936770236940287,-0.2140350264722115,-2.5867835207352656,431.28391101856624,37.0,1.0,704514.0,1.0,1764084.0,72050.0,1
2025-12-17 14:23:35.279337,0.9243083387297256,-0.2220692254429936,-2.5877656202947747,415.3591053190214,29.0,1.0,718723.0,1.0,1542287.0,68391.0,2
2025-12-17 14:23:35.380394,0.9132715688190928,-0.2365397879608232,-2.5887113006943734,415.16256371905,27.0,1.0,1010255.0,1.0,1938125.0,75393.0,3
2025-12-17 14:23:35.479677,0.9024810871778952,-0.2492108039674183,-2.5867471197525567,431.04212563461346,36.0,1.0,1190071.0,1.0,2305612.0,87499.0,4
2025-12-17 14:23:35.578284,0.8934848031159858,-0.2553439462713385,-2.5877359183452,421.35664549311537,32.0,1.0,792576.0,1.0,2334666.0,77856.0,5
2025-12-17 14:23:36.079005,0.8457606314795917,-0.2840367661490076,-2.586797512776614,439.0631425730666,41.0,1.0,421323.0,1.0,1584617.0,74606.0,0
2025-12-17 14:23:36.178886,0.8357641693940071,-0.2906738280228148,-2.586298074243861,426.28227980404523,34.0,1.0,706902.0,1.0,1767072.0,72417.0,1
2025-12-17 14:23:36.280549,0.8253841756164882,-0.2966039236940308,-2.588028602862728,432.3587786948604,37.0,1.0,717023.0,1.0,1542287.0,67311.0,2
2025-12-17 14:23:36.381666,0.8160645583026173,-0.3027956017994323,-2.589998243999837,408.1576682744264,24.0,1.0,1065749.0,1.0,1931576.0,75905.0,3
2025-12-17 14:23:36.477324,0.805831533595209,-0.307931664043896,-2.5877798859799186,436.03925940833017,37.0,1.0,1203438.0,1.0,2306393.0,87145.0,4
2025-12-17 14:23:36.578541,0.7967906631127517,-0.3142470180527243,-2.5905039392378297,427.3583179193349,34.0,1.0,781125.0,1.0,2367289.0,77436.0,5
2025-12-17 14:23:37.079071,0.7476072806672636,-0.3429360177499683,-2.592764867182108,419.0630329627087,32.0,1.0,412156.0,1.0,1609480.0,76008.0,0
2025-12-17 14:23:37.180962,0.73732123479243,-0.3486305792799543,-2.588065079442877,409.2806458126017,27.0,1.0,707860.0,1.0,1744491.0,73653.0,1
2025-12-17 14:23:37.281188,0.7266662812918186,-0.3547098221203456,-2.588806723062838,430.35845225762847,36.0,1.0,698578.0,1.0,1558027.0,67448.0,2
2025-12-17 14:23:37.380077,0.7171190741930182,-0.3612553453852659,-2.5927158276507654,425.152786817877,31.0,1.0,1009913.0,1.0,1942722.0,74707.0,3
2025-12-17 14:23:37.477880,0.7072682616405715,-0.3672105293642727,-2.596450303329418,414.0363848245293,28.0,1.0,1217366.0,1.0,2286960.0,88963.0,4
2025-12-17 14:23:38.078727,0.6549727514374325,-0.399183931387002,-2.593137917550282,427.0629233972881,36.0,1.0,419900.0,1.0,1579797.0,75469.0,0
2025-12-17 14:23:38.185010,0.6548807542369697,-0.3999599262379396,-2.590033977514655,421.2790086056025,32.0,1.0,708819.0,1.0,1748037.0,72785.0,1
2025-12-17 14:23:38.279879,0.6452709850809651,-0.4064664717180812,-2.594753808032616,436.35812645589016,39.0,1.0,710260.0,1.0,1520004.0,67016.0,2
2025-12-17 14:23:38.377691,0.6354420588425685,-0.4129717955449271,-2.590051832852238,425.0337996797454,33.0,1.0,1196128.0,1.0,2297822.0,88004.0,4
2025-12-17 14:23:38.482118,0.6259437686757079,-0.4194122688533971,-2.593758275559524,427.3615006934477,34.0,1.0,781654.0,1.0,2339412.0,77436.0,5
2025-12-17 14:23:39.081001,0.591892239423172,-0.4426403388928073,-2.593513186026085,431.06281354492654,38.0,1.0,417774.0,1.0,1588913.0,75138.0,0
2025-12-17 14:23:39.182064,0.591892239423172,-0.4426403388928073,-2.593513186026085,422.2773828030638,33.0,1.0,704275.0,1.0,1746263.0,72687.0,1
2025-12-17 14:23:39.282088,0.591892239423172,-0.4426403388928073,-2.593513186026085,433.357799506479,37.0,1.0,720916.0,1.0,1563309.0,67198.0,2
2025-12-17 14:23:39.380958,0.591892239423172,-0.4426403388928073,-2.593513186026085,429.1430040594118,33.0,1.0,1032726.0,1.0,1924399.0,74379.0,3
2025-12-17 14:23:39.479529,0.591892239423172,-0.4426403388928073,-2.593513186026085,416.03063411413393,29.0,1.0,1193298.0,1.0,2333876.0,88812.0,4
2025-12-17 14:23:39.579312,0.591892239423172,-0.4426403388928073,-2.593513186026085,420.36333519799354,31.0,1.0,803379.0,1.0,2382561.0,77962.0,5
2025-12-17 14:23:40.076594,0.5490399231291003,-0.4708317399371936,-2.5084688536692825,412.06270442482344,29.0,1.0,423755.0,1.0,1602957.0,76550.0,0
2025-12-17 14:23:40.177266,0.5394728225582857,-0.4790181655159333,-2.4872298931523447,433.275760020408,38.0,1.0,711222.0,1.0,1742131.0,71928.0,1
2025-12-17 14:23:40.277683,0.5301746308680604,-0.4856398675044693,-2.468960468820761,433.35747471474497,37.0,1.0,719454.0,1.0,1537076.0,67198.0,2
2025-12-17 14:23:40.381559,0.5216911032072866,-0.492794124776433,-2.44742669387818,420.13811189545845,29.0,1.0,1032028.0,1.0,1942722.0,75036.0,3
2025-12-17 14:23:40.479716,0.5141985921139117,-0.5002507966323556,-2.4232519271518163,418.0277605904651,29.0,1.0,1186452.0,1.0,2352115.0,88662.0,4
2025-12-17 14:23:40.578318,0.5073353920420118,-0.5079001288848202,-2.3955005548298924,426.36500553254547,34.0,1.0,777433.0,1.0,2373707.0,77514.0,5
2025-12-17 14:23:41.078329,0.4661427583451647,-0.5483041849250159,-2.2865271578223085,436.06259463153793,40.0,1.0,417067.0,1.0,1558027.0,74833.0,0
2025-12-17 14:23:41.178949,0.4609575776559806,-0.5633191312066466,-2.263496613255088,421.27412666979274,32.0,1.0,714600.0,1.0,1767072.0,72785.0,1
2025-12-17 14:23:41.281713,0.4604202101032906,-0.5835015503190273,-2.2375615078842177,418.35714717127127,30.0,1.0,712427.0,1.0,1548564.0,68206.0,2
2025-12-17 14:23:41.379797,0.4540405207687523,-0.5921331835849982,-2.212040651203885,421.1332312847451,30.0,1.0,1033076.0,1.0,1928310.0,74960.0,3
2025-12-17 14:23:41.477515,0.4471597841728472,-0.6004714776803026,-2.189110276851692,420.0248939274878,30.0,1.0,1205884.0,1.0,2293161.0,88512.0,4
2025-12-17 14:23:41.582574,0.4394372898689231,-0.610474912202243,-2.1703746201238503,420.3666846450791,31.0,1.0,789364.0,1.0,2352115.0,77988.0,5
2025-12-17 14:23:42.080168,0.413575633443897,-0.6644008721978074,-2.0450398556708285,428.06248482685373,36.0,1.0,408960.0,1.0,1597000.0,75393.0,0
2025-12-17 14:23:42.182096,0.4192825696584982,-0.6886628579940715,-2.009286026289105,421.2724909319698,32.0,1.0,688019.0,1.0,1719868.0,72736.0,1
2025-12-17 14:23:42.278114,0.4143715828213902,-0.6993243880192798,-1.9899496664604104,432.35682211659685,37.0,1.0,700472.0,1.0,1545422.0,67266.0,2
2025-12-17 14:23:42.383262,0.4093383021404292,-0.7102510331012208,-1.9689585617357392,418.1283251180499,28.0,1.0,1030631.0,1.0,1956579.0,75189.0,3
2025-12-17 14:23:42.479367,0.4056545861713271,-0.7204196145152768,-1.9480845691656907,447.0220156202966,43.0,1.0,1178049.0,1.0,2326778.0,86206.0,4
2025-12-17 14:23:42.579031,0.4019899399658946,-0.7301968070360807,-1.9200116692076972,427.36835071771185,35.0,1.0,795533.0,1.0,2388212.0,77410.0,5
2025-12-17 14:23:43.077539,0.394660520259163,-0.7877367247545204,-1.8004150675608697,433.06237551187627,38.0,1.0,417350.0,1.0,1584617.0,75036.0,0
2025-12-17 14:23:43.182334,0.3916162287001069,-0.7981512788766245,-1.7816607138282,433.2708599375806,38.0,1.0,717265.0,1.0,1736832.0,71928.0,1
2025-12-17 14:23:43.279900,0.3893738537348956,-0.8087205233123808,-1.7606577783327748,443.12394125265024,40.0,1.0,1013680.0,1.0,1912063.0,73379.0,3
2025-12-17 14:23:43.380363,0.3876315636986635,-0.8186713821548973,-1.738876288609247,431.01942707102376,35.0,1.0,1205476.0,1.0,2326778.0,87529.0,4
2025-12-17 14:23:43.478767,0.3845675572314401,-0.8287065991971528,-1.7096787944851848,418.3698550731696,31.0,1.0,775593.0,1.0,2356099.0,78067.0,5
2025-12-17 14:23:44.178436,0.3899384861098541,-0.8462375607060728,-1.6469221394333216,429.26923568737914,36.0,1.0,713633.0,1.0,1761101.0,72172.0,1
2025-12-17 14:23:44.278823,0.3898876570639376,-0.8609889339287655,-1.6424635257662938,413.35616942775715,28.0,1.0,721404.0,1.0,1546469.0,68576.0,2
2025-12-17 14:23:44.379084,0.3893491342266337,-0.8748607402072175,-1.6368016840926296,429.1185670941766,33.0,1.0,1035176.0,1.0,1947330.0,74404.0,3
2025-12-17 14:23:44.477953,0.3898881292508216,-0.8890080678530745,-1.6399944584110486,441.01627370985864,40.0,1.0,1191280.0,1.0,2331508.0,86733.0,4
2025-12-17 14:23:44.579004,0.3895790124852727,-0.9022295799138802,-1.642731311644413,407.37169466560084,25.0,1.0,803651.0,1.0,2380143.0,78944.0,5
2025-12-17 14:23:45.078161,0.384817039978585,-0.9579077722061032,-1.5967336825947909,433.062156237455,38.0,1.0,415939.0,1.0,1600788.0,75036.0,0
2025-12-17 14:23:45.182025,0.3849793023876915,-0.9696935705675944,-1.5769790743091483,418.26759922882826,31.0,1.0,728273.0,1.0,1731550.0,72958.0,1
2025-12-17 14:23:45.277521,0.3858878851597516,-0.9821296198280962,-1.5554132154702611,412.3558436237352,28.0,1.0,713150.0,1.0,1551712.0,68623.0,2
2025-12-17 14:23:45.381085,0.3855397367191427,-0.9930882757207022,-1.5271086161948697,429.11366808530755,33.0,1.0,1026107.0,1.0,1914654.0,74379.0,3
2025-12-17 14:23:45.478191,0.3861850555776629,-1.0046612887345678,-1.5045577154776737,432.0134000396675,36.0,1.0,1182043.0,1.0,2323630.0,87440.0,4
2025-12-17 14:23:45.578247,0.3873705307307922,-1.0158298778981472,-1.4867704963170667,433.3733653964159,37.0,1.0,786697.0,1.0,2383368.0,76965.0,5
2025-12-17 14:23:46.078892,0.3963510936205668,-1.071935616653184,-1.3721904377167051,425.062046554211,35.0,1.0,412994.0,1.0,1597000.0,75572.0,0
2025-12-17 14:23:46.188433,0.3971208443376404,-1.0875519225937396,-1.3444654983812898,426.26595817359816,34.0,1.0,723605.0,1.0,1764681.0,72441.0,1
2025-12-17 14:23:46.279431,0.3990276705609507,-1.0994295123215627,-1.3271531796126486,430.3555167718665,36.0,1.0,716780.0,1.0,1535516.0,67448.0,2
2025-12-17 14:23:46.379337,0.402103792347814,-1.1104965376195428,-1.3066025661014633,427.10878740614504,32.0,1.0,1021948.0,1.0,1918546.0,74530.0,3
2025-12-17 14:23:46.480093,0.4060811918259429,-1.1215740762141813,-1.2813389971447848,425.0105215888269,33.0,1.0,1217366.0,1.0,2297822.0,88034.0,4
2025-12-17 14:23:46.582632,0.408750411868257,-1.1325602921927502,-1.2606306536649243,427.3750447246371,35.0,1.0,793113.0,1.0,2337038.0,77410.0,5
2025-12-17 14:23:47.081844,0.431348410488881,-1.177832487408476,-1.1407644776513326,432.0619366275385,38.0,1.0,415799.0,1.0,1563309.0,75113.0,0
2025-12-17 14:23:47.180847,0.4373373397209875,-1.1872956019909071,-1.1180195683455527,418.26433993707275,31.0,1.0,702371.0,1.0,1758719.0,72958.0,1
2025-12-17 14:23:47.277272,0.4420716807058457,-1.197559744202825,-1.094504924065426,423.3551912474227,32.0,1.0,708579.0,1.0,1581938.0,67906.0,2
2025-12-17 14:23:47.381640,0.4461728326966292,-1.2085696130367296,-1.089539546787344,426.1038869207299,32.0,1.0,1069001.0,1.0,1933539.0,74581.0,3
2025-12-17 14:23:47.479403,0.4516787002898588,-1.2187691211127665,-1.084379460365663,431.0076505847672,35.0,1.0,1188864.0,1.0,2256208.0,87529.0,4
2025-12-17 14:23:47.579070,0.4578153167437155,-1.228414387304752,-1.0801683181015602,432.37671076550197,37.0,1.0,791504.0,1.0,2355301.0,77044.0,5
2025-12-17 14:23:48.076665,0.490390846547414,-1.2762360703814375,-1.074672944507553,408.061827592049,27.0,1.0,418198.0,1.0,1632522.0,76861.0,0
2025-12-17 14:23:48.180403,0.4981268808603684,-1.2856235213583276,-1.0683592280615806,444.26271005475706,43.0,1.0,706902.0,1.0,1718123.0,71153.0,1
2025-12-17 14:23:48.277767,0.5043079711388012,-1.2962705233644194,-1.068851548515336,423.3548648571676,32.0,1.0,701184.0,1.0,1537076.0,67906.0,2
2025-12-17 14:23:48.379320,0.5098038861520867,-1.306981123450074,-1.0676100335200722,434.0990090382044,35.0,1.0,1008888.0,1.0,1924399.0,74052.0,3
2025-12-17 14:23:48.477305,0.5159261386033718,-1.3175950531937115,-1.0663678453256804,437.0047836258723,38.0,1.0,1186853.0,1.0,2299378.0,87056.0,4
2025-12-17 14:23:48.578980,0.5218259648567696,-1.3276187615985635,-1.0666059624755866,409.3783826115387,26.0,1.0,783243.0,1.0,2350523.0,78784.0,5
2025-12-17 14:23:49.077604,0.5503998751292948,-1.3780574170859683,-1.060206447888795,421.0617178860076,33.0,1.0,413413.0,1.0,1566487.0,75879.0,0
2025-12-17 14:23:49.181706,0.5554860936186536,-1.3879857530059168,-1.0423950365604164,432.35456996625794,37.0,1.0,727042.0,1.0,1515381.0,67311.0,2
2025-12-17 14:23:49.283444,0.5614422937629827,-1.397384581739478,-1.0219860752456054,417.0945885720624,28.0,1.0,1040093.0,1.0,1949968.0,75291.0,3
2025-12-17 14:23:49.379683,0.5665700846298831,-1.4063414433444483,-0.9962200986773068,405.0021911061323,20.0,1.0,1189669.0,1.0,2286960.0,90481.0,4
2025-12-17 14:23:49.481210,0.5697749319241114,-1.4148858009557448,-0.9628669904094374,435.37989113695573,38.0,1.0,792845.0,1.0,2380143.0,76835.0,5
2025-12-17 14:23:50.078936,0.6166302952531871,-1.469175423710104,-0.8386804763445311,422.0616081368922,33.0,1.0,414955.0,1.0,1630314.0,75853.0,0
2025-12-17 14:23:50.179655,0.6247423498570568,-1.4770709041615686,-0.8145093690640638,429.2594500618409,36.0,1.0,718723.0,1.0,1752183.0,72172.0,1
2025-12-17 14:23:50.278670,0.6322415515930595,-1.4848503913424618,-0.7964601121263534,428.35421210503955,35.0,1.0,707620.0,1.0,1531883.0,67562.0,2
2025-12-17 14:23:50.379070,0.6453184207408621,-1.4838321742986849,-0.7510865277443254,426.0892318094532,32.0,1.0,1029237.0,1.0,1937469.0,74631.0,3
2025-12-17 14:23:50.476842,0.6580190550424242,-1.479636668826502,-0.7058601955692981,423.99903898322424,32.0,1.0,1187657.0,1.0,2348933.0,88153.0,4
2025-12-17 14:23:50.577691,0.6667230169619163,-1.486371252034587,-0.6794158708676618,439.3817244493681,40.0,1.0,782183.0,1.0,2348933.0,76550.0,5
2025-12-17 14:23:51.077591,0.710898689998863,-1.5227189856417422,-0.5778326367201458,420.0614986811843,33.0,1.0,421181.0,1.0,1606759.0,75931.0,0
2025-12-17 14:23:51.178811,0.7214064538970675,-1.5291549015601622,-0.5513990269131305,436.25782083176773,39.0,1.0,713875.0,1.0,1774864.0,71709.0,1
2025-12-17 14:23:51.280265,0.7316151008191724,-1.5341100068486142,-0.52820150545008,403.3538853559329,23.0,1.0,715084.0,1.0,1547516.0,69253.0,2
2025-12-17 14:23:51.378395,0.7438513817984813,-1.534199279628837,-0.4927192597010913,419.0843458841517,29.0,1.0,1034125.0,1.0,1932884.0,75087.0,3
2025-12-17 14:23:51.481546,0.7631552099440778,-1.5169110005603,-0.4385955891150363,425.99615248227576,33.0,1.0,1212432.0,1.0,2305612.0,88004.0,4
2025-12-17 14:23:51.578501,0.7750621357320777,-1.5197198399024503,-0.4138044972870534,416.38339780020175,29.0,1.0,775331.0,1.0,2322844.0,78253.0,5
2025-12-17 14:23:52.079016,0.827780334653492,-1.5375331500272298,-0.2984048303855186,424.0613889218758,35.0,1.0,420896.0,1.0,1576059.0,75648.0,0
2025-12-17 14:23:52.182683,0.8380341127616622,-1.5401894322208916,-0.2726797354975206,417.2561839117552,30.0,1.0,715568.0,1.0,1749813.0,73057.0,1
2025-12-17 14:23:52.278409,0.850969845044466,-1.543168411841113,-0.2502447087431815,435.3535597326417,38.0,1.0,711463.0,1.0,1549088.0,67084.0,2
2025-12-17 14:23:52.381614,0.8718238049837024,-1.5406674992333969,-0.2163836761075524,447.07944092020597,41.0,1.0,1057128.0,1.0,1939437.0,73106.0,3
2025-12-17 14:23:52.481886,0.8829587502524084,-1.541372378562896,-0.191828409630545,409.99327851903996,26.0,1.0,1178049.0,1.0,2371298.0,89355.0,4
2025-12-17 14:23:52.579876,0.8929871938664298,-1.5438480227569749,-0.1661533651243346,435.3850720957134,38.0,1.0,790433.0,1.0,2352911.0,76835.0,5
2025-12-17 14:23:53.077087,0.9371469567351154,-1.5492241704617598,-0.0704299669626017,414.06127953017614,30.0,1.0,409791.0,1.0,1589989.0,76420.0,0
2025-12-17 14:23:53.181292,0.9394989572200244,-1.5483047565190224,-0.0664250168798961,424.25455557362375,33.0,1.0,709299.0,1.0,1748037.0,72588.0,1
2025-12-17 14:23:53.280221,0.9521416338413864,-1.5427447092600228,-0.0464536978796358,424.3532329127434,33.0,1.0,695511.0,1.0,1524126.0,67837.0,2
2025-12-17 14:23:53.381001,0.9538482048073867,-1.5419440029533071,-0.0437170904164805,422.07455469177245,30.0,1.0,1009230.0,1.0,1915302.0,74884.0,3
2025-12-17 14:23:53.478624,0.9538482048073867,-1.5419440029533071,-0.0437170904164805,443.9904149043013,41.0,1.0,1197749.0,1.0,2313429.0,86498.0,4
2025-12-17 14:23:53.578713,0.9564251601927852,-1.5435715590670385,-0.0402822773750541,420.3867421476979,31.0,1.0,779013.0,1.0,2348933.0,77988.0,5
2025-12-17 14:23:54.078463,1.0185177491743698,-1.54224633947253,0.0725903632600063,418.06116977623816,32.0,1.0,418623.0,1.0,1587301.0,76085.0,0
2025-12-17 14:23:54.180562,1.0293894793825749,-1.5410091070961618,0.0898862834718108,426.2529261576615,34.0,1.0,711944.0,1.0,1743901.0,72441.0,1
2025-12-17 14:23:54.283451,1.0392925299597944,-1.5395109228793002,0.1118189748207681,434.35290563025274,38.0,1.0,723850.0,1.0,1529293.0,67175.0,2
2025-12-17 14:23:54.378248,1.0500940215205288,-1.5382087888705802,0.1356017147204315,430.06967892628154,33.0,1.0,1014367.0,1.0,1930923.0,74354.0,3
2025-12-17 14:23:54.479226,1.061785643180191,-1.5370579110355391,0.1561101864341213,440.9875401883431,40.0,1.0,1197343.0,1.0,2290058.0,86762.0,4
2025-12-17 14:23:54.578041,1.071816883223563,-1.5352996348702204,0.1778632905662582,412.3884130206327,27.0,1.0,802021.0,1.0,2368090.0,78598.0,5
2025-12-17 14:23:55.079088,1.140813835784949,-1.517073692841704,0.2966591757003781,425.0610601046121,35.0,1.0,414254.0,1.0,1623706.0,75572.0,0
2025-12-17 14:23:55.181693,1.151094988574688,-1.514439142380145,0.3192752341170044,418.25129370714086,31.0,1.0,711222.0,1.0,1750405.0,73007.0,1
2025-12-17 14:23:55.277803,1.1619463254658948,-1.5114552681595863,0.3415517803880994,429.35258124402105,35.0,1.0,715568.0,1.0,1536556.0,67517.0,2
2025-12-17 14:23:55.379257,1.173354353209967,-1.5079035462013877,0.3653616295452207,424.06478476752426,31.0,1.0,1027497.0,1.0,1940750.0,74732.0,3
2025-12-17 14:23:55.481232,1.183123393698636,-1.5030507940249405,0.3885748082254525,427.98466143871195,34.0,1.0,1206700.0,1.0,2321272.0,87826.0,4
2025-12-17 14:23:55.578861,1.193694922004915,-1.4990706522218218,0.4139423106135826,420.39008638818626,31.0,1.0,779541.0,1.0,2386596.0,77935.0,5
2025-12-17 14:23:56.081472,1.2512062755091282,-1.4744617873138943,0.5320291348992603,428.0609502401942,36.0,1.0,416644.0,1.0,1588913.0,75393.0,0
2025-12-17 14:23:56.177510,1.2606431114017014,-1.4690354252829678,0.553345025707544,418.2496699216622,31.0,1.0,701896.0,1.0,1742131.0,73007.0,1
2025-12-17 14:23:56.277172,1.270648111994633,-1.4623692883490165,0.5733422412136585,429.35225522109965,35.0,1.0,713633.0,1.0,1527224.0,67494.0,2
2025-12-17 14:23:56.378523,1.2798074296937187,-1.4554029497925265,0.5928811171692357,431.05989913068703,34.0,1.0,1036578.0,1.0,1942722.0,74278.0,3
2025-12-17 14:23:56.477759,1.2892496044128674,-1.4488282253366704,0.6146358917299979,433.9817984301734,37.0,1.0,1203845.0,1.0,2307954.0,87292.0,4
2025-12-17 14:23:56.580960,1.298286343614973,-1.4419407958623305,0.6361209833749802,414.3917618942234,29.0,1.0,787763.0,1.0,2331508.0,78412.0,5
2025-12-17 14:23:57.078462,1.3390470966811463,-1.4011048843241698,0.753709715679855,434.06084096697555,39.0,1.0,419900.0,1.0,1596460.0,74960.0,0
2025-12-17 14:23:57.180645,1.3468618468390212,-1.3937474222281334,0.7822145313009021,418.2480342034066,31.0,1.0,717023.0,1.0,1771263.0,73007.0,1
2025-12-17 14:23:57.277684,1.3552599302627524,-1.3862983625627976,0.8013502364458748,403.3519288252988,22.0,1.0,715810.0,1.0,1551712.0,69417.0,2
2025-12-17 14:23:57.378755,1.363683938932332,-1.3775146066439374,0.8191238006866032,412.05500877085797,25.0,1.0,1057128.0,1.0,1938125.0,75648.0,3
2025-12-17 14:23:57.477773,1.3709382109777088,-1.3686648980509668,0.840375105977037,424.9789254035312,33.0,1.0,1188461.0,1.0,2367289.0,88064.0,4
2025-12-17 14:23:57.579052,1.3746651346332732,-1.361968026914702,0.8541975009619239,428.3934307005705,35.0,1.0,791236.0,1.0,2344167.0,77357.0,5
2025-12-17 14:23:58.078508,1.386085683007807,-1.347025931736891,0.8629428778001774,414.06073135880973,30.0,1.0,417067.0,1.0,1628108.0,76395.0,0
2025-12-17 14:23:58.181004,1.387404556674139,-1.3467217769247997,0.8631890753432233,419.246403011714,31.0,1.0,711704.0,1.0,1745081.0,72933.0,1
2025-12-17 14:23:58.281182,1.393980374271614,-1.342745891869065,0.869862416848464,435.3516014553787,38.0,1.0,723360.0,1.0,1539680.0,67107.0,2
2025-12-17 14:23:58.381496,1.4011597736699577,-1.334378625597143,0.8713438175164626,424.050106143962,31.0,1.0,1040445.0,1.0,1927006.0,74732.0,3
2025-12-17 14:23:58.479898,1.4096523205578562,-1.3235993218402906,0.8750731022820195,434.9760463120147,37.0,1.0,1214485.0,1.0,2322844.0,87204.0,4
2025-12-17 14:23:58.578334,1.4194633460662702,-1.312788922381258,0.8772987334226814,425.39510149659344,33.0,1.0,798770.0,1.0,2377728.0,77593.0,5
2025-12-17 14:23:59.078247,1.4550007584865,-1.2665990834774858,0.9307146011183448,429.06062178429204,37.0,1.0,420753.0,1.0,1587301.0,75291.0,0
2025-12-17 14:23:59.182398,1.4613806952211863,-1.2577304956526385,0.9549064580181936,416.24477013234394,30.0,1.0,708579.0,1.0,1733309.0,73156.0,1
2025-12-17 14:23:59.282004,1.466034771597329,-1.248547906717995,0.9830876130335248,423.35127495844694,33.0,1.0,729260.0,1.0,1557500.0,67860.0,2
2025-12-17 14:23:59.381570,1.4719226352692942,-1.2392647422343113,1.0095003090751904,434.0452165566306,35.0,1.0,1026107.0,1.0,1939437.0,74052.0,3
2025-12-17 14:23:59.479588,1.47870353137382,-1.2302088024070144,1.0280091878518487,406.9731742162201,25.0,1.0,1196938.0,1.0,2344961.0,89658.0,4
2025-12-17 14:24:00.080449,1.5166543931199774,-1.1630156999101926,1.1647877083562663,421.0605119398219,33.0,1.0,413413.0,1.0,1625906.0,75853.0,0
2025-12-17 14:24:00.177991,1.5200022699056794,-1.1527991495488772,1.1916237159957122,427.2431467121211,35.0,1.0,710741.0,1.0,1754557.0,72368.0,1
2025-12-17 14:24:00.277636,1.524406361418171,-1.1424231508956235,1.211620228106994,421.3509501546424,32.0,1.0,718723.0,1.0,1556973.0,68044.0,2
2025-12-17 14:24:00.377787,1.5294598577341798,-1.131343570503979,1.228239375610848,414.04034582704196,26.0,1.0,1033776.0,1.0,1921795.0,75495.0,3
2025-12-17 14:24:00.480523,1.5327419538276288,-1.1204053822175664,1.2481552269082057,422.9702985435574,32.0,1.0,1209972.0,1.0,2359290.0,88273.0,4
2025-12-17 14:24:00.578757,1.536066653482397,-1.1095338599450744,1.2739588110877949,428.39844619688085,35.0,1.0,811303.0,1.0,2364086.0,77357.0,5
2025-12-17 14:24:01.079893,1.5490657612793703,-1.05834941681357,1.4108689029691686,419.0604023976372,32.0,1.0,416362.0,1.0,1589989.0,76033.0,0
2025-12-17 14:24:01.178275,1.551038740761901,-1.0462145976476835,1.4291786136186926,442.24151564272404,42.0,1.0,707860.0,1.0,1762890.0,71298.0,1
2025-12-17 14:24:01.278069,1.5520686212332049,-1.0344712062400163,1.445947289485585,419.3506237846136,31.0,1.0,727534.0,1.0,1547516.0,68160.0,2
2025-12-17 14:24:01.382929,1.5531819083776248,-1.022933012810558,1.4563366940808833,415.39979076966347,29.0,1.0,785898.0,1.0,2369694.0,78306.0,5
2025-12-17 14:24:02.080151,1.5529273411756357,-0.9485216672039174,1.4691535349678515,436.0602927662355,40.0,1.0,417491.0,1.0,1586227.0,74808.0,0
2025-12-17 14:24:02.183877,1.5544152397059958,-0.9367674500534102,1.4691653944302765,434.2398759017626,38.0,1.0,701184.0,1.0,1770664.0,71879.0,1
2025-12-17 14:24:02.278465,1.55563978918873,-0.92583467361423,1.4662261903615978,419.03105298364244,28.0,1.0,1027149.0,1.0,1926353.0,75138.0,3
2025-12-17 14:24:02.379086,1.557303501691434,-0.914941565196412,1.4664973952098193,423.9648439978402,32.0,1.0,1224805.0,1.0,2309517.0,88153.0,4
2025-12-17 14:24:02.482028,1.5588758580677549,-0.9026767008112226,1.464985703392562,425.4016284593627,34.0,1.0,785898.0,1.0,2340204.0,77541.0,5
2025-12-17 14:24:03.183627,1.5684335335356403,-0.8230141402866797,1.464260966888275,419.2382457031093,31.0,1.0,689184.0,1.0,1738008.0,72908.0,1
2025-12-17 14:24:03.281467,1.5697284441183958,-0.8118205447692108,1.4657629171215143,418.34997021854474,30.0,1.0,713150.0,1.0,1561722.0,68206.0,2
2025-12-17 14:24:03.382816,1.571457843067249,-0.8008317255680604,1.4647767716144982,422.0256535625405,30.0,1.0,1016429.0,1.0,1941407.0,74910.0,3
2025-12-17 14:24:03.479572,1.5724011933589617,-0.7893464582181315,1.46230851129649,416.96168231650637,29.0,1.0,1210382.0,1.0,2300156.0,88782.0,4
2025-12-17 14:24:03.578881,1.574230502108598,-0.7778389372702885,1.4632887138739068,422.40346239375776,32.0,1.0,799311.0,1.0,2372904.0,77777.0,5
2025-12-17 14:24:04.082884,1.58030375231803,-0.7205397309312073,1.4689853898404035,417.060073260442,31.0,1.0,411180.0,1.0,1595920.0,76214.0,0
2025-12-17 14:24:04.181827,1.5813638368376672,-0.7088243782070014,1.4652785749704973,422.23661803189583,33.0,1.0,720672.0,1.0,1735070.0,72711.0,1
2025-12-17 14:24:04.279692,1.5821949631490564,-0.697690750246732,1.466456237202597,429.34964456882904,35.0,1.0,707381.0,1.0,1523094.0,67517.0,2
2025-12-17 14:24:04.378497,1.583462224424291,-0.6863533961861517,1.4684082949628092,422.0207854535768,30.0,1.0,1016085.0,1.0,1938781.0,74884.0,3
2025-12-17 14:24:04.480011,1.584368987020986,-0.6753979710687199,1.463719811201741,428.9588080688449,34.0,1.0,1206292.0,1.0,2300935.0,87796.0,4
2025-12-17 14:24:04.579742,1.5792907514626775,-0.6643869272467826,1.4743655183606366,425.40513582986324,34.0,1.0,786697.0,1.0,2364086.0,77541.0,5
2025-12-17 14:24:05.082305,1.5592222047998137,-0.6037015973262935,1.5073225406383597,431.0599637207781,38.0,1.0,422037.0,1.0,1599705.0,75138.0,0
2025-12-17 14:24:05.180264,1.55971519543606,-0.5922530660829735,1.5046117063684423,427.2349899742286,35.0,1.0,715326.0,1.0,1759314.0,72368.0,1
2025-12-17 14:24:05.277582,1.5589158872689897,-0.5907238128872083,1.5043373948847163,431.3493190284,36.0,1.0,725321.0,1.0,1537597.0,67334.0,2
2025-12-17 14:24:05.378090,1.5586767967263166,-0.5907581190057329,1.5031111494666138,432.01589821796284,35.0,1.0,1029237.0,1.0,1937469.0,74153.0,3
2025-12-17 14:24:05.478497,1.558721508864994,-0.5908093339171915,1.5028614164669885,415.955939432126,29.0,1.0,1212021.0,1.0,2300935.0,88872.0,4
2025-12-17 14:24:05.580822,1.558721508864994,-0.5908093339171915,1.5028614164669885,411.4068096321359,27.0,1.0,807468.0,1.0,2404433.0,78651.0,5
2025-12-17 14:24:06.078659,1.5641992435930088,-0.5313819297097965,1.5030291117902448,418.05985451726707,32.0,1.0,409098.0,1.0,1600788.0,76136.0,0
2025-12-17 14:24:06.180571,1.564999682590439,-0.5189552990495628,1.5047542031416428,425.23335886732764,34.0,1.0,704037.0,1.0,1792977.0,72515.0,1
2025-12-17 14:24:06.280841,1.565965672395926,-0.5079787786370462,1.5030510794548613,420.3489917364486,31.0,1.0,705230.0,1.0,1537076.0,68114.0,2
2025-12-17 14:24:06.384522,1.567541317354893,-0.4981002098495896,1.504786039231664,423.0109775449355,30.0,1.0,1035877.0,1.0,1945354.0,74859.0,3
2025-12-17 14:24:06.478013,1.5681406485446223,-0.4866173939260044,1.5070022430786023,423.95306783623107,32.0,1.0,1228541.0,1.0,2364887.0,88153.0,4
2025-12-17 14:24:06.579771,1.568229834167349,-0.4751247450318759,1.5035449735629385,417.40847987138403,30.0,1.0,795533.0,1.0,2397120.0,78173.0,5
2025-12-17 14:24:07.079288,1.5747936521382149,-0.4184200982248114,1.5050370680104197,427.0597448452026,36.0,1.0,412994.0,1.0,1588913.0,75418.0,0
2025-12-17 14:24:07.179003,1.5757068181090208,-0.4063739058689231,1.5010777806930815,434.34869873016254,37.0,1.0,711463.0,1.0,1535516.0,67198.0,2
2025-12-17 14:24:07.279223,1.5763210391742222,-0.3939733536297633,1.5033090717754638,433.00660314996566,35.0,1.0,1052843.0,1.0,1926353.0,74103.0,3
2025-12-17 14:24:07.378618,1.5768407511881577,-0.3816257816751843,1.5006074140941532,437.95048041029594,38.0,1.0,1221907.0,1.0,2316563.0,87027.0,4
2025-12-17 14:24:07.477407,1.5781429253609538,-0.3697868013429696,1.5040832576848482,434.40998071564906,37.0,1.0,782183.0,1.0,2356099.0,76939.0,5
2025-12-17 14:24:08.082185,1.564506498254715,-0.3077467607308735,1.5165164421715671,434.0596349245583,39.0,1.0,418056.0,1.0,1588376.0,74910.0,0
2025-12-17 14:24:08.180172,1.565054732434223,-0.2966388706790842,1.517253331011248,432.2300983053298,37.0,1.0,719210.0,1.0,1749221.0,71977.0,1
2025-12-17 14:24:08.281853,1.5650301940512543,-0.2848776313458319,1.516270075257361,427.3483389487616,34.0,1.0,711704.0,1.0,1552763.0,67654.0,2
2025-12-17 14:24:08.383518,1.565842828174617,-0.272478789624502,1.5175034391324742,428.0012040026604,32.0,1.0,1051063.0,1.0,1951949.0,74505.0,3
2025-12-17 14:24:08.484545,1.5656785536721125,-0.2606491869204523,1.5148030896840374,432.947303097043,36.0,1.0,1196128.0,1.0,2286960.0,87440.0,4
2025-12-17 14:24:08.578973,1.56657133462736,-0.2488944632147184,1.5160432823248793,412.4118225301637,27.0,1.0,799041.0,1.0,2371298.0,78598.0,5
2025-12-17 14:24:09.077535,1.5685120781973456,-0.1910644946185263,1.513270275898409,414.05952583108876,30.0,1.0,409653.0,1.0,1595920.0,76395.0,0
2025-12-17 14:24:09.180256,1.5688592023362982,-0.1799813700986329,1.500646193137056,434.228467562054,38.0,1.0,708579.0,1.0,1721033.0,71855.0,1
2025-12-17 14:24:09.279243,1.5705915277785365,-0.1691674419217854,1.476928056280672,430.3480135714469,36.0,1.0,706185.0,1.0,1540201.0,67425.0,2
2025-12-17 14:24:09.380174,1.5716972147595276,-0.1581216956914258,1.4504197864819877,439.9963311267018,38.0,1.0,1012994.0,1.0,1915302.0,73628.0,3
2025-12-17 14:24:09.478098,1.5734726253171467,-0.1467622164209879,1.4348229368243923,443.94444863276607,41.0,1.0,1222734.0,1.0,2337038.0,86527.0,4
2025-12-17 14:24:09.578729,1.574449365317319,-0.1354935681934441,1.4187494876980318,431.413494118713,36.0,1.0,790969.0,1.0,2372904.0,77122.0,5
2025-12-17 14:24:10.080960,1.5864872177035911,-0.0810736372318088,1.3031442870375831,420.059415852574,33.0,1.0,412295.0,1.0,1587838.0,75931.0,0
2025-12-17 14:24:10.184008,1.5901646333858337,-0.0701647972344071,1.2819097191866209,428.22683083771426,36.0,1.0,715326.0,1.0,1753370.0,72245.0,1
2025-12-17 14:24:10.277934,1.5930070023594818,-0.0586169602816659,1.2697916544291503,413.3476877697086,28.0,1.0,729507.0,1.0,1549088.0,68576.0,2
2025-12-17 14:24:10.378188,1.593077264251176,-0.0497500465940912,1.272526989359681,432.99145161117497,35.0,1.0,1045033.0,1.0,1943380.0,74128.0,3
2025-12-17 14:24:10.478718,1.57219234516786,-0.0478393931512554,1.3005910449041738,418.9415738650941,30.0,1.0,1205476.0,1.0,2358492.0,88632.0,4
2025-12-17 14:24:10.578284,1.5722096645155923,-0.0386181262178478,1.3058660288040682,419.415165371191,31.0,1.0,814054.0,1.0,2389021.0,78067.0,5
2025-12-17 14:24:11.078008,1.588466807210232,0.0160468827757886,1.3043935299849985,428.0593065729983,36.0,1.0,416362.0,1.0,1631970.0,75393.0,0
2025-12-17 14:24:11.182343,1.5918941445908137,0.0274772036021634,1.3014164397254926,429.2252029463689,36.0,1.0,692458.0,1.0,1768867.0,72196.0,1
2025-12-17 14:24:11.276671,1.5946578306614505,0.0386877483889329,1.3012454861813885,442.3473619529638,41.0,1.0,717751.0,1.0,1558027.0,66677.0,2
2025-12-17 14:24:11.382136,1.598065260108272,0.0494872535163521,1.3014669967075323,422.9865430829838,30.0,1.0,1036228.0,1.0,1957904.0,74859.0,3
2025-12-17 14:24:11.480431,1.6013076495461218,0.0603522732508629,1.2881149723057828,424.93869595724794,33.0,1.0,1201809.0,1.0,2367289.0,88064.0,4
2025-12-17 14:24:11.578461,1.605243248480127,0.0704542777117003,1.273034897661349,426.4168376636508,34.0,1.0,787496.0,1.0,2359290.0,77514.0,5
2025-12-17 14:24:12.184843,1.6304738075873615,0.1316491761478737,1.1384990448827457,439.0591852604245,41.0,1.0,417491.0,1.0,1618768.0,74581.0,0
2025-12-17 14:24:12.277754,1.6354847816349771,0.1412462221677444,1.1095506090717764,428.22341676228586,35.0,1.0,717751.0,1.0,1750405.0,72294.0,1
2025-12-17 14:24:12.382950,1.6408010497787162,0.1518339945909029,1.0865683500697896,422.3470010529244,32.0,1.0,721893.0,1.0,1531364.0,67929.0,2
2025-12-17 14:24:12.475469,1.6461839278414716,0.1629200209658927,1.0707433885715187,431.98119753136876,34.0,1.0,1029585.0,1.0,1933539.0,74178.0,3
2025-12-17 14:24:12.580527,1.6495564539311542,0.1729587290303817,1.0490706263844254,438.93553539637884,39.0,1.0,1240659.0,1.0,2299378.0,86938.0,4
2025-12-17 14:24:12.682797,1.642514007553716,0.1779108714278882,1.042647380473096,426.4186841095958,34.0,1.0,798770.0,1.0,2358492.0,77514.0,5
2025-12-17 14:24:13.179552,1.671441998041055,0.2264778963303085,0.9578935164818798,416.05907623721055,31.0,1.0,414955.0,1.0,1569671.0,76291.0,0
2025-12-17 14:24:13.280067,1.677657195904485,0.2366336046336938,0.956907045817564,427.22178238438863,35.0,1.0,701421.0,1.0,1740952.0,72343.0,1
2025-12-17 14:24:13.378332,1.6843330014295814,0.2464103744145044,0.9544124853590172,416.3466763306771,30.0,1.0,736951.0,1.0,1560137.0,68321.0,2
2025-12-17 14:24:13.478700,1.6911703057872522,0.256897809121408,0.954213667518752,413.9762925087523,26.0,1.0,1047511.0,1.0,1957241.0,75520.0,3
2025-12-17 14:24:13.579826,1.702518110133406,0.2788050558262122,0.9409037158896152,406.93266442392195,25.0,1.0,1203438.0,1.0,2299378.0,89627.0,4
2025-12-17 14:24:13.683753,1.7104977123354632,0.28984758182727,0.942273279059698,417.4203577045409,30.0,1.0,799311.0,1.0,2401180.0,78200.0,5
2025-12-17 14:24:14.182298,1.7436793907699737,0.3363639013986633,0.939865007869812,425.0589663331163,35.0,1.0,417915.0,1.0,1607303.0,75572.0,0
2025-12-17 14:24:14.282397,1.749942095926193,0.3466981100926383,0.9393746910214054,442.2201479787711,42.0,1.0,688019.0,1.0,1743901.0,71274.0,1
2025-12-17 14:24:14.381202,1.756566180778432,0.3558421318940382,0.9396171747765484,413.34634916562874,28.0,1.0,731237.0,1.0,1558027.0,68553.0,2
2025-12-17 14:24:14.480935,1.763537520032794,0.3653097289340166,0.9364222102071942,431.9713923558045,35.0,1.0,1013337.0,1.0,1945354.0,74153.0,3
2025-12-17 14:24:14.582154,1.7700363820172604,0.3748319578931995,0.9342134760711144,422.9297847491892,32.0,1.0,1203845.0,1.0,2348933.0,88273.0,4
2025-12-17 14:24:14.680891,1.776894998912141,0.3834894991588471,0.9356962776568684,427.4220249158033,34.0,1.0,816261.0,1.0,2364887.0,77436.0,5
2025-12-17 14:24:15.178495,1.811306800139965,0.4296842513496332,0.9304661451796624,422.0588571468129,33.0,1.0,416362.0,1.0,1610570.0,75828.0,0
2025-12-17 14:24:15.278125,1.81793629790852,0.4387182682297037,0.92701611029539,429.21852433841633,36.0,1.0,703085.0,1.0,1768867.0,72221.0,1
2025-12-17 14:24:15.379481,1.82547160530803,0.4479103584149216,0.9297432168573784,430.3460234982967,36.0,1.0,729754.0,1.0,1517948.0,67403.0,2
2025-12-17 14:24:15.484961,1.832180385320041,0.4571380686489606,0.9270303384882774,422.9664834462538,30.0,1.0,1028193.0,1.0,1928310.0,74859.0,3
2025-12-17 14:24:15.585033,1.8390838720404008,0.465880108948559,0.9274385034650136,423.9269034914409,32.0,1.0,1209563.0,1.0,2354504.0,88153.0,4
2025-12-17 14:24:15.683250,1.8458021259417463,0.474836039137683,0.9264568454019187,427.42370085655955,34.0,1.0,810206.0,1.0,2393877.0,77436.0,5
2025-12-17 14:24:16.177200,1.8847786724269813,0.5243833742515758,0.9225449322157498,422.0587476856249,33.0,1.0,415096.0,1.0,1603500.0,75828.0,0
2025-12-17 14:24:16.278908,1.8914111473598925,0.5332901801522006,0.9225478920991084,426.21689245534674,35.0,1.0,711944.0,1.0,1759910.0,72392.0,1
2025-12-17 14:24:16.378446,1.8986684138587584,0.542577339426875,0.9240359715032046,430.3456976071717,36.0,1.0,723605.0,1.0,1529293.0,67403.0,2
2025-12-17 14:24:16.478243,1.9057880260094588,0.5520572391113766,0.919334233039928,417.9616270665421,28.0,1.0,1022294.0,1.0,1949968.0,75214.0,3
2025-12-17 14:24:16.578581,1.9128534210477195,0.5607782860388743,0.9220587466594096,418.9240490415289,30.0,1.0,1211201.0,1.0,2368892.0,88602.0,4
2025-12-17 14:24:16.679619,1.920095643158428,0.5705731717914858,0.922483341980752,426.42536678205664,34.0,1.0,788830.0,1.0,2426506.0,77514.0,5
2025-12-17 14:24:17.178674,1.954433870026102,0.616843871766705,0.9180239225154208,435.0586379209458,40.0,1.0,414534.0,1.0,1609480.0,74859.0,0
2025-12-17 14:24:17.278569,1.961425178745416,0.6264038590823234,0.9227100788958548,439.2152624018174,40.0,1.0,705230.0,1.0,1764681.0,71540.0,1
2025-12-17 14:24:17.379529,1.9685382487340548,0.6360217109436216,0.9199869100979876,441.3453710250942,41.0,1.0,725812.0,1.0,1548564.0,66722.0,2
2025-12-17 14:24:17.477517,1.9753549068291067,0.6454298189923157,0.9209852310595676,424.9567413905911,31.0,1.0,1024372.0,1.0,1917247.0,74707.0,3
2025-12-17 14:24:17.580782,1.98277546765862,0.65474098337985,0.9214729277821448,439.92116973166543,39.0,1.0,1236886.0,1.0,2315779.0,86850.0,4
2025-12-17 14:24:17.677207,1.989401511163852,0.6644859255033321,0.9212289461239602,421.4270347457175,32.0,1.0,791236.0,1.0,2352911.0,77909.0,5
2025-12-17 14:24:18.183461,2.021997692590805,0.7105457826846358,0.9319498349978346,437.05852779315154,41.0,1.0,414674.0,1.0,1590527.0,74707.0,0
2025-12-17 14:24:18.278534,2.0257206945543245,0.7201539144054924,0.9426768679686156,418.2136318525838,31.0,1.0,698578.0,1.0,1739774.0,73007.0,1
2025-12-17 14:24:18.382139,2.032474256432318,0.7309636309963873,0.939470452923636,430.3450439448653,36.0,1.0,729754.0,1.0,1541244.0,67448.0,2
2025-12-17 14:24:18.477753,2.039285754306273,0.7403061164201489,0.9414211976586014,424.9518510112051,31.0,1.0,1066471.0,1.0,1936158.0,74707.0,3
2025-12-17 14:24:18.584140,2.0462065032629315,0.7498906570174336,0.9406832916468036,433.9182870977566,37.0,1.0,1227295.0,1.0,2320486.0,87351.0,4
2025-12-17 14:24:18.678663,2.0527642658525926,0.7588259489419661,0.9433783421983704,415.4287091766609,29.0,1.0,792576.0,1.0,2372101.0,78332.0,5
2025-12-17 14:24:19.179381,2.087715006219489,0.8019626079062901,0.8587562617100457,436.05841863720826,40.0,1.0,411598.0,1.0,1588913.0,74808.0,0
2025-12-17 14:24:19.279778,2.095224552074143,0.8101225447340713,0.8298456605606457,412.21199921780465,28.0,1.0,694570.0,1.0,1748037.0,73404.0,1
2025-12-17 14:24:19.378910,2.103303530026304,0.8186319691450038,0.809864297146988,403.3447187694863,22.0,1.0,725321.0,1.0,1547516.0,69440.0,2
2025-12-17 14:24:19.482324,2.1107613927094686,0.8278218032839612,0.7942401583683746,425.94693943702646,32.0,1.0,1025065.0,1.0,1908830.0,74631.0,3
2025-12-17 14:24:19.577384,2.1187314267360864,0.836492957378825,0.7710531360020629,436.9154335212325,38.0,1.0,1233541.0,1.0,2347343.0,87086.0,4
2025-12-17 14:24:19.680212,2.12723603342536,0.8439629829970531,0.7483530038429508,426.43038376309994,34.0,1.0,810480.0,1.0,2387404.0,77514.0,5
2025-12-17 14:24:20.182972,2.171015701269362,0.8785872949171986,0.6284747367752731,427.0583086404993,36.0,1.0,416362.0,1.0,1601872.0,75418.0,0
2025-12-17 14:24:20.284191,2.1795052307996063,0.8862790702885696,0.61238434181193,426.21036141563417,34.0,1.0,699524.0,1.0,1758124.0,72441.0,1
2025-12-17 14:24:20.380868,2.1885978904551227,0.8929580194955841,0.5891860177583693,427.3443919019586,34.0,1.0,725321.0,1.0,1546469.0,67631.0,2
2025-12-17 14:24:20.479568,2.1956807246260173,0.8996493382707648,0.5675848132654733,426.94206368620326,32.0,1.0,1029934.0,1.0,1972537.0,74530.0,3
2025-12-17 14:24:20.579855,2.1884332062192384,0.908157332142106,0.559666435605841,408.9125534356627,25.0,1.0,1212021.0,1.0,2318131.0,89476.0,4
2025-12-17 14:24:20.677590,2.196795804362021,0.9147525690978786,0.5380262051224717,412.4320513756415,28.0,1.0,815433.0,1.0,2409321.0,78571.0,5
2025-12-17 14:24:21.182938,2.2470995139525973,0.9388113414981982,0.4219400310862071,426.0581990411018,35.0,1.0,415658.0,1.0,1589989.0,75495.0,0
2025-12-17 14:24:21.277994,2.2573415794288736,0.9418901399203908,0.3959487032253725,430.2087409141966,36.0,1.0,717023.0,1.0,1727452.0,72123.0,1
2025-12-17 14:24:21.379380,2.2703242842456803,0.9453076257509576,0.3681515017947193,434.34406615861525,38.0,1.0,714842.0,1.0,1551187.0,67175.0,2
2025-12-17 14:24:21.477116,2.2940508668654847,0.9420709115572438,0.3355971018589045,437.9371864490555,37.0,1.0,1038334.0,1.0,1947330.0,73727.0,3
2025-12-17 14:24:21.579527,2.305815067979389,0.9445620111211652,0.311941729145553,416.90968139158184,29.0,1.0,1233959.0,1.0,2387404.0,88812.0,4
2025-12-17 14:24:21.683681,2.3171724110313496,0.9476817449569735,0.2884264256063596,424.43373355628876,33.0,1.0,779013.0,1.0,2427327.0,77646.0,5
2025-12-17 14:24:22.178540,2.3724445319383065,0.96092115258071,0.1628173602674795,433.20727247821117,38.0,1.0,712909.0,1.0,1748037.0,71904.0,1
2025-12-17 14:24:22.278411,2.384745506923128,0.96337808307912,0.1442582611252786,425.9332687370854,32.0,1.0,1034826.0,1.0,1923747.0,74606.0,3
2025-12-17 14:24:22.379011,2.401208868806467,0.9663243315568364,0.1292750272558213,430.9073844849065,35.0,1.0,1223976.0,1.0,2327565.0,87618.0,4
2025-12-17 14:24:23.183730,2.494271001080644,0.9737382746970789,0.040029158418253,420.05797974804796,33.0,1.0,409791.0,1.0,1604585.0,75931.0,0
2025-12-17 14:24:23.279592,2.514322243581353,0.9783384199787925,0.0452023178240102,426.20547709587794,35.0,1.0,719941.0,1.0,1762294.0,72392.0,1
2025-12-17 14:24:23.379043,2.527672711718602,0.97868289471549,0.0459890779846331,427.3434138110108,34.0,1.0,725321.0,1.0,1551187.0,67631.0,2
2025-12-17 14:24:23.477951,2.539038960736457,0.9798658277439228,0.0454930574432757,439.92740391549466,38.0,1.0,1044325.0,1.0,1951949.0,73628.0,3
2025-12-17 14:24:23.581495,2.550441194096139,0.9797262726316824,0.0469771005960667,411.9039297647038,27.0,1.0,1192087.0,1.0,2389021.0,89234.0,4
2025-12-17 14:24:23.683507,2.56215346499041,0.9800416530228808,0.045745029124176,417.43707725839425,30.0,1.0,809932.0,1.0,2368090.0,78200.0,5
2025-12-17 14:24:24.178297,2.61878466546398,0.9828790064578876,0.0464860357507682,429.0578707403977,37.0,1.0,413833.0,1.0,1568609.0,75291.0,0
2025-12-17 14:24:24.277925,2.630886633963286,0.9835692348539344,0.0442706267345419,410.2038492077938,27.0,1.0,693396.0,1.0,1747445.0,73528.0,1
2025-12-17 14:24:24.380622,2.6440489273780075,0.9840638142247088,0.0452679163629759,420.3430870671238,31.0,1.0,711704.0,1.0,1540201.0,68067.0,2
2025-12-17 14:24:24.479607,2.6567344122658354,0.9853314700146988,0.0442779676025031,430.90134950112383,35.0,1.0,1218603.0,1.0,2331508.0,87618.0,4
2025-12-17 14:24:24.580163,2.6683995392857227,0.9861320484440668,0.0437791109346371,421.4385764641027,32.0,1.0,796880.0,1.0,2354504.0,77909.0,5
2025-12-17 14:24:25.179707,2.7370318761063674,0.989891360035745,0.050699458258838,428.05776098273316,36.0,1.0,412714.0,1.0,1591066.0,75342.0,0
2025-12-17 14:24:25.278293,2.7465160841859406,0.9892348948769104,0.0506794037824003,426.2022180014258,34.0,1.0,710500.0,1.0,1739774.0,72417.0,1
2025-12-17 14:24:25.380973,2.757398288122724,0.988866702878752,0.0474878064934618,426.34276072384574,34.0,1.0,701896.0,1.0,1528775.0,67723.0,2
2025-12-17 14:24:25.477694,2.768938642640766,0.9894015176465546,0.0445146612630032,417.9176267209681,28.0,1.0,1021256.0,1.0,1956579.0,75214.0,3
2025-12-17 14:24:25.579701,2.780757081066727,0.9889721015433278,0.0440225403983499,427.8981889460007,34.0,1.0,1216130.0,1.0,2359290.0,87855.0,4
2025-12-17 14:24:25.678718,2.7929131075830287,0.9897958631656436,0.0425402858897885,410.4404132442358,27.0,1.0,791772.0,1.0,2386596.0,78731.0,5
2025-12-17 14:24:26.179150,2.844080034435168,1.0067414983935006,0.0436515881636844,415.05765144065805,30.0,1.0,415236.0,1.0,1612752.0,76317.0,0
2025-12-17 14:24:26.277825,2.8548734442616706,1.0067283930169515,0.0236589064275259,432.34246814491934,36.0,1.0,728273.0,1.0,1534997.0,67334.0,2
2025-12-17 14:24:26.379211,2.8652164298651583,1.006458086112047,0.0001592756479557,426.9132190010371,32.0,1.0,1035877.0,1.0,1946671.0,74530.0,3
2025-12-17 14:24:26.479726,2.8770031078428557,1.006666804623254,-0.0210248706447037,433.8956031863977,37.0,1.0,1225219.0,1.0,2372101.0,87351.0,4
2025-12-17 14:24:26.577048,2.88840578059644,1.0067795877938597,-0.0401043019037906,411.44191524886645,27.0,1.0,808015.0,1.0,2393877.0,78651.0,5
2025-12-17 14:24:27.178886,2.95384452371902,0.998893618625848,-0.1674623954871754,430.0575418664692,37.0,1.0,406751.0,1.0,1602957.0,75214.0,0
2025-12-17 14:24:27.279783,2.964825191322609,0.997141167524968,-0.1881999217094923,421.1989543592127,32.0,1.0,700235.0,1.0,1755745.0,72785.0,1
2025-12-17 14:24:27.379031,2.9766221080273154,0.9955263706596524,-0.2039732763902468,443.3421088998385,42.0,1.0,713150.0,1.0,1538638.0,66609.0,2
2025-12-17 14:24:27.480444,2.9870924559246896,0.9927086131169124,-0.2349534930764025,416.9078348245404,28.0,1.0,1039037.0,1.0,1940094.0,75240.0,3
2025-12-17 14:24:27.579366,2.998561899157845,0.9900981177245382,-0.2623956959492784,418.89244393561034,30.0,1.0,1226879.0,1.0,2329930.0,88602.0,4
2025-12-17 14:24:27.679731,3.0094342266287115,0.9867522403943428,-0.2799147146628063,432.4437589310012,37.0,1.0,787230.0,1.0,2373707.0,77044.0,5
2025-12-17 14:24:28.182645,3.068556224001861,0.993756645469508,-0.3447689847729842,400.05743185134696,23.0,1.0,417491.0,1.0,1622058.0,77567.0,0
2025-12-17 14:24:28.280100,3.0800673890902446,0.9901898698786392,-0.3687212030582639,418.1973232360056,31.0,1.0,715568.0,1.0,1754557.0,73007.0,1
2025-12-17 14:24:28.379433,3.0893427686127093,0.9855973384167632,-0.3910630997181947,421.34178253992275,32.0,1.0,715326.0,1.0,1541244.0,67998.0,2
2025-12-17 14:24:28.483911,3.0993117954759484,0.9810346890065372,-0.4151800513695446,421.9029286480667,30.0,1.0,1030980.0,1.0,1967203.0,74884.0,3
2025-12-17 14:24:28.581486,3.1100316167324005,0.9771006576444856,-0.4350467680040144,422.88956485845875,32.0,1.0,1204660.0,1.0,2283093.0,88303.0,4
2025-12-17 14:24:28.682542,3.1205495037600484,0.972214951140408,-0.4616667020334762,422.4454356274998,32.0,1.0,799311.0,1.0,2380949.0,77804.0,5
2025-12-17 14:24:29.177425,3.168087426665992,0.9359799350130518,-0.5867336406789054,428.0573228203512,36.0,1.0,419332.0,1.0,1568609.0,75342.0,0
2025-12-17 14:24:29.280195,3.17709195747832,0.9292809330217048,-0.602831795696197,423.1956924747932,33.0,1.0,717265.0,1.0,1756934.0,72613.0,1
2025-12-17 14:24:29.381740,3.18704266355141,0.923217345971858,-0.6198548605624105,436.3414555585412,39.0,1.0,725812.0,1.0,1576593.0,67016.0,2
2025-12-17 14:24:29.479920,3.195521973543624,0.9161361269912194,-0.6430807244381724,416.898058935437,28.0,1.0,1066832.0,1.0,1946012.0,75240.0,3
2025-12-17 14:24:29.579516,3.2032809149653683,0.9088778906040352,-0.6722323163044681,417.88669753182165,29.0,1.0,1236049.0,1.0,2318131.0,88722.0,4
2025-12-17 14:24:29.680083,3.2118258667947197,0.9015407522867032,-0.6931960857834496,436.44710351257686,38.0,1.0,794994.0,1.0,2412585.0,76783.0,5
2025-12-17 14:24:30.178814,3.242853283222356,0.8831627431420365,-0.7643165026345343,418.0572130649884,32.0,1.0,415096.0,1.0,1611661.0,76111.0,0
2025-12-17 14:24:30.282325,3.242853283222356,0.8831627431420365,-0.7643165026345343,406.19405839529685,26.0,1.0,716780.0,1.0,1759314.0,73827.0,1
2025-12-17 14:24:30.379777,3.242853283222356,0.8831627431420365,-0.7643165026345343,418.3411299701565,30.0,1.0,711222.0,1.0,1567547.0,68206.0,2
2025-12-17 14:24:30.480378,3.242853283222356,0.8831627431420365,-0.7643165026345343,425.893167470643,32.0,1.0,1042913.0,1.0,1912063.0,74631.0,3
2025-12-17 14:24:30.579309,3.242853283222356,0.8831627431420365,-0.7643165026345343,420.8838251401094,31.0,1.0,1225634.0,1.0,2364086.0,88422.0,4
2025-12-17 14:24:30.682522,3.242853283222356,0.8831627431420365,-0.7643165026345343,412.4487795870928,28.0,1.0,793650.0,1.0,2348933.0,78571.0,5
2025-12-17 14:24:31.178354,3.2544241783945367,0.8541169857177668,-0.8344752424499564,437.05710351228174,40.0,1.0,412994.0,1.0,1585153.0,74732.0,0
2025-12-17 14:24:31.281921,3.264917224501312,0.8446378502839513,-0.8515791957234667,431.1924284477569,37.0,1.0,712909.0,1.0,1770065.0,72099.0,1
2025-12-17 14:24:31.378151,3.2755445430968595,0.8352349798776741,-0.8723106066030359,426.3408042718327,34.0,1.0,724095.0,1.0,1542287.0,67723.0,2
2025-12-17 14:24:31.478473,3.285798457392304,0.8256706375180143,-0.894089651482681,430.88828755908884,34.0,1.0,1036929.0,1.0,1921795.0,74253.0,3
2025-12-17 14:24:31.580330,3.294220171538273,0.8166482141920575,-0.9184957002276534,420.45028071894126,31.0,1.0,812677.0,1.0,2372904.0,77988.0,5
2025-12-17 14:24:32.178293,3.328857491147029,0.7609981816282931,-1.0581123471940717,447.05699391584346,45.0,1.0,417774.0,1.0,1598082.0,73977.0,0
2025-12-17 14:24:32.278224,3.3354050702000686,0.7508576846677284,-1.0781330817006174,429.1908038698036,36.0,1.0,690585.0,1.0,1756934.0,72196.0,1
2025-12-17 14:24:32.379534,3.341625538712768,0.7411996624651445,-1.1005991965216506,419.34047759188655,31.0,1.0,713875.0,1.0,1552763.0,68160.0,2
2025-12-17 14:24:32.477353,3.346011384486265,0.7309918251704575,-1.1285201248442651,407.8834038094927,22.0,1.0,1028541.0,1.0,1957241.0,76188.0,3
2025-12-17 14:24:32.578011,3.350277370981687,0.7211165986968664,-1.1512552465653034,444.87808289640503,42.0,1.0,1205884.0,1.0,2358492.0,86410.0,4
2025-12-17 14:24:32.681672,3.3557105993535328,0.7109341446390101,-1.1721602886032958,434.45212215892866,38.0,1.0,787763.0,1.0,2390638.0,76887.0,5
2025-12-17 14:24:33.179606,3.3920456450354908,0.648471467999716,-1.281606886221359,436.0568841688105,40.0,1.0,419900.0,1.0,1589989.0,74808.0,0
2025-12-17 14:24:33.277775,3.395337462817185,0.6369390991037421,-1.3026859897840397,420.18917399564094,32.0,1.0,707860.0,1.0,1753963.0,72810.0,1
2025-12-17 14:24:33.381000,3.397973268188033,0.6260975365105769,-1.325118343576066,419.3401508848634,31.0,1.0,713875.0,1.0,1560666.0,68160.0,2
2025-12-17 14:24:33.478054,3.401264476295978,0.6152836288354658,-1.3411992427105437,426.8785111566168,32.0,1.0,1035176.0,1.0,1927006.0,74581.0,3
2025-12-17 14:24:33.580302,3.4038825234833467,0.6045583466889705,-1.3659233581476653,420.87520332797277,31.0,1.0,1233541.0,1.0,2333086.0,88482.0,4
2025-12-17 14:24:33.680253,3.403837333249893,0.5905946682909948,-1.394713186329713,439.45379178288204,40.0,1.0,794456.0,1.0,2340204.0,76498.0,5
2025-12-17 14:24:34.179070,3.403553464383805,0.5244232222258908,-1.5101835436744349,425.0567746244337,35.0,1.0,414113.0,1.0,1594840.0,75597.0,0
2025-12-17 14:24:34.278485,3.404735817193921,0.5128550223199732,-1.531921251830256,420.1875422316056,32.0,1.0,697869.0,1.0,1775465.0,72859.0,1
2025-12-17 14:24:34.380012,3.406185231683847,0.5005759034420715,-1.5525974725337714,419.3398249784057,31.0,1.0,725567.0,1.0,1553814.0,68160.0,2
2025-12-17 14:24:34.477148,3.405379944202269,0.4893816039437396,-1.5800616645179435,426.8736263607264,32.0,1.0,1032028.0,1.0,1940750.0,74581.0,3
2025-12-17 14:24:34.581211,3.403157510192776,0.4770140472846877,-1.605297105573091,404.8723277300077,23.0,1.0,1194510.0,1.0,2325990.0,90023.0,4
2025-12-17 14:24:34.678800,3.3937716172464563,0.4607100345606084,-1.6150800818351896,425.45546134998756,34.0,1.0,799852.0,1.0,2383368.0,77567.0,5
2025-12-17 14:24:35.182975,3.386660710498057,0.4033016687259191,-1.6721845469854455,429.05666459330945,37.0,1.0,417915.0,1.0,1608391.0,75265.0,0
2025-12-17 14:24:35.284060,3.3859461761400884,0.3914575784793169,-1.6697388191276883,433.1859025346706,38.0,1.0,711704.0,1.0,1739774.0,71928.0,1
2025-12-17 14:24:35.378748,3.3850998674747164,0.3789740749889977,-1.6702355796603432,429.3394991619871,35.0,1.0,726304.0,1.0,1549088.0,67494.0,2
2025-12-17 14:24:35.480132,3.3830659378762293,0.3676935379346726,-1.6695994006215198,449.86872254574865,43.0,1.0,1037280.0,1.0,1938125.0,72908.0,3
2025-12-17 14:24:35.580439,3.3698204188054675,0.3532603792569454,-1.666440930486241,414.8694569615329,28.0,1.0,1214485.0,1.0,2333086.0,88932.0,4
2025-12-17 14:24:35.682061,3.3655124632230997,0.3406440049242356,-1.6700963814926153,435.4571387988846,38.0,1.0,788296.0,1.0,2390638.0,76861.0,5
2025-12-17 14:24:36.178038,3.3618686523647097,0.2822412472238935,-1.6671579023142862,414.056555531296,30.0,1.0,414955.0,1.0,1583009.0,76369.0,0
2025-12-17 14:24:36.278308,3.361165385702987,0.2704316422106612,-1.666427161664118,434.1842813076132,38.0,1.0,715810.0,1.0,1780278.0,71855.0,1
2025-12-17 14:24:36.380464,3.360280489018873,0.2592693066074585,-1.666432444667369,426.33917237340677,34.0,1.0,724585.0,1.0,1551712.0,67700.0,2
2025-12-17 14:24:36.480557,3.358745907903506,0.2477895281334305,-1.667170481394873,418.86383124229906,29.0,1.0,1035877.0,1.0,1944038.0,75113.0,3
2025-12-17 14:24:36.582505,3.35839501562151,0.2363730498675309,-1.6691551531702369,406.86657803952255,25.0,1.0,1225219.0,1.0,2323630.0,89658.0,4
2025-12-17 14:24:36.677196,3.3569187956106696,0.2247897215876577,-1.6689174997470375,433.458802661138,37.0,1.0,820971.0,1.0,2372904.0,76965.0,5
2025-12-17 14:24:37.178038,3.351111275234554,0.169333369029168,-1.6706453546330224,433.0564459281719,38.0,1.0,412295.0,1.0,1589989.0,75036.0,0
2025-12-17 14:24:37.278514,3.350441678120922,0.1573115585083511,-1.669916441927792,415.18265036540345,29.0,1.0,714358.0,1.0,1791157.0,73205.0,1
2025-12-17 14:24:37.378407,3.349774003250068,0.1458126398408642,-1.6699165396472475,421.3388468156876,32.0,1.0,715810.0,1.0,1561194.0,67998.0,2
2025-12-17 14:24:37.478384,3.347998410684525,0.1342025444952851,-1.6696687185831005,415.8589526410574,27.0,1.0,1039741.0,1.0,1960556.0,75367.0,3
2025-12-17 14:24:37.579017,3.347359150674392,0.1226095272943201,-1.671422821266053,430.8637150740788,35.0,1.0,1221907.0,1.0,2358492.0,87588.0,4
2025-12-17 14:24:37.678279,3.345626331716759,0.1110890161704727,-1.671420918792912,426.4604764684267,34.0,1.0,793382.0,1.0,2364887.0,77488.0,5
2025-12-17 14:24:38.183772,3.3408995500702345,0.0530705030114645,-1.6704419116200675,418.0563356965835,31.0,1.0,418906.0,1.0,1601872.0,76136.0,0
2025-12-17 14:24:38.281118,3.3402100758417,0.0415289658543203,-1.6729335300666213,438.18101551299975,40.0,1.0,711222.0,1.0,1767670.0,71612.0,1
2025-12-17 14:24:38.381696,3.3384320743469784,0.030048401922702,-1.672159829540544,421.3385195139494,32.0,1.0,712185.0,1.0,1527741.0,67998.0,2
2025-12-17 14:24:38.478713,3.3374781295839027,0.0178800578839573,-1.6731609981379003,407.8540618069734,23.0,1.0,1047511.0,1.0,1935503.0,76111.0,3
2025-12-17 14:24:38.578828,3.336331577947268,0.0066911993856169,-1.6726517612674854,422.8608426306528,32.0,1.0,1243181.0,1.0,2323630.0,88243.0,4
2025-12-17 14:24:38.679450,3.335036322934834,-0.0108147612215764,-1.6694295918191169,423.46215042285104,33.0,1.0,801750.0,1.0,2347343.0,77698.0,5
2025-12-17 14:24:39.177663,3.333802862898153,-0.0309691503460307,-1.67783541033335,418.05622676302494,32.0,1.0,420184.0,1.0,1595920.0,76085.0,0
2025-12-17 14:24:39.279019,3.333802862898153,-0.0309691503460307,-1.67783541033335,409.1793883293375,27.0,1.0,697397.0,1.0,1789945.0,73653.0,1
2025-12-17 14:24:39.382492,3.333834776907889,-0.0311154959182606,-1.6770972364211885,441.3381930254995,41.0,1.0,719210.0,1.0,1551712.0,66744.0,2
2025-12-17 14:24:39.483027,3.3314906765595054,-0.0389372979699459,-1.6799887857195548,417.8491514893257,28.0,1.0,1056055.0,1.0,1953932.0,75189.0,3
2025-12-17 14:24:39.578496,3.329591268677724,-0.0482489946392666,-1.6799895726980194,426.85797059806396,33.0,1.0,1207926.0,1.0,2307173.0,87945.0,4
2025-12-17 14:24:39.677258,3.327481127921477,-0.0616963255255514,-1.6730765586697822,433.46381875435117,37.0,1.0,798230.0,1.0,2396309.0,76992.0,5
2025-12-17 14:24:40.179180,3.3233828375486163,-0.1258812321208419,-1.6693706967690929,418.05611699363294,32.0,1.0,418198.0,1.0,1583545.0,76085.0,0
2025-12-17 14:24:40.283604,3.322620807725891,-0.1363248030249375,-1.6718472122405672,429.1777502467027,36.0,1.0,711463.0,1.0,1748037.0,72196.0,1
2025-12-17 14:24:40.379487,3.3207362306105885,-0.1471597996402773,-1.675811241800078,421.33786777704523,32.0,1.0,708100.0,1.0,1549088.0,67998.0,2
2025-12-17 14:24:40.478391,3.3202804290049435,-0.1586216830882069,-1.6787858009834764,431.8442849302465,34.0,1.0,1020220.0,1.0,1917896.0,74228.0,3
2025-12-17 14:24:40.578678,3.3185721495957248,-0.1693161101711382,-1.6788042598926545,427.85509708876003,34.0,1.0,1226464.0,1.0,2329142.0,87885.0,4
2025-12-17 14:24:40.677799,3.3181609497787905,-0.1809218287330011,-1.6667035166988626,409.46549165541774,26.0,1.0,793113.0,1.0,2356896.0,78811.0,5
2025-12-17 14:24:41.178749,3.317085528839205,-0.2371567994948632,-1.550234955184541,430.176290617622,36.0,1.0,722137.0,1.0,1758719.0,72123.0,1
2025-12-17 14:24:41.277846,3.316771578449199,-0.2480849777590124,-1.5266940307303398,429.33757470649203,35.0,1.0,731732.0,1.0,1543332.0,67494.0,2
2025-12-17 14:24:41.382279,3.31675084475029,-0.2599115670676309,-1.507231595191205,425.8398656179618,32.0,1.0,1052843.0,1.0,1933539.0,74631.0,3
2025-12-17 14:24:41.478885,3.318349191241473,-0.2717132535002622,-1.484500088093084,443.85251080627353,42.0,1.0,1225219.0,1.0,2313429.0,86469.0,4
2025-12-17 14:24:41.586269,3.318545321307812,-0.2819551950525429,-1.4626818479926051,416.467010614093,29.0,1.0,815985.0,1.0,2361687.0,78253.0,5
2025-12-17 14:24:42.180743,3.325501691824686,-0.353443813795964,-1.4728532430946175,412.0558976160751,29.0,1.0,418623.0,1.0,1599705.0,76550.0,0
2025-12-17 14:24:42.279829,3.3263722777014064,-0.3660660024674764,-1.460033420718903,422.1744951896318,32.0,1.0,705707.0,1.0,1785710.0,72736.0,1
2025-12-17 14:24:42.378380,3.326565673645309,-0.3772899030989795,-1.4542778125670917,422.83499545552337,30.0,1.0,1046094.0,1.0,1953932.0,74833.0,3
2025-12-17 14:24:42.479799,3.327929465755986,-0.3886912349162743,-1.456019633927618,429.8496351939435,35.0,1.0,1222320.0,1.0,2368892.0,87648.0,4
2025-12-17 14:24:42.582222,3.32963106245522,-0.399942307378237,-1.4522108877996418,431.4686758440396,36.0,1.0,789364.0,1.0,2413401.0,77148.0,5
2025-12-17 14:24:43.179910,3.338642657914619,-0.4696260657116585,-1.4500037748256291,432.05578810425044,38.0,1.0,415799.0,1.0,1622607.0,75113.0,0
2025-12-17 14:24:43.277470,3.340361132735789,-0.4809633923729665,-1.4477579190587069,422.17286842992723,33.0,1.0,729507.0,1.0,1767072.0,72711.0,1
2025-12-17 14:24:43.378488,3.341674467116462,-0.4923658366284281,-1.4477765703944825,426.33688941663246,34.0,1.0,705707.0,1.0,1543332.0,67723.0,2
2025-12-17 14:24:43.478326,3.343476529609484,-0.5038356499158518,-1.4487634822594255,419.8296175714599,29.0,1.0,1048930.0,1.0,1964542.0,75087.0,3
2025-12-17 14:24:43.579649,3.344604258762232,-0.5149753084504982,-1.4490217894804545,419.8464753398291,30.0,1.0,1226879.0,1.0,2330719.0,88542.0,4
2025-12-17 14:24:43.681187,3.346177297630125,-0.5266650034941729,-1.4502579919723275,444.4705133096912,42.0,1.0,812128.0,1.0,2365687.0,76136.0,5
2025-12-17 14:24:44.178333,3.3531139051684544,-0.5840432378042972,-1.4496050933597444,421.0556786739705,33.0,1.0,421466.0,1.0,1641387.0,75879.0,0
2025-12-17 14:24:44.278097,3.354552522853356,-0.5954375635539111,-1.4493642030665166,426.17123680123217,34.0,1.0,712427.0,1.0,1767670.0,72441.0,1
2025-12-17 14:24:44.380591,3.355950620660608,-0.6067595815086515,-1.4434319013986243,450.3365625018016,45.0,1.0,725076.0,1.0,1542287.0,66160.0,2
2025-12-17 14:24:44.477565,3.3578092293506963,-0.6178489664144499,-1.426609790754391,407.8247320666317,23.0,1.0,1061071.0,1.0,1968535.0,76008.0,3
2025-12-17 14:24:44.580111,3.359183470872882,-0.6281084540009327,-1.4039069097493408,435.843601026089,38.0,1.0,1207518.0,1.0,2305612.0,87174.0,4
2025-12-17 14:24:45.178065,3.3507961319202297,-0.6800907893121253,-1.250503651198675,427.05556910022005,36.0,1.0,420753.0,1.0,1593221.0,75469.0,0
2025-12-17 14:24:45.282754,3.3557077587097126,-0.6909941474237372,-1.2257445366344073,411.33626819027415,27.0,1.0,714358.0,1.0,1554866.0,68669.0,2
2025-12-17 14:24:45.378317,3.3592454648565737,-0.701788895963458,-1.200840126437244,437.8203280869583,37.0,1.0,1027845.0,1.0,1919845.0,73777.0,3
2025-12-17 14:24:45.475902,3.363806615935685,-0.7126529959665708,-1.1787800458780835,427.8410274307105,34.0,1.0,1226879.0,1.0,2340996.0,87855.0,4
2025-12-17 14:24:45.579097,3.3678483737159195,-0.7226419088966014,-1.1617752541658803,429.4736866085998,35.0,1.0,799311.0,1.0,2364086.0,77253.0,5
2025-12-17 14:24:46.179191,3.3970717585197505,-0.7826890302153291,-1.0273392135878523,433.0554593736828,38.0,1.0,423468.0,1.0,1600788.0,75036.0,0
2025-12-17 14:24:46.282089,3.4064084393313228,-0.7978123797606975,-1.006779447362235,433.1679690792421,38.0,1.0,709779.0,1.0,1750405.0,71928.0,1
2025-12-17 14:24:46.382007,3.417208769957062,-0.8143332320070302,-0.9851820185700968,413.3359095823181,28.0,1.0,711944.0,1.0,1554340.0,68553.0,2
2025-12-17 14:24:46.480149,3.423905605781424,-0.8232436168519809,-0.9614544383850864,414.8149409818155,27.0,1.0,1060711.0,1.0,1948649.0,75469.0,3
2025-12-17 14:24:46.580206,3.430409948464214,-0.8323013469489848,-0.934101021504128,434.8378547803145,37.0,1.0,1216130.0,1.0,2323630.0,87263.0,4
2025-12-17 14:24:46.680382,3.436368630292731,-0.8414987414586963,-0.9143392568125812,429.4755279532834,35.0,1.0,796610.0,1.0,2415853.0,77305.0,5
2025-12-17 14:24:47.182361,3.470312174749771,-0.8843568790072126,-0.7964428548542265,440.05534942311687,42.0,1.0,424042.0,1.0,1619864.0,74505.0,0
2025-12-17 14:24:47.279086,3.48686765854618,-0.8906399988781882,-0.7679659238664148,426.16634336964796,34.0,1.0,725321.0,1.0,1789339.0,72417.0,1
2025-12-17 14:24:47.381089,3.519207151035562,-0.8906158886613363,-0.724797564046555,421.33558365302434,32.0,1.0,720428.0,1.0,1545422.0,67998.0,2
2025-12-17 14:24:47.480983,3.528187391594345,-0.8978343147495866,-0.7064959667814319,414.8352668602257,28.0,1.0,1222320.0,1.0,2360888.0,88932.0,4
2025-12-17 14:24:47.588870,3.5371716521295897,-0.9049831232696318,-0.6894270224334786,431.47704694205464,36.0,1.0,805285.0,1.0,2373707.0,77122.0,5
2025-12-17 14:24:48.179902,3.596038347060948,-0.940742711645458,-0.5471262703096138,421.05524008950687,33.0,1.0,420042.0,1.0,1593761.0,75879.0,0
2025-12-17 14:24:48.278192,3.6149492195976536,-0.9377756842159012,-0.5114656456808359,417.1647142211051,30.0,1.0,716053.0,1.0,1767072.0,73057.0,1
2025-12-17 14:24:48.379435,3.617896986771007,-0.937848246634236,-0.5098523756470307,419.335257963835,31.0,1.0,708819.0,1.0,1566487.0,68137.0,2
2025-12-17 14:24:48.480297,3.617878721128178,-0.937783643904805,-0.5100989824759857,417.80516180715256,28.0,1.0,1048930.0,1.0,1947330.0,75240.0,3
2025-12-17 14:24:48.578672,3.617682907303388,-0.9378389907083235,-0.5098450300058358,422.8321132146349,32.0,1.0,1245287.0,1.0,2315779.0,88303.0,4
2025-12-17 14:24:48.678091,3.61761793876375,-0.9378573602949654,-0.5100930337505561,417.4788681157723,30.0,1.0,780861.0,1.0,2393877.0,78200.0,5
2025-12-17 14:24:49.181901,3.6686248216385073,-0.9625332623070092,-0.3956857575439871,416.05513026728613,31.0,1.0,422752.0,1.0,1600788.0,76265.0,0
2025-12-17 14:24:49.282023,3.686932330778375,-0.9595556880021144,-0.3594828513752441,431.1630773679475,37.0,1.0,725812.0,1.0,1759314.0,72099.0,1
2025-12-17 14:24:49.382297,3.700082123061756,-0.9604826522810584,-0.3340013172025177,432.33493080139647,37.0,1.0,727780.0,1.0,1539680.0,67334.0,2
2025-12-17 14:24:49.479973,3.709650622854742,-0.9646779950719216,-0.3140063410978009,415.8002741657329,27.0,1.0,1051774.0,1.0,1941407.0,75367.0,3
2025-12-17 14:24:49.578602,3.719164077684285,-0.9674928579375272,-0.2931267758673227,414.8292404293236,28.0,1.0,1209563.0,1.0,2364086.0,88963.0,4
2025-12-17 14:24:49.679310,3.729075615106893,-0.9701898565526728,-0.2664639778169342,414.4805421504525,28.0,1.0,785367.0,1.0,2344961.0,78438.0,5
2025-12-17 14:24:50.183936,3.783794077796313,-0.9832763626398208,-0.1524403705303705,422.0550204411197,33.0,1.0,419332.0,1.0,1588913.0,75828.0,0
2025-12-17 14:24:50.277734,3.7948520384374103,-0.9849375785909076,-0.1324398801635834,431.16145375531306,37.0,1.0,725812.0,1.0,1785105.0,72050.0,1
2025-12-17 14:24:50.379711,3.807052167536477,-0.9860062689184912,-0.1132137096099578,424.3346054162523,33.0,1.0,716537.0,1.0,1551712.0,67814.0,2
2025-12-17 14:24:50.478782,3.818994199862948,-0.9866556546399042,-0.0884638127444432,427.7953907632717,33.0,1.0,1081007.0,1.0,1930269.0,74505.0,3
2025-12-17 14:24:50.581341,3.8120917856543897,-0.9744086135094646,-0.0627191245113408,425.8263595737934,33.0,1.0,1229373.0,1.0,2351319.0,88034.0,4
2025-12-17 14:24:50.682043,3.817336557368849,-0.9703348931912384,-0.0421664496267166,434.4822187165354,37.0,1.0,794188.0,1.0,2354504.0,76939.0,5
2025-12-17 14:24:51.178650,3.874845989029668,-0.9682822744715052,0.0646839937422824,429.05491141735774,37.0,1.0,427211.0,1.0,1613298.0,75265.0,0
2025-12-17 14:24:51.277031,3.886491244653927,-0.9673502250004392,0.0858905925843134,424.1598242953244,33.0,1.0,721160.0,1.0,1765279.0,72588.0,1
2025-12-17 14:24:51.378138,3.8971040631653335,-0.9668805989612068,0.1083853527332024,417.3342797006384,30.0,1.0,714358.0,1.0,1547516.0,68298.0,2
2025-12-17 14:24:51.481557,3.907660986219653,-0.9626089027627118,0.1317317251623951,415.7904879701421,27.0,1.0,1037631.0,1.0,1914654.0,75393.0,3
2025-12-17 14:24:51.580868,3.918276620043764,-0.958804097480232,0.1526637520883871,431.8234879462956,36.0,1.0,1209972.0,1.0,2320486.0,87529.0,4
2025-12-17 14:24:51.680550,3.929427006679475,-0.9562643526419148,0.1762198371855483,430.48388821676104,36.0,1.0,788296.0,1.0,2377728.0,77226.0,5
2025-12-17 14:24:52.178337,3.985437857354704,-0.9430477065042726,0.2901199625783233,420.05480184853946,33.0,1.0,421323.0,1.0,1595380.0,75931.0,0
2025-12-17 14:24:52.278775,3.9964433074368775,-0.939542355137748,0.3086502816168507,428.1581908452422,36.0,1.0,721160.0,1.0,1759910.0,72245.0,1
2025-12-17 14:24:52.380385,4.006134475101519,-0.9360265446037788,0.3301046695713442,429.3339527388306,35.0,1.0,715810.0,1.0,1539159.0,67494.0,2
2025-12-17 14:24:52.480942,4.012670333436998,-0.928652995075396,0.3610205000886213,425.7856017514871,32.0,1.0,1046803.0,1.0,1952610.0,74631.0,3
2025-12-17 14:24:52.577653,4.016828930294527,-0.9190155481874605,0.3946579646416118,415.8206241965265,29.0,1.0,1240239.0,1.0,2336247.0,88842.0,4
2025-12-17 14:24:52.678198,4.026628084110561,-0.9139842331432284,0.4136859980422626,435.48555628074166,38.0,1.0,803379.0,1.0,2372904.0,76861.0,5
2025-12-17 14:24:53.184630,4.0280366565520405,-0.9118526078752284,0.408970160418251,417.05469155568295,31.0,1.0,423181.0,1.0,1607303.0,76188.0,0
2025-12-17 14:24:53.278088,4.0280366565520405,-0.9118526078752284,0.408970160418251,416.15656135916385,30.0,1.0,706663.0,1.0,1785710.0,73106.0,1
2025-12-17 14:24:53.378144,4.024482903236105,-0.9094644331046354,0.4056768625588666,427.3336272411375,35.0,1.0,736453.0,1.0,1560137.0,67608.0,2
2025-12-17 14:24:53.481290,4.023101820735545,-0.9050164399116888,0.4119581650706007,407.7807108245078,23.0,1.0,1050351.0,1.0,1957904.0,76136.0,3
2025-12-17 14:24:53.579459,4.033535259871822,-0.9014308078577432,0.4428552649051467,423.81774602149267,32.0,1.0,1231039.0,1.0,2329142.0,88153.0,4
2025-12-17 14:24:53.678141,4.0448890599644365,-0.894930359579121,0.4755214563676611,425.4872281819543,34.0,1.0,788830.0,1.0,2369694.0,77567.0,5
2025-12-17 14:24:54.181736,4.100124133731892,-0.8639931778854081,0.5906808584420794,422.0545822697503,34.0,1.0,419474.0,1.0,1613844.0,75777.0,0
2025-12-17 14:24:54.280328,4.108448277286271,-0.8590061515167573,0.6123788561624369,426.1549271003009,34.0,1.0,727780.0,1.0,1776667.0,72441.0,1
2025-12-17 14:24:54.379874,4.116216288936816,-0.8530232377681621,0.632141073305988,426.33330044799,34.0,1.0,728766.0,1.0,1537597.0,67723.0,2
2025-12-17 14:24:54.483666,4.124516141582506,-0.8472955724289457,0.661268386282816,418.7758099821792,29.0,1.0,1038685.0,1.0,1938125.0,75138.0,3
2025-12-17 14:24:54.582075,4.133522800282451,-0.8414770867153799,0.689983007369128,420.81486551933983,31.0,1.0,1221080.0,1.0,2411768.0,88452.0,4
2025-12-17 14:24:54.678679,4.1425683516626375,-0.833885056851123,0.7107515949114919,423.4889010780049,33.0,1.0,799852.0,1.0,2380143.0,77698.0,5
2025-12-17 14:24:55.178473,4.179088646118495,-0.7752980608111468,0.8310879868849138,428.0544730242612,36.0,1.0,418481.0,1.0,1566487.0,75342.0,0
2025-12-17 14:24:55.277780,4.184311674891466,-0.7634320198705866,0.8638748542847116,425.1533006487808,34.0,1.0,719941.0,1.0,1796014.0,72515.0,1
2025-12-17 14:24:55.378700,4.192141824030065,-0.7551703055543777,0.888421531127387,410.33297460221075,27.0,1.0,727288.0,1.0,1574993.0,68785.0,2
2025-12-17 14:24:55.479531,4.199580574995381,-0.7459604179117105,0.9084551152924252,413.770940973598,26.0,1.0,1038334.0,1.0,1942065.0,75495.0,3
2025-12-17 14:24:55.584292,4.205245647636306,-0.7358641143846835,0.930448135042672,418.81198616350855,30.0,1.0,1232706.0,1.0,2376119.0,88602.0,4
2025-12-17 14:24:55.688052,4.2134821850701165,-0.7232143951484975,0.9640906795142656,427.4905887461447,34.0,1.0,801750.0,1.0,2383368.0,77410.0,5
2025-12-17 14:24:56.180063,4.233952676020507,-0.6611723085319922,1.0859103177746992,436.05436324686815,40.0,1.0,425911.0,1.0,1594300.0,74808.0,0
2025-12-17 14:24:56.281171,4.239969673834733,-0.6506056316731862,1.1057176489079965,432.15166451309,37.0,1.0,712909.0,1.0,1764084.0,72001.0,1
2025-12-17 14:24:56.382211,4.24419941685846,-0.6407536814259416,1.1264024911693766,403.3326472280498,23.0,1.0,720184.0,1.0,1539159.0,69346.0,2
2025-12-17 14:24:56.479939,4.249901968003234,-0.6310804470494946,1.1513067316075614,419.76604975326524,29.0,1.0,1038685.0,1.0,1952610.0,75113.0,3
2025-12-17 14:24:56.578490,4.255199730501172,-0.6209668355478659,1.1738274222761926,423.8091298461554,32.0,1.0,1228541.0,1.0,2310299.0,88153.0,4
2025-12-17 14:24:56.678395,4.26009330616606,-0.6103103314660232,1.194121621159785,436.4922445961908,38.0,1.0,790433.0,1.0,2394687.0,76783.0,5
2025-12-17 14:24:57.181957,4.24840444368782,-0.5432238298910876,1.3329651256145016,402.05425343615576,25.0,1.0,426200.0,1.0,1601872.0,77305.0,0
2025-12-17 14:24:57.280768,4.250677248001097,-0.53202815106966,1.3573486538370756,426.15003456391946,34.0,1.0,722871.0,1.0,1761101.0,72441.0,1
2025-12-17 14:24:57.377858,4.253564897816308,-0.5212444788673049,1.3779740341332412,424.33232241935184,33.0,1.0,727042.0,1.0,1542287.0,67860.0,2
2025-12-17 14:24:57.483687,4.252798465829659,-0.518440296231879,1.381678620296815,418.7611422029192,29.0,1.0,1051774.0,1.0,1949968.0,75138.0,3
2025-12-17 14:24:57.579643,4.254666847157526,-0.5157842521723834,1.383662412109646,407.80625354718165,25.0,1.0,1233959.0,1.0,2380949.0,89597.0,4
2025-12-17 14:24:57.688419,4.257736483801511,-0.5051819215540321,1.3982659368614818,434.4939333528003,38.0,1.0,803107.0,1.0,2408505.0,76887.0,5
2025-12-17 14:24:58.186693,4.267458925445242,-0.4212694290121611,1.409035536264255,423.05414331395133,34.0,1.0,418056.0,1.0,1604585.0,75751.0,0
2025-12-17 14:24:58.277269,4.269002233475525,-0.4103405548615445,1.409805842665853,429.14840966310607,36.0,1.0,702371.0,1.0,1780881.0,72196.0,1
2025-12-17 14:24:58.379926,4.270497906564033,-0.3994286667585255,1.4063500349499631,411.331995515939,27.0,1.0,734461.0,1.0,1565427.0,68669.0,2
2025-12-17 14:24:58.479985,4.272335336661791,-0.3891184438218013,1.408569856214835,421.7562710773033,30.0,1.0,1067554.0,1.0,1949968.0,74910.0,3
2025-12-17 14:24:58.583512,4.274434135753999,-0.3776573110059242,1.3991486786178218,414.8033694451768,28.0,1.0,1242340.0,1.0,2337829.0,88963.0,4
2025-12-17 14:24:58.677088,4.276899024784653,-0.3665463081147754,1.3837576723135538,428.4955864039242,35.0,1.0,789364.0,1.0,2356099.0,77383.0,5
2025-12-17 14:24:59.178393,4.29109523651836,-0.3137625875844161,1.264722027300626,412.0540346205332,29.0,1.0,421181.0,1.0,1588913.0,76576.0,0
2025-12-17 14:24:59.277465,4.295274293982481,-0.303608848360592,1.2454301307644255,417.1467787372024,30.0,1.0,715084.0,1.0,1770664.0,73057.0,1
2025-12-17 14:24:59.383858,4.298726108998075,-0.2924573558735492,1.2247153118060603,419.3316680044357,31.0,1.0,729260.0,1.0,1529293.0,68137.0,2
2025-12-17 14:24:59.477273,4.30338993792952,-0.2807512368414451,1.2015462070003506,425.7513951113542,32.0,1.0,1048930.0,1.0,1933539.0,74656.0,3
2025-12-17 14:24:59.577144,4.30739033009959,-0.270034759218672,1.177148425180909,427.80051475393395,34.0,1.0,1235630.0,1.0,2310299.0,87885.0,4
2025-12-17 14:24:59.677616,4.312565221505872,-0.2588055088199219,1.1544324310080534,430.49725928325483,36.0,1.0,803107.0,1.0,2375315.0,77226.0,5
2025-12-17 14:25:00.179290,4.339241422804183,-0.2110732405936599,1.047866446798432,438.0539249190951,41.0,1.0,422180.0,1.0,1582473.0,74656.0,0
2025-12-17 14:25:00.283045,4.344613036342646,-0.2012559252641221,1.0253651450465866,426.14513903211434,34.0,1.0,719941.0,1.0,1767670.0,72417.0,1
2025-12-17 14:25:00.379645,4.351212599489421,-0.1925836272587207,0.9966815206347144,422.3313431500658,32.0,1.0,721404.0,1.0,1549613.0,67975.0,2
2025-12-17 14:25:00.478747,4.35775790170536,-0.1846610583979866,0.9712663288900084,431.74649867910705,35.0,1.0,1070449.0,1.0,1947989.0,74178.0,3
2025-12-17 14:25:00.579942,4.36480265522315,-0.1750496516166846,0.9554650063062512,418.79763372889755,30.0,1.0,1231039.0,1.0,2331508.0,88632.0,4
2025-12-17 14:25:00.680156,4.372471056903957,-0.1562838135740507,0.936520167005618,424.4989355266424,33.0,1.0,802836.0,1.0,2364887.0,77672.0,5
2025-12-17 14:25:01.182351,4.408467189668037,-0.1077980310871002,0.8132008698264431,417.1436726180807,30.0,1.0,715810.0,1.0,1783294.0,73057.0,1
2025-12-17 14:25:01.281540,4.416814614230596,-0.1001866930473487,0.7930157795456867,412.33104892596765,28.0,1.0,726550.0,1.0,1548564.0,68646.0,2
2025-12-17 14:25:01.380602,4.424962355002306,-0.0916309537796791,0.7732222861834964,429.7420893066178,34.0,1.0,1037280.0,1.0,1946012.0,74354.0,3
2025-12-17 14:25:01.479509,4.433181697796056,-0.0832987664829292,0.7545099607826852,431.50027204207385,36.0,1.0,801207.0,1.0,2420764.0,77148.0,5
2025-12-17 14:25:02.177574,4.499943119798455,-0.0257746250490689,0.5968517394119132,428.05370590092593,36.0,1.0,415096.0,1.0,1605672.0,75367.0,0
2025-12-17 14:25:02.275556,4.509708308473948,-0.0183597878743955,0.5792783816113452,432.1418900311152,37.0,1.0,716537.0,1.0,1740952.0,72001.0,1
2025-12-17 14:25:02.377862,4.5201071798214425,-0.0109736256129218,0.5553624719327542,421.73721347756697,30.0,1.0,1031329.0,1.0,1963212.0,74960.0,3
2025-12-17 14:25:02.478426,4.52849751936685,-0.0048717962422801,0.5389172702171886,420.7921794101463,31.0,1.0,1232706.0,1.0,2329142.0,88452.0,4
2025-12-17 14:25:02.577861,4.530320754607621,-0.0027504133993896,0.5366408993210056,419.5021084827917,31.0,1.0,815433.0,1.0,2392257.0,77988.0,5
2025-12-17 14:25:03.182819,4.567417541983692,0.016159560426582,0.443794739104712,432.05359572293344,38.0,1.0,418481.0,1.0,1593761.0,75087.0,0
2025-12-17 14:25:03.280229,4.5788984034819,0.0219774551763809,0.418203735423197,422.1402518049871,33.0,1.0,723360.0,1.0,1775465.0,72687.0,1
2025-12-17 14:25:03.377670,4.589117378143551,0.024531412173375,0.4059443303633734,417.33036510805226,30.0,1.0,736204.0,1.0,1550662.0,68298.0,2
2025-12-17 14:25:03.478863,4.599137708830658,0.0275907974428639,0.3852483306257232,414.73183043537057,27.0,1.0,1055340.0,1.0,1947989.0,75469.0,3
2025-12-17 14:25:03.580835,4.60975940996653,0.0319563738581045,0.3642033221107223,423.78901220405953,32.0,1.0,1249086.0,1.0,2367289.0,88213.0,4
2025-12-17 14:25:03.679411,4.620015354113933,0.0352890757291046,0.3458703172898409,407.50395027055436,26.0,1.0,794994.0,1.0,2397120.0,78917.0,5
2025-12-17 14:25:04.183951,4.673815229416123,0.0499928517545043,0.2330747667618011,430.05348599573864,37.0,1.0,419048.0,1.0,1628659.0,75189.0,0
2025-12-17 14:25:04.278818,4.684683613885752,0.0523754987424998,0.2079058112245217,420.33007112764705,31.0,1.0,731980.0,1.0,1550662.0,68114.0,2
2025-12-17 14:25:04.382372,4.695970622463901,0.0535398235843642,0.1809834570874063,412.7274129761023,26.0,1.0,1051418.0,1.0,1975878.0,75597.0,3
2025-12-17 14:25:04.480156,4.707468124153474,0.0553525989704428,0.1567177788550597,413.786428467039,28.0,1.0,1241079.0,1.0,2339412.0,89053.0,4
2025-12-17 14:25:04.578264,4.718890321348926,0.0582275092516182,0.1359380865176937,416.50545314963915,29.0,1.0,798770.0,1.0,2367289.0,78253.0,5
2025-12-17 14:25:05.177459,4.782140359970298,0.0599667535751189,0.0012739362634286,408.0533771041581,27.0,1.0,415096.0,1.0,1617672.0,76809.0,0
2025-12-17 14:25:05.277591,4.793309376627351,0.0594688173697779,-0.019702133936745,426.1369948939168,34.0,1.0,707620.0,1.0,1765876.0,72417.0,1
2025-12-17 14:25:05.380564,4.804309565990847,0.0597009238852976,-0.0407114387635745,430.3297117064027,36.0,1.0,726058.0,1.0,1541244.0,67448.0,2
2025-12-17 14:25:05.481639,4.815389114459007,0.0584902177450117,-0.0649095844825361,422.722038411823,30.0,1.0,1081007.0,1.0,1973204.0,74859.0,3
2025-12-17 14:25:05.583308,4.8321673751533964,0.0514599210064581,-0.0893372085462036,430.7832591263234,35.0,1.0,1226464.0,1.0,2373707.0,87588.0,4
2025-12-17 14:25:05.684377,4.846178261016198,0.0467566713997835,-0.1093896287213426,418.507302566722,31.0,1.0,812953.0,1.0,2371298.0,78067.0,5
2025-12-17 14:25:06.180805,4.901597526080593,0.0372444680405656,-0.2176764474586909,438.0532671343019,41.0,1.0,423755.0,1.0,1597000.0,74656.0,0
2025-12-17 14:25:06.281964,4.912880930298464,0.0348180642387312,-0.2426303203903158,402.13535715697054,19.0,1.0,709299.0,1.0,1800883.0,75087.0,1
2025-12-17 14:25:06.378628,4.9235478486289646,0.031430839116471,-0.2710393533431456,415.32938610920985,29.0,1.0,721893.0,1.0,1544377.0,68460.0,2
2025-12-17 14:25:06.476758,4.927441554667388,0.0259966589822682,-0.3011638987362091,426.71717305060406,32.0,1.0,1039741.0,1.0,1917247.0,74606.0,3
2025-12-17 14:25:06.576742,4.932802375294842,0.0210619523188348,-0.3198471248345647,404.78040500393183,23.0,1.0,1241079.0,1.0,2329930.0,90023.0,4
2025-12-17 14:25:06.679918,4.942415108073772,0.0172282528780194,-0.3478128635592337,416.5089671078059,29.0,1.0,791236.0,1.0,2372904.0,78253.0,5
2025-12-17 14:25:07.179468,4.956775157719317,0.0093476046156779,-0.3911170502126698,422.0531576777172,34.0,1.0,419616.0,1.0,1597000.0,75777.0,0
2025-12-17 14:25:07.282826,4.965040937398883,0.0029164293056052,-0.4125682913642113,407.133725145083,26.0,1.0,699051.0,1.0,1773063.0,73927.0,1
2025-12-17 14:25:07.378885,4.979444970841231,0.0011037417406645,-0.4155768650389769,428.3290597965973,35.0,1.0,704752.0,1.0,1567547.0,67562.0,2
2025-12-17 14:25:07.476684,4.993235567832813,-0.0002607538637311,-0.4219836006077539,429.712284186878,33.0,1.0,1065028.0,1.0,1956579.0,74379.0,3
2025-12-17 14:25:07.578419,5.006726843429596,-0.0050230410379144,-0.4450068003878558,404.7775271995132,21.0,1.0,1248240.0,1.0,2333876.0,90511.0,4
2025-12-17 14:25:08.182979,5.064287752889768,-0.0369127924646395,-0.5816259237810455,425.0530476897766,35.0,1.0,421466.0,1.0,1588913.0,75623.0,0
2025-12-17 14:25:08.279874,5.073845156991938,-0.0437972984566306,-0.6107917395206839,435.132099352328,39.0,1.0,726550.0,1.0,1759314.0,71977.0,1
2025-12-17 14:25:08.380670,5.083081709711137,-0.0504980215333394,-0.6335126153464212,428.32873298550714,35.0,1.0,728273.0,1.0,1535516.0,67562.0,2
2025-12-17 14:25:08.478431,5.09269910677054,-0.0569866008600279,-0.6491216463853265,434.7073864198722,36.0,1.0,1048221.0,1.0,1962548.0,74002.0,3
2025-12-17 14:25:08.578076,5.101530333932039,-0.0632514619322044,-0.6746373651209613,423.77465519852717,32.0,1.0,1228541.0,1.0,2391448.0,88213.0,4
2025-12-17 14:25:08.683151,5.113022311921623,-0.0674641853878559,-0.6820353580816183,423.5123165064036,33.0,1.0,794188.0,1.0,2384174.0,77698.0,5
2025-12-17 14:25:09.182054,5.157090606702504,-0.102297414199002,-0.7801536778328717,425.0529381880354,35.0,1.0,413973.0,1.0,1608391.0,75572.0,0
2025-12-17 14:25:09.280278,5.165208927021387,-0.1094973494226134,-0.8018535687439985,428.1304680872582,35.0,1.0,714842.0,1.0,1767670.0,72490.0,1
2025-12-17 14:25:09.378633,5.172386354314615,-0.1175841173226799,-0.8222153641272237,423.32840742126336,33.0,1.0,720184.0,1.0,1552763.0,67906.0,2
2025-12-17 14:25:09.479870,5.17927830868047,-0.1256444340756248,-0.8535169924053305,412.70249015874793,26.0,1.0,1061071.0,1.0,1937469.0,75623.0,3
2025-12-17 14:25:09.584106,5.193841686937042,-0.1346537906437863,-0.8711824769670702,419.7717648879987,30.0,1.0,1236886.0,1.0,2311081.0,88542.0,4
2025-12-17 14:25:09.682744,5.210246341705051,-0.144035218886062,-0.8878938289407285,415.51398782241745,29.0,1.0,787763.0,1.0,2413401.0,78359.0,5
2025-12-17 14:25:10.179455,5.2451063912806575,-0.1898241210181435,-0.996536045768713,419.0528288697698,32.0,1.0,419332.0,1.0,1595920.0,76008.0,0
2025-12-17 14:25:10.278322,5.250106329476068,-0.1994963443367881,-1.0247103623567757,432.1288406704192,37.0,1.0,716053.0,1.0,1768268.0,72196.0,1
2025-12-17 14:25:10.384380,5.255726167065354,-0.2091410980812182,-1.05345749172109,423.3280793176549,33.0,1.0,708339.0,1.0,1545422.0,67906.0,2
2025-12-17 14:25:10.480251,5.260505330568027,-0.2161025907123954,-1.0604477866941169,424.769190275583,33.0,1.0,1211611.0,1.0,2329930.0,88094.0,4
2025-12-17 14:25:10.583477,5.265524526451661,-0.2222660003406296,-1.066682374970922,434.5154938448557,38.0,1.0,825149.0,1.0,2403619.0,76887.0,5
2025-12-17 14:25:11.179272,5.290381754706633,-0.2772124014380317,-1.187982280972968,437.05271928670317,40.0,1.0,418764.0,1.0,1598082.0,74707.0,0
2025-12-17 14:25:11.277703,5.290751172721137,-0.2773698045312527,-1.1894573009493423,420.12721107345965,32.0,1.0,712185.0,1.0,1798447.0,73007.0,1
2025-12-17 14:25:11.383763,5.285754157801622,-0.2784059276223705,-1.1852785265946009,423.32775329016624,32.0,1.0,733716.0,1.0,1561722.0,67929.0,2
2025-12-17 14:25:11.478125,5.279696841581369,-0.2804040223628097,-1.1818619615864756,435.69272023938896,36.0,1.0,1077719.0,1.0,1948649.0,73902.0,3
2025-12-17 14:25:11.582938,5.281504677221825,-0.2893796744407761,-1.2058673520109378,422.76602227080605,32.0,1.0,1232706.0,1.0,2340204.0,88332.0,4
2025-12-17 14:25:11.682160,5.284457856506035,-0.3003250475947072,-1.2313225942664208,431.5173308390044,36.0,1.0,812677.0,1.0,2365687.0,77096.0,5
2025-12-17 14:25:12.179829,5.307506512750234,-0.3602783413308796,-1.3457011266880263,432.0526096225301,38.0,1.0,422752.0,1.0,1609480.0,75087.0,0
2025-12-17 14:25:12.277867,5.309452024569632,-0.3710373104268862,-1.3677502301351183,421.12558019973534,32.0,1.0,704752.0,1.0,1763487.0,72933.0,1
2025-12-17 14:25:12.377767,5.311561366633126,-0.3811262776234354,-1.384601256045893,411.32742901746224,27.0,1.0,714842.0,1.0,1555919.0,68716.0,2
2025-12-17 14:25:12.480272,5.313701954055451,-0.3915992997425956,-1.407572381762316,421.68782051669297,30.0,1.0,1037280.0,1.0,1940094.0,74960.0,3
2025-12-17 14:25:12.579980,5.314480798320309,-0.4027162125885408,-1.430752797485362,414.7631577826795,28.0,1.0,1228957.0,1.0,2307954.0,88963.0,4
2025-12-17 14:25:12.679306,5.29999202851543,-0.4133231076389265,-1.4493624138339791,439.51899806364275,40.0,1.0,793382.0,1.0,2365687.0,76524.0,5
2025-12-17 14:25:13.180492,5.2910065568439295,-0.4705519950618324,-1.4596838950608289,431.0524999467392,38.0,1.0,426777.0,1.0,1578728.0,75138.0,0
2025-12-17 14:25:13.280105,5.292673324970004,-0.4820858578521625,-1.459692870887755,419.1239459441336,31.0,1.0,725567.0,1.0,1751590.0,73106.0,1
2025-12-17 14:25:13.378657,5.294098723814108,-0.4936000109987684,-1.459439085117002,426.32710249834685,34.0,1.0,727042.0,1.0,1566487.0,67700.0,2
2025-12-17 14:25:13.482810,5.295655119225609,-0.5053173081222531,-1.459688214693052,420.6829188823098,29.0,1.0,1052487.0,1.0,1953932.0,75036.0,3
2025-12-17 14:25:13.578833,5.287812264473044,-0.5182373817052832,-1.4615147092906575,435.7602880915746,37.0,1.0,1225634.0,1.0,2380949.0,87233.0,4
2025-12-17 14:25:13.684204,5.276670096939404,-0.5308866872253202,-1.450744660734745,433.5206782495981,37.0,1.0,812128.0,1.0,2384174.0,76965.0,5
2025-12-17 14:25:14.181071,5.284933557313844,-0.585118044649354,-1.3445495856232996,420.0523902801549,33.0,1.0,417067.0,1.0,1625906.0,75931.0,0
2025-12-17 14:25:14.281467,5.288526312179347,-0.5963591149980689,-1.3255009259832955,423.12231311694296,33.0,1.0,710981.0,1.0,1786314.0,72859.0,1
2025-12-17 14:25:14.381265,5.291795009656895,-0.607667208736905,-1.3004923166086264,435.3267754187704,38.0,1.0,712668.0,1.0,1539680.0,67152.0,2
2025-12-17 14:25:14.477032,5.294337635737462,-0.618605156464914,-1.2758008439210478,417.67805790672617,28.0,1.0,1056412.0,1.0,1946012.0,75214.0,3
2025-12-17 14:25:14.578373,5.29773825310517,-0.6295075511072363,-1.2540482587082322,415.7574164267279,29.0,1.0,1247818.0,1.0,2337038.0,88872.0,4
2025-12-17 14:25:14.678345,5.301449245704936,-0.6398367146730464,-1.2345510581995918,419.522340449887,31.0,1.0,787763.0,1.0,2380143.0,77988.0,5
2025-12-17 14:25:15.178662,5.323372572148479,-0.6919506358303105,-1.1190227022945831,412.05228094106474,29.0,1.0,424042.0,1.0,1610570.0,76524.0,0
2025-12-17 14:25:15.280564,5.328539843636428,-0.7023821912606969,-1.0944234264140675,439.12068398307554,41.0,1.0,719697.0,1.0,1763487.0,71685.0,1
2025-12-17 14:25:15.379775,5.334525713878568,-0.7127623591911474,-1.0761174179714146,424.32644967607956,33.0,1.0,724831.0,1.0,1546469.0,67860.0,2
2025-12-17 14:25:15.478593,5.340257475067827,-0.7220567745777557,-1.0572349877876883,433.67316104911635,35.0,1.0,1057843.0,1.0,1945354.0,74103.0,3
2025-12-17 14:25:15.579879,5.345818520380049,-0.7319174266352646,-1.0330186094887823,421.75453911359,31.0,1.0,1209563.0,1.0,2279233.0,88362.0,4
2025-12-17 14:25:15.679801,5.361455903619787,-0.7399567668714995,-1.0079645182912946,430.52401488083035,36.0,1.0,792845.0,1.0,2360888.0,77200.0,5
2025-12-17 14:25:16.183261,5.398884532616693,-0.7841415356680641,-0.8997106077620387,425.0521708338759,35.0,1.0,426922.0,1.0,1597000.0,75597.0,0
2025-12-17 14:25:16.277294,5.406768960929204,-0.7923122910783058,-0.8746799962347752,419.1190587088533,31.0,1.0,710500.0,1.0,1783897.0,73131.0,1
2025-12-17 14:25:16.378468,5.413356130122635,-0.8015410130948117,-0.8514992036632026,403.3261238736888,22.0,1.0,721404.0,1.0,1560137.0,69464.0,2
2025-12-17 14:25:16.477353,5.420383549801785,-0.810944236751598,-0.8284163215424107,423.66827788622726,31.0,1.0,1068639.0,1.0,1980564.0,74808.0,3
2025-12-17 14:25:16.582098,5.426159230435584,-0.8160379964351467,-0.7954610001917954,439.75165975201276,40.0,1.0,1241499.0,1.0,2336247.0,86821.0,4
2025-12-17 14:25:16.682364,5.432380572234243,-0.820488516197486,-0.7706260530765096,423.52569116267387,32.0,1.0,804195.0,1.0,2390638.0,77751.0,5
2025-12-17 14:25:17.182104,5.474128034871255,-0.859132489938873,-0.6597293478372521,422.05206135756265,34.0,1.0,422895.0,1.0,1642498.0,75777.0,0
2025-12-17 14:25:17.281052,5.481918025544572,-0.8664997697476244,-0.6350283509893561,429.11742197472995,36.0,1.0,700472.0,1.0,1768867.0,72392.0,1
2025-12-17 14:25:17.382231,5.490820854315969,-0.8731958391080621,-0.6132468336251818,415.32579641731814,29.0,1.0,712427.0,1.0,1539680.0,68437.0,2
2025-12-17 14:25:17.480109,5.493208827504841,-0.8711012968985912,-0.5814763858950658,416.66337518599295,27.0,1.0,1055340.0,1.0,1942722.0,75342.0,3
2025-12-17 14:25:17.579686,5.490744585085373,-0.8652073388643746,-0.5659021590832045,422.74879369523563,32.0,1.0,1233124.0,1.0,2287734.0,88303.0,4
2025-12-17 14:25:17.681872,5.490982478334928,-0.8650164888253475,-0.5653906443685063,418.52736233656805,30.0,1.0,794994.0,1.0,2373707.0,78120.0,5
2025-12-17 14:25:18.180127,5.497877549237035,-0.8722826822148695,-0.5372735127273229,423.05195197112397,34.0,1.0,426633.0,1.0,1595380.0,75751.0,0
2025-12-17 14:25:18.277956,5.508083552316791,-0.8775799577914873,-0.5013773294877713,420.1157964167822,32.0,1.0,723850.0,1.0,1770065.0,73032.0,1
2025-12-17 14:25:18.380601,5.51475447871873,-0.8787399351892144,-0.4742523426093975,430.3254707202993,36.0,1.0,737950.0,1.0,1554340.0,67448.0,2
2025-12-17 14:25:18.480107,5.521646296540596,-0.8804434033124233,-0.4590089288401781,420.6584859702426,29.0,1.0,1070087.0,1.0,1956579.0,75036.0,3
2025-12-17 14:25:18.580007,5.53455886843266,-0.8854969490318587,-0.438562080510186,428.74591978658657,34.0,1.0,1256718.0,1.0,2364086.0,87796.0,4
2025-12-17 14:25:18.679899,5.545490774386397,-0.8906426365688287,-0.4181877724024098,422.52903103423535,32.0,1.0,810206.0,1.0,2373707.0,77804.0,5
2025-12-17 14:25:19.178557,5.594059164149938,-0.9112853324039648,-0.3112152599338768,410.0518425400768,28.0,1.0,417350.0,1.0,1618768.0,76705.0,0
2025-12-17 14:25:19.275982,5.605792847434104,-0.9145107979628836,-0.2896531783238539,423.1141690292942,33.0,1.0,723850.0,1.0,1763487.0,72810.0,1
2025-12-17 14:25:19.381083,5.617098655997468,-0.917317087452787,-0.2617637289765786,421.32514433428526,32.0,1.0,732228.0,1.0,1560137.0,68044.0,2
2025-12-17 14:25:19.482286,5.628567406919257,-0.9200913524168696,-0.2375399844178286,420.6535860910914,29.0,1.0,1061071.0,1.0,1941407.0,75036.0,3
2025-12-17 14:25:19.580429,5.640461508942031,-0.9226955005982428,-0.2172822542604073,421.74304558776595,31.0,1.0,1253320.0,1.0,2314995.0,88362.0,4
2025-12-17 14:25:19.682489,5.651214852600526,-0.924721278132116,-0.200938583456961,413.53070736122277,28.0,1.0,788563.0,1.0,2402806.0,78465.0,5
2025-12-17 14:25:20.183967,5.691484751747989,-0.9139441632967488,-0.0475796976585985,440.11268846322844,41.0,1.0,728520.0,1.0,1759910.0,71661.0,1
2025-12-17 14:25:20.283676,5.702892592924574,-0.9143997361142258,-0.026823957654207,430.32484988247944,36.0,1.0,732228.0,1.0,1533958.0,67448.0,2
2025-12-17 14:25:20.381199,5.71471397840494,-0.9137413488923822,-0.0078637256217299,428.6491911027037,33.0,1.0,1057843.0,1.0,1951949.0,74404.0,3
2025-12-17 14:25:20.480897,5.726649648722118,-0.91314604062661,0.0131168783766635,426.74045855542994,33.0,1.0,1228126.0,1.0,2316563.0,87974.0,4
2025-12-17 14:25:20.579672,5.7386114334548886,-0.9130322493622396,0.0391125501148273,407.5322074480734,26.0,1.0,787763.0,1.0,2372101.0,78917.0,5
2025-12-17 14:25:21.180790,5.7877109594558345,-0.8908872945480228,0.1908725727988207,422.05162308908484,34.0,1.0,421323.0,1.0,1596460.0,75777.0,0
2025-12-17 14:25:21.281101,5.798796908671546,-0.888346967321118,0.2171657547629772,420.1108994696108,32.0,1.0,718723.0,1.0,1807600.0,73007.0,1
2025-12-17 14:25:21.380253,5.8104655942172165,-0.8867039393094689,0.2391475966350413,444.3244921475116,42.0,1.0,736204.0,1.0,1564367.0,66564.0,2
2025-12-17 14:25:21.479925,5.8216370586228985,-0.8843196609831683,0.2635157215713498,407.6438191834954,20.0,1.0,1095741.0,1.0,1954593.0,76757.0,3
2025-12-17 14:25:21.578285,5.826672978272357,-0.8788598311129299,0.2866231950416643,422.73730577460805,32.0,1.0,1244865.0,1.0,2387404.0,88303.0,4
2025-12-17 14:25:21.683747,5.818487846082832,-0.8679337994713174,0.3136461592795634,430.5340534576273,36.0,1.0,796880.0,1.0,2364086.0,77200.0,5
2025-12-17 14:25:22.179677,5.85447041244676,-0.854182471703578,0.3944088452801823,438.05151360794906,41.0,1.0,424042.0,1.0,1584081.0,74656.0,0
2025-12-17 14:25:22.284738,5.85447041244676,-0.854182471703578,0.3944088452801823,418.6398842712299,28.0,1.0,1045386.0,1.0,1929616.0,75265.0,3
2025-12-17 14:25:22.377648,5.85447041244676,-0.854182471703578,0.3944088452801823,429.7350092155641,35.0,1.0,1244023.0,1.0,2337038.0,87737.0,4
2025-12-17 14:25:22.477374,5.850715464889201,-0.8527635219740133,0.3958285607709159,439.53538039920664,40.0,1.0,788830.0,1.0,2368892.0,76498.0,5
2025-12-17 14:25:23.181307,5.899460591867596,-0.8165136880619202,0.5342004177166167,420.0514038261719,33.0,1.0,420469.0,1.0,1625906.0,75931.0,0
2025-12-17 14:25:23.277727,5.907665005428912,-0.8120402790942245,0.5495867199408903,423.1076437586667,33.0,1.0,726796.0,1.0,1792370.0,72834.0,1
2025-12-17 14:25:23.378011,5.915990442991414,-0.806678371860797,0.5756737312914041,420.32384042137295,31.0,1.0,716053.0,1.0,1547516.0,68137.0,2
2025-12-17 14:25:23.482373,5.923893441907172,-0.8021243839293237,0.6061929743407368,427.6340287636138,33.0,1.0,1052843.0,1.0,1953271.0,74581.0,3
2025-12-17 14:25:23.583502,5.933569847052087,-0.796802407404845,0.6245617949774268,418.73154481339714,30.0,1.0,1229373.0,1.0,2397120.0,88632.0,4
2025-12-17 14:25:23.677307,5.942834113508098,-0.7904210714513831,0.6173569107056285,411.53738668300264,27.0,1.0,803379.0,1.0,2403619.0,78598.0,5
2025-12-17 14:25:24.179395,5.971826952553059,-0.756671794480188,0.4873300507830502,431.051294432609,38.0,1.0,423181.0,1.0,1584617.0,75138.0,0
2025-12-17 14:25:24.277590,5.98218130339222,-0.7511329913960341,0.4624204414030057,428.1060133757549,36.0,1.0,719941.0,1.0,1767072.0,72441.0,1
2025-12-17 14:25:24.378018,5.992921487710146,-0.7447009670005889,0.4441244862128137,431.3235141903176,36.0,1.0,735456.0,1.0,1543332.0,67357.0,2
2025-12-17 14:25:24.477998,6.003017777935924,-0.7399443721030645,0.4172423006691506,432.6291609284467,35.0,1.0,1058918.0,1.0,1982576.0,74228.0,3
2025-12-17 14:25:24.581078,6.013002185562975,-0.736250024501865,0.3896134692275453,413.72867879109583,28.0,1.0,1242760.0,1.0,2313429.0,89053.0,4
2025-12-17 14:25:24.682611,6.023254880534649,-0.7321515128230862,0.3648731037255012,430.5390675477886,36.0,1.0,797690.0,1.0,2426506.0,77226.0,5
2025-12-17 14:25:25.182985,6.076536278041415,-0.7139523234893665,0.2649763637856211,430.0511844360097,37.0,1.0,423038.0,1.0,1598082.0,75240.0,0
2025-12-17 14:25:25.281414,6.087748898494596,-0.7109805399642739,0.2422649955653372,428.1043765340115,36.0,1.0,719941.0,1.0,1797230.0,72441.0,1
2025-12-17 14:25:25.380741,6.0983450702311135,-0.7096572673677577,0.2117256268621449,421.3231870732249,32.0,1.0,722871.0,1.0,1565427.0,68044.0,2
2025-12-17 14:25:25.477974,6.109514062047785,-0.7076552554522297,0.1869657010703472,420.62427182025937,29.0,1.0,1053556.0,1.0,1950628.0,75113.0,3
2025-12-17 14:25:25.578594,6.120459531126982,-0.7053731353564814,0.1690917534977246,414.72581294117373,28.0,1.0,1226464.0,1.0,2297044.0,88963.0,4
2025-12-17 14:25:25.677466,6.1320849028004085,-0.7027860987102967,0.1478194632130119,437.540730941883,39.0,1.0,797150.0,1.0,2368892.0,76654.0,5
2025-12-17 14:25:26.179409,6.18926380375645,-0.6948884920287055,0.032567206980756,432.05107522482643,38.0,1.0,428804.0,1.0,1600788.0,75087.0,0
2025-12-17 14:25:26.279750,6.200230278291653,-0.6945708984199086,0.0105682445652249,425.10274864103553,34.0,1.0,723605.0,1.0,1767072.0,72711.0,1
2025-12-17 14:25:26.378197,6.211348632985998,-0.6940826994543701,-0.0075057717013419,435.3228616743791,38.0,1.0,724340.0,1.0,1543332.0,67152.0,2
2025-12-17 14:25:26.480474,6.22151650141705,-0.6952747444876759,-0.028764061585141,432.6193703716668,35.0,1.0,1051063.0,1.0,1978554.0,74253.0,3
2025-12-17 14:25:26.577627,6.232189303748426,-0.6954804166073743,-0.0540174296526636,409.7229427329312,26.0,1.0,1244444.0,1.0,2344961.0,89385.0,4
2025-12-17 14:25:26.682349,6.242876622183828,-0.6966159093601165,-0.076725156121728,414.5424111027584,29.0,1.0,797420.0,1.0,2321272.0,78412.0,5
2025-12-17 14:25:27.181457,6.291847817054298,-0.6973945307558553,-0.1712606766542391,429.05096539723513,37.0,1.0,420042.0,1.0,1578728.0,75291.0,0
2025-12-17 14:25:27.282825,6.303572989701795,-0.6993935937880464,-0.1925143248842541,430.1011130206163,36.0,1.0,718480.0,1.0,1797838.0,72343.0,1
2025-12-17 14:25:27.382542,6.314043036148791,-0.702207464059426,-0.2181881861790484,425.32253402814337,33.0,1.0,729754.0,1.0,1564367.0,67792.0,2
2025-12-17 14:25:27.482877,6.324510466212439,-0.7051050440596467,-0.2439155065100688,425.6144693973291,32.0,1.0,1044325.0,1.0,1954593.0,74758.0,3
2025-12-17 14:25:27.581230,6.3262073274149735,-0.7055784001670562,-0.2501293690527529,417.72005939514077,30.0,1.0,1248240.0,1.0,2351319.0,88722.0,4
2025-12-17 14:25:27.679187,6.326138255280814,-0.7054618912449326,-0.250127345186339,431.54407781242185,36.0,1.0,810480.0,1.0,2380949.0,77148.0,5
2025-12-17 14:25:28.182050,6.3793483520666285,-0.7050527195707161,-0.297721606621948,420.0508557291164,33.0,1.0,427355.0,1.0,1617125.0,75931.0,0
2025-12-17 14:25:28.278016,6.39325273480096,-0.7085010898149304,-0.325296099643387,427.09949025589714,35.0,1.0,704275.0,1.0,1781484.0,72539.0,1
2025-12-17 14:25:28.382223,6.407042777747665,-0.7117192301493471,-0.3477124821903633,421.32220790343854,32.0,1.0,722871.0,1.0,1542287.0,68044.0,2
2025-12-17 14:25:28.481309,6.419178149863904,-0.7150866027922385,-0.3679818407083091,421.60958783810594,30.0,1.0,1085039.0,1.0,1967203.0,75036.0,3
2025-12-17 14:25:28.579251,6.428998822921678,-0.7190760051041973,-0.3933073890094273,430.7171920943605,36.0,1.0,1228541.0,1.0,2375315.0,87588.0,4
2025-12-17 14:25:28.678318,6.437819859953079,-0.7233145047737841,-0.3925733913264529,426.54574835597333,34.0,1.0,812953.0,1.0,2368090.0,77488.0,5
2025-12-17 14:25:29.182052,6.489582235191023,-0.7287696899326133,-0.2644885557052214,420.0507461257731,32.0,1.0,421181.0,1.0,1591604.0,75982.0,0
2025-12-17 14:25:29.281264,6.500628056959091,-0.7295242899107071,-0.2359738228137346,438.097854353383,40.0,1.0,728273.0,1.0,1768268.0,71806.0,1
2025-12-17 14:25:29.378221,6.512510106458158,-0.7316249115854379,-0.2105270595314533,425.32188298023436,33.0,1.0,727534.0,1.0,1527741.0,67792.0,2
2025-12-17 14:25:29.478897,6.5236549850029295,-0.7338787157723965,-0.1909681601084566,424.6047104053892,31.0,1.0,1058560.0,1.0,1930923.0,74808.0,3
2025-12-17 14:25:29.582901,6.534674886732183,-0.7354029634047579,-0.168907501100808,417.71430862153966,29.0,1.0,1249508.0,1.0,2344167.0,88752.0,4
2025-12-17 14:25:29.677590,6.545237848059529,-0.7382264992414849,-0.1419966013778045,407.5474191352763,25.0,1.0,784835.0,1.0,2393877.0,78944.0,5
2025-12-17 14:25:30.180616,6.600928914520933,-0.7431032090027676,-0.0308047661758736,427.05063668003913,36.0,1.0,413273.0,1.0,1627007.0,75418.0,0
2025-12-17 14:25:30.277973,6.6127378672456745,-0.7434730110310575,-0.0080364253925294,412.0962291134035,28.0,1.0,728520.0,1.0,1794798.0,73628.0,1
2025-12-17 14:25:30.378243,6.623724105118218,-0.7424839149181082,0.0149421243745277,428.32155674428554,35.0,1.0,713875.0,1.0,1551712.0,67608.0,2
2025-12-17 14:25:30.485088,6.635082010452307,-0.7424937747971045,0.0417048596646087,431.59979091066515,34.0,1.0,1049286.0,1.0,1950628.0,74304.0,3
2025-12-17 14:25:30.577960,6.646525922595909,-0.7427071321402723,0.0599922628331809,416.71144983054523,29.0,1.0,1250354.0,1.0,2290833.0,88782.0,4
2025-12-17 14:25:31.177304,6.711382532527467,-0.7176026732990093,0.2111615866009837,428.0505274399206,36.0,1.0,421038.0,1.0,1610570.0,75393.0,0
2025-12-17 14:25:31.282817,6.721841394133056,-0.7154598987366529,0.237888124261352,425.0945906084417,34.0,1.0,723850.0,1.0,1765279.0,72711.0,1
2025-12-17 14:25:31.381436,6.733148317318747,-0.7126259972970672,0.2595588223676791,431.3212294738653,36.0,1.0,737450.0,1.0,1545422.0,67403.0,2
2025-12-17 14:25:31.482501,6.744235233305014,-0.7092012660424949,0.2793081840496457,407.5949143335628,24.0,1.0,1085774.0,1.0,1964542.0,76085.0,3
2025-12-17 14:25:31.581463,6.755161412789808,-0.70449829661522,0.3030326207731466,426.7085667800534,34.0,1.0,1251201.0,1.0,2367289.0,87945.0,4
2025-12-17 14:25:31.689393,6.765542380942813,-0.7017713499951157,0.3295107817675806,426.5507828628841,34.0,1.0,791236.0,1.0,2387404.0,77514.0,5
2025-12-17 14:25:32.178303,6.806801269419855,-0.6623315801192988,0.4652118429340214,433.050417727303,39.0,1.0,424042.0,1.0,1578194.0,74986.0,0
2025-12-17 14:25:32.277480,6.81722082651488,-0.6558873662413083,0.4867049210157335,430.0929687046827,36.0,1.0,735208.0,1.0,1785105.0,72343.0,1
2025-12-17 14:25:32.379865,6.827164079184819,-0.6497843719217355,0.508227836735336,403.32090375759896,23.0,1.0,736204.0,1.0,1565427.0,69323.0,2
2025-12-17 14:25:32.478850,6.836914201510737,-0.643670695293689,0.5304132886805908,421.5900429585965,30.0,1.0,1051418.0,1.0,1959230.0,75036.0,3
2025-12-17 14:25:32.578551,6.845215310335258,-0.6383543425243827,0.5469867081651485,430.5522695319627,36.0,1.0,800936.0,1.0,2394687.0,77226.0,5
2025-12-17 14:25:33.180410,6.840149905282341,-0.6230839549100682,0.5800311847645215,424.0503078932452,35.0,1.0,412295.0,1.0,1604042.0,75623.0,0
2025-12-17 14:25:33.278932,6.840149905282341,-0.6230839549100682,0.5800311847645215,423.09133573073746,33.0,1.0,731484.0,1.0,1781484.0,72834.0,1
2025-12-17 14:25:33.378633,6.840149905282341,-0.6230839549100682,0.5800311847645215,441.320577930741,41.0,1.0,725567.0,1.0,1559610.0,66722.0,2
2025-12-17 14:25:33.477733,6.840149905282341,-0.6230839549100682,0.5800311847645215,429.70311882209404,35.0,1.0,1250778.0,1.0,2326778.0,87677.0,4
2025-12-17 14:25:33.579258,6.840149905282341,-0.6230839549100682,0.5800311847645215,425.55394271058066,34.0,1.0,791236.0,1.0,2368090.0,77541.0,5
2025-12-17 14:25:34.178911,6.840149905282341,-0.6230839549100682,0.5800311847645215,419.05019845441615,32.0,1.0,424329.0,1.0,1603500.0,76008.0,0
2025-12-17 14:25:34.277731,6.840149905282341,-0.6230839549100682,0.5800311847645215,440.08970708279077,41.0,1.0,713875.0,1.0,1788734.0,71661.0,1
2025-12-17 14:25:34.380507,6.8402302722246455,-0.6230312974430641,0.5805303094291487,412.3202510906165,28.0,1.0,736204.0,1.0,1533958.0,68669.0,2
2025-12-17 14:25:34.482195,6.845142658530032,-0.6207991561295518,0.5874412734419147,425.5802481530796,32.0,1.0,1076261.0,1.0,1965207.0,74707.0,3
2025-12-17 14:25:34.581483,6.853274674550119,-0.6157734818025773,0.5906544358824989,436.69994776333255,38.0,1.0,1245708.0,1.0,2348933.0,87086.0,4
2025-12-17 14:25:34.678246,6.865838299071712,-0.6083027175648406,0.593397922856991,408.5557802146883,26.0,1.0,810480.0,1.0,2380949.0,78891.0,5
2025-12-17 14:25:35.178941,6.917601487000075,-0.5733006759149841,0.5951360378080691,428.050088848004,36.0,1.0,412994.0,1.0,1630314.0,75367.0,0
2025-12-17 14:25:35.277000,6.926636602149301,-0.5674195957479404,0.596627149789873,423.0880776684591,33.0,1.0,723360.0,1.0,1789945.0,72810.0,1
2025-12-17 14:25:35.378252,6.936687472906207,-0.5620876367003333,0.5956364516928868,427.3199255974907,35.0,1.0,716295.0,1.0,1542287.0,67631.0,2
2025-12-17 14:25:35.487286,6.949174787369539,-0.5546827887787962,0.5968523952155648,433.57533403650365,35.0,1.0,1050351.0,1.0,1949968.0,74178.0,3
2025-12-17 14:25:35.579315,6.955442618698634,-0.5506573071955154,0.5968368052800475,430.6970810055467,35.0,1.0,1256718.0,1.0,2358492.0,87648.0,4
2025-12-17 14:25:35.679325,6.9648227925410495,-0.5453573463150669,0.6005571752315143,417.55745401528895,30.0,1.0,795802.0,1.0,2377728.0,78147.0,5
2025-12-17 14:25:36.177760,7.01454912935488,-0.5094924425686198,0.5916154489697053,410.0499793743212,28.0,1.0,422895.0,1.0,1620961.0,76679.0,0
2025-12-17 14:25:36.277646,7.022962696072309,-0.5039458641779322,0.592552146875017,428.08644600878256,36.0,1.0,725812.0,1.0,1794191.0,72441.0,1
2025-12-17 14:25:36.377565,7.032476318572963,-0.4980084000142151,0.5915706289316327,425.3195995928381,33.0,1.0,727534.0,1.0,1539159.0,67792.0,2
2025-12-17 14:25:36.477367,7.041406293366488,-0.4912010611888253,0.5925576635750539,410.5704933072029,25.0,1.0,1051063.0,1.0,1967869.0,75853.0,3
2025-12-17 14:25:36.584957,7.050826384712105,-0.4849125447746512,0.5913149753431836,424.69419180973694,32.0,1.0,1222320.0,1.0,2305612.0,88153.0,4
2025-12-17 14:25:36.677911,7.06054395531879,-0.4781148921878539,0.5880865526239384,429.55912364760235,35.0,1.0,797960.0,1.0,2373707.0,77305.0,5
2025-12-17 14:25:37.181994,7.109209806425953,-0.4462363822718624,0.5801757812966678,423.0498693071375,34.0,1.0,419474.0,1.0,1583545.0,75725.0,0
2025-12-17 14:25:37.281132,7.119080673884986,-0.4400413287997855,0.5809109783029577,428.0848097181841,36.0,1.0,722137.0,1.0,1779676.0,72441.0,1
2025-12-17 14:25:37.379615,7.128942299360958,-0.4333346318349833,0.5809088765180705,419.3192726952973,31.0,1.0,726058.0,1.0,1560137.0,68160.0,2
2025-12-17 14:25:37.480762,7.138481738520736,-0.4278461961810338,0.5810959912782,415.5655874827535,27.0,1.0,1061430.0,1.0,1981905.0,75495.0,3
2025-12-17 14:25:37.579087,7.1501929121315175,-0.4243276884186984,0.5719117667367721,435.69133568774686,37.0,1.0,1249508.0,1.0,2380949.0,87233.0,4
2025-12-17 14:25:37.679742,7.160581900819746,-0.4186778040975207,0.5688602267018574,435.5607987055444,38.0,1.0,815157.0,1.0,2376119.0,76809.0,5
2025-12-17 14:25:38.178160,7.209230823947077,-0.387166596139318,0.573782398288001,428.0497601242318,36.0,1.0,413973.0,1.0,1603500.0,75393.0,0
2025-12-17 14:25:38.278647,7.219525700299099,-0.3804006820877395,0.573293463587658,414.0831831639359,29.0,1.0,730495.0,1.0,1773063.0,73478.0,1
2025-12-17 14:25:38.379298,7.225847655176067,-0.3756459869723887,0.5693324477688103,426.31894656994007,34.0,1.0,708579.0,1.0,1532920.0,67700.0,2
2025-12-17 14:25:38.481768,7.2259749965531554,-0.3753896380449597,0.568057410507192,433.56069333866384,36.0,1.0,1058918.0,1.0,1936158.0,74128.0,3
2025-12-17 14:25:38.582170,7.22576710703558,-0.3754114229679186,0.5675717996597517,429.6884538439093,35.0,1.0,1239819.0,1.0,2329142.0,87677.0,4
2025-12-17 14:25:38.678496,7.225628288958824,-0.3757251158894257,0.5660882476925588,425.5624686187532,34.0,1.0,800394.0,1.0,2372101.0,77567.0,5
2025-12-17 14:25:39.178008,7.225643658445008,-0.3756563159005992,0.5663471986297856,440.08171666021894,41.0,1.0,726304.0,1.0,1760505.0,71661.0,1
2025-12-17 14:25:39.277518,7.225643658445008,-0.3756563159005992,0.5663471986297856,426.3186535447327,34.0,1.0,740702.0,1.0,1547516.0,67700.0,2
2025-12-17 14:25:39.380622,7.225643658445008,-0.3756563159005992,0.5663471986297856,425.55629863874043,32.0,1.0,1049996.0,1.0,1961220.0,74732.0,3
2025-12-17 14:25:39.478776,7.225643658445008,-0.3756563159005992,0.5663471986297856,421.6858779070469,31.0,1.0,1210382.0,1.0,2395498.0,88392.0,4
2025-12-17 14:25:39.577881,7.226465541695548,-0.3757009544345466,0.5683282637858262,425.56397238734013,34.0,1.0,819583.0,1.0,2399555.0,77567.0,5
2025-12-17 14:25:40.178667,7.291020771915567,-0.3342654512773078,0.5673881155626885,421.0495408624149,33.0,1.0,418623.0,1.0,1591066.0,75853.0,0
2025-12-17 14:25:40.284371,7.300414137616075,-0.3283976192301701,0.5688668277643293,429.0799126177357,36.0,1.0,725076.0,1.0,1770065.0,72417.0,1
2025-12-17 14:25:40.385364,7.30975143754928,-0.3235577554015343,0.567878327968725,413.31829213349283,28.0,1.0,715568.0,1.0,1567547.0,68553.0,2
2025-12-17 14:25:40.479351,7.318791429207726,-0.31767943201694,0.5668908625504991,423.5509267048644,31.0,1.0,1056055.0,1.0,1936158.0,74859.0,3
2025-12-17 14:25:40.581814,7.328183908088675,-0.3117476160220529,0.5701154402069821,406.6827088938517,24.0,1.0,1252048.0,1.0,2337829.0,89718.0,4
2025-12-17 14:25:40.680311,7.338403307282784,-0.3052530819851591,0.5703721136652137,431.5658156464598,36.0,1.0,793919.0,1.0,2372101.0,77122.0,5
2025-12-17 14:25:41.179047,7.386786831758258,-0.272540251489926,0.5644560998939724,421.04943121764165,33.0,1.0,417632.0,1.0,1604585.0,75853.0,0
2025-12-17 14:25:41.280282,7.396117672256004,-0.2663827165742778,0.5718529172419513,428.54701077257243,33.0,1.0,1057843.0,1.0,1957241.0,74530.0,3
2025-12-17 14:25:41.380023,7.406113165681166,-0.259669867644396,0.5827713646077345,435.6804156502341,38.0,1.0,1233541.0,1.0,2346549.0,87174.0,4
2025-12-17 14:25:41.479007,7.415466392320442,-0.2531047874909422,0.596642148851453,435.5671510633895,38.0,1.0,817090.0,1.0,2364086.0,76835.0,5
2025-12-17 14:25:42.179638,7.48560249623961,-0.1929360148332422,0.7631195233941686,424.0493215497421,34.0,1.0,419048.0,1.0,1589989.0,75648.0,0
2025-12-17 14:25:42.281598,7.493145174935406,-0.184246292848107,0.7851434333724825,427.07665592679723,35.0,1.0,725076.0,1.0,1762890.0,72539.0,1
2025-12-17 14:25:42.380874,7.500086474186604,-0.1760398750659995,0.8086379544747183,430.3176411407165,36.0,1.0,730248.0,1.0,1521034.0,67425.0,2
2025-12-17 14:25:42.483760,7.507592464401025,-0.1669805057416402,0.8293230303580814,414.54112669721155,27.0,1.0,1107673.0,1.0,1980564.0,75572.0,3
2025-12-17 14:25:42.579307,7.515761823854755,-0.157312294813146,0.8499165706600783,433.6769701235879,37.0,1.0,1246974.0,1.0,2368090.0,87381.0,4
2025-12-17 14:25:42.678062,7.523386563053369,-0.1486612932794462,0.8711857568760009,424.5691558791725,33.0,1.0,804195.0,1.0,2375315.0,77646.0,5
2025-12-17 14:25:43.181081,7.561777749809617,-0.1034200352224314,0.9853881782932216,436.04921178846075,40.0,1.0,423181.0,1.0,1577660.0,74808.0,0
2025-12-17 14:25:43.278091,7.617798107629153,-0.0719344633486387,1.0317235366507431,431.07503103902866,37.0,1.0,735954.0,1.0,1814956.0,72294.0,1
2025-12-17 14:25:43.378567,7.628213157578556,-0.0597145588475109,1.051452129724879,420.3173156645545,31.0,1.0,726550.0,1.0,1560137.0,68137.0,2
2025-12-17 14:25:43.478794,7.6334559138816545,-0.0500681567867915,1.07737642762898,434.5362617515768,36.0,1.0,1041502.0,1.0,1973872.0,74052.0,3
2025-12-17 14:25:43.581315,7.639063346239247,-0.0399437431316722,1.104308071975823,409.6740913682108,26.0,1.0,1249931.0,1.0,2344961.0,89446.0,4
2025-12-17 14:25:43.680125,7.644189868320606,-0.0295516239661326,1.127971909665292,412.57083132501776,28.0,1.0,799852.0,1.0,2375315.0,78571.0,5
2025-12-17 14:25:44.179430,7.6951771478522994,0.0393135467442915,1.2433261175586028,420.04910236629144,32.0,1.0,414674.0,1.0,1611115.0,75982.0,0
2025-12-17 14:25:44.279437,7.704733467934384,0.0536672478415649,1.2709705088330192,419.07339823792773,31.0,1.0,710741.0,1.0,1760505.0,73131.0,1
2025-12-17 14:25:44.380212,7.708798534258754,0.0642162978596525,1.2936009803554271,422.3169888991364,32.0,1.0,709299.0,1.0,1534997.0,67975.0,2
2025-12-17 14:25:44.477867,7.711999919555439,0.0752641053952118,1.3171575622084202,419.5313770583601,29.0,1.0,1058560.0,1.0,1959230.0,75189.0,3
2025-12-17 14:25:44.578967,7.715371782523528,0.0857610876729166,1.3376976426369511,428.67122512756254,34.0,1.0,1232706.0,1.0,2356896.0,87796.0,4
2025-12-17 14:25:44.679061,7.7168262146038655,0.096184391388705,1.3625527663835673,429.5725015425299,35.0,1.0,825429.0,1.0,2382561.0,77253.0,5
2025-12-17 14:25:45.179486,7.759271773851701,0.1778633277177248,1.3863060223236197,431.04899275702957,38.0,1.0,419900.0,1.0,1611115.0,75138.0,0
2025-12-17 14:25:45.279860,7.761211585940416,0.1891080600497772,1.3895245658654125,441.0717669418764,42.0,1.0,727042.0,1.0,1776066.0,71540.0,1
2025-12-17 14:25:45.380893,7.7636898181136065,0.2002858922916535,1.390760937324503,418.3166624482028,30.0,1.0,722137.0,1.0,1574460.0,68229.0,2
2025-12-17 14:25:45.477307,7.765919432151202,0.2116601079354891,1.3895506324860234,418.5264905707976,28.0,1.0,1056055.0,1.0,1953932.0,75265.0,3
2025-12-17 14:25:45.580850,7.768327152872531,0.2222813725687653,1.3925014514087832,411.6683467313087,27.0,1.0,1269973.0,1.0,2356896.0,89234.0,4
2025-12-17 14:25:45.677616,7.770881002204499,0.2342468105426616,1.3880311440528723,407.57417112301135,25.0,1.0,798770.0,1.0,2424043.0,78944.0,5
2025-12-17 14:25:46.179763,7.782253210867693,0.2906480518926351,1.3908145563445435,446.0488831235454,45.0,1.0,420611.0,1.0,1602415.0,74052.0,0
2025-12-17 14:25:46.283321,7.784404080179497,0.301710718349772,1.394539352937523,424.0701306920431,33.0,1.0,731484.0,1.0,1785710.0,72785.0,1
2025-12-17 14:25:46.380725,7.78686935091005,0.3126189765656688,1.3937731248139784,422.31633627423747,32.0,1.0,740201.0,1.0,1568609.0,67998.0,2
2025-12-17 14:25:46.477145,7.7884794581860834,0.3237519090980676,1.3928034260581523,424.5216021373234,31.0,1.0,1067554.0,1.0,1948649.0,74833.0,3
2025-12-17 14:25:46.583854,7.790805577087841,0.3351866478012111,1.3972417279781542,422.66546511443715,32.0,1.0,1278166.0,1.0,2323630.0,88303.0,4
2025-12-17 14:25:46.678200,7.7929160334545395,0.3474432507757377,1.394525947851763,436.5758440959738,39.0,1.0,801478.0,1.0,2373707.0,76757.0,5
2025-12-17 14:25:47.179076,7.801897299091587,0.4042301775283055,1.3900824892496388,419.04877359571867,32.0,1.0,416926.0,1.0,1599705.0,76008.0,0
2025-12-17 14:25:47.280403,7.803302318576132,0.4157445615306225,1.3818915266641978,430.06850484384745,36.0,1.0,728766.0,1.0,1765876.0,72368.0,1
2025-12-17 14:25:47.379281,7.7949975792239155,0.4324119522954301,1.3744947396455116,432.3160105165401,37.0,1.0,724585.0,1.0,1555392.0,67334.0,2
2025-12-17 14:25:47.480631,7.788143495747504,0.4468523139011382,1.365765008828138,422.51669586795447,30.0,1.0,1067916.0,1.0,1959230.0,74986.0,3
2025-12-17 14:25:47.580186,7.7905665981602015,0.4576045452889028,1.3450261252118567,431.66260266613097,36.0,1.0,1239819.0,1.0,2388212.0,87529.0,4
2025-12-17 14:25:47.677530,7.794107139836979,0.4684341735742383,1.3207202582383823,420.5775149722526,31.0,1.0,811853.0,1.0,2389021.0,77935.0,5
2025-12-17 14:25:48.181390,7.812443588107749,0.5216754842488074,1.208361215805165,429.048663738973,37.0,1.0,420753.0,1.0,1602957.0,75265.0,0
2025-12-17 14:25:48.279438,7.817147100735886,0.5320660924581677,1.1828700979477773,429.06687581107764,36.0,1.0,714842.0,1.0,1786919.0,72417.0,1
2025-12-17 14:25:48.377668,7.821479811293192,0.5431965453434153,1.1635054219835683,407.31568481397534,25.0,1.0,725812.0,1.0,1569140.0,68995.0,2
2025-12-17 14:25:48.483157,7.825098123182905,0.5540232338287034,1.14088590267973,420.511794292242,29.0,1.0,1037631.0,1.0,1959893.0,75113.0,3
2025-12-17 14:25:48.579994,7.830560041406277,0.563541061383626,1.115820375830516,411.659730231324,27.0,1.0,1241499.0,1.0,2347343.0,89234.0,4
2025-12-17 14:25:48.678526,7.836199594438425,0.5727898407549636,1.090360513450995,416.5791886340775,29.0,1.0,806376.0,1.0,2390638.0,78253.0,5
2025-12-17 14:25:49.176931,7.873848419777285,0.6345155337007764,0.9849998561063096,416.04855462456925,31.0,1.0,418906.0,1.0,1626456.0,76214.0,0
2025-12-17 14:25:49.277813,7.890254913847047,0.6582131704737715,0.9697148956911872,430.065247854508,36.0,1.0,698578.0,1.0,1773663.0,72368.0,1
2025-12-17 14:25:49.379336,7.896407492863025,0.6674431118040665,0.9447353590790434,427.31535804105397,34.0,1.0,720428.0,1.0,1540201.0,67654.0,2
2025-12-17 14:25:49.478042,7.903651584953853,0.6761796162664857,0.9214904333292564,428.5069300751018,33.0,1.0,1046448.0,1.0,1963212.0,74530.0,3
2025-12-17 14:25:49.579419,7.910433184794076,0.6856032235446787,0.9022076964474232,422.65685889687074,32.0,1.0,1240239.0,1.0,2356896.0,88332.0,4
2025-12-17 14:25:49.677612,7.9173908397078145,0.6948607443670118,0.8816432050210506,422.5808591023892,32.0,1.0,825149.0,1.0,2388212.0,77777.0,5
2025-12-17 14:25:50.178907,7.966446157573367,0.7435911531732682,0.7556885221532408,430.0484448048694,37.0,1.0,422037.0,1.0,1595380.0,75240.0,0
2025-12-17 14:25:50.278420,7.974203857670224,0.7511734643441055,0.7304800444649917,428.06361625842516,36.0,1.0,719454.0,1.0,1770664.0,72441.0,1
2025-12-17 14:25:50.378954,7.982548353703678,0.7584179383561538,0.7111557154134441,415.31503193690156,29.0,1.0,724340.0,1.0,1540201.0,68437.0,2
2025-12-17 14:25:50.480453,7.990026229636886,0.7654512335018038,0.6862596415076072,422.5020290616503,30.0,1.0,1065028.0,1.0,1948649.0,74960.0,3
2025-12-17 14:25:50.582523,7.998871855039739,0.7707090443636972,0.6496324545053128,425.6539769927005,33.0,1.0,1273416.0,1.0,2342581.0,88094.0,4
2025-12-17 14:25:50.677791,8.008139347584985,0.7761230328112139,0.6246036722252372,424.582531398193,33.0,1.0,799311.0,1.0,2382561.0,77672.0,5
2025-12-17 14:25:51.177414,8.068544439627646,0.8114312240745338,0.5156638481792222,422.0483353653828,33.0,1.0,420042.0,1.0,1618768.0,75828.0,0
2025-12-17 14:25:51.277832,8.078325637206577,0.8169044829136372,0.4944133957596562,418.0619866109168,31.0,1.0,721404.0,1.0,1800274.0,73156.0,1
2025-12-17 14:25:51.378500,8.087894592579545,0.821125167117557,0.464456888081603,429.3147058562377,35.0,1.0,729260.0,1.0,1544377.0,67517.0,2
2025-12-17 14:25:51.481920,8.097612854325156,0.8252010556679137,0.4374969711615249,427.4971326636277,33.0,1.0,1055340.0,1.0,1928310.0,74606.0,3
2025-12-17 14:25:51.584352,8.10768338293817,0.8291872350097318,0.4168106049914636,439.651098751588,40.0,1.0,1236049.0,1.0,2326778.0,86850.0,4
2025-12-17 14:25:51.681641,8.118756085096882,0.8349053306634358,0.3997247192743203,411.58420983189603,27.0,1.0,805285.0,1.0,2382561.0,78598.0,5
2025-12-17 14:25:52.180780,8.172403565086787,0.850126260807321,0.276972150493904,414.04822539333463,30.0,1.0,416080.0,1.0,1600788.0,76369.0,0
2025-12-17 14:25:52.277254,8.182763439800025,0.8521484412661238,0.2559282860645016,438.0603569471024,40.0,1.0,721893.0,1.0,1787524.0,71806.0,1
2025-12-17 14:25:52.378911,8.193892548858019,0.8550505065051124,0.2327337475772379,426.3143794933859,34.0,1.0,737201.0,1.0,1537597.0,67723.0,2
2025-12-17 14:25:52.477196,8.204839746475509,0.858014294034767,0.2136072943843672,410.4922665348003,25.0,1.0,1077719.0,1.0,1988625.0,75853.0,3
2025-12-17 14:25:52.577891,8.215153210458412,0.8607411627482899,0.1888851920079503,431.6482443275329,36.0,1.0,1248240.0,1.0,2355301.0,87499.0,4
2025-12-17 14:25:53.182495,8.255090318446307,0.8504546362912793,0.0647758305235302,423.0481156022412,34.0,1.0,419900.0,1.0,1612206.0,75725.0,0
2025-12-17 14:25:53.281633,8.267352908569773,0.8517472135958575,0.0435021362425617,417.0587192003725,30.0,1.0,733220.0,1.0,1806988.0,73230.0,1
2025-12-17 14:25:53.378726,8.278526649285396,0.8518113768589042,0.0190631221270729,431.31405332496644,36.0,1.0,726796.0,1.0,1559082.0,67425.0,2
2025-12-17 14:25:53.479656,8.289479152030461,0.8513501179124332,-0.0091256376268838,419.48736528177676,29.0,1.0,1040797.0,1.0,1957904.0,75189.0,3
2025-12-17 14:25:53.583283,8.29663301720383,0.8478601632405782,-0.021974195227446,404.6453558499697,24.0,1.0,1239819.0,1.0,2340996.0,89840.0,4
2025-12-17 14:25:53.679217,8.300638957574597,0.8458796472973789,-0.0478485909199729,425.58754977200937,34.0,1.0,811029.0,1.0,2384174.0,77541.0,5
2025-12-17 14:25:54.180800,8.344005283574916,0.8467251730689478,-0.1169452086558802,420.0480061848944,33.0,1.0,421466.0,1.0,1608391.0,75931.0,0
2025-12-17 14:25:54.279776,8.343921343438431,0.8468314614974366,-0.1174427068874233,414.05709162210354,29.0,1.0,719941.0,1.0,1779676.0,73453.0,1
2025-12-17 14:25:54.379708,8.343921343438431,0.8468314614974366,-0.1174427068874233,442.313726775838,42.0,1.0,732723.0,1.0,1538638.0,66654.0,2
2025-12-17 14:25:54.477415,8.344068957572965,0.8468620469757528,-0.1176903493273825,419.4824870130024,29.0,1.0,1054626.0,1.0,1961220.0,75189.0,3
2025-12-17 14:25:54.578168,8.35000594796726,0.8448121317382324,-0.1359817223854738,409.6424975588749,26.0,1.0,1260126.0,1.0,2365687.0,89446.0,4
2025-12-17 14:25:54.677661,8.356125662681183,0.8400456190983379,-0.1514781279464239,432.5892191668992,37.0,1.0,798500.0,1.0,2380143.0,77070.0,5
2025-12-17 14:25:55.181670,8.420938873513661,0.8294760644541399,-0.2565086952959453,430.0478964864156,37.0,1.0,421466.0,1.0,1609480.0,75214.0,0
2025-12-17 14:25:55.281788,8.431810704152442,0.8272810500091219,-0.2739752099476813,423.05545773501876,33.0,1.0,727534.0,1.0,1779676.0,72810.0,1
2025-12-17 14:25:55.377867,8.439504782781498,0.8230031063883634,-0.2916885591570047,420.31340114765345,31.0,1.0,734213.0,1.0,1533958.0,68137.0,2
2025-12-17 14:25:55.477989,8.448442712393986,0.8187589510392921,-0.3129229515191285,421.4775949810582,30.0,1.0,1054983.0,1.0,1978554.0,75036.0,3
2025-12-17 14:25:55.580241,8.458935344829944,0.813914306303142,-0.3389051959731494,432.63961861675364,36.0,1.0,1262260.0,1.0,2340204.0,87440.0,4
2025-12-17 14:25:55.677908,8.470484515126754,0.8101291029717133,-0.3665116850531332,416.5908915763988,29.0,1.0,825988.0,1.0,2392257.0,78253.0,5
2025-12-17 14:25:56.177681,8.474382324454368,0.7856489938115203,-0.4349436599161796,404.0477873204984,26.0,1.0,420326.0,1.0,1625906.0,77122.0,0
2025-12-17 14:25:56.277439,8.483981741424387,0.7792031706133971,-0.4592266878194113,423.0538342202207,33.0,1.0,734959.0,1.0,1790551.0,72859.0,1
2025-12-17 14:25:56.380538,8.494591354949426,0.7735079133683822,-0.4843273848782324,432.3130740475246,37.0,1.0,729507.0,1.0,1553288.0,67357.0,2
2025-12-17 14:25:56.480250,8.506009469961034,0.768318796630794,-0.5053337910803807,413.63703290311844,28.0,1.0,1225219.0,1.0,2311863.0,89113.0,4
2025-12-17 14:25:56.579359,8.51721779686386,0.763717085136471,-0.5434916800123517,409.59239879933057,26.0,1.0,793113.0,1.0,2360888.0,78784.0,5
2025-12-17 14:25:57.178713,8.58976792029813,0.7336775932423931,-0.6497256577559104,430.04767760426387,37.0,1.0,424185.0,1.0,1608391.0,75214.0,0
2025-12-17 14:25:57.278226,8.599843570104326,0.7268370952161076,-0.6683132543879139,428.0522023306287,35.0,1.0,730742.0,1.0,1805766.0,72490.0,1
2025-12-17 14:25:57.378481,8.609005522323043,0.719805910833494,-0.6902933392717736,417.3127484898054,30.0,1.0,729507.0,1.0,1564367.0,68321.0,2
2025-12-17 14:25:57.477528,8.617473726145267,0.7124828646271881,-0.7172784921257691,430.46781878393364,34.0,1.0,1054983.0,1.0,1953932.0,74404.0,3
2025-12-17 14:25:57.584063,8.626547161283135,0.704789778037048,-0.7347521301477212,422.6338616633588,32.0,1.0,1248240.0,1.0,2351319.0,88273.0,4
2025-12-17 14:25:57.680511,8.634558696003769,0.6974038281971673,-0.7518311712768998,416.59423992163863,29.0,1.0,815433.0,1.0,2361687.0,78253.0,5
2025-12-17 14:25:58.179685,8.668260683047578,0.6517066640029419,-0.8633958150776739,423.05073240589974,33.0,1.0,717023.0,1.0,1829140.0,72834.0,1
2025-12-17 14:25:58.282209,8.674481702764178,0.6428976506745712,-0.8884309532869473,419.31245366773,31.0,1.0,728766.0,1.0,1566487.0,68206.0,2
2025-12-17 14:25:58.387974,8.681176700409392,0.6341823572984522,-0.9150032451346628,425.4633674081079,32.0,1.0,1069725.0,1.0,1967869.0,74758.0,3
2025-12-17 14:25:58.480377,8.687728542990818,0.6266127652355022,-0.9261809919186634,419.6312865654084,30.0,1.0,1227295.0,1.0,2327565.0,88542.0,4
2025-12-17 14:25:58.579590,8.689524514470543,0.6263575039361133,-0.9288871092346228,430.59574317859466,36.0,1.0,803651.0,1.0,2350523.0,77200.0,5
2025-12-17 14:25:59.179055,8.727730967135157,0.6146950101411273,-0.951398322615738,433.0474583605315,39.0,1.0,424472.0,1.0,1571266.0,74960.0,0
2025-12-17 14:25:59.278837,8.73488091748702,0.6041293862955772,-0.9810705095349568,434.0489401217185,38.0,1.0,698578.0,1.0,1782690.0,72074.0,1
2025-12-17 14:25:59.381307,8.74296094932774,0.592446925765449,-1.0030441510902557,422.3120951103394,32.0,1.0,721160.0,1.0,1544377.0,67975.0,2
2025-12-17 14:25:59.478468,8.75169892183949,0.5811358785740977,-1.0225686283609705,441.45803573700414,39.0,1.0,1055340.0,1.0,1951289.0,73603.0,3
2025-12-17 14:25:59.584645,8.75935684797277,0.5706841011657735,-1.0470619704267496,422.62811401843993,32.0,1.0,1245708.0,1.0,2352911.0,88303.0,4
2025-12-17 14:25:59.681810,8.765279248557514,0.5605522411073842,-1.0660477620631783,420.597586086595,31.0,1.0,805557.0,1.0,2406061.0,77988.0,5
2025-12-17 14:26:00.180796,8.786973586449129,0.5110305846933292,-1.1775616738108758,423.04734856658837,34.0,1.0,420896.0,1.0,1618768.0,75700.0,0
2025-12-17 14:26:00.279094,8.788323498768396,0.5001229117990764,-1.196993315437451,425.3118022263891,33.0,1.0,717265.0,1.0,1551712.0,67792.0,2
2025-12-17 14:26:00.382919,8.773229922706571,0.4907091816724884,-1.2210631472469984,422.45361367208545,30.0,1.0,1054983.0,1.0,1973872.0,74960.0,3
2025-12-17 14:26:00.482413,8.775806388413494,0.4801985767082852,-1.2435457791144264,424.62553474316724,33.0,1.0,1258847.0,1.0,2331508.0,88153.0,4
2025-12-17 14:26:00.582117,8.780028025377135,0.4695158212657055,-1.261629373307462,429.59909139676273,35.0,1.0,827947.0,1.0,2361687.0,77253.0,5
2025-12-17 14:26:01.180147,8.796372594449531,0.4049660297084738,-1.4075468934384625,424.0472390345967,34.0,1.0,425911.0,1.0,1612752.0,75648.0,0
2025-12-17 14:26:01.277373,8.797058621939803,0.3935234206626141,-1.4271379881430697,432.0456812963164,37.0,1.0,714842.0,1.0,1793584.0,72196.0,1
2025-12-17 14:26:01.379571,8.801480656021745,0.3717900923173243,-1.4313776195266878,433.4487408156837,35.0,1.0,1063947.0,1.0,1973204.0,74153.0,3
2025-12-17 14:26:01.478969,8.804293372858712,0.3554979524011523,-1.4339952168858336,437.6226716513121,39.0,1.0,1242760.0,1.0,2358492.0,87027.0,4
2025-12-17 14:26:01.577029,8.80659387738011,0.3435446910379029,-1.4374652210756118,424.6007548861609,33.0,1.0,800936.0,1.0,2431438.0,77672.0,5
2025-12-17 14:26:02.179722,8.814836216450168,0.2751723649303956,-1.4411664589900626,417.047129478054,31.0,1.0,418623.0,1.0,1644723.0,76136.0,0
2025-12-17 14:26:02.278298,8.816670283794512,0.2629107756836371,-1.4433910461528343,429.0440491817007,36.0,1.0,719941.0,1.0,1803933.0,72441.0,1
2025-12-17 14:26:02.378192,8.810047453035857,0.2476747217653345,-1.4458363502268212,429.3111174402267,35.0,1.0,724831.0,1.0,1560666.0,67517.0,2
2025-12-17 14:26:02.477933,8.799859478249761,0.2295521099015216,-1.4504436664780602,429.4433706761535,33.0,1.0,1058560.0,1.0,1949968.0,74455.0,3
2025-12-17 14:26:02.582210,8.80215850397654,0.2176471611739119,-1.4494527463536204,421.6024355452913,31.0,1.0,803107.0,1.0,2356099.0,77909.0,5
2025-12-17 14:26:03.180391,8.811523849259654,0.1499043139608762,-1.4524008367019834,422.0470198016054,33.0,1.0,420469.0,1.0,1599705.0,75828.0,0
2025-12-17 14:26:03.276178,8.813992120942439,0.1384513808610608,-1.449185088649386,432.0424220322812,37.0,1.0,727534.0,1.0,1796621.0,72221.0,1
2025-12-17 14:26:03.387521,8.815264684904758,0.1272769000484483,-1.4511482762918777,432.3107881680667,37.0,1.0,726796.0,1.0,1535516.0,67357.0,2
2025-12-17 14:26:03.482114,8.816618013568696,0.1155844941253274,-1.4513926613138357,430.43846100877283,34.0,1.0,1093519.0,1.0,1966537.0,74379.0,3
2025-12-17 14:26:03.578278,8.817918053634754,0.1041205832743514,-1.4479317764970256,421.61664036506295,31.0,1.0,1246552.0,1.0,2352911.0,88422.0,4
2025-12-17 14:26:03.680336,8.819233540333368,0.0918248643923593,-1.4503801998117274,421.60427160813794,32.0,1.0,815433.0,1.0,2376119.0,77856.0,5
2025-12-17 14:26:04.179382,8.825753768957178,0.0343045021142014,-1.4518770572913682,438.0469103090709,41.0,1.0,423898.0,1.0,1576059.0,74631.0,0
2025-12-17 14:26:04.277351,8.827420567691185,0.0228334487244303,-1.4484222398740358,419.0407895132752,31.0,1.0,742710.0,1.0,1811275.0,73106.0,1
2025-12-17 14:26:04.381470,8.828247486273693,0.0113300082056113,-1.45138889542682,424.3104639133053,33.0,1.0,730990.0,1.0,1545422.0,67837.0,2
2025-12-17 14:26:04.480671,8.82966210641952,0.0002053252465383,-1.4504080032532554,417.4335788383965,28.0,1.0,1036578.0,1.0,1973872.0,75342.0,3
2025-12-17 14:26:04.578655,8.83034027344474,-0.0116688429395432,-1.450841436143464,407.61376629552666,25.0,1.0,1258421.0,1.0,2361687.0,89627.0,4
2025-12-17 14:26:04.679715,8.834099311911594,-0.0238029304258562,-1.4504970549473353,432.60594256634454,37.0,1.0,818474.0,1.0,2388212.0,77044.0,5
2025-12-17 14:26:05.178048,8.852697280731123,-0.0821978603446709,-1.4451011467560986,408.0468008521574,27.0,1.0,424903.0,1.0,1640831.0,76809.0,0
2025-12-17 14:26:05.277328,8.853982654789888,-0.0874247766958067,-1.4448711367858476,434.0391589444742,38.0,1.0,739951.0,1.0,1784501.0,72074.0,1
2025-12-17 14:26:05.379730,8.854526775883553,-0.0879330861504907,-1.4483378453816438,413.31013825217155,28.0,1.0,726550.0,1.0,1555392.0,68576.0,2
2025-12-17 14:26:05.479072,8.854692352071151,-0.0877211414831276,-1.4493257876676124,423.42869743073936,31.0,1.0,1056055.0,1.0,1960556.0,74884.0,3
2025-12-17 14:26:05.578566,8.854176236708629,-0.088599236639034,-1.4485840738297338,429.6108935648021,35.0,1.0,1238981.0,1.0,2362487.0,87737.0,4
2025-12-17 14:26:05.677072,8.854035670057861,-0.0967729663375296,-1.450075584551163,433.6076101437742,37.0,1.0,808015.0,1.0,2382561.0,76992.0,5
2025-12-17 14:26:06.179481,8.861191259968265,-0.1611067452831136,-1.4490859952049877,436.04669109197204,40.0,1.0,428659.0,1.0,1606759.0,74808.0,0
2025-12-17 14:26:06.279466,8.862090921763825,-0.1711678094353765,-1.4463812400723968,430.0375248519331,36.0,1.0,744976.0,1.0,1772463.0,72343.0,1
2025-12-17 14:26:06.384254,8.862881130468045,-0.1821363924687031,-1.4488608115082642,431.30981054754085,36.0,1.0,726796.0,1.0,1559082.0,67425.0,2
2025-12-17 14:26:06.478307,8.864502929390266,-0.192722793216379,-1.449592976293216,413.4238119454681,26.0,1.0,1062148.0,1.0,1963212.0,75648.0,3
2025-12-17 14:26:06.583975,8.865226198611136,-0.2045593426937064,-1.446314171095359,412.6080050383981,27.0,1.0,1250778.0,1.0,2337038.0,89204.0,4
2025-12-17 14:26:06.679800,8.866826327099897,-0.2160315787197468,-1.4541936684982422,417.6092867014971,30.0,1.0,786697.0,1.0,2448781.0,78200.0,5
2025-12-17 14:26:07.181774,8.873505914837553,-0.2730353229312432,-1.455706285204195,444.046581237528,44.0,1.0,425191.0,1.0,1589989.0,74178.0,0
2025-12-17 14:26:07.280454,8.878962703629735,-0.2858913136686456,-1.450449532704098,431.0358926345892,37.0,1.0,716537.0,1.0,1796621.0,72245.0,1
2025-12-17 14:26:07.377907,8.896500781454098,-0.3011575737591685,-1.4416488105329766,432.3094863893431,37.0,1.0,724831.0,1.0,1552237.0,67311.0,2
2025-12-17 14:26:07.483254,8.898071793052853,-0.3121416572169391,-1.4389178530413296,429.4188985329407,34.0,1.0,1063587.0,1.0,1961884.0,74455.0,3
2025-12-17 14:26:07.584330,8.899607865575568,-0.3243640803743681,-1.4389219440122056,435.60513103206756,37.0,1.0,1224805.0,1.0,2301714.0,87233.0,4
2025-12-17 14:26:07.677359,8.90167103722671,-0.3353871621992614,-1.4416640461588006,408.6109546166701,26.0,1.0,794456.0,1.0,2368090.0,78891.0,5
2025-12-17 14:26:08.180397,8.909102260782195,-0.3927557733927722,-1.44115247197871,420.0464717853274,33.0,1.0,432155.0,1.0,1622607.0,75931.0,0
2025-12-17 14:26:08.279663,8.910597552995494,-0.4051281458973559,-1.4374430126150526,422.0342633180939,32.0,1.0,730742.0,1.0,1794798.0,72933.0,1
2025-12-17 14:26:08.382888,8.912893248023797,-0.4170194572784349,-1.4401201473267746,427.30915853562584,34.0,1.0,737201.0,1.0,1537076.0,67654.0,2
2025-12-17 14:26:08.484849,8.914407747316861,-0.4287716368417618,-1.436411372171556,422.4140015090972,30.0,1.0,1063587.0,1.0,1985262.0,74986.0,3
2025-12-17 14:26:08.583398,8.916442755541846,-0.4406567952057005,-1.4386390919313925,436.60226072327055,38.0,1.0,1247818.0,1.0,2376119.0,87115.0,4
2025-12-17 14:26:08.677450,8.917913568599129,-0.4518430146605356,-1.4290614464949416,422.61262676533823,32.0,1.0,805830.0,1.0,2391448.0,77804.0,5
2025-12-17 14:26:09.177801,8.928790325544753,-0.5092095658870734,-1.3289031608843709,422.04636246673306,33.0,1.0,428804.0,1.0,1582473.0,75828.0,0
2025-12-17 14:26:09.278630,8.932042228731383,-0.5192647583639491,-1.3037278575180866,421.03263439620537,32.0,1.0,741957.0,1.0,1819877.0,72958.0,1
2025-12-17 14:26:09.380761,8.934125245071176,-0.5290642053767005,-1.2745678868499966,407.30883300074265,25.0,1.0,724831.0,1.0,1567547.0,68995.0,2
2025-12-17 14:26:09.477657,8.936410672238372,-0.5399735394360934,-1.253547581939243,422.4091474468785,30.0,1.0,1045033.0,1.0,1946012.0,74960.0,3
2025-12-17 14:26:09.579756,8.939913345500774,-0.5512320413553269,-1.2341890951046597,422.5993982002667,32.0,1.0,1220253.0,1.0,2325990.0,88273.0,4
2025-12-17 14:26:09.680090,8.943051277682134,-0.5473013102030699,-1.190593588913596,418.6143031759255,30.0,1.0,797960.0,1.0,2384981.0,78094.0,5
2025-12-17 14:26:10.179615,8.966375938198228,-0.593611297586504,-1.070108737699347,425.04625266478894,35.0,1.0,431424.0,1.0,1612752.0,75597.0,0
2025-12-17 14:26:10.277192,8.971465809364972,-0.603741604758389,-1.049832280796702,420.03100613471236,32.0,1.0,720428.0,1.0,1788734.0,73032.0,1
2025-12-17 14:26:10.379838,8.97668448063305,-0.6143234393732464,-1.0327487380989877,424.30850707308,33.0,1.0,718967.0,1.0,1568609.0,67860.0,2
2025-12-17 14:26:10.477457,8.983520196401345,-0.6235893351386665,-1.0081230638174543,413.4042591991948,27.0,1.0,1052487.0,1.0,1971869.0,75597.0,3
2025-12-17 14:26:10.583900,8.995185938907333,-0.625723822765933,-0.9783464731749758,416.5965133081906,29.0,1.0,1236049.0,1.0,2361687.0,88812.0,4
2025-12-17 14:26:10.681677,9.003731443634255,-0.6324988922596129,-0.9548447489911271,439.6159778259004,40.0,1.0,813228.0,1.0,2391448.0,76498.0,5
2025-12-17 14:26:11.177963,9.037607005556753,-0.6777336755030072,-0.8438327415427854,420.0461432427292,32.0,1.0,430258.0,1.0,1604585.0,75982.0,0
2025-12-17 14:26:11.282985,9.044939455095808,-0.6855743737566615,-0.8201472040655626,434.02936608230516,38.0,1.0,738200.0,1.0,1806988.0,72074.0,1
2025-12-17 14:26:11.380004,9.052360349462596,-0.6933099813814394,-0.7916947240448512,415.3081807901543,29.0,1.0,715810.0,1.0,1563309.0,68483.0,2
2025-12-17 14:26:11.480877,9.063332624412633,-0.6997941415555289,-0.7660082305584005,412.39935325251474,26.0,1.0,1065749.0,1.0,1954593.0,75725.0,3
2025-12-17 14:26:11.578400,9.075958651459777,-0.705797659762474,-0.7382893096014205,431.5936561231955,36.0,1.0,1250778.0,1.0,2356099.0,87588.0,4
2025-12-17 14:26:11.683711,9.088904473578872,-0.7108790920019219,-0.7084503005285248,439.6176532232578,40.0,1.0,797420.0,1.0,2399555.0,76550.0,5
2025-12-17 14:26:12.177744,9.134954613367228,-0.7429722066340085,-0.5817660752264665,433.0460336636082,39.0,1.0,419900.0,1.0,1605128.0,74986.0,0
2025-12-17 14:26:12.278767,9.143612435223664,-0.7501504044265768,-0.5591386080157363,420.0277423538977,32.0,1.0,735954.0,1.0,1803323.0,73007.0,1
2025-12-17 14:26:12.377653,9.153536586942842,-0.756830617860436,-0.5402533638231405,443.30785532834636,42.0,1.0,723605.0,1.0,1567547.0,66631.0,2
2025-12-17 14:26:12.477139,9.164037636042606,-0.761886781536385,-0.5192971073098417,422.394482302911,30.0,1.0,1049286.0,1.0,1958567.0,74960.0,3
2025-12-17 14:26:12.579675,9.175721367863636,-0.7652809934000495,-0.4919557163111872,409.5907794737175,26.0,1.0,1251201.0,1.0,2300935.0,89476.0,4
2025-12-17 14:26:12.676783,9.186491253275246,-0.7554227560745961,-0.4753960528980874,416.61931363618237,29.0,1.0,803107.0,1.0,2368892.0,78253.0,5
2025-12-17 14:26:13.181183,9.186607568122172,-0.7549549516091245,-0.4761769123273022,415.045923683559,30.0,1.0,426633.0,1.0,1608391.0,76291.0,0
2025-12-17 14:26:13.281781,9.186607568122172,-0.7549549516091245,-0.4761769123273022,417.0261068329454,31.0,1.0,732228.0,1.0,1774263.0,73230.0,1
2025-12-17 14:26:13.378820,9.186756955849964,-0.7549782061607111,-0.475431829463336,437.3075287188656,39.0,1.0,739700.0,1.0,1563309.0,67016.0,2
2025-12-17 14:26:13.478708,9.191327634392266,-0.7579739876183025,-0.4565104654806879,412.3895854061874,26.0,1.0,1078814.0,1.0,1996042.0,75725.0,3
2025-12-17 14:26:13.583213,9.20410708890819,-0.7536157561443098,-0.4115041114950974,409.5878963226711,26.0,1.0,1242340.0,1.0,2352115.0,89476.0,4
2025-12-17 14:26:13.678841,9.2166262521089,-0.7570339722663011,-0.3776240432647965,437.6209890736676,39.0,1.0,803651.0,1.0,2392257.0,76679.0,5
2025-12-17 14:26:14.184202,9.274114748147255,-0.7753419055646971,-0.2683214951666477,418.0458137495431,32.0,1.0,422895.0,1.0,1605128.0,76111.0,0
2025-12-17 14:26:14.279032,9.284016939772242,-0.7791151788448643,-0.2447792311993934,413.0244807091773,29.0,1.0,730990.0,1.0,1802712.0,73528.0,1
2025-12-17 14:26:14.379346,9.294624244054498,-0.782024543345095,-0.2227680805010917,432.30720231849756,37.0,1.0,730248.0,1.0,1570734.0,67311.0,2
2025-12-17 14:26:14.478377,9.306220572529543,-0.7833851667638685,-0.1995037869510693,428.3846977989923,33.0,1.0,1043972.0,1.0,1949968.0,74530.0,3
2025-12-17 14:26:14.579689,9.317345074601434,-0.7848000282287453,-0.1725400944329461,416.58503346065487,29.0,1.0,1243181.0,1.0,2340204.0,88842.0,4
2025-12-17 14:26:14.683561,9.328155570835946,-0.7871863377785484,-0.1447474539383429,442.62266896200765,41.0,1.0,790969.0,1.0,2401180.0,76291.0,5
2025-12-17 14:26:15.179034,9.388189287509643,-0.7890326630818656,-0.0344825938365146,432.04570471284796,38.0,1.0,424903.0,1.0,1627557.0,75087.0,0
2025-12-17 14:26:15.281844,9.408603025586672,-0.7780557620559048,-0.0144055651452278,414.0228455176075,29.0,1.0,717994.0,1.0,1799664.0,73478.0,1
2025-12-17 14:26:15.384478,9.41857711436731,-0.778211279368695,0.0112543528696957,437.3068744155197,39.0,1.0,735456.0,1.0,1553288.0,66993.0,2
2025-12-17 14:26:15.483622,9.429512753698734,-0.778282386024653,0.0343579128809804,431.3797829294756,35.0,1.0,1085774.0,1.0,1971202.0,74304.0,3
2025-12-17 14:26:15.581753,9.441681722820457,-0.7783085561184278,0.0539240234755641,406.5821545443905,25.0,1.0,1243181.0,1.0,2415853.0,89718.0,4
2025-12-17 14:26:16.179462,9.490019666937224,-0.7597548257114104,0.1893220542602397,421.04559506281373,33.0,1.0,423611.0,1.0,1615484.0,75879.0,0
2025-12-17 14:26:16.284180,9.501041688243555,-0.7576199031906041,0.2095862827190796,434.0212111022063,38.0,1.0,732475.0,1.0,1783897.0,72050.0,1
2025-12-17 14:26:16.382994,9.512464731102233,-0.7553579099443395,0.2271178328306958,424.30654867087145,33.0,1.0,737450.0,1.0,1540201.0,67860.0,2
2025-12-17 14:26:16.479884,9.523705306995083,-0.7516430001121472,0.2519281181578063,432.3749119798719,35.0,1.0,1062148.0,1.0,1959230.0,74278.0,3
2025-12-17 14:26:16.581726,9.534570838453838,-0.748549032989323,0.2772872712435403,409.5792816355408,26.0,1.0,1249931.0,1.0,2355301.0,89415.0,4
2025-12-17 14:26:16.680473,9.545892279175543,-0.7461160633111366,0.2988948088174192,429.6260077919153,35.0,1.0,813228.0,1.0,2373707.0,77305.0,5
2025-12-17 14:26:17.178664,9.583878777923209,-0.7224707037709557,0.4082741006904131,421.0197525509563,32.0,1.0,739951.0,1.0,1786314.0,72958.0,1
2025-12-17 14:26:17.280505,9.58657186846101,-0.7153780707481756,0.4323381235488958,428.3062558769603,35.0,1.0,724585.0,1.0,1585153.0,67608.0,2
2025-12-17 14:26:17.381058,9.595493717721515,-0.7123362623389227,0.4505708757952983,416.3705059369452,28.0,1.0,1062508.0,1.0,1957241.0,75393.0,3
2025-12-17 14:26:17.477606,9.596719055601572,-0.7116876526321461,0.453795590676345,406.57670778446646,25.0,1.0,1233541.0,1.0,2318131.0,89718.0,4
2025-12-17 14:26:17.579781,9.596633287711994,-0.7117302866613393,0.4528062035007248,429.6275114317585,35.0,1.0,794188.0,1.0,2372101.0,77305.0,5
2025-12-17 14:26:18.179406,9.634347326793373,-0.6906893627772437,0.5385103002910215,430.0453758627034,37.0,1.0,423898.0,1.0,1633628.0,75214.0,0
2025-12-17 14:26:18.277050,9.639610164919636,-0.6835373649458685,0.5543691350326394,439.01796151581954,40.0,1.0,734213.0,1.0,1837206.0,71709.0,1
2025-12-17 14:26:18.381932,9.649173550678238,-0.6773791641104605,0.5714182138621707,435.30589655978287,38.0,1.0,736204.0,1.0,1554340.0,67152.0,2
2025-12-17 14:26:18.478951,9.65846261857364,-0.6710264226185689,0.5963251456665465,421.3651380904618,30.0,1.0,1093148.0,1.0,1967203.0,75036.0,3
2025-12-17 14:26:18.577436,9.667165602294189,-0.6670691870028538,0.6269285726260825,430.57354798781176,35.0,1.0,1252896.0,1.0,2356896.0,87618.0,4
2025-12-17 14:26:18.678469,9.675746056157294,-0.6626143965942033,0.6576790865005521,420.6293484342672,31.0,1.0,803651.0,1.0,2364887.0,77962.0,5
2025-12-17 14:26:19.177814,9.719411145812368,-0.6206860042035629,0.7529052936823566,424.04526643406746,35.0,1.0,421466.0,1.0,1639166.0,75623.0,0
2025-12-17 14:26:19.288168,9.727550723017153,-0.612252653846804,0.7723584388337877,414.30560091952566,28.0,1.0,731484.0,1.0,1553288.0,68530.0,2
2025-12-17 14:26:19.380916,9.735704685082816,-0.6047593166345395,0.7992569887393746,410.5712396006827,26.0,1.0,1244444.0,1.0,2319701.0,89385.0,4
2025-12-17 14:26:19.481213,9.74716155245916,-0.5920565448675479,0.8280469169691456,441.6306906194387,41.0,1.0,808562.0,1.0,2398743.0,76395.0,5
2025-12-17 14:26:20.177434,9.798313675134274,-0.5249688537593276,0.9933454483418536,432.0451568725926,38.0,1.0,425911.0,1.0,1614390.0,75036.0,0
2025-12-17 14:26:20.281310,9.80385914702202,-0.5149906501459318,1.0158789057647184,416.0146933568269,30.0,1.0,744472.0,1.0,1800883.0,73329.0,1
2025-12-17 14:26:20.379897,9.808898243223434,-0.5041887973882746,1.0375669378548966,403.3052447661149,24.0,1.0,706663.0,1.0,1541244.0,69276.0,2
2025-12-17 14:26:20.478285,9.81479787497142,-0.4918223653481988,1.0631817211530443,419.35536289562845,29.0,1.0,1051063.0,1.0,1967203.0,75189.0,3
2025-12-17 14:26:20.578916,9.821805173887748,-0.4711075263413438,1.101321827596153,435.5677977629511,38.0,1.0,1238142.0,1.0,2406061.0,87233.0,4
2025-12-17 14:26:20.677419,9.826418099629436,-0.4596599645262316,1.12255743580824,432.6326906717037,37.0,1.0,811853.0,1.0,2376119.0,77070.0,5
2025-12-17 14:26:21.179547,9.84662062667011,-0.4068864164407388,1.237896840288074,418.0450470378771,32.0,1.0,421751.0,1.0,1639721.0,76111.0,0
2025-12-17 14:26:21.277342,9.850695340333097,-0.3964121547706201,1.2619808568868711,419.0130692207679,31.0,1.0,724095.0,1.0,1782690.0,73106.0,1
2025-12-17 14:26:21.379943,9.854536866391692,-0.3851737912676078,1.2823488255492406,421.35095448631665,30.0,1.0,1087981.0,1.0,1967203.0,75036.0,3
2025-12-17 14:26:21.478728,9.852100107692806,-0.3676913427287953,1.3096000493955249,419.5652126152942,31.0,1.0,1260552.0,1.0,2350523.0,88542.0,4
2025-12-17 14:26:21.578607,9.853605541751126,-0.3553773659805834,1.3324874650495024,414.63419745490035,28.0,1.0,819583.0,1.0,2408505.0,78438.0,5
2025-12-17 14:26:22.177637,9.857335335722636,-0.3357124744632758,1.3709360471888037,425.044937644095,35.0,1.0,422180.0,1.0,1599705.0,75597.0,0
2025-12-17 14:26:22.281168,9.857298162951958,-0.3356564164351967,1.3711831233245613,435.01143237576326,39.0,1.0,742710.0,1.0,1774864.0,71977.0,1
2025-12-17 14:26:22.380911,9.859467057107992,-0.3302989639741192,1.3857929771857065,424.3045919777754,33.0,1.0,722137.0,1.0,1546469.0,67837.0,2
2025-12-17 14:26:22.480795,9.857719307723473,-0.3018734993882015,1.4171861508904944,426.3455721726149,32.0,1.0,1069725.0,1.0,1971869.0,74656.0,3
2025-12-17 14:26:22.579247,9.856726136247666,-0.2768016098462533,1.4504336668008455,410.5620508391518,27.0,1.0,1222320.0,1.0,2334666.0,89325.0,4
2025-12-17 14:26:22.677380,9.85841420894225,-0.2625917669280264,1.4757085553375866,436.6360345995287,38.0,1.0,800394.0,1.0,2391448.0,76783.0,5
2025-12-17 14:26:23.182466,9.863697069730687,-0.2076535125708503,1.4966933204602964,439.04482751169746,41.0,1.0,419900.0,1.0,1611661.0,74581.0,0
2025-12-17 14:26:23.284346,9.864509516987937,-0.1953761174002668,1.497683150971069,402.0097965873916,20.0,1.0,724340.0,1.0,1791764.0,74910.0,1
2025-12-17 14:26:23.381558,9.865218867039784,-0.1833395039816228,1.4952050796533625,432.3042655379336,37.0,1.0,724340.0,1.0,1546469.0,67311.0,2
2025-12-17 14:26:23.477310,9.865943290399793,-0.1709576201287337,1.4991677871966056,425.34069998603707,32.0,1.0,1053912.0,1.0,1965872.0,74732.0,3
2025-12-17 14:26:23.584480,9.866587697903958,-0.1595621067359989,1.4952667617683917,408.55916281839353,25.0,1.0,1252048.0,1.0,2352911.0,89536.0,4
2025-12-17 14:26:23.680152,9.867708597684912,-0.1483974403932242,1.4972435818411491,422.63771123081955,32.0,1.0,803379.0,1.0,2397120.0,77830.0,5
2025-12-17 14:26:24.177997,9.871563957933288,-0.0911166519345281,1.4962665702949904,430.04471839838976,37.0,1.0,423038.0,1.0,1635287.0,75214.0,0
2025-12-17 14:26:24.275620,9.872451998266667,-0.0792349224860924,1.4937746824635467,436.0081802097573,39.0,1.0,728766.0,1.0,1795406.0,71904.0,1
2025-12-17 14:26:24.380588,9.87333453243927,-0.067787411505467,1.4937767486249165,432.30393962560373,37.0,1.0,736453.0,1.0,1558554.0,67334.0,2
2025-12-17 14:26:24.481480,9.873796274841167,-0.0555795272460235,1.4932803489357602,420.3357903724379,29.0,1.0,1067916.0,1.0,1994016.0,75113.0,3
2025-12-17 14:26:24.581162,9.87476638155474,-0.0438801350812481,1.492051642840839,407.55629936454204,25.0,1.0,1260979.0,1.0,2348933.0,89627.0,4
2025-12-17 14:26:24.679640,9.875693093933029,-0.0321422377568163,1.4910693303788605,434.63938237127377,38.0,1.0,815157.0,1.0,2375315.0,76861.0,5
2025-12-17 14:26:25.179786,9.881012820122784,0.0250364964588039,1.4905765869341,419.04460859918566,32.0,1.0,427645.0,1.0,1577126.0,76033.0,0
2025-12-17 14:26:25.279597,9.875383212494516,0.0390348078236755,1.4941865341782457,417.00654311853117,30.0,1.0,729260.0,1.0,1801493.0,73280.0,1
2025-12-17 14:26:25.378875,9.854255055407435,0.057514087401814,1.5134267557948482,414.3036139556619,28.0,1.0,730990.0,1.0,1563309.0,68530.0,2
2025-12-17 14:26:25.483264,9.852665547659782,0.0696824379294298,1.5121707303803993,425.33089242453076,32.0,1.0,1046803.0,1.0,1941407.0,74758.0,3
2025-12-17 14:26:25.582416,9.854052339877352,0.0811768974364479,1.5134090854964195,423.5534227753967,32.0,1.0,1226464.0,1.0,2358492.0,88273.0,4
2025-12-17 14:26:25.677581,9.854588030073051,0.0929909424417188,1.5141356616740391,421.6410509251494,32.0,1.0,800394.0,1.0,2387404.0,77856.0,5
2025-12-17 14:26:26.178734,9.857994304107224,0.1510922846254807,1.5131852522950702,427.0444991113641,36.0,1.0,425623.0,1.0,1599705.0,75418.0,0
2025-12-17 14:26:26.277830,9.859215330252503,0.162271731517813,1.5146858788737023,419.00491539350764,31.0,1.0,710500.0,1.0,1794191.0,73156.0,1
2025-12-17 14:26:26.375893,9.85984917810467,0.1737957231657159,1.5176298146542289,420.3032886997043,31.0,1.0,744472.0,1.0,1558554.0,68137.0,2
2025-12-17 14:26:26.480002,9.8600370883014,0.1850802594544554,1.5154150603900982,429.3260191476557,34.0,1.0,1073351.0,1.0,1969202.0,74455.0,3
2025-12-17 14:26:26.578968,9.860654127114069,0.1971406847169712,1.5156726617301537,421.5505596950335,31.0,1.0,1263542.0,1.0,2356896.0,88422.0,4
2025-12-17 14:26:26.678616,9.86063932362192,0.2090251322710106,1.5166560326226788,425.6427246521822,34.0,1.0,821805.0,1.0,2413401.0,77567.0,5
2025-12-17 14:26:27.177864,9.863042329586024,0.2661739828912344,1.5158907515401716,431.0443896035947,38.0,1.0,425047.0,1.0,1604042.0,75113.0,0
2025-12-17 14:26:27.277295,9.864012363662432,0.2777094161439732,1.51466076659714,438.00328565957716,40.0,1.0,738200.0,1.0,1775465.0,71806.0,1
2025-12-17 14:26:27.382258,9.863608404791083,0.2891360312171214,1.5161367917640145,430.30296039448643,36.0,1.0,731980.0,1.0,1532920.0,67448.0,2
2025-12-17 14:26:27.479894,9.858173538389664,0.3021111062955048,1.5232921874844605,424.3211304501633,31.0,1.0,1054983.0,1.0,1983247.0,74808.0,3
2025-12-17 14:26:27.583928,9.836347636350702,0.3190124138379548,1.5411264536064264,447.54767245860046,43.0,1.0,1223562.0,1.0,2350523.0,86206.0,4
2025-12-17 14:26:27.679729,9.834632253560237,0.3306676445202505,1.5434662222894917,413.6443985096308,28.0,1.0,811303.0,1.0,2443814.0,78491.0,5
2025-12-17 14:26:28.180990,9.836568620622849,0.3877155936850371,1.5414963305084557,423.0442796578513,34.0,1.0,420042.0,1.0,1609480.0,75725.0,0
2025-12-17 14:26:28.278081,9.837648742429607,0.4002144206623184,1.542237891136937,424.00165377161574,34.0,1.0,735954.0,1.0,1797838.0,72736.0,1
2025-12-17 14:26:28.377531,9.837659285894112,0.4118190212427723,1.5400130726018824,425.30263570779806,33.0,1.0,725812.0,1.0,1552237.0,67814.0,2
2025-12-17 14:26:28.478090,9.838769356116504,0.4233870716789631,1.5409934814261097,417.31625004479736,28.0,1.0,1064668.0,1.0,1951289.0,75342.0,3
2025-12-17 14:26:28.578179,9.838769178019206,0.4349566238060722,1.5417265883858615,432.54481598897905,36.0,1.0,1252896.0,1.0,2375315.0,87499.0,4
2025-12-17 14:26:28.679539,9.839138961624611,0.4462949473197311,1.5429582521717753,439.6460701884679,40.0,1.0,800936.0,1.0,2375315.0,76550.0,5
2025-12-17 14:26:29.180096,9.84110704969104,0.5041643562729998,1.541938075186302,438.0441701527124,41.0,1.0,418481.0,1.0,1609480.0,74606.0,0
2025-12-17 14:26:29.278485,9.84108735257968,0.5150554508057006,1.5407008049577302,412.0000225065459,28.0,1.0,733468.0,1.0,1796621.0,73603.0,1
2025-12-17 14:26:29.377863,9.84138485071288,0.5259608116189289,1.5384787920876042,428.3023093707183,35.0,1.0,733716.0,1.0,1555392.0,67608.0,2
2025-12-17 14:26:29.478800,9.84182191960507,0.5378569998876941,1.536753416220662,425.3113573479185,32.0,1.0,1059994.0,1.0,1971869.0,74758.0,3
2025-12-17 14:26:29.582557,9.841513252468502,0.5498354366626197,1.5370066079196083,406.5419304246241,25.0,1.0,1247396.0,1.0,2343374.0,89718.0,4
2025-12-17 14:26:29.679755,9.837369256885008,0.5639031905323506,1.5383439649345962,417.6477425461356,30.0,1.0,819583.0,1.0,2397120.0,78147.0,5
2025-12-17 14:26:30.178443,9.818158208859092,0.6292649483149884,1.542960189188242,435.0440607307623,39.0,1.0,422323.0,1.0,1583009.0,74859.0,0
2025-12-17 14:26:30.277478,9.817976375273693,0.6412940981956181,1.542231229907975,420.9983935422616,32.0,1.0,739700.0,1.0,1835341.0,72958.0,1
2025-12-17 14:26:30.382688,9.818732102122247,0.6529147265217068,1.543459300742139,434.30198156789277,38.0,1.0,738200.0,1.0,1585690.0,67175.0,2
2025-12-17 14:26:30.477814,9.819029226374148,0.6649381807850956,1.540745488993634,429.3064729431661,34.0,1.0,1045386.0,1.0,1959893.0,74455.0,3
2025-12-17 14:26:30.578737,9.819597271789268,0.6759973509891539,1.5409892155795704,423.5390684130118,32.0,1.0,1260552.0,1.0,2362487.0,88213.0,4
2025-12-17 14:26:30.680591,9.820911592872225,0.6877472863306835,1.5410336176659585,429.64941594044114,35.0,1.0,799311.0,1.0,2409321.0,77305.0,5
2025-12-17 14:26:31.182109,9.820839814240532,0.7459538983778193,1.5447178313227912,432.04395072583316,38.0,1.0,418198.0,1.0,1628659.0,75036.0,0
2025-12-17 14:26:31.280293,9.821002037289906,0.7572214671709627,1.544464893191735,422.9967583458,33.0,1.0,731484.0,1.0,1796014.0,72810.0,1
2025-12-17 14:26:31.379031,9.821890054805191,0.7688001809002296,1.542489834049214,429.3016565321396,35.0,1.0,728520.0,1.0,1541244.0,67517.0,2
2025-12-17 14:26:31.484375,9.821495450260706,0.7802163132476503,1.541745293162382,426.3015516394286,32.0,1.0,1045740.0,1.0,1966537.0,74707.0,3
2025-12-17 14:26:31.581036,9.822097182709555,0.7914984538552172,1.5432116209558773,423.53618882159566,32.0,1.0,1244865.0,1.0,2354504.0,88213.0,4
2025-12-17 14:26:31.678740,9.821996648957276,0.8033660152123598,1.5439549385583349,429.651084842092,35.0,1.0,822361.0,1.0,2388212.0,77305.0,5
2025-12-17 14:26:32.180682,9.824975973134908,0.8549311797600421,1.5590289289141026,413.04384127911277,29.0,1.0,426488.0,1.0,1625355.0,76472.0,0
2025-12-17 14:26:32.279396,9.825153637390668,0.8664832598127097,1.5592696897170022,433.995129202149,38.0,1.0,727042.0,1.0,1773663.0,72099.0,1
2025-12-17 14:26:32.380682,9.825305908675382,0.8785096855509824,1.5562949470488483,428.30132976476415,35.0,1.0,732475.0,1.0,1541244.0,67608.0,2
2025-12-17 14:26:32.479673,9.825220083817882,0.8896926775605021,1.558024114817714,431.29668540303834,34.0,1.0,1060711.0,1.0,1987952.0,74354.0,3
2025-12-17 14:26:32.580911,9.825892232440037,0.9011362322907512,1.5553163576888351,434.5333161942986,37.0,1.0,1231455.0,1.0,2352115.0,87322.0,4
2025-12-17 14:26:32.680385,9.825638662458545,0.9127311331008858,1.556562103641958,403.6527595890427,24.0,1.0,800394.0,1.0,2390638.0,79265.0,5
2025-12-17 14:26:33.179997,9.827202555685725,0.971113847771087,1.5565813614721855,417.04373175106684,31.0,1.0,415377.0,1.0,1621509.0,76188.0,0
2025-12-17 14:26:33.277026,9.827747769032952,0.9832586298499376,1.5575780154869583,418.9935024603811,31.0,1.0,720916.0,1.0,1799664.0,73131.0,1
2025-12-17 14:26:33.379860,9.827571457329231,0.9948832741424044,1.5558485923596586,436.3010038041524,38.0,1.0,728766.0,1.0,1567547.0,67084.0,2
2025-12-17 14:26:33.477553,9.828051217783653,1.0061902775823883,1.5590735864106562,424.2918065426677,31.0,1.0,1054983.0,1.0,1957241.0,74808.0,3
2025-12-17 14:26:33.578428,9.82842800457119,1.017813897513185,1.5583389151211284,415.6542611138103,29.0,1.0,803379.0,1.0,2401180.0,78306.0,5
2025-12-17 14:26:34.182449,9.816236854639596,1.0302250345188604,1.5607045416746277,422.0436218791959,34.0,1.0,420042.0,1.0,1641943.0,75777.0,0
2025-12-17 14:26:34.279573,9.8155608631145,1.044616495082332,1.5626446263342446,423.99186770092194,33.0,1.0,725321.0,1.0,1782690.0,72785.0,1
2025-12-17 14:26:34.378760,9.814579694279365,1.0598296176823665,1.5648752103574646,421.3006779342323,32.0,1.0,740702.0,1.0,1548564.0,68044.0,2
2025-12-17 14:26:34.481929,9.814038458668865,1.0741843245832543,1.5641325984468597,412.286895921888,26.0,1.0,1067916.0,1.0,1974541.0,75700.0,3
2025-12-17 14:26:34.579401,9.814192422783554,1.0863100303980575,1.556970790910737,435.52757455966736,38.0,1.0,1235630.0,1.0,2355301.0,87233.0,4
2025-12-17 14:26:34.681147,9.81474063880066,1.0977577946879045,1.5414408297168936,421.65610485613695,32.0,1.0,816814.0,1.0,2401180.0,77856.0,5
2025-12-17 14:26:35.179273,9.82077871538195,1.1503420481968654,1.4396011688408252,425.04351262417134,35.0,1.0,418198.0,1.0,1599705.0,75597.0,0
2025-12-17 14:26:35.278139,9.821633008022912,1.162060868361953,1.4168328057408113,417.9902394329065,31.0,1.0,738449.0,1.0,1808824.0,73230.0,1
2025-12-17 14:26:35.379416,9.82400955446765,1.173236520431593,1.38929049408552,416.3003514914545,29.0,1.0,740702.0,1.0,1576593.0,68391.0,2
2025-12-17 14:26:35.478720,9.825840488469158,1.1845496573327328,1.3653582029195572,427.282022385884,33.0,1.0,1038334.0,1.0,1932230.0,74606.0,3
2025-12-17 14:26:35.582349,9.82796263215424,1.1957593412479035,1.3466030914399276,419.524693103683,30.0,1.0,1247396.0,1.0,2344167.0,88602.0,4
2025-12-17 14:26:35.683240,9.829538148830515,1.206751999392046,1.3221984874767982,417.65778035214214,30.0,1.0,819028.0,1.0,2393877.0,78147.0,5
2025-12-17 14:26:36.179215,9.846107632166389,1.2609965763297986,1.2099380155829824,429.98877013269976,36.0,1.0,714842.0,1.0,1798447.0,72343.0,1
2025-12-17 14:26:36.277077,9.850997027183151,1.2706012306038943,1.1839430538316191,441.30005864860897,41.0,1.0,732475.0,1.0,1568609.0,66744.0,2
2025-12-17 14:26:36.378460,9.85478515790113,1.2804553848789553,1.164009246462665,439.2776233541067,38.0,1.0,1079910.0,1.0,1968535.0,73777.0,3
2025-12-17 14:26:36.477238,9.874944820091008,1.2874050796751648,1.1444316668715706,440.5221220997382,40.0,1.0,1276869.0,1.0,2383368.0,86762.0,4
2025-12-17 14:26:36.578091,9.886637464225892,1.295903381288218,1.1261921560967278,430.65927653989684,36.0,1.0,824591.0,1.0,2388212.0,77226.0,5
2025-12-17 14:26:37.183360,9.91879226967168,1.3555894764268477,0.9813392787766648,437.0432929699752,40.0,1.0,414674.0,1.0,1605128.0,74707.0,0
2025-12-17 14:26:37.277385,9.924393672311243,1.3646231769024055,0.9637607653549972,424.2997323193587,33.0,1.0,739700.0,1.0,1555392.0,67837.0,2
2025-12-17 14:26:37.378468,9.901748075985145,1.369875671677633,0.9445764231499536,419.27273408946417,29.0,1.0,1057843.0,1.0,1946012.0,75189.0,3
2025-12-17 14:26:37.479653,9.890056821800677,1.3757778305314234,0.9287998100328588,420.51924217505564,31.0,1.0,1266968.0,1.0,2337038.0,88512.0,4
2025-12-17 14:26:37.578927,9.896412561655,1.3850059079281998,0.9082642613118784,417.6609499342024,30.0,1.0,805285.0,1.0,2438031.0,78147.0,5
2025-12-17 14:26:38.179751,9.942776395081204,1.432678320730802,0.7716482956562406,415.04318376240883,30.0,1.0,425335.0,1.0,1604042.0,76317.0,0
2025-12-17 14:26:38.279240,9.946619737011638,1.4325517353606498,0.7517939804133461,442.9853458186944,42.0,1.0,718967.0,1.0,1779676.0,71419.0,1
2025-12-17 14:26:38.380312,9.951697132604806,1.4348889157580382,0.7324073804946406,426.2993725128382,34.0,1.0,735456.0,1.0,1567547.0,67700.0,2
2025-12-17 14:26:38.480545,9.95960028297987,1.442693983107084,0.7141780283839678,434.26734578646114,36.0,1.0,1053912.0,1.0,1938125.0,74103.0,3
2025-12-17 14:26:38.582663,9.960160167691877,1.4439387729499504,0.7072490613146922,407.5160732423041,25.0,1.0,1236886.0,1.0,2324417.0,89658.0,4
2025-12-17 14:26:39.182403,9.96842395509712,1.4481200210169425,0.631743383415076,438.0430738686173,41.0,1.0,418056.0,1.0,1594300.0,74656.0,0
2025-12-17 14:26:39.280115,9.968885749176629,1.4538826974084715,0.6050929336220803,428.983713785609,36.0,1.0,712909.0,1.0,1786314.0,72392.0,1
2025-12-17 14:26:39.381275,9.980213152280584,1.4642780789213905,0.589269551847241,443.2990459699081,42.0,1.0,743213.0,1.0,1550662.0,66631.0,2
2025-12-17 14:26:39.480858,9.991297229385385,1.4740550801560044,0.568239578019335,410.26245503060477,25.0,1.0,1087981.0,1.0,1978554.0,75879.0,3
2025-12-17 14:26:39.579745,10.001455841876492,1.4819553525376703,0.5457339706040784,419.5132086392581,30.0,1.0,1263970.0,1.0,2372101.0,88632.0,4
2025-12-17 14:26:39.677492,10.010680790757128,1.4872882839554613,0.5221362356048416,438.6644587275719,39.0,1.0,810480.0,1.0,2390638.0,76602.0,5
2025-12-17 14:26:40.177674,10.059059991921131,1.5087195200557764,0.4104258785743344,423.0429647838064,34.0,1.0,416644.0,1.0,1594300.0,75751.0,0
2025-12-17 14:26:40.277210,10.070244162126745,1.5138457549082984,0.3879680158756167,443.98208791621545,43.0,1.0,729507.0,1.0,1806988.0,71370.0,1
2025-12-17 14:26:40.378189,10.08128502243692,1.5190138282585552,0.3623870406984618,431.2580677769718,35.0,1.0,1057485.0,1.0,1944696.0,74304.0,3
2025-12-17 14:26:40.486013,10.077649250197249,1.521464379688239,0.3356617941783003,437.51060494360087,38.0,1.0,1258847.0,1.0,2337829.0,87086.0,4
2025-12-17 14:26:40.577422,10.079650623482122,1.5221050547573285,0.3206390602517222,421.665963407397,32.0,1.0,828508.0,1.0,2368892.0,77856.0,5
2025-12-17 14:26:41.178850,10.144245096449083,1.539093741359972,0.183390313753492,428.04285505178905,36.0,1.0,418906.0,1.0,1605128.0,75342.0,0
2025-12-17 14:26:41.278455,10.155217140560268,1.541929175496235,0.1641489812770372,421.9804552798057,32.0,1.0,717751.0,1.0,1799055.0,72933.0,1
2025-12-17 14:26:41.379917,10.152069329770008,1.5411811063927798,0.1447233946216223,428.29839395538323,35.0,1.0,732723.0,1.0,1576059.0,67562.0,2
2025-12-17 14:26:41.478494,10.145888351340243,1.5399299671564617,0.1257038905329227,420.2526881376764,29.0,1.0,1060711.0,1.0,1979894.0,75138.0,3
2025-12-17 14:26:41.579773,10.157291991350084,1.5414633655475178,0.1039622818202307,434.5074625859737,37.0,1.0,1240239.0,1.0,2382561.0,87292.0,4
2025-12-17 14:26:41.678044,10.168546501543688,1.542945942792075,0.0841317625416222,434.6678036435469,38.0,1.0,810480.0,1.0,2397120.0,76861.0,5
2025-12-17 14:26:42.178796,10.224235917205352,1.5449392101247064,-0.0297947830874665,420.0427454545835,33.0,1.0,417350.0,1.0,1625906.0,75905.0,0
2025-12-17 14:26:42.277486,10.219216139470785,1.545260913235138,-0.0494012788346166,420.97882625355834,32.0,1.0,710019.0,1.0,1788734.0,73007.0,1
2025-12-17 14:26:42.381302,10.211112946538965,1.5455846369239443,-0.0609793129097653,426.2980672747846,34.0,1.0,718480.0,1.0,1556446.0,67746.0,2
2025-12-17 14:26:42.479654,10.22293400214423,1.5452622782082743,-0.0797915920316122,437.50487724008076,39.0,1.0,1256718.0,1.0,2361687.0,87027.0,4
2025-12-17 14:26:42.577383,10.234119595167453,1.5438579233797114,-0.1037807647869612,439.669307335222,40.0,1.0,825429.0,1.0,2410952.0,76524.0,5
2025-12-17 14:26:43.182735,10.268205956998113,1.541191120134747,-0.1743323192225887,411.04263541973273,29.0,1.0,426200.0,1.0,1627557.0,76576.0,0
2025-12-17 14:26:43.280424,10.259729763444286,1.5435263145367415,-0.1687069127783156,435.97719085653216,39.0,1.0,731484.0,1.0,1800883.0,71928.0,1
2025-12-17 14:26:43.381706,10.263940300781192,1.5414966504245724,-0.1841777880564083,427.29774091421643,34.0,1.0,733964.0,1.0,1549613.0,67654.0,2
2025-12-17 14:26:43.479704,10.272450928990423,1.5378863310760815,-0.2117526721925469,420.24290377065597,30.0,1.0,1064668.0,1.0,1979894.0,75113.0,3
2025-12-17 14:26:43.579380,10.285807216878734,1.534011510185891,-0.2370895099128616,404.5017177422166,22.0,1.0,1237723.0,1.0,2362487.0,90236.0,4
2025-12-17 14:26:43.679361,10.299890655931367,1.531038740911744,-0.2575872671562815,424.6711498385992,33.0,1.0,803379.0,1.0,2392257.0,77646.0,5
2025-12-17 14:26:44.180609,10.357395666937787,1.515420861347028,-0.3602760130815072,424.0425260496249,34.0,1.0,421894.0,1.0,1618220.0,75648.0,0
2025-12-17 14:26:44.279251,10.367811750482732,1.511858881184705,-0.3862419666273033,411.9755621629285,28.0,1.0,723360.0,1.0,1813115.0,73628.0,1
2025-12-17 14:26:44.379719,10.377379440985134,1.506809521743043,-0.4091989045536862,419.29741533366126,31.0,1.0,746238.0,1.0,1545422.0,68160.0,2
2025-12-17 14:26:44.479659,10.36885229217071,1.5024828059478237,-0.4295416030641453,430.2380147651424,34.0,1.0,1052487.0,1.0,1950628.0,74379.0,3
2025-12-17 14:26:44.580466,10.354714905073743,1.4974893554922506,-0.4482031309197858,438.49884163573296,39.0,1.0,1245287.0,1.0,2364086.0,86968.0,4
2025-12-17 14:26:44.679579,10.364516484629233,1.4921354126865145,-0.4739593875358919,439.6728221996109,40.0,1.0,802564.0,1.0,2390638.0,76550.0,5
2025-12-17 14:26:45.182403,10.413254310222005,1.464005192160008,-0.5834738331496271,422.0424162498728,33.0,1.0,424042.0,1.0,1606215.0,75828.0,0
2025-12-17 14:26:45.282547,10.422780064247268,1.4574559513236274,-0.6005290478636376,435.97392618214525,39.0,1.0,729260.0,1.0,1790551.0,71928.0,1
2025-12-17 14:26:45.383389,10.409255141242443,1.4494671745834031,-0.6255765154475535,437.2970879076299,39.0,1.0,738449.0,1.0,1568609.0,67016.0,2
2025-12-17 14:26:45.478874,10.381173200795558,1.4402837967755246,-0.6449183046239362,423.23312937765564,31.0,1.0,1062868.0,1.0,1988625.0,74910.0,3
2025-12-17 14:26:45.581038,10.390178736094924,1.4331978322401522,-0.6693557220111817,434.49596700596436,37.0,1.0,1246552.0,1.0,2342581.0,87351.0,4
2025-12-17 14:26:45.676636,10.400204840128213,1.4263727461676066,-0.6835292375825947,427.6744892754416,34.0,1.0,812128.0,1.0,2365687.0,77436.0,5
2025-12-17 14:26:46.183426,10.443317634124904,1.3908046302222274,-0.802573614459608,413.04230653462474,29.0,1.0,421181.0,1.0,1595920.0,76472.0,0
2025-12-17 14:26:46.279527,10.44391117690395,1.3817723456498143,-0.8236267855505369,429.97230050027144,36.0,1.0,733964.0,1.0,1800274.0,72368.0,1
2025-12-17 14:26:46.384053,10.438692806861225,1.37196430715687,-0.8358413554416873,412.2967614622422,28.0,1.0,728273.0,1.0,1549088.0,68623.0,2
2025-12-17 14:26:46.480463,10.445922527833774,1.36406473371743,-0.8578516830144342,420.22823238314754,29.0,1.0,1053912.0,1.0,1954593.0,75138.0,3
2025-12-17 14:26:46.579958,10.45218822470578,1.3548414625311116,-0.8837971644658941,436.4930971223693,38.0,1.0,1258421.0,1.0,2399555.0,87115.0,4
2025-12-17 14:26:46.677488,10.459259514110371,1.3456199393238304,-0.907075886042572,436.6761626964991,39.0,1.0,805285.0,1.0,2401180.0,76757.0,5
2025-12-17 14:26:47.181696,10.48734270109728,1.299385355578358,-1.0130362533858213,426.0421971211141,35.0,1.0,428224.0,1.0,1606759.0,75495.0,0
2025-12-17 14:26:47.283081,10.479560697749935,1.290554800516191,-1.0195925941325132,418.97066409879176,31.0,1.0,709299.0,1.0,1783294.0,73156.0,1
2025-12-17 14:26:47.381188,10.481267355034404,1.2895038502911724,-1.0258231553016175,403.2964361681159,21.0,1.0,719941.0,1.0,1571266.0,69676.0,2
2025-12-17 14:26:47.480779,10.481168962263526,1.2896663285339836,-1.0258236746723886,435.2233416126235,36.0,1.0,1070087.0,1.0,1979894.0,74027.0,3
2025-12-17 14:26:47.580099,10.481168962263526,1.2896663285339836,-1.0258236746723886,436.49022373085785,38.0,1.0,1258421.0,1.0,2337829.0,87174.0,4
2025-12-17 14:26:47.679242,10.481168962263526,1.2896663285339836,-1.0258236746723886,427.6778376256974,35.0,1.0,827387.0,1.0,2401180.0,77383.0,5
2025-12-17 14:26:48.181558,10.502030971870392,1.2835715465445627,-1.0116750023110324,417.04208753311525,31.0,1.0,427211.0,1.0,1593761.0,76188.0,0
2025-12-17 14:26:48.278178,10.502687841344938,1.2833451549526425,-1.0112119558182997,442.9690414873496,42.0,1.0,731732.0,1.0,1789945.0,71419.0,1
2025-12-17 14:26:48.379343,10.503261239976956,1.280195149948291,-1.0212723347754638,444.2961105412362,42.0,1.0,749782.0,1.0,1531883.0,66541.0,2
2025-12-17 14:26:48.478250,10.504376129971268,1.270847617744761,-1.0495973027017544,427.2184647519461,33.0,1.0,1073351.0,1.0,1959230.0,74606.0,3
2025-12-17 14:26:48.578079,10.51146269079083,1.259358211456652,-1.0779762317544108,412.48735654787004,27.0,1.0,1257995.0,1.0,2336247.0,89234.0,4
2025-12-17 14:26:48.677983,10.51908791186171,1.247157914395717,-1.0962223020877708,418.67950751717024,30.0,1.0,805285.0,1.0,2395498.0,78094.0,5
2025-12-17 14:26:49.179828,10.545790031840546,1.1940661563487796,-1.2055198818735076,432.04197811960455,38.0,1.0,422323.0,1.0,1613298.0,75036.0,0
2025-12-17 14:26:49.279744,10.549438825310023,1.1840081499419428,-1.2324437174282576,434.9674083275153,39.0,1.0,732971.0,1.0,1812501.0,72001.0,1
2025-12-17 14:26:49.379921,10.553752388740222,1.172557711320504,-1.249968958654316,422.29578412390424,32.0,1.0,731237.0,1.0,1583545.0,67998.0,2
2025-12-17 14:26:49.476577,10.557374770695136,1.1618277729384987,-1.2735439128274335,414.21358370609164,27.0,1.0,1067916.0,1.0,1959893.0,75572.0,3
2025-12-17 14:26:49.579433,10.560573369993795,1.150760486450486,-1.299772495236507,435.484479671426,38.0,1.0,1257995.0,1.0,2352115.0,87204.0,4
2025-12-17 14:26:49.677692,10.562811129372951,1.1398495211443676,-1.322948642060498,425.6811790271357,34.0,1.0,814054.0,1.0,2408505.0,77541.0,5
2025-12-17 14:26:50.179626,10.580263274776556,1.0811550173981814,-1.443869022146704,410.04186853862035,28.0,1.0,423325.0,1.0,1618768.0,76679.0,0
2025-12-17 14:26:50.276640,10.5822461096924,1.069238222138373,-1.460972569292858,437.96578278261234,40.0,1.0,733716.0,1.0,1817415.0,71806.0,1
2025-12-17 14:26:50.379628,10.584092051395498,1.0581865359979783,-1.484948657412221,429.29545799071747,35.0,1.0,743465.0,1.0,1549088.0,67517.0,2
2025-12-17 14:26:50.477394,10.585461593793507,1.0466730705135108,-1.5115505626823893,414.2086904860656,27.0,1.0,1069001.0,1.0,1977216.0,75572.0,3
2025-12-17 14:26:50.586422,10.585870073025124,1.035048153524019,-1.532259690136221,413.48158660570357,27.0,1.0,1240659.0,1.0,2337829.0,89143.0,4
2025-12-17 14:26:50.679848,10.587194797928444,1.0236335316957,-1.555036391499663,409.68285462847666,26.0,1.0,813778.0,1.0,2388212.0,78811.0,5
2025-12-17 14:26:51.178918,10.579073243447608,0.9517362389560686,-1.6785892392970332,438.04175901309526,41.0,1.0,424472.0,1.0,1629762.0,74631.0,0
2025-12-17 14:26:51.277804,10.57651607888294,0.9413140250269034,-1.701302279463578,413.96415027828175,29.0,1.0,721893.0,1.0,1797230.0,73503.0,1
2025-12-17 14:26:51.379235,10.574752555654094,0.9303695366168636,-1.725259663162648,432.29513189015364,37.0,1.0,728766.0,1.0,1562780.0,67334.0,2
2025-12-17 14:26:51.478142,10.573435851833583,0.9186321033055762,-1.7395984950620291,440.2037976033962,39.0,1.0,1048576.0,1.0,1944696.0,73653.0,3
2025-12-17 14:26:51.588131,10.57163904756622,0.907988509612908,-1.766873570185972,424.4787087093494,33.0,1.0,1222734.0,1.0,2415036.0,88153.0,4
2025-12-17 14:26:51.680361,10.568011348313744,0.8987237224252054,-1.7887731983909676,431.6845274827273,36.0,1.0,806103.0,1.0,2367289.0,77122.0,5
2025-12-17 14:26:52.182343,10.55585011240591,0.8344460757144043,-1.7930913370675106,420.0416490345805,33.0,1.0,428224.0,1.0,1648067.0,75931.0,0
2025-12-17 14:26:52.282973,10.55319402120762,0.8236474611724329,-1.7970322630519164,428.9625112433729,36.0,1.0,728273.0,1.0,1806988.0,72417.0,1
2025-12-17 14:26:52.377676,10.55075889674494,0.8117675622282485,-1.797051551636789,437.2948061699725,39.0,1.0,730990.0,1.0,1552763.0,66993.0,2
2025-12-17 14:26:52.484248,10.548576078453737,0.8002644392240112,-1.801018873876122,432.1988785242564,35.0,1.0,1059994.0,1.0,1973204.0,74228.0,3
2025-12-17 14:26:52.578037,10.545950652212694,0.7889464192710571,-1.7950905727891715,433.47586472285394,37.0,1.0,1261406.0,1.0,2340996.0,87351.0,4
2025-12-17 14:26:52.679410,10.54365659999213,0.7769991643678305,-1.797311986509755,429.68619788917505,35.0,1.0,827947.0,1.0,2380949.0,77253.0,5
2025-12-17 14:26:53.180849,10.532261962832994,0.7208658654441287,-1.802497121505248,412.0415395952035,29.0,1.0,427500.0,1.0,1642498.0,76498.0,0
2025-12-17 14:26:53.282480,10.529132069796932,0.7099792386976338,-1.798571258527252,439.96088144095694,41.0,1.0,725812.0,1.0,1787524.0,71661.0,1
2025-12-17 14:26:53.378860,10.526639625213209,0.698426973062733,-1.8015279056869504,433.2944795549459,37.0,1.0,730248.0,1.0,1532920.0,67243.0,2
2025-12-17 14:26:53.479825,10.524236669672188,0.6874620050948224,-1.8035184840622536,430.1940109237721,34.0,1.0,1071899.0,1.0,1993341.0,74379.0,3
2025-12-17 14:26:53.579319,10.521591625714567,0.6760643076036059,-1.8027718600465863,414.47298805326494,28.0,1.0,1245287.0,1.0,2344961.0,89023.0,4
2025-12-17 14:26:53.679957,10.519219462051788,0.6650475366026436,-1.8059342421674824,422.6878708002736,32.0,1.0,794456.0,1.0,2397120.0,77830.0,5
2025-12-17 14:26:54.177401,10.52075030626428,0.6068852445468975,-1.8007016149241124,404.04143036999096,26.0,1.0,420184.0,1.0,1617125.0,77122.0,0
2025-12-17 14:26:54.278979,10.549782182035884,0.5936372220595034,-1.7964231960699466,428.95925654340476,36.0,1.0,722137.0,1.0,1814342.0,72392.0,1
2025-12-17 14:26:54.383412,10.547592946503617,0.5820330312646647,-1.8003751326491149,421.29415184118074,32.0,1.0,729507.0,1.0,1567547.0,68067.0,2
2025-12-17 14:26:54.479043,10.544655419995165,0.5714976400154006,-1.798419078411064,423.1891255216177,31.0,1.0,1060711.0,1.0,1951289.0,74910.0,3
2025-12-17 14:26:54.579154,10.542398688491518,0.5596934493141505,-1.8018869674700664,435.4701155408873,38.0,1.0,1254593.0,1.0,2375315.0,87204.0,4
2025-12-17 14:26:54.676749,10.539562117208328,0.5485072415380268,-1.8023810510604088,419.68953743302524,31.0,1.0,834700.0,1.0,2398743.0,77988.0,5
2025-12-17 14:26:55.178151,10.525620618302955,0.4921890662189989,-1.802121993466975,429.9577903478724,36.0,1.0,734461.0,1.0,1780881.0,72368.0,1
2025-12-17 14:26:55.279825,10.522820318732888,0.4799886014291017,-1.7984347497536903,440.29385940546877,40.0,1.0,734213.0,1.0,1552237.0,66812.0,2
2025-12-17 14:26:55.382266,10.520632206000904,0.4686791600429254,-1.7986748835203854,417.18470946066793,28.0,1.0,1071899.0,1.0,1989971.0,75342.0,3
2025-12-17 14:26:55.480608,10.51751358653774,0.4573579131723821,-1.7987084701969356,428.46752567578676,35.0,1.0,1242760.0,1.0,2307954.0,87796.0,4
2025-12-17 14:26:55.580545,10.515467833965417,0.4462805965789647,-1.802904801370232,430.6910485767888,36.0,1.0,820415.0,1.0,2394687.0,77226.0,5
2025-12-17 14:26:56.180622,10.510980887207763,0.43270360408986,-1.8086368942785545,415.04121081071116,30.0,1.0,434061.0,1.0,1634734.0,76291.0,0
2025-12-17 14:26:56.280848,10.507861684570706,0.4202423162694613,-1.809146703174585,417.29353284296496,30.0,1.0,727534.0,1.0,1564367.0,68344.0,2
2025-12-17 14:26:56.377913,10.504687211825845,0.4062852799307075,-1.8031961035309572,436.1798415179379,37.0,1.0,1063587.0,1.0,1947330.0,73977.0,3
2025-12-17 14:26:56.479216,10.502213086605757,0.3916731819200674,-1.8051831216338887,415.4646566885635,29.0,1.0,1241499.0,1.0,2395498.0,88932.0,4
2025-12-17 14:26:56.579144,10.499448559800497,0.3786904305937737,-1.804435158091782,440.6927182308381,40.0,1.0,820971.0,1.0,2394687.0,76472.0,5
2025-12-17 14:26:57.179890,10.51172752068588,0.2989171045552501,-1.7910092259332016,415.0411012878166,30.0,1.0,427645.0,1.0,1591604.0,76317.0,0
2025-12-17 14:26:57.282939,10.509059356323636,0.286969916278581,-1.790027515063989,428.9543582672892,36.0,1.0,731732.0,1.0,1802712.0,72441.0,1
2025-12-17 14:26:57.381429,10.50710472931414,0.2753864904663565,-1.7922442879393503,439.29317380177713,40.0,1.0,722871.0,1.0,1562780.0,66880.0,2
2025-12-17 14:26:57.481786,10.504343945962118,0.2639692155895332,-1.79076072395418,433.1744444338858,35.0,1.0,1091300.0,1.0,1989298.0,74178.0,3
2025-12-17 14:26:57.581625,10.502000587762382,0.2529591210518536,-1.7882913602371726,438.46148948247674,39.0,1.0,1260979.0,1.0,2354504.0,86938.0,4
2025-12-17 14:26:57.681766,10.499823631513266,0.2418627917870139,-1.7912460263683423,420.6945618109811,31.0,1.0,823754.0,1.0,2397120.0,77909.0,5
2025-12-17 14:26:58.179971,10.487324993356108,0.1847415575572482,-1.793486610497577,414.04099167581467,30.0,1.0,427500.0,1.0,1608391.0,76420.0,0
2025-12-17 14:26:58.280219,10.484676169061066,0.1734436064458089,-1.792536431936959,425.95273209623343,34.0,1.0,736951.0,1.0,1787524.0,72638.0,1
2025-12-17 14:26:58.377380,10.482313723656514,0.1630188957136695,-1.7944695860966524,432.29284889390567,37.0,1.0,735456.0,1.0,1537076.0,67311.0,2
2025-12-17 14:26:58.479475,10.479351630532928,0.1521186015600975,-1.7929888925428128,422.1695665073572,30.0,1.0,1081739.0,1.0,1955917.0,74960.0,3
2025-12-17 14:26:58.581386,10.477123067784856,0.1402620602745177,-1.793740087711329,414.45861718270015,28.0,1.0,1233541.0,1.0,2396309.0,89023.0,4
2025-12-17 14:26:58.676944,10.474246405054082,0.1286644331912558,-1.793987530818073,417.69622574513033,30.0,1.0,789898.0,1.0,2382561.0,78147.0,5
2025-12-17 14:26:59.179579,10.46057260132302,0.0740802752108189,-1.8034262668382677,428.040882115655,36.0,1.0,426633.0,1.0,1624256.0,75393.0,0
2025-12-17 14:26:59.277780,10.45770614504808,0.0623526412484123,-1.8009539447302303,424.95110546697737,34.0,1.0,733964.0,1.0,1792977.0,72711.0,1
2025-12-17 14:26:59.381787,10.471650070274302,0.0475960055795496,-1.7902618932813472,421.2925212274437,32.0,1.0,750036.0,1.0,1548564.0,68067.0,2
2025-12-17 14:26:59.477352,10.4865656578754,0.031720936404282,-1.7827372700451372,429.1646876616543,33.0,1.0,1062868.0,1.0,1963212.0,74505.0,3
2025-12-17 14:26:59.582131,10.484808626791308,0.0201577720634205,-1.7819870427913356,427.45574205590486,34.0,1.0,1242760.0,1.0,2368090.0,87945.0,4
2025-12-17 14:26:59.680495,10.481602394451556,0.0092137160909953,-1.7810093119168415,435.6979036789064,38.0,1.0,811303.0,1.0,2383368.0,76835.0,5
2025-12-17 14:27:00.182104,10.472008238170732,-0.0385294116697556,-1.7795068542413586,435.04077223578304,39.0,1.0,426344.0,1.0,1625355.0,74884.0,0
2025-12-17 14:27:00.281248,10.468356657467162,-0.0485368870176214,-1.7822267671613323,429.9494692057298,36.0,1.0,746996.0,1.0,1832238.0,72368.0,1
2025-12-17 14:27:00.380052,10.465853699973396,-0.06060478810363,-1.78369474780446,424.1602741577695,31.0,1.0,1093519.0,1.0,1989971.0,74833.0,3
2025-12-17 14:27:00.479307,10.463119579309677,-0.0739732140109463,-1.7810086853262843,424.4531644814402,33.0,1.0,1241079.0,1.0,2356896.0,88153.0,4
2025-12-17 14:27:01.178411,10.446255335209909,-0.154930469747331,-1.7822313026065182,418.0406630374233,32.0,1.0,426200.0,1.0,1622058.0,76085.0,0
2025-12-17 14:27:01.279953,10.444248957233835,-0.1672264716090641,-1.7824813345792614,432.9478407110601,38.0,1.0,737201.0,1.0,1811275.0,72123.0,1
2025-12-17 14:27:01.378966,10.441663313709295,-0.1783568381856319,-1.7819894083708303,424.2918696901915,33.0,1.0,740702.0,1.0,1553814.0,67837.0,2
2025-12-17 14:27:01.481880,10.439149386902676,-0.1903209831259742,-1.7807818149561414,445.15488707218356,41.0,1.0,1064668.0,1.0,1969868.0,73329.0,3
2025-12-17 14:27:01.581737,10.436815846700776,-0.2015166127336662,-1.7790575083951436,449.44999721502074,44.0,1.0,1225219.0,1.0,2368892.0,86031.0,4
2025-12-17 14:27:01.678668,10.43420501818178,-0.2129717042888641,-1.7745977937817707,434.70124461720167,38.0,1.0,812677.0,1.0,2352911.0,76887.0,5
2025-12-17 14:27:02.178840,10.459138444338294,-0.2689801962682026,-1.6644782077149654,435.0405533872795,39.0,1.0,433327.0,1.0,1623706.0,74859.0,0
2025-12-17 14:27:02.280612,10.457963884002952,-0.2806810085257707,-1.6368867846986348,413.9462090301857,29.0,1.0,724831.0,1.0,1803323.0,73503.0,1
2025-12-17 14:27:02.379649,10.457250676584197,-0.2926812128386942,-1.618041311244764,437.2915432386055,39.0,1.0,734213.0,1.0,1560137.0,67016.0,2
2025-12-17 14:27:02.481821,10.45733757699632,-0.3046055158422405,-1.5992247977477612,415.1499981351191,27.0,1.0,1076261.0,1.0,1977216.0,75520.0,3
2025-12-17 14:27:02.578823,10.45714126244823,-0.3162553496291389,-1.5752588280826958,425.4471326004828,33.0,1.0,1244865.0,1.0,2333086.0,88094.0,4
2025-12-17 14:27:02.676990,10.45709001422809,-0.3279641673345663,-1.5520200071067358,424.70291380810795,33.0,1.0,801207.0,1.0,2369694.0,77672.0,5
2025-12-17 14:27:03.180761,10.461390050676258,-0.3823937977168201,-1.4330015396097422,415.04044357360783,30.0,1.0,422323.0,1.0,1643611.0,76291.0,0
2025-12-17 14:27:03.278835,10.46366375836265,-0.3940818299650521,-1.4117205825287076,430.94458132146826,37.0,1.0,735456.0,1.0,1792977.0,72245.0,1
2025-12-17 14:27:03.377875,10.46622869943063,-0.4054913713992869,-1.3862261007075247,437.2912175885636,39.0,1.0,739951.0,1.0,1536556.0,66993.0,2
2025-12-17 14:27:03.480158,10.46856649650249,-0.4167107385540411,-1.361779842799241,433.1451170403724,35.0,1.0,1082472.0,1.0,1953271.0,74178.0,3
2025-12-17 14:27:03.582073,10.470401249148996,-0.4281983049658322,-1.3424980375955842,418.70442710373106,30.0,1.0,820415.0,1.0,2408505.0,78094.0,5
2025-12-17 14:27:04.177449,10.467389348558854,-0.4951325459995566,-1.1783574043185674,416.0403343334893,31.0,1.0,429385.0,1.0,1624256.0,76265.0,0
2025-12-17 14:27:04.277348,10.47200361608586,-0.5050674166737652,-1.1541071088246075,416.94295313987493,30.0,1.0,736951.0,1.0,1821110.0,73280.0,1
2025-12-17 14:27:04.384510,10.47632052872359,-0.5159061041197681,-1.1337621171669825,430.2908891952639,36.0,1.0,740953.0,1.0,1560137.0,67494.0,2
2025-12-17 14:27:04.482455,10.481586112369072,-0.5259996562808364,-1.1152173641019991,428.1402165842926,33.0,1.0,1059994.0,1.0,1950628.0,74581.0,3
2025-12-17 14:27:04.580739,10.50020990322898,-0.5348212333188203,-1.083065350517579,428.44138112300004,34.0,1.0,1226464.0,1.0,2301714.0,87826.0,4
2025-12-17 14:27:04.683044,10.513238696541096,-0.5442310529285468,-1.0587156053101687,417.7062679234078,30.0,1.0,796341.0,1.0,2410952.0,78147.0,5
2025-12-17 14:27:05.177091,10.542930769250798,-0.5920356204158557,-0.9470475976278842,416.0402247696031,31.0,1.0,427355.0,1.0,1635841.0,76214.0,0
2025-12-17 14:27:05.279964,10.550300348984926,-0.601413829688175,-0.9260854144512326,407.94131826790397,26.0,1.0,721160.0,1.0,1789339.0,73902.0,1
2025-12-17 14:27:05.379057,10.557771146291683,-0.6101417091813817,-0.898639820686914,432.2905647454176,37.0,1.0,724340.0,1.0,1546469.0,67334.0,2
2025-12-17 14:27:05.481594,10.6026821784414,-0.6166649374201976,-0.8717116360127555,410.4387929788183,27.0,1.0,1243181.0,1.0,2354504.0,89325.0,4
2025-12-17 14:27:05.583051,10.643118827846916,-0.6245770709152962,-0.8487316690739951,427.70777273197655,34.0,1.0,815157.0,1.0,2375315.0,77436.0,5
2025-12-17 14:27:06.180399,10.648114839080677,-0.6302656528701629,-0.8276976696281532,416.04011480391193,31.0,1.0,429385.0,1.0,1625906.0,76214.0,0
2025-12-17 14:27:06.279724,10.653052245606943,-0.6339961280712796,-0.80052524257926,418.93968805294463,31.0,1.0,735456.0,1.0,1780278.0,73131.0,1
2025-12-17 14:27:06.380985,10.664201124145045,-0.6402163034035162,-0.7737921973307053,430.2902378876768,36.0,1.0,734461.0,1.0,1546469.0,67494.0,2
2025-12-17 14:27:06.477720,10.67635973757272,-0.6500668269776568,-0.7487119631035373,426.130461283718,32.0,1.0,1076990.0,1.0,1975209.0,74707.0,3
2025-12-17 14:27:06.579247,10.68659461161715,-0.660498986705151,-0.7319766230179401,426.43563943665504,34.0,1.0,1242340.0,1.0,2323630.0,87974.0,4
2025-12-17 14:27:06.685395,10.699894051689538,-0.6720306894301409,-0.6998577465547635,434.70961584730446,38.0,1.0,810480.0,1.0,2336247.0,76861.0,5
2025-12-17 14:27:07.181917,10.736727201887891,-0.7018760150779464,-0.5979162984514174,408.04000503441034,27.0,1.0,428514.0,1.0,1575526.0,76835.0,0
2025-12-17 14:27:07.278085,10.745868047809658,-0.7088089668319721,-0.5759085063332098,424.9380601192035,34.0,1.0,734959.0,1.0,1808824.0,72687.0,1
2025-12-17 14:27:07.378429,10.756489721031304,-0.7155773009379516,-0.5501315761927166,423.28991249274577,33.0,1.0,740702.0,1.0,1572862.0,67906.0,2
2025-12-17 14:27:07.480007,10.766414551425882,-0.7213060820428776,-0.5296120539459431,420.1255608765304,29.0,1.0,1062868.0,1.0,1983247.0,75138.0,3
2025-12-17 14:27:07.578436,10.775091815622256,-0.7278052909595889,-0.4954764853047791,413.43276878022664,28.0,1.0,1226879.0,1.0,2348933.0,89113.0,4
2025-12-17 14:27:07.677937,10.785249664335105,-0.7336192783229043,-0.4742093881239768,434.7112753740709,38.0,1.0,799852.0,1.0,2390638.0,76887.0,5
2025-12-17 14:27:08.180992,10.837069027319544,-0.7419081133398624,-0.3615735326115336,414.03989553266916,30.0,1.0,427211.0,1.0,1642498.0,76395.0,0
2025-12-17 14:27:08.279614,10.847967506313278,-0.7452365785835378,-0.3412134374854435,439.9364270197016,41.0,1.0,723605.0,1.0,1788734.0,71661.0,1
2025-12-17 14:27:08.383386,10.857148143925627,-0.749663075676847,-0.3162709437050064,405.289584646858,25.0,1.0,745733.0,1.0,1575526.0,69135.0,2
2025-12-17 14:27:08.480265,10.868016696192292,-0.7531201124814304,-0.2935636496492524,421.12067038958145,30.0,1.0,1069001.0,1.0,1978554.0,75036.0,3
2025-12-17 14:27:08.577521,10.879584034383084,-0.7562755991531231,-0.2729801905623601,417.4298984225888,30.0,1.0,1256718.0,1.0,2324417.0,88722.0,4
2025-12-17 14:27:08.678281,10.889075559215737,-0.7542549306493358,-0.2486852585946016,419.71294794575414,31.0,1.0,816814.0,1.0,2394687.0,78015.0,5
2025-12-17 14:27:09.179775,10.936257962262012,-0.7526784687886252,-0.1115225762905328,416.0397860629321,31.0,1.0,433034.0,1.0,1635841.0,76214.0,0
2025-12-17 14:27:09.277487,10.94760169197793,-0.7541593668895485,-0.0922088528431658,434.93479988169634,39.0,1.0,744220.0,1.0,1783897.0,71977.0,1
2025-12-17 14:27:09.381948,10.95972170738515,-0.7543936460105947,-0.0722436233101755,427.2892588872032,34.0,1.0,730248.0,1.0,1557500.0,67654.0,2
2025-12-17 14:27:09.480725,10.971330441196368,-0.753683501870607,-0.0488164815151767,410.115778915009,25.0,1.0,1075169.0,1.0,1974541.0,75853.0,3
2025-12-17 14:27:09.579341,10.98296112818171,-0.753567501813504,-0.0230223856951455,426.42702020733316,34.0,1.0,1226879.0,1.0,2401180.0,87974.0,4
2025-12-17 14:27:09.681026,10.995071046469471,-0.7539929708475404,-0.0010509866074083,431.714624531901,36.0,1.0,786431.0,1.0,2377728.0,77096.0,5
2025-12-17 14:27:10.180224,11.02308544156432,-0.7429471289988632,0.1112508915163983,431.0396764105962,38.0,1.0,425191.0,1.0,1622607.0,75113.0,0
2025-12-17 14:27:10.279451,11.023242389029225,-0.7426411417968044,0.1107614080913687,418.9331660728807,31.0,1.0,737201.0,1.0,1822343.0,73106.0,1
2025-12-17 14:27:10.382952,11.023201018481888,-0.7426928660274816,0.1110047035698415,440.28893233089775,41.0,1.0,729507.0,1.0,1556446.0,66789.0,2
2025-12-17 14:27:10.478688,11.023607081621469,-0.7428424722189364,0.1130082983723391,428.1108996488326,33.0,1.0,1065028.0,1.0,1960556.0,74581.0,3
2025-12-17 14:27:10.577778,11.028796643671296,-0.7426585737167999,0.1305386923224994,424.42415171139055,33.0,1.0,1240239.0,1.0,2393877.0,88153.0,4
2025-12-17 14:27:10.677283,11.028479059688827,-0.7369871190742447,0.1598134027729131,425.7162902701345,34.0,1.0,816537.0,1.0,2380143.0,77541.0,5
2025-12-17 14:27:11.181772,11.088086865677134,-0.7227392760226401,0.272620085437295,418.0395666378065,32.0,1.0,425911.0,1.0,1619864.0,76085.0,0
2025-12-17 14:27:11.280646,11.097115808509542,-0.7191650668896274,0.2962065685900744,417.9315335180013,31.0,1.0,737950.0,1.0,1796621.0,73205.0,1
2025-12-17 14:27:11.379396,11.106607110811083,-0.7168874796005289,0.3210041689855337,440.2886072621955,40.0,1.0,732971.0,1.0,1578728.0,66812.0,2
2025-12-17 14:27:11.479504,11.116479785684476,-0.7156975011847075,0.3531764812129562,426.1060064336958,32.0,1.0,1109174.0,1.0,1996042.0,74707.0,3
2025-12-17 14:27:11.581658,11.128097076404469,-0.711225902194732,0.3699889848436627,446.4212675777828,43.0,1.0,1243181.0,1.0,2331508.0,86323.0,4
2025-12-17 14:27:11.678047,11.139657979419948,-0.7063035771889696,0.3874674871215073,435.7179635440563,38.0,1.0,817920.0,1.0,2379338.0,76835.0,5
2025-12-17 14:27:12.177783,11.172686341952366,-0.6749744410323855,0.5127468189425343,430.03945747188925,37.0,1.0,425767.0,1.0,1625355.0,75214.0,0
2025-12-17 14:27:12.280722,11.181614853913713,-0.6717989260423511,0.5408364269389863,424.92990278777035,34.0,1.0,735954.0,1.0,1829759.0,72736.0,1
2025-12-17 14:27:12.379723,11.191307073245593,-0.6677409642410401,0.5680316947229778,439.2882809267469,40.0,1.0,735456.0,1.0,1569140.0,66880.0,2
2025-12-17 14:27:12.478906,11.20043457955935,-0.6620337474713276,0.5898167274331629,419.10112013192395,29.0,1.0,1053556.0,1.0,1953271.0,75214.0,3
2025-12-17 14:27:12.578408,11.210222281788802,-0.6539038794588032,0.6091032659576284,430.41840392856835,36.0,1.0,1233959.0,1.0,2348138.0,87618.0,4
2025-12-17 14:27:12.680023,11.219982031170378,-0.645282518400605,0.6277947062355307,434.71963884443784,38.0,1.0,799852.0,1.0,2383368.0,76861.0,5
2025-12-17 14:27:13.181983,11.279541983739977,-0.5959363684938648,0.7588105173886944,427.0393474084321,36.0,1.0,426488.0,1.0,1636949.0,75469.0,0
2025-12-17 14:27:13.280109,11.288455867508478,-0.5873756812428432,0.7775903387506744,432.9282731810271,38.0,1.0,717023.0,1.0,1821726.0,72123.0,1
2025-12-17 14:27:13.379752,11.296169899295796,-0.578077231235377,0.7954422006633807,432.2879546885145,37.0,1.0,714358.0,1.0,1567547.0,67311.0,2
2025-12-17 14:27:13.479238,11.30415653340648,-0.5691699845834322,0.8204217614747445,427.0962292831723,33.0,1.0,1062508.0,1.0,1968535.0,74606.0,3
2025-12-17 14:27:13.578017,11.312106997303149,-0.561008639943446,0.8419668414682411,425.41553206548565,33.0,1.0,1272986.0,1.0,2331508.0,88064.0,4
2025-12-17 14:27:13.682782,11.319348895083197,-0.5522907658637388,0.8633812050704922,431.7213154539927,36.0,1.0,822361.0,1.0,2399555.0,77122.0,5
2025-12-17 14:27:14.179149,11.366506515600378,-0.4934816322537312,0.98900811957017,424.03923811592324,34.0,1.0,434502.0,1.0,1615484.0,75648.0,0
2025-12-17 14:27:14.278197,11.373122060515882,-0.4836859218448275,1.0119354780648804,446.9266456924415,44.0,1.0,739951.0,1.0,1786919.0,71201.0,1
2025-12-17 14:27:14.378494,11.380010150564448,-0.4738750599880665,1.031996807763357,432.2876288701386,37.0,1.0,737201.0,1.0,1554866.0,67311.0,2
2025-12-17 14:27:14.479738,11.383121506531683,-0.4660151838117388,1.048761225870079,414.09133761303076,27.0,1.0,1066110.0,1.0,1978554.0,75572.0,3
2025-12-17 14:27:14.581925,11.383537490424596,-0.4654798575899281,1.0522453667975906,445.4126478514343,42.0,1.0,1257569.0,1.0,2333876.0,86381.0,4
2025-12-17 14:27:14.679610,11.363171883898952,-0.456684387870129,1.0627532496406826,433.7229821469362,37.0,1.0,799311.0,1.0,2408505.0,76939.0,5
2025-12-17 14:27:15.179749,11.36661428432464,-0.4121900652191481,1.1517465596703214,432.28736747770404,37.0,1.0,736453.0,1.0,1567547.0,67334.0,2
2025-12-17 14:27:15.277021,11.371729895896182,-0.399476953543834,1.1774491251365302,415.08743951663354,27.0,1.0,1067916.0,1.0,1937469.0,75520.0,3
2025-12-17 14:27:15.380220,11.376342236036605,-0.3875842424903046,1.2016521351162122,444.41035436073986,42.0,1.0,1248240.0,1.0,2354504.0,86469.0,4
2025-12-17 14:27:15.477833,11.380471062408258,-0.3775090033335377,1.2199805093602385,418.72431677301154,30.0,1.0,816537.0,1.0,2386596.0,78094.0,5
2025-12-17 14:27:16.180326,11.39213298814364,-0.2853212953449775,1.3234607524166873,436.0390187806722,40.0,1.0,420184.0,1.0,1625355.0,74758.0,0
2025-12-17 14:27:16.278784,11.395396999404646,-0.2741980146258216,1.3241983865849896,418.9233835226659,31.0,1.0,740702.0,1.0,1824811.0,73106.0,1
2025-12-17 14:27:16.382994,11.398475651240911,-0.2630947640682191,1.3266711258289254,429.28697494456554,35.0,1.0,740452.0,1.0,1553814.0,67517.0,2
2025-12-17 14:27:16.479975,11.40158212789076,-0.2522362996643537,1.323735773855437,424.0815580032268,31.0,1.0,1105052.0,1.0,1993341.0,74833.0,3
2025-12-17 14:27:16.578748,11.40433174926124,-0.2416212240240822,1.3306678303807304,416.4069110060714,29.0,1.0,1255018.0,1.0,2364086.0,88872.0,4
2025-12-17 14:27:16.678060,11.407871816263013,-0.2301916477525347,1.327458209123634,441.72632354837447,41.0,1.0,808562.0,1.0,2388212.0,76369.0,5
2025-12-17 14:27:17.181529,11.42656838280442,-0.1433239939621975,1.325479385068198,410.0389090456956,28.0,1.0,426344.0,1.0,1629762.0,76654.0,0
2025-12-17 14:27:17.277110,11.429188988931658,-0.1324822609871381,1.3279443634836332,422.921755645996,33.0,1.0,735208.0,1.0,1811275.0,72834.0,1
2025-12-17 14:27:17.381194,11.431966670713246,-0.1206137324619627,1.3296838984221908,426.28664930300556,34.0,1.0,752070.0,1.0,1569671.0,67723.0,2
2025-12-17 14:27:17.480312,11.434353103241826,-0.1095744756031154,1.3269899892556465,419.076667130029,29.0,1.0,1065749.0,1.0,1955917.0,75189.0,3
2025-12-17 14:27:17.579265,11.437542371557992,-0.0990661183455525,1.3304640544014323,432.4040365343171,36.0,1.0,1253320.0,1.0,2415036.0,87440.0,4
2025-12-17 14:27:17.682046,11.440357345181347,-0.0868050768307053,1.3279684915592551,403.728002209469,24.0,1.0,821805.0,1.0,2396309.0,79212.0,5
2025-12-17 14:27:18.180815,11.45277136369852,-0.0306100080487032,1.32375086451823,429.03879952082815,37.0,1.0,427500.0,1.0,1619864.0,75265.0,0
2025-12-17 14:27:18.278629,11.456115165278138,-0.0193601868698465,1.3284026283776909,424.92012256280015,34.0,1.0,734959.0,1.0,1813115.0,72736.0,1
2025-12-17 14:27:18.379304,11.459084620652906,-0.0078230313497309,1.324503292858377,441.28632369080617,41.0,1.0,736453.0,1.0,1545422.0,66722.0,2
2025-12-17 14:27:18.479401,11.461585843076382,0.00346646989935,1.325753322576242,419.07178235858476,29.0,1.0,1089824.0,1.0,1989971.0,75240.0,3
2025-12-17 14:27:18.581261,11.46461394635188,0.0150109835017246,1.325503410992949,419.4011578134158,30.0,1.0,1262687.0,1.0,2334666.0,88602.0,4
2025-12-17 14:27:18.680787,11.46692603584991,0.0259546554750818,1.323297140939847,434.72967210094185,38.0,1.0,824312.0,1.0,2406061.0,76861.0,5
2025-12-17 14:27:19.179339,11.48120058659214,0.0817505149991397,1.321363945158495,429.0386900794783,37.0,1.0,421894.0,1.0,1625355.0,75265.0,0
2025-12-17 14:27:19.279319,11.484466112643211,0.0932203628445815,1.3206297750746838,431.9184908313769,37.0,1.0,731980.0,1.0,1802712.0,72221.0,1
2025-12-17 14:27:19.381655,11.486929492619009,0.1042748700607845,1.3176565638817552,433.2859966950706,37.0,1.0,731980.0,1.0,1565427.0,67266.0,2
2025-12-17 14:27:19.484172,11.490217811421854,0.1156986951326821,1.321361039766859,429.066869806561,34.0,1.0,1075169.0,1.0,1961884.0,74480.0,3
2025-12-17 14:27:19.584632,11.492672964219077,0.127040547746164,1.3191450959296362,428.3982751421582,34.0,1.0,1266111.0,1.0,2330719.0,87826.0,4
2025-12-17 14:27:19.681163,11.495563965793805,0.1383106169403403,1.3197929170474654,428.731344726129,35.0,1.0,815157.0,1.0,2398743.0,77357.0,5
2025-12-17 14:27:20.177791,11.496075812137832,0.1571695611106989,1.314341719826608,424.03858064601985,34.0,1.0,422466.0,1.0,1603500.0,75648.0,0
2025-12-17 14:27:20.276471,11.496075812137832,0.1571695611106989,1.314341719826608,435.9168648690388,39.0,1.0,736951.0,1.0,1789339.0,71904.0,1
2025-12-17 14:27:20.380811,11.496408684814842,0.1575173042409332,1.3145846083525958,422.0624859362721,31.0,1.0,1069001.0,1.0,1966537.0,74960.0,3
2025-12-17 14:27:20.478786,11.500002451863656,0.1629650079206888,1.3096279447739785,420.39570624985845,31.0,1.0,1243181.0,1.0,2390638.0,88482.0,4
2025-12-17 14:27:20.580638,11.504107516821382,0.1742549431277975,1.311081707771126,418.73284864519565,30.0,1.0,815433.0,1.0,2390638.0,78067.0,5
2025-12-17 14:27:21.178834,11.521016216734017,0.2506567398998172,1.3176264255194283,417.0384709285797,31.0,1.0,425479.0,1.0,1617125.0,76162.0,0
2025-12-17 14:27:21.284120,11.523740227845682,0.261210400450576,1.3181206948693165,425.9152217902263,34.0,1.0,725567.0,1.0,1789339.0,72638.0,1
2025-12-17 14:27:21.380570,11.525951231067015,0.2724291818877002,1.3166434396040343,425.2853445914853,33.0,1.0,733964.0,1.0,1576059.0,67814.0,2
2025-12-17 14:27:21.478614,11.528939613430753,0.2832115366438561,1.3191315226402294,419.057118529819,29.0,1.0,1110676.0,1.0,1990645.0,75240.0,3
2025-12-17 14:27:21.583441,11.532279258910126,0.2944470761403028,1.3164369366863222,432.39253259104424,36.0,1.0,1252048.0,1.0,2354504.0,87499.0,4
2025-12-17 14:27:21.680126,11.534286254734193,0.3061016483665586,1.3176623451414835,436.7346869853015,39.0,1.0,809658.0,1.0,2406876.0,76705.0,5
2025-12-17 14:27:22.180932,11.54983927759548,0.3609513501620025,1.3141560348304535,425.03836109550826,35.0,1.0,424472.0,1.0,1619864.0,75597.0,0
2025-12-17 14:27:22.279167,11.55329113599124,0.3724520434247482,1.3148973316045618,417.91359926031447,31.0,1.0,733220.0,1.0,1779074.0,73205.0,1
2025-12-17 14:27:22.381183,11.556252805507444,0.3837204731994426,1.3119561292061617,412.28501816273524,28.0,1.0,730495.0,1.0,1563309.0,68623.0,2
2025-12-17 14:27:22.481125,11.560078124454105,0.3941527475573316,1.3169160706913947,422.0522170274449,30.0,1.0,1063587.0,1.0,1964542.0,74986.0,3
2025-12-17 14:27:22.578526,11.563129032396644,0.4051635550741075,1.3159287067008736,415.3896737253521,29.0,1.0,1241079.0,1.0,2373707.0,88902.0,4
2025-12-17 14:27:22.677229,11.565957369565549,0.4163510827091325,1.3154432086586525,418.7363541380441,30.0,1.0,803107.0,1.0,2390638.0,78094.0,5
2025-12-17 14:27:23.180870,11.555475573741198,0.4927989867638569,1.3397964613947742,438.03825149917964,41.0,1.0,423755.0,1.0,1585690.0,74606.0,0
2025-12-17 14:27:23.278841,11.55819055122804,0.5043979082724732,1.342305416389418,423.9119691855873,33.0,1.0,736951.0,1.0,1839072.0,72785.0,1
2025-12-17 14:27:23.378805,11.5602773827169,0.5158522741579485,1.3413247846552614,431.2846927097355,36.0,1.0,736951.0,1.0,1558554.0,67425.0,2
2025-12-17 14:27:23.481769,11.563026439268407,0.5272519911952056,1.343794996803943,421.0473246532549,30.0,1.0,1056055.0,1.0,1977885.0,75036.0,3
2025-12-17 14:27:23.579785,11.564628196084405,0.538820740340336,1.34379619336881,422.3867971218418,32.0,1.0,1284237.0,1.0,2339412.0,88362.0,4
2025-12-17 14:27:24.179532,11.578666124954218,0.6061297323409569,1.3408173077617482,418.0381420427045,32.0,1.0,418056.0,1.0,1622607.0,76111.0,0
2025-12-17 14:27:24.277892,11.580504539941591,0.61829921442353,1.3381081510237522,401.9103401267278,23.0,1.0,716780.0,1.0,1795406.0,74480.0,1
2025-12-17 14:27:24.378187,11.581535538695228,0.6266017754757893,1.345258539785404,436.28436668257314,38.0,1.0,734461.0,1.0,1540201.0,67084.0,2
2025-12-17 14:27:24.478087,11.581620238903367,0.6269737212436048,1.3442680102322824,430.0424534298545,34.0,1.0,1084672.0,1.0,1966537.0,74404.0,3
2025-12-17 14:27:24.578727,11.581598948768324,0.6268813499449379,1.3437755786848211,415.3839271750411,28.0,1.0,1231039.0,1.0,2356896.0,88963.0,4
2025-12-17 14:27:24.677558,11.581598948768324,0.6268813499449379,1.3437755786848211,408.7396986811638,26.0,1.0,816814.0,1.0,2419126.0,78891.0,5
2025-12-17 14:27:25.177993,11.581598948768324,0.6268813499449379,1.3437755786848211,432.03803260825964,38.0,1.0,425335.0,1.0,1606215.0,75036.0,0
2025-12-17 14:27:25.278327,11.581598948768324,0.6268813499449379,1.3437755786848211,418.9087088111092,31.0,1.0,737950.0,1.0,1803323.0,73156.0,1
2025-12-17 14:27:25.382065,11.581598948768324,0.6268813499449379,1.3437755786848211,429.28403918868617,35.0,1.0,758974.0,1.0,1566487.0,67517.0,2
2025-12-17 14:27:25.478152,11.581598948768324,0.6268813499449379,1.3437755786848211,438.03756388652613,38.0,1.0,1079910.0,1.0,1968535.0,73802.0,3
2025-12-17 14:27:25.578574,11.581598948768324,0.6268813499449379,1.3437755786848211,436.38105462818766,38.0,1.0,1255018.0,1.0,2367289.0,87145.0,4
2025-12-17 14:27:25.676616,11.581598948768324,0.6268813499449379,1.3437755786848211,426.7413691026595,34.0,1.0,827387.0,1.0,2450439.0,77488.0,5
2025-12-17 14:27:26.177823,11.590010316793856,0.658373002233759,1.3420968849857846,434.0379230237681,39.0,1.0,419474.0,1.0,1622058.0,74910.0,0
2025-12-17 14:27:26.279446,11.59326426888055,0.6734197949499503,1.3408554562597093,431.90707638015584,37.0,1.0,731237.0,1.0,1818030.0,72196.0,1
2025-12-17 14:27:26.383037,11.595696640322132,0.6864184336068906,1.3452763294759604,427.28371264282003,35.0,1.0,753089.0,1.0,1561722.0,67631.0,2
2025-12-17 14:27:26.480029,11.598421034212867,0.6982428423104672,1.3418510069229264,423.03266548392105,31.0,1.0,1079910.0,1.0,2002131.0,74910.0,3
2025-12-17 14:27:26.584823,11.601397139544222,0.7087691715380977,1.3450027538820937,432.3781636884751,36.0,1.0,1247818.0,1.0,2340996.0,87440.0,4
2025-12-17 14:27:26.677805,11.604005337762905,0.718775539249707,1.3405735305263582,434.74304308717984,38.0,1.0,820138.0,1.0,2376119.0,76861.0,5
2025-12-17 14:27:27.180367,11.618220677179242,0.7754666683170335,1.3403459792069097,432.0378131418137,38.0,1.0,418906.0,1.0,1611115.0,75036.0,0
2025-12-17 14:27:27.281321,11.62105474567086,0.7860664561248534,1.34304593380499,435.90544271646417,39.0,1.0,731237.0,1.0,1799055.0,71928.0,1
2025-12-17 14:27:27.381034,11.61403386556641,0.8091174319410506,1.3621271330188027,427.2833870674845,35.0,1.0,729754.0,1.0,1566487.0,67631.0,2
2025-12-17 14:27:27.477206,11.6099393919401,0.8250372571323723,1.3643500055214317,433.02779006067595,35.0,1.0,1063587.0,1.0,1961220.0,74178.0,3
2025-12-17 14:27:27.579411,11.612442661322476,0.8363564093438978,1.3700263358377698,428.3753062506572,34.0,1.0,1255018.0,1.0,2416671.0,87855.0,4
2025-12-17 14:27:27.681738,11.614802813655816,0.8482338235570346,1.369271918152223,413.7447216596586,28.0,1.0,824033.0,1.0,2379338.0,78465.0,5
2025-12-17 14:27:28.183497,11.626381574588883,0.9043779009455032,1.3685438431368449,429.0377031956318,37.0,1.0,424472.0,1.0,1575526.0,75265.0,0
2025-12-17 14:27:28.276719,11.62873216235786,0.915537770463258,1.3693106231446874,431.9038196142095,37.0,1.0,734959.0,1.0,1822343.0,72245.0,1
2025-12-17 14:27:28.378748,11.631293909927216,0.9265070634788728,1.3710231812115494,430.28306158447174,36.0,1.0,741706.0,1.0,1587301.0,67448.0,2
2025-12-17 14:27:28.479539,11.63312746165387,0.93762867183505,1.3678190628046654,413.37272019513665,28.0,1.0,1266111.0,1.0,2337829.0,89113.0,4
2025-12-17 14:27:28.579704,11.635902703858555,0.9488276415283554,1.3712767740187295,430.7462230556825,36.0,1.0,815985.0,1.0,2406061.0,77226.0,5
2025-12-17 14:27:29.178779,11.649275263641044,1.0168956548613526,1.3688074366902945,432.0375941096153,38.0,1.0,421751.0,1.0,1611661.0,75036.0,0
2025-12-17 14:27:29.279763,11.651610442243255,1.0283682986692106,1.3737163022382568,417.90218404433904,31.0,1.0,715084.0,1.0,1819261.0,73205.0,1
2025-12-17 14:27:29.380682,11.653851560945904,1.0400652224930609,1.371770548255234,408.28273472477355,26.0,1.0,716537.0,1.0,1551712.0,68902.0,2
2025-12-17 14:27:29.478789,11.65585277597524,1.051152875177911,1.3720097523213313,407.0180038699744,23.0,1.0,1082105.0,1.0,1989298.0,76188.0,3
2025-12-17 14:27:29.577769,11.658231909351464,1.0620649601352137,1.3734890365115575,427.3695649952602,34.0,1.0,1233959.0,1.0,2337038.0,87915.0,4
2025-12-17 14:27:29.677404,11.660106590106542,1.0734932258688303,1.3678021618618583,426.74805840625856,34.0,1.0,837529.0,1.0,2401180.0,77488.0,5
2025-12-17 14:27:30.179325,11.634891906531871,1.0943791448486202,1.3888715195975074,417.0374844466479,31.0,1.0,423468.0,1.0,1612206.0,76162.0,0
2025-12-17 14:27:30.279813,11.635831226033517,1.0963328544173692,1.3903518480207089,435.90055335650385,39.0,1.0,745481.0,1.0,1787524.0,71928.0,1
2025-12-17 14:27:30.377668,11.638474325771924,1.1058514225711562,1.3945486973350212,425.28240947925525,33.0,1.0,743968.0,1.0,1560666.0,67792.0,2
2025-12-17 14:27:30.479693,11.641166465969938,1.1202172191009048,1.3947958591823144,425.0131102245858,31.0,1.0,1076261.0,1.0,1962548.0,74808.0,3
2025-12-17 14:27:30.581306,11.642612124956363,1.1359275015102188,1.3948015178647364,422.3666818470868,32.0,1.0,1274279.0,1.0,2386596.0,88303.0,4
2025-12-17 14:27:30.680124,11.644669348632751,1.150008512497216,1.3930482495272054,409.74973495060556,26.0,1.0,814605.0,1.0,2488046.0,78811.0,5
2025-12-17 14:27:31.179686,11.654170415941564,1.205522780696047,1.391056287151128,409.0373748039571,28.0,1.0,419900.0,1.0,1602415.0,76757.0,0
2025-12-17 14:27:31.279910,11.655823976373584,1.2164896749931682,1.392773193154511,415.8989225920302,30.0,1.0,724831.0,1.0,1804544.0,73354.0,1
2025-12-17 14:27:31.378588,11.657955897710735,1.2278685982499289,1.3937646674079014,420.282082950353,31.0,1.0,734213.0,1.0,1566487.0,68114.0,2
2025-12-17 14:27:31.480081,11.660227704524743,1.23915454303701,1.3935193467961715,421.0082191020375,30.0,1.0,1075897.0,1.0,1959893.0,75087.0,3
2025-12-17 14:27:31.581495,11.662430554853502,1.250666596359178,1.3942589288840057,430.363808317672,35.0,1.0,1247818.0,1.0,2324417.0,87618.0,4
2025-12-17 14:27:31.683770,11.663953365323673,1.262414977188017,1.3937916864240631,430.7514130432213,36.0,1.0,820138.0,1.0,2393877.0,77226.0,5
2025-12-17 14:27:32.178326,11.672396801940934,1.3179922894147538,1.399439109765638,421.0372653498933,33.0,1.0,420184.0,1.0,1617125.0,75853.0,0
2025-12-17 14:27:32.279216,11.674082335930532,1.329540338087181,1.403874091050959,419.89729311736613,32.0,1.0,717751.0,1.0,1785710.0,73057.0,1
2025-12-17 14:27:32.380204,11.67557777815831,1.34120101294989,1.399412853067568,428.2817561943956,35.0,1.0,743465.0,1.0,1552237.0,67608.0,2
2025-12-17 14:27:32.477302,11.677713851020147,1.3521966013645097,1.4026257804933369,408.0033434636665,24.0,1.0,1091300.0,1.0,2004844.0,76008.0,3
2025-12-17 14:27:32.580646,11.678919315934465,1.364110657992521,1.3988988966893456,435.3609377704171,37.0,1.0,1241499.0,1.0,2409321.0,87263.0,4
2025-12-17 14:27:32.679843,11.680608479563922,1.375442971717337,1.3993852855775282,424.7530784738074,33.0,1.0,827387.0,1.0,2359290.0,77646.0,5
2025-12-17 14:27:33.178462,11.668355086084066,1.429761448808577,1.4078640131210172,422.0371557318632,34.0,1.0,421323.0,1.0,1620412.0,75777.0,0
2025-12-17 14:27:33.277941,11.638965395807134,1.4350426638709113,1.417883035197547,419.89566459008427,32.0,1.0,722626.0,1.0,1818646.0,73057.0,1
2025-12-17 14:27:33.381759,11.640471065478993,1.445773592644798,1.4060191552550474,422.2814294583381,32.0,1.0,735705.0,1.0,1575526.0,67975.0,2
2025-12-17 14:27:33.482199,11.642705524979116,1.45737121583028,1.3890189566113285,433.9984302956003,36.0,1.0,1054626.0,1.0,1952610.0,74128.0,3
2025-12-17 14:27:33.581640,11.64606602225027,1.4681116088139987,1.3680172712784906,404.3580619282482,22.0,1.0,1265682.0,1.0,2361687.0,90175.0,4
2025-12-17 14:27:33.677545,11.648843921825588,1.4788359579656856,1.3427341280028893,416.75474662807585,29.0,1.0,819583.0,1.0,2418307.0,78253.0,5
2025-12-17 14:27:34.178553,11.666536396944258,1.5314766654571432,1.2374194732940214,426.2811695212101,34.0,1.0,720428.0,1.0,1553814.0,67700.0,2
2025-12-17 14:27:34.277052,11.669833469039617,1.5423885349555029,1.2173684224987222,423.9945440800211,31.0,1.0,1065749.0,1.0,1973204.0,74884.0,3
2025-12-17 14:27:34.379741,11.67342858737998,1.552730030197834,1.1921690492101698,427.7559206973417,34.0,1.0,832443.0,1.0,2438031.0,77436.0,5
2025-12-17 14:27:35.181706,11.715915255322816,1.631604176261071,1.001522244930408,423.0369361700625,34.0,1.0,421038.0,1.0,1618768.0,75751.0,0
2025-12-17 14:27:35.277523,11.716019654988628,1.643162556535373,0.9965326846888088,433.892404059068,38.0,1.0,718723.0,1.0,1788734.0,72099.0,1
2025-12-17 14:27:35.378648,11.717829109115907,1.653133847958074,0.9781673012926416,426.28077801569225,34.0,1.0,738449.0,1.0,1558027.0,67700.0,2
2025-12-17 14:27:35.484472,11.724348948519497,1.6629236446805074,0.9581244415114314,417.9886407313332,29.0,1.0,1074442.0,1.0,1969868.0,75265.0,3
2025-12-17 14:27:35.582066,11.73036420294715,1.6725109343767048,0.9398899430213272,416.3523147315152,29.0,1.0,1257995.0,1.0,2350523.0,88812.0,4
2025-12-17 14:27:35.678652,11.736785434328851,1.6806917631443472,0.916600827821841,419.7580924720089,31.0,1.0,811303.0,1.0,2459579.0,78015.0,5
2025-12-17 14:27:36.177592,11.764685512194,1.7199184248605413,0.8014129560363568,424.03682701784567,35.0,1.0,426922.0,1.0,1620412.0,75623.0,0
2025-12-17 14:27:36.281714,11.767480975455353,1.7266908959827685,0.7808754566293988,418.8907666188921,31.0,1.0,727780.0,1.0,1792977.0,73131.0,1
2025-12-17 14:27:36.380502,11.77550749274602,1.735019204025006,0.7623026228448625,432.28045118209235,37.0,1.0,732723.0,1.0,1574460.0,67357.0,2
2025-12-17 14:27:36.480247,11.784121750619889,1.7430514734546314,0.7370009915461332,420.98377216278226,30.0,1.0,1061430.0,1.0,1957904.0,75087.0,3
2025-12-17 14:27:36.580324,11.792924561608968,1.750396093542138,0.7112035871517147,417.34944674983717,30.0,1.0,1254593.0,1.0,2362487.0,88722.0,4
2025-12-17 14:27:36.678319,11.801600402974666,1.7583756133102533,0.6909632783696696,422.7597639117505,32.0,1.0,827667.0,1.0,2392257.0,77777.0,5
2025-12-17 14:27:37.178537,11.865278715952751,1.7887517508682451,0.5701859314064678,426.0367173111467,36.0,1.0,425911.0,1.0,1610570.0,75469.0,0
2025-12-17 14:27:37.279787,11.874560685230556,1.794722432167548,0.54545959615999,423.8891391547656,33.0,1.0,718967.0,1.0,1806988.0,72785.0,1
2025-12-17 14:27:37.380714,11.884244214656553,1.8001043976166322,0.5238735947718239,444.2801248841601,42.0,1.0,742710.0,1.0,1565427.0,66564.0,2
2025-12-17 14:27:37.483343,11.894527865566603,1.805617739599164,0.5017069842789611,417.9788678002113,29.0,1.0,1081007.0,1.0,1971869.0,75265.0,3
2025-12-17 14:27:37.584640,11.90427219491021,1.811867078200697,0.4833609260215102,419.3465613636074,30.0,1.0,1249086.0,1.0,2348138.0,88632.0,4
2025-12-17 14:27:37.678621,11.914263325816878,1.8165609282712136,0.4566979840851516,428.7614364132099,35.0,1.0,831598.0,1.0,2410952.0,77357.0,5
2025-12-17 14:27:38.182562,11.98492525370927,1.8282284943540148,0.3303982653531062,418.03660726687,32.0,1.0,420611.0,1.0,1615484.0,76085.0,0
2025-12-17 14:27:38.279432,11.99548481816718,1.8317289252226487,0.3047301365163332,435.8875091273259,39.0,1.0,733964.0,1.0,1802102.0,71904.0,1
2025-12-17 14:27:38.380046,12.006213258996906,1.835574601145353,0.2846855422165272,425.2797988733091,33.0,1.0,724340.0,1.0,1573394.0,67814.0,2
2025-12-17 14:27:38.479781,12.016971294500626,1.8402754742472904,0.263703635440596,416.97399599010384,28.0,1.0,1061430.0,1.0,1944696.0,75367.0,3
2025-12-17 14:27:38.577705,12.02821414581123,1.843414229761617,0.2388574121563563,419.3437083013479,30.0,1.0,1247396.0,1.0,2373707.0,88632.0,4
2025-12-17 14:27:38.680733,12.039979623139974,1.84619033600935,0.2171017543529121,429.763111940983,35.0,1.0,807468.0,1.0,2408505.0,77253.0,5
2025-12-17 14:27:39.178398,12.083791662417848,1.8441564135023756,0.1014182035960471,415.03649812013333,30.0,1.0,423898.0,1.0,1581938.0,76291.0,0
2025-12-17 14:27:39.276738,12.09471482335579,1.8455160324393096,0.0769181464153829,415.88588291387447,30.0,1.0,732723.0,1.0,1808824.0,73354.0,1
2025-12-17 14:27:39.381691,12.106319381582328,1.845654752819016,0.0537264240785599,418.279472107891,30.0,1.0,734461.0,1.0,1559610.0,68252.0,2
2025-12-17 14:27:39.478068,12.117771390884425,1.8452266176479668,0.0319951303616192,422.9691151398184,31.0,1.0,1097226.0,1.0,1966537.0,74910.0,3
2025-12-17 14:27:39.577913,12.129135617654466,1.845470238713521,0.0119816166081398,419.3408347173463,30.0,1.0,1272124.0,1.0,2369694.0,88602.0,4
2025-12-17 14:27:39.681948,12.140380015911102,1.8448909768136588,-0.0119284555516672,428.7647859689752,35.0,1.0,834135.0,1.0,2429793.0,77357.0,5
2025-12-17 14:27:40.178857,12.175235575812922,1.8312333219041417,-0.1290054688011554,424.03638846670145,34.0,1.0,419900.0,1.0,1608391.0,75648.0,0
2025-12-17 14:27:40.276734,12.186425665538204,1.829317589444754,-0.1498121757791141,427.884252314092,35.0,1.0,735456.0,1.0,1794191.0,72515.0,1
2025-12-17 14:27:40.378710,12.198092754401856,1.8283419287628409,-0.1665669962584596,429.96471169795973,34.0,1.0,1079179.0,1.0,1977885.0,74404.0,3
2025-12-17 14:27:40.482754,12.208471173338236,1.8258552025724624,-0.189817966515175,404.3382351214407,21.0,1.0,1247396.0,1.0,2350523.0,90542.0,4
2025-12-17 14:27:40.584339,12.218479731652176,1.8226688743207955,-0.2184007822761436,428.7662947635837,35.0,1.0,810754.0,1.0,2409321.0,77305.0,5
2025-12-17 14:27:41.178374,12.2717747906363,1.8041008391181244,-0.3407424646390536,423.0362789165157,34.0,1.0,426633.0,1.0,1606759.0,75700.0,0
2025-12-17 14:27:41.276805,12.282909216757876,1.8007796054721208,-0.3605100689836974,429.8826215920141,36.0,1.0,733964.0,1.0,1776066.0,72368.0,1
2025-12-17 14:27:41.378683,12.29289661464718,1.796661889593615,-0.3884498169107744,421.27882063164367,32.0,1.0,736204.0,1.0,1550137.0,68044.0,2
2025-12-17 14:27:41.480089,12.303000091696344,1.792206960850736,-0.4141671723365133,408.9593268076361,25.0,1.0,1078449.0,1.0,1961884.0,75931.0,3
2025-12-17 14:27:41.578221,12.310370630862568,1.7900452771320836,-0.4293097000376176,430.33508785962573,35.0,1.0,1272986.0,1.0,2380949.0,87677.0,4
2025-12-17 14:27:41.677619,12.3108688610232,1.7897058537781927,-0.4287971174048664,409.76812272393516,26.0,1.0,818751.0,1.0,2415853.0,78757.0,5
2025-12-17 14:27:42.180495,12.358489984825674,1.762687393456405,-0.5561952648071661,423.0361690809234,34.0,1.0,424903.0,1.0,1616030.0,75751.0,0
2025-12-17 14:27:42.278266,12.368057686671044,1.7562731385363983,-0.5868300447600502,411.8809886033934,28.0,1.0,722137.0,1.0,1812501.0,73603.0,1
2025-12-17 14:27:42.380587,12.377248986237989,1.749882370617838,-0.6078748988477408,420.2784937817323,31.0,1.0,736951.0,1.0,1553814.0,68137.0,2
2025-12-17 14:27:42.484736,12.372034463537869,1.745969112063058,-0.6171003034227884,421.95441486187633,30.0,1.0,1074442.0,1.0,2006201.0,75036.0,3
2025-12-17 14:27:42.579684,12.354158866643008,1.7446678112636018,-0.6149229947851866,416.3322106700262,29.0,1.0,1241499.0,1.0,2369694.0,88872.0,4
2025-12-17 14:27:42.679538,12.363387818536827,1.73825576826375,-0.6406478572696828,435.76979792901295,38.0,1.0,825149.0,1.0,2410952.0,76783.0,5
2025-12-17 14:27:43.180735,12.404352065899957,1.702621319313634,-0.7663360576667914,419.03605945149457,32.0,1.0,422037.0,1.0,1625355.0,76033.0,0
2025-12-17 14:27:43.279439,12.413616029535572,1.694397389633247,-0.7807016054638447,434.8793560843874,39.0,1.0,740953.0,1.0,1806377.0,72001.0,1
2025-12-17 14:27:43.380441,12.424429146857817,1.6896546940323152,-0.7911338410254702,424.27816760058994,33.0,1.0,741204.0,1.0,1551187.0,67837.0,2
2025-12-17 14:27:43.481173,12.435215492599031,1.6877431231168032,-0.7825724876726922,436.9495430566581,37.0,1.0,1052843.0,1.0,1941407.0,73927.0,3
2025-12-17 14:27:43.583737,12.442765385358957,1.6800616760620208,-0.7993592076849485,429.32932603939184,35.0,1.0,1246974.0,1.0,2401180.0,87737.0,4
2025-12-17 14:27:43.681982,12.450960780619251,1.6727759081329676,-0.8191277690743777,428.77147401188887,35.0,1.0,829069.0,1.0,2401180.0,77305.0,5
2025-12-17 14:27:44.177401,12.487205540380488,1.6286071320587665,-0.9319424404346704,434.0359502137873,39.0,1.0,431132.0,1.0,1611661.0,74910.0,0
2025-12-17 14:27:44.278745,12.494542452485929,1.620649116932567,-0.9562350477959456,412.87772660972325,28.0,1.0,729260.0,1.0,1846556.0,73578.0,1
2025-12-17 14:27:44.379864,12.511528817261905,1.6142510843639606,-0.9564247299388652,411.2778415600522,27.0,1.0,743465.0,1.0,1578194.0,68739.0,2
2025-12-17 14:27:44.478088,12.51976217259132,1.6052504926007174,-0.972045835282203,418.9446689143901,29.0,1.0,1102810.0,1.0,1953932.0,75240.0,3
2025-12-17 14:27:44.578675,12.526303258982402,1.595484282785213,-1.0001213932080826,410.32646759602875,27.0,1.0,1262687.0,1.0,2369694.0,89355.0,4
2025-12-17 14:27:44.679816,12.52914329916685,1.5901320977596196,-1.0126229933201571,411.77314238686085,27.0,1.0,827107.0,1.0,2402806.0,78624.0,5
2025-12-17 14:27:45.179821,12.531777248445302,1.5858438937827746,-1.0269050878419972,418.03584034542365,32.0,1.0,423468.0,1.0,1630866.0,76111.0,0
2025-12-17 14:27:45.277989,12.54520419290078,1.5770453153700572,-1.0534665642772807,415.8760972361568,30.0,1.0,733716.0,1.0,1822343.0,73329.0,1
2025-12-17 14:27:45.378347,12.553682817220356,1.5653675533590796,-1.0655175224432476,433.27751582616946,37.0,1.0,728273.0,1.0,1560666.0,67266.0,2
2025-12-17 14:27:45.479802,12.561403267873985,1.5531944513021363,-1.0867070481626415,415.9397713087288,27.0,1.0,1082105.0,1.0,1947330.0,75469.0,3
2025-12-17 14:27:45.580354,12.568420857398522,1.54115673662929,-1.1106455026389133,433.32358978586416,37.0,1.0,1257995.0,1.0,2344961.0,87381.0,4
2025-12-17 14:27:45.678974,12.575580852008027,1.530007941173796,-1.134086077715631,436.77481297555624,38.0,1.0,801478.0,1.0,2402806.0,76757.0,5
2025-12-17 14:27:46.181007,12.595046999759155,1.4812507416291345,-1.250432601222349,419.03573061231026,32.0,1.0,429094.0,1.0,1594840.0,76008.0,0
2025-12-17 14:27:46.280031,12.597921065171056,1.470092116621581,-1.266542443759534,422.8744633001538,33.0,1.0,732475.0,1.0,1831618.0,72834.0,1
2025-12-17 14:27:46.378710,12.601994256152873,1.4586909633251786,-1.2741828984859342,428.27718947897665,35.0,1.0,735705.0,1.0,1550137.0,67562.0,2
2025-12-17 14:27:46.478295,12.605462704145404,1.447391018415571,-1.2722022405979054,419.9348894512629,30.0,1.0,1075897.0,1.0,1971202.0,75113.0,3
2025-12-17 14:27:46.581723,12.609819111678313,1.435792252565193,-1.2731822216842117,406.3207128663254,25.0,1.0,1266111.0,1.0,2373707.0,89718.0,4
2025-12-17 14:27:47.182353,12.649205094269336,1.3656777835073246,-1.2604880184385092,434.0356208616604,39.0,1.0,426200.0,1.0,1641943.0,74884.0,0
2025-12-17 14:27:47.277601,12.65294031543923,1.3541638888002223,-1.263721530428891,410.87283665622226,28.0,1.0,731237.0,1.0,1806988.0,73727.0,1
2025-12-17 14:27:47.379097,12.656349835722668,1.3431106013914924,-1.261740387983855,433.27686312395434,37.0,1.0,738949.0,1.0,1564367.0,67266.0,2
2025-12-17 14:27:47.477431,12.660099630173152,1.331676438338146,-1.2637285744669378,416.930004450025,28.0,1.0,1087981.0,1.0,1971869.0,75342.0,3
2025-12-17 14:27:47.578216,12.6640664945277,1.3203871318903475,-1.2656992467685697,410.3178499554684,26.0,1.0,1255443.0,1.0,2360888.0,89385.0,4
2025-12-17 14:27:47.679248,12.667014111804988,1.309625313836392,-1.264960289197555,426.7781574267162,34.0,1.0,812677.0,1.0,2386596.0,77488.0,5
2025-12-17 14:27:48.180025,12.684988753112188,1.2555695307874686,-1.263734187664297,400.0355115136924,23.0,1.0,428514.0,1.0,1661508.0,77541.0,0
2025-12-17 14:27:48.281609,12.688854296595752,1.244266284419803,-1.2662090684498404,425.87119951444737,35.0,1.0,738949.0,1.0,1812501.0,72613.0,1
2025-12-17 14:27:48.382785,12.69181331948228,1.23348212028265,-1.2635002306677616,423.27653569205086,33.0,1.0,745228.0,1.0,1554866.0,67929.0,2
2025-12-17 14:27:48.482744,12.695010048455472,1.2227439621017382,-1.266964299902445,423.925089248041,31.0,1.0,1072262.0,1.0,1949308.0,74884.0,3
2025-12-17 14:27:48.579226,12.698698459837,1.2117559335241648,-1.2652347927294754,407.3149740673317,25.0,1.0,1266111.0,1.0,2393877.0,89658.0,4
2025-12-17 14:27:48.677622,12.702532905098996,1.200740992498318,-1.2655137510278434,417.7798267045663,30.0,1.0,817367.0,1.0,2361687.0,78200.0,5
2025-12-17 14:27:49.181730,12.691864672763236,1.1498221308767054,-1.3131694896320771,422.03540172369503,33.0,1.0,431570.0,1.0,1625906.0,75828.0,0
2025-12-17 14:27:49.280654,12.69444073392507,1.1384363921895453,-1.335202270039602,418.8695704653715,31.0,1.0,735456.0,1.0,1817415.0,73156.0,1
2025-12-17 14:27:49.382120,12.696747592311205,1.1274993637890436,-1.3483002261361847,425.27620968022126,33.0,1.0,745733.0,1.0,1580867.0,67792.0,2
2025-12-17 14:27:49.477190,12.699967773109456,1.1157740316172813,-1.3532884264056435,414.9202271772708,27.0,1.0,1073351.0,1.0,1969868.0,75495.0,3
2025-12-17 14:27:49.580922,12.70224720910241,1.1048969267893636,-1.3577134434362863,422.31209620832635,32.0,1.0,1263970.0,1.0,2350523.0,88392.0,4
2025-12-17 14:27:49.682893,12.704895643354185,1.0935397568894718,-1.3591903147884856,431.7815075141764,36.0,1.0,816814.0,1.0,2409321.0,77122.0,5
2025-12-17 14:27:50.183436,12.71673463626757,1.036156574087105,-1.3683383995234886,431.035291933588,38.0,1.0,417915.0,1.0,1635287.0,75113.0,0
2025-12-17 14:27:50.278049,12.71895513309668,1.0248753034632632,-1.3668600748376585,421.8679441067961,32.0,1.0,727042.0,1.0,1833479.0,72958.0,1
2025-12-17 14:27:50.383143,12.721242020943729,1.0133009523192786,-1.368312190081516,422.27588311771746,32.0,1.0,741455.0,1.0,1559610.0,67975.0,2
2025-12-17 14:27:50.479683,12.72386406343573,1.0018980267686093,-1.3698010526155129,435.91532576290285,36.0,1.0,1083571.0,1.0,1976546.0,74027.0,3
2025-12-17 14:27:50.578824,12.725794192021317,0.9907569200754996,-1.3720347382156914,438.3092292494315,39.0,1.0,1233959.0,1.0,2355301.0,87027.0,4
2025-12-17 14:27:50.678176,12.728119820187386,0.979490615433674,-1.384376172380384,420.78317162388527,31.0,1.0,825429.0,1.0,2433085.0,77962.0,5
2025-12-17 14:27:51.181732,12.73417627862182,0.9239646181195128,-1.480311749077284,426.03518251722767,35.0,1.0,428804.0,1.0,1630866.0,75495.0,0
2025-12-17 14:27:51.278825,12.736502781977231,0.9119917029451194,-1.5052148842190087,429.8663122351407,36.0,1.0,736453.0,1.0,1816800.0,72343.0,1
2025-12-17 14:27:51.378705,12.743242356102996,0.8986244195411253,-1.510070532709844,426.275558336749,34.0,1.0,738449.0,1.0,1542287.0,67746.0,2
2025-12-17 14:27:51.478706,12.744739282256134,0.8871379394595316,-1.5248295193004335,417.3066439006655,30.0,1.0,1257144.0,1.0,2352115.0,88752.0,4
2025-12-17 14:27:51.582871,12.745040772588563,0.8757611731170218,-1.5517392259717446,425.7846842707737,34.0,1.0,799852.0,1.0,2407690.0,77541.0,5
2025-12-17 14:27:52.177955,12.740498274304072,0.8090089488877634,-1.6483524400567888,431.0350733280746,38.0,1.0,430841.0,1.0,1638612.0,75138.0,0
2025-12-17 14:27:52.276854,12.740317071167023,0.7968933297581771,-1.6473683281276164,415.2752653347038,29.0,1.0,726796.0,1.0,1583009.0,68437.0,2
2025-12-17 14:27:52.377958,12.739378702734566,0.7845811208849511,-1.646383443104069,414.90604466831223,27.0,1.0,1069001.0,1.0,1973872.0,75495.0,3
2025-12-17 14:27:52.476906,12.738984096560657,0.7724910737781787,-1.6461209285127174,443.3037760856207,41.0,1.0,1262687.0,1.0,2352911.0,86557.0,4
2025-12-17 14:27:52.578935,12.737982086210462,0.7572134066757688,-1.643260729705923,432.7863496863119,37.0,1.0,796610.0,1.0,2402806.0,77070.0,5
2025-12-17 14:27:53.181064,12.734063666287732,0.6738422626334017,-1.638728335188224,428.8632104322339,36.0,1.0,734959.0,1.0,1820493.0,72441.0,1
2025-12-17 14:27:53.279352,12.733704881303918,0.6621884316363111,-1.638967947881972,443.2749382910126,42.0,1.0,744220.0,1.0,1551187.0,66609.0,2
2025-12-17 14:27:53.378131,12.73293933868936,0.6511434558327505,-1.6414504046917824,409.90115459694744,25.0,1.0,1100573.0,1.0,1978554.0,75853.0,3
2025-12-17 14:27:53.478963,12.732178635881857,0.6401818342511536,-1.6384801839756225,411.30089718946726,27.0,1.0,1253320.0,1.0,2392257.0,89325.0,4
2025-12-17 14:27:53.577918,12.731356764057823,0.6287531212066604,-1.6387343760492648,442.78801998240783,41.0,1.0,822640.0,1.0,2399555.0,76317.0,5
2025-12-17 14:27:54.179096,12.726978601303614,0.5593187832294095,-1.643180909602553,411.03485399676924,29.0,1.0,423611.0,1.0,1627557.0,76602.0,0
2025-12-17 14:27:54.277384,12.726598000458278,0.5474172444415544,-1.6431868035758952,429.8614227659298,36.0,1.0,740953.0,1.0,1806988.0,72343.0,1
2025-12-17 14:27:54.380250,12.72562530241833,0.5355527307860122,-1.6471415102854223,435.27457914641025,38.0,1.0,732971.0,1.0,1551712.0,67152.0,2
2025-12-17 14:27:54.479831,12.724790412296842,0.5233247881262226,-1.6456681513175109,425.8957681371824,32.0,1.0,1067554.0,1.0,1973872.0,74707.0,3
2025-12-17 14:27:54.581439,12.723784515171031,0.5123803140504428,-1.6456763398475562,427.29772979089046,34.0,1.0,1264826.0,1.0,2362487.0,87915.0,4
2025-12-17 14:27:54.679438,12.72191650709908,0.5013541748540771,-1.6451493680599272,420.78986172001066,31.0,1.0,804195.0,1.0,2395498.0,77935.0,5
2025-12-17 14:27:55.183401,12.717093390413488,0.4436269776470478,-1.643903088247619,439.03474392180374,42.0,1.0,430549.0,1.0,1614937.0,74530.0,0
2025-12-17 14:27:55.281631,12.716283728024315,0.4320001770287547,-1.6436363243051504,417.8597852344399,31.0,1.0,732723.0,1.0,1827902.0,73230.0,1
2025-12-17 14:27:55.380866,12.715681406970967,0.4209161274471391,-1.640180051930805,426.27425271668153,34.0,1.0,717751.0,1.0,1561722.0,67723.0,2
2025-12-17 14:27:55.480045,12.71219937082964,0.4072336069913085,-1.6433241782565122,431.8908778653594,35.0,1.0,1092039.0,1.0,1983919.0,74253.0,3
2025-12-17 14:27:55.577180,12.709541733584595,0.3947725581759975,-1.6431354770818445,437.29486904051925,38.0,1.0,1244023.0,1.0,2319701.0,87115.0,4
2025-12-17 14:27:55.677694,12.70825986406219,0.3830739251324893,-1.644867629257723,425.79153080056517,33.0,1.0,825429.0,1.0,2360888.0,77567.0,5
2025-12-17 14:27:56.181524,12.707739957747329,0.3607650990920383,-1.644864249875457,426.03463452440474,35.0,1.0,426344.0,1.0,1622607.0,75520.0,0
2025-12-17 14:27:56.277327,12.707666496791832,0.3604302517715485,-1.6446124017335086,438.8581616462646,40.0,1.0,711463.0,1.0,1800883.0,71758.0,1
2025-12-17 14:27:56.378085,12.705871345222434,0.351607720485191,-1.6456003619987,434.273927395152,38.0,1.0,732228.0,1.0,1539159.0,67175.0,2
2025-12-17 14:27:56.478332,12.704349909842245,0.3407707478558262,-1.644885084060222,409.885997015074,25.0,1.0,1073715.0,1.0,1989298.0,75853.0,3
2025-12-17 14:27:56.577974,12.703717414377836,0.3269815163453025,-1.6424093735648408,421.29199377294765,31.0,1.0,1260979.0,1.0,2373707.0,88422.0,4
2025-12-17 14:27:56.680192,12.703301651339796,0.313244894118128,-1.6404371144133578,411.7932069737289,27.0,1.0,802564.0,1.0,2390638.0,78651.0,5
2025-12-17 14:27:57.180765,12.699269954886072,0.2549743311394579,-1.6412321986346363,415.03452500446946,30.0,1.0,432009.0,1.0,1623706.0,76291.0,0
2025-12-17 14:27:57.282353,12.698121676609894,0.2440903022017515,-1.642185255131662,437.85652284453244,40.0,1.0,750544.0,1.0,1789339.0,71806.0,1
2025-12-17 14:27:57.382703,12.697470547742352,0.2318898590464346,-1.6453861179325209,436.27359965985573,39.0,1.0,742208.0,1.0,1571266.0,67061.0,2
2025-12-17 14:27:57.477842,12.695879650450015,0.2205302753144202,-1.6424871502657326,408.8811101852657,25.0,1.0,1069001.0,1.0,1975878.0,75931.0,3
2025-12-17 14:27:57.580014,12.694709909451827,0.2089265462427416,-1.6427118888771146,421.289114925635,31.0,1.0,1245708.0,1.0,2344961.0,88452.0,4
2025-12-17 14:27:57.678662,12.694244419964107,0.1971964297329353,-1.641220383505836,409.7948764120907,26.0,1.0,827107.0,1.0,2376923.0,78757.0,5
2025-12-17 14:27:58.183229,12.689286258452778,0.1409824970607562,-1.6479458231704394,419.03441513128325,32.0,1.0,426922.0,1.0,1633628.0,75982.0,0
2025-12-17 14:27:58.281384,12.688568294584504,0.1291955147311174,-1.6499221841416345,414.8548938182851,29.0,1.0,746743.0,1.0,1844058.0,73453.0,1
2025-12-17 14:27:58.379992,12.688504852429036,0.1170998470348685,-1.6501555393316956,425.2732743154902,33.0,1.0,739700.0,1.0,1559082.0,67792.0,2
2025-12-17 14:27:58.479048,12.687976683660397,0.1054902359307234,-1.648169790977846,435.87621506333096,37.0,1.0,1079910.0,1.0,1973204.0,74002.0,3
2025-12-17 14:27:58.580055,12.687505573939266,0.0938005152425098,-1.6469429689366064,404.28624182142215,22.0,1.0,1263970.0,1.0,2360888.0,90236.0,4
2025-12-17 14:27:58.676375,12.68662177213008,0.0826901835408531,-1.645260109905616,414.79654458475113,29.0,1.0,803923.0,1.0,2415036.0,78359.0,5
2025-12-17 14:27:59.181141,12.730216028353588,0.0222922388800306,-1.6342122839668027,418.0343057570105,32.0,1.0,429676.0,1.0,1619316.0,76085.0,0
2025-12-17 14:27:59.276823,12.729656724763624,0.0104970064245168,-1.636186561741812,426.8532706491756,35.0,1.0,742459.0,1.0,1807600.0,72539.0,1
2025-12-17 14:27:59.379886,12.729162824118312,-0.00061896296965,-1.635945519597325,416.8718106631841,28.0,1.0,1066110.0,1.0,1975878.0,75342.0,3
2025-12-17 14:27:59.479533,12.728134464475067,-0.0128390485473772,-1.635203342884303,420.2836576333427,31.0,1.0,1252048.0,1.0,2348933.0,88512.0,4
2025-12-17 14:27:59.578859,12.727477532950743,-0.0246261735200228,-1.63322229030287,424.7980535348553,33.0,1.0,809384.0,1.0,2403619.0,77672.0,5
2025-12-17 14:28:00.181588,12.723681166878809,-0.0927644376585608,-1.6349424329883435,427.03419610489385,36.0,1.0,435975.0,1.0,1626456.0,75393.0,0
2025-12-17 14:28:00.280260,12.723456144682856,-0.1021935239800608,-1.6354380921728406,423.8516344384769,33.0,1.0,740702.0,1.0,1814956.0,72810.0,1
2025-12-17 14:28:00.377825,12.723439470309248,-0.1031946963282877,-1.6337073253663164,442.2726225648844,42.0,1.0,737950.0,1.0,1574460.0,66654.0,2
2025-12-17 14:28:00.478105,12.723339089278744,-0.1032831799923403,-1.6332157953516788,421.86644122281314,30.0,1.0,1095741.0,1.0,1986606.0,75036.0,3
2025-12-17 14:28:00.578855,12.723250292990372,-0.1031825440652625,-1.6327228035401251,412.2804992961651,27.0,1.0,1223562.0,1.0,2352115.0,89204.0,4
2025-12-17 14:28:00.682209,12.723250292990372,-0.1031825440652625,-1.6327228035401251,434.7998983322117,38.0,1.0,829911.0,1.0,2441334.0,76861.0,5
2025-12-17 14:28:01.176853,12.719321848367434,-0.1426424866826234,-1.6376512052115813,428.03408702074057,36.0,1.0,425335.0,1.0,1651976.0,75342.0,0
2025-12-17 14:28:01.280142,12.71859769518315,-0.1570699540740321,-1.6383971325825537,431.85000402458354,37.0,1.0,724095.0,1.0,1825429.0,72196.0,1
2025-12-17 14:28:01.380596,12.71793735270137,-0.1696219761515838,-1.6364280815281498,421.2722954321327,32.0,1.0,728520.0,1.0,1572330.0,68067.0,2
2025-12-17 14:28:01.480397,12.717437441761458,-0.1810634629312186,-1.6283045946678645,422.86154079117944,31.0,1.0,1082105.0,1.0,1977216.0,74910.0,3
2025-12-17 14:28:01.579445,12.716342929409873,-0.1911388692501976,-1.6084615648076128,436.2776246146827,38.0,1.0,1260126.0,1.0,2368090.0,87145.0,4
2025-12-17 14:28:01.683342,12.71589661317688,-0.2010854418503065,-1.5864404265486145,413.80157222310015,28.0,1.0,815433.0,1.0,2434732.0,78465.0,5
2025-12-17 14:28:02.179485,12.719306285776344,-0.2567336970148961,-1.4717138864832542,417.0339771291411,31.0,1.0,431717.0,1.0,1614390.0,76162.0,0
2025-12-17 14:28:02.278866,12.72054624014698,-0.2672289599097723,-1.4466430922663207,439.8483754989323,41.0,1.0,737201.0,1.0,1805766.0,71661.0,1
2025-12-17 14:28:02.379037,12.719516344910147,-0.2781051915834673,-1.421911627547269,426.2719697119516,34.0,1.0,731484.0,1.0,1564367.0,67746.0,2
2025-12-17 14:28:02.480206,12.719356474375203,-0.2888392978857848,-1.3909622082576003,428.8566524994928,33.0,1.0,1077719.0,1.0,1966537.0,74505.0,3
2025-12-17 14:28:02.580718,12.72080059401367,-0.3000929969914168,-1.3716461124856425,432.2747479709506,36.0,1.0,1264826.0,1.0,2354504.0,87529.0,4
2025-12-17 14:28:02.679918,12.722381236882942,-0.3116991179881907,-1.3560273434499457,441.80323849470057,41.0,1.0,818474.0,1.0,2401180.0,76395.0,5
2025-12-17 14:28:03.180906,12.737434679977344,-0.3660176236318229,-1.2494751098010777,419.03386737027097,32.0,1.0,426777.0,1.0,1643611.0,75982.0,0
2025-12-17 14:28:03.277193,12.741259551597796,-0.3757006001259189,-1.2222111936762383,410.8467476206318,28.0,1.0,737201.0,1.0,1851563.0,73702.0,1
2025-12-17 14:28:03.379396,12.748877903386807,-0.3797723742086205,-1.1932112827128536,432.2716433660637,37.0,1.0,727534.0,1.0,1554340.0,67334.0,2
2025-12-17 14:28:03.476762,12.757367277136932,-0.3870433489352507,-1.1707029585256543,423.85178011245677,31.0,1.0,1094259.0,1.0,1973872.0,74859.0,3
2025-12-17 14:28:03.577253,12.763053850051458,-0.3978536816695044,-1.1509236979683322,432.27188493942816,36.0,1.0,1267397.0,1.0,2406061.0,87499.0,4
2025-12-17 14:28:03.681209,12.768340828769675,-0.4080597480904799,-1.1262855554319822,426.8049126497645,34.0,1.0,820138.0,1.0,2397120.0,77514.0,5
2025-12-17 14:28:04.183683,12.794611841300238,-0.4574883229229307,-1.0167959581729589,425.033757462779,35.0,1.0,429676.0,1.0,1619316.0,75572.0,0
2025-12-17 14:28:04.276568,12.799199078428732,-0.4678165491364687,-0.9914881374813664,414.8451180334559,30.0,1.0,738449.0,1.0,1840940.0,73404.0,1
2025-12-17 14:28:04.377105,12.80306411780028,-0.4775445932341213,-0.9701797925385334,421.27131788468205,32.0,1.0,737201.0,1.0,1554340.0,68067.0,2
2025-12-17 14:28:04.478512,12.806062418721812,-0.4890376514012278,-0.9386262269895724,434.84688233078333,36.0,1.0,1069725.0,1.0,1972537.0,74103.0,3
2025-12-17 14:28:04.578975,12.811482938051824,-0.4980541303458761,-0.9144018645759076,426.8064137113891,34.0,1.0,818751.0,1.0,2391448.0,77514.0,5
2025-12-17 14:28:05.181545,12.857469228011812,-0.5502144085373359,-0.7937982222319587,417.0336480939864,31.0,1.0,432887.0,1.0,1631970.0,76136.0,0
2025-12-17 14:28:05.278845,12.865810859908445,-0.5576947329555626,-0.7717756979004263,401.84348371426046,23.0,1.0,741706.0,1.0,1839694.0,74505.0,1
2025-12-17 14:28:05.382038,12.87129003052047,-0.5601204131176925,-0.759370654753115,425.27099004662375,33.0,1.0,734461.0,1.0,1561722.0,67792.0,2
2025-12-17 14:28:05.477405,12.875708330162771,-0.5469103655862799,-0.7452097032354171,422.8419985176272,31.0,1.0,1090562.0,1.0,1989298.0,74960.0,3
2025-12-17 14:28:05.582788,12.875966351006683,-0.5440184402336854,-0.7389006006078297,421.2661230646076,31.0,1.0,1266111.0,1.0,2358492.0,88422.0,4
2025-12-17 14:28:05.678541,12.875966351006683,-0.5440184402336854,-0.7389006006078297,420.8082521819107,31.0,1.0,822361.0,1.0,2423223.0,77935.0,5
2025-12-17 14:28:06.177863,12.898757142872109,-0.5651051121587969,-0.6544998740164198,417.03353889442104,31.0,1.0,425911.0,1.0,1639166.0,76188.0,0
2025-12-17 14:28:06.277301,12.908612688492935,-0.571710388963,-0.6236187878527785,431.8418556256117,37.0,1.0,730248.0,1.0,1827902.0,72221.0,1
2025-12-17 14:28:06.382274,12.919032008253293,-0.5793662175129519,-0.6002592212224459,426.270663740862,34.0,1.0,730742.0,1.0,1542287.0,67700.0,2
2025-12-17 14:28:06.477940,12.92927710734652,-0.5875030632441955,-0.5826310358161426,414.8371066763628,27.0,1.0,1091300.0,1.0,1952610.0,75520.0,3
2025-12-17 14:28:06.578762,12.939691545493435,-0.5938286544006974,-0.56681226775261,404.26326164483055,23.0,1.0,1218603.0,1.0,2340204.0,89992.0,4
2025-12-17 14:28:06.679485,12.948961481549556,-0.5999236243541386,-0.5433392009714963,431.80992575679187,36.0,1.0,802292.0,1.0,2462911.0,77122.0,5
2025-12-17 14:28:07.182388,12.975645359152004,-0.5982198435021377,-0.4035672047491438,414.03342879534284,30.0,1.0,431863.0,1.0,1612206.0,76395.0,0
2025-12-17 14:28:07.280014,12.986515128120676,-0.6029045545552751,-0.3771408995199269,419.8402205954719,32.0,1.0,733716.0,1.0,1789945.0,73057.0,1
2025-12-17 14:28:07.381885,12.997856668161395,-0.60643060112052,-0.3546526512784901,422.2703376389932,32.0,1.0,746238.0,1.0,1552763.0,67975.0,2
2025-12-17 14:28:07.479281,13.0087397734173,-0.6100494178743752,-0.3293512884952279,427.83221089438257,33.0,1.0,1075169.0,1.0,1965872.0,74606.0,3
2025-12-17 14:28:07.590395,13.019876408455058,-0.6141211374590725,-0.3093225488103021,428.26035523695913,34.0,1.0,1250778.0,1.0,2367289.0,87885.0,4
2025-12-17 14:28:07.680691,13.030988006493027,-0.617231513946809,-0.2883768994741765,420.8115997697361,31.0,1.0,818197.0,1.0,2390638.0,77909.0,5
2025-12-17 14:28:08.182304,13.044198703179664,-0.6036982602124912,-0.1491156014705165,433.0333192014254,39.0,1.0,426344.0,1.0,1626456.0,74960.0,0
2025-12-17 14:28:08.279177,13.05494589024359,-0.605416351919974,-0.1272833165531134,411.83859135398455,28.0,1.0,730990.0,1.0,1836584.0,73628.0,1
2025-12-17 14:28:08.380413,13.06681556732482,-0.6077163552637224,-0.1085386314956339,427.2700118904302,34.0,1.0,733468.0,1.0,1571797.0,67654.0,2
2025-12-17 14:28:08.478692,13.078511568360874,-0.6087305213208865,-0.0896848820528704,432.8273245486077,35.0,1.0,1097226.0,1.0,1981905.0,74228.0,3
2025-12-17 14:28:08.579899,13.09035889818805,-0.6100173928812662,-0.0638087724788831,424.2575124054042,33.0,1.0,1253320.0,1.0,2358492.0,88153.0,4
2025-12-17 14:28:09.178719,13.143985791891197,-0.594664861274433,0.0817760177814523,432.03320999122855,38.0,1.0,426777.0,1.0,1636949.0,75036.0,0
2025-12-17 14:28:09.278733,13.155036588925412,-0.5922480270443806,0.1079699540081576,435.8369614716689,39.0,1.0,736951.0,1.0,1816185.0,71977.0,1
2025-12-17 14:28:09.378885,13.165996538947898,-0.5900778008364309,0.1386342977881948,423.269686160136,33.0,1.0,747755.0,1.0,1550137.0,67906.0,2
2025-12-17 14:28:09.480978,13.177372700308515,-0.5889634863622017,0.1599490474403141,424.82242414630934,32.0,1.0,1064668.0,1.0,1953271.0,74808.0,3
2025-12-17 14:28:09.577882,13.189252976878482,-0.5874603602452577,0.176236989035118,433.2546452137974,37.0,1.0,1238561.0,1.0,2402806.0,87440.0,4
2025-12-17 14:28:09.677129,13.20012985824043,-0.585713264863978,0.1923539571245039,421.8149378071174,32.0,1.0,814605.0,1.0,2394687.0,77830.0,5
2025-12-17 14:28:10.180748,13.18478729112108,-0.5647764907680735,0.2527081683724817,424.0331001657197,34.0,1.0,429676.0,1.0,1613844.0,75648.0,0
2025-12-17 14:28:10.281710,13.19077206337639,-0.5649217861155336,0.2667690331911419,415.83532601104906,30.0,1.0,740953.0,1.0,1850310.0,73354.0,1
2025-12-17 14:28:10.380048,13.20042205990627,-0.5625305240266858,0.2957008941394951,418.2693595519602,30.0,1.0,746491.0,1.0,1572862.0,68252.0,2
2025-12-17 14:28:10.477416,13.212916663897763,-0.5569566972094098,0.3212274998662948,430.8175523362019,34.0,1.0,1077719.0,1.0,1971869.0,74354.0,3
2025-12-17 14:28:10.577530,13.225879369813514,-0.5516604214927252,0.3467396132470043,440.25177323866825,40.0,1.0,1273848.0,1.0,2368892.0,86850.0,4
2025-12-17 14:28:10.678127,13.238070648872329,-0.5477083106512843,0.3697168040585303,414.81661147228635,29.0,1.0,804740.0,1.0,2399555.0,78359.0,5
2025-12-17 14:28:11.178747,13.255333080401572,-0.5110011762673459,0.4810483347313412,421.0329907819115,33.0,1.0,426344.0,1.0,1629211.0,75853.0,0
2025-12-17 14:28:11.283649,13.264335778108492,-0.5063021161419936,0.5086546907543162,436.2690647713158,38.0,1.0,728766.0,1.0,1553814.0,67084.0,2
2025-12-17 14:28:11.383090,13.27385553795899,-0.502327730325236,0.5430197322063749,426.8131242917604,33.0,1.0,1078814.0,1.0,1985934.0,74631.0,3
2025-12-17 14:28:11.479635,13.284126389496414,-0.497744797250375,0.5629959024554217,420.2491815032535,31.0,1.0,1228126.0,1.0,2300156.0,88572.0,4
2025-12-17 14:28:11.578858,13.29463868609226,-0.4914929215497192,0.5783755643939978,444.81811749138063,42.0,1.0,824033.0,1.0,2402806.0,76136.0,5
2025-12-17 14:28:12.178990,13.33686129792516,-0.4397874123303964,0.722787272620224,401.83223229431894,23.0,1.0,725812.0,1.0,1826047.0,74480.0,1
2025-12-17 14:28:12.281808,13.345973013953824,-0.4334609975736985,0.7467990189027415,413.2687391431312,28.0,1.0,737950.0,1.0,1542287.0,68553.0,2
2025-12-17 14:28:12.385189,13.35472672318453,-0.4253883272875072,0.7621254517627755,426.80822480374724,33.0,1.0,1079910.0,1.0,1969202.0,74631.0,3
2025-12-17 14:28:12.477137,13.363149813808572,-0.4161863604886466,0.7824043441719127,421.2463156935532,31.0,1.0,1267397.0,1.0,2377728.0,88452.0,4
2025-12-17 14:28:12.580582,13.371284252641852,-0.4070369299124792,0.8070232670623629,425.81979237041907,33.0,1.0,791236.0,1.0,2419126.0,77567.0,5
2025-12-17 14:28:13.179463,13.425234016096612,-0.3369909966726236,0.945417897219218,411.0327714971875,29.0,1.0,434208.0,1.0,1619864.0,76576.0,0
2025-12-17 14:28:13.277919,13.431424868317684,-0.3283432666931105,0.9714190056778412,429.83044037376294,36.0,1.0,743717.0,1.0,1811275.0,72343.0,1
2025-12-17 14:28:13.378294,13.438035484963152,-0.3204273395457129,1.0007344865414924,422.26838143785017,32.0,1.0,740702.0,1.0,1559082.0,67975.0,2
2025-12-17 14:28:13.477969,13.445003358087774,-0.3100983194255882,1.0200006598030604,409.80288195587394,25.0,1.0,1097969.0,1.0,1952610.0,75905.0,3
2025-12-17 14:28:13.579382,13.450573889025916,-0.2995087365428528,1.0405258068325154,414.24314895863625,28.0,1.0,1244865.0,1.0,2358492.0,89023.0,4
2025-12-17 14:28:13.679603,13.454879518944384,-0.2890647433869677,1.068011814644752,403.82162992970257,24.0,1.0,799852.0,1.0,2380143.0,79212.0,5
2025-12-17 14:28:14.178093,13.47973341539772,-0.2147278260197929,1.2040183373899356,425.0326620442197,35.0,1.0,421181.0,1.0,1625906.0,75597.0,0
2025-12-17 14:28:14.280349,13.479755058344535,-0.2121507035870973,1.2067115684560623,422.82880580508476,33.0,1.0,734710.0,1.0,1844058.0,72859.0,1
2025-12-17 14:28:14.379690,13.479962627290387,-0.2118848524700265,1.2062735778769929,432.268054753663,37.0,1.0,746238.0,1.0,1565427.0,67311.0,2
2025-12-17 14:28:14.478461,13.479962627290387,-0.2118848524700265,1.2062735778769929,409.24056591687844,26.0,1.0,1269973.0,1.0,2395498.0,89506.0,4
2025-12-17 14:28:14.578639,13.479962627290387,-0.2118848524700265,1.2062735778769929,438.8231331147627,39.0,1.0,819583.0,1.0,2339412.0,76602.0,5
2025-12-17 14:28:15.177404,13.520654218852028,-0.1377349131289698,1.3374992756999855,414.0325525166122,30.0,1.0,427211.0,1.0,1616030.0,76420.0,0
2025-12-17 14:28:15.280375,13.523190183642402,-0.1262923039568662,1.3599703588464194,424.8271751563841,34.0,1.0,733468.0,1.0,1819261.0,72711.0,1
2025-12-17 14:28:15.378746,13.525116533411682,-0.1157419309675678,1.3828037577059278,437.2677288328512,39.0,1.0,745986.0,1.0,1549613.0,67016.0,2
2025-12-17 14:28:15.477326,13.52637517345388,-0.1053749092893028,1.4038122181098505,428.79310664858843,34.0,1.0,1079910.0,1.0,1957241.0,74505.0,3
2025-12-17 14:28:15.581277,13.528645387750355,-0.0943959995547381,1.420582170543114,416.23739754148625,29.0,1.0,1278166.0,1.0,2369694.0,88842.0,4
2025-12-17 14:28:15.682365,13.530017065158832,-0.0834052596467476,1.4321930819015258,420.82497854078986,31.0,1.0,823197.0,1.0,2388212.0,77909.0,5
2025-12-17 14:28:16.182362,13.53853634799802,-0.0261872677540804,1.441358926628726,433.03244237007584,39.0,1.0,429676.0,1.0,1623706.0,74960.0,0
2025-12-17 14:28:16.277775,13.542610204605062,-0.0111968356106135,1.445061675156662,424.82554878965567,34.0,1.0,736204.0,1.0,1826665.0,72711.0,1
2025-12-17 14:28:16.380054,13.557030618771714,0.0147141085276931,1.4453033527780597,440.2674021773722,41.0,1.0,722626.0,1.0,1574993.0,66789.0,2
2025-12-17 14:28:16.480038,13.5602651232418,0.0272202885703283,1.4477100643216192,421.78820416348003,31.0,1.0,1095000.0,1.0,1976546.0,74986.0,3
2025-12-17 14:28:16.580529,13.5624660676927,0.0388315838207589,1.4472114257085722,411.2345267040597,27.0,1.0,1245287.0,1.0,2337038.0,89294.0,4
2025-12-17 14:28:16.676542,13.564057409117634,0.0507350918608686,1.444244899250782,440.82664080127057,40.0,1.0,824870.0,1.0,2418307.0,76472.0,5
2025-12-17 14:28:17.179073,13.570290951296789,0.107277501427772,1.5215983006765628,430.03233312743646,37.0,1.0,418623.0,1.0,1628108.0,75240.0,0
2025-12-17 14:28:17.277098,13.570419884534072,0.1185174641391313,1.5304931964427897,419.8239192872713,31.0,1.0,742208.0,1.0,1797838.0,73106.0,1
2025-12-17 14:28:17.379711,13.570200257437232,0.1304261789784391,1.5384001169569073,421.26707606049695,32.0,1.0,758717.0,1.0,1549088.0,68044.0,2
2025-12-17 14:28:17.478557,13.570895158175968,0.1424294314347705,1.5411131193808976,424.7833221788943,32.0,1.0,1090562.0,1.0,1965872.0,74808.0,3
2025-12-17 14:28:17.578776,13.57104801343974,0.1535065694926523,1.5391309762612688,411.2316587539845,27.0,1.0,1252896.0,1.0,2365687.0,89325.0,4
2025-12-17 14:28:17.677215,13.571851359480968,0.1645277375409168,1.542588009830148,435.8283139230407,38.0,1.0,815985.0,1.0,2403619.0,76835.0,5
2025-12-17 14:28:18.184085,13.573241419205145,0.222042482455123,1.5485471529048869,417.0322229749815,31.0,1.0,433327.0,1.0,1631970.0,76136.0,0
2025-12-17 14:28:18.277765,13.57414365415038,0.2346120768101904,1.548799970649526,421.822287593352,33.0,1.0,734213.0,1.0,1832858.0,72908.0,1
2025-12-17 14:28:18.378990,13.574245689688484,0.2458005932780853,1.550522334456614,403.2667500669361,21.0,1.0,741957.0,1.0,1564367.0,69629.0,2
2025-12-17 14:28:18.478285,13.57481931756563,0.257388104806445,1.54779424512129,425.77843428323484,32.0,1.0,1069001.0,1.0,1961220.0,74758.0,3
2025-12-17 14:28:18.579003,13.574829714299536,0.2680918477025518,1.5480376466736168,422.2287851153962,32.0,1.0,1263970.0,1.0,2356896.0,88392.0,4
2025-12-17 14:28:18.678959,13.575364065543894,0.2794088185747085,1.5490102574496314,425.82998883551903,33.0,1.0,825429.0,1.0,2410952.0,77567.0,5
2025-12-17 14:28:19.179172,13.5567096040706,0.3441972668189059,1.563882020422771,433.0321139103376,39.0,1.0,427789.0,1.0,1639721.0,74986.0,0
2025-12-17 14:28:19.282082,13.556661866065308,0.3561398478510202,1.562647409837996,424.8206499477197,34.0,1.0,744724.0,1.0,1806988.0,72711.0,1
2025-12-17 14:28:19.378964,13.557037338696016,0.3671261158023498,1.5631442011893504,440.77403066047486,39.0,1.0,1095000.0,1.0,1982576.0,73653.0,3
2025-12-17 14:28:19.480182,13.557036000756556,0.3790269592554693,1.5606785364684312,427.22619604036686,34.0,1.0,1247818.0,1.0,2373707.0,87974.0,4
2025-12-17 14:28:19.580510,13.55589784183422,0.3901641056288021,1.5671118716452803,424.8314962256504,33.0,1.0,818474.0,1.0,2361687.0,77646.0,5
2025-12-17 14:28:20.177810,13.556138862019344,0.4601396860133473,1.5626144548598768,423.032004456493,34.0,1.0,436270.0,1.0,1616030.0,75751.0,0
2025-12-17 14:28:20.277667,13.55613935282601,0.4713491356752914,1.563612012419182,421.81902654054164,32.0,1.0,743213.0,1.0,1813728.0,72958.0,1
2025-12-17 14:28:20.381532,13.556391457658378,0.4829821901432822,1.5655674660276235,427.266096780119,34.0,1.0,742710.0,1.0,1579797.0,67654.0,2
2025-12-17 14:28:20.482112,13.556111961388496,0.4949143323790448,1.5641489234130412,425.7686371211112,32.0,1.0,1070449.0,1.0,1982576.0,74732.0,3
2025-12-17 14:28:20.583006,13.556744506156416,0.5058597527467281,1.5670925944226834,404.2230276419908,22.0,1.0,1270833.0,1.0,2344961.0,90236.0,4
2025-12-17 14:28:20.680070,13.556892265531133,0.5175764201700321,1.5646348253267948,430.83333468614006,36.0,1.0,811303.0,1.0,2432261.0,77200.0,5
2025-12-17 14:28:21.182459,13.556418076423348,0.5738788748650041,1.5586852112416922,423.031894343824,34.0,1.0,428369.0,1.0,1609480.0,75751.0,0
2025-12-17 14:28:21.277921,13.557539979753884,0.5849489997479633,1.5628147651530533,415.8173955200628,30.0,1.0,732971.0,1.0,1841563.0,73379.0,1
2025-12-17 14:28:21.380057,13.557817406791882,0.5969556570127601,1.5618456656598707,423.2657710325347,33.0,1.0,739951.0,1.0,1578194.0,67929.0,2
2025-12-17 14:28:21.479712,13.55779272443797,0.6083076019691411,1.5606031668924534,425.7637596297238,32.0,1.0,1085407.0,1.0,1979894.0,74758.0,3
2025-12-17 14:28:21.581699,13.558551044808308,0.6194902200068348,1.565103999698818,429.22015841056367,35.0,1.0,1284237.0,1.0,2331508.0,87796.0,4
2025-12-17 14:28:21.678675,13.558769743133258,0.63112172778097,1.5599068994915786,404.83500435022137,24.0,1.0,830754.0,1.0,2419945.0,79185.0,5
2025-12-17 14:28:22.183326,13.56350190351949,0.712662075319999,1.5927015604344346,407.031784645674,27.0,1.0,426488.0,1.0,1666577.0,76887.0,0
2025-12-17 14:28:22.288393,13.563401067626124,0.728063541944568,1.5980770323086713,429.8157478380487,36.0,1.0,728273.0,1.0,1822343.0,72392.0,1
2025-12-17 14:28:22.380265,13.563527403908733,0.7357472423902749,1.5944153836524493,411.26544473590735,27.0,1.0,738449.0,1.0,1566487.0,68716.0,2
2025-12-17 14:28:22.478106,13.56370998927159,0.7467384430377741,1.5947152587996636,429.7588782562912,34.0,1.0,1074442.0,1.0,1965872.0,74404.0,3
2025-12-17 14:28:22.582742,13.5636973153999,0.7583221357301628,1.596645681524734,417.21728242761844,30.0,1.0,1265254.0,1.0,2362487.0,88782.0,4
2025-12-17 14:28:22.680317,13.56335907986225,0.7700758215165706,1.5939431121528853,423.8366790921561,32.0,1.0,808015.0,1.0,2435556.0,77751.0,5
2025-12-17 14:28:23.180264,13.560980332575031,0.8289079888737625,1.598374830510909,432.03167537815466,38.0,1.0,434502.0,1.0,1615484.0,75036.0,0
2025-12-17 14:28:23.276440,13.56098936063672,0.8402577893400984,1.6001108388349676,424.814136722381,34.0,1.0,732723.0,1.0,1789945.0,72687.0,1
2025-12-17 14:28:23.377993,13.560480857122608,0.8516693018905102,1.5956563734924771,431.2651192483274,36.0,1.0,744220.0,1.0,1565427.0,67403.0,2
2025-12-17 14:28:23.477351,13.560302765042447,0.8627051647733932,1.6000657272738843,423.7539927221277,31.0,1.0,1066832.0,1.0,2021195.0,74884.0,3
2025-12-17 14:28:23.581177,13.560537826855551,0.8739693412654272,1.5986566812109608,411.21441393742185,27.0,1.0,1259699.0,1.0,2361687.0,89355.0,4
2025-12-17 14:28:23.680343,13.560289847476373,0.8858933784317085,1.5959854796779316,413.83835113214445,28.0,1.0,834135.0,1.0,2402806.0,78438.0,5
2025-12-17 14:28:24.180651,13.55855965025508,0.9437698565963136,1.5999480261878172,432.0315657326142,38.0,1.0,421038.0,1.0,1648625.0,75036.0,0
2025-12-17 14:28:24.279700,13.558205711778758,0.9553144172382472,1.600508843412518,409.8125008002996,27.0,1.0,728273.0,1.0,1811888.0,73777.0,1
2025-12-17 14:28:24.384019,13.55762371756565,0.967186920539696,1.599784610847688,415.264791053701,29.0,1.0,735954.0,1.0,1562251.0,68483.0,2
2025-12-17 14:28:24.481585,13.557087309391132,0.9786851155959368,1.601761363656472,411.74908279561805,26.0,1.0,1080276.0,1.0,1979894.0,75777.0,3
2025-12-17 14:28:24.578594,13.556781655902752,0.9903548098331196,1.5990228054168798,407.21154837192535,25.0,1.0,1286847.0,1.0,2380143.0,89627.0,4
2025-12-17 14:28:24.684245,13.552045848891336,1.0006189461138142,1.603982637967736,429.8400296527913,36.0,1.0,825988.0,1.0,2389021.0,77226.0,5
2025-12-17 14:28:25.180188,13.49990931360756,1.052794790137158,1.6256845779510452,432.0314561802364,38.0,1.0,424760.0,1.0,1629762.0,75036.0,0
2025-12-17 14:28:25.279974,13.499297996252736,1.064738086167889,1.624479482441314,421.8108697472086,33.0,1.0,755897.0,1.0,1828521.0,72908.0,1
2025-12-17 14:28:25.377875,13.49802940245141,1.076066015741457,1.623968087165156,424.26446682927883,33.0,1.0,738949.0,1.0,1559610.0,67860.0,2
2025-12-17 14:28:25.477911,13.49762388540871,1.087931980414373,1.623236168898105,430.7442115331039,34.0,1.0,1063587.0,1.0,1959230.0,74379.0,3
2025-12-17 14:28:25.580126,13.496357616397908,1.0994851479287568,1.6217598079930635,415.2086709840898,29.0,1.0,1290773.0,1.0,2380949.0,88932.0,4
2025-12-17 14:28:25.682901,13.49586412192376,1.1107898343674432,1.62320007484366,413.84169940214446,28.0,1.0,810754.0,1.0,2420764.0,78465.0,5
2025-12-17 14:28:26.179533,13.492462190868302,1.1677876917594665,1.6192807046556823,429.03134664890234,37.0,1.0,425335.0,1.0,1619316.0,75291.0,0
2025-12-17 14:28:26.280555,13.491844286262385,1.1798028182107425,1.6170628530927549,425.8092381935215,34.0,1.0,751052.0,1.0,1812501.0,72687.0,1
2025-12-17 14:28:26.381166,13.490933999391128,1.19125894712041,1.617553950870733,423.2641395268882,33.0,1.0,744724.0,1.0,1560666.0,67906.0,2
2025-12-17 14:28:26.478398,13.490764982642418,1.2031147941821594,1.6165508195241292,415.7393199265223,28.0,1.0,1067916.0,1.0,1959230.0,75469.0,3
2025-12-17 14:28:26.578592,13.489790570222976,1.2140521251923335,1.6185356958912551,413.2058024048306,28.0,1.0,1251201.0,1.0,2422403.0,89143.0,4
2025-12-17 14:28:26.677841,13.489737204044305,1.2259403637573048,1.618278206003123,424.8433629383585,33.0,1.0,829069.0,1.0,2450439.0,77672.0,5
2025-12-17 14:28:27.179695,13.48879718568936,1.2828003258528753,1.61901791756389,429.0312370280226,37.0,1.0,426922.0,1.0,1654774.0,75291.0,0
2025-12-17 14:28:27.282899,13.488049315012995,1.294535198984594,1.6170321993832724,405.8076037650754,26.0,1.0,743968.0,1.0,1818030.0,74052.0,1
2025-12-17 14:28:27.380896,13.487494537075383,1.3062798321019162,1.6199837215579231,438.2638133861982,39.0,1.0,734959.0,1.0,1562780.0,66948.0,2
2025-12-17 14:28:27.477399,13.486487166327512,1.3182373766495292,1.6172366340833757,413.73443558532983,27.0,1.0,1075897.0,1.0,1971869.0,75597.0,3
2025-12-17 14:28:27.580141,13.47590389165224,1.3247521804699467,1.6305770508665949,420.2029249681542,31.0,1.0,1266968.0,1.0,2376923.0,88542.0,4
2025-12-17 14:28:27.682924,13.46326778595739,1.3298010296009508,1.640279149269742,416.84504343363324,29.0,1.0,811303.0,1.0,2449610.0,78253.0,5
2025-12-17 14:28:28.179635,13.458382723891342,1.3881900090997483,1.6393348889004955,425.03112743147466,35.0,1.0,433767.0,1.0,1624256.0,75597.0,0
2025-12-17 14:28:28.278299,13.456703967508904,1.4000576418913688,1.643790669075147,421.80598065955957,33.0,1.0,745228.0,1.0,1811275.0,72933.0,1
2025-12-17 14:28:28.380360,13.455595971787105,1.411890848937917,1.6440380383311706,421.263487332285,32.0,1.0,737201.0,1.0,1569671.0,68067.0,2
2025-12-17 14:28:28.477638,13.454303976060787,1.4230905326390992,1.6410937208773388,426.7295451912762,33.0,1.0,1067554.0,1.0,1971869.0,74656.0,3
2025-12-17 14:28:28.581318,13.453883232437796,1.43435331940025,1.6285049585049345,404.20004860022885,22.0,1.0,1277734.0,1.0,2350523.0,90358.0,4
2025-12-17 14:28:28.676993,13.453881579165152,1.445633505527642,1.6071761502138042,418.8467055135384,30.0,1.0,829630.0,1.0,2384981.0,78094.0,5
2025-12-17 14:28:29.183363,13.45603764858612,1.501011493632106,1.4950042756238762,420.0310174197501,33.0,1.0,424185.0,1.0,1643054.0,75931.0,0
2025-12-17 14:28:29.280830,13.456395377665332,1.5122397106454972,1.4752375634854424,432.80434592619014,38.0,1.0,734213.0,1.0,1819261.0,72172.0,1
2025-12-17 14:28:29.378080,13.45801219540376,1.5235340308041163,1.4487220053786094,426.2631618473149,34.0,1.0,734213.0,1.0,1578194.0,67700.0,2
2025-12-17 14:28:29.478220,13.460012922798697,1.5348523797042295,1.4261848624956996,417.7246531202182,29.0,1.0,1097969.0,1.0,1964542.0,75291.0,3
2025-12-17 14:28:29.582730,13.46169633618548,1.5457603853382462,1.402972448098638,411.19717155715165,27.0,1.0,1244865.0,1.0,2380143.0,89294.0,4
2025-12-17 14:28:29.678902,13.463918787825827,1.5570826834569207,1.3864442785768407,427.84838070189613,34.0,1.0,832161.0,1.0,2379338.0,77436.0,5
2025-12-17 14:28:30.178718,13.477492140433576,1.61290582560118,1.2739170291837294,420.0309083257326,33.0,1.0,424472.0,1.0,1618220.0,75905.0,0
2025-12-17 14:28:30.280440,13.476505088271711,1.6241074636904784,1.2476588480733943,425.2628674715204,33.0,1.0,743968.0,1.0,1557500.0,67814.0,2
2025-12-17 14:28:30.379724,13.469966175064242,1.6360970384619955,1.2320535148553755,416.7202454638471,28.0,1.0,1062868.0,1.0,1967203.0,75367.0,3
2025-12-17 14:28:30.479687,13.473083229671186,1.647174483679839,1.21499826741186,430.19459461187097,35.0,1.0,1291210.0,1.0,2376119.0,87737.0,4
2025-12-17 14:28:30.579742,13.47706228298296,1.6580777179711372,1.1926095571152324,427.84988690323803,34.0,1.0,817090.0,1.0,2407690.0,77436.0,5
2025-12-17 14:28:31.177393,13.497256430521125,1.716785883488674,1.0556597358956332,429.80125337860477,36.0,1.0,735208.0,1.0,1816185.0,72343.0,1
2025-12-17 14:28:31.279815,13.470154663980258,1.7190371563750215,1.0533248852444506,426.2625414466416,34.0,1.0,752324.0,1.0,1562251.0,67746.0,2
2025-12-17 14:28:31.381954,13.475627536775391,1.7294309176079956,1.0275317165089362,413.71534533534543,27.0,1.0,1091300.0,1.0,1978554.0,75623.0,3
2025-12-17 14:28:31.481580,13.481984425938071,1.7385844051913215,1.00268340249854,420.1917161868873,31.0,1.0,1262260.0,1.0,2365687.0,88572.0,4
2025-12-17 14:28:32.183460,13.508611195427918,1.790407382623016,0.8435324335498295,430.03068859974644,37.0,1.0,424903.0,1.0,1607303.0,75189.0,0
2025-12-17 14:28:32.280572,13.51417402936096,1.798880513676865,0.8213976955350379,429.79945452797193,36.0,1.0,745481.0,1.0,1836584.0,72368.0,1
2025-12-17 14:28:32.381757,13.522631625799113,1.8070955190609528,0.8018268206398232,426.2621819614564,34.0,1.0,728520.0,1.0,1569140.0,67746.0,2
2025-12-17 14:28:32.478193,13.530146642155104,1.815291270326828,0.7810990747710277,433.709985575641,36.0,1.0,1076261.0,1.0,1987952.0,74178.0,3
2025-12-17 14:28:32.583423,13.538326063085288,1.8233375502570064,0.7566231269792252,431.1885506069109,36.0,1.0,1278599.0,1.0,2364887.0,87618.0,4
2025-12-17 14:28:32.678960,13.546561598163596,1.8315654306924536,0.7326831236213319,429.85339678842126,36.0,1.0,829911.0,1.0,2456252.0,77226.0,5
2025-12-17 14:28:33.180653,13.579905957609313,1.859837117781684,0.6278057035375939,437.0305793042783,40.0,1.0,419474.0,1.0,1623706.0,74732.0,0
2025-12-17 14:28:33.285473,13.589094123246213,1.866845506110856,0.6000421977085879,460.79781593006555,51.0,1.0,734710.0,1.0,1824194.0,70268.0,1
2025-12-17 14:28:33.382075,13.598124814010324,1.873555315519079,0.5786142105249449,434.26185562894386,38.0,1.0,741706.0,1.0,1560137.0,67175.0,2
2025-12-17 14:28:33.480769,13.607424845967898,1.879576499589863,0.5532568685416774,423.7050837554673,31.0,1.0,1066110.0,1.0,1977216.0,74859.0,3
2025-12-17 14:28:33.583209,13.617339398670689,1.885058820930405,0.5359024020592753,411.1856782353096,27.0,1.0,1258421.0,1.0,2327565.0,89294.0,4
2025-12-17 14:28:33.680891,13.627495614440852,1.88932536011904,0.5127219879354746,428.855072013563,35.0,1.0,813503.0,1.0,2412585.0,77305.0,5
2025-12-17 14:28:34.179436,13.67201815975765,1.895374976127739,0.3777231563250449,416.03046983454124,31.0,1.0,427789.0,1.0,1618768.0,76214.0,0
2025-12-17 14:28:34.279932,13.68295908807078,1.8993164959116768,0.3544368747216214,427.79619435895023,35.0,1.0,728520.0,1.0,1837206.0,72515.0,1
2025-12-17 14:28:34.382337,13.693726558209963,1.9022610084760012,0.3233064115045387,427.26152931470017,34.0,1.0,751306.0,1.0,1561194.0,67654.0,2
2025-12-17 14:28:34.479537,13.70438874774678,1.905001691712844,0.3018148740846835,431.70020055346436,35.0,1.0,1112181.0,1.0,1971202.0,74278.0,3
2025-12-17 14:28:34.579560,13.715213316253683,1.908582981174037,0.2825624466555346,438.18281573241666,39.0,1.0,1245708.0,1.0,2383368.0,87027.0,4
2025-12-17 14:28:34.680215,13.726228974587844,1.9122671981412689,0.2649593357291926,425.8567428798098,33.0,1.0,834700.0,1.0,2394687.0,77593.0,5
2025-12-17 14:28:35.178592,13.772464857963485,1.913593663866953,0.1359961192875447,445.0303603239222,44.0,1.0,415236.0,1.0,1635841.0,74103.0,0
2025-12-17 14:28:35.281389,13.783886106016505,1.9149646080521343,0.1105873879445261,419.794561376852,32.0,1.0,734213.0,1.0,1825429.0,73057.0,1
2025-12-17 14:28:35.377603,13.795218078367066,1.916438039352558,0.0919519163919621,424.2612046302954,33.0,1.0,747249.0,1.0,1563309.0,67860.0,2
2025-12-17 14:28:35.477364,13.80690288332256,1.9180466975324235,0.0690944820052039,432.6953219522227,35.0,1.0,1061071.0,1.0,1991993.0,74228.0,3
2025-12-17 14:28:35.578446,13.81836438639913,1.9184702847871973,0.0462733919378249,424.8582447189128,33.0,1.0,829349.0,1.0,2416671.0,77646.0,5
2025-12-17 14:28:36.180708,13.83887816997353,1.9150638394511093,-0.0791664292523686,417.0302504888779,31.0,1.0,423611.0,1.0,1591604.0,76162.0,0
2025-12-17 14:28:36.279931,13.849882806276415,1.913205933147568,-0.1025281633839644,427.7929331479711,35.0,1.0,745228.0,1.0,1785710.0,72539.0,1
2025-12-17 14:28:36.378851,13.860785791411017,1.9118929285862516,-0.1273310926894749,406.2608779943901,25.0,1.0,747755.0,1.0,1556973.0,69065.0,2
2025-12-17 14:28:36.479063,13.871541182805435,1.9093515767597664,-0.1434065745110161,423.6904244198997,31.0,1.0,1102064.0,1.0,1963212.0,74884.0,3
2025-12-17 14:28:36.578084,13.882735988559142,1.9075829796749293,-0.1587469388411307,426.17707400010386,34.0,1.0,1280764.0,1.0,2371298.0,88004.0,4
2025-12-17 14:28:36.679666,13.893766599904223,1.9047919164228109,-0.175081544157754,422.8600859549166,32.0,1.0,812677.0,1.0,2407690.0,77751.0,5
2025-12-17 14:28:37.184428,13.908118001948438,1.8909321099206071,-0.2513456504962837,435.03014047803026,40.0,1.0,425767.0,1.0,1597000.0,74833.0,0
2025-12-17 14:28:37.278418,13.918828186237237,1.888213997677962,-0.2701539738819443,422.7913050087736,33.0,1.0,730742.0,1.0,1818030.0,72859.0,1
2025-12-17 14:28:37.379853,13.929735655546642,1.8854063942573909,-0.2909862675925138,423.26055143873714,33.0,1.0,728766.0,1.0,1554340.0,67929.0,2
2025-12-17 14:28:37.482335,13.939986002161795,1.8818567447755736,-0.3157046936807226,426.17447609926023,34.0,1.0,1287283.0,1.0,2331508.0,88004.0,4
2025-12-17 14:28:37.578254,13.950937900336257,1.877804309347523,-0.3446586584632032,427.86158839092235,35.0,1.0,828227.0,1.0,2427327.0,77383.0,5
2025-12-17 14:28:38.178067,13.97507684571048,1.865131605150488,-0.470141158646677,409.0300315720916,27.0,1.0,426200.0,1.0,1614390.0,76783.0,0
2025-12-17 14:28:38.279805,13.98538725989514,1.859823973454848,-0.496737012210273,413.7896721408178,29.0,1.0,724340.0,1.0,1821726.0,73528.0,1
2025-12-17 14:28:38.379510,13.995514887876809,1.854390947806161,-0.5212555623759134,431.26022532186187,36.0,1.0,746743.0,1.0,1551187.0,67403.0,2
2025-12-17 14:28:38.478654,14.005971161178485,1.8495117738282487,-0.5419818693037375,418.6806479685355,29.0,1.0,1082472.0,1.0,2000099.0,75214.0,3
2025-12-17 14:28:38.580722,14.015390867540166,1.844837597190013,-0.5715987151345637,422.17132044832493,32.0,1.0,1263115.0,1.0,2372904.0,88362.0,4
2025-12-17 14:28:38.679376,14.017986583549408,1.8401091190192744,-0.5972983026403967,405.86342946307053,25.0,1.0,805285.0,1.0,2364887.0,79051.0,5
2025-12-17 14:28:39.181757,14.035845223676072,1.8102691652463143,-0.6828903451805368,432.02992156453206,38.0,1.0,431132.0,1.0,1619864.0,75036.0,0
2025-12-17 14:28:39.283366,14.04482855965255,1.8032755982984248,-0.7058995586852256,444.78803572792384,43.0,1.0,748261.0,1.0,1827284.0,71298.0,1
2025-12-17 14:28:39.377013,14.052816532856829,1.7958842444115888,-0.7287840577590712,413.67625568877867,27.0,1.0,1059994.0,1.0,1973204.0,75572.0,3
2025-12-17 14:28:39.479575,14.059019338498098,1.788537643999783,-0.7646052417411973,424.168738055862,32.0,1.0,1265254.0,1.0,2376119.0,88243.0,4
2025-12-17 14:28:39.580116,14.063601096014096,1.781814468821498,-0.7935068601885577,415.86493549721274,29.0,1.0,811303.0,1.0,2418307.0,78332.0,5
2025-12-17 14:28:40.178420,14.100035617644169,1.73952923472973,-0.8951097038054383,429.0298123271536,37.0,1.0,425911.0,1.0,1625355.0,75265.0,0
2025-12-17 14:28:40.280773,14.108168354107354,1.730691182058111,-0.9170035009891038,404.78640934978114,25.0,1.0,750290.0,1.0,1811275.0,74153.0,1
2025-12-17 14:28:40.377755,14.113676269477642,1.7222870960545258,-0.9383660632158536,436.2595734368498,38.0,1.0,742459.0,1.0,1553814.0,67107.0,2
2025-12-17 14:28:40.481027,14.119741787172172,1.7137950986085144,-0.959499308398058,430.6708579153458,35.0,1.0,1098340.0,1.0,1987279.0,74354.0,3
2025-12-17 14:28:40.577752,14.102205951366756,1.705328115203617,-0.9648802474706594,420.1655830082538,31.0,1.0,1273848.0,1.0,2410952.0,88512.0,4
2025-12-17 14:28:40.678140,14.104889926781166,1.6956399254688002,-0.9885281346578968,431.8667713895157,36.0,1.0,819028.0,1.0,2406876.0,77096.0,5
2025-12-17 14:28:41.179833,14.129644028829492,1.657447569627459,-1.0823817692481303,417.0297025691603,31.0,1.0,426633.0,1.0,1628108.0,76136.0,0
2025-12-17 14:28:41.276876,14.129937104818296,1.6574968721831027,-1.0838464081560808,436.78478509794905,39.0,1.0,739951.0,1.0,1806988.0,71904.0,1
2025-12-17 14:28:41.382486,14.129937104818296,1.6574968721831027,-1.0838464081560808,432.25924566468973,37.0,1.0,744220.0,1.0,1557500.0,67357.0,2
2025-12-17 14:28:41.481449,14.129937104818296,1.6574968721831027,-1.0838464081560808,438.66596662656383,38.0,1.0,1063587.0,1.0,1942065.0,73827.0,3
2025-12-17 14:28:41.577848,14.136791174517136,1.657234753078452,-1.082859062115662,417.16270974602674,30.0,1.0,1287283.0,1.0,2368892.0,88782.0,4
2025-12-17 14:28:41.678707,14.143078359160764,1.655219186693019,-1.0887101562377277,424.8684443340542,33.0,1.0,811853.0,1.0,2427327.0,77646.0,5
2025-12-17 14:28:42.185030,14.16650675949738,1.6010008463563654,-1.194315112734533,432.02959239642877,38.0,1.0,430258.0,1.0,1611115.0,75036.0,0
2025-12-17 14:28:42.279290,14.172279987877127,1.5900751703313691,-1.2145953223160515,423.7831505553606,34.0,1.0,747249.0,1.0,1821110.0,72785.0,1
2025-12-17 14:28:42.385764,14.17633400889217,1.5799955484828043,-1.24132622633808,441.25891836654006,41.0,1.0,738949.0,1.0,1573927.0,66722.0,2
2025-12-17 14:28:42.476900,14.17987885538824,1.5696338069295912,-1.2645614781012553,432.661099642122,35.0,1.0,1085407.0,1.0,1978554.0,74228.0,3
2025-12-17 14:28:42.578078,14.182749727520982,1.5589332075577855,-1.2835749208404492,418.1598360988195,30.0,1.0,1255443.0,1.0,2355301.0,88752.0,4
2025-12-17 14:28:42.678937,14.186025159277497,1.548582782402427,-1.3033565101461182,433.8701167151298,37.0,1.0,832724.0,1.0,2396309.0,76939.0,5
2025-12-17 14:28:43.182705,14.174093959205443,1.4783259590663338,-1.4080887792735488,405.02948304813197,26.0,1.0,430404.0,1.0,1609480.0,77070.0,0
2025-12-17 14:28:43.281691,14.172966895653287,1.4653036297032802,-1.4324804337880022,423.78151603397,33.0,1.0,724585.0,1.0,1791157.0,72810.0,1
2025-12-17 14:28:43.378454,14.174148861387176,1.45370664893934,-1.4579223062893345,426.25859452250063,34.0,1.0,736951.0,1.0,1587301.0,67700.0,2
2025-12-17 14:28:43.479393,14.175666541107846,1.44219741128045,-1.474754694159188,421.656198227754,31.0,1.0,1085407.0,1.0,1977216.0,74986.0,3
2025-12-17 14:28:43.583759,14.177895275199797,1.4308565678981695,-1.488858767105579,418.1569467909633,30.0,1.0,1280331.0,1.0,2380143.0,88752.0,4
2025-12-17 14:28:43.681618,14.17811890666569,1.419724566268247,-1.4932805041828765,409.87179319426895,26.0,1.0,806103.0,1.0,2406876.0,78757.0,5
2025-12-17 14:28:44.179871,14.168297263206224,1.351963604320515,-1.485066756578748,428.02937375562317,36.0,1.0,435532.0,1.0,1639166.0,75367.0,0
2025-12-17 14:28:44.279630,14.169486214659464,1.340725628828018,-1.4853042880294367,417.7798887883447,31.0,1.0,737201.0,1.0,1808824.0,73230.0,1
2025-12-17 14:28:44.380784,14.16970648971608,1.329379721786701,-1.4837710255222214,432.2582675336158,37.0,1.0,737201.0,1.0,1560666.0,67357.0,2
2025-12-17 14:28:44.478369,14.170430678035276,1.3176228955659308,-1.484747769660615,408.65131400879216,24.0,1.0,1078814.0,1.0,1963877.0,76008.0,3
2025-12-17 14:28:44.580625,14.17161225783308,1.3067357065945444,-1.483517010059207,417.1540828084823,30.0,1.0,1257144.0,1.0,2344167.0,88782.0,4
2025-12-17 14:28:44.679813,14.1723779222988,1.294736698589363,-1.4834987220742917,420.8734621728317,31.0,1.0,820415.0,1.0,2393877.0,77935.0,5
2025-12-17 14:28:45.177455,14.17855431416218,1.2363551248470923,-1.4837397146491245,417.0292644173002,31.0,1.0,434355.0,1.0,1647509.0,76162.0,0
2025-12-17 14:28:45.279464,14.179836252739412,1.2249302168523482,-1.4822569954762546,422.7782584527205,33.0,1.0,732971.0,1.0,1846556.0,72859.0,1
2025-12-17 14:28:45.383278,14.18008405011173,1.2135207430698962,-1.4832372390576871,421.2579404912295,32.0,1.0,747755.0,1.0,1571797.0,68067.0,2
2025-12-17 14:28:45.480830,14.181789504950537,1.20256895600712,-1.4842018959278145,432.6464127508794,35.0,1.0,1107673.0,1.0,1980564.0,74228.0,3
2025-12-17 14:28:45.582621,14.182615979171626,1.1917429105155453,-1.480473639802948,406.15120408758105,25.0,1.0,1279032.0,1.0,2399555.0,89749.0,4
2025-12-17 14:28:45.680251,14.183274942206529,1.1796207186185352,-1.4831987656254817,408.8751349016826,26.0,1.0,819028.0,1.0,2437206.0,78891.0,5
2025-12-17 14:28:46.178929,14.187511531983953,1.122150883945265,-1.483735029623905,426.0291546526212,35.0,1.0,427934.0,1.0,1651976.0,75495.0,0
2025-12-17 14:28:46.277456,14.188766658403791,1.1105638121889374,-1.4815263280402735,423.7766311206731,33.0,1.0,736204.0,1.0,1811275.0,72810.0,1
2025-12-17 14:28:46.380031,14.189419596450511,1.0984665127369624,-1.4817728051990324,432.25761532172254,37.0,1.0,745986.0,1.0,1575526.0,67334.0,2
2025-12-17 14:28:46.478988,14.190834441495612,1.086730237751386,-1.483237305858066,430.64153253130405,35.0,1.0,1071899.0,1.0,1980564.0,74354.0,3
2025-12-17 14:28:46.579213,14.190907102175911,1.0701810705782755,-1.482898548030796,429.1483408922984,35.0,1.0,1284237.0,1.0,2327565.0,87796.0,4
2025-12-17 14:28:46.679446,14.190718379598447,1.0420010661346648,-1.4819151939359847,418.8768055522419,30.0,1.0,806103.0,1.0,2399555.0,78067.0,5
2025-12-17 14:28:47.178730,14.196127780791825,0.9831697238134732,-1.480833842410811,417.0290450713081,31.0,1.0,433767.0,1.0,1590527.0,76136.0,0
2025-12-17 14:28:47.280628,14.196870232123429,0.9713477269371946,-1.4805938226542374,416.774995342085,30.0,1.0,737450.0,1.0,1815571.0,73329.0,1
2025-12-17 14:28:47.378090,14.198443196876552,0.95949286372689,-1.4842938984691747,421.2572897261608,32.0,1.0,740201.0,1.0,1563309.0,68044.0,2
2025-12-17 14:28:47.481860,14.199316451729352,0.9482980333096728,-1.4828117046211953,424.6366292639196,32.0,1.0,1093148.0,1.0,1971202.0,74808.0,3
2025-12-17 14:28:47.581801,14.199835771281,0.9370012869915688,-1.4842936511819027,417.1454604705891,29.0,1.0,1242340.0,1.0,2375315.0,88842.0,4
2025-12-17 14:28:47.683481,14.201703287352542,0.9262609039005428,-1.4842848752400677,424.87848429526423,33.0,1.0,835830.0,1.0,2369694.0,77646.0,5
2025-12-17 14:28:48.179467,14.207487576059398,0.8674299518680275,-1.4805019093734304,416.02893538740653,31.0,1.0,435680.0,1.0,1630314.0,76265.0,0
2025-12-17 14:28:48.283634,14.20798207848131,0.8556097562741183,-1.481985193969485,417.7733598341776,31.0,1.0,731732.0,1.0,1822343.0,73230.0,1
2025-12-17 14:28:48.377483,14.209237926832866,0.8445278305334494,-1.4810019358793454,403.2569636954099,22.0,1.0,737201.0,1.0,1546469.0,69534.0,2
2025-12-17 14:28:48.478180,14.209886411627478,0.8327114517231777,-1.478797678596984,431.63175803074074,35.0,1.0,1087981.0,1.0,1961220.0,74304.0,3
2025-12-17 14:28:48.578310,14.210833419378815,0.8214057046755112,-1.479786458669055,418.1425975137644,30.0,1.0,1263542.0,1.0,2376119.0,88752.0,4
2025-12-17 14:28:48.676693,14.211711387377123,0.8103810251128838,-1.4750896722370954,433.8801449422683,37.0,1.0,800394.0,1.0,2397120.0,76992.0,5
2025-12-17 14:28:49.180168,14.21281273671269,0.7501173406938175,-1.4703099359427254,423.02882570745066,34.0,1.0,436565.0,1.0,1641943.0,75725.0,0
2025-12-17 14:28:49.282145,14.195283717343877,0.725698896421342,-1.4670796071336143,422.25666856863677,32.0,1.0,747249.0,1.0,1534477.0,67975.0,2
2025-12-17 14:28:49.383924,14.19589822885866,0.7145626158505909,-1.46448061217978,410.6273296440535,25.0,1.0,1073715.0,1.0,1967869.0,75828.0,3
2025-12-17 14:28:49.483456,14.19654427662918,0.7031492483797894,-1.4674424795664656,427.1399970415979,34.0,1.0,1265682.0,1.0,2364887.0,87945.0,4
2025-12-17 14:28:49.578871,14.19809689083427,0.6916319149113299,-1.4713980116944794,432.88165338074157,37.0,1.0,833288.0,1.0,2380949.0,77070.0,5
2025-12-17 14:28:50.179317,14.205012171848526,0.622899978537772,-1.4691199209289396,424.7702687215257,34.0,1.0,740452.0,1.0,1838450.0,72711.0,1
2025-12-17 14:28:50.279843,14.206024398322093,0.6209503845251252,-1.4698654809924872,415.25634309084364,29.0,1.0,736453.0,1.0,1567547.0,68437.0,2
2025-12-17 14:28:50.378573,14.20614297752444,0.621201450422376,-1.470108733859697,435.6224665807705,37.0,1.0,1107673.0,1.0,1989971.0,73977.0,3
2025-12-17 14:28:50.478700,14.205987051612697,0.62132871890846,-1.4698522056835888,418.1371377191009,30.0,1.0,1247396.0,1.0,2368892.0,88752.0,4
2025-12-17 14:28:50.581797,14.205987051612697,0.62132871890846,-1.4698522056835888,432.8833302695198,37.0,1.0,816814.0,1.0,2398743.0,77070.0,5
2025-12-17 14:28:51.178097,14.20854970125399,0.5809704143492844,-1.4659064520451888,432.0286067281906,38.0,1.0,432594.0,1.0,1622607.0,75036.0,0
2025-12-17 14:28:51.277875,14.2106586351194,0.56683614842723,-1.4661563204430224,420.76847740592467,32.0,1.0,732228.0,1.0,1863508.0,73032.0,1
2025-12-17 14:28:51.379608,14.212424407095,0.5535857039802341,-1.4686323076217775,420.2559843158585,31.0,1.0,750290.0,1.0,1573394.0,68137.0,2
2025-12-17 14:28:51.480412,14.213959331695351,0.5418924943355901,-1.4678985346990552,423.6170794414031,31.0,1.0,1083205.0,1.0,1993341.0,74884.0,3
2025-12-17 14:28:51.578676,14.21534097735691,0.5311725690119928,-1.4708740810319367,442.13397750299015,41.0,1.0,1275573.0,1.0,2354504.0,86674.0,4
2025-12-17 14:28:51.677679,14.216994779092524,0.520965556495538,-1.4661844310169256,429.88516258040625,35.0,1.0,808562.0,1.0,2409321.0,77253.0,5
2025-12-17 14:28:52.180626,14.223568948498308,0.4635386448093097,-1.4651452745575408,425.0284968478802,35.0,1.0,431424.0,1.0,1637503.0,75597.0,0
2025-12-17 14:28:52.276803,14.224334579605568,0.4513223896492064,-1.4678778497298477,419.76684854762976,32.0,1.0,746743.0,1.0,1828521.0,73057.0,1
2025-12-17 14:28:52.377835,14.225849470178831,0.4398365773949386,-1.4667117747769116,418.25565866549033,30.0,1.0,738449.0,1.0,1578728.0,68252.0,2
2025-12-17 14:28:52.480648,14.220998005325292,0.4252082028170765,-1.4611662292142311,413.61218906201714,27.0,1.0,1100573.0,1.0,1983247.0,75597.0,3
2025-12-17 14:28:52.578631,14.219542817527932,0.4122506993436197,-1.461556603337639,419.1311046458542,30.0,1.0,1253320.0,1.0,2351319.0,88662.0,4
2025-12-17 14:28:52.682213,14.22152429885575,0.40083112995225,-1.4588392894866733,428.88684215775487,35.0,1.0,842933.0,1.0,2395498.0,77357.0,5
2025-12-17 14:28:53.181989,14.226687463629084,0.3422934450066055,-1.457611854868781,420.02838709536707,33.0,1.0,436270.0,1.0,1623706.0,75931.0,0
2025-12-17 14:28:53.278545,14.227711126595285,0.3305328116390083,-1.4640404703295833,424.76521510080875,34.0,1.0,734710.0,1.0,1834099.0,72736.0,1
2025-12-17 14:28:53.379771,14.229394246065878,0.3188670554692034,-1.4623165625498464,425.2553318051397,34.0,1.0,731732.0,1.0,1560137.0,67792.0,2
2025-12-17 14:28:53.484847,14.230298317370387,0.3074562689835751,-1.4645387190899852,428.60727930663035,34.0,1.0,1083205.0,1.0,1978554.0,74505.0,3
2025-12-17 14:28:53.580161,14.231260446056066,0.2971330430117493,-1.45981701180553,404.1282272637646,20.0,1.0,1261406.0,1.0,2373707.0,90665.0,4
2025-12-17 14:28:53.678026,14.232335233065111,0.2863164050382831,-1.459572164180096,411.8885071536219,27.0,1.0,800936.0,1.0,2424043.0,78598.0,5
2025-12-17 14:28:54.178294,14.239215448061742,0.227434948072295,-1.4603043527588484,432.02827789722653,38.0,1.0,421466.0,1.0,1625906.0,75087.0,0
2025-12-17 14:28:54.277486,14.240718179756032,0.2163087313558538,-1.4603083262505865,436.76358622131596,39.0,1.0,743213.0,1.0,1842810.0,71904.0,1
2025-12-17 14:28:54.382478,14.241736142675755,0.2050862889967266,-1.4580904980784333,439.2550046932666,40.0,1.0,751052.0,1.0,1557500.0,66857.0,2
2025-12-17 14:28:54.481257,14.243088319658415,0.1929715455780769,-1.4635332776959806,418.60240763342125,29.0,1.0,1092779.0,1.0,1980564.0,75265.0,3
2025-12-17 14:28:54.580547,14.244434466885323,0.1813590840937529,-1.4615433026597922,425.1253531683714,33.0,1.0,1253320.0,1.0,2333086.0,88153.0,4
2025-12-17 14:28:55.180661,14.242422228685433,0.102404451078554,-1.4514587591144847,416.02816803467186,31.0,1.0,428224.0,1.0,1634734.0,76265.0,0
2025-12-17 14:28:55.279898,14.24403575295317,0.0909333540276975,-1.450748731681583,424.76195168198865,34.0,1.0,757690.0,1.0,1827284.0,72711.0,1
2025-12-17 14:28:55.379425,14.2454958737477,0.0789123815815955,-1.4507488822122512,416.25467946047127,29.0,1.0,735705.0,1.0,1580867.0,68391.0,2
2025-12-17 14:28:55.478949,14.246720206753508,0.0681010090490943,-1.4554088864258297,425.597529692225,32.0,1.0,1115197.0,1.0,1989971.0,74758.0,3
2025-12-17 14:28:55.578130,14.247933719390986,0.056508964431357,-1.4521982091664003,418.12248712595925,30.0,1.0,1263970.0,1.0,2408505.0,88752.0,4
2025-12-17 14:28:55.683583,14.249259996004708,0.0449466548689994,-1.4549139807219809,425.89186043793944,33.0,1.0,819306.0,1.0,2406061.0,77593.0,5
2025-12-17 14:28:56.179009,14.256148399168552,-0.0139703508413084,-1.455029632247492,409.02805861261214,28.0,1.0,431863.0,1.0,1653095.0,76757.0,0
2025-12-17 14:28:56.276921,14.25807067700849,-0.0254282479485397,-1.4520853532613656,421.76032592999877,33.0,1.0,743213.0,1.0,1831618.0,72933.0,1
2025-12-17 14:28:56.381843,14.26007139420619,-0.0374364540508462,-1.4540564419021484,418.25435244287837,31.0,1.0,745733.0,1.0,1558554.0,68229.0,2
2025-12-17 14:28:56.480228,14.261602900460616,-0.0483716348164851,-1.450369874174254,413.5926342133768,27.0,1.0,1089086.0,1.0,1954593.0,75623.0,3
2025-12-17 14:28:56.583005,14.26312035363723,-0.0605024641745668,-1.4516621322769712,431.11960013373005,36.0,1.0,1255443.0,1.0,2367289.0,87677.0,4
2025-12-17 14:28:56.680271,14.264528234498496,-0.0715404758271152,-1.4501864256579766,425.89352689680345,34.0,1.0,812677.0,1.0,2391448.0,77541.0,5
2025-12-17 14:28:57.178202,14.271087862845086,-0.1276150018283939,-1.4516574128150808,427.02794909793784,36.0,1.0,430987.0,1.0,1625906.0,75393.0,0
2025-12-17 14:28:57.278250,14.272673396483468,-0.1391374610907298,-1.4506791415865228,427.7586931566181,36.0,1.0,749275.0,1.0,1817415.0,72490.0,1
2025-12-17 14:28:57.379500,14.273993938492282,-0.1506197243504878,-1.453896426907486,440.2540269784606,40.0,1.0,747249.0,1.0,1579797.0,66812.0,2
2025-12-17 14:28:57.483916,14.27521243489858,-0.1620134900696257,-1.4496969949397804,426.5877269563843,33.0,1.0,1108423.0,1.0,1988625.0,74656.0,3
2025-12-17 14:28:57.580368,14.276815880507916,-0.173871362871905,-1.4534113939061086,443.11673472337486,41.0,1.0,1246552.0,1.0,2320486.0,86645.0,4
2025-12-17 14:28:57.678462,14.279781011559416,-0.1842054329398585,-1.443168876286011,439.8951958686782,40.0,1.0,811303.0,1.0,2380949.0,76524.0,5
2025-12-17 14:28:58.180000,14.287862540261967,-0.2407842217326568,-1.438576714046087,435.02783929774733,40.0,1.0,431132.0,1.0,1640831.0,74808.0,0
2025-12-17 14:28:58.277826,14.28951633908591,-0.2528430170714291,-1.4398170920571216,427.75706324169033,36.0,1.0,739200.0,1.0,1842187.0,72490.0,1
2025-12-17 14:28:58.379846,14.291082101279796,-0.2637290858046377,-1.440052913185068,407.2537006368137,25.0,1.0,732475.0,1.0,1567547.0,68995.0,2
2025-12-17 14:28:58.477155,14.292976980437247,-0.275438935434634,-1.4353343455641687,423.5828707869093,31.0,1.0,1098340.0,1.0,1991319.0,74884.0,3
2025-12-17 14:28:58.582669,14.29455054235392,-0.2868125782278348,-1.4350676763857897,436.11385512621274,38.0,1.0,1259699.0,1.0,2380143.0,87263.0,4
2025-12-17 14:28:58.680020,14.295403030641916,-0.2965853347341145,-1.4235141631886323,417.8968704701652,30.0,1.0,814054.0,1.0,2403619.0,78200.0,5
2025-12-17 14:28:59.181381,14.304413123909226,-0.3541974228505875,-1.3308825733217953,425.02772954326133,35.0,1.0,429967.0,1.0,1646952.0,75572.0,0
2025-12-17 14:28:59.278753,14.307465780161042,-0.3645183655340727,-1.3067912471201504,417.7554311238134,31.0,1.0,755642.0,1.0,1818030.0,73230.0,1
2025-12-17 14:28:59.380362,14.310085233079638,-0.3746100682856976,-1.278718152885323,423.5784548041872,31.0,1.0,1096855.0,1.0,1987279.0,74884.0,3
2025-12-17 14:28:59.481966,14.312460018905046,-0.3847715350781211,-1.251766119247875,419.11127145814385,30.0,1.0,1258421.0,1.0,2334666.0,88722.0,4
2025-12-17 14:28:59.581069,14.316671878066774,-0.3957744367884839,-1.2326645870745845,429.89837702095434,35.0,1.0,808015.0,1.0,2398743.0,77253.0,5
2025-12-17 14:29:00.179442,14.34669889733227,-0.4546281020346239,-1.097124570652369,429.02762015265773,37.0,1.0,430549.0,1.0,1622607.0,75265.0,0
2025-12-17 14:29:00.277228,14.36852647184858,-0.4478367771819211,-1.0635659457908972,428.75380300418317,36.0,1.0,748515.0,1.0,1828521.0,72417.0,1
2025-12-17 14:29:00.378487,14.37493322042152,-0.4570786755378613,-1.04549963946557,426.25304862261504,34.0,1.0,739450.0,1.0,1550662.0,67746.0,2
2025-12-17 14:29:00.479608,14.381320554951426,-0.4666379366177331,-1.025292332986839,422.1084052462254,32.0,1.0,1250354.0,1.0,2375315.0,88422.0,4
2025-12-17 14:29:00.579957,14.386481039155855,-0.476450997912579,-1.001045894056109,433.90004715821067,37.0,1.0,811303.0,1.0,2392257.0,76992.0,5
2025-12-17 14:29:01.178402,14.41727590072491,-0.5155677840825401,-0.8483365657268678,424.0275106635209,34.0,1.0,430695.0,1.0,1652535.0,75648.0,0
2025-12-17 14:29:01.278380,14.423219520479751,-0.5228891889494545,-0.8231143851997655,407.75217051941985,26.0,1.0,752070.0,1.0,1841563.0,73927.0,1
2025-12-17 14:29:01.379600,14.430358006247364,-0.5310411766621126,-0.8033760150612285,412.25272203075065,28.0,1.0,737450.0,1.0,1567547.0,68669.0,2
2025-12-17 14:29:01.485817,14.438400152789775,-0.539465246034565,-0.7813945609016076,428.56816075985154,34.0,1.0,1097226.0,1.0,1977885.0,74505.0,3
2025-12-17 14:29:01.581889,14.446951859418997,-0.5460261150071943,-0.7584237901474026,413.10523840788096,28.0,1.0,1272986.0,1.0,2365687.0,89204.0,4
2025-12-17 14:29:01.679479,14.45540013659128,-0.5536664362545025,-0.7377074696174584,423.9018855551644,33.0,1.0,816537.0,1.0,2364887.0,77698.0,5
2025-12-17 14:29:02.181352,14.47005912073734,-0.5847081978332334,-0.612398327073901,416.0274007370676,31.0,1.0,434649.0,1.0,1631970.0,76214.0,0
2025-12-17 14:29:02.277909,14.458884776089352,-0.5875275026705022,-0.5780688581737414,426.75054068113053,35.0,1.0,746996.0,1.0,1827284.0,72588.0,1
2025-12-17 14:29:02.383715,14.467867702226844,-0.5927387424611936,-0.5485292616712861,430.2523944595475,36.0,1.0,753089.0,1.0,1573927.0,67448.0,2
2025-12-17 14:29:02.485826,14.475494073726408,-0.5992287162420276,-0.522089067282276,425.5632714903197,32.0,1.0,1069001.0,1.0,1981905.0,74758.0,3
2025-12-17 14:29:02.580022,14.48288438907416,-0.6046842017780278,-0.5070876791265323,414.10237078532623,28.0,1.0,1249931.0,1.0,2356099.0,89113.0,4
2025-12-17 14:29:02.678277,14.48343227130488,-0.6048896027020998,-0.5050746790256334,411.90355554194105,27.0,1.0,816814.0,1.0,2401180.0,78624.0,5
2025-12-17 14:29:03.180705,14.493854457457342,-0.6037720665757913,-0.487521474309502,427.02729120485674,36.0,1.0,433327.0,1.0,1615484.0,75418.0,0
2025-12-17 14:29:03.276375,14.515134229409233,-0.5969496012162789,-0.4526735678705685,431.7489125761757,37.0,1.0,741204.0,1.0,1852190.0,72221.0,1
2025-12-17 14:29:03.378311,14.528533525704006,-0.601547497923864,-0.4309333524074346,407.252069993716,25.0,1.0,747249.0,1.0,1550137.0,69019.0,2
2025-12-17 14:29:03.480370,14.542525329135623,-0.6071139332291509,-0.4061959297989971,420.55840894040546,30.0,1.0,1081739.0,1.0,1961884.0,75087.0,3
2025-12-17 14:29:03.584497,14.554747990554466,-0.6118471822677503,-0.3845031614798238,431.0994849422916,36.0,1.0,1240659.0,1.0,2352115.0,87677.0,4
2025-12-17 14:29:03.680765,14.565855080744244,-0.6158718922504391,-0.3676639597346843,427.90523169838485,35.0,1.0,825988.0,1.0,2396309.0,77383.0,5
2025-12-17 14:29:04.183461,14.616427438715167,-0.6324498579356383,-0.2500414822801152,423.0271812996665,34.0,1.0,427211.0,1.0,1644723.0,75725.0,0
2025-12-17 14:29:04.280671,14.627211011423292,-0.63531221355918,-0.2287644822618018,413.7472749647862,29.0,1.0,738200.0,1.0,1829140.0,73503.0,1
2025-12-17 14:29:04.383539,14.638528766552234,-0.6379198596823095,-0.2093043586338611,431.2517420594202,36.0,1.0,744976.0,1.0,1563309.0,67403.0,2
2025-12-17 14:29:04.477799,14.649916533728282,-0.6396730099645218,-0.1890460036985598,417.55353228507556,28.0,1.0,1087981.0,1.0,1974541.0,75342.0,3
2025-12-17 14:29:04.581319,14.661351368162864,-0.6410440753386837,-0.1655108412135727,421.0966210862221,31.0,1.0,1240659.0,1.0,2360888.0,88482.0,4
2025-12-17 14:29:04.677756,14.67305070173358,-0.6425247005695862,-0.1427928048704475,424.9068986638638,33.0,1.0,808562.0,1.0,2401180.0,77672.0,5
2025-12-17 14:29:05.178679,14.754557771103965,-0.6250173895136832,-0.0004723071294481,429.02707222066454,37.0,1.0,434355.0,1.0,1627007.0,75240.0,0
2025-12-17 14:29:05.275470,14.765331996530092,-0.6237879792380152,0.0252956849964937,426.7456528392647,35.0,1.0,743968.0,1.0,1799055.0,72588.0,1
2025-12-17 14:29:05.376773,14.776941894977792,-0.6234978126390374,0.0475332197157972,427.25141803791234,34.0,1.0,738449.0,1.0,1562780.0,67700.0,2
2025-12-17 14:29:05.479023,14.788681442015534,-0.6237073432317839,0.0683065172214019,423.54863707513476,31.0,1.0,1079910.0,1.0,1959893.0,74884.0,3
2025-12-17 14:29:05.581681,14.800139739313265,-0.6224131386992795,0.0902376442028619,419.9084100233149,31.0,1.0,799852.0,1.0,2395498.0,78015.0,5
2025-12-17 14:29:06.179930,14.877364057730247,-0.6066039489818511,0.2234797224070524,425.02696248042696,35.0,1.0,429530.0,1.0,1625906.0,75572.0,0
2025-12-17 14:29:06.278326,14.888755308292566,-0.6052536722706812,0.2470238127283616,416.74401757594825,30.0,1.0,749275.0,1.0,1821726.0,73280.0,1
2025-12-17 14:29:06.377918,14.899674276422305,-0.6037674569816875,0.2756934374253267,426.25109143560866,34.0,1.0,743213.0,1.0,1580867.0,67723.0,2
2025-12-17 14:29:06.479031,14.910453535646791,-0.6016971817243864,0.3008995744052936,421.54374781049216,30.0,1.0,1099456.0,1.0,1986606.0,75036.0,3
2025-12-17 14:29:06.579428,14.920857656418042,-0.5984952248400273,0.3200897888866449,406.09088054619866,24.0,1.0,1223562.0,1.0,2383368.0,89840.0,4
2025-12-17 14:29:06.678877,14.923324693051118,-0.5906238596329167,0.3374050552406589,425.91024453120474,33.0,1.0,815433.0,1.0,2368090.0,77593.0,5
2025-12-17 14:29:07.177930,14.949028252555776,-0.5636540850148233,0.4310154021213548,400.0268530965091,22.0,1.0,431132.0,1.0,1654214.0,77777.0,0
2025-12-17 14:29:07.283406,14.949326795722907,-0.5632627019455114,0.4288145732268306,429.2507960393705,35.0,1.0,754619.0,1.0,1552237.0,67562.0,2
2025-12-17 14:29:07.383486,14.949326795722907,-0.5632627019455114,0.4288145732268306,436.53932572601656,37.0,1.0,1086509.0,1.0,1982576.0,73927.0,3
2025-12-17 14:29:07.481207,14.949626931822795,-0.5632304448228904,0.4293104586765753,436.0882897473775,38.0,1.0,1265682.0,1.0,2343374.0,87263.0,4
2025-12-17 14:29:07.578785,14.949166082557632,-0.5605945328565873,0.4429314515417143,428.91174917424587,35.0,1.0,811029.0,1.0,2394687.0,77305.0,5
2025-12-17 14:29:08.179951,14.99515442300668,-0.5208960870590289,0.5952317484606041,443.02674327187714,43.0,1.0,433327.0,1.0,1613844.0,74253.0,0
2025-12-17 14:29:08.277817,15.003991974359014,-0.5150540672686965,0.6160467858457513,413.7407571933171,29.0,1.0,749782.0,1.0,1825429.0,73528.0,1
2025-12-17 14:29:08.379463,15.012213201852374,-0.5085629295861498,0.6372889723305535,417.25043847404163,30.0,1.0,739951.0,1.0,1578194.0,68321.0,2
2025-12-17 14:29:08.477544,15.0211578979905,-0.5024902023988762,0.6563164352822884,423.53397662971304,31.0,1.0,1105052.0,1.0,1995366.0,74884.0,3
2025-12-17 14:29:08.578294,15.02987924192726,-0.4951197967259233,0.6773794023027407,404.0851378313245,21.0,1.0,1257569.0,1.0,2361687.0,90450.0,4
2025-12-17 14:29:08.680854,15.039977355321838,-0.4841888243828531,0.7039932396104197,436.91359182977476,39.0,1.0,830192.0,1.0,2422403.0,76705.0,5
2025-12-17 14:29:09.181219,15.08348888875788,-0.4360647837472697,0.8278066023245724,424.7392841003201,34.0,1.0,749275.0,1.0,1838450.0,72711.0,1
2025-12-17 14:29:09.283469,15.090311546555396,-0.4269566537459681,0.8520568447864276,403.2501435612746,23.0,1.0,729754.0,1.0,1570202.0,69346.0,2
2025-12-17 14:29:09.379952,15.097782064493972,-0.4186548576361062,0.8725392546614246,429.52956455348203,34.0,1.0,1091300.0,1.0,2002809.0,74455.0,3
2025-12-17 14:29:09.477514,15.105738894338886,-0.4109298063793343,0.8911394587011986,425.08255438447554,33.0,1.0,1257995.0,1.0,2365687.0,88153.0,4
2025-12-17 14:29:09.582842,15.112803281188633,-0.4019177799390636,0.9119594514384268,411.9150999505687,27.0,1.0,803923.0,1.0,2394687.0,78624.0,5
2025-12-17 14:29:10.178406,15.17015559537552,-0.3303994489788948,1.0562970834940022,423.0265242349658,34.0,1.0,419900.0,1.0,1626456.0,75751.0,0
2025-12-17 14:29:10.279964,15.17617640247422,-0.322273580411311,1.0865302489044082,423.73749247979566,33.0,1.0,738200.0,1.0,1845931.0,72834.0,1
2025-12-17 14:29:10.378883,15.182145733157608,-0.3133690640983619,1.1112197237636237,418.2497862057108,30.0,1.0,750798.0,1.0,1541244.0,68298.0,2
2025-12-17 14:29:10.477512,15.187050898969222,-0.3032660288900821,1.1309963095526725,423.5241983351107,31.0,1.0,1083938.0,1.0,1975209.0,74910.0,3
2025-12-17 14:29:10.581735,15.191550015621376,-0.2915362852643799,1.1472835872250022,423.0793819725375,32.0,1.0,1264826.0,1.0,2337829.0,88362.0,4
2025-12-17 14:29:10.679959,15.195826461522271,-0.2801952548035586,1.1729956329493296,440.9169343263708,40.0,1.0,816814.0,1.0,2384174.0,76472.0,5
2025-12-17 14:29:11.178730,15.195176943262195,-0.2119194833519966,1.3023972068330565,421.0264145963303,33.0,1.0,435238.0,1.0,1630314.0,75879.0,0
2025-12-17 14:29:11.278569,15.198021844361673,-0.2005026046639706,1.3230911468312672,429.7358641481866,36.0,1.0,740702.0,1.0,1837827.0,72368.0,1
2025-12-17 14:29:11.383428,15.20014022799787,-0.1893124971827742,1.3431117223426432,420.24945849422926,31.0,1.0,750290.0,1.0,1588913.0,68160.0,2
2025-12-17 14:29:11.479600,15.20164104004371,-0.1800361796408474,1.3642907038755412,429.51929890087905,34.0,1.0,1085774.0,1.0,2004165.0,74480.0,3
2025-12-17 14:29:11.583456,15.201123591527312,-0.1792475503321942,1.3687579017256577,405.07650404170744,24.0,1.0,1276869.0,1.0,2384174.0,89901.0,4
2025-12-17 14:29:11.677527,15.20404333910488,-0.1748651577450015,1.3751685598518897,431.9186022565917,36.0,1.0,832161.0,1.0,2377728.0,77096.0,5
2025-12-17 14:29:12.181687,15.21031688667886,-0.0928331128077477,1.401177300410107,420.02630466910983,33.0,1.0,428514.0,1.0,1644723.0,75931.0,0
2025-12-17 14:29:12.280550,15.212136343503792,-0.0819989048558138,1.397485463133489,420.7342303116506,32.0,1.0,741957.0,1.0,1854699.0,73032.0,1
2025-12-17 14:29:12.380124,15.214187299230275,-0.072399982851433,1.4043800480036288,426.2491333433174,34.0,1.0,754364.0,1.0,1564367.0,67723.0,2
2025-12-17 14:29:12.478375,15.216231934265553,-0.0620402727839071,1.4029208323337965,433.51441566465155,36.0,1.0,1077719.0,1.0,1987279.0,74178.0,3
2025-12-17 14:29:12.577545,15.21815509856154,-0.0507580522425605,1.4004647095679827,416.07364803750977,29.0,1.0,1268684.0,1.0,2377728.0,88963.0,4
2025-12-17 14:29:12.679669,15.220457800576591,-0.0389483834027242,1.403415091008863,428.9202778345247,35.0,1.0,814054.0,1.0,2415853.0,77305.0,5
2025-12-17 14:29:13.182200,15.2301216546875,0.019666560156029,1.397501626240687,414.02619500975936,30.0,1.0,430112.0,1.0,1623706.0,76369.0,0
2025-12-17 14:29:13.278768,15.232206288393948,0.0309132154101998,1.392548709566303,433.7326026110862,38.0,1.0,754875.0,1.0,1829759.0,72074.0,1
2025-12-17 14:29:13.380473,15.234308123090534,0.0424229192154115,1.397759799071309,437.2488070006918,39.0,1.0,748515.0,1.0,1578728.0,67016.0,2
2025-12-17 14:29:13.479606,15.235983407542465,0.05419906486118,1.3967607667425874,416.5095204204862,28.0,1.0,1077355.0,1.0,1989298.0,75393.0,3
2025-12-17 14:29:13.579184,15.23830824765101,0.0654932588260628,1.3984830461875268,404.07077034226467,21.0,1.0,1253320.0,1.0,2326778.0,90573.0,4
2025-12-17 14:29:13.680247,15.240040610222175,0.0768455701869186,1.3977473294577625,429.9219507974551,36.0,1.0,818474.0,1.0,2419945.0,77226.0,5
2025-12-17 14:29:14.179415,15.216007870984246,0.1501591598347609,1.4173250025082105,423.02608571187994,34.0,1.0,430258.0,1.0,1597000.0,75700.0,0
2025-12-17 14:29:14.280537,15.218462230741086,0.1611310122004123,1.420271831407265,427.73096912023874,36.0,1.0,744220.0,1.0,1831618.0,72490.0,1
2025-12-17 14:29:14.379451,15.220368623159713,0.1715766686883117,1.4220122185498594,423.2484811053258,33.0,1.0,750036.0,1.0,1572862.0,67929.0,2
2025-12-17 14:29:14.481015,15.222102994779968,0.1833689459091445,1.4178450863280876,409.50462430603864,25.0,1.0,1094259.0,1.0,1993341.0,75905.0,3
2025-12-17 14:29:14.579179,15.223785938318397,0.1946023446006766,1.420053790565554,437.0678973702092,39.0,1.0,1278599.0,1.0,2412585.0,87174.0,4
2025-12-17 14:29:14.677351,15.225564143457303,0.2060554415057112,1.4208164640774328,403.92361795186963,21.0,1.0,805285.0,1.0,2364086.0,79777.0,5
2025-12-17 14:29:15.179869,15.232884070337835,0.2640403583244488,1.415155424810143,413.0259760589961,30.0,1.0,424042.0,1.0,1644723.0,76420.0,0
2025-12-17 14:29:15.278460,15.234470241397077,0.2750788125497418,1.4158858949834578,424.7293419007032,34.0,1.0,740702.0,1.0,1832858.0,72736.0,1
2025-12-17 14:29:15.380347,15.23620484374246,0.2868236428366746,1.4153928719153588,428.24815458425303,35.0,1.0,742459.0,1.0,1565427.0,67631.0,2
2025-12-17 14:29:15.480871,15.237882893561585,0.2989681495117473,1.412182384379586,425.49973578455837,32.0,1.0,1087613.0,1.0,1996042.0,74758.0,3
2025-12-17 14:29:15.581422,15.239422427535134,0.3098134736040361,1.41443503668154,419.0650179396803,30.0,1.0,1269973.0,1.0,2368892.0,88722.0,4
2025-12-17 14:29:15.681609,15.238505955556285,0.3122283393317744,1.4097600381305886,419.9252970677473,31.0,1.0,811029.0,1.0,2406061.0,77988.0,5
2025-12-17 14:29:16.183465,15.241843253008884,0.319278309312244,1.4141944790222087,433.0258660617392,39.0,1.0,430112.0,1.0,1614937.0,74960.0,0
2025-12-17 14:29:16.280403,15.230401029118651,0.3403525450585363,1.42950800628098,439.72770812613027,41.0,1.0,750544.0,1.0,1816800.0,71709.0,1
2025-12-17 14:29:16.377443,15.213984212934072,0.3662701448244299,1.4468340308453511,426.24782930284965,34.0,1.0,745228.0,1.0,1568609.0,67723.0,2
2025-12-17 14:29:16.478745,15.2152767126625,0.3815005312951136,1.444625918205316,425.4948569535231,32.0,1.0,1096483.0,1.0,1973872.0,74732.0,3
2025-12-17 14:29:16.579540,15.216282772365902,0.3951628329365704,1.4443814952120868,404.06215036022036,22.0,1.0,1249931.0,1.0,2382561.0,90267.0,4
2025-12-17 14:29:17.180276,15.224806131284716,0.4607163534172862,1.4497305128335276,419.0257568081395,32.0,1.0,432155.0,1.0,1640831.0,76008.0,0
2025-12-17 14:29:17.277777,15.226362646558137,0.4723666112128306,1.4494826295771843,426.7260818017976,35.0,1.0,734710.0,1.0,1833479.0,72613.0,1
2025-12-17 14:29:17.380239,15.227560653145597,0.4836403008470036,1.4470068592521754,423.24750216194224,33.0,1.0,751815.0,1.0,1555919.0,67929.0,2
2025-12-17 14:29:17.478974,15.22951789201514,0.4953431331622013,1.4516947617377784,427.48996660836167,33.0,1.0,1079179.0,1.0,1957904.0,74606.0,3
2025-12-17 14:29:17.583673,15.230707565225089,0.5071944867054121,1.4484896122228113,438.0592654997471,39.0,1.0,1287719.0,1.0,2351319.0,87115.0,4
2025-12-17 14:29:17.683690,15.232080504581374,0.5191334169042001,1.4489866910859428,422.9286445402049,32.0,1.0,830754.0,1.0,2401180.0,77804.0,5
2025-12-17 14:29:18.180556,15.239902699182853,0.5758074678977287,1.4450405940534383,417.02564717432654,31.0,1.0,428369.0,1.0,1633628.0,76188.0,0
2025-12-17 14:29:18.277086,15.241252721500086,0.5876731643928661,1.445770056895233,415.72445232224163,30.0,1.0,744976.0,1.0,1861617.0,73354.0,1
2025-12-17 14:29:18.382942,15.24246071482303,0.5994888325782792,1.4452954428063958,434.4855469049389,36.0,1.0,1096855.0,1.0,1986606.0,74052.0,3
2025-12-17 14:29:18.483179,15.243947174163246,0.6113525971482776,1.445273582463894,404.05668123122405,22.0,1.0,1242760.0,1.0,2337038.0,90267.0,4
2025-12-17 14:29:18.581106,15.24507953502179,0.622838045563741,1.4430723472328608,420.9301450166307,31.0,1.0,806376.0,1.0,2441334.0,77935.0,5
2025-12-17 14:29:19.177904,15.251158911378752,0.6990900739802886,1.4887004704772786,435.0255378618699,40.0,1.0,432741.0,1.0,1633075.0,74833.0,0
2025-12-17 14:29:19.280095,15.25153048476642,0.710406356393742,1.4862369043358783,423.7228168094424,33.0,1.0,742208.0,1.0,1828521.0,72834.0,1
2025-12-17 14:29:19.378813,15.252509409439892,0.7215983143551465,1.4899211327864164,419.2468501696009,31.0,1.0,742962.0,1.0,1584617.0,68206.0,2
2025-12-17 14:29:19.479466,15.25255786016911,0.7333560468013207,1.488096476657588,425.4801857518052,32.0,1.0,1092039.0,1.0,1972537.0,74758.0,3
2025-12-17 14:29:19.580429,15.253619253920291,0.7449081730675733,1.488594875284112,427.05352884687426,34.0,1.0,1272986.0,1.0,2372904.0,88034.0,4
2025-12-17 14:29:19.679958,15.254875961338852,0.7567422780748156,1.4891120275583376,416.9319822933468,29.0,1.0,834700.0,1.0,2415853.0,78253.0,5
2025-12-17 14:29:20.177941,15.260288728407348,0.8139990410615336,1.4851483619944554,426.02542825469055,36.0,1.0,429530.0,1.0,1622607.0,75469.0,0
2025-12-17 14:29:20.281422,15.261045625989528,0.8254060755118733,1.482936140001338,424.72118403932296,34.0,1.0,744724.0,1.0,1849058.0,72736.0,1
2025-12-17 14:29:20.379523,15.262249706020688,0.837228992709198,1.4868742074680756,424.2465237092067,33.0,1.0,739700.0,1.0,1565427.0,67860.0,2
2025-12-17 14:29:20.480602,15.263070848325786,0.848557138008454,1.48270699849422,422.4752909721162,31.0,1.0,1074805.0,1.0,1982576.0,74960.0,3
2025-12-17 14:29:20.577746,15.264343618028418,0.8603933131993191,1.484936326852281,424.05066356867644,33.0,1.0,1263542.0,1.0,2346549.0,88243.0,4
2025-12-17 14:29:20.681573,15.26490208824577,0.8722421842212871,1.4795197491315035,431.93365699013765,36.0,1.0,809384.0,1.0,2408505.0,77122.0,5
2025-12-17 14:29:21.179174,15.277151495260368,0.9321574687973602,1.4865191072264927,412.0253185164258,29.0,1.0,425911.0,1.0,1633628.0,76498.0,0
2025-12-17 14:29:21.280339,15.292496055892835,0.9458512734744282,1.510564421505513,434.71955519896477,38.0,1.0,740452.0,1.0,1832238.0,72050.0,1
2025-12-17 14:29:21.381357,15.293068626628624,0.9577734192594284,1.5108232097073324,429.2461968821314,36.0,1.0,741957.0,1.0,1550137.0,67517.0,2
2025-12-17 14:29:21.479520,15.29331798169453,0.9690002294797022,1.510616926289425,406.4704070367295,22.0,1.0,1067916.0,1.0,2007560.0,76498.0,3
2025-12-17 14:29:21.579492,15.294081799733902,0.9803167028395076,1.5121066339874307,424.0477855660218,32.0,1.0,1266111.0,1.0,2384174.0,88303.0,4
2025-12-17 14:29:21.677484,15.294423282303034,0.991530873701139,1.50837984526553,425.9353221498603,33.0,1.0,813778.0,1.0,2413401.0,77593.0,5
2025-12-17 14:29:22.178498,15.29738539656287,1.0498879710842743,1.5113531064860135,411.02520898739346,29.0,1.0,424472.0,1.0,1651976.0,76602.0,0
2025-12-17 14:29:22.278198,15.298368698221914,1.0611218200177603,1.5125702368216678,429.71792808378797,36.0,1.0,725567.0,1.0,1856583.0,72392.0,1
2025-12-17 14:29:22.376917,15.298774563721157,1.072726699999789,1.5081131146152058,438.2458721018154,40.0,1.0,746996.0,1.0,1572862.0,66948.0,2
2025-12-17 14:29:22.477350,15.29964683590719,1.0842747568617792,1.510858062311611,440.46552842082014,39.0,1.0,1071174.0,1.0,1965207.0,73628.0,3
2025-12-17 14:29:22.581531,15.300233174624228,1.096616896453524,1.5111060810248926,416.0449067215821,29.0,1.0,1279032.0,1.0,2383368.0,88963.0,4
2025-12-17 14:29:22.680226,15.300876321795675,1.108210665440657,1.5092627362659892,431.9369987309912,36.0,1.0,829911.0,1.0,2393877.0,77122.0,5
2025-12-17 14:29:23.181020,15.305911456430913,1.1658300502883296,1.5130484521213337,423.0250991078503,34.0,1.0,431717.0,1.0,1637503.0,75751.0,0
2025-12-17 14:29:23.281331,15.306815509446576,1.1767508160596627,1.5145430473375303,427.7162923687936,36.0,1.0,746743.0,1.0,1816185.0,72490.0,1
2025-12-17 14:29:23.385991,15.30844743286203,1.187706576101803,1.5162220651958411,425.24554291284375,34.0,1.0,754109.0,1.0,1551187.0,67792.0,2
2025-12-17 14:29:23.480137,15.311622469091756,1.194495992482878,1.5341118949555026,426.0423250387468,34.0,1.0,1272986.0,1.0,2372904.0,88064.0,4
2025-12-17 14:29:23.579278,15.311916395598958,1.2060544928166426,1.5309024406041427,435.9385019428033,38.0,1.0,814605.0,1.0,2419945.0,76809.0,5
2025-12-17 14:29:24.178933,15.314672142148243,1.2741450079580456,1.5308818664104524,423.0249897334679,34.0,1.0,427645.0,1.0,1629762.0,75751.0,0
2025-12-17 14:29:24.282483,15.3150873482287,1.2859884695907482,1.5296869730337244,417.7146598840302,31.0,1.0,761032.0,1.0,1850310.0,73230.0,1
2025-12-17 14:29:24.383056,15.315313696869875,1.2968117194902185,1.5274763631898165,439.24521764155344,40.0,1.0,740201.0,1.0,1569671.0,66880.0,2
2025-12-17 14:29:24.482597,15.316284605731,1.3077471367639877,1.5306547092096978,415.4557243159963,28.0,1.0,1089824.0,1.0,1971869.0,75495.0,3
2025-12-17 14:29:24.579633,15.316710082056902,1.3187961509021786,1.522518404212739,423.03916620166956,32.0,1.0,1273848.0,1.0,2371298.0,88362.0,4
2025-12-17 14:29:24.677793,15.317080163445556,1.3309506009176548,1.521751905417028,418.94033865605655,30.0,1.0,841507.0,1.0,2452929.0,78094.0,5
2025-12-17 14:29:25.179859,15.319603517725712,1.3888984437678058,1.5222749307622956,427.0248800288514,36.0,1.0,419900.0,1.0,1614390.0,75393.0,0
2025-12-17 14:29:25.279723,15.319978831860984,1.40057404596174,1.520763872729312,427.71303377819874,35.0,1.0,729507.0,1.0,1824194.0,72515.0,1
2025-12-17 14:29:25.377693,15.320878558648928,1.4116490728398825,1.5215162977631524,425.24489316234656,33.0,1.0,721404.0,1.0,1584617.0,67814.0,2
2025-12-17 14:29:25.477959,15.321124320608636,1.4235772586562785,1.5227468369768025,417.4508577666955,29.0,1.0,1082472.0,1.0,1991993.0,75291.0,3
2025-12-17 14:29:25.578112,15.32302237249047,1.432910815618765,1.5228608455250192,417.0362975850615,29.0,1.0,1269543.0,1.0,2354504.0,88872.0,4
2025-12-17 14:29:25.682721,15.328143601390911,1.4373834016923368,1.5306092901405377,427.94201889217186,35.0,1.0,821249.0,1.0,2404433.0,77383.0,5
2025-12-17 14:29:26.180257,15.334376101493351,1.4930211967791056,1.4275121621994225,408.02477038210526,27.0,1.0,433180.0,1.0,1623706.0,76835.0,0
2025-12-17 14:29:26.281278,15.33658631450745,1.5040419942837158,1.4016614073435982,431.24459838692184,36.0,1.0,772711.0,1.0,1530328.0,67425.0,2
2025-12-17 14:29:26.384408,15.338295081349642,1.515437612998955,1.3830541791077098,423.4464259331042,31.0,1.0,1078814.0,1.0,1971202.0,74859.0,3
2025-12-17 14:29:26.479638,15.3399161395344,1.526933930390305,1.361982598606665,438.0337075131059,39.0,1.0,1284237.0,1.0,2413401.0,87115.0,4
2025-12-17 14:29:26.578477,15.342958327413534,1.5372100176282295,1.3391834449179378,429.9435165930835,35.0,1.0,821249.0,1.0,2435556.0,77253.0,5
2025-12-17 14:29:27.181112,15.362989488067283,1.601644512533074,1.198471941671447,419.02466068527053,32.0,1.0,425479.0,1.0,1643611.0,76008.0,0
2025-12-17 14:29:27.279949,15.366592484506384,1.612003518487338,1.181132359041023,445.709772197072,44.0,1.0,749529.0,1.0,1819261.0,71274.0,1
2025-12-17 14:29:27.377807,15.370746634065435,1.621777061940865,1.1547165030961777,431.2442406676129,36.0,1.0,742208.0,1.0,1571797.0,67403.0,2
2025-12-17 14:29:27.478185,15.375649547726542,1.6317002403136431,1.1319500999806102,416.441078210673,28.0,1.0,1100946.0,1.0,1970535.0,75367.0,3
2025-12-17 14:29:27.584280,15.414735959822618,1.6398765102437132,1.110429863796236,416.0305338916405,29.0,1.0,1286847.0,1.0,2346549.0,88932.0,4
2025-12-17 14:29:27.682530,15.433012486449709,1.6496989755194829,1.0943302414891625,419.94536256585343,31.0,1.0,828508.0,1.0,2422403.0,77988.0,5
2025-12-17 14:29:28.184595,15.462822076219767,1.6997546019705077,0.9824003554184154,430.70829707560074,37.0,1.0,741204.0,1.0,1826665.0,72294.0,1
2025-12-17 14:29:28.280284,15.469666312846854,1.708140380910551,0.9571161934663198,430.2439462536497,36.0,1.0,754619.0,1.0,1563309.0,67448.0,2
2025-12-17 14:29:28.379174,15.476145769993089,1.717170812165719,0.937301705194432,425.4366730722531,32.0,1.0,1081007.0,1.0,1974541.0,74707.0,3
2025-12-17 14:29:28.480550,15.497339225790988,1.7283364421428755,0.9233503378197784,432.0279589201015,36.0,1.0,1280764.0,1.0,2339412.0,87588.0,4
2025-12-17 14:29:28.578185,15.512597596506971,1.7378711022622433,0.9030703118244506,403.94686009789336,21.0,1.0,820415.0,1.0,2426506.0,79777.0,5
2025-12-17 14:29:29.178172,15.557758376574665,1.787286384277721,0.7672424692256817,435.02444180125553,40.0,1.0,427355.0,1.0,1623706.0,74833.0,0
2025-12-17 14:29:29.278124,15.564951108714016,1.796034219522003,0.7482751816505253,428.7065139603188,36.0,1.0,749021.0,1.0,1829759.0,72441.0,1
2025-12-17 14:29:29.377399,15.600899410891175,1.7999032692553223,0.7161208884438025,434.24358834317076,38.0,1.0,750290.0,1.0,1584617.0,67198.0,2
2025-12-17 14:29:29.482384,15.6313892923751,1.8039285251322208,0.6877269483788286,424.43127922975754,32.0,1.0,1090193.0,1.0,2003487.0,74808.0,3
2025-12-17 14:29:29.579615,15.640062928209677,1.8111229631217327,0.6662122494656658,423.0248013212814,32.0,1.0,1276869.0,1.0,2371298.0,88392.0,4
2025-12-17 14:29:29.680951,15.64874427962534,1.8184583759108064,0.64704391745062,413.9487039188038,28.0,1.0,844932.0,1.0,2427327.0,78465.0,5
2025-12-17 14:29:30.184238,15.693694324933118,1.84995533015336,0.5339897825113068,445.02433153327894,44.0,1.0,431132.0,1.0,1623706.0,74153.0,0
2025-12-17 14:29:30.278375,15.713099637061308,1.8534116445270052,0.5120107907113081,422.7048829447317,33.0,1.0,742962.0,1.0,1851563.0,72859.0,1
2025-12-17 14:29:30.378221,15.729762594789946,1.8567001386368047,0.4905647883304329,428.24326184623897,35.0,1.0,747249.0,1.0,1566487.0,67608.0,2
2025-12-17 14:29:30.480910,15.7391481043697,1.8621434715900504,0.4688711623152437,435.4263972109472,37.0,1.0,1088718.0,1.0,1993341.0,74002.0,3
2025-12-17 14:29:30.582632,15.74914426078774,1.868135162693747,0.4474221482528754,428.021919667061,34.0,1.0,1285106.0,1.0,2364887.0,87974.0,4
2025-12-17 14:29:30.681932,15.75917107564114,1.8720828616257223,0.4197318778767223,413.95037755554887,28.0,1.0,819860.0,1.0,2419126.0,78491.0,5
2025-12-17 14:29:31.181285,15.81802941541431,1.8864762576472849,0.288374469806063,426.02422225381287,35.0,1.0,429967.0,1.0,1630314.0,75520.0,0
2025-12-17 14:29:31.276711,15.836612002463628,1.8853055112996808,0.2608491339812963,435.7032550517558,39.0,1.0,737201.0,1.0,1816185.0,71977.0,1
2025-12-17 14:29:31.378950,15.84795224978867,1.888936624677342,0.2435409339355177,423.2429353796464,33.0,1.0,746491.0,1.0,1560666.0,67906.0,2
2025-12-17 14:29:31.479924,15.859431955465968,1.8922469821273964,0.2200557717917264,445.4215128061948,41.0,1.0,1093148.0,1.0,1983247.0,73329.0,3
2025-12-17 14:29:31.582222,15.870820055954482,1.8944883861751527,0.1972067288147814,417.01904785856505,29.0,1.0,1274710.0,1.0,2386596.0,88872.0,4
2025-12-17 14:29:31.677092,15.88262704510489,1.8977180938489384,0.1729578976080512,422.9520414596021,32.0,1.0,816261.0,1.0,2426506.0,77804.0,5
2025-12-17 14:29:32.176631,15.918995509947743,1.9019959215818805,0.05880267054222,421.0241131607817,33.0,1.0,427211.0,1.0,1627007.0,75828.0,0
2025-12-17 14:29:32.277047,15.930081196489626,1.9022029186575349,0.0343709137117614,423.7016238975672,33.0,1.0,741706.0,1.0,1814342.0,72834.0,1
2025-12-17 14:29:32.379867,15.941471130505535,1.9016092146024055,0.0113899556032169,427.2426088517229,35.0,1.0,741706.0,1.0,1571797.0,67654.0,2
2025-12-17 14:29:32.480700,15.952242984074768,1.9015032107715424,-0.0085824300738059,428.416619786627,34.0,1.0,1108048.0,1.0,1984590.0,74505.0,3
2025-12-17 14:29:32.580133,15.963665447397531,1.900698975995077,-0.0323429995226116,422.0161808738133,32.0,1.0,1297343.0,1.0,2391448.0,88482.0,4
2025-12-17 14:29:32.677870,15.974401055193637,1.900416445577612,-0.0538889004637405,424.9537147569319,33.0,1.0,827947.0,1.0,2428971.0,77672.0,5
2025-12-17 14:29:33.181303,16.00904957109407,1.8951239562829745,-0.1577591945411338,425.0240030455919,35.0,1.0,425479.0,1.0,1605672.0,75597.0,0
2025-12-17 14:29:33.280215,16.01826121778356,1.893209755950613,-0.1755858107322815,432.69998812550153,37.0,1.0,747755.0,1.0,1837827.0,72196.0,1
2025-12-17 14:29:33.379865,16.02907811633765,1.8918945194745012,-0.1978760450030367,421.24228262360356,32.0,1.0,728520.0,1.0,1567547.0,68044.0,2
2025-12-17 14:29:33.477776,16.039837906560283,1.8894127051142835,-0.2209596819338778,425.4117448571937,32.0,1.0,1071899.0,1.0,1965207.0,74732.0,3
2025-12-17 14:29:33.578893,16.04980149943986,1.8864447578206816,-0.2443351191927116,423.0133114498961,32.0,1.0,1255443.0,1.0,2329142.0,88362.0,4
2025-12-17 14:29:33.678501,16.06141314244588,1.883521307070064,-0.2639229917935018,431.9553878084781,36.0,1.0,817367.0,1.0,2416671.0,77096.0,5
2025-12-17 14:29:34.181852,16.088699739983976,1.872198682942832,-0.3463912045638488,414.0238933822957,30.0,1.0,428949.0,1.0,1635841.0,76395.0,0
2025-12-17 14:29:34.277929,16.098346853214647,1.868188015038811,-0.3778889080604786,425.69836124676266,34.0,1.0,732723.0,1.0,1841563.0,72687.0,1
2025-12-17 14:29:34.378009,16.108974684148457,1.864021716588324,-0.4034243653928657,419.24195700031237,31.0,1.0,739450.0,1.0,1583545.0,68229.0,2
2025-12-17 14:29:34.478631,16.119673576837382,1.859406389927198,-0.4219047933350792,425.4068514513771,32.0,1.0,1082472.0,1.0,1986606.0,74707.0,3
2025-12-17 14:29:34.579149,16.13056669967052,1.8550229636470323,-0.441868142518228,413.0104377279912,28.0,1.0,1285977.0,1.0,2384174.0,89204.0,4
2025-12-17 14:29:34.678136,16.13975515635195,1.8502544832814625,-0.4699836397683363,438.95705919471584,40.0,1.0,841792.0,1.0,2443814.0,76576.0,5
2025-12-17 14:29:35.179908,16.17579391291934,1.830798267346097,-0.5448327879812301,422.02378399224006,34.0,1.0,431570.0,1.0,1619316.0,75777.0,0
2025-12-17 14:29:35.280540,16.18585914222717,1.825458916776416,-0.5643678002004592,415.69672638294475,30.0,1.0,750036.0,1.0,1857840.0,73404.0,1
2025-12-17 14:29:35.382954,16.194927521401024,1.8200706332670415,-0.5875783495129432,420.2416291583393,31.0,1.0,735954.0,1.0,1572330.0,68160.0,2
2025-12-17 14:29:35.481078,16.204697489316217,1.813801291253457,-0.6102841684940642,410.4019502619135,26.0,1.0,1078449.0,1.0,1987279.0,75828.0,3
2025-12-17 14:29:35.580934,16.213637385760837,1.8078244505035488,-0.6265947757620915,411.00755961329,27.0,1.0,1260979.0,1.0,2348138.0,89415.0,4
2025-12-17 14:29:35.681947,16.223001852573244,1.8005325605129627,-0.648621445620163,412.958737563211,28.0,1.0,802292.0,1.0,2410952.0,78571.0,5
2025-12-17 14:29:36.177593,16.24977827813771,1.771562274172478,-0.7496379242459735,435.02367464284725,40.0,1.0,423611.0,1.0,1630314.0,74833.0,0
2025-12-17 14:29:36.279518,16.258108665735516,1.763883641991308,-0.7715542769505025,434.6950974431195,38.0,1.0,762320.0,1.0,1841563.0,72050.0,1
2025-12-17 14:29:36.378754,16.26538474257666,1.7559523213494206,-0.7926480689501918,444.2413042997284,42.0,1.0,768278.0,1.0,1554866.0,66564.0,2
2025-12-17 14:29:36.477689,16.273595913539495,1.7473122608369067,-0.8151158028410725,425.39707760597,32.0,1.0,1079910.0,1.0,1967203.0,74732.0,3
2025-12-17 14:29:36.578495,16.281900674442753,1.7392299608248365,-0.8425708948155101,405.96023658834383,24.0,1.0,837529.0,1.0,2406876.0,79105.0,5
2025-12-17 14:29:37.186249,16.32618943724996,1.6827743417415189,-0.9664211136389176,424.02356409099855,35.0,1.0,428514.0,1.0,1618220.0,75623.0,0
2025-12-17 14:29:37.281564,16.3325724842872,1.673226252619198,-0.9861279848772552,427.69346350059413,35.0,1.0,748261.0,1.0,1814956.0,72515.0,1
2025-12-17 14:29:37.378561,16.33919279896474,1.6631683796924095,-1.009146180889815,413.2409781339188,28.0,1.0,739200.0,1.0,1581938.0,68623.0,2
2025-12-17 14:29:37.487257,16.3468772502937,1.6502709676441931,-1.0392697998048466,446.39214160033146,42.0,1.0,1123151.0,1.0,1983247.0,73230.0,3
2025-12-17 14:29:37.580446,16.350226080976586,1.643197986560626,-1.0570569522104645,408.00181504246666,25.0,1.0,1252896.0,1.0,2419126.0,89658.0,4
2025-12-17 14:29:37.676736,16.35594718521656,1.633774632304661,-1.075126899216816,421.9620728434701,32.0,1.0,829069.0,1.0,2419945.0,77856.0,5
2025-12-17 14:29:38.182832,16.37070082988741,1.5788464023221085,-1.179284974974388,427.02345486238835,36.0,1.0,427789.0,1.0,1651976.0,75418.0,0
2025-12-17 14:29:38.282285,16.374120999136633,1.5683254288581452,-1.2069757130656686,427.69183171862215,36.0,1.0,741455.0,1.0,1840940.0,72490.0,1
2025-12-17 14:29:38.381372,16.37719020187518,1.5578719894747,-1.22923850034596,417.3877700704478,28.0,1.0,1077355.0,1.0,1998070.0,75342.0,3
2025-12-17 14:29:38.478590,16.380624425347825,1.5469030351507325,-1.2440374387910664,420.99923468695107,31.0,1.0,1268684.0,1.0,2364086.0,88572.0,4
2025-12-17 14:29:38.580903,16.384792215502646,1.5364636398191198,-1.264775975831486,403.96358460754436,23.0,1.0,816537.0,1.0,2424043.0,79346.0,5
2025-12-17 14:29:39.182607,16.408782562897127,1.457756886740384,-1.3837004284952428,415.023345283925,30.0,1.0,429967.0,1.0,1640276.0,76317.0,0
2025-12-17 14:29:39.280990,16.41156243561866,1.4464216334680078,-1.38296243403193,423.69020322395244,33.0,1.0,743717.0,1.0,1821726.0,72810.0,1
2025-12-17 14:29:39.382801,16.413914528253017,1.4350639084340973,-1.3814717323625607,420.2403242931653,31.0,1.0,749529.0,1.0,1543332.0,68114.0,2
2025-12-17 14:29:39.480436,16.41683639238371,1.422862641794806,-1.38196455805691,420.38239649868126,30.0,1.0,1088718.0,1.0,1991319.0,75138.0,3
2025-12-17 14:29:39.583601,16.41971425732819,1.4108333395370547,-1.38104610800112,417.99606000535374,30.0,1.0,1249931.0,1.0,2343374.0,88782.0,4
2025-12-17 14:29:40.180807,16.454312687421872,1.3275617416646028,-1.382473762960397,418.0232358780865,32.0,1.0,432887.0,1.0,1630866.0,76085.0,0
2025-12-17 14:29:40.278537,16.456845454084135,1.3165732864722912,-1.3797561643351175,413.68857661752486,29.0,1.0,751306.0,1.0,1852190.0,73503.0,1
2025-12-17 14:29:40.382877,16.458788480352805,1.305297606683295,-1.3804913783634305,410.23999803960015,27.0,1.0,746743.0,1.0,1575526.0,68785.0,2
2025-12-17 14:29:40.477980,16.46123161562746,1.2938922784109206,-1.3807446683645883,422.3775192810904,31.0,1.0,1099456.0,1.0,1982576.0,74986.0,3
2025-12-17 14:29:40.579550,16.463264394112738,1.282329961352362,-1.3797516180327092,416.9931986574013,30.0,1.0,1280331.0,1.0,2397120.0,88842.0,4
2025-12-17 14:29:40.677693,16.46535390005064,1.2707482898581368,-1.380489028192556,440.96709043312006,40.0,1.0,837529.0,1.0,2413401.0,76472.0,5
2025-12-17 14:29:41.182824,16.47624642846966,1.2140676579970364,-1.380254969220036,427.02312605389295,36.0,1.0,429821.0,1.0,1629211.0,75393.0,0
2025-12-17 14:29:41.280287,16.478757145064442,1.2027094695209115,-1.3800286562471946,429.68694315765896,36.0,1.0,738449.0,1.0,1811275.0,72368.0,1
2025-12-17 14:29:41.379165,16.48059939080016,1.1917449777037703,-1.3800453597674591,409.2396730217896,26.0,1.0,722626.0,1.0,1572862.0,68855.0,2
2025-12-17 14:29:41.477257,16.483164763640826,1.1803924806209665,-1.3815009244497145,421.3726335904717,30.0,1.0,1087613.0,1.0,1979894.0,75036.0,3
2025-12-17 14:29:41.578942,16.484876824154192,1.16947979775105,-1.382499086400327,418.9903274177567,30.0,1.0,1263115.0,1.0,2327565.0,88752.0,4
2025-12-17 14:29:41.678272,16.48715928294084,1.1576984733076543,-1.3847019965879046,436.9687633977225,39.0,1.0,806922.0,1.0,2409321.0,76705.0,5
2025-12-17 14:29:42.178511,16.51578394398028,1.0724919942584157,-1.421673476796642,409.02301692348715,27.0,1.0,437009.0,1.0,1641387.0,76783.0,0
2025-12-17 14:29:42.277576,16.517186450945566,1.0610854674881072,-1.4432144792895822,427.68531697192776,35.0,1.0,764129.0,1.0,1825429.0,72539.0,1
2025-12-17 14:29:42.378321,16.51767213239642,1.0510499869886392,-1.469121192756115,423.2393470683549,33.0,1.0,743968.0,1.0,1562251.0,67906.0,2
2025-12-17 14:29:42.481668,16.517667120067646,1.039842795189447,-1.4943790333468652,424.3677227985691,32.0,1.0,1121252.0,1.0,2000099.0,74808.0,3
2025-12-17 14:29:42.580837,16.5178534077492,1.0289058935829445,-1.5140983539509194,425.98744898702705,33.0,1.0,1276005.0,1.0,2406876.0,88153.0,4
2025-12-17 14:29:42.678659,16.51960414886396,1.0171054493530356,-1.530537312510218,422.9704360413016,32.0,1.0,813503.0,1.0,2409321.0,77777.0,5
2025-12-17 14:29:43.181355,16.521528392165273,0.9600046980994748,-1.5592940621569185,426.02290700865177,35.0,1.0,429821.0,1.0,1631970.0,75495.0,0
2025-12-17 14:29:43.279210,16.52123574437267,0.9482664563130392,-1.5610145330668264,419.6836837012122,32.0,1.0,738449.0,1.0,1842810.0,73106.0,1
2025-12-17 14:29:43.384353,16.522039060661733,0.9370703154702068,-1.5637524260708089,421.2390188717712,32.0,1.0,741455.0,1.0,1588376.0,68067.0,2
2025-12-17 14:29:43.484090,16.522150406581282,0.9250816447711916,-1.5597899788295086,416.3628217313361,28.0,1.0,1075897.0,1.0,1977885.0,75418.0,3
2025-12-17 14:29:43.584161,16.522703777453764,0.9127887305598392,-1.562994481591635,431.9845664507998,36.0,1.0,1290773.0,1.0,2348138.0,87588.0,4
2025-12-17 14:29:43.677020,16.523107321575228,0.9013753616477888,-1.560140464804961,415.97210529741574,29.0,1.0,818197.0,1.0,2368090.0,78306.0,5
2025-12-17 14:29:44.188471,16.52248125630628,0.843297910022093,-1.5635951611930363,417.02279662559187,31.0,1.0,435238.0,1.0,1634181.0,76136.0,0
2025-12-17 14:29:44.277693,16.52246622138729,0.8319183980243263,-1.566071236775617,422.68205556853707,33.0,1.0,753598.0,1.0,1833479.0,72908.0,1
2025-12-17 14:29:44.379891,16.530221503232553,0.8147511650927104,-1.563494789191447,433.2386940986322,37.0,1.0,751052.0,1.0,1566487.0,67311.0,2
2025-12-17 14:29:44.481377,16.541215000433855,0.793442586550233,-1.5591386861029686,406.3579457702762,22.0,1.0,1077355.0,1.0,1993341.0,76420.0,3
2025-12-17 14:29:44.582712,16.54175166789049,0.7821978854644129,-1.560865923525966,448.98169762733676,44.0,1.0,1260552.0,1.0,2333876.0,86177.0,4
2025-12-17 14:29:44.681649,16.541154183938513,0.7714100799682839,-1.5591396764870054,424.9737850336041,33.0,1.0,819306.0,1.0,2440507.0,77672.0,5
2025-12-17 14:29:45.179411,16.541948130819666,0.7129069565246997,-1.557921322759415,424.0226880154721,34.0,1.0,432155.0,1.0,1628659.0,75648.0,0
2025-12-17 14:29:45.277098,16.542102234549418,0.7006355496781307,-1.5594185511124228,428.23840140389456,35.0,1.0,742710.0,1.0,1577660.0,67631.0,2
2025-12-17 14:29:45.379244,16.54223314186997,0.688977726607618,-1.558426189474635,425.3535558960184,32.0,1.0,1097969.0,1.0,1979894.0,74758.0,3
2025-12-17 14:29:45.479067,16.5424199505378,0.6777402541499722,-1.561646590922645,420.9791224115939,31.0,1.0,1265682.0,1.0,2355301.0,88542.0,4
2025-12-17 14:29:45.578779,16.542590352588263,0.667641715823116,-1.5606862413819576,430.9752850318389,36.0,1.0,834982.0,1.0,2445468.0,77226.0,5
2025-12-17 14:29:46.182466,16.54343103832393,0.5979449183618222,-1.5584487274067051,430.0225780775105,37.0,1.0,429530.0,1.0,1635841.0,75240.0,0
2025-12-17 14:29:46.277909,16.54293990107068,0.5872069837633838,-1.560186657247418,427.6787940037164,35.0,1.0,764646.0,1.0,1842810.0,72515.0,1
2025-12-17 14:29:46.376702,16.542453649440688,0.5757137501000713,-1.5569660726389467,417.2380426814322,30.0,1.0,743465.0,1.0,1557500.0,68344.0,2
2025-12-17 14:29:46.478399,16.542430901063103,0.5635974697900004,-1.5554643684615157,403.97625134432843,23.0,1.0,1270833.0,1.0,2372904.0,90145.0,4
2025-12-17 14:29:46.581211,16.550048175180173,0.550695068796097,-1.5484257479136116,410.97696109465085,27.0,1.0,805830.0,1.0,2403619.0,78731.0,5
2025-12-17 14:29:47.180345,16.56469297781868,0.4782707495683009,-1.5386755724145984,417.0224687068546,31.0,1.0,433034.0,1.0,1609480.0,76162.0,0
2025-12-17 14:29:47.277998,16.56567757325964,0.4668574185853273,-1.5369504954632591,422.6771632522876,33.0,1.0,761805.0,1.0,1845307.0,72859.0,1
2025-12-17 14:29:47.379031,16.565462829263712,0.4547574064155899,-1.5376935962863276,433.2377156928736,37.0,1.0,753089.0,1.0,1559610.0,67266.0,2
2025-12-17 14:29:47.480912,16.56655372516121,0.443176750022646,-1.5369691905808094,427.34328036717983,33.0,1.0,1089824.0,1.0,1971869.0,74581.0,3
2025-12-17 14:29:47.578494,16.56657364413571,0.4313232302537848,-1.537960539757228,440.9730907863323,41.0,1.0,1266968.0,1.0,2419945.0,86821.0,4
2025-12-17 14:29:47.679828,16.567372994184403,0.4199931502279668,-1.5396802617671992,415.97879797844774,29.0,1.0,812677.0,1.0,2397120.0,78332.0,5
2025-12-17 14:29:48.182558,16.568159427780977,0.3625026515479881,-1.5357889129260622,427.67568827104844,36.0,1.0,758460.0,1.0,1834099.0,72490.0,1
2025-12-17 14:29:48.278830,16.56906035779696,0.350439964454587,-1.5357857309491665,432.237422152551,37.0,1.0,735208.0,1.0,1587301.0,67357.0,2
2025-12-17 14:29:48.379038,16.569133940740162,0.3383392537410934,-1.5395035044104677,429.3388892266126,34.0,1.0,1116707.0,1.0,1991993.0,74455.0,3
2025-12-17 14:29:48.477550,16.57002001124703,0.3266071899568317,-1.5372536077018328,436.97050781065315,39.0,1.0,1275573.0,1.0,2371298.0,87145.0,4
2025-12-17 14:29:48.578523,16.56969168833035,0.3151363444583346,-1.5375006615327764,416.98030059335713,29.0,1.0,833288.0,1.0,2368892.0,78253.0,5
2025-12-17 14:29:49.180805,16.57410511556797,0.2555145129185003,-1.523746944763048,420.02224945018907,33.0,1.0,428224.0,1.0,1641387.0,75905.0,0
2025-12-17 14:29:49.277043,16.574279082083773,0.2432771206758026,-1.5215492495198684,431.6739035969068,37.0,1.0,753089.0,1.0,1818646.0,72245.0,1
2025-12-17 14:29:49.377689,16.57480151388535,0.2314405844813674,-1.5252463726869896,415.2370636731291,29.0,1.0,754875.0,1.0,1581938.0,68483.0,2
2025-12-17 14:29:49.477994,16.575289399105916,0.2199066152408448,-1.5215460045322269,436.3335161828824,37.0,1.0,1075169.0,1.0,1988625.0,73927.0,3
2025-12-17 14:29:49.577948,16.575290443167436,0.2079764346842409,-1.5245141241918991,418.9673463821421,30.0,1.0,1273848.0,1.0,2339412.0,88752.0,4
2025-12-17 14:29:49.677816,16.575911832843722,0.196610687963382,-1.5220398121873615,426.9821386074237,34.0,1.0,850095.0,1.0,2386596.0,77514.0,5
2025-12-17 14:29:50.180000,16.57833887303391,0.1396097871802109,-1.5230439125951667,436.0221399352955,40.0,1.0,432741.0,1.0,1643611.0,74758.0,0
2025-12-17 14:29:50.277553,16.578136601787307,0.1279773083420963,-1.5240542881234933,439.67227215899277,41.0,1.0,755642.0,1.0,1810662.0,71709.0,1
2025-12-17 14:29:50.378318,16.57879724448089,0.116430920981065,-1.5277431357840974,407.2367372391595,26.0,1.0,750544.0,1.0,1583009.0,68995.0,2
2025-12-17 14:29:50.483830,16.57874451335812,0.1048299496404379,-1.524804004885708,417.32859842383345,28.0,1.0,1126577.0,1.0,1966537.0,75342.0,3
2025-12-17 14:29:50.580141,16.579375810987052,0.0929908597262922,-1.5282560432998311,436.96446709526253,39.0,1.0,1262687.0,1.0,2395498.0,87174.0,4
2025-12-17 14:29:50.678390,16.579753010345243,0.0818146960704488,-1.5277557006967235,435.9838115636661,38.0,1.0,829069.0,1.0,2467083.0,76783.0,5
2025-12-17 14:29:51.179371,16.576590216120096,0.026496953219226,-1.5276048605972343,432.0220304011118,38.0,1.0,435090.0,1.0,1643054.0,75036.0,0
2025-12-17 14:29:51.281616,16.577376038441518,0.0147433333597,-1.5310697551822314,425.6706349275345,34.0,1.0,747755.0,1.0,1834099.0,72687.0,1
2025-12-17 14:29:51.379298,16.577893668651352,0.003994189890756,-1.5300823420979708,434.2364106906835,38.0,1.0,739951.0,1.0,1571797.0,67198.0,2
2025-12-17 14:29:51.477892,16.578059185100695,-0.008143645240775,-1.5278776519726662,418.32373823052586,29.0,1.0,1106175.0,1.0,1975209.0,75265.0,3
2025-12-17 14:29:51.580925,16.57941059681211,-0.0199777391174169,-1.5308499840015497,409.9615918564208,26.0,1.0,1264826.0,1.0,2369694.0,89476.0,4
2025-12-17 14:29:51.683193,16.579299826048786,-0.032336684892428,-1.528617479572591,422.9854915907818,32.0,1.0,804740.0,1.0,2391448.0,77777.0,5
2025-12-17 14:29:52.180542,16.5839676624081,-0.0889173869849315,-1.468354662537965,416.02192066964244,31.0,1.0,431132.0,1.0,1646952.0,76265.0,0
2025-12-17 14:29:52.279237,16.5843325605381,-0.1004190325801932,-1.4468212956701645,401.669008200442,24.0,1.0,741706.0,1.0,1805766.0,74354.0,1
2025-12-17 14:29:52.380607,16.58616920584069,-0.1119070545921943,-1.4263177245336127,426.2360840348783,34.0,1.0,747502.0,1.0,1540201.0,67746.0,2
2025-12-17 14:29:52.479864,16.58852857264231,-0.1229012642930467,-1.4036409055946877,422.3188393634444,31.0,1.0,1086509.0,1.0,1972537.0,74986.0,3
2025-12-17 14:29:52.580043,16.589881899539755,-0.133807857856457,-1.3793505974096234,423.95872140397444,32.0,1.0,1255018.0,1.0,2371298.0,88303.0,4
2025-12-17 14:29:52.680921,16.59156147210641,-0.1449711658112455,-1.357622366590198,427.9871597885222,34.0,1.0,828508.0,1.0,2411768.0,77410.0,5
2025-12-17 14:29:53.178687,16.612591440052835,-0.200513621862882,-1.2469825914170114,417.02181126983214,31.0,1.0,434502.0,1.0,1599705.0,76136.0,0
2025-12-17 14:29:53.278950,16.62902094161727,-0.2141547885252972,-1.2239556956845556,429.66737806212114,36.0,1.0,750798.0,1.0,1832858.0,72417.0,1
2025-12-17 14:29:53.378653,16.63268664951935,-0.2250750087573347,-1.220500564180191,435.23575844355753,38.0,1.0,746996.0,1.0,1583545.0,67152.0,2
2025-12-17 14:29:53.478972,16.63716661391008,-0.2356965154307424,-1.2209849592089708,416.3139544991048,28.0,1.0,1110676.0,1.0,1993341.0,75393.0,3
2025-12-17 14:29:53.579074,16.641655808840422,-0.2462888593801864,-1.217985918664545,429.9558512014779,35.0,1.0,1273848.0,1.0,2356099.0,87796.0,4
2025-12-17 14:29:53.677663,16.645239969470715,-0.2567115375646445,-1.220199402320869,438.98882633767397,39.0,1.0,823197.0,1.0,2419945.0,76602.0,5
2025-12-17 14:29:54.186067,16.66314509877926,-0.3072255642053978,-1.1326731214900998,429.02170085783706,37.0,1.0,427789.0,1.0,1653654.0,75265.0,0
2025-12-17 14:29:54.280687,16.675785838957122,-0.3071212634476161,-1.0999273034588395,427.6657446234531,35.0,1.0,742710.0,1.0,1845931.0,72515.0,1
2025-12-17 14:29:54.386302,16.68313550643858,-0.3161653474762271,-1.0833061979809713,436.2354297194619,38.0,1.0,754109.0,1.0,1569140.0,67107.0,2
2025-12-17 14:29:54.479955,16.68932863479214,-0.3268541973548373,-1.0606273342647026,420.30906046746736,30.0,1.0,1085774.0,1.0,1951949.0,75113.0,3
2025-12-17 14:29:54.580869,16.695431303794972,-0.3371780638117378,-1.0378832134472704,428.9529730580469,35.0,1.0,1236886.0,1.0,2319701.0,87885.0,4
2025-12-17 14:29:54.678762,16.700928771536223,-0.3473935920677551,-1.0197954644178475,409.9905001717146,26.0,1.0,812677.0,1.0,2416671.0,78784.0,5
2025-12-17 14:29:55.182315,16.73252558640312,-0.3928473003464621,-0.9125359199889572,421.0215916659439,33.0,1.0,430549.0,1.0,1630314.0,75879.0,0
2025-12-17 14:29:55.279403,16.738769908470204,-0.402406704378853,-0.8880567357630609,433.66411611084675,38.0,1.0,746743.0,1.0,1850936.0,72123.0,1
2025-12-17 14:29:55.377547,16.745615178570556,-0.4115323462033338,-0.8694797119454885,428.235106346823,35.0,1.0,739200.0,1.0,1577126.0,67631.0,2
2025-12-17 14:29:55.478766,16.753231494286602,-0.4193440639786967,-0.8504414001076461,420.30417705522774,30.0,1.0,1090193.0,1.0,1994691.0,75113.0,3
2025-12-17 14:29:55.582650,16.76109432082183,-0.4265734376320083,-0.8228342429842759,425.9500949548377,34.0,1.0,1266111.0,1.0,2361687.0,88094.0,4
2025-12-17 14:29:55.679730,16.76841102062943,-0.4342468833566535,-0.7959158710651075,422.9921737867237,32.0,1.0,826547.0,1.0,2428149.0,77777.0,5
2025-12-17 14:29:56.177585,16.837270269046858,-0.465939923010044,-0.656505616329579,431.0214825812426,38.0,1.0,434796.0,1.0,1619864.0,75138.0,0
2025-12-17 14:29:56.278480,16.84681484093104,-0.4726435859718041,-0.6340226787842375,420.66248700959153,32.0,1.0,740452.0,1.0,1854699.0,73032.0,1
2025-12-17 14:29:56.377992,16.855842592456103,-0.4803989260389354,-0.6060466254982789,407.23477997287944,26.0,1.0,732475.0,1.0,1577660.0,68995.0,2
2025-12-17 14:29:56.479726,16.86313836583281,-0.4881198689981527,-0.5763748695636556,418.29928313604245,29.0,1.0,1094259.0,1.0,1977216.0,75291.0,3
2025-12-17 14:29:56.580815,16.870947508973,-0.4948769472512762,-0.5483365309431717,432.9472272403474,37.0,1.0,1255018.0,1.0,2326778.0,87499.0,4
2025-12-17 14:29:56.679602,16.86645250721845,-0.4982514080649718,-0.5219814264991225,431.99384556922456,36.0,1.0,818751.0,1.0,2453759.0,77122.0,5
2025-12-17 14:29:57.180388,16.891778602603367,-0.5192010579646453,-0.4032080598822097,433.021372670901,39.0,1.0,429385.0,1.0,1651976.0,74960.0,0
2025-12-17 14:29:57.280027,16.901481615333175,-0.5229206984039116,-0.3749896967105138,440.6608538807387,41.0,1.0,757947.0,1.0,1850936.0,71612.0,1
2025-12-17 14:29:57.380890,16.911738044762465,-0.5271152946869258,-0.3529942306825852,433.2344527986967,37.0,1.0,747249.0,1.0,1561722.0,67311.0,2
2025-12-17 14:29:57.480128,16.922997824650928,-0.5308861529796616,-0.3347410335635558,406.29439194504505,19.0,1.0,1095000.0,1.0,1973204.0,76965.0,3
2025-12-17 14:29:57.578562,16.931471866129062,-0.5261820823235386,-0.3069043922449155,428.9443607267654,35.0,1.0,1249508.0,1.0,2402806.0,87885.0,4
2025-12-17 14:29:57.677754,16.935631769673805,-0.5117472122282436,-0.2639971993013816,424.99551447589147,33.0,1.0,822361.0,1.0,2406876.0,77672.0,5
2025-12-17 14:29:58.179543,16.945892206583835,-0.5138396026085132,-0.2442711911182364,422.0212631603915,34.0,1.0,432009.0,1.0,1629762.0,75777.0,0
2025-12-17 14:29:58.280748,16.945892206583835,-0.5138396026085132,-0.2442711911182364,432.6592220987667,37.0,1.0,751052.0,1.0,1819261.0,72196.0,1
2025-12-17 14:29:58.380394,16.951525514567056,-0.5163864987353399,-0.2304609365192111,406.28999034153514,20.0,1.0,1091300.0,1.0,1991319.0,76939.0,3
2025-12-17 14:29:58.478810,16.960905356127057,-0.5183966528215525,-0.2138521113800904,427.94177432648644,34.0,1.0,1276869.0,1.0,2368892.0,87945.0,4
2025-12-17 14:29:58.579397,16.974265277891885,-0.5200693599313109,-0.1855184117017357,427.99702201984655,34.0,1.0,820415.0,1.0,2377728.0,77410.0,5
2025-12-17 14:29:59.178660,17.080720981441427,-0.5105963783223793,-0.0407231599160293,425.021153654047,35.0,1.0,437601.0,1.0,1649183.0,75597.0,0
2025-12-17 14:29:59.283802,17.091157052373905,-0.51080093255249,-0.0161997976805935,422.65758651259017,33.0,1.0,748768.0,1.0,1847181.0,72859.0,1
2025-12-17 14:29:59.381033,17.102336991515504,-0.5110787227002866,0.0084241419698399,435.23380029450243,38.0,1.0,735208.0,1.0,1561194.0,67175.0,2
2025-12-17 14:29:59.478452,17.11340122442976,-0.5111726768757237,0.0313048880406107,426.28462168832954,33.0,1.0,1087613.0,1.0,1978554.0,74732.0,3
2025-12-17 14:29:59.579050,17.125346322598137,-0.5104342988492991,0.0505496531372074,404.9386133519073,24.0,1.0,1232706.0,1.0,2319701.0,89901.0,4
2025-12-17 14:29:59.677731,17.137327339126298,-0.509598895703709,0.0736765433347231,419.99885843046843,31.0,1.0,805830.0,1.0,2419945.0,77988.0,5
2025-12-17 14:30:00.179323,17.1798466370526,-0.4992769801029855,0.1954769690733794,415.02104397825605,30.0,1.0,431863.0,1.0,1646394.0,76317.0,0
2025-12-17 14:30:00.278550,17.165896161676955,-0.4903142958679662,0.2239551113240585,409.6559644702296,27.0,1.0,740201.0,1.0,1826665.0,73827.0,1
2025-12-17 14:30:00.378799,17.177269202038573,-0.4872482684873489,0.2446614538348762,447.23347479452576,44.0,1.0,757178.0,1.0,1567547.0,66384.0,2
2025-12-17 14:30:00.477632,17.189131750495864,-0.4834663863899067,0.2666872256488411,434.2797364719657,36.0,1.0,1076990.0,1.0,1969868.0,74153.0,3
2025-12-17 14:30:00.579044,17.200257869161327,-0.4806714693824858,0.2943576895560378,431.9357403827248,36.0,1.0,1268255.0,1.0,2409321.0,87588.0,4
2025-12-17 14:30:00.679894,17.210695211223285,-0.476871741076053,0.3171493314108079,438.00053404351337,39.0,1.0,828227.0,1.0,2396309.0,76679.0,5
2025-12-17 14:30:01.181129,17.225603541275685,-0.4413287328729787,0.4423676472524108,412.02093417718874,29.0,1.0,436565.0,1.0,1617125.0,76524.0,0
2025-12-17 14:30:01.277451,17.236787285096266,-0.4367297171678288,0.4629336972618331,420.65433565596106,32.0,1.0,761032.0,1.0,1864770.0,73007.0,1
2025-12-17 14:30:01.377817,17.247268324263406,-0.4314507834063406,0.4878887557786444,419.23314888611065,31.0,1.0,746238.0,1.0,1581938.0,68206.0,2
2025-12-17 14:30:01.478870,17.256478739036524,-0.4257742763861394,0.5108821262358653,409.2748411935757,25.0,1.0,1117085.0,1.0,1987279.0,75982.0,3
2025-12-17 14:30:01.583444,17.266119419026055,-0.4207159986807216,0.533680474258805,444.93285475516416,42.0,1.0,1270403.0,1.0,2320486.0,86498.0,4
2025-12-17 14:30:01.678565,17.2757089844104,-0.4165540615433514,0.5560343889439295,410.0022038179464,26.0,1.0,808836.0,1.0,2403619.0,78757.0,5
2025-12-17 14:30:02.178485,17.30220541970218,-0.3768718500868555,0.6494435447425853,423.02082486385535,34.0,1.0,424472.0,1.0,1622607.0,75725.0,0
2025-12-17 14:30:02.281687,17.31013946228303,-0.369250302101122,0.6738033422333738,443.6526981424079,43.0,1.0,753089.0,1.0,1845307.0,71419.0,1
2025-12-17 14:30:02.378762,17.31755837555176,-0.3616207244429841,0.7009999885204291,440.2328223490527,40.0,1.0,743465.0,1.0,1569140.0,66857.0,2
2025-12-17 14:30:02.481912,17.326328227948995,-0.3538468136329253,0.7227434578718135,429.2699370950229,34.0,1.0,1088718.0,1.0,1965872.0,74581.0,3
2025-12-17 14:30:02.581099,17.336306723081304,-0.3462607822906829,0.7427136398923755,418.929988505897,30.0,1.0,1272124.0,1.0,2376923.0,88722.0,4
2025-12-17 14:30:03.183909,17.408085440945523,-0.2869269917065722,0.8742349466051107,435.0207146662439,40.0,1.0,437009.0,1.0,1646952.0,74833.0,0
2025-12-17 14:30:03.277518,17.415397515013748,-0.278845877109541,0.8985315445842661,432.2325291489867,37.0,1.0,751815.0,1.0,1568609.0,67357.0,2
2025-12-17 14:30:03.378638,17.422396142913826,-0.2703846477079175,0.9203483405454432,443.2655527993714,40.0,1.0,1111429.0,1.0,1998746.0,73578.0,3
2025-12-17 14:30:03.479918,17.429658956902664,-0.26179338546679,0.9425836762984326,426.92740621111557,34.0,1.0,1274710.0,1.0,2376119.0,88064.0,4
2025-12-17 14:30:03.582780,17.435679333516784,-0.2528225057996192,0.965028045284668,436.005387658793,38.0,1.0,810206.0,1.0,2392257.0,76783.0,5
2025-12-17 14:30:04.181518,17.46137597456056,-0.1763523087178509,1.1108643346996865,411.0206053251809,29.0,1.0,434208.0,1.0,1660946.0,76576.0,0
2025-12-17 14:30:04.279759,17.465922135721605,-0.1659239342389451,1.133005377390128,430.64944007360714,37.0,1.0,744724.0,1.0,1842810.0,72294.0,1
2025-12-17 14:30:04.381211,17.46949370633307,-0.1556418986577714,1.1562321432731084,412.2321690925749,28.0,1.0,735456.0,1.0,1576059.0,68669.0,2
2025-12-17 14:30:04.477926,17.47320366864188,-0.1456515320750799,1.1842307109468295,422.26017813241833,31.0,1.0,1082472.0,1.0,1987952.0,75036.0,3
2025-12-17 14:30:04.577581,17.478129144674767,-0.1354509210011212,1.207258495066927,419.92425264022245,31.0,1.0,1265254.0,1.0,2339412.0,88602.0,4
2025-12-17 14:30:04.678455,17.48264987495386,-0.1241450115994879,1.2265291511046272,422.00721962357613,32.0,1.0,825988.0,1.0,2407690.0,77830.0,5
2025-12-17 14:30:05.182007,17.487798186276414,-0.046959354041034,1.357578351718195,422.0204956684609,34.0,1.0,428224.0,1.0,1633075.0,75777.0,0
2025-12-17 14:30:05.287508,17.490660624626248,-0.0325735927895713,1.3918718957908098,422.647796831734,33.0,1.0,747249.0,1.0,1842810.0,72908.0,1
2025-12-17 14:30:05.381969,17.491185072833403,-0.0291069090549775,1.3997435550062498,423.23184261652176,33.0,1.0,753089.0,1.0,1580867.0,67906.0,2
2025-12-17 14:30:05.477472,17.495001917127855,-0.0174601818632993,1.4056863181287522,414.25529112659797,27.0,1.0,1085039.0,1.0,1965207.0,75648.0,3
2025-12-17 14:30:05.579968,17.496536687124678,-0.0066593362560283,1.4108799259532474,432.9213727959835,37.0,1.0,1274710.0,1.0,2368090.0,87499.0,4
2025-12-17 14:30:05.677915,17.498975775211825,0.004881051266329,1.410390528239996,433.00889071721446,37.0,1.0,813228.0,1.0,2409321.0,77070.0,5
2025-12-17 14:30:06.181306,17.496259819899564,0.0942342920920502,1.424392234994347,425.0203861421686,35.0,1.0,429967.0,1.0,1611115.0,75597.0,0
2025-12-17 14:30:06.278357,17.497125497110495,0.1059341037333645,1.4229026030494898,429.6461811471074,36.0,1.0,756153.0,1.0,1843434.0,72368.0,1
2025-12-17 14:30:06.384208,17.499021097979767,0.1174681575738301,1.4253570525433306,426.23151565732377,34.0,1.0,743465.0,1.0,1572330.0,67723.0,2
2025-12-17 14:30:06.481129,17.500867680377045,0.1290490683695662,1.4261011507931507,422.25038402117144,31.0,1.0,1086509.0,1.0,1972537.0,75036.0,3
2025-12-17 14:30:06.578578,17.50203859314413,0.1403166123686112,1.4382572105176323,432.010396622613,36.0,1.0,831316.0,1.0,2428971.0,77122.0,5
2025-12-17 14:30:07.181431,17.508653945887815,0.2080773645401183,1.53220199522329,410.64470858894924,28.0,1.0,756922.0,1.0,1855955.0,73727.0,1
2025-12-17 14:30:07.280385,17.50934355525967,0.2190696937867606,1.5356305246304778,434.2312232986018,38.0,1.0,736204.0,1.0,1576593.0,67198.0,2
2025-12-17 14:30:07.378568,17.51023289224416,0.2308722676443828,1.5361246983384498,409.2459962395022,25.0,1.0,1094259.0,1.0,1995366.0,75982.0,3
2025-12-17 14:30:07.477795,17.51017987803948,0.2426512817106942,1.5356556369618213,411.9159203647842,27.0,1.0,1255443.0,1.0,2354504.0,89355.0,4
2025-12-17 14:30:07.581167,17.51105217827317,0.254109254784959,1.5361444088119254,411.0120729479284,27.0,1.0,805285.0,1.0,2467918.0,78731.0,5
2025-12-17 14:30:08.180634,17.529631630520527,0.3385217328211638,1.5420201813185277,430.02016700957375,37.0,1.0,428659.0,1.0,1641387.0,75189.0,0
2025-12-17 14:30:08.276658,17.530657395994858,0.3496441139394264,1.545743407240051,430.6429227048978,37.0,1.0,747502.0,1.0,1847181.0,72343.0,1
2025-12-17 14:30:08.378355,17.530661766040126,0.3615235761810158,1.5452514831963289,428.2308651091972,35.0,1.0,748768.0,1.0,1578728.0,67631.0,2
2025-12-17 14:30:08.484555,17.53087513394575,0.3728490966210636,1.544777812425706,414.24058881962725,27.0,1.0,1127340.0,1.0,2000099.0,75623.0,3
2025-12-17 14:30:08.581204,17.531778214078415,0.3845773715318845,1.548474095300916,430.91275028571107,36.0,1.0,1266111.0,1.0,2376119.0,87677.0,4
2025-12-17 14:30:08.679563,17.53139880097302,0.3966776658069282,1.5450350398013266,436.0139094622141,38.0,1.0,808836.0,1.0,2424043.0,76783.0,5
2025-12-17 14:30:09.178749,17.531793976290974,0.4553275077164773,1.5445175013495325,410.0200576130516,28.0,1.0,436418.0,1.0,1649183.0,76654.0,0
2025-12-17 14:30:09.278498,17.532142236319494,0.4672550522909642,1.5457381443232137,441.64128909827735,42.0,1.0,751815.0,1.0,1842187.0,71540.0,1
2025-12-17 14:30:09.379679,17.531909357429285,0.4784272956801256,1.5425240382009535,431.2305384484986,36.0,1.0,749021.0,1.0,1565427.0,67425.0,2
2025-12-17 14:30:09.480729,17.532763441595254,0.4890748915897625,1.545986754977858,403.9101659626013,23.0,1.0,1287719.0,1.0,2375315.0,90175.0,4
2025-12-17 14:30:09.579515,17.532823859970502,0.5009411834468569,1.5447533878146205,420.01541417882305,31.0,1.0,825149.0,1.0,2407690.0,78015.0,5
2025-12-17 14:30:10.178621,17.517049391609827,0.5733815290798319,1.5528389336351744,426.0199480239567,35.0,1.0,426200.0,1.0,1644723.0,75469.0,0
2025-12-17 14:30:10.277028,17.50366485002766,0.5867234085630049,1.5553088292612536,406.63966088896376,26.0,1.0,752070.0,1.0,1833479.0,74052.0,1
2025-12-17 14:30:10.378992,17.503551517510804,0.5977970565413333,1.5562922504714969,435.23021244384597,38.0,1.0,753854.0,1.0,1565427.0,67152.0,2
2025-12-17 14:30:10.475942,17.503767820725315,0.6098478219535224,1.5575484371890949,445.2308524794692,41.0,1.0,1089824.0,1.0,1996718.0,73404.0,3
2025-12-17 14:30:10.579440,17.503502255188998,0.6213879502103925,1.5553234242135292,405.90700938081835,25.0,1.0,1293397.0,1.0,2348138.0,89810.0,4
2025-12-17 14:30:10.679444,17.504244959932727,0.6331982243801395,1.5572932112990343,419.0172532562794,30.0,1.0,813778.0,1.0,2428149.0,78120.0,5
2025-12-17 14:30:11.178927,17.505319963846656,0.6904451167252414,1.5595162842734458,435.0198383872941,39.0,1.0,428949.0,1.0,1617672.0,74859.0,0
2025-12-17 14:30:11.279527,17.505120452936314,0.7022909052614121,1.5562908122084516,419.63802620777375,32.0,1.0,756409.0,1.0,1851563.0,73106.0,1
2025-12-17 14:30:11.378476,17.5050892635402,0.713667240194372,1.5582515189412565,434.22988638340826,37.0,1.0,755130.0,1.0,1578728.0,67243.0,2
2025-12-17 14:30:11.478349,17.505435209787624,0.7254863375659788,1.558229306948695,422.2259514855746,31.0,1.0,1116707.0,1.0,2002809.0,75087.0,3
2025-12-17 14:30:11.585895,17.505301787606605,0.7368145593782565,1.559709848338205,420.9041178492707,31.0,1.0,1269543.0,1.0,2375315.0,88572.0,4
2025-12-17 14:30:11.685661,17.50584545137237,0.7480743964771346,1.5609578752713074,445.01893564759814,42.0,1.0,832161.0,1.0,2426506.0,76136.0,5
2025-12-17 14:30:12.187611,17.505792364238765,0.805421583701543,1.5636976752832774,429.0197278323765,37.0,1.0,425911.0,1.0,1629211.0,75265.0,0
2025-12-17 14:30:12.277233,17.50536583383234,0.8171680988393248,1.5610044854503418,435.6363993420797,39.0,1.0,743213.0,1.0,1838450.0,72001.0,1
2025-12-17 14:30:12.380687,17.505796269076093,0.8284929214026846,1.5627251016746284,432.22955943334466,37.0,1.0,738949.0,1.0,1563309.0,67357.0,2
2025-12-17 14:30:12.477060,17.485916623725377,0.8465600614571489,1.5683648505410646,410.2210685622576,26.0,1.0,1086509.0,1.0,2017777.0,75931.0,3
2025-12-17 14:30:12.578791,17.452252097144225,0.8659868384856839,1.5854347136271132,426.9012652725458,34.0,1.0,1260979.0,1.0,2321272.0,88064.0,4
2025-12-17 14:30:12.680376,17.452451141137765,0.8779348756153613,1.5859261542660654,423.020598807613,32.0,1.0,806376.0,1.0,2354504.0,77804.0,5
2025-12-17 14:30:13.182578,17.451740793606692,0.9365297839969688,1.5856802056438637,429.0196187808849,37.0,1.0,422323.0,1.0,1654214.0,75265.0,0
2025-12-17 14:30:13.277917,17.45092219619602,0.9479294748314028,1.5846936627483943,408.63476762044013,27.0,1.0,749021.0,1.0,1840940.0,73902.0,1
2025-12-17 14:30:13.382111,17.45090995977939,0.95921651666381,1.583454137524649,421.2292327400231,32.0,1.0,737201.0,1.0,1535516.0,68067.0,2
2025-12-17 14:30:13.482569,17.450489153810434,0.9706527882898291,1.5814761559873345,431.21615240198537,35.0,1.0,1099828.0,1.0,1982576.0,74379.0,3
2025-12-17 14:30:13.582052,17.450550599461895,0.9819037978737696,1.5829519734941708,403.8983829173167,21.0,1.0,1260126.0,1.0,2409321.0,90573.0,4
2025-12-17 14:30:13.679970,17.450410742077384,0.9930722671819368,1.5809976106242083,434.02227012529886,37.0,1.0,813503.0,1.0,2403619.0,76992.0,5
2025-12-17 14:30:14.178009,17.449664511368876,1.05085604343971,1.5839921204706298,411.01950967853753,29.0,1.0,429094.0,1.0,1620961.0,76576.0,0
2025-12-17 14:30:14.280227,17.449756423279972,1.061972142802789,1.5862284159930375,429.6331332474347,36.0,1.0,751815.0,1.0,1840317.0,72417.0,1
2025-12-17 14:30:14.382021,17.450475771076487,1.073673354393561,1.5879451325852647,418.22890654061194,30.0,1.0,742710.0,1.0,1572862.0,68252.0,2
2025-12-17 14:30:14.478653,17.450092238728203,1.0854247969559232,1.5834765566032694,414.2112823226638,27.0,1.0,1106175.0,1.0,1975878.0,75623.0,3
2025-12-17 14:30:14.578774,17.450922179383113,1.096185154801736,1.5820196136756064,421.8955193485458,32.0,1.0,1286412.0,1.0,2380143.0,88482.0,4
2025-12-17 14:30:14.677827,17.451192372777655,1.1080269046434683,1.5862005923385216,414.0239385387268,28.0,1.0,831598.0,1.0,2418307.0,78438.0,5
2025-12-17 14:30:15.181161,17.420675274617622,1.1697104116722912,1.60467177279559,428.01939972994444,36.0,1.0,427934.0,1.0,1633628.0,75367.0,0
2025-12-17 14:30:15.277285,17.42024329382631,1.1811639023225895,1.606411501836576,424.6315074383736,34.0,1.0,735954.0,1.0,1861617.0,72736.0,1
2025-12-17 14:30:15.378830,17.42019324271383,1.1929464625588224,1.6083841851798697,423.2285813528362,33.0,1.0,751815.0,1.0,1564367.0,67929.0,2
2025-12-17 14:30:15.479398,17.418811766610578,1.2043987010093975,1.6088776170342722,422.20638945466203,31.0,1.0,1090562.0,1.0,2000099.0,75087.0,3
2025-12-17 14:30:15.580775,17.41869495901007,1.2162617036639445,1.6076489475171771,440.8926406132796,41.0,1.0,1279465.0,1.0,2347343.0,86821.0,4
2025-12-17 14:30:15.682895,17.418079619219778,1.228153899531696,1.60419215933611,408.0256190089216,26.0,1.0,826827.0,1.0,2411768.0,78917.0,5
2025-12-17 14:30:16.178626,17.41570750175562,1.2854373393440923,1.606911730695492,424.0192904046643,35.0,1.0,429530.0,1.0,1636949.0,75623.0,0
2025-12-17 14:30:16.279400,17.41563933470577,1.2975366569706903,1.6088789099551406,433.62987338333636,38.0,1.0,752579.0,1.0,1839694.0,72099.0,1
2025-12-17 14:30:16.379057,17.414697817689483,1.3087958675045694,1.605667317929092,433.2282550500105,37.0,1.0,750798.0,1.0,1581938.0,67311.0,2
2025-12-17 14:30:16.480596,17.414491559248408,1.3198176235321153,1.608109112549959,433.2014943718411,36.0,1.0,1083571.0,1.0,1972537.0,74278.0,3
2025-12-17 14:30:16.578434,17.414075227903076,1.3316337846971802,1.597212666489568,425.8897743525204,34.0,1.0,1274710.0,1.0,2384174.0,88094.0,4
2025-12-17 14:30:16.679892,17.413659950130494,1.342673200292012,1.579883753746129,432.02728598443247,36.0,1.0,839232.0,1.0,2432261.0,77122.0,5
2025-12-17 14:30:17.181027,17.396816829861013,1.3975239972102216,1.4739319107119635,429.01918053838307,37.0,1.0,433767.0,1.0,1581938.0,75265.0,0
2025-12-17 14:30:17.278103,17.38729818846989,1.4073650907220294,1.4621766532131355,427.6282448919279,35.0,1.0,747249.0,1.0,1837827.0,72515.0,1
2025-12-17 14:30:17.379759,17.388743775579556,1.4188964797169843,1.437414858901092,425.1970981611469,32.0,1.0,1089824.0,1.0,2003487.0,74808.0,3
2025-12-17 14:30:17.479881,17.3911357521386,1.43025595179844,1.4097881931794596,427.8871845075307,34.0,1.0,1267397.0,1.0,2368090.0,87945.0,4
2025-12-17 14:30:17.579501,17.39336893354221,1.4413112387482023,1.3858119942533866,409.02879012754664,26.0,1.0,821527.0,1.0,2422403.0,78837.0,5
2025-12-17 14:30:18.179467,17.40865674135368,1.5077662357572628,1.342977473006438,415.0190711062399,31.0,1.0,428369.0,1.0,1627007.0,76265.0,0
2025-12-17 14:30:18.278491,17.4116300564137,1.518535289091119,1.3439454053778306,427.6266136529478,35.0,1.0,749529.0,1.0,1837827.0,72539.0,1
2025-12-17 14:30:18.379403,17.41415563067975,1.5297718121883026,1.3345423611742828,429.22760247959184,36.0,1.0,742459.0,1.0,1569140.0,67517.0,2
2025-12-17 14:30:18.477805,17.41721650905038,1.5430695423880394,1.3299718807107748,427.191729566612,33.0,1.0,1072988.0,1.0,1977216.0,74707.0,3
2025-12-17 14:30:18.578003,17.419914002247683,1.5550907876910005,1.3114458601163752,426.8840296179368,34.0,1.0,1269973.0,1.0,2409321.0,88064.0,4
2025-12-17 14:30:18.678422,17.423896280592913,1.5645827195990911,1.2886503698557346,419.0306275196305,31.0,1.0,839516.0,1.0,2433085.0,78067.0,5
2025-12-17 14:30:19.181576,17.442635588616312,1.6182570440910933,1.171556202152966,420.01896127196284,33.0,1.0,428224.0,1.0,1617125.0,75905.0,0
2025-12-17 14:30:19.279548,17.44624488804435,1.6294447993166212,1.1521273820301214,440.6249813230921,41.0,1.0,749021.0,1.0,1834720.0,71612.0,1
2025-12-17 14:30:19.378278,17.45119615978855,1.639292433823,1.12661000479768,428.22727661782744,35.0,1.0,758460.0,1.0,1574460.0,67631.0,2
2025-12-17 14:30:19.477800,17.456036809528737,1.648556235761605,1.097991233966178,426.18684036552935,33.0,1.0,1109549.0,1.0,1978554.0,74758.0,3
2025-12-17 14:30:19.579522,17.46165544381658,1.6574559932744393,1.075701448286568,428.88115226745003,35.0,1.0,1280764.0,1.0,2344167.0,87885.0,4
2025-12-17 14:30:19.684361,17.466884582842532,1.6678856893239615,1.057164605682807,414.03230944613426,28.0,1.0,843789.0,1.0,2406061.0,78465.0,5
2025-12-17 14:30:20.182070,17.522727717407413,1.7190454828445445,0.9584265675261548,400.0188516146948,24.0,1.0,423181.0,1.0,1640276.0,77410.0,0
2025-12-17 14:30:20.283332,17.529164036066565,1.7281521000720763,0.9369761243781408,429.6233445465729,36.0,1.0,740201.0,1.0,1845931.0,72392.0,1
2025-12-17 14:30:20.385653,17.536145795300545,1.7381323865849545,0.913265009677288,417.22694798311846,30.0,1.0,743213.0,1.0,1564367.0,68344.0,2
2025-12-17 14:30:20.477829,17.543213710613752,1.7469996632826508,0.891972445281363,424.18195099821304,32.0,1.0,1073351.0,1.0,1991993.0,74884.0,3
2025-12-17 14:30:20.579231,17.54977713771125,1.756126429494696,0.8669202573988384,420.8782801170687,31.0,1.0,1249508.0,1.0,2333876.0,88572.0,4
2025-12-17 14:30:20.678401,17.557726565049315,1.7644054897773511,0.8444435709624488,409.03397147755146,26.0,1.0,828508.0,1.0,2434732.0,78837.0,5
2025-12-17 14:30:21.180856,17.608897342258093,1.7976088738345837,0.7191351165673091,411.0187421446289,29.0,1.0,429240.0,1.0,1623706.0,76576.0,0
2025-12-17 14:30:21.277192,17.617351637427795,1.805785384777428,0.6978048674653792,419.6217239521908,32.0,1.0,745481.0,1.0,1828521.0,73057.0,1
2025-12-17 14:30:21.389477,17.626582006021653,1.812617422535704,0.6753048698133952,425.2266205068479,34.0,1.0,757178.0,1.0,1583009.0,67792.0,2
2025-12-17 14:30:21.478016,17.635409832681727,1.8188874079560728,0.6503097967875315,428.17706085839916,34.0,1.0,1099456.0,1.0,1991319.0,74606.0,3
2025-12-17 14:30:21.582356,17.64508365368046,1.824662199980072,0.6292422557043557,420.87539815256577,31.0,1.0,1263970.0,1.0,2393877.0,88542.0,4
2025-12-17 14:30:21.681230,17.654422882601228,1.8310145895547745,0.6095422812762711,426.03564820414607,33.0,1.0,843503.0,1.0,2447953.0,77593.0,5
2025-12-17 14:30:22.177827,17.719144461104843,1.858188909760832,0.4975181475674851,416.0186328734927,31.0,1.0,432594.0,1.0,1608391.0,76265.0,0
2025-12-17 14:30:22.277027,17.72621355587251,1.861220375806532,0.4793536088652347,427.2263309625015,34.0,1.0,745481.0,1.0,1588376.0,67700.0,2
2025-12-17 14:30:22.379283,17.7268193340455,1.862014248018744,0.4746655956182629,427.1726543607745,33.0,1.0,1102064.0,1.0,2003487.0,74732.0,3
2025-12-17 14:30:22.482530,17.726689880570476,1.862055820116261,0.4741661583705986,412.8728119648878,28.0,1.0,1274710.0,1.0,2333086.0,89204.0,4
2025-12-17 14:30:22.577019,17.726689880570476,1.862055820116261,0.4741661583705986,419.03714596023354,30.0,1.0,818197.0,1.0,2429793.0,78120.0,5
2025-12-17 14:30:23.183629,17.782316194006974,1.860775750391074,0.4132195493572708,407.0185226344513,27.0,1.0,423181.0,1.0,1636395.0,76887.0,0
2025-12-17 14:30:23.280691,17.794450752753576,1.8659584546629608,0.3931733186856026,419.6184570340896,32.0,1.0,749529.0,1.0,1859098.0,73057.0,1
2025-12-17 14:30:23.382141,17.80689446955851,1.8730922440819864,0.3677436262138925,407.2259704425186,26.0,1.0,736951.0,1.0,1587301.0,68972.0,2
2025-12-17 14:30:23.479887,17.819161517993273,1.8786095812726185,0.3405446214300343,411.1672732596007,26.0,1.0,1083938.0,1.0,1975878.0,75879.0,3
2025-12-17 14:30:23.581584,17.831119430146565,1.8840551022195235,0.3191871367453717,442.8696543976705,41.0,1.0,1286412.0,1.0,2418307.0,86674.0,4
2025-12-17 14:30:23.681785,17.841773361881227,1.8880528224322275,0.2976709175652149,433.03899312513704,37.0,1.0,824312.0,1.0,2406061.0,77044.0,5
2025-12-17 14:30:24.182345,17.893692892841326,1.898947898821815,0.1936551924197325,427.01841317205765,36.0,1.0,430404.0,1.0,1623706.0,75393.0,0
2025-12-17 14:30:24.280367,17.905285408018752,1.9014109707832336,0.169527294328954,432.61682695610114,38.0,1.0,761547.0,1.0,1835341.0,72196.0,1
2025-12-17 14:30:24.381348,17.926723007239957,1.902787803240628,0.1468800379658731,443.2256444724463,42.0,1.0,744976.0,1.0,1551712.0,66609.0,2
2025-12-17 14:30:24.483299,17.968332926478354,1.9025421597030616,0.1231075391485164,425.1623673520344,32.0,1.0,1123151.0,1.0,1996718.0,74859.0,3
2025-12-17 14:30:24.579583,17.978780735738425,1.9032936663510276,0.0943337835168377,414.86678716009595,29.0,1.0,1270833.0,1.0,2384174.0,89053.0,4
2025-12-17 14:30:25.181632,18.046780472414007,1.906676239054221,-0.0398973677924173,419.0183036470806,32.0,1.0,425047.0,1.0,1617125.0,76033.0,0
2025-12-17 14:30:25.278177,18.058084629491724,1.9069426955999715,-0.0623727942058082,426.6151999208241,35.0,1.0,762837.0,1.0,1822343.0,72588.0,1
2025-12-17 14:30:25.379877,18.06894144276353,1.906759476044522,-0.0870564414245219,431.225318723557,36.0,1.0,738200.0,1.0,1588376.0,67403.0,2
2025-12-17 14:30:25.478320,18.10084976322165,1.9064412681922,-0.0997387603241623,419.1575024699595,30.0,1.0,1090193.0,1.0,1989971.0,75265.0,3
2025-12-17 14:30:25.581963,18.120552657746625,1.9054275760898636,-0.1158943001944096,410.8639073359679,27.0,1.0,1249086.0,1.0,2364086.0,89446.0,4
2025-12-17 14:30:25.677073,18.13173126920144,1.9044278209290808,-0.1366211245238937,434.04232923972233,37.0,1.0,825429.0,1.0,2406061.0,76939.0,5
2025-12-17 14:30:26.178545,18.186915205224494,1.8937864653986605,-0.2544533771350127,423.6137317750866,33.0,1.0,754364.0,1.0,1844058.0,72834.0,1
2025-12-17 14:30:26.277198,18.197923392234195,1.8912748927062812,-0.2809324351759629,423.2250259916293,33.0,1.0,748261.0,1.0,1568609.0,67906.0,2
2025-12-17 14:30:26.379541,18.190738476610345,1.8865420145600709,-0.2919840459760625,428.1530961972393,33.0,1.0,1124292.0,1.0,1983919.0,74631.0,3
2025-12-17 14:30:26.478744,18.194278031071214,1.8831792526050692,-0.3087211579926455,438.86133089633284,39.0,1.0,1280331.0,1.0,2379338.0,87056.0,4
2025-12-17 14:30:26.577930,18.20530979609614,1.879126183859757,-0.3331808518458379,417.04383546948816,29.0,1.0,825429.0,1.0,2442160.0,78253.0,5
2025-12-17 14:30:27.181574,18.26617592380405,1.8524418980617303,-0.4666357884871476,430.01808444718944,37.0,1.0,425479.0,1.0,1620412.0,75214.0,0
2025-12-17 14:30:27.276824,18.284002879456214,1.8495198073950585,-0.4757744778378907,421.6119409144247,33.0,1.0,758460.0,1.0,1822960.0,72958.0,1
2025-12-17 14:30:27.376992,18.29787987101939,1.8455805322473324,-0.4978693614734663,425.2246672071835,33.0,1.0,748515.0,1.0,1585153.0,67814.0,2
2025-12-17 14:30:27.477172,18.307121870221184,1.839246284007716,-0.5251035313116172,422.14772963173294,31.0,1.0,1103557.0,1.0,1977216.0,75087.0,3
2025-12-17 14:30:27.579332,18.31674340469662,1.8333907041322188,-0.5485275514646416,427.8581689219544,35.0,1.0,1299100.0,1.0,2364086.0,87915.0,4
2025-12-17 14:30:27.677568,18.32730936327896,1.8272443006085712,-0.5665576925800624,431.0456740603935,36.0,1.0,834700.0,1.0,2486362.0,77226.0,5
2025-12-17 14:30:28.180720,18.373366956059137,1.79390098316488,-0.6792741343818219,440.01797493766645,42.0,1.0,428369.0,1.0,1623706.0,74455.0,0
2025-12-17 14:30:28.277202,18.375223685794843,1.7868109929792428,-0.7005571430890986,421.6103096917507,33.0,1.0,746491.0,1.0,1852190.0,72958.0,1
2025-12-17 14:30:28.379848,18.37065338641127,1.7777585603209598,-0.7164608488049674,424.22434004670237,33.0,1.0,739450.0,1.0,1573394.0,67860.0,2
2025-12-17 14:30:28.478598,18.37858046799181,1.7708781910441562,-0.7367847308789387,416.14283343416855,28.0,1.0,1089086.0,1.0,1993341.0,75520.0,3
2025-12-17 14:30:28.583155,18.38784464660748,1.763538385289772,-0.7560475234583149,425.85528495210696,33.0,1.0,1259699.0,1.0,2424043.0,88153.0,4
2025-12-17 14:30:28.680926,18.39514533242652,1.7557378356616056,-0.7813113250967603,409.04735167147425,26.0,1.0,814605.0,1.0,2403619.0,78891.0,5
2025-12-17 14:30:29.182834,18.43300065469809,1.71339022329912,-0.8888298875759438,432.01786510284137,38.0,1.0,425191.0,1.0,1645280.0,75036.0,0
2025-12-17 14:30:29.279410,18.440575243610844,1.703158423216843,-0.8949134653581653,436.60867548506707,40.0,1.0,750290.0,1.0,1834720.0,71879.0,1
2025-12-17 14:30:29.378807,18.44854772852325,1.694766365166421,-0.9147345334865506,435.2240141575347,38.0,1.0,745481.0,1.0,1556446.0,67152.0,2
2025-12-17 14:30:29.477001,18.455455420076987,1.6860512204985074,-0.9392887468980168,407.137952016733,24.0,1.0,1112558.0,1.0,1996042.0,76162.0,3
2025-12-17 14:30:29.581277,18.46038610479203,1.6770815844740596,-0.9619821366873752,439.85241736115506,40.0,1.0,1292959.0,1.0,2376119.0,86968.0,4
2025-12-17 14:30:29.679832,18.466902075653383,1.6674042683661696,-0.986091336272876,428.0490218388265,35.0,1.0,814881.0,1.0,2428971.0,77383.0,5
2025-12-17 14:30:30.182386,18.478424866644687,1.6108555380191127,-1.090637568828653,427.0177555488195,36.0,1.0,432741.0,1.0,1619316.0,75393.0,0
2025-12-17 14:30:30.278624,18.484515122180017,1.6005467919092062,-1.108710973975022,421.60704616041875,33.0,1.0,750544.0,1.0,1832858.0,72958.0,1
2025-12-17 14:30:30.380319,18.490669488789305,1.5906861142961797,-1.1311802740517625,429.2236874355051,36.0,1.0,752324.0,1.0,1561194.0,67517.0,2
2025-12-17 14:30:30.479834,18.4942833546638,1.5808280697977146,-1.151437335283165,436.1330489400283,37.0,1.0,1100573.0,1.0,1963212.0,74052.0,3
2025-12-17 14:30:30.582065,18.499770845814044,1.5705616580178372,-1.1700375832967322,403.8495421108214,24.0,1.0,1252896.0,1.0,2358492.0,90023.0,4
2025-12-17 14:30:30.678225,18.50471232731097,1.559454055215907,-1.19173153281057,427.05069114844457,34.0,1.0,825429.0,1.0,2372101.0,77488.0,5
2025-12-17 14:30:31.178286,18.506133581809152,1.497256055402893,-1.310558705811521,432.0176463950682,38.0,1.0,433327.0,1.0,1628659.0,75087.0,0
2025-12-17 14:30:31.277043,18.50878569783728,1.4869296800209728,-1.3337807504912822,421.60541813210244,33.0,1.0,744472.0,1.0,1855327.0,72933.0,1
2025-12-17 14:30:31.379869,18.51182585530957,1.4765037801310008,-1.3515742832835007,434.22336135353623,38.0,1.0,736951.0,1.0,1575526.0,67198.0,2
2025-12-17 14:30:31.478536,18.514037588088403,1.4655301724427492,-1.3740877287778708,416.12816606071425,28.0,1.0,1083938.0,1.0,1971869.0,75469.0,3
2025-12-17 14:30:31.583828,18.51499401397592,1.4547385805162527,-1.3985232100466758,437.8466640593259,39.0,1.0,1276869.0,1.0,2376923.0,87115.0,4
2025-12-17 14:30:31.677623,18.51663236900437,1.4439102995323978,-1.4223852228117042,414.0523621384191,28.0,1.0,832161.0,1.0,2403619.0,78491.0,5
2025-12-17 14:30:32.180916,18.53185455022622,1.3749668094430891,-1.4353193420205297,433.01753650368795,39.0,1.0,441170.0,1.0,1646394.0,74960.0,0
2025-12-17 14:30:32.282943,18.53341444446045,1.3633477637637466,-1.4397856420823956,430.6037779052204,37.0,1.0,755642.0,1.0,1834099.0,72343.0,1
2025-12-17 14:30:32.381667,18.53507788161682,1.3520888814635708,-1.441242451654326,417.2230345382052,30.0,1.0,747249.0,1.0,1586764.0,68344.0,2
2025-12-17 14:30:32.480547,18.53621001152209,1.3400830542656212,-1.4424553014217816,427.84408779781603,34.0,1.0,1274279.0,1.0,2376119.0,87974.0,4
2025-12-17 14:30:32.579476,18.53799747188593,1.3287772239929172,-1.4426907975147218,410.05387003349347,26.0,1.0,843789.0,1.0,2428971.0,78784.0,5
2025-12-17 14:30:33.181708,18.54580822165135,1.2592118827482714,-1.4414530597722324,431.01742681375816,38.0,1.0,430258.0,1.0,1631970.0,75138.0,0
2025-12-17 14:30:33.280932,18.548019307301225,1.2472848724696828,-1.442937590527808,417.60215057806477,31.0,1.0,758204.0,1.0,1843434.0,73205.0,1
2025-12-17 14:30:33.380187,18.54933393089249,1.235611642729939,-1.4424550824519615,420.222708792252,31.0,1.0,749275.0,1.0,1549088.0,68137.0,2
2025-12-17 14:30:33.476928,18.5511692725729,1.2236405650333264,-1.443941757702384,428.1183954715314,34.0,1.0,1102437.0,1.0,1970535.0,74631.0,3
2025-12-17 14:30:33.578396,18.552240018014547,1.212583213782391,-1.4446895607997534,416.8409336925474,30.0,1.0,1247396.0,1.0,2388212.0,88872.0,4
2025-12-17 14:30:33.678993,18.55351323936675,1.2013168767688622,-1.447891857448282,428.0557084220872,34.0,1.0,809658.0,1.0,2460412.0,77410.0,5
2025-12-17 14:30:34.179385,18.56111363186563,1.143773214448515,-1.450112378932892,426.0173174652422,35.0,1.0,430404.0,1.0,1664886.0,75469.0,0
2025-12-17 14:30:34.280557,18.56303983215802,1.1323801628010202,-1.445415438904435,438.6005205832373,40.0,1.0,745481.0,1.0,1845931.0,71758.0,1
2025-12-17 14:30:34.378013,18.57882588595021,1.1182640329028324,-1.443689220377959,433.22238327270156,37.0,1.0,742459.0,1.0,1571797.0,67266.0,2
2025-12-17 14:30:34.483821,18.600097086238407,1.103859072470479,-1.4377393381092385,445.1134725445711,42.0,1.0,1089824.0,1.0,1975878.0,73379.0,3
2025-12-17 14:30:34.582103,18.601637758833533,1.0916775005129562,-1.4372618031975792,429.8380500559664,36.0,1.0,1299540.0,1.0,2340996.0,87737.0,4
2025-12-17 14:30:34.680707,18.60348429969695,1.0803223250315526,-1.4375070456304289,445.0573832844057,42.0,1.0,810206.0,1.0,2401180.0,76188.0,5
2025-12-17 14:30:35.180124,18.61056283732925,1.0227205715003187,-1.440696864518894,432.0172077811214,38.0,1.0,433180.0,1.0,1616030.0,75036.0,0
2025-12-17 14:30:35.281851,18.611826323920813,1.011392362484834,-1.437977449544892,419.59888786692784,32.0,1.0,761289.0,1.0,1827284.0,73106.0,1
2025-12-17 14:30:35.378966,18.613860881243586,0.999240993696823,-1.44117289741228,431.2220567330338,36.0,1.0,736951.0,1.0,1566487.0,67403.0,2
2025-12-17 14:30:35.477714,18.615728285363105,0.9875245946519248,-1.4409472031318256,420.1086131775426,30.0,1.0,1150467.0,1.0,1994691.0,75189.0,3
2025-12-17 14:30:35.579453,18.61721559360376,0.975706335099856,-1.4416753225924654,419.83518468296,31.0,1.0,1238561.0,1.0,2372101.0,88662.0,4
2025-12-17 14:30:35.682445,18.618674452023324,0.9644816818187092,-1.4416786568607274,443.0590581868521,41.0,1.0,818751.0,1.0,2415036.0,76291.0,5
2025-12-17 14:30:36.178390,18.62549816108382,0.9079110013363216,-1.4419409548557698,428.0170983680491,36.0,1.0,431570.0,1.0,1652535.0,75342.0,0
2025-12-17 14:30:36.278052,18.626641600022783,0.8964766421486612,-1.445152536877613,423.59726345529634,33.0,1.0,740953.0,1.0,1853444.0,72834.0,1
2025-12-17 14:30:36.378459,18.628246196755136,0.885503535895813,-1.4468883017686367,437.22173066966,39.0,1.0,756665.0,1.0,1585690.0,67016.0,2
2025-12-17 14:30:36.483963,18.629771679673254,0.873421004007584,-1.4449043065816871,413.1036933992435,27.0,1.0,1091300.0,1.0,1961884.0,75725.0,3
2025-12-17 14:30:36.579988,18.630884753792863,0.8619336156329052,-1.4476088794281263,403.8323101594919,20.0,1.0,1267397.0,1.0,2379338.0,90911.0,4
2025-12-17 14:30:36.679398,18.63608660636759,0.8487383107435083,-1.438294954804794,421.06072508879515,31.0,1.0,811853.0,1.0,2462078.0,77909.0,5
2025-12-17 14:30:37.177705,18.658043126875384,0.7835763732369596,-1.4324387843154236,405.0169888400032,26.0,1.0,437009.0,1.0,1632522.0,77070.0,0
2025-12-17 14:30:37.278505,18.65922761697029,0.7723253512117711,-1.4334274481918454,433.59563211032685,38.0,1.0,750544.0,1.0,1864139.0,72099.0,1
2025-12-17 14:30:37.380652,18.66130981272697,0.7613780924201485,-1.4314628846091662,415.09930928449336,28.0,1.0,1114065.0,1.0,1973872.0,75597.0,3
2025-12-17 14:30:37.477689,18.66287315402937,0.7496152141326764,-1.431460625883653,424.06205982856625,32.0,1.0,833288.0,1.0,2423223.0,77751.0,5
2025-12-17 14:30:38.177873,18.67388203277627,0.6702884043683781,-1.4331363623330189,422.0168792184658,34.0,1.0,436122.0,1.0,1641387.0,75751.0,0
2025-12-17 14:30:38.276957,18.67626866683867,0.6578954934353618,-1.435619970560767,413.5940040282005,29.0,1.0,756409.0,1.0,1879342.0,73503.0,1
2025-12-17 14:30:38.382819,18.6777550192576,0.6463767450958553,-1.433169681049674,414.221076789759,28.0,1.0,741706.0,1.0,1584081.0,68553.0,2
2025-12-17 14:30:38.480839,18.679440890241384,0.6349144662734805,-1.433664575722021,418.0939302221266,29.0,1.0,1124292.0,1.0,1988625.0,75342.0,3
2025-12-17 14:30:38.577896,18.681433562118684,0.6236629937801847,-1.4299598259793425,442.8265701969387,41.0,1.0,1273848.0,1.0,2376923.0,86762.0,4
2025-12-17 14:30:38.677966,18.682858026442585,0.6119956452600643,-1.428238893421944,422.064066687529,32.0,1.0,821805.0,1.0,2412585.0,77856.0,5
2025-12-17 14:30:39.182216,18.725389362322105,0.558338369900456,-1.3965427999065088,433.01676913933534,39.0,1.0,429385.0,1.0,1639166.0,74986.0,0
2025-12-17 14:30:39.287439,18.727778058884443,0.5469569619032857,-1.395049397599911,430.5923563298804,37.0,1.0,750036.0,1.0,1811275.0,72294.0,1
2025-12-17 14:30:39.379893,18.729447124985672,0.5367658776304314,-1.3957979796460311,412.22075151553264,28.0,1.0,737450.0,1.0,1555919.0,68646.0,2
2025-12-17 14:30:39.483426,18.73138792563721,0.5259095490325869,-1.398941858019836,425.0890283481714,32.0,1.0,1091300.0,1.0,1983247.0,74833.0,3
2025-12-17 14:30:39.583403,18.733412633175377,0.5151813623495372,-1.396224582399125,411.8236813889821,27.0,1.0,1290773.0,1.0,2386596.0,89415.0,4
2025-12-17 14:30:39.679021,18.735429727033612,0.5037628855521739,-1.3992001314079916,423.0657404480018,32.0,1.0,826827.0,1.0,2413401.0,77804.0,5
2025-12-17 14:30:40.177904,18.746524690977143,0.4455489355428383,-1.3992299010832403,407.01666000881994,27.0,1.0,432155.0,1.0,1651976.0,76861.0,0
2025-12-17 14:30:40.279012,18.74914103841392,0.4346777019055299,-1.3955402107802848,408.5907394646948,27.0,1.0,756922.0,1.0,1854071.0,73877.0,1
2025-12-17 14:30:40.381556,18.751339431282062,0.4236411568051519,-1.39530255848023,428.22042474424245,35.0,1.0,754875.0,1.0,1557500.0,67631.0,2
2025-12-17 14:30:40.479605,18.75341840723849,0.4126652273385858,-1.3945944197321185,433.0841578043733,36.0,1.0,1111429.0,1.0,1980564.0,74253.0,3
2025-12-17 14:30:40.578372,18.75544892116524,0.4010335024551761,-1.392830177775076,425.8208228565564,33.0,1.0,1278599.0,1.0,2327565.0,88243.0,4
2025-12-17 14:30:40.677142,18.757463576419884,0.3888111600250212,-1.392845910819666,435.0674093028368,38.0,1.0,831316.0,1.0,2360888.0,76861.0,5
2025-12-17 14:30:41.181365,18.766545764132147,0.3348325161154299,-1.3982996292636396,427.0165500263595,36.0,1.0,431863.0,1.0,1644723.0,75393.0,0
2025-12-17 14:30:41.278670,18.78081051596674,0.3188080567147437,-1.3938860637764987,403.22013207984406,21.0,1.0,747249.0,1.0,1572330.0,69676.0,2
2025-12-17 14:30:41.381045,18.78816667743138,0.3051616765143308,-1.3955773636726818,421.0797504609127,31.0,1.0,1083938.0,1.0,1996042.0,75113.0,3
2025-12-17 14:30:41.479648,18.79024814357603,0.2936584220920899,-1.392906428606161,413.8182335028474,28.0,1.0,1260979.0,1.0,2438031.0,89234.0,4
2025-12-17 14:30:41.579544,18.79202586598285,0.2819472685288389,-1.3921676435422288,429.0689181158372,35.0,1.0,818751.0,1.0,2442160.0,77305.0,5
2025-12-17 14:30:42.178827,18.805115968464072,0.2122068090468651,-1.3960735489065923,433.0164407014081,39.0,1.0,434208.0,1.0,1661508.0,74960.0,0
2025-12-17 14:30:42.277367,18.80683054081002,0.2002817639057497,-1.3980551331302853,423.58748093443245,34.0,1.0,753598.0,1.0,1862247.0,72785.0,1
2025-12-17 14:30:42.379820,18.808875322426903,0.1890886385886112,-1.3975280779346424,426.21977285303205,34.0,1.0,758460.0,1.0,1552763.0,67746.0,2
2025-12-17 14:30:42.479494,18.81095595108174,0.1781661432561456,-1.39338583595912,429.0743798960199,34.0,1.0,1077719.0,1.0,1976546.0,74530.0,3
2025-12-17 14:30:42.580556,18.81269591064363,0.1665536275896624,-1.396089102173039,440.8150706091133,40.0,1.0,1279032.0,1.0,2372101.0,86938.0,4
2025-12-17 14:30:42.677737,18.81485318888569,0.1554683208093727,-1.3936203327200063,438.0707542907076,39.0,1.0,833006.0,1.0,2406876.0,76654.0,5
2025-12-17 14:30:43.179997,18.82462665033164,0.0987646436012692,-1.390885998094654,404.0163309700484,26.0,1.0,435238.0,1.0,1614937.0,77096.0,0
2025-12-17 14:30:43.279406,18.826669013447628,0.0869992427218342,-1.3923754843074116,416.58584700332136,31.0,1.0,760517.0,1.0,1832238.0,73280.0,1
2025-12-17 14:30:43.386189,18.82890996345489,0.0758756845747932,-1.3921195872961656,425.21944454650924,33.0,1.0,747502.0,1.0,1574460.0,67837.0,2
2025-12-17 14:30:43.484087,18.83097820578344,0.0641842798385958,-1.392372912989836,435.06946821427823,37.0,1.0,1093148.0,1.0,1994691.0,74103.0,3
2025-12-17 14:30:43.585887,18.844016667798183,0.0503521783011091,-1.3812979925101851,433.8121823068023,37.0,1.0,1249086.0,1.0,2347343.0,87529.0,4
2025-12-17 14:30:43.680119,18.856380033577544,0.0360005942354177,-1.3645157658053009,426.0724302699198,33.0,1.0,807742.0,1.0,2418307.0,77593.0,5
2025-12-17 14:30:44.179256,18.87221472245708,-0.0198126749014733,-1.2838758226043283,405.01622144814024,26.0,1.0,431863.0,1.0,1658138.0,77044.0,0
2025-12-17 14:30:44.277936,18.874641404273117,-0.0302443882428455,-1.2594496212706212,422.58421879400777,33.0,1.0,751815.0,1.0,1859098.0,72908.0,1
2025-12-17 14:30:44.380293,18.87816398994077,-0.0407250879242386,-1.2320871410098768,413.21912024118234,28.0,1.0,739200.0,1.0,1555919.0,68623.0,2
2025-12-17 14:30:44.479261,18.88193388510812,-0.0517406367943884,-1.2102754716085626,425.0646025841519,32.0,1.0,1084672.0,1.0,1982576.0,74884.0,3
2025-12-17 14:30:44.580308,18.885717329757025,-0.0618239644798901,-1.1894763969935795,411.8093253487732,27.0,1.0,1254593.0,1.0,2391448.0,89446.0,4
2025-12-17 14:30:44.678168,18.890987558110226,-0.0720494456430582,-1.1674827011398383,428.074099004371,34.0,1.0,810754.0,1.0,2418307.0,77436.0,5
2025-12-17 14:30:45.178809,18.9146417967238,-0.1229863350936462,-1.117018799995463,432.5827498248141,38.0,1.0,768798.0,1.0,1853444.0,72196.0,1
2025-12-17 14:30:45.278511,18.919663326868204,-0.1329807124653328,-1.1167895181958412,436.2188272166274,38.0,1.0,744472.0,1.0,1562251.0,67107.0,2
2025-12-17 14:30:45.379363,18.92439826524825,-0.1438725682472714,-1.1170355376393917,409.060201782475,25.0,1.0,1120873.0,1.0,2010279.0,76033.0,3
2025-12-17 14:30:45.480041,18.92974691334579,-0.1549836850413086,-1.1207431666792365,433.8067404280822,37.0,1.0,1291210.0,1.0,2354504.0,87499.0,4
2025-12-17 14:30:45.576388,18.93472312620742,-0.165131374209384,-1.116046069679855,439.075600825082,39.0,1.0,814054.0,1.0,2358492.0,76602.0,5
2025-12-17 14:30:46.183347,19.003427068896787,-0.2185973077209393,-1.01166591870068,415.0160017935057,30.0,1.0,437897.0,1.0,1636395.0,76291.0,0
2025-12-17 14:30:46.277754,19.009205363180733,-0.2286438025606063,-0.989622374062202,422.58095787816836,33.0,1.0,748261.0,1.0,1823577.0,72908.0,1
2025-12-17 14:30:46.379567,19.0156619821303,-0.2388427020387897,-0.9693961698999266,431.2184680204809,36.0,1.0,747755.0,1.0,1569140.0,67425.0,2
2025-12-17 14:30:46.477392,19.022170665496557,-0.2475446391010045,-0.9495843213756456,423.0548332710569,31.0,1.0,1093148.0,1.0,1987279.0,74986.0,3
2025-12-17 14:30:46.580255,19.027366146339947,-0.2565122061874252,-0.9207527256028808,420.8035795282007,31.0,1.0,1263542.0,1.0,2371298.0,88632.0,4
2025-12-17 14:30:46.678224,19.03290563557363,-0.2657665323933287,-0.8957805001648297,404.0774430910357,23.0,1.0,814329.0,1.0,2399555.0,79292.0,5
2025-12-17 14:30:47.179913,19.07300658128332,-0.3072611680110686,-0.788758689778445,429.01589256675874,37.0,1.0,433180.0,1.0,1625355.0,75240.0,0
2025-12-17 14:30:47.279514,19.082126128297386,-0.3151146389724193,-0.7664871456314141,410.5793244019964,28.0,1.0,752324.0,1.0,1852817.0,73727.0,1
2025-12-17 14:30:47.377731,19.09064346664165,-0.3231749826015822,-0.7402189186106405,426.21814239066515,34.0,1.0,755897.0,1.0,1558554.0,67746.0,2
2025-12-17 14:30:47.479205,19.127866461627704,-0.317771676507224,-0.6925043947254662,417.04993518136223,28.0,1.0,1102810.0,1.0,2002131.0,75469.0,3
2025-12-17 14:30:47.580452,19.15626964767035,-0.3188857093688426,-0.6553895517808078,440.800705975802,40.0,1.0,1276005.0,1.0,2379338.0,86938.0,4
2025-12-17 14:30:48.181795,19.211579894124284,-0.3552998281673183,-0.5199124417125575,412.0157827573616,29.0,1.0,434943.0,1.0,1645280.0,76550.0,0
2025-12-17 14:30:48.279736,19.222653901559365,-0.3611211408228314,-0.4936044762177524,431.57769343369694,37.0,1.0,763095.0,1.0,1839072.0,72245.0,1
2025-12-17 14:30:48.377643,19.244281064382097,-0.3581392725405887,-0.4527436649603598,410.2178161906015,27.0,1.0,750544.0,1.0,1574460.0,68785.0,2
2025-12-17 14:30:48.478169,19.266237365180714,-0.3578078335655661,-0.4182209021034999,425.0450510210711,32.0,1.0,1114442.0,1.0,1987279.0,74884.0,3
2025-12-17 14:30:48.580735,19.27656326949116,-0.3622711408455021,-0.3982701426355671,421.79783217632644,32.0,1.0,1258421.0,1.0,2331508.0,88542.0,4
2025-12-17 14:30:48.677691,19.28639426380405,-0.3664483162846821,-0.3740755351065876,429.08078619289444,35.0,1.0,833006.0,1.0,2411768.0,77305.0,5
2025-12-17 14:30:49.178508,19.34215727298973,-0.3818120719262836,-0.2628370948308791,442.015673514503,43.0,1.0,439828.0,1.0,1625355.0,74304.0,0
2025-12-17 14:30:49.284816,19.34262955678572,-0.3740537594810007,-0.2311662159597616,412.57605454391205,29.0,1.0,757690.0,1.0,1854071.0,73578.0,1
2025-12-17 14:30:49.378409,19.344315768690244,-0.3665520377985789,-0.1968308600780447,421.21748971193847,32.0,1.0,754619.0,1.0,1553288.0,68044.0,2
2025-12-17 14:30:49.481521,19.35605862910649,-0.3683208685418027,-0.1726666618342155,415.0401454068584,28.0,1.0,1091300.0,1.0,1960556.0,75572.0,3
2025-12-17 14:30:49.581785,19.3665015357625,-0.3695351504775033,-0.1516973005194742,430.79495617327035,36.0,1.0,1290336.0,1.0,2376119.0,87826.0,4
2025-12-17 14:30:49.682943,19.3716417080317,-0.3697294891567662,-0.1423672447436465,409.0824669707366,26.0,1.0,811853.0,1.0,2408505.0,78837.0,5
2025-12-17 14:30:50.179441,19.37167308706406,-0.3702174440151857,-0.1408607788581375,423.0155638091192,34.0,1.0,430695.0,1.0,1643611.0,75700.0,0
2025-12-17 14:30:50.277428,19.373856295279115,-0.3669059784841924,-0.1407482854172004,427.57443598452653,35.0,1.0,735705.0,1.0,1859727.0,72515.0,1
2025-12-17 14:30:50.378404,19.38066514380978,-0.3565797288756407,-0.1403974658581898,437.2171634847979,39.0,1.0,748261.0,1.0,1550137.0,66993.0,2
2025-12-17 14:30:50.476661,19.384035346151038,-0.3570177008556427,-0.1284428773515866,420.0352799429657,30.0,1.0,1128485.0,1.0,1994691.0,75240.0,3
2025-12-17 14:30:50.582292,19.392573259008795,-0.3590048526489671,-0.1053248644542159,426.79208173024585,34.0,1.0,1284672.0,1.0,2382561.0,88153.0,4
2025-12-17 14:30:50.680802,19.405437302773127,-0.3607353599803389,-0.0830220845148721,427.0841353875085,34.0,1.0,823476.0,1.0,2388212.0,77514.0,5
2025-12-17 14:30:51.178490,19.468287921639103,-0.3608323912064932,0.0314645163953495,421.0154543102277,33.0,1.0,433914.0,1.0,1630314.0,75853.0,0
2025-12-17 14:30:51.277479,19.477850007850165,-0.3619853764053076,0.0571695523049217,424.5728052950608,34.0,1.0,751052.0,1.0,1836584.0,72711.0,1
2025-12-17 14:30:51.381284,19.487576379893625,-0.3628996652617005,0.0835812644093845,430.2168363164873,36.0,1.0,765682.0,1.0,1566487.0,67494.0,2
2025-12-17 14:30:51.480139,19.49933098445292,-0.3620271487041595,0.1018379706698183,436.03037371271057,37.0,1.0,1094259.0,1.0,2008239.0,74052.0,3
2025-12-17 14:30:51.578683,19.51192534682851,-0.3598957749582503,0.1196250412090743,414.78921911243344,28.0,1.0,1253744.0,1.0,2339412.0,89204.0,4
2025-12-17 14:30:51.678597,19.523859397404628,-0.3582151525486914,0.1359047157900214,421.08580369727264,31.0,1.0,825149.0,1.0,2408505.0,77909.0,5
2025-12-17 14:30:52.179076,19.55174745431873,-0.340121583990129,0.2459967525240246,421.0153446428762,33.0,1.0,429094.0,1.0,1669965.0,75853.0,0
2025-12-17 14:30:52.277633,19.56256823475209,-0.3365849518851753,0.2684842314444376,420.5711744376425,32.0,1.0,764905.0,1.0,1866032.0,73057.0,1
2025-12-17 14:30:52.379312,19.57306578193265,-0.3324524742360406,0.2955377809162036,446.2165107310386,43.0,1.0,739951.0,1.0,1578728.0,66429.0,2
2025-12-17 14:30:52.478619,19.58409511992681,-0.3295920599742334,0.319165624404961,421.0254919188046,31.0,1.0,1110301.0,1.0,2001454.0,75113.0,3
2025-12-17 14:30:52.577950,19.595564978026943,-0.3261025460725868,0.3438880278312858,430.7863482319121,36.0,1.0,1274279.0,1.0,2391448.0,87826.0,4
2025-12-17 14:30:52.677429,19.60542931185608,-0.3214664746722473,0.368674522071851,432.08747374089717,36.0,1.0,808836.0,1.0,2416671.0,77096.0,5
2025-12-17 14:30:53.181182,19.640161828156508,-0.2881648937599408,0.4858192256771979,429.01523480892797,37.0,1.0,436565.0,1.0,1640276.0,75265.0,0
2025-12-17 14:30:53.277492,19.6505572788,-0.2838204978897529,0.5063852592864191,430.56954406125317,37.0,1.0,764129.0,1.0,1829759.0,72343.0,1
2025-12-17 14:30:53.377898,19.66064149922934,-0.2782434330285017,0.5281514295648465,441.2161849635543,41.0,1.0,757690.0,1.0,1581938.0,66789.0,2
2025-12-17 14:30:53.476750,19.67071404772858,-0.272251682288239,0.552907764600896,432.02061183123834,35.0,1.0,1102437.0,1.0,2008239.0,74379.0,3
2025-12-17 14:30:53.581482,19.679105037705124,-0.2662379921377074,0.5768156715933216,437.7834650981037,39.0,1.0,1260552.0,1.0,2384174.0,87233.0,4
2025-12-17 14:30:53.679861,19.68907473189738,-0.2596905290660345,0.6002651820367458,427.0891498037091,34.0,1.0,827107.0,1.0,2408505.0,77488.0,5
2025-12-17 14:30:54.179365,19.763633041417293,-0.2235145462968581,0.7191194415333566,428.01512540495276,36.0,1.0,436270.0,1.0,1631970.0,75342.0,0
2025-12-17 14:30:54.281271,19.77167433797134,-0.2176848133813127,0.7501039684040792,414.56790729288707,29.0,1.0,750798.0,1.0,1845931.0,73478.0,1
2025-12-17 14:30:54.379001,19.779889522598587,-0.2093993174091242,0.7747971519130001,432.21585837495223,37.0,1.0,733220.0,1.0,1556446.0,67357.0,2
2025-12-17 14:30:54.479979,19.78807461902252,-0.2000694245196044,0.7921021693027334,424.01570681840036,31.0,1.0,1084672.0,1.0,1974541.0,74960.0,3
2025-12-17 14:30:54.577526,19.79637403266397,-0.1895506061045324,0.8074488447027706,426.7806034772176,34.0,1.0,1281198.0,1.0,2398743.0,88153.0,4
2025-12-17 14:30:54.678727,19.80523665603188,-0.1802690524565591,0.83064853084988,423.0908199041815,32.0,1.0,809384.0,1.0,2395498.0,77777.0,5
2025-12-17 14:30:55.179595,19.86824910848921,-0.1249523886209491,0.9417880154630168,441.01501577662,42.0,1.0,425191.0,1.0,1642498.0,74404.0,0
2025-12-17 14:30:55.278081,19.874471926382363,-0.1156030743000577,0.9665138701869485,415.5662818882163,30.0,1.0,747755.0,1.0,1845931.0,73404.0,1
2025-12-17 14:30:55.378507,19.880349073011452,-0.1069255099653094,0.9902781096498128,434.21553230733747,38.0,1.0,750036.0,1.0,1576059.0,67198.0,2
2025-12-17 14:30:55.479567,19.88641220991795,-0.0973641406492298,1.0135287755958269,427.778011925674,34.0,1.0,1287283.0,1.0,2394687.0,88064.0,4
2025-12-17 14:30:55.581157,19.89209322298377,-0.0873557660075352,1.0367354628235472,419.09232876399784,31.0,1.0,831879.0,1.0,2427327.0,78067.0,5
2025-12-17 14:30:56.182713,19.90707210989473,-0.0095552105682532,1.1928165646604678,425.01490583175337,35.0,1.0,436418.0,1.0,1650858.0,75572.0,0
2025-12-17 14:30:56.280943,19.910253439396,0.0002774453012222,1.2208389176174343,437.5646466151162,40.0,1.0,754109.0,1.0,1854071.0,71806.0,1
2025-12-17 14:30:56.379496,19.91277027601821,0.0099147196148052,1.244127905950055,418.21520575592547,30.0,1.0,753089.0,1.0,1568609.0,68298.0,2
2025-12-17 14:30:56.481886,19.91742916516918,0.0194842247443052,1.267317748656801,410.00591904358976,25.0,1.0,1099456.0,1.0,1985262.0,75982.0,3
2025-12-17 14:30:56.579984,19.922101187885445,0.0295412203109588,1.288169690943342,423.7748504425762,33.0,1.0,1295588.0,1.0,2320486.0,88392.0,4
2025-12-17 14:30:56.678282,19.915333577245587,0.0482096928676476,1.3118617083183557,434.09416315317594,37.0,1.0,837246.0,1.0,2418307.0,76992.0,5
2025-12-17 14:30:57.179033,19.92085187144968,0.1085563127905757,1.35382335665355,403.01479663196875,25.0,1.0,430841.0,1.0,1652535.0,77226.0,0
2025-12-17 14:30:57.278052,19.92354695658633,0.1192897466153777,1.3545718006271132,406.5630207228941,26.0,1.0,750036.0,1.0,1869193.0,74052.0,1
2025-12-17 14:30:57.380298,19.926645588098708,0.1299865443965409,1.3533333217677317,437.00152650470403,38.0,1.0,1091670.0,1.0,1998746.0,73977.0,3
2025-12-17 14:30:57.478279,19.92994571218916,0.1412227753937109,1.3535639657865968,424.7722696532397,33.0,1.0,1269543.0,1.0,2380949.0,88273.0,4
2025-12-17 14:30:57.579277,19.918620391867677,0.1647630070344767,1.3544759468895675,415.09566961367733,28.0,1.0,829349.0,1.0,2447124.0,78412.0,5
2025-12-17 14:30:58.183835,19.922294664912656,0.2411868419586724,1.3980622546869514,427.0146865025305,36.0,1.0,426488.0,1.0,1644723.0,75393.0,0
2025-12-17 14:30:58.279188,19.92403877795553,0.2522426552404759,1.421939118289449,421.5613882642205,33.0,1.0,752579.0,1.0,1853444.0,72958.0,1
2025-12-17 14:30:58.383558,19.925429238680707,0.2633425299314123,1.4426361397761407,418.21455197324065,30.0,1.0,735954.0,1.0,1576059.0,68252.0,2
2025-12-17 14:30:58.480260,19.926102219692677,0.274258610866017,1.4638419262968778,421.9961485424129,31.0,1.0,1107673.0,1.0,1983247.0,75087.0,3
2025-12-17 14:30:58.579276,19.928233388016203,0.2846495326368625,1.4864127359212946,424.76910650380984,33.0,1.0,1281632.0,1.0,2355301.0,88273.0,4
2025-12-17 14:30:58.678669,19.92908276386511,0.2961244808607794,1.4918454146905584,426.0975077932715,33.0,1.0,831316.0,1.0,2428149.0,77593.0,5
2025-12-17 14:30:59.180986,19.93395877900528,0.3538300635959288,1.4947928648936175,424.0145772116657,34.0,1.0,431717.0,1.0,1627557.0,75648.0,0
2025-12-17 14:30:59.280040,19.93493994447395,0.3659661341536715,1.4925588372156806,417.5597562686391,31.0,1.0,747249.0,1.0,1850936.0,73230.0,1
2025-12-17 14:30:59.382000,19.936042191788484,0.3777040740423736,1.4945326413177398,429.21422625273334,35.0,1.0,760002.0,1.0,1588913.0,67562.0,2
2025-12-17 14:30:59.480222,19.93632519940474,0.3894497958551461,1.4923074644303262,431.9912595026748,35.0,1.0,1115197.0,1.0,1985262.0,74379.0,3
2025-12-17 14:30:59.578373,19.937452500953636,0.4007891094232718,1.4935520466341423,418.7662361116962,31.0,1.0,1288591.0,1.0,2422403.0,88782.0,4
2025-12-17 14:30:59.681321,19.93798681932137,0.4120696932003582,1.492828889886041,417.09918422392275,29.0,1.0,820415.0,1.0,2419126.0,78253.0,5
2025-12-17 14:31:00.180472,19.94252155037736,0.470126917682391,1.4958529457221434,423.01446766487766,34.0,1.0,433767.0,1.0,1635841.0,75751.0,0
2025-12-17 14:31:00.277046,19.94344147840851,0.4810164092592259,1.4953634383013188,434.21393426297607,38.0,1.0,734710.0,1.0,1556973.0,67198.0,2
2025-12-17 14:31:00.378564,19.944383325621622,0.4923337437733437,1.4968443017797852,424.9868673060348,32.0,1.0,1106549.0,1.0,1958567.0,74859.0,3
2025-12-17 14:31:00.477739,19.945433176573676,0.5038824528086092,1.4943839202895692,442.7636522453912,41.0,1.0,1311026.0,1.0,2367289.0,86791.0,4
2025-12-17 14:31:00.581252,19.9464545907118,0.5152724713984451,1.4941207362610565,451.10068890541976,45.0,1.0,840653.0,1.0,2436381.0,75700.0,5
2025-12-17 14:31:01.177173,19.931347727460807,0.6028792227567621,1.5051240237307155,416.0143584233343,31.0,1.0,436418.0,1.0,1638612.0,76214.0,0
2025-12-17 14:31:01.277478,19.932622194530985,0.6139341897374653,1.5100436731703,412.5564992336427,28.0,1.0,758460.0,1.0,1851563.0,73628.0,1
2025-12-17 14:31:01.378698,19.93313782683592,0.6255259349468325,1.509081949785765,433.2135748723972,37.0,1.0,752579.0,1.0,1568609.0,67266.0,2
2025-12-17 14:31:01.478912,19.933943974543865,0.6368302154493506,1.5076128790980468,405.9814874565027,22.0,1.0,1102810.0,1.0,1989971.0,76524.0,3
2025-12-17 14:31:01.580579,19.934830610919832,0.6486433769822995,1.5083491871841537,424.76048380104737,33.0,1.0,1283802.0,1.0,2406876.0,88303.0,4
2025-12-17 14:31:01.679299,19.934762324733665,0.6603206287343593,1.5051380958245046,427.10252483617865,34.0,1.0,832724.0,1.0,2387404.0,77488.0,5
2025-12-17 14:31:02.177746,19.9390311633366,0.719500722321726,1.504133303347326,421.01424875740764,33.0,1.0,435532.0,1.0,1656455.0,75879.0,0
2025-12-17 14:31:02.278166,19.94003966325245,0.7305744841812647,1.5070912223819997,421.5548675054807,33.0,1.0,753598.0,1.0,1841563.0,72933.0,1
2025-12-17 14:31:02.379091,19.94050363231781,0.7417514813873112,1.5073304297925136,414.21324851541755,28.0,1.0,749529.0,1.0,1566487.0,68553.0,2
2025-12-17 14:31:02.479331,19.941620096439927,0.7531007527673328,1.5053335592529458,422.97659618238845,31.0,1.0,1078814.0,1.0,1969868.0,75036.0,3
2025-12-17 14:31:02.579405,19.941750140538844,0.7645972662077352,1.5055822720814716,423.75761418751307,33.0,1.0,1298661.0,1.0,2406061.0,88362.0,4
2025-12-17 14:31:02.677051,19.942717978337715,0.7762812102330159,1.5016346512532066,421.1041930740469,31.0,1.0,813503.0,1.0,2426506.0,77935.0,5
2025-12-17 14:31:03.182486,19.94673919005037,0.8344909529101638,1.497925428180621,423.0141386347647,34.0,1.0,434355.0,1.0,1664322.0,75725.0,0
2025-12-17 14:31:03.278783,19.947045928708317,0.8459594150283323,1.499153497591175,428.5532358930917,36.0,1.0,748261.0,1.0,1863508.0,72490.0,1
2025-12-17 14:31:03.377660,19.947696569104203,0.8568952417539837,1.4994114790795237,422.2129227534791,32.0,1.0,746491.0,1.0,1581938.0,67998.0,2
2025-12-17 14:31:03.476224,19.946741939306527,0.8707768600066075,1.5024141723164517,431.9717221476834,35.0,1.0,1088718.0,1.0,1991319.0,74379.0,3
2025-12-17 14:31:03.580267,19.937428186608003,0.8935949179540668,1.5151187672316615,421.7547387245784,31.0,1.0,1282499.0,1.0,2364887.0,88602.0,4
2025-12-17 14:31:03.681922,19.936479459485817,0.90692323815267,1.51935036885381,411.10587321485843,27.0,1.0,846936.0,1.0,2438031.0,78677.0,5
2025-12-17 14:31:04.179525,19.940848238665502,0.964418412268424,1.5082626810770303,425.55176713750745,34.0,1.0,751815.0,1.0,1867928.0,72687.0,1
2025-12-17 14:31:04.278997,19.940862133453614,0.9759467538443314,1.5075035674688342,431.2126287114167,36.0,1.0,747755.0,1.0,1561722.0,67425.0,2
2025-12-17 14:31:04.378609,19.94217142379706,0.9876772768816268,1.5104634529938912,423.9673101839046,32.0,1.0,1098340.0,1.0,2010279.0,74960.0,3
2025-12-17 14:31:04.478244,19.943036624727508,0.99977159064656,1.511197996945683,421.75215884885154,31.0,1.0,1261406.0,1.0,2444641.0,88602.0,4
2025-12-17 14:31:04.578320,19.943611946446143,1.0109217071978165,1.5117011998573366,414.1073719891918,28.0,1.0,818474.0,1.0,2420764.0,78438.0,5
2025-12-17 14:31:05.183283,19.94953017143699,1.0791234875965152,1.5141850509151686,420.0139193411629,33.0,1.0,430258.0,1.0,1619316.0,75905.0,0
2025-12-17 14:31:05.277713,19.95018270168676,1.0906066912990973,1.5126939293314938,427.54997642523074,35.0,1.0,746996.0,1.0,1848432.0,72539.0,1
2025-12-17 14:31:05.377977,19.951351967503708,1.102368730722972,1.5127103462809717,417.2122701925211,30.0,1.0,756665.0,1.0,1562780.0,68321.0,2
2025-12-17 14:31:05.477372,19.951941355297745,1.1142277240160112,1.5132021945123062,411.96193808379496,26.0,1.0,1101691.0,1.0,1979224.0,75828.0,3
2025-12-17 14:31:05.578375,19.9524012135676,1.12538190869002,1.513708860858515,413.7489981874279,28.0,1.0,1282499.0,1.0,2364887.0,89294.0,4
2025-12-17 14:31:05.682888,19.95319047304023,1.136909625810027,1.513437349549608,419.10921882303995,31.0,1.0,817643.0,1.0,2419945.0,78067.0,5
2025-12-17 14:31:06.179430,19.95508456478589,1.1962337455046477,1.511260854986182,411.0138101603397,29.0,1.0,430404.0,1.0,1639166.0,76576.0,0
2025-12-17 14:31:06.277213,19.95582824425642,1.206948488157968,1.5102763917314896,413.54834663422906,29.0,1.0,767758.0,1.0,1835341.0,73503.0,1
2025-12-17 14:31:06.380055,19.940309242953465,1.2234583398983483,1.527883566958811,427.2119432858459,35.0,1.0,750798.0,1.0,1564367.0,67654.0,2
2025-12-17 14:31:06.481535,19.92472249839743,1.2360814732036367,1.545751568631316,428.95702850442035,34.0,1.0,1117085.0,1.0,2010279.0,74606.0,3
2025-12-17 14:31:06.579085,19.925491548808257,1.2479148578616908,1.548258647218154,415.74612316118714,29.0,1.0,1272124.0,1.0,2356896.0,89113.0,4
2025-12-17 14:31:06.684396,19.924893327287634,1.2594428500219728,1.548257102151802,426.11089334092713,33.0,1.0,826267.0,1.0,2411768.0,77593.0,5
2025-12-17 14:31:07.178905,19.925565131813183,1.317357225584617,1.541575324998402,424.0137006147572,34.0,1.0,431132.0,1.0,1628659.0,75648.0,0
2025-12-17 14:31:07.278081,19.926525369225786,1.3291787078650898,1.542793016230679,436.5467146125579,40.0,1.0,757690.0,1.0,1822343.0,71904.0,1
2025-12-17 14:31:07.378752,19.92639722905476,1.3410147725512722,1.5393387887792458,427.21161748215025,35.0,1.0,739700.0,1.0,1571797.0,67654.0,2
2025-12-17 14:31:07.477404,19.927240282220616,1.3523273197362349,1.5378565954266443,446.95215947628225,42.0,1.0,1095000.0,1.0,1992667.0,73280.0,3
2025-12-17 14:31:07.579637,19.92744355224208,1.3642824323271885,1.5368658166243476,434.11239018076054,37.0,1.0,819306.0,1.0,2447124.0,76992.0,5
2025-12-17 14:31:08.178535,19.92939399214212,1.433110028674756,1.5395762399384854,430.0135910521863,37.0,1.0,427355.0,1.0,1630866.0,75189.0,0
2025-12-17 14:31:08.284553,19.93024953864628,1.445039259335097,1.536619562855656,428.545073452969,36.0,1.0,750290.0,1.0,1845307.0,72490.0,1
2025-12-17 14:31:08.379284,19.929951156809917,1.4558256180286673,1.5250388848417598,414.2112910798248,29.0,1.0,752579.0,1.0,1567547.0,68530.0,2
2025-12-17 14:31:08.478135,19.93141763103308,1.467491880613764,1.5047382412690875,429.9472666767296,35.0,1.0,1111052.0,1.0,2000776.0,74480.0,3
2025-12-17 14:31:08.577980,19.93286531143477,1.4779738272291087,1.4795172587815728,424.7403803629964,33.0,1.0,1290773.0,1.0,2389021.0,88332.0,4
2025-12-17 14:31:08.677446,19.935419025812266,1.488436909232302,1.4597279610966958,418.11422571358423,30.0,1.0,834700.0,1.0,2444641.0,78173.0,5
2025-12-17 14:31:09.178709,19.94023837754477,1.5448234786565394,1.3609350402157807,439.0134814299913,41.0,1.0,428514.0,1.0,1622058.0,74581.0,0
2025-12-17 14:31:09.282159,19.91497068284873,1.551878581732952,1.348929388837567,429.54344675033565,36.0,1.0,753089.0,1.0,1849058.0,72368.0,1
2025-12-17 14:31:09.380363,19.91392839888444,1.5610037080841703,1.32488844172784,437.2109644990522,39.0,1.0,744976.0,1.0,1560666.0,67016.0,2
2025-12-17 14:31:09.479005,19.91664644918494,1.571467579498309,1.3012474484653052,429.9423731975746,34.0,1.0,1093148.0,1.0,1983247.0,74505.0,3
2025-12-17 14:31:09.589631,19.91945904242639,1.582134501333046,1.2849491895452485,431.7374739034112,36.0,1.0,1286412.0,1.0,2339412.0,87737.0,4
2025-12-17 14:31:09.678543,19.922456843727545,1.593053728717095,1.2612010964935982,422.11589954428086,32.0,1.0,820138.0,1.0,2388212.0,77856.0,5
2025-12-17 14:31:10.178547,19.942221254998856,1.6467690448282184,1.143685486367413,424.01337184462295,35.0,1.0,428369.0,1.0,1616030.0,75623.0,0
2025-12-17 14:31:10.280702,19.92720143478001,1.6590253453424817,1.1368660377514077,414.5418185198242,29.0,1.0,746996.0,1.0,1841563.0,73453.0,1
2025-12-17 14:31:10.383575,19.919636691692933,1.6695295648150772,1.1209488847127418,419.2106372224336,31.0,1.0,734959.0,1.0,1579797.0,68229.0,2
2025-12-17 14:31:10.481404,19.924436423301486,1.6799620785376828,1.10270879679728,434.93747224279383,37.0,1.0,1100946.0,1.0,1977885.0,74128.0,3
2025-12-17 14:31:10.580983,19.93042968006099,1.6889481534011086,1.0742031950989142,426.7346257625774,34.0,1.0,1299980.0,1.0,2396309.0,88153.0,4
2025-12-17 14:31:11.184030,19.9481532093444,1.7415199966257244,0.9343470397908932,430.0132616405449,37.0,1.0,424042.0,1.0,1636395.0,75214.0,0
2025-12-17 14:31:11.288857,19.94112501607956,1.7466625894489418,0.9051612346039226,420.5401746159249,32.0,1.0,729507.0,1.0,1849058.0,73032.0,1
2025-12-17 14:31:11.378769,19.94870200468368,1.7552526902849197,0.8808890653095489,436.2103125615173,39.0,1.0,749782.0,1.0,1570734.0,67061.0,2
2025-12-17 14:31:11.480953,19.955925749549763,1.762759771611913,0.8584513608173407,451.93258522230576,45.0,1.0,1131162.0,1.0,1998746.0,72908.0,3
2025-12-17 14:31:11.580396,19.96311739697437,1.7714114403381327,0.837659146965888,426.73175446260007,34.0,1.0,1301741.0,1.0,2372101.0,88153.0,4
2025-12-17 14:31:11.677982,19.970219795452977,1.7796856580947154,0.8186152038156117,414.11924259932374,28.0,1.0,832443.0,1.0,2411768.0,78438.0,5
2025-12-17 14:31:12.178789,19.973097774355548,1.8151665986505403,0.7062913113388353,419.01315261185084,32.0,1.0,431717.0,1.0,1622607.0,76033.0,0
2025-12-17 14:31:12.278014,19.97700682226725,1.8171828405468844,0.6982365269973728,437.5385616902842,40.0,1.0,753089.0,1.0,1841563.0,71806.0,1
2025-12-17 14:31:12.383577,19.97744988829097,1.817616070081728,0.6960154123942202,416.2099847642376,30.0,1.0,747502.0,1.0,1591604.0,68391.0,2
2025-12-17 14:31:12.479465,19.97730628427553,1.8175604384724835,0.6957590096170517,433.9277032719446,36.0,1.0,1079910.0,1.0,1992667.0,74228.0,3
2025-12-17 14:31:12.579336,19.97730628427553,1.8175604384724835,0.6957590096170517,426.7288845215453,34.0,1.0,1263970.0,1.0,2376119.0,88153.0,4
2025-12-17 14:31:12.679416,19.97730628427553,1.8175604384724835,0.6957590096170517,420.12091699348315,31.0,1.0,834982.0,1.0,2436381.0,77988.0,5
2025-12-17 14:31:13.181793,19.98911730483617,1.8195048716744056,0.649090050457161,429.013042679479,37.0,1.0,430549.0,1.0,1618768.0,75291.0,0
2025-12-17 14:31:13.281090,19.99972683829101,1.8258310852031856,0.6289658812784571,420.5369260682343,32.0,1.0,757690.0,1.0,1849684.0,73032.0,1
2025-12-17 14:31:13.378426,20.01004495797873,1.83462935086321,0.6072048209197051,437.20966021587026,39.0,1.0,751561.0,1.0,1560137.0,67016.0,2
2025-12-17 14:31:13.484140,20.020666468412397,1.8436813413341024,0.5826663292618675,415.9227911892865,28.0,1.0,1094259.0,1.0,1993341.0,75495.0,3
2025-12-17 14:31:13.579948,20.030632906426224,1.8510905264362805,0.5597342088860053,403.7260097768572,20.0,1.0,1281198.0,1.0,2401180.0,90788.0,4
2025-12-17 14:31:13.677207,20.04054169232545,1.8578797440876187,0.5389394590031734,414.1225852965593,28.0,1.0,827947.0,1.0,2422403.0,78465.0,5
2025-12-17 14:31:14.178340,20.089277990511853,1.88272440476732,0.4264472153963102,426.01293345481446,35.0,1.0,432741.0,1.0,1627557.0,75495.0,0
2025-12-17 14:31:14.282863,20.099564394705624,1.8867654905749784,0.4017439125135447,423.5352925708645,34.0,1.0,755130.0,1.0,1845307.0,72785.0,1
2025-12-17 14:31:14.382849,20.109934206409736,1.89154680386838,0.3788681518997758,412.2093325441886,28.0,1.0,751052.0,1.0,1593221.0,68646.0,2
2025-12-17 14:31:14.477750,20.12068547557769,1.8962756275079915,0.3634796249257792,428.91793320590887,34.0,1.0,1098340.0,1.0,1988625.0,74606.0,3
2025-12-17 14:31:14.580624,20.13172292081402,1.899645214941314,0.3322921938098988,408.723134848298,26.0,1.0,1305271.0,1.0,2380143.0,89658.0,4
2025-12-17 14:31:14.682248,20.142666678488325,1.902319464826668,0.3085752783968958,412.1242657216102,27.0,1.0,855579.0,1.0,2433085.0,78598.0,5
2025-12-17 14:31:15.178954,20.16331251490445,1.905329821055565,0.1868062562342008,423.0128237843941,34.0,1.0,425191.0,1.0,1628659.0,75700.0,0
2025-12-17 14:31:15.279913,20.174564386156447,1.9070576047608832,0.1677551045418426,423.5336667748482,34.0,1.0,745733.0,1.0,1854699.0,72810.0,1
2025-12-17 14:31:15.381981,20.18499322839097,1.90783773706694,0.1482042210030421,432.2090065985834,37.0,1.0,735954.0,1.0,1585690.0,67357.0,2
2025-12-17 14:31:15.481729,20.19583293372223,1.9087429448407551,0.1223412766649031,430.91302452615173,35.0,1.0,1092779.0,1.0,1983919.0,74404.0,3
2025-12-17 14:31:15.580601,20.207330218560507,1.9102135676946488,0.1017878378184928,409.7202619279563,26.0,1.0,1273416.0,1.0,2398743.0,89627.0,4
2025-12-17 14:31:15.678181,20.20731632491588,1.9108535931080777,0.0801567869308292,427.1259309181168,34.0,1.0,821805.0,1.0,2442160.0,77514.0,5
2025-12-17 14:31:16.180523,20.225611682129223,1.9084244514568451,-0.0298434847246136,403.0127140093027,25.0,1.0,430987.0,1.0,1636949.0,77200.0,0
2025-12-17 14:31:16.279790,20.236429172831144,1.9070026787240533,-0.0538080250158927,426.5320363691079,35.0,1.0,757178.0,1.0,1847181.0,72613.0,1
2025-12-17 14:31:16.378782,20.24766478452148,1.906493194834237,-0.0770647006447864,428.2086814134175,35.0,1.0,751052.0,1.0,1565427.0,67631.0,2
2025-12-17 14:31:16.478729,20.259418707926777,1.9057072806164044,-0.0953254568039112,421.90814996829954,31.0,1.0,1105052.0,1.0,1991993.0,75087.0,3
2025-12-17 14:31:16.577860,20.27022601087711,1.9050200415941576,-0.1178545693791968,422.7173968163917,32.0,1.0,1299100.0,1.0,2354504.0,88452.0,4
2025-12-17 14:31:16.678131,20.28075349680067,1.9038045928263612,-0.1397294689903774,412.1276028310334,27.0,1.0,816261.0,1.0,2484680.0,78598.0,5
2025-12-17 14:31:17.178569,20.327455263079976,1.8899112695163856,-0.2439787352029327,424.01260462034315,34.0,1.0,433767.0,1.0,1644723.0,75648.0,0
2025-12-17 14:31:17.277285,20.3394146568936,1.8879235401619656,-0.2662052654929551,426.53040984747184,35.0,1.0,749275.0,1.0,1864139.0,72588.0,1
2025-12-17 14:31:17.378507,20.35077390054048,1.8852778356213875,-0.2916542291380717,424.9037507507318,32.0,1.0,1092779.0,1.0,2002809.0,74884.0,3
2025-12-17 14:31:17.477715,20.361391324053468,1.8815845156282904,-0.3178658467888625,404.7148115451964,24.0,1.0,1262260.0,1.0,2371298.0,90023.0,4
2025-12-17 14:31:17.578617,20.371996347396987,1.878057106966459,-0.3403486527554813,432.12910844048855,36.0,1.0,824870.0,1.0,2418307.0,77096.0,5
2025-12-17 14:31:18.180129,20.369428788411174,1.849840354600456,-0.4549351792368835,436.0124948462382,40.0,1.0,426777.0,1.0,1657016.0,74732.0,0
2025-12-17 14:31:18.281583,20.37969404799764,1.8448213894530667,-0.4811418727235174,418.5287722328211,31.0,1.0,771666.0,1.0,1854699.0,73205.0,1
2025-12-17 14:31:18.379711,20.388740199514856,1.839187119523132,-0.5041700549760381,411.20802865280746,27.0,1.0,749529.0,1.0,1571797.0,68716.0,2
2025-12-17 14:31:18.479698,20.39858369381171,1.833564632285828,-0.5244638665449969,429.71193286164396,35.0,1.0,1287283.0,1.0,2393877.0,87855.0,4
2025-12-17 14:31:18.578925,20.408007093600357,1.827525500109468,-0.545987775779957,414.1307809519799,28.0,1.0,828508.0,1.0,2444641.0,78465.0,5
2025-12-17 14:31:19.177968,20.39914329542792,1.7878260106185468,-0.6599051802946553,432.0123854799665,38.0,1.0,432155.0,1.0,1648625.0,75087.0,0
2025-12-17 14:31:19.277315,20.408133361259797,1.780558365663845,-0.6793930872389222,421.207735828557,32.0,1.0,758717.0,1.0,1555392.0,68044.0,2
2025-12-17 14:31:19.378150,20.41772357577832,1.773896534399709,-0.6974239906297852,419.8939740451277,30.0,1.0,1091300.0,1.0,1991319.0,75240.0,3
2025-12-17 14:31:19.484238,20.42609255316438,1.7669008347765978,-0.7205891451513243,426.70904683186524,34.0,1.0,1293835.0,1.0,2359290.0,88153.0,4
2025-12-17 14:31:19.585419,20.409312836995127,1.7627843730619135,-0.7353946775228564,422.13246380644176,32.0,1.0,841223.0,1.0,2432261.0,77856.0,5
2025-12-17 14:31:20.177973,20.41777095448328,1.7165663508440865,-0.8428905089523586,427.0122758762944,36.0,1.0,440424.0,1.0,1639166.0,75418.0,0
2025-12-17 14:31:20.280880,20.42542294608689,1.7081216110301105,-0.8705478130757767,428.52551216652756,36.0,1.0,758204.0,1.0,1862247.0,72441.0,1
2025-12-17 14:31:20.382373,20.43204834170966,1.699684470048581,-0.8932305075174904,403.2073753268429,24.0,1.0,765682.0,1.0,1588376.0,69253.0,2
2025-12-17 14:31:20.478595,20.425104483363697,1.694899645528709,-0.9055389010875295,427.8885937213407,34.0,1.0,1146580.0,1.0,1978554.0,74631.0,3
2025-12-17 14:31:20.579999,20.40542451484305,1.692912814944746,-0.9084175467787108,416.7058987253922,30.0,1.0,1289900.0,1.0,2389021.0,88963.0,4
2025-12-17 14:31:20.677860,20.412426548806863,1.6833554939700797,-0.9383229823023606,408.13429036398816,25.0,1.0,821805.0,1.0,2467918.0,78944.0,5
2025-12-17 14:31:21.178336,20.444162710008868,1.637276918911443,-1.0542852143384882,421.0121662333844,33.0,1.0,432155.0,1.0,1640831.0,75879.0,0
2025-12-17 14:31:21.279854,20.44951344590769,1.62735523115591,-1.068527617779809,416.5238832332248,30.0,1.0,749021.0,1.0,1856583.0,73329.0,1
2025-12-17 14:31:21.382601,20.43911585271308,1.620172190327942,-1.0897993811671165,434.207049023691,38.0,1.0,748515.0,1.0,1584081.0,67198.0,2
2025-12-17 14:31:21.480949,20.39605670569075,1.6167462010868832,-1.1024648157339711,415.8836929865751,28.0,1.0,1090562.0,1.0,1959893.0,75520.0,3
2025-12-17 14:31:21.578366,20.40020946908085,1.6069257896454552,-1.1309681127108362,411.70303043055867,27.0,1.0,1303505.0,1.0,2368090.0,89446.0,4
2025-12-17 14:31:21.682056,20.404112669011017,1.5969013284785536,-1.1512167458424296,415.135969376202,29.0,1.0,817643.0,1.0,2411768.0,78412.0,5
2025-12-17 14:31:22.177348,20.4274249142232,1.5443414590982734,-1.2631773481082016,417.0120567385482,31.0,1.0,432301.0,1.0,1642498.0,76188.0,0
2025-12-17 14:31:22.281527,20.418161633057792,1.5337204037568153,-1.2880936963205756,432.52224989891556,38.0,1.0,741455.0,1.0,1828521.0,72172.0,1
2025-12-17 14:31:22.383290,20.373020871044087,1.5236783626971988,-1.3003251970139909,425.20672257014763,33.0,1.0,750798.0,1.0,1572330.0,67814.0,2
2025-12-17 14:31:22.480618,20.374065085175204,1.522930820649206,-1.3055081824961792,429.87880537937997,34.0,1.0,1115952.0,1.0,1998070.0,74530.0,3
2025-12-17 14:31:22.583202,20.37427492708745,1.5228862919803523,-1.3065126449633948,416.70014355037597,29.0,1.0,1264826.0,1.0,2438031.0,89023.0,4
2025-12-17 14:31:22.682338,20.373488341589464,1.5161391832049844,-1.3097306147627532,414.13764184422143,28.0,1.0,830192.0,1.0,2380949.0,78491.0,5
2025-12-17 14:31:23.181245,20.38413307305091,1.451268284273587,-1.3156448271975067,421.5207828130722,33.0,1.0,760002.0,1.0,1857211.0,72933.0,1
2025-12-17 14:31:23.279303,20.353068555114035,1.428478997507895,-1.320192247457467,425.2064302649271,33.0,1.0,750036.0,1.0,1597541.0,67837.0,2
2025-12-17 14:31:23.379476,20.35239307110951,1.417558311880084,-1.336399335054088,435.87441065989964,37.0,1.0,1087613.0,1.0,1971869.0,74052.0,3
2025-12-17 14:31:23.484562,20.35470460850142,1.407159297430583,-1.3596118663106926,433.6975539553361,37.0,1.0,1284672.0,1.0,2384981.0,87588.0,4
2025-12-17 14:31:23.580459,20.35745708260224,1.3964655163724975,-1.3786979731630389,424.1391434994048,33.0,1.0,815985.0,1.0,2413401.0,77698.0,5
2025-12-17 14:31:24.182450,20.3650268734725,1.3291412833181742,-1.4979336342153071,432.0118369731049,38.0,1.0,428224.0,1.0,1650299.0,75036.0,0
2025-12-17 14:31:24.280953,20.36576994764479,1.3178733943412375,-1.5026722460134951,412.51898962227386,29.0,1.0,758204.0,1.0,1860357.0,73603.0,1
2025-12-17 14:31:24.377684,20.366839888633827,1.3064103560333944,-1.5011938637985016,433.2060719414426,37.0,1.0,750798.0,1.0,1591066.0,67266.0,2
2025-12-17 14:31:24.478053,20.36744467796277,1.2943714262160864,-1.4999529349792848,426.86903946918596,33.0,1.0,1091300.0,1.0,1980564.0,74707.0,3
2025-12-17 14:31:24.578626,20.36822176882726,1.28256781077493,-1.5021563709194543,427.6944107243211,34.0,1.0,1278599.0,1.0,2382561.0,88094.0,4
2025-12-17 14:31:24.682371,20.36920864229546,1.2708840168477096,-1.5056246612299182,432.14098589243025,36.0,1.0,833006.0,1.0,2428149.0,77096.0,5
2025-12-17 14:31:25.180018,20.29146351966067,1.1951452090817938,-1.5237403031858423,415.0117276365356,31.0,1.0,437009.0,1.0,1639721.0,76265.0,0
2025-12-17 14:31:25.278704,20.29201643974887,1.1839545247098329,-1.5244278689467152,423.5173626832026,33.0,1.0,758717.0,1.0,1855327.0,72834.0,1
2025-12-17 14:31:25.381314,20.29284590237213,1.1717514943952558,-1.5202700712807682,421.20574452846034,32.0,1.0,760774.0,1.0,1567547.0,68044.0,2
2025-12-17 14:31:25.477660,20.29314622099583,1.160737451151732,-1.5240001514136237,410.86415216512285,26.0,1.0,1109549.0,1.0,1982576.0,75879.0,3
2025-12-17 14:31:25.581496,20.293774390322948,1.1489154456758133,-1.5183289352398477,437.69152949242965,39.0,1.0,1292522.0,1.0,2389021.0,87204.0,4
2025-12-17 14:31:25.677650,20.29448496079967,1.137748182782639,-1.5220281698939364,441.1426499954511,40.0,1.0,813228.0,1.0,2413401.0,76472.0,5
2025-12-17 14:31:26.179073,20.29740587242498,1.080632739903118,-1.5207827834829195,429.0116181369865,37.0,1.0,435532.0,1.0,1636949.0,75291.0,0
2025-12-17 14:31:26.279298,20.297441911334364,1.0695066705003544,-1.5155855837945336,401.51573110831754,24.0,1.0,748515.0,1.0,1854071.0,74379.0,1
2025-12-17 14:31:26.379742,20.298086943090688,1.0580971171914086,-1.5150912926062845,420.20541881252024,31.0,1.0,737450.0,1.0,1576593.0,68160.0,2
2025-12-17 14:31:26.483672,20.299059489103517,1.0464084030213083,-1.5168138113200789,424.8592335455702,32.0,1.0,1093519.0,1.0,1968535.0,74833.0,3
2025-12-17 14:31:26.588894,20.29945165356057,1.0350167135896768,-1.5145952045347195,440.68863525165574,41.0,1.0,1287719.0,1.0,2342581.0,86938.0,4
2025-12-17 14:31:26.678406,20.300811174899614,1.023039343423017,-1.5191663821624573,427.14432325599694,34.0,1.0,815433.0,1.0,2431438.0,77488.0,5
2025-12-17 14:31:27.178629,20.303858308097205,0.9657478225476304,-1.51897776893812,426.01150858252623,35.0,1.0,426633.0,1.0,1646394.0,75469.0,0
2025-12-17 14:31:27.277340,20.30396175127853,0.9537976608491938,-1.5192415633660692,429.51410369473984,36.0,1.0,772188.0,1.0,1865401.0,72368.0,1
2025-12-17 14:31:27.383993,20.30479782007349,0.9421041288620966,-1.5224483021398678,423.20509119695,33.0,1.0,752070.0,1.0,1565427.0,67929.0,2
2025-12-17 14:31:27.477969,20.305026344730173,0.9305612538796312,-1.5207193861485917,409.8543722032946,26.0,1.0,1159850.0,1.0,2004844.0,75931.0,3
2025-12-17 14:31:27.583900,20.30587769792668,0.9184560701630976,-1.5189888231360822,428.68577661292954,35.0,1.0,1265254.0,1.0,2358492.0,87945.0,4
2025-12-17 14:31:27.679790,20.30609603660323,0.90763561175938,-1.5187557110413243,416.14599756655656,29.0,1.0,830473.0,1.0,2401180.0,78359.0,5
2025-12-17 14:31:28.182652,20.325152044354983,0.8468689311214526,-1.5057375227242609,424.01139853846877,35.0,1.0,432301.0,1.0,1648625.0,75623.0,0
2025-12-17 14:31:28.281822,20.33064492793326,0.8386391197865102,-1.502763109027169,424.5124657800575,34.0,1.0,750544.0,1.0,1862247.0,72785.0,1
2025-12-17 14:31:28.381970,20.33064492793326,0.8386391197865102,-1.502763109027169,425.204765628139,33.0,1.0,751815.0,1.0,1575526.0,67814.0,2
2025-12-17 14:31:28.478702,20.33064492793326,0.8386391197865102,-1.502763109027169,416.8494793939635,29.0,1.0,1119356.0,1.0,1973872.0,75418.0,3
2025-12-17 14:31:28.578134,20.33064492793326,0.8386391197865102,-1.502763109027169,422.68292019214886,32.0,1.0,1282065.0,1.0,2392257.0,88482.0,4
2025-12-17 14:31:28.677684,20.33061973904207,0.8382987222858844,-1.5030138679708942,409.14766604184837,26.0,1.0,825988.0,1.0,2465413.0,78891.0,5
2025-12-17 14:31:29.176879,20.333156431378463,0.7779474781475528,-1.5017290151354366,431.01128956808355,38.0,1.0,434355.0,1.0,1639166.0,75138.0,0
2025-12-17 14:31:29.282225,20.334846503355557,0.7649667044962722,-1.505918515626275,426.5108345166183,35.0,1.0,751561.0,1.0,1859727.0,72613.0,1
2025-12-17 14:31:29.381450,20.33544491633486,0.7536470370058357,-1.5041920704402103,431.2044395690062,36.0,1.0,760002.0,1.0,1567547.0,67448.0,2
2025-12-17 14:31:29.479694,20.336509431632077,0.7425577205095166,-1.5074237316089891,418.8445853183231,30.0,1.0,1130397.0,1.0,1984590.0,75265.0,3
2025-12-17 14:31:29.580336,20.337119148750133,0.7323083723514969,-1.506686562379927,403.6800408794124,21.0,1.0,1267397.0,1.0,2352911.0,90665.0,4
2025-12-17 14:31:29.678558,20.338181653559577,0.7216819924920586,-1.5076771019901936,430.14933949968975,35.0,1.0,842362.0,1.0,2428971.0,77253.0,5
2025-12-17 14:31:30.177344,20.34182339187826,0.6643621403383726,-1.508157564046363,424.011179913994,34.0,1.0,435827.0,1.0,1651976.0,75648.0,0
2025-12-17 14:31:30.277880,20.342189097110143,0.6532150879668457,-1.505925308235682,426.50921099529785,35.0,1.0,739450.0,1.0,1834720.0,72588.0,1
2025-12-17 14:31:30.378025,20.34296315836061,0.6413993360471864,-1.504941408049182,433.204114457568,37.0,1.0,757178.0,1.0,1587838.0,67311.0,2
2025-12-17 14:31:30.477273,20.343385003497268,0.6298569052028533,-1.5056784238066805,425.8397079296093,32.0,1.0,1108048.0,1.0,1987279.0,74808.0,3
2025-12-17 14:31:30.579505,20.3438579682257,0.6183357004632146,-1.50124056039867,424.6771702804437,33.0,1.0,1267397.0,1.0,2438856.0,88273.0,4
2025-12-17 14:31:30.679772,20.344790044895767,0.6063594633301523,-1.5027245291942184,417.15101352601,29.0,1.0,815157.0,1.0,2399555.0,78253.0,5
2025-12-17 14:31:31.177578,20.34849746181626,0.5479746668637162,-1.50670486191343,439.0110702852228,41.0,1.0,440275.0,1.0,1629762.0,74530.0,0
2025-12-17 14:31:31.276853,20.34867643543328,0.5365650240876736,-1.5027606281918495,420.50758206362565,32.0,1.0,755642.0,1.0,1861617.0,73032.0,1
2025-12-17 14:31:31.380421,20.34991018673099,0.5240407356442311,-1.504253725654172,415.2037874471521,29.0,1.0,749021.0,1.0,1576059.0,68483.0,2
2025-12-17 14:31:31.477107,20.35076898945113,0.5123657621169162,-1.505247189670259,440.834819515692,39.0,1.0,1105426.0,1.0,1983247.0,73727.0,3
2025-12-17 14:31:31.578827,20.351321236166918,0.5004562224975739,-1.5045120124756508,423.6742992419081,33.0,1.0,1291647.0,1.0,2376119.0,88362.0,4
2025-12-17 14:31:31.684326,20.35225114743823,0.4891431115434006,-1.5044963268021074,436.1526931367985,38.0,1.0,832443.0,1.0,2396309.0,76835.0,5
2025-12-17 14:31:32.182335,20.386207780232983,0.4233846209737741,-1.49739561199723,419.01096016071665,32.0,1.0,432155.0,1.0,1643054.0,75982.0,0
2025-12-17 14:31:32.281265,20.386737646511904,0.4117341562310912,-1.4971662067258151,433.5059442630857,38.0,1.0,759231.0,1.0,1840317.0,72099.0,1
2025-12-17 14:31:32.387416,20.387928199410997,0.4004727300525754,-1.5016071002629758,424.2034589364101,33.0,1.0,749021.0,1.0,1583545.0,67906.0,2
2025-12-17 14:31:32.483057,20.388490769499104,0.3886058659206188,-1.496162149358905,418.8299011992713,30.0,1.0,1127340.0,1.0,2019827.0,75265.0,3
2025-12-17 14:31:32.581103,20.38990992592491,0.3767158838893554,-1.4969354706956126,419.67141971657065,31.0,1.0,1268684.0,1.0,2377728.0,88722.0,4
2025-12-17 14:31:33.180834,20.39087920022136,0.3679653680807995,-1.4912074515559004,415.0108507221069,30.0,1.0,442666.0,1.0,1648067.0,76291.0,0
2025-12-17 14:31:33.279728,20.39087920022136,0.3679653680807995,-1.4912074515559004,422.5043161630228,33.0,1.0,766719.0,1.0,1846556.0,72859.0,1
2025-12-17 14:31:33.377715,20.39087920022136,0.3679653680807995,-1.4912074515559004,434.2031358723836,38.0,1.0,746743.0,1.0,1569140.0,67198.0,2
2025-12-17 14:31:33.478178,20.390351191476974,0.3637115653013687,-1.494681858678037,443.82503582827394,41.0,1.0,1099456.0,1.0,2011640.0,73478.0,3
2025-12-17 14:31:33.581288,20.38968301936535,0.354075130994147,-1.4998579951695246,406.6685461986478,25.0,1.0,1273848.0,1.0,2379338.0,89901.0,4
2025-12-17 14:31:33.679658,20.390600970468952,0.3415547845229199,-1.5020600445275785,420.1560293249517,31.0,1.0,827387.0,1.0,2415036.0,78015.0,5
2025-12-17 14:31:34.177532,20.396409895571345,0.2770766661965602,-1.4968456075335377,423.0107414808923,34.0,1.0,439382.0,1.0,1636949.0,75725.0,0
2025-12-17 14:31:34.281047,20.39778872839368,0.266116090246097,-1.50081295567441,422.5026834059482,33.0,1.0,746996.0,1.0,1857211.0,72908.0,1
2025-12-17 14:31:34.380267,20.398258011223987,0.2559349592669147,-1.5005940869615653,434.202808811076,37.0,1.0,753089.0,1.0,1577126.0,67243.0,2
2025-12-17 14:31:34.480230,20.399099963918182,0.2448677454606898,-1.4968796157480628,422.8201365700544,31.0,1.0,1095000.0,1.0,1991993.0,74986.0,3
2025-12-17 14:31:34.578782,20.400224444506787,0.2334147851418144,-1.4993424359015364,424.66568041193136,33.0,1.0,1262687.0,1.0,2375315.0,88332.0,4
2025-12-17 14:31:34.677507,20.401088996797483,0.2213591260111247,-1.4993276202114407,432.15769772500363,36.0,1.0,824591.0,1.0,2435556.0,77148.0,5
2025-12-17 14:31:35.179991,20.40534077781534,0.1646892695422721,-1.500311781837407,431.0106316082542,38.0,1.0,435238.0,1.0,1663196.0,75113.0,0
2025-12-17 14:31:35.281531,20.40623967299924,0.1532471396017101,-1.5018049418080264,421.5010520104299,33.0,1.0,760517.0,1.0,1850310.0,72958.0,1
2025-12-17 14:31:35.381173,20.40691299105722,0.1415349352726256,-1.4995857485731658,416.202482286741,29.0,1.0,754109.0,1.0,1574993.0,68437.0,2
2025-12-17 14:31:35.481143,20.40826422247159,0.1293059231002118,-1.4990822507447956,428.8152428806627,34.0,1.0,1109549.0,1.0,2018460.0,74606.0,3
2025-12-17 14:31:35.581269,20.40861788210865,0.1175720388729644,-1.4985711911051232,422.66280028039375,32.0,1.0,1266968.0,1.0,2395498.0,88452.0,4
2025-12-17 14:31:35.676851,20.41133361904513,0.1063300524590893,-1.4904564086329142,436.1593686246904,38.0,1.0,835265.0,1.0,2383368.0,76809.0,5
2025-12-17 14:31:36.179845,20.416857417141344,0.0485029122474127,-1.487568154869467,414.01052202113215,30.0,1.0,435532.0,1.0,1646952.0,76395.0,0
2025-12-17 14:31:36.276705,20.417284838996046,0.0374966731784471,-1.4880456519234255,421.499429273431,33.0,1.0,766460.0,1.0,1852817.0,72958.0,1
2025-12-17 14:31:36.379664,20.41780713538965,0.0254913985741076,-1.4865512902805926,437.8108498088514,38.0,1.0,1110301.0,1.0,1976546.0,73927.0,3
2025-12-17 14:31:36.478628,20.41937969638812,0.0134767966910533,-1.4894853951803892,427.6602221801725,34.0,1.0,1286847.0,1.0,2369694.0,88064.0,4
2025-12-17 14:31:36.581125,20.419533040098354,0.0021987949969037,-1.4884951947445402,426.1608805676683,33.0,1.0,809932.0,1.0,2431438.0,77593.0,5
2025-12-17 14:31:37.179004,20.42446741967884,-0.0665531642040182,-1.4660563554545205,424.0104125101843,34.0,1.0,435238.0,1.0,1658699.0,75648.0,0
2025-12-17 14:31:37.277542,20.426259032471208,-0.0779908914558138,-1.448975525973092,414.2018636366113,29.0,1.0,753089.0,1.0,1578194.0,68530.0,2
2025-12-17 14:31:37.377839,20.427440925430417,-0.0893574397173342,-1.42770590691727,412.8059695061592,27.0,1.0,1122011.0,1.0,1982576.0,75725.0,3
2025-12-17 14:31:37.477943,20.42943040983777,-0.1006039181997291,-1.405464525697354,403.65735116174784,22.0,1.0,1265682.0,1.0,2358492.0,90481.0,4
2025-12-17 14:31:37.580153,20.431661647244013,-0.1121888277616918,-1.381758643596585,431.1625509390041,36.0,1.0,829069.0,1.0,2419126.0,77226.0,5
2025-12-17 14:31:38.179590,20.44994699191432,-0.1769898076100187,-1.2357539658376504,419.0103028428328,32.0,1.0,431717.0,1.0,1633075.0,76008.0,0
2025-12-17 14:31:38.279740,20.45422754239917,-0.1880600165512174,-1.2181879636106818,436.49616311193114,39.0,1.0,786165.0,1.0,1826665.0,71928.0,1
2025-12-17 14:31:38.381198,20.459771224726573,-0.1982374893995988,-1.196998395555405,417.20150359226994,30.0,1.0,743717.0,1.0,1569140.0,68344.0,2
2025-12-17 14:31:38.484125,20.46505587559253,-0.2090884753667428,-1.1732005904406546,426.80056062440593,33.0,1.0,1091300.0,1.0,1991993.0,74707.0,3
2025-12-17 14:31:38.581544,20.469191323500304,-0.2202446950382892,-1.154976773057407,410.16422526126775,26.0,1.0,822361.0,1.0,2415853.0,78784.0,5
2025-12-17 14:31:39.183450,20.50825348790933,-0.2822524345482495,-0.9952075888147092,438.01019281664065,41.0,1.0,436270.0,1.0,1654774.0,74631.0,0
2025-12-17 14:31:39.278959,20.512733984752387,-0.2911587984838988,-0.9684032459972768,416.4945337791298,30.0,1.0,762837.0,1.0,1820493.0,73329.0,1
2025-12-17 14:31:39.376855,20.5187810259342,-0.3015077264100192,-0.9500089439505542,416.20117878030976,30.0,1.0,741204.0,1.0,1574993.0,68391.0,2
2025-12-17 14:31:39.478491,20.526010488467097,-0.3107612721683193,-0.931981879188817,414.7956989447738,28.0,1.0,1110676.0,1.0,1991993.0,75597.0,3
2025-12-17 14:31:39.578383,20.53357824503523,-0.3191645269304679,-0.9104923917538784,435.651316626151,38.0,1.0,1276005.0,1.0,2376923.0,87351.0,4
2025-12-17 14:31:39.679857,20.52861407745375,-0.323662920143807,-0.8824442822136445,433.16606163677767,37.0,1.0,819583.0,1.0,2420764.0,77070.0,5
2025-12-17 14:31:40.177827,20.5559003412269,-0.3625633860580972,-0.7735304326897469,420.01008382981496,33.0,1.0,436861.0,1.0,1651976.0,75905.0,0
2025-12-17 14:31:40.279474,20.5643028653332,-0.3693338888896154,-0.7503015354751842,425.4929023330627,34.0,1.0,754109.0,1.0,1862247.0,72687.0,1
2025-12-17 14:31:40.378871,20.57232696804244,-0.3770761753440173,-0.725080118928715,423.2008518938608,32.0,1.0,750544.0,1.0,1565427.0,67975.0,2
2025-12-17 14:31:40.483025,20.580283058860047,-0.3844614146320495,-0.703183382322783,424.79078755149646,32.0,1.0,1110301.0,1.0,2011640.0,74859.0,3
2025-12-17 14:31:40.581925,20.568342513460685,-0.3845291356672913,-0.6776210886079012,426.6484334636128,34.0,1.0,1279465.0,1.0,2333086.0,88153.0,4
2025-12-17 14:31:40.678793,20.55697567919287,-0.3821690456706115,-0.6535701911378632,421.16773185428985,31.0,1.0,831316.0,1.0,2423223.0,77962.0,5
2025-12-17 14:31:41.178330,20.60502562263621,-0.4137368463290318,-0.5353845177230694,423.00997417156054,34.0,1.0,438490.0,1.0,1619316.0,75725.0,0
2025-12-17 14:31:41.277269,20.61432853807562,-0.4197626424069973,-0.5114243559318146,421.49127532224475,33.0,1.0,766460.0,1.0,1838450.0,72933.0,1
2025-12-17 14:31:41.377977,20.624165111169784,-0.4256815774438394,-0.4908853768937771,433.2005259567375,37.0,1.0,747755.0,1.0,1576593.0,67266.0,2
2025-12-17 14:31:41.482377,20.633955867562435,-0.4300288129155465,-0.4703958692443353,432.64584647724456,36.0,1.0,1275573.0,1.0,2382561.0,87677.0,4
2025-12-17 14:31:41.579540,20.63686461722845,-0.4337855122965859,-0.4393220306659369,430.16923790013607,35.0,1.0,814881.0,1.0,2402806.0,77253.0,5
2025-12-17 14:31:42.178309,20.678011581828223,-0.4535614076023968,-0.2976770825295121,428.0098645707381,36.0,1.0,437897.0,1.0,1661508.0,75367.0,0
2025-12-17 14:31:42.277685,20.689434430996343,-0.4563484271690541,-0.2771598794747921,419.48964403760766,32.0,1.0,753598.0,1.0,1868560.0,73131.0,1
2025-12-17 14:31:42.379332,20.699379129597062,-0.4599105025025114,-0.2521768034602165,427.2001992859258,34.0,1.0,727780.0,1.0,1575526.0,67700.0,2
2025-12-17 14:31:42.481550,20.700731779933985,-0.4603978934853163,-0.2320412599077219,424.78101631204663,32.0,1.0,1106924.0,1.0,1982576.0,74833.0,3
2025-12-17 14:31:42.579450,20.66670139182414,-0.4527908644571567,-0.2159508593179052,415.6426946014134,29.0,1.0,1287283.0,1.0,2376119.0,89053.0,4
2025-12-17 14:31:42.679657,20.67092567970081,-0.452583059197611,-0.1979868355297695,432.1710772919277,36.0,1.0,808015.0,1.0,2415036.0,77122.0,5
2025-12-17 14:31:43.181930,20.728236971415036,-0.4606414638247962,-0.0796127429852002,423.4881695700095,34.0,1.0,772711.0,1.0,1860987.0,72810.0,1
2025-12-17 14:31:43.276322,20.738959845766093,-0.4626397949682026,-0.0554180253754724,433.1999066619798,37.0,1.0,746743.0,1.0,1570202.0,67266.0,2
2025-12-17 14:31:43.379972,20.750358318833804,-0.4632346976534141,-0.0328429614366949,413.77662372426863,27.0,1.0,1131545.0,1.0,2023933.0,75648.0,3
2025-12-17 14:31:43.480218,20.76121810094956,-0.4631968629606593,-0.0148632835666044,421.6401067071815,32.0,1.0,1254593.0,1.0,2384174.0,88572.0,4
2025-12-17 14:31:43.584068,20.709502778637184,-0.4516619619816779,0.0124325449636186,428.17258946396913,35.0,1.0,816537.0,1.0,2410952.0,77383.0,5
2025-12-17 14:31:44.180277,20.74348933074229,-0.4391501641632018,0.1415856625724601,429.00964514879104,37.0,1.0,432155.0,1.0,1638057.0,75240.0,0
2025-12-17 14:31:44.281430,20.754254181996025,-0.436764956931567,0.1662151768544038,422.4863767183773,33.0,1.0,767758.0,1.0,1834099.0,72908.0,1
2025-12-17 14:31:44.382080,20.76468786968097,-0.435207881530026,0.1913678352067501,417.1995459319056,30.0,1.0,746743.0,1.0,1571797.0,68344.0,2
2025-12-17 14:31:44.479035,20.70680501461287,-0.4241322200963573,0.2202264247461425,439.7712501573913,39.0,1.0,1107673.0,1.0,2007560.0,73777.0,3
2025-12-17 14:31:44.579454,20.67217948591619,-0.4156940492631502,0.2429895608599631,441.6369486170807,41.0,1.0,1278166.0,1.0,2379338.0,86909.0,4
2025-12-17 14:31:44.678364,20.68315336283941,-0.4126383741155965,0.2655261478634737,434.17441912306913,37.0,1.0,821249.0,1.0,2403619.0,76965.0,5
2025-12-17 14:31:45.179146,20.73395162800471,-0.3971137344363171,0.3943136502158005,407.00953566962806,27.0,1.0,433180.0,1.0,1639166.0,76887.0,0
2025-12-17 14:31:45.279421,20.722360110938958,-0.3892079437670599,0.4148984366454925,416.4847493879605,30.0,1.0,760774.0,1.0,1848432.0,73329.0,1
2025-12-17 14:31:45.380878,20.70964910537043,-0.3802394782270699,0.4299641989936592,426.19922009526084,34.0,1.0,751815.0,1.0,1584081.0,67723.0,2
2025-12-17 14:31:45.480632,20.697898275383423,-0.3706780921389168,0.4452521285992568,412.76635312376936,27.0,1.0,1113311.0,1.0,2013003.0,75777.0,3
2025-12-17 14:31:45.579639,20.68839637671594,-0.361209428587566,0.4670589146667089,437.6340750991578,39.0,1.0,1276437.0,1.0,2379338.0,87174.0,4
2025-12-17 14:31:45.676799,20.698391646677884,-0.355005321309731,0.4888559464811396,413.176088502911,28.0,1.0,815985.0,1.0,2424043.0,78544.0,5
2025-12-17 14:31:46.178843,20.74554553132265,-0.3263835395092052,0.6001095662032352,425.0094260997137,35.0,1.0,430841.0,1.0,1651976.0,75572.0,0
2025-12-17 14:31:46.282749,20.75492216781762,-0.3196720164926994,0.6235122190272261,420.48311335499784,32.0,1.0,762579.0,1.0,1840940.0,73057.0,1
2025-12-17 14:31:46.380777,20.750136649687956,-0.3112118759785058,0.6474104990950159,437.19889389943813,39.0,1.0,751815.0,1.0,1589989.0,67016.0,2
2025-12-17 14:31:46.480833,20.707718684793196,-0.2974905784312174,0.6675646072259978,430.7614629155063,35.0,1.0,1123912.0,1.0,1987952.0,74404.0,3
2025-12-17 14:31:46.579827,20.715553594642177,-0.2904874315534336,0.6908197831174193,430.63120157261596,36.0,1.0,1274279.0,1.0,2384174.0,87826.0,4
2025-12-17 14:31:46.681972,20.72430467989584,-0.2835392617067089,0.7080212695370213,422.17776914866545,31.0,1.0,808015.0,1.0,2418307.0,77909.0,5
2025-12-17 14:31:47.178342,20.765392955135056,-0.2463306278136361,0.821434977135997,426.00931655150083,35.0,1.0,436418.0,1.0,1624256.0,75495.0,0
2025-12-17 14:31:47.276859,20.76040013544741,-0.2352549945169251,0.8487355459753231,412.48149235296415,29.0,1.0,755386.0,1.0,1899807.0,73603.0,1
2025-12-17 14:31:47.378524,20.727858370499284,-0.2204072813118145,0.8821397739697302,431.1985684056598,36.0,1.0,744724.0,1.0,1580867.0,67403.0,2
2025-12-17 14:31:47.478008,20.733126821870165,-0.2109261746678949,0.9009848599133052,405.7565875020396,23.0,1.0,1100573.0,1.0,1951289.0,76369.0,3
2025-12-17 14:31:47.587551,20.74022403911121,-0.2019822204261121,0.9237089096404102,425.6283063952485,33.0,1.0,1299100.0,1.0,2386596.0,88273.0,4
2025-12-17 14:31:47.679404,20.746891381610887,-0.1928571575073387,0.9478780585129432,415.1794368514948,29.0,1.0,812677.0,1.0,2402806.0,78412.0,5
2025-12-17 14:31:48.181146,20.77172603195872,-0.1444150993333792,1.05681820360724,423.0092066410496,34.0,1.0,432594.0,1.0,1648067.0,75725.0,0
2025-12-17 14:31:48.278432,20.743583663710336,-0.1217495836978823,1.08226410729414,427.47985918171554,35.0,1.0,761805.0,1.0,1841563.0,72539.0,1
2025-12-17 14:31:48.378063,20.744523468820528,-0.109831395858853,1.1070759365580929,425.1982423272795,33.0,1.0,750036.0,1.0,1580867.0,67837.0,2
2025-12-17 14:31:48.482656,20.74990913848168,-0.0999996279737924,1.131546392797776,424.75167555139063,32.0,1.0,1106549.0,1.0,2002131.0,74859.0,3
2025-12-17 14:31:48.579395,20.75476328515199,-0.0892303316594098,1.1495986641916929,427.6254568409053,34.0,1.0,1255018.0,1.0,2337829.0,88094.0,4
2025-12-17 14:31:48.678002,20.759119059789413,-0.078500131248596,1.1716110884138091,438.1811065038722,39.0,1.0,833288.0,1.0,2426506.0,76705.0,5
2025-12-17 14:31:49.178919,20.77828483810593,-0.0251206136070667,1.2709206475531123,429.0090972820117,37.0,1.0,434208.0,1.0,1631970.0,75291.0,0
2025-12-17 14:31:49.278246,20.74500114876992,0.0015074562122361,1.286944106831,426.4782288787035,35.0,1.0,756665.0,1.0,1860357.0,72613.0,1
2025-12-17 14:31:49.380911,20.726160992389985,0.0207746006987257,1.296711198174736,415.1979151694082,29.0,1.0,743213.0,1.0,1578728.0,68460.0,2
2025-12-17 14:31:49.480478,20.72920629345577,0.0313163933378302,1.2986828890440665,440.74679697459504,39.0,1.0,1099456.0,1.0,1993341.0,73727.0,3
2025-12-17 14:31:49.577813,20.732192267533797,0.0425844148712979,1.2994068349041092,419.6225883995495,31.0,1.0,1290773.0,1.0,2383368.0,88752.0,4
2025-12-17 14:31:49.677765,20.735407813506637,0.0538138919457082,1.301868887219015,408.1827781041254,26.0,1.0,809932.0,1.0,2433085.0,78917.0,5
2025-12-17 14:31:50.177222,20.748533965861583,0.1086506642883247,1.3648041479164954,422.0089878648841,34.0,1.0,435827.0,1.0,1663196.0,75751.0,0
2025-12-17 14:31:50.280524,20.750981635240485,0.1199161171810914,1.389316887365996,413.47659455787743,29.0,1.0,750544.0,1.0,1834720.0,73528.0,1
2025-12-17 14:31:50.378713,20.753110284041547,0.1312769252705283,1.4007406515467993,429.1975896576873,36.0,1.0,765423.0,1.0,1593761.0,67517.0,2
2025-12-17 14:31:50.482976,20.7551417600193,0.1434293592266051,1.4004791290322551,421.74189553578094,31.0,1.0,1128104.0,1.0,2000099.0,75113.0,3
2025-12-17 14:31:50.580287,20.756485132326542,0.1552188325658541,1.403930317350031,437.6197083053607,39.0,1.0,1272986.0,1.0,2340204.0,87174.0,4
2025-12-17 14:31:50.678753,20.75829523344764,0.1665130972210136,1.402440379641228,424.18445175257443,33.0,1.0,841223.0,1.0,2428149.0,77698.0,5
2025-12-17 14:31:51.178146,20.70976072741101,0.2497624823417084,1.4217389890861594,421.00887816048674,33.0,1.0,434355.0,1.0,1650299.0,75828.0,0
2025-12-17 14:31:51.277919,20.71113211546402,0.2610703594355907,1.4225060751265148,423.474968199302,33.0,1.0,764387.0,1.0,1860987.0,72834.0,1
2025-12-17 14:31:51.378974,20.71319245089825,0.2723809944201569,1.423991282564391,403.1972633437698,22.0,1.0,750290.0,1.0,1598623.0,69511.0,2
2025-12-17 14:31:51.479775,20.71475490609535,0.2841564285645699,1.422018819527029,424.73702196066307,32.0,1.0,1133462.0,1.0,1991319.0,74884.0,3
2025-12-17 14:31:51.579911,20.716350373733498,0.2955601858828309,1.424981886422075,426.6168363991832,34.0,1.0,1301301.0,1.0,2437206.0,88153.0,4
2025-12-17 14:31:51.677281,20.7181544229636,0.307144416270189,1.422487585543998,432.18612128791204,36.0,1.0,820138.0,1.0,2460412.0,77096.0,5
2025-12-17 14:31:52.181440,20.72652217728165,0.3636164422650214,1.420479784279188,427.00876819633,36.0,1.0,416503.0,1.0,1635287.0,75393.0,0
2025-12-17 14:31:52.277291,20.72792651541863,0.3751186835302,1.422732554512307,414.4733386170179,30.0,1.0,764129.0,1.0,1879979.0,73453.0,1
2025-12-17 14:31:52.380501,20.730144055960288,0.3868866168022649,1.4252090497538568,420.1969366168467,31.0,1.0,734959.0,1.0,1576593.0,68114.0,2
2025-12-17 14:31:52.478533,20.73253208430196,0.3979291343534701,1.4271918884098218,405.7321388075524,23.0,1.0,1113311.0,1.0,1985262.0,76369.0,3
2025-12-17 14:31:52.577628,20.73475298960081,0.4087561884313135,1.428175343787239,415.6139699717908,29.0,1.0,1292959.0,1.0,2391448.0,89113.0,4
2025-12-17 14:31:52.677112,20.736450979289017,0.420752283032769,1.4215085772506442,404.18779300186105,23.0,1.0,817643.0,1.0,2433085.0,79346.0,5
2025-12-17 14:31:53.180582,20.745277469179705,0.4780954924637299,1.4254837395147686,431.0086586872454,38.0,1.0,428514.0,1.0,1639166.0,75138.0,0
2025-12-17 14:31:53.278424,20.746907240516432,0.4896442641675129,1.428698093639404,427.47170616323604,35.0,1.0,770100.0,1.0,1828521.0,72539.0,1
2025-12-17 14:31:53.379384,20.735207507141016,0.5056328368184833,1.4345293355071536,420.19661075247245,31.0,1.0,753089.0,1.0,1553814.0,68160.0,2
2025-12-17 14:31:53.481701,20.70263176125315,0.5237361620171894,1.466499672044677,424.7272340929572,32.0,1.0,1114065.0,1.0,2001454.0,74859.0,3
2025-12-17 14:31:53.581008,20.703821797963045,0.5350561588956628,1.4669838877542436,445.6110872746763,43.0,1.0,1262260.0,1.0,2356099.0,86557.0,4
2025-12-17 14:31:53.684262,20.704900997255145,0.5461462782701654,1.464929585605731,423.1894769531526,32.0,1.0,836113.0,1.0,2432261.0,77830.0,5
2025-12-17 14:31:54.182192,20.710397383178197,0.6033916458692019,1.4673725413285252,426.00854890766027,35.0,1.0,436861.0,1.0,1644723.0,75469.0,0
2025-12-17 14:31:54.279755,20.711791683628924,0.6147527679773317,1.4700647019035389,441.4700733865942,42.0,1.0,768538.0,1.0,1849058.0,71588.0,1
2025-12-17 14:31:54.383978,20.712840882144228,0.6262941973547465,1.463875816811266,438.19628302500576,40.0,1.0,743717.0,1.0,1573927.0,66948.0,2
2025-12-17 14:31:54.481838,20.71358101231252,0.637875234479595,1.469709934417913,421.7223441976045,31.0,1.0,1095000.0,1.0,1979894.0,75087.0,3
2025-12-17 14:31:54.582387,20.71476996762062,0.6496564536880873,1.4692694230243668,403.6082103264077,23.0,1.0,1282065.0,1.0,2395498.0,90358.0,4
2025-12-17 14:31:54.682381,20.71571360205119,0.6606190597690444,1.4687954401677288,431.1911458046436,36.0,1.0,842362.0,1.0,2447124.0,77226.0,5
2025-12-17 14:31:55.181711,20.721489737479622,0.7184051797487561,1.469311335159761,436.0084393572553,40.0,1.0,429385.0,1.0,1630866.0,74758.0,0
2025-12-17 14:31:55.279620,20.72249788615159,0.7301624366977615,1.4673250503251802,415.4684430004212,30.0,1.0,764646.0,1.0,1870459.0,73379.0,1
2025-12-17 14:31:55.378257,20.723326554514703,0.7411932666237009,1.465499053907668,431.1959586625888,36.0,1.0,737201.0,1.0,1576593.0,67425.0,2
2025-12-17 14:31:55.479908,20.724574377341504,0.752629228114615,1.4657435331740862,422.71746440828105,31.0,1.0,1110301.0,1.0,2000099.0,75036.0,3
2025-12-17 14:31:55.577921,20.725377283294893,0.7643095157029771,1.463045892352147,430.60535017074466,36.0,1.0,1279465.0,1.0,2347343.0,87796.0,4
2025-12-17 14:31:56.179471,20.688224882984844,0.8759546214568399,1.5051646856142928,414.0083299996422,30.0,1.0,429967.0,1.0,1655334.0,76369.0,0
2025-12-17 14:31:56.282051,20.6890089321661,0.8877192922032453,1.5011846851020794,427.7135425502477,34.0,1.0,1106924.0,1.0,1980564.0,74631.0,3
2025-12-17 14:31:56.381007,20.68998333025315,0.8989368020254442,1.5037076375710658,423.60304291557225,32.0,1.0,1313247.0,1.0,2434732.0,88422.0,4
2025-12-17 14:31:56.479074,20.690571916601744,0.91064518503501,1.5021938018783458,430.1941498690807,35.0,1.0,846077.0,1.0,2438031.0,77305.0,5
2025-12-17 14:31:57.179933,20.697148939121973,0.9908925565374124,1.4974346779651646,429.0082203458815,37.0,1.0,437009.0,1.0,1638057.0,75240.0,0
2025-12-17 14:31:57.277945,20.69790825745804,1.0022604324355049,1.4935041880029838,420.465184519077,32.0,1.0,761032.0,1.0,1875530.0,73007.0,1
2025-12-17 14:31:57.377886,20.699775590628526,1.0123959340755118,1.498703459741801,403.1953063260761,24.0,1.0,759488.0,1.0,1561194.0,69253.0,2
2025-12-17 14:31:57.476824,20.70023238513812,1.0245671076049805,1.495458760079335,433.70770103559505,36.0,1.0,1103557.0,1.0,1979224.0,74253.0,3
2025-12-17 14:31:57.578770,20.700827828768475,1.036024735049388,1.4949808593029317,435.5996017587384,38.0,1.0,1296026.0,1.0,2392257.0,87351.0,4
2025-12-17 14:31:57.681856,20.701366040831296,1.048269760932424,1.4964555621903477,423.1961609163948,32.0,1.0,819860.0,1.0,2428971.0,77804.0,5
2025-12-17 14:31:58.179059,20.70498001648556,1.1053880228273805,1.4972382484359623,437.0081108385506,41.0,1.0,427211.0,1.0,1635841.0,74656.0,0
2025-12-17 14:31:58.277321,20.705678396308947,1.1171652829530547,1.4954000420490805,429.4635549302705,36.0,1.0,763612.0,1.0,1869193.0,72441.0,1
2025-12-17 14:31:58.383372,20.70624702372588,1.1292665980434613,1.4970873057840557,415.1949783076133,29.0,1.0,736453.0,1.0,1583545.0,68483.0,2
2025-12-17 14:31:58.478057,20.70225262790656,1.1508687763036534,1.5058747100137737,411.70280578165125,26.0,1.0,1114819.0,1.0,2019827.0,75853.0,3
2025-12-17 14:31:58.577842,20.701439109874084,1.166629368582674,1.5148712834685452,410.5967314384494,27.0,1.0,1277734.0,1.0,2389021.0,89536.0,4
2025-12-17 14:31:58.677042,20.701604948915715,1.1780733953221905,1.5123847827707266,426.19782486392,33.0,1.0,838380.0,1.0,2427327.0,77593.0,5
2025-12-17 14:31:59.178966,20.70522464514436,1.235670503391642,1.5110699310958806,430.0080012456196,37.0,1.0,433914.0,1.0,1627557.0,75214.0,0
2025-12-17 14:31:59.277672,20.70646321867433,1.2474752239762097,1.511821774697809,431.4619237516228,37.0,1.0,738200.0,1.0,1859727.0,72294.0,1
2025-12-17 14:31:59.382446,20.70652937535032,1.2591940235429515,1.5120651546961277,428.19465238092937,35.0,1.0,756153.0,1.0,1550137.0,67608.0,2
2025-12-17 14:31:59.477903,20.708076378920943,1.2699271495417437,1.5113194788719535,428.6979173090632,34.0,1.0,1095741.0,1.0,1991993.0,74606.0,3
2025-12-17 14:31:59.579872,20.708751508494768,1.2815175787329096,1.514294421787293,428.5938526198666,35.0,1.0,1293835.0,1.0,2387404.0,88004.0,4
2025-12-17 14:31:59.681510,20.709051127429777,1.2933302616957685,1.5113456523637745,418.19950433091685,30.0,1.0,834135.0,1.0,2443814.0,78147.0,5
2025-12-17 14:32:00.179783,20.71215946925343,1.3513408974522712,1.5116020083082289,408.0078915529498,27.0,1.0,427934.0,1.0,1640276.0,76783.0,0
2025-12-17 14:32:00.278106,20.7132252414312,1.3631759732799846,1.5140422666516828,419.4602924376348,32.0,1.0,754364.0,1.0,1836584.0,73131.0,1
2025-12-17 14:32:00.377808,20.71317015511081,1.3746865743524417,1.512310911563178,432.1943276652067,37.0,1.0,745228.0,1.0,1574460.0,67334.0,2
2025-12-17 14:32:00.477421,20.71451544539407,1.3870033956021928,1.5130495411769322,418.6930304401412,29.0,1.0,1093148.0,1.0,1972537.0,75342.0,3
2025-12-17 14:32:00.583350,20.71461325271106,1.3978256648710268,1.5113056431083085,412.5909696411995,28.0,1.0,1287283.0,1.0,2369694.0,89385.0,4
2025-12-17 14:32:00.679476,20.715791346860552,1.4086643465867947,1.5100648756466193,440.2011729265924,40.0,1.0,835548.0,1.0,2467918.0,76524.0,5
2025-12-17 14:32:01.181136,20.68967289747836,1.4773523809805624,1.5335509814704262,437.0077818015327,40.0,1.0,427934.0,1.0,1634734.0,74707.0,0
2025-12-17 14:32:01.278487,20.690022647616537,1.4893307112010108,1.534047126839036,411.45866121006895,28.0,1.0,751561.0,1.0,1838450.0,73653.0,1
2025-12-17 14:32:01.379018,20.690279435056944,1.5011633887883882,1.530578990938056,431.1940010416981,36.0,1.0,766200.0,1.0,1579797.0,67403.0,2
2025-12-17 14:32:01.480914,20.691524934860933,1.5132619897409842,1.5325246412406968,412.68812413654763,27.0,1.0,1117085.0,1.0,2002131.0,75751.0,3
2025-12-17 14:32:01.579952,20.691161449671863,1.5251579822726171,1.5327739376620495,425.58810641718696,34.0,1.0,1266968.0,1.0,2423223.0,88213.0,4
2025-12-17 14:32:01.678418,20.69267345987049,1.536197761876949,1.53451592870746,422.20284315413653,32.0,1.0,844932.0,1.0,2445468.0,77856.0,5
2025-12-17 14:32:02.177963,20.69457394821906,1.5939563607445637,1.524082914365466,420.45719451883224,32.0,1.0,756922.0,1.0,1851563.0,73057.0,1
2025-12-17 14:32:02.278049,20.694559396155647,1.6054050180978017,1.504591865169561,423.1937077519192,32.0,1.0,751561.0,1.0,1571266.0,67975.0,2
2025-12-17 14:32:02.377403,20.69630649369348,1.6163612130676943,1.4798965443568155,421.68374099964257,31.0,1.0,1099456.0,1.0,1963212.0,75113.0,3
2025-12-17 14:32:02.480592,20.698030679909483,1.6267763286318608,1.4488588151912298,413.5855188906973,28.0,1.0,1291647.0,1.0,2355301.0,89234.0,4
2025-12-17 14:32:02.579498,20.69963257493357,1.638115055247808,1.4210988409079637,416.20434975675755,29.0,1.0,817090.0,1.0,2380949.0,78332.0,5
2025-12-17 14:32:03.179516,20.712196444849155,1.7060191226569543,1.272399591486801,438.0075627728416,41.0,1.0,431424.0,1.0,1614937.0,74631.0,0
2025-12-17 14:32:03.277381,20.71652953605716,1.7153235856404052,1.2383936920729826,419.4554018009098,32.0,1.0,774282.0,1.0,1854071.0,73106.0,1
2025-12-17 14:32:03.378564,20.714727485358672,1.7309840700365315,1.2254418850371578,437.1933487322624,39.0,1.0,758974.0,1.0,1569140.0,67061.0,2
2025-12-17 14:32:03.479405,20.713807178080177,1.7470973631658555,1.2153495129458884,424.67835306333143,32.0,1.0,1117085.0,1.0,2004165.0,74884.0,3
2025-12-17 14:32:03.579342,20.717559160770964,1.7584767301731974,1.196765741582482,423.5823621968679,33.0,1.0,1288155.0,1.0,2377728.0,88422.0,4
2025-12-17 14:32:03.680197,20.721855547419977,1.769128133100046,1.1661762403776983,428.2061901216512,34.0,1.0,823197.0,1.0,2440507.0,77410.0,5
2025-12-17 14:32:04.187926,20.760810443122686,1.814794446649948,1.041024699975742,423.00745224795526,34.0,1.0,426344.0,1.0,1631970.0,75725.0,0
2025-12-17 14:32:04.277776,20.772979683140026,1.8210914360946733,1.0154528585596907,433.4537705505154,38.0,1.0,744472.0,1.0,1840940.0,72099.0,1
2025-12-17 14:32:04.380199,20.778062932148902,1.8310603960707743,0.990246131645196,430.1930219701066,36.0,1.0,755642.0,1.0,1582473.0,67517.0,2
2025-12-17 14:32:04.480468,20.78359224270003,1.840795320529236,0.9657851495164632,422.57977327410686,32.0,1.0,1288591.0,1.0,2387404.0,88452.0,4
2025-12-17 14:32:04.578188,20.79066934369903,1.8484924093831523,0.9351391344737906,429.207691559475,35.0,1.0,839516.0,1.0,2412585.0,77357.0,5
2025-12-17 14:32:05.177192,20.830423111144448,1.9010526303891095,0.7840579320872532,432.0073438213111,38.0,1.0,438639.0,1.0,1624256.0,75036.0,0
2025-12-17 14:32:05.280398,20.838492334003117,1.9099524744570855,0.7677268494646716,428.45213566876083,36.0,1.0,749021.0,1.0,1851563.0,72490.0,1
2025-12-17 14:32:05.378427,20.84647643811532,1.918034780838722,0.7360070456787552,418.1926963194122,30.0,1.0,754875.0,1.0,1574460.0,68298.0,2
2025-12-17 14:32:05.480708,20.855355392981657,1.9249621492501792,0.7056940443156331,422.66856824161306,31.0,1.0,1098712.0,1.0,1999423.0,74986.0,3
2025-12-17 14:32:05.580082,20.86403398803049,1.931653488567397,0.6803147500425145,417.57661409801716,30.0,1.0,1270403.0,1.0,2346549.0,88902.0,4
2025-12-17 14:32:05.677028,20.872822648629,1.9397183959408133,0.660213526765513,431.20952881612715,36.0,1.0,830754.0,1.0,2428971.0,77200.0,5
2025-12-17 14:32:06.178583,20.882799407984468,1.9592808094856575,0.5649484390548887,422.0072340657291,34.0,1.0,430404.0,1.0,1648625.0,75777.0,0
2025-12-17 14:32:06.277175,20.88267160499008,1.959037006935905,0.5646154281996486,431.45051031790007,37.0,1.0,756409.0,1.0,1876800.0,72294.0,1
2025-12-17 14:32:06.380081,20.88267160499008,1.959037006935905,0.5646154281996486,428.19236955105805,35.0,1.0,754364.0,1.0,1579797.0,67631.0,2
2025-12-17 14:32:06.482656,20.882671604990083,1.9590370069359049,0.5646154281996486,422.66366949187295,31.0,1.0,1137304.0,1.0,1998070.0,74986.0,3
2025-12-17 14:32:06.578644,20.87203486052775,1.955438246792065,0.5648219125612924,406.57374524295125,25.0,1.0,1304387.0,1.0,2443814.0,89840.0,4
2025-12-17 14:32:06.687269,20.841500737379576,1.945177270245368,0.5644161222033877,421.21121793555994,31.0,1.0,842362.0,1.0,2451269.0,77909.0,5
2025-12-17 14:32:07.178671,20.89502375615633,1.9734720044095484,0.4266231460067047,415.00712445295994,30.0,1.0,432887.0,1.0,1640831.0,76291.0,0
2025-12-17 14:32:07.277700,20.90555470625204,1.9793286403065204,0.3972717518727272,418.4488788555269,31.0,1.0,749782.0,1.0,1844682.0,73205.0,1
2025-12-17 14:32:07.378532,20.915345245695622,1.983384268018237,0.3688590174895739,433.19204382761467,37.0,1.0,761547.0,1.0,1590527.0,67266.0,2
2025-12-17 14:32:07.477639,20.924728303276748,1.9868267811052247,0.3451603688752898,418.65880479558865,29.0,1.0,1105052.0,1.0,1989971.0,75342.0,3
2025-12-17 14:32:07.583519,20.934326580887564,1.9902620391374777,0.3295781536014696,424.5708582507221,33.0,1.0,1304829.0,1.0,2391448.0,88332.0,4
2025-12-17 14:32:07.677995,20.944880043394548,1.9933082705923504,0.3087118894327322,404.21287442598066,24.0,1.0,819028.0,1.0,2372101.0,79265.0,5
2025-12-17 14:32:08.183734,20.95203181593504,1.9895918765179967,0.1795244258229648,438.0070142949152,41.0,1.0,434502.0,1.0,1627557.0,74631.0,0
2025-12-17 14:32:08.278177,20.96301357491978,1.9912884110879112,0.1484656546265525,412.4472474714228,29.0,1.0,750290.0,1.0,1873627.0,73578.0,1
2025-12-17 14:32:08.379839,20.973779292365627,1.9928940660668228,0.1201967856532876,431.1917171724619,36.0,1.0,749275.0,1.0,1597000.0,67425.0,2
2025-12-17 14:32:08.477963,20.985431419457385,1.994861064530733,0.0970002370515598,425.65391398595085,33.0,1.0,1102064.0,1.0,1985934.0,74808.0,3
2025-12-17 14:32:08.579827,20.997000909389488,1.9963500402041132,0.0749906390590513,419.2143822859431,30.0,1.0,831598.0,1.0,2418307.0,78120.0,5
2025-12-17 14:32:09.179610,20.98690268181445,1.976393554642172,-0.0800566148423094,424.0069051437944,35.0,1.0,436270.0,1.0,1651976.0,75597.0,0
2025-12-17 14:32:09.281468,20.99821693864278,1.9757667315851,-0.1077335027165374,428.4456114987926,36.0,1.0,730742.0,1.0,1850310.0,72490.0,1
2025-12-17 14:32:09.378169,21.009999184242552,1.9748930642908655,-0.1275249069797918,414.1913914884922,28.0,1.0,766460.0,1.0,1569140.0,68553.0,2
2025-12-17 14:32:09.477411,21.02077226154464,1.973269040864141,-0.1544675611338163,416.6490274592746,28.0,1.0,1142706.0,1.0,2004844.0,75495.0,3
2025-12-17 14:32:09.577669,21.032015551367827,1.9720062363039688,-0.1806221492358295,407.5651290848519,25.0,1.0,1256718.0,1.0,2380143.0,89810.0,4
2025-12-17 14:32:09.676401,21.033133244574955,1.968951342770385,-0.2007940974325216,418.21621575385115,30.0,1.0,825988.0,1.0,2442160.0,78200.0,5
2025-12-17 14:32:10.179356,21.05458988995534,1.9515250956336203,-0.3124282068614247,419.0067955685096,32.0,1.0,430404.0,1.0,1648625.0,76033.0,0
2025-12-17 14:32:10.276999,21.06582795196115,1.9485024460107727,-0.3371908875181016,434.4439881796673,38.0,1.0,765682.0,1.0,1850936.0,72074.0,1
2025-12-17 14:32:10.383184,21.0762676101077,1.9452463015318475,-0.3613714693898185,430.19106362368314,36.0,1.0,756409.0,1.0,1572330.0,67517.0,2
2025-12-17 14:32:10.484013,21.086741416631256,1.941178439267146,-0.3885954133241348,438.6441059550789,38.0,1.0,1092779.0,1.0,1983919.0,73902.0,3
2025-12-17 14:32:10.586722,21.086954903572817,1.935693173288998,-0.4087103256957282,424.56223008928544,33.0,1.0,1285106.0,1.0,2399555.0,88332.0,4
2025-12-17 14:32:10.678730,21.0465541386771,1.927909982099183,-0.4115310906325607,416.21789164444743,29.0,1.0,823476.0,1.0,2413401.0,78359.0,5
2025-12-17 14:32:11.178561,21.034678976810618,1.9266916355894708,-0.4092216565991847,422.00668605251997,34.0,1.0,434796.0,1.0,1629762.0,75777.0,0
2025-12-17 14:32:11.282145,21.02955580532648,1.9263239810718755,-0.4057083396824081,425.4423491822624,34.0,1.0,767498.0,1.0,1869193.0,72687.0,1
2025-12-17 14:32:11.378610,21.02462621652241,1.9258586803118003,-0.4022749000446389,426.19073888708175,34.0,1.0,760259.0,1.0,1566487.0,67723.0,2
2025-12-17 14:32:11.478000,21.020202570140828,1.9253438733599504,-0.3991474342178753,423.6392461284632,32.0,1.0,1099828.0,1.0,1965872.0,74960.0,3
2025-12-17 14:32:11.578221,21.0260579878547,1.921783653083108,-0.4179462992459963,404.5593815261226,24.0,1.0,1272555.0,1.0,2358492.0,90053.0,4
2025-12-17 14:32:11.683071,21.034312046307317,1.91651128289507,-0.4485565428891788,432.2195708991008,36.0,1.0,841792.0,1.0,2453759.0,77096.0,5
2025-12-17 14:32:12.182236,21.09147976897072,1.8874522960454088,-0.583571864203587,414.00657604660444,30.0,1.0,432594.0,1.0,1647509.0,76369.0,0
2025-12-17 14:32:12.276360,21.10080684416696,1.881646470333364,-0.6088631127817992,426.440728009015,35.0,1.0,762063.0,1.0,1839072.0,72588.0,1
2025-12-17 14:32:12.378244,21.109715117190976,1.8758661342778025,-0.6279167918901941,415.19041277770975,29.0,1.0,747755.0,1.0,1583009.0,68483.0,2
2025-12-17 14:32:12.483175,21.118814576020345,1.8700405611514477,-0.649835234448357,425.63433160119234,33.0,1.0,1103557.0,1.0,1989298.0,74808.0,3
2025-12-17 14:32:12.582442,21.127210977429307,1.8636606221293155,-0.675007842766836,428.55649641282656,35.0,1.0,1268684.0,1.0,2397120.0,88004.0,4
2025-12-17 14:32:12.677487,21.13632407526775,1.857635375678666,-0.702329069388212,427.2212335591887,34.0,1.0,823197.0,1.0,2377728.0,77488.0,5
2025-12-17 14:32:13.180334,21.138327778211167,1.8113025597496664,-0.8561584716106475,426.0064666519455,35.0,1.0,433034.0,1.0,1652535.0,75520.0,0
2025-12-17 14:32:13.279728,21.146364704673413,1.8021344279050704,-0.8748184277544593,429.4390919108281,36.0,1.0,775856.0,1.0,1864770.0,72441.0,1
2025-12-17 14:32:13.382108,21.154937471264343,1.793079549112523,-0.8920614674705735,419.19008528839,31.0,1.0,739951.0,1.0,1560137.0,68229.0,2
2025-12-17 14:32:13.478642,21.16389901405762,1.7834980676558168,-0.9058490976921536,410.6294645385229,26.0,1.0,1111052.0,1.0,1981235.0,75931.0,3
2025-12-17 14:32:13.582925,21.171438236211312,1.7742412501302045,-0.929585773670374,416.5536220387537,29.0,1.0,1285977.0,1.0,2364086.0,89023.0,4
2025-12-17 14:32:13.685172,21.17905306396645,1.7650041144504396,-0.952254978345738,428.2229184049984,34.0,1.0,815157.0,1.0,2416671.0,77436.0,5
2025-12-17 14:32:14.180989,21.2052353471848,1.704518787347184,-1.069733342108483,433.0063569770314,38.0,1.0,435827.0,1.0,1639166.0,74986.0,0
2025-12-17 14:32:14.278602,21.21065167549422,1.6947887419768923,-1.0983983720471011,426.4374631405859,35.0,1.0,744724.0,1.0,1855955.0,72613.0,1
2025-12-17 14:32:14.377842,21.215877898193025,1.6842370974652487,-1.125390901350204,431.1897604513102,36.0,1.0,748515.0,1.0,1578194.0,67403.0,2
2025-12-17 14:32:14.479890,21.22125206817476,1.6738122562232354,-1.1520853361781622,413.62456921124067,27.0,1.0,1099456.0,1.0,2000099.0,75700.0,3
2025-12-17 14:32:14.583216,21.226339528379825,1.6634549797300346,-1.1735281066178087,423.5507482162943,33.0,1.0,1254593.0,1.0,2387404.0,88392.0,4
2025-12-17 14:32:14.680836,21.230841181348573,1.6531397393101743,-1.1979711589749789,419.22458315173793,30.0,1.0,833288.0,1.0,2404433.0,78094.0,5
2025-12-17 14:32:15.187266,21.232225934614124,1.5916724367636617,-1.3194834901044097,429.0062466859285,37.0,1.0,431132.0,1.0,1630866.0,75240.0,0
2025-12-17 14:32:15.281537,21.23427148796116,1.580398006048763,-1.349301325177693,426.18946564000026,34.0,1.0,740953.0,1.0,1577660.0,67723.0,2
2025-12-17 14:32:15.380495,21.23711956421032,1.5685547085837,-1.375495269437978,425.62016595028336,32.0,1.0,1119356.0,1.0,1973872.0,74833.0,3
2025-12-17 14:32:15.478817,21.239589637389447,1.5576571822269498,-1.3943301694110857,425.5481751667832,33.0,1.0,1250778.0,1.0,2387404.0,88243.0,4
2025-12-17 14:32:15.583019,21.240552012313405,1.5563020396735583,-1.3984326886465528,416.2260915985711,29.0,1.0,808015.0,1.0,2426506.0,78306.0,5
2025-12-17 14:32:16.182410,21.25340136824964,1.499863784575604,-1.4225316055151969,424.0061376150372,34.0,1.0,433327.0,1.0,1661508.0,75648.0,0
2025-12-17 14:32:16.279062,21.256394755149195,1.4850007218672197,-1.423514936788978,432.4342011778973,38.0,1.0,753598.0,1.0,1842810.0,72196.0,1
2025-12-17 14:32:16.378392,21.259362577689355,1.4708779369421805,-1.4225220177742983,426.6152870067959,33.0,1.0,1087613.0,1.0,2001454.0,74758.0,3
2025-12-17 14:32:16.477316,21.261765793737663,1.4582799402804394,-1.422752772204814,419.54530649271544,31.0,1.0,1276869.0,1.0,2344167.0,88782.0,4
2025-12-17 14:32:16.578336,21.263597060940604,1.4469892547593035,-1.4225195397176171,421.2277557651279,31.0,1.0,843218.0,1.0,2434732.0,77962.0,5
2025-12-17 14:32:17.178931,21.28081687342835,1.3618578738909068,-1.525908844811387,431.0060283932224,38.0,1.0,436861.0,1.0,1633628.0,75113.0,0
2025-12-17 14:32:17.276884,21.281464169437992,1.3505074442568024,-1.5508117475695542,432.432574123053,38.0,1.0,750544.0,1.0,1862877.0,72172.0,1
2025-12-17 14:32:17.379269,21.281702644933816,1.3388774347753198,-1.5629150521771698,417.1887812994664,30.0,1.0,747755.0,1.0,1577660.0,68321.0,2
2025-12-17 14:32:17.479190,21.28134880222944,1.327543335952452,-1.575768971657099,427.6099049571123,34.0,1.0,1108048.0,1.0,2002131.0,74656.0,3
2025-12-17 14:32:17.579663,21.281002595763816,1.3161348493899503,-1.577281572010608,418.5421394647539,30.0,1.0,1272986.0,1.0,2409321.0,88872.0,4
2025-12-17 14:32:17.679979,21.28126638789925,1.304442916991409,-1.5784983550528278,419.2295977083862,31.0,1.0,814054.0,1.0,2415036.0,78067.0,5
2025-12-17 14:32:18.180242,21.281534493862097,1.2461373605684385,-1.5802168161337942,434.0059186464086,39.0,1.0,442366.0,1.0,1618220.0,74910.0,0
2025-12-17 14:32:18.278431,21.281467549361203,1.2340867302812093,-1.58096022825546,425.43094099420017,34.0,1.0,761547.0,1.0,1860357.0,72711.0,1
2025-12-17 14:32:18.378928,21.281491958681507,1.223176289987693,-1.581710150077176,436.18845518193865,38.0,1.0,747502.0,1.0,1566487.0,67107.0,2
2025-12-17 14:32:18.478623,21.28056098946405,1.2116266020867954,-1.5814681154851884,434.6050185037744,37.0,1.0,1099828.0,1.0,1983247.0,74153.0,3
2025-12-17 14:32:18.580271,21.280488034003703,1.2002271946708962,-1.580704565583981,424.53926473155775,33.0,1.0,1296026.0,1.0,2371298.0,88303.0,4
2025-12-17 14:32:19.179078,21.279565349378736,1.1310269911068698,-1.5858773114203648,435.00580917086256,39.0,1.0,436565.0,1.0,1645280.0,74833.0,0
2025-12-17 14:32:19.280002,21.279666648506616,1.1193118486005424,-1.589347946701387,431.4293078262128,37.0,1.0,767498.0,1.0,1860987.0,72245.0,1
2025-12-17 14:32:19.378529,21.28031856492877,1.1062585787532608,-1.5856669020169885,442.18812908333217,42.0,1.0,739700.0,1.0,1577660.0,66677.0,2
2025-12-17 14:32:19.477908,21.286518670572363,1.083239778661504,-1.5811561034934731,427.60013277404187,34.0,1.0,1124673.0,1.0,2006880.0,74656.0,3
2025-12-17 14:32:19.577360,21.28889326921837,1.0694518971374274,-1.581896559306869,424.53640010840087,33.0,1.0,1299980.0,1.0,2348933.0,88303.0,4
2025-12-17 14:32:19.683757,21.287998736599214,1.0574808247559415,-1.5823817650823793,419.232948018222,31.0,1.0,812677.0,1.0,2406061.0,78067.0,5
2025-12-17 14:32:20.180581,21.28712665542609,0.998835987895732,-1.5831362798013475,424.005699403005,34.0,1.0,436270.0,1.0,1633075.0,75623.0,0
2025-12-17 14:32:20.276623,21.28810571265192,0.9872011013664634,-1.5870799377688447,433.4276827297266,38.0,1.0,744472.0,1.0,1857840.0,72123.0,1
2025-12-17 14:32:20.381154,21.287153050792952,0.9756025571613236,-1.5880709874519934,425.1878019982099,34.0,1.0,747249.0,1.0,1560137.0,67792.0,2
2025-12-17 14:32:20.482429,21.287332050037385,0.9643003310581246,-1.58904189557304,416.5952214443245,29.0,1.0,1089824.0,1.0,1996042.0,75469.0,3
2025-12-17 14:32:20.579794,21.286677882350823,0.9535548833533456,-1.586579203125036,438.53352012913155,39.0,1.0,1283802.0,1.0,2415853.0,87174.0,4
2025-12-17 14:32:20.677559,21.285845691025017,0.942527664195933,-1.586071298302722,428.234609651704,35.0,1.0,818751.0,1.0,2356896.0,77383.0,5
2025-12-17 14:32:21.178259,21.285467864996697,0.8829960875771565,-1.587848458227953,416.4262125163803,30.0,1.0,757947.0,1.0,1876800.0,73329.0,1
2025-12-17 14:32:21.280064,21.285123332996204,0.8719450388342613,-1.5880836802983616,436.18750874790464,38.0,1.0,744220.0,1.0,1571797.0,67107.0,2
2025-12-17 14:32:21.380458,21.284255651492487,0.860650428197876,-1.5910352684647178,415.59083077801216,28.0,1.0,1103931.0,1.0,1988625.0,75520.0,3
2025-12-17 14:32:21.479385,21.28443421963382,0.8493140682210925,-1.5967484925945097,437.53093561640463,39.0,1.0,1270833.0,1.0,2334666.0,87204.0,4
2025-12-17 14:32:21.579401,21.283811186224728,0.8375972519515189,-1.5920544333697662,423.2361175283864,32.0,1.0,821527.0,1.0,2424043.0,77777.0,5
2025-12-17 14:32:22.179189,21.295227486301407,0.7457669117969665,-1.5652717368627755,437.0054803493244,41.0,1.0,429385.0,1.0,1638612.0,74656.0,0
2025-12-17 14:32:22.275531,21.294736440572795,0.7339168974644972,-1.5612969632648213,422.42442329773894,33.0,1.0,758460.0,1.0,1879342.0,72933.0,1
2025-12-17 14:32:22.380546,21.29489977202678,0.7221386527307869,-1.5620536967243404,425.1871497390135,33.0,1.0,735208.0,1.0,1561194.0,67814.0,2
2025-12-17 14:32:22.482339,21.294947685882324,0.7104345476075995,-1.5613086499446802,420.5854434332973,31.0,1.0,1110301.0,1.0,1981905.0,75138.0,3
2025-12-17 14:32:22.579059,21.29478160255572,0.6984354270178805,-1.560315843434792,434.5277762679358,37.0,1.0,1274279.0,1.0,2386596.0,87499.0,4
2025-12-17 14:32:22.679889,21.29508181499732,0.687370456315815,-1.5608077414145527,423.23795754048876,32.0,1.0,830473.0,1.0,2407690.0,77830.0,5
2025-12-17 14:32:23.183066,21.2956940746258,0.6290766877235052,-1.5607815058811436,426.005370321269,35.0,1.0,437305.0,1.0,1646952.0,75495.0,0
2025-12-17 14:32:23.281445,21.295533301779493,0.6177460327378155,-1.5583090289018109,417.4227830480284,31.0,1.0,766200.0,1.0,1862247.0,73230.0,1
2025-12-17 14:32:23.378378,21.29571881726844,0.6064386342531272,-1.5605416584990397,428.18682421750566,35.0,1.0,751052.0,1.0,1587838.0,67608.0,2
2025-12-17 14:32:23.481528,21.295507933034408,0.5953587783822698,-1.5588037816623026,428.5805581729304,34.0,1.0,1112181.0,1.0,1980564.0,74581.0,3
2025-12-17 14:32:23.589109,21.29549047995912,0.5840865463030012,-1.5653982952502954,424.5248744080019,33.0,1.0,1293835.0,1.0,2393877.0,88332.0,4
2025-12-17 14:32:23.678072,21.295094637482144,0.5734936616652551,-1.5670971803273213,435.23962649898755,38.0,1.0,810754.0,1.0,2413401.0,76887.0,5
2025-12-17 14:32:24.177803,21.29628652682393,0.5122615623509299,-1.56451434063004,427.0052612949862,36.0,1.0,437305.0,1.0,1619316.0,75418.0,0
2025-12-17 14:32:24.278280,21.29926605999169,0.4907599127027318,-1.5647618958664078,408.4211576025925,27.0,1.0,764646.0,1.0,1886991.0,73877.0,1
2025-12-17 14:32:24.377735,21.29932059989024,0.4793452290732105,-1.5657244665366037,422.186498198499,32.0,1.0,752324.0,1.0,1596460.0,67998.0,2
2025-12-17 14:32:24.477554,21.29911876470217,0.4677583377425902,-1.561751861321309,424.57568837718395,32.0,1.0,1118599.0,1.0,1999423.0,74910.0,3
2025-12-17 14:32:24.582225,21.29960265041332,0.4555990336095625,-1.5647129283589052,411.52202119922003,27.0,1.0,1260979.0,1.0,2376119.0,89446.0,4
2025-12-17 14:32:24.680210,21.299393952077683,0.4440687216568095,-1.5627353514675577,434.24130207023256,37.0,1.0,832161.0,1.0,2419126.0,76965.0,5
2025-12-17 14:32:25.181121,21.29978941143704,0.3866080947876513,-1.5652196580948412,417.00515132819896,31.0,1.0,428514.0,1.0,1648625.0,76111.0,0
2025-12-17 14:32:25.279001,21.30034316267169,0.3745935964969069,-1.5652393522531112,425.4195258206205,34.0,1.0,776381.0,1.0,1854071.0,72711.0,1
2025-12-17 14:32:25.379620,21.30045584559021,0.3631472891875624,-1.564001343018225,425.186171354786,33.0,1.0,749529.0,1.0,1564367.0,67814.0,2
2025-12-17 14:32:25.478870,21.30049852716648,0.3510091783520881,-1.5622711779614251,418.57079271743436,29.0,1.0,1095371.0,1.0,1967203.0,75342.0,3
2025-12-17 14:32:25.578745,21.30091900016944,0.3397337360659911,-1.5625134351867167,456.5191582107924,48.0,1.0,1275573.0,1.0,2382561.0,85595.0,4
2025-12-17 14:32:25.687735,21.30086194934861,0.3242535796919217,-1.5619314851548014,426.2429866485228,34.0,1.0,815157.0,1.0,2432261.0,77567.0,5
2025-12-17 14:32:26.181126,21.30154793525001,0.2698084579600746,-1.5621497809442155,422.00504172452685,33.0,1.0,445220.0,1.0,1654774.0,75777.0,0
2025-12-17 14:32:26.278036,21.301764414654333,0.258551433614496,-1.5653256680814531,424.4178967878507,34.0,1.0,753598.0,1.0,1878071.0,72785.0,1
2025-12-17 14:32:26.382599,21.301220654267908,0.2472675722055024,-1.5626081600820687,444.1858441541787,42.0,1.0,745481.0,1.0,1567547.0,66564.0,2
2025-12-17 14:32:26.478528,21.30160323252864,0.2354850771384953,-1.5650678531282722,427.56590516402076,34.0,1.0,1102064.0,1.0,1989298.0,74631.0,3
2025-12-17 14:32:26.582594,21.28887204594029,0.214607236722558,-1.5656523415039911,428.5162741662473,35.0,1.0,1272986.0,1.0,2373707.0,88004.0,4
2025-12-17 14:32:26.683396,21.284367146662248,0.1987998074960737,-1.5668020658517816,416.24465139024636,29.0,1.0,815985.0,1.0,2429793.0,78306.0,5
2025-12-17 14:32:27.177983,21.28430487204753,0.1408911566474406,-1.5648087367026322,436.0049324658854,40.0,1.0,436713.0,1.0,1630866.0,74758.0,0
2025-12-17 14:32:27.278829,21.28441241197814,0.1294271335685985,-1.5665275595114931,425.41626488847504,34.0,1.0,780068.0,1.0,1867296.0,72711.0,1
2025-12-17 14:32:27.378822,21.284524735887324,0.1175987370397795,-1.563325211020724,420.185519157573,31.0,1.0,759488.0,1.0,1567547.0,68137.0,2
2025-12-17 14:32:27.483541,21.285133333588217,0.1055608863977326,-1.5645594479939993,434.5136857577508,38.0,1.0,1259699.0,1.0,2433085.0,87440.0,4
2025-12-17 14:32:27.582189,21.28507847592816,0.0938340757943443,-1.5613474483589986,430.24615416901133,35.0,1.0,840653.0,1.0,2449610.0,77305.0,5
2025-12-17 14:32:28.180666,21.286621995168662,0.0251469767073251,-1.5633281644658397,431.00482256869617,38.0,1.0,435975.0,1.0,1654214.0,75113.0,0
2025-12-17 14:32:28.277841,21.286556289322743,0.0135375274065943,-1.5625858996152926,431.4146358932092,37.0,1.0,762837.0,1.0,1855955.0,72245.0,1
2025-12-17 14:32:28.378324,21.28622368960278,0.0016607666648154,-1.564318738871952,420.1851930912632,31.0,1.0,758717.0,1.0,1580867.0,68137.0,2
2025-12-17 14:32:28.480430,21.28638083364333,-0.0097046612190547,-1.5652902305249672,433.5561174136563,36.0,1.0,1121252.0,1.0,2002809.0,74228.0,3
2025-12-17 14:32:28.578178,21.2859960399515,-0.0218002765492295,-1.5637856865083504,441.51054088051455,41.0,1.0,1270403.0,1.0,2369694.0,86850.0,4
2025-12-17 14:32:28.683706,21.286635596746592,-0.0336634752220055,-1.5662344909475436,440.2479959015982,40.0,1.0,813228.0,1.0,2406061.0,76524.0,5
2025-12-17 14:32:29.178853,21.26043563160406,-0.1080398468679169,-1.5660327140748689,429.0047131642825,37.0,1.0,434355.0,1.0,1622058.0,75291.0,0
2025-12-17 14:32:29.278588,21.25965429967564,-0.1191451498015787,-1.5635740646902274,412.4130040688414,29.0,1.0,758204.0,1.0,1871725.0,73578.0,1
2025-12-17 14:32:29.377750,21.259673764068047,-0.1309338326626639,-1.566301300091271,423.18486704974674,32.0,1.0,740201.0,1.0,1580867.0,67975.0,2
2025-12-17 14:32:29.478030,21.25986622138107,-0.1426063990953618,-1.5665968754720585,415.5512399222688,28.0,1.0,1102064.0,1.0,1957241.0,75572.0,3
2025-12-17 14:32:29.578865,21.260027114935788,-0.1548873123719953,-1.565119769892577,405.5076659203525,25.0,1.0,1278166.0,1.0,2369694.0,89931.0,4
2025-12-17 14:32:29.678326,21.260654095319342,-0.166189776247112,-1.5656147916911785,430.2496589027734,35.0,1.0,838097.0,1.0,2411768.0,77305.0,5
2025-12-17 14:32:30.181058,21.26068637880917,-0.2220937766715165,-1.5555365958862517,428.0046033194836,36.0,1.0,437601.0,1.0,1659260.0,75367.0,0
2025-12-17 14:32:30.278485,21.260778865430503,-0.2334551542930398,-1.529725083038235,408.411373630489,27.0,1.0,771143.0,1.0,1855955.0,73877.0,1
2025-12-17 14:32:30.380359,21.26097859844357,-0.2453204378660958,-1.5080196853414347,428.18453996984414,35.0,1.0,747755.0,1.0,1568609.0,67608.0,2
2025-12-17 14:32:30.484365,21.26214179763361,-0.2573154108533915,-1.4879707594765446,428.5463197234963,34.0,1.0,1108048.0,1.0,1985934.0,74581.0,3
2025-12-17 14:32:30.577940,21.263284650371933,-0.2686022969854909,-1.4567797367591913,423.5047955914445,33.0,1.0,1271263.0,1.0,2394687.0,88422.0,4
2025-12-17 14:32:30.677256,21.26277343393304,-0.2785831205642202,-1.4224613278478495,414.25132911025355,28.0,1.0,827107.0,1.0,2411768.0,78491.0,5
2025-12-17 14:32:31.184178,21.275772621535637,-0.3356907598218228,-1.3020102867984935,415.0044933743978,30.0,1.0,436270.0,1.0,1650858.0,76265.0,0
2025-12-17 14:32:31.281138,21.27969637525843,-0.3456110278887685,-1.2721812830679649,427.4097386981856,35.0,1.0,762063.0,1.0,1846556.0,72539.0,1
2025-12-17 14:32:31.377860,21.288506961101,-0.3497113949978629,-1.2326396143896068,423.18421455631807,33.0,1.0,744976.0,1.0,1576059.0,67929.0,2
2025-12-17 14:32:31.477335,21.29374717634819,-0.3587594885793219,-1.2036890299771643,416.541464869223,29.0,1.0,1106175.0,1.0,1969868.0,75469.0,3
2025-12-17 14:32:31.578712,21.29696232853964,-0.3688643174946451,-1.1822560332981151,428.50192038707866,35.0,1.0,1276005.0,1.0,2348138.0,87945.0,4
2025-12-17 14:32:31.682136,21.30129320485488,-0.379156885285127,-1.1627118306474111,425.253009266113,33.0,1.0,811853.0,1.0,2438031.0,77646.0,5
2025-12-17 14:32:32.179397,21.33918756661331,-0.4398621469190251,-1.0291138345740172,423.00438429528623,34.0,1.0,435975.0,1.0,1630866.0,75725.0,0
2025-12-17 14:32:32.280680,21.345092512448232,-0.4488895803455666,-1.0026055316974525,431.4081088386984,37.0,1.0,740702.0,1.0,1862247.0,72294.0,1
2025-12-17 14:32:32.381961,21.34994513689491,-0.457648892540381,-0.9743242674903932,434.1838869896821,38.0,1.0,759488.0,1.0,1570734.0,67198.0,2
2025-12-17 14:32:32.478664,21.354543944803623,-0.4671800200031537,-0.9490988924586732,419.5365691459135,30.0,1.0,1100946.0,1.0,1993341.0,75214.0,3
2025-12-17 14:32:32.578858,21.361152215207923,-0.4769068057898744,-0.9264425268382408,425.49904698120224,34.0,1.0,1290336.0,1.0,2382561.0,88213.0,4
2025-12-17 14:32:32.678092,21.369015332415003,-0.4862542801480147,-0.9036685475816382,423.2546745010755,32.0,1.0,838380.0,1.0,2397120.0,77830.0,5
2025-12-17 14:32:33.179237,21.43669486178846,-0.5030854400693068,-0.7526360875104448,423.0042747096987,34.0,1.0,435680.0,1.0,1674493.0,75700.0,0
2025-12-17 14:32:33.277526,21.44405098485221,-0.5117589965439322,-0.7306028691929825,413.4064833753259,29.0,1.0,764905.0,1.0,1858469.0,73528.0,1
2025-12-17 14:32:33.380645,21.45276512525398,-0.519742595225166,-0.7037243711880997,430.1835611902274,36.0,1.0,763612.0,1.0,1581938.0,67494.0,2
2025-12-17 14:32:33.477015,21.461697767762093,-0.5268732532050793,-0.6766479802571016,425.53168798271764,33.0,1.0,1115952.0,1.0,2010279.0,74808.0,3
2025-12-17 14:32:33.579828,21.47075873582054,-0.5319502026396217,-0.6465403550013664,441.496171207985,41.0,1.0,1290773.0,1.0,2360888.0,86850.0,4
2025-12-17 14:32:33.677683,21.47984112880987,-0.5384947654548933,-0.6190877873574843,430.2563458137454,35.0,1.0,807468.0,1.0,2418307.0,77305.0,5
2025-12-17 14:32:34.181761,21.530627297346054,-0.5418773054658157,-0.492921553243894,429.0041648299363,37.0,1.0,433767.0,1.0,1609480.0,75291.0,0
2025-12-17 14:32:34.281468,21.530370131226928,-0.541954741254763,-0.4924211028831167,417.18326731584654,30.0,1.0,743968.0,1.0,1564367.0,68344.0,2
2025-12-17 14:32:34.380140,21.530370131226928,-0.541954741254763,-0.4924211028831167,425.527272400912,32.0,1.0,1098340.0,1.0,1967869.0,74833.0,3
2025-12-17 14:32:34.477139,21.530370131226928,-0.541954741254763,-0.4924211028831167,424.49359324566717,33.0,1.0,1257569.0,1.0,2354504.0,88362.0,4
2025-12-17 14:32:34.577921,21.530370131226928,-0.541954741254763,-0.4924211028831167,416.25785100854534,29.0,1.0,816814.0,1.0,2401180.0,78359.0,5
2025-12-17 14:32:35.182708,21.533256530898903,-0.518951464720578,-0.4739939162786241,416.0040551230181,31.0,1.0,431863.0,1.0,1638612.0,76188.0,0
2025-12-17 14:32:35.276608,21.53513283368303,-0.5201192919509534,-0.463520904351631,415.4032236596127,30.0,1.0,746743.0,1.0,1868560.0,73379.0,1
2025-12-17 14:32:35.378611,21.542597354769427,-0.5229775318008212,-0.4435131057705395,421.1829093962332,32.0,1.0,753598.0,1.0,1588376.0,68067.0,2
2025-12-17 14:32:35.479466,21.554187633012447,-0.529617195685387,-0.4173371915298346,410.52189754816834,26.0,1.0,1118977.0,1.0,1979894.0,75931.0,3
2025-12-17 14:32:35.579245,21.568367992915544,-0.5363072689492494,-0.3893722973497563,441.4904269100954,41.0,1.0,1279032.0,1.0,2344961.0,86880.0,4
2025-12-17 14:32:35.680298,21.58213960914044,-0.5408096156668902,-0.3666496033764428,434.2596941790492,37.0,1.0,825988.0,1.0,2409321.0,76939.0,5
2025-12-17 14:32:36.182295,21.632501563983368,-0.5569754625389871,-0.2361373955976554,412.00394556516005,29.0,1.0,435090.0,1.0,1663196.0,76498.0,0
2025-12-17 14:32:36.281692,21.64245886749148,-0.56102002535824,-0.2105323165897516,431.4015847633054,37.0,1.0,743213.0,1.0,1876165.0,72245.0,1
2025-12-17 14:32:36.381080,21.65416427573453,-0.564454259627766,-0.1879815080670956,421.51748935398246,31.0,1.0,1092039.0,1.0,1971869.0,75113.0,3
2025-12-17 14:32:36.484471,21.66624967071373,-0.5670475704506623,-0.1657718537072504,425.48782620809,33.0,1.0,1266968.0,1.0,2371298.0,88273.0,4
2025-12-17 14:32:36.578803,21.678080900384604,-0.568230358612662,-0.1432323048511554,428.26119647627917,35.0,1.0,815985.0,1.0,2432261.0,77383.0,5
2025-12-17 14:32:37.177031,21.74900434667064,-0.5522357886957625,0.0319205279891199,412.00383653898683,29.0,1.0,435680.0,1.0,1640276.0,76524.0,0
2025-12-17 14:32:37.278155,21.759906745627838,-0.5514402535085132,0.0482103344423188,424.399959924455,34.0,1.0,764646.0,1.0,1839694.0,72736.0,1
2025-12-17 14:32:37.380084,21.771568000770003,-0.5503329304540756,0.0679510396899892,424.18225645815465,33.0,1.0,748515.0,1.0,1592682.0,67860.0,2
2025-12-17 14:32:37.477209,21.782485200180652,-0.549831443752562,0.0910175608200627,418.51213013209286,30.0,1.0,1089824.0,1.0,1993341.0,75291.0,3
2025-12-17 14:32:37.577483,21.792609189657583,-0.5482739351739632,0.1104135943256359,429.48468599945664,35.0,1.0,1269543.0,1.0,2380143.0,87885.0,4
2025-12-17 14:32:37.682750,21.800852968493352,-0.5367298661062856,0.1386154779268453,418.26304227181754,30.0,1.0,830473.0,1.0,2438031.0,78147.0,5
2025-12-17 14:32:38.178400,21.854169724849992,-0.5160007504007318,0.2730368163132049,429.00372678581607,37.0,1.0,426200.0,1.0,1635841.0,75291.0,0
2025-12-17 14:32:38.276559,21.86443250427753,-0.512652449021707,0.2924156323062925,415.3983319205978,30.0,1.0,760002.0,1.0,1842810.0,73379.0,1
2025-12-17 14:32:38.386656,21.87559735141088,-0.5084983955266118,0.3161427559039582,430.18192808540743,36.0,1.0,763353.0,1.0,1581938.0,67494.0,2
2025-12-17 14:32:38.485353,21.887533971747903,-0.5053709978104273,0.3461495705920274,416.5072010887114,28.0,1.0,1101691.0,1.0,1969868.0,75495.0,3
2025-12-17 14:32:38.580814,21.886139082736925,-0.4940813225419989,0.3795369038257897,432.4818034431185,37.0,1.0,1292959.0,1.0,2380949.0,87618.0,4
2025-12-17 14:32:38.679547,21.882625374364878,-0.4802157395596094,0.4028308916046085,428.2647089129291,35.0,1.0,803107.0,1.0,2415036.0,77383.0,5
2025-12-17 14:32:39.185394,21.93328024225057,-0.4552057164381571,0.5443180253930433,430.0036164161278,37.0,1.0,443115.0,1.0,1644723.0,75214.0,0
2025-12-17 14:32:39.279672,21.94354770967321,-0.449702131335516,0.5726919070312957,431.3966962382155,37.0,1.0,766719.0,1.0,1869193.0,72294.0,1
2025-12-17 14:32:39.382519,21.953900430839937,-0.4441855870274072,0.6026544705324594,407.18160320624406,26.0,1.0,757947.0,1.0,1587301.0,68995.0,2
2025-12-17 14:32:39.488468,21.965587734801108,-0.433307330398673,0.6315127997316591,431.5022966332451,35.0,1.0,1100946.0,1.0,1965872.0,74404.0,3
2025-12-17 14:32:39.580809,21.97096123751355,-0.4273394700399926,0.6471048054568085,447.2662158198535,43.0,1.0,816261.0,1.0,2418307.0,76033.0,5
2025-12-17 14:32:40.178672,22.021729707064345,-0.3823717860534499,0.8022270986804168,421.3952303231474,33.0,1.0,760002.0,1.0,1871092.0,72958.0,1
2025-12-17 14:32:40.280037,22.01815989368226,-0.3691997534594158,0.8160241294663626,425.1813104100493,34.0,1.0,743717.0,1.0,1575526.0,67792.0,2
2025-12-17 14:32:40.378008,22.015865893899548,-0.3575101363400126,0.8338967022261939,422.49794747156824,31.0,1.0,1093519.0,1.0,2004165.0,75036.0,3
2025-12-17 14:32:40.478305,22.0234255510617,-0.3492751030031602,0.8598385453784652,436.4763519772427,39.0,1.0,1269543.0,1.0,2339412.0,87292.0,4
2025-12-17 14:32:41.178316,22.07197087762261,-0.2768416744994972,1.044432159232804,431.0033979856505,38.0,1.0,434355.0,1.0,1643611.0,75087.0,0
2025-12-17 14:32:41.280208,22.077157259246444,-0.2677120094651188,1.0702530429655246,433.3934341516008,38.0,1.0,749021.0,1.0,1858469.0,72099.0,1
2025-12-17 14:32:41.378606,22.08158393781756,-0.2578140641320381,1.0982895350772537,425.18095202523375,34.0,1.0,753598.0,1.0,1566487.0,67814.0,2
2025-12-17 14:32:41.479962,22.08775925993838,-0.2484485363469257,1.1250013854775354,422.49255976993993,31.0,1.0,1095371.0,1.0,1963877.0,75036.0,3
2025-12-17 14:32:41.578416,22.09332882883254,-0.2401937141970087,1.1558352304776192,425.4731913732788,33.0,1.0,1277734.0,1.0,2376119.0,88243.0,4
2025-12-17 14:32:41.679425,22.09834674703263,-0.2296653234850829,1.1758547657222165,433.2697246984949,37.0,1.0,831316.0,1.0,2364086.0,77044.0,5
2025-12-17 14:32:42.183534,22.109316035279065,-0.166457027004367,1.2967632895949912,425.00328781061734,35.0,1.0,427645.0,1.0,1623706.0,75520.0,0
2025-12-17 14:32:42.282060,22.1125239329698,-0.1555844027552932,1.3221318180405193,435.3918005254131,39.0,1.0,756153.0,1.0,1866664.0,71977.0,1
2025-12-17 14:32:42.377542,22.115637133676405,-0.1446688259585995,1.3480290062641136,430.1806261435694,36.0,1.0,750798.0,1.0,1572330.0,67517.0,2
2025-12-17 14:32:42.478433,22.117919365360542,-0.1337284689966003,1.3728371486929358,432.48767802003704,36.0,1.0,1108423.0,1.0,1987952.0,74278.0,3
2025-12-17 14:32:42.578960,22.119433088883525,-0.1227786802152657,1.3990395902089063,428.4703168239538,35.0,1.0,1273416.0,1.0,2383368.0,87945.0,4
2025-12-17 14:32:42.682249,22.12085119304589,-0.1119251906511902,1.421269098030514,416.2714014167295,29.0,1.0,821527.0,1.0,2427327.0,78306.0,5
2025-12-17 14:32:43.184577,22.134786127745883,-0.0343087525434757,1.5590339452517048,431.0031780931772,38.0,1.0,434208.0,1.0,1630866.0,75087.0,0
2025-12-17 14:32:43.277422,22.135590563339232,-0.0225667151286712,1.5595273975686663,412.39017748186023,29.0,1.0,762320.0,1.0,1871092.0,73603.0,1
2025-12-17 14:32:43.380409,22.13576199077592,-0.0108289069208806,1.5602583829936385,440.18029897949975,40.0,1.0,760774.0,1.0,1567547.0,66857.0,2
2025-12-17 14:32:43.476998,22.136350269925817,0.0010536210083591,1.560801883112843,423.4827958105469,32.0,1.0,1115197.0,1.0,1991993.0,74986.0,3
2025-12-17 14:32:43.582509,22.1370376552007,0.0126459267639873,1.5598058861542878,429.46743364130464,35.0,1.0,1282499.0,1.0,2395498.0,87885.0,4
2025-12-17 14:32:43.680566,22.137219944765484,0.0243847504615732,1.559066744611719,432.2730705992758,36.0,1.0,833288.0,1.0,2441334.0,77122.0,5
2025-12-17 14:32:44.181935,22.153514009136583,0.1070998903265056,1.5781583935073027,439.0030687796246,42.0,1.0,432594.0,1.0,1622607.0,74505.0,0
2025-12-17 14:32:44.279072,22.153745779031347,0.1189932504426725,1.5676497889433545,420.38854418505497,32.0,1.0,758974.0,1.0,1896595.0,73032.0,1
2025-12-17 14:32:44.380151,22.153029256180243,0.1304723673610803,1.5536540267836376,431.179972834895,36.0,1.0,750798.0,1.0,1585690.0,67425.0,2
2025-12-17 14:32:44.479404,22.15406119257559,0.1413088267448303,1.5269131143891308,434.4778948215415,37.0,1.0,1093519.0,1.0,1978554.0,74128.0,3
2025-12-17 14:32:44.581713,22.155311903021143,0.1516636546421059,1.4954958622447538,425.4645629417814,34.0,1.0,1291647.0,1.0,2377728.0,88213.0,4
2025-12-17 14:32:44.677448,22.156742014104623,0.1624918536526021,1.4719845510396297,415.2747373825071,28.0,1.0,821249.0,1.0,2424043.0,78412.0,5
2025-12-17 14:32:45.183295,22.161612778436023,0.2202107471011531,1.4373218415219575,436.0029590274403,40.0,1.0,443115.0,1.0,1612752.0,74732.0,0
2025-12-17 14:32:45.277140,22.16341703416185,0.2311765479885679,1.4365744478351197,430.38691672908146,37.0,1.0,757690.0,1.0,1864770.0,72343.0,1
2025-12-17 14:32:45.380241,22.1646999949836,0.2427952638100095,1.4350881332531724,443.17964657676265,42.0,1.0,733220.0,1.0,1579797.0,66654.0,2
2025-12-17 14:32:45.481083,22.166379557033363,0.2541185893269908,1.4378091191081244,424.4729973870031,32.0,1.0,1126959.0,1.0,1987952.0,74910.0,3
2025-12-17 14:32:45.578514,22.16787114805965,0.2663030248518412,1.4360779342986123,424.4616991460446,33.0,1.0,1263542.0,1.0,2361687.0,88303.0,4
2025-12-17 14:32:45.678048,22.16922034663953,0.2778830793427378,1.4343815055053009,430.27641038222146,35.0,1.0,810480.0,1.0,2440507.0,77305.0,5
2025-12-17 14:32:46.186018,22.18697509045616,0.3763097282845278,1.4501433487344109,430.00284912586693,37.0,1.0,439233.0,1.0,1655894.0,75214.0,0
2025-12-17 14:32:46.278674,22.188871537304248,0.3882460128933198,1.4464267266689994,433.38528362142654,38.0,1.0,751306.0,1.0,1825429.0,72123.0,1
2025-12-17 14:32:46.380261,22.19004857306177,0.3988013683134275,1.4461886140373272,428.1793203414663,35.0,1.0,758460.0,1.0,1601872.0,67608.0,2
2025-12-17 14:32:46.479375,22.19250658975852,0.4099892528533884,1.444194270501756,426.46811651227154,33.0,1.0,1093519.0,1.0,1965207.0,74707.0,3
2025-12-17 14:32:46.578737,22.19382899022688,0.4219187310254515,1.444188354078183,419.45882551894823,31.0,1.0,1296465.0,1.0,2380949.0,88752.0,4
2025-12-17 14:32:46.678896,22.195569584156168,0.4341456382192108,1.4461576991897036,427.278083796591,34.0,1.0,838664.0,1.0,2438031.0,77488.0,5
2025-12-17 14:32:47.180156,22.202980882909745,0.4916479038887722,1.4456805800949508,420.00274016523633,33.0,1.0,436565.0,1.0,1636395.0,75905.0,0
2025-12-17 14:32:47.279904,22.20432417689983,0.5036427333725841,1.4436697457809813,421.3836510094759,33.0,1.0,760002.0,1.0,1895953.0,72958.0,1
2025-12-17 14:32:47.380362,22.20547097590145,0.5152566565677681,1.444411195643058,410.17899407974545,27.0,1.0,746743.0,1.0,1587301.0,68809.0,2
2025-12-17 14:32:47.478253,22.20719909644655,0.5268986793465835,1.44317222789474,428.4632327724538,34.0,1.0,1119356.0,1.0,1978554.0,74581.0,3
2025-12-17 14:32:47.582171,22.2081814896492,0.5383002125777665,1.4436624510379408,431.4559426666925,36.0,1.0,1290336.0,1.0,2351319.0,87737.0,4
2025-12-17 14:32:47.677615,22.2098021026962,0.5501616124891724,1.440213873064876,420.27975365127986,31.0,1.0,815433.0,1.0,2412585.0,77988.0,5
2025-12-17 14:32:48.178763,22.21541390551208,0.6080093255789993,1.4424102856570709,414.0026307147894,30.0,1.0,432594.0,1.0,1651976.0,76369.0,0
2025-12-17 14:32:48.276966,22.223014315792888,0.6390714435807539,1.4370119577987026,428.3820251938924,36.0,1.0,741957.0,1.0,1850936.0,72490.0,1
2025-12-17 14:32:48.378058,22.2357714635512,0.6808470205381756,1.429880745681542,431.1786686026048,36.0,1.0,746491.0,1.0,1594840.0,67425.0,2
2025-12-17 14:32:48.480774,22.237161908956807,0.691961624354188,1.4308715194844035,428.4583312211875,34.0,1.0,1107673.0,1.0,1989298.0,74606.0,3
2025-12-17 14:32:48.581873,22.23907084582931,0.7024820668192708,1.4311180434140625,425.4530705364221,33.0,1.0,1282065.0,1.0,2412585.0,88243.0,4
2025-12-17 14:32:48.680740,22.240990054923188,0.7139096891303582,1.4257155563393111,426.28143087278545,34.0,1.0,841223.0,1.0,2398743.0,77541.0,5
2025-12-17 14:32:49.179328,22.24021191399062,0.7198291950706954,1.4267126253317302,422.0025210497396,34.0,1.0,435090.0,1.0,1653095.0,75751.0,0
2025-12-17 14:32:49.280224,22.24021191399062,0.7198291950706954,1.4267126253317302,431.38038927507216,37.0,1.0,754619.0,1.0,1851563.0,72294.0,1
2025-12-17 14:32:49.377714,22.24021191399062,0.7198291950706954,1.4267126253317302,424.17834248605567,33.0,1.0,751561.0,1.0,1593761.0,67860.0,2
2025-12-17 14:32:49.479747,22.24021191399062,0.7198291950706954,1.4267126253317302,453.45344701689334,46.0,1.0,1093148.0,1.0,1983919.0,72810.0,3
2025-12-17 14:32:49.577817,22.24021191399062,0.7198291950706954,1.4267126253317302,427.4502092028346,34.0,1.0,1307481.0,1.0,2358492.0,88094.0,4
2025-12-17 14:32:49.676597,22.240211913990624,0.7198291950706954,1.4267126253317302,418.2830959422203,30.0,1.0,816261.0,1.0,2406061.0,78173.0,5
2025-12-17 14:32:50.183405,22.24021191399062,0.7198291950706954,1.4267126253317302,435.0024109997636,40.0,1.0,439531.0,1.0,1625906.0,74808.0,0
2025-12-17 14:32:50.278671,22.24021191399062,0.7198291950706954,1.4267126253317302,427.3787612010989,35.0,1.0,763095.0,1.0,1866032.0,72539.0,1
2025-12-17 14:32:50.382132,22.24021191399062,0.7198291950706954,1.4267126253317302,440.1780148160052,41.0,1.0,755897.0,1.0,1579797.0,66812.0,2
2025-12-17 14:32:50.484369,22.24021191399062,0.7198291950706954,1.4267126253317302,416.44760469124924,29.0,1.0,1292522.0,1.0,2352115.0,89023.0,4
2025-12-17 14:32:50.580196,22.24021191399062,0.7198291950706954,1.4267126253317302,421.28460675660057,31.0,1.0,839800.0,1.0,2413401.0,77962.0,5
2025-12-17 14:32:51.181507,22.24021191399062,0.7198291950706954,1.4267126253317302,432.00230160466623,38.0,1.0,436270.0,1.0,1659822.0,75036.0,0
2025-12-17 14:32:51.279813,22.24021191399062,0.7198291950706954,1.4267126253317302,431.3771287326416,37.0,1.0,740702.0,1.0,1849058.0,72294.0,1
2025-12-17 14:32:51.381439,22.24021191399062,0.7198291950706954,1.4267126253317302,432.17768881331,37.0,1.0,754619.0,1.0,1568609.0,67334.0,2
2025-12-17 14:32:51.478469,22.24021191399062,0.7198291950706954,1.4267126253317302,429.44367481426605,35.0,1.0,1111429.0,1.0,2015730.0,74505.0,3
2025-12-17 14:32:51.578839,22.24021191399062,0.7198291950706954,1.4267126253317302,434.44446029380174,38.0,1.0,1297343.0,1.0,2386596.0,87440.0,4
2025-12-17 14:32:51.678787,22.24021191399062,0.7198291950706954,1.4267126253317302,421.28644359692555,31.0,1.0,838664.0,1.0,2420764.0,77909.0,5
2025-12-17 14:32:52.181092,22.240211913990624,0.7198291950706954,1.4267126253317302,444.00219204702745,44.0,1.0,431717.0,1.0,1636395.0,74153.0,0
2025-12-17 14:32:52.276673,22.24021191399062,0.7198291950706954,1.4267126253317302,423.1773967622217,32.0,1.0,765423.0,1.0,1596460.0,67975.0,2
2025-12-17 14:32:52.378615,22.24021191399062,0.7198291950706954,1.4267126253317302,437.4392737974633,38.0,1.0,1090193.0,1.0,2000099.0,73927.0,3
2025-12-17 14:32:52.481079,22.24021191399062,0.7198291950706954,1.4267126253317302,410.4418681705338,27.0,1.0,1271263.0,1.0,2354504.0,89567.0,4
2025-12-17 14:32:52.581310,22.24021191399062,0.7198291950706954,1.4267126253317302,434.2879526122376,37.0,1.0,826547.0,1.0,2436381.0,76939.0,5
2025-12-17 14:32:53.178743,22.24021191399062,0.7198291950706954,1.4267126253317302,406.00208270136113,26.0,1.0,432594.0,1.0,1665449.0,76939.0,0
2025-12-17 14:32:53.277343,22.24021191399062,0.7198291950706954,1.4267126253317302,436.37387154762945,40.0,1.0,754364.0,1.0,1819261.0,71904.0,1
2025-12-17 14:32:53.379451,22.24021191399062,0.7198291950706954,1.4267126253317302,418.1770370043092,30.0,1.0,766719.0,1.0,1567547.0,68252.0,2
2025-12-17 14:32:53.478906,22.24021191399062,0.7198291950706954,1.4267126253317302,415.433894226617,28.0,1.0,1105426.0,1.0,1983247.0,75572.0,3
2025-12-17 14:32:53.578780,22.24021191399062,0.7198291950706954,1.4267126253317302,426.4387144904672,34.0,1.0,1284237.0,1.0,2401180.0,88153.0,4
2025-12-17 14:32:53.678873,22.24021191399062,0.7198291950706954,1.4267126253317302,420.2897877337502,31.0,1.0,845218.0,1.0,2440507.0,77988.0,5
2025-12-17 14:32:54.182491,22.24021191399062,0.7198291950706954,1.4267126253317302,417.00197268744455,31.0,1.0,436122.0,1.0,1643054.0,76111.0,0
2025-12-17 14:32:54.279365,22.24021191399062,0.7198291950706954,1.4267126253317302,421.3722376442386,33.0,1.0,741957.0,1.0,1851563.0,72958.0,1
2025-12-17 14:32:54.379849,22.24021191399062,0.7198291950706954,1.4267126253317302,438.17671064569845,40.0,1.0,759488.0,1.0,1567547.0,66948.0,2
2025-12-17 14:32:54.477876,22.240211913990617,0.7198291950706954,1.4267126253317302,419.4290100369905,30.0,1.0,1097969.0,1.0,1983247.0,75240.0,3
2025-12-17 14:32:54.578380,22.24021191399062,0.7198291950706954,1.4267126253317302,441.43584265324137,41.0,1.0,1287719.0,1.0,2355301.0,86880.0,4
2025-12-17 14:32:54.677564,22.24021191399062,0.7198291950706954,1.4267126253317302,426.2914575416232,34.0,1.0,823197.0,1.0,2415853.0,77541.0,5
2025-12-17 14:32:55.182251,22.24021191399062,0.7198291950706954,1.4267126253317302,431.0018631106252,38.0,1.0,429676.0,1.0,1612752.0,75087.0,0
2025-12-17 14:32:55.280032,22.24021191399062,0.7198291950706954,1.4267126253317302,429.3706059503194,36.0,1.0,756665.0,1.0,1867296.0,72417.0,1
2025-12-17 14:32:55.378841,22.24021191399062,0.7198291950706954,1.4267126253317302,421.424605015912,31.0,1.0,1103557.0,1.0,1970535.0,75087.0,3
2025-12-17 14:32:55.479525,22.24021191399062,0.7198291950706954,1.4267126253317302,419.4332536758936,31.0,1.0,1292959.0,1.0,2376923.0,88782.0,4
2025-12-17 14:32:55.582278,22.24021191399062,0.7198291950706954,1.4267126253317302,422.2929702202795,32.0,1.0,824591.0,1.0,2432261.0,77856.0,5
2025-12-17 14:32:56.181319,22.24021191399062,0.7198291950706954,1.4267126253317302,429.00175360965125,37.0,1.0,428949.0,1.0,1644723.0,75265.0,0
2025-12-17 14:32:56.278660,22.24021191399062,0.7198291950706954,1.4267126253317302,415.36897758120637,30.0,1.0,761289.0,1.0,1860357.0,73404.0,1
2025-12-17 14:32:56.379807,22.24021191399062,0.7198291950706954,1.4267126253317302,428.1760582018565,35.0,1.0,749782.0,1.0,1579797.0,67608.0,2
2025-12-17 14:32:56.478689,22.24021191399062,0.7198291950706954,1.4267126253317302,445.41922761099266,42.0,1.0,1129632.0,1.0,2016412.0,73379.0,3
2025-12-17 14:32:56.583300,22.240211913990624,0.7198291950706954,1.4267126253317302,436.4300825453074,38.0,1.0,1292522.0,1.0,2402806.0,87322.0,4
2025-12-17 14:32:56.677500,22.24021191399062,0.7198291950706954,1.4267126253317302,441.2948014276483,40.0,1.0,843789.0,1.0,2413401.0,76472.0,5
2025-12-17 14:32:57.177807,22.24021191399062,0.7198291950706954,1.4267126253317302,416.00164439145334,31.0,1.0,428659.0,1.0,1642498.0,76188.0,0
2025-12-17 14:32:57.279703,22.24021191399062,0.7198291950706954,1.4267126253317302,429.3673452741791,36.0,1.0,741204.0,1.0,1837827.0,72441.0,1
2025-12-17 14:32:57.390686,22.24021191399062,0.7198291950706954,1.4267126253317302,425.17572842404195,33.0,1.0,780068.0,1.0,1565427.0,67837.0,2
2025-12-17 14:32:57.476491,22.24021191399062,0.7198291950706954,1.4267126253317302,423.4143491319816,32.0,1.0,1074442.0,1.0,1951949.0,74960.0,3
2025-12-17 14:32:57.580200,22.24021191399062,0.7198291950706954,1.4267126253317302,425.4272184651449,33.0,1.0,1282499.0,1.0,2386596.0,88243.0,4
2025-12-17 14:32:57.679879,22.24021191399062,0.7198291950706954,1.4267126253317302,423.29647740184447,32.0,1.0,825149.0,1.0,2440507.0,77804.0,5
2025-12-17 14:32:58.178335,22.24021191399062,0.7198291950706954,1.4267126253317302,434.00153473045884,39.0,1.0,430404.0,1.0,1643611.0,74884.0,0
2025-12-17 14:32:58.279669,22.24021191399062,0.7198291950706954,1.4267126253317302,434.36571472331485,39.0,1.0,745481.0,1.0,1864770.0,72050.0,1
2025-12-17 14:32:58.378080,22.240211913990624,0.7198291950706954,1.4267126253317302,419.1754063077101,31.0,1.0,741957.0,1.0,1598082.0,68229.0,2
2025-12-17 14:32:58.482618,22.24021191399062,0.7198291950706954,1.4267126253317302,421.40942995016803,31.0,1.0,1118599.0,1.0,1965207.0,75138.0,3
2025-12-17 14:32:58.577875,22.24021191399062,0.7198291950706954,1.4267126253317302,429.42435215841795,36.0,1.0,1261406.0,1.0,2404433.0,87855.0,4
2025-12-17 14:32:58.677491,22.24021191399062,0.7198291950706954,1.4267126253317302,404.2981454056332,24.0,1.0,845790.0,1.0,2447953.0,79212.0,5
2025-12-17 14:32:59.181096,22.24021191399062,0.7198291950706954,1.4267126253317302,423.3642448507653,33.0,1.0,749021.0,1.0,1871092.0,72834.0,1
2025-12-17 14:32:59.277058,22.24021191399062,0.7198291950706954,1.4267126253317302,443.1751130352213,42.0,1.0,759488.0,1.0,1547516.0,66654.0,2
2025-12-17 14:32:59.378386,22.24021191399062,0.7198291950706954,1.4267126253317302,421.4050503383946,31.0,1.0,1096483.0,1.0,1980564.0,75087.0,3
2025-12-17 14:32:59.477312,22.24021191399062,0.7198291950706954,1.4267126253317302,427.421768088131,34.0,1.0,1298661.0,1.0,2398743.0,88064.0,4
2025-12-17 14:32:59.578636,22.24021191399062,0.7198291950706954,1.4267126253317302,420.29965211693406,31.0,1.0,827947.0,1.0,2409321.0,78015.0,5
2025-12-17 14:33:00.180961,22.24021191399062,0.7198291950706954,1.4267126253317302,426.0013152363929,35.0,1.0,432741.0,1.0,1625355.0,75495.0,0
2025-12-17 14:33:00.284125,22.24021191399062,0.7198291950706954,1.4267126253317302,432.36244624472346,38.0,1.0,757690.0,1.0,1840940.0,72172.0,1
2025-12-17 14:33:00.377426,22.24021191399062,0.7198291950706954,1.4267126253317302,425.17475406352014,34.0,1.0,754109.0,1.0,1565427.0,67792.0,2
2025-12-17 14:33:00.483527,22.24021191399062,0.7198291950706954,1.4267126253317302,423.3996470548045,32.0,1.0,1083571.0,1.0,1947989.0,74960.0,3
2025-12-17 14:33:00.581620,22.24021191399062,0.7198291950706954,1.4267126253317302,409.41859542624303,26.0,1.0,1267397.0,1.0,2364887.0,89627.0,4
2025-12-17 14:33:00.679359,22.24021191399062,0.7198291950706954,1.4267126253317302,431.3014925219556,36.0,1.0,837246.0,1.0,2423223.0,77200.0,5
2025-12-17 14:33:01.179404,22.24021191399062,0.7198291950706954,1.4267126253317302,435.00120580392087,40.0,1.0,432155.0,1.0,1622607.0,74808.0,0
2025-12-17 14:33:01.280469,22.24021191399062,0.7198291950706954,1.4267126253317302,414.3608215999152,29.0,1.0,757947.0,1.0,1853444.0,73503.0,1
2025-12-17 14:33:01.380626,22.24021191399062,0.7198291950706954,1.4267126253317302,435.1744267908163,38.0,1.0,737201.0,1.0,1583009.0,67152.0,2
2025-12-17 14:33:01.477723,22.24021191399062,0.7198291950706954,1.4267126253317302,421.3947862063407,31.0,1.0,1083938.0,1.0,1993341.0,75138.0,3
2025-12-17 14:33:01.578410,22.24021191399062,0.7198291950706954,1.4267126253317302,435.41573166210907,38.0,1.0,1276869.0,1.0,2387404.0,87351.0,4
2025-12-17 14:33:01.678389,22.24021191399062,0.7198291950706954,1.4267126253317302,429.3031628966354,35.0,1.0,831598.0,1.0,2396309.0,77305.0,5
2025-12-17 14:33:02.182053,22.24021191399062,0.7198291950706954,1.4267126253317302,420.0010959104581,33.0,1.0,432009.0,1.0,1638057.0,75905.0,0
2025-12-17 14:33:02.279670,22.24021191399062,0.7198291950706954,1.4267126253317302,432.3591922964648,37.0,1.0,750036.0,1.0,1847807.0,72221.0,1
2025-12-17 14:33:02.378271,22.24021191399062,0.7198291950706954,1.4267126253317302,434.1741013303133,38.0,1.0,747502.0,1.0,1573927.0,67198.0,2
2025-12-17 14:33:02.484428,22.24021191399062,0.7198291950706954,1.4267126253317302,432.3898641985548,36.0,1.0,1072262.0,1.0,1967203.0,74278.0,3
2025-12-17 14:33:02.583070,22.24021191399062,0.7198291950706954,1.4267126253317302,424.412845287572,33.0,1.0,1274710.0,1.0,2362487.0,88362.0,4
2025-12-17 14:33:02.681478,22.24021191399062,0.7198291950706954,1.4267126253317302,429.3048400579491,35.0,1.0,823197.0,1.0,2432261.0,77357.0,5
2025-12-17 14:33:03.178045,22.24021191399062,0.7198291950706963,1.4267126253317302,420.00098674662337,33.0,1.0,437749.0,1.0,1661508.0,75905.0,0
2025-12-17 14:33:03.284777,22.24021191399062,0.7198291950706954,1.4267126253317302,424.3575533626535,34.0,1.0,749021.0,1.0,1857211.0,72736.0,1
2025-12-17 14:33:03.380020,22.24021191399062,0.7198291950706954,1.4267126253317302,440.1737745309674,41.0,1.0,760002.0,1.0,1590527.0,66812.0,2
2025-12-17 14:33:03.481346,22.24021191399062,0.7198291950706954,1.4267126253317302,426.3849900416191,33.0,1.0,1090562.0,1.0,1989298.0,74707.0,3
2025-12-17 14:33:03.581155,22.24021191399062,0.7198291950706954,1.4267126253317302,438.4099778029206,39.0,1.0,1280331.0,1.0,2403619.0,87145.0,4
2025-12-17 14:33:04.179205,22.24021191399062,0.7198291950706954,1.4267126253317302,440.00087701635965,42.0,1.0,425911.0,1.0,1622607.0,74480.0,0
2025-12-17 14:33:04.278007,22.24021191399062,0.7198291950706954,1.4267126253317302,430.35593379555337,37.0,1.0,747249.0,1.0,1859098.0,72368.0,1
2025-12-17 14:33:04.382076,22.24021191399062,0.7198291950706954,1.4267126253317302,425.1734476314693,34.0,1.0,759488.0,1.0,1578194.0,67792.0,2
2025-12-17 14:33:04.479949,22.24021191399062,0.7198291950706954,1.4267126253317302,420.3801076463384,30.0,1.0,1091300.0,1.0,1965872.0,75189.0,3
2025-12-17 14:33:04.578950,22.24021191399062,0.7198291950706954,1.4267126253317302,428.4071111514353,35.0,1.0,1279032.0,1.0,2368892.0,87974.0,4
2025-12-17 14:33:04.676766,22.24021191399062,0.7198291950706954,1.4267126253317302,411.30817617253444,27.0,1.0,846077.0,1.0,2442160.0,78677.0,5
2025-12-17 14:33:05.177780,22.24021191399062,0.7198291950706954,1.4267126253317302,419.00076756942,32.0,1.0,434649.0,1.0,1651976.0,76008.0,0
2025-12-17 14:33:05.276993,22.24021191399062,0.7198291950706954,1.4267126253317302,436.3543048426833,39.0,1.0,747502.0,1.0,1839072.0,71928.0,1
2025-12-17 14:33:05.380920,22.240211913990617,0.7198291950706954,1.4267126253317302,434.173121779818,38.0,1.0,753089.0,1.0,1580867.0,67198.0,2
2025-12-17 14:33:05.479423,22.24021191399062,0.7198291950706954,1.4267126253317302,416.37522099254227,29.0,1.0,1067554.0,1.0,1994691.0,75469.0,3
2025-12-17 14:33:05.578166,22.24021191399062,0.7198291950706954,1.4267126253317302,443.40424041743626,42.0,1.0,1269543.0,1.0,2347343.0,86674.0,4
2025-12-17 14:33:05.679033,22.24021191399062,0.7198291950706954,1.4267126253317302,427.309851959467,34.0,1.0,818197.0,1.0,2440507.0,77488.0,5
2025-12-17 14:33:06.183445,22.24021191399062,0.7198291950706954,1.4267126253317302,411.00065734539425,29.0,1.0,433914.0,1.0,1648067.0,76576.0,0
2025-12-17 14:33:06.279082,22.24021191399062,0.7198291950706954,1.4267126253317302,426.35267083004186,35.0,1.0,757690.0,1.0,1873627.0,72638.0,1
2025-12-17 14:33:06.378279,22.24021191399062,0.7198291950706954,1.4267126253317302,432.17279641261644,37.0,1.0,765682.0,1.0,1574460.0,67357.0,2
2025-12-17 14:33:06.479479,22.24021191399062,0.7198291950706954,1.4267126253317302,421.3703314932169,31.0,1.0,1102064.0,1.0,2020511.0,75138.0,3
2025-12-17 14:33:06.579019,22.24021191399062,0.7198291950706954,1.4267126253317302,437.40136498035844,39.0,1.0,1295149.0,1.0,2395498.0,87233.0,4
2025-12-17 14:33:06.678899,22.240211913990624,0.7198291950706954,1.4267126253317302,434.3115237319359,37.0,1.0,833006.0,1.0,2431438.0,76965.0,5
2025-12-17 14:33:07.178867,22.24021191399062,0.7198291950706954,1.4267126253317302,432.0005482440333,38.0,1.0,428224.0,1.0,1641387.0,75036.0,0
2025-12-17 14:33:07.278685,22.24021191399062,0.7198291950706954,1.4267126253317302,421.35104087108766,32.0,1.0,734710.0,1.0,1865401.0,73007.0,1
2025-12-17 14:33:07.378322,22.24021191399062,0.7198291950706954,1.4267126253317302,431.1724701698168,36.0,1.0,741706.0,1.0,1552763.0,67425.0,2
2025-12-17 14:33:07.478599,22.241782797220203,0.7217602465281203,1.427928686353109,431.3654465702066,36.0,1.0,1084672.0,1.0,1957904.0,74354.0,3
2025-12-17 14:33:07.580248,22.24208892882516,0.730113234952225,1.4237427661709705,418.3984884630378,30.0,1.0,1278599.0,1.0,2380949.0,88842.0,4
2025-12-17 14:33:07.677056,22.24456860927892,0.7425071863217907,1.4215301103247386,438.31319264696276,39.0,1.0,842647.0,1.0,2415036.0,76654.0,5
2025-12-17 14:33:08.182177,22.25358668648553,0.8072558966935164,1.4264713681230792,421.0004382781229,33.0,1.0,435532.0,1.0,1627557.0,75879.0,0
2025-12-17 14:33:08.282769,22.255831582634567,0.8173969159730845,1.4249834846819789,437.34940360538667,40.0,1.0,747249.0,1.0,1854071.0,71855.0,1
2025-12-17 14:33:08.380333,22.257457556745567,0.8280602797379126,1.4247435267458155,434.172143284999,37.0,1.0,754109.0,1.0,1566487.0,67243.0,2
2025-12-17 14:33:08.477500,22.25986280018341,0.8392753206317947,1.4252467536197937,417.3605627179367,29.0,1.0,1082472.0,1.0,1983247.0,75418.0,3
2025-12-17 14:33:08.578520,22.262393901918227,0.8512285325860294,1.4212848248374286,440.3956204411379,40.0,1.0,1278599.0,1.0,2391448.0,86968.0,4
2025-12-17 14:33:08.677418,22.264196288438413,0.8626040686060943,1.4237627492577785,412.3148652487419,27.0,1.0,828508.0,1.0,2448781.0,78651.0,5
2025-12-17 14:33:09.182155,22.273118538053225,0.9195936556051764,1.4262042925234053,425.0003286774101,35.0,1.0,432887.0,1.0,1633628.0,75572.0,0
2025-12-17 14:33:09.277122,22.27385440626244,0.941525149667248,1.425318129536738,421.3477822071156,33.0,1.0,737450.0,1.0,1856583.0,72958.0,1
2025-12-17 14:33:09.376920,22.27396999309947,0.961457539200138,1.4290932660883895,432.17181816964603,37.0,1.0,765941.0,1.0,1572862.0,67334.0,2
2025-12-17 14:33:09.478015,22.27617289510564,0.9725173092666406,1.4278484697396778,420.3556709744568,30.0,1.0,1095371.0,1.0,1962548.0,75214.0,3
2025-12-17 14:33:09.583224,22.27763337173181,0.983176776669258,1.4254096271874868,434.3163797532185,37.0,1.0,862265.0,1.0,2467083.0,76992.0,5
2025-12-17 14:33:10.178956,22.28766835324273,1.0526743475468274,1.43328976271131,426.0002194249064,35.0,1.0,429094.0,1.0,1642498.0,75469.0,0
2025-12-17 14:33:10.279096,22.28926822297984,1.064514771700427,1.4310347602720723,431.3461483819939,37.0,1.0,754109.0,1.0,1869193.0,72294.0,1
2025-12-17 14:33:10.381951,22.290429106888958,1.0761678008217137,1.4315262415724888,425.1714902996173,33.0,1.0,746491.0,1.0,1572862.0,67814.0,2
2025-12-17 14:33:10.480711,22.29290772169404,1.0877073826452586,1.4310330371619662,424.350768567576,32.0,1.0,1096483.0,1.0,1971869.0,74884.0,3
2025-12-17 14:33:10.579182,22.29363903644675,1.0993121976367437,1.4293077425907292,428.3898725663801,35.0,1.0,1285106.0,1.0,2359290.0,87945.0,4
2025-12-17 14:33:10.677090,22.295768298201654,1.1109448841915128,1.429784750482603,414.31820869335996,28.0,1.0,824870.0,1.0,2434732.0,78465.0,5
2025-12-17 14:33:11.180595,22.30407065949701,1.1669113558649815,1.4295835216416717,436.00010964214283,40.0,1.0,433034.0,1.0,1618220.0,74758.0,0
2025-12-17 14:33:11.280140,22.3049610549084,1.1784986378504687,1.42589306845789,422.17119728452303,32.0,1.0,743213.0,1.0,1578728.0,67998.0,2
2025-12-17 14:33:11.378367,22.30676507331412,1.1902970847670815,1.4273366199471582,431.34637972494477,36.0,1.0,1095741.0,1.0,1980564.0,74354.0,3
2025-12-17 14:33:11.478712,22.29733976745961,1.2074463059760363,1.4412463942531646,431.3872882289054,36.0,1.0,1261406.0,1.0,2361687.0,87737.0,4
2025-12-17 14:33:11.578561,22.28932512068051,1.2164935181026522,1.4547671560371842,408.31971594973163,25.0,1.0,848945.0,1.0,2444641.0,78944.0,5
2025-12-17 14:33:12.180951,22.28944937142061,1.2163364296529997,1.4540314440739512,400.0,20.0,1.0,428804.0,1.0,1633075.0,78147.0,0
2025-12-17 14:33:12.278216,22.28944937142061,1.2163364296529997,1.4540314440739512,422.3428886043177,33.0,1.0,746491.0,1.0,1860987.0,72933.0,1
2025-12-17 14:33:12.381567,22.28944937142061,1.2163364296529997,1.4540314440739512,432.1708379673456,37.0,1.0,782713.0,1.0,1561194.0,67334.0,2
2025-12-17 14:33:12.477913,22.28944937142061,1.2163364296529997,1.4540314440739512,442.3410037965715,40.0,1.0,1081739.0,1.0,1975209.0,73603.0,3
2025-12-17 14:33:12.578548,22.28944937142061,1.2163364296529997,1.4540314440739512,432.38412841501275,37.0,1.0,1289900.0,1.0,2397120.0,87618.0,4
2025-12-17 14:33:12.677158,22.28944937142061,1.2163364296529997,1.4540314440739512,430.3215528000886,35.0,1.0,841507.0,1.0,2384174.0,77305.0,5
2025-12-17 14:33:13.178877,22.289704557949925,1.2168805742869244,1.4560060538232402,411.9998906241928,29.0,1.0,433327.0,1.0,1642498.0,76524.0,0
2025-12-17 14:33:13.280057,22.292295363971544,1.224126535335519,1.4636895942243906,430.3412549960666,37.0,1.0,727534.0,1.0,1850310.0,72343.0,1
2025-12-17 14:33:13.379596,22.293487526014932,1.236570199193264,1.4649217815551625,420.17051238157075,31.0,1.0,757690.0,1.0,1571797.0,68114.0,2
2025-12-17 14:33:13.483559,22.29613589291976,1.2516255886782748,1.4654206794967557,425.38152833069944,33.0,1.0,1266968.0,1.0,2354504.0,88243.0,4
2025-12-17 14:33:13.581453,22.2965750397045,1.2667031040941836,1.469887441303998,430.3230647781785,35.0,1.0,821805.0,1.0,2462078.0,77305.0,5
2025-12-17 14:33:14.178502,22.303689792544134,1.3356339502755654,1.465676122014278,423.9997810621699,35.0,1.0,430404.0,1.0,1649741.0,75597.0,0
2025-12-17 14:33:14.278089,22.304644324083988,1.3469609718284872,1.4678471646810425,430.33962759879495,37.0,1.0,751815.0,1.0,1851563.0,72368.0,1
2025-12-17 14:33:14.381064,22.306175317703183,1.3589563382108,1.4673526418488374,425.17018567389516,34.0,1.0,751815.0,1.0,1569140.0,67792.0,2
2025-12-17 14:33:14.481829,22.30696377362362,1.370618762932235,1.4671061632426694,424.33120619930685,32.0,1.0,1096483.0,1.0,1998746.0,74884.0,3
2025-12-17 14:33:14.578692,22.30884720462157,1.382859578654508,1.4668504525350947,412.37838202846194,28.0,1.0,1285977.0,1.0,2392257.0,89385.0,4
2025-12-17 14:33:14.678669,22.309730333299346,1.395345304203044,1.4646344327146934,430.32489931950823,35.0,1.0,848371.0,1.0,2462078.0,77253.0,5
2025-12-17 14:33:15.182251,22.315297028344865,1.4524790817759603,1.462437031931696,417.99967104814374,32.0,1.0,429676.0,1.0,1642498.0,76085.0,0
2025-12-17 14:33:15.277321,22.31772893101879,1.4643335595871223,1.4614616607016198,423.33799824479576,34.0,1.0,734461.0,1.0,1849058.0,72810.0,1
2025-12-17 14:33:15.378350,22.3185375191987,1.482097427907382,1.4618202236477005,410.3268229059465,26.0,1.0,1122391.0,1.0,1994691.0,75879.0,3
2025-12-17 14:33:15.477982,22.320081576618108,1.496877878885094,1.465899511123586,429.37579838050397,35.0,1.0,1295149.0,1.0,2388212.0,87915.0,4
2025-12-17 14:33:15.578947,22.32145947212921,1.508479650856649,1.461690724511092,424.3264045811881,33.0,1.0,827387.0,1.0,2445468.0,77698.0,5
2025-12-17 14:33:16.178802,22.32896650137177,1.5780355683534235,1.460163190163844,424.99956182304084,35.0,1.0,434355.0,1.0,1619864.0,75520.0,0
2025-12-17 14:33:16.279038,22.33051730242429,1.589834996933356,1.457949960292929,412.3363648387398,29.0,1.0,754875.0,1.0,1863508.0,73578.0,1
2025-12-17 14:33:16.378354,22.33094413693412,1.6011481143816608,1.4584525026092747,429.16953410043163,35.0,1.0,769058.0,1.0,1588376.0,67562.0,2
2025-12-17 14:33:16.479303,22.33238781459524,1.6124552787579525,1.460462086022121,436.321440098433,38.0,1.0,1085774.0,1.0,1965872.0,74002.0,3
2025-12-17 14:33:16.580248,22.33310376874985,1.6240265851589806,1.45949277737051,432.37263158525434,36.0,1.0,1264826.0,1.0,2331508.0,87677.0,4
2025-12-17 14:33:16.678311,22.33446974805852,1.6350510814650328,1.4617189177690713,425.3282427139664,33.0,1.0,839516.0,1.0,2437206.0,77646.0,5
2025-12-17 14:33:17.177439,22.33962321825362,1.6902654577705407,1.4629761528432408,425.9994523693058,35.0,1.0,428659.0,1.0,1658699.0,75469.0,0
2025-12-17 14:33:17.277071,22.33907589904694,1.691377635629932,1.4605196074727702,422.33473743983757,33.0,1.0,755642.0,1.0,1874261.0,72933.0,1
2025-12-17 14:33:17.378679,22.33897111911572,1.6912937462799524,1.4600265624797184,424.1692077656355,33.0,1.0,761289.0,1.0,1581938.0,67860.0,2
2025-12-17 14:33:17.483193,22.33897111911572,1.6912937462799524,1.4600265624797184,438.3165318538169,39.0,1.0,1083571.0,1.0,1986606.0,73877.0,3
2025-12-17 14:33:17.580229,22.332213797552782,1.6981669802904724,1.4715702966373942,413.36975865342066,28.0,1.0,1295588.0,1.0,2380143.0,89234.0,4
2025-12-17 14:33:17.677230,22.32834504309336,1.7021105120634612,1.4789954005854005,423.3299129030546,32.0,1.0,834700.0,1.0,2415853.0,77804.0,5
2025-12-17 14:33:18.179877,22.334451305134216,1.7408729732230626,1.4780411461097942,438.3332653186819,41.0,1.0,742710.0,1.0,1835341.0,71758.0,1
2025-12-17 14:33:18.279285,22.33486280552808,1.7547026740339584,1.4814975053905826,434.16891396204625,37.0,1.0,754364.0,1.0,1564367.0,67243.0,2
2025-12-17 14:33:18.378898,22.336531976421973,1.7668179093039171,1.4775316917134045,436.3121525500647,37.0,1.0,1081739.0,1.0,1989298.0,74052.0,3
2025-12-17 14:33:18.480589,22.33738967152663,1.7780333747258368,1.4815152463930714,418.36717193136724,30.0,1.0,1289463.0,1.0,2428971.0,88812.0,4
2025-12-17 14:33:18.579547,22.33860923266939,1.789019832754332,1.48126255164769,410.33142157393536,26.0,1.0,829069.0,1.0,2451269.0,78784.0,5
2025-12-17 14:33:19.182614,22.34536837624468,1.8580654952009104,1.4782903735961646,443.9992325958615,44.0,1.0,426922.0,1.0,1630866.0,74178.0,0
2025-12-17 14:33:19.279326,22.346146464463555,1.870064950198806,1.479022523207782,427.3314725502106,35.0,1.0,741455.0,1.0,1857211.0,72539.0,1
2025-12-17 14:33:19.380447,22.346818458914026,1.8809252084308372,1.4787858141773214,422.1685547313195,32.0,1.0,756922.0,1.0,1588913.0,67975.0,2
2025-12-17 14:33:19.479048,22.348303705903778,1.8914787349305973,1.48250504856537,415.30677366859925,28.0,1.0,1085039.0,1.0,1987952.0,75572.0,3
2025-12-17 14:33:19.579597,22.34917180784712,1.9029141825159772,1.4807841527764003,433.36401449630733,37.0,1.0,1276005.0,1.0,2422403.0,87588.0,4
2025-12-17 14:33:19.680037,22.35017857613489,1.914859971071043,1.4778410975480745,432.3332615893817,36.0,1.0,840938.0,1.0,2442160.0,77148.0,5
2025-12-17 14:33:20.183321,22.357291955499683,1.971307580750845,1.426337235746545,433.99912291524805,39.0,1.0,428659.0,1.0,1648067.0,74884.0,0
2025-12-17 14:33:20.281999,22.35878171004752,1.9822561219084875,1.4065792033306128,430.3298375852951,37.0,1.0,741706.0,1.0,1864770.0,72343.0,1
2025-12-17 14:33:20.378932,22.359784545280185,1.991648212650224,1.3901332996951976,438.1682289967843,40.0,1.0,762579.0,1.0,1559082.0,66948.0,2
2025-12-17 14:33:20.477924,22.360228626150707,1.9941006799495729,1.369968014061546,416.30188993855995,28.0,1.0,1090193.0,1.0,2015048.0,75495.0,3
2025-12-17 14:33:20.578118,22.363533816375888,2.004436239598824,1.3396495333458016,433.3611457590339,37.0,1.0,1320377.0,1.0,2347343.0,87559.0,4
2025-12-17 14:33:20.680542,22.36687462911309,2.0149309062073915,1.3160348572045235,440.3349344302564,40.0,1.0,835830.0,1.0,2447124.0,76524.0,5
2025-12-17 14:33:21.183274,22.384878234949795,2.070332168041336,1.1876275289628246,415.9990133172753,31.0,1.0,429240.0,1.0,1648625.0,76188.0,0
2025-12-17 14:33:21.279303,22.388808716413983,2.0819275008498623,1.16744234793662,414.32821137510484,29.0,1.0,749782.0,1.0,1837827.0,73503.0,1
2025-12-17 14:33:21.379740,22.392880887928754,2.0927946783180715,1.1424104674897428,422.1679025044197,32.0,1.0,750798.0,1.0,1568609.0,67998.0,2
2025-12-17 14:33:21.478263,22.39792968021179,2.1033688204332366,1.1142090434244152,427.29699905558374,33.0,1.0,1069725.0,1.0,1979224.0,74707.0,3
2025-12-17 14:33:21.577180,22.4030297068323,2.1132460217879245,1.0931372846001717,433.35827546747475,37.0,1.0,1269543.0,1.0,2368090.0,87559.0,4
2025-12-17 14:33:21.676923,22.40913356352279,2.1248045264452093,1.0708518145790498,428.33660037581745,35.0,1.0,823754.0,1.0,2452929.0,77383.0,5
2025-12-17 14:33:22.177192,22.44248381241829,2.1763836970315067,0.9444895249785678,421.99890438075744,34.0,1.0,426777.0,1.0,1628108.0,75751.0,0
2025-12-17 14:33:22.277045,22.44937994444944,2.1847609020536805,0.9148585478060106,421.326584450709,33.0,1.0,739450.0,1.0,1850310.0,72958.0,1
2025-12-17 14:33:22.380644,22.456022904563174,2.193286097071902,0.8859569259987099,405.1675759807371,25.0,1.0,738200.0,1.0,1583009.0,69135.0,2
2025-12-17 14:33:22.481994,22.46376536088176,2.2011491193624524,0.8652841272726067,416.29209158835454,29.0,1.0,1146580.0,1.0,1997393.0,75469.0,3
2025-12-17 14:33:22.580070,22.46439107843884,2.2122246407307893,0.8487137189021481,430.3553941781236,36.0,1.0,1280764.0,1.0,2394687.0,87796.0,4
2025-12-17 14:33:22.677260,22.452739261503808,2.2264581900844007,0.8395818765059866,429.33827293579674,35.0,1.0,841507.0,1.0,2453759.0,77305.0,5
2025-12-17 14:33:23.177803,22.491375410390333,2.2677379249447327,0.7015156383327341,429.99879471066583,37.0,1.0,429821.0,1.0,1625906.0,75214.0,0
2025-12-17 14:33:23.278186,22.49985759382049,2.274715537844033,0.6765608945991284,417.32495198388233,31.0,1.0,753598.0,1.0,1840940.0,73280.0,1
2025-12-17 14:33:23.380784,22.51041741908813,2.283579403777872,0.6545228246184152,427.1672497062933,34.0,1.0,755897.0,1.0,1577660.0,67700.0,2
2025-12-17 14:33:23.477169,22.522365352305272,2.292475976628653,0.6343406120350019,430.287225953339,35.0,1.0,1081739.0,1.0,1983247.0,74480.0,3
2025-12-17 14:33:23.583786,22.53144601662972,2.298965649834889,0.6079593306003039,430.3525105156857,36.0,1.0,1278599.0,1.0,2383368.0,87826.0,4
2025-12-17 14:33:23.678200,22.54094875105646,2.304596400224076,0.5792166644531125,425.3399465039899,33.0,1.0,845790.0,1.0,2452929.0,77672.0,5
2025-12-17 14:33:24.179833,22.548307997006603,2.3023229414817203,0.5366606491901421,421.99868488504745,34.0,1.0,432009.0,1.0,1630866.0,75751.0,0
2025-12-17 14:33:24.277484,22.54131773425724,2.292039966429991,0.5354823898909018,433.3233225222631,38.0,1.0,752324.0,1.0,1832238.0,72099.0,1
2025-12-17 14:33:24.378952,22.54131773425724,2.292039966429991,0.5354823898909018,443.1669240751727,42.0,1.0,755386.0,1.0,1566487.0,66654.0,2
2025-12-17 14:33:24.477666,22.54298945034888,2.292309215187549,0.5287771739770982,426.28233429786513,33.0,1.0,1088718.0,1.0,1965207.0,74732.0,3
2025-12-17 14:33:24.579843,22.552036943757425,2.2929322272554358,0.4997769218426267,429.34964885745075,36.0,1.0,1258847.0,1.0,2387404.0,87855.0,4
2025-12-17 14:33:24.677076,22.56288176785894,2.29872452615974,0.463082797657596,419.34161662118225,30.0,1.0,845504.0,1.0,2451269.0,78094.0,5
2025-12-17 14:33:25.179250,22.622213289590444,2.328026721397653,0.3413460925046221,424.99857534582196,35.0,1.0,430404.0,1.0,1648625.0,75572.0,0
2025-12-17 14:33:25.279866,22.63137857505678,2.330756014003451,0.3139018130626245,424.321688031854,34.0,1.0,738949.0,1.0,1841563.0,72736.0,1
2025-12-17 14:33:25.378658,22.640072029503717,2.331527823517437,0.2829453205593628,414.1665979423122,28.0,1.0,760002.0,1.0,1559082.0,68553.0,2
2025-12-17 14:33:25.478263,22.650205854490856,2.332777203457688,0.2473197466511853,414.2774421534687,28.0,1.0,1092039.0,1.0,1983247.0,75648.0,3
2025-12-17 14:33:25.579271,22.65364615221029,2.3281339440955198,0.2164954373523656,423.34677751437863,33.0,1.0,1294273.0,1.0,2354504.0,88362.0,4
2025-12-17 14:33:25.678102,22.652309713235105,2.318684146860176,0.1876593233992265,428.34329033316715,34.0,1.0,821805.0,1.0,2445468.0,77410.0,5
2025-12-17 14:33:26.179420,22.711261843888668,2.3312804518746173,0.0731477873085573,436.99846572406534,41.0,1.0,431424.0,1.0,1643054.0,74656.0,0
2025-12-17 14:33:26.279381,22.7216778385043,2.3309089048758427,0.0454601650108466,425.3200582163932,34.0,1.0,760259.0,1.0,1860357.0,72711.0,1
2025-12-17 14:33:26.388359,22.714317276466986,2.325672824525589,0.0215804531258499,431.1662685487951,36.0,1.0,756153.0,1.0,1564367.0,67448.0,2
2025-12-17 14:33:26.478770,22.711472453145888,2.321516060071969,0.0029666411115036,434.2725504491026,37.0,1.0,1081739.0,1.0,1978554.0,74178.0,3
2025-12-17 14:33:26.581213,22.723272171800303,2.322596657069237,-0.0187708629475316,413.34389894861863,28.0,1.0,1272555.0,1.0,2431438.0,89294.0,4
2025-12-17 14:33:27.181349,22.790525458522232,2.315929760577667,-0.1752085244416329,422.9983559095169,34.0,1.0,427211.0,1.0,1612752.0,75700.0,0
2025-12-17 14:33:27.282622,22.7873892379862,2.309268711265603,-0.2040840632486602,436.3184223252933,40.0,1.0,751052.0,1.0,1859098.0,71904.0,1
2025-12-17 14:33:27.378976,22.78336497243156,2.3024247982101773,-0.2284389215692774,435.1659453810279,38.0,1.0,747755.0,1.0,1578728.0,67152.0,2
2025-12-17 14:33:27.478271,22.79529285532453,2.3002571106740177,-0.2467420731088618,428.26766366329736,34.0,1.0,1116707.0,1.0,1974541.0,74581.0,3
2025-12-17 14:33:27.580123,22.806498421539164,2.298265137094969,-0.2751105866775556,414.34102909375343,29.0,1.0,1290336.0,1.0,2389021.0,89143.0,4
2025-12-17 14:33:27.677675,22.817485886635705,2.2950005491379883,-0.3039963499547602,432.3466336122575,36.0,1.0,822361.0,1.0,2423223.0,77096.0,5
2025-12-17 14:33:28.178893,22.85065899595191,2.268712884230581,-0.4240633716114266,434.9982465755781,40.0,1.0,424042.0,1.0,1642498.0,74808.0,0
2025-12-17 14:33:28.277924,22.83546590897477,2.254989580331423,-0.4390359126944316,412.3167993795769,28.0,1.0,753854.0,1.0,1881888.0,73628.0,1
2025-12-17 14:33:28.377164,22.846986085840868,2.250714016229721,-0.460066920103955,430.16561974338265,36.0,1.0,751052.0,1.0,1557500.0,67494.0,2
2025-12-17 14:33:28.477075,22.857012921851656,2.245983755473519,-0.4899559829717124,447.26278028528236,43.0,1.0,1084672.0,1.0,1966537.0,73205.0,3
2025-12-17 14:33:28.578499,22.86654485522509,2.240672051335414,-0.5190247817735977,412.338160773063,28.0,1.0,1287283.0,1.0,2340204.0,89355.0,4
2025-12-17 14:33:28.677175,22.875626293572008,2.234558461890927,-0.540080708828261,433.3483047727757,37.0,1.0,837246.0,1.0,2388212.0,77044.0,5
2025-12-17 14:33:29.178887,22.88621894714526,2.189365527924904,-0.6414426602654898,432.9981369731116,38.0,1.0,428224.0,1.0,1642498.0,74986.0,0
2025-12-17 14:33:29.277955,22.89540486497796,2.1823392856503405,-0.670394128841058,428.31516872272323,36.0,1.0,748261.0,1.0,1828521.0,72490.0,1
2025-12-17 14:33:29.378796,22.9021901332328,2.175060912674596,-0.703307964309536,430.16529298220553,36.0,1.0,757690.0,1.0,1574993.0,67448.0,2
2025-12-17 14:33:29.478566,22.909103316773365,2.167912639388426,-0.7388871223600503,438.25788376991835,38.0,1.0,1093519.0,1.0,1972537.0,73902.0,3
2025-12-17 14:33:29.589975,22.918265180131637,2.1605292814329795,-0.7613557616598029,432.3352548162504,37.0,1.0,1278599.0,1.0,2387404.0,87648.0,4
2025-12-17 14:33:29.677439,22.92824591644852,2.1522084910396844,-0.7801558019403237,437.34997721069925,39.0,1.0,816537.0,1.0,2440507.0,76705.0,5
2025-12-17 14:33:30.179947,22.94681196558651,2.102635219391624,-0.874067715409659,422.99802725380823,34.0,1.0,427355.0,1.0,1659260.0,75700.0,0
2025-12-17 14:33:30.279489,22.95310136101625,2.09407229084355,-0.9045643064392428,421.1649991502344,32.0,1.0,765164.0,1.0,1588376.0,68067.0,2
2025-12-17 14:33:30.380620,22.95950059762269,2.0847767063519878,-0.9290185233972648,438.2534734244732,38.0,1.0,1102437.0,1.0,1979224.0,73902.0,3
2025-12-17 14:33:30.479490,22.96716463101487,2.0754997636712984,-0.9522342517896796,428.3326992517347,35.0,1.0,1296904.0,1.0,2390638.0,88004.0,4
2025-12-17 14:33:30.578933,22.974142799135485,2.065631587022821,-0.9748167327859852,433.35148450552686,37.0,1.0,847223.0,1.0,2427327.0,77070.0,5
2025-12-17 14:33:31.178201,23.00359578237263,1.9926015964825328,-1.1194354050350226,437.9979178420512,41.0,1.0,435090.0,1.0,1650858.0,74606.0,0
2025-12-17 14:33:31.278136,23.008497829398088,1.9820738539422225,-1.1426787622898076,424.3119072149737,34.0,1.0,753854.0,1.0,1860357.0,72736.0,1
2025-12-17 14:33:31.379313,23.01368670564856,1.972363444677552,-1.1630364125853565,436.1646403560017,39.0,1.0,763095.0,1.0,1586764.0,67084.0,2
2025-12-17 14:33:31.477591,23.01759560945553,1.9618443808895192,-1.1936226788106563,438.2481100858557,38.0,1.0,1092779.0,1.0,1978554.0,73902.0,3
2025-12-17 14:33:31.580571,23.020854936417138,1.9523211364888864,-1.2212408868778752,436.329535860974,39.0,1.0,1278599.0,1.0,2340204.0,87292.0,4
2025-12-17 14:33:31.687590,23.025430007329334,1.9380161485101404,-1.2577446189390948,432.3533381761688,36.0,1.0,832724.0,1.0,2418307.0,77148.0,5
2025-12-17 14:33:32.181710,23.021055905829492,1.8769209387970909,-1.363499649139365,442.9978078543298,43.0,1.0,440275.0,1.0,1641387.0,74228.0,0
2025-12-17 14:33:32.280795,23.023784790645767,1.865629676837088,-1.3854292585714545,414.3102722728867,29.0,1.0,760517.0,1.0,1829140.0,73478.0,1
2025-12-17 14:33:32.379022,23.02565211163776,1.854435805827728,-1.4181640669898412,436.16431422216255,39.0,1.0,756922.0,1.0,1572330.0,67084.0,2
2025-12-17 14:33:32.477157,23.02627516357781,1.8437955254629896,-1.44662024016415,417.2432229822508,29.0,1.0,1103931.0,1.0,1991319.0,75367.0,3
2025-12-17 14:33:32.578882,23.02735490355509,1.8340527379734624,-1.4714644742374146,439.32666772702765,40.0,1.0,1289463.0,1.0,2384174.0,87027.0,4
2025-12-17 14:33:32.678477,23.02698716007536,1.8188332649539536,-1.4930534286722503,433.35499493578095,37.0,1.0,826547.0,1.0,2437206.0,77070.0,5
2025-12-17 14:33:33.178674,23.024298094919438,1.7466516294422432,-1.5738375384892622,422.99769858396076,34.0,1.0,427211.0,1.0,1672227.0,75725.0,0
2025-12-17 14:33:33.284099,23.02470168912599,1.7343532021849652,-1.573083546606916,414.3086362790586,29.0,1.0,749529.0,1.0,1860357.0,73478.0,1
2025-12-17 14:33:33.382921,23.02531845086961,1.7226918702634686,-1.5750321586682845,431.1639867214248,36.0,1.0,779277.0,1.0,1549613.0,67403.0,2
2025-12-17 14:33:33.480861,23.020236286904264,1.7019765662260644,-1.5715035857609825,418.23831564703073,29.0,1.0,1073351.0,1.0,1946671.0,75342.0,3
2025-12-17 14:33:33.580484,23.01309338986185,1.6758425418176142,-1.570102081702902,418.32379013808304,30.0,1.0,1283802.0,1.0,2389021.0,88812.0,4
2025-12-17 14:33:33.677261,23.012525733835844,1.6650390259526962,-1.5691019928332632,434.3566648991496,37.0,1.0,828508.0,1.0,2438856.0,76965.0,5
2025-12-17 14:33:34.182506,23.01352026722956,1.6069052561128618,-1.5651567665902784,425.9975885608375,35.0,1.0,433474.0,1.0,1649741.0,75495.0,0
2025-12-17 14:33:34.280038,23.01362630897031,1.595123007874557,-1.5663977455369764,436.3070122946459,39.0,1.0,743213.0,1.0,1862877.0,71928.0,1
2025-12-17 14:33:34.380295,23.01385905501036,1.584252013564793,-1.566396663282518,415.1636613493298,29.0,1.0,755130.0,1.0,1591066.0,68460.0,2
2025-12-17 14:33:34.479476,23.013575731691777,1.5727126064331651,-1.566649495106593,424.2334331930793,32.0,1.0,1092039.0,1.0,1961220.0,74910.0,3
2025-12-17 14:33:34.578519,23.01385561106588,1.5618583062523372,-1.5678886190593122,410.320922797081,27.0,1.0,1298221.0,1.0,2437206.0,89536.0,4
2025-12-17 14:33:34.679877,23.013473442962955,1.5505070160081278,-1.566161073657364,411.35834126960896,27.0,1.0,826547.0,1.0,2477962.0,78677.0,5
2025-12-17 14:33:35.182045,23.014235973301776,1.4919081066408548,-1.565920788802456,430.99747900824053,37.0,1.0,428949.0,1.0,1635287.0,75138.0,0
2025-12-17 14:33:35.278645,23.01472893819908,1.4800086171435949,-1.5712493902561342,422.30538395977567,33.0,1.0,766719.0,1.0,1849058.0,72908.0,1
2025-12-17 14:33:35.379080,23.014102846022205,1.468508160295051,-1.571988443536564,435.2290348262367,37.0,1.0,1092039.0,1.0,2000776.0,74103.0,3
2025-12-17 14:33:35.478397,23.013956408988253,1.4571412240192387,-1.5692799586805664,422.31833745980697,32.0,1.0,1295588.0,1.0,2369694.0,88482.0,4
2025-12-17 14:33:35.585082,23.014269303464182,1.4461295510060026,-1.5658313524242942,427.35985476921564,34.0,1.0,843218.0,1.0,2435556.0,77488.0,5
2025-12-17 14:33:36.178536,23.014958619907677,1.3741409452004412,-1.5751430785064449,430.9973697897138,37.0,1.0,432594.0,1.0,1648067.0,75138.0,0
2025-12-17 14:33:36.278282,23.01561580231056,1.3624954421481623,-1.5758774135550369,424.3037539453809,34.0,1.0,738449.0,1.0,1845307.0,72736.0,1
2025-12-17 14:33:36.381931,23.015656678893784,1.3504211266020285,-1.5772980148475786,421.163008358076,32.0,1.0,753598.0,1.0,1571797.0,68044.0,2
2025-12-17 14:33:36.479312,23.016096725137988,1.338400212443184,-1.5805147092535687,421.315461844604,32.0,1.0,1271263.0,1.0,2384174.0,88542.0,4
2025-12-17 14:33:36.580718,23.01608703606905,1.326472818916903,-1.579552270294831,429.3615194691393,35.0,1.0,806103.0,1.0,2443814.0,77305.0,5
2025-12-17 14:33:37.190368,23.01764415407403,1.2980114191111225,-1.5829980573411957,428.3022666921987,36.0,1.0,756922.0,1.0,1824194.0,72490.0,1
2025-12-17 14:33:37.280094,23.01764415407403,1.2980114191111225,-1.5829980573411957,417.16271535146365,30.0,1.0,761032.0,1.0,1579797.0,68344.0,2
2025-12-17 14:33:37.379995,23.017644154074038,1.2980114191111225,-1.5829980573411957,426.21925190153786,33.0,1.0,1077719.0,1.0,1975209.0,74758.0,3
2025-12-17 14:33:37.480973,23.017644154074027,1.2980114191111225,-1.5829980573411957,434.3125840861532,38.0,1.0,1292959.0,1.0,2387404.0,87440.0,4
2025-12-17 14:33:37.580018,23.01764415407403,1.2980114191111225,-1.5829980573411957,432.36319029525816,36.0,1.0,822361.0,1.0,2440507.0,77096.0,5
2025-12-17 14:33:38.181502,23.01764415407403,1.2980114191111225,-1.5829980573411957,418.99715025838276,32.0,1.0,434943.0,1.0,1641387.0,76008.0,0
2025-12-17 14:33:38.278667,23.01764415407403,1.2980114191111225,-1.5829980573411957,426.3004921049877,35.0,1.0,747755.0,1.0,1865401.0,72613.0,1
2025-12-17 14:33:38.383563,23.01764415407403,1.2980114191111225,-1.5829980573411957,442.1623553681271,42.0,1.0,730495.0,1.0,1566487.0,66677.0,2
2025-12-17 14:33:38.481124,23.01764415407403,1.2980114191111225,-1.5829980573411957,442.2138682335206,40.0,1.0,1113311.0,1.0,2010279.0,73628.0,3
2025-12-17 14:33:38.582803,23.01764415407403,1.2980114191111225,-1.5829980573411957,428.3094185435256,35.0,1.0,1281198.0,1.0,2346549.0,87945.0,4
2025-12-17 14:33:38.679251,23.01764415407403,1.2980114191111225,-1.5829980573411957,435.36502820900495,38.0,1.0,834982.0,1.0,2420764.0,76887.0,5
2025-12-17 14:33:39.180701,23.01764415407403,1.2980114191111225,-1.5829980573411957,440.99704074305083,42.0,1.0,435680.0,1.0,1638057.0,74379.0,0
2025-12-17 14:33:39.279933,23.01764415407403,1.2980114191111225,-1.5829980573411957,428.29885943433527,36.0,1.0,766719.0,1.0,1876800.0,72515.0,1
2025-12-17 14:33:39.380927,23.017449401164587,1.297726874353578,-1.5825012610822553,422.16202999929436,32.0,1.0,755386.0,1.0,1575526.0,67998.0,2
2025-12-17 14:33:39.477528,23.01609908014896,1.29043268358061,-1.5783087892040517,421.20899658964686,31.0,1.0,1072988.0,1.0,1982576.0,75087.0,3
2025-12-17 14:33:39.579772,23.01574899931187,1.279714871358852,-1.5758507890682565,429.3065542651271,35.0,1.0,1273848.0,1.0,2413401.0,87885.0,4
2025-12-17 14:33:39.680304,23.01491820544392,1.2652154263316089,-1.5773434565516096,426.36670196613375,34.0,1.0,821805.0,1.0,2433085.0,77541.0,5
2025-12-17 14:33:40.178564,23.015823379516576,1.2027830877194958,-1.5803256584391114,415.99693137414863,31.0,1.0,418764.0,1.0,1630866.0,76188.0,0
2025-12-17 14:33:40.278195,23.01555398192784,1.1924221039958507,-1.5749140458536082,430.29723166202416,37.0,1.0,760259.0,1.0,1842810.0,72368.0,1
2025-12-17 14:33:40.382188,23.01508003991971,1.181401774313616,-1.5741873259188512,426.16170335914813,34.0,1.0,750798.0,1.0,1569671.0,67746.0,2
2025-12-17 14:33:40.478388,23.014915570567656,1.1666809676652337,-1.5690397370448854,432.20410315938415,36.0,1.0,1076990.0,1.0,1961220.0,74304.0,3
2025-12-17 14:33:40.578903,23.01445506185588,1.1501565122678237,-1.5608412590203309,423.3682044205314,32.0,1.0,848945.0,1.0,2448781.0,77777.0,5
2025-12-17 14:33:41.177888,23.01415287848981,1.0797870660709226,-1.5672610044207136,441.99682184511624,43.0,1.0,429094.0,1.0,1636395.0,74278.0,0
2025-12-17 14:33:41.283294,23.01359425413059,1.0693392931284924,-1.565104566576688,426.29559274125774,35.0,1.0,738949.0,1.0,1859098.0,72638.0,1
2025-12-17 14:33:41.381428,23.01332698774681,1.057935092960654,-1.565354473974404,436.16137737831025,39.0,1.0,737950.0,1.0,1563309.0,67061.0,2
2025-12-17 14:33:41.480018,23.013517813682547,1.0470534107812464,-1.566083461107008,425.19920596441773,33.0,1.0,1099456.0,1.0,2012321.0,74808.0,3
2025-12-17 14:33:41.582073,23.013300294799876,1.0349831688381146,-1.564600371577245,423.30080168154456,33.0,1.0,1290336.0,1.0,2376119.0,88392.0,4
2025-12-17 14:33:41.681239,23.0141298121659,1.02286373909896,-1.5660829108142893,429.3700475224834,35.0,1.0,814605.0,1.0,2419126.0,77305.0,5
2025-12-17 14:33:42.180589,23.01542324099182,0.9642143415008873,-1.5687754450585287,431.99671194595413,38.0,1.0,435532.0,1.0,1647509.0,75036.0,0
2025-12-17 14:33:42.286493,23.014782462004703,0.9494601374455972,-1.5692679122630602,423.2939569186433,33.0,1.0,767758.0,1.0,1854699.0,72859.0,1
2025-12-17 14:33:42.379017,23.01546416298876,0.9422765425660292,-1.5677628663519323,416.16105193607603,30.0,1.0,751306.0,1.0,1592682.0,68391.0,2
2025-12-17 14:33:42.481671,23.016056253478496,0.9306583998587818,-1.5616327743466087,431.19430865699917,36.0,1.0,1075897.0,1.0,1971869.0,74354.0,3
2025-12-17 14:33:42.583358,23.016203092347663,0.918512919274316,-1.565339012170547,428.2979250033366,35.0,1.0,1286847.0,1.0,2355301.0,88004.0,4
2025-12-17 14:33:42.681616,23.016472208456083,0.906929700539358,-1.5611515812750862,423.3717201493425,32.0,1.0,830754.0,1.0,2406876.0,77751.0,5
2025-12-17 14:33:43.179673,23.01839746133488,0.8507782718710191,-1.5594621962452553,440.99660244322655,42.0,1.0,424042.0,1.0,1648067.0,74404.0,0
2025-12-17 14:33:43.277198,23.01865286877462,0.838982233712545,-1.5646706229182132,420.292341468824,32.0,1.0,745733.0,1.0,1854071.0,73057.0,1
2025-12-17 14:33:43.377570,23.019806704494343,0.8302955804885617,-1.5624298617532348,425.1607261793573,33.0,1.0,756409.0,1.0,1572330.0,67837.0,2
2025-12-17 14:33:43.477779,23.019813221434354,0.8295395973429551,-1.5624352668810015,420.1894384603362,30.0,1.0,1101691.0,1.0,1980564.0,75214.0,3
2025-12-17 14:33:43.583501,23.01986006472953,0.8296841446887724,-1.5626848783759844,441.2950516060792,41.0,1.0,1274279.0,1.0,2344167.0,86909.0,4
2025-12-17 14:33:43.678837,23.01986006472954,0.8296841446887724,-1.5626848783759844,426.3733874993806,33.0,1.0,829911.0,1.0,2415036.0,77567.0,5
2025-12-17 14:33:44.177114,23.01986006472954,0.8296841446887724,-1.5626848783759844,437.9964931205769,41.0,1.0,428369.0,1.0,1643611.0,74631.0,0
2025-12-17 14:33:44.277989,23.01986006472954,0.8296841446887724,-1.5626848783759844,435.2907095727096,39.0,1.0,750290.0,1.0,1821110.0,71977.0,1
2025-12-17 14:33:44.378447,23.01986006472954,0.8296841446887724,-1.5626848783759844,428.1603996644829,35.0,1.0,751306.0,1.0,1558554.0,67631.0,2
2025-12-17 14:33:44.476601,23.01986006472954,0.8296841446887724,-1.5626848783759844,435.1845549943151,37.0,1.0,1076990.0,1.0,1987952.0,74103.0,3
2025-12-17 14:33:44.581412,23.01986006472954,0.8296841446887724,-1.5626848783759844,423.2921846213274,32.0,1.0,1282499.0,1.0,2389021.0,88422.0,4
2025-12-17 14:33:44.684723,23.019425622888967,0.8243309719144847,-1.5661308428037266,418.37506933726854,30.0,1.0,820415.0,1.0,2423223.0,78147.0,5
2025-12-17 14:33:45.177999,23.02047518265637,0.7569842570232845,-1.5587358281681487,416.996383420454,31.0,1.0,440722.0,1.0,1653654.0,76111.0,0
2025-12-17 14:33:45.279485,23.020272259759118,0.7459328002659316,-1.5564550770220649,433.2890765270177,38.0,1.0,751306.0,1.0,1867296.0,72123.0,1
2025-12-17 14:33:45.381003,23.020230245082587,0.7358356123339931,-1.558426550496652,420.1600726018704,31.0,1.0,775331.0,1.0,1622058.0,68137.0,2
2025-12-17 14:33:45.480493,23.02029185686855,0.7253088002064239,-1.5630926761736013,433.1796467399206,36.0,1.0,1089824.0,1.0,1975209.0,74228.0,3
2025-12-17 14:33:45.579003,23.019962735011934,0.714521720255922,-1.560394364060949,430.28931855593135,36.0,1.0,1296026.0,1.0,2411768.0,87826.0,4
2025-12-17 14:33:45.677808,23.01988863660824,0.7030851184926545,-1.5633713773163478,443.3767297719291,41.0,1.0,834700.0,1.0,2449610.0,76317.0,5
2025-12-17 14:33:46.177837,23.025094994883386,0.6458081956703587,-1.5601693195147324,432.9962738350856,39.0,1.0,433767.0,1.0,1633628.0,74960.0,0
2025-12-17 14:33:46.278039,23.03360065165473,0.6360471656933315,-1.5486788710794903,427.2874482785695,35.0,1.0,745481.0,1.0,1873627.0,72539.0,1
2025-12-17 14:33:46.382186,23.034281628183617,0.6242313507823773,-1.5503776242155465,424.15974598717,33.0,1.0,748261.0,1.0,1559610.0,67906.0,2
2025-12-17 14:33:46.478340,23.03465668629329,0.6124418157710068,-1.5496497979151396,409.1747680408944,25.0,1.0,1124673.0,1.0,1969868.0,76008.0,3
2025-12-17 14:33:46.578982,23.03477725471995,0.6006590817059623,-1.5484085637839018,432.2864456298437,37.0,1.0,1286847.0,1.0,2337829.0,87618.0,4
2025-12-17 14:33:46.678275,23.035172819885013,0.588741413058842,-1.55012452701339,428.37840254926795,34.0,1.0,809932.0,1.0,2411768.0,77410.0,5
2025-12-17 14:33:47.183938,23.035890520800013,0.5322504201075393,-1.5563362262101743,432.9961635632729,38.0,1.0,436565.0,1.0,1650858.0,74986.0,0
2025-12-17 14:33:47.276553,23.036026326740647,0.5203995533300354,-1.5546080680095924,414.2858200953456,29.0,1.0,775331.0,1.0,1850310.0,73478.0,1
2025-12-17 14:33:47.380607,23.036582887991077,0.5086880396432072,-1.5580475211998095,423.1594202735135,33.0,1.0,758460.0,1.0,1564367.0,67929.0,2
2025-12-17 14:33:47.478697,23.03622703269565,0.4975890785839052,-1.550892360853811,427.1698770699121,34.0,1.0,1093148.0,1.0,2000099.0,74656.0,3
2025-12-17 14:33:47.578403,23.03688877402093,0.4859275089169053,-1.5375754602090297,428.28357430688243,35.0,1.0,1265682.0,1.0,2337038.0,87945.0,4
2025-12-17 14:33:47.679498,23.03793806976965,0.4746163849095346,-1.5190811619821187,421.3800765906361,31.0,1.0,814054.0,1.0,2422403.0,77909.0,5
2025-12-17 14:33:48.177543,23.043675719976463,0.420791386558486,-1.3862995949283974,409.9960546610608,28.0,1.0,438490.0,1.0,1625906.0,76654.0,0
2025-12-17 14:33:48.277743,23.04360318246957,0.4113468916844267,-1.354597424316338,409.2841875486193,27.0,1.0,765941.0,1.0,1860357.0,73827.0,1
2025-12-17 14:33:48.380548,23.05054622743342,0.393653120219577,-1.3258326218119223,403.1590940639892,23.0,1.0,736453.0,1.0,1560666.0,69440.0,2
2025-12-17 14:33:48.480283,23.061931793426,0.3716588235297005,-1.296258756030131,429.16498009007165,35.0,1.0,1086509.0,1.0,1979224.0,74505.0,3
2025-12-17 14:33:48.577228,23.06640089411194,0.359959768511052,-1.2744629590227532,434.2807046962211,37.0,1.0,1289900.0,1.0,2388212.0,87499.0,4
2025-12-17 14:33:49.180704,23.09006668484693,0.2960122658243005,-1.1203440094690906,428.9959447114813,37.0,1.0,433180.0,1.0,1654214.0,75240.0,0
2025-12-17 14:33:49.279927,23.100496631215105,0.2824131662131046,-1.088471638188197,434.1588006606827,38.0,1.0,760002.0,1.0,1555919.0,67198.0,2
2025-12-17 14:33:49.380295,23.11778192299898,0.2650381901759377,-1.053020108631305,436.1605797284251,38.0,1.0,1082472.0,1.0,1961884.0,74027.0,3
2025-12-17 14:33:49.478092,23.12412678579256,0.2558236831253788,-1.026288460668925,429.2781165261825,35.0,1.0,1266111.0,1.0,2337038.0,87885.0,4
2025-12-17 14:33:49.578887,23.129820908253265,0.2457046239151941,-0.9991327334356496,439.38325236242747,40.0,1.0,826547.0,1.0,2399555.0,76576.0,5
2025-12-17 14:33:50.178087,23.169698893022016,0.1956085491329102,-0.8451311079930762,407.9958353951886,27.0,1.0,437897.0,1.0,1674493.0,76809.0,0
2025-12-17 14:33:50.279752,23.17349752056456,0.1987362860763131,-0.8202355892853317,433.2809230601215,38.0,1.0,744472.0,1.0,1872992.0,72099.0,1
2025-12-17 14:33:50.379459,23.180827020029245,0.1894804018463007,-0.7934421213858059,416.1584419617088,29.0,1.0,753598.0,1.0,1578194.0,68437.0,2
2025-12-17 14:33:50.479219,23.18832723330388,0.1813940979799211,-0.7656684931731437,421.1552068411501,31.0,1.0,1086877.0,1.0,1975878.0,75113.0,3
2025-12-17 14:33:50.578781,23.19730369114329,0.1736368433548212,-0.7386915754353793,421.2749542616324,32.0,1.0,1308367.0,1.0,2392257.0,88572.0,4
2025-12-17 14:33:50.680308,23.20594208769933,0.1664263812746513,-0.7129241266049708,434.3850939345026,37.0,1.0,817643.0,1.0,2413401.0,76939.0,5
2025-12-17 14:33:51.180079,23.24034876524877,0.1420448343086029,-0.5821288771517639,408.99572557373506,28.0,1.0,432594.0,1.0,1648067.0,76705.0,0
2025-12-17 14:33:51.281360,23.249640339146232,0.135383022332765,-0.5495014360772233,426.2792898318017,35.0,1.0,762320.0,1.0,1842810.0,72638.0,1
2025-12-17 14:33:51.381881,23.257593434452424,0.1290952702278254,-0.5179667869896638,412.1581149428109,28.0,1.0,760517.0,1.0,1564367.0,68646.0,2
2025-12-17 14:33:51.477009,23.261752437381134,0.1267864017598552,-0.5008748191123278,428.1503284208098,34.0,1.0,1094259.0,1.0,2007560.0,74631.0,3
2025-12-17 14:33:51.583236,23.261943883234142,0.1268423916513978,-0.5011200755712086,427.27206847605754,34.0,1.0,1284672.0,1.0,2369694.0,88094.0,4
2025-12-17 14:33:51.678774,23.261856542349665,0.1268902332968098,-0.5016374023569435,434.3867633661764,37.0,1.0,836396.0,1.0,2437206.0,76965.0,5
2025-12-17 14:33:52.179581,23.26198507434608,0.1307379483042225,-0.4786790931118345,420.9956160251933,33.0,1.0,434061.0,1.0,1656455.0,75828.0,0
2025-12-17 14:33:52.278155,23.26198507434609,0.1307379483042221,-0.4786790931118345,428.27766445159,36.0,1.0,755897.0,1.0,1841563.0,72515.0,1
2025-12-17 14:33:52.377360,23.26198507434608,0.1307379483042225,-0.4786790931118345,429.1577901889195,36.0,1.0,772188.0,1.0,1576059.0,67517.0,2
2025-12-17 14:33:52.481085,23.26198507434608,0.1307379483042225,-0.4786790931118345,423.1454192667978,32.0,1.0,1089086.0,1.0,1965872.0,74960.0,3
2025-12-17 14:33:52.581998,23.26719374441217,0.1274715991453745,-0.468104416443645,428.2691990463943,35.0,1.0,1280331.0,1.0,2392257.0,88004.0,4
2025-12-17 14:33:52.681276,23.27724326880953,0.1219005639224013,-0.4445857055622237,441.38843954602817,40.0,1.0,815157.0,1.0,2418307.0,76472.0,5
2025-12-17 14:33:53.188950,23.339487358843755,0.1003261839320939,-0.3106767079480547,428.9955053951976,37.0,1.0,433180.0,1.0,1631970.0,75240.0,0
2025-12-17 14:33:53.280734,23.34850961125877,0.0963278973017418,-0.2840151847742511,430.2760296399515,37.0,1.0,763353.0,1.0,1867296.0,72343.0,1
2025-12-17 14:33:53.379633,23.35866623975045,0.0935860070900789,-0.2610380875333336,422.1574632186297,32.0,1.0,753598.0,1.0,1591604.0,67998.0,2
2025-12-17 14:33:53.478816,23.3697282954443,0.0904328662520015,-0.2407863325016074,434.1405411349217,37.0,1.0,1102064.0,1.0,1996042.0,74153.0,3
2025-12-17 14:33:53.581398,23.38098488508132,0.0887737030563395,-0.2173920227709989,438.2663277837658,39.0,1.0,1282934.0,1.0,2413401.0,87145.0,4
2025-12-17 14:33:53.677787,23.392146780824916,0.0864725178388674,-0.1879008529870532,425.39010570894874,33.0,1.0,810754.0,1.0,2372101.0,77646.0,5
2025-12-17 14:33:54.178913,23.4460294619046,0.1026140122800964,-0.0454964162618828,416.9953968921601,31.0,1.0,437305.0,1.0,1639721.0,76136.0,0
2025-12-17 14:33:54.276960,23.457560311875937,0.1021363028796642,-0.0195841187617841,432.2744051875548,38.0,1.0,775331.0,1.0,1864139.0,72196.0,1
2025-12-17 14:33:54.377227,23.46859925702662,0.1022958167614267,0.0031620062212323,430.1361486009252,35.0,1.0,1083205.0,1.0,1993341.0,74455.0,3
2025-12-17 14:33:54.478440,23.479767096914397,0.1024768776045106,0.0310243891555398,431.2637505942813,36.0,1.0,1274279.0,1.0,2352115.0,87737.0,4
2025-12-17 14:33:54.579572,23.490713256947995,0.1020775897208472,0.062119944014989,433.39161349032736,37.0,1.0,823197.0,1.0,2372101.0,77044.0,5
2025-12-17 14:33:55.178057,23.53025494300485,0.1285694960867207,0.2115633770737383,429.9952873828563,37.0,1.0,434649.0,1.0,1634181.0,75189.0,0
2025-12-17 14:33:55.278063,23.541639646030124,0.1320709801388719,0.2337746450803036,423.27277278269116,33.0,1.0,734710.0,1.0,1842810.0,72834.0,1
2025-12-17 14:33:55.379953,23.552664802802333,0.1344707075983482,0.2641658861006465,434.156810656693,37.0,1.0,750036.0,1.0,1551187.0,67243.0,2
2025-12-17 14:33:55.481904,23.563523982522184,0.1371723803298676,0.2916169379047799,437.13074758593575,38.0,1.0,1079179.0,1.0,1998070.0,73927.0,3
2025-12-17 14:33:55.581845,23.574631004327795,0.140401100328245,0.3142718554751374,425.2605805267001,33.0,1.0,1268255.0,1.0,2435556.0,88243.0,4
2025-12-17 14:33:55.679870,23.57979992469436,0.1542132973136647,0.3417548530237815,428.3934531847504,34.0,1.0,819583.0,1.0,2409321.0,77436.0,5
2025-12-17 14:33:56.180605,23.63088423329802,0.1820537531475148,0.4800671253900953,433.27130109201556,38.0,1.0,757178.0,1.0,1837827.0,72123.0,1
2025-12-17 14:33:56.278202,23.6405856252416,0.1879636294621534,0.507320058755116,418.156517622025,30.0,1.0,754109.0,1.0,1572862.0,68252.0,2
2025-12-17 14:33:56.383629,23.65029397983992,0.1935301327077154,0.5337735923408002,405.12633884904585,22.0,1.0,1107673.0,1.0,1996042.0,76576.0,3
2025-12-17 14:33:56.478660,23.659143805139152,0.1996889092957898,0.5576740026333084,430.2580039893835,36.0,1.0,1295149.0,1.0,2371298.0,87826.0,4
2025-12-17 14:33:56.577568,23.657290179549427,0.2114103088916574,0.5691817484243881,427.39495413267923,34.0,1.0,833288.0,1.0,2440507.0,77488.0,5
2025-12-17 14:33:57.179983,23.66054209452809,0.2174996560786954,0.5889662570811874,428.99506796551253,37.0,1.0,429676.0,1.0,1654214.0,75240.0,0
2025-12-17 14:33:57.284545,23.671480703121357,0.2245626890954453,0.6250332872749116,427.2695010004914,36.0,1.0,751052.0,1.0,1878706.0,72515.0,1
2025-12-17 14:33:57.382476,23.68688890307433,0.2381770553732063,0.6638834136046019,436.15615737607425,38.0,1.0,761547.0,1.0,1562251.0,67107.0,2
2025-12-17 14:33:57.485309,23.700121703626987,0.2485220489274873,0.6886752689230174,434.1209524870653,37.0,1.0,1102437.0,1.0,1975878.0,74153.0,3
2025-12-17 14:33:57.590413,23.71004709837722,0.257733704994822,0.7112673553658359,433.2548099381117,37.0,1.0,1278599.0,1.0,2337829.0,87559.0,4
2025-12-17 14:33:57.680930,23.718664457111043,0.2661723443540862,0.7373849470377779,407.3967989500996,25.0,1.0,818197.0,1.0,2413401.0,78971.0,5
2025-12-17 14:33:58.179860,23.75549359102727,0.3040647312392939,0.8595467339347066,428.99495837586966,37.0,1.0,433767.0,1.0,1636949.0,75265.0,0
2025-12-17 14:33:58.282261,23.76230595185052,0.3142097885928279,0.8820752255232408,440.2678741184913,41.0,1.0,764387.0,1.0,1853444.0,71661.0,1
2025-12-17 14:33:58.385065,23.769364329307336,0.3241323632166315,0.9082137720015674,431.1558303026962,36.0,1.0,765164.0,1.0,1592143.0,67448.0,2
2025-12-17 14:33:58.481517,23.77794780697514,0.3336145712751315,0.9343996587478972,430.11608180147977,35.0,1.0,1135381.0,1.0,1988625.0,74480.0,3
2025-12-17 14:33:58.579030,23.785199429323107,0.3429380463449378,0.957643424436979,438.25196965489573,39.0,1.0,1295149.0,1.0,2380143.0,87145.0,4
2025-12-17 14:33:58.678680,23.7912031344408,0.3517029950978405,0.9801796674919102,421.3984671846239,31.0,1.0,823476.0,1.0,2423223.0,77935.0,5
2025-12-17 14:33:59.177782,23.81997799698158,0.4175525608384616,1.1370891649510533,433.99484900050084,39.0,1.0,435238.0,1.0,1647509.0,74859.0,0
2025-12-17 14:33:59.279174,23.82373040299469,0.4281346715308323,1.1641353544557085,416.2662485458681,30.0,1.0,755897.0,1.0,1862247.0,73329.0,1
2025-12-17 14:33:59.378413,23.828573382437654,0.4384081119693865,1.1884170909137892,425.1555062439982,33.0,1.0,754109.0,1.0,1577126.0,67837.0,2
2025-12-17 14:33:59.477675,23.83274520571635,0.4495452029631712,1.21214155615521,427.249387860014,34.0,1.0,1285977.0,1.0,2364086.0,88064.0,4
2025-12-17 14:33:59.582729,23.835401234614597,0.459967796590738,1.2356354942447032,417.39997875140256,29.0,1.0,837246.0,1.0,2388212.0,78253.0,5
2025-12-17 14:34:00.183779,23.845273033108363,0.5411131347223588,1.4110205207529554,423.99473874008686,34.0,1.0,432009.0,1.0,1651976.0,75648.0,0
2025-12-17 14:34:00.279887,23.84722061009239,0.5513845081198312,1.4376520591457531,429.26461677694095,36.0,1.0,755897.0,1.0,1830998.0,72417.0,1
2025-12-17 14:34:00.381968,23.84866805791833,0.5623151024232502,1.4658110524507495,426.15517885548314,34.0,1.0,755386.0,1.0,1551712.0,67723.0,2
2025-12-17 14:34:00.480931,23.84930125143505,0.5733954444469713,1.494244917037213,426.1063062155084,33.0,1.0,1090193.0,1.0,1998070.0,74732.0,3
2025-12-17 14:34:00.577834,23.84708055467007,0.593254555884811,1.5202497399328982,419.24622711814675,31.0,1.0,1296026.0,1.0,2422403.0,88752.0,4
2025-12-17 14:34:00.678070,23.845211662165667,0.6129494055853151,1.5467125123439862,406.4018101577389,25.0,1.0,821805.0,1.0,2441334.0,79051.0,5
2025-12-17 14:34:01.178545,23.83907770986792,0.6556956146879256,1.6468938621108509,430.99462971062553,38.0,1.0,429530.0,1.0,1624256.0,75113.0,0
2025-12-17 14:34:01.277480,23.83897504108236,0.6557837366756631,1.646396863336101,423.2629900955055,34.0,1.0,764387.0,1.0,1841563.0,72810.0,1
2025-12-17 14:34:01.379707,23.84016283264588,0.6663978806927213,1.6570907186443884,433.15485336431465,37.0,1.0,751561.0,1.0,1573927.0,67311.0,2
2025-12-17 14:34:01.479990,23.841129184838877,0.671473738585386,1.6624390882634996,426.10142159074087,33.0,1.0,1110676.0,1.0,1991319.0,74732.0,3
2025-12-17 14:34:01.580266,23.843145451887995,0.6792960298755046,1.670303936376451,428.2433471446234,35.0,1.0,1290773.0,1.0,2355301.0,88004.0,4
2025-12-17 14:34:01.684449,23.84293412540173,0.6897308962882542,1.675222405906781,425.4034928199211,33.0,1.0,841507.0,1.0,2435556.0,77646.0,5
2025-12-17 14:34:02.179424,23.83628609570489,0.7541522879599345,1.6756826887202645,435.9945200111603,40.0,1.0,431424.0,1.0,1651976.0,74758.0,0
2025-12-17 14:34:02.277001,23.835871183969857,0.7649625128917581,1.6759448911732329,423.26136027026104,33.0,1.0,749021.0,1.0,1872359.0,72859.0,1
2025-12-17 14:34:02.381538,23.834688457749795,0.7767041584320591,1.6693059987528678,422.154526538218,32.0,1.0,760259.0,1.0,1580867.0,67998.0,2
2025-12-17 14:34:02.478880,23.834434290852165,0.7876141570879396,1.6534215588731618,436.09653779225243,37.0,1.0,1112181.0,1.0,1978554.0,74052.0,3
2025-12-17 14:34:02.578887,23.83336271811008,0.7991547563740462,1.632703810895434,415.24047812005125,29.0,1.0,1259699.0,1.0,2352115.0,89053.0,4
2025-12-17 14:34:02.679454,23.832537047395864,0.8105265432535025,1.6134522059326213,435.405156464815,38.0,1.0,819583.0,1.0,2416671.0,76861.0,5
2025-12-17 14:34:03.177869,23.83438783088592,0.8659170524334137,1.5763923950347618,416.99441057846906,31.0,1.0,435090.0,1.0,1660384.0,76111.0,0
2025-12-17 14:34:03.280398,23.83403877902844,0.8781739224815168,1.5749089592591967,434.25972412478654,38.0,1.0,754619.0,1.0,1855327.0,72074.0,1
2025-12-17 14:34:03.379500,23.83430862975658,0.8898551394666345,1.5771316338324728,440.15420097430047,41.0,1.0,763353.0,1.0,1594300.0,66812.0,2
2025-12-17 14:34:03.481987,23.833480393475664,0.9021068408082118,1.575122757970114,434.09163337589996,37.0,1.0,1084672.0,1.0,1970535.0,74153.0,3
2025-12-17 14:34:03.584053,23.83338385125719,0.9140552456018788,1.5763689124799345,442.237590291783,42.0,1.0,1286847.0,1.0,2360888.0,86762.0,4
2025-12-17 14:34:03.678271,23.832846273493928,0.9262022947249426,1.574881443170377,436.4068264833595,38.0,1.0,824033.0,1.0,2415853.0,76783.0,5
2025-12-17 14:34:04.180302,23.829971382907743,1.00021569030084,1.5964522079241508,447.9943007086806,46.0,1.0,432009.0,1.0,1643054.0,73902.0,0
2025-12-17 14:34:04.277348,23.82929338065049,1.0121047211542311,1.5954636236729964,421.2580984918309,33.0,1.0,754619.0,1.0,1872992.0,72958.0,1
2025-12-17 14:34:04.378194,23.8285684674448,1.0237416930213894,1.5971923095714,420.1538751715835,31.0,1.0,746238.0,1.0,1583009.0,68137.0,2
2025-12-17 14:34:04.479967,23.82827051969877,1.0348576349013712,1.5981809191879242,430.0867540266068,35.0,1.0,1098712.0,1.0,1996718.0,74455.0,3
2025-12-17 14:34:04.582827,23.828440631746798,1.0461258008560486,1.5966946203203474,424.234720827644,33.0,1.0,1293835.0,1.0,2336247.0,88303.0,4
2025-12-17 14:34:04.677996,23.827784412480703,1.0574116419278083,1.591253500143189,439.40849802007693,39.0,1.0,836396.0,1.0,2438856.0,76602.0,5
2025-12-17 14:34:05.178814,23.82579351628817,1.115978263603016,1.58900342474709,420.994191268646,33.0,1.0,430987.0,1.0,1664322.0,75828.0,0
2025-12-17 14:34:05.278265,23.82614964037055,1.1279721009980688,1.588998262539032,433.25646639026,38.0,1.0,739951.0,1.0,1864770.0,72123.0,1
2025-12-17 14:34:05.379732,23.82512935262176,1.1392190328097365,1.5907188577025402,436.15354844107185,38.0,1.0,758204.0,1.0,1565427.0,67107.0,2
2025-12-17 14:34:05.478756,23.825515774217266,1.150584062166371,1.5909616512688252,434.08187072193016,37.0,1.0,1087613.0,1.0,1963877.0,74153.0,3
2025-12-17 14:34:05.577828,23.82498954106925,1.1624941186336204,1.5894994409773602,425.23186220328273,33.0,1.0,1279032.0,1.0,2388212.0,88243.0,4
2025-12-17 14:34:05.678671,23.82459701989178,1.173502657568997,1.5914704713116314,415.41017114519104,28.0,1.0,824312.0,1.0,2437206.0,78412.0,5
2025-12-17 14:34:06.178926,23.824837648059194,1.232223400274559,1.5860648834025912,431.9940816532464,38.0,1.0,438787.0,1.0,1627007.0,75036.0,0
2025-12-17 14:34:06.277529,23.825768686120647,1.2524393940337035,1.585884013916665,434.2548369840814,38.0,1.0,765164.0,1.0,1878071.0,72074.0,1
2025-12-17 14:34:06.379046,23.82604798892581,1.2711606799514326,1.586544729188218,417.153222436093,30.0,1.0,755897.0,1.0,1576593.0,68321.0,2
2025-12-17 14:34:06.476916,23.82666159200908,1.2830976765051996,1.586784677710784,426.0769904925764,33.0,1.0,1092039.0,1.0,1985934.0,74707.0,3
2025-12-17 14:34:06.577825,23.82587833179268,1.2939965632625574,1.5865630759184075,436.2289892254813,39.0,1.0,1317699.0,1.0,2350523.0,87263.0,4
2025-12-17 14:34:06.680622,23.826593008589107,1.3048596083657635,1.5882745184090743,423.4118464037727,32.0,1.0,844360.0,1.0,2437206.0,77804.0,5
2025-12-17 14:34:07.179992,23.825739303918507,1.3625767416604315,1.5860816961729385,434.99397193328537,39.0,1.0,432009.0,1.0,1665449.0,74833.0,0
2025-12-17 14:34:07.277139,23.824978662119676,1.3748747862526542,1.583588872804616,426.1529294523167,34.0,1.0,758460.0,1.0,1562251.0,67746.0,2
2025-12-17 14:34:07.379302,23.825113975012503,1.3865863259759257,1.584082165523759,424.07257852390836,32.0,1.0,1101691.0,1.0,1993341.0,74910.0,3
2025-12-17 14:34:07.487993,23.825468866128524,1.3986268519535674,1.584812457600349,420.22637432517706,31.0,1.0,1268684.0,1.0,2343374.0,88662.0,4
2025-12-17 14:34:07.586620,23.824932368527605,1.4098985311824546,1.5852986466341177,416.4133612292726,29.0,1.0,813778.0,1.0,2403619.0,78332.0,5
2025-12-17 14:34:08.179842,23.82319499998627,1.4792736011553984,1.5867807343343427,437.99386234660176,41.0,1.0,429821.0,1.0,1643611.0,74631.0,0
2025-12-17 14:34:08.279986,23.82206704715778,1.4907731941951743,1.5857909113821635,427.251571765072,36.0,1.0,769840.0,1.0,1868560.0,72515.0,1
2025-12-17 14:34:08.378817,23.82259626896539,1.5025748766954583,1.5875266552825853,416.1525700532559,29.0,1.0,760002.0,1.0,1592682.0,68437.0,2
2025-12-17 14:34:08.477599,23.811334710983648,1.521811514622878,1.603121211623924,435.0672087021778,37.0,1.0,1088718.0,1.0,1981905.0,74103.0,3
2025-12-17 14:34:08.578070,23.803293532048656,1.5389149636907191,1.6180439837442333,439.2232425487589,40.0,1.0,1301741.0,1.0,2402806.0,87027.0,4
2025-12-17 14:34:08.677840,23.802569511841185,1.5510168601058942,1.6192801966382286,425.41518574531125,33.0,1.0,827667.0,1.0,2448781.0,77672.0,5
2025-12-17 14:34:09.178451,23.800742880486972,1.6083760496272408,1.5791228658404295,430.99375289593564,38.0,1.0,433474.0,1.0,1625355.0,75087.0,0
2025-12-17 14:34:09.277599,23.80168490325805,1.6190225999027552,1.5584046944422425,412.2499450510244,29.0,1.0,759231.0,1.0,1845307.0,73578.0,1
2025-12-17 14:34:09.378317,23.801138473305954,1.630301461234795,1.5365659237939977,404.1522439875985,24.0,1.0,755130.0,1.0,1588913.0,69182.0,2
2025-12-17 14:34:09.478629,23.80311753634927,1.6414179528595962,1.5109227729123311,405.0623144407468,20.0,1.0,1122391.0,1.0,1971202.0,76992.0,3
2025-12-17 14:34:09.579264,23.80469019278039,1.6523307598646122,1.4811222883997603,435.2203661319927,38.0,1.0,1296465.0,1.0,2388212.0,87351.0,4
2025-12-17 14:34:09.677763,23.80601377261242,1.663841751499855,1.4559456126256718,409.416857613084,26.0,1.0,848945.0,1.0,2406876.0,78837.0,5
2025-12-17 14:34:10.180484,23.81686278854624,1.7192386897201208,1.3244159475151838,423.9936430699884,35.0,1.0,429676.0,1.0,1643611.0,75597.0,0
2025-12-17 14:34:10.279009,23.818553556423755,1.729500800190582,1.3007477995644523,425.2483121455646,34.0,1.0,753089.0,1.0,1875530.0,72687.0,1
2025-12-17 14:34:10.380696,23.82124082558793,1.7409854829895206,1.2721274237240838,431.1519169827285,36.0,1.0,759231.0,1.0,1580867.0,67403.0,2
2025-12-17 14:34:10.478258,23.825061906789653,1.7512242196741976,1.2446618723155098,449.0574270291207,44.0,1.0,1079910.0,1.0,1959230.0,73131.0,3
2025-12-17 14:34:10.580322,23.82869279739721,1.762674693640589,1.216800221778842,427.41836668858787,34.0,1.0,840938.0,1.0,2482158.0,77514.0,5
2025-12-17 14:34:11.177516,23.84396062605576,1.8416074809644147,1.1067633924645288,432.9935337921664,39.0,1.0,435532.0,1.0,1623706.0,74960.0,0
2025-12-17 14:34:11.277282,23.84933111206884,1.8515475616978168,1.0748148579640775,431.24668435531686,37.0,1.0,743717.0,1.0,1842810.0,72294.0,1
2025-12-17 14:34:11.378571,23.854789808797342,1.8613172450891036,1.0488182189090067,435.15159144719286,38.0,1.0,755130.0,1.0,1576059.0,67175.0,2
2025-12-17 14:34:11.479582,23.86030545595301,1.871086984347894,1.0250838738617691,436.0525313302573,37.0,1.0,1102437.0,1.0,1956579.0,74052.0,3
2025-12-17 14:34:11.576985,23.86225950343121,1.8899639591090445,1.013735809874612,432.214626706688,37.0,1.0,1283802.0,1.0,2428149.0,87588.0,4
2025-12-17 14:34:12.178133,23.898376006981884,1.9551451693057251,0.8689775024832875,424.9934241214172,35.0,1.0,432155.0,1.0,1644723.0,75572.0,0
2025-12-17 14:34:12.278391,23.90558904397482,1.9633623107652436,0.8373636925376755,434.24505194066955,38.0,1.0,763870.0,1.0,1880615.0,72074.0,1
2025-12-17 14:34:12.381338,23.912936465379595,1.9714698904388968,0.8207636036447084,424.1512643157461,33.0,1.0,766460.0,1.0,1576593.0,67906.0,2
2025-12-17 14:34:12.484193,23.917918261550057,1.98332102238554,0.8004202874894325,422.04761956050964,31.0,1.0,1091670.0,1.0,1989298.0,75036.0,3
2025-12-17 14:34:12.580477,23.921927157698857,1.9948838574268333,0.7764457600777489,418.211743687799,30.0,1.0,1289463.0,1.0,2351319.0,88812.0,4
2025-12-17 14:34:12.680244,23.93020614990308,2.002124943531303,0.7446317448441001,433.42187775085665,36.0,1.0,844075.0,1.0,2448781.0,77070.0,5
2025-12-17 14:34:13.179650,23.949867713771194,2.0209849429791644,0.6855108094747692,422.9933143520252,34.0,1.0,441021.0,1.0,1662633.0,75725.0,0
2025-12-17 14:34:13.278849,23.949102459989945,2.019838902189774,0.6816173532223784,427.243420587547,36.0,1.0,754875.0,1.0,1879342.0,72515.0,1
2025-12-17 14:34:13.378506,23.948589885018038,2.0189239565511428,0.678646290370902,425.15093901085424,33.0,1.0,753598.0,1.0,1571266.0,67814.0,2
2025-12-17 14:34:13.480353,23.951461857506573,2.0199538440466487,0.6665872519098683,421.0427491096069,31.0,1.0,1095741.0,1.0,1986606.0,75113.0,3
2025-12-17 14:34:13.579496,23.959369471311195,2.022408610454004,0.6406364606575049,443.20887351977836,42.0,1.0,1265254.0,1.0,2351319.0,86674.0,4
2025-12-17 14:34:13.678204,23.96954279797385,2.026858335477475,0.6025969472667415,404.42354633650024,24.0,1.0,815433.0,1.0,2442160.0,79265.0,5
2025-12-17 14:34:14.180696,24.022882168468445,2.065856578444601,0.4834962064357518,425.99320463425624,35.0,1.0,434649.0,1.0,1636949.0,75469.0,0
2025-12-17 14:34:14.277329,24.031654208832936,2.070711321612527,0.4611670632271061,435.24179245976376,39.0,1.0,760774.0,1.0,1852190.0,72001.0,1
2025-12-17 14:34:14.380384,24.04143197851966,2.0746458204346068,0.4292966960489147,445.038348655065,42.0,1.0,1103557.0,1.0,2003487.0,73379.0,3
2025-12-17 14:34:14.478061,24.051745559580063,2.078745628693519,0.4046903966039287,423.2062919547355,32.0,1.0,1298661.0,1.0,2390638.0,88422.0,4
2025-12-17 14:34:14.580285,24.05745213513245,2.065604101161107,0.3691702012324417,414.4250546127898,28.0,1.0,819583.0,1.0,2406876.0,78465.0,5
2025-12-17 14:34:15.182133,24.11870866080826,2.0722711830031235,0.2148372873339009,437.99309487363246,41.0,1.0,427211.0,1.0,1643054.0,74581.0,0
2025-12-17 14:34:15.279603,24.12984557677758,2.0751357053370363,0.1893349372005595,417.24015814546016,31.0,1.0,752579.0,1.0,1894670.0,73255.0,1
2025-12-17 14:34:15.379262,24.14138721103635,2.076997419705495,0.160837440297098,418.1502863066817,30.0,1.0,751561.0,1.0,1580867.0,68252.0,2
2025-12-17 14:34:15.480453,24.14570895281537,2.061801650163295,0.1312872875489914,414.0329701696268,28.0,1.0,1110676.0,1.0,1971869.0,75648.0,3
2025-12-17 14:34:15.580755,24.15113108946733,2.046849281856362,0.1024493131778308,433.20312392984766,37.0,1.0,1287283.0,1.0,2388212.0,87529.0,4
2025-12-17 14:34:15.679009,24.16211293012849,2.048423475457274,0.0784742385367791,428.4268916754903,34.0,1.0,834135.0,1.0,2413401.0,77410.0,5
2025-12-17 14:34:16.179858,24.218174054090294,2.04951930281852,-0.055051931551133,434.23869018398113,39.0,1.0,729754.0,1.0,1856583.0,72050.0,1
2025-12-17 14:34:16.279744,24.228968530227856,2.048359540032041,-0.080245206524448,436.1499925435449,39.0,1.0,755130.0,1.0,1566487.0,67084.0,2
2025-12-17 14:34:16.381349,24.23239033226312,2.0346692283100705,-0.0979594767862075,420.0285654859049,30.0,1.0,1074805.0,1.0,1987952.0,75189.0,3
2025-12-17 14:34:16.480720,24.236971114912,2.0233820782554446,-0.1146196254303991,423.2005383426239,32.0,1.0,1295149.0,1.0,2394687.0,88422.0,4
2025-12-17 14:34:16.582151,24.248578787161723,2.022193193876197,-0.1429978767962269,441.4284017257682,40.0,1.0,821805.0,1.0,2433085.0,76472.0,5
2025-12-17 14:34:17.182226,24.29947619985773,2.000468953519399,-0.2989078429015451,423.99287565719123,35.0,1.0,428224.0,1.0,1622058.0,75597.0,0
2025-12-17 14:34:17.280256,24.303025222181645,1.9935736650431528,-0.3193886794589489,442.2368958680645,42.0,1.0,753854.0,1.0,1867296.0,71491.0,1
2025-12-17 14:34:17.380111,24.314080855292477,1.9906866320632768,-0.3389713602821878,432.14963357217,37.0,1.0,762063.0,1.0,1598623.0,67334.0,2
2025-12-17 14:34:17.480740,24.31829851072225,1.9896470476232668,-0.3535074698221367,429.0231903153616,34.0,1.0,1100946.0,1.0,1969202.0,74530.0,3
2025-12-17 14:34:17.577988,24.318788622940342,1.989873093417077,-0.3554666899824715,422.1973859065603,32.0,1.0,1304387.0,1.0,2348933.0,88452.0,4
2025-12-17 14:34:17.678119,24.318788622940342,1.989873093417077,-0.3554666899824715,422.4302341804463,32.0,1.0,837529.0,1.0,2436381.0,77856.0,5
2025-12-17 14:34:18.180996,24.29096133039077,1.9726317760845384,-0.3319589097191138,431.992766188879,38.0,1.0,429676.0,1.0,1645280.0,75036.0,0
2025-12-17 14:34:18.277019,24.295993536841333,1.9672582385925388,-0.3555093922248027,420.2352705400322,32.0,1.0,738949.0,1.0,1886991.0,73032.0,1
2025-12-17 14:34:18.378632,24.304537855243492,1.961468249083595,-0.3923870793685329,420.14930782589056,31.0,1.0,761547.0,1.0,1572330.0,68114.0,2
2025-12-17 14:34:18.479957,24.31882032279093,1.957962928013824,-0.4184823458672669,429.0183049180964,35.0,1.0,1089824.0,1.0,1982576.0,74505.0,3
2025-12-17 14:34:18.582730,24.333135352534875,1.952920657300776,-0.4426821818839352,414.1944992964383,29.0,1.0,1286847.0,1.0,2364887.0,89143.0,4
2025-12-17 14:34:18.680997,24.346523012275824,1.9481413857488892,-0.4668274397308837,424.43191098896875,33.0,1.0,814054.0,1.0,2419126.0,77698.0,5
2025-12-17 14:34:19.178629,24.39226190727583,1.9198312114475973,-0.6048678577696973,420.99265684518554,33.0,1.0,432741.0,1.0,1670530.0,75853.0,0
2025-12-17 14:34:19.282091,24.401318508316056,1.9131978980144964,-0.6315574944808177,417.23363166329216,31.0,1.0,754875.0,1.0,1864770.0,73255.0,1
2025-12-17 14:34:19.385193,24.411373035397588,1.9062660648544496,-0.6535233028887039,432.1489794567318,37.0,1.0,760774.0,1.0,1585153.0,67334.0,2
2025-12-17 14:34:19.479349,24.421675240055087,1.8994128417210177,-0.6710862778115334,428.01341866521676,34.0,1.0,1132695.0,1.0,1987952.0,74606.0,3
2025-12-17 14:34:19.580121,24.432787247253863,1.8919304288642755,-0.6926293534344978,426.1916338056395,34.0,1.0,1302182.0,1.0,2392257.0,88153.0,4
2025-12-17 14:34:19.684247,24.446442210058983,1.883248040575428,-0.7041143519980259,436.43358841947384,38.0,1.0,845218.0,1.0,2428971.0,76835.0,5
2025-12-17 14:34:20.180520,24.487498426936824,1.8448447457926196,-0.8361656378277545,428.99254703480193,37.0,1.0,436270.0,1.0,1630314.0,75240.0,0
2025-12-17 14:34:20.282358,24.49520277781947,1.836461062073345,-0.8598272582552463,420.23200062161544,32.0,1.0,758717.0,1.0,1864139.0,73057.0,1
2025-12-17 14:34:20.383376,24.502609205163665,1.8278783257842968,-0.8860704042810085,421.14865382071775,32.0,1.0,751306.0,1.0,1582473.0,68067.0,2
2025-12-17 14:34:20.479310,24.509086725226336,1.8194142482964897,-0.911085220388127,444.00852963036783,41.0,1.0,1082472.0,1.0,1994016.0,73453.0,3
2025-12-17 14:34:20.578718,24.51406376958968,1.8104817805764997,-0.9283276613612268,411.1887648500191,27.0,1.0,1295588.0,1.0,2383368.0,89446.0,4
2025-12-17 14:34:20.678423,24.520823259882047,1.8014127887442188,-0.9501849966947484,444.4352506782826,42.0,1.0,820415.0,1.0,2431438.0,76214.0,5
2025-12-17 14:34:21.178470,24.54936523597179,1.7534024221433977,-1.0753188989349989,433.9924376563643,39.0,1.0,429967.0,1.0,1650858.0,74910.0,0
2025-12-17 14:34:21.278962,24.553444183780304,1.7455865846697904,-1.1118998587744902,439.2303755528496,41.0,1.0,750798.0,1.0,1850936.0,71685.0,1
2025-12-17 14:34:21.382351,24.55452243970298,1.741080195069344,-1.147019021764895,431.14832792633047,36.0,1.0,757178.0,1.0,1560666.0,67403.0,2
2025-12-17 14:34:21.480226,24.55885327219413,1.730963468926268,-1.1766095596088957,422.00363592630845,31.0,1.0,1093148.0,1.0,1991993.0,75036.0,3
2025-12-17 14:34:21.579431,24.56309895215363,1.7200430221938392,-1.19591123964857,426.1858898151594,34.0,1.0,1279465.0,1.0,2384981.0,88153.0,4
2025-12-17 14:34:21.679232,24.56738931549637,1.7091717999860956,-1.2171353062280432,428.4369240274442,34.0,1.0,824312.0,1.0,2436381.0,77436.0,5
2025-12-17 14:34:22.180986,24.59612741840381,1.6498553659361566,-1.3343040335792833,426.99232777747875,36.0,1.0,437749.0,1.0,1651976.0,75393.0,0
2025-12-17 14:34:22.281103,24.59769755511183,1.6396362801625195,-1.3648236917735168,447.22874145541664,45.0,1.0,754619.0,1.0,1838450.0,71153.0,1
2025-12-17 14:34:22.380331,24.599782167827904,1.6286040362312404,-1.3964539947165473,422.1480023565408,32.0,1.0,756665.0,1.0,1574993.0,67998.0,2
2025-12-17 14:34:22.476791,24.602682231187263,1.6164976950435932,-1.4217651200903358,429.18331171206523,35.0,1.0,1307481.0,1.0,2393877.0,87885.0,4
2025-12-17 14:34:22.577569,24.604884880212737,1.6044843697074214,-1.4395779030974707,419.4384260437788,30.0,1.0,840369.0,1.0,2422403.0,78067.0,5
2025-12-17 14:34:23.182210,24.619359334815385,1.5278939170735517,-1.58305811355427,417.99221804020044,32.0,1.0,433474.0,1.0,1659822.0,76085.0,0
2025-12-17 14:34:23.287577,24.61790489734525,1.5133214220886386,-1.5936654155119756,423.22710029256655,33.0,1.0,764387.0,1.0,1862877.0,72859.0,1
2025-12-17 14:34:23.377337,24.618147017055968,1.5049254956051477,-1.5949246789328126,431.14767710449803,36.0,1.0,753598.0,1.0,1574993.0,67448.0,2
2025-12-17 14:34:23.477487,24.618796932052977,1.492084014993171,-1.590962584681721,434.9938708668397,37.0,1.0,1100573.0,1.0,1965207.0,74128.0,3
2025-12-17 14:34:23.583154,24.618968664123173,1.4796063620717694,-1.591212685475978,440.1801331461902,40.0,1.0,1268255.0,1.0,2380143.0,86968.0,4
2025-12-17 14:34:23.679452,24.61882094096946,1.4680878626558926,-1.5902443418738743,436.4402683883163,38.0,1.0,819028.0,1.0,2406876.0,76835.0,5
2025-12-17 14:34:24.178483,24.599848063791114,1.3958204035874378,-1.6159600520975876,423.9921088455672,34.0,1.0,431424.0,1.0,1647509.0,75648.0,0
2025-12-17 14:34:24.280222,24.599306978890866,1.3839223311458992,-1.6169454671639525,431.22548167937106,37.0,1.0,761032.0,1.0,1848432.0,72245.0,1
2025-12-17 14:34:24.381564,24.598948802433085,1.3721598667706425,-1.61695191678508,424.1473494967572,33.0,1.0,756409.0,1.0,1595920.0,67860.0,2
2025-12-17 14:34:24.478388,24.59858158715008,1.360902379266871,-1.6166688946289596,429.9889772361187,35.0,1.0,1083205.0,1.0,1965207.0,74480.0,3
2025-12-17 14:34:24.580795,24.59814643182766,1.3492262550430765,-1.6156833272202396,422.1772669371448,32.0,1.0,1297343.0,1.0,2432261.0,88452.0,4
2025-12-17 14:34:24.676739,24.5973031964635,1.3377584704225065,-1.6129724168280477,437.44193584870624,38.0,1.0,815433.0,1.0,2424864.0,76757.0,5
2025-12-17 14:34:25.180080,24.594244609012904,1.279398869053399,-1.6161961093149784,426.99199906740694,36.0,1.0,436418.0,1.0,1630314.0,75418.0,0
2025-12-17 14:34:25.279321,24.593677897884927,1.268036024766832,-1.6179283071480792,420.22385254224247,32.0,1.0,757947.0,1.0,1872992.0,73007.0,1
2025-12-17 14:34:25.378538,24.592792759347983,1.2572023076482024,-1.6159511688079953,417.1470242551537,30.0,1.0,744976.0,1.0,1564367.0,68344.0,2
2025-12-17 14:34:25.478585,24.591778207385,1.2455389475214829,-1.61790375126059,438.9840870474125,39.0,1.0,1126196.0,1.0,2000099.0,73802.0,3
2025-12-17 14:34:25.584995,24.591047102067797,1.2343501216510528,-1.6193806699551228,419.1743818841814,31.0,1.0,1273848.0,1.0,2365687.0,88752.0,4
2025-12-17 14:34:25.679436,24.59016812192625,1.2228136055482932,-1.618629756487889,423.4436123545973,32.0,1.0,828227.0,1.0,2432261.0,77804.0,5
2025-12-17 14:34:26.180143,24.58207620436924,1.164990459736663,-1.619250418736477,425.9918894573779,35.0,1.0,427211.0,1.0,1634181.0,75495.0,0
2025-12-17 14:34:26.278536,24.581729050129574,1.153147028458228,-1.6224476909739736,426.1467306499116,34.0,1.0,753089.0,1.0,1564367.0,67746.0,2
2025-12-17 14:34:26.381088,24.58117644373162,1.1413794985777512,-1.620721418260347,424.9796745067051,33.0,1.0,1085407.0,1.0,1991993.0,74808.0,3
2025-12-17 14:34:26.477961,24.58062373055352,1.1292026263160544,-1.6204537511257209,421.17181640498956,32.0,1.0,1287283.0,1.0,2433085.0,88542.0,4
2025-12-17 14:34:26.579572,24.580566129215185,1.117429600920754,-1.6187189381701883,442.44511737885364,41.0,1.0,828227.0,1.0,2427327.0,76369.0,5
2025-12-17 14:34:27.181828,24.57853524722244,1.0544539020208012,-1.6212081424422602,424.99177966957257,35.0,1.0,435975.0,1.0,1636395.0,75572.0,0
2025-12-17 14:34:27.279853,24.57943462118734,1.0536583267588258,-1.6261332254389458,438.22059046215014,41.0,1.0,764387.0,1.0,1851563.0,71758.0,1
2025-12-17 14:34:27.380231,24.57933893107008,1.0537652397622486,-1.6261332254389458,438.14637124530486,39.0,1.0,760002.0,1.0,1574460.0,66993.0,2
2025-12-17 14:34:27.477782,24.57933893107008,1.0537652397622486,-1.6261332254389458,423.9743125224031,32.0,1.0,1100946.0,1.0,1985934.0,74884.0,3
2025-12-17 14:34:27.577830,24.57933893107008,1.0537652397622486,-1.6261332254389458,406.16865649628835,25.0,1.0,1292959.0,1.0,2376923.0,89840.0,4
2025-12-17 14:34:27.680047,24.57933893107008,1.0537652397622486,-1.6261332254389458,430.44695736922006,36.0,1.0,834982.0,1.0,2427327.0,77226.0,5
2025-12-17 14:34:28.180724,24.57933893107008,1.0537652397622486,-1.6261332254389458,426.9916701874503,36.0,1.0,438342.0,1.0,1665449.0,75418.0,0
2025-12-17 14:34:28.278465,24.57933893107008,1.0537652397622486,-1.6261332254389458,435.21896211912684,39.0,1.0,753598.0,1.0,1847181.0,72001.0,1
2025-12-17 14:34:28.379920,24.57933893107008,1.0537652397622486,-1.6261332254389458,426.14604511799024,34.0,1.0,763870.0,1.0,1591066.0,67746.0,2
2025-12-17 14:34:28.478019,24.57908402714977,1.0526219699769506,-1.623140605522668,430.96942213812787,35.0,1.0,1088718.0,1.0,2001454.0,74379.0,3
2025-12-17 14:34:28.579346,24.57761536752133,1.0442324957770008,-1.6206819938427546,419.1657791544206,31.0,1.0,1282065.0,1.0,2340204.0,88722.0,4
2025-12-17 14:34:28.679275,24.57662121047109,1.0334965716810594,-1.6157358862430842,431.4486280749552,36.0,1.0,818197.0,1.0,2415853.0,77148.0,5
2025-12-17 14:34:29.179735,24.57570997699848,0.9683939691478284,-1.6157537891629092,425.99156069272374,35.0,1.0,437453.0,1.0,1639166.0,75495.0,0
2025-12-17 14:34:29.279660,24.575192579127386,0.9578845008798972,-1.6150058385104802,419.21732956424745,32.0,1.0,755130.0,1.0,1878706.0,73106.0,1
2025-12-17 14:34:29.378138,24.57462207771413,0.9479459172798484,-1.6113099134402509,431.14571947055816,36.0,1.0,763095.0,1.0,1582473.0,67403.0,2
2025-12-17 14:34:29.481421,24.574151670582943,0.9364927151505738,-1.614755446104064,427.9645162794539,34.0,1.0,1073715.0,1.0,1975209.0,74606.0,3
2025-12-17 14:34:29.577043,24.57376960467992,0.9247337577196286,-1.6151419529722235,429.1629127844879,35.0,1.0,1291647.0,1.0,2387404.0,87885.0,4
2025-12-17 14:34:29.677543,24.57304219138959,0.9124355030410284,-1.6141722180491027,437.45029717557367,38.0,1.0,829630.0,1.0,2388212.0,76757.0,5
2025-12-17 14:34:30.180056,24.58292516155718,0.8457546949989663,-1.604578591943785,428.99145105441704,37.0,1.0,435238.0,1.0,1637503.0,75240.0,0
2025-12-17 14:34:30.278489,24.58232835191854,0.833950384877558,-1.60654224834507,429.21570086738257,36.0,1.0,757947.0,1.0,1873627.0,72392.0,1
2025-12-17 14:34:30.378058,24.582067687682827,0.8227055644655281,-1.604775507238744,414.1453932678847,28.0,1.0,750290.0,1.0,1561194.0,68553.0,2
2025-12-17 14:34:30.478809,24.58166298746443,0.8110264706691166,-1.6072450734111563,446.9596398245822,43.0,1.0,1102810.0,1.0,1982576.0,73230.0,3
2025-12-17 14:34:30.589011,24.581272022802565,0.8003849724731853,-1.6062555801818743,415.16000541416605,29.0,1.0,1274710.0,1.0,2389021.0,89083.0,4
2025-12-17 14:34:30.678534,24.580972354727628,0.7890028469999804,-1.605268365875164,432.45197082903866,36.0,1.0,835265.0,1.0,2409321.0,77096.0,5
2025-12-17 14:34:31.182747,24.57838394331438,0.7309207643528399,-1.603541513065716,433.991341156351,39.0,1.0,434649.0,1.0,1655334.0,74910.0,0
2025-12-17 14:34:31.282301,24.5780396012832,0.7190866837526753,-1.6037880630012165,410.21406404520644,28.0,1.0,747502.0,1.0,1871725.0,73777.0,1
2025-12-17 14:34:31.383476,24.5778925496234,0.7074289082736318,-1.6040378412743592,434.14506527160546,38.0,1.0,755642.0,1.0,1567547.0,67198.0,2
2025-12-17 14:34:31.483579,24.57701397700563,0.696401147360906,-1.598381204952301,438.95472727744766,39.0,1.0,1067554.0,1.0,1955255.0,73827.0,3
2025-12-17 14:34:31.587580,24.5756478109156,0.6862716910199316,-1.595647127290031,426.1571365389892,34.0,1.0,1307481.0,1.0,2408505.0,88153.0,4
2025-12-17 14:34:31.682277,24.57534058072281,0.6746909319637635,-1.6000914178631769,439.45364908383806,39.0,1.0,806376.0,1.0,2415036.0,76602.0,5
2025-12-17 14:34:32.179956,24.575139694685664,0.6141475430231176,-1.5992139522608284,425.99123185912924,35.0,1.0,434649.0,1.0,1625355.0,75469.0,0
2025-12-17 14:34:32.280092,24.57857699216204,0.6014245555651645,-1.5935930086029917,422.2124370409109,33.0,1.0,764646.0,1.0,1855955.0,72933.0,1
2025-12-17 14:34:32.379895,24.582175225783548,0.588169141840361,-1.5915717668088245,439.14474021105895,40.0,1.0,739700.0,1.0,1588376.0,66903.0,2
2025-12-17 14:34:32.476476,24.586559433399128,0.5804134669612524,-1.5884399537906304,418.94987278008784,30.0,1.0,1105052.0,1.0,1961220.0,75291.0,3
2025-12-17 14:34:32.577797,24.58807896268265,0.5797014249778139,-1.586644718744465,421.154291658995,32.0,1.0,1294273.0,1.0,2386596.0,88542.0,4
2025-12-17 14:34:32.677385,24.588033192119934,0.5799402280153405,-1.5868849577299795,433.45531290094755,36.0,1.0,842933.0,1.0,2419945.0,77070.0,5
2025-12-17 14:34:33.181430,24.588033192119934,0.5799402280153405,-1.5868849577299795,428.99112209445013,37.0,1.0,430404.0,1.0,1670530.0,75240.0,0
2025-12-17 14:34:33.283553,24.588033192119934,0.5799402280153405,-1.5868849577299795,417.21080079107765,31.0,1.0,774806.0,1.0,1867296.0,73255.0,1
2025-12-17 14:34:33.384774,24.588033192119934,0.5799402280153405,-1.5868849577299795,425.144412390617,33.0,1.0,758974.0,1.0,1568609.0,67837.0,2
2025-12-17 14:34:33.478658,24.588033192119934,0.5799402280153405,-1.5868849577299795,440.944972886269,40.0,1.0,1085774.0,1.0,1975209.0,73653.0,3
2025-12-17 14:34:33.579226,24.588033192119934,0.5799402280153405,-1.5868849577299795,403.15141456707704,22.0,1.0,1264826.0,1.0,2431438.0,90542.0,4
2025-12-17 14:34:33.680525,24.588033192119934,0.5799402280153405,-1.5868849577299795,423.4569901475331,32.0,1.0,814881.0,1.0,2424864.0,77751.0,5
2025-12-17 14:34:34.180103,24.588033192119934,0.5799402280153405,-1.5868849577299795,416.9910126367694,31.0,1.0,434943.0,1.0,1664886.0,76136.0,0
2025-12-17 14:34:34.279087,24.58679690345102,0.5767714295490767,-1.5831722687378993,426.2091774670605,35.0,1.0,761289.0,1.0,1861617.0,72588.0,1
2025-12-17 14:34:34.381042,24.58586282659536,0.5676927168119719,-1.5859054717016396,435.94056092737947,37.0,1.0,1077719.0,1.0,1968535.0,74052.0,3
2025-12-17 14:34:34.479803,24.585087328179085,0.5540895391190972,-1.5874063560795029,413.1488272215855,28.0,1.0,1273848.0,1.0,2401180.0,89234.0,4
2025-12-17 14:34:35.178673,24.585741385697133,0.4678080395201194,-1.5913533121613868,436.20771059645716,40.0,1.0,761289.0,1.0,1856583.0,71904.0,1
2025-12-17 14:34:35.281700,24.585357800182067,0.4560149842258152,-1.5901466569371074,444.1437935587779,42.0,1.0,758974.0,1.0,1589989.0,66564.0,2
2025-12-17 14:34:35.378824,24.58535828419895,0.4438964988930198,-1.5913824870904787,449.9356825461529,44.0,1.0,1082472.0,1.0,1981905.0,73057.0,3
2025-12-17 14:34:35.479008,24.584801001850483,0.4325071023846947,-1.5882014974051184,423.1459565191893,32.0,1.0,1281632.0,1.0,2384981.0,88422.0,4
2025-12-17 14:34:35.578958,24.584827021558453,0.4209823697187853,-1.5904054283770603,426.4601643208958,33.0,1.0,816537.0,1.0,2428149.0,77567.0,5
2025-12-17 14:34:36.189526,24.583215827932005,0.3516534091819157,-1.59020053574092,427.990792397731,36.0,1.0,439233.0,1.0,1640276.0,75291.0,0
2025-12-17 14:34:36.277564,24.582991837962435,0.3402084690574671,-1.5911860037032717,435.2059187378642,39.0,1.0,772188.0,1.0,1870459.0,72001.0,1
2025-12-17 14:34:36.380996,24.58298792784453,0.328163288805062,-1.5918907199669037,425.143434936794,34.0,1.0,738200.0,1.0,1566487.0,67792.0,2
2025-12-17 14:34:36.481300,24.58266960377981,0.3168789158357126,-1.5899372166925856,432.93029229234884,36.0,1.0,1069001.0,1.0,1965872.0,74253.0,3
2025-12-17 14:34:36.579321,24.58695452520128,0.313509709155203,-1.5876227425175682,433.1427953348822,37.0,1.0,1273416.0,1.0,2398743.0,87588.0,4
2025-12-17 14:34:36.676916,24.594801573155877,0.3172270976930242,-1.5781658053435212,442.462000102847,41.0,1.0,831598.0,1.0,2396309.0,76369.0,5
2025-12-17 14:34:37.177383,24.59399756129878,0.2598267289590783,-1.5798318876276087,434.9906841255177,39.0,1.0,428949.0,1.0,1641387.0,74808.0,0
2025-12-17 14:34:37.276472,24.593839854717373,0.2485432522573885,-1.5810611724188266,401.2042899121814,22.0,1.0,747249.0,1.0,1858469.0,74732.0,1
2025-12-17 14:34:37.379031,24.59371856987071,0.2375740919206805,-1.5805643364603386,425.1431093490618,33.0,1.0,776118.0,1.0,1570202.0,67837.0,2
2025-12-17 14:34:37.481501,24.59322937296692,0.2257713912599646,-1.5795598019330144,438.92540208408576,39.0,1.0,1091670.0,1.0,1980564.0,73802.0,3
2025-12-17 14:34:37.585569,24.593122429749968,0.2139305249491352,-1.580548684978892,414.13990439804263,28.0,1.0,1296026.0,1.0,2380949.0,89204.0,4
2025-12-17 14:34:37.680248,24.59283834644514,0.2025578845103726,-1.5775990675231868,438.4636776704558,39.0,1.0,823476.0,1.0,2419126.0,76679.0,5
2025-12-17 14:34:38.178019,24.59321794003281,0.1436676071593872,-1.5780776212788217,442.990574452686,43.0,1.0,442666.0,1.0,1643611.0,74253.0,0
2025-12-17 14:34:38.280913,24.59364792898636,0.1316400519960954,-1.5793125818720548,438.20265206435397,41.0,1.0,751561.0,1.0,1829759.0,71758.0,1
2025-12-17 14:34:38.377412,24.59360371938708,0.1199199036823286,-1.577575918238257,420.1427836484544,31.0,1.0,755130.0,1.0,1564367.0,68114.0,2
2025-12-17 14:34:38.479924,24.593899596910155,0.1080248190615771,-1.5790651892607166,435.92052056886564,38.0,1.0,1092039.0,1.0,1992667.0,74027.0,3
2025-12-17 14:34:38.579609,24.594319657957328,0.0965643946684977,-1.5788203614365504,420.13704853462133,31.0,1.0,1264826.0,1.0,2437206.0,88632.0,4
2025-12-17 14:34:38.680209,24.59485524250305,0.0856346655042008,-1.5780845046130354,446.4653496017644,43.0,1.0,837246.0,1.0,2437206.0,76085.0,5
2025-12-17 14:34:39.178568,24.60698112616067,0.0360975142430273,-1.5743829579204982,440.9904647893898,42.0,1.0,437009.0,1.0,1669400.0,74404.0,0
2025-12-17 14:34:39.281530,24.606689759868853,0.0246386552213118,-1.5765911151277447,432.201020451965,37.0,1.0,750036.0,1.0,1880615.0,72221.0,1
2025-12-17 14:34:39.381359,24.606341201008316,0.0130291498607386,-1.5775861113104763,407.14245613205765,26.0,1.0,757947.0,1.0,1571797.0,68995.0,2
2025-12-17 14:34:39.481632,24.60648513368278,0.0016494624784912,-1.5793167279688622,426.9156229925397,33.0,1.0,1083571.0,1.0,1977885.0,74707.0,3
2025-12-17 14:34:39.587539,24.606163816250355,-0.0103519855765452,-1.5771067653601412,425.1341527654186,33.0,1.0,1290336.0,1.0,2415036.0,88243.0,4
2025-12-17 14:34:39.677922,24.60555786017993,-0.0218849757624881,-1.5793013693576947,441.46701777442485,41.0,1.0,808562.0,1.0,2394687.0,76420.0,5
2025-12-17 14:34:40.178250,24.60530682995216,-0.0806446330747554,-1.5768657288496193,425.99035522111956,35.0,1.0,435238.0,1.0,1654774.0,75469.0,0
2025-12-17 14:34:40.277471,24.605618024671287,-0.0917812295122824,-1.5763728115796656,430.1993964642911,37.0,1.0,760002.0,1.0,1883800.0,72343.0,1
2025-12-17 14:34:40.378259,24.605794934449587,-0.1031378455491669,-1.5761289396444942,441.1421309145951,41.0,1.0,767238.0,1.0,1581938.0,66789.0,2
2025-12-17 14:34:40.481593,24.606077841120367,-0.1146803588302203,-1.573414595095912,415.91073395769075,28.0,1.0,1122011.0,1.0,1987952.0,75495.0,3
2025-12-17 14:34:40.581415,24.60634536454059,-0.126569947389161,-1.571442734752882,420.13129737316706,31.0,1.0,1263542.0,1.0,2327565.0,88632.0,4
2025-12-17 14:34:40.677771,24.606433561457862,-0.1386868897049513,-1.571952204336856,423.4686895184698,32.0,1.0,838664.0,1.0,2428971.0,77751.0,5
2025-12-17 14:34:41.179979,24.608371332803465,-0.1964415043214815,-1.5754063261848226,430.9902454284917,38.0,1.0,439382.0,1.0,1646394.0,75113.0,0
2025-12-17 14:34:41.278707,24.62382561802647,-0.2035736414211435,-1.553035187584938,423.19776384255687,33.0,1.0,748261.0,1.0,1854699.0,72859.0,1
2025-12-17 14:34:41.377622,24.634905738540063,-0.2122079234874676,-1.5407720209993,422.14180489363105,32.0,1.0,737201.0,1.0,1561194.0,67998.0,2
2025-12-17 14:34:41.483071,24.63430921560298,-0.2241300315201921,-1.541776753723646,417.90583750588667,29.0,1.0,1085039.0,1.0,1968535.0,75342.0,3
2025-12-17 14:34:41.578430,24.63458680795912,-0.2355189343336614,-1.5440065585449294,421.4701954171803,31.0,1.0,834982.0,1.0,2428971.0,77935.0,5
2025-12-17 14:34:42.188761,24.635774429854937,-0.3040491576438049,-1.5445930815482998,406.990134862833,27.0,1.0,429094.0,1.0,1644723.0,76887.0,0
2025-12-17 14:34:42.278002,24.63595060442797,-0.316120977247309,-1.5453414127703415,444.19613438582945,43.0,1.0,737201.0,1.0,1829140.0,71346.0,1
2025-12-17 14:34:42.378115,24.63611459048332,-0.3271785650270878,-1.5492830812772092,425.1414785040285,33.0,1.0,749782.0,1.0,1570734.0,67814.0,2
2025-12-17 14:34:42.477087,24.635285561439872,-0.339422135790872,-1.5500305864562118,432.90097753748347,36.0,1.0,1093519.0,1.0,1981235.0,74278.0,3
2025-12-17 14:34:42.578382,24.634891724079004,-0.3507908667112297,-1.550765950964466,437.1255601140941,39.0,1.0,1238142.0,1.0,2384981.0,87174.0,4
2025-12-17 14:34:42.678128,24.63490972340529,-0.3625282719129605,-1.5475615240702374,442.47203410840547,41.0,1.0,818751.0,1.0,2428971.0,76395.0,5
2025-12-17 14:34:43.180423,24.63532617451269,-0.419113900530596,-1.5463070366138525,421.99002617357974,34.0,1.0,438342.0,1.0,1655334.0,75751.0,0
2025-12-17 14:34:43.279650,24.6356196316154,-0.4296308447695348,-1.5495253068358257,431.19450109228535,37.0,1.0,758717.0,1.0,1838450.0,72294.0,1
2025-12-17 14:34:43.379420,24.636053386883347,-0.4412514698758411,-1.548032722859765,437.14115184952817,39.0,1.0,744472.0,1.0,1569140.0,67016.0,2
2025-12-17 14:34:43.478957,24.635873173931326,-0.4533964223881404,-1.5440978914923331,430.89607916910296,35.0,1.0,1086877.0,1.0,1983247.0,74379.0,3
2025-12-17 14:34:43.581411,24.63867702392873,-0.4569802129867286,-1.5436335047594536,433.1226784253979,37.0,1.0,1287719.0,1.0,2380949.0,87559.0,4
2025-12-17 14:34:43.680638,24.642166996849134,-0.453013304811149,-1.529806900627934,429.47371030163316,35.0,1.0,825149.0,1.0,2429793.0,77305.0,5
2025-12-17 14:34:44.178818,24.649241542105703,-0.5115236133816422,-1.4185000356919035,440.9899167463687,42.0,1.0,433914.0,1.0,1639166.0,74354.0,0
2025-12-17 14:34:44.281207,24.651446935433118,-0.5222889272507525,-1.39347306641803,427.1928679471265,35.0,1.0,743968.0,1.0,1864139.0,72539.0,1
2025-12-17 14:34:44.377889,24.652556867962737,-0.5322390345110629,-1.3658472277338716,431.14082612021264,36.0,1.0,748261.0,1.0,1568609.0,67425.0,2
2025-12-17 14:34:44.480828,24.653683406094054,-0.5422181494423688,-1.330247152550469,421.89118079583324,31.0,1.0,1070449.0,1.0,1975878.0,75036.0,3
2025-12-17 14:34:44.577741,24.655005613463505,-0.5519350538091763,-1.2975559672992534,431.1198159828377,36.0,1.0,1282065.0,1.0,2420764.0,87677.0,4
2025-12-17 14:34:44.677884,24.657595143300952,-0.5627743810766389,-1.2756793440006255,421.4753776934712,31.0,1.0,815985.0,1.0,2371298.0,77909.0,5
2025-12-17 14:34:45.182747,24.68262200845073,-0.6189358603073718,-1.159956039811341,431.9898067126139,38.0,1.0,433180.0,1.0,1651976.0,75036.0,0
2025-12-17 14:34:45.279659,24.686987281084807,-0.6285902603923864,-1.132581325801837,415.1405319368931,29.0,1.0,742208.0,1.0,1586227.0,68483.0,2
2025-12-17 14:34:45.386430,24.699496432703217,-0.6369680508513936,-1.101053485099848,438.1174926303224,40.0,1.0,1270403.0,1.0,2368892.0,87086.0,4
2025-12-17 14:34:45.477840,24.725910321278903,-0.6439605466408151,-1.0547984351443624,437.4767152171165,39.0,1.0,824591.0,1.0,2387404.0,76705.0,5
2025-12-17 14:34:46.178730,24.77117113177053,-0.708367854153158,-0.8767643236294415,424.98969754976565,35.0,1.0,431570.0,1.0,1643611.0,75520.0,0
2025-12-17 14:34:46.283372,24.783409090915058,-0.714648342811484,-0.8467621123532805,424.1896032042541,34.0,1.0,760259.0,1.0,1853444.0,72785.0,1
2025-12-17 14:34:46.380285,24.80826486129529,-0.7137888285393268,-0.8149711186894191,427.14017288102497,35.0,1.0,755897.0,1.0,1562251.0,67654.0,2
2025-12-17 14:34:46.478665,24.81704945387778,-0.7211099695430441,-0.7917671735763812,425.88141292017053,33.0,1.0,1070449.0,1.0,2002809.0,74732.0,3
2025-12-17 14:34:46.576990,24.8240322097748,-0.7296067807803295,-0.7657082928452859,419.1140721676097,31.0,1.0,1278599.0,1.0,2356099.0,88752.0,4
2025-12-17 14:34:46.681214,24.83225147660973,-0.7379702055398822,-0.7437722529962647,436.4787272542525,38.0,1.0,827667.0,1.0,2388212.0,76809.0,5
2025-12-17 14:34:47.178320,24.87959526099774,-0.7722473449619671,-0.6078475665705012,418.98958799157884,32.0,1.0,434502.0,1.0,1632522.0,76008.0,0
2025-12-17 14:34:47.279640,24.91811362032052,-0.769086295079874,-0.5512840469431339,419.18797868337197,32.0,1.0,755642.0,1.0,1883163.0,73106.0,1
2025-12-17 14:34:47.377653,24.927862179158197,-0.7738571956544036,-0.5238973870609298,438.13984751088736,39.0,1.0,755642.0,1.0,1565427.0,66993.0,2
2025-12-17 14:34:47.477595,24.93594796369605,-0.7792981852705733,-0.4907377305391474,429.8765289261131,35.0,1.0,1077355.0,1.0,1953271.0,74480.0,3
2025-12-17 14:34:47.585563,24.9440661805421,-0.7842710005039556,-0.4591436724173127,432.1111745510767,37.0,1.0,1285106.0,1.0,2392257.0,87618.0,4
2025-12-17 14:34:47.680274,24.945297969233724,-0.7845617038758799,-0.451760562110766,429.4803976790922,35.0,1.0,811853.0,1.0,2395498.0,77357.0,5
2025-12-17 14:34:48.179808,24.955501137142885,-0.7651788394909789,-0.4251205846576702,416.9894782253653,31.0,1.0,433180.0,1.0,1659822.0,76136.0,0
2025-12-17 14:34:48.278881,24.96490506851523,-0.7674020571600213,-0.4034838158725405,422.1863493146973,33.0,1.0,742459.0,1.0,1848432.0,72933.0,1
2025-12-17 14:34:48.378550,24.976687260903176,-0.7729739266893393,-0.3784613095650151,406.1395209894884,25.0,1.0,740452.0,1.0,1562251.0,69089.0,2
2025-12-17 14:34:48.482058,24.99144924240183,-0.7773179612554116,-0.3540416361804031,437.8716178799708,39.0,1.0,1071899.0,1.0,1946671.0,73877.0,3
2025-12-17 14:34:48.580183,25.00525611174503,-0.7813898027245902,-0.3283300601522789,419.1083170213233,31.0,1.0,1285977.0,1.0,2379338.0,88722.0,4
2025-12-17 14:34:48.677917,25.01764807428433,-0.785201561658788,-0.3045698227887098,437.4820657347129,38.0,1.0,832724.0,1.0,2407690.0,76757.0,5
2025-12-17 14:34:49.179342,25.066078609236047,-0.7992205673457341,-0.1696304344213348,426.9893686733163,36.0,1.0,434355.0,1.0,1639721.0,75393.0,0
2025-12-17 14:34:49.277545,25.07926294693672,-0.8010043859061473,-0.1498711216765293,432.1847208868824,38.0,1.0,757690.0,1.0,1864770.0,72196.0,1
2025-12-17 14:34:49.378868,25.091832473033502,-0.8027028726971164,-0.123130549650251,436.13919465697586,39.0,1.0,752070.0,1.0,1583545.0,67061.0,2
2025-12-17 14:34:49.477546,25.10339066728203,-0.8051015708879845,-0.0902595150975285,420.86675071462764,31.0,1.0,1092779.0,1.0,1973204.0,75138.0,3
2025-12-17 14:34:49.578269,25.13561070767101,-0.7990540203273883,-0.0463500283322068,438.10544953379895,39.0,1.0,1263970.0,1.0,2355301.0,87145.0,4
2025-12-17 14:34:49.676480,25.158071707331217,-0.7961386983094868,-0.0068150322296398,441.48373532857033,41.0,1.0,814605.0,1.0,2429793.0,76420.0,5
2025-12-17 14:34:50.182077,25.215148407690915,-0.789955163205118,0.1118304857983521,432.9892587704277,39.0,1.0,438342.0,1.0,1636949.0,74960.0,0
2025-12-17 14:34:50.284184,25.224410091952564,-0.78552394611175,0.1431827415292059,425.1830794549823,34.0,1.0,764646.0,1.0,1837206.0,72687.0,1
2025-12-17 14:34:50.380029,25.2260679879118,-0.7711691978063023,0.1889237331646116,416.13886804945247,29.0,1.0,750290.0,1.0,1599705.0,68437.0,2
2025-12-17 14:34:50.480669,25.236123239019708,-0.7664989434041538,0.2140977876228878,427.86184622004754,34.0,1.0,1079179.0,1.0,1962548.0,74606.0,3
2025-12-17 14:34:50.582818,25.24726550798802,-0.762974111553669,0.2365866313198319,445.10256347816335,43.0,1.0,1278166.0,1.0,2382561.0,86557.0,4
2025-12-17 14:34:50.678239,25.25825052568237,-0.7594285157329376,0.2652611190611467,437.4854102661286,39.0,1.0,825429.0,1.0,2394687.0,76705.0,5
2025-12-17 14:34:51.187093,25.313848134064195,-0.7308511644233514,0.4109821741115683,422.98914861753434,34.0,1.0,436565.0,1.0,1637503.0,75700.0,0
2025-12-17 14:34:51.284042,25.325208693843532,-0.7237002605600554,0.4480611684199841,426.18144908022356,35.0,1.0,763095.0,1.0,1844058.0,72613.0,1
2025-12-17 14:34:51.380164,25.336876814994,-0.7184838591435533,0.4737944567353975,422.13854177663984,32.0,1.0,738449.0,1.0,1565427.0,67998.0,2
2025-12-17 14:34:51.477089,25.346964525233144,-0.7129669619635004,0.4965480656056183,421.85697449794617,31.0,1.0,1087613.0,1.0,1990645.0,75036.0,3
2025-12-17 14:34:51.577601,25.35593480060642,-0.7078219370574008,0.5299541469412882,454.0997054801131,47.0,1.0,1282499.0,1.0,2330719.0,85769.0,4
2025-12-17 14:34:51.685893,25.36494380250714,-0.7030477578549915,0.5513453231173696,423.4870950601064,32.0,1.0,820138.0,1.0,2420764.0,77751.0,5
2025-12-17 14:34:52.178368,25.405990256865454,-0.6633920788486597,0.6775936603113007,420.9890399706975,33.0,1.0,431424.0,1.0,1653095.0,75828.0,0
2025-12-17 14:34:52.278084,25.404977415670544,-0.6591510115384528,0.6833068246670516,416.17982818907103,30.0,1.0,766460.0,1.0,1879342.0,73354.0,1
2025-12-17 14:34:52.384087,25.404883301751223,-0.6594111699938813,0.6820749033520332,436.1382142680726,39.0,1.0,770100.0,1.0,1547516.0,67084.0,2
2025-12-17 14:34:52.477064,25.40515568741491,-0.6594398543728909,0.6840896896202575,437.85208539464804,38.0,1.0,1070449.0,1.0,1955255.0,73902.0,3
2025-12-17 14:34:52.579073,25.409886644701064,-0.6565074602718142,0.704787586786399,424.0968282646567,33.0,1.0,1303064.0,1.0,2415036.0,88273.0,4
2025-12-17 14:34:52.679756,25.418271445265653,-0.6502382593315251,0.7338921390521923,421.48875679558023,31.0,1.0,819306.0,1.0,2420764.0,77935.0,5
2025-12-17 14:34:53.181537,25.48040654690153,-0.588081032470712,0.8702818790123727,419.9889300202411,32.0,1.0,437009.0,1.0,1671661.0,75931.0,0
2025-12-17 14:34:53.279821,25.48768128696536,-0.580571410117343,0.8937713454698644,410.178194750403,28.0,1.0,772188.0,1.0,1862247.0,73727.0,1
2025-12-17 14:34:53.380176,25.49501032184879,-0.5715981897807052,0.9169644611997226,447.13788931518155,44.0,1.0,753089.0,1.0,1593221.0,66384.0,2
2025-12-17 14:34:53.478015,25.50114961823017,-0.5633168735313222,0.9387664993181054,427.8471915194658,34.0,1.0,1077355.0,1.0,1979894.0,74631.0,3
2025-12-17 14:34:53.580115,25.50732508966164,-0.5548091577053366,0.9647285740035076,427.0939522845845,34.0,1.0,1302623.0,1.0,2380949.0,88094.0,4
2025-12-17 14:34:53.680221,25.513975922904027,-0.5460035277302027,0.9972878026561524,430.49042956957504,35.0,1.0,836113.0,1.0,2424864.0,77253.0,5
2025-12-17 14:34:54.179798,25.542138160721795,-0.4923890291679978,1.1272376398525226,432.1767272422326,38.0,1.0,754109.0,1.0,1854071.0,72196.0,1
2025-12-17 14:34:54.276778,25.549407384963608,-0.465323792905333,1.1787009394352228,421.84328618701477,31.0,1.0,1108048.0,1.0,1987952.0,75036.0,3
2025-12-17 14:34:54.378191,25.552972137687693,-0.4549723399044848,1.2071089826750887,423.091659423074,33.0,1.0,1280331.0,1.0,2329930.0,88392.0,4
2025-12-17 14:34:54.478690,25.55639308787048,-0.4457870877637615,1.241784205784539,432.49176460696157,36.0,1.0,814054.0,1.0,2394687.0,77122.0,5
2025-12-17 14:34:55.178957,25.570194483280638,-0.3621674009583669,1.4208410307827064,410.98871109676907,28.0,1.0,438936.0,1.0,1676761.0,76602.0,0
2025-12-17 14:34:55.282626,25.57101927678226,-0.3512703237187882,1.4453413314640715,423.1749289639426,33.0,1.0,777696.0,1.0,1874261.0,72834.0,1
2025-12-17 14:34:55.381673,25.57186324092079,-0.3404497423810783,1.474143694026588,432.1372363692736,37.0,1.0,761805.0,1.0,1559082.0,67357.0,2
2025-12-17 14:34:55.481003,25.57230110470852,-0.3292561778595192,1.5016163738621169,425.83739845940244,33.0,1.0,1092039.0,1.0,1981235.0,74758.0,3
2025-12-17 14:34:55.584978,25.573891036263824,-0.3171602200070716,1.508366628497656,426.0881923404107,34.0,1.0,1287283.0,1.0,2376923.0,88153.0,4
2025-12-17 14:34:55.679744,25.574348985473733,-0.3049217473833762,1.5100660986720205,428.4937727650656,34.0,1.0,820693.0,1.0,2415853.0,77436.0,5
2025-12-17 14:34:56.182664,25.566447603698848,-0.2445914475856864,1.5221009784432924,426.9886010873462,36.0,1.0,435532.0,1.0,1643611.0,75367.0,0
2025-12-17 14:34:56.278083,25.56740227216457,-0.2324790503688439,1.524087278210944,433.17330576548216,38.0,1.0,765164.0,1.0,1876165.0,72099.0,1
2025-12-17 14:34:56.379203,25.56750004608284,-0.2203520243697432,1.5226001364052624,429.1369109462869,35.0,1.0,760259.0,1.0,1574993.0,67562.0,2
2025-12-17 14:34:56.480626,25.567818475109814,-0.2083883656875435,1.5267917588757431,437.8325110771117,39.0,1.0,1123912.0,1.0,1992667.0,73877.0,3
2025-12-17 14:34:56.578344,25.56848517569221,-0.1962809065429265,1.526025853566219,437.08533841338226,39.0,1.0,1295588.0,1.0,2354504.0,87174.0,4
2025-12-17 14:34:57.177635,25.57144221051895,-0.1284060507623252,1.5277512088412557,424.98849203541624,35.0,1.0,434502.0,1.0,1659260.0,75520.0,0
2025-12-17 14:34:57.280658,25.57209841259769,-0.1163043330507755,1.5280124271162585,417.1716709603661,31.0,1.0,768538.0,1.0,1890826.0,73230.0,1
2025-12-17 14:34:57.383308,25.57185375987094,-0.1045943586811144,1.5250588376621577,418.136583378346,30.0,1.0,748261.0,1.0,1581938.0,68252.0,2
2025-12-17 14:34:57.480467,25.57263361561011,-0.0934154784131044,1.5280191396109863,430.8276226289698,35.0,1.0,1071899.0,1.0,1993341.0,74379.0,3
2025-12-17 14:34:57.582695,25.572765513186727,-0.0824342657002544,1.5292857382089038,408.08245292659797,26.0,1.0,1264826.0,1.0,2397120.0,89658.0,4
2025-12-17 14:34:57.678921,25.5733120001303,-0.0715658563675466,1.5302657855896349,437.49711538204537,38.0,1.0,827107.0,1.0,2419126.0,76757.0,5
2025-12-17 14:34:58.179710,25.57587189932001,-0.0141196603919454,1.5329805661412763,420.9883822048657,33.0,1.0,438936.0,1.0,1642498.0,75853.0,0
2025-12-17 14:34:58.278034,25.576896456513857,-0.0021270070105959,1.5329751064600852,414.17004463277215,29.0,1.0,739450.0,1.0,1863508.0,73503.0,1
2025-12-17 14:34:58.379793,25.57694920914317,0.0090735968647036,1.531986022040522,431.13625829626835,36.0,1.0,756665.0,1.0,1568609.0,67425.0,2
2025-12-17 14:34:58.476886,25.57784241085436,0.0211109616344375,1.5322314456989172,416.8227509117576,29.0,1.0,1090193.0,1.0,1989298.0,75418.0,3
2025-12-17 14:34:58.578325,25.578243286227977,0.0325033293824089,1.5310027462226412,426.0795924951282,34.0,1.0,1298221.0,1.0,2391448.0,88153.0,4
2025-12-17 14:34:58.682376,25.578874367266337,0.0440660357965903,1.5339579168503876,417.4987931553098,29.0,1.0,827107.0,1.0,2437206.0,78253.0,5
2025-12-17 14:34:59.182470,25.556544395675523,0.1060602208013693,1.5639015190308545,423.988272299237,34.0,1.0,441021.0,1.0,1660946.0,75597.0,0
2025-12-17 14:34:59.280409,25.55659483009193,0.1177105794997627,1.5607267693957922,441.1684101537773,42.0,1.0,765164.0,1.0,1832858.0,71564.0,1
2025-12-17 14:34:59.380665,25.556497731645656,0.128772333344841,1.5651692283083778,425.1359317830251,33.0,1.0,756153.0,1.0,1587301.0,67814.0,2
2025-12-17 14:34:59.483759,25.556765869435125,0.1405264716691113,1.5617474433936709,431.8178280825818,36.0,1.0,1100573.0,1.0,1967869.0,74304.0,3
2025-12-17 14:34:59.579012,25.55663992267024,0.1517821552702255,1.562500470904036,421.0767175349662,32.0,1.0,1266968.0,1.0,2407690.0,88572.0,4
2025-12-17 14:34:59.682684,25.557005273288656,0.1632595111567242,1.5649733931907217,438.5004656668012,39.0,1.0,831316.0,1.0,2435556.0,76654.0,5
2025-12-17 14:35:00.178120,25.556407729774456,0.2214629484819703,1.5661593997273469,435.9881631728865,40.0,1.0,431132.0,1.0,1659822.0,74707.0,0
2025-12-17 14:35:00.280596,25.55584128864649,0.2328394679075673,1.5673937388297146,419.16677924254907,32.0,1.0,754619.0,1.0,1853444.0,73106.0,1
2025-12-17 14:35:00.378564,25.55592912478372,0.2444888901203123,1.5661530539906814,428.13560623966,35.0,1.0,769058.0,1.0,1573394.0,67631.0,2
2025-12-17 14:35:00.478107,25.55584683570505,0.2562690485300464,1.5634222552509145,438.8129664909558,39.0,1.0,1097969.0,1.0,1978554.0,73802.0,3
2025-12-17 14:35:00.579702,25.55572891437257,0.2672925915321095,1.5644033164624511,435.0738425661852,38.0,1.0,1286412.0,1.0,2415853.0,87381.0,4
2025-12-17 14:35:00.678488,25.55652348079041,0.2789263457624278,1.5611957349557557,415.5021306476202,28.0,1.0,817920.0,1.0,2407690.0,78412.0,5
2025-12-17 14:35:01.178384,25.55743917265963,0.3367629075155317,1.5619212481937432,432.9880535408272,38.0,1.0,433034.0,1.0,1665449.0,74986.0,0
2025-12-17 14:35:01.279698,25.55691769716268,0.3478396630013516,1.563652383052219,414.16515010052865,29.0,1.0,766979.0,1.0,1852190.0,73478.0,1
2025-12-17 14:35:01.379648,25.557819760323447,0.3596123692431443,1.562408176653457,432.13527965725626,37.0,1.0,766200.0,1.0,1595920.0,67357.0,2
2025-12-17 14:35:01.480563,25.557754500197333,0.3708105394794422,1.563376974327974,418.8080652574891,30.0,1.0,1123912.0,1.0,2011640.0,75240.0,3
2025-12-17 14:35:01.578389,25.55768289465206,0.3822963840729521,1.5651301081084494,439.070973351996,40.0,1.0,1281198.0,1.0,2342581.0,87027.0,4
2025-12-17 14:35:01.679065,25.55800474220417,0.3945194756395651,1.5619204942280451,439.5038036088787,40.0,1.0,820693.0,1.0,2423223.0,76550.0,5
2025-12-17 14:35:02.181348,25.52981087021265,0.4582641007737658,1.599289123876494,441.98794361283944,43.0,1.0,438787.0,1.0,1663759.0,74304.0,0
2025-12-17 14:35:02.281779,25.529309008705223,0.4701193854311432,1.602978118485672,409.1635161009321,27.0,1.0,766460.0,1.0,1894670.0,73802.0,1
2025-12-17 14:35:02.384165,25.528841368752747,0.4819914367193116,1.5995343134043245,421.1349519549091,32.0,1.0,740702.0,1.0,1587301.0,68067.0,2
2025-12-17 14:35:02.487595,25.528220695207757,0.4932992826103273,1.6029824009339808,435.8031416509264,38.0,1.0,1107673.0,1.0,1989298.0,74027.0,3
2025-12-17 14:35:02.580914,25.528119354701047,0.5051562838046565,1.6025165368937626,424.0680931112849,33.0,1.0,1280331.0,1.0,2438856.0,88332.0,4
2025-12-17 14:35:02.679933,25.527312288128112,0.5166411189967461,1.6020445917573471,409.5054770566881,26.0,1.0,844646.0,1.0,2432261.0,78837.0,5
2025-12-17 14:35:03.180147,25.5256229942134,0.574829103429333,1.6037935994700514,431.98783414134874,38.0,1.0,434943.0,1.0,1664886.0,75036.0,0
2025-12-17 14:35:03.278641,25.52543067818373,0.5861517040771581,1.6057829885185673,414.1618906114698,29.0,1.0,757178.0,1.0,1859098.0,73478.0,1
2025-12-17 14:35:03.378678,25.525391382492806,0.5974536686984607,1.6005831011670837,425.13462751615464,34.0,1.0,756922.0,1.0,1569140.0,67792.0,2
2025-12-17 14:35:03.482295,25.524953296282888,0.6085820409431073,1.6040502425347862,404.79827833829296,24.0,1.0,1121252.0,1.0,1969868.0,76317.0,3
2025-12-17 14:35:03.586170,25.525080426305024,0.6204053223806956,1.6008493300769882,422.0652050244479,32.0,1.0,1303505.0,1.0,2391448.0,88482.0,4
2025-12-17 14:35:03.679063,25.52478764987748,0.6314049236524641,1.6040767737654624,413.50714759856754,28.0,1.0,827667.0,1.0,2442160.0,78544.0,5
2025-12-17 14:35:04.190143,25.522747906466897,0.6884958315305355,1.6082668423412705,433.9877234426318,39.0,1.0,434208.0,1.0,1656455.0,74910.0,0
2025-12-17 14:35:04.279520,25.52239052926316,0.7003590631647629,1.606765556042785,403.1343336355754,23.0,1.0,753089.0,1.0,1578728.0,69417.0,2
2025-12-17 14:35:04.381338,25.521748881873656,0.7121488087209953,1.605544082078151,424.7938827143059,33.0,1.0,1100946.0,1.0,1994016.0,74833.0,3
2025-12-17 14:35:04.480209,25.521156565421222,0.7244910133022147,1.6087676954809549,430.0626364625416,36.0,1.0,1265682.0,1.0,2391448.0,87826.0,4
2025-12-17 14:35:04.579347,25.520671613453327,0.736552084320199,1.6040771832734282,410.5086528702794,26.0,1.0,846936.0,1.0,2437206.0,78757.0,5
2025-12-17 14:35:05.182496,25.484590437789432,0.7739137809444393,1.6241876618534292,420.98761467764285,33.0,1.0,431717.0,1.0,1651976.0,75853.0,0
2025-12-17 14:35:05.282678,25.483839930610717,0.7861395470492908,1.6221986217322484,424.1586228161024,34.0,1.0,766719.0,1.0,1840317.0,72736.0,1
2025-12-17 14:35:05.378877,25.48305987478356,0.7976390361386405,1.624678827543796,426.13397499369154,34.0,1.0,770622.0,1.0,1589989.0,67723.0,2
2025-12-17 14:35:05.480990,25.482566449954238,0.8093455637570977,1.624424674043483,420.78850626767473,31.0,1.0,1083938.0,1.0,1983919.0,75087.0,3
2025-12-17 14:35:05.577550,25.481988586924427,0.8205202954286552,1.6204130623146111,418.05948381675006,30.0,1.0,1299980.0,1.0,2399555.0,88872.0,4
2025-12-17 14:35:05.677124,25.481522163106515,0.8317133156542227,1.6219002389192905,436.5104883495992,38.0,1.0,815433.0,1.0,2462911.0,76809.0,5
2025-12-17 14:35:06.178287,25.480920458365453,0.8899258100058507,1.6169704239733644,433.98750553583835,39.0,1.0,435090.0,1.0,1643611.0,74859.0,0
2025-12-17 14:35:06.279511,25.48043095723076,0.9017538114790532,1.614263535380828,427.1569973739277,36.0,1.0,748261.0,1.0,1879342.0,72515.0,1
2025-12-17 14:35:06.381038,25.480217890077235,0.9126084378763312,1.6177453279664866,420.13364805993945,31.0,1.0,764387.0,1.0,1590527.0,68114.0,2
2025-12-17 14:35:06.478220,25.47979230914673,0.9238961477509908,1.6133188365891773,407.7836305853007,25.0,1.0,1122391.0,1.0,1997393.0,76033.0,3
2025-12-17 14:35:06.582081,25.479174441879515,0.935268128803183,1.6140808252768544,411.0565978128282,27.0,1.0,1293397.0,1.0,2372101.0,89446.0,4
2025-12-17 14:35:06.679989,25.47877983440855,0.9472618357578652,1.616792445073087,423.5121651363857,32.0,1.0,835265.0,1.0,2441334.0,77804.0,5
2025-12-17 14:35:07.181039,25.475651641629604,1.0058482500619097,1.6121492643683188,435.9873956310865,40.0,1.0,434796.0,1.0,1622607.0,74707.0,0
2025-12-17 14:35:07.279641,25.475822809942663,1.0169585938632173,1.6133751720936114,426.15536655564404,35.0,1.0,756922.0,1.0,1872359.0,72613.0,1
2025-12-17 14:35:07.379399,25.475843019984406,1.0281595249928643,1.6190627300629492,407.1333223658566,25.0,1.0,745733.0,1.0,1567547.0,69019.0,2
2025-12-17 14:35:07.479200,25.47453345833988,1.04085641132282,1.6153871250510548,443.77873656833094,41.0,1.0,1085774.0,1.0,1994691.0,73453.0,3
2025-12-17 14:35:07.581578,25.47385083150509,1.0525143581840302,1.6200812050528826,408.05372627151996,26.0,1.0,1297343.0,1.0,2401180.0,89718.0,4
2025-12-17 14:35:07.681857,25.473336131749097,1.0647680809851003,1.6185894524857147,440.5138402561916,40.0,1.0,834700.0,1.0,2423223.0,76498.0,5
2025-12-17 14:35:08.178201,25.45806102245927,1.093341216245114,1.6323610863963318,426.98728633901607,36.0,1.0,428224.0,1.0,1653095.0,75393.0,0
2025-12-17 14:35:08.283250,25.45729836556919,1.1050598103160314,1.6325853593064277,417.153730064481,31.0,1.0,766719.0,1.0,1887629.0,73255.0,1
2025-12-17 14:35:08.382189,25.456856102298836,1.1170298149926192,1.6368486636927564,435.1329952269066,38.0,1.0,758460.0,1.0,1576593.0,67175.0,2
2025-12-17 14:35:08.479374,25.45551455155045,1.1281574920774744,1.634120119919693,431.0511469158037,36.0,1.0,1304829.0,1.0,2402806.0,87737.0,4
2025-12-17 14:35:08.578299,25.454933902249728,1.1399032209669302,1.639075882863337,426.51533910409285,34.0,1.0,824870.0,1.0,2443814.0,77541.0,5
2025-12-17 14:35:09.179586,25.44898036064317,1.209131344239477,1.6370641088292193,430.9871765840916,38.0,1.0,432594.0,1.0,1639721.0,75113.0,0
2025-12-17 14:35:09.276960,25.448134553839324,1.2208769038887228,1.6417437463082614,405.1521097146898,26.0,1.0,764646.0,1.0,1876800.0,74103.0,1
2025-12-17 14:35:09.378828,25.44735612670353,1.2325539823028937,1.6380837755034878,441.13267009458974,41.0,1.0,753854.0,1.0,1609480.0,66789.0,2
2025-12-17 14:35:09.478273,25.446836759553417,1.243735730581329,1.640285458763216,417.7689626495855,29.0,1.0,1099828.0,1.0,1993341.0,75367.0,3
2025-12-17 14:35:09.579217,25.44573174218706,1.2558496984752456,1.64299238580597,403.04798708180016,22.0,1.0,1279032.0,1.0,2336247.0,90511.0,4
2025-12-17 14:35:09.678301,25.444575844653507,1.2676386905292474,1.638842489663652,431.5171783036049,36.0,1.0,855869.0,1.0,2426506.0,77200.0,5
2025-12-17 14:35:10.180660,25.44167622726388,1.3231966365293395,1.6370918342435612,449.9870668632538,47.0,1.0,431132.0,1.0,1632522.0,73702.0,0
2025-12-17 14:35:10.277848,25.440890691411177,1.3349746211535711,1.6390669509256468,438.1504776604065,40.0,1.0,756153.0,1.0,1878706.0,71806.0,1
2025-12-17 14:35:10.379511,25.43982392497398,1.3467263514326642,1.6331534328956074,418.1323436430037,30.0,1.0,770100.0,1.0,1569140.0,68298.0,2
2025-12-17 14:35:10.477662,25.439521670046943,1.3582002610728567,1.637825642587111,425.76407641137354,33.0,1.0,1103931.0,1.0,1985262.0,74732.0,3
2025-12-17 14:35:10.579783,25.438483103974814,1.3698324892755884,1.6375220249329383,411.04511246926944,27.0,1.0,1285977.0,1.0,2397120.0,89476.0,4
2025-12-17 14:35:10.680311,25.43807207979931,1.3811041379431974,1.639301904018357,434.51885366083434,37.0,1.0,829069.0,1.0,2390638.0,76992.0,5
2025-12-17 14:35:11.181365,25.419302110720867,1.4203249581270936,1.658671841880708,415.98695718285956,31.0,1.0,435975.0,1.0,1643611.0,76214.0,0
2025-12-17 14:35:11.277409,25.418268818857648,1.432347793224359,1.6608752599327232,401.14884776993784,17.0,1.0,774544.0,1.0,1860357.0,75725.0,1
2025-12-17 14:35:11.378381,25.416834534808608,1.4436406384180671,1.6596525487857858,422.13201778287043,32.0,1.0,767498.0,1.0,1586764.0,67998.0,2
2025-12-17 14:35:11.480622,25.4156953243305,1.4550821089126345,1.6625967913738435,425.7591727137372,33.0,1.0,1090562.0,1.0,1985262.0,74732.0,3
2025-12-17 14:35:11.582456,25.414832030935937,1.4662620494063625,1.6589593965666445,442.0422318033564,41.0,1.0,1304387.0,1.0,2362487.0,86791.0,4
2025-12-17 14:35:11.680958,25.413826889115885,1.477986354174886,1.6641739589250553,424.52052673913255,33.0,1.0,830192.0,1.0,2434732.0,77698.0,5
2025-12-17 14:35:12.182030,25.407821147726946,1.5357283683161709,1.6624620907000092,426.9868475068494,36.0,1.0,438490.0,1.0,1631970.0,75367.0,0
2025-12-17 14:35:12.277594,25.40658323372903,1.5467327763840395,1.659770556662736,431.1472168619708,37.0,1.0,759231.0,1.0,1860357.0,72490.0,1
2025-12-17 14:35:12.378852,25.40600040399634,1.5575645345582476,1.661228134008504,420.13169140044494,31.0,1.0,747755.0,1.0,1585153.0,68137.0,2
2025-12-17 14:35:12.477436,25.40431842234461,1.5696376121702196,1.661224651063329,417.754299065281,29.0,1.0,1148133.0,1.0,1996718.0,75342.0,3
2025-12-17 14:35:12.579789,25.40334187454221,1.581696039150051,1.6587609369976184,410.5220295814334,26.0,1.0,842077.0,1.0,2410952.0,78784.0,5
2025-12-17 14:35:13.177272,25.3983373595044,1.6253644717415776,1.6580160991997963,421.14574984135163,33.0,1.0,766460.0,1.0,1881888.0,73205.0,1
2025-12-17 14:35:13.282237,25.39838789349129,1.6253220646709616,1.6577737727160309,427.7503642116862,34.0,1.0,1083571.0,1.0,1996042.0,74581.0,3
2025-12-17 14:35:13.378950,25.39838789349129,1.6253220646709616,1.6577737727160309,404.0370705004901,24.0,1.0,1303064.0,1.0,2402806.0,90053.0,4
2025-12-17 14:35:13.482053,25.398387893491293,1.6253220646709616,1.6577737727160309,420.52353816369833,31.0,1.0,838380.0,1.0,2462911.0,78015.0,5
2025-12-17 14:35:14.182276,25.385418766256,1.7011026959226392,1.5430058542693368,416.98662827363887,31.0,1.0,435532.0,1.0,1635287.0,76085.0,0
2025-12-17 14:35:14.276662,25.38608109658048,1.7107918229797356,1.5093735084184938,434.14395716908615,39.0,1.0,771143.0,1.0,1883800.0,72294.0,1
2025-12-17 14:35:14.378962,25.387783226481925,1.7202890257460124,1.4861775402023367,426.1310389070162,34.0,1.0,762837.0,1.0,1562780.0,67746.0,2
2025-12-17 14:35:14.479011,25.38867319659341,1.7312565649901062,1.4587226856061597,423.74451291369326,32.0,1.0,1101691.0,1.0,1971869.0,74910.0,3
2025-12-17 14:35:14.580629,25.38948721096777,1.7432301505467689,1.438798287252389,417.0336180930414,30.0,1.0,1316362.0,1.0,2401180.0,88932.0,4
2025-12-17 14:35:14.684497,25.39030589547645,1.7551292457419336,1.4135848825564714,428.52554864587756,34.0,1.0,845504.0,1.0,2454590.0,77410.0,5
2025-12-17 14:35:15.177393,25.402274294668292,1.8113330098430016,1.2822795352002376,409.9865192057069,28.0,1.0,442815.0,1.0,1630866.0,76654.0,0
2025-12-17 14:35:15.277473,25.40498855004161,1.8231197605602325,1.252809099533093,447.1423252403596,45.0,1.0,760002.0,1.0,1840317.0,71419.0,1
2025-12-17 14:35:15.379063,25.395267779812585,1.8533795673192377,1.2296584646228634,421.1307126452954,32.0,1.0,770100.0,1.0,1574460.0,68044.0,2
2025-12-17 14:35:15.481888,25.39465900030367,1.8699035895054337,1.2081346342085968,416.73960962186266,29.0,1.0,1103931.0,1.0,1976546.0,75418.0,3
2025-12-17 14:35:15.576594,25.39879689521254,1.880984665714691,1.1844834549423842,422.03075669912124,32.0,1.0,1279032.0,1.0,2362487.0,88482.0,4
2025-12-17 14:35:15.677735,25.40375281098046,1.891188384491324,1.1517488249118744,409.52720933635356,26.0,1.0,826547.0,1.0,2443814.0,78811.0,5
2025-12-17 14:35:16.177925,25.431258619113407,1.938900967263521,1.022648379561768,423.98640954427395,35.0,1.0,433327.0,1.0,1662633.0,75572.0,0
2025-12-17 14:35:16.282305,25.41625698095,1.9650426162937316,1.0262628367797977,424.14068675496503,34.0,1.0,753089.0,1.0,1854071.0,73007.0,1
2025-12-17 14:35:16.378631,25.41682556760433,1.9811743421004464,1.0078186517263723,427.1303865574544,34.0,1.0,753598.0,1.0,1581938.0,67700.0,2
2025-12-17 14:35:16.479795,25.42239322996021,1.992130503874101,0.9841591917218966,425.7347306294829,33.0,1.0,1092039.0,1.0,1979894.0,74758.0,3
2025-12-17 14:35:16.584307,25.429078330019337,2.0017249397211616,0.955640570355636,434.0278615533566,38.0,1.0,1305712.0,1.0,2399555.0,87440.0,4
2025-12-17 14:35:16.680959,25.43594386462952,2.01092930289444,0.9270485375888292,427.5288867233868,34.0,1.0,841507.0,1.0,2424864.0,77488.0,5
2025-12-17 14:35:17.181525,25.45435441761744,2.057685817197492,0.7990899501774309,423.9862995465786,34.0,1.0,434502.0,1.0,1674493.0,75623.0,0
2025-12-17 14:35:17.281785,25.45511493670556,2.068818471307944,0.7817190565852081,433.13905699657545,38.0,1.0,762579.0,1.0,1880615.0,72368.0,1
2025-12-17 14:35:17.378386,25.46390777361426,2.077728343799327,0.7653300302383822,411.1300604086087,27.0,1.0,763870.0,1.0,1596460.0,68739.0,2
2025-12-17 14:35:17.480957,25.47200140461646,2.086169155660869,0.7421268055360334,435.72983572267407,38.0,1.0,1119356.0,1.0,2023248.0,74027.0,3
2025-12-17 14:35:17.579652,25.47596632220006,2.090421982666092,0.7208904119271233,415.025001940688,29.0,1.0,1290336.0,1.0,2356896.0,89113.0,4
2025-12-17 14:35:17.676962,25.476194818425668,2.0907637860113413,0.7193599720266629,428.53055203693316,34.0,1.0,840369.0,1.0,2440507.0,77436.0,5
2025-12-17 14:35:18.176587,25.4775315543838,2.0920865487759923,0.7201788108100478,431.98619048467475,38.0,1.0,435680.0,1.0,1639721.0,75036.0,0
2025-12-17 14:35:18.279988,25.4775315543838,2.0920865487759923,0.7201788108100478,428.1374293204701,36.0,1.0,760774.0,1.0,1876800.0,72711.0,1
2025-12-17 14:35:18.379845,25.478538298060563,2.092968563529517,0.7176945667543946,416.1297337038692,29.0,1.0,763870.0,1.0,1585153.0,68437.0,2
2025-12-17 14:35:18.478253,25.48741784184876,2.096383015028104,0.7088062013549425,426.72495971761117,34.0,1.0,1088718.0,1.0,1979894.0,74656.0,3
2025-12-17 14:35:18.581552,25.497928206160346,2.1051267932996502,0.7078226220742898,434.02212349559346,38.0,1.0,1287719.0,1.0,2419945.0,87440.0,4
2025-12-17 14:35:18.680221,25.50836849270001,2.1165656802230286,0.6962220856236364,423.53222948248623,32.0,1.0,829069.0,1.0,2448781.0,77804.0,5
2025-12-17 14:35:19.178472,25.552625573745317,2.1548169613215027,0.5730715106877955,421.9860806749488,33.0,1.0,434061.0,1.0,1646952.0,75777.0,0
2025-12-17 14:35:19.277854,25.561825819185856,2.1589470237654727,0.5444476516758688,438.1358021938791,41.0,1.0,757947.0,1.0,1854071.0,72001.0,1
2025-12-17 14:35:19.380281,25.571377156817785,2.1639940930075534,0.5170337784564656,428.12940733286166,35.0,1.0,758460.0,1.0,1582473.0,67631.0,2
2025-12-17 14:35:19.480495,25.58163782903384,2.169597832762052,0.4908727042312431,434.72005953043873,37.0,1.0,1096483.0,1.0,1996042.0,74103.0,3
2025-12-17 14:35:19.580245,25.591991178921663,2.1745702052116203,0.4728104771516138,419.0192542641663,31.0,1.0,1298221.0,1.0,2403619.0,88752.0,4
2025-12-17 14:35:20.178822,25.6408892262174,2.194414955524816,0.3275007192525148,423.9859710334636,35.0,1.0,442666.0,1.0,1651976.0,75572.0,0
2025-12-17 14:35:20.279391,25.651315207486142,2.197192981097829,0.2986601382191432,415.13416908133235,30.0,1.0,772711.0,1.0,1876800.0,73653.0,1
2025-12-17 14:35:20.378808,25.66226340358736,2.2001181074714893,0.2760755247346249,408.1290815846249,26.0,1.0,756922.0,1.0,1579797.0,68925.0,2
2025-12-17 14:35:20.479215,25.67305306768768,2.203391899135305,0.2564113052676047,436.7151765631187,38.0,1.0,1098712.0,1.0,1976546.0,73977.0,3
2025-12-17 14:35:20.579427,25.683365461132126,2.206496097263282,0.2306841619660944,412.0163836278488,28.0,1.0,1282065.0,1.0,2347343.0,89385.0,4
2025-12-17 14:35:20.679596,25.693719950383624,2.2076418324905864,0.1936885992255568,421.5355724305213,31.0,1.0,848945.0,1.0,2438856.0,77935.0,5
2025-12-17 14:35:21.177209,25.74899043822468,2.193900066161934,0.0830559267869981,423.9858616071294,34.0,1.0,430404.0,1.0,1663196.0,75597.0,0
2025-12-17 14:35:21.279064,25.760131914252216,2.194587437657536,0.060624584377814,418.1325390082357,31.0,1.0,754109.0,1.0,1901094.0,73404.0,1
2025-12-17 14:35:21.378368,25.770551320213205,2.1959985701208806,0.0368734174583297,437.1287554993938,39.0,1.0,761805.0,1.0,1598623.0,67016.0,2
2025-12-17 14:35:21.479856,25.78120401054552,2.1961133798182084,0.0111546147318991,434.71028420359636,37.0,1.0,1093148.0,1.0,1986606.0,74128.0,3
2025-12-17 14:35:21.580162,25.792535916036137,2.1960704980483845,-0.0186157096656559,436.0135085297834,39.0,1.0,1295149.0,1.0,2394687.0,87292.0,4
2025-12-17 14:35:21.678741,25.803749608070813,2.1935289449983584,-0.0438145857857027,430.53724299748075,35.0,1.0,824033.0,1.0,2403619.0,77253.0,5
2025-12-17 14:35:22.185922,25.86094524964872,2.1867654571801896,-0.1687676332293373,421.9857510490333,33.0,1.0,436861.0,1.0,1657016.0,75751.0,0
2025-12-17 14:35:22.277736,25.872599877969023,2.185846769651734,-0.1935449953153458,412.12846209967574,28.0,1.0,770100.0,1.0,1588376.0,68646.0,2
2025-12-17 14:35:22.379192,25.883154924638355,2.183492133393738,-0.2230007370180864,424.7058871470662,33.0,1.0,1116329.0,1.0,1987279.0,74833.0,3
2025-12-17 14:35:22.481719,25.893164992162845,2.180679743349967,-0.2518307635757857,422.0109183687652,32.0,1.0,1291647.0,1.0,2383368.0,88512.0,4
2025-12-17 14:35:22.585633,25.905376949689703,2.1735488975170654,-0.2826775150163513,424.53875931774553,33.0,1.0,819028.0,1.0,2428149.0,77672.0,5
2025-12-17 14:35:23.179265,25.915149786981207,2.165793368937658,-0.3089533576885735,423.98564217553724,35.0,1.0,433474.0,1.0,1646394.0,75572.0,0
2025-12-17 14:35:23.279422,25.92509580009885,2.1622044169129944,-0.3376354969997237,430.12927721186895,37.0,1.0,768798.0,1.0,1872359.0,72613.0,1
2025-12-17 14:35:23.382208,25.939602558661267,2.15806555174965,-0.3657367779604537,431.12810178913173,36.0,1.0,760259.0,1.0,1588913.0,67448.0,2
2025-12-17 14:35:23.476604,25.95402440682303,2.1542267586140267,-0.3962579866347134,440.70052165230027,40.0,1.0,1090193.0,1.0,1964542.0,73702.0,3
2025-12-17 14:35:23.580342,25.967004747354363,2.149138941565872,-0.420215056529242,403.0077620398051,22.0,1.0,1269543.0,1.0,2398743.0,90511.0,4
2025-12-17 14:35:23.683201,25.978525802285574,2.144560440350519,-0.4441673163583776,428.5405944476181,34.0,1.0,832443.0,1.0,2376119.0,77436.0,5
2025-12-17 14:35:24.178763,26.027224837782036,2.1177844468571925,-0.5687111189390154,424.98553262743394,35.0,1.0,429967.0,1.0,1646394.0,75520.0,0
2025-12-17 14:35:24.281036,26.03677188082542,2.1114692926127367,-0.6029972407159039,425.1276439737655,35.0,1.0,756665.0,1.0,1872992.0,72908.0,1
2025-12-17 14:35:24.381756,26.0464939366587,2.1045340663743257,-0.6278200420792382,431.1277757078154,36.0,1.0,760259.0,1.0,1569671.0,67403.0,2
2025-12-17 14:35:24.478373,26.05641236346281,2.098234196232894,-0.648259661531522,426.69562377773156,33.0,1.0,1086877.0,1.0,1967203.0,74707.0,3
2025-12-17 14:35:24.579936,26.06462807136977,2.0910813542095,-0.6730351311385154,440.0048902198172,41.0,1.0,1309253.0,1.0,2356896.0,86938.0,4
2025-12-17 14:35:24.683076,26.069811441232236,2.0812557979204507,-0.7023908270830872,413.54226623513495,28.0,1.0,814054.0,1.0,2424864.0,78544.0,5
2025-12-17 14:35:25.180708,26.10805241831706,2.040906140544213,-0.8290719317214121,437.98542281113174,41.0,1.0,434943.0,1.0,1650858.0,74606.0,0
2025-12-17 14:35:25.280498,26.115688307844373,2.032634806977715,-0.8574553696687578,436.12601424472683,39.0,1.0,739700.0,1.0,1854699.0,72172.0,1
2025-12-17 14:35:25.378900,26.12267115190402,2.024450895869819,-0.8752421948119882,425.127450410753,33.0,1.0,751561.0,1.0,1587838.0,67837.0,2
2025-12-17 14:35:25.480054,26.13072055600037,2.0154863623963952,-0.8987272667371866,435.69072633341466,38.0,1.0,1096483.0,1.0,1975878.0,74002.0,3
2025-12-17 14:35:25.578595,26.14515368480013,2.001541404445939,-0.92537372324428,412.0020210860716,28.0,1.0,1276869.0,1.0,2329142.0,89325.0,4
2025-12-17 14:35:25.679450,26.15780453566656,1.9884787604517704,-0.9499397806145756,418.54393216899206,30.0,1.0,847797.0,1.0,2447124.0,78147.0,5
2025-12-17 14:35:26.184319,26.18780027099112,1.9410490409842729,-1.0759330596560173,429.9853128122308,37.0,1.0,437305.0,1.0,1662633.0,75189.0,0
2025-12-17 14:35:26.282102,26.193598845634845,1.9310183707175843,-1.0994856719364865,424.1243810229294,34.0,1.0,774282.0,1.0,1879342.0,73007.0,1
2025-12-17 14:35:26.380310,26.198296431887293,1.9210349365910613,-1.1277745229931802,427.12712372199866,35.0,1.0,748768.0,1.0,1571266.0,67654.0,2
2025-12-17 14:35:26.481004,26.2052112297943,1.90535835383298,-1.159266197845448,423.68583246312164,32.0,1.0,1079179.0,1.0,1975209.0,74910.0,3
2025-12-17 14:35:26.580803,26.21185531952052,1.8892141253514976,-1.1873088990206644,426.99914175609723,34.0,1.0,1262260.0,1.0,2395498.0,88094.0,4
2025-12-17 14:35:26.678877,26.216381884092005,1.878494441955064,-1.212558764562082,428.54560320745446,35.0,1.0,821805.0,1.0,2384981.0,77383.0,5
2025-12-17 14:35:27.177960,26.231495034818263,1.834460014867875,-1.315860642961068,419.985203906073,33.0,1.0,435238.0,1.0,1630866.0,75879.0,0
2025-12-17 14:35:27.276562,26.23196613134706,1.8343314880653157,-1.318060110762716,435.1227594501835,39.0,1.0,772188.0,1.0,1892107.0,72245.0,1
2025-12-17 14:35:27.379665,26.23323416895261,1.832620183170664,-1.3184947788747543,431.12679770364446,36.0,1.0,760002.0,1.0,1594840.0,67448.0,2
2025-12-17 14:35:27.477416,26.234870322904165,1.8304138617719936,-1.3190551742198535,413.68096078013406,28.0,1.0,1096855.0,1.0,1996042.0,75623.0,3
2025-12-17 14:35:27.582280,26.234870322904165,1.8304138617719936,-1.3190551742198535,439.99626452627587,40.0,1.0,1287719.0,1.0,2389021.0,86968.0,4
2025-12-17 14:35:27.683818,26.234757437796,1.8292986261856528,-1.3230426531687918,431.5472834653057,36.0,1.0,826547.0,1.0,2416671.0,77148.0,5
2025-12-17 14:35:28.178085,26.244576744115573,1.769322916320307,-1.4544581022704768,424.98509428924854,35.0,1.0,438045.0,1.0,1638057.0,75520.0,0
2025-12-17 14:35:28.280097,26.245915051885994,1.757782620173113,-1.482674962671236,428.12112307968533,36.0,1.0,767758.0,1.0,1877435.0,72736.0,1
2025-12-17 14:35:28.379472,26.246130289727738,1.7468008310654732,-1.5064430872199528,414.12647153783485,29.0,1.0,771666.0,1.0,1581938.0,68530.0,2
2025-12-17 14:35:28.476874,26.24693297908224,1.735889266311433,-1.52717242607607,437.67607420456557,39.0,1.0,1079910.0,1.0,2002131.0,73877.0,3
2025-12-17 14:35:28.579351,26.247456309161294,1.724561276541784,-1.5494631962752805,449.99339995483274,45.0,1.0,1266111.0,1.0,2447124.0,86089.0,4
2025-12-17 14:35:28.677251,26.247097182866792,1.71381172341386,-1.5805901571418048,423.548944481821,32.0,1.0,830754.0,1.0,2392257.0,77751.0,5
2025-12-17 14:35:29.180162,26.24670380807988,1.658705931106589,-1.7059618924573738,403.9849844584788,25.0,1.0,427645.0,1.0,1651976.0,77096.0,0
2025-12-17 14:35:29.280071,26.244629039292143,1.6480067892405998,-1.7328891934541428,412.11949251577624,28.0,1.0,759488.0,1.0,1866032.0,73877.0,1
2025-12-17 14:35:29.384109,26.2429661456733,1.6369683870405012,-1.7538809256895185,436.1261437963403,38.0,1.0,761805.0,1.0,1563309.0,67107.0,2
2025-12-17 14:35:29.477115,26.24129226129782,1.6252418303879157,-1.7771818034930442,435.67118380073344,38.0,1.0,1105426.0,1.0,1980564.0,74027.0,3
2025-12-17 14:35:29.578899,26.238626738019008,1.6148352748042096,-1.805820507267492,423.9905282670022,33.0,1.0,1293835.0,1.0,2394687.0,88332.0,4
2025-12-17 14:35:29.676490,26.23537853691781,1.603905822455845,-1.837082172009994,422.55061520594813,32.0,1.0,824870.0,1.0,2429793.0,77830.0,5
2025-12-17 14:35:30.178973,26.21799775069435,1.5385614398001743,-1.862733901147979,419.98487498567283,32.0,1.0,442965.0,1.0,1669965.0,75931.0,0
2025-12-17 14:35:30.276661,26.214420765843,1.5260991157249637,-1.864676077305777,425.11786746983887,34.0,1.0,761547.0,1.0,1878706.0,72958.0,1
2025-12-17 14:35:30.378809,26.21084598212213,1.5137295645817443,-1.8644651669136896,426.12581929658097,34.0,1.0,747502.0,1.0,1575526.0,67723.0,2
2025-12-17 14:35:30.478825,26.20751611149489,1.5018422719996034,-1.8659064760598036,430.66628621462905,35.0,1.0,1099456.0,1.0,1995366.0,74404.0,3
2025-12-17 14:35:30.578139,26.203911362223103,1.4897726706858498,-1.8500387137543317,418.9876574640515,31.0,1.0,1286847.0,1.0,2352115.0,88722.0,4
2025-12-17 14:35:30.677013,26.20045837937716,1.47640636914867,-1.8324879709611752,418.5522880769188,30.0,1.0,846936.0,1.0,2443814.0,78147.0,5
2025-12-17 14:35:31.178775,26.191465469898468,1.4149721422640031,-1.6885885284394146,436.98476540425014,40.0,1.0,443565.0,1.0,1664886.0,74656.0,0
2025-12-17 14:35:31.278874,26.18991248160821,1.402853923853243,-1.659697270737232,431.11623325500227,37.0,1.0,772188.0,1.0,1905603.0,72515.0,1
2025-12-17 14:35:31.384861,26.18810813354202,1.3897813344961136,-1.6475670300020824,426.1254910934727,34.0,1.0,762320.0,1.0,1588913.0,67723.0,2
2025-12-17 14:35:31.480021,26.18745920131878,1.3778448483854382,-1.638923896492373,436.98506636931273,39.0,1.0,1299540.0,1.0,2390638.0,87233.0,4
2025-12-17 14:35:31.577938,26.186690530385867,1.365608580221849,-1.636197720638619,438.55379442038037,39.0,1.0,826267.0,1.0,2424864.0,76654.0,5
2025-12-17 14:35:32.180118,26.18085169660813,1.2890266834067827,-1.6389241190057573,425.1147636808536,34.0,1.0,779805.0,1.0,1897237.0,72933.0,1
2025-12-17 14:35:32.277273,26.179928705842173,1.2753324176534069,-1.6398805315597038,426.12519996300205,34.0,1.0,760002.0,1.0,1576593.0,67723.0,2
2025-12-17 14:35:32.379870,26.17965934243421,1.263008605195053,-1.6368347673465593,422.65699157688374,32.0,1.0,1083938.0,1.0,1980564.0,74960.0,3
2025-12-17 14:35:32.479279,26.18307067026922,1.250461050402469,-1.6249616974149834,440.98219551464825,41.0,1.0,1290336.0,1.0,2373707.0,86850.0,4
2025-12-17 14:35:32.579046,26.18293431771726,1.2384454825558784,-1.6245677568385433,420.5554682694689,31.0,1.0,825988.0,1.0,2416671.0,77988.0,5
2025-12-17 14:35:33.179023,26.179466634361024,1.161688074509198,-1.6247950715562602,415.98454617082047,31.0,1.0,441319.0,1.0,1644723.0,76162.0,0
2025-12-17 14:35:33.279560,26.178596372415683,1.1496468015494348,-1.6235003789214255,435.1129709237966,39.0,1.0,768538.0,1.0,1879979.0,72221.0,1
2025-12-17 14:35:33.379394,26.17716347824381,1.1370631754258005,-1.6279566362855111,424.6521046786263,33.0,1.0,1118599.0,1.0,1980564.0,74808.0,3
2025-12-17 14:35:33.482259,26.17646094207204,1.124987577545888,-1.6254751091019968,428.97931396672834,35.0,1.0,1276437.0,1.0,2389021.0,87915.0,4
2025-12-17 14:35:33.579770,26.175492872998365,1.1122624977757911,-1.624482166834705,429.5571414765109,35.0,1.0,834700.0,1.0,2422403.0,77305.0,5
2025-12-17 14:35:34.180065,26.16927368910686,1.0363490844595606,-1.6215381519644685,438.98443645348993,42.0,1.0,446276.0,1.0,1639166.0,74480.0,0
2025-12-17 14:35:34.279653,26.169007499935617,1.023534781759038,-1.6230262440366974,412.1113401658453,28.0,1.0,761805.0,1.0,1876800.0,73902.0,1
2025-12-17 14:35:34.380970,26.168354726087976,1.0109661159376155,-1.6200670519041287,419.1245136765136,31.0,1.0,761547.0,1.0,1559610.0,68206.0,2
2025-12-17 14:35:34.478058,26.16734117257026,0.9980428389923224,-1.6190638685055845,441.64673306254997,40.0,1.0,1081007.0,1.0,1988625.0,73628.0,3
2025-12-17 14:35:34.577873,26.166842666492403,0.98507182300264,-1.6222634332265744,430.97616628258436,36.0,1.0,1298221.0,1.0,2388212.0,87737.0,4
2025-12-17 14:35:34.676451,26.165965451581343,0.9717514341451168,-1.622754740178807,428.5589751233225,34.0,1.0,830473.0,1.0,2443814.0,77410.0,5
2025-12-17 14:35:35.178544,26.18823703593887,0.9193020867125652,-1.5853113011645474,415.9843270170722,31.0,1.0,435680.0,1.0,1654214.0,76162.0,0
2025-12-17 14:35:35.276836,26.187959799247057,0.9093039171012388,-1.583093618090756,430.1097141529584,37.0,1.0,749782.0,1.0,1869193.0,72613.0,1
2025-12-17 14:35:35.379674,26.188341049049065,0.9089131733915684,-1.583093618090756,418.1241878705343,31.0,1.0,757178.0,1.0,1572330.0,68252.0,2
2025-12-17 14:35:35.478233,26.18839875870625,0.909063791804858,-1.5838795454057837,404.64184298140674,24.0,1.0,1097969.0,1.0,2004844.0,76265.0,3
2025-12-17 14:35:35.581283,26.187695298021723,0.9059471297034308,-1.5858403426328287,426.9732834992803,34.0,1.0,1264826.0,1.0,2355301.0,88094.0,4
2025-12-17 14:35:35.679686,26.186258154572045,0.8958639635792336,-1.5900185262615292,433.5606525287477,37.0,1.0,850095.0,1.0,2449610.0,76992.0,5
2025-12-17 14:35:36.177716,26.187348050387733,0.8229876246910666,-1.5813485947534784,414.98421750469953,30.0,1.0,451288.0,1.0,1669965.0,76291.0,0
2025-12-17 14:35:36.278704,26.18715740028817,0.8106211281414764,-1.5835619628012867,420.108080500681,32.0,1.0,765682.0,1.0,1874261.0,73329.0,1
2025-12-17 14:35:36.382083,26.18685273827641,0.7984597918982947,-1.5838086857783955,434.1238608558774,38.0,1.0,754364.0,1.0,1581938.0,67198.0,2
2025-12-17 14:35:36.477843,26.186455702423565,0.7861937732598101,-1.5830540350156272,433.636955662676,37.0,1.0,1100573.0,1.0,1976546.0,74153.0,3
2025-12-17 14:35:36.579794,26.18625589663301,0.7739744760054954,-1.5823073995874974,434.9704147907367,38.0,1.0,1295588.0,1.0,2388212.0,87381.0,4
2025-12-17 14:35:36.677909,26.18557632761649,0.7625506951578354,-1.5808053004419813,438.56232155412636,39.0,1.0,848084.0,1.0,2372101.0,76654.0,5
2025-12-17 14:35:37.180616,26.18623891773296,0.6968489264389726,-1.5825077007641828,414.98410758372637,30.0,1.0,439084.0,1.0,1670530.0,76291.0,0
2025-12-17 14:35:37.277481,26.186481364606514,0.6842699332716649,-1.5815341353224597,430.10645188860764,37.0,1.0,740201.0,1.0,1884438.0,72588.0,1
2025-12-17 14:35:37.378252,26.186178589898294,0.6712802918867953,-1.584231441402216,432.12353587688807,37.0,1.0,759231.0,1.0,1573927.0,67357.0,2
2025-12-17 14:35:37.477555,26.18624236776933,0.6592892728833379,-1.5839596395670863,412.63206784524414,27.0,1.0,1095371.0,1.0,1953932.0,75700.0,3
2025-12-17 14:35:37.578179,26.187498795315516,0.6459615813651649,-1.5783348749554391,426.9675464441894,35.0,1.0,1285106.0,1.0,2348138.0,88034.0,4
2025-12-17 14:35:37.677427,26.204401025673945,0.630105233024105,-1.5359013165860649,428.56399274474046,35.0,1.0,824591.0,1.0,2441334.0,77383.0,5
2025-12-17 14:35:38.177560,26.20867340623076,0.5664972014160394,-1.532979401091647,419.98399831554946,33.0,1.0,430404.0,1.0,1669965.0,75905.0,0
2025-12-17 14:35:38.276563,26.20929683688048,0.553661065184796,-1.534216868371283,428.10482277919937,36.0,1.0,764646.0,1.0,1863508.0,72736.0,1
2025-12-17 14:35:38.379319,26.209950199908416,0.5412535492946329,-1.5322506965234006,432.1232093000302,37.0,1.0,762579.0,1.0,1595920.0,67334.0,2
2025-12-17 14:35:38.482672,26.210580414902143,0.528414831857754,-1.5339715042387807,421.62715360154834,31.0,1.0,1117085.0,1.0,2012321.0,75036.0,3
2025-12-17 14:35:38.582051,26.21115132764834,0.5159598061531121,-1.5300480357765218,426.96466233356557,34.0,1.0,1274279.0,1.0,2406061.0,88094.0,4
2025-12-17 14:35:38.681119,26.21166590352968,0.5032086449551301,-1.531035612749791,418.565670914268,30.0,1.0,827387.0,1.0,2441334.0,78120.0,5
2025-12-17 14:35:39.181240,26.214930880836636,0.4394536141213647,-1.5319871418766555,422.9838883090859,34.0,1.0,445069.0,1.0,1654774.0,75700.0,0
2025-12-17 14:35:39.277180,26.215725243212404,0.4264822643210308,-1.5325279420652815,419.1031911668104,32.0,1.0,759231.0,1.0,1884438.0,73379.0,1
2025-12-17 14:35:39.378482,26.216380561388146,0.4137617111944565,-1.535476995561052,426.1228833443119,34.0,1.0,752070.0,1.0,1582473.0,67723.0,2
2025-12-17 14:35:39.478125,26.216227808056487,0.4010497553647036,-1.532769260041857,409.6222866073281,26.0,1.0,1086509.0,1.0,1981235.0,75905.0,3
2025-12-17 14:35:39.581549,26.21733670897128,0.3956275872036938,-1.5379634588379338,430.9617907893844,36.0,1.0,1291210.0,1.0,2384174.0,87737.0,4
2025-12-17 14:35:39.680003,26.218499415490708,0.3949074235666192,-1.5369868600194374,417.5673410448364,30.0,1.0,839800.0,1.0,2451269.0,78200.0,5
2025-12-17 14:35:40.179779,26.215991146438256,0.3543402515832701,-1.5270076538222626,421.98377886609194,33.0,1.0,439977.0,1.0,1666577.0,75777.0,0
2025-12-17 14:35:40.277970,26.21717669525914,0.3390969353155597,-1.5282391557596622,428.10155927232654,36.0,1.0,765423.0,1.0,1876165.0,72711.0,1
2025-12-17 14:35:40.378492,26.21822881681863,0.3256448677714276,-1.5282534239419192,433.1225571122779,37.0,1.0,760002.0,1.0,1567547.0,67266.0,2
2025-12-17 14:35:40.475885,26.21920636573648,0.3136578095794133,-1.530716979969123,431.6174083336645,36.0,1.0,1084672.0,1.0,1973204.0,74354.0,3
2025-12-17 14:35:40.578326,26.219827280327163,0.3020222682574212,-1.5284928769839503,430.95892706259923,36.0,1.0,1282499.0,1.0,2325990.0,87737.0,4
2025-12-17 14:35:40.679572,26.22038459553287,0.2899505450665787,-1.5297404542910666,428.5690123207223,34.0,1.0,854422.0,1.0,2447953.0,77436.0,5
2025-12-17 14:35:41.183346,26.222613149995052,0.2260566802890258,-1.5270198559289725,419.98366887201354,33.0,1.0,446276.0,1.0,1669400.0,75905.0,0
2025-12-17 14:35:41.279838,26.22335560483883,0.2125737366146891,-1.525301653091518,436.12226306727933,39.0,1.0,757178.0,1.0,1586764.0,67084.0,2
2025-12-17 14:35:41.385219,26.223870370131664,0.1998590243197631,-1.52603785112824,421.61296239465753,31.0,1.0,1096855.0,1.0,1979894.0,75036.0,3
2025-12-17 14:35:41.490385,26.22438714604701,0.186703268518019,-1.5230821216098438,435.95630672947766,39.0,1.0,1288591.0,1.0,2393877.0,87263.0,4
2025-12-17 14:35:41.578788,26.22499050786617,0.1739484149896046,-1.5249843855083782,430.57051580674187,35.0,1.0,834700.0,1.0,2441334.0,77226.0,5
2025-12-17 14:35:42.179568,26.22730765863901,0.0992482535310514,-1.5289594011709553,406.98355968297005,27.0,1.0,446427.0,1.0,1680169.0,76861.0,0
2025-12-17 14:35:42.277945,26.22790219980842,0.0870611761725266,-1.528977152601109,423.098298100482,34.0,1.0,759488.0,1.0,1859727.0,73057.0,1
2025-12-17 14:35:42.378436,26.228305256871977,0.0742515649657722,-1.5267499840065857,424.12190467300314,33.0,1.0,761547.0,1.0,1585690.0,67906.0,2
2025-12-17 14:35:42.477465,26.229151661632837,0.0613357716312892,-1.526233893891035,426.60762215763066,34.0,1.0,1108048.0,1.0,2004844.0,74656.0,3
2025-12-17 14:35:43.177304,26.234927479064662,0.0077831430112569,-1.5172868959060697,419.9834503279875,33.0,1.0,444317.0,1.0,1677329.0,75879.0,0
2025-12-17 14:35:43.282549,26.23588730565956,-0.0054507568157111,-1.517517937707066,428.0966599868657,36.0,1.0,765941.0,1.0,1871092.0,72736.0,1
2025-12-17 14:35:43.380142,26.23649180210783,-0.018195607164452,-1.519749233262933,432.1215778876851,37.0,1.0,754619.0,1.0,1597541.0,67357.0,2
2025-12-17 14:35:43.479403,26.237477913303824,-0.0306485905418747,-1.519032208311304,415.6027234567828,28.0,1.0,1143867.0,1.0,1981905.0,75495.0,3
2025-12-17 14:35:43.578424,26.238149520094364,-0.0430382952660237,-1.521738423061169,427.95030782178543,35.0,1.0,1284237.0,1.0,2373707.0,87945.0,4
2025-12-17 14:35:43.681605,26.23857668291684,-0.0552271022075538,-1.5182881880696542,420.5740317094406,31.0,1.0,841507.0,1.0,2454590.0,78015.0,5
2025-12-17 14:35:44.180871,26.24218820520772,-0.1191808086017442,-1.5259104291239165,419.98334033390904,33.0,1.0,441917.0,1.0,1666577.0,75905.0,0
2025-12-17 14:35:44.279883,26.24294901520573,-0.1321548344983694,-1.5268892330586223,415.0950337277572,30.0,1.0,766979.0,1.0,1894670.0,73628.0,1
2025-12-17 14:35:44.380892,26.243843831467625,-0.1448955086110022,-1.527149522694668,423.1212514142417,33.0,1.0,744976.0,1.0,1574460.0,67929.0,2
2025-12-17 14:35:44.477619,26.24471733361004,-0.1574713203875255,-1.5273755958367652,427.5978429536324,34.0,1.0,1085039.0,1.0,1975209.0,74606.0,3
2025-12-17 14:35:44.580366,26.24571523691682,-0.170265761505866,-1.5256495808497026,420.9474292560254,32.0,1.0,1308367.0,1.0,2399555.0,88542.0,4
2025-12-17 14:35:44.680201,26.24656042590886,-0.1823886137732406,-1.5246770597929082,410.5757013584739,27.0,1.0,838948.0,1.0,2438856.0,78731.0,5
2025-12-17 14:35:45.178797,26.24917217131149,-0.2465147784381578,-1.528627639383091,423.98323095810184,35.0,1.0,444166.0,1.0,1664322.0,75572.0,0
2025-12-17 14:35:45.281972,26.255236381418317,-0.2609061560808943,-1.5247481256441504,421.09339971511577,33.0,1.0,770622.0,1.0,1885714.0,73230.0,1
2025-12-17 14:35:45.379923,26.25946081359232,-0.275245744905539,-1.5156760026147296,432.12092550158565,37.0,1.0,758717.0,1.0,1572330.0,67334.0,2
2025-12-17 14:35:45.483142,26.260479461338875,-0.288289389693007,-1.5151998147617791,419.592926724911,30.0,1.0,1093148.0,1.0,1996042.0,75189.0,3
2025-12-17 14:35:45.581903,26.260786169239115,-0.3009908692443082,-1.5161630846859488,438.94455185382486,40.0,1.0,1298661.0,1.0,2372904.0,87027.0,4
2025-12-17 14:35:45.677721,26.261365979297665,-0.3132866241630765,-1.517658734428402,432.577369208439,36.0,1.0,833288.0,1.0,2460412.0,77122.0,5
2025-12-17 14:35:46.181705,26.26279572278324,-0.3767954594683758,-1.5208705800501587,407.98312103625193,27.0,1.0,447789.0,1.0,1657016.0,76783.0,0
2025-12-17 14:35:46.276509,26.262687406865755,-0.3896844947323723,-1.517907551864644,433.0917780168132,38.0,1.0,734461.0,1.0,1872992.0,72392.0,1
2025-12-17 14:35:46.380180,26.26338102912,-0.4020672344107026,-1.5211184994096665,421.12059918897313,32.0,1.0,757690.0,1.0,1601872.0,68067.0,2
2025-12-17 14:35:46.478293,26.26382599890424,-0.4146764012056345,-1.517145195394672,426.5880612072369,34.0,1.0,1103557.0,1.0,1977216.0,74656.0,3
2025-12-17 14:35:46.580697,26.265606565877707,-0.4276511816247721,-1.5208557970202268,407.94168233222615,26.0,1.0,1261406.0,1.0,2339412.0,89718.0,4
2025-12-17 14:35:46.678093,26.266121943056405,-0.4405915831314568,-1.5152045298595784,408.5790418269382,25.0,1.0,858480.0,1.0,2419945.0,78944.0,5
2025-12-17 14:35:47.178188,26.27339115615602,-0.5033922707366187,-1.4288573729606353,418.983011818602,32.0,1.0,444467.0,1.0,1651976.0,75982.0,0
2025-12-17 14:35:47.276706,26.27587014769955,-0.5160545074391893,-1.3969964041642486,429.09014708927884,36.0,1.0,756665.0,1.0,1867296.0,72638.0,1
2025-12-17 14:35:47.378261,26.27857412812811,-0.5288346045052039,-1.36713534468273,424.12027358623436,33.0,1.0,775856.0,1.0,1594300.0,67906.0,2
2025-12-17 14:35:47.478379,26.281720176730733,-0.5404624109575793,-1.3397095902949867,427.58317156123474,34.0,1.0,1097969.0,1.0,1977885.0,74581.0,3
2025-12-17 14:35:47.579467,26.285275114725646,-0.5525439385696789,-1.3120062078960857,420.938812879579,32.0,1.0,1270403.0,1.0,2393877.0,88572.0,4
2025-12-17 14:35:47.678354,26.288330043280062,-0.563878419437168,-1.2829212763025553,430.5807142598457,35.0,1.0,831316.0,1.0,2415036.0,77253.0,5
2025-12-17 14:35:48.179662,26.31988569809381,-0.5901908794286022,-1.1147793278081826,411.98290205392294,29.0,1.0,446881.0,1.0,1685866.0,76498.0,0
2025-12-17 14:35:48.280739,26.325876279555317,-0.6005334054453213,-1.0863772519349335,425.08850990673875,34.0,1.0,749021.0,1.0,1895953.0,72933.0,1
2025-12-17 14:35:48.379730,26.331009209313848,-0.6118235556607781,-1.0562286787078026,432.1199468782325,37.0,1.0,767238.0,1.0,1567547.0,67334.0,2
2025-12-17 14:35:48.481440,26.33899070449744,-0.6287269549847871,-1.0232876996460865,422.5782673697866,32.0,1.0,1082105.0,1.0,1981235.0,74986.0,3
2025-12-17 14:35:48.587896,26.35415932248312,-0.655789349462963,-0.9825926805877404,412.9359156767561,28.0,1.0,1280764.0,1.0,2340996.0,89234.0,4
2025-12-17 14:35:48.677168,26.361531183641176,-0.6651707730161247,-0.9557623082441234,428.58238427337426,34.0,1.0,832724.0,1.0,2466248.0,77436.0,5
2025-12-17 14:35:49.178963,26.40099390687033,-0.7150203022389348,-0.810939539527278,422.98279252741145,34.0,1.0,439084.0,1.0,1636395.0,75648.0,0
2025-12-17 14:35:49.276970,26.413540696699247,-0.7242581008332798,-0.7719111250487231,433.08688544618906,38.0,1.0,749529.0,1.0,1889547.0,72368.0,1
2025-12-17 14:35:49.377385,26.428051177870746,-0.7328154501716897,-0.7366612794903842,430.11962141446725,36.0,1.0,743465.0,1.0,1601872.0,67494.0,2
2025-12-17 14:35:49.477874,26.43773839460276,-0.7408735294642903,-0.7117170779234215,435.5733955792361,38.0,1.0,1075169.0,1.0,1989298.0,74027.0,3
2025-12-17 14:35:49.579627,26.4472917652814,-0.7485282839388079,-0.6847696192022069,424.93306644706047,33.0,1.0,1281632.0,1.0,2433085.0,88243.0,4
2025-12-17 14:35:49.678405,26.456991151359954,-0.7568389258147628,-0.6559188098153025,418.5840583381504,30.0,1.0,844360.0,1.0,2465413.0,78173.0,5
2025-12-17 14:35:50.177553,26.524778284000934,-0.7911314437009449,-0.4851149803928912,423.9826830788278,34.0,1.0,442366.0,1.0,1665449.0,75597.0,0
2025-12-17 14:35:50.280636,26.536525861470626,-0.7969511607987911,-0.4645679239719738,404.08524886208147,25.0,1.0,757178.0,1.0,1879342.0,74480.0,1
2025-12-17 14:35:50.380565,26.548618660637832,-0.8018407860076615,-0.44038565443037,433.11929414828796,37.0,1.0,757690.0,1.0,1579797.0,67311.0,2
2025-12-17 14:35:50.480408,26.561052220294307,-0.8061933106776853,-0.4097857714420861,423.5684939644098,32.0,1.0,1092779.0,1.0,2000099.0,74884.0,3
2025-12-17 14:35:50.582502,26.57296065308121,-0.8099919941573028,-0.3801646671373171,433.9301852008041,38.0,1.0,1289463.0,1.0,2388212.0,87440.0,4
2025-12-17 14:35:50.677178,26.5845862884206,-0.8137550862108407,-0.3550625666827557,407.58572828312714,25.0,1.0,836113.0,1.0,2473772.0,78998.0,5
2025-12-17 14:35:51.178390,26.618263926702404,-0.8184674357127215,-0.2958637123260762,428.08378497874884,36.0,1.0,767758.0,1.0,1878071.0,72736.0,1
2025-12-17 14:35:51.278153,26.631689539779696,-0.8223027155841893,-0.2612853336053231,431.1190013292572,36.0,1.0,754875.0,1.0,1609480.0,67403.0,2
2025-12-17 14:35:51.383930,26.6473228244981,-0.8255977946392346,-0.2252370612106153,423.5640764415816,32.0,1.0,1100946.0,1.0,1971202.0,74910.0,3
2025-12-17 14:35:51.481127,26.6621858122989,-0.8277701005469917,-0.1949765993922092,420.9276034633821,32.0,1.0,1270403.0,1.0,2377728.0,88542.0,4
2025-12-17 14:35:51.578971,26.675533657048938,-0.8244662008034327,-0.1618064323663332,434.5872360778817,37.0,1.0,847797.0,1.0,2434732.0,76939.0,5
2025-12-17 14:35:52.187257,26.7458834757465,-0.8046746589538198,0.0147024244792218,427.98246280899093,36.0,1.0,431717.0,1.0,1651976.0,75291.0,0
2025-12-17 14:35:52.277154,26.758296205986685,-0.8042892141398887,0.0415026560926673,427.0819933272429,35.0,1.0,776381.0,1.0,1869193.0,72785.0,1
2025-12-17 14:35:52.378955,26.770817690955745,-0.8039274395258733,0.0705861118970163,417.1186422159728,30.0,1.0,770100.0,1.0,1562251.0,68344.0,2
2025-12-17 14:35:52.482567,26.78386937588125,-0.803164941105039,0.100334293897603,413.5587049575144,28.0,1.0,1097969.0,1.0,1971202.0,75648.0,3
2025-12-17 14:35:52.579529,26.795982382167885,-0.801348287533207,0.1294228034666536,430.92444776935196,36.0,1.0,1268684.0,1.0,2396309.0,87737.0,4
2025-12-17 14:35:52.678212,26.817727654501557,-0.7799025328020224,0.1704003631633802,417.5890740050044,29.0,1.0,847510.0,1.0,2437206.0,78253.0,5
2025-12-17 14:35:53.177739,26.8815011672123,-0.7576952207952474,0.3229751807534974,424.9823542490694,35.0,1.0,441021.0,1.0,1643611.0,75520.0,0
2025-12-17 14:35:53.278374,26.89287017280003,-0.7545124661851497,0.3544666588473241,427.0803607315983,35.0,1.0,774282.0,1.0,1903669.0,72785.0,1
2025-12-17 14:35:53.378643,26.90455011730661,-0.749887422959354,0.382001981964169,427.5543238398595,34.0,1.0,1135381.0,1.0,2018460.0,74606.0,3
2025-12-17 14:35:53.477980,26.91707843520689,-0.7335677625079016,0.4147786739888416,405.9218665318296,25.0,1.0,1266111.0,1.0,2393877.0,89840.0,4
2025-12-17 14:35:53.577812,26.9289181119368,-0.7247520091360795,0.4490234393914317,419.5905781330706,30.0,1.0,834135.0,1.0,2472098.0,78067.0,5
2025-12-17 14:35:54.179006,26.992147372354275,-0.6787365280028452,0.6251941170138591,404.9822445070781,26.0,1.0,447183.0,1.0,1668270.0,77044.0,0
2025-12-17 14:35:54.279211,27.002253408707677,-0.6471291743880201,0.6560701459682359,431.078728760476,37.0,1.0,760002.0,1.0,1873627.0,72490.0,1
2025-12-17 14:35:54.379293,27.01213160337559,-0.6381695199970565,0.6854036748838765,409.1179896481639,26.0,1.0,758717.0,1.0,1596460.0,68879.0,2
2025-12-17 14:35:54.479194,27.022324609897385,-0.6298638214807917,0.7127639445643821,416.9189900576037,30.0,1.0,1290336.0,1.0,2390638.0,88902.0,4
2025-12-17 14:35:54.580328,27.03128581227981,-0.6210371701277251,0.7397886155424808,430.5922543363303,35.0,1.0,851247.0,1.0,2397120.0,77226.0,5
2025-12-17 14:35:55.183612,27.08459018641992,-0.5623123571238398,0.9241342160462106,407.98213439912206,27.0,1.0,449611.0,1.0,1669400.0,76757.0,0
2025-12-17 14:35:55.280524,27.092442932744053,-0.5530935688246004,0.960181951335525,431.07709601318504,37.0,1.0,785101.0,1.0,1877435.0,72515.0,1
2025-12-17 14:35:55.380183,27.099150729577744,-0.5416972899873405,0.9881671227266138,417.11766312904854,30.0,1.0,765682.0,1.0,1596460.0,68344.0,2
2025-12-17 14:35:55.479884,27.10504391158845,-0.5301571470535666,1.0113157494146745,440.54405039872023,40.0,1.0,1091670.0,1.0,1975209.0,73702.0,3
2025-12-17 14:35:55.580511,27.11183432347132,-0.5189796900840942,1.043192929902795,431.91582598881814,37.0,1.0,1293397.0,1.0,2388212.0,87648.0,4
2025-12-17 14:35:55.680713,27.118724076661483,-0.5090108024241267,1.0713462453714175,413.594094176217,27.0,1.0,832724.0,1.0,2467918.0,78571.0,5
2025-12-17 14:35:56.183816,27.133764597858853,-0.4471493995702906,1.2317425573805414,425.98202477363895,35.0,1.0,439382.0,1.0,1666577.0,75495.0,0
2025-12-17 14:35:56.278145,27.136934794995906,-0.4348233590614163,1.258168569222967,445.0754692860926,44.0,1.0,771143.0,1.0,1897237.0,71540.0,1
2025-12-17 14:35:56.378113,27.14012104658604,-0.4230393550431,1.2898552243220418,428.11733757557033,35.0,1.0,749782.0,1.0,1563309.0,67631.0,2
2025-12-17 14:35:56.480641,27.14337476591382,-0.4112276735655129,1.3200306825370491,419.53915747204775,30.0,1.0,1089086.0,1.0,2002809.0,75214.0,3
2025-12-17 14:35:56.581040,27.139449960619903,-0.4016100696786204,1.348610782424088,416.91295148258797,30.0,1.0,1262260.0,1.0,2376923.0,88963.0,4
2025-12-17 14:35:56.679600,27.139404556357903,-0.390215496748445,1.3586427255311389,432.59576431180136,36.0,1.0,843218.0,1.0,2465413.0,77122.0,5
2025-12-17 14:35:57.178539,27.153191680603545,-0.3290540706985099,1.3628615163088154,428.9819157488906,37.0,1.0,429967.0,1.0,1657016.0,75240.0,0
2025-12-17 14:35:57.283463,27.154291012235817,-0.3161520143727419,1.3653376114040237,427.0738300082234,35.0,1.0,762579.0,1.0,1883800.0,72785.0,1
2025-12-17 14:35:57.382491,27.144272214417978,-0.299981828080512,1.3816940283174717,436.117009918569,38.0,1.0,756153.0,1.0,1603500.0,67107.0,2
2025-12-17 14:35:57.481600,27.14562882861884,-0.286886029848139,1.3842744440722343,424.5342635577517,33.0,1.0,1096855.0,1.0,1997393.0,74833.0,3
2025-12-17 14:35:57.578532,27.147858469642216,-0.2737896514256599,1.3830567049032347,435.9100857016175,39.0,1.0,1292522.0,1.0,2391448.0,87263.0,4
2025-12-17 14:35:57.678895,27.15002165040312,-0.2616201007344951,1.38627859158042,425.59743512956027,33.0,1.0,824591.0,1.0,2445468.0,77593.0,5
2025-12-17 14:35:58.180031,27.15711862289861,-0.1992376586258277,1.5067029196738029,426.98180598223865,36.0,1.0,442666.0,1.0,1690437.0,75418.0,0
2025-12-17 14:35:58.278430,27.15860746396632,-0.186798891094329,1.5322275503304792,420.07220760876004,32.0,1.0,751815.0,1.0,1902381.0,73280.0,1
2025-12-17 14:35:58.379875,27.159436495312235,-0.1736708682363228,1.5441131540117383,429.1166845432117,36.0,1.0,750798.0,1.0,1558027.0,67517.0,2
2025-12-17 14:35:58.480700,27.15941105131745,-0.1617743281013242,1.5508843608292868,426.5293787325259,34.0,1.0,1092779.0,1.0,1959893.0,74656.0,3
2025-12-17 14:35:58.578647,27.16074918545017,-0.1491025544865363,1.5531079165571704,423.9072123848037,33.0,1.0,1274710.0,1.0,2391448.0,88362.0,4
2025-12-17 14:35:58.678037,27.160741899133654,-0.1363580548389236,1.5523643313307027,439.5991056915037,40.0,1.0,850671.0,1.0,2445468.0,76550.0,5
2025-12-17 14:35:59.179760,27.16434830725003,-0.0731737635195823,1.553593862626845,412.981696408817,29.0,1.0,447789.0,1.0,1693873.0,76420.0,0
2025-12-17 14:35:59.283781,27.15754297426947,-0.0704364157643988,1.560907842328497,422.07056827708084,33.0,1.0,770100.0,1.0,1883800.0,73156.0,1
2025-12-17 14:35:59.378050,27.150846013627003,-0.0667911505172385,1.5645738297962606,436.11635890980745,39.0,1.0,758974.0,1.0,1581938.0,67084.0,2
2025-12-17 14:35:59.479993,27.151191642005905,-0.0537154589444783,1.5679533943257622,420.5244929636796,31.0,1.0,1128485.0,1.0,2026675.0,75138.0,3
2025-12-17 14:35:59.582989,27.150953793060975,-0.0411977870148869,1.5639867269015992,422.9043269238763,33.0,1.0,1269973.0,1.0,2403619.0,88392.0,4
2025-12-17 14:35:59.682788,27.15136486654403,-0.0294199786290985,1.5656723931082868,427.6007856316756,34.0,1.0,836396.0,1.0,2428149.0,77488.0,5
2025-12-17 14:36:00.178711,27.15270767196128,0.0341089112861885,1.5634136615405496,427.98158692066664,36.0,1.0,421609.0,1.0,1666577.0,75342.0,0
2025-12-17 14:36:00.276931,27.152141217410417,0.0470370180542834,1.5619340223408726,409.11606566896285,26.0,1.0,751306.0,1.0,1571266.0,68902.0,2
2025-12-17 14:36:00.378861,27.152255030968075,0.0607587516166621,1.5633914097542287,432.520098195307,36.0,1.0,1092779.0,1.0,1969868.0,74278.0,3
2025-12-17 14:36:00.479519,27.15173952037511,0.073810474461486,1.5607251014362633,416.9017512053608,30.0,1.0,1290773.0,1.0,2369694.0,88963.0,4
2025-12-17 14:36:00.578631,27.151898925560516,0.0863890005577538,1.5639222587313968,418.6022834780509,30.0,1.0,836113.0,1.0,2460412.0,78147.0,5
2025-12-17 14:36:01.176871,27.152403938348808,0.1622637373543547,1.5572551303067952,429.9814775192123,37.0,1.0,440871.0,1.0,1665449.0,75189.0,0
2025-12-17 14:36:01.277020,27.152010598598757,0.1758187934252526,1.5572443807016496,435.06731808900037,39.0,1.0,791236.0,1.0,1888908.0,72221.0,1
2025-12-17 14:36:01.378054,27.151956294512427,0.1881795053152051,1.5550411633107917,424.115706450959,33.0,1.0,766200.0,1.0,1586227.0,67906.0,2
2025-12-17 14:36:01.481555,27.141476255025445,0.1886170478553221,1.5729242178397345,413.5147068756518,28.0,1.0,1102437.0,1.0,1973872.0,75648.0,3
2025-12-17 14:36:01.577485,27.13341435190243,0.1924894654835283,1.5824375381258484,433.8985967639528,38.0,1.0,1284672.0,1.0,2360888.0,87440.0,4
2025-12-17 14:36:01.682901,27.134128061848315,0.2044000676329025,1.5814243726846562,436.6041298136441,38.0,1.0,858771.0,1.0,2467083.0,76809.0,5
2025-12-17 14:36:02.177335,27.133657249745838,0.268406695237037,1.577239714683642,424.98136786523236,35.0,1.0,431570.0,1.0,1656455.0,75495.0,0
2025-12-17 14:36:02.277035,27.13311279071933,0.2814352824497317,1.5747661598269709,429.06568745823637,36.0,1.0,761032.0,1.0,1881888.0,72687.0,1
2025-12-17 14:36:02.379984,27.13396823379308,0.2945398506019119,1.5745204427118054,427.1153795925657,35.0,1.0,763612.0,1.0,1574993.0,67654.0,2
2025-12-17 14:36:02.482215,27.134024640421387,0.3069173188535474,1.573046035396678,413.5098144232342,28.0,1.0,1118599.0,1.0,1998746.0,75648.0,3
2025-12-17 14:36:02.579769,27.134270495517463,0.3198056065084023,1.573541604141136,429.8957172156314,36.0,1.0,1299100.0,1.0,2401180.0,87796.0,4
2025-12-17 14:36:02.679925,27.13409967168396,0.3327259762594905,1.5713229657700185,420.6057968342989,31.0,1.0,831879.0,1.0,2402806.0,78015.0,5
2025-12-17 14:36:03.178004,27.13276404189376,0.3965243269773535,1.57797050714691,435.98125818878384,40.0,1.0,443415.0,1.0,1685866.0,74758.0,0
2025-12-17 14:36:03.279898,27.132483328463987,0.4094020233552702,1.5759887672628758,438.0640521835057,40.0,1.0,766460.0,1.0,1888268.0,72050.0,1
2025-12-17 14:36:03.379464,27.13270708054114,0.4214351887048351,1.5774577348579106,420.1150535334329,31.0,1.0,765682.0,1.0,1578728.0,68160.0,2
2025-12-17 14:36:03.476785,27.133572242294264,0.4342161226284182,1.5784293719787947,428.50495174620005,35.0,1.0,1098340.0,1.0,1984590.0,74505.0,3
2025-12-17 14:36:03.578294,27.133592112544125,0.446682631707993,1.573991741973592,428.892848466866,35.0,1.0,1291210.0,1.0,2408505.0,87915.0,4
2025-12-17 14:36:03.680211,27.1285972548177,0.4570751093493768,1.5822403818718829,432.6074693090064,36.0,1.0,826547.0,1.0,2467083.0,77070.0,5
2025-12-17 14:36:04.180798,27.12248516681878,0.5179348725491253,1.5895996739783131,420.9811482794286,33.0,1.0,439977.0,1.0,1668270.0,75853.0,0
2025-12-17 14:36:04.280589,27.12167260728102,0.5307569032820307,1.5910916857865651,424.06242045045184,34.0,1.0,778486.0,1.0,1899807.0,73007.0,1
2025-12-17 14:36:04.377812,27.12168500580463,0.5440717742334309,1.5925409811300568,425.1147278435911,33.0,1.0,767238.0,1.0,1584081.0,67837.0,2
2025-12-17 14:36:04.478430,27.121418530510866,0.5563226978958533,1.5935531347118037,419.5000544778953,30.0,1.0,1137304.0,1.0,2020511.0,75214.0,3
2025-12-17 14:36:04.578613,27.12110621392368,0.5689907069644895,1.5985014323530349,411.88997456396294,28.0,1.0,1288591.0,1.0,2440507.0,89385.0,4
2025-12-17 14:36:05.178882,27.117617481512088,0.6450131516262148,1.5955775157810947,436.98103888630413,40.0,1.0,438045.0,1.0,1650858.0,74656.0,0
2025-12-17 14:36:05.277382,27.116872323326696,0.6580504321943872,1.5943351031733242,435.06079507350137,39.0,1.0,777170.0,1.0,1888268.0,72245.0,1
2025-12-17 14:36:05.378502,27.11657568870457,0.6706822462014972,1.5958213598347215,413.1144013897214,28.0,1.0,761547.0,1.0,1595920.0,68623.0,2
2025-12-17 14:36:05.477344,27.11606356643496,0.6833937064331148,1.5963151031236926,427.4951705620655,34.0,1.0,1095371.0,1.0,2002131.0,74606.0,3
2025-12-17 14:36:05.586979,27.115805958235843,0.695575378641498,1.5965659584621654,420.8870775421382,32.0,1.0,1316362.0,1.0,2408505.0,88572.0,4
2025-12-17 14:36:05.682875,27.115386130982703,0.7084073916214297,1.5950843662947491,409.61081775623796,26.0,1.0,842933.0,1.0,2463745.0,78811.0,5
2025-12-17 14:36:06.182182,27.099125794600237,0.7394538157725692,1.6126511241519852,436.98092892148975,41.0,1.0,441917.0,1.0,1663759.0,74631.0,0
2025-12-17 14:36:06.278166,27.099179889846777,0.7393143266569164,1.612400675910049,421.05916318880116,32.0,1.0,773234.0,1.0,1902381.0,73255.0,1
2025-12-17 14:36:06.380828,27.09917988984678,0.7393143266569164,1.612400675910049,425.11407440214157,33.0,1.0,767758.0,1.0,1588913.0,67837.0,2
2025-12-17 14:36:06.477837,27.0991297196771,0.7393604867545469,1.6126511010985174,404.4902789261485,23.0,1.0,1095741.0,1.0,2008239.0,76420.0,3
2025-12-17 14:36:06.580418,27.10008357212096,0.7472107885259183,1.6109313473853044,402.8842234053817,24.0,1.0,1282934.0,1.0,2380949.0,90114.0,4
2025-12-17 14:36:06.677884,27.100027369791025,0.7595506908891032,1.6121805966874323,425.6124814078198,33.0,1.0,834135.0,1.0,2472098.0,77593.0,5
2025-12-17 14:36:07.178845,27.096886571097304,0.8319406352677778,1.616395750806935,416.9808196841113,31.0,1.0,449459.0,1.0,1648625.0,76136.0,0
2025-12-17 14:36:07.278018,27.096542051296527,0.8437214886818403,1.6154269300463042,433.057532823826,38.0,1.0,786165.0,1.0,1877435.0,72368.0,1
2025-12-17 14:36:07.379939,27.09616780747949,0.8559460584448222,1.6174030530423675,431.1137484633872,36.0,1.0,755386.0,1.0,1581938.0,67403.0,2
2025-12-17 14:36:07.477863,27.09519615706501,0.8686292680676417,1.6144659639647556,423.4853895734999,32.0,1.0,1114065.0,1.0,2015048.0,74910.0,3
2025-12-17 14:36:07.582412,27.094786130229085,0.8814571913827485,1.613730051650657,424.8813446902264,34.0,1.0,1276869.0,1.0,2407690.0,88213.0,4
2025-12-17 14:36:07.679613,27.094031442418373,0.8938861990743026,1.609542708989734,426.61415629521827,34.0,1.0,859934.0,1.0,2452929.0,77541.0,5
2025-12-17 14:36:08.178798,27.092820799854124,0.9566512668251232,1.6083269651977563,430.9807100861386,38.0,1.0,447941.0,1.0,1669400.0,75113.0,0
2025-12-17 14:36:08.277782,27.09205415410707,0.970127692092349,1.6110379181122596,424.05590260234425,34.0,1.0,772188.0,1.0,1864770.0,73007.0,1
2025-12-17 14:36:08.377761,27.09171202596229,0.9824652611291548,1.608812616630614,421.1134229451417,32.0,1.0,769058.0,1.0,1588376.0,68044.0,2
2025-12-17 14:36:08.479505,27.08415754549529,0.9835751116005692,1.6162852465277842,431.48049231986283,36.0,1.0,1092779.0,1.0,2000776.0,74304.0,3
2025-12-17 14:36:08.579522,27.07804634833194,0.98803040081379,1.6184564940630806,431.87848000673677,37.0,1.0,1286847.0,1.0,2392257.0,87648.0,4
2025-12-17 14:36:08.679016,27.077865767135982,1.0006929080167537,1.6201718950799775,423.61582729355274,32.0,1.0,839800.0,1.0,2401180.0,77777.0,5
2025-12-17 14:36:09.180585,27.07458578975637,1.064698148689803,1.6169446257538922,425.9806002871537,35.0,1.0,449003.0,1.0,1675059.0,75469.0,0
2025-12-17 14:36:09.277124,27.074116861005507,1.0770049707462546,1.6174501051708825,424.0542730689784,34.0,1.0,760259.0,1.0,1878071.0,73032.0,1
2025-12-17 14:36:09.379895,27.073424107984422,1.0896040034879113,1.6179337688399833,423.1130960201977,33.0,1.0,768278.0,1.0,1574460.0,67929.0,2
2025-12-17 14:36:09.478796,27.072455167241067,1.102389288916647,1.617932789269898,414.475606560795,28.0,1.0,1123531.0,1.0,2009599.0,75572.0,3
2025-12-17 14:36:09.579639,27.071905433323828,1.1157578466597733,1.61992895316602,433.875606684177,37.0,1.0,1317699.0,1.0,2415036.0,87499.0,4
2025-12-17 14:36:09.677772,27.07134926896388,1.1282566543531618,1.6197079115072892,404.61749721010557,24.0,1.0,833006.0,1.0,2482158.0,79212.0,5
2025-12-17 14:36:10.180807,27.068631920040048,1.1922017614859317,1.6214287038786468,409.05279951778095,27.0,1.0,782713.0,1.0,1901737.0,74052.0,1
2025-12-17 14:36:10.280962,27.06781529738189,1.205255224887286,1.6216471448201497,413.112802066217,28.0,1.0,774282.0,1.0,1592682.0,68576.0,2
2025-12-17 14:36:10.380526,27.067646717497137,1.216984873137582,1.6228624174929875,419.47119779945893,30.0,1.0,1102437.0,1.0,1993341.0,75214.0,3
2025-12-17 14:36:10.485650,27.066836169819897,1.2287531534089045,1.621856997676428,421.87300372687724,32.0,1.0,1324854.0,1.0,2388212.0,88512.0,4
2025-12-17 14:36:10.582722,27.05867680030842,1.19715243162275,1.6130700665822435,417.6190102833531,29.0,1.0,846650.0,1.0,2468753.0,78253.0,5
2025-12-17 14:36:11.179369,27.058626079239158,1.1950979730123197,1.615175505155089,404.98038121418296,26.0,1.0,438936.0,1.0,1648625.0,76992.0,0
2025-12-17 14:36:11.278891,27.058976885996167,1.206789077364689,1.6147407478695954,425.05100897508726,34.0,1.0,789898.0,1.0,1904958.0,72958.0,1
2025-12-17 14:36:11.379775,27.058603809186398,1.2222656456046272,1.618445519825059,427.11244360180166,35.0,1.0,770622.0,1.0,1576059.0,67654.0,2
2025-12-17 14:36:11.477486,27.057794984607234,1.2382731779899934,1.618202202423881,415.4658345146229,29.0,1.0,1109549.0,1.0,2006201.0,75495.0,3
2025-12-17 14:36:11.583501,27.05606831314664,1.2537000235651783,1.616967409231408,425.8698496158627,34.0,1.0,1287283.0,1.0,2384981.0,88153.0,4
2025-12-17 14:36:11.681776,27.055241694731905,1.2675514698120605,1.6164708165170911,418.6208478978125,30.0,1.0,830473.0,1.0,2458747.0,78147.0,5
2025-12-17 14:36:12.178378,27.052704078047032,1.3287750420519977,1.6103043748355246,429.98027171967556,37.0,1.0,447486.0,1.0,1678464.0,75189.0,0
2025-12-17 14:36:12.277507,27.052648744432155,1.341157934461179,1.6100699139919732,421.0493806255415,33.0,1.0,762837.0,1.0,1909476.0,73230.0,1
2025-12-17 14:36:12.379513,27.05256556446754,1.3537761425724169,1.611301235486515,433.1121174585018,37.0,1.0,769058.0,1.0,1591604.0,67311.0,2
2025-12-17 14:36:12.477721,27.05206330573531,1.3666881920330156,1.607366575118408,429.4609441401261,35.0,1.0,1112181.0,1.0,2018460.0,74480.0,3
2025-12-17 14:36:12.579447,27.052019413163137,1.3794375268410914,1.6066069774625504,425.86698827652924,34.0,1.0,1308367.0,1.0,2392257.0,88153.0,4
2025-12-17 14:36:12.677725,27.051348129831347,1.3922243971145312,1.6014344829469231,427.62251312107105,34.0,1.0,860225.0,1.0,2463745.0,77488.0,5
2025-12-17 14:36:13.178073,27.048430679054174,1.4561523131225649,1.609790966438795,402.98016214998046,25.0,1.0,431717.0,1.0,1650299.0,77148.0,0
2025-12-17 14:36:13.277672,27.04055875490368,1.4550918997068047,1.6115902405711844,425.04774975018665,35.0,1.0,777433.0,1.0,1894670.0,72933.0,1
2025-12-17 14:36:13.380171,27.035232848653216,1.458359009529354,1.613298861840421,416.4565318585477,29.0,1.0,1111052.0,1.0,1971202.0,75418.0,3
2025-12-17 14:36:13.479810,27.03400205389955,1.4714090595085108,1.613773374057108,423.62385420439693,32.0,1.0,827667.0,1.0,2445468.0,77804.0,5
2025-12-17 14:36:14.179801,27.029104076939245,1.5612140588243535,1.6159857354072813,421.98005235746217,33.0,1.0,442666.0,1.0,1686436.0,75777.0,0
2025-12-17 14:36:14.276109,27.02877207172677,1.5737995131564766,1.6162327404276462,417.0461216925194,31.0,1.0,783773.0,1.0,1923096.0,73503.0,1
2025-12-17 14:36:14.385990,27.02778892128976,1.586058953121951,1.6149973241786302,411.11146288797454,27.0,1.0,772188.0,1.0,1600788.0,68716.0,2
2025-12-17 14:36:14.479547,27.02806400566996,1.5980191004556192,1.6157478737136544,404.4511567613428,23.0,1.0,1130014.0,1.0,2000776.0,76472.0,3
2025-12-17 14:36:14.581929,27.027398697429145,1.609886450503507,1.61107403347406,402.8612351729362,20.0,1.0,1304829.0,1.0,2384174.0,90911.0,4
2025-12-17 14:36:14.678014,27.02741689509837,1.6224989220187165,1.6098331287375904,420.6258575973109,31.0,1.0,834700.0,1.0,2449610.0,77988.0,5
2025-12-17 14:36:15.180604,27.023709850208625,1.674757057716986,1.6108442977103608,413.9799426663268,30.0,1.0,445672.0,1.0,1680738.0,76369.0,0
2025-12-17 14:36:15.278643,27.023231486873726,1.674835314028254,1.6103540671139516,421.04448695425816,33.0,1.0,777433.0,1.0,1898522.0,73230.0,1
2025-12-17 14:36:15.378893,27.02412923227815,1.6775039395953282,1.6115873952710895,435.11113897444835,38.0,1.0,781125.0,1.0,1584617.0,67175.0,2
2025-12-17 14:36:15.478454,27.01929061081397,1.6881953955770548,1.6153090181675325,418.44627287973753,30.0,1.0,1102437.0,1.0,2015730.0,75265.0,3
2025-12-17 14:36:15.581043,27.01594909580828,1.70272342423263,1.6238055219334948,417.85836473198174,30.0,1.0,1290773.0,1.0,2429793.0,88872.0,4
2025-12-17 14:36:15.680645,27.01554546608883,1.7187542971542893,1.628250477749258,417.6275339928502,29.0,1.0,848945.0,1.0,2449610.0,78253.0,5
2025-12-17 14:36:16.178716,27.01035756586045,1.7845182303118872,1.629977208725674,418.97983327013344,32.0,1.0,433327.0,1.0,1632522.0,75982.0,0
2025-12-17 14:36:16.283165,27.01018173836264,1.79717230740158,1.6300071710036013,426.0428489743516,35.0,1.0,785898.0,1.0,1910769.0,72908.0,1
2025-12-17 14:36:16.380072,27.00916258019484,1.809445806288556,1.6305036142617142,407.11081236105287,25.0,1.0,761289.0,1.0,1609480.0,69019.0,2
2025-12-17 14:36:16.478235,27.00912783500693,1.822435390531407,1.6324380154136116,423.44138472494916,32.0,1.0,1120493.0,1.0,1985262.0,74910.0,3
2025-12-17 14:36:16.580607,27.008366899141,1.835241423341907,1.634162246733866,418.8554929981835,31.0,1.0,1323509.0,1.0,2397120.0,88782.0,4
2025-12-17 14:36:16.682702,27.007240612384745,1.8479063824890352,1.6319081790699268,420.6292094286635,31.0,1.0,856448.0,1.0,2467083.0,77988.0,5
2025-12-17 14:36:17.180577,27.00395537048765,1.9111391216267608,1.635878885068564,422.97972346303794,34.0,1.0,445220.0,1.0,1658138.0,75700.0,0
2025-12-17 14:36:17.280437,27.00229991669075,1.9242189341832177,1.6331682073003664,425.04122281634073,34.0,1.0,774544.0,1.0,1909476.0,72958.0,1
2025-12-17 14:36:17.377679,27.001897640280603,1.9367325439966367,1.6346507100151977,440.11048691294656,40.0,1.0,772711.0,1.0,1578728.0,66857.0,2
2025-12-17 14:36:17.478766,27.00076010090509,1.949907355224476,1.633640355306653,408.85291259957313,26.0,1.0,1312358.0,1.0,2352911.0,89597.0,4
2025-12-17 14:36:17.579091,27.000127428525,1.9622838288786464,1.6338862386494732,430.63070818794887,35.0,1.0,854711.0,1.0,2433085.0,77226.0,5
2025-12-17 14:36:18.179449,26.963531141016663,2.070184484724252,1.661213174757178,417.9796139835462,32.0,1.0,438639.0,1.0,1654214.0,76033.0,0
2025-12-17 14:36:18.280891,26.962837438958484,2.083479029168222,1.6644206174426357,436.1101922592051,39.0,1.0,770622.0,1.0,1582473.0,67084.0,2
2025-12-17 14:36:18.378316,26.961572043137988,2.0960504610262305,1.6629658294985477,423.43209480041725,32.0,1.0,1123912.0,1.0,1996718.0,74884.0,3
2025-12-17 14:36:18.477971,26.961386575058576,2.108259881795983,1.665880305996103,426.85004189717694,34.0,1.0,1309253.0,1.0,2416671.0,88064.0,4
2025-12-17 14:36:18.578362,26.95991583914757,2.120807291127768,1.6619314016808315,412.63237896557985,27.0,1.0,841507.0,1.0,2468753.0,78651.0,5
2025-12-17 14:36:19.178475,26.952934327112903,2.197223182328751,1.661632845754294,413.9795044871756,30.0,1.0,445069.0,1.0,1685295.0,76369.0,0
2025-12-17 14:36:19.279186,26.95113563401281,2.209901220343178,1.657703856581716,428.0379636436195,36.0,1.0,780068.0,1.0,1871092.0,72711.0,1
2025-12-17 14:36:19.378155,26.95016679420824,2.216040111049862,1.660911315645499,431.1098343001181,36.0,1.0,765941.0,1.0,1593761.0,67403.0,2
2025-12-17 14:36:19.480068,26.94972685163416,2.2171935435286976,1.6606382956794854,416.4267080864125,29.0,1.0,1114442.0,1.0,1993341.0,75418.0,3
2025-12-17 14:36:19.578836,26.949726177400045,2.21719404431341,1.660149256164154,432.84687912698126,37.0,1.0,1311470.0,1.0,2401180.0,87588.0,4
2025-12-17 14:36:19.679008,26.94972617740004,2.21719404431341,1.660149256164154,414.6342192418577,28.0,1.0,837813.0,1.0,2450439.0,78465.0,5
2025-12-17 14:36:20.178698,26.932285607103704,2.3053597297069377,1.6352763223440503,423.97939485961,34.0,1.0,432009.0,1.0,1672227.0,75597.0,0
2025-12-17 14:36:20.284087,26.93065968610108,2.3199761163096797,1.6391825886411626,425.0363250457131,34.0,1.0,781654.0,1.0,1896595.0,72958.0,1
2025-12-17 14:36:20.379874,26.929337635853848,2.333083248229077,1.637981914215714,409.10950751055907,26.0,1.0,770622.0,1.0,1614390.0,68879.0,2
2025-12-17 14:36:20.478381,26.928587981276948,2.3456391894333253,1.6384723350385553,419.4218271090072,30.0,1.0,1141933.0,1.0,2030795.0,75189.0,3
2025-12-17 14:36:20.578337,26.92718259933598,2.357462817812141,1.633758744407279,411.8440075741811,28.0,1.0,1296026.0,1.0,2429793.0,89385.0,4
2025-12-17 14:36:20.678819,26.927087057928077,2.369593585714012,1.6342584711313042,418.6358909223668,30.0,1.0,848084.0,1.0,2416671.0,78147.0,5
2025-12-17 14:36:21.177959,26.92471581819351,2.4320747371686258,1.6313200401634138,414.9792853374826,30.0,1.0,434502.0,1.0,1651976.0,76291.0,0
2025-12-17 14:36:21.278991,26.924029680396277,2.4446218795527037,1.629129488374783,428.03470274897796,36.0,1.0,770622.0,1.0,1897237.0,72736.0,1
2025-12-17 14:36:21.379842,26.923426392505743,2.4580496885219905,1.6320918269896432,417.10918129222665,30.0,1.0,756153.0,1.0,1618220.0,68321.0,2
2025-12-17 14:36:21.478731,26.922534070580927,2.4706001075039925,1.628896317823986,417.4169361722495,29.0,1.0,1114442.0,1.0,1977216.0,75367.0,3
2025-12-17 14:36:21.579797,26.922929819890264,2.483306671865275,1.6308799823306823,404.84113039320056,25.0,1.0,1323957.0,1.0,2428971.0,89962.0,4
2025-12-17 14:36:21.678409,26.92150087180096,2.4960994220340167,1.6264254906421125,419.6375622333647,30.0,1.0,834982.0,1.0,2459579.0,78120.0,5
2025-12-17 14:36:22.184503,26.91763092179726,2.5607677818567804,1.62495957234372,419.9791750171157,33.0,1.0,440275.0,1.0,1681876.0,75879.0,0
2025-12-17 14:36:22.280249,26.916655122963515,2.574092364325676,1.627185389168481,422.0330700913704,33.0,1.0,790969.0,1.0,1915950.0,73156.0,1
2025-12-17 14:36:22.379006,26.91626377121623,2.5862049597424943,1.627186215496855,426.10885533618216,34.0,1.0,768538.0,1.0,1598623.0,67723.0,2
2025-12-17 14:36:22.477497,26.897284485374897,2.5972402825357994,1.6418676280123674,412.41205298002507,27.0,1.0,1118977.0,1.0,2011640.0,75725.0,3
2025-12-17 14:36:22.579287,26.885034112521375,2.6083571507407743,1.647759388656731,435.8382588720032,39.0,1.0,1298221.0,1.0,2361687.0,87292.0,4
2025-12-17 14:36:22.680153,26.884155219395243,2.6215671175613124,1.6499505288887766,415.6392371458431,29.0,1.0,859934.0,1.0,2426506.0,78359.0,5
2025-12-17 14:36:23.179267,26.87879454003161,2.6844975518181835,1.649687531670786,432.9790659878736,38.0,1.0,446125.0,1.0,1649183.0,74960.0,0
2025-12-17 14:36:23.277553,26.878575784881903,2.696916949512878,1.648694166535991,435.0314438811801,39.0,1.0,766979.0,1.0,1913358.0,72221.0,1
2025-12-17 14:36:23.382394,26.87730942059081,2.709982592594738,1.651913357062086,424.1085280021473,33.0,1.0,767498.0,1.0,1593761.0,67860.0,2
2025-12-17 14:36:23.478189,26.876723121694397,2.722526741059678,1.6511825437945262,418.4071603711522,30.0,1.0,1120493.0,1.0,2008239.0,75265.0,3
2025-12-17 14:36:23.580925,26.87534178850129,2.735376329471695,1.6524011135136798,402.8353811796311,20.0,1.0,1320824.0,1.0,2423223.0,91065.0,4
2025-12-17 14:36:23.679820,26.873885949839465,2.748109722091713,1.6487037027139315,411.64090858558467,27.0,1.0,833853.0,1.0,2445468.0,78731.0,5
2025-12-17 14:36:24.178019,26.871013067008214,2.762086711692063,1.6509162755163231,435.9789565215342,40.0,1.0,438787.0,1.0,1670530.0,74758.0,0
2025-12-17 14:36:24.279994,26.871049579099765,2.7622348664330523,1.6516682612784912,427.02980929456527,35.0,1.0,781654.0,1.0,1901737.0,72785.0,1
2025-12-17 14:36:24.382774,26.872436603315503,2.767711150559811,1.6563324371013033,420.1082016494086,31.0,1.0,767758.0,1.0,1596460.0,68114.0,2
2025-12-17 14:36:24.480767,26.870349880758635,2.780250486523106,1.6540701348133675,419.40225854120007,30.0,1.0,1108423.0,1.0,1996042.0,75189.0,3
2025-12-17 14:36:24.577847,26.829758237848527,2.804496956372594,1.672550017320006,416.8325170362629,30.0,1.0,1302623.0,1.0,2387404.0,88993.0,4
2025-12-17 14:36:24.679770,26.815755204104164,2.822842684013748,1.672766738482374,426.6425804985013,33.0,1.0,845504.0,1.0,2465413.0,77593.0,5
2025-12-17 14:36:25.178708,26.808618230986596,2.886927181345221,1.6722609577933054,423.9788468428936,35.0,1.0,446729.0,1.0,1685295.0,75572.0,0
2025-12-17 14:36:25.278936,26.807394924386283,2.8988678038188587,1.6711684078182192,419.0281804134419,32.0,1.0,782183.0,1.0,1934848.0,73379.0,1
2025-12-17 14:36:25.382867,26.80653197584348,2.911513478076827,1.6748566153672737,422.1078753902976,32.0,1.0,765164.0,1.0,1593221.0,67998.0,2
2025-12-17 14:36:25.481591,26.804774446829818,2.9238551288706898,1.6728925120975502,405.3973652869495,24.0,1.0,1117085.0,1.0,1998070.0,76265.0,3
2025-12-17 14:36:25.583752,26.803921575872025,2.93693109593778,1.6728955262184648,430.82962708485775,36.0,1.0,1307481.0,1.0,2429793.0,87826.0,4
2025-12-17 14:36:25.679151,26.802108721554283,2.94959973709614,1.6707000917350812,432.64425146005186,36.0,1.0,847797.0,1.0,2456252.0,77096.0,5
2025-12-17 14:36:26.178272,26.797269606355105,3.012387292078335,1.6692008444015891,427.9787372875565,36.0,1.0,440424.0,1.0,1658138.0,75291.0,0
2025-12-17 14:36:26.277435,26.79588223902945,3.025317035847129,1.670185201325196,401.02655225467703,23.0,1.0,776381.0,1.0,1894029.0,74732.0,1
2025-12-17 14:36:26.379933,26.79452928266453,3.037571102405645,1.6689670401053884,425.107550118681,34.0,1.0,760259.0,1.0,1603500.0,67792.0,2
2025-12-17 14:36:26.477850,26.79353339996844,3.0509459071401515,1.6711890216318246,422.3924943520134,32.0,1.0,1097969.0,1.0,1975878.0,74960.0,3
2025-12-17 14:36:26.579873,26.791635507992304,3.064163046142492,1.6707035385576663,414.82676524275166,29.0,1.0,1336564.0,1.0,2412585.0,89143.0,4
2025-12-17 14:36:26.680754,26.790559428140035,3.077669598359953,1.6731765295939705,423.64592613677877,32.0,1.0,842362.0,1.0,2476285.0,77804.0,5
2025-12-17 14:36:27.178720,26.7591422935842,3.093733633691074,1.6867554309777424,420.9786276353302,33.0,1.0,435827.0,1.0,1666577.0,75853.0,0
2025-12-17 14:36:27.277404,26.75328173601768,3.096936859118186,1.6907963413106617,424.024921698921,34.0,1.0,794994.0,1.0,1921795.0,73057.0,1
2025-12-17 14:36:27.378418,26.75133344682554,3.107507540848333,1.6918058057865846,432.1072243841458,37.0,1.0,773234.0,1.0,1588913.0,67357.0,2
2025-12-17 14:36:27.477012,26.750271699490877,3.10878238795174,1.6891736089797909,416.38760922365566,29.0,1.0,1102437.0,1.0,1993341.0,75418.0,3
2025-12-17 14:36:27.578404,26.750231715850013,3.108729175835437,1.689923710919771,410.82389647674836,27.0,1.0,1298221.0,1.0,2358492.0,89506.0,4
2025-12-17 14:36:28.177033,26.750231715850013,3.108729175835437,1.689923710919771,405.9785182171066,26.0,1.0,441768.0,1.0,1670530.0,76939.0,0
2025-12-17 14:36:28.279528,26.750231715850013,3.108729175835437,1.689923710919771,421.0232876292083,33.0,1.0,772711.0,1.0,1928963.0,73205.0,1
2025-12-17 14:36:28.382363,26.750231715850013,3.108729175835437,1.689923710919771,420.1068968684016,31.0,1.0,766979.0,1.0,1598082.0,68137.0,2
2025-12-17 14:36:28.476508,26.750231715850013,3.108729175835437,1.689923710919771,406.38272246229656,25.0,1.0,1135381.0,1.0,2004165.0,76162.0,3
2025-12-17 14:36:28.582252,26.750231715850013,3.108729175835437,1.689923710919771,424.8210124350762,34.0,1.0,1321719.0,1.0,2433085.0,88303.0,4
2025-12-17 14:36:28.682992,26.750231715850013,3.108729175835437,1.689923710919771,421.64927387173987,31.0,1.0,861682.0,1.0,2480479.0,77935.0,5
2025-12-17 14:36:29.179545,26.750231715850017,3.108729175835437,1.689923710919771,412.9784083386595,30.0,1.0,444467.0,1.0,1705955.0,76395.0,0
2025-12-17 14:36:29.278563,26.750231715850013,3.108729175835437,1.689923710919771,425.02165859643856,34.0,1.0,778750.0,1.0,1883800.0,72958.0,1
2025-12-17 14:36:29.380559,26.750231715850013,3.108729175835437,1.689923710919771,425.1065712281465,34.0,1.0,778223.0,1.0,1604585.0,67792.0,2
2025-12-17 14:36:29.479083,26.750231715850013,3.108729175835437,1.689923710919771,424.3778206470121,33.0,1.0,1114819.0,1.0,1976546.0,74808.0,3
2025-12-17 14:36:29.578094,26.750231715850013,3.108729175835437,1.689923710919771,418.81815139453334,31.0,1.0,1318145.0,1.0,2408505.0,88782.0,4
2025-12-17 14:36:29.677107,26.750231715850013,3.108729175835437,1.689923710919771,406.65093602855677,24.0,1.0,828508.0,1.0,2408505.0,79105.0,5
2025-12-17 14:36:30.178765,26.750231715850013,3.108729175835437,1.689923710919771,425.0201907213817,34.0,1.0,788029.0,1.0,1908830.0,72958.0,1
2025-12-17 14:36:30.281731,26.750231715850013,3.108729175835437,1.689923710919771,430.1062772399118,36.0,1.0,783243.0,1.0,1587838.0,67494.0,2
2025-12-17 14:36:30.380770,26.750231715850013,3.108729175835437,1.689923710919771,431.37341209591267,36.0,1.0,1132311.0,1.0,2006201.0,74304.0,3
2025-12-17 14:36:30.478944,26.750231715850017,3.1087291758354376,1.689923710919771,428.81556326471656,35.0,1.0,1309696.0,1.0,2434732.0,87974.0,4
2025-12-17 14:36:30.578473,26.750231715850013,3.108729175835437,1.689923710919771,431.65244310936885,36.0,1.0,833288.0,1.0,2459579.0,77148.0,5
2025-12-17 14:36:31.180497,26.750231715850013,3.108729175835437,1.689923710919771,418.97818902806915,32.0,1.0,442366.0,1.0,1679033.0,76008.0,0
2025-12-17 14:36:31.278408,26.750231715850013,3.108729175835437,1.689923710919771,432.0183976365728,38.0,1.0,788830.0,1.0,1913358.0,72441.0,1
2025-12-17 14:36:31.378859,26.750231715850013,3.108729175835437,1.689923710919771,436.1059193251919,38.0,1.0,769319.0,1.0,1593761.0,67107.0,2
2025-12-17 14:36:31.478238,26.750231715850013,3.108729175835437,1.689923710919771,409.3680463273501,26.0,1.0,1111052.0,1.0,2015730.0,75931.0,3
2025-12-17 14:36:31.581078,26.750231715850013,3.108729175835437,1.689923710919771,416.8123968487011,30.0,1.0,1334755.0,1.0,2406061.0,88963.0,4
2025-12-17 14:36:31.679441,26.750231715850013,3.108729175835437,1.689923710919771,417.6542839240296,30.0,1.0,848658.0,1.0,2438031.0,78200.0,5
2025-12-17 14:36:32.178332,26.750231715850013,3.108729175835437,1.689923710919771,433.97807966223587,39.0,1.0,445220.0,1.0,1655334.0,74859.0,0
2025-12-17 14:36:32.280280,26.750231715850013,3.1087291758354376,1.689923710919771,411.01676397777294,28.0,1.0,784570.0,1.0,1923096.0,73927.0,1
2025-12-17 14:36:32.378773,26.750231715850013,3.108729175835437,1.689923710919771,413.36364340863855,28.0,1.0,1106175.0,1.0,2011640.0,75648.0,3
2025-12-17 14:36:32.477716,26.750231715850013,3.108729175835437,1.689923710919771,408.8098208199031,26.0,1.0,1324854.0,1.0,2383368.0,89718.0,4
2025-12-17 14:36:32.578793,26.750231715850013,3.108729175835437,1.689923710919771,409.6557876374406,26.0,1.0,839800.0,1.0,2472098.0,78837.0,5
2025-12-17 14:36:33.177777,26.750231715850013,3.108729175835437,1.689923710919771,422.9779701199415,34.0,1.0,435975.0,1.0,1661508.0,75700.0,0
2025-12-17 14:36:33.279980,26.750231715850013,3.108729175835437,1.689923710919771,417.01513386064994,31.0,1.0,783773.0,1.0,1887629.0,73503.0,1
2025-12-17 14:36:33.378523,26.750231715850013,3.108729175835437,1.689923710919771,425.10526697726124,33.0,1.0,769840.0,1.0,1594840.0,67814.0,2
2025-12-17 14:36:33.494824,26.750231715850013,3.108729175835437,1.689923710919771,416.35818678359794,29.0,1.0,1126196.0,1.0,2005522.0,75418.0,3
