Timestamp,Channel,Pose_X,Pose_Y,Pose_Theta,eCO2,TVOC,AQI,R0,R1,R2,R3
2025-12-16T15:06:12.216004,2,0.0,0.0,0.0,413.0,29.0,1.0,585051.0,1.0,1322614.0,64698.0
2025-12-16T15:06:12.317514,3,0.0,0.0,0.0,431.0,37.0,1.0,485351.0,1.0,1160636.0,57959.0
2025-12-16T15:06:12.420061,4,0.0,0.0,0.0,422.0,33.0,1.0,652635.0,1.0,1581938.0,74455.0
2025-12-16T15:06:13.117862,1,0.0,0.0,0.0,407.0,27.0,1.0,441021.0,1.0,1209563.0,61246.0
2025-12-16T15:06:13.215361,2,0.0,0.0,0.0,418.0,32.0,1.0,595035.0,1.0,1341095.0,64370.0
2025-12-16T15:06:13.315826,3,0.0,0.0,0.0,409.0,27.0,1.0,480448.0,1.0,1182043.0,59288.0
2025-12-16T15:06:13.415682,4,0.0,0.0,0.0,413.0,30.0,1.0,663773.0,1.0,1576593.0,75036.0
2025-12-16T15:06:14.117865,1,0.0,0.0,0.0,413.0,30.0,1.0,434502.0,1.0,1214074.0,60854.0
2025-12-16T15:06:14.218299,2,0.0,0.0,0.0,414.0,30.0,1.0,615103.0,1.0,1334755.0,64611.0
2025-12-16T15:06:14.318236,3,0.0,0.0,0.0,418.0,32.0,1.0,488483.0,1.0,1187657.0,58729.0
2025-12-16T15:06:14.416468,4,0.0,0.0,0.0,400.0,22.0,1.0,653077.0,1.0,1589989.0,76472.0
2025-12-16T15:06:15.115769,1,0.030241926085745177,-0.0036303009061456276,0.0,423.0,34.0,1.0,435532.0,1.0,1184446.0,60280.0
2025-12-16T15:06:15.215278,2,0.051254077496964756,-0.003391010710147647,0.0,421.0,33.0,1.0,594834.0,1.0,1333401.0,64131.0
2025-12-16T15:06:15.315915,4,0.073028332432125,-0.0024514642147172878,0.0,415.0,30.0,1.0,666926.0,1.0,1585690.0,75138.0
2025-12-16T15:06:16.117397,1,0.21698016842181272,-0.001652839008883655,0.0,406.0,26.0,1.0,430404.0,1.0,1211201.0,61350.0
2025-12-16T15:06:16.217415,2,0.2345532201122417,-0.001992236276454998,0.0,423.0,34.0,1.0,614478.0,1.0,1357535.0,63979.0
2025-12-16T15:06:16.314408,3,0.25170816135372637,-0.0021042989684647703,0.0,420.0,32.0,1.0,487492.0,1.0,1177650.0,58590.0
2025-12-16T15:06:16.416055,4,0.26338867531597104,-0.0019086354651218892,0.0,406.0,26.0,1.0,651311.0,1.0,1548564.0,75777.0
2025-12-16T15:06:17.118263,1,0.39046561366468496,-0.003125889876641431,0.0,412.0,29.0,1.0,433180.0,1.0,1211201.0,60977.0
2025-12-16T15:06:17.214828,2,0.40228291031644436,-0.00318130797003898,0.0,421.0,33.0,1.0,588028.0,1.0,1346553.0,64109.0
2025-12-16T15:06:17.317708,3,0.42453392808892465,-0.004009454098437761,0.0,420.0,33.0,1.0,479636.0,1.0,1179246.0,58531.0
2025-12-16T15:06:17.415230,4,0.44129124157021293,-0.003616351720309287,0.0,400.0,22.0,1.0,665123.0,1.0,1593761.0,76705.0
2025-12-16T15:06:18.115870,1,0.5578671011067181,-0.0038985351092262715,0.0,400.0,17.0,1.0,440424.0,1.0,1214896.0,63376.0
2025-12-16T15:06:18.217347,2,0.580680404654083,-0.003408393514750022,0.0,416.0,31.0,1.0,593025.0,1.0,1347921.0,64370.0
2025-12-16T15:06:18.315290,3,0.5924044918632128,-0.0038403630554029286,0.0,415.0,30.0,1.0,489807.0,1.0,1172083.0,58809.0
2025-12-16T15:06:18.417715,4,0.6160464174102227,-0.00363323600765316,0.0,402.0,25.0,1.0,666926.0,1.0,1581938.0,76369.0
2025-12-16T15:06:19.117269,1,0.6791616611856841,-0.00013079123758211463,0.0,408.0,27.0,1.0,425047.0,1.0,1215719.0,61976.0
2025-12-16T15:06:19.216886,2,0.6791616611856841,-0.00013079123758211463,0.0,420.0,33.0,1.0,597659.0,1.0,1355699.0,64131.0
2025-12-16T15:06:19.315986,3,0.6791616611856841,-0.00013079123758211463,0.0,418.0,32.0,1.0,487327.0,1.0,1186452.0,58650.0
2025-12-16T15:06:19.416877,4,0.6859157559268824,-0.002774800422011242,0.0,423.0,34.0,1.0,659295.0,1.0,1596460.0,74833.0
2025-12-16T15:06:20.115378,1,0.8115861729223952,-0.0024463583293804574,0.0,425.0,35.0,1.0,432594.0,1.0,1209972.0,60936.0
2025-12-16T15:06:20.217812,2,0.8334520804452834,-0.0021912766363323573,0.0,411.0,29.0,1.0,595842.0,1.0,1345186.0,64698.0
2025-12-16T15:06:20.315505,3,0.8447583336293583,-0.0028142818416143057,0.0,427.0,36.0,1.0,486338.0,1.0,1173671.0,58136.0
2025-12-16T15:06:20.414583,4,0.8671110510650308,-0.0030934541485639917,0.0,408.0,27.0,1.0,672365.0,1.0,1585690.0,75905.0
2025-12-16T15:06:21.117786,1,0.987409128668102,-0.004988521814667206,0.0,417.0,31.0,1.0,422895.0,1.0,1229373.0,61475.0
2025-12-16T15:06:21.216082,2,0.9992460121534821,-0.004629084053955084,0.0,415.0,30.0,1.0,613232.0,1.0,1351575.0,64458.0
2025-12-16T15:06:21.314365,3,1.0230235930840763,-0.004279595368169138,0.0,421.0,33.0,1.0,491634.0,1.0,1184847.0,58451.0
2025-12-16T15:06:21.416062,4,1.0409402420432796,-0.005413031131193544,0.0,412.0,29.0,1.0,662427.0,1.0,1568609.0,75597.0
2025-12-16T15:06:22.115460,1,1.1553937552308482,-0.006944828286209004,0.0,416.0,31.0,1.0,438490.0,1.0,1209563.0,61495.0
2025-12-16T15:06:22.216712,2,1.1787198015480485,-0.007351023398816843,0.0,421.0,33.0,1.0,592022.0,1.0,1326200.0,64066.0
2025-12-16T15:06:22.315410,3,1.1907038649440893,-0.0068052790759071825,0.0,428.0,36.0,1.0,477530.0,1.0,1196938.0,57998.0
2025-12-16T15:06:22.414431,4,1.2139252394026427,-0.006944344737136873,0.0,417.0,31.0,1.0,667603.0,1.0,1597000.0,75240.0
2025-12-16T15:06:23.116390,1,1.3352533117467684,-0.007254513561937879,0.0,420.0,33.0,1.0,430987.0,1.0,1240239.0,61267.0
2025-12-16T15:06:23.215351,2,1.3476604552482407,-0.00787726413312001,0.0,415.0,31.0,1.0,592223.0,1.0,1357535.0,64370.0
2025-12-16T15:06:23.318535,3,1.3690625574590944,-0.007605540901155707,0.0,420.0,32.0,1.0,492633.0,1.0,1179246.0,58471.0
2025-12-16T15:06:23.415120,4,1.3721509562947218,-0.006247963300522043,0.0,414.0,30.0,1.0,661978.0,1.0,1563309.0,75418.0
2025-12-16T15:06:24.117147,1,1.4402170039361548,-0.0089675700335604,0.0,416.0,31.0,1.0,441319.0,1.0,1253744.0,61516.0
2025-12-16T15:06:24.215106,2,1.454214297519383,-0.008332707671255013,0.0,416.0,31.0,1.0,598469.0,1.0,1345642.0,64349.0
2025-12-16T15:06:24.315460,3,1.4737257650623214,-0.007884426572541386,0.0,424.0,34.0,1.0,490305.0,1.0,1192087.0,58234.0
2025-12-16T15:06:24.417204,4,1.4906197964545287,-0.00803331919934099,0.0,409.0,27.0,1.0,657290.0,1.0,1602415.0,75853.0
2025-12-16T15:06:25.115993,1,1.6094542084231231,-0.009460502018151082,0.0,427.0,36.0,1.0,450678.0,1.0,1213663.0,60833.0
2025-12-16T15:06:25.216696,2,1.6323759631026447,-0.010086965549331207,0.0,419.0,32.0,1.0,600904.0,1.0,1342003.0,64109.0
2025-12-16T15:06:25.318818,3,1.6497565389625408,-0.010167130195136037,0.0,411.0,29.0,1.0,478987.0,1.0,1193298.0,58948.0
2025-12-16T15:06:25.415968,4,1.666740675155661,-0.009390938189446476,0.0,426.0,35.0,1.0,677620.0,1.0,1598623.0,74606.0
2025-12-16T15:06:26.116814,1,1.7895683335111876,-0.009226258269305516,0.0,415.0,30.0,1.0,438787.0,1.0,1228126.0,61600.0
2025-12-16T15:06:26.216329,2,1.8067861790250064,-0.008774488841032392,0.0,404.0,26.0,1.0,601719.0,1.0,1350204.0,65071.0
2025-12-16T15:06:26.313862,3,1.8243111988666536,-0.009916004342054493,0.0,409.0,28.0,1.0,492800.0,1.0,1182043.0,59108.0
2025-12-16T15:06:26.417950,4,1.8414183968875593,-0.009789355309547495,0.0,407.0,27.0,1.0,668282.0,1.0,1565427.0,75982.0
2025-12-16T15:06:27.116126,2,1.9630167240926184,-0.01147194288361395,0.0,428.0,36.0,1.0,596649.0,1.0,1352490.0,63634.0
2025-12-16T15:06:27.215117,3,1.9746063364647977,-0.010570935695310327,0.0,430.0,37.0,1.0,483384.0,1.0,1187657.0,57920.0
2025-12-16T15:06:27.315301,4,1.9922567745316853,-0.01076766101748398,0.0,400.0,24.0,1.0,676932.0,1.0,1603500.0,76524.0
2025-12-16T15:06:28.115391,1,2.072442439538838,-0.007852863438762844,0.0,431.0,37.0,1.0,439531.0,1.0,1221080.0,60648.0
2025-12-16T15:06:28.217134,3,2.072442439538838,-0.007852863438762844,0.0,425.0,35.0,1.0,491468.0,1.0,1192490.0,58175.0
2025-12-16T15:06:28.317146,4,2.072442439538838,-0.007852863438762844,0.0,422.0,34.0,1.0,670547.0,1.0,1603500.0,74910.0
2025-12-16T15:06:29.116611,1,2.2030086913715583,-0.010363108721207308,0.0,417.0,31.0,1.0,436565.0,1.0,1244865.0,61475.0
2025-12-16T15:06:29.215798,2,2.21410441875997,-0.010806534141006309,0.0,414.0,30.0,1.0,594834.0,1.0,1343366.0,64458.0
2025-12-16T15:06:29.315773,3,2.230702337390957,-0.01103834216822763,0.0,402.0,24.0,1.0,492967.0,1.0,1190474.0,59570.0
2025-12-16T15:06:29.414697,4,2.2475960399093133,-0.011199461891385168,0.0,402.0,25.0,1.0,666700.0,1.0,1610570.0,76420.0
2025-12-16T15:06:30.117389,1,2.3749461149532207,-0.011596525701595042,0.0,417.0,31.0,1.0,441469.0,1.0,1228541.0,61433.0
2025-12-16T15:06:30.215166,2,2.3869092657434288,-0.011574974685586603,0.0,420.0,32.0,1.0,602738.0,1.0,1344731.0,64109.0
2025-12-16T15:06:30.315437,3,2.4102458465903744,-0.011783645609221169,0.0,403.0,25.0,1.0,485680.0,1.0,1201403.0,59529.0
2025-12-16T15:06:30.415431,4,2.4213477489099913,-0.011484050695972997,0.0,416.0,31.0,1.0,684535.0,1.0,1597541.0,75393.0
2025-12-16T15:06:31.118224,1,2.4541628587978694,-0.008501931402226203,0.0,415.0,30.0,1.0,439084.0,1.0,1231455.0,61579.0
2025-12-16T15:06:31.215214,2,2.452585117795265,-0.008625021184930283,0.0,402.0,25.0,1.0,597053.0,1.0,1352490.0,65248.0
2025-12-16T15:06:31.313826,3,2.448841337393693,-0.010040357637620751,0.0,415.0,30.0,1.0,497324.0,1.0,1192087.0,58868.0
2025-12-16T15:06:31.415865,4,2.4478133008040732,-0.011516461646309565,0.0,400.0,22.0,1.0,664672.0,1.0,1579797.0,77096.0
2025-12-16T15:06:32.116369,1,2.4451022550695343,-0.018427389754156673,0.0,409.0,28.0,1.0,439679.0,1.0,1241079.0,61976.0
2025-12-16T15:06:32.215113,2,2.446803187542334,-0.01791855750072925,0.0,417.0,31.0,1.0,604781.0,1.0,1351575.0,64305.0
2025-12-16T15:06:32.315050,3,2.447624617153404,-0.017581609380008138,0.0,401.0,24.0,1.0,487327.0,1.0,1186452.0,59691.0
2025-12-16T15:06:32.414403,4,2.4480989937736823,-0.01553667288537067,0.0,424.0,34.0,1.0,666249.0,1.0,1607303.0,75036.0
2025-12-16T15:06:33.116792,1,2.4471417906913637,-0.01706823279289334,0.0,408.0,27.0,1.0,441469.0,1.0,1217366.0,62081.0
2025-12-16T15:06:33.216353,2,2.4474442377159447,-0.016815459180705317,0.0,424.0,34.0,1.0,599077.0,1.0,1369534.0,63871.0
2025-12-16T15:06:33.316596,3,2.4495164777690466,-0.015515118077675923,0.0,422.0,33.0,1.0,495308.0,1.0,1184045.0,58511.0
2025-12-16T15:06:34.115774,1,2.445469317318994,-0.014764327660164885,0.0,417.0,31.0,1.0,442965.0,1.0,1243181.0,61558.0
2025-12-16T15:06:34.215059,2,2.445660999399841,-0.01438759174031066,0.0,405.0,26.0,1.0,607448.0,1.0,1356157.0,65049.0
2025-12-16T15:06:34.316547,3,2.447940021747882,-0.014713861561352676,0.0,426.0,35.0,1.0,492133.0,1.0,1199371.0,58234.0
2025-12-16T15:06:34.417144,4,2.447088626822144,-0.0153227047153552,0.0,412.0,29.0,1.0,678078.0,1.0,1577660.0,75853.0
2025-12-16T15:06:35.115686,1,2.4452444175452586,-0.013067815331061201,0.0,421.0,33.0,1.0,441021.0,1.0,1243181.0,61267.0
2025-12-16T15:06:35.215532,2,2.4452444175452586,-0.013067815331061201,0.0,406.0,27.0,1.0,610540.0,1.0,1378369.0,65005.0
2025-12-16T15:06:35.315268,4,2.4452444175452586,-0.013067815331061201,0.0,416.0,31.0,1.0,672138.0,1.0,1613298.0,75597.0
2025-12-16T15:06:36.116901,1,2.4468229712401297,-0.014631694099324568,0.0,437.0,41.0,1.0,440275.0,1.0,1231039.0,60341.0
2025-12-16T15:06:36.216177,2,2.4473880268590595,-0.014557423376555665,0.0,419.0,32.0,1.0,600295.0,1.0,1357995.0,64196.0
2025-12-16T15:06:36.313921,3,2.447213355193858,-0.014757972723213332,0.0,413.0,30.0,1.0,495308.0,1.0,1177650.0,58968.0
2025-12-16T15:06:36.417329,4,2.4474365002721963,-0.015226681221873779,0.0,412.0,29.0,1.0,689651.0,1.0,1614937.0,75879.0
2025-12-16T15:06:37.115478,1,2.4420795440400096,-0.028890255985520204,0.0,414.0,30.0,1.0,442366.0,1.0,1247396.0,61725.0
2025-12-16T15:06:37.216076,2,2.440073865246246,-0.04635484415738689,0.0,403.0,25.0,1.0,609507.0,1.0,1364445.0,65226.0
2025-12-16T15:06:37.315660,3,2.4382349494205524,-0.06631895372899728,0.0,411.0,28.0,1.0,502740.0,1.0,1188461.0,59128.0
2025-12-16T15:06:37.414514,4,2.4350944486119124,-0.09355915235120621,0.0,417.0,31.0,1.0,665573.0,1.0,1598082.0,75469.0
2025-12-16T15:06:38.118301,1,2.4160962987856536,-0.21229674244641253,0.0,414.0,30.0,1.0,450220.0,1.0,1243181.0,61746.0
2025-12-16T15:06:38.215348,2,2.4140542415171335,-0.22420701325600148,0.0,418.0,32.0,1.0,607448.0,1.0,1363060.0,64262.0
2025-12-16T15:06:38.316371,3,2.4102306531881843,-0.2469138211344754,0.0,423.0,34.0,1.0,491800.0,1.0,1195319.0,58451.0
2025-12-16T15:06:38.417497,4,2.4073445017183963,-0.26409520201489434,0.0,410.0,28.0,1.0,684072.0,1.0,1615484.0,76033.0
2025-12-16T15:06:39.115086,1,2.385716313337086,-0.3770708815617681,0.0,418.0,32.0,1.0,450220.0,1.0,1252048.0,61495.0
2025-12-16T15:06:39.215166,2,2.3826773378311166,-0.3945949726269695,0.0,404.0,25.0,1.0,611160.0,1.0,1371389.0,65226.0
2025-12-16T15:06:39.315823,3,2.379591143272454,-0.4114869773178492,0.0,419.0,32.0,1.0,499686.0,1.0,1189669.0,58650.0
2025-12-16T15:06:39.415733,4,2.376898536249654,-0.42921563590546485,0.0,402.0,25.0,1.0,681530.0,1.0,1583545.0,76602.0
2025-12-16T15:06:40.115777,1,2.3739768880153993,-0.4603195194147125,0.0,406.0,26.0,1.0,443115.0,1.0,1238142.0,62249.0
2025-12-16T15:06:40.215702,2,2.374664994171887,-0.4571180454613323,0.0,415.0,30.0,1.0,614894.0,1.0,1368144.0,64501.0
2025-12-16T15:06:40.315139,3,2.374062487890263,-0.4549345102321148,0.0,427.0,36.0,1.0,498841.0,1.0,1198560.0,58175.0
2025-12-16T15:06:40.415931,4,2.373651231106894,-0.4536113997064873,0.0,420.0,33.0,1.0,676703.0,1.0,1618768.0,75265.0
2025-12-16T15:06:41.115735,1,2.3682094791890465,-0.4545521079462779,0.0,421.0,33.0,1.0,452665.0,1.0,1249086.0,61350.0
2025-12-16T15:06:41.214768,2,2.3681229493036535,-0.45521209148334524,0.0,417.0,31.0,1.0,612195.0,1.0,1361216.0,64349.0
2025-12-16T15:06:41.313985,3,2.3707332596125656,-0.45510106502928166,0.0,409.0,28.0,1.0,492967.0,1.0,1210382.0,59208.0
2025-12-16T15:06:41.417909,4,2.3707201987974225,-0.45503066504699935,0.0,400.0,24.0,1.0,689184.0,1.0,1621509.0,76809.0
2025-12-16T15:06:42.116066,1,2.368726208040721,-0.45310307865946137,0.0,416.0,31.0,1.0,441917.0,1.0,1244444.0,61620.0
2025-12-16T15:06:42.215134,2,2.3697289986812047,-0.45335864532644016,0.0,416.0,31.0,1.0,620539.0,1.0,1368144.0,64392.0
2025-12-16T15:06:42.316923,3,2.369404965508548,-0.4539888059168179,0.0,406.0,26.0,1.0,499855.0,1.0,1197343.0,59409.0
2025-12-16T15:06:42.414931,4,2.3684598104897274,-0.45291339629798627,0.0,419.0,32.0,1.0,670774.0,1.0,1586764.0,75418.0
2025-12-16T15:06:43.115747,1,2.368285582854145,-0.4567865422728942,0.0,428.0,36.0,1.0,444768.0,1.0,1262260.0,60936.0
2025-12-16T15:06:43.215161,2,2.3688187203832576,-0.45749319478412587,0.0,425.0,35.0,1.0,603350.0,1.0,1346097.0,63871.0
2025-12-16T15:06:43.315634,3,2.370227201753943,-0.4544404175881912,0.0,421.0,33.0,1.0,500194.0,1.0,1206700.0,58570.0
2025-12-16T15:06:43.415770,4,2.3716986867378385,-0.4517871504941923,0.0,406.0,26.0,1.0,680608.0,1.0,1618768.0,76395.0
2025-12-16T15:06:44.115446,1,2.366264972700849,-0.4536701605327497,0.0,415.0,30.0,1.0,441618.0,1.0,1255018.0,61683.0
2025-12-16T15:06:44.215233,2,2.366264972700849,-0.4536701605327497,0.0,418.0,32.0,1.0,614894.0,1.0,1356157.0,64262.0
2025-12-16T15:06:44.316224,3,2.366264972700849,-0.4536701605327497,0.0,416.0,31.0,1.0,496315.0,1.0,1184045.0,58848.0
2025-12-16T15:06:44.418179,4,2.366264972700849,-0.4536701605327497,0.0,415.0,30.0,1.0,687321.0,1.0,1598623.0,75700.0
2025-12-16T15:06:45.116234,1,2.368757120337816,-0.45336132346155467,0.0,416.0,31.0,1.0,450525.0,1.0,1253320.0,61641.0
2025-12-16T15:06:45.215631,2,2.363414048472555,-0.45253754985647815,0.0,409.0,28.0,1.0,614270.0,1.0,1370461.0,64873.0
2025-12-16T15:06:45.316563,3,2.347738668186531,-0.4492795541922375,0.0,413.0,29.0,1.0,496315.0,1.0,1222320.0,59008.0
2025-12-16T15:06:45.415398,4,2.3357941991516866,-0.44976805948512505,0.0,413.0,30.0,1.0,680608.0,1.0,1628659.0,75828.0
2025-12-16T15:06:46.115165,2,2.209027537840146,-0.44740747906465483,0.0,412.0,29.0,1.0,607859.0,1.0,1347921.0,64654.0
2025-12-16T15:06:46.215883,3,2.1923541023084976,-0.44675230446555786,0.0,418.0,32.0,1.0,503932.0,1.0,1191684.0,58709.0
2025-12-16T15:06:46.313953,4,2.169698082438646,-0.445969932875375,0.0,422.0,33.0,1.0,691521.0,1.0,1604585.0,75189.0
2025-12-16T15:06:47.115730,1,2.0359311984405015,-0.4408815202498706,0.0,419.0,32.0,1.0,451441.0,1.0,1242760.0,61433.0
2025-12-16T15:06:47.217247,2,2.01285821673729,-0.4392029293788235,0.0,414.0,30.0,1.0,616979.0,1.0,1372318.0,64523.0
2025-12-16T15:06:47.315694,3,2.001799610935842,-0.43872229381777805,0.0,404.0,25.0,1.0,495644.0,1.0,1191280.0,59529.0
2025-12-16T15:06:47.414808,4,1.9790827161504665,-0.43748415167509924,0.0,407.0,27.0,1.0,678078.0,1.0,1601872.0,76291.0
2025-12-16T15:06:48.115709,1,1.8636464499439436,-0.43197142547320955,0.0,420.0,32.0,1.0,454200.0,1.0,1273416.0,61412.0
2025-12-16T15:06:48.215304,2,1.8463016481641314,-0.4303458974928637,0.0,417.0,31.0,1.0,609507.0,1.0,1379302.0,64327.0
2025-12-16T15:06:48.315405,3,1.8287110064743946,-0.4294724957634259,0.0,414.0,30.0,1.0,495308.0,1.0,1198560.0,58948.0
2025-12-16T15:06:48.415642,4,1.8119022752798788,-0.42845073685242896,0.0,416.0,31.0,1.0,690118.0,1.0,1629211.0,75597.0
2025-12-16T15:06:49.115053,1,1.694199795078994,-0.42018355169007526,0.0,435.0,40.0,1.0,445823.0,1.0,1255018.0,60504.0
2025-12-16T15:06:49.215464,2,1.6908790382629528,-0.422795628748056,0.0,409.0,28.0,1.0,625389.0,1.0,1365368.0,64830.0
2025-12-16T15:06:49.314977,3,1.691030833133485,-0.4226594576705711,0.0,418.0,32.0,1.0,507183.0,1.0,1203030.0,58729.0
2025-12-16T15:06:49.416800,4,1.691030861375022,-0.42265940992489975,0.0,411.0,29.0,1.0,692223.0,1.0,1595920.0,75982.0
2025-12-16T15:06:50.116237,1,1.608439351021891,-0.4140772818427605,0.0,406.0,26.0,1.0,456511.0,1.0,1276437.0,62270.0
2025-12-16T15:06:50.215663,2,1.588286986496858,-0.4141818794830301,0.0,406.0,26.0,1.0,616353.0,1.0,1363060.0,65027.0
2025-12-16T15:06:50.315356,3,1.5707597810494225,-0.41367475317416313,0.0,415.0,30.0,1.0,500871.0,1.0,1203030.0,58888.0
2025-12-16T15:06:50.415607,4,1.5545778156513654,-0.41309357419117726,0.0,400.0,20.0,1.0,683840.0,1.0,1611115.0,77935.0
2025-12-16T15:06:51.116681,1,1.4358803510293723,-0.40581763761055567,0.0,415.0,30.0,1.0,447334.0,1.0,1258421.0,61746.0
2025-12-16T15:06:51.216072,3,1.4185227106106373,-0.4051043474588351,0.0,410.0,28.0,1.0,496988.0,1.0,1208335.0,59188.0
2025-12-16T15:06:51.313551,4,1.395749165368331,-0.40351217683393237,0.0,420.0,33.0,1.0,696453.0,1.0,1604585.0,75700.0
2025-12-16T15:06:52.116265,1,1.2625262491361395,-0.39389897569148774,0.0,417.0,31.0,1.0,462421.0,1.0,1267397.0,61620.0
2025-12-16T15:06:52.216282,2,1.2455323331520172,-0.39261177307746975,0.0,400.0,19.0,1.0,614270.0,1.0,1366293.0,66384.0
2025-12-16T15:06:52.317392,3,1.2225668802044274,-0.3914747479841699,0.0,400.0,21.0,1.0,504273.0,1.0,1228126.0,60259.0
2025-12-16T15:06:52.415801,4,1.2051522334876288,-0.3905349275553358,0.0,404.0,25.0,1.0,691755.0,1.0,1601872.0,76939.0
2025-12-16T15:06:53.115435,1,1.0890989415011634,-0.38190706280304154,0.0,416.0,31.0,1.0,456511.0,1.0,1274710.0,61683.0
2025-12-16T15:06:53.215039,2,1.071988545457095,-0.3806840837632029,0.0,407.0,27.0,1.0,618861.0,1.0,1394794.0,65226.0
2025-12-16T15:06:53.317894,3,1.04910300097455,-0.37892940859701363,0.0,413.0,29.0,1.0,493468.0,1.0,1191684.0,59088.0
2025-12-16T15:06:53.415484,4,1.0375770453056297,-0.37820517522769564,0.0,420.0,32.0,1.0,691755.0,1.0,1634181.0,75751.0
2025-12-16T15:06:54.118118,1,0.9111234017821431,-0.3712255576577213,0.0,413.0,30.0,1.0,454815.0,1.0,1255018.0,61829.0
2025-12-16T15:06:54.217778,2,0.8941137856774304,-0.3705260055147411,0.0,405.0,26.0,1.0,618024.0,1.0,1359834.0,65403.0
2025-12-16T15:06:54.315542,4,0.8818111577599441,-0.36960752012082015,0.0,420.0,32.0,1.0,697161.0,1.0,1625355.0,75751.0
2025-12-16T15:06:55.115399,1,0.7446069869166494,-0.3607021801290193,0.0,407.0,27.0,1.0,456975.0,1.0,1273416.0,62249.0
2025-12-16T15:06:55.217959,2,0.7216741834645414,-0.3595106982916034,0.0,405.0,26.0,1.0,623909.0,1.0,1381171.0,65447.0
2025-12-16T15:06:55.317217,3,0.7038933016072941,-0.3582278358474026,0.0,422.0,33.0,1.0,509420.0,1.0,1184446.0,58590.0
2025-12-16T15:06:55.415583,4,0.692003256135248,-0.35755270180321114,0.0,402.0,25.0,1.0,706902.0,1.0,1663759.0,77096.0
2025-12-16T15:06:56.115800,1,0.5709495388144126,-0.34976894383802803,0.0,400.0,23.0,1.0,446427.0,1.0,1280764.0,62736.0
2025-12-16T15:06:56.215584,2,0.5536508973633255,-0.34895292848577325,0.0,422.0,34.0,1.0,624120.0,1.0,1362137.0,64327.0
2025-12-16T15:06:56.313862,3,0.530131649001125,-0.3477254616800323,0.0,413.0,29.0,1.0,507698.0,1.0,1211201.0,59088.0
2025-12-16T15:06:56.417644,4,0.5120114518575759,-0.34638375145379996,0.0,413.0,30.0,1.0,693161.0,1.0,1626456.0,76265.0
2025-12-16T15:06:57.116175,1,0.3984431850367445,-0.33746321723070527,0.0,416.0,31.0,1.0,456511.0,1.0,1266968.0,61725.0
2025-12-16T15:06:57.215676,2,0.38069490612982904,-0.33670673265111273,0.0,415.0,30.0,1.0,618024.0,1.0,1371853.0,64786.0
2025-12-16T15:06:57.318025,3,0.35706043503161056,-0.3356795070926299,0.0,400.0,23.0,1.0,506668.0,1.0,1204660.0,59934.0
2025-12-16T15:06:57.414964,4,0.3395662073017524,-0.33449365136015174,0.0,420.0,33.0,1.0,698578.0,1.0,1599705.0,75751.0
2025-12-16T15:06:58.116503,1,0.21966003998704708,-0.32711247019496276,0.0,417.0,31.0,1.0,452206.0,1.0,1286412.0,61662.0
2025-12-16T15:06:58.217141,2,0.2022289115236795,-0.32573405832165264,0.0,425.0,35.0,1.0,636493.0,1.0,1382106.0,64131.0
2025-12-16T15:06:58.317131,3,0.18502401681341202,-0.32457542156082364,0.0,413.0,29.0,1.0,510628.0,1.0,1201403.0,59128.0
2025-12-16T15:06:58.416258,4,0.17281422977906066,-0.32385217546769784,0.0,422.0,33.0,1.0,691521.0,1.0,1640276.0,75623.0
2025-12-16T15:06:59.115481,1,0.14880479040262393,-0.3235968322796596,0.0,400.0,23.0,1.0,456821.0,1.0,1276869.0,62885.0
2025-12-16T15:06:59.216100,2,0.14804473079901193,-0.3239984771563194,0.0,428.0,36.0,1.0,615103.0,1.0,1367681.0,63958.0
2025-12-16T15:06:59.317975,3,0.14894080305527982,-0.32636869629355675,0.0,405.0,26.0,1.0,510628.0,1.0,1194510.0,59570.0
2025-12-16T15:06:59.415666,4,0.14897507162030685,-0.32689624541541024,0.0,413.0,29.0,1.0,694570.0,1.0,1639721.0,76265.0
2025-12-16T15:07:00.115346,1,0.14936142093282814,-0.32278151047195264,0.0,414.0,30.0,1.0,463517.0,1.0,1279032.0,61892.0
2025-12-16T15:07:00.215082,2,0.15047394763917152,-0.3244157432558538,0.0,419.0,32.0,1.0,618443.0,1.0,1378836.0,64501.0
2025-12-16T15:07:00.315304,3,0.14866650070154439,-0.32431416956202486,0.0,419.0,32.0,1.0,507526.0,1.0,1198560.0,58769.0
2025-12-16T15:07:00.415799,4,0.14714404877242745,-0.3232876895427513,0.0,400.0,24.0,1.0,710260.0,1.0,1643611.0,77305.0
2025-12-16T15:07:01.115656,1,0.1501488252878752,-0.3242052213225329,0.0,408.0,27.0,1.0,448547.0,1.0,1281198.0,62249.0
2025-12-16T15:07:01.215688,2,0.1477097360020977,-0.3245390353601872,0.0,403.0,25.0,1.0,642553.0,1.0,1381171.0,65558.0
2025-12-16T15:07:01.313622,3,0.14662410788687122,-0.3233253721990547,0.0,421.0,33.0,1.0,509247.0,1.0,1219015.0,58650.0
2025-12-16T15:07:01.415684,4,0.14782491179898086,-0.32278765719182645,0.0,415.0,30.0,1.0,709779.0,1.0,1619316.0,76136.0
2025-12-16T15:07:02.115016,1,0.1485721683868732,-0.32404008156469366,0.0,414.0,30.0,1.0,461795.0,1.0,1286847.0,61892.0
2025-12-16T15:07:02.215538,2,0.14719235234371816,-0.32391034202323776,0.0,422.0,33.0,1.0,628359.0,1.0,1374642.0,64370.0
2025-12-16T15:07:02.315297,3,0.14890902093963013,-0.32550634240107157,0.0,425.0,35.0,1.0,508730.0,1.0,1214896.0,58451.0
2025-12-16T15:07:02.415430,4,0.15097201120228487,-0.3257740644695023,0.0,400.0,19.0,1.0,694570.0,1.0,1612206.0,78412.0
2025-12-16T15:07:03.116555,1,0.13268005231854751,-0.3704697134040852,0.0,420.0,33.0,1.0,461482.0,1.0,1288155.0,61558.0
2025-12-16T15:07:03.216205,2,0.12545659963881448,-0.3904292940646648,0.0,405.0,26.0,1.0,644077.0,1.0,1383042.0,65425.0
2025-12-16T15:07:03.315722,3,0.11875006018262449,-0.40939681208318207,0.0,412.0,29.0,1.0,507698.0,1.0,1212432.0,59148.0
2025-12-16T15:07:03.417230,4,0.11119068492130392,-0.43263152634053553,0.0,416.0,31.0,1.0,704275.0,1.0,1625355.0,76369.0
2025-12-16T15:07:04.115279,1,0.07724754198051047,-0.5399265677951246,0.0,404.0,26.0,1.0,458835.0,1.0,1291647.0,62524.0
2025-12-16T15:07:04.215181,2,0.07250574357767924,-0.5570693485727092,0.0,406.0,27.0,1.0,617188.0,1.0,1373247.0,65358.0
2025-12-16T15:07:04.315060,3,0.06712831737053077,-0.573956030437534,0.0,411.0,29.0,1.0,506497.0,1.0,1198154.0,59228.0
2025-12-16T15:07:05.117465,2,0.02222686645491972,-0.7113321090012198,0.0,413.0,29.0,1.0,617815.0,1.0,1372318.0,64939.0
2025-12-16T15:07:05.216022,3,0.01842932325938365,-0.7225249252028451,0.0,410.0,28.0,1.0,507870.0,1.0,1208335.0,59308.0
2025-12-16T15:07:05.317451,4,0.011452221399883455,-0.7446552697085789,0.0,413.0,30.0,1.0,705946.0,1.0,1625906.0,76550.0
2025-12-16T15:07:06.116922,1,-0.0063237667399743125,-0.8052414926527273,0.0,407.0,27.0,1.0,465561.0,1.0,1285977.0,62376.0
2025-12-16T15:07:06.214733,2,-0.00609573328248947,-0.8036376599485402,0.0,412.0,29.0,1.0,626024.0,1.0,1389611.0,64983.0
2025-12-16T15:07:06.314266,3,-0.004093095498115278,-0.8012435833512471,0.0,413.0,30.0,1.0,510110.0,1.0,1194510.0,59108.0
2025-12-16T15:07:06.415040,4,-0.002522271574033356,-0.7997524469890973,0.0,411.0,28.0,1.0,709059.0,1.0,1643611.0,76757.0
2025-12-16T15:07:07.116608,1,-0.0064308425421756125,-0.8026968334992204,0.0,412.0,29.0,1.0,448547.0,1.0,1296026.0,62060.0
2025-12-16T15:07:07.216347,2,-0.005781253681990271,-0.8015816210589817,0.0,410.0,28.0,1.0,620119.0,1.0,1378836.0,65160.0
2025-12-16T15:07:07.315986,3,-0.004852397774044132,-0.8010776572923163,0.0,428.0,36.0,1.0,508558.0,1.0,1190071.0,58274.0
2025-12-16T15:07:07.414220,4,-0.005316669847480806,-0.8026846973110262,0.0,404.0,26.0,1.0,710500.0,1.0,1650858.0,77253.0
2025-12-16T15:07:08.115532,1,-0.003949249662873776,-0.7999497869882777,0.0,415.0,31.0,1.0,471109.0,1.0,1285977.0,61871.0
2025-12-16T15:07:08.216317,2,-0.0033393099775007365,-0.8009828876015296,0.0,421.0,33.0,1.0,633055.0,1.0,1384916.0,64436.0
2025-12-16T15:07:08.317581,3,-0.004729320746478734,-0.8022815559103637,0.0,419.0,32.0,1.0,512532.0,1.0,1204660.0,58769.0
2025-12-16T15:07:08.415487,4,-0.005714746552182358,-0.802321806160077,0.0,416.0,31.0,1.0,695040.0,1.0,1617125.0,76420.0
2025-12-16T15:07:09.116110,1,-0.0048474849659763735,-0.7994514051157123,0.0,407.0,27.0,1.0,452359.0,1.0,1292959.0,62376.0
2025-12-16T15:07:09.216837,2,-0.0050632966507465705,-0.8024828041235766,0.0,423.0,34.0,1.0,628359.0,1.0,1381171.0,64305.0
2025-12-16T15:07:09.316196,3,-0.005004742949456257,-0.8023391487659808,0.0,400.0,23.0,1.0,500702.0,1.0,1209153.0,59974.0
2025-12-16T15:07:09.415687,4,-0.0042554044131981016,-0.8001105122961312,0.0,403.0,25.0,1.0,705230.0,1.0,1639721.0,77410.0
2025-12-16T15:07:10.116061,1,-0.004040277206119459,-0.800482340263527,0.0,425.0,35.0,1.0,461170.0,1.0,1294273.0,61288.0
2025-12-16T15:07:10.215717,2,-0.004040277206119459,-0.800482340263527,0.0,403.0,25.0,1.0,627721.0,1.0,1386792.0,65580.0
2025-12-16T15:07:10.315219,3,-0.0033762062980977822,-0.8007824325488268,0.0,422.0,34.0,1.0,510628.0,1.0,1213663.0,58590.0
2025-12-16T15:07:10.416312,4,-0.003155610875760273,-0.8008808989219153,0.0,420.0,33.0,1.0,707142.0,1.0,1646952.0,76111.0
2025-12-16T15:07:11.115955,1,0.047760749291345536,-0.8270775482156704,0.0,410.0,28.0,1.0,461639.0,1.0,1310583.0,62249.0
2025-12-16T15:07:11.216015,2,0.06668414290313346,-0.8339581246839102,0.0,416.0,31.0,1.0,633913.0,1.0,1380236.0,64786.0
2025-12-16T15:07:11.313720,3,0.08942114780546474,-0.8432151618454654,0.0,406.0,26.0,1.0,507698.0,1.0,1232706.0,59570.0
2025-12-16T15:07:11.416232,4,0.09983198610586119,-0.8481742824290868,0.0,427.0,36.0,1.0,700235.0,1.0,1650299.0,75623.0
2025-12-16T15:07:12.115243,1,0.20946347834642765,-0.8952844236990107,0.0,406.0,26.0,1.0,458835.0,1.0,1304829.0,62460.0
2025-12-16T15:07:12.215667,2,0.22598461097975292,-0.9019330776408742,0.0,414.0,30.0,1.0,639299.0,1.0,1384916.0,64895.0
2025-12-16T15:07:12.315119,3,0.24236654841275881,-0.9086084570545164,0.0,403.0,25.0,1.0,512359.0,1.0,1203438.0,59711.0
2025-12-16T15:07:12.414531,4,0.26345276432539066,-0.9178585441131215,0.0,410.0,28.0,1.0,717994.0,1.0,1654774.0,76887.0
2025-12-16T15:07:13.115776,1,0.37031618097805763,-0.9625424220353799,0.0,420.0,33.0,1.0,462421.0,1.0,1303505.0,61620.0
2025-12-16T15:07:13.215619,2,0.3868954179787325,-0.9697755306546595,0.0,406.0,26.0,1.0,638867.0,1.0,1387731.0,65403.0
2025-12-16T15:07:13.317510,3,0.40725220069986096,-0.9788360992776758,0.0,414.0,30.0,1.0,516363.0,1.0,1207518.0,59108.0
2025-12-16T15:07:13.415914,4,0.42278413775634466,-0.9852757357189172,0.0,408.0,27.0,1.0,697161.0,1.0,1628659.0,77044.0
2025-12-16T15:07:14.115633,1,0.5344925964287304,-1.0360074907402237,0.0,414.0,30.0,1.0,460546.0,1.0,1299980.0,62018.0
2025-12-16T15:07:14.216705,2,0.5576600459025991,-1.0464264640032028,0.0,415.0,30.0,1.0,625600.0,1.0,1394794.0,64873.0
2025-12-16T15:07:14.316468,4,0.5752865572993472,-1.0537526718747663,0.0,414.0,30.0,1.0,704752.0,1.0,1663196.0,76602.0
2025-12-16T15:07:15.115608,1,0.7173847468945822,-1.1145218932201446,0.0,428.0,36.0,1.0,467140.0,1.0,1288591.0,61163.0
2025-12-16T15:07:15.215327,3,0.7362320044339687,-1.1224191241592607,0.0,418.0,32.0,1.0,506325.0,1.0,1225634.0,58888.0
2025-12-16T15:07:15.315483,4,0.7558218143081316,-1.1306021561724187,0.0,412.0,29.0,1.0,703323.0,1.0,1637503.0,76757.0
2025-12-16T15:07:16.116291,1,0.9141494124413514,-1.1996952154442473,0.0,417.0,31.0,1.0,460390.0,1.0,1326200.0,61808.0
2025-12-16T15:07:16.215309,2,0.9272712993620301,-1.2056418427932094,0.0,416.0,31.0,1.0,642336.0,1.0,1384447.0,64808.0
2025-12-16T15:07:16.313395,3,0.9526720209191661,-1.2161690906785616,0.0,405.0,26.0,1.0,513400.0,1.0,1206292.0,59650.0
2025-12-16T15:07:16.416254,4,0.9654274491712662,-1.2212760016232158,0.0,441.0,42.0,1.0,716295.0,1.0,1661508.0,74631.0
2025-12-16T15:07:17.115043,1,1.0987989357916335,-1.2803619731804792,0.0,400.0,16.0,1.0,461014.0,1.0,1305712.0,64349.0
2025-12-16T15:07:17.215574,2,1.11740105511487,-1.2882746009337607,0.0,405.0,26.0,1.0,634127.0,1.0,1391022.0,65491.0
2025-12-16T15:07:17.315831,3,1.136450028261128,-1.296833569663296,0.0,421.0,33.0,1.0,502740.0,1.0,1214896.0,58689.0
2025-12-16T15:07:17.414490,4,1.1617444042993206,-1.3079713459703393,0.0,419.0,32.0,1.0,718723.0,1.0,1656455.0,76214.0
2025-12-16T15:07:18.115614,1,1.2890306867610757,-1.3639339244399427,0.0,426.0,35.0,1.0,466034.0,1.0,1295149.0,61725.0
2025-12-16T15:07:18.215287,2,1.3080656974955411,-1.3726487414986266,0.0,400.0,22.0,1.0,637139.0,1.0,1383042.0,66070.0
2025-12-16T15:07:18.315647,3,1.3269158459557493,-1.3811979531613043,0.0,411.0,28.0,1.0,506325.0,1.0,1220253.0,59288.0
2025-12-16T15:07:18.414817,4,1.3456378719335327,-1.3889262979443084,0.0,428.0,36.0,1.0,699524.0,1.0,1643611.0,75572.0
2025-12-16T15:07:19.115731,1,1.4025782975110284,-1.4113903012096038,0.0,415.0,30.0,1.0,466192.0,1.0,1307481.0,62376.0
2025-12-16T15:07:19.215074,2,1.4146380788108386,-1.4200184689930675,0.0,406.0,26.0,1.0,637139.0,1.0,1396211.0,65491.0
2025-12-16T15:07:19.315988,3,1.432352376336629,-1.4308826062237807,0.0,423.0,34.0,1.0,515490.0,1.0,1216130.0,58610.0
2025-12-16T15:07:19.415531,4,1.455227956576283,-1.4394998599107232,0.0,410.0,28.0,1.0,714358.0,1.0,1663759.0,76887.0
2025-12-16T15:07:20.114993,1,1.594226590952563,-1.4964018817728402,0.0,419.0,32.0,1.0,471109.0,1.0,1287283.0,62123.0
2025-12-16T15:07:20.215417,2,1.6135909113531923,-1.5052188309244192,0.0,423.0,34.0,1.0,633055.0,1.0,1368144.0,64414.0
2025-12-16T15:07:20.316902,3,1.639823188749619,-1.5163032771022809,0.0,405.0,26.0,1.0,511493.0,1.0,1224390.0,59610.0
2025-12-16T15:07:20.415510,4,1.6531517934786861,-1.5216162586742485,0.0,423.0,34.0,1.0,705230.0,1.0,1625906.0,75931.0
2025-12-16T15:07:21.118521,1,1.7931707635834864,-1.5831149705657237,0.0,403.0,25.0,1.0,469517.0,1.0,1323061.0,63140.0
2025-12-16T15:07:21.215219,2,1.8059972311839239,-1.5882590298453214,0.0,417.0,31.0,1.0,644295.0,1.0,1401893.0,64742.0
2025-12-16T15:07:21.313813,3,1.8304492845146865,-1.5991273952294898,0.0,418.0,32.0,1.0,517413.0,1.0,1214485.0,58888.0
2025-12-16T15:07:21.416416,4,1.8430513811991012,-1.6053142396782862,0.0,400.0,21.0,1.0,707142.0,1.0,1679601.0,78147.0
2025-12-16T15:07:22.115452,1,1.9770793849951787,-1.6639824718095815,0.0,411.0,28.0,1.0,470472.0,1.0,1305712.0,62693.0
2025-12-16T15:07:22.217374,2,2.0004510813185448,-1.6731062601418545,0.0,424.0,35.0,1.0,643859.0,1.0,1391493.0,64305.0
2025-12-16T15:07:22.315134,3,2.0061736891183304,-1.6744936221167956,0.0,413.0,29.0,1.0,512532.0,1.0,1222734.0,59168.0
2025-12-16T15:07:22.415060,4,2.0124637980766895,-1.6766802571743926,0.0,407.0,27.0,1.0,722871.0,1.0,1666577.0,77200.0
2025-12-16T15:07:23.116735,2,2.0045738523811014,-1.6807860090904658,0.0,406.0,26.0,1.0,638867.0,1.0,1383979.0,65447.0
2025-12-16T15:07:23.215731,3,2.00590913886244,-1.6804634133200012,0.0,412.0,29.0,1.0,510801.0,1.0,1220253.0,59248.0
2025-12-16T15:07:23.316436,4,2.0074008798438254,-1.6790509516083165,0.0,427.0,36.0,1.0,718480.0,1.0,1633075.0,75700.0
2025-12-16T15:07:24.115122,1,2.0052137478353207,-1.6778469471074715,0.0,412.0,29.0,1.0,474630.0,1.0,1297343.0,62608.0
2025-12-16T15:07:24.217127,2,2.002394959179343,-1.6774853635657816,0.0,412.0,29.0,1.0,636062.0,1.0,1393378.0,65093.0
2025-12-16T15:07:24.315840,3,2.0022924533621405,-1.6772177049264274,0.0,402.0,25.0,1.0,511493.0,1.0,1219428.0,59812.0
2025-12-16T15:07:24.415583,4,2.003792991551869,-1.6775453970644527,0.0,426.0,35.0,1.0,713633.0,1.0,1671661.0,75751.0
2025-12-16T15:07:25.115212,1,2.0053684328803834,-1.6780884038331307,0.0,406.0,26.0,1.0,468089.0,1.0,1324854.0,63012.0
2025-12-16T15:07:25.216164,2,2.0024824034375044,-1.6777432221783488,0.0,409.0,28.0,1.0,626024.0,1.0,1401893.0,65270.0
2025-12-16T15:07:25.316351,3,2.0015784874307863,-1.6776259246282377,0.0,408.0,27.0,1.0,505127.0,1.0,1229789.0,59489.0
2025-12-16T15:07:25.415694,4,2.0022017019026195,-1.6780897024873593,0.0,405.0,26.0,1.0,712185.0,1.0,1666013.0,77305.0
2025-12-16T15:07:26.117818,1,2.0040379372344206,-1.6796598597014398,0.0,422.0,33.0,1.0,471747.0,1.0,1309696.0,62060.0
2025-12-16T15:07:26.215830,2,2.003888728997332,-1.6787842086893139,0.0,411.0,29.0,1.0,631130.0,1.0,1406170.0,65137.0
2025-12-16T15:07:26.314029,3,2.0038662812012573,-1.6789325449472743,0.0,423.0,34.0,1.0,518464.0,1.0,1212432.0,58630.0
2025-12-16T15:07:26.415146,4,2.001389760797429,-1.6805008786017934,0.0,418.0,32.0,1.0,707620.0,1.0,1677329.0,76369.0
2025-12-16T15:07:27.115214,1,1.9302937988598545,-1.8049890473227188,0.0,419.0,32.0,1.0,464302.0,1.0,1326200.0,62249.0
2025-12-16T15:07:27.215465,2,1.9199250079955978,-1.8223167414327908,0.0,407.0,27.0,1.0,639299.0,1.0,1396684.0,65403.0
2025-12-16T15:07:27.316478,3,1.9057231489209239,-1.8450057594838756,0.0,400.0,24.0,1.0,512532.0,1.0,1224390.0,59954.0
2025-12-16T15:07:27.414183,4,1.895144051164091,-1.8621118472522564,0.0,409.0,28.0,1.0,722871.0,1.0,1645280.0,77070.0
2025-12-16T15:07:28.119034,1,1.8175766001919473,-1.9853500283294758,0.0,418.0,32.0,1.0,467298.0,1.0,1306154.0,62313.0
2025-12-16T15:07:28.215685,2,1.8101508531284254,-1.997144949849354,0.0,422.0,33.0,1.0,633484.0,1.0,1399996.0,64501.0
2025-12-16T15:07:28.316765,3,1.7956948285549656,-2.020817393359153,0.0,416.0,31.0,1.0,515664.0,1.0,1228957.0,59048.0
2025-12-16T15:07:28.415740,4,1.7883106858958313,-2.03286717625263,0.0,400.0,24.0,1.0,725812.0,1.0,1655334.0,77751.0
2025-12-16T15:07:29.115324,1,1.7240896632831753,-2.1389427775058025,0.0,439.0,41.0,1.0,482077.0,1.0,1313691.0,61019.0
2025-12-16T15:07:29.215045,2,1.722114327895088,-2.141634877816424,0.0,413.0,30.0,1.0,655735.0,1.0,1414762.0,65027.0
2025-12-16T15:07:29.315487,3,1.7227375573774222,-2.13997723255611,0.0,402.0,25.0,1.0,517238.0,1.0,1217778.0,59832.0
2025-12-16T15:07:29.415277,4,1.7225861796258075,-2.136182263499888,0.0,411.0,28.0,1.0,718480.0,1.0,1679033.0,76965.0
2025-12-16T15:07:30.116553,1,1.7206800286420816,-2.1388570301782592,0.0,420.0,33.0,1.0,464774.0,1.0,1307481.0,62165.0
2025-12-16T15:07:30.215051,2,1.7213211473350478,-2.137550228414167,0.0,416.0,31.0,1.0,641467.0,1.0,1410460.0,64830.0
2025-12-16T15:07:30.315681,3,1.7227924211215446,-2.135154301746809,0.0,414.0,30.0,1.0,508042.0,1.0,1229789.0,59148.0
2025-12-16T15:07:30.416006,4,1.7231845519610678,-2.134572047367995,0.0,409.0,28.0,1.0,718967.0,1.0,1658138.0,77096.0
2025-12-16T15:07:31.114872,1,1.7209066861706808,-2.1345140194281718,0.0,416.0,31.0,1.0,472227.0,1.0,1305271.0,62397.0
2025-12-16T15:07:31.216525,2,1.7210745063635782,-2.134973752409461,0.0,406.0,27.0,1.0,632413.0,1.0,1409028.0,65469.0
2025-12-16T15:07:31.314584,3,1.720692792168998,-2.13362406513808,0.0,423.0,34.0,1.0,517938.0,1.0,1214896.0,58650.0
2025-12-16T15:07:31.417167,4,1.7208427426883472,-2.134955655259326,0.0,407.0,27.0,1.0,707142.0,1.0,1687007.0,77253.0
2025-12-16T15:07:32.116040,1,1.7201487467711427,-2.13368668820836,0.0,418.0,32.0,1.0,476884.0,1.0,1336564.0,62313.0
2025-12-16T15:07:32.217025,2,1.7212313564380357,-2.1342090394200413,0.0,412.0,29.0,1.0,639732.0,1.0,1403792.0,65115.0
2025-12-16T15:07:32.318002,3,1.7224283564035192,-2.132656008640874,0.0,415.0,30.0,1.0,513574.0,1.0,1231872.0,59088.0
2025-12-16T15:07:32.415265,4,1.7228050893274085,-2.1328471084042895,0.0,412.0,29.0,1.0,726058.0,1.0,1668270.0,76887.0
2025-12-16T15:07:33.115323,1,1.703597911785649,-2.1166193488717595,0.0,405.0,26.0,1.0,479149.0,1.0,1337469.0,63098.0
2025-12-16T15:07:33.216438,2,1.6793243668707092,-2.1002350111911094,0.0,400.0,22.0,1.0,636277.0,1.0,1389141.0,66160.0
2025-12-16T15:07:33.316523,3,1.6587610516060443,-2.0865660256396112,0.0,409.0,28.0,1.0,522693.0,1.0,1221907.0,59449.0
2025-12-16T15:07:33.415173,4,1.645185830118892,-2.0777432832783087,0.0,411.0,29.0,1.0,710500.0,1.0,1647509.0,76965.0
2025-12-16T15:07:34.115195,1,1.527080995159604,-1.993890113267528,0.0,423.0,34.0,1.0,467298.0,1.0,1326649.0,61997.0
2025-12-16T15:07:34.215192,2,1.510669048363839,-1.9813731847046123,0.0,408.0,27.0,1.0,645386.0,1.0,1410460.0,65403.0
2025-12-16T15:07:35.116152,1,1.3554113080648555,-1.864328322812297,0.0,419.0,32.0,1.0,475917.0,1.0,1316362.0,62270.0
2025-12-16T15:07:35.218398,2,1.3385716457977292,-1.8516207367302417,0.0,420.0,33.0,1.0,634986.0,1.0,1382106.0,64611.0
2025-12-16T15:07:35.315970,3,1.3270431406469128,-1.8430940844349637,0.0,400.0,24.0,1.0,519694.0,1.0,1222320.0,59954.0
2025-12-16T15:07:35.416159,4,1.3106928951589387,-1.8300587227919358,0.0,416.0,31.0,1.0,726058.0,1.0,1663759.0,76602.0
2025-12-16T15:07:36.115143,1,1.2117234039307632,-1.7552175734084554,0.0,411.0,28.0,1.0,476239.0,1.0,1326649.0,62778.0
2025-12-16T15:07:36.215409,2,1.2089698871866605,-1.753339176220804,0.0,400.0,20.0,1.0,642118.0,1.0,1399049.0,66541.0
2025-12-16T15:07:36.313448,3,1.2104780603653553,-1.7517220674189455,0.0,410.0,28.0,1.0,517062.0,1.0,1247396.0,59368.0
2025-12-16T15:07:36.415711,4,1.2082489346381518,-1.749810937682102,0.0,420.0,33.0,1.0,724340.0,1.0,1662633.0,76317.0
2025-12-16T15:07:37.115044,1,1.0811343284475177,-1.6820688072998853,0.0,416.0,31.0,1.0,467773.0,1.0,1349747.0,62460.0
2025-12-16T15:07:37.215333,3,1.063443906303776,-1.6724312709103843,0.0,419.0,32.0,1.0,524288.0,1.0,1230206.0,58888.0
2025-12-16T15:07:37.316890,4,1.0397995376266327,-1.6595308048840842,0.0,414.0,30.0,1.0,711704.0,1.0,1707110.0,76757.0
2025-12-16T15:07:38.115075,1,0.8975811563687157,-1.5859883490723907,0.0,413.0,30.0,1.0,472546.0,1.0,1333401.0,62630.0
2025-12-16T15:07:38.216433,2,0.8733757730226557,-1.573347232538305,0.0,414.0,30.0,1.0,648671.0,1.0,1426301.0,65137.0
2025-12-16T15:07:38.315276,3,0.8612417499584071,-1.5672966110744686,0.0,411.0,29.0,1.0,512186.0,1.0,1238142.0,59328.0
2025-12-16T15:07:38.415448,4,0.8433448907432616,-1.5578013606003145,0.0,407.0,27.0,1.0,734213.0,1.0,1672793.0,77305.0
2025-12-16T15:07:39.116683,1,0.7081534321424869,-1.4858783808091152,0.0,418.0,32.0,1.0,477530.0,1.0,1316362.0,62355.0
2025-12-16T15:07:39.214972,2,0.6957759755815277,-1.479389769109653,0.0,406.0,26.0,1.0,648452.0,1.0,1402842.0,65646.0
2025-12-16T15:07:39.317197,3,0.6706034221881194,-1.4659457415107504,0.0,414.0,30.0,1.0,524465.0,1.0,1215719.0,59148.0
2025-12-16T15:07:39.415887,4,0.6578437655137214,-1.4592094243905533,0.0,400.0,21.0,1.0,707142.0,1.0,1679033.0,78438.0
2025-12-16T15:07:40.116242,1,0.5301783337137104,-1.3917092327842284,0.0,400.0,19.0,1.0,484039.0,1.0,1342457.0,64240.0
2025-12-16T15:07:40.217114,2,0.5055028779771689,-1.3791812994230193,0.0,412.0,29.0,1.0,652635.0,1.0,1412848.0,65226.0
2025-12-16T15:07:40.315163,3,0.49582035198220803,-1.3750011938981679,0.0,408.0,27.0,1.0,523933.0,1.0,1228126.0,59489.0
2025-12-16T15:07:40.415669,4,0.4895355972697533,-1.3738481914374807,0.0,410.0,28.0,1.0,717265.0,1.0,1700766.0,77122.0
2025-12-16T15:07:41.115435,1,0.41922644923712776,-1.3328177929407905,0.0,412.0,29.0,1.0,485845.0,1.0,1343366.0,62778.0
2025-12-16T15:07:41.215818,2,0.39777347583239364,-1.3217597187390662,0.0,407.0,27.0,1.0,650650.0,1.0,1420520.0,65558.0
2025-12-16T15:07:41.313640,3,0.3721839129578204,-1.3087342805974331,0.0,400.0,18.0,1.0,510282.0,1.0,1224390.0,61143.0
2025-12-16T15:07:41.415957,4,0.36030696281326896,-1.3020426696664353,0.0,410.0,28.0,1.0,728520.0,1.0,1659260.0,77122.0
2025-12-16T15:07:42.115932,2,0.23433286646553034,-1.2339015482106326,0.0,406.0,26.0,1.0,645386.0,1.0,1420039.0,65646.0
2025-12-16T15:07:42.216241,3,0.2158718054574912,-1.2242018589006587,0.0,417.0,31.0,1.0,516538.0,1.0,1220667.0,59348.0
2025-12-16T15:07:42.316512,4,0.19203339959317808,-1.2106228136570907,0.0,420.0,32.0,1.0,723850.0,1.0,1691009.0,76420.0
2025-12-16T15:07:43.115864,1,0.051379105557722154,-1.1363366076109431,0.0,400.0,22.0,1.0,475917.0,1.0,1350204.0,63806.0
2025-12-16T15:07:43.215062,2,0.0325132857409548,-1.1262990639516415,0.0,402.0,24.0,1.0,656179.0,1.0,1437447.0,65936.0
2025-12-16T15:07:43.315394,3,0.014410236163025964,-1.1164746183053285,0.0,410.0,28.0,1.0,516188.0,1.0,1241499.0,59792.0
2025-12-16T15:07:43.417523,4,-0.010451680421731589,-1.1037190645508734,0.0,407.0,27.0,1.0,728766.0,1.0,1694446.0,77410.0
2025-12-16T15:07:44.115954,1,-0.13949759273866402,-1.0368991649749373,0.0,405.0,26.0,1.0,479311.0,1.0,1328896.0,63226.0
2025-12-16T15:07:44.214964,2,-0.14990415407958196,-1.0319611086009668,0.0,401.0,24.0,1.0,646698.0,1.0,1409505.0,66003.0
2025-12-16T15:07:44.318076,3,-0.15991290551365434,-1.0274189370940356,0.0,408.0,27.0,1.0,518991.0,1.0,1244023.0,59893.0
2025-12-16T15:07:44.415557,4,-0.16245304974932875,-1.026891884902713,0.0,400.0,23.0,1.0,717994.0,1.0,1679033.0,78120.0
2025-12-16T15:07:45.116445,1,-0.15948773559710955,-1.028308499122036,0.0,419.0,32.0,1.0,480611.0,1.0,1346097.0,62418.0
2025-12-16T15:07:45.217691,2,-0.15936098866767603,-1.0295691666938867,0.0,413.0,30.0,1.0,667152.0,1.0,1438908.0,65226.0
2025-12-16T15:07:45.315607,3,-0.1592750671387606,-1.030540683341509,0.0,413.0,30.0,1.0,525531.0,1.0,1227295.0,59610.0
2025-12-16T15:07:45.415125,4,-0.1592156857888554,-1.0303107879621836,0.0,418.0,32.0,1.0,729507.0,1.0,1696168.0,76576.0
2025-12-16T15:07:46.115369,1,-0.158709836743803,-1.0309331695925341,0.0,413.0,29.0,1.0,474951.0,1.0,1349290.0,62778.0
2025-12-16T15:07:46.214825,2,-0.15988999215127772,-1.029331414670731,0.0,402.0,25.0,1.0,651311.0,1.0,1418118.0,65936.0
2025-12-16T15:07:46.317089,3,-0.15839986742454848,-1.0305363582937954,0.0,401.0,24.0,1.0,520222.0,1.0,1229373.0,60320.0
2025-12-16T15:07:46.416058,4,-0.15833462329207879,-1.0307197725380826,0.0,411.0,29.0,1.0,719454.0,1.0,1663196.0,77070.0
2025-12-16T15:07:47.115936,1,-0.15801772292735303,-1.0282900311050276,0.0,411.0,28.0,1.0,480448.0,1.0,1334304.0,62927.0
2025-12-16T15:07:47.217464,2,-0.15938641960446173,-1.0283740027513852,0.0,401.0,24.0,1.0,644950.0,1.0,1422444.0,66025.0
2025-12-16T15:07:47.315582,3,-0.1593840176820141,-1.028507558248797,0.0,423.0,34.0,1.0,523401.0,1.0,1228957.0,59048.0
2025-12-16T15:07:47.414573,4,-0.15885228433439144,-1.0282491975387378,0.0,413.0,29.0,1.0,745986.0,1.0,1700191.0,76965.0
2025-12-16T15:07:48.115046,1,-0.2346483807120718,-1.1192262840622578,0.0,401.0,24.0,1.0,476562.0,1.0,1347921.0,63569.0
2025-12-16T15:07:48.214719,2,-0.25232956777153437,-1.1407151936030109,0.0,407.0,27.0,1.0,669867.0,1.0,1407598.0,65624.0
2025-12-16T15:07:48.315173,3,-0.2609851016058398,-1.1513507781110008,0.0,400.0,23.0,1.0,519342.0,1.0,1237723.0,60484.0
2025-12-16T15:07:48.416612,4,-0.2784583077202034,-1.1721880278583492,0.0,422.0,33.0,1.0,738200.0,1.0,1683015.0,76317.0
2025-12-16T15:07:49.115346,1,-0.3670484332566956,-1.2797359126018286,0.0,404.0,25.0,1.0,471269.0,1.0,1347921.0,63376.0
2025-12-16T15:07:49.215214,2,-0.38025384973941057,-1.295519292277699,0.0,400.0,20.0,1.0,653740.0,1.0,1420520.0,66677.0
2025-12-16T15:07:49.315859,3,-0.3931689592124278,-1.3122459324817262,0.0,418.0,32.0,1.0,523224.0,1.0,1239819.0,59348.0
2025-12-16T15:07:49.415682,4,-0.40654965807350224,-1.3280213717802525,0.0,413.0,30.0,1.0,723360.0,1.0,1650858.0,76939.0
2025-12-16T15:07:50.115355,1,-0.4982117012414081,-1.4418007510838535,0.0,417.0,31.0,1.0,475917.0,1.0,1342457.0,62608.0
2025-12-16T15:07:50.218479,2,-0.515913325894498,-1.4619470693887837,0.0,400.0,21.0,1.0,661530.0,1.0,1445252.0,66609.0
2025-12-16T15:07:50.315177,3,-0.5248513731197803,-1.4726726798367638,0.0,423.0,34.0,1.0,525709.0,1.0,1241499.0,59068.0
2025-12-16T15:07:50.415665,4,-0.5378086943871639,-1.488058876245382,0.0,405.0,26.0,1.0,733964.0,1.0,1699040.0,77541.0
2025-12-16T15:07:51.115246,1,-0.5475664760453655,-1.4995470591571751,0.0,410.0,28.0,1.0,483712.0,1.0,1369070.0,63012.0
2025-12-16T15:07:51.214817,2,-0.5465862920510479,-1.5004799011132124,0.0,406.0,27.0,1.0,651752.0,1.0,1407122.0,65802.0
2025-12-16T15:07:51.313431,3,-0.545184003380265,-1.5022355332796777,0.0,400.0,23.0,1.0,518289.0,1.0,1249508.0,60586.0
2025-12-16T15:07:51.415293,4,-0.5448710548086129,-1.5032107712918337,0.0,400.0,21.0,1.0,727042.0,1.0,1669400.0,78465.0
2025-12-16T15:07:52.115249,1,-0.5447118720124414,-1.5039427246958545,0.0,410.0,28.0,1.0,485845.0,1.0,1344731.0,63012.0
2025-12-16T15:07:52.217054,2,-0.545438555885357,-1.5040659309133888,0.0,408.0,27.0,1.0,664223.0,1.0,1427267.0,65691.0
2025-12-16T15:07:52.316104,3,-0.5448391762265028,-1.503422676250298,0.0,417.0,31.0,1.0,528206.0,1.0,1236886.0,59449.0
2025-12-16T15:07:52.414309,4,-0.5454634113151612,-1.503325546444112,0.0,405.0,26.0,1.0,724831.0,1.0,1711159.0,77646.0
2025-12-16T15:07:53.116340,1,-0.5459021969341243,-1.502285598407523,0.0,408.0,27.0,1.0,494973.0,1.0,1354323.0,63183.0
2025-12-16T15:07:53.216171,2,-0.5457250449899099,-1.5025708596560698,0.0,409.0,28.0,1.0,664448.0,1.0,1435989.0,65646.0
2025-12-16T15:07:53.315310,4,-0.5445926057803705,-1.5021884288037193,0.0,410.0,28.0,1.0,739450.0,1.0,1703647.0,77253.0
2025-12-16T15:07:54.115280,1,-0.4714396692853437,-1.6217321827955322,0.0,400.0,22.0,1.0,473988.0,1.0,1361216.0,63936.0
2025-12-16T15:07:54.217490,2,-0.4573074236111138,-1.6446362545366238,0.0,401.0,24.0,1.0,651311.0,1.0,1421001.0,66160.0
2025-12-16T15:07:54.315455,3,-0.45023076075893953,-1.6555630088022686,0.0,414.0,30.0,1.0,525887.0,1.0,1266968.0,59610.0
2025-12-16T15:07:54.415596,4,-0.43963838210468315,-1.672673579412316,0.0,423.0,34.0,1.0,720428.0,1.0,1681307.0,76317.0
2025-12-16T15:07:55.117170,1,-0.3579078284835864,-1.8006145163281084,0.0,405.0,26.0,1.0,480448.0,1.0,1349747.0,63419.0
2025-12-16T15:07:55.216578,2,-0.3481906824129701,-1.8184558334173073,0.0,412.0,29.0,1.0,660188.0,1.0,1446721.0,65491.0
2025-12-16T15:07:55.315220,3,-0.34088106177447436,-1.8298687445663218,0.0,416.0,31.0,1.0,533055.0,1.0,1240659.0,59529.0
2025-12-16T15:07:55.417158,4,-0.32584617675508876,-1.853184179280532,0.0,406.0,26.0,1.0,727042.0,1.0,1704800.0,77541.0
2025-12-16T15:07:56.115937,1,-0.26147771421978566,-1.9504403370546226,0.0,405.0,26.0,1.0,483712.0,1.0,1341095.0,63440.0
2025-12-16T15:07:56.215263,2,-0.259870977145325,-1.9534516382156084,0.0,412.0,29.0,1.0,652635.0,1.0,1411415.0,65491.0
2025-12-16T15:07:56.313648,3,-0.256701798791085,-1.957289365132076,0.0,400.0,19.0,1.0,523755.0,1.0,1245708.0,61184.0
2025-12-16T15:07:56.415662,4,-0.2528814017848288,-1.9639433022604253,0.0,400.0,20.0,1.0,733220.0,1.0,1701918.0,78891.0
2025-12-16T15:07:57.117672,1,-0.16279667821931146,-2.0673444957987797,0.0,418.0,32.0,1.0,483548.0,1.0,1355240.0,62608.0
2025-12-16T15:07:57.216274,2,-0.16092930972827665,-2.069210872669078,0.0,406.0,26.0,1.0,672821.0,1.0,1423889.0,65869.0
2025-12-16T15:07:57.315715,3,-0.16164867726463752,-2.069983944314517,0.0,414.0,30.0,1.0,519342.0,1.0,1229789.0,59671.0
2025-12-16T15:07:57.414798,4,-0.1639661924239249,-2.0734824786208574,0.0,400.0,22.0,1.0,728273.0,1.0,1738008.0,78571.0
2025-12-16T15:07:58.115251,1,-0.08850163335521676,-2.1871648069256886,0.0,403.0,25.0,1.0,486667.0,1.0,1376504.0,63569.0
2025-12-16T15:07:58.217528,2,-0.07506990761055543,-2.208688453761925,0.0,406.0,26.0,1.0,664448.0,1.0,1441833.0,65914.0
2025-12-16T15:07:58.315356,3,-0.06822514528770404,-2.2200022906426913,0.0,405.0,26.0,1.0,524288.0,1.0,1233541.0,60198.0
2025-12-16T15:07:58.415826,4,-0.0575345675728778,-2.2367743735764622,0.0,419.0,32.0,1.0,741204.0,1.0,1705955.0,76809.0
2025-12-16T15:07:59.114842,1,0.01883492692139841,-2.361802645308929,0.0,413.0,30.0,1.0,472067.0,1.0,1369070.0,62948.0
2025-12-16T15:07:59.215620,2,0.029291882251641855,-2.37934757286729,0.0,412.0,29.0,1.0,655291.0,1.0,1415720.0,65491.0
2025-12-16T15:07:59.316086,3,0.040031033036143096,-2.3969553041199574,0.0,403.0,25.0,1.0,518289.0,1.0,1241079.0,60361.0
2025-12-16T15:07:59.417239,4,0.05484980493116207,-2.4208331445045808,0.0,405.0,26.0,1.0,729754.0,1.0,1669400.0,77856.0
2025-12-16T15:08:00.115736,1,0.12591207260685325,-2.542111574923495,0.0,419.0,32.0,1.0,488483.0,1.0,1356157.0,62608.0
2025-12-16T15:08:00.215477,3,0.13595537817600573,-2.559705481664394,0.0,407.0,27.0,1.0,531434.0,1.0,1231872.0,60096.0
2025-12-16T15:08:00.317961,4,0.1460216545903992,-2.5771943258493644,0.0,419.0,32.0,1.0,744976.0,1.0,1708844.0,76835.0
2025-12-16T15:08:01.115532,2,0.22928418092744915,-2.71935812422333,0.0,400.0,23.0,1.0,680608.0,1.0,1427267.0,66406.0
2025-12-16T15:08:01.217735,3,0.2438829804176424,-2.742845844046833,0.0,400.0,18.0,1.0,528564.0,1.0,1241079.0,61454.0
2025-12-16T15:08:01.313504,4,0.2546496923709032,-2.7604415825710107,0.0,408.0,27.0,1.0,740452.0,1.0,1715218.0,77672.0
2025-12-16T15:08:02.115017,1,0.27013790188023695,-2.786910397627927,0.0,409.0,28.0,1.0,480774.0,1.0,1372782.0,63226.0
2025-12-16T15:08:02.217002,2,0.28746852282054025,-2.8172423752294273,0.0,415.0,30.0,1.0,653077.0,1.0,1431137.0,65336.0
2025-12-16T15:08:02.314945,3,0.2967826574855422,-2.832302422556664,0.0,416.0,31.0,1.0,521456.0,1.0,1241079.0,59751.0
2025-12-16T15:08:02.415529,4,0.3140730381117026,-2.859748641111457,0.0,434.0,39.0,1.0,746743.0,1.0,1735657.0,75725.0
2025-12-16T15:08:03.115597,1,0.3808585475247393,-2.9754901628277572,0.0,406.0,26.0,1.0,484859.0,1.0,1349290.0,63419.0
2025-12-16T15:08:03.215327,2,0.39111131247067005,-2.993819438418043,0.0,404.0,26.0,1.0,660412.0,1.0,1431137.0,66025.0
2025-12-16T15:08:03.316995,3,0.4053714968824277,-3.0176674719371896,0.0,413.0,29.0,1.0,528742.0,1.0,1245708.0,59934.0
2025-12-16T15:08:03.416568,4,0.41595789394106597,-3.0354654473979954,0.0,414.0,30.0,1.0,750544.0,1.0,1708844.0,77226.0
2025-12-16T15:08:04.117195,1,0.49057610316788797,-3.160986539994891,0.0,401.0,24.0,1.0,483057.0,1.0,1368144.0,63720.0
2025-12-16T15:08:04.215745,2,0.49784723458264774,-3.173303302350978,0.0,400.0,23.0,1.0,662427.0,1.0,1431621.0,66496.0
2025-12-16T15:08:04.315820,3,0.5084126861759478,-3.191121302451106,0.0,402.0,25.0,1.0,524998.0,1.0,1251201.0,60566.0
2025-12-16T15:08:04.416347,4,0.5223596021998074,-3.215036192316192,0.0,422.0,33.0,1.0,730990.0,1.0,1714057.0,76654.0
2025-12-16T15:08:05.115683,1,0.5936740163073846,-3.333200899961845,0.0,400.0,24.0,1.0,487492.0,1.0,1349747.0,63828.0
2025-12-16T15:08:05.215151,2,0.6050075044798786,-3.3512776444015495,0.0,400.0,22.0,1.0,656845.0,1.0,1431621.0,66541.0
2025-12-16T15:08:05.315174,3,0.615568000051578,-3.3693678466397228,0.0,416.0,31.0,1.0,531973.0,1.0,1249508.0,59772.0
2025-12-16T15:08:06.115503,1,0.6865956340939023,-3.489729306303217,0.0,410.0,28.0,1.0,491800.0,1.0,1355699.0,63226.0
2025-12-16T15:08:06.216434,2,0.6877886402149634,-3.4935630129735196,0.0,400.0,20.0,1.0,671683.0,1.0,1427750.0,67198.0
2025-12-16T15:08:06.314121,3,0.6848909375387958,-3.4921004161648175,0.0,419.0,32.0,1.0,533235.0,1.0,1251201.0,59610.0
2025-12-16T15:08:06.414991,4,0.6826387937014702,-3.4913855876594164,0.0,400.0,18.0,1.0,742208.0,1.0,1724531.0,79642.0
2025-12-16T15:08:07.116712,1,0.6829107247890388,-3.494807376832367,0.0,407.0,27.0,1.0,494806.0,1.0,1373247.0,63419.0
2025-12-16T15:08:07.216360,2,0.6817655331487531,-3.4942894402562943,0.0,401.0,24.0,1.0,660412.0,1.0,1446721.0,66496.0
2025-12-16T15:08:07.315221,3,0.6801556407920556,-3.49286931427206,0.0,415.0,30.0,1.0,523578.0,1.0,1255868.0,59832.0
2025-12-16T15:08:07.415308,4,0.6802658994877397,-3.49150524696421,0.0,403.0,25.0,1.0,737201.0,1.0,1725699.0,78412.0
2025-12-16T15:08:08.115459,1,0.6824826236019078,-3.493277536692838,0.0,414.0,30.0,1.0,489144.0,1.0,1353864.0,62970.0
2025-12-16T15:08:08.217587,2,0.685427825477566,-3.4949725980935096,0.0,405.0,26.0,1.0,665798.0,1.0,1445252.0,66294.0
2025-12-16T15:08:08.315027,3,0.6858508225297377,-3.4949263510333726,0.0,420.0,32.0,1.0,530715.0,1.0,1241079.0,59570.0
2025-12-16T15:08:08.415377,4,0.6851589626411808,-3.4944694474142475,0.0,406.0,26.0,1.0,733220.0,1.0,1723948.0,78173.0
2025-12-16T15:08:09.117617,1,0.6821221482630013,-3.4914559303408894,0.0,405.0,26.0,1.0,497324.0,1.0,1371389.0,63569.0
2025-12-16T15:08:09.215747,2,0.6820236297251353,-3.4930769825425667,0.0,405.0,26.0,1.0,667377.0,1.0,1450643.0,66316.0
2025-12-16T15:08:09.316039,3,0.6798769544427082,-3.4931793102777893,0.0,416.0,31.0,1.0,526421.0,1.0,1252048.0,59792.0
2025-12-16T15:08:09.415171,4,0.6801520744295428,-3.492993634301884,0.0,419.0,32.0,1.0,751561.0,1.0,1721616.0,77253.0
2025-12-16T15:08:10.115910,1,0.6312167933720556,-3.518779610020725,0.0,420.0,32.0,1.0,476884.0,1.0,1360295.0,62672.0
2025-12-16T15:08:10.216471,2,0.603686043423176,-3.5364095450497333,0.0,407.0,27.0,1.0,656179.0,1.0,1436961.0,66204.0
2025-12-16T15:08:10.316290,3,0.5837864798890544,-3.548134472118473,0.0,422.0,34.0,1.0,536494.0,1.0,1255868.0,59429.0
2025-12-16T15:08:10.416308,4,0.5714978179838593,-3.5556161046329233,0.0,402.0,25.0,1.0,757178.0,1.0,1708844.0,78491.0
2025-12-16T15:08:11.117674,1,0.44112829283875066,-3.6277039797832487,0.0,400.0,23.0,1.0,491301.0,1.0,1355699.0,64066.0
2025-12-16T15:08:11.216015,2,0.42908613127285505,-3.6349386031548336,0.0,416.0,31.0,1.0,666249.0,1.0,1435503.0,65580.0
2025-12-16T15:08:11.313630,3,0.40536075863176796,-3.6478989408170723,0.0,414.0,30.0,1.0,533055.0,1.0,1249086.0,59893.0
2025-12-16T15:08:11.416717,4,0.38674105005390125,-3.657971399035137,0.0,409.0,28.0,1.0,748261.0,1.0,1724531.0,78015.0
2025-12-16T15:08:12.115653,1,0.2641897245250672,-3.7239279746149507,0.0,406.0,26.0,1.0,497156.0,1.0,1383510.0,63526.0
2025-12-16T15:08:12.216326,2,0.24030318144385107,-3.7360941930224323,0.0,421.0,33.0,1.0,653740.0,1.0,1445252.0,65270.0
2025-12-16T15:08:12.317117,3,0.22194366117105485,-3.7461843687067113,0.0,403.0,25.0,1.0,524110.0,1.0,1236886.0,60566.0
2025-12-16T15:08:12.415163,4,0.2115959446797619,-3.754050213745719,0.0,415.0,30.0,1.0,742710.0,1.0,1705378.0,77567.0
2025-12-16T15:08:13.115994,1,0.20792795514897672,-3.7534733997441334,0.0,411.0,28.0,1.0,489310.0,1.0,1372318.0,63247.0
2025-12-16T15:08:13.215441,2,0.2077548704382736,-3.751647446455689,0.0,402.0,25.0,1.0,669187.0,1.0,1429200.0,66496.0
2025-12-16T15:08:13.316405,4,0.2074074043541178,-3.7514357641037557,0.0,423.0,34.0,1.0,741204.0,1.0,1732136.0,76939.0
2025-12-16T15:08:14.117251,1,0.20602979453353326,-3.7564032672912977,0.0,402.0,25.0,1.0,490803.0,1.0,1382106.0,63785.0
2025-12-16T15:08:14.215719,2,0.20532914984225975,-3.7570480225786924,0.0,401.0,24.0,1.0,678767.0,1.0,1454084.0,66564.0
2025-12-16T15:08:14.315836,3,0.20393133658991966,-3.7593591697861104,0.0,412.0,29.0,1.0,533958.0,1.0,1245287.0,60056.0
2025-12-16T15:08:14.415582,4,0.2035509567936988,-3.7595005389975644,0.0,410.0,28.0,1.0,753598.0,1.0,1717542.0,77962.0
2025-12-16T15:08:15.117110,1,0.20675456513464854,-3.7561403407576868,0.0,400.0,24.0,1.0,479636.0,1.0,1367218.0,63936.0
2025-12-16T15:08:15.215134,2,0.20672685173628205,-3.7551893236294194,0.0,409.0,28.0,1.0,664448.0,1.0,1439882.0,66070.0
2025-12-16T15:08:15.315424,3,0.2068034836351154,-3.755718507598468,0.0,414.0,30.0,1.0,529459.0,1.0,1253320.0,59954.0
2025-12-16T15:08:15.415220,4,0.20729429788997245,-3.756611147311396,0.0,419.0,32.0,1.0,751561.0,1.0,1728037.0,77253.0
2025-12-16T15:08:16.117298,1,0.18464794710614182,-3.722683351544951,0.0,423.0,34.0,1.0,491468.0,1.0,1375107.0,62566.0
2025-12-16T15:08:16.217291,2,0.17013538205689074,-3.703968679475023,0.0,409.0,28.0,1.0,674873.0,1.0,1444275.0,66070.0
2025-12-16T15:08:16.313530,3,0.15590216647262492,-3.6853450407193447,0.0,423.0,34.0,1.0,526956.0,1.0,1240659.0,59389.0
2025-12-16T15:08:16.416491,4,0.14654027428572297,-3.6730839772647346,0.0,418.0,32.0,1.0,748515.0,1.0,1730964.0,77383.0
2025-12-16T15:08:17.115121,1,0.06524806555925167,-3.554072694799671,0.0,409.0,28.0,1.0,489144.0,1.0,1402842.0,63419.0
2025-12-16T15:08:17.215225,2,0.052971411677486424,-3.536638136753647,0.0,409.0,28.0,1.0,660412.0,1.0,1431137.0,66070.0
2025-12-16T15:08:17.315242,3,0.04126528869574673,-3.519133320938012,0.0,400.0,19.0,1.0,531254.0,1.0,1266968.0,61495.0
2025-12-16T15:08:17.414126,4,0.025659601518030227,-3.4967574684787213,0.0,426.0,35.0,1.0,748261.0,1.0,1721033.0,76757.0
2025-12-16T15:08:18.117910,1,-0.057852868896985044,-3.3773195349173983,0.0,400.0,22.0,1.0,499686.0,1.0,1381171.0,64262.0
2025-12-16T15:08:18.216919,2,-0.06953659784614243,-3.360275187398216,0.0,404.0,26.0,1.0,664672.0,1.0,1430168.0,66406.0
2025-12-16T15:08:18.315901,3,-0.07751550552602912,-3.348508942968449,0.0,426.0,35.0,1.0,528921.0,1.0,1247818.0,59288.0
2025-12-16T15:08:18.416018,4,-0.09359253229997877,-3.3257084447508176,0.0,433.0,39.0,1.0,747502.0,1.0,1770065.0,76214.0
2025-12-16T15:08:19.116263,1,-0.173696790010276,-3.21112316401814,0.0,406.0,26.0,1.0,495979.0,1.0,1395266.0,63634.0
2025-12-16T15:08:19.217458,2,-0.18878169032350545,-3.1885424368185036,0.0,410.0,28.0,1.0,672365.0,1.0,1462969.0,66025.0
2025-12-16T15:08:19.315419,3,-0.19648045891698618,-3.1776072480265927,0.0,413.0,29.0,1.0,536675.0,1.0,1248240.0,60035.0
2025-12-16T15:08:19.416111,4,-0.2079665075822936,-3.160492763404343,0.0,417.0,31.0,1.0,755130.0,1.0,1710001.0,77436.0
2025-12-16T15:08:20.115293,2,-0.2673371657367175,-3.08326611953407,0.0,414.0,30.0,1.0,657958.0,1.0,1437447.0,65802.0
2025-12-16T15:08:20.214840,3,-0.2673371657367175,-3.08326611953407,0.0,407.0,27.0,1.0,531074.0,1.0,1261406.0,60361.0
2025-12-16T15:08:20.315212,4,-0.2673371657367175,-3.08326611953407,0.0,410.0,28.0,1.0,734710.0,1.0,1693300.0,77988.0
2025-12-16T15:08:21.116019,1,-0.34689934281402685,-2.9560472945785317,0.0,415.0,30.0,1.0,493969.0,1.0,1376970.0,63076.0
2025-12-16T15:08:21.217143,2,-0.35770036150725193,-2.9398324488635614,0.0,413.0,29.0,1.0,656845.0,1.0,1474402.0,65869.0
2025-12-16T15:08:21.313500,3,-0.3686602728695782,-2.9237008558671516,0.0,405.0,26.0,1.0,540503.0,1.0,1257144.0,60504.0
2025-12-16T15:08:21.414830,4,-0.3755931648791221,-2.9127344555157277,0.0,422.0,34.0,1.0,750544.0,1.0,1736832.0,77070.0
2025-12-16T15:08:22.115315,1,-0.4584939325907856,-2.791755864993065,0.0,414.0,30.0,1.0,490803.0,1.0,1371853.0,63140.0
2025-12-16T15:08:22.216202,2,-0.47015719687355834,-2.774823017140027,0.0,425.0,35.0,1.0,664897.0,1.0,1432590.0,65115.0
2025-12-16T15:08:22.316251,3,-0.4860465608871345,-2.7523579890071885,0.0,406.0,26.0,1.0,538130.0,1.0,1247818.0,60484.0
2025-12-16T15:08:22.414606,4,-0.4975943106089582,-2.734958471594497,0.0,423.0,34.0,1.0,744220.0,1.0,1737420.0,76965.0
2025-12-16T15:08:23.115066,1,-0.572958486387269,-2.6189464510531506,0.0,410.0,28.0,1.0,486997.0,1.0,1391022.0,63397.0
2025-12-16T15:08:23.217112,3,-0.5892620481614799,-2.5963358003630232,0.0,400.0,23.0,1.0,533777.0,1.0,1263115.0,60957.0
2025-12-16T15:08:23.316441,4,-0.5971308742023521,-2.5841164372829173,0.0,412.0,29.0,1.0,751561.0,1.0,1723948.0,77830.0
2025-12-16T15:08:24.115186,1,-0.6891854001245341,-2.4460378065675417,0.0,404.0,26.0,1.0,495308.0,1.0,1373247.0,63763.0
2025-12-16T15:08:24.216085,2,-0.7004731842690716,-2.4290298283976317,0.0,408.0,27.0,1.0,666249.0,1.0,1453592.0,66182.0
2025-12-16T15:08:24.316574,3,-0.7159841360492186,-2.4059216107894845,0.0,416.0,31.0,1.0,533416.0,1.0,1249086.0,59913.0
2025-12-16T15:08:24.417932,4,-0.7264404695795151,-2.3920015238572048,0.0,408.0,27.0,1.0,754109.0,1.0,1743310.0,78173.0
2025-12-16T15:08:25.115038,1,-0.7332964716424452,-2.3807157931557215,0.0,407.0,27.0,1.0,492300.0,1.0,1393850.0,63634.0
2025-12-16T15:08:25.216080,2,-0.7450006936460137,-2.359321589782239,0.0,421.0,33.0,1.0,677620.0,1.0,1445742.0,65358.0
2025-12-16T15:08:25.315143,3,-0.7537825648727322,-2.345458612269581,0.0,420.0,33.0,1.0,535587.0,1.0,1281632.0,59650.0
2025-12-16T15:08:25.415329,4,-0.7678890168182942,-2.324281920758893,0.0,402.0,24.0,1.0,734213.0,1.0,1726868.0,78651.0
2025-12-16T15:08:26.115144,1,-0.8503641509242038,-2.2023847896772737,0.0,400.0,22.0,1.0,497998.0,1.0,1382106.0,64370.0
2025-12-16T15:08:26.215065,2,-0.8625860469983279,-2.1846223500419524,0.0,400.0,23.0,1.0,671683.0,1.0,1445742.0,66903.0
2025-12-16T15:08:26.313399,3,-0.8777125287869375,-2.161279618054577,0.0,416.0,31.0,1.0,531254.0,1.0,1246974.0,59934.0
2025-12-16T15:08:26.415297,4,-0.8858346703867872,-2.149867312633841,0.0,419.0,32.0,1.0,754364.0,1.0,1736832.0,77305.0
2025-12-16T15:08:27.115564,1,-0.9668148804864785,-2.0292072618091037,0.0,419.0,32.0,1.0,491967.0,1.0,1395266.0,62885.0
2025-12-16T15:08:27.217493,2,-0.982579091715153,-2.006477249351129,0.0,401.0,24.0,1.0,691053.0,1.0,1462474.0,66677.0
2025-12-16T15:08:27.317629,3,-0.9944021258231727,-1.9894814982146336,0.0,419.0,32.0,1.0,541785.0,1.0,1249508.0,59731.0
2025-12-16T15:08:27.414886,4,-1.006009771027013,-1.972579697081837,0.0,418.0,32.0,1.0,756665.0,1.0,1707688.0,77436.0
2025-12-16T15:08:28.118169,1,-1.0864641412193632,-1.851003916603585,0.0,409.0,28.0,1.0,489144.0,1.0,1401419.0,63505.0
2025-12-16T15:08:28.215924,2,-1.0939387082134366,-1.8391590942172509,0.0,426.0,35.0,1.0,664448.0,1.0,1442321.0,65049.0
2025-12-16T15:08:28.315562,3,-1.105833392352735,-1.822028619598266,0.0,402.0,25.0,1.0,528206.0,1.0,1263542.0,60730.0
2025-12-16T15:08:28.415568,4,-1.11797506352599,-1.8052236989616042,0.0,430.0,37.0,1.0,747249.0,1.0,1742131.0,76550.0
2025-12-16T15:08:29.115086,1,-1.1834984260903036,-1.7150405655632066,0.0,400.0,23.0,1.0,499010.0,1.0,1392907.0,64196.0
2025-12-16T15:08:29.215692,2,-1.1835711704541838,-1.7139444089104878,0.0,400.0,23.0,1.0,670547.0,1.0,1461485.0,66903.0
2025-12-16T15:08:29.317522,3,-1.181576735637834,-1.7167874762059012,0.0,406.0,26.0,1.0,541236.0,1.0,1247396.0,60504.0
2025-12-16T15:08:29.415230,4,-1.1808990563134192,-1.7186033972159225,0.0,423.0,34.0,1.0,764646.0,1.0,1745672.0,77070.0
2025-12-16T15:08:30.117797,1,-1.1823242823727647,-1.7201244461330107,0.0,402.0,25.0,1.0,493635.0,1.0,1399049.0,63979.0
2025-12-16T15:08:30.214837,2,-1.1821648606899922,-1.7195104879590684,0.0,416.0,31.0,1.0,675330.0,1.0,1451134.0,65735.0
2025-12-16T15:08:30.315286,3,-1.1823810021778418,-1.720879229594681,0.0,408.0,27.0,1.0,533777.0,1.0,1268255.0,60402.0
2025-12-16T15:08:30.415548,4,-1.1823781120670003,-1.7221815239361882,0.0,406.0,26.0,1.0,746491.0,1.0,1727452.0,78332.0
2025-12-16T15:08:31.116160,1,-1.1834531861606918,-1.7212859201629274,0.0,400.0,17.0,1.0,486997.0,1.0,1384916.0,65580.0
2025-12-16T15:08:31.215280,2,-1.1838543472196508,-1.7202136870697704,0.0,402.0,25.0,1.0,662427.0,1.0,1446721.0,66631.0
2025-12-16T15:08:31.313619,3,-1.184000452757551,-1.7184007377562016,0.0,411.0,29.0,1.0,536857.0,1.0,1258847.0,60239.0
2025-12-16T15:08:31.416206,4,-1.1834486949475043,-1.717714982299156,0.0,417.0,31.0,1.0,761805.0,1.0,1740952.0,77541.0
2025-12-16T15:08:32.115492,1,-1.1826828390298507,-1.7199830232304054,0.0,421.0,33.0,1.0,496988.0,1.0,1384447.0,63312.0
2025-12-16T15:08:32.215772,2,-1.183029228811249,-1.7210231825520825,0.0,400.0,20.0,1.0,674416.0,1.0,1459014.0,67494.0
2025-12-16T15:08:32.315995,3,-1.1845055775286464,-1.7207027608996235,0.0,418.0,32.0,1.0,534319.0,1.0,1249931.0,59812.0
2025-12-16T15:08:32.414675,4,-1.1856086026860353,-1.7192052093112558,0.0,411.0,29.0,1.0,756153.0,1.0,1737420.0,77935.0
2025-12-16T15:08:33.116716,1,-1.1847338306961177,-1.7193419726792616,0.0,406.0,26.0,1.0,491800.0,1.0,1414284.0,64283.0
2025-12-16T15:08:33.216404,2,-1.1847338306961177,-1.7193419726792616,0.0,415.0,30.0,1.0,663100.0,1.0,1453100.0,65936.0
2025-12-16T15:08:33.317249,4,-1.1847338306961177,-1.7193419726792616,0.0,426.0,36.0,1.0,741706.0,1.0,1757529.0,76809.0
2025-12-16T15:08:34.115593,1,-1.1847338306961177,-1.7193419726792616,0.0,424.0,34.0,1.0,495476.0,1.0,1399049.0,63183.0
2025-12-16T15:08:34.216500,2,-1.1847338306961177,-1.7193419726792616,0.0,407.0,27.0,1.0,670320.0,1.0,1460496.0,66474.0
2025-12-16T15:08:34.315789,3,-1.1847338306961177,-1.7193419726792616,0.0,401.0,24.0,1.0,530535.0,1.0,1271263.0,60854.0
2025-12-16T15:08:34.415725,4,-1.1847338306961177,-1.7193419726792616,0.0,400.0,23.0,1.0,766200.0,1.0,1731550.0,78944.0
2025-12-16T15:08:35.116935,1,-1.1847338306961177,-1.7193419726792616,0.0,409.0,27.0,1.0,504615.0,1.0,1401893.0,64131.0
2025-12-16T15:08:35.215225,2,-1.1847338306961177,-1.7193419726792616,0.0,415.0,30.0,1.0,679227.0,1.0,1455561.0,65958.0
2025-12-16T15:08:35.315026,3,-1.1847338306961177,-1.7193419726792616,0.0,411.0,29.0,1.0,538130.0,1.0,1249508.0,60239.0
2025-12-16T15:08:36.115340,1,-1.1847338306961177,-1.7193419726792616,0.0,426.0,35.0,1.0,499855.0,1.0,1406170.0,63076.0
2025-12-16T15:08:36.215671,2,-1.1847338306961177,-1.7193419726792616,0.0,402.0,25.0,1.0,667603.0,1.0,1460990.0,66789.0
2025-12-16T15:08:36.313416,3,-1.1847338306961177,-1.7193419726792616,0.0,400.0,21.0,1.0,536857.0,1.0,1266968.0,61371.0
2025-12-16T15:08:36.415337,4,-1.1847338306961177,-1.7193419726792616,0.0,426.0,35.0,1.0,744220.0,1.0,1707110.0,76861.0
2025-12-16T15:08:37.115518,1,-1.1847338306961177,-1.7193419726792616,0.0,425.0,35.0,1.0,498166.0,1.0,1383979.0,63098.0
2025-12-16T15:08:37.215595,2,-1.1847338306961177,-1.7193419726792616,0.0,425.0,35.0,1.0,668734.0,1.0,1460496.0,65336.0
2025-12-16T15:08:37.315302,3,-1.1847338306961177,-1.7193419726792616,0.0,401.0,24.0,1.0,543438.0,1.0,1241079.0,60854.0
2025-12-16T15:08:37.414353,4,-1.1847338306961177,-1.7193419726792616,0.0,418.0,32.0,1.0,758204.0,1.0,1743310.0,77488.0
2025-12-16T15:08:38.116213,2,-1.1847338306961177,-1.7193419726792616,0.0,424.0,35.0,1.0,668960.0,1.0,1440369.0,65358.0
2025-12-16T15:08:38.216235,3,-1.1847338306961177,-1.7193419726792616,0.0,427.0,36.0,1.0,548984.0,1.0,1252896.0,59389.0
2025-12-16T15:08:38.315454,4,-1.1847338306961177,-1.7193419726792616,0.0,419.0,32.0,1.0,751815.0,1.0,1716379.0,77410.0
2025-12-16T15:08:39.115278,1,-1.1847338306961177,-1.7193419726792616,0.0,414.0,30.0,1.0,500532.0,1.0,1397156.0,63828.0
2025-12-16T15:08:39.216802,2,-1.1847338306961177,-1.7193419726792616,0.0,406.0,26.0,1.0,684535.0,1.0,1456547.0,66564.0
2025-12-16T15:08:39.317813,3,-1.1847338306961177,-1.7193419726792616,0.0,425.0,35.0,1.0,530715.0,1.0,1260126.0,59449.0
2025-12-16T15:08:39.415163,4,-1.1847338306961177,-1.7193419726792616,0.0,417.0,31.0,1.0,764387.0,1.0,1743901.0,77541.0
2025-12-16T15:08:40.115257,1,-1.1847338306961177,-1.7193419726792616,0.0,426.0,35.0,1.0,499010.0,1.0,1392907.0,63076.0
2025-12-16T15:08:40.215060,2,-1.1847338306961177,-1.7193419726792616,0.0,402.0,25.0,1.0,678997.0,1.0,1471411.0,66789.0
2025-12-16T15:08:40.315684,3,-1.1847338306961177,-1.7193419726792616,0.0,423.0,34.0,1.0,540503.0,1.0,1244865.0,59610.0
2025-12-16T15:08:40.416251,4,-1.1847338306961177,-1.7193419726792616,0.0,411.0,29.0,1.0,760774.0,1.0,1753963.0,77988.0
2025-12-16T15:08:41.116417,1,-1.2629524802604533,-1.770704073040705,0.0,415.0,30.0,1.0,507183.0,1.0,1411415.0,63742.0
2025-12-16T15:08:41.215720,2,-1.2798938499999757,-1.7862013685828888,0.0,412.0,29.0,1.0,674416.0,1.0,1454084.0,66204.0
2025-12-16T15:08:41.313500,3,-1.3013338680111939,-1.8029927441881686,0.0,406.0,26.0,1.0,543990.0,1.0,1284237.0,60586.0
2025-12-16T15:08:41.417192,4,-1.3150632860034432,-1.8177141920639555,0.0,400.0,20.0,1.0,746743.0,1.0,1710001.0,79507.0
2025-12-16T15:08:42.116026,1,-1.3945988014510078,-1.9339404711366175,0.0,422.0,34.0,1.0,502399.0,1.0,1399996.0,63312.0
2025-12-16T15:08:42.215036,2,-1.4047387330344834,-1.9535300228878667,0.0,424.0,34.0,1.0,664672.0,1.0,1466440.0,65425.0
2025-12-16T15:08:42.317747,3,-1.415523895697241,-1.9780686888646204,0.0,406.0,27.0,1.0,533416.0,1.0,1249086.0,60566.0
2025-12-16T15:08:42.414772,4,-1.422230636418765,-1.9977317516775928,0.0,400.0,21.0,1.0,761547.0,1.0,1754557.0,79400.0
2025-12-16T15:08:43.116286,1,-1.446529531400957,-2.1369800463830733,0.0,414.0,30.0,1.0,506497.0,1.0,1434046.0,63806.0
2025-12-16T15:08:43.217057,2,-1.446706820873576,-2.1643023390677203,0.0,410.0,28.0,1.0,670093.0,1.0,1467929.0,66294.0
2025-12-16T15:08:43.317082,3,-1.4464230698082934,-2.1853003378290965,0.0,401.0,24.0,1.0,538859.0,1.0,1267397.0,60915.0
2025-12-16T15:08:43.416400,4,-1.444032658265013,-2.205603170226387,0.0,413.0,29.0,1.0,762837.0,1.0,1737420.0,77935.0
2025-12-16T15:08:44.115636,1,-1.4096091356461555,-2.340412674395233,0.0,416.0,31.0,1.0,508386.0,1.0,1401419.0,63720.0
2025-12-16T15:08:44.215981,2,-1.397665579865983,-2.36592427886375,0.0,414.0,30.0,1.0,676245.0,1.0,1450152.0,66025.0
2025-12-16T15:08:44.316675,3,-1.387435429620663,-2.3840839037136403,0.0,423.0,34.0,1.0,529997.0,1.0,1252896.0,59610.0
2025-12-16T15:08:44.415726,4,-1.3806766649764306,-2.3969395782513616,0.0,424.0,34.0,1.0,747249.0,1.0,1776066.0,77096.0
2025-12-16T15:08:45.115098,1,-1.3099791873848308,-2.530373405321511,0.0,422.0,34.0,1.0,501380.0,1.0,1411415.0,63333.0
2025-12-16T15:08:45.216452,2,-1.3037598560740276,-2.542688845154103,0.0,413.0,30.0,1.0,695746.0,1.0,1459508.0,66092.0
2025-12-16T15:08:45.315423,3,-1.2947216449539432,-2.5613416551964154,0.0,416.0,31.0,1.0,538677.0,1.0,1257995.0,60035.0
2025-12-16T15:08:45.415561,4,-1.2844677168832328,-2.5797462271236076,0.0,413.0,29.0,1.0,764905.0,1.0,1729207.0,77935.0
2025-12-16T15:08:46.115800,1,-1.2139003428642117,-2.7075137809798173,0.0,400.0,23.0,1.0,499348.0,1.0,1424854.0,64786.0
2025-12-16T15:08:46.215881,3,-1.205101711849189,-2.7272641307096093,0.0,419.0,32.0,1.0,538859.0,1.0,1261406.0,59853.0
2025-12-16T15:08:46.313505,4,-1.1959251944612435,-2.75311788121436,0.0,400.0,20.0,1.0,747755.0,1.0,1718705.0,79588.0
2025-12-16T15:08:47.117505,1,-1.1433264150942954,-2.9108958740267874,0.0,425.0,35.0,1.0,511493.0,1.0,1424854.0,63205.0
2025-12-16T15:08:47.215962,2,-1.138941256304458,-2.924633729827937,0.0,413.0,29.0,1.0,667152.0,1.0,1468923.0,66160.0
2025-12-16T15:08:47.315395,3,-1.132307959025974,-2.9445129799654377,0.0,403.0,25.0,1.0,535043.0,1.0,1269543.0,60812.0
2025-12-16T15:08:47.414446,4,-1.1247206483883259,-2.970546859050618,0.0,428.0,36.0,1.0,767758.0,1.0,1749221.0,76783.0
2025-12-16T15:08:48.115658,1,-1.0840300205649387,-3.1020585203650417,0.0,403.0,25.0,1.0,503421.0,1.0,1394322.0,64545.0
2025-12-16T15:08:48.215803,2,-1.0771870849260585,-3.121998569335499,0.0,400.0,22.0,1.0,700709.0,1.0,1481906.0,67266.0
2025-12-16T15:08:48.316633,3,-1.067929934840254,-3.1486160945500354,0.0,416.0,31.0,1.0,547870.0,1.0,1278166.0,60056.0
2025-12-16T15:08:48.416822,4,-1.060970143672234,-3.1684797399646296,0.0,410.0,28.0,1.0,761032.0,1.0,1742720.0,78173.0
2025-12-16T15:08:49.116131,1,-1.0174510739879883,-3.299533032621839,0.0,416.0,31.0,1.0,508730.0,1.0,1405218.0,63763.0
2025-12-16T15:08:49.216005,2,-1.0111158046138302,-3.3195039531352313,0.0,423.0,34.0,1.0,675787.0,1.0,1448681.0,65491.0
2025-12-16T15:08:49.315601,3,-1.005243459891353,-3.339262514779106,0.0,425.0,35.0,1.0,536494.0,1.0,1276005.0,59529.0
2025-12-16T15:08:49.415818,4,-0.9989789660162323,-3.3586867041954984,0.0,422.0,34.0,1.0,760259.0,1.0,1764084.0,77253.0
2025-12-16T15:08:50.115768,1,-0.9562966293839297,-3.4968047519902634,0.0,428.0,36.0,1.0,501380.0,1.0,1392907.0,63012.0
2025-12-16T15:08:50.217783,2,-0.9479859960512841,-3.52280915095491,0.0,423.0,34.0,1.0,695746.0,1.0,1466936.0,65491.0
2025-12-16T15:08:50.315957,3,-0.9437369162166601,-3.5358500269115867,0.0,434.0,39.0,1.0,540869.0,1.0,1266968.0,59008.0
2025-12-16T15:08:50.415851,4,-0.939439874616813,-3.540518375774607,0.0,400.0,23.0,1.0,778486.0,1.0,1733309.0,79051.0
2025-12-16T15:08:51.117018,1,-0.8978007689601862,-3.679180861631846,0.0,426.0,35.0,1.0,497998.0,1.0,1414284.0,63140.0
2025-12-16T15:08:51.215663,2,-0.8939428451927187,-3.691985395886274,0.0,405.0,26.0,1.0,682684.0,1.0,1462969.0,66677.0
2025-12-16T15:08:51.313416,3,-0.8869954117288282,-3.7162103815341645,0.0,414.0,30.0,1.0,541785.0,1.0,1275573.0,60157.0
2025-12-16T15:08:51.416972,4,-0.8831428907186967,-3.7289885022039755,0.0,432.0,38.0,1.0,764129.0,1.0,1739774.0,76550.0
2025-12-16T15:08:52.115621,1,-0.8417897871688619,-3.8588273020947996,0.0,404.0,25.0,1.0,508558.0,1.0,1421001.0,64545.0
2025-12-16T15:08:52.217304,2,-0.8394672774661066,-3.8610731602609554,0.0,413.0,29.0,1.0,671683.0,1.0,1459014.0,66182.0
2025-12-16T15:08:52.316743,4,-0.8394672774661066,-3.8610731602609554,0.0,420.0,33.0,1.0,771666.0,1.0,1755151.0,77436.0
2025-12-16T15:08:53.115379,1,-0.8394672774661066,-3.8610731602609554,0.0,422.0,33.0,1.0,502399.0,1.0,1400944.0,63440.0
2025-12-16T15:08:53.215244,2,-0.8394672774661066,-3.8610731602609554,0.0,406.0,26.0,1.0,679687.0,1.0,1483412.0,66631.0
2025-12-16T15:08:53.315718,3,-0.8394672774661066,-3.8610731602609554,0.0,420.0,33.0,1.0,541052.0,1.0,1246552.0,59812.0
2025-12-16T15:08:53.414799,4,-0.8394672774661066,-3.8610731602609554,0.0,414.0,30.0,1.0,762837.0,1.0,1746854.0,77856.0
2025-12-16T15:08:54.115311,1,-0.8149258218013223,-3.9406375663793534,0.0,418.0,32.0,1.0,514270.0,1.0,1403792.0,63655.0
2025-12-16T15:08:54.215348,2,-0.8067406197783129,-3.962964948772565,0.0,429.0,37.0,1.0,672138.0,1.0,1458520.0,65137.0
2025-12-16T15:08:54.315745,3,-0.7991112000707935,-3.9834745062715644,0.0,408.0,27.0,1.0,549170.0,1.0,1273848.0,60504.0
2025-12-16T15:08:54.415078,4,-0.792776646209344,-4.001730744445974,0.0,420.0,33.0,1.0,780068.0,1.0,1764681.0,77410.0
2025-12-16T15:08:55.116407,1,-0.7834255296868418,-4.050042409099078,0.0,415.0,30.0,1.0,505298.0,1.0,1400944.0,63893.0
2025-12-16T15:08:55.215038,2,-0.7782556011028773,-4.075413678707405,0.0,417.0,31.0,1.0,679917.0,1.0,1471411.0,65914.0
2025-12-16T15:08:55.316094,3,-0.7736626124601105,-4.0998132038033654,0.0,424.0,34.0,1.0,535043.0,1.0,1266968.0,59570.0
2025-12-16T15:08:55.415163,4,-0.7696558451272315,-4.1230044947338955,0.0,428.0,36.0,1.0,766460.0,1.0,1730378.0,76861.0
2025-12-16T15:08:56.116148,1,-0.7648581302870526,-4.20248789691039,0.0,400.0,21.0,1.0,501041.0,1.0,1441345.0,65226.0
2025-12-16T15:08:56.215011,2,-0.7648581302870526,-4.20248789691039,0.0,413.0,29.0,1.0,689651.0,1.0,1455069.0,66182.0
2025-12-16T15:08:56.313489,3,-0.7648581302870526,-4.20248789691039,0.0,416.0,31.0,1.0,540503.0,1.0,1272986.0,60015.0
2025-12-16T15:08:56.416432,4,-0.7648581302870526,-4.20248789691039,0.0,405.0,26.0,1.0,762063.0,1.0,1711738.0,78598.0
2025-12-16T15:08:57.215330,2,-0.7648581302870526,-4.20248789691039,0.0,408.0,27.0,1.0,681530.0,1.0,1460496.0,66474.0
2025-12-16T15:08:57.316673,3,-0.7648581302870526,-4.20248789691039,0.0,410.0,28.0,1.0,535043.0,1.0,1285106.0,60423.0
2025-12-16T15:08:57.415055,4,-0.7648581302870526,-4.20248789691039,0.0,435.0,40.0,1.0,761547.0,1.0,1764084.0,76291.0
2025-12-16T15:08:58.115883,1,-0.7648581302870526,-4.20248789691039,0.0,402.0,24.0,1.0,495644.0,1.0,1413805.0,64742.0
2025-12-16T15:08:58.215758,2,-0.7648581302870526,-4.20248789691039,0.0,413.0,29.0,1.0,691521.0,1.0,1483914.0,66204.0
2025-12-16T15:08:58.315646,3,-0.7648581302870526,-4.20248789691039,0.0,423.0,34.0,1.0,553836.0,1.0,1255018.0,59630.0
2025-12-16T15:08:58.415417,4,-0.7648581302870526,-4.20248789691039,0.0,406.0,26.0,1.0,772711.0,1.0,1747445.0,78544.0
2025-12-16T15:08:59.115755,1,-0.7697554316514803,-4.19183625623285,0.0,437.0,40.0,1.0,500194.0,1.0,1430652.0,62566.0
2025-12-16T15:08:59.215136,2,-0.7712554290986086,-4.19076920591332,0.0,424.0,34.0,1.0,675787.0,1.0,1477899.0,65469.0
2025-12-16T15:08:59.318945,3,-0.7739846322653154,-4.188264523012505,0.0,434.0,39.0,1.0,546019.0,1.0,1270403.0,59008.0
2025-12-16T15:08:59.417632,4,-0.7753865074629179,-4.188230495116154,0.0,403.0,25.0,1.0,764905.0,1.0,1777870.0,78757.0
2025-12-16T15:09:00.115655,1,-0.7730805822863972,-4.1916028779971946,0.0,431.0,38.0,1.0,501380.0,1.0,1429200.0,62885.0
2025-12-16T15:09:00.215192,2,-0.774358960231269,-4.190107589055884,0.0,417.0,31.0,1.0,688951.0,1.0,1467929.0,65936.0
2025-12-16T15:09:00.315302,3,-0.7738560025174385,-4.191503521421057,0.0,412.0,29.0,1.0,528921.0,1.0,1277734.0,60259.0
2025-12-16T15:09:00.415324,4,-0.7723981297718527,-4.193661985051488,0.0,403.0,25.0,1.0,763353.0,1.0,1748037.0,78784.0
2025-12-16T15:09:01.115801,1,-0.7715721092597397,-4.194899822835828,0.0,406.0,26.0,1.0,496315.0,1.0,1386792.0,64501.0
2025-12-16T15:09:01.215272,2,-0.7721855391798569,-4.196814637096513,0.0,415.0,31.0,1.0,687321.0,1.0,1488441.0,66025.0
2025-12-16T15:09:01.313405,3,-0.7730406400509624,-4.197214118102737,0.0,412.0,29.0,1.0,544912.0,1.0,1271263.0,60259.0
2025-12-16T15:09:01.416538,4,-0.7719287577526498,-4.197041850765615,0.0,412.0,29.0,1.0,751815.0,1.0,1730964.0,78094.0
2025-12-16T15:09:02.115057,1,-0.7714665031388803,-4.196073271003259,0.0,413.0,29.0,1.0,499010.0,1.0,1418598.0,64066.0
2025-12-16T15:09:02.215274,2,-0.7712318028158642,-4.196698411837895,0.0,417.0,31.0,1.0,683146.0,1.0,1460990.0,65914.0
2025-12-16T15:09:02.316548,3,-0.7707059961456638,-4.1947696822818985,0.0,430.0,37.0,1.0,540869.0,1.0,1280764.0,59208.0
2025-12-16T15:09:02.415026,4,-0.7706753313487582,-4.1923386636026265,0.0,429.0,37.0,1.0,769319.0,1.0,1748037.0,76783.0
2025-12-16T15:09:03.115796,1,-0.7705660926081211,-4.191763629162907,0.0,416.0,31.0,1.0,513053.0,1.0,1421001.0,63871.0
2025-12-16T15:09:03.217147,2,-0.7793579142630458,-4.19317226547685,0.0,415.0,30.0,1.0,698342.0,1.0,1461485.0,66070.0
2025-12-16T15:09:03.315120,3,-0.7896157605615861,-4.193632602800834,0.0,418.0,32.0,1.0,537948.0,1.0,1268255.0,59954.0
2025-12-16T15:09:03.417199,4,-0.8204184826318432,-4.197221753666701,0.0,421.0,33.0,1.0,770622.0,1.0,1757529.0,77410.0
2025-12-16T15:09:04.115119,1,-0.97252805638967,-4.196356124039698,0.0,429.0,37.0,1.0,502399.0,1.0,1409505.0,63076.0
2025-12-16T15:09:04.215332,2,-0.9863337260544501,-4.1942973852035,0.0,418.0,32.0,1.0,678308.0,1.0,1452117.0,65869.0
2025-12-16T15:09:04.315417,3,-1.0070152543330144,-4.190650799258001,0.0,416.0,31.0,1.0,548613.0,1.0,1272986.0,60035.0
2025-12-16T15:09:04.415596,4,-1.0279202790048334,-4.185913199994605,0.0,416.0,31.0,1.0,779805.0,1.0,1768268.0,77751.0
2025-12-16T15:09:05.115637,1,-1.1639434651513403,-4.131139366824388,0.0,415.0,30.0,1.0,506497.0,1.0,1414284.0,63958.0
2025-12-16T15:09:05.215285,2,-1.182773229710622,-4.120431653908023,0.0,414.0,30.0,1.0,688718.0,1.0,1463960.0,66092.0
2025-12-16T15:09:05.315048,3,-1.201246371955263,-4.109663379085892,0.0,422.0,33.0,1.0,547870.0,1.0,1263970.0,59711.0
2025-12-16T15:09:05.416665,4,-1.219309462905725,-4.097867941689271,0.0,416.0,31.0,1.0,775068.0,1.0,1751590.0,77777.0
2025-12-16T15:09:06.115706,1,-1.3262119330079682,-3.9981053119416003,0.0,430.0,37.0,1.0,509764.0,1.0,1420520.0,62991.0
2025-12-16T15:09:06.217557,2,-1.3435547750870391,-3.976004946302737,0.0,400.0,24.0,1.0,686856.0,1.0,1465943.0,67061.0
2025-12-16T15:09:06.313492,3,-1.3561684029369447,-3.958490350133921,0.0,412.0,29.0,1.0,545096.0,1.0,1281632.0,60259.0
2025-12-16T15:09:07.115335,1,-1.428054378317541,-3.8177164501145393,0.0,416.0,31.0,1.0,505127.0,1.0,1450643.0,63893.0
2025-12-16T15:09:07.217290,2,-1.4328817563883434,-3.8129561685664335,0.0,404.0,25.0,1.0,685694.0,1.0,1469918.0,66812.0
2025-12-16T15:09:07.316611,3,-1.4328819490873563,-3.8129560123186517,0.0,416.0,31.0,1.0,541785.0,1.0,1272124.0,60056.0
2025-12-16T15:09:07.414183,4,-1.4324189450240936,-3.8041959131917014,0.0,401.0,24.0,1.0,761547.0,1.0,1722781.0,78944.0
2025-12-16T15:09:08.115702,1,-1.472869686828105,-3.6655220982667287,0.0,428.0,36.0,1.0,512879.0,1.0,1427750.0,63119.0
2025-12-16T15:09:08.216120,2,-1.4784368767392937,-3.646970976305771,0.0,414.0,30.0,1.0,685694.0,1.0,1476899.0,66160.0
2025-12-16T15:09:08.315867,3,-1.4840183921760586,-3.628137085258768,0.0,414.0,30.0,1.0,549356.0,1.0,1281632.0,60198.0
2025-12-16T15:09:08.416153,4,-1.490265012906833,-3.608131548509703,0.0,420.0,32.0,1.0,771143.0,1.0,1767072.0,77541.0
2025-12-16T15:09:09.115256,1,-1.5335203127795383,-3.4674571881024967,0.0,420.0,32.0,1.0,512532.0,1.0,1412848.0,63655.0
2025-12-16T15:09:09.215397,3,-1.5392866194977213,-3.447256695112353,0.0,410.0,28.0,1.0,545835.0,1.0,1289900.0,60423.0
2025-12-16T15:09:09.315589,4,-1.544667687036176,-3.426830738053247,0.0,427.0,36.0,1.0,767238.0,1.0,1738008.0,76992.0
2025-12-16T15:09:10.115792,1,-1.591414588326277,-3.2676074026666813,0.0,411.0,29.0,1.0,503762.0,1.0,1433075.0,64175.0
2025-12-16T15:09:10.215341,2,-1.596944524128365,-3.2478997817819604,0.0,410.0,28.0,1.0,686391.0,1.0,1461980.0,66429.0
2025-12-16T15:09:10.317177,3,-1.6042944429468857,-3.221790305687577,0.0,400.0,22.0,1.0,551218.0,1.0,1284672.0,61205.0
2025-12-16T15:09:10.415095,4,-1.6084031094539493,-3.208408953799278,0.0,409.0,28.0,1.0,774282.0,1.0,1771863.0,78359.0
2025-12-16T15:09:11.115049,1,-1.6500097015320216,-3.0671507308940056,0.0,414.0,30.0,1.0,512012.0,1.0,1420039.0,64023.0
2025-12-16T15:09:11.215858,2,-1.6554591013933595,-3.0475435874034,0.0,421.0,33.0,1.0,682684.0,1.0,1462474.0,65713.0
2025-12-16T15:09:11.313452,3,-1.6633376428041093,-3.022487571837591,0.0,417.0,31.0,1.0,548427.0,1.0,1279465.0,60015.0
2025-12-16T15:09:11.416097,4,-1.6658924746694872,-3.018848611424363,0.0,412.0,29.0,1.0,787496.0,1.0,1740952.0,78094.0
2025-12-16T15:09:12.115498,1,-1.683169027062477,-2.9500649258899614,0.0,412.0,29.0,1.0,509247.0,1.0,1437934.0,64175.0
2025-12-16T15:09:12.216489,2,-1.693411070047818,-2.919058873189304,0.0,406.0,26.0,1.0,695511.0,1.0,1476899.0,66654.0
2025-12-16T15:09:12.315457,4,-1.6980954158566661,-2.904996149687074,0.0,418.0,32.0,1.0,769579.0,1.0,1729207.0,77698.0
2025-12-16T15:09:13.115503,1,-1.7436444303905252,-2.749278751145493,0.0,427.0,36.0,1.0,503762.0,1.0,1453592.0,63226.0
2025-12-16T15:09:13.216204,2,-1.7498506636942892,-2.728936985896963,0.0,415.0,30.0,1.0,684303.0,1.0,1466936.0,66115.0
2025-12-16T15:09:13.317520,3,-1.7574255609793974,-2.702352707963221,0.0,402.0,24.0,1.0,547870.0,1.0,1280331.0,60936.0
2025-12-16T15:09:13.415743,4,-1.7610740393737752,-2.6890654646812884,0.0,412.0,29.0,1.0,772711.0,1.0,1765279.0,78147.0
2025-12-16T15:09:14.115399,1,-1.801217692624059,-2.5484082499227525,0.0,424.0,34.0,1.0,510974.0,1.0,1450643.0,63419.0
2025-12-16T15:09:14.215179,2,-1.8068605033316445,-2.5283424948154147,0.0,400.0,20.0,1.0,705230.0,1.0,1480904.0,67631.0
2025-12-16T15:09:14.316604,3,-1.8147735005153018,-2.501665588904276,0.0,409.0,27.0,1.0,545650.0,1.0,1260979.0,60525.0
2025-12-16T15:09:14.415013,4,-1.8186828210207437,-2.4879975432928276,0.0,424.0,34.0,1.0,771666.0,1.0,1748037.0,77253.0
2025-12-16T15:09:15.116741,1,-1.858915523409971,-2.3465529404827055,0.0,407.0,27.0,1.0,508558.0,1.0,1440369.0,64479.0
2025-12-16T15:09:15.215054,2,-1.8636186451456687,-2.3268175651283243,0.0,406.0,26.0,1.0,677620.0,1.0,1463465.0,66744.0
2025-12-16T15:09:15.315704,3,-1.869578870484114,-2.3071602868882146,0.0,414.0,30.0,1.0,548984.0,1.0,1292522.0,60198.0
2025-12-16T15:09:15.416320,4,-1.8780879720598938,-2.279944982271757,0.0,426.0,35.0,1.0,766460.0,1.0,1777268.0,77044.0
2025-12-16T15:09:16.216297,2,-1.9546275471192631,-2.13691902155875,0.0,414.0,30.0,1.0,685230.0,1.0,1482910.0,66249.0
2025-12-16T15:09:16.313409,3,-1.9717485273218964,-2.1149329319510994,0.0,423.0,34.0,1.0,541785.0,1.0,1262687.0,59711.0
2025-12-16T15:09:16.415623,4,-1.9808048661058757,-2.104337508783668,0.0,401.0,24.0,1.0,780333.0,1.0,1747445.0,78998.0
2025-12-16T15:09:17.115715,1,-2.095497396523713,-2.00132852527913,0.0,415.0,30.0,1.0,504786.0,1.0,1431137.0,64001.0
2025-12-16T15:09:17.215285,2,-2.1073090559300836,-1.993152935305378,0.0,425.0,35.0,1.0,699998.0,1.0,1483412.0,65558.0
2025-12-16T15:09:17.318361,3,-2.131706102716955,-1.9797994049854275,0.0,418.0,32.0,1.0,545650.0,1.0,1273416.0,59974.0
2025-12-16T15:09:17.415002,4,-2.149832224164889,-1.969741717470065,0.0,405.0,26.0,1.0,765164.0,1.0,1743901.0,78677.0
2025-12-16T15:09:18.115328,1,-2.281392170488983,-1.9220032176252904,0.0,410.0,28.0,1.0,514270.0,1.0,1453100.0,64305.0
2025-12-16T15:09:18.215444,2,-2.302993412261913,-1.917897154457254,0.0,400.0,20.0,1.0,697397.0,1.0,1471909.0,67792.0
2025-12-16T15:09:18.315173,3,-2.323940037089553,-1.9147928882221366,0.0,407.0,27.0,1.0,545835.0,1.0,1284237.0,60607.0
2025-12-16T15:09:18.415959,4,-2.3452990503733333,-1.9120094511406789,0.0,430.0,37.0,1.0,780861.0,1.0,1794191.0,76783.0
2025-12-16T15:09:19.115918,1,-2.491464861661279,-1.9144756284488345,0.0,425.0,35.0,1.0,508386.0,1.0,1443786.0,63376.0
2025-12-16T15:09:19.215615,2,-2.50726704741273,-1.9175936242291867,0.0,420.0,33.0,1.0,689651.0,1.0,1467929.0,65914.0
2025-12-16T15:09:19.316037,3,-2.511481112821285,-1.9208381906636207,0.0,414.0,30.0,1.0,554587.0,1.0,1282934.0,60239.0
2025-12-16T15:09:19.415308,4,-2.5114633633699865,-1.921180657132207,0.0,404.0,26.0,1.0,773234.0,1.0,1764681.0,78731.0
2025-12-16T15:09:20.115993,1,-2.538246678846679,-1.9200734634815595,0.0,432.0,38.0,1.0,514444.0,1.0,1425818.0,62948.0
2025-12-16T15:09:20.217416,2,-2.5703289133583076,-1.927998132159072,0.0,407.0,27.0,1.0,687553.0,1.0,1462474.0,66789.0
2025-12-16T15:09:20.315264,3,-2.586986932707636,-1.932965525168181,0.0,421.0,33.0,1.0,551032.0,1.0,1272124.0,59812.0
2025-12-16T15:09:20.415316,4,-2.6105222201611387,-1.9394499608209521,0.0,400.0,24.0,1.0,786165.0,1.0,1800274.0,79051.0
2025-12-16T15:09:21.115521,1,-2.7518141551241384,-1.9759535860930968,0.0,426.0,35.0,1.0,520751.0,1.0,1453100.0,63333.0
2025-12-16T15:09:21.215810,2,-2.772413558647724,-1.9841220095249312,0.0,404.0,25.0,1.0,688951.0,1.0,1476899.0,67016.0
2025-12-16T15:09:21.313683,3,-2.7986081963266365,-1.9942878655584917,0.0,401.0,24.0,1.0,546759.0,1.0,1289900.0,60977.0
2025-12-16T15:09:21.415524,4,-2.8111643333026795,-2.0002669633521983,0.0,407.0,27.0,1.0,784304.0,1.0,1764681.0,78544.0
2025-12-16T15:09:22.115360,1,-2.9347428292244566,-2.0822919925265464,0.0,421.0,33.0,1.0,516014.0,1.0,1408551.0,63612.0
2025-12-16T15:09:22.216166,2,-2.955929334965607,-2.101176109181189,0.0,410.0,28.0,1.0,699524.0,1.0,1469421.0,66609.0
2025-12-16T15:09:22.316039,3,-2.972091908307418,-2.115180616811856,0.0,419.0,32.0,1.0,549728.0,1.0,1274279.0,59934.0
2025-12-16T15:09:22.414121,4,-2.985956927096539,-2.1303304795690927,0.0,410.0,28.0,1.0,764387.0,1.0,1748037.0,78306.0
2025-12-16T15:09:23.116939,1,-3.0797792769724808,-2.240126662431176,0.0,418.0,31.0,1.0,525709.0,1.0,1447700.0,63850.0
2025-12-16T15:09:23.215070,2,-3.0890467503517085,-2.250859018210571,0.0,414.0,30.0,1.0,699051.0,1.0,1459014.0,66339.0
2025-12-16T15:09:23.315552,3,-3.101873346656443,-2.2672483794721012,0.0,408.0,27.0,1.0,547129.0,1.0,1281632.0,60566.0
2025-12-16T15:09:23.416203,4,-3.1155305866767193,-2.2832656248871994,0.0,439.0,42.0,1.0,781125.0,1.0,1785105.0,76136.0
2025-12-16T15:09:24.115963,1,-3.209090092232566,-2.3955456484854567,0.0,418.0,32.0,1.0,510628.0,1.0,1438421.0,63850.0
2025-12-16T15:09:24.216940,2,-3.2264949294738616,-2.417628448514278,0.0,419.0,32.0,1.0,683609.0,1.0,1479401.0,66025.0
2025-12-16T15:09:24.317928,3,-3.2396253420989853,-2.433761411367248,0.0,428.0,36.0,1.0,552713.0,1.0,1292959.0,59429.0
2025-12-16T15:09:24.416447,4,-3.2530342514749844,-2.450001376095347,0.0,403.0,25.0,1.0,769840.0,1.0,1767670.0,78917.0
2025-12-16T15:09:25.115284,1,-3.3431190187237743,-2.5537850116574474,0.0,420.0,33.0,1.0,514618.0,1.0,1421482.0,63699.0
2025-12-16T15:09:25.217195,2,-3.361232379629154,-2.574730815252898,0.0,415.0,30.0,1.0,688718.0,1.0,1472408.0,66294.0
2025-12-16T15:09:25.316786,3,-3.369722762446719,-2.5855469688013675,0.0,415.0,30.0,1.0,545281.0,1.0,1269973.0,60178.0
2025-12-16T15:09:25.415217,4,-3.383520918290401,-2.601869495378057,0.0,414.0,30.0,1.0,775856.0,1.0,1798447.0,78015.0
2025-12-16T15:09:26.115894,1,-3.4761669811777067,-2.7147494418885927,0.0,412.0,29.0,1.0,515141.0,1.0,1465447.0,64196.0
2025-12-16T15:09:26.216009,2,-3.4896918746281633,-2.730369779511249,0.0,414.0,30.0,1.0,690585.0,1.0,1493487.0,66339.0
2025-12-16T15:09:26.313626,3,-3.5075503089715605,-2.751609201662174,0.0,400.0,22.0,1.0,545650.0,1.0,1283802.0,61350.0
2025-12-16T15:09:26.417311,4,-3.5204795151138577,-2.7673346257694056,0.0,408.0,27.0,1.0,786165.0,1.0,1756339.0,78491.0
2025-12-16T15:09:27.115792,1,-3.5233126877667647,-2.776070325201591,0.0,413.0,30.0,1.0,517238.0,1.0,1444275.0,64131.0
2025-12-16T15:09:27.217305,2,-3.540459063810964,-2.7867070199158537,0.0,414.0,30.0,1.0,694100.0,1.0,1475900.0,66339.0
2025-12-16T15:09:27.315821,3,-3.5499438090847564,-2.79774593467238,0.0,424.0,34.0,1.0,547870.0,1.0,1264826.0,59650.0
2025-12-16T15:09:27.414662,4,-3.570534680097888,-2.8239046163629933,0.0,407.0,27.0,1.0,766979.0,1.0,1752183.0,78624.0
2025-12-16T15:09:28.115954,1,-3.665598670171302,-2.9402259289205146,0.0,410.0,28.0,1.0,515839.0,1.0,1451134.0,64370.0
2025-12-16T15:09:28.215965,2,-3.6742756602537834,-2.95142046027706,0.0,409.0,28.0,1.0,696453.0,1.0,1483412.0,66654.0
2025-12-16T15:09:28.315780,3,-3.688134267562408,-2.9678115042555384,0.0,419.0,32.0,1.0,555714.0,1.0,1280764.0,59934.0
2025-12-16T15:09:28.416514,4,-3.7015967914804633,-2.984749857932415,0.0,419.0,32.0,1.0,778486.0,1.0,1780278.0,77672.0
2025-12-16T15:09:29.115375,1,-3.7955931963950738,-3.0952550287705782,0.0,408.0,27.0,1.0,512012.0,1.0,1450152.0,64479.0
2025-12-16T15:09:29.215852,2,-3.8092977307254525,-3.110692606733481,0.0,408.0,27.0,1.0,706424.0,1.0,1495004.0,66789.0
2025-12-16T15:09:29.315286,3,-3.8221846851512455,-3.126663262828667,0.0,420.0,32.0,1.0,553462.0,1.0,1285106.0,59913.0
2025-12-16T15:09:29.415034,4,-3.8358800586894093,-3.143098980375445,0.0,412.0,29.0,1.0,787496.0,1.0,1769466.0,78253.0
2025-12-16T15:09:30.115326,1,-3.928714822187607,-3.2561999857618265,0.0,420.0,33.0,1.0,516188.0,1.0,1431621.0,63742.0
2025-12-16T15:09:30.217539,2,-3.9468508276924283,-3.277008665730016,0.0,417.0,31.0,1.0,688252.0,1.0,1483914.0,66160.0
2025-12-16T15:09:30.315897,3,-3.9563524282137914,-3.2875645524631034,0.0,413.0,30.0,1.0,552713.0,1.0,1282065.0,60280.0
2025-12-16T15:09:30.415525,4,-3.9697120477991468,-3.3031358833958206,0.0,424.0,34.0,1.0,794188.0,1.0,1791157.0,77305.0
2025-12-16T15:09:31.115730,1,-4.059363401858293,-3.4126176320762767,0.0,420.0,32.0,1.0,516888.0,1.0,1454576.0,63763.0
2025-12-16T15:09:31.215664,2,-4.060957311134004,-3.4178705165239704,0.0,421.0,33.0,1.0,702609.0,1.0,1488945.0,65936.0
2025-12-16T15:09:31.313472,3,-4.0609991428071766,-3.418150930470693,0.0,409.0,27.0,1.0,545281.0,1.0,1284672.0,60566.0
2025-12-16T15:09:31.417317,4,-4.0609991428071766,-3.418150930470693,0.0,404.0,26.0,1.0,781125.0,1.0,1779074.0,78811.0
2025-12-16T15:09:32.115395,1,-4.123925608445396,-3.5064646696699677,0.0,410.0,28.0,1.0,522693.0,1.0,1450643.0,64370.0
2025-12-16T15:09:32.217089,4,-4.138298950105801,-3.531355432646978,0.0,412.0,29.0,1.0,773758.0,1.0,1779676.0,78253.0
2025-12-16T15:09:33.117936,1,-4.222514492836992,-3.6956774125993768,0.0,404.0,26.0,1.0,508042.0,1.0,1449171.0,64742.0
2025-12-16T15:09:33.217837,2,-4.2335191871504625,-3.713686078880927,0.0,401.0,24.0,1.0,708579.0,1.0,1497536.0,67198.0
2025-12-16T15:09:33.316814,3,-4.244692360041003,-3.731833496175995,0.0,417.0,31.0,1.0,556090.0,1.0,1284672.0,60096.0
2025-12-16T15:09:33.415802,4,-4.2525818026407824,-3.743888815343205,0.0,422.0,33.0,1.0,790433.0,1.0,1791157.0,77488.0
2025-12-16T15:09:34.115595,1,-4.348176572509012,-3.854563201863531,0.0,423.0,34.0,1.0,505640.0,1.0,1450643.0,63569.0
2025-12-16T15:09:34.217504,2,-4.354190026329922,-3.861706090246962,0.0,405.0,26.0,1.0,697869.0,1.0,1465943.0,66948.0
2025-12-16T15:09:34.317084,3,-4.354344966119618,-3.8625093070915844,0.0,415.0,30.0,1.0,559678.0,1.0,1294273.0,60218.0
2025-12-16T15:09:34.415788,4,-4.354218109115069,-3.8625909628532997,0.0,403.0,25.0,1.0,781654.0,1.0,1768867.0,78917.0
2025-12-16T15:09:35.216404,2,-4.349804246220794,-3.858219432577544,0.0,415.0,30.0,1.0,709299.0,1.0,1499565.0,66339.0
2025-12-16T15:09:35.315651,3,-4.346822478234219,-3.855833695876627,0.0,400.0,23.0,1.0,550286.0,1.0,1278599.0,61143.0
2025-12-16T15:09:35.417372,4,-4.344391282672842,-3.85335478918017,0.0,431.0,38.0,1.0,780597.0,1.0,1792977.0,76783.0
2025-12-16T15:09:36.115556,1,-4.3468811166073165,-3.849947269615017,0.0,425.0,35.0,1.0,512359.0,1.0,1437934.0,63462.0
2025-12-16T15:09:36.217887,2,-4.346132398853016,-3.848672881290379,0.0,417.0,31.0,1.0,694805.0,1.0,1498043.0,66204.0
2025-12-16T15:09:36.314433,3,-4.346117946366904,-3.8492157398102282,0.0,412.0,29.0,1.0,563479.0,1.0,1276005.0,60361.0
2025-12-16T15:09:36.415808,4,-4.345949766885386,-3.8500118814884368,0.0,411.0,29.0,1.0,794994.0,1.0,1794191.0,78332.0
2025-12-16T15:09:37.115418,1,-4.347425863902698,-3.8523851671310543,0.0,415.0,30.0,1.0,514096.0,1.0,1441345.0,64088.0
2025-12-16T15:09:37.216398,2,-4.347890631484744,-3.8517215597834635,0.0,419.0,32.0,1.0,692223.0,1.0,1489953.0,66070.0
2025-12-16T15:09:37.315289,3,-4.348406615713265,-3.8508306961765366,0.0,417.0,31.0,1.0,547870.0,1.0,1292522.0,60117.0
2025-12-16T15:09:38.115466,1,-4.467654300797126,-3.814938778086945,0.0,418.0,32.0,1.0,518815.0,1.0,1437934.0,63915.0
2025-12-16T15:09:38.217118,2,-4.49403381170989,-3.8035390424101174,0.0,417.0,31.0,1.0,708339.0,1.0,1493993.0,66182.0
2025-12-16T15:09:38.315182,3,-4.50602163201513,-3.7970432734986206,0.0,412.0,29.0,1.0,553462.0,1.0,1282934.0,60402.0
2025-12-16T15:09:38.415516,4,-4.524269827811498,-3.786962211348737,0.0,400.0,22.0,1.0,775593.0,1.0,1758719.0,79534.0
2025-12-16T15:09:39.115664,1,-4.640761967551501,-3.697626179662655,0.0,413.0,30.0,1.0,516888.0,1.0,1467929.0,64196.0
2025-12-16T15:09:39.215646,2,-4.654778478923078,-3.6830226496700442,0.0,400.0,22.0,1.0,701896.0,1.0,1476400.0,67654.0
2025-12-16T15:09:39.315117,3,-4.669248469905867,-3.667291927208593,0.0,401.0,24.0,1.0,548984.0,1.0,1286847.0,61039.0
2025-12-16T15:09:39.416533,4,-4.686752018547241,-3.6460283410371868,0.0,414.0,30.0,1.0,786697.0,1.0,1789339.0,78094.0
2025-12-16T15:09:40.115467,1,-4.760207772484709,-3.5255241701554043,0.0,416.0,31.0,1.0,525175.0,1.0,1456547.0,64066.0
2025-12-16T15:09:40.218167,2,-4.771549062396139,-3.4996420063109785,0.0,427.0,36.0,1.0,710019.0,1.0,1488441.0,65558.0
2025-12-16T15:09:40.315422,3,-4.77659164737318,-3.4871691716633784,0.0,423.0,34.0,1.0,557409.0,1.0,1287283.0,59731.0
2025-12-16T15:09:40.416883,4,-4.784956529770546,-3.4606220508883156,0.0,409.0,28.0,1.0,788563.0,1.0,1764681.0,78491.0
2025-12-16T15:09:41.115800,1,-4.808522130864437,-3.323189808240243,0.0,423.0,34.0,1.0,516713.0,1.0,1436961.0,63612.0
2025-12-16T15:09:41.215865,2,-4.809191966247006,-3.3024999059211835,0.0,402.0,25.0,1.0,695276.0,1.0,1480403.0,67175.0
2025-12-16T15:09:41.313488,3,-4.810512940643633,-3.2751426226078992,0.0,409.0,28.0,1.0,558542.0,1.0,1277734.0,60586.0
2025-12-16T15:09:41.417428,4,-4.811985655160838,-3.2535000414968382,0.0,400.0,22.0,1.0,767238.0,1.0,1796621.0,79453.0
2025-12-16T15:09:42.116275,1,-4.821964153962555,-3.1135024876228607,0.0,412.0,29.0,1.0,532334.0,1.0,1459508.0,64327.0
2025-12-16T15:09:42.217062,2,-4.823366271008977,-3.086140995871956,0.0,401.0,24.0,1.0,698105.0,1.0,1481405.0,67266.0
2025-12-16T15:09:42.315151,3,-4.824638663842108,-3.0725963392670628,0.0,423.0,34.0,1.0,550286.0,1.0,1279465.0,59751.0
2025-12-16T15:09:42.414633,4,-4.825944758477834,-3.045498926035796,0.0,411.0,29.0,1.0,784304.0,1.0,1782690.0,78359.0
2025-12-16T15:09:43.115140,1,-4.834458022494726,-2.905179218645684,0.0,420.0,32.0,1.0,522162.0,1.0,1447210.0,63828.0
2025-12-16T15:09:43.215332,2,-4.836025897683509,-2.883838721080699,0.0,407.0,27.0,1.0,699524.0,1.0,1488945.0,66857.0
2025-12-16T15:09:43.315209,3,-4.8374973958592395,-2.862933909991635,0.0,426.0,35.0,1.0,564242.0,1.0,1279032.0,59570.0
2025-12-16T15:09:43.417746,4,-4.839152092766489,-2.835981143450228,0.0,434.0,39.0,1.0,780597.0,1.0,1791157.0,76654.0
2025-12-16T15:09:44.117756,1,-4.848008424465566,-2.6894284328331897,0.0,413.0,30.0,1.0,529997.0,1.0,1452117.0,64240.0
2025-12-16T15:09:44.215959,2,-4.8491224087416445,-2.6755818911808213,0.0,404.0,25.0,1.0,693865.0,1.0,1489953.0,67107.0
2025-12-16T15:09:44.315255,3,-4.850309846041952,-2.654906022731117,0.0,415.0,30.0,1.0,563288.0,1.0,1304829.0,60198.0
2025-12-16T15:09:44.415579,4,-4.851593270075711,-2.633782760857438,0.0,418.0,32.0,1.0,787496.0,1.0,1791764.0,77856.0
2025-12-16T15:09:45.116298,1,-4.862069562778345,-2.5170181276508643,0.0,414.0,30.0,1.0,511147.0,1.0,1453592.0,64175.0
2025-12-16T15:09:45.215601,2,-4.8620571012259965,-2.517207545813608,0.0,411.0,29.0,1.0,688718.0,1.0,1500581.0,66631.0
2025-12-16T15:09:45.316310,3,-4.861916817512256,-2.517151125534344,0.0,411.0,29.0,1.0,554774.0,1.0,1276437.0,60443.0
2025-12-16T15:09:45.416507,4,-4.859616811488339,-2.5118774190692648,0.0,408.0,27.0,1.0,789898.0,1.0,1785710.0,78571.0
2025-12-16T15:09:46.117030,1,-4.866446766430691,-2.3625519487442723,0.0,426.0,35.0,1.0,529459.0,1.0,1450643.0,63440.0
2025-12-16T15:09:46.216625,2,-4.867413483067609,-2.3427751682959066,0.0,414.0,30.0,1.0,693865.0,1.0,1474402.0,66429.0
2025-12-16T15:09:46.313374,3,-4.86874474519091,-2.3170627318131434,0.0,409.0,28.0,1.0,559299.0,1.0,1291647.0,60566.0
2025-12-16T15:09:46.415440,4,-4.869521345819816,-2.3033657861112617,0.0,420.0,33.0,1.0,773234.0,1.0,1800883.0,77672.0
2025-12-16T15:09:47.115383,1,-4.881027537957992,-2.1562884839552527,0.0,407.0,27.0,1.0,510282.0,1.0,1464951.0,64654.0
2025-12-16T15:09:47.215930,2,-4.882160055533905,-2.1348418165425738,0.0,421.0,33.0,1.0,702609.0,1.0,1498550.0,66003.0
2025-12-16T15:09:47.316021,3,-4.882939576625641,-2.114360048956469,0.0,400.0,23.0,1.0,564625.0,1.0,1271263.0,61163.0
2025-12-16T15:09:47.415227,4,-4.8844902459288635,-2.087149867799277,0.0,405.0,26.0,1.0,799041.0,1.0,1802102.0,78837.0
2025-12-16T15:09:48.117531,1,-4.890197912766203,-1.9414377744540923,0.0,409.0,28.0,1.0,521986.0,1.0,1456547.0,64545.0
2025-12-16T15:09:48.215642,2,-4.890835075605057,-1.9274906882660785,0.0,408.0,27.0,1.0,703561.0,1.0,1490457.0,66857.0
2025-12-16T15:09:48.314720,3,-4.892274778960807,-1.9001044971755792,0.0,403.0,25.0,1.0,559299.0,1.0,1262260.0,60936.0
2025-12-16T15:09:48.417281,4,-4.893487360514783,-1.8790928550327635,0.0,428.0,36.0,1.0,775593.0,1.0,1774263.0,77096.0
2025-12-16T15:09:49.116618,1,-4.903340349110629,-1.7405796276369034,0.0,412.0,29.0,1.0,519870.0,1.0,1469421.0,64327.0
2025-12-16T15:09:49.215978,2,-4.904175464405607,-1.7196690307966347,0.0,421.0,33.0,1.0,697633.0,1.0,1489449.0,66025.0
2025-12-16T15:09:49.316574,3,-4.905475843027758,-1.6990364054733778,0.0,405.0,26.0,1.0,561195.0,1.0,1308367.0,60833.0
2025-12-16T15:09:49.418071,4,-4.906982637767457,-1.6716356051033567,0.0,410.0,28.0,1.0,782713.0,1.0,1788734.0,78465.0
2025-12-16T15:09:50.115401,1,-4.914045996917433,-1.5332492528335204,0.0,418.0,32.0,1.0,510801.0,1.0,1436961.0,64001.0
2025-12-16T15:09:50.216929,2,-4.915496676770334,-1.5057294209985956,0.0,420.0,32.0,1.0,712185.0,1.0,1499565.0,66092.0
2025-12-16T15:09:50.317314,3,-4.9169910745123655,-1.48441017234126,0.0,422.0,34.0,1.0,554587.0,1.0,1289900.0,59832.0
2025-12-16T15:09:50.415342,4,-4.917915628343013,-1.4703908291956138,0.0,405.0,26.0,1.0,793650.0,1.0,1767072.0,78891.0
2025-12-16T15:09:51.115657,1,-4.928766113779682,-1.324296137416849,0.0,430.0,37.0,1.0,518815.0,1.0,1472408.0,63247.0
2025-12-16T15:09:51.215276,2,-4.931344574056696,-1.3031885692962253,0.0,424.0,34.0,1.0,691287.0,1.0,1483914.0,65802.0
2025-12-16T15:09:51.313434,4,-4.935566244520261,-1.275607789274545,0.0,400.0,19.0,1.0,788029.0,1.0,1814956.0,80591.0
2025-12-16T15:09:52.115678,1,-4.984217919227803,-1.1212188171742548,0.0,419.0,32.0,1.0,527491.0,1.0,1476899.0,63936.0
2025-12-16T15:09:52.215513,2,-4.993981533405722,-1.102683376928201,0.0,431.0,38.0,1.0,701896.0,1.0,1501597.0,65336.0
2025-12-16T15:09:52.317240,3,-5.007473811950174,-1.0785650957206474,0.0,410.0,28.0,1.0,560626.0,1.0,1296465.0,60566.0
2025-12-16T15:09:52.414775,4,-5.019530214831797,-1.0606642301338582,0.0,426.0,35.0,1.0,803651.0,1.0,1778472.0,77646.0
2025-12-16T15:09:53.215294,2,-5.127993560468477,-0.9420095987053322,0.0,415.0,30.0,1.0,711704.0,1.0,1495510.0,66384.0
2025-12-16T15:09:53.315234,3,-5.14518571708799,-0.9286747089087295,0.0,408.0,27.0,1.0,555526.0,1.0,1296026.0,60668.0
2025-12-16T15:09:53.416226,4,-5.162426766694255,-0.917000684889534,0.0,432.0,38.0,1.0,777433.0,1.0,1762890.0,77226.0
2025-12-16T15:09:54.115321,1,-5.292540060371198,-0.8470362514530936,0.0,418.0,32.0,1.0,524643.0,1.0,1457040.0,63979.0
2025-12-16T15:09:54.215020,2,-5.3126015208032396,-0.840497532499827,0.0,400.0,23.0,1.0,708100.0,1.0,1487937.0,67494.0
2025-12-16T15:09:54.315457,3,-5.3328843355422535,-0.8335182061437971,0.0,434.0,39.0,1.0,559678.0,1.0,1292959.0,59148.0
2025-12-16T15:09:54.416704,4,-5.36022463120503,-0.8265053241877419,0.0,420.0,32.0,1.0,796880.0,1.0,1752776.0,78147.0
2025-12-16T15:09:55.118831,1,-5.469381413295593,-0.8131298510397985,0.0,405.0,26.0,1.0,526956.0,1.0,1479902.0,64786.0
2025-12-16T15:09:55.215774,3,-5.470944745695301,-0.8120324267677209,0.0,414.0,30.0,1.0,554024.0,1.0,1289900.0,60300.0
2025-12-16T15:09:55.315033,4,-5.483933921797952,-0.8079564354953638,0.0,425.0,35.0,1.0,789898.0,1.0,1767670.0,77698.0
2025-12-16T15:09:56.115513,1,-5.658488899559843,-0.8039626530200653,0.0,418.0,32.0,1.0,505127.0,1.0,1437934.0,64001.0
2025-12-16T15:09:56.215304,2,-5.678796978110402,-0.8030356986581955,0.0,401.0,24.0,1.0,710500.0,1.0,1502105.0,67334.0
2025-12-16T15:09:56.313572,3,-5.7063188830366665,-0.8025544852969132,0.0,408.0,27.0,1.0,553462.0,1.0,1276005.0,60648.0
2025-12-16T15:09:56.417739,4,-5.727162545686504,-0.8020159502838066,0.0,408.0,27.0,1.0,789898.0,1.0,1801493.0,79051.0
2025-12-16T15:09:57.116375,1,-5.8738252609928585,-0.8019140239517962,0.0,425.0,35.0,1.0,524288.0,1.0,1445252.0,63591.0
2025-12-16T15:09:57.215759,2,-5.888117501253762,-0.8017497683135865,0.0,436.0,40.0,1.0,699524.0,1.0,1501089.0,65093.0
2025-12-16T15:09:57.317735,3,-5.91571951172132,-0.8017692387270537,0.0,422.0,33.0,1.0,559488.0,1.0,1282499.0,59853.0
2025-12-16T15:09:57.414352,4,-5.935937320312767,-0.8018468715832189,0.0,418.0,32.0,1.0,803107.0,1.0,1800883.0,78253.0
2025-12-16T15:09:58.115862,1,-6.074815471986604,-0.801135067803281,0.0,418.0,32.0,1.0,528742.0,1.0,1481906.0,64023.0
2025-12-16T15:09:58.215474,2,-6.096040629866681,-0.8010995974792451,0.0,406.0,26.0,1.0,698578.0,1.0,1485421.0,66993.0
2025-12-16T15:09:58.316255,3,-6.11658688793888,-0.8007093040745354,0.0,425.0,35.0,1.0,542336.0,1.0,1298661.0,59671.0
2025-12-16T15:09:58.415514,4,-6.137522926203068,-0.8004046303078193,0.0,407.0,27.0,1.0,780597.0,1.0,1774864.0,79105.0
2025-12-16T15:09:59.115064,1,-6.282345994295407,-0.8004429149636481,0.0,429.0,37.0,1.0,515839.0,1.0,1475900.0,63290.0
2025-12-16T15:09:59.218340,2,-6.309905433384376,-0.800475582914804,0.0,421.0,33.0,1.0,710500.0,1.0,1492477.0,66025.0
2025-12-16T15:09:59.315241,3,-6.32387589261409,-0.8007148223696249,0.0,416.0,31.0,1.0,557598.0,1.0,1267826.0,60198.0
2025-12-16T15:09:59.415602,4,-6.3446914351651476,-0.8006769286713025,0.0,429.0,37.0,1.0,802836.0,1.0,1776667.0,77436.0
2025-12-16T15:10:00.115404,1,-6.489628110204579,-0.7990146934933212,0.0,418.0,32.0,1.0,521280.0,1.0,1467433.0,63979.0
2025-12-16T15:10:00.215699,2,-6.510569190009294,-0.7987857941968234,0.0,421.0,33.0,1.0,699524.0,1.0,1481405.0,66003.0
2025-12-16T15:10:00.315745,3,-6.5385257167502955,-0.7986934411402571,0.0,424.0,34.0,1.0,553087.0,1.0,1288155.0,59731.0
2025-12-16T15:10:00.415463,4,-6.5525794373393165,-0.7990944799777292,0.0,413.0,30.0,1.0,789097.0,1.0,1802712.0,78651.0
2025-12-16T15:10:01.115442,1,-6.588167024114079,-0.802104060616342,0.0,425.0,35.0,1.0,528921.0,1.0,1461980.0,63591.0
2025-12-16T15:10:01.215472,2,-6.588167024114079,-0.802104060616342,0.0,424.0,35.0,1.0,711463.0,1.0,1502613.0,65802.0
2025-12-16T15:10:01.313473,3,-6.588167024114079,-0.802104060616342,0.0,419.0,32.0,1.0,562336.0,1.0,1272986.0,60035.0
2025-12-16T15:10:01.416781,4,-6.588167024114079,-0.802104060616342,0.0,417.0,31.0,1.0,811029.0,1.0,1811888.0,78359.0
2025-12-16T15:10:02.116686,1,-6.588167024114079,-0.802104060616342,0.0,407.0,27.0,1.0,529459.0,1.0,1479401.0,64698.0
2025-12-16T15:10:02.216248,2,-6.588167024114079,-0.802104060616342,0.0,412.0,29.0,1.0,699524.0,1.0,1493993.0,66631.0
2025-12-16T15:10:02.315812,3,-6.588167024114079,-0.802104060616342,0.0,419.0,32.0,1.0,558921.0,1.0,1278166.0,60035.0
2025-12-16T15:10:02.414323,4,-6.588167024114079,-0.802104060616342,0.0,446.0,45.0,1.0,805285.0,1.0,1782690.0,76162.0
2025-12-16T15:10:03.115722,1,-6.588167024114079,-0.802104060616342,0.0,422.0,33.0,1.0,526778.0,1.0,1467433.0,63785.0
2025-12-16T15:10:03.215038,2,-6.588167024114079,-0.802104060616342,0.0,423.0,34.0,1.0,710019.0,1.0,1495004.0,65914.0
2025-12-16T15:10:03.315163,3,-6.588167024114079,-0.802104060616342,0.0,412.0,29.0,1.0,553836.0,1.0,1283802.0,60443.0
2025-12-16T15:10:03.415107,4,-6.588167024114079,-0.802104060616342,0.0,412.0,29.0,1.0,782183.0,1.0,1761101.0,78784.0
2025-12-16T15:10:04.115241,1,-6.588167024114079,-0.802104060616342,0.0,431.0,38.0,1.0,530535.0,1.0,1462474.0,63226.0
2025-12-16T15:10:04.215743,2,-6.588167024114079,-0.802104060616342,0.0,436.0,40.0,1.0,713875.0,1.0,1487434.0,65093.0
2025-12-16T15:10:04.315757,3,-6.588167024114079,-0.802104060616342,0.0,432.0,38.0,1.0,556279.0,1.0,1311470.0,59268.0
2025-12-16T15:10:04.415890,4,-6.588167024114079,-0.802104060616342,0.0,400.0,23.0,1.0,797690.0,1.0,1803933.0,79858.0
2025-12-16T15:10:05.115461,1,-6.588167024114079,-0.802104060616342,0.0,420.0,32.0,1.0,541969.0,1.0,1484416.0,63915.0
2025-12-16T15:10:05.215469,2,-6.588167024114079,-0.802104060616342,0.0,407.0,27.0,1.0,713875.0,1.0,1487937.0,66948.0
2025-12-16T15:10:05.316176,3,-6.588167024114079,-0.802104060616342,0.0,403.0,25.0,1.0,569230.0,1.0,1296465.0,60977.0
2025-12-16T15:10:05.414870,4,-6.588167024114079,-0.802104060616342,0.0,415.0,30.0,1.0,790433.0,1.0,1780278.0,78571.0
2025-12-16T15:10:06.115465,1,-6.588167024114079,-0.802104060616342,0.0,422.0,34.0,1.0,528027.0,1.0,1467929.0,63742.0
2025-12-16T15:10:06.217428,2,-6.588167024114079,-0.802104060616342,0.0,415.0,31.0,1.0,702847.0,1.0,1480904.0,66384.0
2025-12-16T15:10:06.313826,3,-6.588167024114079,-0.802104060616342,0.0,413.0,30.0,1.0,557409.0,1.0,1272986.0,60361.0
2025-12-16T15:10:06.416505,4,-6.588167024114079,-0.802104060616342,0.0,435.0,39.0,1.0,784835.0,1.0,1808212.0,77044.0
2025-12-16T15:10:07.115032,1,-6.588167024114079,-0.802104060616342,0.0,436.0,40.0,1.0,531793.0,1.0,1460990.0,62885.0
2025-12-16T15:10:07.215210,2,-6.588167024114079,-0.802104060616342,0.0,426.0,35.0,1.0,697397.0,1.0,1489449.0,65735.0
2025-12-16T15:10:07.316601,3,-6.588167024114079,-0.802104060616342,0.0,422.0,34.0,1.0,572514.0,1.0,1278166.0,59832.0
2025-12-16T15:10:08.113931,1,-6.588167024114079,-0.802104060616342,0.0,423.0,34.0,1.0,523401.0,1.0,1462969.0,63720.0
2025-12-16T15:10:08.213802,2,-6.588167024114079,-0.802104060616342,0.0,400.0,24.0,1.0,704752.0,1.0,1504140.0,67403.0
2025-12-16T15:10:08.313497,3,-6.588167024114079,-0.802104060616342,0.0,432.0,38.0,1.0,563670.0,1.0,1276005.0,59288.0
2025-12-16T15:10:08.413748,4,-6.588167024114079,-0.802104060616342,0.0,420.0,32.0,1.0,799852.0,1.0,1802102.0,78200.0
2025-12-16T15:10:09.213602,1,-6.588167024114079,-0.802104060616342,0.0,428.0,36.0,1.0,525709.0,1.0,1479902.0,63376.0
2025-12-16T15:10:09.313443,2,-6.588167024114079,-0.802104060616342,0.0,429.0,37.0,1.0,726058.0,1.0,1493993.0,65536.0
2025-12-16T15:10:09.413679,3,-6.588167024114079,-0.802104060616342,0.0,423.0,34.0,1.0,559299.0,1.0,1266111.0,59792.0
2025-12-16T15:10:09.513620,4,-6.588167024114079,-0.802104060616342,0.0,422.0,34.0,1.0,782183.0,1.0,1756934.0,78015.0
