Timestamp,Channel,Pose_X,Pose_Y,Pose_Theta,eCO2,TVOC,AQI,R0,R1,R2,R3
2025-12-16T15:41:30.396617,1,0.0,0.0,0.0,419.0,32.0,1.0,638434.0,1.0,1756339.0,66115.0
2025-12-16T15:41:30.396617,1,0.0,0.0,0.0,419.0,32.0,1.0,638434.0,1.0,1756339.0,66115.0
2025-12-16T15:41:30.497018,2,0.0,0.0,0.0,424.0,34.0,1.0,866361.0,1.0,1663196.0,67700.0
2025-12-16T15:41:30.496999,2,0.0,0.0,0.0,424.0,34.0,1.0,866361.0,1.0,1663196.0,67700.0
2025-12-16T15:41:30.597225,3,0.0,0.0,0.0,426.0,35.0,1.0,673960.0,1.0,1380236.0,61350.0
2025-12-16T15:41:30.597351,3,0.0,0.0,0.0,426.0,35.0,1.0,673960.0,1.0,1380236.0,61350.0
2025-12-16T15:41:30.696255,4,0.0,0.0,0.0,424.0,34.0,1.0,1017806.0,1.0,2009599.0,80319.0
2025-12-16T15:41:30.696330,4,0.0,0.0,0.0,424.0,34.0,1.0,1017806.0,1.0,2009599.0,80319.0
2025-12-16T15:41:31.396229,1,0.0,0.0,0.0,412.0,29.0,1.0,643423.0,1.0,1756339.0,66541.0
2025-12-16T15:41:31.396342,1,0.0,0.0,0.0,412.0,29.0,1.0,643423.0,1.0,1756339.0,66541.0
2025-12-16T15:41:31.497000,2,0.0,0.0,0.0,423.0,34.0,1.0,872540.0,1.0,1660946.0,67746.0
2025-12-16T15:41:31.497114,2,0.0,0.0,0.0,423.0,34.0,1.0,872540.0,1.0,1660946.0,67746.0
2025-12-16T15:41:31.595738,3,0.0,0.0,0.0,420.0,33.0,1.0,654404.0,1.0,1407598.0,61683.0
2025-12-16T15:41:31.595885,3,0.0,0.0,0.0,420.0,33.0,1.0,654404.0,1.0,1407598.0,61683.0
2025-12-16T15:41:31.697007,4,0.0,0.0,0.0,417.0,31.0,1.0,975974.0,1.0,2042513.0,80809.0
2025-12-16T15:41:31.697183,4,0.0,0.0,0.0,417.0,31.0,1.0,975974.0,1.0,2042513.0,80809.0
2025-12-16T15:41:32.397308,1,0.0,0.0,0.0,411.0,28.0,1.0,622643.0,1.0,1728622.0,66654.0
2025-12-16T15:41:32.397446,1,0.0,0.0,0.0,411.0,28.0,1.0,622643.0,1.0,1728622.0,66654.0
2025-12-16T15:41:32.496907,2,0.0,0.0,0.0,424.0,34.0,1.0,864018.0,1.0,1664886.0,67700.0
2025-12-16T15:41:32.497151,2,0.0,0.0,0.0,424.0,34.0,1.0,864018.0,1.0,1664886.0,67700.0
2025-12-16T15:41:32.597534,3,0.0,0.0,0.0,427.0,36.0,1.0,666249.0,1.0,1409028.0,61288.0
2025-12-16T15:41:32.597534,3,0.0,0.0,0.0,427.0,36.0,1.0,666249.0,1.0,1409028.0,61288.0
2025-12-16T15:41:32.696615,4,0.0,0.0,0.0,429.0,37.0,1.0,1000049.0,1.0,2042513.0,79912.0
2025-12-16T15:41:32.696761,4,0.0,0.0,0.0,429.0,37.0,1.0,1000049.0,1.0,2042513.0,79912.0
2025-12-16T15:41:33.395949,1,0.0,0.0,0.0,430.0,37.0,1.0,639516.0,1.0,1740952.0,65425.0
2025-12-16T15:41:33.396050,1,0.0,0.0,0.0,430.0,37.0,1.0,639516.0,1.0,1740952.0,65425.0
2025-12-16T15:41:33.497388,2,0.0,0.0,0.0,422.0,33.0,1.0,891345.0,1.0,1662633.0,67837.0
2025-12-16T15:41:33.497317,2,0.0,0.0,0.0,422.0,33.0,1.0,891345.0,1.0,1662633.0,67837.0
2025-12-16T15:41:33.596324,3,0.0,0.0,0.0,416.0,31.0,1.0,658849.0,1.0,1414284.0,61955.0
2025-12-16T15:41:33.596324,3,0.0,0.0,0.0,416.0,31.0,1.0,658849.0,1.0,1414284.0,61955.0
2025-12-16T15:41:33.697008,4,0.0,0.0,0.0,434.0,39.0,1.0,993639.0,1.0,2015730.0,79534.0
2025-12-16T15:41:33.697162,4,0.0,0.0,0.0,434.0,39.0,1.0,993639.0,1.0,2015730.0,79534.0
2025-12-16T15:41:34.396536,1,0.0,0.0,0.0,424.0,34.0,1.0,624543.0,1.0,1788734.0,65802.0
2025-12-16T15:41:34.396666,1,0.0,0.0,0.0,424.0,34.0,1.0,624543.0,1.0,1788734.0,65802.0
2025-12-16T15:41:34.498003,2,0.0,0.0,0.0,414.0,30.0,1.0,858480.0,1.0,1683585.0,68344.0
2025-12-16T15:41:34.497925,2,0.0,0.0,0.0,414.0,30.0,1.0,858480.0,1.0,1683585.0,68344.0
2025-12-16T15:41:34.596975,3,0.0,0.0,0.0,403.0,25.0,1.0,665573.0,1.0,1422444.0,62715.0
2025-12-16T15:41:34.597183,3,0.0,0.0,0.0,403.0,25.0,1.0,665573.0,1.0,1422444.0,62715.0
2025-12-16T15:41:34.696935,4,0.0,0.0,0.0,418.0,32.0,1.0,986268.0,1.0,2045280.0,80782.0
2025-12-16T15:41:34.696928,4,0.0,0.0,0.0,418.0,32.0,1.0,986268.0,1.0,2045280.0,80782.0
2025-12-16T15:41:35.396506,1,0.0,0.0,0.0,427.0,36.0,1.0,640165.0,1.0,1759314.0,65580.0
2025-12-16T15:41:35.396693,1,0.0,0.0,0.0,427.0,36.0,1.0,640165.0,1.0,1759314.0,65580.0
2025-12-16T15:41:35.497290,3,0.0,0.0,0.0,423.0,34.0,1.0,673504.0,1.0,1404743.0,61516.0
2025-12-16T15:41:35.497513,3,0.0,0.0,0.0,423.0,34.0,1.0,673504.0,1.0,1404743.0,61516.0
2025-12-16T15:41:35.596617,4,0.0,0.0,0.0,429.0,37.0,1.0,1006842.0,1.0,2025989.0,79885.0
2025-12-16T15:41:35.596754,4,0.0,0.0,0.0,429.0,37.0,1.0,1006842.0,1.0,2025989.0,79885.0
2025-12-16T15:41:36.397389,1,0.0,0.0,0.0,418.0,32.0,1.0,633055.0,1.0,1772463.0,66160.0
2025-12-16T15:41:36.397389,1,0.0,0.0,0.0,418.0,32.0,1.0,633055.0,1.0,1772463.0,66160.0
2025-12-16T15:41:36.496325,2,0.0,0.0,0.0,422.0,33.0,1.0,867535.0,1.0,1679601.0,67837.0
2025-12-16T15:41:36.496325,2,0.0,0.0,0.0,422.0,33.0,1.0,867535.0,1.0,1679601.0,67837.0
2025-12-16T15:41:36.597633,3,0.0,0.0,0.0,402.0,25.0,1.0,659742.0,1.0,1414284.0,62778.0
2025-12-16T15:41:36.597794,3,0.0,0.0,0.0,402.0,25.0,1.0,659742.0,1.0,1414284.0,62778.0
2025-12-16T15:41:36.697492,4,0.0,0.0,0.0,432.0,38.0,1.0,979283.0,1.0,1998070.0,79669.0
2025-12-16T15:41:36.697493,4,0.0,0.0,0.0,432.0,38.0,1.0,979283.0,1.0,1998070.0,79669.0
2025-12-16T15:41:37.395966,1,0.0,0.0,0.0,436.0,40.0,1.0,638218.0,1.0,1761697.0,65027.0
2025-12-16T15:41:37.396120,1,0.0,0.0,0.0,436.0,40.0,1.0,638218.0,1.0,1761697.0,65027.0
2025-12-16T15:41:37.497040,2,0.0,0.0,0.0,414.0,30.0,1.0,880550.0,1.0,1663196.0,68344.0
2025-12-16T15:41:37.497225,2,0.0,0.0,0.0,414.0,30.0,1.0,880550.0,1.0,1663196.0,68344.0
2025-12-16T15:41:37.596764,3,0.0,0.0,0.0,421.0,33.0,1.0,668055.0,1.0,1402368.0,61662.0
2025-12-16T15:41:37.596955,3,0.0,0.0,0.0,421.0,33.0,1.0,668055.0,1.0,1402368.0,61662.0
2025-12-16T15:41:37.696584,4,0.0,0.0,0.0,413.0,30.0,1.0,989277.0,1.0,2044588.0,81138.0
2025-12-16T15:41:37.696719,4,0.0,0.0,0.0,413.0,30.0,1.0,989277.0,1.0,2044588.0,81138.0
2025-12-16T15:41:38.396254,1,0.0,0.0,0.0,426.0,36.0,1.0,643859.0,1.0,1748037.0,65646.0
2025-12-16T15:41:38.396254,1,0.0,0.0,0.0,426.0,36.0,1.0,643859.0,1.0,1748037.0,65646.0
2025-12-16T15:41:38.497042,2,0.0,0.0,0.0,420.0,32.0,1.0,874906.0,1.0,1668270.0,67975.0
2025-12-16T15:41:38.497200,2,0.0,0.0,0.0,420.0,32.0,1.0,874906.0,1.0,1668270.0,67975.0
2025-12-16T15:41:38.596312,3,0.0,0.0,0.0,424.0,35.0,1.0,657290.0,1.0,1414762.0,61454.0
2025-12-16T15:41:38.596435,3,0.0,0.0,0.0,424.0,35.0,1.0,657290.0,1.0,1414762.0,61454.0
2025-12-16T15:41:38.696752,4,0.0,0.0,0.0,401.0,24.0,1.0,992967.0,1.0,2037680.0,82105.0
2025-12-16T15:41:38.696752,4,0.0,0.0,0.0,401.0,24.0,1.0,992967.0,1.0,2037680.0,82105.0
2025-12-16T15:41:39.396467,1,0.0,0.0,0.0,416.0,31.0,1.0,646479.0,1.0,1786919.0,66316.0
2025-12-16T15:41:39.396613,1,0.0,0.0,0.0,416.0,31.0,1.0,646479.0,1.0,1786919.0,66316.0
2025-12-16T15:41:39.497379,2,0.0,0.0,0.0,416.0,31.0,1.0,888333.0,1.0,1670530.0,68206.0
2025-12-16T15:41:39.497471,2,0.0,0.0,0.0,416.0,31.0,1.0,888333.0,1.0,1670530.0,68206.0
2025-12-16T15:41:39.596075,3,0.0,0.0,0.0,422.0,34.0,1.0,648232.0,1.0,1403792.0,61579.0
2025-12-16T15:41:39.596075,3,0.0,0.0,0.0,422.0,34.0,1.0,648232.0,1.0,1403792.0,61579.0
2025-12-16T15:41:39.697496,4,0.0,0.0,0.0,423.0,34.0,1.0,995322.0,1.0,2075263.0,80373.0
2025-12-16T15:41:39.697496,4,0.0,0.0,0.0,423.0,34.0,1.0,995322.0,1.0,2075263.0,80373.0
2025-12-16T15:41:40.396031,1,0.0,0.0,0.0,437.0,41.0,1.0,648013.0,1.0,1764084.0,64961.0
2025-12-16T15:41:40.396153,1,0.0,0.0,0.0,437.0,41.0,1.0,648013.0,1.0,1764084.0,64961.0
2025-12-16T15:41:40.496897,2,0.0,0.0,0.0,417.0,31.0,1.0,863726.0,1.0,1659822.0,68137.0
2025-12-16T15:41:40.496899,2,0.0,0.0,0.0,417.0,31.0,1.0,863726.0,1.0,1659822.0,68137.0
2025-12-16T15:41:40.595906,3,0.0,0.0,0.0,429.0,37.0,1.0,666700.0,1.0,1388671.0,61184.0
2025-12-16T15:41:40.596031,3,0.0,0.0,0.0,429.0,37.0,1.0,666700.0,1.0,1388671.0,61184.0
2025-12-16T15:41:40.697114,4,0.0,0.0,0.0,414.0,30.0,1.0,1006160.0,1.0,2012321.0,81056.0
2025-12-16T15:41:40.697248,4,0.0,0.0,0.0,414.0,30.0,1.0,1006160.0,1.0,2012321.0,81056.0
2025-12-16T15:41:41.396582,1,0.0,0.0,0.0,420.0,33.0,1.0,635201.0,1.0,1771263.0,66070.0
2025-12-16T15:41:41.396582,1,0.0,0.0,0.0,420.0,33.0,1.0,635201.0,1.0,1771263.0,66070.0
2025-12-16T15:41:41.497382,2,0.0,0.0,0.0,410.0,28.0,1.0,866068.0,1.0,1670530.0,68623.0
2025-12-16T15:41:41.497382,2,0.0,0.0,0.0,410.0,28.0,1.0,866068.0,1.0,1670530.0,68623.0
2025-12-16T15:41:41.597105,3,0.0,0.0,0.0,425.0,35.0,1.0,660188.0,1.0,1397629.0,61433.0
2025-12-16T15:41:41.597104,3,0.0,0.0,0.0,425.0,35.0,1.0,660188.0,1.0,1397629.0,61433.0
2025-12-16T15:41:41.695968,4,0.0,0.0,0.0,423.0,34.0,1.0,976635.0,1.0,2018460.0,80400.0
2025-12-16T15:41:41.695968,4,0.0,0.0,0.0,423.0,34.0,1.0,976635.0,1.0,2018460.0,80400.0
2025-12-16T15:41:42.395993,2,0.0,0.0,0.0,414.0,30.0,1.0,872540.0,1.0,1692727.0,68344.0
2025-12-16T15:41:42.396106,2,0.0,0.0,0.0,414.0,30.0,1.0,872540.0,1.0,1692727.0,68344.0
2025-12-16T15:41:42.496970,3,0.0,0.0,0.0,437.0,41.0,1.0,652635.0,1.0,1399049.0,60668.0
2025-12-16T15:41:42.497108,3,0.0,0.0,0.0,437.0,41.0,1.0,652635.0,1.0,1399049.0,60668.0
2025-12-16T15:41:42.596680,4,0.0,0.0,0.0,426.0,35.0,1.0,995996.0,1.0,2048744.0,80156.0
2025-12-16T15:41:42.596825,4,0.0,0.0,0.0,426.0,35.0,1.0,995996.0,1.0,2048744.0,80156.0
2025-12-16T15:41:43.396935,1,0.0,0.0,0.0,420.0,33.0,1.0,624120.0,1.0,1752183.0,66070.0
2025-12-16T15:41:43.396935,1,0.0,0.0,0.0,420.0,33.0,1.0,624120.0,1.0,1752183.0,66070.0
2025-12-16T15:41:43.496336,2,0.0,0.0,0.0,418.0,31.0,1.0,867535.0,1.0,1672227.0,68114.0
2025-12-16T15:41:43.496326,2,0.0,0.0,0.0,418.0,31.0,1.0,867535.0,1.0,1672227.0,68114.0
2025-12-16T15:41:43.596829,4,0.0,0.0,0.0,416.0,31.0,1.0,986268.0,1.0,2034234.0,80946.0
2025-12-16T15:41:43.596987,4,0.0,0.0,0.0,416.0,31.0,1.0,986268.0,1.0,2034234.0,80946.0
2025-12-16T15:41:44.396712,1,0.0,0.0,0.0,428.0,36.0,1.0,641249.0,1.0,1773063.0,65558.0
2025-12-16T15:41:44.396568,1,0.0,0.0,0.0,428.0,36.0,1.0,641249.0,1.0,1773063.0,65558.0
2025-12-16T15:41:44.497428,2,0.0,0.0,0.0,400.0,24.0,1.0,881743.0,1.0,1700766.0,69276.0
2025-12-16T15:41:44.497428,2,0.0,0.0,0.0,400.0,24.0,1.0,881743.0,1.0,1700766.0,69276.0
2025-12-16T15:41:44.597438,3,0.0,0.0,0.0,416.0,31.0,1.0,666249.0,1.0,1411415.0,61934.0
2025-12-16T15:41:44.597438,3,0.0,0.0,0.0,416.0,31.0,1.0,666249.0,1.0,1411415.0,61934.0
2025-12-16T15:41:44.696154,4,0.0,0.0,0.0,425.0,35.0,1.0,989612.0,1.0,2043204.0,80237.0
2025-12-16T15:41:44.696263,4,0.0,0.0,0.0,425.0,35.0,1.0,989612.0,1.0,2043204.0,80237.0
2025-12-16T15:41:45.396561,1,0.0,0.0,0.0,416.0,31.0,1.0,628784.0,1.0,1764084.0,66339.0
2025-12-16T15:41:45.396707,1,0.0,0.0,0.0,416.0,31.0,1.0,628784.0,1.0,1764084.0,66339.0
2025-12-16T15:41:45.496916,2,0.0,0.0,0.0,416.0,31.0,1.0,858480.0,1.0,1652535.0,68229.0
2025-12-16T15:41:45.497089,2,0.0,0.0,0.0,416.0,31.0,1.0,858480.0,1.0,1652535.0,68229.0
2025-12-16T15:41:45.597080,3,0.0,0.0,0.0,438.0,41.0,1.0,657290.0,1.0,1392436.0,60627.0
2025-12-16T15:41:45.597198,3,0.0,0.0,0.0,438.0,41.0,1.0,657290.0,1.0,1392436.0,60627.0
2025-12-16T15:41:45.696802,4,0.0,0.0,0.0,424.0,34.0,1.0,1016429.0,1.0,2016412.0,80319.0
2025-12-16T15:41:45.697302,4,0.0,0.0,0.0,424.0,34.0,1.0,1016429.0,1.0,2016412.0,80319.0
2025-12-16T15:41:46.395908,1,0.0,0.0,0.0,425.0,35.0,1.0,639516.0,1.0,1767072.0,65713.0
2025-12-16T15:41:46.395908,1,0.0,0.0,0.0,425.0,35.0,1.0,639516.0,1.0,1767072.0,65713.0
2025-12-16T15:41:46.495949,2,0.0,0.0,0.0,411.0,29.0,1.0,864603.0,1.0,1672793.0,68553.0
2025-12-16T15:41:46.500588,2,0.0,0.0,0.0,411.0,29.0,1.0,864603.0,1.0,1672793.0,68553.0
2025-12-16T15:41:46.595864,3,0.0,0.0,0.0,437.0,41.0,1.0,662427.0,1.0,1399049.0,60668.0
2025-12-16T15:41:46.598201,3,0.0,0.0,0.0,437.0,41.0,1.0,662427.0,1.0,1399049.0,60668.0
2025-12-16T15:41:46.696115,4,0.0,0.0,0.0,439.0,41.0,1.0,978620.0,1.0,2036990.0,79131.0
2025-12-16T15:41:46.696115,4,0.0,0.0,0.0,439.0,41.0,1.0,978620.0,1.0,2036990.0,79131.0
2025-12-16T15:41:47.396030,1,0.0,0.0,0.0,416.0,31.0,1.0,648671.0,1.0,1781484.0,66294.0
2025-12-16T15:41:47.404016,1,0.0,0.0,0.0,416.0,31.0,1.0,648671.0,1.0,1781484.0,66294.0
2025-12-16T15:41:47.495748,2,0.0,0.0,0.0,407.0,27.0,1.0,882938.0,1.0,1663196.0,68809.0
2025-12-16T15:41:47.495922,2,0.0,0.0,0.0,407.0,27.0,1.0,882938.0,1.0,1663196.0,68809.0
2025-12-16T15:41:47.595956,3,0.0,0.0,0.0,413.0,29.0,1.0,648452.0,1.0,1417159.0,62144.0
2025-12-16T15:41:47.595956,3,0.0,0.0,0.0,413.0,29.0,1.0,648452.0,1.0,1417159.0,62144.0
2025-12-16T15:41:47.695914,4,0.0,0.0,0.0,439.0,42.0,1.0,998359.0,1.0,2053603.0,79105.0
2025-12-16T15:41:47.696069,4,0.0,0.0,0.0,439.0,42.0,1.0,998359.0,1.0,2053603.0,79105.0
2025-12-16T15:41:48.395968,1,0.0,0.0,0.0,431.0,38.0,1.0,645168.0,1.0,1777268.0,65358.0
2025-12-16T15:41:48.395938,1,0.0,0.0,0.0,431.0,38.0,1.0,645168.0,1.0,1777268.0,65358.0
2025-12-16T15:41:48.495928,2,0.0,0.0,0.0,410.0,28.0,1.0,868416.0,1.0,1667706.0,68623.0
2025-12-16T15:41:48.495868,2,0.0,0.0,0.0,410.0,28.0,1.0,868416.0,1.0,1667706.0,68623.0
2025-12-16T15:41:48.596131,3,0.0,0.0,0.0,422.0,34.0,1.0,656401.0,1.0,1395266.0,61579.0
2025-12-16T15:41:48.596131,3,0.0,0.0,0.0,422.0,34.0,1.0,656401.0,1.0,1395266.0,61579.0
2025-12-16T15:41:48.696072,4,0.0,0.0,0.0,432.0,38.0,1.0,994649.0,1.0,2040440.0,79642.0
2025-12-16T15:41:48.696072,4,0.0,0.0,0.0,432.0,38.0,1.0,994649.0,1.0,2040440.0,79642.0
2025-12-16T15:41:49.395898,1,0.0,0.0,0.0,421.0,33.0,1.0,655291.0,1.0,1773063.0,66003.0
2025-12-16T15:41:49.400125,1,0.0,0.0,0.0,421.0,33.0,1.0,655291.0,1.0,1773063.0,66003.0
2025-12-16T15:41:49.496409,2,0.0,0.0,0.0,400.0,23.0,1.0,878169.0,1.0,1681876.0,69346.0
2025-12-16T15:41:49.497915,2,0.0,0.0,0.0,400.0,23.0,1.0,878169.0,1.0,1681876.0,69346.0
2025-12-16T15:41:49.596319,3,0.0,0.0,0.0,425.0,35.0,1.0,660859.0,1.0,1406170.0,61391.0
2025-12-16T15:41:49.598866,3,0.0,0.0,0.0,425.0,35.0,1.0,660859.0,1.0,1406170.0,61391.0
2025-12-16T15:41:49.695967,4,0.0,0.0,0.0,446.0,45.0,1.0,988608.0,1.0,2067552.0,78624.0
2025-12-16T15:41:49.695967,4,0.0,0.0,0.0,446.0,45.0,1.0,988608.0,1.0,2067552.0,78624.0
2025-12-16T15:41:50.400593,1,0.00736080847921939,-0.0076601065760625,0.0,424.0,35.0,1.0,636062.0,1.0,1768867.0,65780.0
2025-12-16T15:41:50.400593,1,0.00736080847921939,-0.0076601065760625,0.0,424.0,35.0,1.0,636062.0,1.0,1768867.0,65780.0
2025-12-16T15:41:50.500001,2,0.41037767218982446,-1.0397230144997764,0.0,424.0,34.0,1.0,864018.0,1.0,1657016.0,67700.0
2025-12-16T15:41:50.500385,2,0.41037767218982446,-1.0397230144997764,0.0,424.0,34.0,1.0,864018.0,1.0,1657016.0,67700.0
2025-12-16T15:41:50.599403,3,0.41037767218982446,-1.0397230144997764,0.0,408.0,27.0,1.0,657290.0,1.0,1401419.0,62418.0
2025-12-16T15:41:50.599600,3,0.41037767218982446,-1.0397230144997764,0.0,408.0,27.0,1.0,657290.0,1.0,1401419.0,62418.0
2025-12-16T15:41:50.696274,4,0.41037767218982446,-1.0397230144997764,0.0,419.0,32.0,1.0,1004799.0,1.0,2032170.0,80700.0
2025-12-16T15:41:50.696355,4,0.41037767218982446,-1.0397230144997764,0.0,419.0,32.0,1.0,1004799.0,1.0,2032170.0,80700.0
2025-12-16T15:41:51.400457,1,0.41037767218982446,-1.0397230144997764,0.0,424.0,34.0,1.0,640165.0,1.0,1751590.0,65802.0
2025-12-16T15:41:51.400457,1,0.41037767218982446,-1.0397230144997764,0.0,424.0,34.0,1.0,640165.0,1.0,1751590.0,65802.0
2025-12-16T15:41:51.496292,2,-49.66325261490818,48.39632393002226,0.0,414.0,30.0,1.0,865482.0,1.0,1674493.0,68344.0
2025-12-16T15:41:51.496292,2,-49.66325261490818,48.39632393002226,0.0,414.0,30.0,1.0,865482.0,1.0,1674493.0,68344.0
2025-12-16T15:41:51.596708,3,-49.655886381314254,48.41675970218977,0.0,435.0,40.0,1.0,666249.0,1.0,1398102.0,60812.0
2025-12-16T15:41:51.596839,3,-49.655886381314254,48.41675970218977,0.0,435.0,40.0,1.0,666249.0,1.0,1398102.0,60812.0
2025-12-16T15:41:51.696814,4,-49.64745990638461,48.438401120757625,0.0,422.0,33.0,1.0,973006.0,1.0,1997393.0,80482.0
2025-12-16T15:41:51.696814,4,-49.64745990638461,48.438401120757625,0.0,422.0,33.0,1.0,973006.0,1.0,1997393.0,80482.0
2025-12-16T15:41:52.400497,1,-49.59719115637369,48.585946624827194,0.0,428.0,36.0,1.0,635631.0,1.0,1783897.0,65558.0
2025-12-16T15:41:52.400497,1,-49.59719115637369,48.585946624827194,0.0,428.0,36.0,1.0,635631.0,1.0,1783897.0,65558.0
2025-12-16T15:41:52.497957,2,-49.589275161599964,48.60677388573364,0.0,413.0,30.0,1.0,882042.0,1.0,1671096.0,68391.0
2025-12-16T15:41:52.498109,2,-49.589275161599964,48.60677388573364,0.0,413.0,30.0,1.0,882042.0,1.0,1671096.0,68391.0
2025-12-16T15:41:52.598993,3,-49.5810050860396,48.62855042673708,0.0,414.0,30.0,1.0,653298.0,1.0,1401893.0,62060.0
2025-12-16T15:41:52.600105,3,-49.5810050860396,48.62855042673708,0.0,414.0,30.0,1.0,653298.0,1.0,1401893.0,62060.0
2025-12-16T15:41:52.696735,4,-49.575151673551815,48.648591644951814,0.0,426.0,36.0,1.0,1004799.0,1.0,2041822.0,80102.0
2025-12-16T15:41:52.696739,4,-49.575151673551815,48.648591644951814,0.0,426.0,36.0,1.0,1004799.0,1.0,2041822.0,80102.0
2025-12-16T15:41:53.400112,1,-49.51993435407521,48.79525558324675,0.0,408.0,27.0,1.0,627721.0,1.0,1743901.0,66857.0
2025-12-16T15:41:53.400112,1,-49.51993435407521,48.79525558324675,0.0,408.0,27.0,1.0,627721.0,1.0,1743901.0,66857.0
2025-12-16T15:41:53.498048,2,-49.51331461414159,48.81666625437135,0.0,404.0,26.0,1.0,868710.0,1.0,1666577.0,68995.0
2025-12-16T15:41:53.498226,2,-49.51331461414159,48.81666625437135,0.0,404.0,26.0,1.0,868710.0,1.0,1666577.0,68995.0
2025-12-16T15:41:53.600481,3,-49.506854015011356,48.83622692938438,0.0,420.0,32.0,1.0,668960.0,1.0,1404743.0,61725.0
2025-12-16T15:41:53.602115,3,-49.506854015011356,48.83622692938438,0.0,420.0,32.0,1.0,668960.0,1.0,1404743.0,61725.0
2025-12-16T15:41:53.696014,4,-49.49804459294186,48.85798970044444,0.0,433.0,38.0,1.0,986268.0,1.0,2036990.0,79615.0
2025-12-16T15:41:53.696014,4,-49.49804459294186,48.85798970044444,0.0,433.0,38.0,1.0,986268.0,1.0,2036990.0,79615.0
2025-12-16T15:41:54.397991,1,-49.4477284882392,49.005394031626125,0.0,430.0,37.0,1.0,641901.0,1.0,1767072.0,65447.0
2025-12-16T15:41:54.397991,1,-49.4477284882392,49.005394031626125,0.0,430.0,37.0,1.0,641901.0,1.0,1767072.0,65447.0
2025-12-16T15:41:54.497432,2,-49.44049550557739,49.02579441600031,0.0,411.0,28.0,1.0,893459.0,1.0,1672793.0,68576.0
2025-12-16T15:41:54.497605,2,-49.44049550557739,49.02579441600031,0.0,411.0,28.0,1.0,893459.0,1.0,1672793.0,68576.0
2025-12-16T15:41:54.600469,3,-49.43204112427321,49.047791811991395,0.0,428.0,36.0,1.0,668734.0,1.0,1408551.0,61225.0
2025-12-16T15:41:54.600816,3,-49.43204112427321,49.047791811991395,0.0,428.0,36.0,1.0,668734.0,1.0,1408551.0,61225.0
2025-12-16T15:41:54.698047,4,-49.4245684436237,49.06824093858856,0.0,428.0,36.0,1.0,1007865.0,1.0,2084414.0,80020.0
2025-12-16T15:41:54.698047,4,-49.4245684436237,49.06824093858856,0.0,428.0,36.0,1.0,1007865.0,1.0,2084414.0,80020.0
2025-12-16T15:41:55.401013,1,-49.36983599942922,49.21610601762741,0.0,425.0,35.0,1.0,643859.0,1.0,1776667.0,65713.0
2025-12-16T15:41:55.402766,1,-49.36983599942922,49.21610601762741,0.0,425.0,35.0,1.0,643859.0,1.0,1776667.0,65713.0
2025-12-16T15:41:55.497939,2,-49.3622520502026,49.238222141210684,0.0,428.0,36.0,1.0,879062.0,1.0,1676194.0,67403.0
2025-12-16T15:41:55.498085,2,-49.3622520502026,49.238222141210684,0.0,428.0,36.0,1.0,879062.0,1.0,1676194.0,67403.0
2025-12-16T15:41:55.601179,3,-49.354725956582385,49.258409153032204,0.0,420.0,32.0,1.0,664897.0,1.0,1425336.0,61725.0
2025-12-16T15:41:55.602158,3,-49.354725956582385,49.258409153032204,0.0,420.0,32.0,1.0,664897.0,1.0,1425336.0,61725.0
2025-12-16T15:41:56.400522,1,-49.29259059971395,49.42637923908732,0.0,438.0,41.0,1.0,638002.0,1.0,1743901.0,64939.0
2025-12-16T15:41:56.400812,1,-49.29259059971395,49.42637923908732,0.0,438.0,41.0,1.0,638002.0,1.0,1743901.0,64939.0
2025-12-16T15:41:56.496152,2,-49.28526232509894,49.44826855348896,0.0,422.0,33.0,1.0,881445.0,1.0,1664886.0,67860.0
2025-12-16T15:41:56.496281,2,-49.28526232509894,49.44826855348896,0.0,422.0,33.0,1.0,881445.0,1.0,1664886.0,67860.0
2025-12-16T15:41:56.595698,3,-49.27792137671952,49.46873833991764,0.0,424.0,34.0,1.0,664448.0,1.0,1401893.0,61495.0
2025-12-16T15:41:56.595783,3,-49.27792137671952,49.46873833991764,0.0,424.0,34.0,1.0,664448.0,1.0,1401893.0,61495.0
2025-12-16T15:41:56.697545,4,-49.27131458690232,49.487822104527034,0.0,423.0,34.0,1.0,1007524.0,1.0,2017777.0,80373.0
2025-12-16T15:41:56.698193,4,-49.27131458690232,49.487822104527034,0.0,423.0,34.0,1.0,1007524.0,1.0,2017777.0,80373.0
2025-12-16T15:41:57.398586,1,-49.245382357520356,49.57231328421317,0.0,423.0,34.0,1.0,656401.0,1.0,1789339.0,65869.0
2025-12-16T15:41:57.398586,1,-49.245382357520356,49.57231328421317,0.0,423.0,34.0,1.0,656401.0,1.0,1789339.0,65869.0
2025-12-16T15:41:57.497803,2,-49.245382357520356,49.57231328421317,0.0,422.0,33.0,1.0,877575.0,1.0,1654214.0,67837.0
2025-12-16T15:41:57.497878,2,-49.245382357520356,49.57231328421317,0.0,422.0,33.0,1.0,877575.0,1.0,1654214.0,67837.0
2025-12-16T15:41:57.599234,3,-49.245382357520356,49.57231328421317,0.0,418.0,32.0,1.0,665348.0,1.0,1399049.0,61808.0
2025-12-16T15:41:57.599234,3,-49.245382357520356,49.57231328421317,0.0,418.0,32.0,1.0,665348.0,1.0,1399049.0,61808.0
2025-12-16T15:41:57.696246,4,-49.245382357520356,49.57231328421317,0.0,413.0,29.0,1.0,987939.0,1.0,2043896.0,81166.0
2025-12-16T15:41:57.696246,4,-49.245382357520356,49.57231328421317,0.0,413.0,29.0,1.0,987939.0,1.0,2043896.0,81166.0
2025-12-16T15:41:58.398342,1,-49.245382357520356,49.57231328421317,0.0,418.0,32.0,1.0,632627.0,1.0,1752776.0,66182.0
2025-12-16T15:41:58.398505,1,-49.245382357520356,49.57231328421317,0.0,418.0,32.0,1.0,632627.0,1.0,1752776.0,66182.0
2025-12-16T15:41:58.498148,3,-49.245382357520356,49.57231328421317,0.0,426.0,35.0,1.0,667377.0,1.0,1386792.0,61350.0
2025-12-16T15:41:58.498148,3,-49.245382357520356,49.57231328421317,0.0,426.0,35.0,1.0,667377.0,1.0,1386792.0,61350.0
2025-12-16T15:41:58.602608,4,-49.245382357520356,49.57231328421317,0.0,402.0,25.0,1.0,1001743.0,1.0,2043204.0,81994.0
2025-12-16T15:41:58.602551,4,-49.245382357520356,49.57231328421317,0.0,402.0,25.0,1.0,1001743.0,1.0,2043204.0,81994.0
2025-12-16T15:41:59.399386,1,-49.245382357520356,49.57231328421317,0.0,432.0,38.0,1.0,642336.0,1.0,1766474.0,65270.0
2025-12-16T15:41:59.399285,1,-49.245382357520356,49.57231328421317,0.0,432.0,38.0,1.0,642336.0,1.0,1766474.0,65270.0
2025-12-16T15:41:59.502312,2,-49.245382357520356,49.57231328421317,0.0,416.0,31.0,1.0,873722.0,1.0,1664886.0,68229.0
2025-12-16T15:41:59.503723,2,-49.245382357520356,49.57231328421317,0.0,416.0,31.0,1.0,873722.0,1.0,1664886.0,68229.0
2025-12-16T15:41:59.597413,3,-49.245382357520356,49.57231328421317,0.0,436.0,40.0,1.0,674873.0,1.0,1410460.0,60751.0
2025-12-16T15:41:59.597536,3,-49.245382357520356,49.57231328421317,0.0,436.0,40.0,1.0,674873.0,1.0,1410460.0,60751.0
2025-12-16T15:41:59.697506,4,-49.245382357520356,49.57231328421317,0.0,448.0,45.0,1.0,991623.0,1.0,2032170.0,78491.0
2025-12-16T15:41:59.697510,4,-49.245382357520356,49.57231328421317,0.0,448.0,45.0,1.0,991623.0,1.0,2032170.0,78491.0
2025-12-16T15:42:00.402294,1,-49.245382357520356,49.57231328421317,0.0,425.0,35.0,1.0,656179.0,1.0,1777268.0,65735.0
2025-12-16T15:42:00.402383,1,-49.245382357520356,49.57231328421317,0.0,425.0,35.0,1.0,656179.0,1.0,1777268.0,65735.0
2025-12-16T15:42:00.502381,2,-49.245382357520356,49.57231328421317,0.0,433.0,39.0,1.0,891345.0,1.0,1688150.0,67107.0
2025-12-16T15:42:00.502790,2,-49.245382357520356,49.57231328421317,0.0,433.0,39.0,1.0,891345.0,1.0,1688150.0,67107.0
2025-12-16T15:42:00.597123,3,-49.245382357520356,49.57231328421317,0.0,427.0,36.0,1.0,658849.0,1.0,1401893.0,61267.0
2025-12-16T15:42:00.597123,3,-49.245382357520356,49.57231328421317,0.0,427.0,36.0,1.0,658849.0,1.0,1401893.0,61267.0
2025-12-16T15:42:00.697997,4,-49.245382357520356,49.57231328421317,0.0,436.0,40.0,1.0,992631.0,1.0,2064056.0,79346.0
2025-12-16T15:42:00.698377,4,-49.245382357520356,49.57231328421317,0.0,436.0,40.0,1.0,992631.0,1.0,2064056.0,79346.0
2025-12-16T15:42:01.397887,2,-49.245382357520356,49.57231328421317,0.0,422.0,33.0,1.0,868416.0,1.0,1666013.0,67860.0
2025-12-16T15:42:01.398048,2,-49.245382357520356,49.57231328421317,0.0,422.0,33.0,1.0,868416.0,1.0,1666013.0,67860.0
2025-12-16T15:42:01.499494,3,-49.245382357520356,49.57231328421317,0.0,423.0,34.0,1.0,680608.0,1.0,1392907.0,61558.0
2025-12-16T15:42:01.499440,3,-49.245382357520356,49.57231328421317,0.0,423.0,34.0,1.0,680608.0,1.0,1392907.0,61558.0
2025-12-16T15:42:01.597432,4,-49.245382357520356,49.57231328421317,0.0,410.0,28.0,1.0,1004459.0,1.0,2012321.0,81386.0
2025-12-16T15:42:01.597573,4,-49.245382357520356,49.57231328421317,0.0,410.0,28.0,1.0,1004459.0,1.0,2012321.0,81386.0
2025-12-16T15:42:02.398536,1,-49.245382357520356,49.57231328421317,0.0,435.0,39.0,1.0,645823.0,1.0,1750998.0,65137.0
2025-12-16T15:42:02.398634,1,-49.245382357520356,49.57231328421317,0.0,435.0,39.0,1.0,645823.0,1.0,1750998.0,65137.0
2025-12-16T15:42:02.498419,2,-49.245382357520356,49.57231328421317,0.0,411.0,29.0,1.0,860516.0,1.0,1676761.0,68530.0
2025-12-16T15:42:02.498590,2,-49.245382357520356,49.57231328421317,0.0,411.0,29.0,1.0,860516.0,1.0,1676761.0,68530.0
2025-12-16T15:42:02.597713,3,-49.245382357520356,49.57231328421317,0.0,426.0,35.0,1.0,655957.0,1.0,1399049.0,61350.0
2025-12-16T15:42:02.597500,3,-49.245382357520356,49.57231328421317,0.0,426.0,35.0,1.0,655957.0,1.0,1399049.0,61350.0
2025-12-16T15:42:02.697282,4,-49.245382357520356,49.57231328421317,0.0,412.0,29.0,1.0,981606.0,1.0,2018460.0,81221.0
2025-12-16T15:42:02.702849,4,-49.245382357520356,49.57231328421317,0.0,412.0,29.0,1.0,981606.0,1.0,2018460.0,81221.0
2025-12-16T15:42:03.395755,1,-49.245382357520356,49.57231328421317,0.0,425.0,35.0,1.0,647574.0,1.0,1773663.0,65735.0
2025-12-16T15:42:03.395821,1,-49.245382357520356,49.57231328421317,0.0,425.0,35.0,1.0,647574.0,1.0,1773663.0,65735.0
2025-12-16T15:42:03.497905,2,-49.245382357520356,49.57231328421317,0.0,426.0,35.0,1.0,877872.0,1.0,1656455.0,67562.0
2025-12-16T15:42:03.498072,2,-49.245382357520356,49.57231328421317,0.0,426.0,35.0,1.0,877872.0,1.0,1656455.0,67562.0
2025-12-16T15:42:03.598577,4,-49.245382357520356,49.57231328421317,0.0,436.0,40.0,1.0,1001065.0,1.0,2054299.0,79400.0
2025-12-16T15:42:03.598577,4,-49.245382357520356,49.57231328421317,0.0,436.0,40.0,1.0,1001065.0,1.0,2054299.0,79400.0
2025-12-16T15:42:04.397808,1,-49.245382357520356,49.57231328421317,0.0,400.0,24.0,1.0,633484.0,1.0,1749221.0,67357.0
2025-12-16T15:42:04.397947,1,-49.245382357520356,49.57231328421317,0.0,400.0,24.0,1.0,633484.0,1.0,1749221.0,67357.0
2025-12-16T15:42:04.499601,2,-49.245382357520356,49.57231328421317,0.0,408.0,27.0,1.0,864018.0,1.0,1669400.0,68785.0
2025-12-16T15:42:04.499537,2,-49.245382357520356,49.57231328421317,0.0,408.0,27.0,1.0,864018.0,1.0,1669400.0,68785.0
2025-12-16T15:42:04.599146,3,-49.245382357520356,49.57231328421317,0.0,425.0,35.0,1.0,672138.0,1.0,1386792.0,61391.0
2025-12-16T15:42:04.599329,3,-49.245382357520356,49.57231328421317,0.0,425.0,35.0,1.0,672138.0,1.0,1386792.0,61391.0
2025-12-16T15:42:04.700438,4,-49.245382357520356,49.57231328421317,0.0,439.0,42.0,1.0,999035.0,1.0,2032858.0,79105.0
2025-12-16T15:42:04.700438,4,-49.245382357520356,49.57231328421317,0.0,439.0,42.0,1.0,999035.0,1.0,2032858.0,79105.0
2025-12-16T15:42:05.396219,1,-49.245382357520356,49.57231328421317,0.0,428.0,36.0,1.0,649330.0,1.0,1749221.0,65558.0
2025-12-16T15:42:05.396660,1,-49.245382357520356,49.57231328421317,0.0,428.0,36.0,1.0,649330.0,1.0,1749221.0,65558.0
2025-12-16T15:42:05.498596,2,-49.245382357520356,49.57231328421317,0.0,425.0,35.0,1.0,889236.0,1.0,1684725.0,67608.0
2025-12-16T15:42:05.498596,2,-49.245382357520356,49.57231328421317,0.0,425.0,35.0,1.0,889236.0,1.0,1684725.0,67608.0
2025-12-16T15:42:05.599010,3,-49.245382357520356,49.57231328421317,0.0,420.0,32.0,1.0,671683.0,1.0,1415720.0,61725.0
2025-12-16T15:42:05.599025,3,-49.245382357520356,49.57231328421317,0.0,420.0,32.0,1.0,671683.0,1.0,1415720.0,61725.0
2025-12-16T15:42:05.699525,4,-49.245382357520356,49.57231328421317,0.0,427.0,36.0,1.0,984934.0,1.0,2078075.0,80074.0
2025-12-16T15:42:05.699522,4,-49.245382357520356,49.57231328421317,0.0,427.0,36.0,1.0,984934.0,1.0,2078075.0,80074.0
2025-12-16T15:42:06.399129,1,-49.245382357520356,49.57231328421317,0.0,422.0,34.0,1.0,643859.0,1.0,1765876.0,65936.0
2025-12-16T15:42:06.399139,1,-49.245382357520356,49.57231328421317,0.0,422.0,34.0,1.0,643859.0,1.0,1765876.0,65936.0
2025-12-16T15:42:06.502225,2,-49.245382357520356,49.57231328421317,0.0,426.0,35.0,1.0,864311.0,1.0,1676194.0,67562.0
2025-12-16T15:42:06.504399,2,-49.245382357520356,49.57231328421317,0.0,426.0,35.0,1.0,864311.0,1.0,1676194.0,67562.0
2025-12-16T15:42:06.601393,3,-49.245382357520356,49.57231328421317,0.0,423.0,34.0,1.0,661307.0,1.0,1391493.0,61558.0
2025-12-16T15:42:06.602069,3,-49.245382357520356,49.57231328421317,0.0,423.0,34.0,1.0,661307.0,1.0,1391493.0,61558.0
2025-12-16T15:42:06.698585,4,-49.245382357520356,49.57231328421317,0.0,417.0,31.0,1.0,1011281.0,1.0,2033546.0,80809.0
2025-12-16T15:42:06.698713,4,-49.245382357520356,49.57231328421317,0.0,417.0,31.0,1.0,1011281.0,1.0,2033546.0,80809.0
2025-12-16T15:42:07.401286,1,-49.245382357520356,49.57231328421317,0.0,420.0,32.0,1.0,649550.0,1.0,1755151.0,66092.0
2025-12-16T15:42:07.401286,1,-49.245382357520356,49.57231328421317,0.0,420.0,32.0,1.0,649550.0,1.0,1755151.0,66092.0
2025-12-16T15:42:07.496068,2,-49.245382357520356,49.57231328421317,0.0,409.0,28.0,1.0,895882.0,1.0,1676194.0,68669.0
2025-12-16T15:42:07.496237,2,-49.245382357520356,49.57231328421317,0.0,409.0,28.0,1.0,895882.0,1.0,1676194.0,68669.0
2025-12-16T15:42:07.596066,3,-49.245382357520356,49.57231328421317,0.0,415.0,30.0,1.0,670320.0,1.0,1373247.0,62018.0
2025-12-16T15:42:07.598498,3,-49.245382357520356,49.57231328421317,0.0,415.0,30.0,1.0,670320.0,1.0,1373247.0,62018.0
2025-12-16T15:42:07.695871,4,-49.245382357520356,49.57231328421317,0.0,434.0,39.0,1.0,982271.0,1.0,2013003.0,79534.0
2025-12-16T15:42:07.698225,4,-49.245382357520356,49.57231328421317,0.0,434.0,39.0,1.0,982271.0,1.0,2013003.0,79534.0
2025-12-16T15:42:08.396067,1,-49.245382357520356,49.57231328421317,0.0,427.0,36.0,1.0,648232.0,1.0,1788734.0,65646.0
2025-12-16T15:42:08.396067,1,-49.245382357520356,49.57231328421317,0.0,427.0,36.0,1.0,648232.0,1.0,1788734.0,65646.0
2025-12-16T15:42:08.495994,2,-49.245382357520356,49.57231328421317,0.0,411.0,28.0,1.0,878467.0,1.0,1664886.0,68576.0
2025-12-16T15:42:08.496172,2,-49.245382357520356,49.57231328421317,0.0,411.0,28.0,1.0,878467.0,1.0,1664886.0,68576.0
2025-12-16T15:42:08.596000,3,-49.245382357520356,49.57231328421317,0.0,405.0,26.0,1.0,654626.0,1.0,1391493.0,62587.0
2025-12-16T15:42:08.598359,3,-49.245382357520356,49.57231328421317,0.0,405.0,26.0,1.0,654626.0,1.0,1391493.0,62587.0
2025-12-16T15:42:08.696236,4,-49.245382357520356,49.57231328421317,0.0,412.0,29.0,1.0,995996.0,1.0,2042513.0,81248.0
2025-12-16T15:42:08.696236,4,-49.245382357520356,49.57231328421317,0.0,412.0,29.0,1.0,995996.0,1.0,2042513.0,81248.0
2025-12-16T15:42:09.396188,1,-49.245382357520356,49.57231328421317,0.0,426.0,35.0,1.0,643859.0,1.0,1774263.0,65713.0
2025-12-16T15:42:09.396492,1,-49.245382357520356,49.57231328421317,0.0,426.0,35.0,1.0,643859.0,1.0,1774263.0,65713.0
2025-12-16T15:42:09.496429,2,-49.245382357520356,49.57231328421317,0.0,420.0,32.0,1.0,867828.0,1.0,1663759.0,67998.0
2025-12-16T15:42:09.498861,2,-49.245382357520356,49.57231328421317,0.0,420.0,32.0,1.0,867828.0,1.0,1663759.0,67998.0
2025-12-16T15:42:09.596344,3,-49.245382357520356,49.57231328421317,0.0,424.0,34.0,1.0,659742.0,1.0,1413327.0,61495.0
2025-12-16T15:42:09.599133,3,-49.245382357520356,49.57231328421317,0.0,424.0,34.0,1.0,659742.0,1.0,1413327.0,61495.0
2025-12-16T15:42:09.696265,4,-49.245382357520356,49.57231328421317,0.0,423.0,34.0,1.0,990617.0,1.0,2023933.0,80400.0
2025-12-16T15:42:09.699690,4,-49.245382357520356,49.57231328421317,0.0,423.0,34.0,1.0,990617.0,1.0,2023933.0,80400.0
2025-12-16T15:42:10.396902,1,-49.245382357520356,49.57231328421317,0.0,437.0,40.0,1.0,648232.0,1.0,1763487.0,64983.0
2025-12-16T15:42:10.396961,1,-49.245382357520356,49.57231328421317,0.0,437.0,40.0,1.0,648232.0,1.0,1763487.0,64983.0
2025-12-16T15:42:10.496077,2,-49.245382357520356,49.57231328421317,0.0,410.0,28.0,1.0,896488.0,1.0,1680169.0,68623.0
2025-12-16T15:42:10.498255,2,-49.245382357520356,49.57231328421317,0.0,410.0,28.0,1.0,896488.0,1.0,1680169.0,68623.0
2025-12-16T15:42:10.596127,3,-49.245382357520356,49.57231328421317,0.0,408.0,27.0,1.0,662427.0,1.0,1416200.0,62418.0
2025-12-16T15:42:10.598569,3,-49.245382357520356,49.57231328421317,0.0,408.0,27.0,1.0,662427.0,1.0,1416200.0,62418.0
2025-12-16T15:42:10.696941,4,-49.245382357520356,49.57231328421317,0.0,444.0,44.0,1.0,996333.0,1.0,2048744.0,78784.0
2025-12-16T15:42:10.697369,4,-49.245382357520356,49.57231328421317,0.0,444.0,44.0,1.0,996333.0,1.0,2048744.0,78784.0
2025-12-16T15:42:11.398555,1,-49.329298626523524,49.54448963808312,0.0,420.0,32.0,1.0,640165.0,1.0,1796621.0,66092.0
2025-12-16T15:42:11.398544,1,-49.329298626523524,49.54448963808312,0.0,420.0,32.0,1.0,640165.0,1.0,1796621.0,66092.0
2025-12-16T15:42:11.497467,2,-49.35395902946903,49.53791915176199,0.0,415.0,30.0,1.0,868710.0,1.0,1643611.0,68321.0
2025-12-16T15:42:11.497664,2,-49.35395902946903,49.53791915176199,0.0,415.0,30.0,1.0,868710.0,1.0,1643611.0,68321.0
2025-12-16T15:42:11.600382,3,-49.37600478997528,49.53048809018642,0.0,418.0,32.0,1.0,673276.0,1.0,1415720.0,61808.0
2025-12-16T15:42:11.600590,3,-49.37600478997528,49.53048809018642,0.0,418.0,32.0,1.0,673276.0,1.0,1415720.0,61808.0
2025-12-16T15:42:11.697977,4,-49.39620802942932,49.52345980222734,0.0,420.0,32.0,1.0,1015053.0,1.0,2046665.0,80646.0
2025-12-16T15:42:11.697976,4,-49.39620802942932,49.52345980222734,0.0,420.0,32.0,1.0,1015053.0,1.0,2046665.0,80646.0
2025-12-16T15:42:12.396792,1,-49.54317176671829,49.47831419145881,0.0,421.0,33.0,1.0,638218.0,1.0,1769466.0,66025.0
2025-12-16T15:42:12.397070,1,-49.54317176671829,49.47831419145881,0.0,421.0,33.0,1.0,638218.0,1.0,1769466.0,66025.0
2025-12-16T15:42:12.497341,2,-49.565378420476144,49.471469270150756,0.0,422.0,33.0,1.0,862849.0,1.0,1679033.0,67837.0
2025-12-16T15:42:12.497341,2,-49.565378420476144,49.471469270150756,0.0,422.0,33.0,1.0,862849.0,1.0,1679033.0,67837.0
2025-12-16T15:42:12.597919,3,-49.587245937360485,49.465500230565475,0.0,409.0,28.0,1.0,682222.0,1.0,1386792.0,62355.0
2025-12-16T15:42:12.597920,3,-49.587245937360485,49.465500230565475,0.0,409.0,28.0,1.0,682222.0,1.0,1386792.0,62355.0
2025-12-16T15:42:12.696377,4,-49.608902753543624,49.45811816132407,0.0,445.0,44.0,1.0,987939.0,1.0,1983247.0,78651.0
2025-12-16T15:42:12.696486,4,-49.608902753543624,49.45811816132407,0.0,445.0,44.0,1.0,987939.0,1.0,1983247.0,78651.0
2025-12-16T15:42:13.397239,1,-49.75805081121509,49.413928515202436,0.0,420.0,32.0,1.0,654183.0,1.0,1791157.0,66092.0
2025-12-16T15:42:13.397451,1,-49.75805081121509,49.413928515202436,0.0,420.0,32.0,1.0,654183.0,1.0,1791157.0,66092.0
2025-12-16T15:42:13.496500,2,-49.77934732958014,49.407476840547645,0.0,400.0,22.0,1.0,865189.0,1.0,1669400.0,69581.0
2025-12-16T15:42:13.496703,2,-49.77934732958014,49.407476840547645,0.0,400.0,22.0,1.0,865189.0,1.0,1669400.0,69581.0
2025-12-16T15:42:13.601575,3,-49.80095975404278,49.400916553816934,0.0,417.0,31.0,1.0,660859.0,1.0,1411415.0,61871.0
2025-12-16T15:42:13.601716,3,-49.80095975404278,49.400916553816934,0.0,417.0,31.0,1.0,660859.0,1.0,1411415.0,61871.0
2025-12-16T15:42:13.697147,4,-49.82329846344109,49.395932059455276,0.0,436.0,40.0,1.0,1001743.0,1.0,2047358.0,79346.0
2025-12-16T15:42:13.697246,4,-49.82329846344109,49.395932059455276,0.0,436.0,40.0,1.0,1001743.0,1.0,2047358.0,79346.0
2025-12-16T15:42:14.399844,1,-49.9729222333622,49.348588391723716,0.0,416.0,31.0,1.0,621170.0,1.0,1748037.0,66339.0
2025-12-16T15:42:14.400424,1,-49.9729222333622,49.348588391723716,0.0,416.0,31.0,1.0,621170.0,1.0,1748037.0,66339.0
2025-12-16T15:42:14.497940,2,-49.99425937956519,49.34381171491639,0.0,422.0,34.0,1.0,871950.0,1.0,1666013.0,67814.0
2025-12-16T15:42:14.497940,2,-49.99425937956519,49.34381171491639,0.0,422.0,34.0,1.0,871950.0,1.0,1666013.0,67814.0
2025-12-16T15:42:14.597818,3,-50.0153686445231,49.33863255616641,0.0,400.0,21.0,1.0,664223.0,1.0,1402368.0,63312.0
2025-12-16T15:42:14.598118,3,-50.0153686445231,49.33863255616641,0.0,400.0,21.0,1.0,664223.0,1.0,1402368.0,63312.0
2025-12-16T15:42:14.697597,4,-50.03620819290626,49.3319953042387,0.0,427.0,36.0,1.0,1004799.0,1.0,2012321.0,80102.0
2025-12-16T15:42:14.697549,4,-50.03620819290626,49.3319953042387,0.0,427.0,36.0,1.0,1004799.0,1.0,2012321.0,80102.0
2025-12-16T15:42:15.399374,1,-50.188542187119566,49.28529956886076,0.0,426.0,35.0,1.0,653740.0,1.0,1740363.0,65713.0
2025-12-16T15:42:15.399481,1,-50.188542187119566,49.28529956886076,0.0,426.0,35.0,1.0,653740.0,1.0,1740363.0,65713.0
2025-12-16T15:42:15.498412,2,-50.21029881906093,49.27838612158572,0.0,410.0,28.0,1.0,895882.0,1.0,1703070.0,68646.0
2025-12-16T15:42:15.498636,2,-50.21029881906093,49.27838612158572,0.0,410.0,28.0,1.0,895882.0,1.0,1703070.0,68646.0
2025-12-16T15:42:15.598445,3,-50.23126974310922,49.27217970105998,0.0,418.0,32.0,1.0,677849.0,1.0,1414762.0,61808.0
2025-12-16T15:42:15.598445,3,-50.23126974310922,49.27217970105998,0.0,418.0,32.0,1.0,677849.0,1.0,1414762.0,61808.0
2025-12-16T15:42:15.698761,4,-50.252590007341105,49.26602110541896,0.0,439.0,41.0,1.0,1006160.0,1.0,2075966.0,79131.0
2025-12-16T15:42:15.698762,4,-50.252590007341105,49.26602110541896,0.0,439.0,41.0,1.0,1006160.0,1.0,2075966.0,79131.0
2025-12-16T15:42:16.397062,1,-50.40131911988076,49.22111730380881,0.0,416.0,31.0,1.0,636062.0,1.0,1785710.0,66339.0
2025-12-16T15:42:16.397045,1,-50.40131911988076,49.22111730380881,0.0,416.0,31.0,1.0,636062.0,1.0,1785710.0,66339.0
2025-12-16T15:42:16.497838,2,-50.42201852964089,49.21643034522094,0.0,427.0,36.0,1.0,865189.0,1.0,1681876.0,67517.0
2025-12-16T15:42:16.498041,2,-50.42201852964089,49.21643034522094,0.0,427.0,36.0,1.0,865189.0,1.0,1681876.0,67517.0
2025-12-16T15:42:16.598203,3,-50.44344709004109,49.21073794911436,0.0,432.0,38.0,1.0,659072.0,1.0,1402842.0,61019.0
2025-12-16T15:42:16.598415,3,-50.44344709004109,49.21073794911436,0.0,432.0,38.0,1.0,659072.0,1.0,1402842.0,61019.0
2025-12-16T15:42:16.697914,4,-50.464654808232545,49.20297143822346,0.0,417.0,31.0,1.0,1006160.0,1.0,2025989.0,80864.0
2025-12-16T15:42:16.697914,4,-50.464654808232545,49.20297143822346,0.0,417.0,31.0,1.0,1006160.0,1.0,2025989.0,80864.0
2025-12-16T15:42:17.399380,1,-50.617869730495045,49.15917207412322,0.0,429.0,37.0,1.0,639299.0,1.0,1746854.0,65469.0
2025-12-16T15:42:17.399564,1,-50.617869730495045,49.15917207412322,0.0,429.0,37.0,1.0,639299.0,1.0,1746854.0,65469.0
2025-12-16T15:42:17.499190,2,-50.63902353242124,49.15238801447085,0.0,413.0,29.0,1.0,876091.0,1.0,1685866.0,68460.0
2025-12-16T15:42:17.499255,2,-50.63902353242124,49.15238801447085,0.0,413.0,29.0,1.0,876091.0,1.0,1685866.0,68460.0
2025-12-16T15:42:17.597977,3,-50.66024422550338,49.14703199130883,0.0,417.0,31.0,1.0,674416.0,1.0,1404743.0,61913.0
2025-12-16T15:42:17.598140,3,-50.66024422550338,49.14703199130883,0.0,417.0,31.0,1.0,674416.0,1.0,1404743.0,61913.0
2025-12-16T15:42:17.697074,4,-50.68118866531706,49.14166064008526,0.0,435.0,40.0,1.0,984601.0,1.0,2042513.0,79427.0
2025-12-16T15:42:17.697229,4,-50.68118866531706,49.14166064008526,0.0,435.0,40.0,1.0,984601.0,1.0,2042513.0,79427.0
2025-12-16T15:42:18.397680,1,-50.77120026167518,49.117886013505704,0.0,417.0,31.0,1.0,641032.0,1.0,1787524.0,66249.0
2025-12-16T15:42:18.397852,1,-50.77120026167518,49.117886013505704,0.0,417.0,31.0,1.0,641032.0,1.0,1787524.0,66249.0
2025-12-16T15:42:18.498496,2,-50.77120026167518,49.117886013505704,0.0,431.0,38.0,1.0,878467.0,1.0,1658138.0,67266.0
2025-12-16T15:42:18.498496,2,-50.77120026167518,49.117886013505704,0.0,431.0,38.0,1.0,878467.0,1.0,1658138.0,67266.0
2025-12-16T15:42:18.598280,3,-50.77120026167518,49.117886013505704,0.0,400.0,21.0,1.0,668055.0,1.0,1400944.0,63290.0
2025-12-16T15:42:18.598280,3,-50.77120026167518,49.117886013505704,0.0,400.0,21.0,1.0,668055.0,1.0,1400944.0,63290.0
2025-12-16T15:42:18.701732,4,-50.77120026167518,49.117886013505704,0.0,431.0,38.0,1.0,1006501.0,1.0,2065453.0,79723.0
2025-12-16T15:42:18.703294,4,-50.77120026167518,49.117886013505704,0.0,431.0,38.0,1.0,1006501.0,1.0,2065453.0,79723.0
2025-12-16T15:42:19.400472,1,-50.77120026167518,49.117886013505704,0.0,421.0,33.0,1.0,642336.0,1.0,1759910.0,66003.0
2025-12-16T15:42:19.400452,1,-50.77120026167518,49.117886013505704,0.0,421.0,33.0,1.0,642336.0,1.0,1759910.0,66003.0
2025-12-16T15:42:19.502332,2,-50.77120026167518,49.117886013505704,0.0,411.0,29.0,1.0,869592.0,1.0,1669400.0,68553.0
2025-12-16T15:42:19.503241,2,-50.77120026167518,49.117886013505704,0.0,411.0,29.0,1.0,869592.0,1.0,1669400.0,68553.0
2025-12-16T15:42:19.598390,3,-50.77120026167518,49.117886013505704,0.0,431.0,38.0,1.0,657513.0,1.0,1384916.0,61039.0
2025-12-16T15:42:19.598633,3,-50.77120026167518,49.117886013505704,0.0,431.0,38.0,1.0,657513.0,1.0,1384916.0,61039.0
2025-12-16T15:42:19.702647,4,-50.77120026167518,49.117886013505704,0.0,414.0,30.0,1.0,985601.0,1.0,2026675.0,81056.0
2025-12-16T15:42:19.702647,4,-50.77120026167518,49.117886013505704,0.0,414.0,30.0,1.0,985601.0,1.0,2026675.0,81056.0
2025-12-16T15:42:20.404228,3,-50.77120026167518,49.117886013505704,0.0,429.0,37.0,1.0,666926.0,1.0,1410460.0,61184.0
2025-12-16T15:42:20.407413,3,-50.77120026167518,49.117886013505704,0.0,429.0,37.0,1.0,666926.0,1.0,1410460.0,61184.0
2025-12-16T15:42:20.498572,4,-50.77120026167518,49.117886013505704,0.0,411.0,28.0,1.0,999035.0,1.0,2087945.0,81358.0
2025-12-16T15:42:20.498572,4,-50.77120026167518,49.117886013505704,0.0,411.0,28.0,1.0,999035.0,1.0,2087945.0,81358.0
2025-12-16T15:42:21.402368,1,-50.77120026167518,49.117886013505704,0.0,436.0,40.0,1.0,651091.0,1.0,1751590.0,65071.0
2025-12-16T15:42:21.402529,1,-50.77120026167518,49.117886013505704,0.0,436.0,40.0,1.0,651091.0,1.0,1751590.0,65071.0
2025-12-16T15:42:21.498169,2,-50.77120026167518,49.117886013505704,0.0,423.0,34.0,1.0,889537.0,1.0,1699615.0,67746.0
2025-12-16T15:42:21.498340,2,-50.77120026167518,49.117886013505704,0.0,423.0,34.0,1.0,889537.0,1.0,1699615.0,67746.0
2025-12-16T15:42:21.597299,3,-50.77120026167518,49.117886013505704,0.0,414.0,30.0,1.0,668960.0,1.0,1396211.0,62081.0
2025-12-16T15:42:21.597299,3,-50.77120026167518,49.117886013505704,0.0,414.0,30.0,1.0,668960.0,1.0,1396211.0,62081.0
2025-12-16T15:42:21.698577,4,-50.77120026167518,49.117886013505704,0.0,428.0,36.0,1.0,1014710.0,1.0,2020511.0,80020.0
2025-12-16T15:42:21.698577,4,-50.77120026167518,49.117886013505704,0.0,428.0,36.0,1.0,1014710.0,1.0,2020511.0,80020.0
2025-12-16T15:42:22.402094,1,-50.77120026167518,49.117886013505704,0.0,417.0,31.0,1.0,651311.0,1.0,1764084.0,66249.0
2025-12-16T15:42:22.403349,1,-50.77120026167518,49.117886013505704,0.0,417.0,31.0,1.0,651311.0,1.0,1764084.0,66249.0
2025-12-16T15:42:22.498021,2,-50.77120026167518,49.117886013505704,0.0,435.0,39.0,1.0,877278.0,1.0,1655894.0,67016.0
2025-12-16T15:42:22.498021,2,-50.77120026167518,49.117886013505704,0.0,435.0,39.0,1.0,877278.0,1.0,1655894.0,67016.0
2025-12-16T15:42:22.599047,4,-50.77120026167518,49.117886013505704,0.0,412.0,29.0,1.0,982603.0,1.0,2032858.0,81248.0
2025-12-16T15:42:22.599071,4,-50.77120026167518,49.117886013505704,0.0,412.0,29.0,1.0,982603.0,1.0,2032858.0,81248.0
2025-12-16T15:42:23.401021,1,-50.77120026167518,49.117886013505704,0.0,424.0,34.0,1.0,635416.0,1.0,1771263.0,65847.0
2025-12-16T15:42:23.401241,1,-50.77120026167518,49.117886013505704,0.0,424.0,34.0,1.0,635416.0,1.0,1771263.0,65847.0
2025-12-16T15:42:23.500569,2,-50.77120026167518,49.117886013505704,0.0,412.0,29.0,1.0,868122.0,1.0,1681307.0,68483.0
2025-12-16T15:42:23.500460,2,-50.77120026167518,49.117886013505704,0.0,412.0,29.0,1.0,868122.0,1.0,1681307.0,68483.0
2025-12-16T15:42:23.597814,3,-50.77120026167518,49.117886013505704,0.0,427.0,36.0,1.0,663100.0,1.0,1395738.0,61308.0
2025-12-16T15:42:23.598101,3,-50.77120026167518,49.117886013505704,0.0,427.0,36.0,1.0,663100.0,1.0,1395738.0,61308.0
2025-12-16T15:42:23.700545,4,-50.77120026167518,49.117886013505704,0.0,440.0,42.0,1.0,996333.0,1.0,2045280.0,79051.0
2025-12-16T15:42:23.700642,4,-50.77120026167518,49.117886013505704,0.0,440.0,42.0,1.0,996333.0,1.0,2045280.0,79051.0
2025-12-16T15:42:24.400744,1,-50.77120026167518,49.117886013505704,0.0,416.0,31.0,1.0,645386.0,1.0,1786314.0,66316.0
2025-12-16T15:42:24.400684,1,-50.77120026167518,49.117886013505704,0.0,416.0,31.0,1.0,645386.0,1.0,1786314.0,66316.0
2025-12-16T15:42:24.500276,2,-50.77120026167518,49.117886013505704,0.0,427.0,36.0,1.0,875202.0,1.0,1672793.0,67494.0
2025-12-16T15:42:24.500401,2,-50.77120026167518,49.117886013505704,0.0,427.0,36.0,1.0,875202.0,1.0,1672793.0,67494.0
2025-12-16T15:42:24.598517,3,-50.77120026167518,49.117886013505704,0.0,426.0,35.0,1.0,664897.0,1.0,1409505.0,61350.0
2025-12-16T15:42:24.598507,3,-50.77120026167518,49.117886013505704,0.0,426.0,35.0,1.0,664897.0,1.0,1409505.0,61350.0
2025-12-16T15:42:24.698548,4,-50.77120026167518,49.117886013505704,0.0,427.0,36.0,1.0,998021.0,1.0,2037680.0,80102.0
2025-12-16T15:42:24.698723,4,-50.77120026167518,49.117886013505704,0.0,427.0,36.0,1.0,998021.0,1.0,2037680.0,80102.0
2025-12-16T15:42:25.398374,1,-50.77120026167518,49.117886013505704,0.0,406.0,27.0,1.0,645823.0,1.0,1756934.0,66948.0
2025-12-16T15:42:25.398374,1,-50.77120026167518,49.117886013505704,0.0,406.0,27.0,1.0,645823.0,1.0,1756934.0,66948.0
2025-12-16T15:42:25.498567,2,-50.77120026167518,49.117886013505704,0.0,419.0,32.0,1.0,863141.0,1.0,1648625.0,68067.0
2025-12-16T15:42:25.498567,2,-50.77120026167518,49.117886013505704,0.0,419.0,32.0,1.0,863141.0,1.0,1648625.0,68067.0
2025-12-16T15:42:25.598112,3,-50.77120026167518,49.117886013505704,0.0,424.0,34.0,1.0,660859.0,1.0,1400470.0,61475.0
2025-12-16T15:42:25.598122,3,-50.77120026167518,49.117886013505704,0.0,424.0,34.0,1.0,660859.0,1.0,1400470.0,61475.0
2025-12-16T15:42:26.395824,1,-50.77120026167518,49.117886013505704,0.0,417.0,31.0,1.0,657735.0,1.0,1771863.0,66294.0
2025-12-16T15:42:26.395845,1,-50.77120026167518,49.117886013505704,0.0,417.0,31.0,1.0,657735.0,1.0,1771863.0,66294.0
2025-12-16T15:42:26.496044,2,-50.77120026167518,49.117886013505704,0.0,434.0,39.0,1.0,875795.0,1.0,1693300.0,67061.0
2025-12-16T15:42:26.496017,2,-50.77120026167518,49.117886013505704,0.0,434.0,39.0,1.0,875795.0,1.0,1693300.0,67061.0
2025-12-16T15:42:26.595971,3,-50.77120026167518,49.117886013505704,0.0,433.0,39.0,1.0,659965.0,1.0,1413327.0,60936.0
2025-12-16T15:42:26.595896,3,-50.77120026167518,49.117886013505704,0.0,433.0,39.0,1.0,659965.0,1.0,1413327.0,60936.0
2025-12-16T15:42:26.696108,4,-50.77120026167518,49.117886013505704,0.0,417.0,31.0,1.0,1004119.0,1.0,2067552.0,80864.0
2025-12-16T15:42:26.696211,4,-50.77120026167518,49.117886013505704,0.0,417.0,31.0,1.0,1004119.0,1.0,2067552.0,80864.0
2025-12-16T15:42:27.396290,1,-50.77120026167518,49.117886013505704,0.0,425.0,35.0,1.0,641032.0,1.0,1787524.0,65780.0
2025-12-16T15:42:27.410816,1,-50.77120026167518,49.117886013505704,0.0,425.0,35.0,1.0,641032.0,1.0,1787524.0,65780.0
2025-12-16T15:42:27.495937,2,-50.77120026167518,49.117886013505704,0.0,423.0,34.0,1.0,872836.0,1.0,1672227.0,67792.0
2025-12-16T15:42:27.498421,2,-50.77120026167518,49.117886013505704,0.0,423.0,34.0,1.0,872836.0,1.0,1672227.0,67792.0
2025-12-16T15:42:27.596032,3,-50.77120026167518,49.117886013505704,0.0,431.0,38.0,1.0,653298.0,1.0,1403792.0,61039.0
2025-12-16T15:42:27.596032,3,-50.77120026167518,49.117886013505704,0.0,431.0,38.0,1.0,653298.0,1.0,1403792.0,61039.0
2025-12-16T15:42:27.695981,4,-50.77120026167518,49.117886013505704,0.0,438.0,41.0,1.0,1007865.0,1.0,2036990.0,79239.0
2025-12-16T15:42:27.695948,4,-50.77120026167518,49.117886013505704,0.0,438.0,41.0,1.0,1007865.0,1.0,2036990.0,79239.0
2025-12-16T15:42:28.396097,1,-50.77120026167518,49.117886013505704,0.0,429.0,37.0,1.0,644731.0,1.0,1777870.0,65491.0
2025-12-16T15:42:28.396097,1,-50.77120026167518,49.117886013505704,0.0,429.0,37.0,1.0,644731.0,1.0,1777870.0,65491.0
2025-12-16T15:42:28.496140,2,-50.77120026167518,49.117886013505704,0.0,422.0,33.0,1.0,885631.0,1.0,1669965.0,67860.0
2025-12-16T15:42:28.496130,2,-50.77120026167518,49.117886013505704,0.0,422.0,33.0,1.0,885631.0,1.0,1669965.0,67860.0
2025-12-16T15:42:28.596012,3,-50.77120026167518,49.117886013505704,0.0,427.0,36.0,1.0,664448.0,1.0,1407598.0,61288.0
2025-12-16T15:42:28.598421,3,-50.77120026167518,49.117886013505704,0.0,427.0,36.0,1.0,664448.0,1.0,1407598.0,61288.0
2025-12-16T15:42:28.696226,4,-50.77120026167518,49.117886013505704,0.0,414.0,30.0,1.0,993639.0,1.0,2035612.0,81083.0
2025-12-16T15:42:28.698777,4,-50.77120026167518,49.117886013505704,0.0,414.0,30.0,1.0,993639.0,1.0,2035612.0,81083.0
2025-12-16T15:42:29.396171,1,-50.77120026167518,49.117886013505704,0.0,423.0,34.0,1.0,636062.0,1.0,1769466.0,65869.0
2025-12-16T15:42:29.396171,1,-50.77120026167518,49.117886013505704,0.0,423.0,34.0,1.0,636062.0,1.0,1769466.0,65869.0
2025-12-16T15:42:29.496014,2,-50.77120026167518,49.117886013505704,0.0,415.0,30.0,1.0,882042.0,1.0,1676194.0,68298.0
2025-12-16T15:42:29.498433,2,-50.77120026167518,49.117886013505704,0.0,415.0,30.0,1.0,882042.0,1.0,1676194.0,68298.0
2025-12-16T15:42:29.596537,3,-50.77120026167518,49.117886013505704,0.0,411.0,29.0,1.0,651532.0,1.0,1400470.0,62249.0
2025-12-16T15:42:29.596537,3,-50.77120026167518,49.117886013505704,0.0,411.0,29.0,1.0,651532.0,1.0,1400470.0,62249.0
2025-12-16T15:42:29.695815,4,-50.77120026167518,49.117886013505704,0.0,423.0,34.0,1.0,1001743.0,1.0,2047358.0,80373.0
2025-12-16T15:42:29.695816,4,-50.77120026167518,49.117886013505704,0.0,423.0,34.0,1.0,1001743.0,1.0,2047358.0,80373.0
2025-12-16T15:42:30.397983,1,-50.868817869621154,49.092413233764525,0.0,419.0,32.0,1.0,635201.0,1.0,1774263.0,66160.0
2025-12-16T15:42:30.397983,1,-50.868817869621154,49.092413233764525,0.0,419.0,32.0,1.0,635201.0,1.0,1774263.0,66160.0
2025-12-16T15:42:30.501189,2,-50.89244176278046,49.08692950168202,0.0,416.0,31.0,1.0,883237.0,1.0,1658138.0,68229.0
2025-12-16T15:42:30.501846,2,-50.89244176278046,49.08692950168202,0.0,416.0,31.0,1.0,883237.0,1.0,1658138.0,68229.0
2025-12-16T15:42:30.598483,3,-50.91401761667523,49.07876300907886,0.0,423.0,34.0,1.0,667152.0,1.0,1382574.0,61537.0
2025-12-16T15:42:30.598480,3,-50.91401761667523,49.07876300907886,0.0,423.0,34.0,1.0,667152.0,1.0,1382574.0,61537.0
2025-12-16T15:42:30.696750,4,-50.934693555272595,49.07170574960767,0.0,443.0,43.0,1.0,982936.0,1.0,2042513.0,78811.0
2025-12-16T15:42:30.696750,4,-50.934693555272595,49.07170574960767,0.0,443.0,43.0,1.0,982936.0,1.0,2042513.0,78811.0
2025-12-16T15:42:31.397459,1,-51.08181746649224,49.02763596815847,0.0,425.0,35.0,1.0,656845.0,1.0,1764084.0,65780.0
2025-12-16T15:42:31.397459,1,-51.08181746649224,49.02763596815847,0.0,425.0,35.0,1.0,656845.0,1.0,1764084.0,65780.0
2025-12-16T15:42:31.498028,2,-51.10262814489611,49.02243525068108,0.0,419.0,32.0,1.0,906557.0,1.0,1672793.0,68044.0
2025-12-16T15:42:31.498029,2,-51.10262814489611,49.02243525068108,0.0,419.0,32.0,1.0,906557.0,1.0,1672793.0,68044.0
2025-12-16T15:42:31.597100,3,-51.124161419773316,49.01641695054997,0.0,418.0,32.0,1.0,666926.0,1.0,1410460.0,61829.0
2025-12-16T15:42:31.597100,3,-51.124161419773316,49.01641695054997,0.0,418.0,32.0,1.0,666926.0,1.0,1410460.0,61829.0
2025-12-16T15:42:31.698070,4,-51.14525638768878,49.00901570478438,0.0,430.0,37.0,1.0,990282.0,1.0,2045280.0,79858.0
2025-12-16T15:42:31.698069,4,-51.14525638768878,49.00901570478438,0.0,430.0,37.0,1.0,990282.0,1.0,2045280.0,79858.0
2025-12-16T15:42:32.398580,1,-51.23410385818301,48.98630371009946,0.0,426.0,35.0,1.0,646917.0,1.0,1771263.0,65713.0
2025-12-16T15:42:32.398579,1,-51.23410385818301,48.98630371009946,0.0,426.0,35.0,1.0,646917.0,1.0,1771263.0,65713.0
2025-12-16T15:42:32.502427,2,-51.23410385818301,48.98630371009946,0.0,426.0,35.0,1.0,869592.0,1.0,1658138.0,67608.0
2025-12-16T15:42:32.502428,2,-51.23410385818301,48.98630371009946,0.0,426.0,35.0,1.0,869592.0,1.0,1658138.0,67608.0
2025-12-16T15:42:32.598467,3,-51.23410385818301,48.98630371009946,0.0,430.0,37.0,1.0,667152.0,1.0,1403792.0,61143.0
2025-12-16T15:42:32.599018,3,-51.23410385818301,48.98630371009946,0.0,430.0,37.0,1.0,667152.0,1.0,1403792.0,61143.0
2025-12-16T15:42:32.698579,4,-51.23410385818301,48.98630371009946,0.0,426.0,35.0,1.0,1008206.0,1.0,2045280.0,80183.0
2025-12-16T15:42:32.698579,4,-51.23410385818301,48.98630371009946,0.0,426.0,35.0,1.0,1008206.0,1.0,2045280.0,80183.0
2025-12-16T15:42:33.398377,1,-51.23410385818301,48.98630371009946,0.0,430.0,37.0,1.0,641032.0,1.0,1763487.0,65425.0
2025-12-16T15:42:33.398578,1,-51.23410385818301,48.98630371009946,0.0,430.0,37.0,1.0,641032.0,1.0,1763487.0,65425.0
2025-12-16T15:42:33.501654,2,-51.23410385818301,48.98630371009946,0.0,418.0,31.0,1.0,883536.0,1.0,1691009.0,68137.0
2025-12-16T15:42:33.501704,2,-51.23410385818301,48.98630371009946,0.0,418.0,31.0,1.0,883536.0,1.0,1691009.0,68137.0
2025-12-16T15:42:33.600163,3,-51.23410385818301,48.98630371009946,0.0,416.0,31.0,1.0,671228.0,1.0,1391022.0,61976.0
2025-12-16T15:42:33.600661,3,-51.23410385818301,48.98630371009946,0.0,416.0,31.0,1.0,671228.0,1.0,1391022.0,61976.0
2025-12-16T15:42:33.699446,4,-51.23410385818301,48.98630371009946,0.0,416.0,31.0,1.0,984267.0,1.0,2028734.0,80946.0
2025-12-16T15:42:33.699622,4,-51.23410385818301,48.98630371009946,0.0,416.0,31.0,1.0,984267.0,1.0,2028734.0,80946.0
2025-12-16T15:42:34.401521,1,-51.23410385818301,48.98630371009946,0.0,404.0,26.0,1.0,634771.0,1.0,1784501.0,67084.0
2025-12-16T15:42:34.401712,1,-51.23410385818301,48.98630371009946,0.0,404.0,26.0,1.0,634771.0,1.0,1784501.0,67084.0
2025-12-16T15:42:34.501591,2,-51.23410385818301,48.98630371009946,0.0,422.0,33.0,1.0,872540.0,1.0,1664886.0,67860.0
2025-12-16T15:42:34.501591,2,-51.23410385818301,48.98630371009946,0.0,422.0,33.0,1.0,872540.0,1.0,1664886.0,67860.0
2025-12-16T15:42:34.599144,3,-51.23410385818301,48.98630371009946,0.0,415.0,30.0,1.0,655291.0,1.0,1423889.0,62039.0
2025-12-16T15:42:34.599143,3,-51.23410385818301,48.98630371009946,0.0,415.0,30.0,1.0,655291.0,1.0,1423889.0,62039.0
2025-12-16T15:42:34.697889,4,-51.23410385818301,48.98630371009946,0.0,417.0,31.0,1.0,1006842.0,1.0,2041822.0,80864.0
2025-12-16T15:42:34.697889,4,-51.23410385818301,48.98630371009946,0.0,417.0,31.0,1.0,1006842.0,1.0,2041822.0,80864.0
2025-12-16T15:42:35.400323,1,-51.23410385818301,48.98630371009946,0.0,418.0,32.0,1.0,642553.0,1.0,1783897.0,66204.0
2025-12-16T15:42:35.400468,1,-51.23410385818301,48.98630371009946,0.0,418.0,32.0,1.0,642553.0,1.0,1783897.0,66204.0
2025-12-16T15:42:35.496309,2,-51.23410385818301,48.98630371009946,0.0,423.0,34.0,1.0,874906.0,1.0,1646394.0,67792.0
2025-12-16T15:42:35.496460,2,-51.23410385818301,48.98630371009946,0.0,423.0,34.0,1.0,874906.0,1.0,1646394.0,67792.0
2025-12-16T15:42:35.596646,3,-51.23410385818301,48.98630371009946,0.0,419.0,32.0,1.0,660859.0,1.0,1392907.0,61808.0
2025-12-16T15:42:35.596811,3,-51.23410385818301,48.98630371009946,0.0,419.0,32.0,1.0,660859.0,1.0,1392907.0,61808.0
2025-12-16T15:42:35.698311,4,-51.23410385818301,48.98630371009946,0.0,439.0,42.0,1.0,990952.0,1.0,2046665.0,79131.0
2025-12-16T15:42:35.698311,4,-51.23410385818301,48.98630371009946,0.0,439.0,42.0,1.0,990952.0,1.0,2046665.0,79131.0
2025-12-16T15:42:36.397829,1,-51.23410385818301,48.98630371009946,0.0,416.0,31.0,1.0,652856.0,1.0,1764084.0,66316.0
2025-12-16T15:42:36.397957,1,-51.23410385818301,48.98630371009946,0.0,416.0,31.0,1.0,652856.0,1.0,1764084.0,66316.0
2025-12-16T15:42:36.499077,2,-51.23410385818301,48.98630371009946,0.0,411.0,29.0,1.0,878467.0,1.0,1671661.0,68576.0
2025-12-16T15:42:36.499255,2,-51.23410385818301,48.98630371009946,0.0,411.0,29.0,1.0,878467.0,1.0,1671661.0,68576.0
2025-12-16T15:42:36.597485,3,-51.23410385818301,48.98630371009946,0.0,425.0,35.0,1.0,673048.0,1.0,1390081.0,61412.0
2025-12-16T15:42:36.597690,3,-51.23410385818301,48.98630371009946,0.0,425.0,35.0,1.0,673048.0,1.0,1390081.0,61412.0
2025-12-16T15:42:36.701605,4,-51.23410385818301,48.98630371009946,0.0,427.0,36.0,1.0,1013337.0,1.0,2085826.0,80074.0
2025-12-16T15:42:36.701611,4,-51.23410385818301,48.98630371009946,0.0,427.0,36.0,1.0,1013337.0,1.0,2085826.0,80074.0
2025-12-16T15:42:37.401137,1,-51.23410385818301,48.98630371009946,0.0,407.0,27.0,1.0,641467.0,1.0,1768867.0,66948.0
2025-12-16T15:42:37.402154,1,-51.23410385818301,48.98630371009946,0.0,407.0,27.0,1.0,641467.0,1.0,1768867.0,66948.0
2025-12-16T15:42:37.501999,2,-51.23410385818301,48.98630371009946,0.0,407.0,27.0,1.0,865482.0,1.0,1640276.0,68855.0
2025-12-16T15:42:37.502488,2,-51.23410385818301,48.98630371009946,0.0,407.0,27.0,1.0,865482.0,1.0,1640276.0,68855.0
2025-12-16T15:42:37.599353,3,-51.23410385818301,48.98630371009946,0.0,421.0,33.0,1.0,658849.0,1.0,1389611.0,61683.0
2025-12-16T15:42:37.599353,3,-51.23410385818301,48.98630371009946,0.0,421.0,33.0,1.0,658849.0,1.0,1389611.0,61683.0
2025-12-16T15:42:37.701320,4,-51.23410385818301,48.98630371009946,0.0,426.0,35.0,1.0,1011966.0,1.0,2020511.0,80183.0
2025-12-16T15:42:37.702804,4,-51.23410385818301,48.98630371009946,0.0,426.0,35.0,1.0,1011966.0,1.0,2020511.0,80183.0
2025-12-16T15:42:38.401489,2,-51.23410385818301,48.98630371009946,0.0,420.0,32.0,1.0,878169.0,1.0,1680169.0,67998.0
2025-12-16T15:42:38.401869,2,-51.23410385818301,48.98630371009946,0.0,420.0,32.0,1.0,878169.0,1.0,1680169.0,67998.0
2025-12-16T15:42:38.501143,3,-51.23410385818301,48.98630371009946,0.0,423.0,34.0,1.0,664672.0,1.0,1398102.0,61537.0
2025-12-16T15:42:38.502318,3,-51.23410385818301,48.98630371009946,0.0,423.0,34.0,1.0,664672.0,1.0,1398102.0,61537.0
2025-12-16T15:42:38.600262,4,-51.23410385818301,48.98630371009946,0.0,429.0,37.0,1.0,975974.0,1.0,2039059.0,79939.0
2025-12-16T15:42:38.601297,4,-51.23410385818301,48.98630371009946,0.0,429.0,37.0,1.0,975974.0,1.0,2039059.0,79939.0
2025-12-16T15:42:39.397425,1,-51.23410385818301,48.98630371009946,0.0,421.0,33.0,1.0,645605.0,1.0,1763487.0,66003.0
2025-12-16T15:42:39.397415,1,-51.23410385818301,48.98630371009946,0.0,421.0,33.0,1.0,645605.0,1.0,1763487.0,66003.0
2025-12-16T15:42:39.495845,2,-51.23410385818301,48.98630371009946,0.0,412.0,29.0,1.0,874906.0,1.0,1657016.0,68530.0
2025-12-16T15:42:39.495870,2,-51.23410385818301,48.98630371009946,0.0,412.0,29.0,1.0,874906.0,1.0,1657016.0,68530.0
2025-12-16T15:42:39.596233,3,-51.23410385818301,48.98630371009946,0.0,420.0,32.0,1.0,653077.0,1.0,1415720.0,61746.0
2025-12-16T15:42:39.596233,3,-51.23410385818301,48.98630371009946,0.0,420.0,32.0,1.0,653077.0,1.0,1415720.0,61746.0
2025-12-16T15:42:39.696005,4,-51.23410385818301,48.98630371009946,0.0,427.0,36.0,1.0,1000727.0,1.0,2046665.0,80102.0
2025-12-16T15:42:39.698941,4,-51.23410385818301,48.98630371009946,0.0,427.0,36.0,1.0,1000727.0,1.0,2046665.0,80102.0
2025-12-16T15:42:40.395947,1,-51.23410385818301,48.98630371009946,0.0,429.0,37.0,1.0,654183.0,1.0,1794191.0,65513.0
2025-12-16T15:42:40.395947,1,-51.23410385818301,48.98630371009946,0.0,429.0,37.0,1.0,654183.0,1.0,1794191.0,65513.0
2025-12-16T15:42:40.495818,2,-51.23410385818301,48.98630371009946,0.0,419.0,32.0,1.0,873722.0,1.0,1658138.0,68067.0
2025-12-16T15:42:40.496109,2,-51.23410385818301,48.98630371009946,0.0,419.0,32.0,1.0,873722.0,1.0,1658138.0,68067.0
2025-12-16T15:42:40.596068,3,-51.23410385818301,48.98630371009946,0.0,418.0,32.0,1.0,670547.0,1.0,1406170.0,61829.0
2025-12-16T15:42:40.598330,3,-51.23410385818301,48.98630371009946,0.0,418.0,32.0,1.0,670547.0,1.0,1406170.0,61829.0
2025-12-16T15:42:40.695767,4,-51.23410385818301,48.98630371009946,0.0,436.0,40.0,1.0,988608.0,1.0,2049437.0,79400.0
2025-12-16T15:42:40.698351,4,-51.23410385818301,48.98630371009946,0.0,436.0,40.0,1.0,988608.0,1.0,2049437.0,79400.0
2025-12-16T15:42:41.396086,1,-51.23410385818301,48.98630371009946,0.0,432.0,38.0,1.0,643641.0,1.0,1770664.0,65336.0
2025-12-16T15:42:41.396094,1,-51.23410385818301,48.98630371009946,0.0,432.0,38.0,1.0,643641.0,1.0,1770664.0,65336.0
2025-12-16T15:42:41.496129,2,-51.23410385818301,48.98630371009946,0.0,424.0,35.0,1.0,877872.0,1.0,1672227.0,67700.0
2025-12-16T15:42:41.498963,2,-51.23410385818301,48.98630371009946,0.0,424.0,35.0,1.0,877872.0,1.0,1672227.0,67700.0
2025-12-16T15:42:41.596124,3,-51.23410385818301,48.98630371009946,0.0,427.0,36.0,1.0,668960.0,1.0,1400470.0,61329.0
2025-12-16T15:42:41.596124,3,-51.23410385818301,48.98630371009946,0.0,427.0,36.0,1.0,668960.0,1.0,1400470.0,61329.0
2025-12-16T15:42:41.696692,4,-51.23410385818301,48.98630371009946,0.0,444.0,44.0,1.0,996670.0,1.0,2061263.0,78784.0
2025-12-16T15:42:41.699101,4,-51.23410385818301,48.98630371009946,0.0,444.0,44.0,1.0,996670.0,1.0,2061263.0,78784.0
2025-12-16T15:42:42.398848,1,-51.23410385818301,48.98630371009946,0.0,423.0,34.0,1.0,650210.0,1.0,1756339.0,65869.0
2025-12-16T15:42:42.401815,1,-51.23410385818301,48.98630371009946,0.0,423.0,34.0,1.0,650210.0,1.0,1756339.0,65869.0
2025-12-16T15:42:42.495896,2,-51.23410385818301,48.98630371009946,0.0,436.0,40.0,1.0,866654.0,1.0,1668270.0,66948.0
2025-12-16T15:42:42.498271,2,-51.23410385818301,48.98630371009946,0.0,436.0,40.0,1.0,866654.0,1.0,1668270.0,66948.0
2025-12-16T15:42:42.598481,4,-51.23410385818301,48.98630371009946,0.0,433.0,39.0,1.0,1015397.0,1.0,2048051.0,79615.0
2025-12-16T15:42:42.598720,4,-51.23410385818301,48.98630371009946,0.0,433.0,39.0,1.0,1015397.0,1.0,2048051.0,79615.0
2025-12-16T15:42:43.400070,1,-51.32299207702573,48.95931190773823,0.0,400.0,24.0,1.0,639732.0,1.0,1774864.0,67403.0
2025-12-16T15:42:43.400070,1,-51.32299207702573,48.95931190773823,0.0,400.0,24.0,1.0,639732.0,1.0,1774864.0,67403.0
2025-12-16T15:42:43.500121,3,-51.34627652746886,48.9520275720681,0.0,424.0,34.0,1.0,672365.0,1.0,1391022.0,61475.0
2025-12-16T15:42:43.500046,3,-51.34627652746886,48.9520275720681,0.0,424.0,34.0,1.0,672365.0,1.0,1391022.0,61475.0
2025-12-16T15:42:43.600534,4,-51.36732514442088,48.94603965009225,0.0,426.0,35.0,1.0,974984.0,1.0,2040440.0,80183.0
2025-12-16T15:42:43.600458,4,-51.36732514442088,48.94603965009225,0.0,426.0,35.0,1.0,974984.0,1.0,2040440.0,80183.0
2025-12-16T15:42:44.402208,1,-51.484079060068645,48.91871039725847,0.0,431.0,38.0,1.0,641467.0,1.0,1775465.0,65403.0
2025-12-16T15:42:44.402571,1,-51.484079060068645,48.91871039725847,0.0,431.0,38.0,1.0,641467.0,1.0,1775465.0,65403.0
2025-12-16T15:42:44.500171,2,-51.484079060068645,48.91871039725847,0.0,422.0,34.0,1.0,877278.0,1.0,1658138.0,67837.0
2025-12-16T15:42:44.500455,2,-51.484079060068645,48.91871039725847,0.0,422.0,34.0,1.0,877278.0,1.0,1658138.0,67837.0
2025-12-16T15:42:44.602241,3,-51.484079060068645,48.91871039725847,0.0,433.0,39.0,1.0,668055.0,1.0,1405694.0,60936.0
2025-12-16T15:42:44.602388,3,-51.484079060068645,48.91871039725847,0.0,433.0,39.0,1.0,668055.0,1.0,1405694.0,60936.0
2025-12-16T15:42:44.698488,4,-51.484079060068645,48.91871039725847,0.0,435.0,40.0,1.0,1001743.0,1.0,2058475.0,79427.0
2025-12-16T15:42:44.699065,4,-51.484079060068645,48.91871039725847,0.0,435.0,40.0,1.0,1001743.0,1.0,2058475.0,79427.0
2025-12-16T15:42:45.401487,1,-51.484079060068645,48.91871039725847,0.0,417.0,31.0,1.0,649330.0,1.0,1783897.0,66249.0
2025-12-16T15:42:45.401733,1,-51.484079060068645,48.91871039725847,0.0,417.0,31.0,1.0,649330.0,1.0,1783897.0,66249.0
2025-12-16T15:42:45.502331,2,-51.484079060068645,48.91871039725847,0.0,410.0,28.0,1.0,876091.0,1.0,1667706.0,68669.0
2025-12-16T15:42:45.502652,2,-51.484079060068645,48.91871039725847,0.0,410.0,28.0,1.0,876091.0,1.0,1667706.0,68669.0
2025-12-16T15:42:45.598770,3,-51.484079060068645,48.91871039725847,0.0,413.0,29.0,1.0,673504.0,1.0,1418598.0,62165.0
2025-12-16T15:42:45.598770,3,-51.484079060068645,48.91871039725847,0.0,413.0,29.0,1.0,673504.0,1.0,1418598.0,62165.0
2025-12-16T15:42:45.697858,4,-51.484079060068645,48.91871039725847,0.0,439.0,41.0,1.0,994985.0,1.0,2040440.0,79185.0
2025-12-16T15:42:45.697988,4,-51.484079060068645,48.91871039725847,0.0,439.0,41.0,1.0,994985.0,1.0,2040440.0,79185.0
2025-12-16T15:42:46.401751,1,-51.484079060068645,48.91871039725847,0.0,407.0,27.0,1.0,634342.0,1.0,1764084.0,66903.0
2025-12-16T15:42:46.401817,1,-51.484079060068645,48.91871039725847,0.0,407.0,27.0,1.0,634342.0,1.0,1764084.0,66903.0
2025-12-16T15:42:46.502404,2,-51.484079060068645,48.91871039725847,0.0,407.0,27.0,1.0,868416.0,1.0,1673926.0,68855.0
2025-12-16T15:42:46.504769,2,-51.484079060068645,48.91871039725847,0.0,407.0,27.0,1.0,868416.0,1.0,1673926.0,68855.0
2025-12-16T15:42:46.600563,3,-51.484079060068645,48.91871039725847,0.0,420.0,33.0,1.0,652856.0,1.0,1393378.0,61725.0
2025-12-16T15:42:46.601568,3,-51.484079060068645,48.91871039725847,0.0,420.0,33.0,1.0,652856.0,1.0,1393378.0,61725.0
2025-12-16T15:42:46.699268,4,-51.484079060068645,48.91871039725847,0.0,403.0,25.0,1.0,976966.0,1.0,2085120.0,81966.0
2025-12-16T15:42:46.699314,4,-51.484079060068645,48.91871039725847,0.0,403.0,25.0,1.0,976966.0,1.0,2085120.0,81966.0
2025-12-16T15:42:47.396268,1,-51.484079060068645,48.91871039725847,0.0,420.0,33.0,1.0,643641.0,1.0,1747445.0,66070.0
2025-12-16T15:42:47.396402,1,-51.484079060068645,48.91871039725847,0.0,420.0,33.0,1.0,643641.0,1.0,1747445.0,66070.0
2025-12-16T15:42:47.495950,2,-51.484079060068645,48.91871039725847,0.0,419.0,32.0,1.0,875499.0,1.0,1685295.0,68067.0
2025-12-16T15:42:47.495950,2,-51.484079060068645,48.91871039725847,0.0,419.0,32.0,1.0,875499.0,1.0,1685295.0,68067.0
2025-12-16T15:42:47.596164,3,-51.484079060068645,48.91871039725847,0.0,418.0,32.0,1.0,667603.0,1.0,1409028.0,61829.0
2025-12-16T15:42:47.596164,3,-51.484079060068645,48.91871039725847,0.0,418.0,32.0,1.0,667603.0,1.0,1409028.0,61829.0
2025-12-16T15:42:47.695973,4,-51.484079060068645,48.91871039725847,0.0,420.0,32.0,1.0,995996.0,1.0,2053603.0,80646.0
2025-12-16T15:42:47.696023,4,-51.484079060068645,48.91871039725847,0.0,420.0,32.0,1.0,995996.0,1.0,2053603.0,80646.0
2025-12-16T15:42:48.396231,1,-51.484079060068645,48.91871039725847,0.0,433.0,39.0,1.0,639516.0,1.0,1767670.0,65270.0
2025-12-16T15:42:48.396231,1,-51.484079060068645,48.91871039725847,0.0,433.0,39.0,1.0,639516.0,1.0,1767670.0,65270.0
2025-12-16T15:42:48.496170,2,-51.484079060068645,48.91871039725847,0.0,415.0,30.0,1.0,869592.0,1.0,1658138.0,68344.0
2025-12-16T15:42:48.496170,2,-51.484079060068645,48.91871039725847,0.0,415.0,30.0,1.0,869592.0,1.0,1658138.0,68344.0
2025-12-16T15:42:48.596051,3,-51.484079060068645,48.91871039725847,0.0,424.0,34.0,1.0,667377.0,1.0,1402842.0,61495.0
2025-12-16T15:42:48.596250,3,-51.484079060068645,48.91871039725847,0.0,424.0,34.0,1.0,667377.0,1.0,1402842.0,61495.0
2025-12-16T15:42:48.696093,4,-51.484079060068645,48.91871039725847,0.0,431.0,38.0,1.0,985267.0,1.0,2025303.0,79750.0
2025-12-16T15:42:48.696367,4,-51.484079060068645,48.91871039725847,0.0,431.0,38.0,1.0,985267.0,1.0,2025303.0,79750.0
2025-12-16T15:42:49.396113,1,-51.484079060068645,48.91871039725847,0.0,428.0,36.0,1.0,649110.0,1.0,1783897.0,65558.0
2025-12-16T15:42:49.396095,1,-51.484079060068645,48.91871039725847,0.0,428.0,36.0,1.0,649110.0,1.0,1783897.0,65558.0
2025-12-16T15:42:49.496145,2,-51.484079060068645,48.91871039725847,0.0,410.0,28.0,1.0,889236.0,1.0,1674493.0,68669.0
2025-12-16T15:42:49.498550,2,-51.484079060068645,48.91871039725847,0.0,410.0,28.0,1.0,889236.0,1.0,1674493.0,68669.0
2025-12-16T15:42:49.596139,3,-51.484079060068645,48.91871039725847,0.0,431.0,38.0,1.0,664223.0,1.0,1386792.0,61060.0
2025-12-16T15:42:49.596139,3,-51.484079060068645,48.91871039725847,0.0,431.0,38.0,1.0,664223.0,1.0,1386792.0,61060.0
2025-12-16T15:42:49.695916,4,-51.484079060068645,48.91871039725847,0.0,420.0,33.0,1.0,992631.0,1.0,2048744.0,80591.0
2025-12-16T15:42:49.698444,4,-51.484079060068645,48.91871039725847,0.0,420.0,33.0,1.0,992631.0,1.0,2048744.0,80591.0
2025-12-16T15:42:50.398445,1,-51.484079060068645,48.91871039725847,0.0,430.0,37.0,1.0,640165.0,1.0,1792977.0,65447.0
2025-12-16T15:42:50.398713,1,-51.484079060068645,48.91871039725847,0.0,430.0,37.0,1.0,640165.0,1.0,1792977.0,65447.0
2025-12-16T15:42:50.495733,2,-51.484079060068645,48.91871039725847,0.0,431.0,38.0,1.0,878467.0,1.0,1665449.0,67243.0
2025-12-16T15:42:50.495751,2,-51.484079060068645,48.91871039725847,0.0,431.0,38.0,1.0,878467.0,1.0,1665449.0,67243.0
2025-12-16T15:42:50.597223,3,-51.48366637527344,48.91869748303402,0.0,402.0,24.0,1.0,652193.0,1.0,1405218.0,62842.0
2025-12-16T15:42:50.597365,3,-51.48366637527344,48.91869748303402,0.0,402.0,24.0,1.0,652193.0,1.0,1405218.0,62842.0
2025-12-16T15:42:50.697378,4,-51.48563728426419,48.91869571769722,0.0,422.0,34.0,1.0,993639.0,1.0,2036301.0,80455.0
2025-12-16T15:42:50.697579,4,-51.48563728426419,48.91869571769722,0.0,422.0,34.0,1.0,993639.0,1.0,2036301.0,80455.0
2025-12-16T15:42:51.401030,1,-51.628452377770266,48.8772140011633,0.0,401.0,24.0,1.0,639516.0,1.0,1767072.0,67311.0
2025-12-16T15:42:51.401030,1,-51.628452377770266,48.8772140011633,0.0,401.0,24.0,1.0,639516.0,1.0,1767072.0,67311.0
2025-12-16T15:42:51.497046,2,-51.64886675913479,48.87124786597665,0.0,412.0,29.0,1.0,871655.0,1.0,1671661.0,68530.0
2025-12-16T15:42:51.497046,2,-51.64886675913479,48.87124786597665,0.0,412.0,29.0,1.0,871655.0,1.0,1671661.0,68530.0
2025-12-16T15:42:51.597958,3,-51.66800786639703,48.86435664769349,0.0,429.0,37.0,1.0,662427.0,1.0,1415720.0,61205.0
2025-12-16T15:42:51.597958,3,-51.66800786639703,48.86435664769349,0.0,429.0,37.0,1.0,662427.0,1.0,1415720.0,61205.0
2025-12-16T15:42:51.699298,4,-51.687301478482034,48.85805838613379,0.0,424.0,35.0,1.0,1003100.0,1.0,2064056.0,80292.0
2025-12-16T15:42:51.699297,4,-51.687301478482034,48.85805838613379,0.0,424.0,35.0,1.0,1003100.0,1.0,2064056.0,80292.0
2025-12-16T15:42:52.401519,1,-51.77665542245007,48.83485658357872,0.0,422.0,34.0,1.0,643859.0,1.0,1758124.0,65936.0
2025-12-16T15:42:52.401660,1,-51.77665542245007,48.83485658357872,0.0,422.0,34.0,1.0,643859.0,1.0,1758124.0,65936.0
2025-12-16T15:42:52.500309,2,-51.77665542245007,48.83485658357872,0.0,434.0,39.0,1.0,888333.0,1.0,1691581.0,67061.0
2025-12-16T15:42:52.500276,2,-51.77665542245007,48.83485658357872,0.0,434.0,39.0,1.0,888333.0,1.0,1691581.0,67061.0
2025-12-16T15:42:52.598427,3,-51.77665542245007,48.83485658357872,0.0,416.0,31.0,1.0,659295.0,1.0,1402368.0,61976.0
2025-12-16T15:42:52.598613,3,-51.77665542245007,48.83485658357872,0.0,416.0,31.0,1.0,659295.0,1.0,1402368.0,61976.0
2025-12-16T15:42:52.698559,4,-51.77665542245007,48.83485658357872,0.0,413.0,29.0,1.0,1014367.0,1.0,2040440.0,81193.0
2025-12-16T15:42:52.698709,4,-51.77665542245007,48.83485658357872,0.0,413.0,29.0,1.0,1014367.0,1.0,2040440.0,81193.0
2025-12-16T15:42:53.402093,1,-51.77665542245007,48.83485658357872,0.0,420.0,32.0,1.0,637355.0,1.0,1791157.0,66115.0
2025-12-16T15:42:53.402959,1,-51.77665542245007,48.83485658357872,0.0,420.0,32.0,1.0,637355.0,1.0,1791157.0,66115.0
2025-12-16T15:42:53.502886,2,-51.77665542245007,48.83485658357872,0.0,420.0,32.0,1.0,874610.0,1.0,1644723.0,67998.0
2025-12-16T15:42:53.502718,2,-51.77665542245007,48.83485658357872,0.0,420.0,32.0,1.0,874610.0,1.0,1644723.0,67998.0
2025-12-16T15:42:53.598574,3,-51.77665542245007,48.83485658357872,0.0,423.0,34.0,1.0,654183.0,1.0,1382574.0,61558.0
2025-12-16T15:42:53.598682,3,-51.77665542245007,48.83485658357872,0.0,423.0,34.0,1.0,654183.0,1.0,1382574.0,61558.0
2025-12-16T15:42:53.699141,4,-51.77665542245007,48.83485658357872,0.0,437.0,41.0,1.0,992631.0,1.0,2015048.0,79292.0
2025-12-16T15:42:53.699464,4,-51.77665542245007,48.83485658357872,0.0,437.0,41.0,1.0,992631.0,1.0,2015048.0,79292.0
2025-12-16T15:42:54.398461,1,-51.77665542245007,48.83485658357872,0.0,424.0,34.0,1.0,659742.0,1.0,1779074.0,65847.0
2025-12-16T15:42:54.398696,1,-51.77665542245007,48.83485658357872,0.0,424.0,34.0,1.0,659742.0,1.0,1779074.0,65847.0
2025-12-16T15:42:54.502421,2,-51.77665542245007,48.83485658357872,0.0,421.0,33.0,1.0,886531.0,1.0,1666577.0,67929.0
2025-12-16T15:42:54.502471,2,-51.77665542245007,48.83485658357872,0.0,421.0,33.0,1.0,886531.0,1.0,1666577.0,67929.0
2025-12-16T15:42:54.602297,3,-51.77665542245007,48.83485658357872,0.0,427.0,36.0,1.0,678308.0,1.0,1407598.0,61288.0
2025-12-16T15:42:54.602470,3,-51.77665542245007,48.83485658357872,0.0,427.0,36.0,1.0,678308.0,1.0,1407598.0,61288.0
2025-12-16T15:42:54.697912,4,-51.77665542245007,48.83485658357872,0.0,428.0,36.0,1.0,981938.0,1.0,2043896.0,80020.0
2025-12-16T15:42:54.698035,4,-51.77665542245007,48.83485658357872,0.0,428.0,36.0,1.0,981938.0,1.0,2043896.0,80020.0
2025-12-16T15:42:55.397868,1,-51.77665542245007,48.83485658357872,0.0,422.0,34.0,1.0,639732.0,1.0,1789945.0,65936.0
2025-12-16T15:42:55.398003,1,-51.77665542245007,48.83485658357872,0.0,422.0,34.0,1.0,639732.0,1.0,1789945.0,65936.0
2025-12-16T15:42:55.502089,2,-51.77665542245007,48.83485658357872,0.0,410.0,28.0,1.0,880550.0,1.0,1681876.0,68646.0
2025-12-16T15:42:55.502728,2,-51.77665542245007,48.83485658357872,0.0,410.0,28.0,1.0,880550.0,1.0,1681876.0,68646.0
2025-12-16T15:42:55.601654,3,-51.77665542245007,48.83485658357872,0.0,423.0,34.0,1.0,659742.0,1.0,1409028.0,61558.0
2025-12-16T15:42:55.602915,3,-51.77665542245007,48.83485658357872,0.0,423.0,34.0,1.0,659742.0,1.0,1409028.0,61558.0
2025-12-16T15:42:56.401980,1,-51.77665542245007,48.83485658357872,0.0,430.0,37.0,1.0,637139.0,1.0,1788129.0,65447.0
2025-12-16T15:42:56.401980,1,-51.77665542245007,48.83485658357872,0.0,430.0,37.0,1.0,637139.0,1.0,1788129.0,65447.0
2025-12-16T15:42:56.500109,2,-51.77665542245007,48.83485658357872,0.0,417.0,31.0,1.0,872245.0,1.0,1669400.0,68160.0
2025-12-16T15:42:56.500621,2,-51.77665542245007,48.83485658357872,0.0,417.0,31.0,1.0,872245.0,1.0,1669400.0,68160.0
2025-12-16T15:42:56.597491,3,-51.77665542245007,48.83485658357872,0.0,430.0,37.0,1.0,662875.0,1.0,1398102.0,61122.0
2025-12-16T15:42:56.597567,3,-51.77665542245007,48.83485658357872,0.0,430.0,37.0,1.0,662875.0,1.0,1398102.0,61122.0
2025-12-16T15:42:56.697264,4,-51.77665542245007,48.83485658357872,0.0,426.0,36.0,1.0,998021.0,1.0,2041131.0,80129.0
2025-12-16T15:42:56.697173,4,-51.77665542245007,48.83485658357872,0.0,426.0,36.0,1.0,998021.0,1.0,2041131.0,80129.0
2025-12-16T15:42:57.399072,2,-51.77665542245007,48.83485658357872,0.0,410.0,28.0,1.0,897399.0,1.0,1703070.0,68623.0
2025-12-16T15:42:57.399284,2,-51.77665542245007,48.83485658357872,0.0,410.0,28.0,1.0,897399.0,1.0,1703070.0,68623.0
2025-12-16T15:42:57.501585,3,-51.77665542245007,48.83485658357872,0.0,416.0,31.0,1.0,664672.0,1.0,1412848.0,61955.0
2025-12-16T15:42:57.502560,3,-51.77665542245007,48.83485658357872,0.0,416.0,31.0,1.0,664672.0,1.0,1412848.0,61955.0
2025-12-16T15:42:57.601241,4,-51.77665542245007,48.83485658357872,0.0,427.0,36.0,1.0,991288.0,1.0,2063357.0,80074.0
2025-12-16T15:42:57.601979,4,-51.77665542245007,48.83485658357872,0.0,427.0,36.0,1.0,991288.0,1.0,2063357.0,80074.0
2025-12-16T15:42:58.401293,1,-51.77665542245007,48.83485658357872,0.0,432.0,38.0,1.0,644077.0,1.0,1753370.0,65358.0
2025-12-16T15:42:58.401817,1,-51.77665542245007,48.83485658357872,0.0,432.0,38.0,1.0,644077.0,1.0,1753370.0,65358.0
2025-12-16T15:42:58.498533,2,-51.77665542245007,48.83485658357872,0.0,422.0,33.0,1.0,869298.0,1.0,1676761.0,67860.0
2025-12-16T15:42:58.498533,2,-51.77665542245007,48.83485658357872,0.0,422.0,33.0,1.0,869298.0,1.0,1676761.0,67860.0
2025-12-16T15:42:58.599802,3,-51.77665542245007,48.83485658357872,0.0,426.0,35.0,1.0,651752.0,1.0,1406170.0,61350.0
2025-12-16T15:42:58.599161,3,-51.77665542245007,48.83485658357872,0.0,426.0,35.0,1.0,651752.0,1.0,1406170.0,61350.0
2025-12-16T15:42:58.703087,4,-51.77665542245007,48.83485658357872,0.0,432.0,38.0,1.0,1007183.0,1.0,2015730.0,79669.0
2025-12-16T15:42:58.703310,4,-51.77665542245007,48.83485658357872,0.0,432.0,38.0,1.0,1007183.0,1.0,2015730.0,79669.0
2025-12-16T15:42:59.398387,1,-51.77665542245007,48.83485658357872,0.0,419.0,32.0,1.0,631343.0,1.0,1762890.0,66182.0
2025-12-16T15:42:59.398707,1,-51.77665542245007,48.83485658357872,0.0,419.0,32.0,1.0,631343.0,1.0,1762890.0,66182.0
2025-12-16T15:42:59.500336,2,-51.77665542245007,48.83485658357872,0.0,423.0,34.0,1.0,888033.0,1.0,1655894.0,67792.0
2025-12-16T15:42:59.500716,2,-51.77665542245007,48.83485658357872,0.0,423.0,34.0,1.0,888033.0,1.0,1655894.0,67792.0
2025-12-16T15:42:59.597492,3,-51.77665542245007,48.83485658357872,0.0,438.0,41.0,1.0,663549.0,1.0,1382574.0,60648.0
2025-12-16T15:42:59.597492,3,-51.77665542245007,48.83485658357872,0.0,438.0,41.0,1.0,663549.0,1.0,1382574.0,60648.0
2025-12-16T15:42:59.697924,4,-51.77665542245007,48.83485658357872,0.0,418.0,32.0,1.0,989612.0,1.0,2020511.0,80782.0
2025-12-16T15:42:59.697923,4,-51.77665542245007,48.83485658357872,0.0,418.0,32.0,1.0,989612.0,1.0,2020511.0,80782.0
2025-12-16T15:43:00.396420,1,-51.77665542245007,48.83485658357872,0.0,436.0,40.0,1.0,639516.0,1.0,1758719.0,65049.0
2025-12-16T15:43:00.396422,1,-51.77665542245007,48.83485658357872,0.0,436.0,40.0,1.0,639516.0,1.0,1758719.0,65049.0
2025-12-16T15:43:00.495987,2,-51.77665542245007,48.83485658357872,0.0,417.0,31.0,1.0,880550.0,1.0,1663196.0,68160.0
2025-12-16T15:43:00.496332,2,-51.77665542245007,48.83485658357872,0.0,417.0,31.0,1.0,880550.0,1.0,1663196.0,68160.0
2025-12-16T15:43:00.596300,3,-51.77665542245007,48.83485658357872,0.0,426.0,35.0,1.0,657735.0,1.0,1402368.0,61350.0
2025-12-16T15:43:00.596300,3,-51.77665542245007,48.83485658357872,0.0,426.0,35.0,1.0,657735.0,1.0,1402368.0,61350.0
2025-12-16T15:43:00.695983,4,-51.77665542245007,48.83485658357872,0.0,438.0,41.0,1.0,992631.0,1.0,2039059.0,79265.0
2025-12-16T15:43:00.696147,4,-51.77665542245007,48.83485658357872,0.0,438.0,41.0,1.0,992631.0,1.0,2039059.0,79265.0
2025-12-16T15:43:01.396247,1,-51.77665542245007,48.83485658357872,0.0,420.0,33.0,1.0,646479.0,1.0,1806377.0,66070.0
2025-12-16T15:43:01.398900,1,-51.77665542245007,48.83485658357872,0.0,420.0,33.0,1.0,646479.0,1.0,1806377.0,66070.0
2025-12-16T15:43:01.496057,2,-51.77665542245007,48.83485658357872,0.0,424.0,35.0,1.0,875499.0,1.0,1653095.0,67700.0
2025-12-16T15:43:01.498932,2,-51.77665542245007,48.83485658357872,0.0,424.0,35.0,1.0,875499.0,1.0,1653095.0,67700.0
2025-12-16T15:43:01.595876,3,-51.77665542245007,48.83485658357872,0.0,433.0,38.0,1.0,665348.0,1.0,1381171.0,60977.0
2025-12-16T15:43:01.596058,3,-51.77665542245007,48.83485658357872,0.0,433.0,38.0,1.0,665348.0,1.0,1381171.0,60977.0
2025-12-16T15:43:01.696500,4,-51.77665542245007,48.83485658357872,0.0,408.0,27.0,1.0,1004119.0,1.0,2041131.0,81579.0
2025-12-16T15:43:01.699347,4,-51.77665542245007,48.83485658357872,0.0,408.0,27.0,1.0,1004119.0,1.0,2041131.0,81579.0
2025-12-16T15:43:02.396182,1,-51.77665542245007,48.83485658357872,0.0,415.0,30.0,1.0,627934.0,1.0,1759910.0,66406.0
2025-12-16T15:43:02.398541,1,-51.77665542245007,48.83485658357872,0.0,415.0,30.0,1.0,627934.0,1.0,1759910.0,66406.0
2025-12-16T15:43:02.495986,2,-51.77665542245007,48.83485658357872,0.0,413.0,30.0,1.0,891948.0,1.0,1676194.0,68437.0
2025-12-16T15:43:02.498505,2,-51.77665542245007,48.83485658357872,0.0,413.0,30.0,1.0,891948.0,1.0,1676194.0,68437.0
2025-12-16T15:43:02.596117,4,-51.77665542245007,48.83485658357872,0.0,418.0,32.0,1.0,1001065.0,1.0,2039059.0,80809.0
2025-12-16T15:43:02.598506,4,-51.77665542245007,48.83485658357872,0.0,418.0,32.0,1.0,1001065.0,1.0,2039059.0,80809.0
2025-12-16T15:43:03.398759,1,-51.77665542245007,48.83485658357872,0.0,434.0,39.0,1.0,641249.0,1.0,1750998.0,65204.0
2025-12-16T15:43:03.398636,1,-51.77665542245007,48.83485658357872,0.0,434.0,39.0,1.0,641249.0,1.0,1750998.0,65204.0
2025-12-16T15:43:03.498696,2,-51.77665542245007,48.83485658357872,0.0,421.0,33.0,1.0,866654.0,1.0,1652535.0,67929.0
2025-12-16T15:43:03.498764,2,-51.77665542245007,48.83485658357872,0.0,421.0,33.0,1.0,866654.0,1.0,1652535.0,67929.0
2025-12-16T15:43:03.597197,3,-51.77665542245007,48.83485658357872,0.0,420.0,32.0,1.0,663773.0,1.0,1414284.0,61746.0
2025-12-16T15:43:03.597197,3,-51.77665542245007,48.83485658357872,0.0,420.0,32.0,1.0,663773.0,1.0,1414284.0,61746.0
2025-12-16T15:43:03.697364,4,-51.77665542245007,48.83485658357872,0.0,425.0,35.0,1.0,1000049.0,1.0,2004844.0,80264.0
2025-12-16T15:43:03.697882,4,-51.77665542245007,48.83485658357872,0.0,425.0,35.0,1.0,1000049.0,1.0,2004844.0,80264.0
2025-12-16T15:43:04.401124,1,-51.77665542245007,48.83485658357872,0.0,424.0,34.0,1.0,643859.0,1.0,1753963.0,65847.0
2025-12-16T15:43:04.401818,1,-51.77665542245007,48.83485658357872,0.0,424.0,34.0,1.0,643859.0,1.0,1753963.0,65847.0
2025-12-16T15:43:04.502266,2,-51.77665542245007,48.83485658357872,0.0,419.0,32.0,1.0,888333.0,1.0,1675626.0,68044.0
2025-12-16T15:43:04.502265,2,-51.77665542245007,48.83485658357872,0.0,419.0,32.0,1.0,888333.0,1.0,1675626.0,68044.0
2025-12-16T15:43:04.598251,3,-51.77665542245007,48.83485658357872,0.0,438.0,41.0,1.0,655513.0,1.0,1395738.0,60689.0
2025-12-16T15:43:04.598251,3,-51.77665542245007,48.83485658357872,0.0,438.0,41.0,1.0,655513.0,1.0,1395738.0,60689.0
2025-12-16T15:43:04.698077,4,-51.77665542245007,48.83485658357872,0.0,413.0,29.0,1.0,975974.0,1.0,2004844.0,81193.0
2025-12-16T15:43:04.698077,4,-51.77665542245007,48.83485658357872,0.0,413.0,29.0,1.0,975974.0,1.0,2004844.0,81193.0
2025-12-16T15:43:05.399026,1,-51.77665542245007,48.83485658357872,0.0,425.0,35.0,1.0,638218.0,1.0,1764681.0,65780.0
2025-12-16T15:43:05.398972,1,-51.77665542245007,48.83485658357872,0.0,425.0,35.0,1.0,638218.0,1.0,1764681.0,65780.0
2025-12-16T15:43:05.500311,2,-51.77665542245007,48.83485658357872,0.0,413.0,30.0,1.0,876388.0,1.0,1668270.0,68437.0
2025-12-16T15:43:05.500316,2,-51.77665542245007,48.83485658357872,0.0,413.0,30.0,1.0,876388.0,1.0,1668270.0,68437.0
2025-12-16T15:43:05.598051,3,-51.77665542245007,48.83485658357872,0.0,429.0,37.0,1.0,663549.0,1.0,1389611.0,61205.0
2025-12-16T15:43:05.598051,3,-51.77665542245007,48.83485658357872,0.0,429.0,37.0,1.0,663549.0,1.0,1389611.0,61205.0
2025-12-16T15:43:05.699167,4,-51.77665542245007,48.83485658357872,0.0,425.0,35.0,1.0,971361.0,1.0,2043896.0,80264.0
2025-12-16T15:43:05.699062,4,-51.77665542245007,48.83485658357872,0.0,425.0,35.0,1.0,971361.0,1.0,2043896.0,80264.0
2025-12-16T15:43:06.398407,1,-51.77665542245007,48.83485658357872,0.0,425.0,35.0,1.0,634342.0,1.0,1779074.0,65780.0
2025-12-16T15:43:06.398554,1,-51.77665542245007,48.83485658357872,0.0,425.0,35.0,1.0,634342.0,1.0,1779074.0,65780.0
2025-12-16T15:43:06.503740,3,-51.77665542245007,48.83485658357872,0.0,427.0,36.0,1.0,653740.0,1.0,1414762.0,61288.0
2025-12-16T15:43:06.504065,3,-51.77665542245007,48.83485658357872,0.0,427.0,36.0,1.0,653740.0,1.0,1414762.0,61288.0
2025-12-16T15:43:06.599388,4,-51.77665542245007,48.83485658357872,0.0,423.0,34.0,1.0,992967.0,1.0,2041131.0,80427.0
2025-12-16T15:43:06.599388,4,-51.77665542245007,48.83485658357872,0.0,423.0,34.0,1.0,992967.0,1.0,2041131.0,80427.0
2025-12-16T15:43:07.398786,1,-51.77665542245007,48.83485658357872,0.0,419.0,32.0,1.0,634771.0,1.0,1776066.0,66160.0
2025-12-16T15:43:07.399218,1,-51.77665542245007,48.83485658357872,0.0,419.0,32.0,1.0,634771.0,1.0,1776066.0,66160.0
2025-12-16T15:43:07.502144,2,-51.77665542245007,48.83485658357872,0.0,418.0,32.0,1.0,878169.0,1.0,1660946.0,68114.0
2025-12-16T15:43:07.504024,2,-51.77665542245007,48.83485658357872,0.0,418.0,32.0,1.0,878169.0,1.0,1660946.0,68114.0
2025-12-16T15:43:07.597544,3,-51.77665542245007,48.83485658357872,0.0,426.0,35.0,1.0,668508.0,1.0,1395738.0,61350.0
2025-12-16T15:43:07.598469,3,-51.77665542245007,48.83485658357872,0.0,426.0,35.0,1.0,668508.0,1.0,1395738.0,61350.0
2025-12-16T15:43:07.702054,4,-51.77665542245007,48.83485658357872,0.0,438.0,41.0,1.0,998021.0,1.0,2085120.0,79265.0
2025-12-16T15:43:07.701391,4,-51.77665542245007,48.83485658357872,0.0,438.0,41.0,1.0,998021.0,1.0,2085120.0,79265.0
2025-12-16T15:43:08.397435,1,-51.77665542245007,48.83485658357872,0.0,442.0,43.0,1.0,640382.0,1.0,1745081.0,64698.0
2025-12-16T15:43:08.397922,1,-51.77665542245007,48.83485658357872,0.0,442.0,43.0,1.0,640382.0,1.0,1745081.0,64698.0
2025-12-16T15:43:08.498509,2,-51.77665542245007,48.83485658357872,0.0,416.0,31.0,1.0,897095.0,1.0,1663759.0,68229.0
2025-12-16T15:43:08.498696,2,-51.77665542245007,48.83485658357872,0.0,416.0,31.0,1.0,897095.0,1.0,1663759.0,68229.0
2025-12-16T15:43:08.598350,3,-51.77665542245007,48.83485658357872,0.0,436.0,40.0,1.0,666700.0,1.0,1405694.0,60751.0
2025-12-16T15:43:08.598336,3,-51.77665542245007,48.83485658357872,0.0,436.0,40.0,1.0,666700.0,1.0,1405694.0,60751.0
2025-12-16T15:43:08.700496,4,-51.77665542245007,48.83485658357872,0.0,419.0,32.0,1.0,1009230.0,1.0,2039059.0,80700.0
2025-12-16T15:43:08.700431,4,-51.77665542245007,48.83485658357872,0.0,419.0,32.0,1.0,1009230.0,1.0,2039059.0,80700.0
2025-12-16T15:43:09.400584,1,-51.77665542245007,48.83485658357872,0.0,406.0,26.0,1.0,643423.0,1.0,1775465.0,67016.0
2025-12-16T15:43:09.400710,1,-51.77665542245007,48.83485658357872,0.0,406.0,26.0,1.0,643423.0,1.0,1775465.0,67016.0
2025-12-16T15:43:09.498421,2,-51.77665542245007,48.83485658357872,0.0,429.0,37.0,1.0,875499.0,1.0,1656455.0,67403.0
2025-12-16T15:43:09.498553,2,-51.77665542245007,48.83485658357872,0.0,429.0,37.0,1.0,875499.0,1.0,1656455.0,67403.0
2025-12-16T15:43:09.596811,3,-51.77665542245007,48.83485658357872,0.0,418.0,32.0,1.0,651091.0,1.0,1403792.0,61850.0
2025-12-16T15:43:09.596998,3,-51.77665542245007,48.83485658357872,0.0,418.0,32.0,1.0,651091.0,1.0,1403792.0,61850.0
2025-12-16T15:43:09.698193,4,-51.77665542245007,48.83485658357872,0.0,437.0,40.0,1.0,979283.0,1.0,1998746.0,79346.0
2025-12-16T15:43:09.698193,4,-51.77665542245007,48.83485658357872,0.0,437.0,40.0,1.0,979283.0,1.0,1998746.0,79346.0
2025-12-16T15:43:10.401695,1,-51.77665542245007,48.83485658357872,0.0,433.0,38.0,1.0,658849.0,1.0,1774263.0,65292.0
2025-12-16T15:43:10.401695,1,-51.77665542245007,48.83485658357872,0.0,433.0,38.0,1.0,658849.0,1.0,1774263.0,65292.0
2025-12-16T15:43:10.498073,2,-51.77665542245007,48.83485658357872,0.0,417.0,31.0,1.0,866068.0,1.0,1675626.0,68206.0
2025-12-16T15:43:10.498255,2,-51.77665542245007,48.83485658357872,0.0,417.0,31.0,1.0,866068.0,1.0,1675626.0,68206.0
2025-12-16T15:43:10.597892,3,-51.77665542245007,48.83485658357872,0.0,425.0,35.0,1.0,677161.0,1.0,1373712.0,61454.0
2025-12-16T15:43:10.597892,3,-51.77665542245007,48.83485658357872,0.0,425.0,35.0,1.0,677161.0,1.0,1373712.0,61454.0
2025-12-16T15:43:10.699259,4,-51.77665542245007,48.83485658357872,0.0,434.0,39.0,1.0,986268.0,1.0,2012321.0,79561.0
2025-12-16T15:43:10.699378,4,-51.77665542245007,48.83485658357872,0.0,434.0,39.0,1.0,986268.0,1.0,2012321.0,79561.0
2025-12-16T15:43:11.396120,1,-51.77665542245007,48.83485658357872,0.0,426.0,35.0,1.0,640165.0,1.0,1794191.0,65691.0
2025-12-16T15:43:11.396120,1,-51.77665542245007,48.83485658357872,0.0,426.0,35.0,1.0,640165.0,1.0,1794191.0,65691.0
2025-12-16T15:43:11.495634,2,-51.77665542245007,48.83485658357872,0.0,421.0,33.0,1.0,882340.0,1.0,1676194.0,67906.0
2025-12-16T15:43:11.495765,2,-51.77665542245007,48.83485658357872,0.0,421.0,33.0,1.0,882340.0,1.0,1676194.0,67906.0
2025-12-16T15:43:11.595754,3,-51.77665542245007,48.83485658357872,0.0,437.0,41.0,1.0,651311.0,1.0,1391022.0,60710.0
2025-12-16T15:43:11.595920,3,-51.77665542245007,48.83485658357872,0.0,437.0,41.0,1.0,651311.0,1.0,1391022.0,60710.0
2025-12-16T15:43:11.696006,4,-51.77665542245007,48.83485658357872,0.0,420.0,33.0,1.0,985267.0,1.0,2013003.0,80646.0
2025-12-16T15:43:11.696147,4,-51.77665542245007,48.83485658357872,0.0,420.0,33.0,1.0,985267.0,1.0,2013003.0,80646.0
2025-12-16T15:43:12.395720,1,-51.77665542245007,48.83485658357872,0.0,418.0,32.0,1.0,649110.0,1.0,1776066.0,66249.0
2025-12-16T15:43:12.395769,1,-51.77665542245007,48.83485658357872,0.0,418.0,32.0,1.0,649110.0,1.0,1776066.0,66249.0
2025-12-16T15:43:12.495898,2,-51.77665542245007,48.83485658357872,0.0,402.0,25.0,1.0,871950.0,1.0,1669965.0,69159.0
2025-12-16T15:43:12.498345,2,-51.77665542245007,48.83485658357872,0.0,402.0,25.0,1.0,871950.0,1.0,1669965.0,69159.0
2025-12-16T15:43:12.595804,3,-51.77665542245007,48.83485658357872,0.0,432.0,38.0,1.0,668055.0,1.0,1399996.0,60998.0
2025-12-16T15:43:12.598015,3,-51.77665542245007,48.83485658357872,0.0,432.0,38.0,1.0,668055.0,1.0,1399996.0,60998.0
2025-12-16T15:43:12.695816,4,-51.77665542245007,48.83485658357872,0.0,432.0,38.0,1.0,986936.0,1.0,2077371.0,79723.0
2025-12-16T15:43:12.697475,4,-51.77665542245007,48.83485658357872,0.0,432.0,38.0,1.0,986936.0,1.0,2077371.0,79723.0
2025-12-16T15:43:13.395948,1,-51.77665542245007,48.83485658357872,0.0,424.0,34.0,1.0,655957.0,1.0,1771263.0,65847.0
2025-12-16T15:43:13.395948,1,-51.77665542245007,48.83485658357872,0.0,424.0,34.0,1.0,655957.0,1.0,1771263.0,65847.0
2025-12-16T15:43:13.495992,2,-51.77665542245007,48.83485658357872,0.0,438.0,41.0,1.0,883237.0,1.0,1691009.0,66789.0
2025-12-16T15:43:13.496202,2,-51.77665542245007,48.83485658357872,0.0,438.0,41.0,1.0,883237.0,1.0,1691009.0,66789.0
2025-12-16T15:43:13.596089,3,-51.77665542245007,48.83485658357872,0.0,438.0,41.0,1.0,673276.0,1.0,1405218.0,60648.0
2025-12-16T15:43:13.596093,3,-51.77665542245007,48.83485658357872,0.0,438.0,41.0,1.0,673276.0,1.0,1405218.0,60648.0
2025-12-16T15:43:13.696300,4,-51.77665542245007,48.83485658357872,0.0,435.0,39.0,1.0,1008888.0,1.0,2046665.0,79507.0
2025-12-16T15:43:13.696300,4,-51.77665542245007,48.83485658357872,0.0,435.0,39.0,1.0,1008888.0,1.0,2046665.0,79507.0
2025-12-16T15:43:14.396684,1,-51.77044761707537,48.84643858279174,0.0,432.0,38.0,1.0,655735.0,1.0,1745672.0,65336.0
2025-12-16T15:43:14.396597,1,-51.77044761707537,48.84643858279174,0.0,432.0,38.0,1.0,655735.0,1.0,1745672.0,65336.0
2025-12-16T15:43:14.497876,2,-51.76330397247197,48.86423668292655,0.0,405.0,26.0,1.0,869004.0,1.0,1659822.0,68972.0
2025-12-16T15:43:14.498004,2,-51.76330397247197,48.86423668292655,0.0,405.0,26.0,1.0,869004.0,1.0,1659822.0,68972.0
2025-12-16T15:43:14.597915,3,-51.75432295322222,48.88421039378509,0.0,415.0,30.0,1.0,646698.0,1.0,1389141.0,62039.0
2025-12-16T15:43:14.598093,3,-51.75432295322222,48.88421039378509,0.0,415.0,30.0,1.0,646698.0,1.0,1389141.0,62039.0
2025-12-16T15:43:14.698471,4,-51.744180147763224,48.90565836124532,0.0,416.0,31.0,1.0,986268.0,1.0,2036990.0,80974.0
2025-12-16T15:43:14.698471,4,-51.744180147763224,48.90565836124532,0.0,416.0,31.0,1.0,986268.0,1.0,2036990.0,80974.0
2025-12-16T15:43:15.398407,1,-51.69190768296056,49.04892415227512,0.0,438.0,41.0,1.0,655957.0,1.0,1774864.0,64939.0
2025-12-16T15:43:15.398684,1,-51.69190768296056,49.04892415227512,0.0,438.0,41.0,1.0,655957.0,1.0,1774864.0,64939.0
2025-12-16T15:43:15.499405,2,-51.6823032975431,49.068879006133436,0.0,424.0,35.0,1.0,883536.0,1.0,1669400.0,67700.0
2025-12-16T15:43:15.499279,2,-51.6823032975431,49.068879006133436,0.0,424.0,35.0,1.0,883536.0,1.0,1669400.0,67700.0
2025-12-16T15:43:15.602920,3,-51.673766635479346,49.08971833271084,0.0,430.0,37.0,1.0,672365.0,1.0,1392436.0,61122.0
2025-12-16T15:43:15.604207,3,-51.673766635479346,49.08971833271084,0.0,430.0,37.0,1.0,672365.0,1.0,1392436.0,61122.0
2025-12-16T15:43:15.698468,4,-51.66511134171422,49.11176036603377,0.0,425.0,35.0,1.0,1004119.0,1.0,2043204.0,80237.0
2025-12-16T15:43:15.698642,4,-51.66511134171422,49.11176036603377,0.0,425.0,35.0,1.0,1004119.0,1.0,2043204.0,80237.0
2025-12-16T15:43:16.397600,2,-51.61086377007135,49.26193503551882,0.0,428.0,36.0,1.0,878169.0,1.0,1668270.0,67494.0
2025-12-16T15:43:16.397760,2,-51.61086377007135,49.26193503551882,0.0,428.0,36.0,1.0,878169.0,1.0,1668270.0,67494.0
2025-12-16T15:43:16.497838,3,-51.60281630419135,49.28319620056138,0.0,407.0,27.0,1.0,659295.0,1.0,1401893.0,62524.0
2025-12-16T15:43:16.497838,3,-51.60281630419135,49.28319620056138,0.0,407.0,27.0,1.0,659295.0,1.0,1401893.0,62524.0
2025-12-16T15:43:16.599292,4,-51.59510029278,49.30468101477722,0.0,420.0,33.0,1.0,998359.0,1.0,2013003.0,80618.0
2025-12-16T15:43:16.599549,4,-51.59510029278,49.30468101477722,0.0,420.0,33.0,1.0,998359.0,1.0,2013003.0,80618.0
2025-12-16T15:43:17.397591,1,-51.53570851094003,49.47180167371636,0.0,426.0,35.0,1.0,637139.0,1.0,1803933.0,65691.0
2025-12-16T15:43:17.398029,1,-51.53570851094003,49.47180167371636,0.0,426.0,35.0,1.0,637139.0,1.0,1803933.0,65691.0
2025-12-16T15:43:17.499037,2,-51.52703696665766,49.4928612625625,0.0,418.0,31.0,1.0,866654.0,1.0,1646394.0,68160.0
2025-12-16T15:43:17.499177,2,-51.52703696665766,49.4928612625625,0.0,418.0,31.0,1.0,866654.0,1.0,1646394.0,68160.0
2025-12-16T15:43:17.597973,3,-51.51935975772037,49.513345182134046,0.0,426.0,35.0,1.0,651311.0,1.0,1414762.0,61350.0
2025-12-16T15:43:17.598106,3,-51.51935975772037,49.513345182134046,0.0,426.0,35.0,1.0,651311.0,1.0,1414762.0,61350.0
2025-12-16T15:43:17.697138,4,-51.51178317284886,49.53505742918231,0.0,443.0,43.0,1.0,993976.0,1.0,2084414.0,78891.0
2025-12-16T15:43:17.697138,4,-51.51178317284886,49.53505742918231,0.0,443.0,43.0,1.0,993976.0,1.0,2084414.0,78891.0
2025-12-16T15:43:18.397173,1,-51.45560801576108,49.68233165243003,0.0,428.0,36.0,1.0,631557.0,1.0,1758719.0,65558.0
2025-12-16T15:43:18.397374,1,-51.45560801576108,49.68233165243003,0.0,428.0,36.0,1.0,631557.0,1.0,1758719.0,65558.0
2025-12-16T15:43:18.498436,2,-51.44813580750476,49.702833877690054,0.0,417.0,31.0,1.0,891345.0,1.0,1672227.0,68206.0
2025-12-16T15:43:18.498617,2,-51.44813580750476,49.702833877690054,0.0,417.0,31.0,1.0,891345.0,1.0,1672227.0,68206.0
2025-12-16T15:43:18.600701,3,-51.44216498552725,49.722742897196675,0.0,402.0,25.0,1.0,672138.0,1.0,1409028.0,62799.0
2025-12-16T15:43:18.603464,3,-51.44216498552725,49.722742897196675,0.0,402.0,25.0,1.0,672138.0,1.0,1409028.0,62799.0
2025-12-16T15:43:18.697728,4,-51.43356546404839,49.74325322591545,0.0,429.0,37.0,1.0,1001743.0,1.0,2049437.0,79939.0
2025-12-16T15:43:18.697727,4,-51.43356546404839,49.74325322591545,0.0,429.0,37.0,1.0,1001743.0,1.0,2049437.0,79939.0
2025-12-16T15:43:19.397644,1,-51.38019981219204,49.89116788542022,0.0,434.0,39.0,1.0,650650.0,1.0,1761101.0,65226.0
2025-12-16T15:43:19.397634,1,-51.38019981219204,49.89116788542022,0.0,434.0,39.0,1.0,650650.0,1.0,1761101.0,65226.0
2025-12-16T15:43:19.497130,2,-51.37212545082393,49.91308918660024,0.0,425.0,35.0,1.0,864018.0,1.0,1672227.0,67654.0
2025-12-16T15:43:19.497130,2,-51.37212545082393,49.91308918660024,0.0,425.0,35.0,1.0,864018.0,1.0,1672227.0,67654.0
2025-12-16T15:43:19.596032,3,-51.36748159619204,49.93381938623371,0.0,432.0,38.0,1.0,652856.0,1.0,1394794.0,60998.0
2025-12-16T15:43:19.596642,3,-51.36748159619204,49.93381938623371,0.0,432.0,38.0,1.0,652856.0,1.0,1394794.0,60998.0
2025-12-16T15:43:19.697926,4,-51.36064843634242,49.95270576697912,0.0,456.0,49.0,1.0,982936.0,1.0,2023933.0,77909.0
2025-12-16T15:43:19.697926,4,-51.36064843634242,49.95270576697912,0.0,456.0,49.0,1.0,982936.0,1.0,2023933.0,77909.0
2025-12-16T15:43:20.398674,1,-51.30402845815964,50.10338487550363,0.0,437.0,41.0,1.0,643641.0,1.0,1776066.0,65005.0
2025-12-16T15:43:20.398903,1,-51.30402845815964,50.10338487550363,0.0,437.0,41.0,1.0,643641.0,1.0,1776066.0,65005.0
2025-12-16T15:43:20.501999,2,-51.29785601678013,50.122437689590086,0.0,428.0,36.0,1.0,868710.0,1.0,1650858.0,67494.0
2025-12-16T15:43:20.500795,2,-51.29785601678013,50.122437689590086,0.0,428.0,36.0,1.0,868710.0,1.0,1650858.0,67494.0
2025-12-16T15:43:20.597841,3,-51.29039302842505,50.144879282740995,0.0,439.0,42.0,1.0,669413.0,1.0,1388671.0,60586.0
2025-12-16T15:43:20.597903,3,-51.29039302842505,50.144879282740995,0.0,439.0,42.0,1.0,669413.0,1.0,1388671.0,60586.0
2025-12-16T15:43:20.697500,4,-51.28183709668862,50.16562184528093,0.0,428.0,36.0,1.0,1003100.0,1.0,2055690.0,80047.0
2025-12-16T15:43:20.697500,4,-51.28183709668862,50.16562184528093,0.0,428.0,36.0,1.0,1003100.0,1.0,2055690.0,80047.0
2025-12-16T15:43:21.398057,1,-51.22581471792536,50.31128144346194,0.0,432.0,38.0,1.0,646479.0,1.0,1757529.0,65314.0
2025-12-16T15:43:21.398239,1,-51.22581471792536,50.31128144346194,0.0,432.0,38.0,1.0,646479.0,1.0,1757529.0,65314.0
2025-12-16T15:43:21.500472,2,-51.217908364516994,50.332035776582124,0.0,429.0,37.0,1.0,874610.0,1.0,1683585.0,67425.0
2025-12-16T15:43:21.501965,2,-51.217908364516994,50.332035776582124,0.0,429.0,37.0,1.0,874610.0,1.0,1683585.0,67425.0
2025-12-16T15:43:21.596806,4,-51.210158377414864,50.35249837105292,0.0,432.0,38.0,1.0,995659.0,1.0,2037680.0,79669.0
2025-12-16T15:43:21.596908,4,-51.210158377414864,50.35249837105292,0.0,432.0,38.0,1.0,995659.0,1.0,2037680.0,79669.0
2025-12-16T15:43:22.398159,1,-51.148501628633554,50.523691595700896,0.0,425.0,35.0,1.0,653077.0,1.0,1768268.0,65780.0
2025-12-16T15:43:22.398455,1,-51.148501628633554,50.523691595700896,0.0,425.0,35.0,1.0,653077.0,1.0,1768268.0,65780.0
2025-12-16T15:43:22.498587,2,-51.14054641591666,50.54404735863437,0.0,419.0,32.0,1.0,872540.0,1.0,1658138.0,68067.0
2025-12-16T15:43:22.498747,2,-51.14054641591666,50.54404735863437,0.0,419.0,32.0,1.0,872540.0,1.0,1658138.0,68067.0
2025-12-16T15:43:22.597919,3,-51.13231796272211,50.565570458074816,0.0,432.0,38.0,1.0,655735.0,1.0,1400944.0,60998.0
2025-12-16T15:43:22.598546,3,-51.13231796272211,50.565570458074816,0.0,432.0,38.0,1.0,655735.0,1.0,1400944.0,60998.0
2025-12-16T15:43:22.698441,4,-51.12398794366223,50.58585506763194,0.0,430.0,37.0,1.0,987604.0,1.0,2066852.0,79885.0
2025-12-16T15:43:22.698441,4,-51.12398794366223,50.58585506763194,0.0,430.0,37.0,1.0,987604.0,1.0,2066852.0,79885.0
2025-12-16T15:43:23.397049,1,-51.06733156090965,50.733970054758714,0.0,427.0,36.0,1.0,649770.0,1.0,1777870.0,65624.0
2025-12-16T15:43:23.397185,1,-51.06733156090965,50.733970054758714,0.0,427.0,36.0,1.0,649770.0,1.0,1777870.0,65624.0
2025-12-16T15:43:23.498419,2,-51.06010938119223,50.75436837815686,0.0,416.0,31.0,1.0,898919.0,1.0,1667706.0,68229.0
2025-12-16T15:43:23.498599,2,-51.06010938119223,50.75436837815686,0.0,416.0,31.0,1.0,898919.0,1.0,1667706.0,68229.0
2025-12-16T15:43:23.599302,3,-51.05323603898797,50.77474275852854,0.0,439.0,41.0,1.0,665573.0,1.0,1400470.0,60607.0
2025-12-16T15:43:23.599525,3,-51.05323603898797,50.77474275852854,0.0,439.0,41.0,1.0,665573.0,1.0,1400470.0,60607.0
2025-12-16T15:43:23.699494,4,-51.04564266727886,50.79602385693929,0.0,425.0,35.0,1.0,1001404.0,1.0,2030795.0,80264.0
2025-12-16T15:43:23.699494,4,-51.04564266727886,50.79602385693929,0.0,425.0,35.0,1.0,1001404.0,1.0,2030795.0,80264.0
2025-12-16T15:43:24.398455,1,-50.99084882266042,50.94237088079673,0.0,429.0,37.0,1.0,639083.0,1.0,1774263.0,65513.0
2025-12-16T15:43:24.400397,1,-50.99084882266042,50.94237088079673,0.0,429.0,37.0,1.0,639083.0,1.0,1774263.0,65513.0
2025-12-16T15:43:24.498405,2,-50.98411063060551,50.96402314801623,0.0,413.0,29.0,1.0,866948.0,1.0,1649183.0,68460.0
2025-12-16T15:43:24.498607,2,-50.98411063060551,50.96402314801623,0.0,413.0,29.0,1.0,866948.0,1.0,1649183.0,68460.0
2025-12-16T15:43:24.598612,3,-50.976939177314115,50.98466172566336,0.0,411.0,28.0,1.0,675787.0,1.0,1406646.0,62291.0
2025-12-16T15:43:24.598753,3,-50.976939177314115,50.98466172566336,0.0,411.0,28.0,1.0,675787.0,1.0,1406646.0,62291.0
2025-12-16T15:43:24.699466,4,-50.96983423490655,51.00195788905232,0.0,422.0,33.0,1.0,978952.0,1.0,2002131.0,80482.0
2025-12-16T15:43:24.699466,4,-50.96983423490655,51.00195788905232,0.0,422.0,33.0,1.0,978952.0,1.0,2002131.0,80482.0
2025-12-16T15:43:25.397586,1,-50.91226419729341,51.15254883555689,0.0,429.0,37.0,1.0,644295.0,1.0,1768268.0,65536.0
2025-12-16T15:43:25.398520,1,-50.91226419729341,51.15254883555689,0.0,429.0,37.0,1.0,644295.0,1.0,1768268.0,65536.0
2025-12-16T15:43:25.497947,2,-50.90537322670585,51.172707446159,0.0,415.0,31.0,1.0,890139.0,1.0,1673926.0,68298.0
2025-12-16T15:43:25.498089,2,-50.90537322670585,51.172707446159,0.0,415.0,31.0,1.0,890139.0,1.0,1673926.0,68298.0
2025-12-16T15:43:25.598648,3,-50.89804802316612,51.19272038931944,0.0,429.0,37.0,1.0,646479.0,1.0,1402368.0,61205.0
2025-12-16T15:43:25.598591,3,-50.89804802316612,51.19272038931944,0.0,429.0,37.0,1.0,646479.0,1.0,1402368.0,61205.0
2025-12-16T15:43:25.699053,4,-50.88948976312876,51.2149188263356,0.0,442.0,43.0,1.0,996333.0,1.0,2041822.0,78944.0
2025-12-16T15:43:25.699223,4,-50.88948976312876,51.2149188263356,0.0,442.0,43.0,1.0,996333.0,1.0,2041822.0,78944.0
2025-12-16T15:43:26.397808,1,-50.83234412900926,51.36199494911635,0.0,433.0,39.0,1.0,642988.0,1.0,1782690.0,65270.0
2025-12-16T15:43:26.398017,1,-50.83234412900926,51.36199494911635,0.0,433.0,39.0,1.0,642988.0,1.0,1782690.0,65270.0
2025-12-16T15:43:26.498519,2,-50.82462031361533,51.383129079573806,0.0,407.0,27.0,1.0,876091.0,1.0,1669965.0,68855.0
2025-12-16T15:43:26.498707,2,-50.82462031361533,51.383129079573806,0.0,407.0,27.0,1.0,876091.0,1.0,1669965.0,68855.0
2025-12-16T15:43:26.599357,3,-50.81713169009037,51.40298827735275,0.0,433.0,39.0,1.0,659295.0,1.0,1389141.0,60936.0
2025-12-16T15:43:26.599626,3,-50.81713169009037,51.40298827735275,0.0,433.0,39.0,1.0,659295.0,1.0,1389141.0,60936.0
2025-12-16T15:43:27.397028,1,-50.75485165474055,51.56992998878212,0.0,426.0,35.0,1.0,641467.0,1.0,1791157.0,65691.0
2025-12-16T15:43:27.397521,1,-50.75485165474055,51.56992998878212,0.0,426.0,35.0,1.0,641467.0,1.0,1791157.0,65691.0
2025-12-16T15:43:27.498327,2,-50.74591849244981,51.590909993494776,0.0,421.0,33.0,1.0,888033.0,1.0,1658138.0,67929.0
2025-12-16T15:43:27.498549,2,-50.74591849244981,51.590909993494776,0.0,421.0,33.0,1.0,888033.0,1.0,1658138.0,67929.0
2025-12-16T15:43:27.597073,3,-50.7376382574647,51.61229261974863,0.0,421.0,33.0,1.0,672138.0,1.0,1389141.0,61662.0
2025-12-16T15:43:27.597173,3,-50.7376382574647,51.61229261974863,0.0,421.0,33.0,1.0,672138.0,1.0,1389141.0,61662.0
2025-12-16T15:43:27.697418,4,-50.7294433391947,51.63398002837079,0.0,429.0,37.0,1.0,1005820.0,1.0,2042513.0,79966.0
2025-12-16T15:43:27.697418,4,-50.7294433391947,51.63398002837079,0.0,429.0,37.0,1.0,1005820.0,1.0,2042513.0,79966.0
2025-12-16T15:43:28.398394,1,-50.695891153132344,51.73506826877821,0.0,430.0,37.0,1.0,638218.0,1.0,1773663.0,65469.0
2025-12-16T15:43:28.398814,1,-50.695891153132344,51.73506826877821,0.0,430.0,37.0,1.0,638218.0,1.0,1773663.0,65469.0
2025-12-16T15:43:28.502186,2,-50.69589528039091,51.734936799708585,0.0,428.0,36.0,1.0,882340.0,1.0,1666577.0,67448.0
2025-12-16T15:43:28.502451,2,-50.69589528039091,51.734936799708585,0.0,428.0,36.0,1.0,882340.0,1.0,1666577.0,67448.0
2025-12-16T15:43:28.597824,3,-50.69589528039091,51.734936799708585,0.0,432.0,38.0,1.0,664448.0,1.0,1396211.0,60998.0
2025-12-16T15:43:28.597975,3,-50.69589528039091,51.734936799708585,0.0,432.0,38.0,1.0,664448.0,1.0,1396211.0,60998.0
2025-12-16T15:43:28.697582,4,-50.69589528039091,51.734936799708585,0.0,425.0,35.0,1.0,1010255.0,1.0,2044588.0,80237.0
2025-12-16T15:43:28.700177,4,-50.69589528039091,51.734936799708585,0.0,425.0,35.0,1.0,1010255.0,1.0,2044588.0,80237.0
2025-12-16T15:43:29.398408,1,-50.69589528039091,51.734936799708585,0.0,429.0,37.0,1.0,648452.0,1.0,1771863.0,65536.0
2025-12-16T15:43:29.398568,1,-50.69589528039091,51.734936799708585,0.0,429.0,37.0,1.0,648452.0,1.0,1771863.0,65536.0
2025-12-16T15:43:29.497458,3,-50.69589528039091,51.734936799708585,0.0,421.0,33.0,1.0,664672.0,1.0,1408075.0,61662.0
2025-12-16T15:43:29.497812,3,-50.69589528039091,51.734936799708585,0.0,421.0,33.0,1.0,664672.0,1.0,1408075.0,61662.0
2025-12-16T15:43:29.600316,4,-50.69589528039091,51.734936799708585,0.0,442.0,43.0,1.0,1011281.0,1.0,2034923.0,78944.0
2025-12-16T15:43:29.600564,4,-50.69589528039091,51.734936799708585,0.0,442.0,43.0,1.0,1011281.0,1.0,2034923.0,78944.0
2025-12-16T15:43:30.397471,1,-50.69589528039091,51.734936799708585,0.0,420.0,33.0,1.0,648232.0,1.0,1764084.0,66092.0
2025-12-16T15:43:30.397573,1,-50.69589528039091,51.734936799708585,0.0,420.0,33.0,1.0,648232.0,1.0,1764084.0,66092.0
2025-12-16T15:43:30.502995,2,-50.69589528039091,51.734936799708585,0.0,424.0,34.0,1.0,864018.0,1.0,1674493.0,67746.0
2025-12-16T15:43:30.503144,2,-50.69589528039091,51.734936799708585,0.0,424.0,34.0,1.0,864018.0,1.0,1674493.0,67746.0
2025-12-16T15:43:30.601128,3,-50.69589528039091,51.734936799708585,0.0,425.0,35.0,1.0,667152.0,1.0,1403792.0,61433.0
2025-12-16T15:43:30.601898,3,-50.69589528039091,51.734936799708585,0.0,425.0,35.0,1.0,667152.0,1.0,1403792.0,61433.0
2025-12-16T15:43:30.698423,4,-50.69589528039091,51.734936799708585,0.0,419.0,32.0,1.0,986268.0,1.0,2032858.0,80700.0
2025-12-16T15:43:30.698609,4,-50.69589528039091,51.734936799708585,0.0,419.0,32.0,1.0,986268.0,1.0,2032858.0,80700.0
2025-12-16T15:43:31.398398,1,-50.69589528039091,51.734936799708585,0.0,431.0,38.0,1.0,647574.0,1.0,1757529.0,65380.0
2025-12-16T15:43:31.398545,1,-50.69589528039091,51.734936799708585,0.0,431.0,38.0,1.0,647574.0,1.0,1757529.0,65380.0
2025-12-16T15:43:31.498450,2,-50.69589528039091,51.734936799708585,0.0,418.0,32.0,1.0,888033.0,1.0,1677896.0,68114.0
2025-12-16T15:43:31.498633,2,-50.69589528039091,51.734936799708585,0.0,418.0,32.0,1.0,888033.0,1.0,1677896.0,68114.0
2025-12-16T15:43:31.597572,3,-50.69589528039091,51.734936799708585,0.0,425.0,35.0,1.0,672138.0,1.0,1407122.0,61454.0
2025-12-16T15:43:31.597655,3,-50.69589528039091,51.734936799708585,0.0,425.0,35.0,1.0,672138.0,1.0,1407122.0,61454.0
2025-12-16T15:43:31.698215,4,-50.69589528039091,51.734936799708585,0.0,420.0,33.0,1.0,1007183.0,1.0,2077371.0,80646.0
2025-12-16T15:43:31.698328,4,-50.69589528039091,51.734936799708585,0.0,420.0,33.0,1.0,1007183.0,1.0,2077371.0,80646.0
2025-12-16T15:43:32.397958,1,-50.69589528039091,51.734936799708585,0.0,421.0,33.0,1.0,653077.0,1.0,1794191.0,66003.0
2025-12-16T15:43:32.397958,1,-50.69589528039091,51.734936799708585,0.0,421.0,33.0,1.0,653077.0,1.0,1794191.0,66003.0
2025-12-16T15:43:32.502552,2,-50.69589528039091,51.734936799708585,0.0,433.0,38.0,1.0,881445.0,1.0,1693300.0,67175.0
2025-12-16T15:43:32.502810,2,-50.69589528039091,51.734936799708585,0.0,433.0,38.0,1.0,881445.0,1.0,1693300.0,67175.0
2025-12-16T15:43:32.597149,3,-50.69589528039091,51.734936799708585,0.0,425.0,35.0,1.0,665573.0,1.0,1418118.0,61433.0
2025-12-16T15:43:32.597149,3,-50.69589528039091,51.734936799708585,0.0,425.0,35.0,1.0,665573.0,1.0,1418118.0,61433.0
2025-12-16T15:43:32.702256,4,-50.69589528039091,51.734936799708585,0.0,421.0,33.0,1.0,988273.0,1.0,1993341.0,80536.0
2025-12-16T15:43:32.703369,4,-50.69589528039091,51.734936799708585,0.0,421.0,33.0,1.0,988273.0,1.0,1993341.0,80536.0
2025-12-16T15:43:33.398410,1,-50.69589528039091,51.734936799708585,0.0,427.0,36.0,1.0,644731.0,1.0,1764681.0,65624.0
2025-12-16T15:43:33.398410,1,-50.69589528039091,51.734936799708585,0.0,427.0,36.0,1.0,644731.0,1.0,1764681.0,65624.0
2025-12-16T15:43:33.498551,2,-50.69589528039091,51.734936799708585,0.0,418.0,32.0,1.0,874018.0,1.0,1660384.0,68137.0
2025-12-16T15:43:33.498551,2,-50.69589528039091,51.734936799708585,0.0,418.0,32.0,1.0,874018.0,1.0,1660384.0,68137.0
2025-12-16T15:43:33.597493,3,-50.69589528039091,51.734936799708585,0.0,426.0,35.0,1.0,667377.0,1.0,1379302.0,61350.0
2025-12-16T15:43:33.597473,3,-50.69589528039091,51.734936799708585,0.0,426.0,35.0,1.0,667377.0,1.0,1379302.0,61350.0
2025-12-16T15:43:33.697970,4,-50.69589528039091,51.734936799708585,0.0,420.0,33.0,1.0,994985.0,1.0,2045972.0,80646.0
2025-12-16T15:43:33.697970,4,-50.69589528039091,51.734936799708585,0.0,420.0,33.0,1.0,994985.0,1.0,2045972.0,80646.0
2025-12-16T15:43:34.398330,2,-50.69589528039091,51.734936799708585,0.0,405.0,26.0,1.0,871655.0,1.0,1664886.0,68995.0
2025-12-16T15:43:34.398543,2,-50.69589528039091,51.734936799708585,0.0,405.0,26.0,1.0,871655.0,1.0,1664886.0,68995.0
2025-12-16T15:43:34.498336,3,-50.69589528039091,51.734936799708585,0.0,416.0,31.0,1.0,668734.0,1.0,1399049.0,61955.0
2025-12-16T15:43:34.498335,3,-50.69589528039091,51.734936799708585,0.0,416.0,31.0,1.0,668734.0,1.0,1399049.0,61955.0
2025-12-16T15:43:34.600293,4,-50.69589528039091,51.734936799708585,0.0,444.0,44.0,1.0,1004799.0,1.0,2043896.0,78784.0
2025-12-16T15:43:34.600909,4,-50.69589528039091,51.734936799708585,0.0,444.0,44.0,1.0,1004799.0,1.0,2043896.0,78784.0
2025-12-16T15:43:35.397926,1,-50.69589528039091,51.734936799708585,0.0,423.0,34.0,1.0,644295.0,1.0,1762294.0,65936.0
2025-12-16T15:43:35.398080,1,-50.69589528039091,51.734936799708585,0.0,423.0,34.0,1.0,644295.0,1.0,1762294.0,65936.0
2025-12-16T15:43:35.498505,2,-50.69589528039091,51.734936799708585,0.0,422.0,34.0,1.0,871065.0,1.0,1677329.0,67860.0
2025-12-16T15:43:35.498552,2,-50.69589528039091,51.734936799708585,0.0,422.0,34.0,1.0,871065.0,1.0,1677329.0,67860.0
2025-12-16T15:43:35.601283,3,-50.69589528039091,51.734936799708585,0.0,423.0,34.0,1.0,661530.0,1.0,1407122.0,61579.0
2025-12-16T15:43:35.601283,3,-50.69589528039091,51.734936799708585,0.0,423.0,34.0,1.0,661530.0,1.0,1407122.0,61579.0
2025-12-16T15:43:35.700335,4,-50.69589528039091,51.734936799708585,0.0,417.0,31.0,1.0,999373.0,1.0,2032170.0,80837.0
2025-12-16T15:43:35.700313,4,-50.69589528039091,51.734936799708585,0.0,417.0,31.0,1.0,999373.0,1.0,2032170.0,80837.0
2025-12-16T15:43:36.398092,1,-50.69589528039091,51.734936799708585,0.0,429.0,37.0,1.0,654848.0,1.0,1774263.0,65513.0
2025-12-16T15:43:36.398247,1,-50.69589528039091,51.734936799708585,0.0,429.0,37.0,1.0,654848.0,1.0,1774263.0,65513.0
2025-12-16T15:43:36.498041,2,-50.69589528039091,51.734936799708585,0.0,409.0,28.0,1.0,871065.0,1.0,1676761.0,68739.0
2025-12-16T15:43:36.498182,2,-50.69589528039091,51.734936799708585,0.0,409.0,28.0,1.0,871065.0,1.0,1676761.0,68739.0
2025-12-16T15:43:36.599162,3,-50.69589528039091,51.734936799708585,0.0,433.0,39.0,1.0,673960.0,1.0,1409028.0,60957.0
2025-12-16T15:43:36.599263,3,-50.69589528039091,51.734936799708585,0.0,433.0,39.0,1.0,673960.0,1.0,1409028.0,60957.0
2025-12-16T15:43:36.698527,4,-50.69589528039091,51.734936799708585,0.0,442.0,43.0,1.0,1006842.0,1.0,2040440.0,78971.0
2025-12-16T15:43:36.698793,4,-50.69589528039091,51.734936799708585,0.0,442.0,43.0,1.0,1006842.0,1.0,2040440.0,78971.0
2025-12-16T15:43:37.398003,1,-50.69589528039091,51.734936799708585,0.0,432.0,38.0,1.0,646698.0,1.0,1779074.0,65358.0
2025-12-16T15:43:37.397956,1,-50.69589528039091,51.734936799708585,0.0,432.0,38.0,1.0,646698.0,1.0,1779074.0,65358.0
2025-12-16T15:43:37.498389,2,-50.69589528039091,51.734936799708585,0.0,418.0,32.0,1.0,884134.0,1.0,1679033.0,68114.0
2025-12-16T15:43:37.498389,2,-50.69589528039091,51.734936799708585,0.0,418.0,32.0,1.0,884134.0,1.0,1679033.0,68114.0
2025-12-16T15:43:37.601190,3,-50.69589528039091,51.734936799708585,0.0,423.0,34.0,1.0,664897.0,1.0,1412848.0,61558.0
2025-12-16T15:43:37.601339,3,-50.69589528039091,51.734936799708585,0.0,423.0,34.0,1.0,664897.0,1.0,1412848.0,61558.0
2025-12-16T15:43:37.698560,4,-50.69589528039091,51.734936799708585,0.0,423.0,34.0,1.0,999035.0,1.0,2038369.0,80427.0
2025-12-16T15:43:37.698713,4,-50.69589528039091,51.734936799708585,0.0,423.0,34.0,1.0,999035.0,1.0,2038369.0,80427.0
2025-12-16T15:43:38.400572,1,-50.69589528039091,51.734936799708585,0.0,419.0,32.0,1.0,638434.0,1.0,1773663.0,66182.0
2025-12-16T15:43:38.400908,1,-50.69589528039091,51.734936799708585,0.0,419.0,32.0,1.0,638434.0,1.0,1773663.0,66182.0
2025-12-16T15:43:38.499124,2,-50.69589528039091,51.734936799708585,0.0,421.0,33.0,1.0,871065.0,1.0,1668270.0,67929.0
2025-12-16T15:43:38.499269,2,-50.69589528039091,51.734936799708585,0.0,421.0,33.0,1.0,871065.0,1.0,1668270.0,67929.0
2025-12-16T15:43:38.597866,3,-50.69589528039091,51.734936799708585,0.0,431.0,38.0,1.0,667603.0,1.0,1393378.0,61060.0
2025-12-16T15:43:38.597866,3,-50.69589528039091,51.734936799708585,0.0,431.0,38.0,1.0,667603.0,1.0,1393378.0,61060.0
2025-12-16T15:43:38.701157,4,-50.69589528039091,51.734936799708585,0.0,431.0,38.0,1.0,989277.0,1.0,2064754.0,79750.0
2025-12-16T15:43:38.701157,4,-50.69589528039091,51.734936799708585,0.0,431.0,38.0,1.0,989277.0,1.0,2064754.0,79750.0
2025-12-16T15:43:39.401410,1,-50.69589528039091,51.734936799708585,0.0,430.0,37.0,1.0,639299.0,1.0,1740363.0,65491.0
2025-12-16T15:43:39.402033,1,-50.69589528039091,51.734936799708585,0.0,430.0,37.0,1.0,639299.0,1.0,1740363.0,65491.0
2025-12-16T15:43:39.501451,2,-50.69589528039091,51.734936799708585,0.0,435.0,40.0,1.0,896185.0,1.0,1660384.0,67016.0
2025-12-16T15:43:39.502311,2,-50.69589528039091,51.734936799708585,0.0,435.0,40.0,1.0,896185.0,1.0,1660384.0,67016.0
2025-12-16T15:43:39.596216,3,-50.69589528039091,51.734936799708585,0.0,418.0,32.0,1.0,659072.0,1.0,1411415.0,61871.0
2025-12-16T15:43:39.596148,3,-50.69589528039091,51.734936799708585,0.0,418.0,32.0,1.0,659072.0,1.0,1411415.0,61871.0
2025-12-16T15:43:39.699365,4,-50.69589528039091,51.734936799708585,0.0,427.0,36.0,1.0,1011281.0,1.0,2039750.0,80129.0
2025-12-16T15:43:39.699366,4,-50.69589528039091,51.734936799708585,0.0,427.0,36.0,1.0,1011281.0,1.0,2039750.0,80129.0
2025-12-16T15:43:40.400396,1,-50.69589528039091,51.734936799708585,0.0,430.0,37.0,1.0,636493.0,1.0,1763487.0,65469.0
2025-12-16T15:43:40.400470,1,-50.69589528039091,51.734936799708585,0.0,430.0,37.0,1.0,636493.0,1.0,1763487.0,65469.0
2025-12-16T15:43:40.502063,2,-50.69589528039091,51.734936799708585,0.0,413.0,29.0,1.0,866654.0,1.0,1671096.0,68483.0
2025-12-16T15:43:40.502535,2,-50.69589528039091,51.734936799708585,0.0,413.0,29.0,1.0,866654.0,1.0,1671096.0,68483.0
2025-12-16T15:43:40.598694,3,-50.69589528039091,51.734936799708585,0.0,437.0,40.0,1.0,658403.0,1.0,1411892.0,60730.0
2025-12-16T15:43:40.598649,3,-50.69589528039091,51.734936799708585,0.0,437.0,40.0,1.0,658403.0,1.0,1411892.0,60730.0
2025-12-16T15:43:40.702003,4,-50.69589528039091,51.734936799708585,0.0,411.0,28.0,1.0,990952.0,1.0,2005522.0,81358.0
2025-12-16T15:43:40.702756,4,-50.69589528039091,51.734936799708585,0.0,411.0,28.0,1.0,990952.0,1.0,2005522.0,81358.0
2025-12-16T15:43:41.400454,1,-50.69589528039091,51.734936799708585,0.0,414.0,30.0,1.0,636277.0,1.0,1777870.0,66474.0
2025-12-16T15:43:41.400372,1,-50.69589528039091,51.734936799708585,0.0,414.0,30.0,1.0,636277.0,1.0,1777870.0,66474.0
2025-12-16T15:43:41.498456,2,-50.69589528039091,51.734936799708585,0.0,418.0,32.0,1.0,875499.0,1.0,1669965.0,68137.0
2025-12-16T15:43:41.498597,2,-50.69589528039091,51.734936799708585,0.0,418.0,32.0,1.0,875499.0,1.0,1669965.0,68137.0
2025-12-16T15:43:41.600487,4,-50.69589528039091,51.734936799708585,0.0,442.0,43.0,1.0,996333.0,1.0,2036990.0,78917.0
2025-12-16T15:43:41.600521,4,-50.69589528039091,51.734936799708585,0.0,442.0,43.0,1.0,996333.0,1.0,2036990.0,78917.0
2025-12-16T15:43:42.395962,1,-50.69589528039091,51.734936799708585,0.0,420.0,33.0,1.0,639732.0,1.0,1786919.0,66070.0
2025-12-16T15:43:42.395901,1,-50.69589528039091,51.734936799708585,0.0,420.0,33.0,1.0,639732.0,1.0,1786919.0,66070.0
2025-12-16T15:43:42.495845,2,-50.69589528039091,51.734936799708585,0.0,417.0,31.0,1.0,885032.0,1.0,1691009.0,68206.0
2025-12-16T15:43:42.496034,2,-50.69589528039091,51.734936799708585,0.0,417.0,31.0,1.0,885032.0,1.0,1691009.0,68206.0
2025-12-16T15:43:42.595878,3,-50.69589528039091,51.734936799708585,0.0,431.0,38.0,1.0,660859.0,1.0,1384916.0,61081.0
2025-12-16T15:43:42.595948,3,-50.69589528039091,51.734936799708585,0.0,431.0,38.0,1.0,660859.0,1.0,1384916.0,61081.0
2025-12-16T15:43:42.695979,4,-50.69589528039091,51.734936799708585,0.0,422.0,33.0,1.0,987604.0,1.0,2039059.0,80509.0
2025-12-16T15:43:42.695979,4,-50.69589528039091,51.734936799708585,0.0,422.0,33.0,1.0,987604.0,1.0,2039059.0,80509.0
2025-12-16T15:43:43.395981,1,-50.69589528039091,51.734936799708585,0.0,409.0,28.0,1.0,640816.0,1.0,1782690.0,66789.0
2025-12-16T15:43:43.395981,1,-50.69589528039091,51.734936799708585,0.0,409.0,28.0,1.0,640816.0,1.0,1782690.0,66789.0
2025-12-16T15:43:43.495857,2,-50.69589528039091,51.734936799708585,0.0,421.0,33.0,1.0,903494.0,1.0,1663196.0,67906.0
2025-12-16T15:43:43.495805,2,-50.69589528039091,51.734936799708585,0.0,421.0,33.0,1.0,903494.0,1.0,1663196.0,67906.0
2025-12-16T15:43:43.596352,3,-50.69589528039091,51.734936799708585,0.0,413.0,30.0,1.0,677849.0,1.0,1419559.0,62123.0
2025-12-16T15:43:43.598810,3,-50.69589528039091,51.734936799708585,0.0,413.0,30.0,1.0,677849.0,1.0,1419559.0,62123.0
2025-12-16T15:43:43.696131,4,-50.69589528039091,51.734936799708585,0.0,422.0,34.0,1.0,1016085.0,1.0,2056386.0,80482.0
2025-12-16T15:43:43.696110,4,-50.69589528039091,51.734936799708585,0.0,422.0,34.0,1.0,1016085.0,1.0,2056386.0,80482.0
2025-12-16T15:43:44.396118,1,-50.69589528039091,51.734936799708585,0.0,414.0,30.0,1.0,623487.0,1.0,1768867.0,66496.0
2025-12-16T15:43:44.398684,1,-50.69589528039091,51.734936799708585,0.0,414.0,30.0,1.0,623487.0,1.0,1768867.0,66496.0
2025-12-16T15:43:44.496173,2,-50.69589528039091,51.734936799708585,0.0,413.0,30.0,1.0,901051.0,1.0,1687578.0,68437.0
2025-12-16T15:43:44.496351,2,-50.69589528039091,51.734936799708585,0.0,413.0,30.0,1.0,901051.0,1.0,1687578.0,68437.0
2025-12-16T15:43:44.596136,3,-50.69589528039091,51.734936799708585,0.0,422.0,33.0,1.0,668734.0,1.0,1396684.0,61620.0
2025-12-16T15:43:44.596136,3,-50.69589528039091,51.734936799708585,0.0,422.0,33.0,1.0,668734.0,1.0,1396684.0,61620.0
2025-12-16T15:43:44.696258,4,-50.69589528039091,51.734936799708585,0.0,421.0,33.0,1.0,1007183.0,1.0,2039059.0,80591.0
2025-12-16T15:43:44.696258,4,-50.69589528039091,51.734936799708585,0.0,421.0,33.0,1.0,1007183.0,1.0,2039059.0,80591.0
2025-12-16T15:43:45.399941,1,-50.69589528039091,51.734936799708585,0.0,428.0,36.0,1.0,646261.0,1.0,1773063.0,65580.0
2025-12-16T15:43:45.400741,1,-50.69589528039091,51.734936799708585,0.0,428.0,36.0,1.0,646261.0,1.0,1773063.0,65580.0
2025-12-16T15:43:45.495827,2,-50.69589528039091,51.734936799708585,0.0,416.0,31.0,1.0,868710.0,1.0,1645280.0,68252.0
2025-12-16T15:43:45.495827,2,-50.69589528039091,51.734936799708585,0.0,416.0,31.0,1.0,868710.0,1.0,1645280.0,68252.0
2025-12-16T15:43:45.595945,3,-50.69589528039091,51.734936799708585,0.0,426.0,35.0,1.0,666249.0,1.0,1394794.0,61391.0
2025-12-16T15:43:45.596030,3,-50.69589528039091,51.734936799708585,0.0,426.0,35.0,1.0,666249.0,1.0,1394794.0,61391.0
2025-12-16T15:43:45.697184,4,-50.696391190930484,51.73195231534127,0.0,416.0,31.0,1.0,995996.0,1.0,2004165.0,80974.0
2025-12-16T15:43:45.697427,4,-50.696391190930484,51.73195231534127,0.0,416.0,31.0,1.0,995996.0,1.0,2004165.0,80974.0
2025-12-16T15:43:46.397401,1,-50.840973263314304,51.68954543514741,0.0,419.0,32.0,1.0,650210.0,1.0,1789945.0,66160.0
2025-12-16T15:43:46.397546,1,-50.840973263314304,51.68954543514741,0.0,419.0,32.0,1.0,650210.0,1.0,1789945.0,66160.0
2025-12-16T15:43:46.497520,2,-50.85970548204006,51.68365667575914,0.0,418.0,32.0,1.0,884134.0,1.0,1679601.0,68137.0
2025-12-16T15:43:46.497742,2,-50.85970548204006,51.68365667575914,0.0,418.0,32.0,1.0,884134.0,1.0,1679601.0,68137.0
2025-12-16T15:43:46.597492,3,-50.88035745996668,51.67693420609159,0.0,419.0,32.0,1.0,662875.0,1.0,1416679.0,61767.0
2025-12-16T15:43:46.597507,3,-50.88035745996668,51.67693420609159,0.0,419.0,32.0,1.0,662875.0,1.0,1416679.0,61767.0
2025-12-16T15:43:46.697487,4,-50.900441626695894,51.67186688555158,0.0,434.0,39.0,1.0,993639.0,1.0,2041131.0,79534.0
2025-12-16T15:43:46.697600,4,-50.900441626695894,51.67186688555158,0.0,434.0,39.0,1.0,993639.0,1.0,2041131.0,79534.0
2025-12-16T15:43:47.401247,1,-51.05265713355452,51.62769762120578,0.0,434.0,39.0,1.0,642118.0,1.0,1777870.0,65182.0
2025-12-16T15:43:47.401439,1,-51.05265713355452,51.62769762120578,0.0,434.0,39.0,1.0,642118.0,1.0,1777870.0,65182.0
2025-12-16T15:43:47.499169,2,-51.0733571688662,51.62083044148632,0.0,426.0,35.0,1.0,887732.0,1.0,1669965.0,67608.0
2025-12-16T15:43:47.499457,2,-51.0733571688662,51.62083044148632,0.0,426.0,35.0,1.0,887732.0,1.0,1669965.0,67608.0
2025-12-16T15:43:47.598606,3,-51.09477485719904,51.615152727085295,0.0,423.0,34.0,1.0,672821.0,1.0,1403792.0,61558.0
2025-12-16T15:43:47.598573,3,-51.09477485719904,51.615152727085295,0.0,423.0,34.0,1.0,672821.0,1.0,1403792.0,61558.0
2025-12-16T15:43:47.697190,4,-51.116139775002125,51.60833625900407,0.0,404.0,25.0,1.0,990282.0,1.0,2040440.0,81939.0
2025-12-16T15:43:47.697332,4,-51.116139775002125,51.60833625900407,0.0,404.0,25.0,1.0,990282.0,1.0,2040440.0,81939.0
2025-12-16T15:43:48.400250,1,-51.26723689049597,51.56736439514517,0.0,423.0,34.0,1.0,661530.0,1.0,1788129.0,65914.0
2025-12-16T15:43:48.400610,1,-51.26723689049597,51.56736439514517,0.0,423.0,34.0,1.0,661530.0,1.0,1788129.0,65914.0
2025-12-16T15:43:48.498476,2,-51.28948724903728,51.56087829523762,0.0,425.0,35.0,1.0,873131.0,1.0,1663759.0,67700.0
2025-12-16T15:43:48.498481,2,-51.28948724903728,51.56087829523762,0.0,425.0,35.0,1.0,873131.0,1.0,1663759.0,67700.0
2025-12-16T15:43:48.598458,3,-51.31126896915473,51.55382605050631,0.0,415.0,30.0,1.0,669187.0,1.0,1419559.0,62039.0
2025-12-16T15:43:48.598560,3,-51.31126896915473,51.55382605050631,0.0,415.0,30.0,1.0,669187.0,1.0,1419559.0,62039.0
2025-12-16T15:43:48.702029,4,-51.332546733880484,51.54769115333644,0.0,432.0,38.0,1.0,985267.0,1.0,2073157.0,79723.0
2025-12-16T15:43:48.702161,4,-51.332546733880484,51.54769115333644,0.0,432.0,38.0,1.0,985267.0,1.0,2073157.0,79723.0
2025-12-16T15:43:49.397787,1,-51.47946648633779,51.50223361992714,0.0,410.0,28.0,1.0,653740.0,1.0,1788734.0,66722.0
2025-12-16T15:43:49.397927,1,-51.47946648633779,51.50223361992714,0.0,410.0,28.0,1.0,653740.0,1.0,1788734.0,66722.0
2025-12-16T15:43:49.498381,2,-51.50091914680898,51.495215475784015,0.0,417.0,31.0,1.0,887732.0,1.0,1668270.0,68229.0
2025-12-16T15:43:49.498020,2,-51.50091914680898,51.495215475784015,0.0,417.0,31.0,1.0,887732.0,1.0,1668270.0,68229.0
2025-12-16T15:43:49.599277,3,-51.5217216218077,51.489786336913475,0.0,435.0,39.0,1.0,666700.0,1.0,1395266.0,60854.0
2025-12-16T15:43:49.599695,3,-51.5217216218077,51.489786336913475,0.0,435.0,39.0,1.0,666700.0,1.0,1395266.0,60854.0
2025-12-16T15:43:49.699244,4,-51.54460606810318,51.483929517502816,0.0,420.0,32.0,1.0,1008206.0,1.0,2040440.0,80673.0
2025-12-16T15:43:49.699291,4,-51.54460606810318,51.483929517502816,0.0,420.0,32.0,1.0,1008206.0,1.0,2040440.0,80673.0
2025-12-16T15:43:50.400488,1,-51.695256310058376,51.440989090192794,0.0,434.0,39.0,1.0,652635.0,1.0,1765279.0,65226.0
2025-12-16T15:43:50.400384,1,-51.695256310058376,51.440989090192794,0.0,434.0,39.0,1.0,652635.0,1.0,1765279.0,65226.0
2025-12-16T15:43:50.501356,2,-51.716998196218064,51.434274879068816,0.0,434.0,39.0,1.0,876388.0,1.0,1663196.0,67107.0
2025-12-16T15:43:50.502338,2,-51.716998196218064,51.434274879068816,0.0,434.0,39.0,1.0,876388.0,1.0,1663196.0,67107.0
2025-12-16T15:43:50.601358,3,-51.73890565296542,51.427396104851105,0.0,445.0,44.0,1.0,665348.0,1.0,1394794.0,60280.0
2025-12-16T15:43:50.602056,3,-51.73890565296542,51.427396104851105,0.0,445.0,44.0,1.0,665348.0,1.0,1394794.0,60280.0
2025-12-16T15:43:50.697674,4,-51.76094941963955,51.42140475965658,0.0,408.0,27.0,1.0,979946.0,1.0,2005522.0,81607.0
2025-12-16T15:43:50.697815,4,-51.76094941963955,51.42140475965658,0.0,408.0,27.0,1.0,979946.0,1.0,2005522.0,81607.0
2025-12-16T15:43:51.402019,1,-51.90911148769836,51.378774276221264,0.0,421.0,33.0,1.0,629849.0,1.0,1776667.0,66070.0
2025-12-16T15:43:51.402862,1,-51.90911148769836,51.378774276221264,0.0,421.0,33.0,1.0,629849.0,1.0,1776667.0,66070.0
2025-12-16T15:43:51.499653,2,-51.93075166900595,51.37206908710184,0.0,413.0,29.0,1.0,891345.0,1.0,1670530.0,68483.0
2025-12-16T15:43:51.499826,2,-51.93075166900595,51.37206908710184,0.0,413.0,29.0,1.0,891345.0,1.0,1670530.0,68483.0
2025-12-16T15:43:51.597428,3,-51.95339782846602,51.36528917421478,0.0,404.0,26.0,1.0,670774.0,1.0,1400944.0,62672.0
2025-12-16T15:43:51.597607,3,-51.95339782846602,51.36528917421478,0.0,404.0,26.0,1.0,670774.0,1.0,1400944.0,62672.0
2025-12-16T15:43:51.698743,4,-51.974882275745735,51.357688836538834,0.0,440.0,42.0,1.0,1001743.0,1.0,2048744.0,79078.0
2025-12-16T15:43:51.698618,4,-51.974882275745735,51.357688836538834,0.0,440.0,42.0,1.0,1001743.0,1.0,2048744.0,79078.0
2025-12-16T15:43:52.401834,1,-52.125570471081794,51.31340871920916,0.0,430.0,37.0,1.0,647574.0,1.0,1764084.0,65469.0
2025-12-16T15:43:52.402177,1,-52.125570471081794,51.31340871920916,0.0,430.0,37.0,1.0,647574.0,1.0,1764084.0,65469.0
2025-12-16T15:43:52.500391,3,-52.14756435629701,51.30736331508447,0.0,423.0,34.0,1.0,665573.0,1.0,1410460.0,61558.0
2025-12-16T15:43:52.500267,3,-52.14756435629701,51.30736331508447,0.0,423.0,34.0,1.0,665573.0,1.0,1410460.0,61558.0
2025-12-16T15:43:52.597914,4,-52.169580804279704,51.30098064078515,0.0,405.0,26.0,1.0,997008.0,1.0,2062659.0,81800.0
2025-12-16T15:43:52.597914,4,-52.169580804279704,51.30098064078515,0.0,405.0,26.0,1.0,997008.0,1.0,2062659.0,81800.0
2025-12-16T15:43:53.397894,2,-52.339070947985405,51.248180522158904,0.0,420.0,33.0,1.0,879359.0,1.0,1666577.0,67975.0
2025-12-16T15:43:53.398060,2,-52.339070947985405,51.248180522158904,0.0,420.0,33.0,1.0,879359.0,1.0,1666577.0,67975.0
2025-12-16T15:43:53.497155,3,-52.35955730764759,51.24169090184286,0.0,420.0,33.0,1.0,666700.0,1.0,1422926.0,61746.0
2025-12-16T15:43:53.497155,3,-52.35955730764759,51.24169090184286,0.0,420.0,33.0,1.0,666700.0,1.0,1422926.0,61746.0
2025-12-16T15:43:53.599389,4,-52.38004533828013,51.23519811454111,0.0,407.0,27.0,1.0,985934.0,1.0,2092897.0,81662.0
2025-12-16T15:43:53.599675,4,-52.38004533828013,51.23519811454111,0.0,407.0,27.0,1.0,985934.0,1.0,2092897.0,81662.0
2025-12-16T15:43:54.397509,1,-52.55202885027506,51.18480891476379,0.0,426.0,35.0,1.0,645823.0,1.0,1780881.0,65713.0
2025-12-16T15:43:54.397547,1,-52.55202885027506,51.18480891476379,0.0,426.0,35.0,1.0,645823.0,1.0,1780881.0,65713.0
2025-12-16T15:43:54.497047,2,-52.57395402214233,51.17823014345051,0.0,421.0,33.0,1.0,883237.0,1.0,1677896.0,67929.0
2025-12-16T15:43:54.497047,2,-52.57395402214233,51.17823014345051,0.0,421.0,33.0,1.0,883237.0,1.0,1677896.0,67929.0
2025-12-16T15:43:54.597500,3,-52.594784689759365,51.171880419260546,0.0,440.0,42.0,1.0,670547.0,1.0,1402368.0,60566.0
2025-12-16T15:43:54.597462,3,-52.594784689759365,51.171880419260546,0.0,440.0,42.0,1.0,670547.0,1.0,1402368.0,60566.0
2025-12-16T15:43:54.700571,4,-52.61619838642964,51.16602300559077,0.0,429.0,37.0,1.0,1001743.0,1.0,2042513.0,79939.0
2025-12-16T15:43:54.701989,4,-52.61619838642964,51.16602300559077,0.0,429.0,37.0,1.0,1001743.0,1.0,2042513.0,79939.0
2025-12-16T15:43:55.398528,1,-52.76599041242184,51.1215890657393,0.0,420.0,33.0,1.0,631557.0,1.0,1756934.0,66115.0
2025-12-16T15:43:55.398985,1,-52.76599041242184,51.1215890657393,0.0,420.0,33.0,1.0,631557.0,1.0,1756934.0,66115.0
2025-12-16T15:43:55.496478,2,-52.78742781756263,51.1142898471115,0.0,411.0,29.0,1.0,886531.0,1.0,1674493.0,68576.0
2025-12-16T15:43:55.496604,2,-52.78742781756263,51.1142898471115,0.0,411.0,29.0,1.0,886531.0,1.0,1674493.0,68576.0
2025-12-16T15:43:55.597125,3,-52.80872378856545,51.107864119413776,0.0,423.0,34.0,1.0,670320.0,1.0,1411892.0,61558.0
2025-12-16T15:43:55.597242,3,-52.80872378856545,51.107864119413776,0.0,423.0,34.0,1.0,670320.0,1.0,1411892.0,61558.0
2025-12-16T15:43:55.697952,4,-52.830668107963305,51.10174022705411,0.0,419.0,32.0,1.0,982936.0,1.0,2016412.0,80727.0
2025-12-16T15:43:55.697952,4,-52.830668107963305,51.10174022705411,0.0,419.0,32.0,1.0,982936.0,1.0,2016412.0,80727.0
2025-12-16T15:43:56.398102,1,-52.982246934682486,51.05894877137946,0.0,417.0,31.0,1.0,654404.0,1.0,1769466.0,66316.0
2025-12-16T15:43:56.398102,1,-52.982246934682486,51.05894877137946,0.0,417.0,31.0,1.0,654404.0,1.0,1769466.0,66316.0
2025-12-16T15:43:56.496678,2,-53.003988346976904,51.05176411353004,0.0,439.0,41.0,1.0,869592.0,1.0,1660946.0,66789.0
2025-12-16T15:43:56.496772,2,-53.003988346976904,51.05176411353004,0.0,439.0,41.0,1.0,869592.0,1.0,1660946.0,66789.0
2025-12-16T15:43:56.599618,3,-53.02531123292669,51.04555960246689,0.0,443.0,43.0,1.0,652635.0,1.0,1402842.0,60382.0
2025-12-16T15:43:56.599847,3,-53.02531123292669,51.04555960246689,0.0,443.0,43.0,1.0,652635.0,1.0,1402842.0,60382.0
2025-12-16T15:43:57.401330,1,-53.19671811748396,50.99599808298022,0.0,421.0,33.0,1.0,643423.0,1.0,1784501.0,66070.0
2025-12-16T15:43:57.401330,1,-53.19671811748396,50.99599808298022,0.0,421.0,33.0,1.0,643423.0,1.0,1784501.0,66070.0
2025-12-16T15:43:57.497909,2,-53.21894454217735,50.99037769161557,0.0,419.0,32.0,1.0,881147.0,1.0,1683015.0,68067.0
2025-12-16T15:43:57.498037,2,-53.21894454217735,50.99037769161557,0.0,419.0,32.0,1.0,881147.0,1.0,1683015.0,68067.0
2025-12-16T15:43:57.599253,3,-53.24084277158025,50.983987970204915,0.0,418.0,32.0,1.0,661754.0,1.0,1411892.0,61871.0
2025-12-16T15:43:57.599408,3,-53.24084277158025,50.983987970204915,0.0,418.0,32.0,1.0,661754.0,1.0,1411892.0,61871.0
2025-12-16T15:43:57.698513,4,-53.25415672285188,50.97981387875348,0.0,424.0,35.0,1.0,994649.0,1.0,2040440.0,80319.0
2025-12-16T15:43:57.701430,4,-53.25415672285188,50.97981387875348,0.0,424.0,35.0,1.0,994649.0,1.0,2040440.0,80319.0
2025-12-16T15:43:58.397856,1,-53.38958183608097,50.942152932693276,0.0,434.0,39.0,1.0,644731.0,1.0,1761697.0,65248.0
2025-12-16T15:43:58.398039,1,-53.38958183608097,50.942152932693276,0.0,434.0,39.0,1.0,644731.0,1.0,1761697.0,65248.0
2025-12-16T15:43:58.497058,2,-53.411515864085004,50.93709803303414,0.0,427.0,36.0,1.0,900441.0,1.0,1688721.0,67517.0
2025-12-16T15:43:58.497207,2,-53.411515864085004,50.93709803303414,0.0,427.0,36.0,1.0,900441.0,1.0,1688721.0,67517.0
2025-12-16T15:43:58.599358,3,-53.43473261758239,50.931347407398405,0.0,422.0,34.0,1.0,660412.0,1.0,1398102.0,61600.0
2025-12-16T15:43:58.599551,3,-53.43473261758239,50.931347407398405,0.0,422.0,34.0,1.0,660412.0,1.0,1398102.0,61600.0
2025-12-16T15:43:58.701354,4,-53.45735821040969,50.9243696133813,0.0,422.0,33.0,1.0,1001065.0,1.0,2003487.0,80509.0
2025-12-16T15:43:58.702057,4,-53.45735821040969,50.9243696133813,0.0,422.0,33.0,1.0,1001065.0,1.0,2003487.0,80509.0
2025-12-16T15:43:59.402405,1,-53.55144252361926,50.90029153681631,0.0,413.0,29.0,1.0,640816.0,1.0,1802712.0,66564.0
2025-12-16T15:43:59.403046,1,-53.55144252361926,50.90029153681631,0.0,413.0,29.0,1.0,640816.0,1.0,1802712.0,66564.0
2025-12-16T15:43:59.497841,2,-53.55144252361926,50.90029153681631,0.0,410.0,28.0,1.0,883536.0,1.0,1676761.0,68669.0
2025-12-16T15:43:59.497841,2,-53.55144252361926,50.90029153681631,0.0,410.0,28.0,1.0,883536.0,1.0,1676761.0,68669.0
2025-12-16T15:43:59.600346,3,-53.55144252361926,50.90029153681631,0.0,426.0,35.0,1.0,657958.0,1.0,1409505.0,61391.0
2025-12-16T15:43:59.600511,3,-53.55144252361926,50.90029153681631,0.0,426.0,35.0,1.0,657958.0,1.0,1409505.0,61391.0
2025-12-16T15:43:59.700303,4,-53.55144252361926,50.90029153681631,0.0,442.0,43.0,1.0,991288.0,1.0,2050131.0,78944.0
2025-12-16T15:43:59.700398,4,-53.55144252361926,50.90029153681631,0.0,442.0,43.0,1.0,991288.0,1.0,2050131.0,78944.0
2025-12-16T15:44:00.397031,1,-53.55144252361926,50.90029153681631,0.0,431.0,38.0,1.0,630276.0,1.0,1779676.0,65403.0
2025-12-16T15:44:00.397031,1,-53.55144252361926,50.90029153681631,0.0,431.0,38.0,1.0,630276.0,1.0,1779676.0,65403.0
2025-12-16T15:44:00.497807,2,-53.55144252361926,50.90029153681631,0.0,409.0,28.0,1.0,894669.0,1.0,1699615.0,68716.0
2025-12-16T15:44:00.497808,2,-53.55144252361926,50.90029153681631,0.0,409.0,28.0,1.0,894669.0,1.0,1699615.0,68716.0
2025-12-16T15:44:00.597362,3,-53.55144252361926,50.90029153681631,0.0,423.0,34.0,1.0,662427.0,1.0,1409505.0,61558.0
2025-12-16T15:44:00.597514,3,-53.55144252361926,50.90029153681631,0.0,423.0,34.0,1.0,662427.0,1.0,1409505.0,61558.0
2025-12-16T15:44:00.698595,4,-53.55144252361926,50.90029153681631,0.0,431.0,38.0,1.0,1010597.0,1.0,2036301.0,79804.0
2025-12-16T15:44:00.698772,4,-53.55144252361926,50.90029153681631,0.0,431.0,38.0,1.0,1010597.0,1.0,2036301.0,79804.0
2025-12-16T15:44:01.397196,1,-53.55144252361926,50.90029153681631,0.0,437.0,40.0,1.0,656401.0,1.0,1755745.0,65027.0
2025-12-16T15:44:01.397095,1,-53.55144252361926,50.90029153681631,0.0,437.0,40.0,1.0,656401.0,1.0,1755745.0,65027.0
2025-12-16T15:44:01.497967,2,-53.55144252361926,50.90029153681631,0.0,415.0,30.0,1.0,869592.0,1.0,1658138.0,68344.0
2025-12-16T15:44:01.498135,2,-53.55144252361926,50.90029153681631,0.0,415.0,30.0,1.0,869592.0,1.0,1658138.0,68344.0
2025-12-16T15:44:01.598403,4,-53.55144252361926,50.90029153681631,0.0,412.0,29.0,1.0,989277.0,1.0,2040440.0,81276.0
2025-12-16T15:44:01.598403,4,-53.55144252361926,50.90029153681631,0.0,412.0,29.0,1.0,989277.0,1.0,2040440.0,81276.0
2025-12-16T15:44:02.402056,1,-53.55144252361926,50.90029153681631,0.0,423.0,34.0,1.0,659518.0,1.0,1787524.0,65914.0
2025-12-16T15:44:02.402783,1,-53.55144252361926,50.90029153681631,0.0,423.0,34.0,1.0,659518.0,1.0,1787524.0,65914.0
2025-12-16T15:44:02.501810,2,-53.55144252361926,50.90029153681631,0.0,420.0,32.0,1.0,885631.0,1.0,1682446.0,68044.0
2025-12-16T15:44:02.502183,2,-53.55144252361926,50.90029153681631,0.0,420.0,32.0,1.0,885631.0,1.0,1682446.0,68044.0
2025-12-16T15:44:02.599265,3,-53.55144252361926,50.90029153681631,0.0,417.0,31.0,1.0,650210.0,1.0,1407122.0,61892.0
2025-12-16T15:44:02.599264,3,-53.55144252361926,50.90029153681631,0.0,417.0,31.0,1.0,650210.0,1.0,1407122.0,61892.0
2025-12-16T15:44:02.698114,4,-53.55144252361926,50.90029153681631,0.0,427.0,36.0,1.0,995322.0,1.0,2071754.0,80074.0
2025-12-16T15:44:02.698114,4,-53.55144252361926,50.90029153681631,0.0,427.0,36.0,1.0,995322.0,1.0,2071754.0,80074.0
2025-12-16T15:44:03.400503,1,-53.55144252361926,50.90029153681631,0.0,439.0,41.0,1.0,646698.0,1.0,1749221.0,64917.0
2025-12-16T15:44:03.400659,1,-53.55144252361926,50.90029153681631,0.0,439.0,41.0,1.0,646698.0,1.0,1749221.0,64917.0
2025-12-16T15:44:03.498471,2,-53.55144252361926,50.90029153681631,0.0,417.0,31.0,1.0,886831.0,1.0,1691009.0,68206.0
2025-12-16T15:44:03.498471,2,-53.55144252361926,50.90029153681631,0.0,417.0,31.0,1.0,886831.0,1.0,1691009.0,68206.0
2025-12-16T15:44:03.597939,3,-53.55144252361926,50.90029153681631,0.0,419.0,32.0,1.0,671001.0,1.0,1408075.0,61767.0
2025-12-16T15:44:03.597979,3,-53.55144252361926,50.90029153681631,0.0,419.0,32.0,1.0,671001.0,1.0,1408075.0,61767.0
2025-12-16T15:44:03.697121,4,-53.55144252361926,50.90029153681631,0.0,434.0,39.0,1.0,996670.0,1.0,2015048.0,79561.0
2025-12-16T15:44:03.697420,4,-53.55144252361926,50.90029153681631,0.0,434.0,39.0,1.0,996670.0,1.0,2015048.0,79561.0
2025-12-16T15:44:04.402805,1,-53.55144252361926,50.90029153681631,0.0,420.0,33.0,1.0,661530.0,1.0,1803323.0,66092.0
2025-12-16T15:44:04.404616,1,-53.55144252361926,50.90029153681631,0.0,420.0,33.0,1.0,661530.0,1.0,1803323.0,66092.0
2025-12-16T15:44:04.500126,2,-53.55144252361926,50.90029153681631,0.0,431.0,38.0,1.0,882938.0,1.0,1699615.0,67266.0
2025-12-16T15:44:04.500643,2,-53.55144252361926,50.90029153681631,0.0,431.0,38.0,1.0,882938.0,1.0,1699615.0,67266.0
2025-12-16T15:44:04.599182,3,-53.55144252361926,50.90029153681631,0.0,425.0,35.0,1.0,668282.0,1.0,1399049.0,61433.0
2025-12-16T15:44:04.599351,3,-53.55144252361926,50.90029153681631,0.0,425.0,35.0,1.0,668282.0,1.0,1399049.0,61433.0
2025-12-16T15:44:04.701334,4,-53.55144252361926,50.90029153681631,0.0,402.0,25.0,1.0,1016773.0,1.0,2087238.0,82077.0
2025-12-16T15:44:04.701716,4,-53.55144252361926,50.90029153681631,0.0,402.0,25.0,1.0,1016773.0,1.0,2087238.0,82077.0
2025-12-16T15:44:05.398086,1,-53.55144252361926,50.90029153681631,0.0,427.0,36.0,1.0,630489.0,1.0,1794191.0,65691.0
2025-12-16T15:44:05.398260,1,-53.55144252361926,50.90029153681631,0.0,427.0,36.0,1.0,630489.0,1.0,1794191.0,65691.0
2025-12-16T15:44:05.497673,2,-53.55144252361926,50.90029153681631,0.0,402.0,25.0,1.0,867828.0,1.0,1691009.0,69182.0
2025-12-16T15:44:05.497597,2,-53.55144252361926,50.90029153681631,0.0,402.0,25.0,1.0,867828.0,1.0,1691009.0,69182.0
2025-12-16T15:44:05.602040,3,-53.55144252361926,50.90029153681631,0.0,424.0,35.0,1.0,665798.0,1.0,1411892.0,61475.0
2025-12-16T15:44:05.602298,3,-53.55144252361926,50.90029153681631,0.0,424.0,35.0,1.0,665798.0,1.0,1411892.0,61475.0
2025-12-16T15:44:05.699218,4,-53.55144252361926,50.90029153681631,0.0,400.0,23.0,1.0,1004459.0,1.0,2023933.0,82356.0
2025-12-16T15:44:05.699448,4,-53.55144252361926,50.90029153681631,0.0,400.0,23.0,1.0,1004459.0,1.0,2023933.0,82356.0
2025-12-16T15:44:06.399244,1,-53.55144252361926,50.90029153681631,0.0,430.0,37.0,1.0,646698.0,1.0,1778472.0,65469.0
2025-12-16T15:44:06.399428,1,-53.55144252361926,50.90029153681631,0.0,430.0,37.0,1.0,646698.0,1.0,1778472.0,65469.0
2025-12-16T15:44:06.501388,2,-53.55144252361926,50.90029153681631,0.0,425.0,35.0,1.0,871950.0,1.0,1681876.0,67654.0
2025-12-16T15:44:06.501388,2,-53.55144252361926,50.90029153681631,0.0,425.0,35.0,1.0,871950.0,1.0,1681876.0,67654.0
2025-12-16T15:44:06.599272,3,-53.55144252361926,50.90029153681631,0.0,423.0,34.0,1.0,664223.0,1.0,1392907.0,61537.0
2025-12-16T15:44:06.599407,3,-53.55144252361926,50.90029153681631,0.0,423.0,34.0,1.0,664223.0,1.0,1392907.0,61537.0
2025-12-16T15:44:06.701179,4,-53.55144252361926,50.90029153681631,0.0,444.0,44.0,1.0,978952.0,1.0,2032170.0,78811.0
2025-12-16T15:44:06.701147,4,-53.55144252361926,50.90029153681631,0.0,444.0,44.0,1.0,978952.0,1.0,2032170.0,78811.0
2025-12-16T15:44:07.400604,1,-53.55144252361926,50.90029153681631,0.0,426.0,35.0,1.0,643423.0,1.0,1786314.0,65735.0
2025-12-16T15:44:07.401510,1,-53.55144252361926,50.90029153681631,0.0,426.0,35.0,1.0,643423.0,1.0,1786314.0,65735.0
2025-12-16T15:44:07.499115,2,-53.55144252361926,50.90029153681631,0.0,420.0,33.0,1.0,874610.0,1.0,1682446.0,67998.0
2025-12-16T15:44:07.499127,2,-53.55144252361926,50.90029153681631,0.0,420.0,33.0,1.0,874610.0,1.0,1682446.0,67998.0
2025-12-16T15:44:07.597137,3,-53.55144252361926,50.90029153681631,0.0,416.0,31.0,1.0,652635.0,1.0,1415720.0,61997.0
2025-12-16T15:44:07.597137,3,-53.55144252361926,50.90029153681631,0.0,416.0,31.0,1.0,652635.0,1.0,1415720.0,61997.0
2025-12-16T15:44:07.698770,4,-53.55144252361926,50.90029153681631,0.0,436.0,40.0,1.0,1006501.0,1.0,2041822.0,79427.0
2025-12-16T15:44:07.698769,4,-53.55144252361926,50.90029153681631,0.0,436.0,40.0,1.0,1006501.0,1.0,2041822.0,79427.0
2025-12-16T15:44:08.399055,1,-53.55144252361926,50.90029153681631,0.0,430.0,37.0,1.0,650210.0,1.0,1767670.0,65447.0
2025-12-16T15:44:08.399294,1,-53.55144252361926,50.90029153681631,0.0,430.0,37.0,1.0,650210.0,1.0,1767670.0,65447.0
2025-12-16T15:44:08.499248,2,-53.55144252361926,50.90029153681631,0.0,410.0,28.0,1.0,890742.0,1.0,1670530.0,68669.0
2025-12-16T15:44:08.499514,2,-53.55144252361926,50.90029153681631,0.0,410.0,28.0,1.0,890742.0,1.0,1670530.0,68669.0
2025-12-16T15:44:08.599278,3,-53.55144252361926,50.90029153681631,0.0,421.0,33.0,1.0,663324.0,1.0,1392436.0,61662.0
2025-12-16T15:44:08.599989,3,-53.55144252361926,50.90029153681631,0.0,421.0,33.0,1.0,663324.0,1.0,1392436.0,61662.0
2025-12-16T15:44:08.697836,4,-53.55144252361926,50.90029153681631,0.0,406.0,26.0,1.0,993976.0,1.0,2047358.0,81772.0
2025-12-16T15:44:08.697949,4,-53.55144252361926,50.90029153681631,0.0,406.0,26.0,1.0,993976.0,1.0,2047358.0,81772.0
2025-12-16T15:44:09.401918,1,-53.55144252361926,50.90029153681631,0.0,409.0,28.0,1.0,656401.0,1.0,1780278.0,66812.0
2025-12-16T15:44:09.401918,1,-53.55144252361926,50.90029153681631,0.0,409.0,28.0,1.0,656401.0,1.0,1780278.0,66812.0
2025-12-16T15:44:09.496554,2,-53.55144252361926,50.90029153681631,0.0,413.0,29.0,1.0,883835.0,1.0,1683015.0,68483.0
2025-12-16T15:44:09.496472,2,-53.55144252361926,50.90029153681631,0.0,413.0,29.0,1.0,883835.0,1.0,1683015.0,68483.0
2025-12-16T15:44:09.599154,3,-53.55144252361926,50.90029153681631,0.0,426.0,36.0,1.0,665123.0,1.0,1403792.0,61350.0
2025-12-16T15:44:09.599301,3,-53.55144252361926,50.90029153681631,0.0,426.0,36.0,1.0,665123.0,1.0,1403792.0,61350.0
2025-12-16T15:44:09.698510,4,-53.55144252361926,50.90029153681631,0.0,441.0,42.0,1.0,994985.0,1.0,2092189.0,79051.0
2025-12-16T15:44:09.698726,4,-53.55144252361926,50.90029153681631,0.0,441.0,42.0,1.0,994985.0,1.0,2092189.0,79051.0
2025-12-16T15:44:10.400526,1,-53.55144252361926,50.90029153681631,0.0,400.0,22.0,1.0,638867.0,1.0,1777870.0,67631.0
2025-12-16T15:44:10.400450,1,-53.55144252361926,50.90029153681631,0.0,400.0,22.0,1.0,638867.0,1.0,1777870.0,67631.0
2025-12-16T15:44:10.500216,2,-53.55144252361926,50.90029153681631,0.0,422.0,33.0,1.0,890440.0,1.0,1701918.0,67906.0
2025-12-16T15:44:10.500555,2,-53.55144252361926,50.90029153681631,0.0,422.0,33.0,1.0,890440.0,1.0,1701918.0,67906.0
2025-12-16T15:44:10.600489,3,-53.55144252361926,50.90029153681631,0.0,428.0,36.0,1.0,669187.0,1.0,1391022.0,61288.0
2025-12-16T15:44:10.602128,3,-53.55144252361926,50.90029153681631,0.0,428.0,36.0,1.0,669187.0,1.0,1391022.0,61288.0
2025-12-16T15:44:10.699503,4,-53.55144252361926,50.90029153681631,0.0,434.0,39.0,1.0,1002422.0,1.0,2051519.0,79561.0
2025-12-16T15:44:10.699382,4,-53.55144252361926,50.90029153681631,0.0,434.0,39.0,1.0,1002422.0,1.0,2051519.0,79561.0
2025-12-16T15:44:11.399156,1,-53.55144252361926,50.90029153681631,0.0,429.0,37.0,1.0,648232.0,1.0,1742720.0,65513.0
2025-12-16T15:44:11.399285,1,-53.55144252361926,50.90029153681631,0.0,429.0,37.0,1.0,648232.0,1.0,1742720.0,65513.0
2025-12-16T15:44:11.496886,2,-53.55144252361926,50.90029153681631,0.0,414.0,30.0,1.0,866361.0,1.0,1658138.0,68437.0
2025-12-16T15:44:11.496774,2,-53.55144252361926,50.90029153681631,0.0,414.0,30.0,1.0,866361.0,1.0,1658138.0,68437.0
2025-12-16T15:44:11.598026,3,-53.55144252361926,50.90029153681631,0.0,427.0,36.0,1.0,675330.0,1.0,1414762.0,61329.0
2025-12-16T15:44:11.598206,3,-53.55144252361926,50.90029153681631,0.0,427.0,36.0,1.0,675330.0,1.0,1414762.0,61329.0
2025-12-16T15:44:11.697430,4,-53.55144252361926,50.90029153681631,0.0,428.0,36.0,1.0,1004119.0,1.0,1994691.0,80047.0
2025-12-16T15:44:11.697546,4,-53.55144252361926,50.90029153681631,0.0,428.0,36.0,1.0,1004119.0,1.0,1994691.0,80047.0
2025-12-16T15:44:12.396192,2,-53.55144252361926,50.90029153681631,0.0,420.0,33.0,1.0,908092.0,1.0,1680738.0,67998.0
2025-12-16T15:44:12.396192,2,-53.55144252361926,50.90029153681631,0.0,420.0,33.0,1.0,908092.0,1.0,1680738.0,67998.0
2025-12-16T15:44:12.496190,3,-53.55144252361926,50.90029153681631,0.0,416.0,31.0,1.0,663773.0,1.0,1419559.0,61955.0
2025-12-16T15:44:12.496189,3,-53.55144252361926,50.90029153681631,0.0,416.0,31.0,1.0,663773.0,1.0,1419559.0,61955.0
2025-12-16T15:44:12.596359,4,-53.55144252361926,50.90029153681631,0.0,434.0,39.0,1.0,992295.0,1.0,2048744.0,79534.0
2025-12-16T15:44:12.600305,4,-53.55144252361926,50.90029153681631,0.0,434.0,39.0,1.0,992295.0,1.0,2048744.0,79534.0
2025-12-16T15:44:13.395964,1,-53.55144252361926,50.90029153681631,0.0,411.0,29.0,1.0,641467.0,1.0,1788734.0,66677.0
2025-12-16T15:44:13.395964,1,-53.55144252361926,50.90029153681631,0.0,411.0,29.0,1.0,641467.0,1.0,1788734.0,66677.0
2025-12-16T15:44:13.495802,2,-53.55144252361926,50.90029153681631,0.0,429.0,37.0,1.0,885032.0,1.0,1678464.0,67425.0
2025-12-16T15:44:13.496011,2,-53.55144252361926,50.90029153681631,0.0,429.0,37.0,1.0,885032.0,1.0,1678464.0,67425.0
2025-12-16T15:44:13.596213,3,-53.55144252361926,50.90029153681631,0.0,408.0,27.0,1.0,663773.0,1.0,1414762.0,62481.0
2025-12-16T15:44:13.596571,3,-53.55144252361926,50.90029153681631,0.0,408.0,27.0,1.0,663773.0,1.0,1414762.0,62481.0
2025-12-16T15:44:13.695989,4,-53.55144252361926,50.90029153681631,0.0,427.0,36.0,1.0,987939.0,1.0,2048051.0,80102.0
2025-12-16T15:44:13.696203,4,-53.55144252361926,50.90029153681631,0.0,427.0,36.0,1.0,987939.0,1.0,2048051.0,80102.0
2025-12-16T15:44:14.396327,1,-53.55144252361926,50.90029153681631,0.0,425.0,35.0,1.0,649330.0,1.0,1766474.0,65780.0
2025-12-16T15:44:14.400648,1,-53.55144252361926,50.90029153681631,0.0,425.0,35.0,1.0,649330.0,1.0,1766474.0,65780.0
2025-12-16T15:44:14.496010,2,-53.55144252361926,50.90029153681631,0.0,416.0,31.0,1.0,883536.0,1.0,1674493.0,68252.0
2025-12-16T15:44:14.498589,2,-53.55144252361926,50.90029153681631,0.0,416.0,31.0,1.0,883536.0,1.0,1674493.0,68252.0
2025-12-16T15:44:14.595984,3,-53.55144252361926,50.90029153681631,0.0,418.0,32.0,1.0,658181.0,1.0,1409505.0,61850.0
2025-12-16T15:44:14.596140,3,-53.55144252361926,50.90029153681631,0.0,418.0,32.0,1.0,658181.0,1.0,1409505.0,61850.0
2025-12-16T15:44:14.696084,4,-53.55144252361926,50.90029153681631,0.0,432.0,38.0,1.0,1009230.0,1.0,2053603.0,79750.0
2025-12-16T15:44:14.696488,4,-53.55144252361926,50.90029153681631,0.0,432.0,38.0,1.0,1009230.0,1.0,2053603.0,79750.0
2025-12-16T15:44:15.396133,1,-53.55144252361926,50.90029153681631,0.0,421.0,33.0,1.0,653740.0,1.0,1777870.0,66070.0
2025-12-16T15:44:15.398587,1,-53.55144252361926,50.90029153681631,0.0,421.0,33.0,1.0,653740.0,1.0,1777870.0,66070.0
2025-12-16T15:44:15.497094,3,-53.55144252361926,50.90029153681631,0.0,435.0,39.0,1.0,657290.0,1.0,1422444.0,60854.0
2025-12-16T15:44:15.497103,3,-53.55144252361926,50.90029153681631,0.0,435.0,39.0,1.0,657290.0,1.0,1422444.0,60854.0
2025-12-16T15:44:15.595893,4,-53.55144252361926,50.90029153681631,0.0,425.0,35.0,1.0,1016429.0,1.0,2034234.0,80264.0
2025-12-16T15:44:15.595885,4,-53.55144252361926,50.90029153681631,0.0,425.0,35.0,1.0,1016429.0,1.0,2034234.0,80264.0
2025-12-16T15:44:16.400193,1,-53.50627807227869,51.02436336422927,0.0,410.0,28.0,1.0,641901.0,1.0,1768867.0,66789.0
2025-12-16T15:44:16.400448,1,-53.50627807227869,51.02436336422927,0.0,410.0,28.0,1.0,641901.0,1.0,1768867.0,66789.0
2025-12-16T15:44:16.497047,2,-53.49957004077286,51.04584023778242,0.0,429.0,37.0,1.0,901966.0,1.0,1688150.0,67425.0
2025-12-16T15:44:16.497142,2,-53.49957004077286,51.04584023778242,0.0,429.0,37.0,1.0,901966.0,1.0,1688150.0,67425.0
2025-12-16T15:44:16.596416,3,-53.49519710092913,51.065246572756514,0.0,426.0,35.0,1.0,669867.0,1.0,1393378.0,61391.0
2025-12-16T15:44:16.596539,3,-53.49519710092913,51.065246572756514,0.0,426.0,35.0,1.0,669867.0,1.0,1393378.0,61391.0
2025-12-16T15:44:16.696633,4,-53.49209497204661,51.084118974637576,0.0,421.0,33.0,1.0,995659.0,1.0,2010960.0,80618.0
2025-12-16T15:44:16.696770,4,-53.49209497204661,51.084118974637576,0.0,421.0,33.0,1.0,995659.0,1.0,2010960.0,80618.0
2025-12-16T15:44:17.398839,1,-53.44172744746719,51.2354034502902,0.0,429.0,37.0,1.0,643859.0,1.0,1788734.0,65536.0
2025-12-16T15:44:17.398840,1,-53.44172744746719,51.2354034502902,0.0,429.0,37.0,1.0,643859.0,1.0,1788734.0,65536.0
2025-12-16T15:44:17.498947,2,-53.43525977185723,51.25573828237332,0.0,425.0,35.0,1.0,874906.0,1.0,1655334.0,67700.0
2025-12-16T15:44:17.499183,2,-53.43525977185723,51.25573828237332,0.0,425.0,35.0,1.0,874906.0,1.0,1655334.0,67700.0
2025-12-16T15:44:17.601749,3,-53.42759968239995,51.27535584515683,0.0,405.0,26.0,1.0,659518.0,1.0,1400470.0,62630.0
2025-12-16T15:44:17.601897,3,-53.42759968239995,51.27535584515683,0.0,405.0,26.0,1.0,659518.0,1.0,1400470.0,62630.0
2025-12-16T15:44:17.699518,4,-53.418610500401,51.29804412611345,0.0,415.0,30.0,1.0,1005480.0,1.0,2048744.0,81083.0
2025-12-16T15:44:17.699414,4,-53.418610500401,51.29804412611345,0.0,415.0,30.0,1.0,1005480.0,1.0,2048744.0,81083.0
2025-12-16T15:44:18.400693,1,-53.36585078600368,51.44672251410687,0.0,402.0,25.0,1.0,652193.0,1.0,1798447.0,67266.0
2025-12-16T15:44:18.401219,1,-53.36585078600368,51.44672251410687,0.0,402.0,25.0,1.0,652193.0,1.0,1798447.0,67266.0
2025-12-16T15:44:18.497446,2,-53.357878460899286,51.46917455640233,0.0,424.0,34.0,1.0,901966.0,1.0,1704800.0,67746.0
2025-12-16T15:44:18.497442,2,-53.357878460899286,51.46917455640233,0.0,424.0,34.0,1.0,901966.0,1.0,1704800.0,67746.0
2025-12-16T15:44:18.597435,3,-53.35050246195195,51.49074622680423,0.0,424.0,35.0,1.0,666249.0,1.0,1406170.0,61475.0
2025-12-16T15:44:18.597603,3,-53.35050246195195,51.49074622680423,0.0,424.0,35.0,1.0,666249.0,1.0,1406170.0,61475.0
2025-12-16T15:44:18.697084,4,-53.34373882685468,51.51121597115978,0.0,433.0,39.0,1.0,1000727.0,1.0,2028047.0,79642.0
2025-12-16T15:44:18.697080,4,-53.34373882685468,51.51121597115978,0.0,433.0,39.0,1.0,1000727.0,1.0,2028047.0,79642.0
2025-12-16T15:44:19.400377,1,-53.29465804753084,51.65952597703473,0.0,414.0,30.0,1.0,649110.0,1.0,1759910.0,66496.0
2025-12-16T15:44:19.400692,1,-53.29465804753084,51.65952597703473,0.0,414.0,30.0,1.0,649110.0,1.0,1759910.0,66496.0
2025-12-16T15:44:19.500470,2,-53.28738281694198,51.6802613382726,0.0,420.0,33.0,1.0,898919.0,1.0,1684725.0,67998.0
2025-12-16T15:44:19.501200,2,-53.28738281694198,51.6802613382726,0.0,420.0,33.0,1.0,898919.0,1.0,1684725.0,67998.0
2025-12-16T15:44:19.597848,3,-53.28194135868869,51.701677827361785,0.0,427.0,36.0,1.0,660859.0,1.0,1410460.0,61329.0
2025-12-16T15:44:19.597966,3,-53.28194135868869,51.701677827361785,0.0,427.0,36.0,1.0,660859.0,1.0,1410460.0,61329.0
2025-12-16T15:44:19.701168,4,-53.275611638155716,51.72302928097558,0.0,439.0,41.0,1.0,998021.0,1.0,2048744.0,79185.0
2025-12-16T15:44:19.701142,4,-53.275611638155716,51.72302928097558,0.0,439.0,41.0,1.0,998021.0,1.0,2048744.0,79185.0
2025-12-16T15:44:20.397804,1,-53.224114325355735,51.86849384884268,0.0,423.0,34.0,1.0,663549.0,1.0,1801493.0,65914.0
2025-12-16T15:44:20.398100,1,-53.224114325355735,51.86849384884268,0.0,423.0,34.0,1.0,663549.0,1.0,1801493.0,65914.0
2025-12-16T15:44:20.499371,2,-53.2170194790479,51.89133205990446,0.0,422.0,34.0,1.0,882042.0,1.0,1673926.0,67860.0
2025-12-16T15:44:20.499252,2,-53.2170194790479,51.89133205990446,0.0,422.0,34.0,1.0,882042.0,1.0,1673926.0,67860.0
2025-12-16T15:44:20.598083,4,-53.20885233946,51.914025690025284,0.0,428.0,36.0,1.0,1018840.0,1.0,2013684.0,80074.0
2025-12-16T15:44:20.598179,4,-53.20885233946,51.914025690025284,0.0,428.0,36.0,1.0,1018840.0,1.0,2013684.0,80074.0
2025-12-16T15:44:21.398544,1,-53.14982421851127,52.083006948218056,0.0,414.0,30.0,1.0,644077.0,1.0,1783294.0,66496.0
2025-12-16T15:44:21.398742,1,-53.14982421851127,52.083006948218056,0.0,414.0,30.0,1.0,644077.0,1.0,1783294.0,66496.0
2025-12-16T15:44:21.497471,2,-53.142426371487666,52.10364647013261,0.0,421.0,33.0,1.0,908400.0,1.0,1703647.0,67929.0
2025-12-16T15:44:21.497471,2,-53.142426371487666,52.10364647013261,0.0,421.0,33.0,1.0,908400.0,1.0,1703647.0,67929.0
2025-12-16T15:44:21.597737,3,-53.13553578280769,52.12553347348752,0.0,419.0,32.0,1.0,664897.0,1.0,1407598.0,61829.0
2025-12-16T15:44:21.597737,3,-53.13553578280769,52.12553347348752,0.0,419.0,32.0,1.0,664897.0,1.0,1407598.0,61829.0
2025-12-16T15:44:21.700606,4,-53.12789404768126,52.14594240801259,0.0,422.0,34.0,1.0,1001065.0,1.0,2042513.0,80482.0
2025-12-16T15:44:21.701061,4,-53.12789404768126,52.14594240801259,0.0,422.0,34.0,1.0,1001065.0,1.0,2042513.0,80482.0
2025-12-16T15:44:22.397555,1,-53.073698433731664,52.29370046796897,0.0,431.0,38.0,1.0,650210.0,1.0,1770664.0,65403.0
2025-12-16T15:44:22.397555,1,-53.073698433731664,52.29370046796897,0.0,431.0,38.0,1.0,650210.0,1.0,1770664.0,65403.0
2025-12-16T15:44:22.496571,2,-53.06584434569574,52.315119647679545,0.0,420.0,32.0,1.0,883835.0,1.0,1663759.0,68044.0
2025-12-16T15:44:22.496754,2,-53.06584434569574,52.315119647679545,0.0,420.0,32.0,1.0,883835.0,1.0,1663759.0,68044.0
2025-12-16T15:44:22.596598,3,-53.05757257520892,52.33577223550989,0.0,409.0,28.0,1.0,676703.0,1.0,1403792.0,62397.0
2025-12-16T15:44:22.596598,3,-53.05757257520892,52.33577223550989,0.0,409.0,28.0,1.0,676703.0,1.0,1403792.0,62397.0
2025-12-16T15:44:22.699502,4,-53.04913371550421,52.356721163367524,0.0,429.0,37.0,1.0,1007524.0,1.0,2045972.0,79966.0
2025-12-16T15:44:22.699502,4,-53.04913371550421,52.356721163367524,0.0,429.0,37.0,1.0,1007524.0,1.0,2045972.0,79966.0
2025-12-16T15:44:23.398556,1,-52.99911746671263,52.50493610156215,0.0,417.0,31.0,1.0,642336.0,1.0,1802102.0,66339.0
2025-12-16T15:44:23.398556,1,-52.99911746671263,52.50493610156215,0.0,417.0,31.0,1.0,642336.0,1.0,1802102.0,66339.0
2025-12-16T15:44:23.498028,2,-52.9921461425177,52.525078590822375,0.0,412.0,29.0,1.0,881743.0,1.0,1684155.0,68553.0
2025-12-16T15:44:23.498028,2,-52.9921461425177,52.525078590822375,0.0,412.0,29.0,1.0,881743.0,1.0,1684155.0,68553.0
2025-12-16T15:44:23.598116,3,-52.98520278184944,52.54566513873712,0.0,416.0,31.0,1.0,649330.0,1.0,1406646.0,61997.0
2025-12-16T15:44:23.599444,3,-52.98520278184944,52.54566513873712,0.0,416.0,31.0,1.0,649330.0,1.0,1406646.0,61997.0
2025-12-16T15:44:23.697461,4,-52.97746488268544,52.56758037553316,0.0,417.0,31.0,1.0,1009913.0,1.0,2005522.0,80864.0
2025-12-16T15:44:23.697393,4,-52.97746488268544,52.56758037553316,0.0,417.0,31.0,1.0,1009913.0,1.0,2005522.0,80864.0
2025-12-16T15:44:24.396438,1,-52.92665524218383,52.710921260372906,0.0,427.0,36.0,1.0,646479.0,1.0,1788734.0,65691.0
2025-12-16T15:44:24.396558,1,-52.92665524218383,52.710921260372906,0.0,427.0,36.0,1.0,646479.0,1.0,1788734.0,65691.0
2025-12-16T15:44:24.497559,2,-52.91729308223019,52.73275943598564,0.0,422.0,34.0,1.0,884433.0,1.0,1689293.0,67860.0
2025-12-16T15:44:24.497716,2,-52.91729308223019,52.73275943598564,0.0,422.0,34.0,1.0,884433.0,1.0,1689293.0,67860.0
2025-12-16T15:44:24.598576,3,-52.90931402858825,52.75434853511277,0.0,420.0,32.0,1.0,666249.0,1.0,1408551.0,61767.0
2025-12-16T15:44:24.598524,3,-52.90931402858825,52.75434853511277,0.0,420.0,32.0,1.0,666249.0,1.0,1408551.0,61767.0
2025-12-16T15:44:24.696266,4,-52.90196750412828,52.777062958528425,0.0,436.0,40.0,1.0,996333.0,1.0,2057778.0,79400.0
2025-12-16T15:44:24.696266,4,-52.90196750412828,52.777062958528425,0.0,436.0,40.0,1.0,996333.0,1.0,2057778.0,79400.0
2025-12-16T15:44:25.396639,1,-52.845657731580005,52.92475159149263,0.0,416.0,31.0,1.0,636277.0,1.0,1789945.0,66384.0
2025-12-16T15:44:25.396639,1,-52.845657731580005,52.92475159149263,0.0,416.0,31.0,1.0,636277.0,1.0,1789945.0,66384.0
2025-12-16T15:44:25.496449,2,-52.838082438074835,52.94490283347177,0.0,414.0,30.0,1.0,874610.0,1.0,1672793.0,68391.0
2025-12-16T15:44:25.496449,2,-52.838082438074835,52.94490283347177,0.0,414.0,30.0,1.0,874610.0,1.0,1672793.0,68391.0
2025-12-16T15:44:25.596486,3,-52.83134494047321,52.966417570824156,0.0,415.0,30.0,1.0,668508.0,1.0,1428717.0,62039.0
2025-12-16T15:44:25.597545,3,-52.83134494047321,52.966417570824156,0.0,415.0,30.0,1.0,668508.0,1.0,1428717.0,62039.0
2025-12-16T15:44:25.698105,4,-52.82419634557736,52.988110840874576,0.0,412.0,29.0,1.0,1009230.0,1.0,2044588.0,81276.0
2025-12-16T15:44:25.698222,4,-52.82419634557736,52.988110840874576,0.0,412.0,29.0,1.0,1009230.0,1.0,2044588.0,81276.0
2025-12-16T15:44:26.397153,1,-52.76800860692608,53.13358063355091,0.0,430.0,37.0,1.0,637786.0,1.0,1783897.0,65491.0
2025-12-16T15:44:26.397329,1,-52.76800860692608,53.13358063355091,0.0,430.0,37.0,1.0,637786.0,1.0,1783897.0,65491.0
2025-12-16T15:44:26.497949,2,-52.75971686733951,53.154664795484194,0.0,425.0,35.0,1.0,912405.0,1.0,1689293.0,67700.0
2025-12-16T15:44:26.497949,2,-52.75971686733951,53.154664795484194,0.0,425.0,35.0,1.0,912405.0,1.0,1689293.0,67700.0
2025-12-16T15:44:26.597488,3,-52.75217281457355,53.17481483281668,0.0,419.0,32.0,1.0,675787.0,1.0,1434046.0,61829.0
2025-12-16T15:44:26.597671,3,-52.75217281457355,53.17481483281668,0.0,419.0,32.0,1.0,675787.0,1.0,1434046.0,61829.0
2025-12-16T15:44:27.400348,1,-52.71621585536388,53.27944781830988,0.0,422.0,33.0,1.0,656623.0,1.0,1758124.0,66003.0
2025-12-16T15:44:27.400532,1,-52.71621585536388,53.27944781830988,0.0,422.0,33.0,1.0,656623.0,1.0,1758124.0,66003.0
2025-12-16T15:44:27.497911,2,-52.71621585536388,53.27944781830988,0.0,411.0,29.0,1.0,870181.0,1.0,1658699.0,68623.0
2025-12-16T15:44:27.498055,2,-52.71621585536388,53.27944781830988,0.0,411.0,29.0,1.0,870181.0,1.0,1658699.0,68623.0
2025-12-16T15:44:27.598464,3,-52.71621585536388,53.27944781830988,0.0,425.0,35.0,1.0,669867.0,1.0,1407122.0,61433.0
2025-12-16T15:44:27.598658,3,-52.71621585536388,53.27944781830988,0.0,425.0,35.0,1.0,669867.0,1.0,1407122.0,61433.0
2025-12-16T15:44:27.698612,4,-52.71621585536388,53.27944781830988,0.0,432.0,38.0,1.0,995996.0,1.0,2039059.0,79750.0
2025-12-16T15:44:27.698612,4,-52.71621585536388,53.27944781830988,0.0,432.0,38.0,1.0,995996.0,1.0,2039059.0,79750.0
2025-12-16T15:44:28.398331,1,-52.71621585536388,53.27944781830988,0.0,416.0,31.0,1.0,644731.0,1.0,1793584.0,66384.0
2025-12-16T15:44:28.398497,1,-52.71621585536388,53.27944781830988,0.0,416.0,31.0,1.0,644731.0,1.0,1793584.0,66384.0
2025-12-16T15:44:28.498400,2,-52.71621585536388,53.27944781830988,0.0,408.0,27.0,1.0,876388.0,1.0,1664886.0,68809.0
2025-12-16T15:44:28.498408,2,-52.71621585536388,53.27944781830988,0.0,408.0,27.0,1.0,876388.0,1.0,1664886.0,68809.0
2025-12-16T15:44:28.601587,3,-52.71621585536388,53.27944781830988,0.0,424.0,34.0,1.0,652414.0,1.0,1416200.0,61495.0
2025-12-16T15:44:28.602004,3,-52.71621585536388,53.27944781830988,0.0,424.0,34.0,1.0,652414.0,1.0,1416200.0,61495.0
2025-12-16T15:44:28.699032,4,-52.71621585536388,53.27944781830988,0.0,415.0,30.0,1.0,1009230.0,1.0,2049437.0,81029.0
2025-12-16T15:44:28.699209,4,-52.71621585536388,53.27944781830988,0.0,415.0,30.0,1.0,1009230.0,1.0,2049437.0,81029.0
2025-12-16T15:44:29.399389,1,-52.71621585536388,53.27944781830988,0.0,416.0,31.0,1.0,646698.0,1.0,1777268.0,66384.0
2025-12-16T15:44:29.399505,1,-52.71621585536388,53.27944781830988,0.0,416.0,31.0,1.0,646698.0,1.0,1777268.0,66384.0
2025-12-16T15:44:29.498504,2,-52.71621585536388,53.27944781830988,0.0,420.0,32.0,1.0,890742.0,1.0,1679033.0,68044.0
2025-12-16T15:44:29.498658,2,-52.71621585536388,53.27944781830988,0.0,420.0,32.0,1.0,890742.0,1.0,1679033.0,68044.0
2025-12-16T15:44:29.600274,3,-52.71621585536388,53.27944781830988,0.0,428.0,36.0,1.0,666926.0,1.0,1399996.0,61288.0
2025-12-16T15:44:29.600603,3,-52.71621585536388,53.27944781830988,0.0,428.0,36.0,1.0,666926.0,1.0,1399996.0,61288.0
2025-12-16T15:44:29.699411,4,-52.71621585536388,53.27944781830988,0.0,422.0,33.0,1.0,1004799.0,1.0,2006201.0,80536.0
2025-12-16T15:44:29.701052,4,-52.71621585536388,53.27944781830988,0.0,422.0,33.0,1.0,1004799.0,1.0,2006201.0,80536.0
2025-12-16T15:44:30.397010,2,-52.71621585536388,53.27944781830988,0.0,422.0,33.0,1.0,877872.0,1.0,1677329.0,67906.0
2025-12-16T15:44:30.396953,2,-52.71621585536388,53.27944781830988,0.0,422.0,33.0,1.0,877872.0,1.0,1677329.0,67906.0
2025-12-16T15:44:30.497317,3,-52.71621585536388,53.27944781830988,0.0,409.0,28.0,1.0,668508.0,1.0,1418598.0,62418.0
2025-12-16T15:44:30.497317,3,-52.71621585536388,53.27944781830988,0.0,409.0,28.0,1.0,668508.0,1.0,1418598.0,62418.0
2025-12-16T15:44:30.596616,4,-52.71621585536388,53.27944781830988,0.0,432.0,38.0,1.0,999373.0,1.0,2052214.0,79723.0
2025-12-16T15:44:30.596795,4,-52.71621585536388,53.27944781830988,0.0,432.0,38.0,1.0,999373.0,1.0,2052214.0,79723.0
2025-12-16T15:44:31.399183,1,-52.71621585536388,53.27944781830988,0.0,413.0,30.0,1.0,649990.0,1.0,1791157.0,66541.0
2025-12-16T15:44:31.399310,1,-52.71621585536388,53.27944781830988,0.0,413.0,30.0,1.0,649990.0,1.0,1791157.0,66541.0
2025-12-16T15:44:31.498579,2,-52.71621585536388,53.27944781830988,0.0,413.0,30.0,1.0,908400.0,1.0,1673926.0,68460.0
2025-12-16T15:44:31.498839,2,-52.71621585536388,53.27944781830988,0.0,413.0,30.0,1.0,908400.0,1.0,1673926.0,68460.0
2025-12-16T15:44:31.597960,3,-52.71621585536388,53.27944781830988,0.0,414.0,30.0,1.0,678078.0,1.0,1411892.0,62102.0
2025-12-16T15:44:31.597981,3,-52.71621585536388,53.27944781830988,0.0,414.0,30.0,1.0,678078.0,1.0,1411892.0,62102.0
2025-12-16T15:44:31.699553,4,-52.71621585536388,53.27944781830988,0.0,435.0,39.0,1.0,1016773.0,1.0,2034923.0,79507.0
2025-12-16T15:44:31.699710,4,-52.71621585536388,53.27944781830988,0.0,435.0,39.0,1.0,1016773.0,1.0,2034923.0,79507.0
2025-12-16T15:44:32.399126,1,-52.71621585536388,53.27944781830988,0.0,428.0,36.0,1.0,649550.0,1.0,1782690.0,65624.0
2025-12-16T15:44:32.399117,1,-52.71621585536388,53.27944781830988,0.0,428.0,36.0,1.0,649550.0,1.0,1782690.0,65624.0
2025-12-16T15:44:32.499464,2,-52.71621585536388,53.27944781830988,0.0,422.0,33.0,1.0,878169.0,1.0,1664322.0,67906.0
2025-12-16T15:44:32.499497,2,-52.71621585536388,53.27944781830988,0.0,422.0,33.0,1.0,878169.0,1.0,1664322.0,67906.0
2025-12-16T15:44:32.598514,3,-52.71621585536388,53.27944781830988,0.0,415.0,30.0,1.0,662427.0,1.0,1416200.0,62039.0
2025-12-16T15:44:32.598515,3,-52.71621585536388,53.27944781830988,0.0,415.0,30.0,1.0,662427.0,1.0,1416200.0,62039.0
2025-12-16T15:44:32.699264,4,-52.71621585536388,53.27944781830988,0.0,423.0,34.0,1.0,999711.0,1.0,2048744.0,80427.0
2025-12-16T15:44:32.699398,4,-52.71621585536388,53.27944781830988,0.0,423.0,34.0,1.0,999711.0,1.0,2048744.0,80427.0
2025-12-16T15:44:33.399556,1,-52.71621585536388,53.27944781830988,0.0,417.0,31.0,1.0,657513.0,1.0,1792977.0,66294.0
2025-12-16T15:44:33.400418,1,-52.71621585536388,53.27944781830988,0.0,417.0,31.0,1.0,657513.0,1.0,1792977.0,66294.0
2025-12-16T15:44:33.497500,2,-52.71621585536388,53.27944781830988,0.0,419.0,32.0,1.0,876388.0,1.0,1669400.0,68067.0
2025-12-16T15:44:33.497636,2,-52.71621585536388,53.27944781830988,0.0,419.0,32.0,1.0,876388.0,1.0,1669400.0,68067.0
2025-12-16T15:44:33.597319,3,-52.71621585536388,53.27944781830988,0.0,404.0,25.0,1.0,680147.0,1.0,1426301.0,62715.0
2025-12-16T15:44:33.599873,3,-52.71621585536388,53.27944781830988,0.0,404.0,25.0,1.0,680147.0,1.0,1426301.0,62715.0
2025-12-16T15:44:33.696349,4,-52.71621585536388,53.27944781830988,0.0,400.0,24.0,1.0,993639.0,1.0,2056386.0,82244.0
2025-12-16T15:44:33.696350,4,-52.71621585536388,53.27944781830988,0.0,400.0,24.0,1.0,993639.0,1.0,2056386.0,82244.0
2025-12-16T15:44:34.396074,1,-52.71621585536388,53.27944781830988,0.0,418.0,32.0,1.0,651532.0,1.0,1797230.0,66249.0
2025-12-16T15:44:34.396028,1,-52.71621585536388,53.27944781830988,0.0,418.0,32.0,1.0,651532.0,1.0,1797230.0,66249.0
2025-12-16T15:44:34.495885,2,-52.71621585536388,53.27944781830988,0.0,418.0,32.0,1.0,888333.0,1.0,1695594.0,68137.0
2025-12-16T15:44:34.495966,2,-52.71621585536388,53.27944781830988,0.0,418.0,32.0,1.0,888333.0,1.0,1695594.0,68137.0
2025-12-16T15:44:34.596156,3,-52.71621585536388,53.27944781830988,0.0,421.0,33.0,1.0,667152.0,1.0,1410460.0,61683.0
2025-12-16T15:44:34.598677,3,-52.71621585536388,53.27944781830988,0.0,421.0,33.0,1.0,667152.0,1.0,1410460.0,61683.0
2025-12-16T15:44:34.696080,4,-52.71621585536388,53.27944781830988,0.0,400.0,23.0,1.0,1007524.0,1.0,2010279.0,82300.0
2025-12-16T15:44:34.696091,4,-52.71621585536388,53.27944781830988,0.0,400.0,23.0,1.0,1007524.0,1.0,2010279.0,82300.0
2025-12-16T15:44:35.396174,1,-52.71621585536388,53.27944781830988,0.0,432.0,38.0,1.0,642336.0,1.0,1770664.0,65358.0
2025-12-16T15:44:35.396295,1,-52.71621585536388,53.27944781830988,0.0,432.0,38.0,1.0,642336.0,1.0,1770664.0,65358.0
2025-12-16T15:44:35.495970,2,-52.71621585536388,53.27944781830988,0.0,419.0,32.0,1.0,890440.0,1.0,1675626.0,68067.0
2025-12-16T15:44:35.498291,2,-52.71621585536388,53.27944781830988,0.0,419.0,32.0,1.0,890440.0,1.0,1675626.0,68067.0
2025-12-16T15:44:35.596394,3,-52.71621585536388,53.27944781830988,0.0,409.0,27.0,1.0,675102.0,1.0,1407122.0,62439.0
2025-12-16T15:44:35.596394,3,-52.71621585536388,53.27944781830988,0.0,409.0,27.0,1.0,675102.0,1.0,1407122.0,62439.0
2025-12-16T15:44:35.696069,4,-52.71621585536388,53.27944781830988,0.0,427.0,36.0,1.0,988942.0,1.0,2054994.0,80102.0
2025-12-16T15:44:35.696395,4,-52.71621585536388,53.27944781830988,0.0,427.0,36.0,1.0,988942.0,1.0,2054994.0,80102.0
2025-12-16T15:44:36.396155,1,-52.71621585536388,53.27944781830988,0.0,411.0,29.0,1.0,642988.0,1.0,1785105.0,66677.0
2025-12-16T15:44:36.396095,1,-52.71621585536388,53.27944781830988,0.0,411.0,29.0,1.0,642988.0,1.0,1785105.0,66677.0
2025-12-16T15:44:36.496312,2,-52.71621585536388,53.27944781830988,0.0,449.0,46.0,1.0,921405.0,1.0,1718705.0,66115.0
2025-12-16T15:44:36.496471,2,-52.71621585536388,53.27944781830988,0.0,449.0,46.0,1.0,921405.0,1.0,1718705.0,66115.0
2025-12-16T15:44:36.596011,3,-52.71621585536388,53.27944781830988,0.0,423.0,34.0,1.0,671228.0,1.0,1387731.0,61558.0
2025-12-16T15:44:36.596066,3,-52.71621585536388,53.27944781830988,0.0,423.0,34.0,1.0,671228.0,1.0,1387731.0,61558.0
2025-12-16T15:44:36.695811,4,-52.71621585536388,53.27944781830988,0.0,423.0,34.0,1.0,999373.0,1.0,2046665.0,80400.0
2025-12-16T15:44:36.695979,4,-52.71621585536388,53.27944781830988,0.0,423.0,34.0,1.0,999373.0,1.0,2046665.0,80400.0
2025-12-16T15:44:37.397343,1,-52.71621585536388,53.27944781830988,0.0,407.0,27.0,1.0,635631.0,1.0,1777870.0,66948.0
2025-12-16T15:44:37.401163,1,-52.71621585536388,53.27944781830988,0.0,407.0,27.0,1.0,635631.0,1.0,1777870.0,66948.0
2025-12-16T15:44:37.501148,2,-52.71621585536388,53.27944781830988,0.0,416.0,31.0,1.0,867828.0,1.0,1677896.0,68298.0
2025-12-16T15:44:37.501275,2,-52.71621585536388,53.27944781830988,0.0,416.0,31.0,1.0,867828.0,1.0,1677896.0,68298.0
2025-12-16T15:44:37.595871,3,-52.71621585536388,53.27944781830988,0.0,419.0,32.0,1.0,675102.0,1.0,1398102.0,61808.0
2025-12-16T15:44:37.595832,3,-52.71621585536388,53.27944781830988,0.0,419.0,32.0,1.0,675102.0,1.0,1398102.0,61808.0
2025-12-16T15:44:37.698586,4,-52.71621585536388,53.27944781830988,0.0,432.0,38.0,1.0,1018840.0,1.0,2030107.0,79750.0
2025-12-16T15:44:37.698733,4,-52.71621585536388,53.27944781830988,0.0,432.0,38.0,1.0,1018840.0,1.0,2030107.0,79750.0
2025-12-16T15:44:38.398552,1,-52.677177545303046,53.398428433938065,0.0,412.0,29.0,1.0,661307.0,1.0,1745081.0,66654.0
2025-12-16T15:44:38.398519,1,-52.677177545303046,53.398428433938065,0.0,412.0,29.0,1.0,661307.0,1.0,1745081.0,66654.0
2025-12-16T15:44:38.500057,3,-52.667695000891236,53.418448336416084,0.0,407.0,27.0,1.0,655957.0,1.0,1395266.0,62545.0
2025-12-16T15:44:38.500185,3,-52.667695000891236,53.418448336416084,0.0,407.0,27.0,1.0,655957.0,1.0,1395266.0,62545.0
2025-12-16T15:44:38.598606,4,-52.660574340167365,53.43824661675457,0.0,420.0,33.0,1.0,1009230.0,1.0,2052214.0,80673.0
2025-12-16T15:44:38.598562,4,-52.660574340167365,53.43824661675457,0.0,420.0,33.0,1.0,1009230.0,1.0,2052214.0,80673.0
2025-12-16T15:44:39.399625,1,-52.5954518650355,53.61205228337237,0.0,421.0,33.0,1.0,657513.0,1.0,1803323.0,66092.0
2025-12-16T15:44:39.399625,1,-52.5954518650355,53.61205228337237,0.0,421.0,33.0,1.0,657513.0,1.0,1803323.0,66092.0
2025-12-16T15:44:39.497950,2,-52.58652403703014,53.63285649061842,0.0,425.0,35.0,1.0,888935.0,1.0,1663196.0,67700.0
2025-12-16T15:44:39.497930,2,-52.58652403703014,53.63285649061842,0.0,425.0,35.0,1.0,888935.0,1.0,1663196.0,67700.0
2025-12-16T15:44:39.599170,3,-52.57771738401685,53.654488212668404,0.0,430.0,37.0,1.0,663549.0,1.0,1385853.0,61143.0
2025-12-16T15:44:39.599170,3,-52.57771738401685,53.654488212668404,0.0,430.0,37.0,1.0,663549.0,1.0,1385853.0,61143.0
2025-12-16T15:44:39.696716,4,-52.56943262681719,53.67469253825447,0.0,427.0,36.0,1.0,1010939.0,1.0,2056386.0,80156.0
2025-12-16T15:44:39.696716,4,-52.56943262681719,53.67469253825447,0.0,427.0,36.0,1.0,1010939.0,1.0,2056386.0,80156.0
2025-12-16T15:44:40.397239,1,-52.5178873385458,53.82019819776544,0.0,419.0,32.0,1.0,653740.0,1.0,1770065.0,66204.0
2025-12-16T15:44:40.397159,1,-52.5178873385458,53.82019819776544,0.0,419.0,32.0,1.0,653740.0,1.0,1770065.0,66204.0
2025-12-16T15:44:40.497817,2,-52.510106574973406,53.84305344641175,0.0,415.0,30.0,1.0,882938.0,1.0,1672793.0,68344.0
2025-12-16T15:44:40.497817,2,-52.510106574973406,53.84305344641175,0.0,415.0,30.0,1.0,882938.0,1.0,1672793.0,68344.0
2025-12-16T15:44:40.599069,4,-52.502233846693535,53.86421347634303,0.0,429.0,37.0,1.0,995659.0,1.0,2071053.0,79966.0
2025-12-16T15:44:40.599286,4,-52.502233846693535,53.86421347634303,0.0,429.0,37.0,1.0,995659.0,1.0,2071053.0,79966.0
2025-12-16T15:44:41.397732,1,-52.46620849967038,53.962540033129564,0.0,417.0,31.0,1.0,649770.0,1.0,1782690.0,66294.0
2025-12-16T15:44:41.397908,1,-52.46620849967038,53.962540033129564,0.0,417.0,31.0,1.0,649770.0,1.0,1782690.0,66294.0
2025-12-16T15:44:41.502018,2,-52.46620849967038,53.962540033129564,0.0,414.0,30.0,1.0,876091.0,1.0,1675626.0,68391.0
2025-12-16T15:44:41.502565,2,-52.46620849967038,53.962540033129564,0.0,414.0,30.0,1.0,876091.0,1.0,1675626.0,68391.0
2025-12-16T15:44:41.597776,3,-52.46620849967038,53.962540033129564,0.0,420.0,33.0,1.0,661307.0,1.0,1414284.0,61746.0
2025-12-16T15:44:41.597951,3,-52.46620849967038,53.962540033129564,0.0,420.0,33.0,1.0,661307.0,1.0,1414284.0,61746.0
2025-12-16T15:44:41.700703,4,-52.46620849967038,53.962540033129564,0.0,423.0,34.0,1.0,1011966.0,1.0,2028734.0,80455.0
2025-12-16T15:44:41.700612,4,-52.46620849967038,53.962540033129564,0.0,423.0,34.0,1.0,1011966.0,1.0,2028734.0,80455.0
2025-12-16T15:44:42.399321,1,-52.46620849967038,53.962540033129564,0.0,400.0,24.0,1.0,638218.0,1.0,1787524.0,67403.0
2025-12-16T15:44:42.399196,1,-52.46620849967038,53.962540033129564,0.0,400.0,24.0,1.0,638218.0,1.0,1787524.0,67403.0
2025-12-16T15:44:42.498488,2,-52.46620849967038,53.962540033129564,0.0,411.0,29.0,1.0,894367.0,1.0,1688150.0,68623.0
2025-12-16T15:44:42.498488,2,-52.46620849967038,53.962540033129564,0.0,411.0,29.0,1.0,894367.0,1.0,1688150.0,68623.0
2025-12-16T15:44:42.602482,3,-52.46620849967038,53.962540033129564,0.0,419.0,32.0,1.0,659965.0,1.0,1409505.0,61808.0
2025-12-16T15:44:42.602482,3,-52.46620849967038,53.962540033129564,0.0,419.0,32.0,1.0,659965.0,1.0,1409505.0,61808.0
2025-12-16T15:44:42.698486,4,-52.46620849967038,53.962540033129564,0.0,424.0,35.0,1.0,998021.0,1.0,2006201.0,80319.0
2025-12-16T15:44:42.698486,4,-52.46620849967038,53.962540033129564,0.0,424.0,35.0,1.0,998021.0,1.0,2006201.0,80319.0
2025-12-16T15:44:43.397493,1,-52.46620849967038,53.962540033129564,0.0,434.0,39.0,1.0,656623.0,1.0,1749221.0,65270.0
2025-12-16T15:44:43.397561,1,-52.46620849967038,53.962540033129564,0.0,434.0,39.0,1.0,656623.0,1.0,1749221.0,65270.0
2025-12-16T15:44:43.497591,2,-52.46620849967038,53.962540033129564,0.0,433.0,39.0,1.0,870181.0,1.0,1673926.0,67175.0
2025-12-16T15:44:43.498127,2,-52.46620849967038,53.962540033129564,0.0,433.0,39.0,1.0,870181.0,1.0,1673926.0,67175.0
2025-12-16T15:44:43.598378,3,-52.46620849967038,53.962540033129564,0.0,432.0,38.0,1.0,668960.0,1.0,1421001.0,61060.0
2025-12-16T15:44:43.598378,3,-52.46620849967038,53.962540033129564,0.0,432.0,38.0,1.0,668960.0,1.0,1421001.0,61060.0
2025-12-16T15:44:43.696387,4,-52.46620849967038,53.962540033129564,0.0,423.0,34.0,1.0,1000049.0,1.0,2048051.0,80427.0
2025-12-16T15:44:43.696387,4,-52.46620849967038,53.962540033129564,0.0,423.0,34.0,1.0,1000049.0,1.0,2048051.0,80427.0
2025-12-16T15:44:44.400645,1,-52.46620849967038,53.962540033129564,0.0,425.0,35.0,1.0,661530.0,1.0,1797230.0,65802.0
2025-12-16T15:44:44.401704,1,-52.46620849967038,53.962540033129564,0.0,425.0,35.0,1.0,661530.0,1.0,1797230.0,65802.0
2025-12-16T15:44:44.496145,2,-52.46620849967038,53.962540033129564,0.0,420.0,33.0,1.0,889236.0,1.0,1684725.0,67998.0
2025-12-16T15:44:44.496145,2,-52.46620849967038,53.962540033129564,0.0,420.0,33.0,1.0,889236.0,1.0,1684725.0,67998.0
2025-12-16T15:44:44.599066,3,-52.46620849967038,53.962540033129564,0.0,425.0,35.0,1.0,660859.0,1.0,1399996.0,61433.0
2025-12-16T15:44:44.599016,3,-52.46620849967038,53.962540033129564,0.0,425.0,35.0,1.0,660859.0,1.0,1399996.0,61433.0
2025-12-16T15:44:44.699340,4,-52.46620849967038,53.962540033129564,0.0,435.0,39.0,1.0,1000049.0,1.0,2006201.0,79507.0
2025-12-16T15:44:44.699522,4,-52.46620849967038,53.962540033129564,0.0,435.0,39.0,1.0,1000049.0,1.0,2006201.0,79507.0
2025-12-16T15:44:45.399373,1,-52.46620849967038,53.962540033129564,0.0,414.0,30.0,1.0,642553.0,1.0,1783897.0,66541.0
2025-12-16T15:44:45.399609,1,-52.46620849967038,53.962540033129564,0.0,414.0,30.0,1.0,642553.0,1.0,1783897.0,66541.0
2025-12-16T15:44:45.501284,2,-52.46620849967038,53.962540033129564,0.0,420.0,32.0,1.0,877575.0,1.0,1695594.0,68044.0
2025-12-16T15:44:45.501917,2,-52.46620849967038,53.962540033129564,0.0,420.0,32.0,1.0,877575.0,1.0,1695594.0,68044.0
2025-12-16T15:44:45.598602,3,-52.46620849967038,53.962540033129564,0.0,424.0,34.0,1.0,667377.0,1.0,1383042.0,61516.0
2025-12-16T15:44:45.598538,3,-52.46620849967038,53.962540033129564,0.0,424.0,34.0,1.0,667377.0,1.0,1383042.0,61516.0
2025-12-16T15:44:45.701199,4,-52.46620849967038,53.962540033129564,0.0,420.0,33.0,1.0,1006842.0,1.0,2065453.0,80646.0
2025-12-16T15:44:45.703091,4,-52.46620849967038,53.962540033129564,0.0,420.0,33.0,1.0,1006842.0,1.0,2065453.0,80646.0
2025-12-16T15:44:46.398326,1,-52.46620849967038,53.962540033129564,0.0,419.0,32.0,1.0,645823.0,1.0,1783897.0,66182.0
2025-12-16T15:44:46.398326,1,-52.46620849967038,53.962540033129564,0.0,419.0,32.0,1.0,645823.0,1.0,1783897.0,66182.0
2025-12-16T15:44:46.497493,2,-52.46620849967038,53.962540033129564,0.0,419.0,32.0,1.0,870181.0,1.0,1676194.0,68067.0
2025-12-16T15:44:46.497541,2,-52.46620849967038,53.962540033129564,0.0,419.0,32.0,1.0,870181.0,1.0,1676194.0,68067.0
2025-12-16T15:44:46.597400,3,-52.46620849967038,53.962540033129564,0.0,419.0,32.0,1.0,664672.0,1.0,1430652.0,61808.0
2025-12-16T15:44:46.597399,3,-52.46620849967038,53.962540033129564,0.0,419.0,32.0,1.0,664672.0,1.0,1430652.0,61808.0
2025-12-16T15:44:46.700596,4,-52.46620849967038,53.962540033129564,0.0,415.0,30.0,1.0,1006501.0,1.0,2058475.0,81083.0
2025-12-16T15:44:46.701369,4,-52.46620849967038,53.962540033129564,0.0,415.0,30.0,1.0,1006501.0,1.0,2058475.0,81083.0
2025-12-16T15:44:47.401507,1,-52.46620849967038,53.962540033129564,0.0,428.0,36.0,1.0,642336.0,1.0,1748037.0,65646.0
2025-12-16T15:44:47.401622,1,-52.46620849967038,53.962540033129564,0.0,428.0,36.0,1.0,642336.0,1.0,1748037.0,65646.0
2025-12-16T15:44:47.501225,2,-52.46620849967038,53.962540033129564,0.0,400.0,24.0,1.0,882042.0,1.0,1684725.0,69346.0
2025-12-16T15:44:47.501095,2,-52.46620849967038,53.962540033129564,0.0,400.0,24.0,1.0,882042.0,1.0,1684725.0,69346.0
2025-12-16T15:44:47.597944,3,-52.46620849967038,53.962540033129564,0.0,427.0,36.0,1.0,670093.0,1.0,1401893.0,61308.0
2025-12-16T15:44:47.598126,3,-52.46620849967038,53.962540033129564,0.0,427.0,36.0,1.0,670093.0,1.0,1401893.0,61308.0
2025-12-16T15:44:47.699312,4,-52.46620849967038,53.962540033129564,0.0,427.0,36.0,1.0,1000388.0,1.0,1998070.0,80102.0
2025-12-16T15:44:47.699469,4,-52.46620849967038,53.962540033129564,0.0,427.0,36.0,1.0,1000388.0,1.0,1998070.0,80102.0
2025-12-16T15:44:48.397684,1,-52.46620849967038,53.962540033129564,0.0,432.0,38.0,1.0,654404.0,1.0,1767072.0,65380.0
2025-12-16T15:44:48.397828,1,-52.46620849967038,53.962540033129564,0.0,432.0,38.0,1.0,654404.0,1.0,1767072.0,65380.0
2025-12-16T15:44:48.500373,2,-52.46620849967038,53.962540033129564,0.0,427.0,36.0,1.0,879657.0,1.0,1672227.0,67562.0
2025-12-16T15:44:48.500260,2,-52.46620849967038,53.962540033129564,0.0,427.0,36.0,1.0,879657.0,1.0,1672227.0,67562.0
2025-12-16T15:44:48.598315,3,-52.46620849967038,53.962540033129564,0.0,423.0,34.0,1.0,669867.0,1.0,1417638.0,61600.0
2025-12-16T15:44:48.601421,3,-52.46620849967038,53.962540033129564,0.0,423.0,34.0,1.0,669867.0,1.0,1417638.0,61600.0
2025-12-16T15:44:48.696607,4,-52.46620849967038,53.962540033129564,0.0,430.0,37.0,1.0,1014367.0,1.0,2083004.0,79858.0
2025-12-16T15:44:48.696607,4,-52.46620849967038,53.962540033129564,0.0,430.0,37.0,1.0,1014367.0,1.0,2083004.0,79858.0
2025-12-16T15:44:49.400154,2,-52.46620849967038,53.962540033129564,0.0,420.0,32.0,1.0,882340.0,1.0,1669965.0,68044.0
2025-12-16T15:44:49.400299,2,-52.46620849967038,53.962540033129564,0.0,420.0,32.0,1.0,882340.0,1.0,1669965.0,68044.0
2025-12-16T15:44:49.498420,3,-52.46620849967038,53.962540033129564,0.0,418.0,32.0,1.0,651311.0,1.0,1416200.0,61892.0
2025-12-16T15:44:49.498562,3,-52.46620849967038,53.962540033129564,0.0,418.0,32.0,1.0,651311.0,1.0,1416200.0,61892.0
2025-12-16T15:44:49.601515,4,-52.46620849967038,53.962540033129564,0.0,421.0,33.0,1.0,991623.0,1.0,2047358.0,80591.0
2025-12-16T15:44:49.601858,4,-52.46620849967038,53.962540033129564,0.0,421.0,33.0,1.0,991623.0,1.0,2047358.0,80591.0
2025-12-16T15:44:50.398867,1,-52.46620849967038,53.962540033129564,0.0,421.0,33.0,1.0,643206.0,1.0,1785710.0,66070.0
2025-12-16T15:44:50.398867,1,-52.46620849967038,53.962540033129564,0.0,421.0,33.0,1.0,643206.0,1.0,1785710.0,66070.0
2025-12-16T15:44:50.497928,2,-52.46620849967038,53.962540033129564,0.0,423.0,34.0,1.0,894064.0,1.0,1672793.0,67837.0
2025-12-16T15:44:50.497910,2,-52.46620849967038,53.962540033129564,0.0,423.0,34.0,1.0,894064.0,1.0,1672793.0,67837.0
2025-12-16T15:44:50.598883,3,-52.46620849967038,53.962540033129564,0.0,424.0,35.0,1.0,675102.0,1.0,1391493.0,61495.0
2025-12-16T15:44:50.598883,3,-52.46620849967038,53.962540033129564,0.0,424.0,35.0,1.0,675102.0,1.0,1391493.0,61495.0
2025-12-16T15:44:50.698592,4,-52.46620849967038,53.962540033129564,0.0,437.0,40.0,1.0,1016773.0,1.0,2059868.0,79373.0
2025-12-16T15:44:50.698654,4,-52.46620849967038,53.962540033129564,0.0,437.0,40.0,1.0,1016773.0,1.0,2059868.0,79373.0
2025-12-16T15:44:51.402189,1,-52.46620849967038,53.962540033129564,0.0,426.0,35.0,1.0,642553.0,1.0,1789945.0,65780.0
2025-12-16T15:44:51.402375,1,-52.46620849967038,53.962540033129564,0.0,426.0,35.0,1.0,642553.0,1.0,1789945.0,65780.0
2025-12-16T15:44:51.502766,2,-52.46620849967038,53.962540033129564,0.0,408.0,27.0,1.0,874610.0,1.0,1677896.0,68809.0
2025-12-16T15:44:51.503626,2,-52.46620849967038,53.962540033129564,0.0,408.0,27.0,1.0,874610.0,1.0,1677896.0,68809.0
2025-12-16T15:44:51.598495,3,-52.46620849967038,53.962540033129564,0.0,430.0,37.0,1.0,664223.0,1.0,1422444.0,61184.0
2025-12-16T15:44:51.598636,3,-52.46620849967038,53.962540033129564,0.0,430.0,37.0,1.0,664223.0,1.0,1422444.0,61184.0
2025-12-16T15:44:51.701562,4,-52.46620849967038,53.962540033129564,0.0,426.0,35.0,1.0,1018150.0,1.0,2023933.0,80183.0
2025-12-16T15:44:51.702099,4,-52.46620849967038,53.962540033129564,0.0,426.0,35.0,1.0,1018150.0,1.0,2023933.0,80183.0
2025-12-16T15:44:52.398461,1,-52.46620849967038,53.962540033129564,0.0,417.0,31.0,1.0,658849.0,1.0,1783294.0,66339.0
2025-12-16T15:44:52.398461,1,-52.46620849967038,53.962540033129564,0.0,417.0,31.0,1.0,658849.0,1.0,1783294.0,66339.0
2025-12-16T15:44:52.499162,2,-52.46620849967038,53.962540033129564,0.0,419.0,32.0,1.0,910246.0,1.0,1688721.0,68067.0
2025-12-16T15:44:52.499316,2,-52.46620849967038,53.962540033129564,0.0,419.0,32.0,1.0,910246.0,1.0,1688721.0,68067.0
2025-12-16T15:44:52.597888,3,-52.46620849967038,53.962540033129564,0.0,405.0,26.0,1.0,672365.0,1.0,1423408.0,62672.0
2025-12-16T15:44:52.598110,3,-52.46620849967038,53.962540033129564,0.0,405.0,26.0,1.0,672365.0,1.0,1423408.0,62672.0
2025-12-16T15:44:52.699393,4,-52.46620849967038,53.962540033129564,0.0,426.0,35.0,1.0,997008.0,1.0,2012321.0,80183.0
2025-12-16T15:44:52.699258,4,-52.46620849967038,53.962540033129564,0.0,426.0,35.0,1.0,997008.0,1.0,2012321.0,80183.0
2025-12-16T15:44:53.395944,1,-52.46620849967038,53.962540033129564,0.0,415.0,30.0,1.0,638434.0,1.0,1794191.0,66474.0
2025-12-16T15:44:53.395944,1,-52.46620849967038,53.962540033129564,0.0,415.0,30.0,1.0,638434.0,1.0,1794191.0,66474.0
2025-12-16T15:44:53.495986,2,-52.46620849967038,53.962540033129564,0.0,434.0,39.0,1.0,883536.0,1.0,1655894.0,67084.0
2025-12-16T15:44:53.498352,2,-52.46620849967038,53.962540033129564,0.0,434.0,39.0,1.0,883536.0,1.0,1655894.0,67084.0
2025-12-16T15:44:53.596273,3,-52.46620849967038,53.962540033129564,0.0,417.0,31.0,1.0,677161.0,1.0,1420039.0,61955.0
2025-12-16T15:44:53.598651,3,-52.46620849967038,53.962540033129564,0.0,417.0,31.0,1.0,677161.0,1.0,1420039.0,61955.0
2025-12-16T15:44:53.696218,4,-52.46620849967038,53.962540033129564,0.0,423.0,34.0,1.0,1006160.0,1.0,2052214.0,80427.0
2025-12-16T15:44:53.698682,4,-52.46620849967038,53.962540033129564,0.0,423.0,34.0,1.0,1006160.0,1.0,2052214.0,80427.0
2025-12-16T15:44:54.395870,1,-52.46620849967038,53.962540033129564,0.0,411.0,28.0,1.0,656845.0,1.0,1773663.0,66744.0
2025-12-16T15:44:54.396169,1,-52.46620849967038,53.962540033129564,0.0,411.0,28.0,1.0,656845.0,1.0,1773663.0,66744.0
2025-12-16T15:44:54.495741,2,-52.46620849967038,53.962540033129564,0.0,420.0,33.0,1.0,879359.0,1.0,1686436.0,68044.0
2025-12-16T15:44:54.495741,2,-52.46620849967038,53.962540033129564,0.0,420.0,33.0,1.0,879359.0,1.0,1686436.0,68044.0
2025-12-16T15:44:54.595868,3,-52.46620849967038,53.962540033129564,0.0,421.0,33.0,1.0,675102.0,1.0,1414284.0,61683.0
2025-12-16T15:44:54.598163,3,-52.46620849967038,53.962540033129564,0.0,421.0,33.0,1.0,675102.0,1.0,1414284.0,61683.0
2025-12-16T15:44:54.695849,4,-52.46620849967038,53.962540033129564,0.0,419.0,32.0,1.0,1000388.0,1.0,2015048.0,80727.0
2025-12-16T15:44:54.695925,4,-52.46620849967038,53.962540033129564,0.0,419.0,32.0,1.0,1000388.0,1.0,2015048.0,80727.0
2025-12-16T15:44:55.396254,1,-52.46620849967038,53.962540033129564,0.0,413.0,29.0,1.0,659518.0,1.0,1800883.0,66609.0
2025-12-16T15:44:55.396311,1,-52.46620849967038,53.962540033129564,0.0,413.0,29.0,1.0,659518.0,1.0,1800883.0,66609.0
2025-12-16T15:44:55.496072,2,-52.46620849967038,53.962540033129564,0.0,414.0,30.0,1.0,887732.0,1.0,1691009.0,68460.0
2025-12-16T15:44:55.496219,2,-52.46620849967038,53.962540033129564,0.0,414.0,30.0,1.0,887732.0,1.0,1691009.0,68460.0
2025-12-16T15:44:55.596337,3,-52.46620849967038,53.962540033129564,0.0,426.0,35.0,1.0,667377.0,1.0,1401893.0,61391.0
2025-12-16T15:44:55.596337,3,-52.46620849967038,53.962540033129564,0.0,426.0,35.0,1.0,667377.0,1.0,1401893.0,61391.0
2025-12-16T15:44:55.696071,4,-52.46620849967038,53.962540033129564,0.0,418.0,32.0,1.0,1021948.0,1.0,2052909.0,80809.0
2025-12-16T15:44:55.696071,4,-52.46620849967038,53.962540033129564,0.0,418.0,32.0,1.0,1021948.0,1.0,2052909.0,80809.0
2025-12-16T15:44:56.396437,1,-52.46620849967038,53.962540033129564,0.0,407.0,27.0,1.0,656623.0,1.0,1776667.0,66993.0
2025-12-16T15:44:56.398684,1,-52.46620849967038,53.962540033129564,0.0,407.0,27.0,1.0,656623.0,1.0,1776667.0,66993.0
2025-12-16T15:44:56.499301,2,-52.46620849967038,53.962540033129564,0.0,411.0,29.0,1.0,882042.0,1.0,1677329.0,68623.0
2025-12-16T15:44:56.498498,2,-52.46620849967038,53.962540033129564,0.0,411.0,29.0,1.0,882042.0,1.0,1677329.0,68623.0
2025-12-16T15:44:56.597574,3,-52.46620849967038,53.962540033129564,0.0,407.0,27.0,1.0,665123.0,1.0,1430652.0,62566.0
2025-12-16T15:44:56.597573,3,-52.46620849967038,53.962540033129564,0.0,407.0,27.0,1.0,665123.0,1.0,1430652.0,62566.0
2025-12-16T15:44:56.701626,4,-52.46620849967038,53.962540033129564,0.0,425.0,35.0,1.0,1006501.0,1.0,2045972.0,80319.0
2025-12-16T15:44:56.702649,4,-52.46620849967038,53.962540033129564,0.0,425.0,35.0,1.0,1006501.0,1.0,2045972.0,80319.0
2025-12-16T15:44:57.401190,1,-52.46620849967038,53.962540033129564,0.0,417.0,31.0,1.0,643859.0,1.0,1780881.0,66339.0
2025-12-16T15:44:57.401190,1,-52.46620849967038,53.962540033129564,0.0,417.0,31.0,1.0,643859.0,1.0,1780881.0,66339.0
2025-12-16T15:44:57.501225,2,-52.46620849967038,53.962540033129564,0.0,428.0,36.0,1.0,878169.0,1.0,1686436.0,67494.0
2025-12-16T15:44:57.501574,2,-52.46620849967038,53.962540033129564,0.0,428.0,36.0,1.0,878169.0,1.0,1686436.0,67494.0
2025-12-16T15:44:57.602444,3,-52.46620849967038,53.962540033129564,0.0,424.0,34.0,1.0,665573.0,1.0,1414284.0,61516.0
2025-12-16T15:44:57.603025,3,-52.46620849967038,53.962540033129564,0.0,424.0,34.0,1.0,665573.0,1.0,1414284.0,61516.0
2025-12-16T15:44:58.398810,1,-52.46620849967038,53.962540033129564,0.0,426.0,35.0,1.0,644731.0,1.0,1785105.0,65780.0
2025-12-16T15:44:58.398810,1,-52.46620849967038,53.962540033129564,0.0,426.0,35.0,1.0,644731.0,1.0,1785105.0,65780.0
2025-12-16T15:44:58.497632,2,-52.46620849967038,53.962540033129564,0.0,424.0,35.0,1.0,873131.0,1.0,1669400.0,67746.0
2025-12-16T15:44:58.497633,2,-52.46620849967038,53.962540033129564,0.0,424.0,35.0,1.0,873131.0,1.0,1669400.0,67746.0
2025-12-16T15:44:58.599514,3,-52.46620849967038,53.962540033129564,0.0,425.0,35.0,1.0,678767.0,1.0,1405218.0,61433.0
2025-12-16T15:44:58.599865,3,-52.46620849967038,53.962540033129564,0.0,425.0,35.0,1.0,678767.0,1.0,1405218.0,61433.0
2025-12-16T15:44:58.702076,4,-52.46620849967038,53.962540033129564,0.0,425.0,35.0,1.0,984934.0,1.0,2044588.0,80292.0
2025-12-16T15:44:58.702918,4,-52.46620849967038,53.962540033129564,0.0,425.0,35.0,1.0,984934.0,1.0,2044588.0,80292.0
2025-12-16T15:44:59.399120,1,-52.46620849967038,53.962540033129564,0.0,448.0,45.0,1.0,648013.0,1.0,1777870.0,64392.0
2025-12-16T15:44:59.399365,1,-52.46620849967038,53.962540033129564,0.0,448.0,45.0,1.0,648013.0,1.0,1777870.0,64392.0
2025-12-16T15:44:59.501565,2,-52.46620849967038,53.962540033129564,0.0,426.0,35.0,1.0,885931.0,1.0,1677329.0,67631.0
2025-12-16T15:44:59.501611,2,-52.46620849967038,53.962540033129564,0.0,426.0,35.0,1.0,885931.0,1.0,1677329.0,67631.0
2025-12-16T15:44:59.598129,3,-52.46620849967038,53.962540033129564,0.0,406.0,26.0,1.0,672593.0,1.0,1424854.0,62608.0
2025-12-16T15:44:59.598129,3,-52.46620849967038,53.962540033129564,0.0,406.0,26.0,1.0,672593.0,1.0,1424854.0,62608.0
2025-12-16T15:44:59.698470,4,-52.46620849967038,53.962540033129564,0.0,420.0,33.0,1.0,1002761.0,1.0,2068952.0,80673.0
2025-12-16T15:44:59.698646,4,-52.46620849967038,53.962540033129564,0.0,420.0,33.0,1.0,1002761.0,1.0,2068952.0,80673.0
2025-12-16T15:45:00.396072,1,-52.46620849967038,53.962540033129564,0.0,416.0,31.0,1.0,653740.0,1.0,1768867.0,66406.0
2025-12-16T15:45:00.398582,1,-52.46620849967038,53.962540033129564,0.0,416.0,31.0,1.0,653740.0,1.0,1768867.0,66406.0
2025-12-16T15:45:00.496168,4,-52.46620849967038,53.962540033129564,0.0,424.0,34.0,1.0,1015397.0,1.0,2050131.0,80400.0
2025-12-16T15:45:00.498771,4,-52.46620849967038,53.962540033129564,0.0,424.0,34.0,1.0,1015397.0,1.0,2050131.0,80400.0
2025-12-16T15:45:01.396460,1,-52.46620849967038,53.962540033129564,0.0,430.0,37.0,1.0,650650.0,1.0,1752183.0,65491.0
2025-12-16T15:45:01.398796,1,-52.46620849967038,53.962540033129564,0.0,430.0,37.0,1.0,650650.0,1.0,1752183.0,65491.0
2025-12-16T15:45:01.495859,2,-52.46620849967038,53.962540033129564,0.0,424.0,35.0,1.0,883536.0,1.0,1666577.0,67746.0
2025-12-16T15:45:01.498075,2,-52.46620849967038,53.962540033129564,0.0,424.0,35.0,1.0,883536.0,1.0,1666577.0,67746.0
2025-12-16T15:45:01.595758,3,-52.46620849967038,53.962540033129564,0.0,418.0,32.0,1.0,673276.0,1.0,1400944.0,61892.0
2025-12-16T15:45:01.595906,3,-52.46620849967038,53.962540033129564,0.0,418.0,32.0,1.0,673276.0,1.0,1400944.0,61892.0
2025-12-16T15:45:01.696017,4,-52.46620849967038,53.962540033129564,0.0,418.0,32.0,1.0,1016429.0,1.0,2054994.0,80837.0
2025-12-16T15:45:01.699969,4,-52.46620849967038,53.962540033129564,0.0,418.0,32.0,1.0,1016429.0,1.0,2054994.0,80837.0
2025-12-16T15:45:02.396353,1,-52.46620849967038,53.962540033129564,0.0,403.0,25.0,1.0,655513.0,1.0,1809436.0,67266.0
2025-12-16T15:45:02.396683,1,-52.46620849967038,53.962540033129564,0.0,403.0,25.0,1.0,655513.0,1.0,1809436.0,67266.0
2025-12-16T15:45:02.495751,2,-52.46620849967038,53.962540033129564,0.0,406.0,26.0,1.0,881147.0,1.0,1674493.0,68995.0
2025-12-16T15:45:02.498712,2,-52.46620849967038,53.962540033129564,0.0,406.0,26.0,1.0,881147.0,1.0,1674493.0,68995.0
2025-12-16T15:45:02.596059,3,-52.46620849967038,53.962540033129564,0.0,408.0,27.0,1.0,663549.0,1.0,1405694.0,62460.0
2025-12-16T15:45:02.596777,3,-52.46620849967038,53.962540033129564,0.0,408.0,27.0,1.0,663549.0,1.0,1405694.0,62460.0
2025-12-16T15:45:02.696291,4,-52.46620849967038,53.962540033129564,0.0,415.0,30.0,1.0,1022986.0,1.0,2052214.0,81056.0
2025-12-16T15:45:02.696291,4,-52.46620849967038,53.962540033129564,0.0,415.0,30.0,1.0,1022986.0,1.0,2052214.0,81056.0
2025-12-16T15:45:03.400238,1,-52.46627662470752,53.96254314779895,0.0,422.0,34.0,1.0,642988.0,1.0,1782690.0,66003.0
2025-12-16T15:45:03.400297,1,-52.46627662470752,53.96254314779895,0.0,422.0,34.0,1.0,642988.0,1.0,1782690.0,66003.0
2025-12-16T15:45:03.498026,2,-52.468392051544775,53.95784241231435,0.0,409.0,28.0,1.0,899832.0,1.0,1692727.0,68739.0
2025-12-16T15:45:03.498026,2,-52.468392051544775,53.95784241231435,0.0,409.0,28.0,1.0,899832.0,1.0,1692727.0,68739.0
2025-12-16T15:45:03.598592,3,-52.47662883398334,53.95426889189864,0.0,419.0,32.0,1.0,682222.0,1.0,1395266.0,61808.0
2025-12-16T15:45:03.598525,3,-52.47662883398334,53.95426889189864,0.0,419.0,32.0,1.0,682222.0,1.0,1395266.0,61808.0
2025-12-16T15:45:03.696675,4,-52.49723958256596,53.95071535187091,0.0,413.0,30.0,1.0,996333.0,1.0,2048051.0,81193.0
2025-12-16T15:45:03.696803,4,-52.49723958256596,53.95071535187091,0.0,413.0,30.0,1.0,996333.0,1.0,2048051.0,81193.0
2025-12-16T15:45:04.398564,1,-52.65859322921464,53.90521081762816,0.0,414.0,30.0,1.0,650210.0,1.0,1777870.0,66496.0
2025-12-16T15:45:04.398584,1,-52.65859322921464,53.90521081762816,0.0,414.0,30.0,1.0,650210.0,1.0,1777870.0,66496.0
2025-12-16T15:45:04.498942,2,-52.679835992314025,53.89937409899925,0.0,424.0,35.0,1.0,883536.0,1.0,1697891.0,67746.0
2025-12-16T15:45:04.498900,2,-52.679835992314025,53.89937409899925,0.0,424.0,35.0,1.0,883536.0,1.0,1697891.0,67746.0
2025-12-16T15:45:04.597526,3,-52.701517049261305,53.89447409452014,0.0,425.0,35.0,1.0,673504.0,1.0,1409505.0,61433.0
2025-12-16T15:45:04.597706,3,-52.701517049261305,53.89447409452014,0.0,425.0,35.0,1.0,673504.0,1.0,1409505.0,61433.0
2025-12-16T15:45:04.696762,4,-52.72411184336228,53.888785993418246,0.0,422.0,33.0,1.0,1011624.0,1.0,2050131.0,80536.0
2025-12-16T15:45:04.696975,4,-52.72411184336228,53.888785993418246,0.0,422.0,33.0,1.0,1011624.0,1.0,2050131.0,80536.0
2025-12-16T15:45:05.397154,1,-52.87455323475417,53.84452151218897,0.0,416.0,31.0,1.0,640382.0,1.0,1783897.0,66429.0
2025-12-16T15:45:05.397154,1,-52.87455323475417,53.84452151218897,0.0,416.0,31.0,1.0,640382.0,1.0,1783897.0,66429.0
2025-12-16T15:45:05.497924,2,-52.89631637352143,53.83882313045124,0.0,424.0,35.0,1.0,887732.0,1.0,1688721.0,67746.0
2025-12-16T15:45:05.497924,2,-52.89631637352143,53.83882313045124,0.0,424.0,35.0,1.0,887732.0,1.0,1688721.0,67746.0
2025-12-16T15:45:05.597443,3,-52.91810441640123,53.83075627445878,0.0,418.0,32.0,1.0,657290.0,1.0,1412848.0,61850.0
2025-12-16T15:45:05.597415,3,-52.91810441640123,53.83075627445878,0.0,418.0,32.0,1.0,657290.0,1.0,1412848.0,61850.0
2025-12-16T15:45:05.696508,4,-52.93974076789633,53.82540595817758,0.0,419.0,32.0,1.0,1000049.0,1.0,2059868.0,80727.0
2025-12-16T15:45:05.696388,4,-52.93974076789633,53.82540595817758,0.0,419.0,32.0,1.0,1000049.0,1.0,2059868.0,80727.0
2025-12-16T15:45:06.397805,1,-53.0914565269639,53.783972239091845,0.0,423.0,34.0,1.0,644077.0,1.0,1768867.0,65958.0
2025-12-16T15:45:06.397789,1,-53.0914565269639,53.783972239091845,0.0,423.0,34.0,1.0,644077.0,1.0,1768867.0,65958.0
2025-12-16T15:45:06.497695,2,-53.112311880995776,53.77682454911398,0.0,413.0,30.0,1.0,893459.0,1.0,1662633.0,68483.0
2025-12-16T15:45:06.497853,2,-53.112311880995776,53.77682454911398,0.0,413.0,30.0,1.0,893459.0,1.0,1662633.0,68483.0
2025-12-16T15:45:06.600274,3,-53.13342559158413,53.77084278457595,0.0,406.0,26.0,1.0,670547.0,1.0,1417159.0,62608.0
2025-12-16T15:45:06.600154,3,-53.13342559158413,53.77084278457595,0.0,406.0,26.0,1.0,670547.0,1.0,1417159.0,62608.0
2025-12-16T15:45:06.698537,4,-53.155288625097356,53.76426233771344,0.0,416.0,31.0,1.0,996333.0,1.0,2061961.0,80974.0
2025-12-16T15:45:06.698902,4,-53.155288625097356,53.76426233771344,0.0,416.0,31.0,1.0,996333.0,1.0,2061961.0,80974.0
2025-12-16T15:45:07.397740,1,-53.304806094347235,53.72043722295644,0.0,413.0,29.0,1.0,660188.0,1.0,1808212.0,66609.0
2025-12-16T15:45:07.397915,1,-53.304806094347235,53.72043722295644,0.0,413.0,29.0,1.0,660188.0,1.0,1808212.0,66609.0
2025-12-16T15:45:07.497377,2,-53.325313591803344,53.71357903397183,0.0,413.0,29.0,1.0,893762.0,1.0,1659822.0,68530.0
2025-12-16T15:45:07.497538,2,-53.325313591803344,53.71357903397183,0.0,413.0,29.0,1.0,893762.0,1.0,1659822.0,68530.0
2025-12-16T15:45:07.597553,3,-53.3467330323065,53.70677887503129,0.0,400.0,22.0,1.0,669187.0,1.0,1413805.0,63247.0
2025-12-16T15:45:07.597594,3,-53.3467330323065,53.70677887503129,0.0,400.0,22.0,1.0,669187.0,1.0,1413805.0,63247.0
2025-12-16T15:45:07.697782,4,-53.36850466083036,53.70081595428529,0.0,407.0,27.0,1.0,1019529.0,1.0,2036990.0,81717.0
2025-12-16T15:45:07.697924,4,-53.36850466083036,53.70081595428529,0.0,407.0,27.0,1.0,1019529.0,1.0,2036990.0,81717.0
2025-12-16T15:45:08.398639,2,-53.52207849662398,53.665237292296105,0.0,416.0,31.0,1.0,905637.0,1.0,1704800.0,68321.0
2025-12-16T15:45:08.398639,2,-53.52207849662398,53.665237292296105,0.0,416.0,31.0,1.0,905637.0,1.0,1704800.0,68321.0
2025-12-16T15:45:08.497339,3,-53.54475420060303,53.6566545256716,0.0,406.0,26.0,1.0,675787.0,1.0,1415720.0,62608.0
2025-12-16T15:45:08.497446,3,-53.54475420060303,53.6566545256716,0.0,406.0,26.0,1.0,675787.0,1.0,1415720.0,62608.0
2025-12-16T15:45:08.599155,4,-53.56747860272141,53.64850393458091,0.0,409.0,28.0,1.0,1002082.0,1.0,2053603.0,81551.0
2025-12-16T15:45:08.599453,4,-53.56747860272141,53.64850393458091,0.0,409.0,28.0,1.0,1002082.0,1.0,2053603.0,81551.0
2025-12-16T15:45:09.398610,1,-53.73615322877756,53.59797563206764,0.0,400.0,18.0,1.0,659295.0,1.0,1777268.0,68344.0
2025-12-16T15:45:09.398610,1,-53.73615322877756,53.59797563206764,0.0,400.0,18.0,1.0,659295.0,1.0,1777268.0,68344.0
2025-12-16T15:45:09.499328,2,-53.757619274740854,53.591539261692816,0.0,402.0,25.0,1.0,881147.0,1.0,1692727.0,69229.0
2025-12-16T15:45:09.499545,2,-53.757619274740854,53.591539261692816,0.0,402.0,25.0,1.0,881147.0,1.0,1692727.0,69229.0
2025-12-16T15:45:09.598571,3,-53.78043559826598,53.586433081187955,0.0,423.0,34.0,1.0,673960.0,1.0,1410460.0,61558.0
2025-12-16T15:45:09.598663,3,-53.78043559826598,53.586433081187955,0.0,423.0,34.0,1.0,673960.0,1.0,1410460.0,61558.0
2025-12-16T15:45:09.697990,4,-53.80246297030427,53.581579435478375,0.0,429.0,36.0,1.0,1010597.0,1.0,2057082.0,80020.0
2025-12-16T15:45:09.697990,4,-53.80246297030427,53.581579435478375,0.0,429.0,36.0,1.0,1010597.0,1.0,2057082.0,80020.0
2025-12-16T15:45:10.400654,1,-53.953794371856524,53.538210387384915,0.0,434.0,39.0,1.0,663549.0,1.0,1784501.0,65270.0
2025-12-16T15:45:10.400587,1,-53.953794371856524,53.538210387384915,0.0,434.0,39.0,1.0,663549.0,1.0,1784501.0,65270.0
2025-12-16T15:45:10.499127,2,-53.975842234362844,53.53192531755159,0.0,420.0,33.0,1.0,884733.0,1.0,1672793.0,68044.0
2025-12-16T15:45:10.499413,2,-53.975842234362844,53.53192531755159,0.0,420.0,33.0,1.0,884733.0,1.0,1672793.0,68044.0
2025-12-16T15:45:10.598476,3,-53.99779924452004,53.52551413674629,0.0,427.0,36.0,1.0,672593.0,1.0,1435503.0,61350.0
2025-12-16T15:45:10.598476,3,-53.99779924452004,53.52551413674629,0.0,427.0,36.0,1.0,672593.0,1.0,1435503.0,61350.0
2025-12-16T15:45:10.699435,4,-54.01893520705058,53.51931011730975,0.0,409.0,28.0,1.0,1007524.0,1.0,2025989.0,81551.0
2025-12-16T15:45:10.699342,4,-54.01893520705058,53.51931011730975,0.0,409.0,28.0,1.0,1007524.0,1.0,2025989.0,81551.0
2025-12-16T15:45:11.398950,1,-54.170321076924395,53.47798456287311,0.0,416.0,31.0,1.0,648013.0,1.0,1802102.0,66406.0
2025-12-16T15:45:11.399353,1,-54.170321076924395,53.47798456287311,0.0,416.0,31.0,1.0,648013.0,1.0,1802102.0,66406.0
2025-12-16T15:45:11.500221,2,-54.19148613465909,53.471360503312695,0.0,420.0,32.0,1.0,867535.0,1.0,1676761.0,68067.0
2025-12-16T15:45:11.500401,2,-54.19148613465909,53.471360503312695,0.0,420.0,32.0,1.0,867535.0,1.0,1676761.0,68067.0
2025-12-16T15:45:11.600682,3,-54.21207269330125,53.46445828461578,0.0,418.0,32.0,1.0,675102.0,1.0,1415720.0,61871.0
2025-12-16T15:45:11.600562,3,-54.21207269330125,53.46445828461578,0.0,418.0,32.0,1.0,675102.0,1.0,1415720.0,61871.0
2025-12-16T15:45:11.696698,4,-54.23281920908581,53.45874964278217,0.0,414.0,30.0,1.0,992967.0,1.0,2093606.0,81193.0
2025-12-16T15:45:11.696828,4,-54.23281920908581,53.45874964278217,0.0,414.0,30.0,1.0,992967.0,1.0,2093606.0,81193.0
2025-12-16T15:45:12.399390,1,-54.38557766318821,53.41715626049638,0.0,428.0,36.0,1.0,655291.0,1.0,1796014.0,65646.0
2025-12-16T15:45:12.399331,1,-54.38557766318821,53.41715626049638,0.0,428.0,36.0,1.0,655291.0,1.0,1796014.0,65646.0
2025-12-16T15:45:12.497478,2,-54.40707759406342,53.40985162321402,0.0,415.0,30.0,1.0,889236.0,1.0,1680169.0,68391.0
2025-12-16T15:45:12.497478,2,-54.40707759406342,53.40985162321402,0.0,415.0,30.0,1.0,889236.0,1.0,1680169.0,68391.0
2025-12-16T15:45:12.596080,3,-54.42813196121049,53.403614698299414,0.0,428.0,36.0,1.0,672593.0,1.0,1406170.0,61288.0
2025-12-16T15:45:12.595979,3,-54.42813196121049,53.403614698299414,0.0,428.0,36.0,1.0,672593.0,1.0,1406170.0,61288.0
2025-12-16T15:45:12.700754,4,-54.44947982569755,53.39709104139493,0.0,417.0,31.0,1.0,1020565.0,1.0,2040440.0,80892.0
2025-12-16T15:45:12.700657,4,-54.44947982569755,53.39709104139493,0.0,417.0,31.0,1.0,1020565.0,1.0,2040440.0,80892.0
2025-12-16T15:45:13.399326,1,-54.5997149917316,53.35621474778609,0.0,414.0,30.0,1.0,649770.0,1.0,1797838.0,66541.0
2025-12-16T15:45:13.399520,1,-54.5997149917316,53.35621474778609,0.0,414.0,30.0,1.0,649770.0,1.0,1797838.0,66541.0
2025-12-16T15:45:13.499125,2,-54.62219501127777,53.350759468785945,0.0,414.0,30.0,1.0,906250.0,1.0,1683015.0,68437.0
2025-12-16T15:45:13.500598,2,-54.62219501127777,53.350759468785945,0.0,414.0,30.0,1.0,906250.0,1.0,1683015.0,68437.0
2025-12-16T15:45:13.597905,3,-54.64326234486295,53.344055919961875,0.0,421.0,33.0,1.0,673048.0,1.0,1390552.0,61683.0
2025-12-16T15:45:13.598087,3,-54.64326234486295,53.344055919961875,0.0,421.0,33.0,1.0,673048.0,1.0,1390552.0,61683.0
2025-12-16T15:45:13.696922,4,-54.665288008592164,53.338273835574846,0.0,413.0,29.0,1.0,998696.0,1.0,2032858.0,81248.0
2025-12-16T15:45:13.696918,4,-54.665288008592164,53.338273835574846,0.0,413.0,29.0,1.0,998696.0,1.0,2032858.0,81248.0
2025-12-16T15:45:14.397803,1,-54.81549321624785,53.29496426515335,0.0,422.0,34.0,1.0,643641.0,1.0,1786919.0,66003.0
2025-12-16T15:45:14.397736,1,-54.81549321624785,53.29496426515335,0.0,422.0,34.0,1.0,643641.0,1.0,1786919.0,66003.0
2025-12-16T15:45:14.497426,2,-54.830995780135396,53.28977862946843,0.0,408.0,27.0,1.0,874906.0,1.0,1670530.0,68855.0
2025-12-16T15:45:14.497822,2,-54.830995780135396,53.28977862946843,0.0,408.0,27.0,1.0,874906.0,1.0,1670530.0,68855.0
2025-12-16T15:45:14.597962,3,-54.84645275698247,53.285010056648,0.0,417.0,31.0,1.0,677390.0,1.0,1423889.0,61913.0
2025-12-16T15:45:14.597962,3,-54.84645275698247,53.285010056648,0.0,417.0,31.0,1.0,677390.0,1.0,1423889.0,61913.0
2025-12-16T15:45:14.698114,4,-54.86443531185349,53.28092846894874,0.0,420.0,32.0,1.0,992295.0,1.0,2050131.0,80727.0
2025-12-16T15:45:14.698362,4,-54.86443531185349,53.28092846894874,0.0,420.0,32.0,1.0,992295.0,1.0,2050131.0,80727.0
2025-12-16T15:45:15.397468,1,-55.01577547777308,53.24230469227024,0.0,426.0,35.0,1.0,653740.0,1.0,1771263.0,65780.0
2025-12-16T15:45:15.397419,1,-55.01577547777308,53.24230469227024,0.0,426.0,35.0,1.0,653740.0,1.0,1771263.0,65780.0
2025-12-16T15:45:15.497868,2,-55.037480898636,53.234545582108645,0.0,412.0,29.0,1.0,901051.0,1.0,1680169.0,68576.0
2025-12-16T15:45:15.498636,2,-55.037480898636,53.234545582108645,0.0,412.0,29.0,1.0,901051.0,1.0,1680169.0,68576.0
2025-12-16T15:45:15.599104,3,-55.058290452478374,53.22990783328097,0.0,409.0,28.0,1.0,671683.0,1.0,1416679.0,62418.0
2025-12-16T15:45:15.599108,3,-55.058290452478374,53.22990783328097,0.0,409.0,28.0,1.0,671683.0,1.0,1416679.0,62418.0
2025-12-16T15:45:15.702244,4,-55.07832062124853,53.22332335033497,0.0,423.0,34.0,1.0,998359.0,1.0,2006880.0,80427.0
2025-12-16T15:45:15.702232,4,-55.07832062124853,53.22332335033497,0.0,423.0,34.0,1.0,998359.0,1.0,2006880.0,80427.0
2025-12-16T15:45:16.398804,1,-55.23167371711138,53.17739778129815,0.0,400.0,21.0,1.0,634771.0,1.0,1774864.0,67792.0
2025-12-16T15:45:16.398739,1,-55.23167371711138,53.17739778129815,0.0,400.0,21.0,1.0,634771.0,1.0,1774864.0,67792.0
2025-12-16T15:45:16.501262,2,-55.24898212351296,53.17317080688822,0.0,421.0,33.0,1.0,895578.0,1.0,1671096.0,67998.0
2025-12-16T15:45:16.501662,2,-55.24898212351296,53.17317080688822,0.0,421.0,33.0,1.0,895578.0,1.0,1671096.0,67998.0
2025-12-16T15:45:16.597956,3,-55.26769968083083,53.167844030915866,0.0,418.0,32.0,1.0,672138.0,1.0,1392436.0,61871.0
2025-12-16T15:45:16.597922,3,-55.26769968083083,53.167844030915866,0.0,418.0,32.0,1.0,672138.0,1.0,1392436.0,61871.0
2025-12-16T15:45:16.698479,4,-55.287085205160366,53.15940498636092,0.0,433.0,39.0,1.0,992631.0,1.0,2062659.0,79669.0
2025-12-16T15:45:16.698479,4,-55.287085205160366,53.15940498636092,0.0,433.0,39.0,1.0,992631.0,1.0,2062659.0,79669.0
2025-12-16T15:45:17.398863,1,-55.43194662295693,53.11291612131463,0.0,422.0,34.0,1.0,651311.0,1.0,1787524.0,66003.0
2025-12-16T15:45:17.399063,1,-55.43194662295693,53.11291612131463,0.0,422.0,34.0,1.0,651311.0,1.0,1787524.0,66003.0
2025-12-16T15:45:17.499036,2,-55.45155289728275,53.10798737715771,0.0,406.0,26.0,1.0,891948.0,1.0,1678464.0,68972.0
2025-12-16T15:45:17.499177,2,-55.45155289728275,53.10798737715771,0.0,406.0,26.0,1.0,891948.0,1.0,1678464.0,68972.0
2025-12-16T15:45:17.597697,3,-55.47495345566673,53.100219646899426,0.0,415.0,30.0,1.0,681530.0,1.0,1410460.0,62081.0
2025-12-16T15:45:17.597870,3,-55.47495345566673,53.100219646899426,0.0,415.0,30.0,1.0,681530.0,1.0,1410460.0,62081.0
2025-12-16T15:45:17.698586,4,-55.49299184225205,53.090216023964025,0.0,414.0,30.0,1.0,1017117.0,1.0,2053603.0,81193.0
2025-12-16T15:45:17.698744,4,-55.49299184225205,53.090216023964025,0.0,414.0,30.0,1.0,1017117.0,1.0,2053603.0,81193.0
2025-12-16T15:45:18.400741,1,-55.62223464059768,53.06620586618584,0.0,417.0,31.0,1.0,649770.0,1.0,1786314.0,66339.0
2025-12-16T15:45:18.400758,1,-55.62223464059768,53.06620586618584,0.0,417.0,31.0,1.0,649770.0,1.0,1786314.0,66339.0
2025-12-16T15:45:18.498395,2,-55.62223464059768,53.06620586618584,0.0,410.0,28.0,1.0,905331.0,1.0,1689864.0,68739.0
2025-12-16T15:45:18.498540,2,-55.62223464059768,53.06620586618584,0.0,410.0,28.0,1.0,905331.0,1.0,1689864.0,68739.0
2025-12-16T15:45:18.598040,3,-55.62223464059768,53.06620586618584,0.0,430.0,37.0,1.0,669413.0,1.0,1409505.0,61143.0
2025-12-16T15:45:18.598040,3,-55.62223464059768,53.06620586618584,0.0,430.0,37.0,1.0,669413.0,1.0,1409505.0,61143.0
2025-12-16T15:45:18.698516,4,-55.62223464059768,53.06620586618584,0.0,400.0,23.0,1.0,990952.0,1.0,2040440.0,82411.0
2025-12-16T15:45:18.698558,4,-55.62223464059768,53.06620586618584,0.0,400.0,23.0,1.0,990952.0,1.0,2040440.0,82411.0
2025-12-16T15:45:19.401517,1,-55.62223464059768,53.06620586618584,0.0,415.0,30.0,1.0,636062.0,1.0,1815571.0,66496.0
2025-12-16T15:45:19.403686,1,-55.62223464059768,53.06620586618584,0.0,415.0,30.0,1.0,636062.0,1.0,1815571.0,66496.0
2025-12-16T15:45:19.501223,2,-55.62223464059768,53.06620586618584,0.0,433.0,39.0,1.0,876091.0,1.0,1671096.0,67198.0
2025-12-16T15:45:19.501223,2,-55.62223464059768,53.06620586618584,0.0,433.0,39.0,1.0,876091.0,1.0,1671096.0,67198.0
2025-12-16T15:45:19.597104,3,-55.62223464059768,53.06620586618584,0.0,434.0,39.0,1.0,667377.0,1.0,1406170.0,60936.0
2025-12-16T15:45:19.597204,3,-55.62223464059768,53.06620586618584,0.0,434.0,39.0,1.0,667377.0,1.0,1406170.0,60936.0
2025-12-16T15:45:19.697059,4,-55.62223464059768,53.06620586618584,0.0,424.0,34.0,1.0,991959.0,1.0,2041131.0,80400.0
2025-12-16T15:45:19.697314,4,-55.62223464059768,53.06620586618584,0.0,424.0,34.0,1.0,991959.0,1.0,2041131.0,80400.0
2025-12-16T15:45:20.402319,1,-55.62223464059768,53.06620586618584,0.0,420.0,33.0,1.0,649550.0,1.0,1801493.0,66160.0
2025-12-16T15:45:20.402244,1,-55.62223464059768,53.06620586618584,0.0,420.0,33.0,1.0,649550.0,1.0,1801493.0,66160.0
2025-12-16T15:45:20.502201,2,-55.62223464059768,53.06620586618584,0.0,423.0,34.0,1.0,880252.0,1.0,1696168.0,67814.0
2025-12-16T15:45:20.502478,2,-55.62223464059768,53.06620586618584,0.0,423.0,34.0,1.0,880252.0,1.0,1696168.0,67814.0
2025-12-16T15:45:20.598019,4,-55.62223464059768,53.06620586618584,0.0,426.0,35.0,1.0,1008206.0,1.0,2048744.0,80237.0
2025-12-16T15:45:20.598019,4,-55.62223464059768,53.06620586618584,0.0,426.0,35.0,1.0,1008206.0,1.0,2048744.0,80237.0
2025-12-16T15:45:21.398402,1,-55.62223464059768,53.06620586618584,0.0,407.0,27.0,1.0,636062.0,1.0,1779074.0,66993.0
2025-12-16T15:45:21.398813,1,-55.62223464059768,53.06620586618584,0.0,407.0,27.0,1.0,636062.0,1.0,1779074.0,66993.0
2025-12-16T15:45:21.500066,2,-55.62223464059768,53.06620586618584,0.0,416.0,31.0,1.0,898007.0,1.0,1708844.0,68298.0
2025-12-16T15:45:21.500648,2,-55.62223464059768,53.06620586618584,0.0,416.0,31.0,1.0,898007.0,1.0,1708844.0,68298.0
2025-12-16T15:45:21.598549,3,-55.62223464059768,53.06620586618584,0.0,406.0,27.0,1.0,675787.0,1.0,1390081.0,62587.0
2025-12-16T15:45:21.598549,3,-55.62223464059768,53.06620586618584,0.0,406.0,27.0,1.0,675787.0,1.0,1390081.0,62587.0
2025-12-16T15:45:21.700613,4,-55.62223464059768,53.06620586618584,0.0,425.0,35.0,1.0,1000049.0,1.0,2063357.0,80319.0
2025-12-16T15:45:21.700566,4,-55.62223464059768,53.06620586618584,0.0,425.0,35.0,1.0,1000049.0,1.0,2063357.0,80319.0
2025-12-16T15:45:22.399864,1,-55.62223464059768,53.06620586618584,0.0,416.0,31.0,1.0,655735.0,1.0,1786919.0,66384.0
2025-12-16T15:45:22.399821,1,-55.62223464059768,53.06620586618584,0.0,416.0,31.0,1.0,655735.0,1.0,1786919.0,66384.0
2025-12-16T15:45:22.498451,2,-55.62223464059768,53.06620586618584,0.0,407.0,27.0,1.0,894669.0,1.0,1680738.0,68925.0
2025-12-16T15:45:22.498604,2,-55.62223464059768,53.06620586618584,0.0,407.0,27.0,1.0,894669.0,1.0,1680738.0,68925.0
2025-12-16T15:45:22.597853,3,-55.62223464059768,53.06620586618584,0.0,423.0,34.0,1.0,683146.0,1.0,1396684.0,61579.0
2025-12-16T15:45:22.598051,3,-55.62223464059768,53.06620586618584,0.0,423.0,34.0,1.0,683146.0,1.0,1396684.0,61579.0
2025-12-16T15:45:22.697943,4,-55.62223464059768,53.06620586618584,0.0,437.0,41.0,1.0,1019184.0,1.0,2039059.0,79346.0
2025-12-16T15:45:22.698123,4,-55.62223464059768,53.06620586618584,0.0,437.0,41.0,1.0,1019184.0,1.0,2039059.0,79346.0
2025-12-16T15:45:23.402560,1,-55.62223464059768,53.06620586618584,0.0,416.0,31.0,1.0,652193.0,1.0,1818646.0,66384.0
2025-12-16T15:45:23.403360,1,-55.62223464059768,53.06620586618584,0.0,416.0,31.0,1.0,652193.0,1.0,1818646.0,66384.0
2025-12-16T15:45:23.502987,3,-55.62223464059768,53.06620586618584,0.0,427.0,36.0,1.0,669413.0,1.0,1414284.0,61329.0
2025-12-16T15:45:23.502971,3,-55.62223464059768,53.06620586618584,0.0,427.0,36.0,1.0,669413.0,1.0,1414284.0,61329.0
2025-12-16T15:45:23.597781,4,-55.62223464059768,53.06620586618584,0.0,446.0,45.0,1.0,989947.0,1.0,2046665.0,78651.0
2025-12-16T15:45:23.597952,4,-55.62223464059768,53.06620586618584,0.0,446.0,45.0,1.0,989947.0,1.0,2046665.0,78651.0
2025-12-16T15:45:24.401914,1,-55.62223464059768,53.06620586618584,0.0,402.0,25.0,1.0,653740.0,1.0,1808212.0,67334.0
2025-12-16T15:45:24.401555,1,-55.62223464059768,53.06620586618584,0.0,402.0,25.0,1.0,653740.0,1.0,1808212.0,67334.0
2025-12-16T15:45:24.503016,2,-55.62223464059768,53.06620586618584,0.0,423.0,34.0,1.0,885332.0,1.0,1697891.0,67837.0
2025-12-16T15:45:24.502988,2,-55.62223464059768,53.06620586618584,0.0,423.0,34.0,1.0,885332.0,1.0,1697891.0,67837.0
2025-12-16T15:45:24.597837,3,-55.62223464059768,53.06620586618584,0.0,426.0,35.0,1.0,679917.0,1.0,1425818.0,61433.0
2025-12-16T15:45:24.597939,3,-55.62223464059768,53.06620586618584,0.0,426.0,35.0,1.0,679917.0,1.0,1425818.0,61433.0
2025-12-16T15:45:24.697984,4,-55.62223464059768,53.06620586618584,0.0,436.0,40.0,1.0,1012994.0,1.0,2067552.0,79453.0
2025-12-16T15:45:24.698109,4,-55.62223464059768,53.06620586618584,0.0,436.0,40.0,1.0,1012994.0,1.0,2067552.0,79453.0
2025-12-16T15:45:25.401317,1,-55.62223464059768,53.06620586618584,0.0,421.0,33.0,1.0,660412.0,1.0,1781484.0,66092.0
2025-12-16T15:45:25.401603,1,-55.62223464059768,53.06620586618584,0.0,421.0,33.0,1.0,660412.0,1.0,1781484.0,66092.0
2025-12-16T15:45:25.499246,2,-55.62223464059768,53.06620586618584,0.0,407.0,27.0,1.0,880550.0,1.0,1683015.0,68902.0
2025-12-16T15:45:25.499384,2,-55.62223464059768,53.06620586618584,0.0,407.0,27.0,1.0,880550.0,1.0,1683015.0,68902.0
2025-12-16T15:45:25.602120,3,-55.62223464059768,53.06620586618584,0.0,417.0,31.0,1.0,678308.0,1.0,1402368.0,61934.0
2025-12-16T15:45:25.602120,3,-55.62223464059768,53.06620586618584,0.0,417.0,31.0,1.0,678308.0,1.0,1402368.0,61934.0
2025-12-16T15:45:25.701878,4,-55.62223464059768,53.06620586618584,0.0,428.0,36.0,1.0,1001404.0,1.0,2009599.0,80074.0
2025-12-16T15:45:25.701754,4,-55.62223464059768,53.06620586618584,0.0,428.0,36.0,1.0,1001404.0,1.0,2009599.0,80074.0
2025-12-16T15:45:26.400442,2,-55.62223464059768,53.06620586618584,0.0,415.0,30.0,1.0,906864.0,1.0,1693873.0,68391.0
2025-12-16T15:45:26.400442,2,-55.62223464059768,53.06620586618584,0.0,415.0,30.0,1.0,906864.0,1.0,1693873.0,68391.0
2025-12-16T15:45:26.498083,3,-55.62223464059768,53.06620586618584,0.0,400.0,21.0,1.0,659295.0,1.0,1417638.0,63376.0
2025-12-16T15:45:26.498250,3,-55.62223464059768,53.06620586618584,0.0,400.0,21.0,1.0,659295.0,1.0,1417638.0,63376.0
2025-12-16T15:45:26.599271,4,-55.62223464059768,53.06620586618584,0.0,450.0,46.0,1.0,1001743.0,1.0,2065453.0,78412.0
2025-12-16T15:45:26.599387,4,-55.62223464059768,53.06620586618584,0.0,450.0,46.0,1.0,1001743.0,1.0,2065453.0,78412.0
2025-12-16T15:45:27.397582,1,-55.62223464059768,53.06620586618584,0.0,406.0,26.0,1.0,647794.0,1.0,1798447.0,67061.0
2025-12-16T15:45:27.397698,1,-55.62223464059768,53.06620586618584,0.0,406.0,26.0,1.0,647794.0,1.0,1798447.0,67061.0
2025-12-16T15:45:27.499149,2,-55.62223464059768,53.06620586618584,0.0,425.0,35.0,1.0,894972.0,1.0,1697316.0,67723.0
2025-12-16T15:45:27.499336,2,-55.62223464059768,53.06620586618584,0.0,425.0,35.0,1.0,894972.0,1.0,1697316.0,67723.0
2025-12-16T15:45:27.597495,3,-55.62223464059768,53.06620586618584,0.0,413.0,29.0,1.0,673048.0,1.0,1412370.0,62186.0
2025-12-16T15:45:27.597470,3,-55.62223464059768,53.06620586618584,0.0,413.0,29.0,1.0,673048.0,1.0,1412370.0,62186.0
2025-12-16T15:45:28.401232,1,-55.62223464059768,53.06620586618584,0.0,424.0,34.0,1.0,655957.0,1.0,1777870.0,65914.0
2025-12-16T15:45:28.401773,1,-55.62223464059768,53.06620586618584,0.0,424.0,34.0,1.0,655957.0,1.0,1777870.0,65914.0
2025-12-16T15:45:28.502283,2,-55.62223464059768,53.06620586618584,0.0,418.0,32.0,1.0,884134.0,1.0,1692727.0,68206.0
2025-12-16T15:45:28.502665,2,-55.62223464059768,53.06620586618584,0.0,418.0,32.0,1.0,884134.0,1.0,1692727.0,68206.0
2025-12-16T15:45:28.600591,3,-55.62223464059768,53.06620586618584,0.0,428.0,36.0,1.0,681068.0,1.0,1410460.0,61288.0
2025-12-16T15:45:28.604714,3,-55.62223464059768,53.06620586618584,0.0,428.0,36.0,1.0,681068.0,1.0,1410460.0,61288.0
2025-12-16T15:45:28.702281,4,-55.62223464059768,53.06620586618584,0.0,415.0,31.0,1.0,1025412.0,1.0,2059171.0,81056.0
2025-12-16T15:45:28.702396,4,-55.62223464059768,53.06620586618584,0.0,415.0,31.0,1.0,1025412.0,1.0,2059171.0,81056.0
2025-12-16T15:45:29.401112,1,-55.62223464059768,53.06620586618584,0.0,402.0,24.0,1.0,648232.0,1.0,1803323.0,67357.0
2025-12-16T15:45:29.401410,1,-55.62223464059768,53.06620586618584,0.0,402.0,24.0,1.0,648232.0,1.0,1803323.0,67357.0
2025-12-16T15:45:29.498777,2,-55.62223464059768,53.06620586618584,0.0,415.0,30.0,1.0,883237.0,1.0,1703647.0,68391.0
2025-12-16T15:45:29.498735,2,-55.62223464059768,53.06620586618584,0.0,415.0,30.0,1.0,883237.0,1.0,1703647.0,68391.0
2025-12-16T15:45:29.601255,3,-55.62223464059768,53.06620586618584,0.0,407.0,27.0,1.0,679227.0,1.0,1406646.0,62545.0
2025-12-16T15:45:29.601157,3,-55.62223464059768,53.06620586618584,0.0,407.0,27.0,1.0,679227.0,1.0,1406646.0,62545.0
2025-12-16T15:45:29.698429,4,-55.62223464059768,53.06620586618584,0.0,430.0,37.0,1.0,1007524.0,1.0,2047358.0,79885.0
2025-12-16T15:45:29.698586,4,-55.62223464059768,53.06620586618584,0.0,430.0,37.0,1.0,1007524.0,1.0,2047358.0,79885.0
2025-12-16T15:45:30.401724,1,-55.62223464059768,53.06620586618584,0.0,413.0,29.0,1.0,646261.0,1.0,1768268.0,66631.0
2025-12-16T15:45:30.402488,1,-55.62223464059768,53.06620586618584,0.0,413.0,29.0,1.0,646261.0,1.0,1768268.0,66631.0
2025-12-16T15:45:30.495986,2,-55.62223464059768,53.06620586618584,0.0,421.0,33.0,1.0,877575.0,1.0,1690437.0,67998.0
2025-12-16T15:45:30.495985,2,-55.62223464059768,53.06620586618584,0.0,421.0,33.0,1.0,877575.0,1.0,1690437.0,67998.0
2025-12-16T15:45:30.597984,3,-55.62223464059768,53.06620586618584,0.0,405.0,26.0,1.0,679917.0,1.0,1405218.0,62672.0
2025-12-16T15:45:30.598215,3,-55.62223464059768,53.06620586618584,0.0,405.0,26.0,1.0,679917.0,1.0,1405218.0,62672.0
2025-12-16T15:45:30.699302,4,-55.62223464059768,53.06620586618584,0.0,411.0,29.0,1.0,1001743.0,1.0,2068952.0,81413.0
2025-12-16T15:45:30.699496,4,-55.62223464059768,53.06620586618584,0.0,411.0,29.0,1.0,1001743.0,1.0,2068952.0,81413.0
2025-12-16T15:45:31.399192,1,-55.62223464059768,53.06620586618584,0.0,424.0,34.0,1.0,659072.0,1.0,1783897.0,65914.0
2025-12-16T15:45:31.399191,1,-55.62223464059768,53.06620586618584,0.0,424.0,34.0,1.0,659072.0,1.0,1783897.0,65914.0
2025-12-16T15:45:31.497970,2,-55.62223464059768,53.06620586618584,0.0,422.0,34.0,1.0,880550.0,1.0,1687007.0,67906.0
2025-12-16T15:45:31.498127,2,-55.62223464059768,53.06620586618584,0.0,422.0,34.0,1.0,880550.0,1.0,1687007.0,67906.0
2025-12-16T15:45:31.597524,3,-55.62223464059768,53.06620586618584,0.0,425.0,35.0,1.0,666249.0,1.0,1393850.0,61475.0
2025-12-16T15:45:31.597493,3,-55.62223464059768,53.06620586618584,0.0,425.0,35.0,1.0,666249.0,1.0,1393850.0,61475.0
2025-12-16T15:45:31.701209,4,-55.62223464059768,53.06620586618584,0.0,421.0,33.0,1.0,1001743.0,1.0,2027361.0,80618.0
2025-12-16T15:45:31.702233,4,-55.62223464059768,53.06620586618584,0.0,421.0,33.0,1.0,1001743.0,1.0,2027361.0,80618.0
2025-12-16T15:45:32.400076,1,-55.62223464059768,53.06620586618584,0.0,418.0,32.0,1.0,663100.0,1.0,1780881.0,66294.0
2025-12-16T15:45:32.400732,1,-55.62223464059768,53.06620586618584,0.0,418.0,32.0,1.0,663100.0,1.0,1780881.0,66294.0
2025-12-16T15:45:32.500092,2,-55.62223464059768,53.06620586618584,0.0,413.0,29.0,1.0,886831.0,1.0,1693873.0,68530.0
2025-12-16T15:45:32.501142,2,-55.62223464059768,53.06620586618584,0.0,413.0,29.0,1.0,886831.0,1.0,1693873.0,68530.0
2025-12-16T15:45:32.598688,3,-55.62223464059768,53.06620586618584,0.0,427.0,36.0,1.0,674416.0,1.0,1423889.0,61329.0
2025-12-16T15:45:32.599055,3,-55.62223464059768,53.06620586618584,0.0,427.0,36.0,1.0,674416.0,1.0,1423889.0,61329.0
2025-12-16T15:45:32.698043,4,-55.62223464059768,53.06620586618584,0.0,435.0,39.0,1.0,1002761.0,1.0,2062659.0,79561.0
2025-12-16T15:45:32.698188,4,-55.62223464059768,53.06620586618584,0.0,435.0,39.0,1.0,1002761.0,1.0,2062659.0,79561.0
2025-12-16T15:45:33.398039,1,-55.62223464059768,53.06620586618584,0.0,432.0,38.0,1.0,650210.0,1.0,1789339.0,65403.0
2025-12-16T15:45:33.398547,1,-55.62223464059768,53.06620586618584,0.0,432.0,38.0,1.0,650210.0,1.0,1789339.0,65403.0
2025-12-16T15:45:33.497891,2,-55.62223464059768,53.06620586618584,0.0,411.0,29.0,1.0,888935.0,1.0,1682446.0,68646.0
2025-12-16T15:45:33.497891,2,-55.62223464059768,53.06620586618584,0.0,411.0,29.0,1.0,888935.0,1.0,1682446.0,68646.0
2025-12-16T15:45:33.597671,3,-55.62223464059768,53.06620586618584,0.0,409.0,27.0,1.0,666249.0,1.0,1408075.0,62460.0
2025-12-16T15:45:33.597783,3,-55.62223464059768,53.06620586618584,0.0,409.0,27.0,1.0,666249.0,1.0,1408075.0,62460.0
2025-12-16T15:45:33.698405,4,-55.62223464059768,53.06620586618584,0.0,421.0,33.0,1.0,1020565.0,1.0,2060566.0,80618.0
2025-12-16T15:45:33.698619,4,-55.62223464059768,53.06620586618584,0.0,421.0,33.0,1.0,1020565.0,1.0,2060566.0,80618.0
2025-12-16T15:45:34.400482,1,-55.62223464059768,53.06620586618584,0.0,405.0,26.0,1.0,647574.0,1.0,1809436.0,67152.0
2025-12-16T15:45:34.400482,1,-55.62223464059768,53.06620586618584,0.0,405.0,26.0,1.0,647574.0,1.0,1809436.0,67152.0
2025-12-16T15:45:34.498333,2,-55.62223464059768,53.06620586618584,0.0,427.0,36.0,1.0,883536.0,1.0,1683585.0,67608.0
2025-12-16T15:45:34.498568,2,-55.62223464059768,53.06620586618584,0.0,427.0,36.0,1.0,883536.0,1.0,1683585.0,67608.0
2025-12-16T15:45:34.599314,3,-55.62223464059768,53.06620586618584,0.0,416.0,31.0,1.0,684072.0,1.0,1413805.0,62018.0
2025-12-16T15:45:34.599234,3,-55.62223464059768,53.06620586618584,0.0,416.0,31.0,1.0,684072.0,1.0,1413805.0,62018.0
2025-12-16T15:45:34.698752,4,-55.62223464059768,53.06620586618584,0.0,415.0,31.0,1.0,980278.0,1.0,2003487.0,81056.0
2025-12-16T15:45:34.698686,4,-55.62223464059768,53.06620586618584,0.0,415.0,31.0,1.0,980278.0,1.0,2003487.0,81056.0
2025-12-16T15:45:35.396449,1,-55.62223464059768,53.06620586618584,0.0,425.0,35.0,1.0,633913.0,1.0,1788129.0,65869.0
2025-12-16T15:45:35.396543,1,-55.62223464059768,53.06620586618584,0.0,425.0,35.0,1.0,633913.0,1.0,1788129.0,65869.0
2025-12-16T15:45:35.496133,2,-55.62223464059768,53.06620586618584,0.0,418.0,32.0,1.0,902272.0,1.0,1692154.0,68206.0
2025-12-16T15:45:35.498574,2,-55.62223464059768,53.06620586618584,0.0,418.0,32.0,1.0,902272.0,1.0,1692154.0,68206.0
2025-12-16T15:45:35.595904,3,-55.62223464059768,53.06620586618584,0.0,418.0,32.0,1.0,671683.0,1.0,1401419.0,61871.0
2025-12-16T15:45:35.596121,3,-55.62223464059768,53.06620586618584,0.0,418.0,32.0,1.0,671683.0,1.0,1401419.0,61871.0
2025-12-16T15:45:35.696032,4,-55.62223464059768,53.06620586618584,0.0,425.0,35.0,1.0,1004459.0,1.0,2048051.0,80292.0
2025-12-16T15:45:35.696032,4,-55.62223464059768,53.06620586618584,0.0,425.0,35.0,1.0,1004459.0,1.0,2048051.0,80292.0
2025-12-16T15:45:36.395977,1,-55.62223464059768,53.06620586618584,0.0,426.0,35.0,1.0,646917.0,1.0,1786314.0,65780.0
2025-12-16T15:45:36.395955,1,-55.62223464059768,53.06620586618584,0.0,426.0,35.0,1.0,646917.0,1.0,1786314.0,65780.0
2025-12-16T15:45:36.495706,2,-55.62223464059768,53.06620586618584,0.0,425.0,35.0,1.0,887131.0,1.0,1690437.0,67700.0
2025-12-16T15:45:36.496108,2,-55.62223464059768,53.06620586618584,0.0,425.0,35.0,1.0,887131.0,1.0,1690437.0,67700.0
2025-12-16T15:45:36.596026,3,-55.62223464059768,53.06620586618584,0.0,433.0,39.0,1.0,651532.0,1.0,1403792.0,60998.0
2025-12-16T15:45:36.596376,3,-55.62223464059768,53.06620586618584,0.0,433.0,39.0,1.0,651532.0,1.0,1403792.0,60998.0
2025-12-16T15:45:36.695935,4,-55.62223464059768,53.06620586618584,0.0,430.0,37.0,1.0,1002761.0,1.0,2050825.0,79912.0
2025-12-16T15:45:36.696031,4,-55.62223464059768,53.06620586618584,0.0,430.0,37.0,1.0,1002761.0,1.0,2050825.0,79912.0
2025-12-16T15:45:37.396078,1,-55.62223464059768,53.06620586618584,0.0,418.0,32.0,1.0,643206.0,1.0,1802102.0,66294.0
2025-12-16T15:45:37.396405,1,-55.62223464059768,53.06620586618584,0.0,418.0,32.0,1.0,643206.0,1.0,1802102.0,66294.0
2025-12-16T15:45:37.496421,2,-55.62223464059768,53.06620586618584,0.0,414.0,30.0,1.0,897095.0,1.0,1666577.0,68437.0
2025-12-16T15:45:37.496421,2,-55.62223464059768,53.06620586618584,0.0,414.0,30.0,1.0,897095.0,1.0,1666577.0,68437.0
2025-12-16T15:45:37.596003,3,-55.62223464059768,53.06620586618584,0.0,420.0,33.0,1.0,673960.0,1.0,1410460.0,61746.0
2025-12-16T15:45:37.596003,3,-55.62223464059768,53.06620586618584,0.0,420.0,33.0,1.0,673960.0,1.0,1410460.0,61746.0
2025-12-16T15:45:37.695872,4,-55.62223464059768,53.06620586618584,0.0,429.0,37.0,1.0,981274.0,1.0,2070352.0,80020.0
2025-12-16T15:45:37.696044,4,-55.62223464059768,53.06620586618584,0.0,429.0,37.0,1.0,981274.0,1.0,2070352.0,80020.0
2025-12-16T15:45:38.395740,1,-55.62223464059768,53.06620586618584,0.0,421.0,33.0,1.0,664897.0,1.0,1783897.0,66070.0
2025-12-16T15:45:38.396258,1,-55.62223464059768,53.06620586618584,0.0,421.0,33.0,1.0,664897.0,1.0,1783897.0,66070.0
2025-12-16T15:45:38.500568,2,-55.62223464059768,53.06620586618584,0.0,423.0,34.0,1.0,891345.0,1.0,1675626.0,67860.0
2025-12-16T15:45:38.500568,2,-55.62223464059768,53.06620586618584,0.0,423.0,34.0,1.0,891345.0,1.0,1675626.0,67860.0
2025-12-16T15:45:38.597356,3,-55.62827018239129,53.06516808136769,0.0,421.0,33.0,1.0,671001.0,1.0,1424854.0,61683.0
2025-12-16T15:45:38.597428,3,-55.62827018239129,53.06516808136769,0.0,421.0,33.0,1.0,671001.0,1.0,1424854.0,61683.0
2025-12-16T15:45:38.698186,4,-55.63211357906905,53.06750013253905,0.0,423.0,34.0,1.0,1015397.0,1.0,2029420.0,80482.0
2025-12-16T15:45:38.698081,4,-55.63211357906905,53.06750013253905,0.0,423.0,34.0,1.0,1015397.0,1.0,2029420.0,80482.0
2025-12-16T15:45:39.398581,1,-55.6134116860738,53.199592009295905,0.0,415.0,30.0,1.0,643423.0,1.0,1785105.0,66474.0
2025-12-16T15:45:39.398710,1,-55.6134116860738,53.199592009295905,0.0,415.0,30.0,1.0,643423.0,1.0,1785105.0,66474.0
2025-12-16T15:45:39.498560,2,-55.603157737717744,53.22175795619542,0.0,435.0,40.0,1.0,898919.0,1.0,1697316.0,67061.0
2025-12-16T15:45:39.498560,2,-55.603157737717744,53.22175795619542,0.0,435.0,40.0,1.0,898919.0,1.0,1697316.0,67061.0
2025-12-16T15:45:39.598564,4,-55.59405745631876,53.242784289475416,0.0,425.0,35.0,1.0,982271.0,1.0,2028734.0,80292.0
2025-12-16T15:45:39.598652,4,-55.59405745631876,53.242784289475416,0.0,425.0,35.0,1.0,982271.0,1.0,2028734.0,80292.0
2025-12-16T15:45:40.398707,1,-55.5345477806441,53.41061706778919,0.0,417.0,31.0,1.0,643641.0,1.0,1783897.0,66339.0
2025-12-16T15:45:40.398707,1,-55.5345477806441,53.41061706778919,0.0,417.0,31.0,1.0,643641.0,1.0,1783897.0,66339.0
2025-12-16T15:45:40.499265,2,-55.525813596835256,53.43190312504858,0.0,410.0,28.0,1.0,888935.0,1.0,1688721.0,68716.0
2025-12-16T15:45:40.499912,2,-55.525813596835256,53.43190312504858,0.0,410.0,28.0,1.0,888935.0,1.0,1688721.0,68716.0
2025-12-16T15:45:40.597787,3,-55.51740400768201,53.45307151583035,0.0,425.0,35.0,1.0,677161.0,1.0,1408551.0,61475.0
2025-12-16T15:45:40.597787,3,-55.51740400768201,53.45307151583035,0.0,425.0,35.0,1.0,677161.0,1.0,1408551.0,61475.0
2025-12-16T15:45:40.699249,4,-55.509619786270704,53.472620087225714,0.0,430.0,37.0,1.0,1006160.0,1.0,2028734.0,79912.0
2025-12-16T15:45:40.699512,4,-55.509619786270704,53.472620087225714,0.0,430.0,37.0,1.0,1006160.0,1.0,2028734.0,79912.0
2025-12-16T15:45:41.398489,1,-55.457235761579135,53.61994889103922,0.0,419.0,32.0,1.0,657735.0,1.0,1797838.0,66204.0
2025-12-16T15:45:41.398610,1,-55.457235761579135,53.61994889103922,0.0,419.0,32.0,1.0,657735.0,1.0,1797838.0,66204.0
2025-12-16T15:45:41.498513,2,-55.448212314692114,53.641249309180985,0.0,422.0,34.0,1.0,894972.0,1.0,1692154.0,67906.0
2025-12-16T15:45:41.498513,2,-55.448212314692114,53.641249309180985,0.0,422.0,34.0,1.0,894972.0,1.0,1692154.0,67906.0
2025-12-16T15:45:41.598770,3,-55.439605870903414,53.662636080143606,0.0,430.0,37.0,1.0,674416.0,1.0,1411892.0,61184.0
2025-12-16T15:45:41.598982,3,-55.439605870903414,53.662636080143606,0.0,430.0,37.0,1.0,674416.0,1.0,1411892.0,61184.0
2025-12-16T15:45:41.698490,4,-55.430701198915685,53.68447801641418,0.0,443.0,43.0,1.0,1007865.0,1.0,2039750.0,78944.0
2025-12-16T15:45:41.698463,4,-55.430701198915685,53.68447801641418,0.0,443.0,43.0,1.0,1007865.0,1.0,2039750.0,78944.0
2025-12-16T15:45:42.397463,1,-55.37843096722611,53.82930021512868,0.0,427.0,36.0,1.0,664672.0,1.0,1797230.0,65713.0
2025-12-16T15:45:42.397571,1,-55.37843096722611,53.82930021512868,0.0,427.0,36.0,1.0,664672.0,1.0,1797230.0,65713.0
2025-12-16T15:45:42.499310,2,-55.37019785436723,53.8513626971105,0.0,412.0,29.0,1.0,891345.0,1.0,1681876.0,68553.0
2025-12-16T15:45:42.499584,2,-55.37019785436723,53.8513626971105,0.0,412.0,29.0,1.0,891345.0,1.0,1681876.0,68553.0
2025-12-16T15:45:42.597550,3,-55.36176485230357,53.872552667694976,0.0,427.0,36.0,1.0,660859.0,1.0,1407122.0,61371.0
2025-12-16T15:45:42.597652,3,-55.36176485230357,53.872552667694976,0.0,427.0,36.0,1.0,660859.0,1.0,1407122.0,61371.0
2025-12-16T15:45:42.697906,4,-55.3543094731611,53.89315491929442,0.0,428.0,36.0,1.0,995322.0,1.0,2054299.0,80047.0
2025-12-16T15:45:42.697906,4,-55.3543094731611,53.89315491929442,0.0,428.0,36.0,1.0,995322.0,1.0,2054299.0,80047.0
2025-12-16T15:45:43.397496,1,-55.30187355100382,54.04149212088625,0.0,411.0,29.0,1.0,650210.0,1.0,1788734.0,66722.0
2025-12-16T15:45:43.397626,1,-55.30187355100382,54.04149212088625,0.0,411.0,29.0,1.0,650210.0,1.0,1788734.0,66722.0
2025-12-16T15:45:43.497896,2,-55.294052958306565,54.06141914074216,0.0,418.0,32.0,1.0,888935.0,1.0,1675626.0,68206.0
2025-12-16T15:45:43.498175,2,-55.294052958306565,54.06141914074216,0.0,418.0,32.0,1.0,888935.0,1.0,1675626.0,68206.0
2025-12-16T15:45:43.600170,3,-55.28668894910446,54.08205388795798,0.0,427.0,36.0,1.0,668734.0,1.0,1418118.0,61350.0
2025-12-16T15:45:43.600383,3,-55.28668894910446,54.08205388795798,0.0,427.0,36.0,1.0,668734.0,1.0,1418118.0,61350.0
2025-12-16T15:45:43.697956,4,-55.278936178784576,54.10354641141853,0.0,444.0,44.0,1.0,1029237.0,1.0,2026675.0,78811.0
2025-12-16T15:45:43.697956,4,-55.278936178784576,54.10354641141853,0.0,444.0,44.0,1.0,1029237.0,1.0,2026675.0,78811.0
2025-12-16T15:45:44.398101,1,-55.22476461902719,54.24972610487116,0.0,409.0,28.0,1.0,652193.0,1.0,1813115.0,66903.0
2025-12-16T15:45:44.398136,1,-55.22476461902719,54.24972610487116,0.0,409.0,28.0,1.0,652193.0,1.0,1813115.0,66903.0
2025-12-16T15:45:44.497442,2,-55.21685919498761,54.27087286326862,0.0,400.0,24.0,1.0,910555.0,1.0,1697316.0,69417.0
2025-12-16T15:45:44.497700,2,-55.21685919498761,54.27087286326862,0.0,400.0,24.0,1.0,910555.0,1.0,1697316.0,69417.0
2025-12-16T15:45:44.598179,3,-55.209454074411276,54.29234887595394,0.0,405.0,26.0,1.0,666249.0,1.0,1421963.0,62651.0
2025-12-16T15:45:44.598179,3,-55.209454074411276,54.29234887595394,0.0,405.0,26.0,1.0,666249.0,1.0,1421963.0,62651.0
2025-12-16T15:45:44.699287,4,-55.20236458131598,54.31165225298688,0.0,429.0,37.0,1.0,1001065.0,1.0,2040440.0,79966.0
2025-12-16T15:45:44.699287,4,-55.20236458131598,54.31165225298688,0.0,429.0,37.0,1.0,1001065.0,1.0,2040440.0,79966.0
2025-12-16T15:45:45.397571,2,-55.15031744426545,54.459355539519024,0.0,423.0,34.0,1.0,883835.0,1.0,1670530.0,67837.0
2025-12-16T15:45:45.397620,2,-55.15031744426545,54.459355539519024,0.0,423.0,34.0,1.0,883835.0,1.0,1670530.0,67837.0
2025-12-16T15:45:45.498498,3,-55.14391907379676,54.48010868783687,0.0,423.0,34.0,1.0,679227.0,1.0,1407598.0,61600.0
2025-12-16T15:45:45.498680,3,-55.14391907379676,54.48010868783687,0.0,423.0,34.0,1.0,679227.0,1.0,1407598.0,61600.0
2025-12-16T15:45:45.598836,4,-55.13573564937548,54.49986188864704,0.0,436.0,40.0,1.0,1015397.0,1.0,2066152.0,79427.0
2025-12-16T15:45:45.598814,4,-55.13573564937548,54.49986188864704,0.0,436.0,40.0,1.0,1015397.0,1.0,2066152.0,79427.0
2025-12-16T15:45:46.398582,1,-55.06963363875211,54.666304763479474,0.0,400.0,20.0,1.0,655957.0,1.0,1779676.0,68114.0
2025-12-16T15:45:46.398582,1,-55.06963363875211,54.666304763479474,0.0,400.0,20.0,1.0,655957.0,1.0,1779676.0,68114.0
2025-12-16T15:45:46.498496,3,-55.063134152969454,54.687467023447795,0.0,402.0,24.0,1.0,675330.0,1.0,1424854.0,62885.0
2025-12-16T15:45:46.498496,3,-55.063134152969454,54.687467023447795,0.0,402.0,24.0,1.0,675330.0,1.0,1424854.0,62885.0
2025-12-16T15:45:46.598664,4,-55.05540545471046,54.709988321663545,0.0,414.0,30.0,1.0,1016085.0,1.0,2033546.0,81193.0
2025-12-16T15:45:46.598756,4,-55.05540545471046,54.709988321663545,0.0,414.0,30.0,1.0,1016085.0,1.0,2033546.0,81193.0
2025-12-16T15:45:47.399662,1,-54.99199656149074,54.87699872994876,0.0,416.0,31.0,1.0,652414.0,1.0,1790551.0,66429.0
2025-12-16T15:45:47.400435,1,-54.99199656149074,54.87699872994876,0.0,416.0,31.0,1.0,652414.0,1.0,1790551.0,66429.0
2025-12-16T15:45:47.497059,2,-54.98397330996923,54.89889387377731,0.0,406.0,26.0,1.0,891345.0,1.0,1688150.0,69019.0
2025-12-16T15:45:47.497197,2,-54.98397330996923,54.89889387377731,0.0,406.0,26.0,1.0,891345.0,1.0,1688150.0,69019.0
2025-12-16T15:45:47.598099,3,-54.97562271862482,54.917008225508845,0.0,417.0,31.0,1.0,657735.0,1.0,1399049.0,61934.0
2025-12-16T15:45:47.598067,3,-54.97562271862482,54.917008225508845,0.0,417.0,31.0,1.0,657735.0,1.0,1399049.0,61934.0
2025-12-16T15:45:47.700340,4,-54.967701700485534,54.93824641128002,0.0,422.0,34.0,1.0,1025065.0,1.0,2064056.0,80509.0
2025-12-16T15:45:47.700133,4,-54.967701700485534,54.93824641128002,0.0,422.0,34.0,1.0,1025065.0,1.0,2064056.0,80509.0
2025-12-16T15:45:48.398418,1,-54.939395892288395,55.0213544453576,0.0,425.0,35.0,1.0,646479.0,1.0,1821110.0,65869.0
2025-12-16T15:45:48.398579,1,-54.939395892288395,55.0213544453576,0.0,425.0,35.0,1.0,646479.0,1.0,1821110.0,65869.0
2025-12-16T15:45:48.498327,2,-54.939395892288395,55.0213544453576,0.0,403.0,25.0,1.0,893459.0,1.0,1683585.0,69159.0
2025-12-16T15:45:48.498544,2,-54.939395892288395,55.0213544453576,0.0,403.0,25.0,1.0,893459.0,1.0,1683585.0,69159.0
2025-12-16T15:45:48.597979,3,-54.939395892288395,55.0213544453576,0.0,416.0,31.0,1.0,675787.0,1.0,1405218.0,62039.0
2025-12-16T15:45:48.598126,3,-54.939395892288395,55.0213544453576,0.0,416.0,31.0,1.0,675787.0,1.0,1405218.0,62039.0
2025-12-16T15:45:48.699208,4,-54.939395892288395,55.0213544453576,0.0,415.0,31.0,1.0,1022986.0,1.0,2033546.0,81056.0
2025-12-16T15:45:48.699421,4,-54.939395892288395,55.0213544453576,0.0,415.0,31.0,1.0,1022986.0,1.0,2033546.0,81056.0
2025-12-16T15:45:49.402252,1,-54.939395892288395,55.0213544453576,0.0,423.0,34.0,1.0,651091.0,1.0,1783897.0,66003.0
2025-12-16T15:45:49.402563,1,-54.939395892288395,55.0213544453576,0.0,423.0,34.0,1.0,651091.0,1.0,1783897.0,66003.0
2025-12-16T15:45:49.501956,2,-54.939395892288395,55.0213544453576,0.0,405.0,26.0,1.0,884134.0,1.0,1699615.0,69065.0
2025-12-16T15:45:49.504267,2,-54.939395892288395,55.0213544453576,0.0,405.0,26.0,1.0,884134.0,1.0,1699615.0,69065.0
2025-12-16T15:45:49.598565,3,-54.939395892288395,55.0213544453576,0.0,400.0,18.0,1.0,671683.0,1.0,1416679.0,63763.0
2025-12-16T15:45:49.600362,3,-54.939395892288395,55.0213544453576,0.0,400.0,18.0,1.0,671683.0,1.0,1416679.0,63763.0
2025-12-16T15:45:49.699298,4,-54.939395892288395,55.0213544453576,0.0,400.0,24.0,1.0,1004459.0,1.0,2028047.0,82244.0
2025-12-16T15:45:49.699543,4,-54.939395892288395,55.0213544453576,0.0,400.0,24.0,1.0,1004459.0,1.0,2028047.0,82244.0
2025-12-16T15:45:50.400459,1,-54.939395892288395,55.0213544453576,0.0,413.0,29.0,1.0,651532.0,1.0,1799664.0,66654.0
2025-12-16T15:45:50.400457,1,-54.939395892288395,55.0213544453576,0.0,413.0,29.0,1.0,651532.0,1.0,1799664.0,66654.0
2025-12-16T15:45:50.497928,2,-54.939395892288395,55.0213544453576,0.0,402.0,24.0,1.0,884134.0,1.0,1707688.0,69276.0
2025-12-16T15:45:50.498113,2,-54.939395892288395,55.0213544453576,0.0,402.0,24.0,1.0,884134.0,1.0,1707688.0,69276.0
2025-12-16T15:45:50.597886,3,-54.939395892288395,55.0213544453576,0.0,426.0,35.0,1.0,675787.0,1.0,1413327.0,61412.0
2025-12-16T15:45:50.598023,3,-54.939395892288395,55.0213544453576,0.0,426.0,35.0,1.0,675787.0,1.0,1413327.0,61412.0
2025-12-16T15:45:50.698045,4,-54.939395892288395,55.0213544453576,0.0,433.0,38.0,1.0,1014367.0,1.0,2055690.0,79723.0
2025-12-16T15:45:50.698188,4,-54.939395892288395,55.0213544453576,0.0,433.0,38.0,1.0,1014367.0,1.0,2055690.0,79723.0
2025-12-16T15:45:51.402058,1,-54.939395892288395,55.0213544453576,0.0,400.0,24.0,1.0,651091.0,1.0,1805155.0,67494.0
2025-12-16T15:45:51.402543,1,-54.939395892288395,55.0213544453576,0.0,400.0,24.0,1.0,651091.0,1.0,1805155.0,67494.0
2025-12-16T15:45:51.501542,2,-54.939395892288395,55.0213544453576,0.0,422.0,34.0,1.0,879657.0,1.0,1676194.0,67906.0
2025-12-16T15:45:51.501542,2,-54.939395892288395,55.0213544453576,0.0,422.0,34.0,1.0,879657.0,1.0,1676194.0,67906.0
2025-12-16T15:45:51.598594,3,-54.939395892288395,55.0213544453576,0.0,413.0,29.0,1.0,670547.0,1.0,1427267.0,62228.0
2025-12-16T15:45:51.598594,3,-54.939395892288395,55.0213544453576,0.0,413.0,29.0,1.0,670547.0,1.0,1427267.0,62228.0
2025-12-16T15:45:51.695790,4,-54.939395892288395,55.0213544453576,0.0,435.0,39.0,1.0,1004799.0,1.0,2055690.0,79561.0
2025-12-16T15:45:51.695737,4,-54.939395892288395,55.0213544453576,0.0,435.0,39.0,1.0,1004799.0,1.0,2055690.0,79561.0
2025-12-16T15:45:52.402413,1,-54.939395892288395,55.0213544453576,0.0,418.0,32.0,1.0,664448.0,1.0,1793584.0,66294.0
2025-12-16T15:45:52.403509,1,-54.939395892288395,55.0213544453576,0.0,418.0,32.0,1.0,664448.0,1.0,1793584.0,66294.0
2025-12-16T15:45:52.499274,2,-54.939395892288395,55.0213544453576,0.0,421.0,33.0,1.0,895882.0,1.0,1697891.0,67998.0
2025-12-16T15:45:52.499334,2,-54.939395892288395,55.0213544453576,0.0,421.0,33.0,1.0,895882.0,1.0,1697891.0,67998.0
2025-12-16T15:45:52.602388,3,-54.939395892288395,55.0213544453576,0.0,400.0,24.0,1.0,668960.0,1.0,1414284.0,62991.0
2025-12-16T15:45:52.602512,3,-54.939395892288395,55.0213544453576,0.0,400.0,24.0,1.0,668960.0,1.0,1414284.0,62991.0
2025-12-16T15:45:52.701590,4,-54.939395892288395,55.0213544453576,0.0,421.0,33.0,1.0,994985.0,1.0,2088651.0,80618.0
2025-12-16T15:45:52.702926,4,-54.939395892288395,55.0213544453576,0.0,421.0,33.0,1.0,994985.0,1.0,2088651.0,80618.0
2025-12-16T15:45:53.399075,1,-54.939395892288395,55.0213544453576,0.0,406.0,26.0,1.0,640382.0,1.0,1801493.0,67061.0
2025-12-16T15:45:53.399097,1,-54.939395892288395,55.0213544453576,0.0,406.0,26.0,1.0,640382.0,1.0,1801493.0,67061.0
2025-12-16T15:45:53.498376,2,-54.939395892288395,55.0213544453576,0.0,407.0,27.0,1.0,891948.0,1.0,1680738.0,68902.0
2025-12-16T15:45:53.498583,2,-54.939395892288395,55.0213544453576,0.0,407.0,27.0,1.0,891948.0,1.0,1680738.0,68902.0
2025-12-16T15:45:53.598457,3,-54.939395892288395,55.0213544453576,0.0,406.0,26.0,1.0,673048.0,1.0,1404743.0,62651.0
2025-12-16T15:45:53.598457,3,-54.939395892288395,55.0213544453576,0.0,406.0,26.0,1.0,673048.0,1.0,1404743.0,62651.0
2025-12-16T15:45:53.702150,4,-54.939395892288395,55.0213544453576,0.0,427.0,36.0,1.0,1015053.0,1.0,2042513.0,80129.0
2025-12-16T15:45:53.702490,4,-54.939395892288395,55.0213544453576,0.0,427.0,36.0,1.0,1015053.0,1.0,2042513.0,80129.0
2025-12-16T15:45:54.397947,1,-54.939395892288395,55.0213544453576,0.0,412.0,29.0,1.0,656845.0,1.0,1812501.0,66722.0
2025-12-16T15:45:54.397977,1,-54.939395892288395,55.0213544453576,0.0,412.0,29.0,1.0,656845.0,1.0,1812501.0,66722.0
2025-12-16T15:45:54.495953,2,-54.939395892288395,55.0213544453576,0.0,408.0,27.0,1.0,890139.0,1.0,1683015.0,68879.0
2025-12-16T15:45:54.496326,2,-54.939395892288395,55.0213544453576,0.0,408.0,27.0,1.0,890139.0,1.0,1683015.0,68879.0
2025-12-16T15:45:54.596176,3,-54.939395892288395,55.0213544453576,0.0,416.0,31.0,1.0,664897.0,1.0,1423408.0,62018.0
2025-12-16T15:45:54.598423,3,-54.939395892288395,55.0213544453576,0.0,416.0,31.0,1.0,664897.0,1.0,1423408.0,62018.0
2025-12-16T15:45:54.695978,4,-54.939395892288395,55.0213544453576,0.0,425.0,35.0,1.0,1003780.0,1.0,2003487.0,80292.0
2025-12-16T15:45:54.695993,4,-54.939395892288395,55.0213544453576,0.0,425.0,35.0,1.0,1003780.0,1.0,2003487.0,80292.0
2025-12-16T15:45:55.396000,1,-54.939395892288395,55.0213544453576,0.0,414.0,30.0,1.0,657513.0,1.0,1797838.0,66564.0
2025-12-16T15:45:55.395976,1,-54.939395892288395,55.0213544453576,0.0,414.0,30.0,1.0,657513.0,1.0,1797838.0,66564.0
2025-12-16T15:45:55.495762,2,-54.939395892288395,55.0213544453576,0.0,406.0,26.0,1.0,884733.0,1.0,1689864.0,69019.0
2025-12-16T15:45:55.498065,2,-54.939395892288395,55.0213544453576,0.0,406.0,26.0,1.0,884733.0,1.0,1689864.0,69019.0
2025-12-16T15:45:55.595811,3,-54.939395892288395,55.0213544453576,0.0,414.0,30.0,1.0,677161.0,1.0,1420520.0,62123.0
2025-12-16T15:45:55.598063,3,-54.939395892288395,55.0213544453576,0.0,414.0,30.0,1.0,677161.0,1.0,1420520.0,62123.0
2025-12-16T15:45:55.696029,4,-54.939395892288395,55.0213544453576,0.0,400.0,23.0,1.0,989277.0,1.0,2064056.0,82439.0
2025-12-16T15:45:55.698351,4,-54.939395892288395,55.0213544453576,0.0,400.0,23.0,1.0,989277.0,1.0,2064056.0,82439.0
2025-12-16T15:45:56.396029,1,-54.939395892288395,55.0213544453576,0.0,413.0,29.0,1.0,646261.0,1.0,1779074.0,66654.0
2025-12-16T15:45:56.398444,1,-54.939395892288395,55.0213544453576,0.0,413.0,29.0,1.0,646261.0,1.0,1779074.0,66654.0
2025-12-16T15:45:56.496171,2,-54.939395892288395,55.0213544453576,0.0,421.0,33.0,1.0,885332.0,1.0,1699615.0,67998.0
2025-12-16T15:45:56.496176,2,-54.939395892288395,55.0213544453576,0.0,421.0,33.0,1.0,885332.0,1.0,1699615.0,67998.0
2025-12-16T15:45:56.596133,3,-54.939395892288395,55.0213544453576,0.0,400.0,20.0,1.0,673504.0,1.0,1421963.0,63548.0
2025-12-16T15:45:56.596133,3,-54.939395892288395,55.0213544453576,0.0,400.0,20.0,1.0,673504.0,1.0,1421963.0,63548.0
2025-12-16T15:45:56.695955,4,-54.939395892288395,55.0213544453576,0.0,417.0,31.0,1.0,1019875.0,1.0,2047358.0,80974.0
2025-12-16T15:45:56.696132,4,-54.939395892288395,55.0213544453576,0.0,417.0,31.0,1.0,1019875.0,1.0,2047358.0,80974.0
2025-12-16T15:45:57.395883,1,-54.939395892288395,55.0213544453576,0.0,429.0,37.0,1.0,655735.0,1.0,1780278.0,65624.0
2025-12-16T15:45:57.396151,1,-54.939395892288395,55.0213544453576,0.0,429.0,37.0,1.0,655735.0,1.0,1780278.0,65624.0
2025-12-16T15:45:57.496041,2,-54.939395892288395,55.0213544453576,0.0,409.0,28.0,1.0,897399.0,1.0,1679601.0,68785.0
2025-12-16T15:45:57.496230,2,-54.939395892288395,55.0213544453576,0.0,409.0,28.0,1.0,897399.0,1.0,1679601.0,68785.0
2025-12-16T15:45:57.601136,3,-54.939395892288395,55.0213544453576,0.0,422.0,33.0,1.0,657513.0,1.0,1431137.0,61683.0
2025-12-16T15:45:57.601095,3,-54.939395892288395,55.0213544453576,0.0,422.0,33.0,1.0,657513.0,1.0,1431137.0,61683.0
2025-12-16T15:45:58.396096,1,-54.91692178889812,55.11583329025721,0.0,427.0,36.0,1.0,668055.0,1.0,1790551.0,65713.0
2025-12-16T15:45:58.396096,1,-54.91692178889812,55.11583329025721,0.0,427.0,36.0,1.0,668055.0,1.0,1790551.0,65713.0
2025-12-16T15:45:58.497873,2,-54.906397985229184,55.13703546161554,0.0,411.0,29.0,1.0,894064.0,1.0,1689293.0,68646.0
2025-12-16T15:45:58.498033,2,-54.906397985229184,55.13703546161554,0.0,411.0,29.0,1.0,894064.0,1.0,1689293.0,68646.0
2025-12-16T15:45:58.596473,3,-54.89738281691347,55.15632524799512,0.0,412.0,29.0,1.0,669413.0,1.0,1413805.0,62249.0
2025-12-16T15:45:58.596367,3,-54.89738281691347,55.15632524799512,0.0,412.0,29.0,1.0,669413.0,1.0,1413805.0,62249.0
2025-12-16T15:45:58.697061,4,-54.889110023920686,55.17689690425456,0.0,400.0,23.0,1.0,1010255.0,1.0,2065453.0,82384.0
2025-12-16T15:45:58.697061,4,-54.889110023920686,55.17689690425456,0.0,400.0,23.0,1.0,1010255.0,1.0,2065453.0,82384.0
2025-12-16T15:45:59.396287,1,-54.835807198556616,55.322988561981035,0.0,419.0,32.0,1.0,648232.0,1.0,1794191.0,66249.0
2025-12-16T15:45:59.396512,1,-54.835807198556616,55.322988561981035,0.0,419.0,32.0,1.0,648232.0,1.0,1794191.0,66249.0
2025-12-16T15:45:59.496099,2,-54.828737339767855,55.34412274749229,0.0,413.0,29.0,1.0,906864.0,1.0,1668270.0,68553.0
2025-12-16T15:45:59.496206,2,-54.828737339767855,55.34412274749229,0.0,413.0,29.0,1.0,906864.0,1.0,1668270.0,68553.0
2025-12-16T15:45:59.596827,4,-54.821252687476786,55.366303821868215,0.0,427.0,36.0,1.0,1015741.0,1.0,2030795.0,80129.0
2025-12-16T15:45:59.597008,4,-54.821252687476786,55.366303821868215,0.0,427.0,36.0,1.0,1015741.0,1.0,2030795.0,80129.0
2025-12-16T15:46:00.396664,1,-54.767108149518094,55.534815749338435,0.0,409.0,28.0,1.0,655735.0,1.0,1830378.0,66880.0
2025-12-16T15:46:00.396664,1,-54.767108149518094,55.534815749338435,0.0,409.0,28.0,1.0,655735.0,1.0,1830378.0,66880.0
2025-12-16T15:46:00.498308,2,-54.762422277799594,55.55586309441376,0.0,400.0,23.0,1.0,915499.0,1.0,1718123.0,69464.0
2025-12-16T15:46:00.498311,2,-54.762422277799594,55.55586309441376,0.0,400.0,23.0,1.0,915499.0,1.0,1718123.0,69464.0
2025-12-16T15:46:00.596791,3,-54.7543114892263,55.57245297373396,0.0,409.0,28.0,1.0,674873.0,1.0,1432106.0,62439.0
2025-12-16T15:46:00.596790,3,-54.7543114892263,55.57245297373396,0.0,409.0,28.0,1.0,674873.0,1.0,1432106.0,62439.0
2025-12-16T15:46:00.696397,4,-54.74568272521185,55.593757947642914,0.0,424.0,34.0,1.0,995322.0,1.0,2021879.0,80400.0
2025-12-16T15:46:00.696397,4,-54.74568272521185,55.593757947642914,0.0,424.0,34.0,1.0,995322.0,1.0,2021879.0,80400.0
2025-12-16T15:46:01.398576,1,-54.685299884114805,55.74606242360073,0.0,402.0,25.0,1.0,643859.0,1.0,1787524.0,67357.0
2025-12-16T15:46:01.398770,1,-54.685299884114805,55.74606242360073,0.0,402.0,25.0,1.0,643859.0,1.0,1787524.0,67357.0
2025-12-16T15:46:01.497829,2,-54.67864443392069,55.76601598606531,0.0,403.0,25.0,1.0,874610.0,1.0,1705955.0,69182.0
2025-12-16T15:46:01.498005,2,-54.67864443392069,55.76601598606531,0.0,403.0,25.0,1.0,874610.0,1.0,1705955.0,69182.0
2025-12-16T15:46:01.597871,3,-54.67137181145662,55.787949500020936,0.0,421.0,33.0,1.0,681530.0,1.0,1421963.0,61725.0
2025-12-16T15:46:01.597985,3,-54.67137181145662,55.787949500020936,0.0,421.0,33.0,1.0,681530.0,1.0,1421963.0,61725.0
2025-12-16T15:46:01.698086,4,-54.66307791939899,55.80988952920721,0.0,420.0,33.0,1.0,1011966.0,1.0,2059868.0,80673.0
2025-12-16T15:46:01.698263,4,-54.66307791939899,55.80988952920721,0.0,420.0,33.0,1.0,1011966.0,1.0,2059868.0,80673.0
2025-12-16T15:46:02.401890,1,-54.629927059957,55.90153718469675,0.0,423.0,34.0,1.0,649990.0,1.0,1780881.0,66003.0
2025-12-16T15:46:02.403167,1,-54.629927059957,55.90153718469675,0.0,423.0,34.0,1.0,649990.0,1.0,1780881.0,66003.0
2025-12-16T15:46:02.501272,2,-54.629927059957,55.90153718469675,0.0,408.0,27.0,1.0,886831.0,1.0,1687578.0,68855.0
2025-12-16T15:46:02.503139,2,-54.629927059957,55.90153718469675,0.0,408.0,27.0,1.0,886831.0,1.0,1687578.0,68855.0
2025-12-16T15:46:02.599273,3,-54.629927059957,55.90153718469675,0.0,425.0,35.0,1.0,678767.0,1.0,1407122.0,61516.0
2025-12-16T15:46:02.599393,3,-54.629927059957,55.90153718469675,0.0,425.0,35.0,1.0,678767.0,1.0,1407122.0,61516.0
2025-12-16T15:46:02.701225,4,-54.629927059957,55.90153718469675,0.0,437.0,40.0,1.0,1016085.0,1.0,2028734.0,79400.0
2025-12-16T15:46:02.702044,4,-54.629927059957,55.90153718469675,0.0,437.0,40.0,1.0,1016085.0,1.0,2028734.0,79400.0
2025-12-16T15:46:03.402153,1,-54.629927059957,55.90153718469675,0.0,400.0,23.0,1.0,661307.0,1.0,1809436.0,67631.0
2025-12-16T15:46:03.403046,1,-54.629927059957,55.90153718469675,0.0,400.0,23.0,1.0,661307.0,1.0,1809436.0,67631.0
2025-12-16T15:46:03.498069,2,-54.629927059957,55.90153718469675,0.0,410.0,28.0,1.0,889838.0,1.0,1688150.0,68716.0
2025-12-16T15:46:03.498069,2,-54.629927059957,55.90153718469675,0.0,410.0,28.0,1.0,889838.0,1.0,1688150.0,68716.0
2025-12-16T15:46:03.602457,3,-54.629927059957,55.90153718469675,0.0,403.0,25.0,1.0,671001.0,1.0,1420520.0,62799.0
2025-12-16T15:46:03.603289,3,-54.629927059957,55.90153718469675,0.0,403.0,25.0,1.0,671001.0,1.0,1420520.0,62799.0
2025-12-16T15:46:03.697956,4,-54.629927059957,55.90153718469675,0.0,428.0,36.0,1.0,993976.0,1.0,2104974.0,80074.0
2025-12-16T15:46:03.698117,4,-54.629927059957,55.90153718469675,0.0,428.0,36.0,1.0,993976.0,1.0,2104974.0,80074.0
2025-12-16T15:46:04.397139,2,-54.629927059957,55.90153718469675,0.0,400.0,21.0,1.0,891345.0,1.0,1693300.0,69794.0
2025-12-16T15:46:04.397388,2,-54.629927059957,55.90153718469675,0.0,400.0,21.0,1.0,891345.0,1.0,1693300.0,69794.0
2025-12-16T15:46:04.497792,3,-54.629927059957,55.90153718469675,0.0,418.0,32.0,1.0,672138.0,1.0,1402368.0,61913.0
2025-12-16T15:46:04.497792,3,-54.629927059957,55.90153718469675,0.0,418.0,32.0,1.0,672138.0,1.0,1402368.0,61913.0
2025-12-16T15:46:04.596901,4,-54.629927059957,55.90153718469675,0.0,420.0,33.0,1.0,1030980.0,1.0,2057778.0,80700.0
2025-12-16T15:46:04.596768,4,-54.629927059957,55.90153718469675,0.0,420.0,33.0,1.0,1030980.0,1.0,2057778.0,80700.0
2025-12-16T15:46:05.400386,1,-54.629927059957,55.90153718469675,0.0,424.0,34.0,1.0,649990.0,1.0,1799664.0,65958.0
2025-12-16T15:46:05.400481,1,-54.629927059957,55.90153718469675,0.0,424.0,34.0,1.0,649990.0,1.0,1799664.0,65958.0
2025-12-16T15:46:05.499487,2,-54.629927059957,55.90153718469675,0.0,426.0,35.0,1.0,905331.0,1.0,1691581.0,67654.0
2025-12-16T15:46:05.499753,2,-54.629927059957,55.90153718469675,0.0,426.0,35.0,1.0,905331.0,1.0,1691581.0,67654.0
2025-12-16T15:46:05.602038,3,-54.629927059957,55.90153718469675,0.0,413.0,29.0,1.0,668734.0,1.0,1417159.0,62207.0
2025-12-16T15:46:05.604907,3,-54.629927059957,55.90153718469675,0.0,413.0,29.0,1.0,668734.0,1.0,1417159.0,62207.0
2025-12-16T15:46:05.701822,4,-54.629927059957,55.90153718469675,0.0,404.0,25.0,1.0,991288.0,1.0,2052909.0,81994.0
2025-12-16T15:46:05.703426,4,-54.629927059957,55.90153718469675,0.0,404.0,25.0,1.0,991288.0,1.0,2052909.0,81994.0
2025-12-16T15:46:06.396092,1,-54.629927059957,55.90153718469675,0.0,413.0,29.0,1.0,646917.0,1.0,1802712.0,66654.0
2025-12-16T15:46:06.396107,1,-54.629927059957,55.90153718469675,0.0,413.0,29.0,1.0,646917.0,1.0,1802712.0,66654.0
2025-12-16T15:46:06.495987,2,-54.629927059957,55.90153718469675,0.0,432.0,38.0,1.0,878169.0,1.0,1676761.0,67311.0
2025-12-16T15:46:06.498618,2,-54.629927059957,55.90153718469675,0.0,432.0,38.0,1.0,878169.0,1.0,1676761.0,67311.0
2025-12-16T15:46:06.595920,3,-54.629927059957,55.90153718469675,0.0,419.0,32.0,1.0,677849.0,1.0,1400470.0,61829.0
2025-12-16T15:46:06.596025,3,-54.629927059957,55.90153718469675,0.0,419.0,32.0,1.0,677849.0,1.0,1400470.0,61829.0
2025-12-16T15:46:06.695848,4,-54.629927059957,55.90153718469675,0.0,425.0,35.0,1.0,1006501.0,1.0,2058475.0,80319.0
2025-12-16T15:46:06.696115,4,-54.629927059957,55.90153718469675,0.0,425.0,35.0,1.0,1006501.0,1.0,2058475.0,80319.0
2025-12-16T15:46:07.396289,1,-54.629927059957,55.90153718469675,0.0,416.0,31.0,1.0,638867.0,1.0,1805155.0,66429.0
2025-12-16T15:46:07.398800,1,-54.629927059957,55.90153718469675,0.0,416.0,31.0,1.0,638867.0,1.0,1805155.0,66429.0
2025-12-16T15:46:07.495857,2,-54.629927059957,55.90153718469675,0.0,423.0,34.0,1.0,903800.0,1.0,1679601.0,67906.0
2025-12-16T15:46:07.495820,2,-54.629927059957,55.90153718469675,0.0,423.0,34.0,1.0,903800.0,1.0,1679601.0,67906.0
2025-12-16T15:46:07.595865,3,-54.629927059957,55.90153718469675,0.0,414.0,30.0,1.0,676932.0,1.0,1408075.0,62123.0
2025-12-16T15:46:07.598195,3,-54.629927059957,55.90153718469675,0.0,414.0,30.0,1.0,676932.0,1.0,1408075.0,62123.0
2025-12-16T15:46:07.695924,4,-54.629927059957,55.90153718469675,0.0,437.0,40.0,1.0,1012309.0,1.0,2020511.0,79400.0
2025-12-16T15:46:07.698258,4,-54.629927059957,55.90153718469675,0.0,437.0,40.0,1.0,1012309.0,1.0,2020511.0,79400.0
2025-12-16T15:46:08.396016,1,-54.629927059957,55.90153718469675,0.0,421.0,33.0,1.0,657735.0,1.0,1803933.0,66115.0
2025-12-16T15:46:08.398320,1,-54.629927059957,55.90153718469675,0.0,421.0,33.0,1.0,657735.0,1.0,1803933.0,66115.0
2025-12-16T15:46:08.495952,2,-54.629927059957,55.90153718469675,0.0,400.0,20.0,1.0,902883.0,1.0,1692154.0,69983.0
2025-12-16T15:46:08.498274,2,-54.629927059957,55.90153718469675,0.0,400.0,20.0,1.0,902883.0,1.0,1692154.0,69983.0
2025-12-16T15:46:08.596058,3,-54.629927059957,55.90153718469675,0.0,414.0,30.0,1.0,665798.0,1.0,1416200.0,62165.0
2025-12-16T15:46:08.598560,3,-54.629927059957,55.90153718469675,0.0,414.0,30.0,1.0,665798.0,1.0,1416200.0,62165.0
2025-12-16T15:46:08.696254,4,-54.629927059957,55.90153718469675,0.0,407.0,27.0,1.0,1001065.0,1.0,2097861.0,81717.0
2025-12-16T15:46:08.696176,4,-54.629927059957,55.90153718469675,0.0,407.0,27.0,1.0,1001065.0,1.0,2097861.0,81717.0
2025-12-16T15:46:09.397478,1,-54.629931190870415,55.9014010127285,0.0,408.0,27.0,1.0,652635.0,1.0,1833479.0,66948.0
2025-12-16T15:46:09.397648,1,-54.629931190870415,55.9014010127285,0.0,408.0,27.0,1.0,652635.0,1.0,1833479.0,66948.0
2025-12-16T15:46:09.496830,3,-54.629726459935796,55.90813066785854,0.0,427.0,36.0,1.0,671228.0,1.0,1392436.0,61391.0
2025-12-16T15:46:09.496744,3,-54.629726459935796,55.90813066785854,0.0,427.0,36.0,1.0,671228.0,1.0,1392436.0,61391.0
2025-12-16T15:46:09.597202,4,-54.62809179892095,55.92121321327626,0.0,410.0,28.0,1.0,1019184.0,1.0,2040440.0,81469.0
2025-12-16T15:46:09.597365,4,-54.62809179892095,55.92121321327626,0.0,410.0,28.0,1.0,1019184.0,1.0,2040440.0,81469.0
2025-12-16T15:46:10.396552,1,-54.56608262369508,56.093526901395556,0.0,425.0,35.0,1.0,651311.0,1.0,1794191.0,65847.0
2025-12-16T15:46:10.396552,1,-54.56608262369508,56.093526901395556,0.0,425.0,35.0,1.0,651311.0,1.0,1794191.0,65847.0
2025-12-16T15:46:10.496579,2,-54.558554468998246,56.11389792958813,0.0,417.0,31.0,1.0,888333.0,1.0,1688721.0,68298.0
2025-12-16T15:46:10.496579,2,-54.558554468998246,56.11389792958813,0.0,417.0,31.0,1.0,888333.0,1.0,1688721.0,68298.0
2025-12-16T15:46:10.597058,3,-54.552135136089696,56.13305584308431,0.0,400.0,21.0,1.0,660859.0,1.0,1421482.0,63419.0
2025-12-16T15:46:10.597058,3,-54.552135136089696,56.13305584308431,0.0,400.0,21.0,1.0,660859.0,1.0,1421482.0,63419.0
2025-12-16T15:46:10.697062,4,-54.54469903917508,56.155072520720964,0.0,431.0,37.0,1.0,994985.0,1.0,1997393.0,79885.0
2025-12-16T15:46:10.697062,4,-54.54469903917508,56.155072520720964,0.0,431.0,37.0,1.0,994985.0,1.0,1997393.0,79885.0
2025-12-16T15:46:11.396659,1,-54.489540780530994,56.303170916654096,0.0,400.0,23.0,1.0,652193.0,1.0,1793584.0,67608.0
2025-12-16T15:46:11.396975,1,-54.489540780530994,56.303170916654096,0.0,400.0,23.0,1.0,652193.0,1.0,1793584.0,67608.0
2025-12-16T15:46:11.496479,2,-54.482672465161805,56.32326023303315,0.0,415.0,30.0,1.0,923278.0,1.0,1691581.0,68437.0
2025-12-16T15:46:11.496479,2,-54.482672465161805,56.32326023303315,0.0,415.0,30.0,1.0,923278.0,1.0,1691581.0,68437.0
2025-12-16T15:46:11.597381,3,-54.474934807931895,56.34503998503152,0.0,412.0,29.0,1.0,655957.0,1.0,1412370.0,62249.0
2025-12-16T15:46:11.597381,3,-54.474934807931895,56.34503998503152,0.0,412.0,29.0,1.0,655957.0,1.0,1412370.0,62249.0
2025-12-16T15:46:11.696428,4,-54.467567544311834,56.36620783517171,0.0,432.0,38.0,1.0,1010939.0,1.0,2055690.0,79750.0
2025-12-16T15:46:11.696454,4,-54.467567544311834,56.36620783517171,0.0,432.0,38.0,1.0,1010939.0,1.0,2055690.0,79750.0
2025-12-16T15:46:12.397226,1,-54.41096656372596,56.51081633176465,0.0,412.0,29.0,1.0,650650.0,1.0,1793584.0,66722.0
2025-12-16T15:46:12.397226,1,-54.41096656372596,56.51081633176465,0.0,412.0,29.0,1.0,650650.0,1.0,1793584.0,66722.0
2025-12-16T15:46:12.496830,2,-54.40246051189481,56.531947366791215,0.0,415.0,30.0,1.0,884433.0,1.0,1693300.0,68437.0
2025-12-16T15:46:12.497058,2,-54.40246051189481,56.531947366791215,0.0,415.0,30.0,1.0,884433.0,1.0,1693300.0,68437.0
2025-12-16T15:46:12.596752,3,-54.39616814136004,56.55232677574236,0.0,426.0,35.0,1.0,681760.0,1.0,1415241.0,61433.0
2025-12-16T15:46:12.596752,3,-54.39616814136004,56.55232677574236,0.0,426.0,35.0,1.0,681760.0,1.0,1415241.0,61433.0
2025-12-16T15:46:12.697185,4,-54.389799708335275,56.57383503044559,0.0,423.0,34.0,1.0,1009230.0,1.0,2059868.0,80455.0
2025-12-16T15:46:12.697302,4,-54.389799708335275,56.57383503044559,0.0,423.0,34.0,1.0,1009230.0,1.0,2059868.0,80455.0
2025-12-16T15:46:13.400222,1,-54.35210155200105,56.665782251560366,0.0,433.0,38.0,1.0,661530.0,1.0,1796014.0,65380.0
2025-12-16T15:46:13.400766,1,-54.35210155200105,56.665782251560366,0.0,433.0,38.0,1.0,661530.0,1.0,1796014.0,65380.0
2025-12-16T15:46:13.500458,2,-54.35210155200105,56.665782251560366,0.0,419.0,32.0,1.0,884433.0,1.0,1683585.0,68160.0
2025-12-16T15:46:13.500458,2,-54.35210155200105,56.665782251560366,0.0,419.0,32.0,1.0,884433.0,1.0,1683585.0,68160.0
2025-12-16T15:46:13.598427,3,-54.35210155200105,56.665782251560366,0.0,417.0,31.0,1.0,676932.0,1.0,1406646.0,61976.0
2025-12-16T15:46:13.598570,3,-54.35210155200105,56.665782251560366,0.0,417.0,31.0,1.0,676932.0,1.0,1406646.0,61976.0
2025-12-16T15:46:13.701804,4,-54.35210155200105,56.665782251560366,0.0,421.0,33.0,1.0,1000388.0,1.0,2063357.0,80618.0
2025-12-16T15:46:13.701908,4,-54.35210155200105,56.665782251560366,0.0,421.0,33.0,1.0,1000388.0,1.0,2063357.0,80618.0
2025-12-16T15:46:14.397106,1,-54.35210155200105,56.665782251560366,0.0,420.0,32.0,1.0,647574.0,1.0,1791157.0,66204.0
2025-12-16T15:46:14.397252,1,-54.35210155200105,56.665782251560366,0.0,420.0,32.0,1.0,647574.0,1.0,1791157.0,66204.0
2025-12-16T15:46:14.498675,2,-54.35210155200105,56.665782251560366,0.0,424.0,34.0,1.0,891345.0,1.0,1685295.0,67814.0
2025-12-16T15:46:14.498705,2,-54.35210155200105,56.665782251560366,0.0,424.0,34.0,1.0,891345.0,1.0,1685295.0,67814.0
2025-12-16T15:46:14.599196,3,-54.35210155200105,56.665782251560366,0.0,424.0,35.0,1.0,674416.0,1.0,1412370.0,61537.0
2025-12-16T15:46:14.599196,3,-54.35210155200105,56.665782251560366,0.0,424.0,35.0,1.0,674416.0,1.0,1412370.0,61537.0
2025-12-16T15:46:14.700401,4,-54.35210155200105,56.665782251560366,0.0,426.0,35.0,1.0,1040445.0,1.0,2064754.0,80264.0
2025-12-16T15:46:14.700404,4,-54.35210155200105,56.665782251560366,0.0,426.0,35.0,1.0,1040445.0,1.0,2064754.0,80264.0
2025-12-16T15:46:15.397729,1,-54.35210155200105,56.665782251560366,0.0,405.0,26.0,1.0,657513.0,1.0,1784501.0,67152.0
2025-12-16T15:46:15.397729,1,-54.35210155200105,56.665782251560366,0.0,405.0,26.0,1.0,657513.0,1.0,1784501.0,67152.0
2025-12-16T15:46:15.497456,2,-54.35210155200105,56.665782251560366,0.0,413.0,30.0,1.0,884733.0,1.0,1691009.0,68530.0
2025-12-16T15:46:15.497647,2,-54.35210155200105,56.665782251560366,0.0,413.0,30.0,1.0,884733.0,1.0,1691009.0,68530.0
2025-12-16T15:46:15.597231,3,-54.35210155200105,56.665782251560366,0.0,403.0,25.0,1.0,669413.0,1.0,1419559.0,62799.0
2025-12-16T15:46:15.597176,3,-54.35210155200105,56.665782251560366,0.0,403.0,25.0,1.0,669413.0,1.0,1419559.0,62799.0
2025-12-16T15:46:15.696702,4,-54.35210155200105,56.665782251560366,0.0,409.0,28.0,1.0,993639.0,1.0,2053603.0,81551.0
2025-12-16T15:46:15.696727,4,-54.35210155200105,56.665782251560366,0.0,409.0,28.0,1.0,993639.0,1.0,2053603.0,81551.0
2025-12-16T15:46:16.399454,1,-54.35210155200105,56.665782251560366,0.0,425.0,35.0,1.0,646917.0,1.0,1797230.0,65869.0
2025-12-16T15:46:16.399340,1,-54.35210155200105,56.665782251560366,0.0,425.0,35.0,1.0,646917.0,1.0,1797230.0,65869.0
2025-12-16T15:46:16.497454,2,-54.35210155200105,56.665782251560366,0.0,414.0,30.0,1.0,900137.0,1.0,1683015.0,68460.0
2025-12-16T15:46:16.497455,2,-54.35210155200105,56.665782251560366,0.0,414.0,30.0,1.0,900137.0,1.0,1683015.0,68460.0
2025-12-16T15:46:16.600165,3,-54.35210155200105,56.665782251560366,0.0,418.0,32.0,1.0,677620.0,1.0,1412370.0,61892.0
2025-12-16T15:46:16.600395,3,-54.35210155200105,56.665782251560366,0.0,418.0,32.0,1.0,677620.0,1.0,1412370.0,61892.0
2025-12-16T15:46:16.702219,4,-54.35210155200105,56.665782251560366,0.0,401.0,24.0,1.0,1011281.0,1.0,2067552.0,82189.0
2025-12-16T15:46:16.702382,4,-54.35210155200105,56.665782251560366,0.0,401.0,24.0,1.0,1011281.0,1.0,2067552.0,82189.0
2025-12-16T15:46:17.402729,1,-54.35210155200105,56.665782251560366,0.0,431.0,38.0,1.0,642553.0,1.0,1797838.0,65491.0
2025-12-16T15:46:17.402895,1,-54.35210155200105,56.665782251560366,0.0,431.0,38.0,1.0,642553.0,1.0,1797838.0,65491.0
2025-12-16T15:46:17.497942,2,-54.35210155200105,56.665782251560366,0.0,422.0,33.0,1.0,912097.0,1.0,1674493.0,67975.0
2025-12-16T15:46:17.498166,2,-54.35210155200105,56.665782251560366,0.0,422.0,33.0,1.0,912097.0,1.0,1674493.0,67975.0
2025-12-16T15:46:17.601126,3,-54.35210155200105,56.665782251560366,0.0,422.0,34.0,1.0,683840.0,1.0,1422926.0,61662.0
2025-12-16T15:46:17.601468,3,-54.35210155200105,56.665782251560366,0.0,422.0,34.0,1.0,683840.0,1.0,1422926.0,61662.0
2025-12-16T15:46:17.698688,4,-54.35210155200105,56.665782251560366,0.0,409.0,28.0,1.0,1019875.0,1.0,2061961.0,81551.0
2025-12-16T15:46:17.698847,4,-54.35210155200105,56.665782251560366,0.0,409.0,28.0,1.0,1019875.0,1.0,2061961.0,81551.0
2025-12-16T15:46:18.400175,1,-54.35210155200105,56.665782251560366,0.0,421.0,33.0,1.0,660859.0,1.0,1802102.0,66115.0
2025-12-16T15:46:18.400504,1,-54.35210155200105,56.665782251560366,0.0,421.0,33.0,1.0,660859.0,1.0,1802102.0,66115.0
2025-12-16T15:46:18.500339,2,-54.35210155200105,56.665782251560366,0.0,424.0,34.0,1.0,892552.0,1.0,1695594.0,67814.0
2025-12-16T15:46:18.500427,2,-54.35210155200105,56.665782251560366,0.0,424.0,34.0,1.0,892552.0,1.0,1695594.0,67814.0
2025-12-16T15:46:18.597267,3,-54.35210155200105,56.665782251560366,0.0,427.0,36.0,1.0,666249.0,1.0,1420039.0,61371.0
2025-12-16T15:46:18.597267,3,-54.35210155200105,56.665782251560366,0.0,427.0,36.0,1.0,666249.0,1.0,1420039.0,61371.0
2025-12-16T15:46:18.695693,4,-54.35210155200105,56.665782251560366,0.0,427.0,36.0,1.0,992631.0,1.0,2066152.0,80183.0
2025-12-16T15:46:18.695693,4,-54.35210155200105,56.665782251560366,0.0,427.0,36.0,1.0,992631.0,1.0,2066152.0,80183.0
2025-12-16T15:46:19.398503,1,-54.35210155200105,56.665782251560366,0.0,421.0,33.0,1.0,652193.0,1.0,1805155.0,66160.0
2025-12-16T15:46:19.398503,1,-54.35210155200105,56.665782251560366,0.0,421.0,33.0,1.0,652193.0,1.0,1805155.0,66160.0
2025-12-16T15:46:19.497829,2,-54.35210155200105,56.665782251560366,0.0,426.0,36.0,1.0,895882.0,1.0,1707688.0,67654.0
2025-12-16T15:46:19.497961,2,-54.35210155200105,56.665782251560366,0.0,426.0,36.0,1.0,895882.0,1.0,1707688.0,67654.0
2025-12-16T15:46:19.597561,4,-54.35210155200105,56.665782251560366,0.0,431.0,38.0,1.0,1020911.0,1.0,2041131.0,79858.0
2025-12-16T15:46:19.597693,4,-54.35210155200105,56.665782251560366,0.0,431.0,38.0,1.0,1020911.0,1.0,2041131.0,79858.0
2025-12-16T15:46:20.401733,1,-54.35210155200105,56.665782251560366,0.0,420.0,33.0,1.0,653740.0,1.0,1797838.0,66182.0
2025-12-16T15:46:20.401322,1,-54.35210155200105,56.665782251560366,0.0,420.0,33.0,1.0,653740.0,1.0,1797838.0,66182.0
2025-12-16T15:46:20.499346,2,-54.35210155200105,56.665782251560366,0.0,422.0,33.0,1.0,877872.0,1.0,1695594.0,67975.0
2025-12-16T15:46:20.499346,2,-54.35210155200105,56.665782251560366,0.0,422.0,33.0,1.0,877872.0,1.0,1695594.0,67975.0
2025-12-16T15:46:20.600343,3,-54.35210155200105,56.665782251560366,0.0,420.0,33.0,1.0,672593.0,1.0,1411415.0,61788.0
2025-12-16T15:46:20.600344,3,-54.35210155200105,56.665782251560366,0.0,420.0,33.0,1.0,672593.0,1.0,1411415.0,61788.0
2025-12-16T15:46:20.698479,4,-54.35210155200105,56.665782251560366,0.0,412.0,29.0,1.0,1025065.0,1.0,2028734.0,81331.0
2025-12-16T15:46:20.698553,4,-54.35210155200105,56.665782251560366,0.0,412.0,29.0,1.0,1025065.0,1.0,2028734.0,81331.0
2025-12-16T15:46:21.397205,1,-54.35210155200105,56.665782251560366,0.0,422.0,33.0,1.0,663549.0,1.0,1794798.0,66092.0
2025-12-16T15:46:21.399090,1,-54.35210155200105,56.665782251560366,0.0,422.0,33.0,1.0,663549.0,1.0,1794798.0,66092.0
2025-12-16T15:46:21.495918,2,-54.35210155200105,56.665782251560366,0.0,425.0,35.0,1.0,891948.0,1.0,1712897.0,67723.0
2025-12-16T15:46:21.495918,2,-54.35210155200105,56.665782251560366,0.0,425.0,35.0,1.0,891948.0,1.0,1712897.0,67723.0
2025-12-16T15:46:21.596003,3,-54.35210155200105,56.665782251560366,0.0,423.0,34.0,1.0,681760.0,1.0,1414284.0,61620.0
2025-12-16T15:46:21.596422,3,-54.35210155200105,56.665782251560366,0.0,423.0,34.0,1.0,681760.0,1.0,1414284.0,61620.0
2025-12-16T15:46:21.696314,4,-54.35210155200105,56.665782251560366,0.0,432.0,38.0,1.0,1000727.0,1.0,2063357.0,79777.0
2025-12-16T15:46:21.699025,4,-54.35210155200105,56.665782251560366,0.0,432.0,38.0,1.0,1000727.0,1.0,2063357.0,79777.0
2025-12-16T15:46:22.396173,1,-54.35210155200105,56.665782251560366,0.0,430.0,37.0,1.0,648452.0,1.0,1799055.0,65580.0
2025-12-16T15:46:22.399550,1,-54.35210155200105,56.665782251560366,0.0,430.0,37.0,1.0,648452.0,1.0,1799055.0,65580.0
2025-12-16T15:46:22.495740,2,-54.35210155200105,56.665782251560366,0.0,411.0,29.0,1.0,880252.0,1.0,1690437.0,68646.0
2025-12-16T15:46:22.495977,2,-54.35210155200105,56.665782251560366,0.0,411.0,29.0,1.0,880252.0,1.0,1690437.0,68646.0
2025-12-16T15:46:22.596026,3,-54.35210155200105,56.665782251560366,0.0,412.0,29.0,1.0,678997.0,1.0,1432106.0,62249.0
2025-12-16T15:46:22.598283,3,-54.35210155200105,56.665782251560366,0.0,412.0,29.0,1.0,678997.0,1.0,1432106.0,62249.0
2025-12-16T15:46:22.696202,4,-54.35210155200105,56.665782251560366,0.0,408.0,27.0,1.0,1021256.0,1.0,2056386.0,81662.0
2025-12-16T15:46:22.696202,4,-54.35210155200105,56.665782251560366,0.0,408.0,27.0,1.0,1021256.0,1.0,2056386.0,81662.0
2025-12-16T15:46:23.396134,2,-54.35210155200105,56.665782251560366,0.0,416.0,31.0,1.0,875795.0,1.0,1692727.0,68344.0
2025-12-16T15:46:23.396464,2,-54.35210155200105,56.665782251560366,0.0,416.0,31.0,1.0,875795.0,1.0,1692727.0,68344.0
2025-12-16T15:46:23.495840,3,-54.35210155200105,56.665782251560366,0.0,400.0,21.0,1.0,675787.0,1.0,1430168.0,63376.0
2025-12-16T15:46:23.498155,3,-54.35210155200105,56.665782251560366,0.0,400.0,21.0,1.0,675787.0,1.0,1430168.0,63376.0
2025-12-16T15:46:23.596250,4,-54.35210155200105,56.665782251560366,0.0,438.0,41.0,1.0,993303.0,1.0,2058475.0,79346.0
2025-12-16T15:46:23.597755,4,-54.35210155200105,56.665782251560366,0.0,438.0,41.0,1.0,993303.0,1.0,2058475.0,79346.0
2025-12-16T15:46:24.395997,1,-54.35210155200105,56.665782251560366,0.0,431.0,38.0,1.0,645823.0,1.0,1788129.0,65491.0
2025-12-16T15:46:24.396162,1,-54.35210155200105,56.665782251560366,0.0,431.0,38.0,1.0,645823.0,1.0,1788129.0,65491.0
2025-12-16T15:46:24.495961,2,-54.35210155200105,56.665782251560366,0.0,408.0,27.0,1.0,894064.0,1.0,1682446.0,68879.0
2025-12-16T15:46:24.497428,2,-54.35210155200105,56.665782251560366,0.0,408.0,27.0,1.0,894064.0,1.0,1682446.0,68879.0
2025-12-16T15:46:24.599390,3,-54.35210155200105,56.665782251560366,0.0,400.0,24.0,1.0,683146.0,1.0,1423408.0,63034.0
2025-12-16T15:46:24.603492,3,-54.35210155200105,56.665782251560366,0.0,400.0,24.0,1.0,683146.0,1.0,1423408.0,63034.0
2025-12-16T15:46:24.696655,4,-54.35210155200105,56.665782251560366,0.0,409.0,28.0,1.0,1004799.0,1.0,2062659.0,81551.0
2025-12-16T15:46:24.700982,4,-54.35210155200105,56.665782251560366,0.0,409.0,28.0,1.0,1004799.0,1.0,2062659.0,81551.0
2025-12-16T15:46:25.400199,1,-54.35210155200105,56.665782251560366,0.0,424.0,34.0,1.0,644731.0,1.0,1794191.0,65936.0
2025-12-16T15:46:25.400199,1,-54.35210155200105,56.665782251560366,0.0,424.0,34.0,1.0,644731.0,1.0,1794191.0,65936.0
2025-12-16T15:46:25.502175,2,-54.35210155200105,56.665782251560366,0.0,413.0,29.0,1.0,881147.0,1.0,1696168.0,68553.0
2025-12-16T15:46:25.502175,2,-54.35210155200105,56.665782251560366,0.0,413.0,29.0,1.0,881147.0,1.0,1696168.0,68553.0
2025-12-16T15:46:25.600207,3,-54.35210155200105,56.665782251560366,0.0,409.0,28.0,1.0,667377.0,1.0,1411415.0,62460.0
2025-12-16T15:46:25.600770,3,-54.35210155200105,56.665782251560366,0.0,409.0,28.0,1.0,667377.0,1.0,1411415.0,62460.0
2025-12-16T15:46:25.698585,4,-54.35210155200105,56.665782251560366,0.0,407.0,27.0,1.0,995322.0,1.0,2023248.0,81717.0
2025-12-16T15:46:25.698903,4,-54.35210155200105,56.665782251560366,0.0,407.0,27.0,1.0,995322.0,1.0,2023248.0,81717.0
2025-12-16T15:46:26.400340,1,-54.35210155200105,56.665782251560366,0.0,417.0,31.0,1.0,665348.0,1.0,1795406.0,66406.0
2025-12-16T15:46:26.400215,1,-54.35210155200105,56.665782251560366,0.0,417.0,31.0,1.0,665348.0,1.0,1795406.0,66406.0
2025-12-16T15:46:26.501313,2,-54.35210155200105,56.665782251560366,0.0,427.0,36.0,1.0,918913.0,1.0,1704800.0,67608.0
2025-12-16T15:46:26.501587,2,-54.35210155200105,56.665782251560366,0.0,427.0,36.0,1.0,918913.0,1.0,1704800.0,67608.0
2025-12-16T15:46:26.599313,3,-54.35210155200105,56.665782251560366,0.0,432.0,38.0,1.0,673504.0,1.0,1427750.0,61060.0
2025-12-16T15:46:26.599294,3,-54.35210155200105,56.665782251560366,0.0,432.0,38.0,1.0,673504.0,1.0,1427750.0,61060.0
2025-12-16T15:46:26.697496,4,-54.35210155200105,56.665782251560366,0.0,428.0,36.0,1.0,1009572.0,1.0,2009599.0,80102.0
2025-12-16T15:46:26.697641,4,-54.35210155200105,56.665782251560366,0.0,428.0,36.0,1.0,1009572.0,1.0,2009599.0,80102.0
2025-12-16T15:46:27.399106,1,-54.35210155200105,56.665782251560366,0.0,416.0,31.0,1.0,666249.0,1.0,1786919.0,66429.0
2025-12-16T15:46:27.399249,1,-54.35210155200105,56.665782251560366,0.0,416.0,31.0,1.0,666249.0,1.0,1786919.0,66429.0
2025-12-16T15:46:27.502233,2,-54.35210155200105,56.665782251560366,0.0,410.0,28.0,1.0,882042.0,1.0,1694446.0,68716.0
2025-12-16T15:46:27.503168,2,-54.35210155200105,56.665782251560366,0.0,410.0,28.0,1.0,882042.0,1.0,1694446.0,68716.0
2025-12-16T15:46:27.598427,3,-54.35210155200105,56.665782251560366,0.0,415.0,30.0,1.0,681068.0,1.0,1430168.0,62081.0
2025-12-16T15:46:27.598427,3,-54.35210155200105,56.665782251560366,0.0,415.0,30.0,1.0,681068.0,1.0,1430168.0,62081.0
2025-12-16T15:46:28.400125,1,-54.35210155200105,56.665782251560366,0.0,431.0,38.0,1.0,642118.0,1.0,1774263.0,65469.0
2025-12-16T15:46:28.400709,1,-54.35210155200105,56.665782251560366,0.0,431.0,38.0,1.0,642118.0,1.0,1774263.0,65469.0
2025-12-16T15:46:28.497388,2,-54.35210155200105,56.665782251560366,0.0,415.0,30.0,1.0,891647.0,1.0,1699040.0,68391.0
2025-12-16T15:46:28.497556,2,-54.35210155200105,56.665782251560366,0.0,415.0,30.0,1.0,891647.0,1.0,1699040.0,68391.0
2025-12-16T15:46:28.600528,3,-54.35210155200105,56.665782251560366,0.0,415.0,30.0,1.0,676245.0,1.0,1422444.0,62102.0
2025-12-16T15:46:28.600532,3,-54.35210155200105,56.665782251560366,0.0,415.0,30.0,1.0,676245.0,1.0,1422444.0,62102.0
2025-12-16T15:46:28.702121,4,-54.35210155200105,56.665782251560366,0.0,429.0,37.0,1.0,992631.0,1.0,2016412.0,80047.0
2025-12-16T15:46:28.702153,4,-54.35210155200105,56.665782251560366,0.0,429.0,37.0,1.0,992631.0,1.0,2016412.0,80047.0
2025-12-16T15:46:29.402289,1,-54.35210155200105,56.665782251560366,0.0,420.0,33.0,1.0,665798.0,1.0,1787524.0,66182.0
2025-12-16T15:46:29.402289,1,-54.35210155200105,56.665782251560366,0.0,420.0,33.0,1.0,665798.0,1.0,1787524.0,66182.0
2025-12-16T15:46:29.502614,2,-54.35210155200105,56.665782251560366,0.0,418.0,32.0,1.0,901661.0,1.0,1677896.0,68229.0
2025-12-16T15:46:29.502669,2,-54.35210155200105,56.665782251560366,0.0,418.0,32.0,1.0,901661.0,1.0,1677896.0,68229.0
2025-12-16T15:46:29.599181,3,-54.35210155200105,56.665782251560366,0.0,400.0,23.0,1.0,678308.0,1.0,1428717.0,63055.0
2025-12-16T15:46:29.599484,3,-54.35210155200105,56.665782251560366,0.0,400.0,23.0,1.0,678308.0,1.0,1428717.0,63055.0
2025-12-16T15:46:29.697268,4,-54.35210155200105,56.665782251560366,0.0,441.0,42.0,1.0,1020565.0,1.0,2107825.0,79105.0
2025-12-16T15:46:29.697268,4,-54.35210155200105,56.665782251560366,0.0,441.0,42.0,1.0,1020565.0,1.0,2107825.0,79105.0
2025-12-16T15:46:30.400115,1,-54.35210155200105,56.665782251560366,0.0,418.0,32.0,1.0,647794.0,1.0,1799055.0,66294.0
2025-12-16T15:46:30.400771,1,-54.35210155200105,56.665782251560366,0.0,418.0,32.0,1.0,647794.0,1.0,1799055.0,66294.0
2025-12-16T15:46:30.502222,2,-54.35210155200105,56.665782251560366,0.0,400.0,23.0,1.0,905024.0,1.0,1685866.0,69511.0
2025-12-16T15:46:30.503321,2,-54.35210155200105,56.665782251560366,0.0,400.0,23.0,1.0,905024.0,1.0,1685866.0,69511.0
2025-12-16T15:46:30.597808,3,-54.35210155200105,56.665782251560366,0.0,423.0,34.0,1.0,674873.0,1.0,1405694.0,61620.0
2025-12-16T15:46:30.597950,3,-54.35210155200105,56.665782251560366,0.0,423.0,34.0,1.0,674873.0,1.0,1405694.0,61620.0
2025-12-16T15:46:30.699358,4,-54.35210155200105,56.665782251560366,0.0,412.0,29.0,1.0,1026801.0,1.0,2046665.0,81358.0
2025-12-16T15:46:30.699407,4,-54.35210155200105,56.665782251560366,0.0,412.0,29.0,1.0,1026801.0,1.0,2046665.0,81358.0
2025-12-16T15:46:31.397832,1,-54.35210155200105,56.665782251560366,0.0,424.0,34.0,1.0,655957.0,1.0,1768268.0,65936.0
2025-12-16T15:46:31.398018,1,-54.35210155200105,56.665782251560366,0.0,424.0,34.0,1.0,655957.0,1.0,1768268.0,65936.0
2025-12-16T15:46:31.502931,2,-54.35210155200105,56.665782251560366,0.0,419.0,32.0,1.0,911171.0,1.0,1689293.0,68160.0
2025-12-16T15:46:31.503121,2,-54.35210155200105,56.665782251560366,0.0,419.0,32.0,1.0,911171.0,1.0,1689293.0,68160.0
2025-12-16T15:46:31.599066,3,-54.35210155200105,56.665782251560366,0.0,416.0,31.0,1.0,671683.0,1.0,1410460.0,62039.0
2025-12-16T15:46:31.599057,3,-54.35210155200105,56.665782251560366,0.0,416.0,31.0,1.0,671683.0,1.0,1410460.0,62039.0
2025-12-16T15:46:31.700611,4,-54.35210155200105,56.665782251560366,0.0,421.0,33.0,1.0,1006842.0,1.0,2054299.0,80673.0
2025-12-16T15:46:31.702036,4,-54.35210155200105,56.665782251560366,0.0,421.0,33.0,1.0,1006842.0,1.0,2054299.0,80673.0
2025-12-16T15:46:32.398406,1,-54.35210155200105,56.665782251560366,0.0,424.0,34.0,1.0,660412.0,1.0,1820493.0,65958.0
2025-12-16T15:46:32.398560,1,-54.35210155200105,56.665782251560366,0.0,424.0,34.0,1.0,660412.0,1.0,1820493.0,65958.0
2025-12-16T15:46:32.498359,3,-54.35210155200105,56.665782251560366,0.0,411.0,29.0,1.0,684303.0,1.0,1415241.0,62334.0
2025-12-16T15:46:32.498592,3,-54.35210155200105,56.665782251560366,0.0,411.0,29.0,1.0,684303.0,1.0,1415241.0,62334.0
2025-12-16T15:46:32.599334,4,-54.35210155200105,56.665782251560366,0.0,430.0,37.0,1.0,1000049.0,1.0,2059868.0,79966.0
2025-12-16T15:46:32.600452,4,-54.35210155200105,56.665782251560366,0.0,430.0,37.0,1.0,1000049.0,1.0,2059868.0,79966.0
2025-12-16T15:46:33.396320,1,-54.35210155200105,56.665782251560366,0.0,418.0,32.0,1.0,659742.0,1.0,1771863.0,66316.0
2025-12-16T15:46:33.396300,1,-54.35210155200105,56.665782251560366,0.0,418.0,32.0,1.0,659742.0,1.0,1771863.0,66316.0
2025-12-16T15:46:33.495917,2,-54.35210155200105,56.665782251560366,0.0,418.0,32.0,1.0,879955.0,1.0,1695020.0,68229.0
2025-12-16T15:46:33.496091,2,-54.35210155200105,56.665782251560366,0.0,418.0,32.0,1.0,879955.0,1.0,1695020.0,68229.0
2025-12-16T15:46:33.596121,3,-54.35210155200105,56.665782251560366,0.0,405.0,26.0,1.0,683146.0,1.0,1418598.0,62693.0
2025-12-16T15:46:33.596548,3,-54.35210155200105,56.665782251560366,0.0,405.0,26.0,1.0,683146.0,1.0,1418598.0,62693.0
2025-12-16T15:46:33.696043,4,-54.35210155200105,56.665782251560366,0.0,408.0,27.0,1.0,1019875.0,1.0,2040440.0,81634.0
2025-12-16T15:46:33.696043,4,-54.35210155200105,56.665782251560366,0.0,408.0,27.0,1.0,1019875.0,1.0,2040440.0,81634.0
2025-12-16T15:46:34.395907,1,-54.35210155200105,56.665782251560366,0.0,432.0,38.0,1.0,661754.0,1.0,1773063.0,65403.0
2025-12-16T15:46:34.398170,1,-54.35210155200105,56.665782251560366,0.0,432.0,38.0,1.0,661754.0,1.0,1773063.0,65403.0
2025-12-16T15:46:34.495754,2,-54.35210155200105,56.665782251560366,0.0,416.0,31.0,1.0,887432.0,1.0,1689864.0,68344.0
2025-12-16T15:46:34.498008,2,-54.35210155200105,56.665782251560366,0.0,416.0,31.0,1.0,887432.0,1.0,1689864.0,68344.0
2025-12-16T15:46:34.595795,3,-54.35210155200105,56.665782251560366,0.0,409.0,28.0,1.0,668055.0,1.0,1421963.0,62481.0
2025-12-16T15:46:34.595795,3,-54.35210155200105,56.665782251560366,0.0,409.0,28.0,1.0,668055.0,1.0,1421963.0,62481.0
2025-12-16T15:46:34.695871,4,-54.35210155200105,56.665782251560366,0.0,432.0,38.0,1.0,1002422.0,1.0,2092897.0,79777.0
2025-12-16T15:46:34.695871,4,-54.35210155200105,56.665782251560366,0.0,432.0,38.0,1.0,1002422.0,1.0,2092897.0,79777.0
2025-12-16T15:46:35.396932,1,-54.35210155200105,56.665782251560366,0.0,427.0,36.0,1.0,648452.0,1.0,1797230.0,65735.0
2025-12-16T15:46:35.396688,1,-54.35210155200105,56.665782251560366,0.0,427.0,36.0,1.0,648452.0,1.0,1797230.0,65735.0
2025-12-16T15:46:35.495910,2,-54.35210155200105,56.665782251560366,0.0,418.0,32.0,1.0,891948.0,1.0,1710580.0,68229.0
2025-12-16T15:46:35.495910,2,-54.35210155200105,56.665782251560366,0.0,418.0,32.0,1.0,891948.0,1.0,1710580.0,68229.0
2025-12-16T15:46:35.596062,3,-54.35210155200105,56.665782251560366,0.0,415.0,30.0,1.0,678308.0,1.0,1410460.0,62123.0
2025-12-16T15:46:35.596062,3,-54.35210155200105,56.665782251560366,0.0,415.0,30.0,1.0,678308.0,1.0,1410460.0,62123.0
2025-12-16T15:46:35.696093,4,-54.35210155200105,56.665782251560366,0.0,439.0,41.0,1.0,1024718.0,1.0,2023933.0,79265.0
2025-12-16T15:46:35.695993,4,-54.35210155200105,56.665782251560366,0.0,439.0,41.0,1.0,1024718.0,1.0,2023933.0,79265.0
2025-12-16T15:46:36.396450,1,-54.35210155200105,56.665782251560366,0.0,416.0,31.0,1.0,649330.0,1.0,1786314.0,66429.0
2025-12-16T15:46:36.398978,1,-54.35210155200105,56.665782251560366,0.0,416.0,31.0,1.0,649330.0,1.0,1786314.0,66429.0
2025-12-16T15:46:36.501905,2,-54.35210155200105,56.665782251560366,0.0,416.0,31.0,1.0,880252.0,1.0,1688150.0,68321.0
2025-12-16T15:46:36.502091,2,-54.35210155200105,56.665782251560366,0.0,416.0,31.0,1.0,880252.0,1.0,1688150.0,68321.0
2025-12-16T15:46:36.595736,3,-54.35210155200105,56.665782251560366,0.0,413.0,29.0,1.0,688718.0,1.0,1412848.0,62228.0
2025-12-16T15:46:36.595944,3,-54.35210155200105,56.665782251560366,0.0,413.0,29.0,1.0,688718.0,1.0,1412848.0,62228.0
2025-12-16T15:46:36.696358,4,-54.35210155200105,56.665782251560366,0.0,414.0,30.0,1.0,999373.0,1.0,2008239.0,81221.0
2025-12-16T15:46:36.696384,4,-54.35210155200105,56.665782251560366,0.0,414.0,30.0,1.0,999373.0,1.0,2008239.0,81221.0
2025-12-16T15:46:37.400115,1,-54.4793819987138,56.628323746772274,0.0,409.0,28.0,1.0,648671.0,1.0,1796014.0,66880.0
2025-12-16T15:46:37.400115,1,-54.4793819987138,56.628323746772274,0.0,409.0,28.0,1.0,648671.0,1.0,1796014.0,66880.0
2025-12-16T15:46:37.497596,2,-54.500088037833464,56.62112314452316,0.0,446.0,45.0,1.0,903800.0,1.0,1709423.0,66384.0
2025-12-16T15:46:37.497494,2,-54.500088037833464,56.62112314452316,0.0,446.0,45.0,1.0,903800.0,1.0,1709423.0,66384.0
2025-12-16T15:46:37.601185,3,-54.51965245662856,56.61449917290261,0.0,421.0,33.0,1.0,681991.0,1.0,1396684.0,61725.0
2025-12-16T15:46:37.603759,3,-54.51965245662856,56.61449917290261,0.0,421.0,33.0,1.0,681991.0,1.0,1396684.0,61725.0
2025-12-16T15:46:37.701564,4,-54.54003790640062,56.607472184902036,0.0,406.0,26.0,1.0,1004119.0,1.0,2064056.0,81856.0
2025-12-16T15:46:37.701255,4,-54.54003790640062,56.607472184902036,0.0,406.0,26.0,1.0,1004119.0,1.0,2064056.0,81856.0
2025-12-16T15:46:38.401143,1,-54.689597753996296,56.563429496817335,0.0,426.0,35.0,1.0,651752.0,1.0,1793584.0,65802.0
2025-12-16T15:46:38.401124,1,-54.689597753996296,56.563429496817335,0.0,426.0,35.0,1.0,651752.0,1.0,1793584.0,65802.0
2025-12-16T15:46:38.501647,2,-54.712220601317405,56.557649078592505,0.0,427.0,36.0,1.0,876981.0,1.0,1707688.0,67608.0
2025-12-16T15:46:38.501149,2,-54.712220601317405,56.557649078592505,0.0,427.0,36.0,1.0,876981.0,1.0,1707688.0,67608.0
2025-12-16T15:46:38.600086,4,-54.73355813978789,56.55018601970574,0.0,404.0,26.0,1.0,1007524.0,1.0,2044588.0,81966.0
2025-12-16T15:46:38.599982,4,-54.73355813978789,56.55018601970574,0.0,404.0,26.0,1.0,1007524.0,1.0,2044588.0,81966.0
2025-12-16T15:46:39.399416,1,-54.906753263029806,56.49981180649061,0.0,437.0,40.0,1.0,648671.0,1.0,1788129.0,65137.0
2025-12-16T15:46:39.399391,1,-54.906753263029806,56.49981180649061,0.0,437.0,40.0,1.0,648671.0,1.0,1788129.0,65137.0
2025-12-16T15:46:39.500326,2,-54.92856679091487,56.49379098178184,0.0,409.0,28.0,1.0,885332.0,1.0,1674493.0,68809.0
2025-12-16T15:46:39.500793,2,-54.92856679091487,56.49379098178184,0.0,409.0,28.0,1.0,885332.0,1.0,1674493.0,68809.0
2025-12-16T15:46:39.599645,3,-54.950753540330304,56.48796572233593,0.0,434.0,39.0,1.0,680608.0,1.0,1430168.0,60998.0
2025-12-16T15:46:39.600763,3,-54.950753540330304,56.48796572233593,0.0,434.0,39.0,1.0,680608.0,1.0,1430168.0,60998.0
2025-12-16T15:46:39.700177,4,-54.97181410605894,56.48112444220387,0.0,424.0,35.0,1.0,1013337.0,1.0,2084414.0,80400.0
2025-12-16T15:46:39.700035,4,-54.97181410605894,56.48112444220387,0.0,424.0,35.0,1.0,1013337.0,1.0,2084414.0,80400.0
2025-12-16T15:46:40.401494,1,-55.121982762606095,56.43716575809742,0.0,413.0,29.0,1.0,664897.0,1.0,1798447.0,66677.0
2025-12-16T15:46:40.401884,1,-55.121982762606095,56.43716575809742,0.0,413.0,29.0,1.0,664897.0,1.0,1798447.0,66677.0
2025-12-16T15:46:40.498604,2,-55.14342467273256,56.430033210421,0.0,406.0,27.0,1.0,893459.0,1.0,1684725.0,68995.0
2025-12-16T15:46:40.498604,2,-55.14342467273256,56.430033210421,0.0,406.0,27.0,1.0,893459.0,1.0,1684725.0,68995.0
2025-12-16T15:46:40.598611,3,-55.16483530933729,56.423834881014315,0.0,423.0,34.0,1.0,685230.0,1.0,1421482.0,61620.0
2025-12-16T15:46:40.598826,3,-55.16483530933729,56.423834881014315,0.0,423.0,34.0,1.0,685230.0,1.0,1421482.0,61620.0
2025-12-16T15:46:40.700463,4,-55.1862743402065,56.417425758594376,0.0,422.0,33.0,1.0,1026454.0,1.0,2039059.0,80591.0
2025-12-16T15:46:40.700466,4,-55.1862743402065,56.417425758594376,0.0,422.0,33.0,1.0,1026454.0,1.0,2039059.0,80591.0
2025-12-16T15:46:41.400547,2,-55.335631380251655,56.37225942820786,0.0,400.0,21.0,1.0,897095.0,1.0,1675626.0,69912.0
2025-12-16T15:46:41.401426,2,-55.335631380251655,56.37225942820786,0.0,400.0,21.0,1.0,897095.0,1.0,1675626.0,69912.0
2025-12-16T15:46:41.499312,3,-55.357778678080145,56.36643894225449,0.0,413.0,30.0,1.0,677849.0,1.0,1419559.0,62207.0
2025-12-16T15:46:41.499521,3,-55.357778678080145,56.36643894225449,0.0,413.0,30.0,1.0,677849.0,1.0,1419559.0,62207.0
2025-12-16T15:46:41.599350,4,-55.378706531808945,56.3603432066131,0.0,439.0,41.0,1.0,997345.0,1.0,2040440.0,79265.0
2025-12-16T15:46:41.599578,4,-55.378706531808945,56.3603432066131,0.0,439.0,41.0,1.0,997345.0,1.0,2040440.0,79265.0
2025-12-16T15:46:42.400185,1,-55.5472042094175,56.3078601060803,0.0,432.0,38.0,1.0,654183.0,1.0,1778472.0,65447.0
2025-12-16T15:46:42.400195,1,-55.5472042094175,56.3078601060803,0.0,432.0,38.0,1.0,654183.0,1.0,1778472.0,65447.0
2025-12-16T15:46:42.501833,2,-55.569211801108274,56.30104653686725,0.0,429.0,37.0,1.0,918913.0,1.0,1721616.0,67517.0
2025-12-16T15:46:42.502602,2,-55.569211801108274,56.30104653686725,0.0,429.0,37.0,1.0,918913.0,1.0,1721616.0,67517.0
2025-12-16T15:46:42.599392,3,-55.59016334957659,56.29486883050037,0.0,421.0,33.0,1.0,672593.0,1.0,1429684.0,61746.0
2025-12-16T15:46:42.599392,3,-55.59016334957659,56.29486883050037,0.0,421.0,33.0,1.0,672593.0,1.0,1429684.0,61746.0
2025-12-16T15:46:42.701109,4,-55.612481412150025,56.28910885681014,0.0,432.0,38.0,1.0,1009572.0,1.0,2055690.0,79777.0
2025-12-16T15:46:42.701245,4,-55.612481412150025,56.28910885681014,0.0,432.0,38.0,1.0,1009572.0,1.0,2055690.0,79777.0
2025-12-16T15:46:43.399238,1,-55.76400737084701,56.24831364710249,0.0,412.0,29.0,1.0,661978.0,1.0,1821726.0,66744.0
2025-12-16T15:46:43.399414,1,-55.76400737084701,56.24831364710249,0.0,412.0,29.0,1.0,661978.0,1.0,1821726.0,66744.0
2025-12-16T15:46:43.502895,2,-55.78525319249449,56.240400653978796,0.0,415.0,31.0,1.0,891345.0,1.0,1697891.0,68391.0
2025-12-16T15:46:43.502872,2,-55.78525319249449,56.240400653978796,0.0,415.0,31.0,1.0,891345.0,1.0,1697891.0,68391.0
2025-12-16T15:46:43.599101,3,-55.806846164939934,56.234122562356276,0.0,416.0,31.0,1.0,681068.0,1.0,1413805.0,62039.0
2025-12-16T15:46:43.599690,3,-55.806846164939934,56.234122562356276,0.0,416.0,31.0,1.0,681068.0,1.0,1413805.0,62039.0
2025-12-16T15:46:43.698724,4,-55.828054430076804,56.22607953508206,0.0,404.0,26.0,1.0,1007524.0,1.0,2065453.0,81966.0
2025-12-16T15:46:43.698979,4,-55.828054430076804,56.22607953508206,0.0,404.0,26.0,1.0,1007524.0,1.0,2065453.0,81966.0
2025-12-16T15:46:44.398190,1,-55.97822261166759,56.182690413369855,0.0,422.0,34.0,1.0,663324.0,1.0,1803323.0,66070.0
2025-12-16T15:46:44.398322,1,-55.97822261166759,56.182690413369855,0.0,422.0,34.0,1.0,663324.0,1.0,1803323.0,66070.0
2025-12-16T15:46:44.498039,2,-55.99937358378629,56.17604531745171,0.0,420.0,33.0,1.0,900441.0,1.0,1709423.0,68067.0
2025-12-16T15:46:44.498039,2,-55.99937358378629,56.17604531745171,0.0,420.0,33.0,1.0,900441.0,1.0,1709423.0,68067.0
2025-12-16T15:46:44.600611,3,-56.02069141382949,56.17042254617288,0.0,400.0,23.0,1.0,675102.0,1.0,1433075.0,63140.0
2025-12-16T15:46:44.601741,3,-56.02069141382949,56.17042254617288,0.0,400.0,23.0,1.0,675102.0,1.0,1433075.0,63140.0
2025-12-16T15:46:44.699956,4,-56.04185036425579,56.164811092975945,0.0,425.0,35.0,1.0,995322.0,1.0,2098572.0,80373.0
2025-12-16T15:46:44.700269,4,-56.04185036425579,56.164811092975945,0.0,425.0,35.0,1.0,995322.0,1.0,2098572.0,80373.0
2025-12-16T15:46:45.398444,1,-56.19407840164856,56.12110668644987,0.0,418.0,32.0,1.0,665798.0,1.0,1800883.0,66339.0
2025-12-16T15:46:45.398597,1,-56.19407840164856,56.12110668644987,0.0,418.0,32.0,1.0,665798.0,1.0,1800883.0,66339.0
2025-12-16T15:46:45.500246,2,-56.21524147211182,56.11446075325689,0.0,423.0,34.0,1.0,900746.0,1.0,1693873.0,67906.0
2025-12-16T15:46:45.500178,2,-56.21524147211182,56.11446075325689,0.0,423.0,34.0,1.0,900746.0,1.0,1693873.0,67906.0
2025-12-16T15:46:45.600636,3,-56.23629479602659,56.10740183762307,0.0,400.0,21.0,1.0,679687.0,1.0,1417638.0,63462.0
2025-12-16T15:46:45.601504,3,-56.23629479602659,56.10740183762307,0.0,400.0,21.0,1.0,679687.0,1.0,1417638.0,63462.0
2025-12-16T15:46:45.701168,4,-56.25710104387996,56.101029860782916,0.0,431.0,38.0,1.0,1019184.0,1.0,2023248.0,79885.0
2025-12-16T15:46:45.700503,4,-56.25710104387996,56.101029860782916,0.0,431.0,38.0,1.0,1019184.0,1.0,2023248.0,79885.0
2025-12-16T15:46:46.400148,1,-56.35459348623662,56.07734643329369,0.0,423.0,34.0,1.0,664672.0,1.0,1812501.0,66025.0
2025-12-16T15:46:46.400318,1,-56.35459348623662,56.07734643329369,0.0,423.0,34.0,1.0,664672.0,1.0,1812501.0,66025.0
2025-12-16T15:46:46.496992,2,-56.35459348623662,56.07734643329369,0.0,418.0,32.0,1.0,895578.0,1.0,1687007.0,68229.0
2025-12-16T15:46:46.497173,2,-56.35459348623662,56.07734643329369,0.0,418.0,32.0,1.0,895578.0,1.0,1687007.0,68229.0
2025-12-16T15:46:46.598443,3,-56.35459348623662,56.07734643329369,0.0,419.0,32.0,1.0,681760.0,1.0,1399996.0,61892.0
2025-12-16T15:46:46.598441,3,-56.35459348623662,56.07734643329369,0.0,419.0,32.0,1.0,681760.0,1.0,1399996.0,61892.0
2025-12-16T15:46:46.699301,4,-56.35459348623662,56.07734643329369,0.0,409.0,27.0,1.0,987604.0,1.0,2035612.0,81634.0
2025-12-16T15:46:46.699299,4,-56.35459348623662,56.07734643329369,0.0,409.0,27.0,1.0,987604.0,1.0,2035612.0,81634.0
2025-12-16T15:46:47.399120,1,-56.35459348623662,56.07734643329369,0.0,422.0,33.0,1.0,651532.0,1.0,1779074.0,66092.0
2025-12-16T15:46:47.399118,1,-56.35459348623662,56.07734643329369,0.0,422.0,33.0,1.0,651532.0,1.0,1779074.0,66092.0
2025-12-16T15:46:47.497338,2,-56.35459348623662,56.07734643329369,0.0,420.0,32.0,1.0,888634.0,1.0,1687578.0,68114.0
2025-12-16T15:46:47.497454,2,-56.35459348623662,56.07734643329369,0.0,420.0,32.0,1.0,888634.0,1.0,1687578.0,68114.0
2025-12-16T15:46:47.598460,3,-56.35459348623662,56.07734643329369,0.0,403.0,25.0,1.0,673276.0,1.0,1431621.0,62821.0
2025-12-16T15:46:47.598459,3,-56.35459348623662,56.07734643329369,0.0,403.0,25.0,1.0,673276.0,1.0,1431621.0,62821.0
2025-12-16T15:46:47.697424,4,-56.35459348623662,56.07734643329369,0.0,419.0,32.0,1.0,1020911.0,1.0,2067552.0,80782.0
2025-12-16T15:46:47.697376,4,-56.35459348623662,56.07734643329369,0.0,419.0,32.0,1.0,1020911.0,1.0,2067552.0,80782.0
2025-12-16T15:46:48.400436,1,-56.35459348623662,56.07734643329369,0.0,410.0,28.0,1.0,658181.0,1.0,1799055.0,66857.0
2025-12-16T15:46:48.400392,1,-56.35459348623662,56.07734643329369,0.0,410.0,28.0,1.0,658181.0,1.0,1799055.0,66857.0
2025-12-16T15:46:48.498573,2,-56.35459348623662,56.07734643329369,0.0,414.0,30.0,1.0,900441.0,1.0,1687007.0,68483.0
2025-12-16T15:46:48.498573,2,-56.35459348623662,56.07734643329369,0.0,414.0,30.0,1.0,900441.0,1.0,1687007.0,68483.0
2025-12-16T15:46:48.597967,3,-56.35459348623662,56.07734643329369,0.0,416.0,31.0,1.0,674873.0,1.0,1403792.0,62039.0
2025-12-16T15:46:48.598089,3,-56.35459348623662,56.07734643329369,0.0,416.0,31.0,1.0,674873.0,1.0,1403792.0,62039.0
2025-12-16T15:46:48.697497,4,-56.35459348623662,56.07734643329369,0.0,422.0,33.0,1.0,1004459.0,1.0,2023248.0,80618.0
2025-12-16T15:46:48.697497,4,-56.35459348623662,56.07734643329369,0.0,422.0,33.0,1.0,1004459.0,1.0,2023248.0,80618.0
2025-12-16T15:46:49.400143,1,-56.35459348623662,56.07734643329369,0.0,417.0,31.0,1.0,647136.0,1.0,1786314.0,66406.0
2025-12-16T15:46:49.400481,1,-56.35459348623662,56.07734643329369,0.0,417.0,31.0,1.0,647136.0,1.0,1786314.0,66406.0
2025-12-16T15:46:49.498470,2,-56.35459348623662,56.07734643329369,0.0,411.0,29.0,1.0,900746.0,1.0,1718123.0,68669.0
2025-12-16T15:46:49.498627,2,-56.35459348623662,56.07734643329369,0.0,411.0,29.0,1.0,900746.0,1.0,1718123.0,68669.0
2025-12-16T15:46:49.598383,3,-56.35459348623662,56.07734643329369,0.0,413.0,30.0,1.0,677390.0,1.0,1412848.0,62207.0
2025-12-16T15:46:49.598360,3,-56.35459348623662,56.07734643329369,0.0,413.0,30.0,1.0,677390.0,1.0,1412848.0,62207.0
2025-12-16T15:46:49.697560,4,-56.35459348623662,56.07734643329369,0.0,424.0,34.0,1.0,1001065.0,1.0,2055690.0,80427.0
2025-12-16T15:46:49.697576,4,-56.35459348623662,56.07734643329369,0.0,424.0,34.0,1.0,1001065.0,1.0,2055690.0,80427.0
2025-12-16T15:46:50.400161,1,-56.35459348623662,56.07734643329369,0.0,429.0,37.0,1.0,649990.0,1.0,1803323.0,65646.0
2025-12-16T15:46:50.400301,1,-56.35459348623662,56.07734643329369,0.0,429.0,37.0,1.0,649990.0,1.0,1803323.0,65646.0
2025-12-16T15:46:50.497976,2,-56.35459348623662,56.07734643329369,0.0,412.0,29.0,1.0,898919.0,1.0,1696742.0,68623.0
2025-12-16T15:46:50.498149,2,-56.35459348623662,56.07734643329369,0.0,412.0,29.0,1.0,898919.0,1.0,1696742.0,68623.0
2025-12-16T15:46:50.599794,3,-56.35459348623662,56.07734643329369,0.0,430.0,37.0,1.0,663549.0,1.0,1416679.0,61205.0
2025-12-16T15:46:50.600472,3,-56.35459348623662,56.07734643329369,0.0,430.0,37.0,1.0,663549.0,1.0,1416679.0,61205.0
2025-12-16T15:46:50.697906,4,-56.35459348623662,56.07734643329369,0.0,430.0,37.0,1.0,997683.0,1.0,2073157.0,79939.0
2025-12-16T15:46:50.698054,4,-56.35459348623662,56.07734643329369,0.0,430.0,37.0,1.0,997683.0,1.0,2073157.0,79939.0
2025-12-16T15:46:51.400094,1,-56.35459348623662,56.07734643329369,0.0,409.0,28.0,1.0,652635.0,1.0,1803323.0,66903.0
2025-12-16T15:46:51.400094,1,-56.35459348623662,56.07734643329369,0.0,409.0,28.0,1.0,652635.0,1.0,1803323.0,66903.0
2025-12-16T15:46:51.498429,2,-56.35459348623662,56.07734643329369,0.0,418.0,32.0,1.0,888935.0,1.0,1689864.0,68229.0
2025-12-16T15:46:51.498633,2,-56.35459348623662,56.07734643329369,0.0,418.0,32.0,1.0,888935.0,1.0,1689864.0,68229.0
2025-12-16T15:46:51.598353,3,-56.35459348623662,56.07734643329369,0.0,412.0,29.0,1.0,673960.0,1.0,1418598.0,62291.0
2025-12-16T15:46:51.598486,3,-56.35459348623662,56.07734643329369,0.0,412.0,29.0,1.0,673960.0,1.0,1418598.0,62291.0
2025-12-16T15:46:51.697560,4,-56.35459348623662,56.07734643329369,0.0,444.0,44.0,1.0,988942.0,1.0,2015048.0,78917.0
2025-12-16T15:46:51.698003,4,-56.35459348623662,56.07734643329369,0.0,444.0,44.0,1.0,988942.0,1.0,2015048.0,78917.0
2025-12-16T15:46:52.400438,1,-56.35459348623662,56.07734643329369,0.0,433.0,39.0,1.0,656623.0,1.0,1777870.0,65358.0
2025-12-16T15:46:52.400438,1,-56.35459348623662,56.07734643329369,0.0,433.0,39.0,1.0,656623.0,1.0,1777870.0,65358.0
2025-12-16T15:46:52.501913,2,-56.35459348623662,56.07734643329369,0.0,431.0,38.0,1.0,890139.0,1.0,1703647.0,67357.0
2025-12-16T15:46:52.503772,2,-56.35459348623662,56.07734643329369,0.0,431.0,38.0,1.0,890139.0,1.0,1703647.0,67357.0
2025-12-16T15:46:52.597873,3,-56.35459348623662,56.07734643329369,0.0,420.0,32.0,1.0,681760.0,1.0,1427750.0,61829.0
2025-12-16T15:46:52.598042,3,-56.35459348623662,56.07734643329369,0.0,420.0,32.0,1.0,681760.0,1.0,1427750.0,61829.0
2025-12-16T15:46:52.702572,4,-56.35459348623662,56.07734643329369,0.0,423.0,34.0,1.0,994649.0,1.0,2090773.0,80536.0
2025-12-16T15:46:52.703303,4,-56.35459348623662,56.07734643329369,0.0,423.0,34.0,1.0,994649.0,1.0,2090773.0,80536.0
2025-12-16T15:46:53.398098,1,-56.35459348623662,56.07734643329369,0.0,415.0,31.0,1.0,652635.0,1.0,1800883.0,66496.0
2025-12-16T15:46:53.398098,1,-56.35459348623662,56.07734643329369,0.0,415.0,31.0,1.0,652635.0,1.0,1800883.0,66496.0
2025-12-16T15:46:53.499306,2,-56.35459348623662,56.07734643329369,0.0,423.0,34.0,1.0,873722.0,1.0,1693300.0,67906.0
2025-12-16T15:46:53.499393,2,-56.35459348623662,56.07734643329369,0.0,423.0,34.0,1.0,873722.0,1.0,1693300.0,67906.0
2025-12-16T15:46:53.596822,3,-56.35459348623662,56.07734643329369,0.0,404.0,26.0,1.0,682684.0,1.0,1415241.0,62757.0
2025-12-16T15:46:53.596822,3,-56.35459348623662,56.07734643329369,0.0,404.0,26.0,1.0,682684.0,1.0,1415241.0,62757.0
2025-12-16T15:46:53.696777,4,-56.35459348623662,56.07734643329369,0.0,411.0,28.0,1.0,1002422.0,1.0,2025303.0,81469.0
2025-12-16T15:46:53.700033,4,-56.35459348623662,56.07734643329369,0.0,411.0,28.0,1.0,1002422.0,1.0,2025303.0,81469.0
2025-12-16T15:46:54.398435,1,-56.35459348623662,56.07734643329369,0.0,417.0,31.0,1.0,653077.0,1.0,1791157.0,66406.0
2025-12-16T15:46:54.398435,1,-56.35459348623662,56.07734643329369,0.0,417.0,31.0,1.0,653077.0,1.0,1791157.0,66406.0
2025-12-16T15:46:54.497986,2,-56.35459348623662,56.07734643329369,0.0,414.0,30.0,1.0,888033.0,1.0,1696742.0,68460.0
2025-12-16T15:46:54.497903,2,-56.35459348623662,56.07734643329369,0.0,414.0,30.0,1.0,888033.0,1.0,1696742.0,68460.0
2025-12-16T15:46:54.602029,3,-56.35459348623662,56.07734643329369,0.0,423.0,34.0,1.0,679227.0,1.0,1423889.0,61641.0
2025-12-16T15:46:54.602446,3,-56.35459348623662,56.07734643329369,0.0,423.0,34.0,1.0,679227.0,1.0,1423889.0,61641.0
2025-12-16T15:46:54.702529,4,-56.35459348623662,56.07734643329369,0.0,417.0,31.0,1.0,1020220.0,1.0,2090066.0,80974.0
2025-12-16T15:46:54.702474,4,-56.35459348623662,56.07734643329369,0.0,417.0,31.0,1.0,1020220.0,1.0,2090066.0,80974.0
2025-12-16T15:46:55.396182,1,-56.35459348623662,56.07734643329369,0.0,427.0,36.0,1.0,654404.0,1.0,1791157.0,65780.0
2025-12-16T15:46:55.396462,1,-56.35459348623662,56.07734643329369,0.0,427.0,36.0,1.0,654404.0,1.0,1791157.0,65780.0
2025-12-16T15:46:55.496175,3,-56.35459348623662,56.07734643329369,0.0,415.0,30.0,1.0,675787.0,1.0,1396684.0,62123.0
2025-12-16T15:46:55.496619,3,-56.35459348623662,56.07734643329369,0.0,415.0,30.0,1.0,675787.0,1.0,1396684.0,62123.0
2025-12-16T15:46:55.595795,4,-56.35459348623662,56.07734643329369,0.0,432.0,38.0,1.0,997683.0,1.0,2052214.0,79804.0
2025-12-16T15:46:55.595963,4,-56.35459348623662,56.07734643329369,0.0,432.0,38.0,1.0,997683.0,1.0,2052214.0,79804.0
2025-12-16T15:46:56.395880,1,-56.35459348623662,56.07734643329369,0.0,414.0,30.0,1.0,659965.0,1.0,1803323.0,66564.0
2025-12-16T15:46:56.396066,1,-56.35459348623662,56.07734643329369,0.0,414.0,30.0,1.0,659965.0,1.0,1803323.0,66564.0
2025-12-16T15:46:56.495834,2,-56.35459348623662,56.07734643329369,0.0,426.0,35.0,1.0,895578.0,1.0,1688721.0,67700.0
2025-12-16T15:46:56.495959,2,-56.35459348623662,56.07734643329369,0.0,426.0,35.0,1.0,895578.0,1.0,1688721.0,67700.0
2025-12-16T15:46:56.596727,3,-56.35459348623662,56.07734643329369,0.0,419.0,32.0,1.0,683146.0,1.0,1409505.0,61871.0
2025-12-16T15:46:56.597689,3,-56.35459348623662,56.07734643329369,0.0,419.0,32.0,1.0,683146.0,1.0,1409505.0,61871.0
