Timestamp,Channel,Pose_X,Pose_Y,Pose_Theta,eCO2,TVOC,AQI,R0,R1,R2,R3
2025-12-18T17:44:53.489385,0,1.4600047390236464,0.6119790807953472,-1.5378501916386467,1064.0,1266.0,4.0,246650.0,1.0,199355.0,29664.0
2025-12-18T17:44:53.590090,1,1.4600047390236464,0.6119790807953472,-1.5378501916386467,1129.0,1565.0,4.0,211734.0,1.0,203996.0,25396.0
2025-12-18T17:44:53.689318,3,1.4600047390236464,0.6119790807953472,-1.5378501916386467,1111.0,1478.0,4.0,287714.0,1.0,153619.0,26323.0
2025-12-18T17:44:53.790016,4,1.4600047390236464,0.6119790807953472,-1.5378501916386467,1043.0,1175.0,4.0,293815.0,1.0,239169.0,33542.0
2025-12-18T17:44:53.889003,5,1.4600047390236464,0.6119790807953472,-1.5378501916386467,978.0,904.0,4.0,281168.0,1.0,227715.0,32635.0
2025-12-18T17:44:54.488640,0,1.4600047390236464,0.6119790807953472,-1.5378501916386467,1057.0,1235.0,4.0,244324.0,1.0,197207.0,29946.0
2025-12-18T17:44:54.590620,1,1.4600047390236464,0.6119790807953472,-1.5378501916386467,1135.0,1590.0,4.0,214547.0,1.0,205242.0,25233.0
2025-12-18T17:44:54.689055,2,1.4600047390236464,0.6119790807953472,-1.5378501916386467,1118.0,1511.0,4.0,242675.0,1.0,146659.0,23645.0
2025-12-18T17:44:54.790530,3,1.4600047390236464,0.6119790807953472,-1.5378501916386467,1111.0,1478.0,4.0,295911.0,1.0,156400.0,26323.0
2025-12-18T17:44:54.888824,4,1.4600047390236464,0.6119790807953472,-1.5378501916386467,1039.0,1155.0,4.0,296211.0,1.0,235794.0,33758.0
2025-12-18T17:44:54.992541,5,1.4600047390236464,0.6119790807953472,-1.5378501916386467,977.0,902.0,4.0,273750.0,1.0,225262.0,32657.0
2025-12-18T17:44:55.490412,0,1.4600047390236464,0.6119790807953472,-1.5378501916386467,1056.0,1229.0,4.0,244158.0,1.0,198547.0,30007.0
2025-12-18T17:44:55.589967,1,1.4600047390236464,0.6119790807953472,-1.5378501916386467,1125.0,1541.0,4.0,216077.0,1.0,205103.0,25542.0
2025-12-18T17:44:55.690168,2,1.4600047390236464,0.6119790807953472,-1.5378501916386467,1131.0,1574.0,4.0,244986.0,1.0,148356.0,23272.0
2025-12-18T17:44:55.789299,3,1.4600047390236464,0.6119790807953472,-1.5378501916386467,1095.0,1406.0,4.0,287227.0,1.0,155502.0,26836.0
2025-12-18T17:44:55.890491,4,1.4600047390236464,0.6119790807953472,-1.5378501916386467,1034.0,1134.0,4.0,296211.0,1.0,236913.0,33987.0
2025-12-18T17:44:55.990959,5,1.4600047390236464,0.6119790807953472,-1.5378501916386467,980.0,914.0,4.0,282599.0,1.0,225873.0,32491.0
2025-12-18T17:44:56.489530,0,1.4600047390236464,0.6119790807953472,-1.5378501916386467,1060.0,1245.0,4.0,247654.0,1.0,200301.0,29855.0
2025-12-18T17:44:56.588858,1,1.4600047390236464,0.6119790807953472,-1.5378501916386467,1113.0,1489.0,4.0,215493.0,1.0,208675.0,25890.0
2025-12-18T17:44:56.689591,2,1.4600047390236464,0.6119790807953472,-1.5378501916386467,1123.0,1536.0,4.0,243498.0,1.0,149010.0,23494.0
2025-12-18T17:44:56.790119,3,1.4600047390236464,0.6119790807953472,-1.5378501916386467,1107.0,1457.0,4.0,290453.0,1.0,154715.0,26466.0
2025-12-18T17:44:56.890497,5,1.4600047390236464,0.6119790807953472,-1.5378501916386467,979.0,910.0,4.0,279933.0,1.0,226256.0,32546.0
2025-12-18T17:44:57.489243,0,1.4600047390236464,0.6119790807953472,-1.5378501916386467,1047.0,1189.0,4.0,250097.0,1.0,200505.0,30385.0
2025-12-18T17:44:57.589799,1,1.4600047390236464,0.6119790807953472,-1.5378501916386467,1111.0,1478.0,4.0,219022.0,1.0,206497.0,25961.0
2025-12-18T17:44:57.690418,2,1.4600047390236464,0.6119790807953472,-1.5378501916386467,1123.0,1535.0,4.0,245235.0,1.0,148608.0,23502.0
2025-12-18T17:44:57.791972,3,1.4600047390236464,0.6119790807953472,-1.5378501916386467,1101.0,1430.0,4.0,295610.0,1.0,156030.0,26655.0
2025-12-18T17:44:57.888612,4,1.4600047390236464,0.6119790807953472,-1.5378501916386467,1035.0,1137.0,4.0,300452.0,1.0,235714.0,33953.0
2025-12-18T17:44:57.989168,5,1.4600047390236464,0.6119790807953472,-1.5378501916386467,986.0,936.0,4.0,277105.0,1.0,230117.0,32207.0
2025-12-18T17:44:58.489851,0,1.4600047390236464,0.6119790807953472,-1.5378501916386467,1042.0,1168.0,4.0,252991.0,1.0,202277.0,30592.0
2025-12-18T17:44:58.589786,1,1.4600047390236464,0.6119790807953472,-1.5378501916386467,1104.0,1448.0,4.0,217398.0,1.0,208675.0,26172.0
2025-12-18T17:44:58.690349,2,1.4600047390236464,0.6119790807953472,-1.5378501916386467,1130.0,1565.0,4.0,243993.0,1.0,151656.0,23319.0
2025-12-18T17:44:58.790086,3,1.4600047390236464,0.6119790807953472,-1.5378501916386467,1099.0,1420.0,4.0,295510.0,1.0,157143.0,26727.0
2025-12-18T17:44:58.890208,4,1.4600047390236464,0.6119790807953472,-1.5378501916386467,1031.0,1122.0,4.0,300554.0,1.0,240794.0,34126.0
2025-12-18T17:44:58.990202,5,1.4600047390236464,0.6119790807953472,-1.5378501916386467,983.0,925.0,4.0,282503.0,1.0,229728.0,32349.0
2025-12-18T17:44:59.489363,0,1.4600047390236464,0.6119790807953472,-1.5378501916386467,1029.0,1113.0,4.0,253505.0,1.0,202963.0,31156.0
2025-12-18T17:44:59.588918,1,1.4600047390236464,0.6119790807953472,-1.5378501916386467,1112.0,1482.0,4.0,217398.0,1.0,209808.0,25934.0
2025-12-18T17:44:59.689441,2,1.4600047390236464,0.6119790807953472,-1.5378501916386467,1127.0,1552.0,4.0,245484.0,1.0,148356.0,23399.0
2025-12-18T17:44:59.791101,4,1.4600047390236464,0.6119790807953472,-1.5378501916386467,1034.0,1133.0,4.0,301369.0,1.0,240143.0,33999.0
2025-12-18T17:44:59.891155,5,1.4600047390236464,0.6119790807953472,-1.5378501916386467,984.0,927.0,4.0,273750.0,1.0,231288.0,32327.0
2025-12-18T17:45:00.489444,0,1.4600047390236464,0.6119790807953472,-1.5378501916386467,1035.0,1139.0,4.0,253248.0,1.0,203996.0,30883.0
2025-12-18T17:45:00.589510,1,1.4600047390236464,0.6119790807953472,-1.5378501916386467,1107.0,1460.0,4.0,219319.0,1.0,208816.0,26084.0
2025-12-18T17:45:00.689830,2,1.4584000802853148,0.6099609850060193,-1.5366215375023449,1114.0,1492.0,4.0,245983.0,1.0,150429.0,23758.0
2025-12-18T17:45:00.789082,3,1.4583907643522698,0.6025816079002649,-1.5438071404477571,1101.0,1431.0,4.0,300452.0,1.0,157782.0,26646.0
2025-12-18T17:45:00.887787,4,1.457755312997696,0.5910763384882182,-1.5423206853838414,1033.0,1131.0,4.0,302595.0,1.0,237717.0,34022.0
2025-12-18T17:45:00.990903,5,1.4580511847568143,0.5754244723049904,-1.5405611133329171,981.0,915.0,4.0,275702.0,1.0,225034.0,32480.0
2025-12-18T17:45:01.490110,0,1.4628479917711168,0.5052730582282547,-1.5403117859629596,1026.0,1098.0,4.0,255746.0,1.0,208110.0,31304.0
2025-12-18T17:45:01.589808,1,1.4624296795992886,0.49427680176574174,-1.5353479972312034,1118.0,1509.0,4.0,220137.0,1.0,211734.0,25751.0
2025-12-18T17:45:01.689919,2,1.4629334501168774,0.4817434502932456,-1.5356136322698473,1124.0,1539.0,4.0,249167.0,1.0,150684.0,23470.0
2025-12-18T17:45:01.791681,3,1.4631118336976356,0.4693173211135413,-1.5393247306092417,1097.0,1413.0,4.0,291833.0,1.0,156400.0,26782.0
2025-12-18T17:45:01.890451,4,1.4635033826709336,0.4559424263746342,-1.536108903573343,1027.0,1104.0,4.0,304032.0,1.0,241120.0,34323.0
2025-12-18T17:45:01.990190,5,1.4640281896298786,0.44291057282250995,-1.540574446548155,980.0,914.0,4.0,279460.0,1.0,227407.0,32491.0
2025-12-18T17:45:02.490379,0,1.4656767607356718,0.3786676298961657,-1.5378809132370344,1033.0,1130.0,4.0,256006.0,1.0,209311.0,30967.0
2025-12-18T17:45:02.590096,2,1.466723087676035,0.36589882656496797,-1.5406342800715163,1129.0,1562.0,4.0,246483.0,1.0,149820.0,23335.0
2025-12-18T17:45:02.689680,3,1.4666086279583284,0.3534637721540572,-1.5421161031010637,1097.0,1411.0,4.0,296914.0,1.0,159446.0,26791.0
2025-12-18T17:45:02.791204,4,1.4672260929936032,0.34042453839988784,-1.5443600702305533,1021.0,1078.0,4.0,307135.0,1.0,241202.0,34638.0
2025-12-18T17:45:02.889050,5,1.4667205101884169,0.3281231403009684,-1.5465399312901946,971.0,879.0,4.0,280123.0,1.0,227253.0,32957.0
2025-12-18T17:45:03.488917,1,1.4699203455701304,0.25061052455429655,-1.541593612818262,1122.0,1529.0,4.0,219691.0,1.0,208745.0,25611.0
2025-12-18T17:45:03.590551,2,1.4683053623060873,0.23769598407693843,-1.5316820579511043,1128.0,1558.0,4.0,243004.0,1.0,149414.0,23359.0
2025-12-18T17:45:03.690032,3,1.4663061782137539,0.22388012883455827,-1.51312951289995,1105.0,1448.0,4.0,292525.0,1.0,154610.0,26520.0
2025-12-18T17:45:03.790431,4,1.4661740303151007,0.2111716775631462,-1.5126185688687168,1028.0,1108.0,4.0,303415.0,1.0,239412.0,34276.0
2025-12-18T17:45:03.888763,5,1.4671711415614834,0.19827478655688796,-1.512877058905405,960.0,836.0,4.0,282790.0,1.0,228565.0,33553.0
2025-12-18T17:45:04.489765,0,1.4705590585043944,0.1227315119027288,-1.5168280527296432,1020.0,1075.0,4.0,257048.0,1.0,205312.0,31559.0
2025-12-18T17:45:04.589683,1,1.4722353620402933,0.11014284732971846,-1.5190608436731854,1128.0,1559.0,4.0,216883.0,1.0,211233.0,25421.0
2025-12-18T17:45:04.689935,2,1.4723870528702059,0.09715162087556439,-1.518313544994471,1138.0,1607.0,4.0,243333.0,1.0,148960.0,23076.0
2025-12-18T17:45:04.791159,3,1.4736986685204494,0.08414712275656933,-1.519068385736966,1110.0,1472.0,4.0,292525.0,1.0,156030.0,26350.0
2025-12-18T17:45:04.890657,4,1.4733669989264377,0.07198295891820217,-1.5210293621095958,1041.0,1165.0,4.0,300757.0,1.0,242019.0,33633.0
2025-12-18T17:45:04.990255,5,1.4749050190777493,0.059339841185063524,-1.5212648743321058,966.0,856.0,4.0,282408.0,1.0,233965.0,33270.0
2025-12-18T17:45:05.489320,0,1.478184868290754,-0.004821501710490006,-1.5242542553597045,1016.0,1059.0,4.0,255314.0,1.0,206078.0,31731.0
2025-12-18T17:45:05.590469,1,1.4782754584238313,-0.017910539097404032,-1.5239986973881219,1140.0,1615.0,4.0,218135.0,1.0,211805.0,25071.0
2025-12-18T17:45:05.690018,2,1.47530360216116,-0.039378757302080736,-1.5151279693577304,1140.0,1613.0,4.0,238119.0,1.0,148608.0,23037.0
2025-12-18T17:45:05.789974,3,1.4691808516919749,-0.06700951353564133,-1.4970154691477604,1096.0,1407.0,4.0,297618.0,1.0,156506.0,26818.0
2025-12-18T17:45:05.889041,4,1.471083986754026,-0.07982167237111792,-1.4980128219579218,1049.0,1198.0,4.0,303005.0,1.0,237556.0,33282.0
2025-12-18T17:45:05.991339,5,1.4712006876730606,-0.09196350292724209,-1.4985075471820422,970.0,873.0,4.0,281549.0,1.0,226946.0,33035.0
2025-12-18T17:45:06.490881,0,1.4747671753194362,-0.15440569207129906,-1.5039731814544863,1038.0,1151.0,4.0,252563.0,1.0,203720.0,30747.0
2025-12-18T17:45:06.590472,1,1.4758446357754047,-0.1669487867346109,-1.503238690380319,1130.0,1565.0,4.0,217840.0,1.0,210448.0,25379.0
2025-12-18T17:45:06.689601,2,1.476673918667248,-0.18061395723198181,-1.5037366438776583,1139.0,1609.0,4.0,236193.0,1.0,148708.0,23060.0
2025-12-18T17:45:06.792975,3,1.4775146307447347,-0.19325411668945203,-1.5037256039725995,1112.0,1482.0,4.0,289374.0,1.0,155871.0,26279.0
2025-12-18T17:45:06.889427,4,1.4778174222693725,-0.2056420149853313,-1.5054453166664676,1049.0,1198.0,4.0,300554.0,1.0,237958.0,33282.0
2025-12-18T17:45:06.989608,5,1.4792659644962978,-0.21829966949121515,-1.5041864678475563,970.0,875.0,4.0,285483.0,1.0,229961.0,33012.0
2025-12-18T17:45:07.490092,0,1.483156560093789,-0.2810774737515349,-1.4992491932144065,1035.0,1137.0,4.0,255055.0,1.0,204341.0,30894.0
2025-12-18T17:45:07.590776,1,1.4839535075793047,-0.2936370991320457,-1.5007323611735013,1144.0,1637.0,4.0,212667.0,1.0,211805.0,24936.0
2025-12-18T17:45:07.689839,2,1.4849455977406774,-0.3064476220623982,-1.4997357979073374,1143.0,1628.0,4.0,243911.0,1.0,147555.0,22951.0
2025-12-18T17:45:07.788617,3,1.4805984625692696,-0.33062230195103837,-1.4890765782038462,1111.0,1478.0,4.0,295610.0,1.0,157462.0,26306.0
2025-12-18T17:45:07.890637,4,1.4764921226561147,-0.3551496541337311,-1.4794130752053862,1035.0,1139.0,4.0,296613.0,1.0,239655.0,33918.0
2025-12-18T17:45:07.989588,5,1.477461308127923,-0.36838962662036745,-1.480147780583471,969.0,870.0,4.0,284422.0,1.0,229107.0,33080.0
2025-12-18T17:45:08.489839,0,1.4839194590055373,-0.43214899982121013,-1.4806161500788317,1038.0,1150.0,4.0,251540.0,1.0,206357.0,30758.0
2025-12-18T17:45:08.590974,1,1.4850139437935133,-0.44479412628545156,-1.4798758793385531,1145.0,1639.0,4.0,212451.0,1.0,210376.0,24919.0
2025-12-18T17:45:08.689425,2,1.486682094836303,-0.45788794142106637,-1.481352056483333,1139.0,1611.0,4.0,244572.0,1.0,149313.0,23045.0
2025-12-18T17:45:08.790822,3,1.487448075886347,-0.4701478104251138,-1.4821030271508155,1114.0,1494.0,4.0,292426.0,1.0,157515.0,26199.0
2025-12-18T17:45:08.889777,4,1.4885421531815004,-0.4825634522248592,-1.4855513503089184,1046.0,1187.0,4.0,298627.0,1.0,238523.0,33394.0
2025-12-18T17:45:08.991669,5,1.4903122676289284,-0.4950294733492442,-1.4786382782681178,970.0,872.0,4.0,283173.0,1.0,231915.0,33046.0
2025-12-18T17:45:09.490356,0,1.4957725945604208,-0.5599957971261367,-1.4786718776648258,1039.0,1156.0,4.0,253677.0,1.0,203169.0,30695.0
2025-12-18T17:45:09.591402,1,1.497402249634281,-0.5724112246267523,-1.479168813197758,1144.0,1633.0,4.0,215347.0,1.0,209099.0,24953.0
2025-12-18T17:45:09.688729,2,1.4979328984327478,-0.5854501636853877,-1.4787008664968524,1144.0,1632.0,4.0,243746.0,1.0,149061.0,22928.0
2025-12-18T17:45:09.791383,3,1.499389861277916,-0.5981403117668591,-1.4801774604522122,1106.0,1455.0,4.0,294113.0,1.0,155871.0,26466.0
2025-12-18T17:45:09.890609,4,1.5065566280430869,-0.6040056818326509,-1.4625684654652138,1040.0,1161.0,4.0,294512.0,1.0,237797.0,33667.0
2025-12-18T17:45:09.990532,5,1.5122295020845722,-0.6124491742782786,-1.4533398606513361,962.0,844.0,4.0,279460.0,1.0,233807.0,33440.0
2025-12-18T17:45:10.489575,0,1.5200367226292533,-0.6759281480725606,-1.453073597222697,1052.0,1212.0,4.0,253591.0,1.0,203720.0,30150.0
2025-12-18T17:45:10.590657,1,1.5213672953941388,-0.6888663227110344,-1.455049693410192,1137.0,1601.0,4.0,219097.0,1.0,211018.0,25148.0
2025-12-18T17:45:10.690080,2,1.5230129703081867,-0.7009922630009121,-1.4537820734762867,1131.0,1574.0,4.0,242183.0,1.0,149212.0,23256.0
2025-12-18T17:45:10.790255,3,1.5239892737082081,-0.713373713949068,-1.4562628035593872,1101.0,1434.0,4.0,297517.0,1.0,157196.0,26619.0
2025-12-18T17:45:10.890987,4,1.525620288601303,-0.7252142253272252,-1.4577483399533728,1039.0,1154.0,4.0,299842.0,1.0,238442.0,33747.0
2025-12-18T17:45:10.992386,5,1.5274667548002094,-0.7382590463371225,-1.4540854429243757,979.0,907.0,4.0,277575.0,1.0,228487.0,32568.0
2025-12-18T17:45:11.489491,0,1.5341522936352248,-0.8019858712715314,-1.4560630264283645,1050.0,1201.0,4.0,254021.0,1.0,204341.0,30252.0
2025-12-18T17:45:11.589913,1,1.5361673790678756,-0.8145521476936232,-1.4535464123481314,1153.0,1676.0,4.0,217398.0,1.0,209099.0,24701.0
2025-12-18T17:45:11.689071,2,1.537184346622158,-0.8277308010337473,-1.456789652090599,1111.0,1476.0,4.0,245734.0,1.0,151400.0,23846.0
2025-12-18T17:45:11.792389,3,1.5393622504038291,-0.8400432783934461,-1.4683758648160319,1100.0,1425.0,4.0,294512.0,1.0,157675.0,26682.0
2025-12-18T17:45:11.889295,4,1.5396936320951446,-0.8519248913456438,-1.4879583164076475,1059.0,1241.0,4.0,297014.0,1.0,241038.0,32823.0
2025-12-18T17:45:11.990896,5,1.5446490093181742,-0.87601764265686,-1.494189931095532,969.0,868.0,4.0,280313.0,1.0,231758.0,33102.0
2025-12-18T17:45:12.488595,0,1.5472577267891074,-0.9430430584153058,-1.6174859431763668,1055.0,1225.0,4.0,254021.0,1.0,201594.0,30028.0
2025-12-18T17:45:12.590257,1,1.547219200795945,-0.9555692627246573,-1.6375405774896652,1152.0,1675.0,4.0,216297.0,1.0,207056.0,24701.0
2025-12-18T17:45:12.689553,2,1.5454208480691354,-0.9673149910062286,-1.6650158206092258,1131.0,1574.0,4.0,242840.0,1.0,147955.0,23256.0
2025-12-18T17:45:12.790295,3,1.5436640862052244,-0.9789961327459167,-1.6957733494643197,1108.0,1464.0,4.0,297115.0,1.0,158478.0,26404.0
2025-12-18T17:45:12.890929,4,1.5424837321292857,-0.991849735837663,-1.7162879747346518,1047.0,1189.0,4.0,296713.0,1.0,239169.0,33361.0
2025-12-18T17:45:12.989672,5,1.5401949248097717,-1.0037767125437544,-1.7417611304668275,973.0,886.0,4.0,275516.0,1.0,229262.0,32845.0
2025-12-18T17:45:13.492095,0,1.5250700764589333,-1.062606599320882,-1.8780807988179518,1051.0,1210.0,4.0,251881.0,1.0,205590.0,30170.0
2025-12-18T17:45:13.592035,1,1.5286988854985446,-1.0772636067672678,-1.887614272309564,1169.0,1759.0,4.0,213100.0,1.0,206357.0,24229.0
2025-12-18T17:45:13.689449,3,1.525038750988433,-1.0901359491395477,-1.9076039021972602,1123.0,1532.0,4.0,292129.0,1.0,156294.0,25934.0
2025-12-18T17:45:13.793397,4,1.5221292574641792,-1.1023588786002243,-1.931455995644873,1040.0,1158.0,4.0,301165.0,1.0,239331.0,33701.0
2025-12-18T17:45:13.890542,5,1.5197281074851698,-1.1143353952742774,-1.960192693407386,973.0,886.0,4.0,283269.0,1.0,232702.0,32845.0
2025-12-18T17:45:14.490326,0,1.493099777222937,-1.1787796231637837,-2.107833961342287,1061.0,1252.0,4.0,250012.0,1.0,202688.0,29775.0
2025-12-18T17:45:14.590365,1,1.48632672279117,-1.18925167941881,-2.1366745913987297,1188.0,1850.0,4.0,209099.0,1.0,202825.0,23750.0
2025-12-18T17:45:14.689123,2,1.479017968276296,-1.1992049632586852,-2.1660976587338228,1136.0,1594.0,4.0,240061.0,1.0,150073.0,23139.0
2025-12-18T17:45:14.792623,3,1.471705271012254,-1.2098425770449734,-2.184797405685242,1143.0,1629.0,4.0,285966.0,1.0,151502.0,25318.0
2025-12-18T17:45:14.888180,4,1.4649715581373386,-1.2198891295668166,-2.208544866197437,1039.0,1157.0,4.0,298324.0,1.0,244986.0,33712.0
2025-12-18T17:45:15.487687,0,1.4300625558081048,-1.2845685347354792,-2.3595781781461787,1081.0,1339.0,4.0,246650.0,1.0,198479.0,29018.0
2025-12-18T17:45:15.591895,1,1.4212287074316574,-1.2933737145459787,-2.3773525313680985,1200.0,1913.0,4.0,204965.0,1.0,204203.0,23430.0
2025-12-18T17:45:15.690068,2,1.4128659267062103,-1.3011102334096003,-2.4059824107839534,1139.0,1610.0,4.0,245900.0,1.0,147306.0,23045.0
2025-12-18T17:45:15.790133,3,1.4035870647243773,-1.3091158611315492,-2.432617493811029,1141.0,1619.0,4.0,284615.0,1.0,150786.0,25379.0
2025-12-18T17:45:15.891256,4,1.3941868360272558,-1.3172177878154603,-2.4552131137061366,1034.0,1135.0,4.0,303005.0,1.0,236113.0,33953.0
2025-12-18T17:45:15.991287,5,1.3869474755830231,-1.3242784199422388,-2.477075052355641,962.0,844.0,4.0,279460.0,1.0,234679.0,33440.0
2025-12-18T17:45:16.490007,0,1.3386590120308932,-1.35776602086704,-2.6095728013981,1080.0,1336.0,4.0,245235.0,1.0,200844.0,29038.0
2025-12-18T17:45:16.590028,1,1.3280267093336526,-1.3632074576709576,-2.6305598255502454,1205.0,1939.0,4.0,207548.0,1.0,201048.0,23304.0
2025-12-18T17:45:16.689644,2,1.3227066088680748,-1.367264078523879,-2.641350344229856,1151.0,1668.0,4.0,242019.0,1.0,149667.0,22727.0
2025-12-18T17:45:16.789403,3,1.3225002231974619,-1.3679679985074205,-2.642595512995951,1163.0,1728.0,4.0,280218.0,1.0,148005.0,24734.0
2025-12-18T17:45:16.890833,4,1.3217713074157682,-1.3607667670468246,-2.6466332460250896,1022.0,1084.0,4.0,303621.0,1.0,241610.0,34544.0
2025-12-18T17:45:16.990795,5,1.3199197897603623,-1.344562213016135,-2.653953019719314,961.0,840.0,4.0,283269.0,1.0,230819.0,33496.0
2025-12-18T17:45:17.490136,0,1.3199197897603623,-1.344562213016135,-2.653953019719314,1091.0,1385.0,4.0,245152.0,1.0,194951.0,28638.0
2025-12-18T17:45:17.591883,1,1.3199197897603623,-1.344562213016135,-2.653953019719314,1226.0,2049.0,4.0,206357.0,1.0,200573.0,22797.0
2025-12-18T17:45:17.689986,2,1.3199197897603623,-1.344562213016135,-2.653953019719314,1145.0,1638.0,4.0,235634.0,1.0,146064.0,22889.0
2025-12-18T17:45:17.790651,3,1.3199197897603623,-1.344562213016135,-2.653953019719314,1173.0,1777.0,4.0,279744.0,1.0,148206.0,24459.0
2025-12-18T17:45:17.889542,4,1.3199197897603623,-1.344562213016135,-2.653953019719314,1026.0,1100.0,4.0,302390.0,1.0,238684.0,34358.0
2025-12-18T17:45:17.990513,5,1.3199197897603623,-1.344562213016135,-2.653953019719314,957.0,822.0,4.0,283653.0,1.0,232151.0,33747.0
2025-12-18T17:45:18.488504,0,1.3199197897603623,-1.344562213016135,-2.653953019719314,1100.0,1425.0,4.0,236353.0,1.0,197474.0,28320.0
2025-12-18T17:45:18.589863,1,1.3199197897603623,-1.344562213016135,-2.653953019719314,1229.0,2064.0,4.0,202003.0,1.0,196807.0,22727.0
2025-12-18T17:45:18.689263,2,1.3199197897603623,-1.344562213016135,-2.653953019719314,1178.0,1803.0,4.0,236593.0,1.0,145571.0,22038.0
2025-12-18T17:45:18.790800,3,1.3199197897603623,-1.344562213016135,-2.653953019719314,1169.0,1754.0,4.0,277387.0,1.0,148356.0,24584.0
2025-12-18T17:45:18.889632,4,1.3199197897603623,-1.344562213016135,-2.653953019719314,1040.0,1160.0,4.0,299437.0,1.0,237878.0,33678.0
2025-12-18T17:45:18.991428,5,1.3199197897603623,-1.344562213016135,-2.653953019719314,970.0,872.0,4.0,283365.0,1.0,233254.0,33035.0
2025-12-18T17:45:19.489778,0,1.3199197897603623,-1.344562213016135,-2.653953019719314,1089.0,1375.0,4.0,242593.0,1.0,194555.0,28716.0
2025-12-18T17:45:19.589593,1,1.3199197897603623,-1.344562213016135,-2.653953019719314,1221.0,2019.0,4.0,201457.0,1.0,196142.0,22928.0
2025-12-18T17:45:19.688970,2,1.3199197897603623,-1.344562213016135,-2.653953019719314,1165.0,1738.0,4.0,236113.0,1.0,146808.0,22361.0
2025-12-18T17:45:19.789982,3,1.3199197897603623,-1.344562213016135,-2.653953019719314,1168.0,1751.0,4.0,275143.0,1.0,146957.0,24600.0
2025-12-18T17:45:19.889623,4,1.3199197897603623,-1.344562213016135,-2.653953019719314,1036.0,1142.0,4.0,298627.0,1.0,237717.0,33873.0
2025-12-18T17:45:19.990002,5,1.3199197897603623,-1.344562213016135,-2.653953019719314,977.0,903.0,4.0,285966.0,1.0,231210.0,32624.0
2025-12-18T17:45:20.490414,0,1.3199197897603623,-1.344562213016135,-2.653953019719314,1085.0,1358.0,4.0,243251.0,1.0,195347.0,28852.0
2025-12-18T17:45:20.590845,2,1.3199197897603623,-1.344562213016135,-2.653953019719314,1159.0,1705.0,4.0,241528.0,1.0,146064.0,22528.0
2025-12-18T17:45:20.689267,3,1.3199197897603623,-1.344562213016135,-2.653953019719314,1156.0,1694.0,4.0,280882.0,1.0,148608.0,24927.0
2025-12-18T17:45:20.789686,4,1.3199197897603623,-1.344562213016135,-2.653953019719314,1048.0,1196.0,4.0,300554.0,1.0,237074.0,33282.0
2025-12-18T17:45:20.889712,5,1.3199197897603623,-1.344562213016135,-2.653953019719314,980.0,913.0,4.0,277387.0,1.0,233491.0,32491.0
2025-12-18T17:45:21.489355,0,1.3199197897603623,-1.344562213016135,-2.653953019719314,1094.0,1399.0,4.0,240549.0,1.0,197207.0,28522.0
2025-12-18T17:45:21.590958,1,1.3199197897603623,-1.344562213016135,-2.653953019719314,1222.0,2028.0,4.0,203858.0,1.0,196275.0,22889.0
2025-12-18T17:45:21.689851,2,1.3199197897603623,-1.344562213016135,-2.653953019719314,1162.0,1724.0,4.0,235794.0,1.0,146510.0,22429.0
2025-12-18T17:45:21.789613,3,1.3199197897603623,-1.344562213016135,-2.653953019719314,1158.0,1701.0,4.0,278327.0,1.0,147555.0,24885.0
2025-12-18T17:45:21.890748,4,1.3199197897603623,-1.344562213016135,-2.653953019719314,1061.0,1251.0,4.0,296011.0,1.0,236113.0,32712.0
2025-12-18T17:45:21.990053,5,1.3199197897603625,-1.344562213016135,-2.653953019719314,984.0,929.0,4.0,272640.0,1.0,229961.0,32272.0
2025-12-18T17:45:22.490184,1,1.3199197897603623,-1.344562213016135,-2.653953019719314,1216.0,1993.0,4.0,205660.0,1.0,197274.0,23045.0
2025-12-18T17:45:22.589887,2,1.3199197897603623,-1.344562213016135,-2.653953019719314,1163.0,1728.0,4.0,239655.0,1.0,145226.0,22406.0
2025-12-18T17:45:22.692080,4,1.3199197897603623,-1.344562213016135,-2.653953019719314,1053.0,1217.0,4.0,290552.0,1.0,234124.0,33057.0
2025-12-18T17:45:22.788882,5,1.3199197897603623,-1.344562213016135,-2.653953019719314,980.0,913.0,4.0,279176.0,1.0,231758.0,32480.0
2025-12-18T17:45:23.490945,0,1.3199197897603623,-1.344562213016135,-2.653953019719314,1086.0,1363.0,4.0,242101.0,1.0,193439.0,28813.0
2025-12-18T17:45:23.592259,1,1.3199197897603623,-1.344562213016135,-2.653953019719314,1216.0,1995.0,4.0,201321.0,1.0,199085.0,23037.0
2025-12-18T17:45:23.688029,2,1.3199197897603623,-1.344562213016135,-2.653953019719314,1152.0,1671.0,4.0,235634.0,1.0,146708.0,22704.0
2025-12-18T17:45:23.793282,3,1.3199197897603623,-1.344562213016135,-2.653953019719314,1148.0,1656.0,4.0,279082.0,1.0,147256.0,25148.0
2025-12-18T17:45:23.889685,4,1.3199197897603623,-1.344562213016135,-2.653953019719314,1067.0,1277.0,4.0,294014.0,1.0,231367.0,32458.0
2025-12-18T17:45:23.990356,5,1.3199197897603623,-1.344562213016135,-2.653953019719314,991.0,954.0,4.0,272271.0,1.0,228642.0,31957.0
2025-12-18T17:45:24.489931,0,1.3199197897603623,-1.344562213016135,-2.653953019719314,1091.0,1384.0,4.0,241120.0,1.0,197474.0,28638.0
2025-12-18T17:45:24.590862,1,1.3199197897603623,-1.344562213016135,-2.653953019719314,1197.0,1899.0,4.0,201321.0,1.0,196740.0,23494.0
2025-12-18T17:45:24.689810,2,1.3199197897603623,-1.344562213016135,-2.653953019719314,1158.0,1704.0,4.0,233491.0,1.0,145719.0,22528.0
2025-12-18T17:45:24.791395,3,1.3199197897603623,-1.344562213016135,-2.653953019719314,1144.0,1635.0,4.0,281644.0,1.0,147755.0,25276.0
2025-12-18T17:45:24.889240,4,1.3199197897603623,-1.344562213016135,-2.653953019719314,1070.0,1289.0,4.0,295610.0,1.0,234282.0,32338.0
2025-12-18T17:45:24.989936,5,1.3199197897603623,-1.344562213016135,-2.653953019719314,988.0,946.0,4.0,279933.0,1.0,227023.0,32065.0
2025-12-18T17:45:25.489931,0,1.3199197897603623,-1.344562213016135,-2.653953019719314,1092.0,1391.0,4.0,239818.0,1.0,194029.0,28580.0
2025-12-18T17:45:25.589994,1,1.3199197897603623,-1.344562213016135,-2.653953019719314,1205.0,1940.0,4.0,198950.0,1.0,196740.0,23296.0
2025-12-18T17:45:25.689141,2,1.3199197897603623,-1.344562213016135,-2.653953019719314,1165.0,1737.0,4.0,236113.0,1.0,146213.0,22361.0
2025-12-18T17:45:25.790165,3,1.3199197897603623,-1.344562213016135,-2.653953019719314,1150.0,1666.0,4.0,279176.0,1.0,148005.0,25088.0
2025-12-18T17:45:25.890575,4,1.3199197897603623,-1.344562213016135,-2.653953019719314,1058.0,1237.0,4.0,292525.0,1.0,231837.0,32856.0
2025-12-18T17:45:25.991326,5,1.3199197897603623,-1.344562213016135,-2.653953019719314,997.0,983.0,4.0,272456.0,1.0,226179.0,31613.0
2025-12-18T17:45:26.489914,0,1.3199197897603623,-1.344562213016135,-2.653953019719314,1090.0,1382.0,4.0,242840.0,1.0,189486.0,28657.0
2025-12-18T17:45:26.590922,1,1.3199197897603623,-1.344562213016135,-2.653953019719314,1207.0,1946.0,4.0,203720.0,1.0,195678.0,23264.0
2025-12-18T17:45:26.690237,2,1.3199197897603623,-1.344562213016135,-2.653953019719314,1180.0,1809.0,4.0,234441.0,1.0,145276.0,22001.0
2025-12-18T17:45:26.791385,3,1.3199197897603623,-1.344562213016135,-2.653953019719314,1145.0,1639.0,4.0,281835.0,1.0,149061.0,25250.0
2025-12-18T17:45:26.889783,5,1.3199197897603623,-1.344562213016135,-2.653953019719314,1005.0,1012.0,4.0,275889.0,1.0,220510.0,31272.0
2025-12-18T17:45:27.490229,0,1.2931728262039566,-1.3497292802734002,-2.7301902567549163,1080.0,1335.0,4.0,238442.0,1.0,194621.0,29038.0
2025-12-18T17:45:27.591164,1,1.2795920201443336,-1.3548111134475627,-2.761980114804051,1204.0,1934.0,4.0,204134.0,1.0,195413.0,23319.0
2025-12-18T17:45:27.690298,2,1.265508527482729,-1.3613569576670437,-2.78548608715157,1181.0,1818.0,4.0,231445.0,1.0,144491.0,21956.0
2025-12-18T17:45:27.792116,3,1.2518442586580374,-1.3680643739588874,-2.8062723225810076,1147.0,1650.0,4.0,278139.0,1.0,148005.0,25182.0
2025-12-18T17:45:27.890939,4,1.2395005164466582,-1.3730433588062383,-2.8319161158839252,1071.0,1296.0,4.0,289570.0,1.0,230663.0,32272.0
2025-12-18T17:45:27.989919,5,1.2279382953779494,-1.3768068427075297,-2.852316831783996,1013.0,1047.0,4.0,268974.0,1.0,220884.0,30873.0
2025-12-18T17:45:28.489657,0,1.1606001575091764,-1.379025418510667,-2.975567631101085,1095.0,1402.0,4.0,242922.0,1.0,193047.0,28493.0
2025-12-18T17:45:28.589694,1,1.1487451779734301,-1.3802927931513465,-3.0077338215525202,1195.0,1887.0,4.0,207688.0,1.0,196076.0,23549.0
2025-12-18T17:45:28.689694,2,1.1368529829399299,-1.3813491506640374,-3.0356362132362027,1183.0,1827.0,4.0,231758.0,1.0,143759.0,21912.0
2025-12-18T17:45:28.792465,3,1.1237602958870971,-1.383598173770958,-3.0573969609037883,1151.0,1670.0,4.0,281358.0,1.0,147156.0,25063.0
2025-12-18T17:45:28.888126,4,1.11133723876344,-1.3854104724460594,-3.082074456216984,1085.0,1359.0,4.0,286160.0,1.0,225186.0,31688.0
2025-12-18T17:45:28.990288,5,1.0996313991305626,-1.3853385183092657,-3.1092293521377083,1012.0,1040.0,4.0,269429.0,1.0,222685.0,30946.0
2025-12-18T17:45:29.489821,0,1.0305443905132634,-1.399174856554798,3.046019221144722,1108.0,1463.0,4.0,241610.0,1.0,191550.0,28024.0
2025-12-18T17:45:29.590058,1,1.0180678690568745,-1.3984197360288482,3.0270533598895364,1202.0,1924.0,4.0,204757.0,1.0,195943.0,23367.0
2025-12-18T17:45:29.689929,2,1.005500214761987,-1.3967986834309745,2.996207172370604,1183.0,1829.0,4.0,231837.0,1.0,143954.0,21904.0
2025-12-18T17:45:29.792852,3,0.9931514066534384,-1.39464282212881,2.969220886433877,1166.0,1741.0,4.0,279649.0,1.0,146907.0,24650.0
2025-12-18T17:45:29.889507,4,0.9804592582816527,-1.3926188028194832,2.950996633507634,1082.0,1343.0,4.0,287422.0,1.0,224122.0,31827.0
2025-12-18T17:45:29.989550,5,0.9677472459993048,-1.3909361225127306,2.923864813916488,1017.0,1064.0,4.0,270984.0,1.0,220137.0,30685.0
2025-12-18T17:45:30.489696,0,0.909857163457394,-1.375655781776922,2.7829334233505856,1081.0,1341.0,4.0,237958.0,1.0,192785.0,28989.0
2025-12-18T17:45:30.590068,1,0.8985889719039055,-1.3710232711127097,2.7588929648018725,1198.0,1905.0,4.0,202757.0,1.0,195149.0,23462.0
2025-12-18T17:45:30.689420,2,0.8864007728840437,-1.367049043352416,2.7395712172145967,1202.0,1921.0,4.0,235873.0,1.0,142114.0,21478.0
2025-12-18T17:45:30.790496,3,0.8751421446776917,-1.3619342833284689,2.7084067543819463,1166.0,1742.0,4.0,278045.0,1.0,145374.0,24642.0
2025-12-18T17:45:30.890656,4,0.864690001857978,-1.3561342346483838,2.6811744541444873,1087.0,1367.0,4.0,279744.0,1.0,225415.0,31613.0
2025-12-18T17:45:30.988904,5,0.8540951246853591,-1.350645917451498,2.6555798959655585,1019.0,1070.0,4.0,274213.0,1.0,222459.0,30623.0
2025-12-18T17:45:31.489439,0,0.8392757643779829,-1.3540077535887627,2.632223445704845,1090.0,1382.0,4.0,240631.0,1.0,191096.0,28648.0
2025-12-18T17:45:31.590109,1,0.8392757643779829,-1.3540077535887627,2.632223445704845,1199.0,1906.0,4.0,202551.0,1.0,193308.0,23454.0
2025-12-18T17:45:31.689067,2,0.8390381488888821,-1.3536587716817405,2.6317330254272306,1195.0,1889.0,4.0,235236.0,1.0,142307.0,21624.0
2025-12-18T17:45:31.792124,3,0.8354941598457633,-1.3486797074318373,2.6059490989726477,1180.0,1814.0,4.0,276543.0,1.0,147555.0,24253.0
2025-12-18T17:45:31.889455,4,0.8300576562862525,-1.3412143287060938,2.5676695896293733,1081.0,1341.0,4.0,284229.0,1.0,224805.0,31849.0
2025-12-18T17:45:31.990734,5,0.8195762615025998,-1.333774745977267,2.5435650925153634,1009.0,1030.0,4.0,268701.0,1.0,220137.0,31061.0
2025-12-18T17:45:32.489356,0,0.7610973443132427,-1.2964545127813407,2.4277096700582304,1083.0,1351.0,4.0,237958.0,1.0,193308.0,28901.0
2025-12-18T17:45:32.589978,1,0.752654227107714,-1.2891281301042743,2.4101570582607175,1208.0,1953.0,4.0,203169.0,1.0,195347.0,23225.0
2025-12-18T17:45:32.689121,2,0.7442478817612703,-1.2808494073018604,2.3816418725249675,1212.0,1977.0,4.0,226409.0,1.0,141634.0,21233.0
2025-12-18T17:45:32.790420,3,0.736089976480127,-1.2710144333781592,2.348251189453363,1178.0,1800.0,4.0,271168.0,1.0,144981.0,24327.0
2025-12-18T17:45:32.890411,4,0.728662891070875,-1.261466770446487,2.320391264350975,1079.0,1331.0,4.0,285676.0,1.0,226026.0,31935.0
2025-12-18T17:45:32.990982,5,0.7200461934904738,-1.2519858305052207,2.296905870499789,1004.0,1009.0,4.0,269338.0,1.0,220063.0,31304.0
2025-12-18T17:45:33.490767,0,0.6856931985478214,-1.2109426827002923,2.185517791514226,1083.0,1348.0,4.0,239412.0,1.0,191161.0,28930.0
2025-12-18T17:45:33.588722,1,0.6798993966986655,-1.2009602722284127,2.1527853646314195,1211.0,1972.0,4.0,203858.0,1.0,193832.0,23139.0
2025-12-18T17:45:33.689978,3,0.6739214511319517,-1.1906687610245124,2.1217928156075927,1170.0,1763.0,4.0,269065.0,1.0,143613.0,24526.0
2025-12-18T17:45:33.792636,4,0.6671386715966755,-1.1797104157131362,2.0973596785037825,1077.0,1321.0,4.0,281835.0,1.0,223440.0,32033.0
2025-12-18T17:45:33.889870,5,0.6594470074913105,-1.1683036995242617,2.07785950655307,1008.0,1026.0,4.0,267612.0,1.0,216590.0,31103.0
2025-12-18T17:45:34.489714,0,0.6211288898879948,-1.109349402122316,1.9287407288533078,1091.0,1387.0,4.0,238119.0,1.0,192069.0,28609.0
2025-12-18T17:45:34.590244,1,0.6163884862913962,-1.098232531061328,1.9078159093800595,1217.0,1998.0,4.0,202551.0,1.0,193177.0,23014.0
2025-12-18T17:45:34.689350,2,0.6136945856828904,-1.086919429350922,1.8778565093465696,1193.0,1876.0,4.0,231994.0,1.0,139305.0,21683.0
2025-12-18T17:45:34.791986,3,0.6116913606072899,-1.0760667231231227,1.8481794645122687,1176.0,1792.0,4.0,269794.0,1.0,143711.0,24368.0
2025-12-18T17:45:34.888516,4,0.6088495815652084,-1.0638230787462415,1.8228285683231844,1103.0,1439.0,4.0,283365.0,1.0,222459.0,30988.0
2025-12-18T17:45:34.993089,5,0.6022269516389932,-1.0519134676749462,1.8005823237182246,1015.0,1055.0,4.0,271259.0,1.0,220809.0,30779.0
2025-12-18T17:45:35.490981,0,0.5841669913835926,-0.9918011490540343,1.668568816165402,1088.0,1372.0,4.0,240305.0,1.0,191874.0,28725.0
2025-12-18T17:45:35.591376,1,0.582578678678693,-0.9795398374704783,1.6478729797850125,1233.0,2086.0,4.0,201389.0,1.0,189807.0,22620.0
2025-12-18T17:45:35.689053,2,0.5810670418900856,-0.9667494920037122,1.6274234129420921,1201.0,1919.0,4.0,231210.0,1.0,140822.0,21486.0
2025-12-18T17:45:35.790635,3,0.5803113422564385,-0.9517268905929503,1.6185979278010747,1182.0,1824.0,4.0,276918.0,1.0,142211.0,24196.0
2025-12-18T17:45:35.889824,4,0.5787306596569648,-0.935012027673654,1.615393649273792,1091.0,1386.0,4.0,275889.0,1.0,221108.0,31442.0
2025-12-18T17:45:35.991955,5,0.5781676173301452,-0.9224710012794273,1.6173859642244188,1001.0,997.0,4.0,264640.0,1.0,218135.0,31431.0
2025-12-18T17:45:36.490065,0,0.5756698788123994,-0.8578095561649655,1.617390778446961,1105.0,1450.0,4.0,236913.0,1.0,188272.0,28119.0
2025-12-18T17:45:36.588495,1,0.5746320934241153,-0.8452639892516105,1.6164250209971298,1238.0,2110.0,4.0,199220.0,1.0,190903.0,22513.0
2025-12-18T17:45:36.691940,2,0.5740331902662358,-0.8341993108289218,1.6251275409483104,1214.0,1986.0,4.0,233965.0,1.0,138552.0,21189.0
2025-12-18T17:45:36.792026,3,0.5731223901322225,-0.8266182781799573,1.6384589243015981,1191.0,1866.0,4.0,275143.0,1.0,141060.0,23976.0
2025-12-18T17:45:36.891209,4,0.5719064293653032,-0.8136893357664342,1.6391926371349603,1100.0,1428.0,4.0,285966.0,1.0,219839.0,31072.0
2025-12-18T17:45:37.488592,0,0.566759252078193,-0.7380373229959146,1.6386797542568494,1101.0,1433.0,4.0,234758.0,1.0,189743.0,28243.0
2025-12-18T17:45:37.589957,1,0.5660964697289584,-0.7246690010918136,1.635955065325077,1233.0,2084.0,4.0,200980.0,1.0,190000.0,22627.0
2025-12-18T17:45:37.689173,2,0.5652862268489788,-0.7123224222086019,1.6379377295656719,1223.0,2030.0,4.0,228024.0,1.0,138834.0,21004.0
2025-12-18T17:45:37.790183,3,0.5650621053823497,-0.699259125010585,1.6394028179115383,1177.0,1799.0,4.0,272179.0,1.0,142018.0,24327.0
2025-12-18T17:45:37.888728,4,0.564579336598577,-0.6867386712630413,1.6393816098993685,1109.0,1469.0,4.0,281168.0,1.0,221557.0,30737.0
2025-12-18T17:45:37.990262,5,0.5643868255234382,-0.6742283824176579,1.639864007761703,1009.0,1028.0,4.0,266708.0,1.0,215202.0,31082.0
2025-12-18T17:45:38.490511,0,0.5620014439153785,-0.6123008022562014,1.6354018232783496,1102.0,1437.0,4.0,236273.0,1.0,188910.0,28215.0
2025-12-18T17:45:38.589820,1,0.561109707698958,-0.5998834900449813,1.634915180377609,1222.0,2025.0,4.0,200505.0,1.0,190322.0,22889.0
2025-12-18T17:45:38.689683,2,0.5602725988679911,-0.5864231039460609,1.6386293115934991,1208.0,1953.0,4.0,223138.0,1.0,138178.0,21333.0
2025-12-18T17:45:38.790051,3,0.5536773964198215,-0.5793183192076383,1.6481128581485702,1188.0,1853.0,4.0,270069.0,1.0,141299.0,24041.0
2025-12-18T17:45:38.889882,4,0.5449980776971134,-0.5745071765004685,1.6609965745344644,1104.0,1443.0,4.0,280597.0,1.0,220734.0,30946.0
2025-12-18T17:45:38.991653,5,0.5432014711068796,-0.5614641269412869,1.6592505471505405,1027.0,1103.0,4.0,269247.0,1.0,216297.0,30272.0
2025-12-18T17:45:39.489818,0,0.5373068281483292,-0.49868992365842335,1.6575230685560611,1110.0,1475.0,4.0,234124.0,1.0,191744.0,27930.0
2025-12-18T17:45:39.588831,2,0.5362898016635832,-0.4859272133307001,1.6589920444919601,1210.0,1963.0,4.0,230819.0,1.0,138271.0,21290.0
2025-12-18T17:45:39.689775,3,0.5347790374576614,-0.4808146716469893,1.6624629640932707,1180.0,1811.0,4.0,267793.0,1.0,140822.0,24261.0
2025-12-18T17:45:39.790613,4,0.5345395282035013,-0.48079235289907085,1.6607497023567506,1107.0,1461.0,4.0,280123.0,1.0,216077.0,30800.0
2025-12-18T17:45:39.890721,5,0.5346019023432338,-0.48092973443660114,1.660512987496382,1010.0,1035.0,4.0,265537.0,1.0,214184.0,30998.0
2025-12-18T17:45:40.489842,0,0.5346019023432338,-0.48092973443660114,1.660512987496382,1101.0,1429.0,4.0,235236.0,1.0,187445.0,28272.0
2025-12-18T17:45:40.590105,1,0.5346019023432338,-0.48092973443660114,1.660512987496382,1241.0,2128.0,4.0,200641.0,1.0,189872.0,22437.0
2025-12-18T17:45:40.688391,2,0.5346019023432338,-0.48092973443660114,1.660512987496382,1205.0,1938.0,4.0,228642.0,1.0,139588.0,21398.0
2025-12-18T17:45:40.790498,3,0.5346019023432338,-0.48092973443660114,1.660512987496382,1194.0,1885.0,4.0,272917.0,1.0,140393.0,23879.0
2025-12-18T17:45:40.889290,4,0.5346019023432338,-0.48092973443660114,1.660512987496382,1106.0,1454.0,4.0,278045.0,1.0,219914.0,30852.0
2025-12-18T17:45:40.992068,5,0.5346019023432338,-0.48092973443660114,1.660512987496382,1015.0,1054.0,4.0,266437.0,1.0,215566.0,30789.0
2025-12-18T17:45:41.490057,1,0.5346019023432338,-0.48092973443660114,1.660512987496382,1240.0,2119.0,4.0,198010.0,1.0,188718.0,22475.0
2025-12-18T17:45:41.590030,2,0.5346019023432338,-0.48092973443660114,1.660512987496382,1201.0,1920.0,4.0,227100.0,1.0,138365.0,21478.0
2025-12-18T17:45:41.689719,3,0.5346019023432338,-0.48092973443660114,1.660512987496382,1188.0,1850.0,4.0,268065.0,1.0,140156.0,24057.0
2025-12-18T17:45:41.788640,4,0.5346019023432338,-0.48092973443660114,1.660512987496382,1100.0,1427.0,4.0,278139.0,1.0,217619.0,31082.0
2025-12-18T17:45:41.889722,5,0.5346019023432338,-0.48092973443660114,1.660512987496382,1008.0,1024.0,4.0,261169.0,1.0,214620.0,31124.0
2025-12-18T17:45:42.489797,0,0.5346019023432338,-0.48092973443660114,1.660512987496382,1103.0,1441.0,4.0,236433.0,1.0,187699.0,28186.0
2025-12-18T17:45:42.590125,1,0.5346019023432338,-0.48092973443660114,1.660512987496382,1235.0,2092.0,4.0,196408.0,1.0,187890.0,22589.0
2025-12-18T17:45:42.690608,2,0.5346019023432338,-0.48092973443660114,1.660512987496382,1205.0,1937.0,4.0,227484.0,1.0,139635.0,21398.0
2025-12-18T17:45:42.791154,3,0.5346019023432338,-0.48092973443660114,1.660512987496382,1201.0,1920.0,4.0,263389.0,1.0,138459.0,23701.0
2025-12-18T17:45:42.889431,4,0.534747665342533,-0.48044267752017433,1.6624747047655022,1100.0,1427.0,4.0,274306.0,1.0,218430.0,31082.0
2025-12-18T17:45:42.990503,5,0.5363671383808037,-0.47339253616927357,1.668359725630289,1017.0,1062.0,4.0,269338.0,1.0,213461.0,30695.0
2025-12-18T17:45:43.490068,0,0.5272935609249696,-0.3979847320108887,1.6658713062362278,1100.0,1426.0,4.0,234838.0,1.0,188399.0,28301.0
2025-12-18T17:45:43.590218,1,0.5266833130479076,-0.38601353464004096,1.6661285395075036,1238.0,2111.0,4.0,198614.0,1.0,186559.0,22505.0
2025-12-18T17:45:43.689114,2,0.526002992093879,-0.37429767830320615,1.6634046416535764,1212.0,1972.0,4.0,221183.0,1.0,135629.0,21247.0
2025-12-18T17:45:43.789919,3,0.5243719900779518,-0.36289857804113335,1.6643984576602018,1190.0,1862.0,4.0,266257.0,1.0,140774.0,23992.0
2025-12-18T17:45:43.888991,4,0.5237479405979552,-0.3512079719710709,1.662923657520618,1107.0,1459.0,4.0,275236.0,1.0,218061.0,30810.0
2025-12-18T17:45:43.990126,5,0.5222510670823207,-0.3390835061437938,1.6619228359897205,1015.0,1056.0,4.0,266617.0,1.0,215202.0,30768.0
2025-12-18T17:45:44.489724,0,0.4986104985592691,-0.25554294403969646,1.699817491257399,1107.0,1457.0,4.0,237234.0,1.0,188846.0,28062.0
2025-12-18T17:45:44.590466,1,0.49705893633076437,-0.24235743949193367,1.696586719976468,1243.0,2138.0,4.0,197943.0,1.0,187445.0,22391.0
2025-12-18T17:45:44.687829,2,0.49520574259280303,-0.2299352594789963,1.6961000415407712,1203.0,1927.0,4.0,222987.0,1.0,136689.0,21442.0
2025-12-18T17:45:44.789884,3,0.49372158284511314,-0.21656543401896988,1.6941183056140443,1190.0,1862.0,4.0,265357.0,1.0,140109.0,23992.0
2025-12-18T17:45:44.891307,4,0.4921835854590424,-0.20409506427663116,1.6941343129585154,1102.0,1435.0,4.0,282408.0,1.0,219319.0,31009.0
2025-12-18T17:45:44.991002,5,0.4912531443319206,-0.19086950356390253,1.696357629675304,1010.0,1036.0,4.0,266437.0,1.0,216883.0,30988.0
2025-12-18T17:45:45.490025,0,0.48367800237123504,-0.12812214097186492,1.6936400853495823,1103.0,1442.0,4.0,233570.0,1.0,188782.0,28176.0
2025-12-18T17:45:45.588804,1,0.4823247758109904,-0.11568738696488567,1.6960966665015127,1240.0,2124.0,4.0,196208.0,1.0,186181.0,22452.0
2025-12-18T17:45:45.689912,2,0.48084788887597507,-0.1024236750686387,1.6936110753284908,1210.0,1962.0,4.0,220809.0,1.0,135675.0,21290.0
2025-12-18T17:45:45.790293,4,0.478676405877533,-0.09023713542410006,1.6961163409358482,1098.0,1419.0,4.0,274306.0,1.0,217398.0,31145.0
2025-12-18T17:45:45.888680,5,0.47761335384907544,-0.07692243653333553,1.696351143352811,1016.0,1060.0,4.0,271443.0,1.0,214257.0,30716.0
2025-12-18T17:45:46.488940,0,0.4747079170416699,-0.01932845541136663,1.7036987428476396,1090.0,1380.0,4.0,239007.0,1.0,190709.0,28657.0
2025-12-18T17:45:46.590216,1,0.47259407087858174,-0.005999325862834248,1.7024609618683968,1232.0,2081.0,4.0,196076.0,1.0,184051.0,22635.0
2025-12-18T17:45:46.690293,2,0.470584210621371,0.0065643277750024875,1.7041868561022866,1211.0,1970.0,4.0,224273.0,1.0,136967.0,21254.0
2025-12-18T17:45:46.790045,3,0.46863142705132366,0.020085700055865074,1.702448463682697,1191.0,1865.0,4.0,262765.0,1.0,140061.0,23976.0
2025-12-18T17:45:46.888443,4,0.4668090947764999,0.0323871510180509,1.704923549640199,1091.0,1385.0,4.0,279649.0,1.0,216737.0,31442.0
2025-12-18T17:45:46.990579,5,0.4654776890425931,0.04548818900196461,1.703690755045671,1019.0,1071.0,4.0,260199.0,1.0,211805.0,30602.0
2025-12-18T17:45:47.489629,0,0.4559766106659944,0.10879757098626114,1.7019840965949273,1115.0,1496.0,4.0,234044.0,1.0,184237.0,27769.0
2025-12-18T17:45:47.590365,1,0.45490896291685756,0.1215495945135483,1.702722761630859,1238.0,2111.0,4.0,200098.0,1.0,187953.0,22505.0
2025-12-18T17:45:47.689396,2,0.45287272557836766,0.13263194192079225,1.7017331795585804,1200.0,1912.0,4.0,225568.0,1.0,136875.0,21507.0
2025-12-18T17:45:47.789751,3,0.45165661229259646,0.14497755025317915,1.7054389248754678,1190.0,1862.0,4.0,269794.0,1.0,139305.0,23992.0
2025-12-18T17:45:47.889772,4,0.44962293359864025,0.15806759921643965,1.7004889975158548,1093.0,1397.0,4.0,278799.0,1.0,217840.0,31336.0
2025-12-18T17:45:47.990211,5,0.44801324030605105,0.17072606088144476,1.7022271624906733,1011.0,1036.0,4.0,263121.0,1.0,213967.0,30977.0
2025-12-18T17:45:48.489710,0,0.41116620520863156,0.22294251893132644,1.73893489011992,1102.0,1434.0,4.0,238442.0,1.0,187128.0,28234.0
2025-12-18T17:45:48.590696,1,0.408662197142902,0.23542640280493815,1.739462480146589,1243.0,2136.0,4.0,195545.0,1.0,188017.0,22399.0
2025-12-18T17:45:48.692615,2,0.40704912622626266,0.24826305943537347,1.7399428213336032,1187.0,1845.0,4.0,225110.0,1.0,137478.0,21815.0
2025-12-18T17:45:48.790835,3,0.4044686207127256,0.26031755961278796,1.739220378615339,1193.0,1879.0,4.0,262499.0,1.0,139305.0,23903.0
2025-12-18T17:45:48.889788,4,0.4031673164478127,0.2729148538496274,1.742679754413373,1083.0,1351.0,4.0,273379.0,1.0,219988.0,31741.0
2025-12-18T17:45:48.990879,5,0.4015815962127758,0.28542160123023685,1.7402009809310348,1018.0,1069.0,4.0,266979.0,1.0,215420.0,30623.0
2025-12-18T17:45:49.488878,0,0.39150471767617645,0.34898143057466124,1.7409104838837024,1090.0,1382.0,4.0,235794.0,1.0,188718.0,28638.0
2025-12-18T17:45:49.589235,1,0.38985789956307837,0.3621892518157126,1.741154184949921,1231.0,2073.0,4.0,194424.0,1.0,186181.0,22666.0
2025-12-18T17:45:49.689734,2,0.387289697448725,0.374395669408631,1.73869924039875,1198.0,1904.0,4.0,222083.0,1.0,137339.0,21544.0
2025-12-18T17:45:49.790181,3,0.38546916157592725,0.3873111344156639,1.7416400756175472,1182.0,1822.0,4.0,265896.0,1.0,141443.0,24196.0
2025-12-18T17:45:49.889363,4,0.38316588235004545,0.4001259384261625,1.7401331180202961,1091.0,1387.0,4.0,280597.0,1.0,218800.0,31421.0
2025-12-18T17:45:49.990532,5,0.38131769728857334,0.4126249664485778,1.7406212864373405,1018.0,1068.0,4.0,261966.0,1.0,215931.0,30633.0
2025-12-18T17:45:50.491948,0,0.35535685519686333,0.47448046523284726,1.762347072462096,1106.0,1453.0,4.0,234361.0,1.0,189551.0,28091.0
2025-12-18T17:45:50.590261,1,0.352580424086978,0.48706931679776405,1.7606059985365063,1230.0,2066.0,4.0,198211.0,1.0,185803.0,22697.0
2025-12-18T17:45:50.689570,2,0.35029422802694854,0.4999619005616437,1.7605955053385507,1200.0,1910.0,4.0,223970.0,1.0,135584.0,21515.0
2025-12-18T17:45:50.791784,3,0.34747783195035253,0.5126130291567037,1.7615877661172474,1186.0,1841.0,4.0,265267.0,1.0,139824.0,24098.0
2025-12-18T17:45:50.890886,4,0.3454589704664832,0.5254908664783324,1.7640449923857355,1090.0,1379.0,4.0,276637.0,1.0,219171.0,31485.0
2025-12-18T17:45:50.990018,5,0.3429606710174301,0.5382339640396187,1.7645346343824833,1012.0,1041.0,4.0,267431.0,1.0,214184.0,30925.0
2025-12-18T17:45:51.489851,0,0.32893704353704645,0.5994983813311078,1.845337956030781,1096.0,1409.0,4.0,238603.0,1.0,189486.0,28425.0
2025-12-18T17:45:51.590210,1,0.32390382660672923,0.610498155806321,1.8703644048481223,1224.0,2039.0,4.0,196076.0,1.0,186938.0,22820.0
2025-12-18T17:45:51.687852,2,0.3197200554548614,0.622706164515385,1.895981492354149,1203.0,1930.0,4.0,224122.0,1.0,134032.0,21427.0
2025-12-18T17:45:51.790869,3,0.31624933534978894,0.6350677778879397,1.9198293622811065,1187.0,1849.0,4.0,264282.0,1.0,138038.0,24057.0
2025-12-18T17:45:51.890791,4,0.3112970227223314,0.6467271509924166,1.9430687997490361,1101.0,1430.0,4.0,285097.0,1.0,218135.0,31051.0
2025-12-18T17:45:51.990241,5,0.30670468317623556,0.6581858986081565,1.9716885941240434,1007.0,1022.0,4.0,262055.0,1.0,212667.0,31135.0
2025-12-18T17:45:52.489516,0,0.26621136813633595,0.7175999823607369,2.124821990560739,1100.0,1425.0,4.0,235953.0,1.0,186055.0,28301.0
2025-12-18T17:45:52.589611,1,0.2503689893648392,0.7305509704268535,2.1674579188058014,1230.0,2068.0,4.0,197274.0,1.0,186055.0,22689.0
2025-12-18T17:45:52.689906,2,0.2428628209323206,0.7395693031275214,2.191638123245546,1199.0,1910.0,4.0,220884.0,1.0,136921.0,21515.0
2025-12-18T17:45:52.790385,3,0.23493985934985628,0.7496172397548102,2.2213755733103344,1186.0,1841.0,4.0,268792.0,1.0,140061.0,24098.0
2025-12-18T17:45:52.889651,4,0.22822844829367228,0.760432113371581,2.247537700846344,1094.0,1398.0,4.0,280978.0,1.0,219171.0,31325.0
2025-12-18T17:45:52.989329,5,0.22001847808835762,0.7698030142145091,2.2723935723407362,1008.0,1024.0,4.0,258444.0,1.0,213172.0,31114.0
2025-12-18T17:45:53.490101,0,0.1850948183115546,0.790625435557094,2.378019904627203,1104.0,1443.0,4.0,234441.0,1.0,188081.0,28157.0
2025-12-18T17:45:53.590596,1,0.17652856037715758,0.7999283405079775,2.402990356327416,1223.0,2031.0,4.0,196874.0,1.0,184113.0,22851.0
2025-12-18T17:45:53.689521,3,0.16700902023462538,0.8081199864286154,2.4293272600444795,1189.0,1855.0,4.0,263210.0,1.0,138271.0,24024.0
2025-12-18T17:45:53.790038,4,0.15716867342458574,0.8151985989994021,2.460956082232606,1089.0,1378.0,4.0,281073.0,1.0,219393.0,31495.0
2025-12-18T17:45:53.890759,5,0.1499475762868383,0.8241988602627481,2.495124112152936,1010.0,1035.0,4.0,263656.0,1.0,214402.0,30988.0
2025-12-18T17:45:54.489892,0,0.08914840629188936,0.8406729194391754,2.624692323131507,1103.0,1441.0,4.0,237074.0,1.0,185426.0,28176.0
2025-12-18T17:45:54.589502,1,0.07799971962117036,0.8457359075630683,2.6530715693783673,1218.0,2006.0,4.0,196341.0,1.0,188399.0,22967.0
2025-12-18T17:45:54.688772,2,0.06744417171901129,0.8519342644048309,2.678528777426103,1221.0,2020.0,4.0,220659.0,1.0,135813.0,21039.0
2025-12-18T17:45:54.790458,3,0.05572980304037278,0.8578780485430999,2.7022943717369383,1188.0,1853.0,4.0,268701.0,1.0,141443.0,24033.0
2025-12-18T17:45:54.888683,4,0.04469042454510941,0.8621794212545983,2.726237217730792,1094.0,1399.0,4.0,279271.0,1.0,215858.0,31315.0
2025-12-18T17:45:54.991007,5,0.03812885760646201,0.8590237001843718,2.7513647230873635,1002.0,1001.0,4.0,262854.0,1.0,213605.0,31378.0
2025-12-18T17:45:55.489333,0,-0.0205855776394559,0.8778348615294885,2.875644572491767,1102.0,1437.0,4.0,233175.0,1.0,186685.0,28205.0
2025-12-18T17:45:55.590011,1,-0.03288289805327982,0.8800923785145576,2.9008410440165227,1228.0,2059.0,4.0,196940.0,1.0,185803.0,22727.0
2025-12-18T17:45:55.689545,2,-0.04516495481335525,0.883334089068389,2.927288625656938,1205.0,1939.0,4.0,227100.0,1.0,135446.0,21384.0
2025-12-18T17:45:55.788393,3,-0.05764335847118618,0.8863554422421324,2.953597143593635,1188.0,1853.0,4.0,265717.0,1.0,137991.0,24033.0
2025-12-18T17:45:55.890706,4,-0.0663182318266402,0.8776275700173057,2.982643546061535,1086.0,1361.0,4.0,277857.0,1.0,218504.0,31645.0
2025-12-18T17:45:55.989870,5,-0.07686644555523614,0.8745831443197021,3.0152940901241942,1008.0,1027.0,4.0,265986.0,1.0,212236.0,31082.0
2025-12-18T17:45:56.491181,0,-0.13782506630161317,0.8797105013838485,-3.1343965961211495,1107.0,1458.0,4.0,238281.0,1.0,185614.0,28043.0
2025-12-18T17:45:56.590705,1,-0.15041692686136554,0.8800398517303386,-3.1099754646158044,1231.0,2076.0,4.0,195810.0,1.0,186181.0,22650.0
2025-12-18T17:45:56.689010,2,-0.16274739446756548,0.878791460497319,-3.0842366461443422,1186.0,1843.0,4.0,227484.0,1.0,136921.0,21823.0
2025-12-18T17:45:56.789304,3,-0.17230765295467343,0.8720542094618216,-3.0495375090273424,1192.0,1870.0,4.0,263745.0,1.0,137292.0,23943.0
2025-12-18T17:45:56.890159,5,-0.1831152731979322,0.8667935103158768,-3.017086573358854,1018.0,1067.0,4.0,260199.0,1.0,214474.0,30633.0
2025-12-18T17:45:57.489889,0,-0.2582428257884979,0.8502391328658019,-2.869801783017671,1099.0,1421.0,4.0,237154.0,1.0,185426.0,28329.0
2025-12-18T17:45:57.591354,1,-0.26985645895957777,0.8369295315855219,-2.8362301905803564,1223.0,2029.0,4.0,195545.0,1.0,184300.0,22858.0
2025-12-18T17:45:57.693397,2,-0.28084968833352475,0.828805674687148,-2.812615236530348,1207.0,1947.0,4.0,228101.0,1.0,135584.0,21348.0
2025-12-18T17:45:57.788734,3,-0.2921441242861833,0.8243491971029254,-2.788439107408437,1193.0,1876.0,4.0,265627.0,1.0,139588.0,23911.0
2025-12-18T17:45:57.891164,4,-0.3040779634865376,0.8198128338425639,-2.758775496357411,1095.0,1402.0,4.0,276543.0,1.0,216297.0,31283.0
2025-12-18T17:45:57.993602,5,-0.31616954800411,0.8149196680604602,-2.7315776553047866,1012.0,1042.0,4.0,260640.0,1.0,209240.0,30914.0
2025-12-18T17:45:58.490777,0,-0.38114132534241363,0.7715859865384224,-2.600510990556144,1107.0,1458.0,4.0,237958.0,1.0,186875.0,28043.0
2025-12-18T17:45:58.593627,2,-0.39225161303245093,0.7653930245707032,-2.5745337635340304,1204.0,1932.0,4.0,220585.0,1.0,137339.0,21413.0
2025-12-18T17:45:58.688454,3,-0.4027724934627668,0.7587886737131158,-2.5489302104787597,1178.0,1800.0,4.0,262232.0,1.0,138646.0,24311.0
2025-12-18T17:45:58.790906,4,-0.4125363727656557,0.7517373673753479,-2.5246140049702355,1094.0,1401.0,4.0,279176.0,1.0,216517.0,31293.0
2025-12-18T17:45:58.890977,5,-0.42240067395274017,0.7446353212259362,-2.5004327270565008,1015.0,1056.0,4.0,263835.0,1.0,212236.0,30758.0
2025-12-18T17:45:59.491797,0,-0.4858038789165833,0.6890936113524874,-2.323144557830163,1102.0,1438.0,4.0,236833.0,1.0,185238.0,28196.0
2025-12-18T17:45:59.588130,1,-0.49407574129277165,0.6794808855574288,-2.297233359107736,1236.0,2102.0,4.0,194885.0,1.0,184862.0,22536.0
2025-12-18T17:45:59.691522,2,-0.5021981065380121,0.670603026996236,-2.2684691583469094,1208.0,1955.0,4.0,223062.0,1.0,136643.0,21312.0
2025-12-18T17:45:59.792481,3,-0.510125419760926,0.6617158618756294,-2.2422547890614046,1188.0,1852.0,4.0,263389.0,1.0,141778.0,24033.0
2025-12-18T17:45:59.888298,4,-0.5180311755678484,0.651280417630557,-2.216642937197439,1104.0,1445.0,4.0,273935.0,1.0,212164.0,30914.0
2025-12-18T17:46:00.488928,1,-0.5652373619161906,0.5755056307934802,-2.0447737023737083,1232.0,2079.0,4.0,197341.0,1.0,184612.0,22635.0
2025-12-18T17:46:00.591422,2,-0.571206881359609,0.5637036815782982,-2.015941626201323,1218.0,2005.0,4.0,224425.0,1.0,135997.0,21096.0
2025-12-18T17:46:00.690220,3,-0.5758379824149749,0.5526948708588466,-1.994610517799035,1190.0,1860.0,4.0,265267.0,1.0,139635.0,23992.0
2025-12-18T17:46:00.791444,4,-0.5799111841383275,0.5403286854493086,-1.9616812137421253,1096.0,1408.0,4.0,280123.0,1.0,212595.0,31230.0
2025-12-18T17:46:00.889937,5,-0.5843764364704707,0.5290296675963015,-1.9357327477721584,1015.0,1056.0,4.0,262321.0,1.0,209524.0,30758.0
2025-12-18T17:46:01.489926,0,-0.6257759750192247,0.4431971804504391,-1.753169513707868,1100.0,1428.0,4.0,235873.0,1.0,187192.0,28272.0
2025-12-18T17:46:01.590972,1,-0.6291449950005834,0.43068037417112115,-1.7314779222718277,1224.0,2035.0,4.0,195545.0,1.0,183864.0,22827.0
2025-12-18T17:46:01.689229,2,-0.6313935512572975,0.4180117342322463,-1.7077102322269078,1204.0,1932.0,4.0,218652.0,1.0,137153.0,21413.0
2025-12-18T17:46:01.790652,3,-0.6320472983393923,0.4056195100832771,-1.6849600071364395,1192.0,1873.0,4.0,266527.0,1.0,137618.0,23927.0
2025-12-18T17:46:01.889043,4,-0.631437947637862,0.3907200433370528,-1.6428878790107557,1102.0,1438.0,4.0,276731.0,1.0,216883.0,30977.0
2025-12-18T17:46:01.991239,5,-0.6315407060121638,0.376870622870211,-1.6087728363489986,1017.0,1063.0,4.0,264103.0,1.0,211590.0,30675.0
2025-12-18T17:46:02.489529,0,-0.6299134242615343,0.31484064137447354,-1.4831641875989308,1095.0,1405.0,4.0,238603.0,1.0,186622.0,28445.0
2025-12-18T17:46:02.590750,1,-0.628733921941784,0.3028693249822223,-1.4596979962602226,1237.0,2107.0,4.0,195215.0,1.0,184113.0,22513.0
2025-12-18T17:46:02.689879,2,-0.6282027348805086,0.29090243935774535,-1.4327508751559213,1207.0,1946.0,4.0,225186.0,1.0,133760.0,21348.0
2025-12-18T17:46:02.790823,3,-0.6253577941520392,0.28131843338038315,-1.408603563518017,1189.0,1857.0,4.0,266617.0,1.0,139824.0,24008.0
2025-12-18T17:46:02.889772,4,-0.6227964491628575,0.2714084239326454,-1.3982505840757025,1107.0,1458.0,4.0,274678.0,1.0,214692.0,30810.0
2025-12-18T17:46:02.990169,5,-0.620736321887573,0.25862625996993777,-1.3923269596651815,1022.0,1083.0,4.0,269794.0,1.0,212667.0,30457.0
2025-12-18T17:46:03.490730,0,-0.6100197631592092,0.19645172237973996,-1.387638878001294,1109.0,1468.0,4.0,234441.0,1.0,185238.0,27967.0
2025-12-18T17:46:03.591074,1,-0.6080356379280112,0.1836544234055223,-1.3896294101233115,1243.0,2137.0,4.0,193636.0,1.0,186685.0,22384.0
2025-12-18T17:46:03.688166,2,-0.5959787229154465,0.1745800640094095,-1.3862021397458253,1210.0,1964.0,4.0,224046.0,1.0,135400.0,21269.0
2025-12-18T17:46:03.790926,3,-0.5853840498287961,0.1651347981153487,-1.3885807600723654,1189.0,1856.0,4.0,260287.0,1.0,138318.0,24008.0
2025-12-18T17:46:03.892567,4,-0.5829608488505409,0.15251638123641897,-1.3870877202372678,1099.0,1424.0,4.0,276076.0,1.0,214112.0,31093.0
2025-12-18T17:46:03.990450,5,-0.5804114387337558,0.14036674839951335,-1.388585131034527,1018.0,1068.0,4.0,267431.0,1.0,207127.0,30623.0
2025-12-18T17:46:04.489513,0,-0.5689919329057489,0.07783780968011256,-1.389578505925343,1092.0,1389.0,4.0,236113.0,1.0,187192.0,28570.0
2025-12-18T17:46:04.590048,1,-0.566779180165738,0.06502159524079798,-1.3868553208789876,1229.0,2061.0,4.0,194885.0,1.0,185363.0,22712.0
2025-12-18T17:46:04.689740,2,-0.5646737481552053,0.05234917999274891,-1.3895726970830666,1209.0,1958.0,4.0,223440.0,1.0,134806.0,21297.0
2025-12-18T17:46:04.790339,3,-0.5625065246944188,0.04004756573404766,-1.3860949841880847,1193.0,1879.0,4.0,262499.0,1.0,137711.0,23895.0
2025-12-18T17:46:04.889477,4,-0.5603676199423371,0.027267289626072944,-1.3898276295889067,1094.0,1400.0,4.0,275609.0,1.0,214620.0,31293.0
2025-12-18T17:46:04.992405,5,-0.5583355088763935,0.013747963271461328,-1.3864344310776529,1017.0,1063.0,4.0,262765.0,1.0,210448.0,30675.0
2025-12-18T17:46:05.489825,0,-0.548298458623296,-0.046306326245055485,-1.384995192179646,1103.0,1442.0,4.0,235953.0,1.0,184800.0,28157.0
2025-12-18T17:46:05.590152,1,-0.5460817047216457,-0.058727641307092515,-1.3904363420176746,1231.0,2073.0,4.0,195281.0,1.0,186181.0,22658.0
2025-12-18T17:46:05.689630,2,-0.5437060590659402,-0.0711379401031027,-1.385987780449326,1226.0,2047.0,4.0,218135.0,1.0,135034.0,20919.0
2025-12-18T17:46:05.788534,3,-0.5332018009525514,-0.07182665071880845,-1.3667039556559397,1190.0,1859.0,4.0,262943.0,1.0,136782.0,23992.0
2025-12-18T17:46:05.890005,4,-0.5255817109811709,-0.07743341546762783,-1.350865556886964,1104.0,1445.0,4.0,275422.0,1.0,211233.0,30914.0
2025-12-18T17:46:05.991122,5,-0.5221942695301156,-0.08994798891467592,-1.350887759124235,1013.0,1046.0,4.0,266527.0,1.0,211376.0,30862.0
2025-12-18T17:46:06.490916,0,-0.5079636799364555,-0.15117258094640595,-1.3511235836390563,1110.0,1474.0,4.0,234203.0,1.0,185740.0,27920.0
2025-12-18T17:46:06.590275,1,-0.50523978318612,-0.16412104456441634,-1.3471815616817606,1234.0,2089.0,4.0,193832.0,1.0,182438.0,22589.0
2025-12-18T17:46:06.690816,2,-0.5019187615386289,-0.17669235838208408,-1.352116158113082,1202.0,1921.0,4.0,220659.0,1.0,135492.0,21456.0
2025-12-18T17:46:06.790562,3,-0.4990580318896738,-0.1893101499338563,-1.349887302164894,1189.0,1859.0,4.0,261612.0,1.0,138646.0,23992.0
2025-12-18T17:46:06.889979,4,-0.4959981395904711,-0.20150860593726772,-1.3530947098768995,1105.0,1451.0,4.0,273194.0,1.0,213100.0,30862.0
2025-12-18T17:46:06.991941,5,-0.4934102700959393,-0.21399570611472085,-1.3496484133023823,1028.0,1108.0,4.0,263656.0,1.0,209666.0,30201.0
2025-12-18T17:46:07.490022,0,-0.4811387506425453,-0.2756707637217165,-1.360295569552659,1098.0,1416.0,4.0,234758.0,1.0,183057.0,28358.0
2025-12-18T17:46:07.590116,1,-0.47787163186699844,-0.2880021206886155,-1.3585505837013396,1233.0,2083.0,4.0,197474.0,1.0,182809.0,22612.0
2025-12-18T17:46:07.689261,2,-0.47562514410227097,-0.30049231550810973,-1.3602840259821751,1213.0,1980.0,4.0,221258.0,1.0,133987.0,21197.0
2025-12-18T17:46:07.791292,3,-0.47278433903231254,-0.3124759559008302,-1.3617618619365948,1180.0,1811.0,4.0,266437.0,1.0,137711.0,24245.0
2025-12-18T17:46:07.889801,4,-0.47054249292523487,-0.32530289205095253,-1.3622718515739705,1104.0,1446.0,4.0,272456.0,1.0,212883.0,30904.0
2025-12-18T17:46:07.989674,5,-0.46171714966971655,-0.3304109240739864,-1.358396303466941,1022.0,1083.0,4.0,259671.0,1.0,210448.0,30457.0
2025-12-18T17:46:08.489845,0,-0.4429121173000874,-0.3863323081004346,-1.3585684191737613,1109.0,1469.0,4.0,237074.0,1.0,184237.0,27958.0
2025-12-18T17:46:08.590271,1,-0.44025813518632084,-0.3992820988899952,-1.3568403424457072,1212.0,1975.0,4.0,199085.0,1.0,186055.0,23100.0
2025-12-18T17:46:08.689972,2,-0.4375653517491269,-0.4119644761943544,-1.3570633030564243,1204.0,1936.0,4.0,222987.0,1.0,134988.0,21391.0
2025-12-18T17:46:08.789057,4,-0.4350369966117469,-0.42420448202660865,-1.35482094085572,1102.0,1438.0,4.0,277105.0,1.0,213461.0,30967.0
2025-12-18T17:46:08.890624,5,-0.4323937879892463,-0.43631400888506433,-1.3547938548446379,1028.0,1107.0,4.0,265177.0,1.0,208463.0,30211.0
2025-12-18T17:46:09.489315,0,-0.4166744704003056,-0.5103220991167703,-1.346396549499445,1086.0,1365.0,4.0,238765.0,1.0,188527.0,28764.0
2025-12-18T17:46:09.589452,1,-0.41365555341405225,-0.5225413150493932,-1.3466171270076193,1212.0,1977.0,4.0,199422.0,1.0,186496.0,23092.0
2025-12-18T17:46:09.689250,2,-0.411272309940903,-0.535294357469073,-1.3458595686589605,1183.0,1825.0,4.0,224425.0,1.0,134350.0,21897.0
2025-12-18T17:46:09.791651,3,-0.40840596186416955,-0.5472335942105894,-1.349080665159118,1162.0,1725.0,4.0,264640.0,1.0,139305.0,24717.0
2025-12-18T17:46:09.890325,4,-0.40586940728849674,-0.559563092619606,-1.3493218123046988,1095.0,1403.0,4.0,275236.0,1.0,213750.0,31262.0
2025-12-18T17:46:09.989226,5,-0.40288250574514994,-0.5714489820205857,-1.3453789671681717,1016.0,1057.0,4.0,261789.0,1.0,208745.0,30737.0
2025-12-18T17:46:10.490800,0,-0.37013400328297963,-0.6254813977139086,-1.335357858086448,1094.0,1401.0,4.0,236913.0,1.0,186812.0,28474.0
2025-12-18T17:46:10.591007,1,-0.3668793030220896,-0.6382008881269391,-1.3353614859029594,1202.0,1924.0,4.0,198614.0,1.0,186622.0,23343.0
2025-12-18T17:46:10.690861,2,-0.363725548787069,-0.6503445793751226,-1.334605781236907,1185.0,1836.0,4.0,225262.0,1.0,136089.0,21845.0
2025-12-18T17:46:10.790521,3,-0.3604254791290462,-0.6605849919182769,-1.3338913025439922,1165.0,1735.0,4.0,265896.0,1.0,141204.0,24659.0
2025-12-18T17:46:10.889383,4,-0.3590991890201902,-0.6620146921852887,-1.3358854420379052,1110.0,1471.0,4.0,279933.0,1.0,212092.0,30695.0
2025-12-18T17:46:10.990092,5,-0.35920097199276,-0.6617972381439716,-1.3361367340377261,1024.0,1094.0,4.0,262854.0,1.0,212451.0,30344.0
2025-12-18T17:46:11.489363,0,-0.3592578526925734,-0.6617623064621385,-1.336381927643461,1089.0,1377.0,4.0,236513.0,1.0,186433.0,28667.0
2025-12-18T17:46:11.591234,1,-0.3592578526925734,-0.6617623064621385,-1.336381927643461,1205.0,1940.0,4.0,196740.0,1.0,186181.0,23264.0
2025-12-18T17:46:11.689756,2,-0.3592578526925734,-0.6617623064621385,-1.336381927643461,1176.0,1790.0,4.0,225950.0,1.0,136597.0,22068.0
2025-12-18T17:46:11.791026,3,-0.3592578526925734,-0.6617623064621385,-1.336381927643461,1165.0,1735.0,4.0,267250.0,1.0,141060.0,24659.0
2025-12-18T17:46:11.888407,4,-0.3592578526925734,-0.6617623064621385,-1.336381927643461,1087.0,1368.0,4.0,271259.0,1.0,216883.0,31570.0
2025-12-18T17:46:11.991205,5,-0.3592578526925734,-0.6617623064621385,-1.336381927643461,1019.0,1070.0,4.0,265986.0,1.0,210305.0,30592.0
2025-12-18T17:46:12.489829,0,-0.3592578526925734,-0.6617623064621385,-1.336381927643461,1099.0,1422.0,4.0,238927.0,1.0,187318.0,28310.0
2025-12-18T17:46:12.590228,1,-0.3592578526925734,-0.6617623064621385,-1.336381927643461,1222.0,2027.0,4.0,196275.0,1.0,182315.0,22858.0
2025-12-18T17:46:12.689681,3,-0.3592578526925734,-0.6617623064621385,-1.336381927643461,1168.0,1752.0,4.0,262854.0,1.0,139872.0,24559.0
2025-12-18T17:46:12.790126,4,-0.3592578526925734,-0.6617623064621385,-1.336381927643461,1086.0,1363.0,4.0,278704.0,1.0,214402.0,31613.0
2025-12-18T17:46:12.890471,5,-0.3592578526925734,-0.6617623064621385,-1.336381927643461,1015.0,1053.0,4.0,258269.0,1.0,209311.0,30779.0
2025-12-18T17:46:13.491380,0,-0.3592578526925734,-0.6617623064621385,-1.336381927643461,1100.0,1428.0,4.0,234838.0,1.0,183677.0,28262.0
2025-12-18T17:46:13.588265,1,-0.3592578526925734,-0.6617623064621385,-1.336381927643461,1230.0,2066.0,4.0,194292.0,1.0,184300.0,22681.0
2025-12-18T17:46:13.689030,2,-0.3592578526925734,-0.6617623064621385,-1.336381927643461,1204.0,1935.0,4.0,223591.0,1.0,133263.0,21391.0
2025-12-18T17:46:13.790015,3,-0.3592578526925734,-0.6617623064621385,-1.336381927643461,1163.0,1727.0,4.0,270526.0,1.0,139541.0,24701.0
2025-12-18T17:46:13.889954,4,-0.3592578526925734,-0.6617623064621385,-1.336381927643461,1077.0,1324.0,4.0,279744.0,1.0,215274.0,31968.0
2025-12-18T17:46:13.988606,5,-0.3592578526925734,-0.6617623064621385,-1.336381927643461,1016.0,1057.0,4.0,265357.0,1.0,207127.0,30737.0
2025-12-18T17:46:14.490827,0,-0.3592578526925734,-0.6617623064621385,-1.336381927643461,1103.0,1439.0,4.0,234361.0,1.0,185489.0,28176.0
2025-12-18T17:46:14.590319,1,-0.3592578526925734,-0.6617623064621385,-1.336381927643461,1241.0,2125.0,4.0,195678.0,1.0,181391.0,22429.0
2025-12-18T17:46:14.688063,2,-0.3592578526925734,-0.6617623064621385,-1.336381927643461,1203.0,1927.0,4.0,223591.0,1.0,135859.0,21427.0
2025-12-18T17:46:14.788924,3,-0.3592578526925734,-0.6617623064621385,-1.336381927643461,1182.0,1822.0,4.0,260993.0,1.0,138318.0,24179.0
2025-12-18T17:46:14.892689,4,-0.3592578526925734,-0.6617623064621385,-1.336381927643461,1091.0,1384.0,4.0,273842.0,1.0,215931.0,31431.0
2025-12-18T17:46:14.990020,5,-0.3592578526925734,-0.6617623064621385,-1.336381927643461,1009.0,1031.0,4.0,262765.0,1.0,209524.0,31019.0
2025-12-18T17:46:15.490159,0,-0.3592578526925734,-0.6617623064621385,-1.336381927643461,1101.0,1432.0,4.0,234361.0,1.0,183802.0,28234.0
2025-12-18T17:46:15.591471,1,-0.3592578526925734,-0.6617623064621385,-1.336381927643461,1246.0,2153.0,4.0,190838.0,1.0,182068.0,22308.0
2025-12-18T17:46:15.688483,2,-0.3592578526925734,-0.6617623064621385,-1.336381927643461,1203.0,1927.0,4.0,222158.0,1.0,134123.0,21427.0
2025-12-18T17:46:15.791673,3,-0.35929769182172655,-0.6622173045683493,-1.3351314209292258,1197.0,1896.0,4.0,264819.0,1.0,138459.0,23798.0
2025-12-18T17:46:15.889837,4,-0.3597810198700937,-0.6696296244325799,-1.3269464209982802,1092.0,1392.0,4.0,274306.0,1.0,214547.0,31357.0
2025-12-18T17:46:15.991295,5,-0.3568163309474752,-0.6812416885939621,-1.303159586457374,1018.0,1065.0,4.0,259935.0,1.0,212236.0,30644.0
2025-12-18T17:46:16.490148,0,-0.3315053047248675,-0.750419212847951,-1.235517381094877,1102.0,1435.0,4.0,231602.0,1.0,182130.0,28205.0
2025-12-18T17:46:16.592372,2,-0.32989377909557094,-0.7605233067224288,-1.264743286044417,1208.0,1953.0,4.0,220286.0,1.0,133896.0,21312.0
2025-12-18T17:46:16.689183,3,-0.32953627502587945,-0.7698031780075727,-1.2946878327060836,1200.0,1912.0,4.0,263121.0,1.0,137246.0,23717.0
2025-12-18T17:46:16.790303,4,-0.32894102663178804,-0.7794667444620516,-1.3280795579627793,1101.0,1430.0,4.0,268247.0,1.0,215202.0,31030.0
2025-12-18T17:46:16.889739,5,-0.3255605573291509,-0.7919818997324573,-1.3482958871461572,1018.0,1066.0,4.0,266617.0,1.0,209524.0,30633.0
2025-12-18T17:46:17.489444,0,-0.2872497220704724,-0.8533255532291897,-1.3614725914835482,1112.0,1481.0,4.0,235794.0,1.0,185992.0,27863.0
2025-12-18T17:46:17.590614,1,-0.2850711456287769,-0.8647864846773605,-1.3612105394797063,1238.0,2108.0,4.0,194161.0,1.0,183802.0,22498.0
2025-12-18T17:46:17.689298,2,-0.28245224457671236,-0.8765649786850527,-1.3607256775646461,1205.0,1936.0,4.0,220659.0,1.0,133760.0,21384.0
2025-12-18T17:46:17.792331,3,-0.2798982460087234,-0.8884225842366056,-1.3624076812583847,1196.0,1891.0,4.0,265537.0,1.0,137106.0,23822.0
2025-12-18T17:46:17.889549,4,-0.27728641816293953,-0.9004216750231551,-1.3592968047366043,1099.0,1420.0,4.0,271903.0,1.0,213967.0,31114.0
2025-12-18T17:46:17.990764,5,-0.2745614825942402,-0.9129560299560826,-1.3625233441895364,1022.0,1086.0,4.0,259935.0,1.0,210875.0,30427.0
2025-12-18T17:46:18.490136,0,-0.2601727032771124,-0.9747897622800827,-1.3560509394855516,1099.0,1420.0,4.0,235873.0,1.0,183677.0,28320.0
2025-12-18T17:46:18.590401,1,-0.2573731185359047,-0.9871135930325745,-1.3565770090223546,1218.0,2007.0,4.0,195943.0,1.0,184362.0,22944.0
2025-12-18T17:46:18.690442,2,-0.2546735524967576,-0.99916315034724,-1.3560531034056484,1210.0,1962.0,4.0,223440.0,1.0,134032.0,21269.0
2025-12-18T17:46:18.791236,3,-0.2518758986188101,-1.0116663495968354,-1.3533274695776345,1166.0,1740.0,4.0,266617.0,1.0,140584.0,24625.0
2025-12-18T17:46:18.891431,4,-0.2494249127282544,-1.024205139366262,-1.357795938348272,1094.0,1401.0,4.0,272179.0,1.0,213172.0,31272.0
2025-12-18T17:46:18.989452,5,-0.24637480257241173,-1.0365623807063218,-1.36671964353841,1026.0,1100.0,4.0,264103.0,1.0,209311.0,30272.0
2025-12-18T17:46:19.490816,1,-0.23985428911568674,-1.098086839005562,-1.502711410723325,1208.0,1955.0,4.0,195215.0,1.0,185803.0,23186.0
2025-12-18T17:46:19.589988,2,-0.22989512865009742,-1.106801093641864,-1.50798856468289,1203.0,1929.0,4.0,224653.0,1.0,136875.0,21413.0
2025-12-18T17:46:19.688627,3,-0.2196826249374818,-1.1160354449586374,-1.5122255239227231,1169.0,1756.0,4.0,263835.0,1.0,139919.0,24534.0
2025-12-18T17:46:19.791368,4,-0.21881409771760374,-1.128353274789722,-1.536256287503972,1080.0,1338.0,4.0,279176.0,1.0,213461.0,31838.0
2025-12-18T17:46:19.891378,5,-0.218985439403116,-1.1406536624268757,-1.563961527181535,1021.0,1079.0,4.0,261169.0,1.0,208816.0,30499.0
2025-12-18T17:46:20.489338,0,-0.22389803046724777,-1.2159314147780687,-1.7098112086202835,1104.0,1446.0,4.0,235395.0,1.0,184862.0,28119.0
2025-12-18T17:46:20.589518,1,-0.22577968592236275,-1.2277871533325284,-1.7390090755796552,1219.0,2011.0,4.0,196408.0,1.0,183305.0,22928.0
2025-12-18T17:46:20.688788,2,-0.22827153607647233,-1.2403407653522083,-1.7644681443511243,1181.0,1816.0,4.0,219468.0,1.0,137060.0,21934.0
2025-12-18T17:46:20.792412,3,-0.2238820178887586,-1.2608465960530766,-1.7836233456485717,1166.0,1739.0,4.0,269338.0,1.0,141156.0,24625.0
2025-12-18T17:46:20.890487,4,-0.22517741761260412,-1.274600186979168,-1.8102594219086041,1086.0,1361.0,4.0,276918.0,1.0,213316.0,31623.0
2025-12-18T17:46:20.990329,5,-0.22878007516933263,-1.285517675653248,-1.837212992177639,1019.0,1071.0,4.0,261700.0,1.0,210163.0,30581.0
2025-12-18T17:46:21.488475,0,-0.24727316526109833,-1.345001595427708,-1.9553126448224496,1090.0,1383.0,4.0,236833.0,1.0,183615.0,28609.0
2025-12-18T17:46:21.595883,1,-0.25112416150730443,-1.3586846679403064,-1.9797423410843427,1210.0,1963.0,4.0,192785.0,1.0,188782.0,23146.0
2025-12-18T17:46:21.689310,2,-0.246428578790017,-1.3599516598784271,-1.9924529345248616,1193.0,1879.0,4.0,224501.0,1.0,133715.0,21639.0
2025-12-18T17:46:21.790194,3,-0.24669143690081474,-1.3670771771635986,-2.0167859788913485,1159.0,1705.0,4.0,270892.0,1.0,139635.0,24818.0
2025-12-18T17:46:21.889607,4,-0.2514519687262824,-1.3775245472978441,-2.05020267528309,1079.0,1329.0,4.0,270618.0,1.0,215785.0,31914.0
2025-12-18T17:46:21.992073,5,-0.25778199930084134,-1.3872217574508778,-2.0839936874316236,1025.0,1097.0,4.0,264819.0,1.0,210661.0,30303.0
2025-12-18T17:46:22.489555,0,-0.29327080801936123,-1.438778305721475,-2.20559883419282,1101.0,1430.0,4.0,234838.0,1.0,186307.0,28243.0
2025-12-18T17:46:22.590581,1,-0.29788574371442933,-1.4519611864642437,-2.2287646005471555,1223.0,2029.0,4.0,193898.0,1.0,184612.0,22843.0
2025-12-18T17:46:22.689656,2,-0.30300971003037436,-1.4639955311974446,-2.2551927992324785,1175.0,1788.0,4.0,222158.0,1.0,136643.0,22068.0
2025-12-18T17:46:22.793196,3,-0.3115998969767304,-1.472943702205755,-2.288844440784614,1171.0,1766.0,4.0,266437.0,1.0,140156.0,24476.0
2025-12-18T17:46:22.890306,4,-0.32021312765214405,-1.4813443119171381,-2.313575012718111,1083.0,1349.0,4.0,282121.0,1.0,215566.0,31731.0
2025-12-18T17:46:23.491706,0,-0.380694337122912,-1.5290911170906814,-2.4530947847981084,1091.0,1384.0,4.0,235554.0,1.0,185552.0,28599.0
2025-12-18T17:46:23.588080,1,-0.38991293904183,-1.5358671689904488,-2.4819174303673393,1221.0,2024.0,4.0,195545.0,1.0,185363.0,22866.0
2025-12-18T17:46:23.691701,2,-0.4001491928140132,-1.5436082925119394,-2.503953385900457,1186.0,1842.0,4.0,226716.0,1.0,135813.0,21808.0
2025-12-18T17:46:23.792051,3,-0.410100610183452,-1.5517562833799654,-2.525052301599286,1169.0,1759.0,4.0,267521.0,1.0,140917.0,24517.0
2025-12-18T17:46:23.890291,4,-0.420475860812927,-1.5581851133214788,-2.55110982536812,1079.0,1329.0,4.0,281739.0,1.0,215712.0,31914.0
2025-12-18T17:46:23.990115,5,-0.4306877182141765,-1.564474742940222,-2.5806235954616334,1017.0,1062.0,4.0,262055.0,1.0,212595.0,30675.0
2025-12-18T17:46:24.489001,0,-0.4912058135558267,-1.583736784914767,-2.701561134735795,1103.0,1440.0,4.0,235395.0,1.0,184737.0,28167.0
2025-12-18T17:46:24.590569,1,-0.5029743463010258,-1.5896171621718445,-2.721384823245418,1221.0,2020.0,4.0,195943.0,1.0,185175.0,22882.0
2025-12-18T17:46:24.690255,2,-0.5145431436024303,-1.5944580684218677,-2.7485348707341597,1197.0,1898.0,4.0,226716.0,1.0,136597.0,21551.0
2025-12-18T17:46:24.790708,3,-0.5261689783675728,-1.5990969064277492,-2.774000875854532,1170.0,1763.0,4.0,263745.0,1.0,139635.0,24492.0
2025-12-18T17:46:24.889777,4,-0.5387519917760492,-1.6049622650556148,-2.795817957988834,1082.0,1343.0,4.0,279649.0,1.0,217030.0,31784.0
2025-12-18T17:46:24.991297,5,-0.5500720670057638,-1.608010201613998,-2.8234940328924005,1002.0,999.0,4.0,270984.0,1.0,208745.0,31378.0
2025-12-18T17:46:25.490143,0,-0.6174243911168736,-1.6282404634376813,-2.9676837828798623,1091.0,1385.0,4.0,237797.0,1.0,187890.0,28589.0
2025-12-18T17:46:25.589483,1,-0.6293901842500894,-1.6304161400667339,-2.9932983735511898,1225.0,2044.0,4.0,195810.0,1.0,183429.0,22773.0
2025-12-18T17:46:25.688473,2,-0.6428101358660822,-1.6332961085662154,-3.0120649755445514,1204.0,1932.0,4.0,218504.0,1.0,135584.0,21398.0
2025-12-18T17:46:25.790552,3,-0.6549485914551877,-1.634157496428802,-3.036588177185518,1174.0,1781.0,4.0,264640.0,1.0,139872.0,24393.0
2025-12-18T17:46:25.891024,4,-0.6672781822752666,-1.6349995086401707,-3.0650675514404173,1087.0,1369.0,4.0,278516.0,1.0,214184.0,31549.0
2025-12-18T17:46:25.990151,5,-0.6800540439186084,-1.6362189891055967,-3.0854608190896964,1013.0,1045.0,4.0,263656.0,1.0,209595.0,30862.0
2025-12-18T17:46:26.490411,0,-0.7432144908758511,-1.6359893798050131,3.071641534536435,1089.0,1377.0,4.0,236113.0,1.0,184862.0,28657.0
2025-12-18T17:46:26.589469,1,-0.755698586666484,-1.6349938984180414,3.044534903962843,1228.0,2058.0,4.0,196874.0,1.0,184987.0,22712.0
2025-12-18T17:46:26.690125,2,-0.768437449785665,-1.6348913869117752,3.0202821996089693,1205.0,1940.0,4.0,224729.0,1.0,135629.0,21362.0
2025-12-18T17:46:26.792079,3,-0.7808769543010681,-1.63307501027493,2.9945143566881423,1178.0,1804.0,4.0,264103.0,1.0,138881.0,24270.0
2025-12-18T17:46:26.888025,5,-0.7921390841750495,-1.629803104322666,2.9656620695628955,1001.0,998.0,4.0,270069.0,1.0,211519.0,31389.0
2025-12-18T17:46:27.489597,0,-0.876592767038356,-1.6096835484985235,2.811260145570232,1094.0,1401.0,4.0,232780.0,1.0,185992.0,28464.0
2025-12-18T17:46:27.590765,1,-0.8876214243133707,-1.6055859666251604,2.7806135440129296,1223.0,2033.0,4.0,189294.0,1.0,184737.0,22820.0
2025-12-18T17:46:27.689973,2,-0.897778303247381,-1.6002129674877068,2.7539425691573403,1194.0,1884.0,4.0,220809.0,1.0,135813.0,21610.0
2025-12-18T17:46:27.789691,3,-0.9072251405329276,-1.5998432275699062,2.737471781521449,1180.0,1811.0,4.0,269794.0,1.0,139919.0,24229.0
2025-12-18T17:46:27.890751,4,-0.9174666116570189,-1.602283979005898,2.7278686674056067,1087.0,1366.0,4.0,275143.0,1.0,216957.0,31581.0
2025-12-18T17:46:27.990826,5,-0.9290643382946673,-1.5978817098301632,2.698678808887055,1003.0,1005.0,4.0,267793.0,1.0,211090.0,31315.0
2025-12-18T17:46:28.489200,0,-0.9857867906596964,-1.5684558150570767,2.569213557328156,1098.0,1417.0,4.0,236033.0,1.0,184237.0,28339.0
2025-12-18T17:46:28.589139,1,-0.9958674079821712,-1.5620661256281787,2.542638355382595,1221.0,2020.0,4.0,192785.0,1.0,185426.0,22882.0
2025-12-18T17:46:28.689032,2,-1.0076773580146638,-1.5528470053669285,2.505159472238934,1194.0,1883.0,4.0,224273.0,1.0,134714.0,21617.0
2025-12-18T17:46:28.791354,3,-1.02126197021129,-1.5407109896438749,2.4717599410065816,1177.0,1797.0,4.0,269794.0,1.0,140393.0,24303.0
2025-12-18T17:46:28.889579,4,-1.029765341195023,-1.5326709392157112,2.4418236966042337,1089.0,1375.0,4.0,280597.0,1.0,216370.0,31495.0
2025-12-18T17:46:28.990366,5,-1.0393482723436223,-1.5245593133555377,2.4224261620217447,1008.0,1027.0,4.0,266979.0,1.0,210661.0,31061.0
2025-12-18T17:46:29.489879,0,-1.086862799393268,-1.477920493243166,2.294041529733888,1098.0,1415.0,4.0,237475.0,1.0,183677.0,28349.0
2025-12-18T17:46:29.590806,1,-1.095459298384871,-1.4645533801909938,2.2606952685212094,1221.0,2023.0,4.0,192394.0,1.0,184925.0,22866.0
2025-12-18T17:46:29.689510,2,-1.1035319412517435,-1.454849329537411,2.2391772623607387,1192.0,1873.0,4.0,227792.0,1.0,135034.0,21661.0
2025-12-18T17:46:29.791120,3,-1.1119778340089406,-1.444978644274277,2.2222885494912306,1183.0,1826.0,4.0,262499.0,1.0,138646.0,24147.0
2025-12-18T17:46:29.889642,4,-1.1190630293914339,-1.4350204481305324,2.1932469802330665,1077.0,1321.0,4.0,274492.0,1.0,216077.0,31989.0
2025-12-18T17:46:29.989908,5,-1.1269081803252772,-1.4245563157306544,2.165979011668338,997.0,979.0,4.0,260728.0,1.0,213244.0,31613.0
2025-12-18T17:46:30.490758,0,-1.1583909537595334,-1.3694552087953793,2.037132434209914,1087.0,1369.0,4.0,233570.0,1.0,186559.0,28716.0
2025-12-18T17:46:30.590779,1,-1.1638712062936283,-1.3581550413278223,2.012381140563661,1229.0,2060.0,4.0,193439.0,1.0,183802.0,22697.0
2025-12-18T17:46:30.688676,2,-1.1685865286981532,-1.347079652225249,1.9824887398840747,1213.0,1977.0,4.0,223516.0,1.0,134350.0,21197.0
2025-12-18T17:46:30.789919,3,-1.1734420510866341,-1.3351272518576554,1.9590072166837422,1177.0,1795.0,4.0,264729.0,1.0,141682.0,24311.0
2025-12-18T17:46:30.890094,4,-1.1781424691989693,-1.3243488660114189,1.9409928966166805,1088.0,1370.0,4.0,278327.0,1.0,216883.0,31538.0
2025-12-18T17:46:30.992862,5,-1.1825442872568184,-1.3126419863119276,1.9102230038947532,995.0,973.0,4.0,263745.0,1.0,213750.0,31688.0
2025-12-18T17:46:31.490195,0,-1.2132353126583526,-1.246109401122846,1.8209052560865981,1095.0,1405.0,4.0,237074.0,1.0,183242.0,28425.0
2025-12-18T17:46:31.589437,1,-1.2166424218138339,-1.2331901329551924,1.8213717181472593,1227.0,2053.0,4.0,197207.0,1.0,184487.0,22727.0
2025-12-18T17:46:31.689209,2,-1.2200979021526677,-1.2209723010711728,1.8191509513679607,1198.0,1905.0,4.0,222987.0,1.0,133263.0,21515.0
2025-12-18T17:46:31.791322,4,-1.2234111024847252,-1.2087422167445727,1.821629129816579,1079.0,1333.0,4.0,280597.0,1.0,213822.0,31871.0
2025-12-18T17:46:31.890784,5,-1.2261051021293756,-1.1975662779560114,1.81752144758758,998.0,984.0,4.0,264729.0,1.0,214474.0,31549.0
2025-12-18T17:46:32.488330,0,-1.2307406110050758,-1.1290510340967204,1.8311052050617895,1099.0,1421.0,4.0,233649.0,1.0,187509.0,28301.0
2025-12-18T17:46:32.590352,1,-1.2337898952959852,-1.116991574988767,1.8303809021533721,1218.0,2005.0,4.0,195943.0,1.0,183429.0,22944.0
2025-12-18T17:46:32.689407,3,-1.2376259969668006,-1.1040752275302206,1.8308789266947876,1178.0,1800.0,4.0,264640.0,1.0,139494.0,24286.0
2025-12-18T17:46:32.791137,4,-1.2407837987907802,-1.0915509265701655,1.828179069418365,1067.0,1277.0,4.0,275143.0,1.0,220212.0,32404.0
2025-12-18T17:46:32.888662,5,-1.2443611992119106,-1.0787654547367291,1.8301520900690236,996.0,975.0,4.0,271443.0,1.0,211734.0,31656.0
2025-12-18T17:46:33.490178,0,-1.2628700733215283,-1.0063212388932066,1.8261867346356484,1089.0,1376.0,4.0,234044.0,1.0,188144.0,28657.0
2025-12-18T17:46:33.590346,1,-1.266640965244326,-0.9937684144389058,1.8236931844527362,1233.0,2084.0,4.0,193832.0,1.0,183739.0,22589.0
2025-12-18T17:46:33.689431,2,-1.2695715812298851,-0.9810878504965033,1.8249738453023303,1194.0,1882.0,4.0,226486.0,1.0,134305.0,21617.0
2025-12-18T17:46:33.789981,3,-1.2732219158836307,-0.9689992755161336,1.8259516271197318,1185.0,1839.0,4.0,260287.0,1.0,139305.0,24081.0
2025-12-18T17:46:33.890629,4,-1.2758098009278513,-0.9567508219049536,1.8249814227365952,1079.0,1332.0,4.0,282408.0,1.0,217398.0,31881.0
2025-12-18T17:46:33.990244,5,-1.2794998248716687,-0.9443957150111773,1.8175421172236053,1003.0,1003.0,4.0,263121.0,1.0,214838.0,31325.0
2025-12-18T17:46:34.488599,0,-1.2804188927638733,-0.8909041748341304,1.6918923492280862,1083.0,1350.0,4.0,236994.0,1.0,185175.0,28871.0
2025-12-18T17:46:34.588513,1,-1.2815522792406016,-0.8785492201566991,1.664947274037848,1226.0,2046.0,4.0,197742.0,1.0,185614.0,22758.0
2025-12-18T17:46:34.689618,2,-1.2830825352482027,-0.8660914368183985,1.6423678356535967,1185.0,1836.0,4.0,227023.0,1.0,135263.0,21830.0
2025-12-18T17:46:34.791408,3,-1.2837669023795228,-0.8544479904842375,1.6184197064661763,1186.0,1843.0,4.0,267521.0,1.0,139588.0,24057.0
2025-12-18T17:46:34.895178,4,-1.2841544767423787,-0.8413566335024052,1.5988853992532865,1057.0,1235.0,4.0,278704.0,1.0,219245.0,32823.0
2025-12-18T17:46:34.990473,5,-1.2848819226655517,-0.8281064272344116,1.5929946564404,1004.0,1009.0,4.0,266979.0,1.0,208887.0,31262.0
2025-12-18T17:46:35.488836,0,-1.2861701934049388,-0.76588111938987,1.5913716697818512,1093.0,1396.0,4.0,236913.0,1.0,188782.0,28493.0
2025-12-18T17:46:35.590300,2,-1.2865396654492882,-0.7531276276696133,1.5923344588840094,1184.0,1830.0,4.0,226409.0,1.0,135629.0,21860.0
2025-12-18T17:46:35.689676,3,-1.2860957969029267,-0.7399903597827859,1.5947075522445469,1167.0,1745.0,4.0,266437.0,1.0,139352.0,24584.0
2025-12-18T17:46:35.790898,4,-1.2810190739122924,-0.7279002722385337,1.606471867108423,1058.0,1239.0,4.0,280218.0,1.0,218652.0,32779.0
2025-12-18T17:46:35.889872,5,-1.2808300321553252,-0.714335098147018,1.6082507467917584,1015.0,1053.0,4.0,264371.0,1.0,211805.0,30758.0
2025-12-18T17:46:36.490300,0,-1.2827531793388387,-0.6383771616287948,1.529821754111793,1092.0,1391.0,4.0,237556.0,1.0,183615.0,28531.0
2025-12-18T17:46:36.590543,1,-1.2815437451010887,-0.6264257096111667,1.5049501020430676,1221.0,2024.0,4.0,198412.0,1.0,183926.0,22858.0
2025-12-18T17:46:36.689538,2,-1.2806824014806593,-0.6143333308162224,1.4805408376694504,1168.0,1750.0,4.0,223894.0,1.0,136782.0,22248.0
2025-12-18T17:46:36.790206,3,-1.2792021693694842,-0.6022617528549177,1.4498951131695512,1166.0,1741.0,4.0,269429.0,1.0,140156.0,24609.0
2025-12-18T17:46:36.889870,4,-1.276152028707182,-0.5917172220011861,1.4268401439561396,1063.0,1261.0,4.0,280787.0,1.0,221183.0,32557.0
2025-12-18T17:46:36.988498,5,-1.2738501082667335,-0.5795740731318275,1.3990449931528868,1003.0,1007.0,4.0,273194.0,1.0,210661.0,31283.0
2025-12-18T17:46:37.490203,0,-1.2623108183928096,-0.5148802534706587,1.36219769495081,1094.0,1400.0,4.0,235475.0,1.0,187890.0,28464.0
2025-12-18T17:46:37.590121,1,-1.26012310545055,-0.5021143362199885,1.358981446138299,1211.0,1971.0,4.0,198278.0,1.0,185426.0,23100.0
2025-12-18T17:46:37.688824,2,-1.2575098294360532,-0.49056332533782143,1.3636954208155718,1169.0,1758.0,4.0,227638.0,1.0,134851.0,22210.0
2025-12-18T17:46:37.790928,3,-1.2561525246831806,-0.48021094753271876,1.364387341099334,1172.0,1773.0,4.0,265717.0,1.0,141060.0,24426.0
2025-12-18T17:46:37.890086,4,-1.256542809256815,-0.4735057464380559,1.3818838947465757,1073.0,1306.0,4.0,277763.0,1.0,218874.0,32120.0
2025-12-18T17:46:37.990409,5,-1.2549572231797352,-0.4607707161129211,1.3825249033808278,1009.0,1030.0,4.0,266527.0,1.0,211949.0,31019.0
2025-12-18T17:46:38.489354,1,-1.243602860374077,-0.39862632549084953,1.3864633505542139,1217.0,1999.0,4.0,195413.0,1.0,184237.0,22967.0
2025-12-18T17:46:38.590252,2,-1.24122308586593,-0.3856408403359528,1.3842241360836907,1190.0,1861.0,4.0,225262.0,1.0,136643.0,21712.0
2025-12-18T17:46:38.690310,3,-1.2389693621928193,-0.3734938399697294,1.3855235428810289,1168.0,1754.0,4.0,263745.0,1.0,139022.0,24534.0
2025-12-18T17:46:38.790350,4,-1.2367010503312392,-0.36059626784914833,1.3871946724144861,1083.0,1350.0,4.0,277763.0,1.0,218652.0,31709.0
2025-12-18T17:46:38.891003,5,-1.23442434101483,-0.34839768405953353,1.3852111475489055,1008.0,1026.0,4.0,258706.0,1.0,212811.0,31061.0
2025-12-18T17:46:39.489857,0,-1.219881867292116,-0.272526899349832,1.381744460357383,1080.0,1338.0,4.0,239169.0,1.0,189743.0,28969.0
2025-12-18T17:46:39.590387,1,-1.2172069715082374,-0.26055351725914644,1.3837406126487846,1217.0,1999.0,4.0,198345.0,1.0,182995.0,22967.0
2025-12-18T17:46:39.689823,2,-1.2150181652256884,-0.247954864038046,1.3837382974265795,1194.0,1883.0,4.0,223894.0,1.0,134669.0,21610.0
2025-12-18T17:46:39.789087,3,-1.2127426302796644,-0.23572785777469552,1.384003075538043,1177.0,1794.0,4.0,270526.0,1.0,141156.0,24311.0
2025-12-18T17:46:39.890905,4,-1.2102715515909979,-0.2225778954949178,1.3849833663686433,1089.0,1376.0,4.0,279839.0,1.0,217545.0,31474.0
2025-12-18T17:46:39.990367,5,-1.2082710841103368,-0.2099039980964561,1.3854810569075817,1014.0,1052.0,4.0,258181.0,1.0,210804.0,30768.0
2025-12-18T17:46:40.489870,0,-1.1984885934199165,-0.14932423546434492,1.3946976758105156,1089.0,1378.0,4.0,238684.0,1.0,184800.0,28638.0
2025-12-18T17:46:40.590700,1,-1.196470640515703,-0.13754168241010079,1.3935925177962658,1216.0,1994.0,4.0,197809.0,1.0,187382.0,22990.0
2025-12-18T17:46:40.689135,2,-1.1941734596494773,-0.12560150221799704,1.4005002754308824,1203.0,1926.0,4.0,221258.0,1.0,135309.0,21413.0
2025-12-18T17:46:40.790234,3,-1.1924541449127701,-0.11250204374975747,1.3997440047514138,1175.0,1788.0,4.0,259935.0,1.0,140917.0,24344.0
2025-12-18T17:46:40.889422,4,-1.1901513969191049,-0.10034027406802881,1.3987516808381277,1099.0,1422.0,4.0,275609.0,1.0,215347.0,31082.0
2025-12-18T17:46:40.990768,5,-1.187907908574349,-0.0871118956986181,1.3984928268356878,1011.0,1036.0,4.0,259935.0,1.0,208675.0,30946.0
2025-12-18T17:46:41.491407,0,-1.176772659986548,-0.024030958844226014,1.3962538366117154,1081.0,1339.0,4.0,236833.0,1.0,186433.0,28960.0
2025-12-18T17:46:41.589139,1,-1.1744974535326993,-0.011961818649992573,1.3975184562411351,1220.0,2018.0,4.0,195678.0,1.0,183180.0,22882.0
2025-12-18T17:46:41.691195,2,-1.173079063595219,0.0008450508313158078,1.3957609255853434,1204.0,1931.0,4.0,220212.0,1.0,134623.0,21391.0
2025-12-18T17:46:41.789909,3,-1.1705186597237554,0.013149082003110824,1.395756950418776,1177.0,1799.0,4.0,265896.0,1.0,140393.0,24286.0
2025-12-18T17:46:41.891029,4,-1.168454888314271,0.02617392883750802,1.3925241918302453,1082.0,1345.0,4.0,280978.0,1.0,215858.0,31752.0
2025-12-18T17:46:41.991004,5,-1.166304368862606,0.038719501157951086,1.3960068840533169,1011.0,1039.0,4.0,258619.0,1.0,209879.0,30914.0
2025-12-18T17:46:42.489639,0,-1.1555692395905925,0.1022860912681951,1.3935238790585964,1080.0,1334.0,4.0,239493.0,1.0,189422.0,28999.0
2025-12-18T17:46:42.591104,1,-1.1540444917820565,0.11451570359639485,1.3935238393594973,1218.0,2004.0,4.0,198547.0,1.0,188272.0,22944.0
2025-12-18T17:46:42.690036,2,-1.1517567932485706,0.1266147268575697,1.3977054789378183,1206.0,1944.0,4.0,225186.0,1.0,135859.0,21333.0
2025-12-18T17:46:42.790117,3,-1.150509432322547,0.13848030328253058,1.3979447962889888,1168.0,1752.0,4.0,264282.0,1.0,137991.0,24542.0
2025-12-18T17:46:42.892365,4,-1.1472163006460998,0.1506970910717822,1.3979385446744883,1103.0,1439.0,4.0,267159.0,1.0,215931.0,30935.0
2025-12-18T17:46:42.990301,5,-1.1454594814919066,0.161941468552677,1.3983512124594357,1014.0,1051.0,4.0,263389.0,1.0,210092.0,30779.0
2025-12-18T17:46:43.490463,0,-1.1372895778653103,0.21238458307797825,1.481226765938572,1083.0,1351.0,4.0,236833.0,1.0,191809.0,28852.0
2025-12-18T17:46:43.590299,1,-1.1376254689190057,0.2247496181689287,1.508947850900369,1221.0,2019.0,4.0,195083.0,1.0,185113.0,22874.0
2025-12-18T17:46:43.688708,2,-1.136041068991282,0.23736033812587176,1.5323589834941085,1204.0,1936.0,4.0,223440.0,1.0,134988.0,21370.0
2025-12-18T17:46:43.790805,3,-1.1355649565077996,0.2500548246837042,1.5566509659296868,1184.0,1831.0,4.0,259583.0,1.0,137944.0,24114.0
2025-12-18T17:46:43.891397,4,-1.1369503277537136,0.26193272160609404,1.581488713534542,1105.0,1451.0,4.0,274585.0,1.0,212739.0,30831.0
2025-12-18T17:46:43.990826,5,-1.1368142851363556,0.27415227520893326,1.6092223863947064,1010.0,1034.0,4.0,258706.0,1.0,212667.0,30967.0
2025-12-18T17:46:44.490776,0,-1.1395014611071614,0.33548600025767317,1.7365166868818578,1081.0,1342.0,4.0,237475.0,1.0,187318.0,28930.0
2025-12-18T17:46:44.589076,1,-1.1409957159695168,0.34808077779552227,1.763371870120746,1238.0,2113.0,4.0,195281.0,1.0,182068.0,22460.0
2025-12-18T17:46:44.690375,2,-1.1442490240954775,0.3600176961917253,1.7874110677640533,1210.0,1962.0,4.0,225491.0,1.0,133987.0,21254.0
2025-12-18T17:46:44.792257,3,-1.1474601800007678,0.37235988834505873,1.8131039280113264,1173.0,1777.0,4.0,268247.0,1.0,137711.0,24401.0
2025-12-18T17:46:44.890656,4,-1.150062959886073,0.38462570782553407,1.8385927771047303,1081.0,1340.0,4.0,272548.0,1.0,218209.0,31795.0
2025-12-18T17:46:45.488679,0,-1.2176416646576014,0.4393649858239502,2.0408800782503334,1099.0,1424.0,4.0,235794.0,1.0,183491.0,28272.0
2025-12-18T17:46:45.591108,1,-1.2214389211126797,0.450442126993183,2.069815428949369,1240.0,2120.0,4.0,192655.0,1.0,183429.0,22429.0
2025-12-18T17:46:45.690150,2,-1.228655589535216,0.46246422533574494,2.0944146829148576,1208.0,1953.0,4.0,222987.0,1.0,133489.0,21290.0
2025-12-18T17:46:45.790182,3,-1.242114615546777,0.4693549399629141,2.120195382981013,1179.0,1806.0,4.0,258881.0,1.0,137292.0,24245.0
2025-12-18T17:46:45.890942,4,-1.2548106109479251,0.4785395825347285,2.148983786637095,1090.0,1379.0,4.0,275422.0,1.0,214692.0,31442.0
2025-12-18T17:46:45.990516,5,-1.2625206626067065,0.4884955609074626,2.1763231511228613,1014.0,1049.0,4.0,257483.0,1.0,209311.0,30800.0
2025-12-18T17:46:46.490030,0,-1.302130236949512,0.5366602844693354,2.301653059551252,1090.0,1381.0,4.0,233649.0,1.0,186118.0,28609.0
2025-12-18T17:46:46.591006,1,-1.3110874121394325,0.5459549199745334,2.331587631996548,1246.0,2154.0,4.0,195810.0,1.0,180107.0,22285.0
2025-12-18T17:46:46.687981,2,-1.3233280981054247,0.5529117960661244,2.3586642394681396,1211.0,1972.0,4.0,222233.0,1.0,133218.0,21211.0
2025-12-18T17:46:46.791102,3,-1.3366232277162744,0.5585297796046618,2.386515144333473,1197.0,1899.0,4.0,258881.0,1.0,136689.0,23766.0
2025-12-18T17:46:46.892167,4,-1.3462310693973187,0.5665068200724517,2.4147339090350646,1089.0,1378.0,4.0,277012.0,1.0,214765.0,31453.0
2025-12-18T17:46:46.989157,5,-1.3544350278814343,0.5748294224714869,2.4368461714631904,1020.0,1075.0,4.0,259407.0,1.0,209666.0,30519.0
2025-12-18T17:46:47.491025,0,-1.4044942456082994,0.6141339632075563,2.566887400893611,1099.0,1421.0,4.0,238200.0,1.0,184300.0,28291.0
2025-12-18T17:46:47.590277,1,-1.4198973196288924,0.6136320102726871,2.599051846269073,1254.0,2194.0,4.0,191485.0,1.0,183864.0,22120.0
2025-12-18T17:46:47.690028,2,-1.438938295145995,0.6100557112802432,2.6405995760852123,1220.0,2014.0,4.0,222911.0,1.0,131116.0,21032.0
2025-12-18T17:46:47.790356,3,-1.4500030454035588,0.617338737102716,2.667066723144673,1213.0,1981.0,4.0,260640.0,1.0,135951.0,23367.0
2025-12-18T17:46:47.890602,4,-1.460367653152487,0.6229231089411036,2.6920845075876296,1095.0,1406.0,4.0,267521.0,1.0,212667.0,31209.0
2025-12-18T17:46:47.989463,5,-1.4709221463742637,0.6271306473453683,2.715024842572262,1022.0,1085.0,4.0,255919.0,1.0,206078.0,30416.0
2025-12-18T17:46:48.489924,0,-1.525548971005819,0.64619917941152,2.843963226133835,1109.0,1470.0,4.0,232623.0,1.0,184300.0,27920.0
2025-12-18T17:46:48.592652,1,-1.5379246558561568,0.649826280104816,2.871920656511959,1257.0,2210.0,5.0,191096.0,1.0,179195.0,22053.0
2025-12-18T17:46:48.689513,2,-1.5504508905274905,0.6517929551365518,2.9014931546662064,1217.0,2001.0,4.0,219542.0,1.0,132588.0,21082.0
2025-12-18T17:46:48.790400,3,-1.5619323572370711,0.6546732887679431,2.9307038991894543,1205.0,1939.0,4.0,262499.0,1.0,136412.0,23565.0
2025-12-18T17:46:48.890123,4,-1.5738872993005337,0.6585919144432271,2.954982402705251,1102.0,1434.0,4.0,274120.0,1.0,211233.0,30967.0
2025-12-18T17:46:48.991382,5,-1.5862368748366622,0.6612598389581085,2.9768576985266093,1017.0,1064.0,4.0,261877.0,1.0,207407.0,30633.0
2025-12-18T17:46:49.489440,0,-1.649704122776872,0.6554807641071096,3.126479268542934,1106.0,1456.0,4.0,231602.0,1.0,184300.0,28024.0
2025-12-18T17:46:49.590868,1,-1.6631143963085515,0.6561683429526877,-3.127225694910454,1266.0,2259.0,5.0,190322.0,1.0,180473.0,21860.0
2025-12-18T17:46:49.689344,2,-1.6754716701670294,0.6564986890844385,-3.100921517792094,1227.0,2054.0,4.0,219245.0,1.0,131293.0,20862.0
2025-12-18T17:46:49.794030,3,-1.6874323704978083,0.6557600910238989,-3.075854582920627,1215.0,1991.0,4.0,262321.0,1.0,135951.0,23319.0
2025-12-18T17:46:49.891452,4,-1.6998193585726251,0.6549004692745051,-3.0513952222638103,1108.0,1465.0,4.0,271443.0,1.0,213822.0,30716.0
2025-12-18T17:46:49.988669,5,-1.7112583128220846,0.6550760237782116,-3.0303961244462974,1021.0,1079.0,4.0,259320.0,1.0,206916.0,30478.0
2025-12-18T17:46:50.488443,0,-1.7846488114613064,0.634871611163061,-2.8962532897913467,1118.0,1513.0,4.0,233096.0,1.0,181576.0,27610.0
2025-12-18T17:46:50.589965,1,-1.7964025197347042,0.6308429992730128,-2.8714937644781307,1272.0,2291.0,5.0,188591.0,1.0,180290.0,21734.0
2025-12-18T17:46:50.690292,2,-1.8093034267722525,0.627048902020081,-2.8452424399246614,1223.0,2034.0,4.0,218430.0,1.0,132051.0,20947.0
2025-12-18T17:46:50.789451,3,-1.822040421943425,0.6232468560117129,-2.8195785815848056,1216.0,1995.0,4.0,252906.0,1.0,133444.0,23296.0
2025-12-18T17:46:50.890016,4,-1.836170448172099,0.6163132596630009,-2.7911471555231118,1114.0,1493.0,4.0,268247.0,1.0,209311.0,30488.0
2025-12-18T17:46:50.988798,5,-1.8481566876097848,0.609040218795182,-2.7589748463069332,1029.0,1111.0,4.0,260375.0,1.0,208322.0,30140.0
2025-12-18T17:46:51.490209,0,-1.9039017023149214,0.5840764571573368,-2.633362657242654,1122.0,1531.0,4.0,233254.0,1.0,183988.0,27479.0
2025-12-18T17:46:51.591411,1,-1.9164971554217423,0.5772080479573887,-2.607421730006943,1256.0,2204.0,5.0,191096.0,1.0,180473.0,22075.0
2025-12-18T17:46:51.689154,2,-1.9459461292280615,0.5612145708806843,-2.5768915218084913,1234.0,2087.0,4.0,216957.0,1.0,131872.0,20728.0
2025-12-18T17:46:51.789056,3,-1.9580435883764775,0.5539098693150546,-2.5504680616813156,1216.0,1994.0,4.0,259320.0,1.0,133896.0,23304.0
2025-12-18T17:46:51.890909,4,-1.9692020411356579,0.5471517378147691,-2.5249226836468437,1108.0,1462.0,4.0,267431.0,1.0,209524.0,30737.0
2025-12-18T17:46:51.993220,5,-1.979895888923661,0.5392478199175053,-2.4981251163871834,1027.0,1104.0,4.0,256526.0,1.0,206078.0,30211.0
2025-12-18T17:46:52.490127,0,-2.025318172030353,0.49964446374819116,-2.3739355591454365,1117.0,1506.0,4.0,233096.0,1.0,180717.0,27657.0
2025-12-18T17:46:52.591532,1,-2.041756483155637,0.4852515028425832,-2.3430234965174,1270.0,2283.0,5.0,190967.0,1.0,178650.0,21764.0
2025-12-18T17:46:52.690621,3,-2.053009082328291,0.4747405464083708,-2.3182330663163317,1211.0,1970.0,4.0,256700.0,1.0,132858.0,23414.0
2025-12-18T17:46:52.791825,4,-2.06027730482434,0.4656543519870815,-2.2964747834482866,1113.0,1486.0,4.0,272640.0,1.0,210733.0,30540.0
2025-12-18T17:46:52.889963,5,-2.0683826535204037,0.45623016556406015,-2.2728157040426065,1025.0,1097.0,4.0,253248.0,1.0,207829.0,30283.0
2025-12-18T17:46:53.489112,0,-2.110908998889875,0.3956286342141857,-2.1127379922829506,1125.0,1544.0,4.0,230039.0,1.0,183988.0,27387.0
2025-12-18T17:46:53.591232,1,-2.1153482055065562,0.3856003876988271,-2.082690410968906,1293.0,2408.0,5.0,187128.0,1.0,175236.0,21297.0
2025-12-18T17:46:53.690267,2,-2.12256328141096,0.3755609142603201,-2.059305539751664,1238.0,2110.0,4.0,217398.0,1.0,130187.0,20637.0
2025-12-18T17:46:53.790285,3,-2.1292297365085515,0.36494915090151436,-2.034378313273811,1234.0,2090.0,4.0,251370.0,1.0,133489.0,22866.0
2025-12-18T17:46:53.888559,4,-2.133413317251403,0.3544137487453831,-2.004252431878254,1128.0,1559.0,4.0,268974.0,1.0,207688.0,29977.0
2025-12-18T17:46:53.990518,5,-2.137027850403835,0.3426530695716339,-1.973062375848536,1031.0,1122.0,4.0,258619.0,1.0,203996.0,30028.0
2025-12-18T17:46:54.489810,0,-2.1655151282620766,0.27760669371821756,-1.8425456351093508,1124.0,1540.0,4.0,232151.0,1.0,179255.0,27414.0
2025-12-18T17:46:54.590377,2,-2.1684337830966913,0.2662228844855632,-1.816572060231763,1252.0,2184.0,4.0,216150.0,1.0,130143.0,20353.0
2025-12-18T17:46:54.688875,4,-2.170999918360633,0.2549249725229987,-1.7876106953838071,1131.0,1572.0,4.0,264729.0,1.0,207337.0,29875.0
2025-12-18T17:46:54.792467,5,-2.174382875139244,0.24331144537352034,-1.7646070178365176,1041.0,1166.0,4.0,255660.0,1.0,202209.0,29594.0
2025-12-18T17:46:55.489789,0,-2.1774230479514394,0.15542227677855536,-1.6230581903340862,1134.0,1585.0,4.0,229728.0,1.0,177144.0,27110.0
2025-12-18T17:46:55.590302,1,-2.1780972060033283,0.14303533040362582,-1.6198605243849373,1284.0,2359.0,5.0,186938.0,1.0,174703.0,21478.0
2025-12-18T17:46:55.688731,2,-2.1785857959096955,0.13038966091645054,-1.619610517262852,1251.0,2182.0,4.0,213461.0,1.0,129397.0,20360.0
2025-12-18T17:46:55.790391,3,-2.1797038979480723,0.11807484725178652,-1.6188658526424924,1232.0,2077.0,4.0,257048.0,1.0,133489.0,22920.0
2025-12-18T17:46:55.891203,4,-2.1796259312096313,0.10597046572879543,-1.62438839797412,1135.0,1592.0,4.0,265537.0,1.0,206776.0,29724.0
2025-12-18T17:46:55.991812,5,-2.172065220047225,0.10259664062865936,-1.6179818391241763,1033.0,1132.0,4.0,248409.0,1.0,203169.0,29926.0
2025-12-18T17:46:56.491313,0,-2.1719004628149334,0.041547771668986044,-1.6122365193992039,1134.0,1584.0,4.0,226946.0,1.0,180290.0,27110.0
2025-12-18T17:46:56.590369,1,-2.1728247518879744,0.028865984665086275,-1.6132290942154695,1284.0,2358.0,5.0,187065.0,1.0,174999.0,21478.0
2025-12-18T17:46:56.689973,2,-2.1733678264160434,0.015609160297827662,-1.6107491803111413,1258.0,2215.0,5.0,210305.0,1.0,129222.0,20236.0
2025-12-18T17:46:56.791401,3,-2.1738709931328044,0.0024114352157624808,-1.6124537373319319,1229.0,2062.0,4.0,250520.0,1.0,131917.0,22990.0
2025-12-18T17:46:56.889691,4,-2.1746144062161648,-0.010401776396189222,-1.6102801885451754,1135.0,1592.0,4.0,267431.0,1.0,201867.0,29724.0
2025-12-18T17:46:56.988993,5,-2.1751841488794144,-0.022867762267625213,-1.6144857879518968,1046.0,1186.0,4.0,251881.0,1.0,200912.0,29404.0
2025-12-18T17:46:57.490389,1,-2.180161609749142,-0.08632502290761512,-1.611799598569044,1289.0,2386.0,5.0,185992.0,1.0,174290.0,21377.0
2025-12-18T17:46:57.590439,2,-2.180248484239399,-0.09917113447096182,-1.6115620098089745,1267.0,2268.0,5.0,213894.0,1.0,129134.0,20045.0
2025-12-18T17:46:57.689445,3,-2.1810368376035942,-0.11196583723368714,-1.613749144938799,1229.0,2065.0,4.0,254021.0,1.0,130938.0,22975.0
2025-12-18T17:46:57.789960,5,-2.18122768265785,-0.12449707329192905,-1.6105733843940775,1041.0,1166.0,4.0,249167.0,1.0,202140.0,29594.0
2025-12-18T17:46:58.489876,0,-2.1546123992730983,-0.1987871635104379,-1.5175266784227486,1122.0,1531.0,4.0,229340.0,1.0,180107.0,27479.0
2025-12-18T17:46:58.590569,1,-2.153760005780298,-0.21080613747096,-1.5140935448312463,1272.0,2294.0,5.0,186938.0,1.0,176009.0,21720.0
2025-12-18T17:46:58.689675,2,-2.1530627867772187,-0.22323366766405117,-1.514597363668433,1238.0,2113.0,4.0,215566.0,1.0,128524.0,20623.0
2025-12-18T17:46:58.790802,3,-2.1521327824442285,-0.23619084791900335,-1.5141074452055814,1223.0,2034.0,4.0,252051.0,1.0,130629.0,23115.0
2025-12-18T17:46:58.890149,4,-2.1513247873313146,-0.24899849260601314,-1.5140975368428653,1134.0,1587.0,4.0,264460.0,1.0,206008.0,29764.0
2025-12-18T17:46:58.992311,5,-2.150475221628697,-0.2620465803976597,-1.5136197784440186,1032.0,1125.0,4.0,254279.0,1.0,200505.0,29997.0
2025-12-18T17:46:59.489932,0,-2.146414441390241,-0.3250837054335798,-1.5138740406796436,1138.0,1604.0,4.0,227330.0,1.0,178892.0,26982.0
2025-12-18T17:46:59.590316,1,-2.1456710146301576,-0.3379168965730406,-1.5119122180859697,1268.0,2269.0,5.0,182315.0,1.0,172529.0,21815.0
2025-12-18T17:46:59.690223,2,-2.1443868710686322,-0.3506652247004445,-1.5126741808888142,1239.0,2118.0,4.0,210804.0,1.0,129528.0,20602.0
2025-12-18T17:46:59.790674,3,-2.1441837349227075,-0.3627391742997652,-1.5160982684183992,1224.0,2037.0,4.0,258444.0,1.0,130408.0,23100.0
2025-12-18T17:46:59.890265,4,-2.14297031485132,-0.3751832620442499,-1.5158561476476626,1123.0,1535.0,4.0,270434.0,1.0,203582.0,30150.0
2025-12-18T17:46:59.991248,5,-2.142495665978843,-0.3884524049787481,-1.5165785078481808,1045.0,1180.0,4.0,259232.0,1.0,202140.0,29454.0
2025-12-18T17:47:00.489833,0,-2.1385520939801577,-0.45280909950522563,-1.5101279618743515,1128.0,1557.0,4.0,229029.0,1.0,177084.0,27294.0
2025-12-18T17:47:00.590099,1,-2.1371836266849655,-0.4657313039171207,-1.508670145065597,1273.0,2298.0,5.0,190000.0,1.0,173583.0,21705.0
2025-12-18T17:47:00.688488,2,-2.1365012805502186,-0.47913032382183274,-1.5089020583300148,1230.0,2071.0,4.0,216004.0,1.0,128654.0,20792.0
2025-12-18T17:47:00.789855,3,-2.135189499565856,-0.49182458113637084,-1.5071460686728764,1208.0,1953.0,4.0,258181.0,1.0,132409.0,23494.0
2025-12-18T17:47:00.889921,4,-2.1351011182453288,-0.5042959513597065,-1.5044398952136533,1112.0,1482.0,4.0,264371.0,1.0,204687.0,30571.0
2025-12-18T17:47:00.992587,5,-2.1284750984846674,-0.5177656456783202,-1.504957474438027,1038.0,1151.0,4.0,254623.0,1.0,199152.0,29734.0
2025-12-18T17:47:01.490482,0,-2.098908185452405,-0.5839311643069385,-1.4918447980333591,1141.0,1619.0,4.0,227561.0,1.0,175890.0,26882.0
2025-12-18T17:47:01.589714,1,-2.097850935807898,-0.5971678886969398,-1.4903593670018616,1272.0,2294.0,5.0,186118.0,1.0,174881.0,21720.0
2025-12-18T17:47:01.687998,2,-2.0963817285593143,-0.6096325804426739,-1.494314493219908,1230.0,2069.0,4.0,212667.0,1.0,129835.0,20799.0
2025-12-18T17:47:01.791101,3,-2.095874796155389,-0.6224338769422446,-1.492810374444603,1216.0,1993.0,4.0,252478.0,1.0,132499.0,23304.0
2025-12-18T17:47:01.891550,4,-2.0939046080346833,-0.6348072833395744,-1.493574982676681,1106.0,1454.0,4.0,268428.0,1.0,205869.0,30800.0
2025-12-18T17:47:01.991523,5,-2.0932930216211156,-0.6481617330164835,-1.4918522359026172,1025.0,1098.0,4.0,254365.0,1.0,201935.0,30272.0
2025-12-18T17:47:02.490116,0,-2.0885841776196132,-0.7116197158567985,-1.4950986585625168,1106.0,1455.0,4.0,228255.0,1.0,178468.0,28024.0
2025-12-18T17:47:02.591120,1,-2.0871761246247615,-0.7247618932395965,-1.4958144678815395,1251.0,2181.0,4.0,187636.0,1.0,174113.0,22165.0
2025-12-18T17:47:02.689958,2,-2.0863736653526725,-0.7379540102337008,-1.496307117140793,1221.0,2019.0,4.0,214402.0,1.0,130231.0,21004.0
2025-12-18T17:47:02.791770,3,-2.084942102254975,-0.7508571383094611,-1.4972866048769304,1196.0,1891.0,4.0,256787.0,1.0,133896.0,23798.0
2025-12-18T17:47:02.888477,4,-2.0843212959053865,-0.7638778270537512,-1.498509790818107,1118.0,1511.0,4.0,266888.0,1.0,203375.0,30334.0
2025-12-18T17:47:02.989186,5,-2.083508977318562,-0.7758067937641897,-1.4977641631745122,1030.0,1116.0,4.0,255919.0,1.0,199152.0,30078.0
2025-12-18T17:47:03.489159,0,-2.078775158989872,-0.8390180559414753,-1.4948364349927106,1122.0,1530.0,4.0,230819.0,1.0,179316.0,27479.0
2025-12-18T17:47:03.591270,1,-2.07227071523598,-0.852591745015854,-1.487508777027211,1246.0,2152.0,4.0,191420.0,1.0,175890.0,22285.0
2025-12-18T17:47:03.689728,2,-2.03354856490182,-0.8692399543007661,-1.4365854729591367,1222.0,2025.0,4.0,219691.0,1.0,128524.0,20975.0
2025-12-18T17:47:03.790307,3,-2.0305289115786507,-0.8816052447381562,-1.4352784820195699,1187.0,1844.0,4.0,256700.0,1.0,132409.0,24033.0
2025-12-18T17:47:03.888888,4,-2.0281999008818485,-0.8941935942839356,-1.4355226646148767,1104.0,1445.0,4.0,265986.0,1.0,207267.0,30873.0
2025-12-18T17:47:03.990700,5,-2.027003545884974,-0.9075306522621693,-1.4352787685420672,1032.0,1126.0,4.0,256874.0,1.0,200234.0,29977.0
2025-12-18T17:47:04.490150,0,-2.018243644130282,-0.97096164184662,-1.4384817281499596,1118.0,1512.0,4.0,229340.0,1.0,181453.0,27610.0
2025-12-18T17:47:04.589735,1,-2.01707451518908,-0.9837419372939651,-1.4397310996784616,1235.0,2096.0,4.0,190967.0,1.0,176965.0,22521.0
2025-12-18T17:47:04.688303,2,-2.015470951059215,-0.9955503725033379,-1.4404708892107478,1210.0,1966.0,4.0,215420.0,1.0,129265.0,21225.0
2025-12-18T17:47:04.792673,3,-2.014126983066926,-1.008433393112752,-1.4397047665115152,1182.0,1819.0,4.0,259407.0,1.0,133579.0,24163.0
2025-12-18T17:47:04.889797,4,-2.012533683925517,-1.0209050418957137,-1.441427704467129,1103.0,1440.0,4.0,269703.0,1.0,206776.0,30914.0
2025-12-18T17:47:04.990082,5,-2.011312007205441,-1.0333041606716187,-1.4404002264318363,1030.0,1117.0,4.0,251370.0,1.0,203858.0,30068.0
2025-12-18T17:47:05.489831,0,-2.0031334371241334,-1.0972363600659685,-1.4379574469578777,1096.0,1408.0,4.0,233096.0,1.0,179013.0,28387.0
2025-12-18T17:47:05.589819,1,-2.0010805073718148,-1.1092966476268875,-1.4387094038261343,1230.0,2066.0,4.0,191226.0,1.0,176068.0,22650.0
2025-12-18T17:47:05.689774,2,-2.0000534670186148,-1.122105575187599,-1.439223969809494,1185.0,1835.0,4.0,219245.0,1.0,131560.0,21815.0
2025-12-18T17:47:05.790020,3,-1.9981659532841052,-1.1341965763972592,-1.4387388107720542,1181.0,1816.0,4.0,260904.0,1.0,135217.0,24179.0
2025-12-18T17:47:05.890363,4,-1.9969850678812051,-1.1466885733050198,-1.435259452966858,1101.0,1432.0,4.0,269247.0,1.0,207688.0,30977.0
2025-12-18T17:47:05.989179,5,-1.995160136649929,-1.1586419580351166,-1.4362219029708825,1027.0,1104.0,4.0,251540.0,1.0,199085.0,30201.0
2025-12-18T17:47:06.489832,0,-1.9494936542913643,-1.2182901476781058,-1.4189174055216272,1106.0,1454.0,4.0,230819.0,1.0,177625.0,28034.0
2025-12-18T17:47:06.590057,1,-1.9479789442936843,-1.2313382518280918,-1.441674636898394,1223.0,2032.0,4.0,189551.0,1.0,179195.0,22804.0
2025-12-18T17:47:06.690682,2,-1.946504085598307,-1.2438891661043598,-1.4642010805740455,1209.0,1959.0,4.0,218209.0,1.0,131160.0,21254.0
2025-12-18T17:47:06.790366,3,-1.9449779630103678,-1.256569982606599,-1.4842048586787455,1182.0,1822.0,4.0,258444.0,1.0,134032.0,24147.0
2025-12-18T17:47:06.888417,4,-1.945405780894461,-1.2686257565880115,-1.5075953356294634,1085.0,1356.0,4.0,266617.0,1.0,206916.0,31634.0
2025-12-18T17:47:06.992022,5,-1.9453669231396258,-1.280910116036357,-1.5366118915088385,1027.0,1103.0,4.0,256787.0,1.0,202003.0,30211.0
2025-12-18T17:47:07.488681,0,-1.9497729721460872,-1.340837344782726,-1.667597907629291,1099.0,1422.0,4.0,233333.0,1.0,181085.0,28272.0
2025-12-18T17:47:07.591504,1,-1.9499936032644192,-1.3558167608864191,-1.687334508827915,1226.0,2045.0,4.0,192916.0,1.0,178589.0,22743.0
2025-12-18T17:47:07.689759,2,-1.9511290983313414,-1.3678625319480915,-1.715051260573867,1183.0,1826.0,4.0,217251.0,1.0,132006.0,21860.0
2025-12-18T17:47:07.792429,3,-1.9527694390281225,-1.3807117561964395,-1.7425983632539164,1161.0,1715.0,4.0,263835.0,1.0,137758.0,24734.0
2025-12-18T17:47:07.889605,4,-1.9547265375407548,-1.3939271917662555,-1.7640632871176867,1096.0,1408.0,4.0,272179.0,1.0,207618.0,31177.0
2025-12-18T17:47:08.490675,0,-1.9415184699396744,-1.459513853811433,-1.8977330829336199,1115.0,1497.0,4.0,234600.0,1.0,179863.0,27713.0
2025-12-18T17:47:08.590050,1,-1.9453517372296856,-1.471936981801322,-1.9238407707324992,1219.0,2011.0,4.0,190258.0,1.0,178408.0,22897.0
2025-12-18T17:47:08.690195,2,-1.9490873691588095,-1.4848985468181186,-1.9411833208000935,1201.0,1919.0,4.0,221108.0,1.0,131382.0,21427.0
2025-12-18T17:47:08.792418,3,-1.9545426663416101,-1.4967495302097982,-1.9733391050362896,1178.0,1802.0,4.0,260287.0,1.0,134897.0,24253.0
2025-12-18T17:47:08.888904,4,-1.9594705109529948,-1.5077253099405925,-1.9987962656194256,1101.0,1430.0,4.0,266979.0,1.0,211018.0,30988.0
2025-12-18T17:47:08.992811,5,-1.9643911118820145,-1.5189579941174087,-2.019001131426509,1013.0,1047.0,4.0,256093.0,1.0,202003.0,30810.0
2025-12-18T17:47:09.488665,0,-1.9683847347820036,-1.5738719021378056,-2.121757790336798,1092.0,1391.0,4.0,233886.0,1.0,183677.0,28512.0
2025-12-18T17:47:09.588699,1,-1.9749806762480198,-1.5842615583691468,-2.153120598070339,1207.0,1947.0,4.0,191355.0,1.0,179195.0,23194.0
2025-12-18T17:47:09.689866,2,-1.9817926135758905,-1.5942553196123017,-2.1763596697007066,1201.0,1918.0,4.0,219765.0,1.0,132633.0,21435.0
2025-12-18T17:47:09.788050,3,-1.9884407681151157,-1.6050306829755658,-2.1970793828063577,1171.0,1767.0,4.0,262854.0,1.0,137991.0,24443.0
2025-12-18T17:47:09.889062,4,-1.9951334293686342,-1.6149898841939065,-2.2281073466418015,1095.0,1402.0,4.0,269429.0,1.0,209311.0,31230.0
2025-12-18T17:47:09.990691,5,-1.9996139121886705,-1.6249948388770519,-2.2534393050878427,1025.0,1096.0,4.0,258706.0,1.0,205173.0,30283.0
2025-12-18T17:47:10.490088,0,-2.032022752512526,-1.67250454706506,-2.3692272624344324,1090.0,1380.0,4.0,236833.0,1.0,182191.0,28599.0
2025-12-18T17:47:10.589985,1,-2.0408035176240613,-1.6805968161167133,-2.3932117790269856,1211.0,1967.0,4.0,192916.0,1.0,180046.0,23100.0
2025-12-18T17:47:10.687707,2,-2.0503027482507794,-1.688430256514034,-2.4230700164432903,1187.0,1846.0,4.0,224122.0,1.0,132141.0,21764.0
2025-12-18T17:47:10.790375,3,-2.0572739222268224,-1.6896972505109786,-2.4462226085673255,1147.0,1648.0,4.0,264013.0,1.0,138038.0,25122.0
2025-12-18T17:47:10.891047,4,-2.063419189803514,-1.6898995338029787,-2.465077313220923,1091.0,1385.0,4.0,271443.0,1.0,210733.0,31378.0
2025-12-18T17:47:10.988313,5,-2.0731451788227333,-1.6984237598911518,-2.492722000962989,1010.0,1035.0,4.0,253677.0,1.0,203444.0,30946.0
2025-12-18T17:47:11.490699,0,-2.125352105657408,-1.7302673372672182,-2.6280723380991544,1087.0,1367.0,4.0,236833.0,1.0,181391.0,28706.0
2025-12-18T17:47:11.590199,1,-2.1358556262416553,-1.735913798666405,-2.649291288717542,1203.0,1929.0,4.0,189486.0,1.0,183057.0,23280.0
2025-12-18T17:47:11.690688,3,-2.149857438440886,-1.7371803282040277,-2.6824257670470275,1165.0,1738.0,4.0,263835.0,1.0,139352.0,24600.0
2025-12-18T17:47:11.792717,4,-2.1687360982381674,-1.7309465154688541,-2.729469374672117,1093.0,1396.0,4.0,270526.0,1.0,211018.0,31283.0
2025-12-18T17:47:11.889142,5,-2.1789376804372416,-1.734239917214202,-2.757714991712503,1021.0,1080.0,4.0,256787.0,1.0,202963.0,30447.0
2025-12-18T17:47:12.488299,0,-2.25203418074387,-1.7574233297748518,-2.902627981000745,1083.0,1348.0,4.0,231837.0,1.0,184862.0,28862.0
2025-12-18T17:47:12.592057,1,-2.264591496517343,-1.755569374746457,-2.925586057530334,1209.0,1956.0,4.0,194555.0,1.0,182562.0,23146.0
2025-12-18T17:47:12.688900,2,-2.2763948400356933,-1.7568321947647227,-2.9499664374010486,1174.0,1784.0,4.0,219691.0,1.0,133760.0,22060.0
2025-12-18T17:47:12.787996,3,-2.2881800931801886,-1.7595261135431284,-2.971222277387714,1159.0,1705.0,4.0,267250.0,1.0,138365.0,24784.0
2025-12-18T17:47:12.888277,4,-2.30026220742442,-1.7619373198784465,-2.996159168148851,1083.0,1348.0,4.0,274678.0,1.0,209311.0,31709.0
2025-12-18T17:47:12.993274,5,-2.3132900861364014,-1.7635613127092187,-3.027168989913634,1015.0,1053.0,4.0,260993.0,1.0,205590.0,30737.0
2025-12-18T17:47:13.490720,0,-2.3738005529322472,-1.7529025316597457,3.136565055866637,1098.0,1417.0,4.0,236833.0,1.0,181699.0,28310.0
2025-12-18T17:47:13.591304,2,-2.386722832307478,-1.752975000815541,3.107735089098295,1163.0,1727.0,4.0,221333.0,1.0,134396.0,22346.0
2025-12-18T17:47:13.687823,3,-2.3981255261274557,-1.7520840943095808,3.079043203235181,1152.0,1672.0,4.0,265177.0,1.0,137758.0,24978.0
2025-12-18T17:47:13.790614,4,-2.4099015242030983,-1.7512400329319904,3.0526238679465476,1082.0,1345.0,4.0,277387.0,1.0,211304.0,31731.0
2025-12-18T17:47:13.890437,5,-2.422806750528542,-1.7507193644944,3.0317379010974674,1001.0,997.0,4.0,260993.0,1.0,204134.0,31378.0
2025-12-18T17:47:14.491024,0,-2.4885513530761223,-1.7308984216722827,2.8732001249827457,1106.0,1453.0,4.0,235236.0,1.0,182376.0,28034.0
2025-12-18T17:47:14.588264,1,-2.5009130283082164,-1.7279990748679235,2.852559200902155,1212.0,1973.0,4.0,194753.0,1.0,182871.0,23068.0
2025-12-18T17:47:14.689931,2,-2.512617991142361,-1.7243398274371264,2.831309652625371,1178.0,1800.0,4.0,224577.0,1.0,132006.0,21978.0
2025-12-18T17:47:14.789851,3,-2.524496430992446,-1.719819910776518,2.7954705328849334,1159.0,1710.0,4.0,268065.0,1.0,139022.0,24759.0
2025-12-18T17:47:14.888508,4,-2.535330870319648,-1.7152587573684532,2.7715170450604223,1066.0,1274.0,4.0,282026.0,1.0,212236.0,32404.0
2025-12-18T17:47:14.993129,5,-2.547091659343913,-1.7113234185770287,2.7551782700555703,1004.0,1011.0,4.0,264460.0,1.0,208675.0,31209.0
2025-12-18T17:47:15.489792,0,-2.588795518916084,-1.6821319540870758,2.616519966172736,1096.0,1408.0,4.0,234917.0,1.0,181760.0,28377.0
2025-12-18T17:47:15.589835,1,-2.5996053771998886,-1.6757169042128084,2.585839990050998,1219.0,2013.0,4.0,191615.0,1.0,180473.0,22882.0
2025-12-18T17:47:15.689032,2,-2.609848185593321,-1.6685344251042922,2.566834764410554,1174.0,1783.0,4.0,225797.0,1.0,134532.0,22060.0
2025-12-18T17:47:15.789014,3,-2.6200116693605398,-1.6622403951280769,2.5438274968783365,1156.0,1690.0,4.0,269429.0,1.0,138459.0,24868.0
2025-12-18T17:47:15.891362,4,-2.6303861954507677,-1.655028082112729,2.511980904503923,1066.0,1275.0,4.0,277293.0,1.0,214910.0,32393.0
2025-12-18T17:47:15.990250,5,-2.639588000086816,-1.6473209041871817,2.488923089784482,999.0,990.0,4.0,259583.0,1.0,212021.0,31453.0
2025-12-18T17:47:16.490077,1,-2.68833504487597,-1.604529878010785,2.367592145133166,1234.0,2089.0,4.0,193898.0,1.0,178892.0,22543.0
2025-12-18T17:47:16.593203,2,-2.6974932004020884,-1.5946640422024203,2.3382050409817636,1171.0,1765.0,4.0,223516.0,1.0,134806.0,22150.0
2025-12-18T17:47:16.689758,4,-2.7050575024881622,-1.5858515282592534,2.3120293060063837,1060.0,1247.0,4.0,287519.0,1.0,218135.0,32668.0
2025-12-18T17:47:16.791504,5,-2.711174679498871,-1.575766681745036,2.286188881963339,994.0,969.0,4.0,266527.0,1.0,211805.0,31698.0
2025-12-18T17:47:17.490237,0,-2.7564487958878026,-1.504280490550342,2.101522395987085,1093.0,1397.0,4.0,234361.0,1.0,184113.0,28464.0
2025-12-18T17:47:17.590276,1,-2.763189009493871,-1.4938533806648702,2.081543318719424,1236.0,2100.0,4.0,192329.0,1.0,180168.0,22498.0
2025-12-18T17:47:17.689212,2,-2.772099557535288,-1.4828836055310999,2.056010378990151,1177.0,1795.0,4.0,227484.0,1.0,134714.0,22001.0
2025-12-18T17:47:17.791250,3,-2.7838796326122743,-1.4717456945141523,2.038366326875372,1177.0,1795.0,4.0,266708.0,1.0,138131.0,24286.0
2025-12-18T17:47:17.890042,4,-2.788500846639756,-1.461301690089123,2.0156965987849933,1073.0,1303.0,4.0,286257.0,1.0,216150.0,32120.0
2025-12-18T17:47:17.990199,5,-2.7943978212433715,-1.449738177044225,1.9947132278098467,980.0,913.0,4.0,265537.0,1.0,209808.0,32404.0
2025-12-18T17:47:18.490341,0,-2.8159353462561745,-1.3911552074094913,1.8626124223872236,1093.0,1397.0,4.0,233096.0,1.0,181822.0,28464.0
2025-12-18T17:47:18.590391,1,-2.817389059593384,-1.380734801041979,1.8549686361507671,1244.0,2144.0,4.0,193308.0,1.0,180107.0,22308.0
2025-12-18T17:47:18.690599,2,-2.816679107949191,-1.3731216289677042,1.8568866421060584,1174.0,1783.0,4.0,225950.0,1.0,135309.0,22060.0
2025-12-18T17:47:18.792144,3,-2.8210147071164267,-1.3601168889807878,1.85790249175813,1173.0,1775.0,4.0,266167.0,1.0,137571.0,24393.0
2025-12-18T17:47:18.889230,4,-2.8243385649783663,-1.348301536588039,1.856156723021971,1049.0,1199.0,4.0,280502.0,1.0,218430.0,33158.0
2025-12-18T17:47:18.992930,5,-2.8281153800060777,-1.3356650348016403,1.8593598984341098,983.0,924.0,4.0,273750.0,1.0,214184.0,32261.0
2025-12-18T17:47:19.490262,0,-2.84792576192651,-1.2751214212101551,1.8622310185399245,1112.0,1482.0,4.0,235475.0,1.0,183553.0,27816.0
2025-12-18T17:47:19.589863,1,-2.8511033230531777,-1.2635176163120607,1.8627586150412638,1224.0,2038.0,4.0,192655.0,1.0,179924.0,22766.0
2025-12-18T17:47:19.689883,2,-2.854762068575039,-1.250894693879688,1.8634727894995666,1170.0,1763.0,4.0,224729.0,1.0,134487.0,22158.0
2025-12-18T17:47:19.790357,3,-2.858691544123085,-1.238981864579439,1.8617102315311707,1175.0,1785.0,4.0,262854.0,1.0,138271.0,24335.0
2025-12-18T17:47:19.890394,4,-2.861803805999869,-1.2267787168824338,1.8629375057462714,1050.0,1205.0,4.0,283365.0,1.0,217913.0,33091.0
2025-12-18T17:47:19.988813,5,-2.86607931519172,-1.2143882867187492,1.8626898766054858,986.0,938.0,4.0,269703.0,1.0,212380.0,32087.0
2025-12-18T17:47:20.490311,0,-2.8838595877178403,-1.1540177204483437,1.8602157241919444,1100.0,1426.0,4.0,230039.0,1.0,182933.0,28234.0
2025-12-18T17:47:20.589696,1,-2.8871483495075703,-1.1416140951918017,1.858727340470713,1236.0,2099.0,4.0,188974.0,1.0,180168.0,22498.0
2025-12-18T17:47:20.691328,2,-2.891633168650555,-1.1296463775637409,1.8584675048565595,1151.0,1669.0,4.0,226179.0,1.0,136412.0,22643.0
2025-12-18T17:47:20.791337,3,-2.8950002322767636,-1.116910837893267,1.8560005595159608,1189.0,1858.0,4.0,262321.0,1.0,135859.0,23951.0
2025-12-18T17:47:20.890020,4,-2.898143738106501,-1.1055058819295036,1.8560210257196312,1045.0,1183.0,4.0,283365.0,1.0,220435.0,33327.0
2025-12-18T17:47:20.992254,5,-2.901321699173217,-1.0922004536594478,1.856740119620365,982.0,921.0,4.0,270251.0,1.0,215347.0,32305.0
2025-12-18T17:47:21.492022,0,-2.9192398277953027,-1.031504770241622,1.8550201843717895,1107.0,1457.0,4.0,231837.0,1.0,180168.0,27996.0
2025-12-18T17:47:21.590594,1,-2.922362847376547,-1.0202685013264061,1.8547904114821938,1243.0,2135.0,4.0,190258.0,1.0,181453.0,22346.0
2025-12-18T17:47:21.690011,2,-2.925725245972638,-1.0077078591351767,1.8528199084667392,1182.0,1819.0,4.0,223818.0,1.0,135584.0,21882.0
2025-12-18T17:47:21.791053,3,-2.9298456618330198,-0.9960313305747901,1.8525749524568378,1189.0,1858.0,4.0,262854.0,1.0,137758.0,23951.0
2025-12-18T17:47:21.888968,4,-2.9332485383527405,-0.9834417321529414,1.8528078314745537,1049.0,1198.0,4.0,284711.0,1.0,218948.0,33158.0
2025-12-18T17:47:21.992450,5,-2.937443486497507,-0.9717209676815888,1.8538218783319982,988.0,945.0,4.0,266617.0,1.0,212595.0,31989.0
2025-12-18T17:47:22.489926,0,-2.9529083705535975,-0.9205853657290946,1.8755805676378716,1107.0,1460.0,4.0,232308.0,1.0,180168.0,27977.0
2025-12-18T17:47:22.589454,1,-2.956741592348152,-0.9084932172917868,1.8718654592550084,1234.0,2088.0,4.0,190451.0,1.0,181146.0,22543.0
2025-12-18T17:47:22.690049,2,-2.960934115847509,-0.8966479585737752,1.8758290118210756,1178.0,1800.0,4.0,221258.0,1.0,134851.0,21971.0
2025-12-18T17:47:22.788248,3,-2.964591483986391,-0.8843549731413449,1.871846235105698,1189.0,1858.0,4.0,257222.0,1.0,135629.0,23951.0
2025-12-18T17:47:22.890239,4,-2.9678620300452443,-0.8722883724465391,1.8778194302061453,1067.0,1278.0,4.0,283173.0,1.0,217398.0,32349.0
2025-12-18T17:47:22.990376,5,-2.9711802700816423,-0.8599633229582255,1.8773039118144685,980.0,914.0,4.0,269065.0,1.0,214620.0,32393.0
2025-12-18T17:47:23.491277,0,-2.9910794030722276,-0.7986736054487409,1.8753437309027774,1115.0,1496.0,4.0,232151.0,1.0,178589.0,27713.0
2025-12-18T17:47:23.589986,1,-2.9944207962271983,-0.7864906475868283,1.876313446385795,1246.0,2150.0,4.0,193308.0,1.0,176965.0,22278.0
2025-12-18T17:47:23.688562,2,-2.9983698597864867,-0.7740468791943829,1.8726174643001348,1184.0,1833.0,4.0,225262.0,1.0,135629.0,21815.0
2025-12-18T17:47:23.791092,3,-3.00188009586015,-0.7621257523488616,1.874110807123541,1189.0,1856.0,4.0,259495.0,1.0,137991.0,23959.0
2025-12-18T17:47:23.889587,4,-3.0056488035219657,-0.7496180224055964,1.8718637253953418,1061.0,1251.0,4.0,278516.0,1.0,222836.0,32613.0
2025-12-18T17:47:23.991362,5,-3.009618393183542,-0.7378198690447286,1.8743570374386997,979.0,908.0,4.0,274213.0,1.0,213677.0,32458.0
2025-12-18T17:47:24.489087,0,-3.028472501029374,-0.6780233364407611,1.8733764458139408,1110.0,1474.0,4.0,231915.0,1.0,179437.0,27873.0
2025-12-18T17:47:24.591155,1,-3.0322800072403737,-0.6660753839595785,1.869947495805922,1234.0,2091.0,4.0,188591.0,1.0,181760.0,22528.0
2025-12-18T17:47:24.689717,2,-3.036424164298136,-0.653226419951233,1.8736512217173662,1172.0,1771.0,4.0,226639.0,1.0,135951.0,22113.0
2025-12-18T17:47:24.791979,3,-3.0399583842387297,-0.6405848714080218,1.871206310037525,1178.0,1801.0,4.0,262854.0,1.0,136643.0,24245.0
2025-12-18T17:47:24.888897,4,-3.043966825155013,-0.6287100268312757,1.8776348611784168,1079.0,1333.0,4.0,278610.0,1.0,218430.0,31827.0
2025-12-18T17:47:24.991817,5,-3.050666705271445,-0.6220129223803079,1.8751925517418684,993.0,966.0,4.0,268974.0,1.0,214692.0,31731.0
2025-12-18T17:47:25.490601,0,-3.072919343907296,-0.5732725149946998,1.8688951375547689,1118.0,1510.0,4.0,232544.0,1.0,180656.0,27610.0
2025-12-18T17:47:25.589812,1,-3.076112961146266,-0.5609785436741168,1.8688899249343782,1234.0,2088.0,4.0,188846.0,1.0,179741.0,22543.0
2025-12-18T17:47:25.690396,2,-3.080107335802454,-0.5489051465822414,1.8654429570835676,1177.0,1795.0,4.0,225720.0,1.0,137432.0,21993.0
2025-12-18T17:47:25.790069,3,-3.083224132357021,-0.5367132059513224,1.8684139183421393,1177.0,1795.0,4.0,260375.0,1.0,138693.0,24278.0
2025-12-18T17:47:25.890180,4,-3.0874359771162503,-0.5242500575892679,1.8654209378458233,1069.0,1285.0,4.0,280502.0,1.0,222459.0,32283.0
2025-12-18T17:47:25.990173,5,-3.0914587823068986,-0.5118875745998284,1.8701193666478508,986.0,935.0,4.0,263121.0,1.0,216150.0,32120.0
2025-12-18T17:47:26.489317,0,-3.1092222754305663,-0.45064593072801973,1.8701518484394988,1097.0,1412.0,4.0,233333.0,1.0,181330.0,28339.0
2025-12-18T17:47:26.589080,1,-3.1132503664677964,-0.4390430349569425,1.8703970972216848,1238.0,2112.0,4.0,190903.0,1.0,178710.0,22437.0
2025-12-18T17:47:26.689007,2,-3.1168008219223244,-0.42615700959895264,1.872610552843869,1185.0,1839.0,4.0,224577.0,1.0,135813.0,21786.0
2025-12-18T17:47:26.791217,3,-3.1206501402448374,-0.41377820722184455,1.8726254152903568,1168.0,1753.0,4.0,265177.0,1.0,138178.0,24509.0
2025-12-18T17:47:26.890602,4,-3.124021244244169,-0.4012755219513613,1.8763279983608427,1077.0,1324.0,4.0,277669.0,1.0,220958.0,31914.0
2025-12-18T17:47:26.990165,5,-3.1274706822569787,-0.38860717283181545,1.8755994503469686,998.0,985.0,4.0,263210.0,1.0,213750.0,31506.0
2025-12-18T17:47:27.489528,0,-3.146553861556959,-0.3286218683377591,1.8771005150416886,1109.0,1467.0,4.0,232308.0,1.0,182809.0,27920.0
2025-12-18T17:47:27.590188,1,-3.150034665375622,-0.3163856651300454,1.8765669088444332,1232.0,2077.0,4.0,194885.0,1.0,179437.0,22589.0
2025-12-18T17:47:27.689054,2,-3.154776303891835,-0.3052852876320009,1.8764739462292725,1185.0,1838.0,4.0,222384.0,1.0,136921.0,21786.0
2025-12-18T17:47:27.790445,3,-3.1680091003142485,-0.30819800007054843,1.8863918843276986,1164.0,1730.0,4.0,263835.0,1.0,139022.0,24634.0
2025-12-18T17:47:27.888811,5,-3.1745987764550483,-0.29974692726409113,1.886476585110827,996.0,975.0,4.0,265986.0,1.0,212523.0,31623.0
2025-12-18T17:47:28.489836,0,-3.198224881089249,-0.22653538373451898,1.8884812391666204,1105.0,1452.0,4.0,230507.0,1.0,181391.0,28034.0
2025-12-18T17:47:28.589746,1,-3.2026298651651937,-0.2148231012925419,1.8917262447181045,1229.0,2061.0,4.0,191161.0,1.0,181453.0,22658.0
2025-12-18T17:47:28.688587,2,-3.206485833610538,-0.20202546459273485,1.8917155655099311,1186.0,1840.0,4.0,224273.0,1.0,136504.0,21778.0
2025-12-18T17:47:28.788898,3,-3.2104370200381385,-0.19000815132137516,1.8939563496005543,1165.0,1737.0,4.0,269247.0,1.0,140584.0,24592.0
2025-12-18T17:47:28.890555,4,-3.2140570137164297,-0.17757120994674525,1.8946745841877954,1077.0,1320.0,4.0,282121.0,1.0,216443.0,31946.0
2025-12-18T17:47:28.991195,5,-3.2179516669449204,-0.1658324198688197,1.8929638209331523,995.0,973.0,4.0,264013.0,1.0,212451.0,31645.0
2025-12-18T17:47:29.490162,0,-3.2376405949502325,-0.10552293033986349,1.8917382274345897,1107.0,1459.0,4.0,232072.0,1.0,180229.0,27977.0
2025-12-18T17:47:29.590763,1,-3.24153422799073,-0.09273140348670195,1.8904919938624354,1238.0,2112.0,4.0,186370.0,1.0,179134.0,22437.0
2025-12-18T17:47:29.689636,2,-3.245842405655124,-0.08139773840158426,1.8922319350402053,1195.0,1886.0,4.0,222685.0,1.0,134806.0,21566.0
2025-12-18T17:47:29.790496,3,-3.2492303410366787,-0.06885634472432312,1.8926919931021244,1160.0,1711.0,4.0,267793.0,1.0,138506.0,24742.0
2025-12-18T17:47:29.891266,4,-3.253966290963739,-0.05693333271365608,1.8919501811604276,1069.0,1288.0,4.0,276731.0,1.0,221933.0,32250.0
2025-12-18T17:47:29.990553,5,-3.2576430929015014,-0.044360968037711945,1.8919762648243736,1003.0,1005.0,4.0,269794.0,1.0,212021.0,31272.0
2025-12-18T17:47:30.491862,0,-3.279568924105813,0.0076030039040597686,1.8906883412931215,1114.0,1490.0,4.0,229728.0,1.0,179802.0,27751.0
2025-12-18T17:47:30.590428,1,-3.286048964696585,0.01365326598431027,1.8927348694684343,1234.0,2089.0,4.0,187953.0,1.0,177745.0,22536.0
2025-12-18T17:47:30.690369,2,-3.28975734441393,0.0265589129986199,1.8922085521578031,1198.0,1905.0,4.0,221557.0,1.0,135446.0,21478.0
2025-12-18T17:47:30.789918,3,-3.293757994710453,0.03822988410794115,1.8951614139794015,1170.0,1761.0,4.0,263656.0,1.0,139352.0,24459.0
2025-12-18T17:47:30.889646,4,-3.296965368403203,0.050247835739812396,1.8973903518341828,1085.0,1356.0,4.0,285386.0,1.0,218504.0,31613.0
2025-12-18T17:47:31.489619,0,-3.3202690539799686,0.12226398199756061,1.9023208979856647,1104.0,1444.0,4.0,229340.0,1.0,179437.0,28091.0
2025-12-18T17:47:31.589834,3,-3.324191451310808,0.13480395986436755,1.9023138932467676,1170.0,1761.0,4.0,266617.0,1.0,140584.0,24459.0
2025-12-18T17:47:31.691875,4,-3.3291749339404486,0.14682390449800997,1.901088941358018,1093.0,1396.0,4.0,279460.0,1.0,218356.0,31262.0
2025-12-18T17:47:31.793301,5,-3.33253838909868,0.15926557240232886,1.9030736754042352,1001.0,995.0,4.0,261966.0,1.0,211233.0,31378.0
2025-12-18T17:47:32.490236,0,-3.36232419537017,0.2442473540610275,1.9191590200087116,1122.0,1531.0,4.0,231758.0,1.0,178771.0,27452.0
2025-12-18T17:47:32.590076,1,-3.3678106189738495,0.25549396388536794,1.9404112248747987,1249.0,2167.0,4.0,188272.0,1.0,178650.0,22203.0
2025-12-18T17:47:32.688553,2,-3.373402842226688,0.26759565644719285,1.9699078887416777,1197.0,1900.0,4.0,222233.0,1.0,134806.0,21500.0
2025-12-18T17:47:32.794396,3,-3.377940330261814,0.27933409789999697,1.992499441478852,1155.0,1686.0,4.0,264282.0,1.0,139494.0,24885.0
2025-12-18T17:47:32.890757,4,-3.3839168116411145,0.29010099620454155,2.0162311799217263,1084.0,1351.0,4.0,278139.0,1.0,217987.0,31656.0
2025-12-18T17:47:32.990610,5,-3.3885338932138778,0.30117658856471996,2.0486992502393386,1013.0,1044.0,4.0,261169.0,1.0,209524.0,30820.0
2025-12-18T17:47:33.489354,0,-3.4122811913323208,0.334346613837732,2.1793462827051875,1115.0,1496.0,4.0,229650.0,1.0,180473.0,27704.0
2025-12-18T17:47:33.589299,1,-3.420888211062034,0.344500830433885,2.2031423835031605,1248.0,2165.0,4.0,188974.0,1.0,181945.0,22210.0
2025-12-18T17:47:33.692181,2,-3.4291905077676783,0.35436629413443743,2.2268949195011674,1196.0,1892.0,4.0,225644.0,1.0,134168.0,21537.0
2025-12-18T17:47:33.789472,3,-3.437308095632148,0.36479982923712817,2.25274358680503,1169.0,1758.0,4.0,266708.0,1.0,139494.0,24476.0
2025-12-18T17:47:33.889287,4,-3.4449318448983814,0.3740651009652207,2.2725267440054018,1083.0,1349.0,4.0,278799.0,1.0,218282.0,31677.0
2025-12-18T17:47:33.991149,5,-3.4533327523623405,0.38325096444363704,2.2993494829913255,1010.0,1033.0,4.0,263745.0,1.0,212380.0,30946.0
2025-12-18T17:47:34.489862,0,-3.4942109249633386,0.4002155014169124,2.439785463232507,1133.0,1584.0,4.0,226409.0,1.0,177565.0,27092.0
2025-12-18T17:47:34.592016,1,-3.5042235290915698,0.4081138026461215,2.462363249659646,1250.0,2172.0,4.0,188718.0,1.0,178710.0,22180.0
2025-12-18T17:47:34.688697,2,-3.5146147915745,0.41504544688356804,2.4865692284723537,1197.0,1899.0,4.0,216077.0,1.0,133625.0,21500.0
2025-12-18T17:47:34.789500,3,-3.5248297853437847,0.4230974328844366,2.5116772824588605,1181.0,1818.0,4.0,263210.0,1.0,138131.0,24147.0
2025-12-18T17:47:34.891404,4,-3.5342858618186086,0.4314679971118658,2.538747320290933,1078.0,1329.0,4.0,272456.0,1.0,216517.0,31860.0
2025-12-18T17:47:34.990028,5,-3.543544220015703,0.4339725348729795,2.569546067705478,1001.0,998.0,4.0,262321.0,1.0,208816.0,31346.0
2025-12-18T17:47:35.490977,1,-3.5870666267198024,0.42416326641364677,2.706535472080408,1260.0,2230.0,5.0,186938.0,1.0,176486.0,21949.0
2025-12-18T17:47:35.589711,2,-3.5989308849421873,0.4296417615458481,2.7350541242256865,1214.0,1986.0,4.0,221183.0,1.0,131072.0,21118.0
2025-12-18T17:47:35.689947,3,-3.6101797799537265,0.43506215011195937,2.7586471587215775,1200.0,1915.0,4.0,258007.0,1.0,136228.0,23653.0
2025-12-18T17:47:35.791992,4,-3.620959194902937,0.43994728694346774,2.78602692607263,1092.0,1391.0,4.0,273750.0,1.0,213967.0,31304.0
2025-12-18T17:47:35.891716,5,-3.6321751762245986,0.44295439044600315,2.8090230746564515,1001.0,999.0,4.0,265267.0,1.0,209099.0,31336.0
2025-12-18T17:47:36.487344,0,-3.721676358151374,0.43435256879361495,2.986441941573787,1151.0,1666.0,4.0,222987.0,1.0,176128.0,26556.0
2025-12-18T17:47:36.591655,1,-3.7342105314056453,0.4351644945759787,3.0082910170844896,1291.0,2398.0,5.0,185301.0,1.0,174762.0,21312.0
2025-12-18T17:47:36.689793,2,-3.749599905756054,0.43354133062405764,3.0405967003711654,1227.0,2051.0,4.0,219542.0,1.0,132588.0,20848.0
2025-12-18T17:47:36.789218,3,-3.774587106212725,0.42196445787725323,3.083543763900455,1229.0,2064.0,4.0,257222.0,1.0,133715.0,22951.0
2025-12-18T17:47:36.888280,4,-3.787971791772979,0.41948834909823995,3.1096375283313837,1103.0,1439.0,4.0,273287.0,1.0,213244.0,30894.0
2025-12-18T17:47:36.993384,5,-3.8002493092900393,0.4194982631836075,3.1343625298518454,1011.0,1038.0,4.0,258969.0,1.0,210092.0,30883.0
2025-12-18T17:47:37.490055,0,-3.860860701339038,0.4182243414689679,-3.003230451822795,1152.0,1675.0,4.0,222233.0,1.0,173290.0,26502.0
2025-12-18T17:47:37.590430,1,-3.8737949465238652,0.41699004883499047,-2.979943832484526,1314.0,2529.0,5.0,182933.0,1.0,171307.0,20855.0
2025-12-18T17:47:37.689046,2,-3.889195346388548,0.398387908282249,-2.934829836548964,1232.0,2077.0,4.0,216663.0,1.0,130983.0,20742.0
2025-12-18T17:47:37.791474,3,-3.9017594011391994,0.3915003954181624,-2.9025602197389624,1237.0,2105.0,4.0,248746.0,1.0,132678.0,22773.0
2025-12-18T17:47:37.890805,4,-3.9138573229666456,0.38872894320338225,-2.8757968189840946,1110.0,1473.0,4.0,270251.0,1.0,213461.0,30612.0
2025-12-18T17:47:37.989578,5,-3.926364608319977,0.3852256108790948,-2.8551111719754316,1014.0,1051.0,4.0,263389.0,1.0,207407.0,30747.0
2025-12-18T17:47:38.492478,0,-4.008664550149112,0.3505002532626378,-2.716901272854523,1163.0,1726.0,4.0,220063.0,1.0,170786.0,26190.0
2025-12-18T17:47:38.589112,1,-4.021345230776804,0.3446783568573979,-2.688768781701386,1324.0,2584.0,5.0,181146.0,1.0,172529.0,20672.0
2025-12-18T17:47:38.689353,2,-4.032887250703458,0.33908861575045335,-2.660788258160913,1236.0,2100.0,4.0,212523.0,1.0,130364.0,20651.0
2025-12-18T17:47:38.794165,3,-4.043295925036726,0.3328477312742033,-2.634371261855155,1245.0,2148.0,4.0,254451.0,1.0,131694.0,22589.0
2025-12-18T17:47:38.888704,4,-4.05394896164257,0.3261176399763901,-2.603174966030244,1103.0,1441.0,4.0,272456.0,1.0,208745.0,30873.0
2025-12-18T17:47:38.991378,5,-4.064920812983914,0.3194935823882319,-2.5781978050068184,1026.0,1101.0,4.0,262232.0,1.0,206287.0,30211.0
2025-12-18T17:47:39.488202,0,-4.106444534661308,0.27279223063794644,-2.4472476801653524,1166.0,1740.0,4.0,216883.0,1.0,169864.0,26102.0
2025-12-18T17:47:39.589029,1,-4.115764568212818,0.26539012619991675,-2.42105018900525,1326.0,2597.0,5.0,180534.0,1.0,168604.0,20630.0
2025-12-18T17:47:39.691448,2,-4.1259723217856275,0.2579450078865486,-2.3977861556722146,1234.0,2087.0,4.0,213388.0,1.0,130231.0,20700.0
2025-12-18T17:47:39.791765,4,-4.136116659832092,0.2488440047682574,-2.37353504768906,1120.0,1518.0,4.0,274492.0,1.0,208533.0,30252.0
2025-12-18T17:47:39.888365,5,-4.143470721873815,0.2399131953165483,-2.3522772376875274,1022.0,1084.0,4.0,257657.0,1.0,204687.0,30385.0
2025-12-18T17:47:40.489506,0,-4.225193460577533,0.17576278001485424,-2.179767203718542,1173.0,1776.0,4.0,220063.0,1.0,170497.0,25890.0
2025-12-18T17:47:40.589212,1,-4.232045815785365,0.1659398019146403,-2.157053281349273,1306.0,2480.0,5.0,177264.0,1.0,168775.0,21018.0
2025-12-18T17:47:40.688650,2,-4.23887024138405,0.15565112703455508,-2.130409279737814,1253.0,2191.0,4.0,212236.0,1.0,128828.0,20298.0
2025-12-18T17:47:40.789252,3,-4.245365413104114,0.14603786463362534,-2.0979541553834737,1244.0,2142.0,4.0,251540.0,1.0,131072.0,22612.0
2025-12-18T17:47:40.891629,4,-4.252284351444417,0.13493109898829747,-2.0705425932544905,1131.0,1574.0,4.0,264640.0,1.0,207267.0,29825.0
2025-12-18T17:47:40.988815,5,-4.258789316914671,0.12357941986966381,-2.0480762255529696,1041.0,1166.0,4.0,255833.0,1.0,203651.0,29564.0
2025-12-18T17:47:41.490671,0,-4.290857735981514,0.06520526900286594,-1.9027189536077445,1168.0,1752.0,4.0,219097.0,1.0,172938.0,26031.0
2025-12-18T17:47:41.590026,1,-4.295537122522502,0.05317903660087131,-1.876791283264469,1330.0,2616.0,5.0,178287.0,1.0,168490.0,20568.0
2025-12-18T17:47:41.687991,2,-4.299853465210576,0.04088087125165085,-1.8509602172860589,1271.0,2287.0,5.0,209240.0,1.0,127010.0,19951.0
2025-12-18T17:47:41.790929,3,-4.300253089434065,0.02751206593061717,-1.8168940207010413,1249.0,2167.0,4.0,245484.0,1.0,129572.0,22505.0
2025-12-18T17:47:41.890766,4,-4.297340498015941,0.011055626461015322,-1.7655909944736266,1138.0,1606.0,4.0,262765.0,1.0,205590.0,29594.0
2025-12-18T17:47:41.990816,5,-4.300187720732011,-0.002211712049156933,-1.739998827948815,1051.0,1206.0,4.0,247654.0,1.0,203238.0,29186.0
2025-12-18T17:47:42.490641,0,-4.307942878405596,-0.0641451657185339,-1.6123758215621273,1172.0,1772.0,4.0,220659.0,1.0,167070.0,25917.0
2025-12-18T17:47:42.589388,1,-4.308193212866576,-0.07596118202840207,-1.5879427214460442,1318.0,2549.0,5.0,181391.0,1.0,166844.0,20785.0
2025-12-18T17:47:42.689002,2,-4.30892800702601,-0.08989357759664252,-1.5578792058727813,1274.0,2304.0,5.0,209240.0,1.0,128046.0,19890.0
2025-12-18T17:47:42.790870,3,-4.309894802790713,-0.1079432993301932,-1.511977068647705,1254.0,2195.0,4.0,251284.0,1.0,129047.0,22391.0
2025-12-18T17:47:42.890284,4,-4.309105265691368,-0.12025980887529952,-1.4802632120054853,1146.0,1642.0,4.0,262321.0,1.0,203444.0,29334.0
2025-12-18T17:47:42.989483,5,-4.308101758299603,-0.1316327658310863,-1.449969624558509,1058.0,1236.0,4.0,254968.0,1.0,198614.0,28911.0
2025-12-18T17:47:43.490569,0,-4.298404352570772,-0.19323508617188745,-1.3481587253841107,1158.0,1703.0,4.0,219097.0,1.0,167580.0,26323.0
2025-12-18T17:47:43.590114,1,-4.293926822865677,-0.20463527993203234,-1.3438669602721307,1321.0,2564.0,5.0,178710.0,1.0,167127.0,20735.0
2025-12-18T17:47:43.690275,2,-4.290663646510474,-0.21710180446104177,-1.3413544237172983,1288.0,2382.0,5.0,209950.0,1.0,126281.0,19622.0
2025-12-18T17:47:43.788850,3,-4.287851453736521,-0.22961382335608205,-1.3367024507630636,1262.0,2239.0,5.0,242511.0,1.0,127700.0,22210.0
2025-12-18T17:47:43.889096,4,-4.2842963908248,-0.24196057446592034,-1.3414316685413858,1162.0,1724.0,4.0,262144.0,1.0,199422.0,28774.0
2025-12-18T17:47:43.990514,5,-4.280924810164442,-0.25497485088111915,-1.343150429736095,1060.0,1245.0,4.0,247403.0,1.0,199760.0,28832.0
2025-12-18T17:47:44.489325,0,-4.26686017373366,-0.3205418490169185,-1.3288552439106531,1161.0,1715.0,4.0,215931.0,1.0,168946.0,26252.0
2025-12-18T17:47:44.590749,1,-4.26364578011528,-0.33318334402379257,-1.329353871502574,1344.0,2697.0,5.0,179073.0,1.0,164935.0,20312.0
2025-12-18T17:47:44.688907,2,-4.260740590980925,-0.3448078763776632,-1.3305903743375966,1283.0,2353.0,5.0,202963.0,1.0,126838.0,19722.0
2025-12-18T17:47:44.791243,3,-4.258428390390448,-0.3566112230304288,-1.329114479160554,1283.0,2354.0,5.0,244572.0,1.0,126281.0,21764.0
2025-12-18T17:47:44.889088,4,-4.255207756847636,-0.3691083158171482,-1.3323348035425122,1157.0,1698.0,4.0,259583.0,1.0,200776.0,28950.0
2025-12-18T17:47:44.990528,5,-4.252797599718456,-0.38145467161595636,-1.333345944417572,1061.0,1253.0,4.0,245734.0,1.0,197274.0,28764.0
2025-12-18T17:47:45.490867,0,-4.238111761633978,-0.44312909180089877,-1.332339322103077,1162.0,1722.0,4.0,220137.0,1.0,168319.0,26208.0
2025-12-18T17:47:45.592163,1,-4.234887410048574,-0.45524025951542857,-1.3333102454887062,1334.0,2641.0,5.0,179073.0,1.0,165775.0,20484.0
2025-12-18T17:47:45.689950,2,-4.232108601121967,-0.4675015946397041,-1.3323235638742248,1283.0,2352.0,5.0,208463.0,1.0,125599.0,19722.0
2025-12-18T17:47:45.790259,3,-4.228569176451989,-0.48002925007277586,-1.3318451570301315,1264.0,2250.0,5.0,243993.0,1.0,126924.0,22165.0
2025-12-18T17:47:45.890577,4,-4.225912047568063,-0.49252584169163205,-1.3313484196044543,1162.0,1721.0,4.0,258881.0,1.0,197742.0,28793.0
2025-12-18T17:47:45.990524,5,-4.222512164945056,-0.5050440831209357,-1.3315951095815286,1068.0,1281.0,4.0,250266.0,1.0,196408.0,28522.0
2025-12-18T17:47:46.489981,0,-4.2055577582326755,-0.5629198538962696,-1.3303459713514547,1164.0,1734.0,4.0,217030.0,1.0,170152.0,26137.0
2025-12-18T17:47:46.590549,1,-4.196951171658757,-0.5679370093292975,-1.3223802582211504,1325.0,2589.0,5.0,175474.0,1.0,164712.0,20651.0
2025-12-18T17:47:46.689749,2,-4.194259937016288,-0.5799646089830373,-1.322101718552905,1290.0,2394.0,5.0,204895.0,1.0,125472.0,19583.0
2025-12-18T17:47:46.791807,3,-4.1916082909768315,-0.5925194744556981,-1.321342191220207,1250.0,2176.0,4.0,243498.0,1.0,127743.0,22467.0
2025-12-18T17:47:46.890839,4,-4.187706954753111,-0.6047841162693874,-1.3223367295630377,1148.0,1656.0,4.0,255746.0,1.0,195943.0,29235.0
2025-12-18T17:47:46.990291,5,-4.184762098110458,-0.61735789031674,-1.3230942264117356,1070.0,1292.0,4.0,243581.0,1.0,195943.0,28425.0
2025-12-18T17:47:47.490045,0,-4.167888023195067,-0.6787655400321513,-1.322594663500988,1162.0,1720.0,4.0,216077.0,1.0,169061.0,26217.0
2025-12-18T17:47:47.589728,1,-4.164971107634962,-0.6906865324843268,-1.3220871875595166,1348.0,2719.0,5.0,178227.0,1.0,162717.0,20243.0
2025-12-18T17:47:47.688769,2,-4.161945089264104,-0.7030298729810567,-1.3230339052079603,1291.0,2400.0,5.0,205242.0,1.0,123450.0,19563.0
2025-12-18T17:47:47.792382,3,-4.158389468232183,-0.7151525258749003,-1.322026622302058,1256.0,2209.0,5.0,244820.0,1.0,128263.0,22331.0
2025-12-18T17:47:47.890590,4,-4.155614337473028,-0.7278445876418154,-1.3237432025058715,1153.0,1676.0,4.0,255141.0,1.0,197074.0,29097.0
2025-12-18T17:47:47.990872,5,-4.152283652692359,-0.7396589950355925,-1.3224950074752984,1073.0,1302.0,4.0,240549.0,1.0,192329.0,28339.0
2025-12-18T17:47:48.490230,0,-4.137320711592682,-0.8022483766290627,-1.3264870908572666,1164.0,1731.0,4.0,218652.0,1.0,167240.0,26155.0
2025-12-18T17:47:48.589208,1,-4.134434915547357,-0.8142065604817006,-1.3269863210289352,1346.0,2710.0,5.0,176606.0,1.0,163269.0,20270.0
2025-12-18T17:47:48.690811,2,-4.129892967210368,-0.8161448773097835,-1.3208139396181424,1284.0,2358.0,5.0,201867.0,1.0,124078.0,19702.0
2025-12-18T17:47:48.790564,3,-4.118390880201292,-0.7965362474583997,-1.3054717746963342,1255.0,2200.0,5.0,242593.0,1.0,125727.0,22369.0
2025-12-18T17:47:48.890162,4,-4.11409248672901,-0.8060500938302497,-1.30282616218624,1173.0,1776.0,4.0,254365.0,1.0,192785.0,28435.0
2025-12-18T17:47:48.988996,5,-4.110947315336853,-0.8186436100509948,-1.3043049017349517,1061.0,1249.0,4.0,243333.0,1.0,191032.0,28793.0
2025-12-18T17:47:49.490044,0,-4.093555219407542,-0.8796338087074207,-1.3013088615205701,1156.0,1693.0,4.0,215931.0,1.0,167693.0,26386.0
2025-12-18T17:47:49.591209,1,-4.090220071952889,-0.8920496913782134,-1.2998124023314857,1335.0,2648.0,5.0,176845.0,1.0,164545.0,20464.0
2025-12-18T17:47:49.690662,2,-4.085932381601034,-0.9045935465207355,-1.2993229100971488,1290.0,2392.0,5.0,204410.0,1.0,123116.0,19589.0
2025-12-18T17:47:49.791073,3,-4.082604167491218,-0.9167423451015417,-1.298081623096956,1253.0,2190.0,4.0,243581.0,1.0,124457.0,22406.0
2025-12-18T17:47:49.889858,4,-4.079008934716926,-0.9292550448387713,-1.3000588660757726,1176.0,1790.0,4.0,250520.0,1.0,194621.0,28349.0
2025-12-18T17:47:49.990618,5,-4.075850271053774,-0.9409763130650988,-1.298088892349706,1085.0,1361.0,4.0,241774.0,1.0,188718.0,27863.0
2025-12-18T17:47:50.489651,0,-4.0587962722971245,-1.002733251472212,-1.3030342180422927,1156.0,1694.0,4.0,217766.0,1.0,166280.0,26377.0
2025-12-18T17:47:50.589852,2,-4.055779791987971,-1.0146787879033146,-1.3042708014446072,1289.0,2387.0,5.0,203996.0,1.0,121873.0,19603.0
2025-12-18T17:47:50.689391,3,-4.052791744068625,-1.0270496838789338,-1.3042577203563335,1245.0,2148.0,4.0,241365.0,1.0,125514.0,22582.0
2025-12-18T17:47:50.790221,4,-4.048912615556673,-1.0392690254889128,-1.304515411226559,1173.0,1777.0,4.0,253849.0,1.0,193047.0,28425.0
2025-12-18T17:47:50.890675,5,-4.045581071443989,-1.0511803532468322,-1.3046396776516052,1074.0,1307.0,4.0,242840.0,1.0,189551.0,28301.0
2025-12-18T17:47:51.489724,0,-4.0244857451297396,-1.1109743029254395,-1.3019948001375812,1157.0,1700.0,4.0,216443.0,1.0,167240.0,26341.0
2025-12-18T17:47:51.589225,1,-4.021100464194955,-1.1231147970539355,-1.3167789391675755,1311.0,2511.0,5.0,176785.0,1.0,163822.0,20912.0
2025-12-18T17:47:51.690623,3,-4.017718495344798,-1.1346916219995262,-1.3333573866202937,1246.0,2154.0,4.0,240387.0,1.0,126239.0,22559.0
2025-12-18T17:47:51.790468,4,-4.01526534096485,-1.1473350715817205,-1.3606031935007528,1159.0,1707.0,4.0,257135.0,1.0,193964.0,28881.0
2025-12-18T17:47:51.889318,5,-4.013769656631201,-1.1591695114433818,-1.3884165649436784,1070.0,1293.0,4.0,236833.0,1.0,191096.0,28416.0
2025-12-18T17:47:52.490008,0,-4.0049655675562645,-1.2321594094065316,-1.5389126751054647,1147.0,1647.0,4.0,220286.0,1.0,166562.0,26673.0
2025-12-18T17:47:52.589041,1,-4.0054644548342,-1.2444302648617636,-1.5700009183340542,1298.0,2434.0,5.0,179195.0,1.0,163878.0,21175.0
2025-12-18T17:47:52.690122,2,-4.006504743514643,-1.2562250830696695,-1.5942408600594604,1275.0,2311.0,5.0,201594.0,1.0,122451.0,19863.0
2025-12-18T17:47:52.789906,3,-4.00603829141098,-1.2692116578031105,-1.614045538033765,1236.0,2098.0,4.0,247486.0,1.0,128437.0,22797.0
2025-12-18T17:47:52.889606,4,-4.006634110789253,-1.2819159286816935,-1.6390640488766057,1147.0,1650.0,4.0,255833.0,1.0,195413.0,29275.0
2025-12-18T17:47:53.491913,0,-4.014828319960316,-1.355058390925726,-1.774000585281276,1147.0,1651.0,4.0,219988.0,1.0,166112.0,26646.0
2025-12-18T17:47:53.590102,1,-4.015892925291771,-1.3683015286211644,-1.795707069480867,1275.0,2311.0,5.0,177805.0,1.0,162442.0,21624.0
2025-12-18T17:47:53.688311,2,-4.019603950244484,-1.38037484693983,-1.8236416071072576,1259.0,2223.0,5.0,208533.0,1.0,123033.0,20175.0
2025-12-18T17:47:53.792098,3,-4.0233267619480895,-1.3916785847889672,-1.850791971372589,1212.0,1973.0,4.0,243333.0,1.0,128046.0,23367.0
2025-12-18T17:47:53.890187,4,-4.026378561719328,-1.4042507393688988,-1.8723520839859131,1120.0,1520.0,4.0,257309.0,1.0,193701.0,30232.0
2025-12-18T17:47:53.990473,5,-4.030158083996257,-1.4161730361246754,-1.8983112760292962,1064.0,1266.0,4.0,248409.0,1.0,188718.0,28648.0
2025-12-18T17:47:54.489610,1,-4.039181775349465,-1.4700795020637218,-2.01342055818461,1272.0,2292.0,5.0,179316.0,1.0,167127.0,21697.0
2025-12-18T17:47:54.591448,2,-4.044868907424411,-1.4820077750983827,-2.041072421923539,1243.0,2139.0,4.0,206497.0,1.0,126453.0,20491.0
2025-12-18T17:47:54.689984,3,-4.050057651305951,-1.493207994969818,-2.0591166273414108,1216.0,1996.0,4.0,246734.0,1.0,128393.0,23256.0
2025-12-18T17:47:54.791653,4,-4.055652652866626,-1.5039929651964798,-2.088579393896104,1116.0,1503.0,4.0,260640.0,1.0,197140.0,30365.0
2025-12-18T17:47:54.889690,5,-4.062153530896584,-1.5147934511056538,-2.1171347839962924,1063.0,1258.0,4.0,243087.0,1.0,188017.0,28716.0
2025-12-18T17:47:55.489972,0,-4.095744006586844,-1.5649302067981798,-2.2662701742103386,1136.0,1598.0,4.0,222309.0,1.0,169233.0,26991.0
2025-12-18T17:47:55.587951,1,-4.1039550890382115,-1.5722255489574488,-2.294742984562102,1262.0,2241.0,5.0,182130.0,1.0,167183.0,21897.0
2025-12-18T17:47:55.691023,2,-4.112648002689563,-1.581453294999175,-2.3224670212648,1235.0,2094.0,4.0,207829.0,1.0,124583.0,20665.0
2025-12-18T17:47:55.789126,3,-4.110975480096209,-1.6016184893704764,-2.336641480498068,1204.0,1931.0,4.0,249252.0,1.0,130584.0,23565.0
2025-12-18T17:47:55.889835,4,-4.114740483384788,-1.6150313604892417,-2.3653718290258623,1131.0,1573.0,4.0,261169.0,1.0,197474.0,29825.0
2025-12-18T17:47:55.992582,5,-4.124408839043121,-1.6224442287849654,-2.394695033241506,1061.0,1252.0,4.0,240387.0,1.0,190064.0,28764.0
2025-12-18T17:47:56.488908,0,-4.172383443874683,-1.6655544435356195,-2.509134456235094,1130.0,1567.0,4.0,223364.0,1.0,170152.0,27193.0
2025-12-18T17:47:56.593119,1,-4.177037701457356,-1.6766177554358759,-2.533627363514979,1259.0,2224.0,5.0,184987.0,1.0,167523.0,21963.0
2025-12-18T17:47:56.687766,2,-4.185746203318862,-1.6838799946549678,-2.5659772861788075,1236.0,2098.0,4.0,207969.0,1.0,126453.0,20651.0
2025-12-18T17:47:56.789438,3,-4.195829381438751,-1.6895151064770535,-2.591220834491443,1216.0,1997.0,4.0,245734.0,1.0,127570.0,23249.0
2025-12-18T17:47:56.891728,4,-4.206374835513993,-1.6962535092320281,-2.613708233917168,1121.0,1526.0,4.0,260816.0,1.0,198748.0,30180.0
2025-12-18T17:47:56.992016,5,-4.21344894387059,-1.7013336331945914,-2.6300436692030393,1061.0,1250.0,4.0,245401.0,1.0,191161.0,28784.0
2025-12-18T17:47:57.490782,0,-4.273161613942237,-1.7271165307746332,-2.7725084200820165,1130.0,1566.0,4.0,221557.0,1.0,171655.0,27202.0
2025-12-18T17:47:57.588952,1,-4.284592344298827,-1.7313841646336257,-2.7964374059130668,1277.0,2322.0,5.0,185866.0,1.0,167523.0,21580.0
2025-12-18T17:47:57.688908,2,-4.295378410716295,-1.7354663257735639,-2.818716377198623,1250.0,2177.0,4.0,207056.0,1.0,123911.0,20346.0
2025-12-18T17:47:57.792653,3,-4.307425286225114,-1.7391774852603556,-2.8485118477300873,1242.0,2133.0,4.0,247152.0,1.0,128524.0,22643.0
2025-12-18T17:47:57.888606,5,-4.3195010732924,-1.7424867663131276,-2.8780471590320835,1055.0,1224.0,4.0,242429.0,1.0,193047.0,29018.0
2025-12-18T17:47:58.491744,0,-4.383692653071403,-1.7742025456519306,-3.0339354694847414,1138.0,1604.0,4.0,223894.0,1.0,171655.0,26945.0
2025-12-18T17:47:58.589685,1,-4.395630063437254,-1.7751964313795687,-3.0616064957673235,1295.0,2419.0,5.0,181391.0,1.0,164823.0,21225.0
2025-12-18T17:47:58.689578,2,-4.407497994713759,-1.77489277479014,-3.0853386537706817,1266.0,2258.0,5.0,208322.0,1.0,124036.0,20045.0
2025-12-18T17:47:58.791150,3,-4.419992345451738,-1.7762657423762658,-3.108047440135715,1271.0,2287.0,5.0,239331.0,1.0,124499.0,22016.0
2025-12-18T17:47:58.888658,4,-4.432480737548916,-1.7765917844739354,-3.1343261623455403,1136.0,1596.0,4.0,253591.0,1.0,197742.0,29654.0
2025-12-18T17:47:58.992407,5,-4.442953584560166,-1.7787597093841652,3.1198538895251313,1054.0,1223.0,4.0,244738.0,1.0,189615.0,29028.0
2025-12-18T17:47:59.490995,0,-4.499641376854035,-1.782735531581575,2.9989497694795797,1148.0,1652.0,4.0,219097.0,1.0,164991.0,26637.0
2025-12-18T17:47:59.590532,1,-4.51252595036301,-1.7816292720126459,2.977896718233057,1332.0,2631.0,5.0,174054.0,1.0,163656.0,20512.0
2025-12-18T17:47:59.689798,2,-4.525681217827689,-1.7794230283645875,2.9486689940071815,1305.0,2476.0,5.0,201321.0,1.0,121996.0,19313.0
2025-12-18T17:47:59.790290,3,-4.537680751898384,-1.776704766678841,2.919836363637242,1298.0,2434.0,5.0,236033.0,1.0,123492.0,21464.0
2025-12-18T17:47:59.889725,4,-4.549081932552983,-1.7741975510163766,2.895561813651192,1148.0,1655.0,4.0,256353.0,1.0,194424.0,29235.0
2025-12-18T17:47:59.990856,5,-4.551793370462646,-1.7682478646545148,2.87472085197433,1060.0,1247.0,4.0,244738.0,1.0,189551.0,28813.0
2025-12-18T17:48:00.490675,0,-4.607073523197727,-1.7469266751924315,2.741463874541853,1166.0,1742.0,4.0,219393.0,1.0,167636.0,26084.0
2025-12-18T17:48:00.590272,1,-4.61797321533565,-1.7416760439969932,2.71526236810499,1332.0,2629.0,5.0,176845.0,1.0,162442.0,20519.0
2025-12-18T17:48:00.689592,2,-4.629362951515919,-1.737881523153649,2.6946506609315746,1320.0,2561.0,5.0,199760.0,1.0,120274.0,19047.0
2025-12-18T17:48:00.794650,3,-4.637542377683093,-1.7368563548652194,2.6744481429089966,1297.0,2430.0,5.0,234679.0,1.0,120519.0,21478.0
2025-12-18T17:48:00.888583,4,-4.648835040615369,-1.7306850911012504,2.6447268616156125,1173.0,1778.0,4.0,252136.0,1.0,194424.0,28416.0
2025-12-18T17:48:00.989284,5,-4.659647781731582,-1.7249980750760088,2.6207774976521416,1060.0,1249.0,4.0,239250.0,1.0,187318.0,28793.0
2025-12-18T17:48:01.490651,0,-4.708960771485496,-1.6902102400165284,2.4942244174189687,1165.0,1739.0,4.0,216883.0,1.0,165943.0,26102.0
2025-12-18T17:48:01.589792,1,-4.714574560470075,-1.6819117910179777,2.472817585547517,1338.0,2666.0,5.0,174703.0,1.0,163933.0,20401.0
2025-12-18T17:48:01.691160,2,-4.723717269346713,-1.6741687000493632,2.444176986164284,1312.0,2515.0,5.0,198144.0,1.0,120356.0,19189.0
2025-12-18T17:48:01.791865,3,-4.7346276431932015,-1.6661677110326307,2.422930599077959,1272.0,2296.0,5.0,235236.0,1.0,123116.0,21978.0
2025-12-18T17:48:01.889207,4,-4.744139526992468,-1.658210481456007,2.3981543780993544,1176.0,1790.0,4.0,247738.0,1.0,191032.0,28339.0
2025-12-18T17:48:01.992591,5,-4.753096065331555,-1.6496088937300462,2.36625403446523,1071.0,1296.0,4.0,240957.0,1.0,188463.0,28387.0
2025-12-18T17:48:02.488597,0,-4.79590932350707,-1.6055005582836568,2.2453718603878023,1157.0,1699.0,4.0,218948.0,1.0,166055.0,26341.0
2025-12-18T17:48:02.590490,1,-4.803467839716968,-1.595918968163775,2.221031829820629,1304.0,2470.0,5.0,178287.0,1.0,162662.0,21047.0
2025-12-18T17:48:02.689291,2,-4.809847828110911,-1.5863008462479469,2.1922612471625977,1305.0,2475.0,5.0,197608.0,1.0,119909.0,19313.0
2025-12-18T17:48:02.790932,4,-4.816540081173779,-1.5756791227264646,2.161791733165942,1185.0,1838.0,4.0,245650.0,1.0,190903.0,28043.0
2025-12-18T17:48:02.893919,5,-4.823216600802039,-1.5650551198547893,2.1435475795284145,1079.0,1332.0,4.0,239331.0,1.0,188718.0,28091.0
2025-12-18T17:48:03.489834,0,-4.85426343698373,-1.4989030661415197,1.9825219392871292,1129.0,1562.0,4.0,222987.0,1.0,170267.0,27230.0
2025-12-18T17:48:03.592158,1,-4.85954982236079,-1.4876346210201352,1.9601634061257618,1309.0,2498.0,5.0,179741.0,1.0,162387.0,20947.0
2025-12-18T17:48:03.690330,2,-4.864339157811232,-1.4761432974280253,1.9390645763616943,1294.0,2412.0,5.0,203582.0,1.0,120805.0,19516.0
2025-12-18T17:48:03.791528,3,-4.867478988144344,-1.4646805051077583,1.9038493501641691,1258.0,2218.0,5.0,240631.0,1.0,123869.0,22285.0
2025-12-18T17:48:03.890241,4,-4.870051240112812,-1.4528568025816342,1.8758250852193923,1163.0,1727.0,4.0,247403.0,1.0,188272.0,28745.0
2025-12-18T17:48:03.992135,5,-4.876245451408389,-1.4392380149250892,1.8503318398132442,1077.0,1321.0,4.0,236673.0,1.0,186307.0,28176.0
2025-12-18T17:48:04.490722,0,-4.893526426457566,-1.3765578495427113,1.7273847012759453,1142.0,1625.0,4.0,220510.0,1.0,167750.0,26809.0
2025-12-18T17:48:04.590456,1,-4.894319346550144,-1.3645720304416815,1.6962931995330053,1298.0,2435.0,5.0,180534.0,1.0,164044.0,21168.0
2025-12-18T17:48:04.689904,2,-4.895500046885695,-1.3517718130579595,1.6712380256451715,1285.0,2362.0,5.0,200912.0,1.0,120682.0,19682.0
2025-12-18T17:48:04.790345,3,-4.900924237398271,-1.3398267554458165,1.6558123188728429,1266.0,2260.0,5.0,236433.0,1.0,123408.0,22120.0
2025-12-18T17:48:04.888370,4,-4.903916548388338,-1.327379972043643,1.6366962928141944,1147.0,1648.0,4.0,249505.0,1.0,191939.0,29285.0
2025-12-18T17:48:04.990506,5,-4.904502307765071,-1.3150017328860781,1.6297817226149076,1066.0,1275.0,4.0,242758.0,1.0,187890.0,28560.0
2025-12-18T17:48:05.490631,0,-4.90973227226927,-1.249681182271289,1.626568220208796,1145.0,1641.0,4.0,220734.0,1.0,167523.0,26700.0
2025-12-18T17:48:05.591118,1,-4.910471928364808,-1.2372355646380915,1.6258296462286606,1308.0,2490.0,5.0,178771.0,1.0,163712.0,20975.0
2025-12-18T17:48:05.692084,2,-4.9135813701036195,-1.2215689858157641,1.6253423393072832,1270.0,2284.0,5.0,202003.0,1.0,121955.0,19951.0
2025-12-18T17:48:05.791326,3,-4.916164377942415,-1.2067395113257282,1.625953088605782,1239.0,2118.0,4.0,242265.0,1.0,123617.0,22704.0
2025-12-18T17:48:05.889795,4,-4.91691368378,-1.1939633206600533,1.6251984043660954,1155.0,1688.0,4.0,244986.0,1.0,192916.0,29009.0
2025-12-18T17:48:05.991750,5,-4.917303059318741,-1.1822132752198833,1.6244954469371204,1061.0,1250.0,4.0,243169.0,1.0,186559.0,28784.0
2025-12-18T17:48:06.490975,0,-4.920847210733273,-1.1188613678063284,1.6252295749859087,1154.0,1681.0,4.0,217545.0,1.0,164768.0,26448.0
2025-12-18T17:48:06.589090,1,-4.921768492315207,-1.10629046511756,1.6235150945899197,1316.0,2536.0,5.0,173290.0,1.0,162772.0,20820.0
2025-12-18T17:48:06.690711,2,-4.922503481010632,-1.0932731433804905,1.6242683435586898,1267.0,2265.0,5.0,204480.0,1.0,118979.0,20018.0
2025-12-18T17:48:06.790431,3,-4.923724815566581,-1.080069311887244,1.621541818780082,1243.0,2138.0,4.0,242347.0,1.0,124752.0,22620.0
2025-12-18T17:48:06.888481,4,-4.924081388386981,-1.067465039211407,1.6230244037091017,1154.0,1683.0,4.0,251540.0,1.0,190322.0,29038.0
2025-12-18T17:48:06.989194,5,-4.924839875425282,-1.0547252089121537,1.6225352750980324,1054.0,1222.0,4.0,242183.0,1.0,184987.0,29028.0
2025-12-18T17:48:07.491360,0,-4.928954606703328,-0.990573144969789,1.6195666936204207,1192.0,1874.0,4.0,214474.0,1.0,162772.0,25336.0
2025-12-18T17:48:07.590821,1,-4.929403972776954,-0.9784554106207111,1.6198294881718558,1354.0,2755.0,5.0,172880.0,1.0,158156.0,20127.0
2025-12-18T17:48:07.690572,2,-4.930058773772945,-0.9668747792772914,1.620835346061826,1280.0,2336.0,5.0,197876.0,1.0,121461.0,19769.0
2025-12-18T17:48:07.791705,3,-4.9367003255614375,-0.9563105283934186,1.6368452643164972,1246.0,2156.0,4.0,242429.0,1.0,123367.0,22543.0
2025-12-18T17:48:07.889034,4,-4.939918020721394,-0.9446318636159781,1.6419992853746865,1157.0,1698.0,4.0,246233.0,1.0,190838.0,28940.0
2025-12-18T17:48:07.992253,5,-4.940612010651533,-0.9322563831548694,1.6435030029207565,1076.0,1316.0,4.0,232780.0,1.0,187509.0,28215.0
2025-12-18T17:48:08.489929,0,-4.945338996221578,-0.8676682649443386,1.6526816688199844,1185.0,1836.0,4.0,215785.0,1.0,161565.0,25542.0
2025-12-18T17:48:08.590164,1,-4.946859305981798,-0.8556945001917571,1.6689968084512312,1381.0,2918.0,5.0,172179.0,1.0,158800.0,19656.0
2025-12-18T17:48:08.690054,2,-4.948167629485537,-0.8437326038234438,1.6924992566847767,1297.0,2434.0,5.0,202277.0,1.0,118858.0,19444.0
2025-12-18T17:48:08.790864,3,-4.949603525499072,-0.8317401366822903,1.7175259921423094,1269.0,2274.0,5.0,237958.0,1.0,122908.0,22060.0
2025-12-18T17:48:08.888687,4,-4.953039971204534,-0.8194877851438553,1.7415772504368032,1176.0,1791.0,4.0,244158.0,1.0,189872.0,28329.0
2025-12-18T17:48:08.989938,5,-4.956404757311075,-0.8071634114015369,1.7715429906239935,1073.0,1305.0,4.0,239169.0,1.0,184237.0,28310.0
2025-12-18T17:48:09.489475,0,-4.970430475738796,-0.7468681439133293,1.9035053869435994,1192.0,1872.0,4.0,213967.0,1.0,159716.0,25344.0
2025-12-18T17:48:09.590106,2,-4.97456679716209,-0.7351950028004035,1.9272583019758862,1290.0,2393.0,5.0,197074.0,1.0,119140.0,19576.0
2025-12-18T17:48:09.690342,3,-4.979806385295387,-0.7236934724848592,1.9482852361011,1271.0,2288.0,5.0,230585.0,1.0,120846.0,22008.0
2025-12-18T17:48:09.789047,4,-4.984302968558284,-0.71261544048195,1.9719539225488816,1156.0,1692.0,4.0,247152.0,1.0,186370.0,28979.0
2025-12-18T17:48:09.891982,5,-4.999194823227352,-0.7088935303056374,2.00951035520434,1063.0,1258.0,4.0,236353.0,1.0,184300.0,28706.0
2025-12-18T17:48:10.488856,0,-5.039570889437385,-0.6450289277337604,2.1617500861192798,1183.0,1828.0,4.0,210590.0,1.0,161619.0,25585.0
2025-12-18T17:48:10.591294,1,-5.046535181143918,-0.6348297591861707,2.1898964013485864,1400.0,3031.0,5.0,172821.0,1.0,155713.0,19352.0
2025-12-18T17:48:10.688923,2,-5.0551434644858135,-0.6325580690096819,2.220596580574716,1300.0,2450.0,5.0,200709.0,1.0,118336.0,19391.0
2025-12-18T17:48:10.791420,3,-5.062379505259461,-0.624001747339805,2.246928858789382,1292.0,2401.0,5.0,231915.0,1.0,122079.0,21580.0
2025-12-18T17:48:10.888579,4,-5.067048259321528,-0.6142771951027655,2.2830285900584255,1151.0,1668.0,4.0,243004.0,1.0,187192.0,29137.0
2025-12-18T17:48:10.990802,5,-5.072155186891088,-0.6052471970413458,2.317457354284681,1074.0,1309.0,4.0,234838.0,1.0,181637.0,28272.0
2025-12-18T17:48:11.489423,0,-5.124304006123204,-0.5613490516595117,2.4361359419893276,1201.0,1920.0,4.0,211877.0,1.0,158585.0,25088.0
2025-12-18T17:48:11.588573,1,-5.1485319436358825,-0.5641647163957928,2.4771833090416693,1369.0,2847.0,5.0,171888.0,1.0,154610.0,19856.0
2025-12-18T17:48:11.690641,3,-5.1613293957180515,-0.5592715413035196,2.5069168957400114,1285.0,2367.0,5.0,232544.0,1.0,118979.0,21705.0
2025-12-18T17:48:11.791015,4,-5.172082766265503,-0.5520784836583652,2.5311212703288652,1162.0,1724.0,4.0,246400.0,1.0,186433.0,28764.0
2025-12-18T17:48:11.888531,5,-5.182246647635709,-0.5463433229430898,2.5538945706534544,1093.0,1396.0,4.0,236353.0,1.0,182130.0,27582.0
2025-12-18T17:48:12.488676,0,-5.255566380409025,-0.5274526928646579,2.717442229480239,1207.0,1949.0,4.0,210590.0,1.0,158424.0,24936.0
2025-12-18T17:48:12.591215,1,-5.267464090136427,-0.5235413262896942,2.741665052783061,1377.0,2892.0,5.0,165494.0,1.0,155029.0,19729.0
2025-12-18T17:48:12.688972,2,-5.279970639335309,-0.518343549872776,2.769544560283901,1313.0,2522.0,5.0,196341.0,1.0,116706.0,19163.0
2025-12-18T17:48:12.790150,3,-5.291466220182537,-0.5136609100227827,2.7938316725522343,1304.0,2470.0,5.0,227176.0,1.0,117817.0,21333.0
2025-12-18T17:48:12.890888,4,-5.303310217534436,-0.5100876120866329,2.819046630809517,1195.0,1885.0,4.0,243087.0,1.0,185301.0,27760.0
2025-12-18T17:48:12.989247,5,-5.315934823722408,-0.50719886954167,2.8490995811235718,1086.0,1363.0,4.0,232151.0,1.0,181023.0,27835.0
2025-12-18T17:48:13.490388,0,-5.381783468580837,-0.5042229287223696,2.9865860235437163,1174.0,1780.0,4.0,214547.0,1.0,161019.0,25855.0
2025-12-18T17:48:13.588918,1,-5.394467525750896,-0.5017671895833695,3.0107280884170384,1389.0,2964.0,5.0,166280.0,1.0,153100.0,19530.0
2025-12-18T17:48:13.688373,2,-5.406429629928706,-0.5008550320525442,3.0334590452913432,1333.0,2637.0,5.0,192264.0,1.0,116824.0,18816.0
2025-12-18T17:48:13.792002,3,-5.419417986727084,-0.49999477370733203,3.060918439505925,1305.0,2474.0,5.0,233649.0,1.0,119301.0,21319.0
2025-12-18T17:48:13.890215,4,-5.432152368605824,-0.49894852495383013,3.0892893910524752,1184.0,1831.0,4.0,240957.0,1.0,182191.0,28081.0
2025-12-18T17:48:13.991936,5,-5.445974701976732,-0.500799524054635,3.1137460703018043,1101.0,1431.0,4.0,230117.0,1.0,178468.0,27313.0
2025-12-18T17:48:14.492125,1,-5.513412048111032,-0.508598747791472,-3.032670909808896,1353.0,2752.0,5.0,169061.0,1.0,153931.0,20134.0
2025-12-18T17:48:14.591241,2,-5.525685828805585,-0.5093719764224915,-3.0084420748288,1323.0,2577.0,5.0,195678.0,1.0,116272.0,18995.0
2025-12-18T17:48:14.689318,3,-5.538316318461195,-0.51150152354248,-2.982970956541177,1289.0,2387.0,5.0,232859.0,1.0,117897.0,21631.0
2025-12-18T17:48:14.789358,4,-5.550498323576351,-0.5149013582917807,-2.9587237527756134,1189.0,1856.0,4.0,242675.0,1.0,181085.0,27930.0
2025-12-18T17:48:14.889635,5,-5.562946433476168,-0.5191890478947743,-2.931515925127452,1082.0,1343.0,4.0,232859.0,1.0,179134.0,27996.0
2025-12-18T17:48:15.488892,0,-5.6345814088298845,-0.550440030460476,-2.7637461583259975,1165.0,1735.0,4.0,215274.0,1.0,161292.0,26119.0
2025-12-18T17:48:15.589976,1,-5.646071829669607,-0.5550776804186328,-2.735889280892557,1329.0,2614.0,5.0,173349.0,1.0,156241.0,20561.0
2025-12-18T17:48:15.689573,2,-5.65796067834408,-0.5590507972930494,-2.7116459860770363,1313.0,2520.0,5.0,194226.0,1.0,117220.0,19169.0
2025-12-18T17:48:15.788875,3,-5.670048176979607,-0.5650604715925804,-2.6866454355097575,1281.0,2345.0,5.0,229107.0,1.0,120437.0,21786.0
2025-12-18T17:48:15.890747,4,-5.686476912046434,-0.5759804736304996,-2.6493594013145705,1180.0,1814.0,4.0,242758.0,1.0,185426.0,28186.0
2025-12-18T17:48:16.490880,0,-5.750437702739902,-0.6181680308167601,-2.48971316185659,1165.0,1736.0,4.0,213677.0,1.0,162332.0,26110.0
2025-12-18T17:48:16.591280,1,-5.759870586125798,-0.627244518760242,-2.461658851487154,1333.0,2636.0,5.0,173231.0,1.0,154872.0,20491.0
2025-12-18T17:48:16.688065,2,-5.769528478870348,-0.6378727276418945,-2.438248417672178,1293.0,2411.0,5.0,195943.0,1.0,117419.0,19516.0
2025-12-18T17:48:16.788875,3,-5.776216926960261,-0.6431969157805644,-2.4241736082687173,1262.0,2240.0,5.0,237154.0,1.0,121420.0,22195.0
2025-12-18T17:48:16.888512,4,-5.789451538942387,-0.6548302582806764,-2.391086841493851,1181.0,1815.0,4.0,242019.0,1.0,182809.0,28176.0
2025-12-18T17:48:16.988842,5,-5.79724595974311,-0.6634645182541101,-2.3670338403814593,1085.0,1358.0,4.0,228797.0,1.0,180840.0,27873.0
2025-12-18T17:48:17.491319,0,-5.845337709860101,-0.7200594261126287,-2.240159968152232,1166.0,1744.0,4.0,214620.0,1.0,161948.0,26066.0
2025-12-18T17:48:17.588793,1,-5.8525941194096225,-0.7295190579778543,-2.2178539139502162,1303.0,2464.0,5.0,175118.0,1.0,158478.0,21061.0
2025-12-18T17:48:17.689564,2,-5.859799600785023,-0.7402440638242247,-2.195337206404457,1283.0,2355.0,5.0,198278.0,1.0,117141.0,19702.0
2025-12-18T17:48:17.789559,3,-5.867083415687783,-0.749966381864617,-2.1693752803832482,1240.0,2119.0,4.0,236033.0,1.0,122659.0,22697.0
2025-12-18T17:48:17.888973,4,-5.874310879544091,-0.759971527601425,-2.145372808421708,1161.0,1717.0,4.0,244572.0,1.0,185992.0,28803.0
2025-12-18T17:48:17.994165,5,-5.8804227768357675,-0.7702514801523783,-2.124192035878847,1082.0,1346.0,4.0,231994.0,1.0,177865.0,27967.0
2025-12-18T17:48:18.489004,0,-5.899305751606004,-0.8389383339055105,-1.9720349672032913,1161.0,1716.0,4.0,213967.0,1.0,165326.0,26234.0
2025-12-18T17:48:18.591138,1,-5.905005808387791,-0.849344655945313,-1.9384373159602286,1291.0,2399.0,5.0,174762.0,1.0,158156.0,21290.0
2025-12-18T17:48:18.692256,2,-5.90961040096418,-0.8617216165947261,-1.9149123848779892,1261.0,2232.0,5.0,200098.0,1.0,118256.0,20134.0
2025-12-18T17:48:18.790112,3,-5.9131659710786995,-0.8747259695942637,-1.8947433383527084,1232.0,2076.0,4.0,244324.0,1.0,123033.0,22882.0
2025-12-18T17:48:18.890108,4,-5.916727933583486,-0.8865239387746997,-1.869940586510037,1166.0,1744.0,4.0,239818.0,1.0,183367.0,28628.0
2025-12-18T17:48:18.991887,5,-5.920606183778034,-0.8982552472017651,-1.8388419477733315,1081.0,1338.0,4.0,230663.0,1.0,177025.0,28034.0
2025-12-18T17:48:19.489583,0,-5.9239523236167235,-0.9614610505858789,-1.6951251045449776,1149.0,1659.0,4.0,219097.0,1.0,162772.0,26583.0
2025-12-18T17:48:19.590142,1,-5.925482841805548,-0.9734663495840228,-1.6653059140697064,1291.0,2395.0,5.0,174881.0,1.0,158531.0,21305.0
2025-12-18T17:48:19.690799,2,-5.9275135928937095,-0.9855306962308359,-1.6379531792688373,1267.0,2268.0,5.0,201048.0,1.0,119382.0,20005.0
2025-12-18T17:48:19.790691,3,-5.929044723286508,-0.9984585573349443,-1.6131194326066451,1233.0,2085.0,4.0,235714.0,1.0,122327.0,22843.0
2025-12-18T17:48:19.889550,4,-5.928267182281682,-1.0105423292932962,-1.5886010852893406,1150.0,1662.0,4.0,246901.0,1.0,187255.0,29176.0
2025-12-18T17:48:19.993015,5,-5.924936885596874,-1.0191733245412373,-1.5508446800351026,1073.0,1304.0,4.0,230663.0,1.0,182068.0,28310.0
2025-12-18T17:48:20.489606,0,-5.911286262284969,-1.0737251849434077,-1.4372167460594665,1137.0,1603.0,4.0,218061.0,1.0,163933.0,26945.0
2025-12-18T17:48:20.589811,1,-5.909219752459198,-1.086116398311603,-1.434244530510061,1287.0,2375.0,5.0,172646.0,1.0,158371.0,21377.0
2025-12-18T17:48:20.690396,2,-5.908355658934501,-1.0986410022912256,-1.4327536904268945,1250.0,2176.0,4.0,198010.0,1.0,119868.0,20339.0
2025-12-18T17:48:20.789986,3,-5.9065725750638,-1.1107963784717167,-1.4337456795830306,1228.0,2057.0,4.0,239655.0,1.0,123367.0,22967.0
2025-12-18T17:48:20.890787,4,-5.903454601100661,-1.1225339182691516,-1.4322400041141112,1129.0,1562.0,4.0,241365.0,1.0,189486.0,29896.0
2025-12-18T17:48:20.991877,5,-5.891771939029544,-1.1253526653055892,-1.4197393782226915,1067.0,1276.0,4.0,234838.0,1.0,180290.0,28551.0
2025-12-18T17:48:21.489182,0,-5.881535409603565,-1.1869986651072693,-1.415092483670504,1127.0,1551.0,4.0,217545.0,1.0,165606.0,27294.0
2025-12-18T17:48:21.590463,1,-5.880493594844491,-1.1993777059930504,-1.4123824667694203,1282.0,2347.0,5.0,175058.0,1.0,160855.0,21478.0
2025-12-18T17:48:21.689400,2,-5.877891573142271,-1.2120914452475389,-1.4148603351173556,1252.0,2185.0,4.0,201389.0,1.0,118657.0,20305.0
2025-12-18T17:48:21.791052,3,-5.8763654639587095,-1.2251752778444036,-1.4136210338045967,1225.0,2041.0,4.0,239493.0,1.0,123617.0,23037.0
2025-12-18T17:48:21.889215,4,-5.873778868695421,-1.2381100936753024,-1.4143950822866989,1144.0,1635.0,4.0,248409.0,1.0,188144.0,29364.0
2025-12-18T17:48:21.989554,5,-5.87184304925834,-1.2509491173454799,-1.4139017779903804,1066.0,1274.0,4.0,234917.0,1.0,180656.0,28570.0
2025-12-18T17:48:22.490704,0,-5.861782919178214,-1.3147928098108892,-1.4188943413291082,1132.0,1578.0,4.0,221108.0,1.0,165606.0,27110.0
2025-12-18T17:48:22.590202,1,-5.860076230590931,-1.3268034629024164,-1.4156621743852156,1277.0,2320.0,5.0,177565.0,1.0,161674.0,21580.0
2025-12-18T17:48:22.690729,2,-5.858891280863297,-1.3393649632844666,-1.4176498788942147,1242.0,2131.0,4.0,203582.0,1.0,118898.0,20512.0
2025-12-18T17:48:22.791837,3,-5.856355398195927,-1.3512398198821818,-1.4208466110298905,1221.0,2019.0,4.0,238119.0,1.0,124289.0,23139.0
2025-12-18T17:48:22.889787,4,-5.855583027982405,-1.3636375843335435,-1.4196237727184995,1136.0,1596.0,4.0,247905.0,1.0,190322.0,29644.0
2025-12-18T17:48:22.990633,5,-5.84908339058075,-1.3678146125331851,-1.417749090473592,1056.0,1229.0,4.0,238927.0,1.0,182376.0,28960.0
2025-12-18T17:48:23.489917,0,-5.8277594777852,-1.4102236140911657,-1.405484215409245,1138.0,1607.0,4.0,219097.0,1.0,164600.0,26918.0
2025-12-18T17:48:23.590459,1,-5.8259688060227885,-1.423372785366782,-1.4012897434128808,1259.0,2221.0,5.0,178106.0,1.0,159716.0,21963.0
2025-12-18T17:48:23.689561,2,-5.822966469965959,-1.436459342610708,-1.4037775223202178,1240.0,2120.0,4.0,200098.0,1.0,120397.0,20554.0
2025-12-18T17:48:23.791401,3,-5.820991900405058,-1.44922028845383,-1.401801085741914,1214.0,1983.0,4.0,242019.0,1.0,124626.0,23304.0
2025-12-18T17:48:23.890017,4,-5.817987385827292,-1.4612528375781872,-1.4027995401259414,1134.0,1587.0,4.0,242593.0,1.0,189230.0,29714.0
2025-12-18T17:48:23.990602,5,-5.8168355121646815,-1.473387545214659,-1.401584237024195,1046.0,1185.0,4.0,238442.0,1.0,186812.0,29364.0
2025-12-18T17:48:24.489602,0,-5.806200614518807,-1.5364252807600325,-1.40500124884832,1129.0,1562.0,4.0,220958.0,1.0,165047.0,27220.0
2025-12-18T17:48:24.590046,1,-5.804192296431567,-1.5489948152859707,-1.4040089508499256,1284.0,2359.0,5.0,177144.0,1.0,160855.0,21435.0
2025-12-18T17:48:24.691859,2,-5.802044714423062,-1.5620419368972902,-1.4037552815013252,1234.0,2092.0,4.0,204687.0,1.0,120560.0,20665.0
2025-12-18T17:48:24.791864,3,-5.79916212769124,-1.5745828540498605,-1.4027604359426475,1219.0,2008.0,4.0,238603.0,1.0,126196.0,23186.0
2025-12-18T17:48:24.890412,4,-5.797221113007788,-1.5876920517897313,-1.400768705788337,1124.0,1539.0,4.0,247319.0,1.0,189422.0,30068.0
2025-12-18T17:48:24.989337,5,-5.795461066391034,-1.5997224412893045,-1.4047200987530497,1060.0,1248.0,4.0,239655.0,1.0,181637.0,28793.0
2025-12-18T17:48:25.488609,0,-5.7665469517087455,-1.6486568461317548,-1.3871416066791873,1144.0,1634.0,4.0,218726.0,1.0,165718.0,26736.0
2025-12-18T17:48:25.591484,1,-5.763962198419534,-1.660761746472657,-1.3898822826991837,1277.0,2319.0,5.0,175592.0,1.0,162883.0,21580.0
2025-12-18T17:48:25.691693,2,-5.761361455200118,-1.673170324636077,-1.3896401444558113,1236.0,2098.0,4.0,202757.0,1.0,122369.0,20637.0
2025-12-18T17:48:25.791686,4,-5.759097155170741,-1.685851937648792,-1.39234430495295,1115.0,1498.0,4.0,245401.0,1.0,191032.0,30385.0
2025-12-18T17:48:25.890626,5,-5.756608226941288,-1.6980909256771586,-1.3923260768292007,1045.0,1183.0,4.0,238927.0,1.0,183802.0,29384.0
2025-12-18T17:48:26.489901,0,-5.744195007858356,-1.7728090785578612,-1.3952782117645934,1134.0,1586.0,4.0,219542.0,1.0,168832.0,27055.0
2025-12-18T17:48:26.590519,1,-5.743021932624959,-1.7851420581621653,-1.3935378107609824,1261.0,2234.0,5.0,181760.0,1.0,163601.0,21912.0
2025-12-18T17:48:26.690951,2,-5.740549722042999,-1.7975734222154012,-1.3952686701337873,1222.0,2025.0,4.0,201730.0,1.0,119949.0,20933.0
2025-12-18T17:48:26.791085,3,-5.738147872717474,-1.8105820871476217,-1.3947808930721155,1220.0,2017.0,4.0,242675.0,1.0,127053.0,23146.0
2025-12-18T17:48:26.890457,4,-5.736036382207754,-1.8234780910488597,-1.3958008153060515,1127.0,1555.0,4.0,254279.0,1.0,192199.0,29946.0
2025-12-18T17:48:26.991513,5,-5.733961967583115,-1.8358702727920901,-1.3977604648162305,1048.0,1195.0,4.0,242758.0,1.0,187128.0,29275.0
2025-12-18T17:48:27.489977,0,-5.705341864651264,-1.8900383984863112,-1.3946825293928327,1134.0,1587.0,4.0,220958.0,1.0,165943.0,27046.0
2025-12-18T17:48:27.588820,1,-5.702105146776521,-1.9025110121512938,-1.3954211993567345,1273.0,2296.0,5.0,177204.0,1.0,162058.0,21668.0
2025-12-18T17:48:27.688825,2,-5.699931304095719,-1.91560850317786,-1.3961599078875813,1233.0,2082.0,4.0,203789.0,1.0,120519.0,20700.0
2025-12-18T17:48:27.790872,3,-5.697097357675179,-1.927788799534536,-1.3946684759721308,1205.0,1938.0,4.0,239169.0,1.0,125685.0,23518.0
2025-12-18T17:48:27.888978,4,-5.69531088976188,-1.94023433971413,-1.39394682632299,1134.0,1585.0,4.0,250775.0,1.0,192394.0,29724.0
2025-12-18T17:48:27.988973,5,-5.692755598154012,-1.9526843019843012,-1.395676512311488,1052.0,1211.0,4.0,243828.0,1.0,184612.0,29127.0
2025-12-18T17:48:28.490718,0,-5.68174127941767,-2.015808646689994,-1.3932160977668477,1125.0,1541.0,4.0,218209.0,1.0,168832.0,27359.0
2025-12-18T17:48:28.590827,2,-5.679505411050013,-2.029340190276735,-1.3952114674345,1241.0,2126.0,4.0,203032.0,1.0,122079.0,20526.0
2025-12-18T17:48:28.691309,3,-5.676823386555496,-2.041805390623061,-1.3961654902740048,1210.0,1966.0,4.0,237234.0,1.0,126281.0,23383.0
2025-12-18T17:48:28.790802,5,-5.675537081680309,-2.0542489472296817,-1.396420305407657,1045.0,1180.0,4.0,238765.0,1.0,187445.0,29414.0
2025-12-18T17:48:29.489996,0,-5.618932523492161,-2.143869714985242,-1.36006654666291,1126.0,1550.0,4.0,221557.0,1.0,167353.0,27294.0
2025-12-18T17:48:29.589216,1,-5.615555795978029,-2.1564619741850235,-1.3585867345443754,1266.0,2262.0,5.0,178106.0,1.0,162497.0,21801.0
2025-12-18T17:48:29.689625,2,-5.613184235731924,-2.1691424400482475,-1.3627958684313364,1237.0,2107.0,4.0,205799.0,1.0,122950.0,20602.0
2025-12-18T17:48:29.790015,3,-5.610311047285212,-2.181354068661837,-1.3593277922641167,1200.0,1915.0,4.0,244158.0,1.0,125514.0,23629.0
2025-12-18T17:48:29.889928,4,-5.608522151425846,-2.1940022463241693,-1.3610774142409798,1125.0,1542.0,4.0,248999.0,1.0,191355.0,30048.0
2025-12-18T17:48:29.990881,5,-5.605759621453125,-2.206269794145438,-1.3603470834645377,1054.0,1222.0,4.0,241774.0,1.0,187572.0,29018.0
2025-12-18T17:48:30.490507,0,-5.59226273401012,-2.267599361617272,-1.3552117923592935,1130.0,1565.0,4.0,221333.0,1.0,164823.0,27193.0
2025-12-18T17:48:30.588840,1,-5.589503621049475,-2.2796388348938637,-1.35892331362961,1290.0,2392.0,5.0,177144.0,1.0,163269.0,21312.0
2025-12-18T17:48:30.693042,3,-5.586398476015927,-2.2921917323944347,-1.3549691825948829,1213.0,1979.0,4.0,238603.0,1.0,126881.0,23319.0
2025-12-18T17:48:30.790156,4,-5.583713334533549,-2.30510413767471,-1.357208013934316,1123.0,1533.0,4.0,256093.0,1.0,193964.0,30109.0
2025-12-18T17:48:30.890226,5,-5.580973855892769,-2.317309863164269,-1.3582005680734004,1039.0,1158.0,4.0,245152.0,1.0,187065.0,29624.0
2025-12-18T17:48:31.489093,0,-5.538392617158069,-2.382583550055683,-1.3315797760461678,1144.0,1635.0,4.0,219616.0,1.0,167353.0,26727.0
2025-12-18T17:48:31.589610,1,-5.535135685662427,-2.3952540117761565,-1.3283444661116586,1282.0,2346.0,5.0,176785.0,1.0,163601.0,21478.0
2025-12-18T17:48:31.689641,2,-5.532352649625105,-2.407179066938264,-1.331565348312135,1243.0,2137.0,4.0,202825.0,1.0,121708.0,20484.0
2025-12-18T17:48:31.790415,3,-5.529556464943566,-2.4194037188604653,-1.3285979940412642,1220.0,2014.0,4.0,241120.0,1.0,126025.0,23154.0
2025-12-18T17:48:31.888546,4,-5.526871424704383,-2.4317011044084493,-1.3308170290056336,1121.0,1524.0,4.0,250860.0,1.0,193177.0,30180.0
2025-12-18T17:48:31.990908,5,-5.524050853774585,-2.4435788984712614,-1.3253567508357216,1050.0,1203.0,4.0,237717.0,1.0,184612.0,29196.0
2025-12-18T17:48:32.489863,0,-5.510885433867529,-2.5055606137978694,-1.323111830157274,1155.0,1690.0,4.0,220137.0,1.0,163048.0,26386.0
2025-12-18T17:48:32.589319,1,-5.506855440424574,-2.5183097224452853,-1.3287961267383068,1316.0,2539.0,5.0,175474.0,1.0,162717.0,20799.0
2025-12-18T17:48:32.690020,2,-5.504437726606376,-2.5306207280454966,-1.3250840333250289,1248.0,2164.0,4.0,201525.0,1.0,121666.0,20381.0
2025-12-18T17:48:32.790969,3,-5.50092176174137,-2.543149582575939,-1.3290042193456173,1247.0,2158.0,4.0,238523.0,1.0,123116.0,22521.0
2025-12-18T17:48:32.890543,4,-5.497732712235692,-2.5554764721657808,-1.3287737590108546,1142.0,1623.0,4.0,251029.0,1.0,190967.0,29444.0
2025-12-18T17:48:32.990148,5,-5.495261975920215,-2.5678615239147264,-1.329758783885353,1044.0,1178.0,4.0,245401.0,1.0,186685.0,29424.0
2025-12-18T17:48:33.492295,1,-5.457713629697473,-2.632087098958473,-1.3098671832421274,1315.0,2533.0,5.0,173760.0,1.0,161565.0,20820.0
2025-12-18T17:48:33.589057,2,-5.454403245808347,-2.6445030108269227,-1.3118551180798241,1257.0,2212.0,5.0,198614.0,1.0,120152.0,20202.0
2025-12-18T17:48:33.690906,3,-5.451023015328526,-2.6565163202374658,-1.312859131697793,1253.0,2191.0,4.0,235395.0,1.0,123743.0,22384.0
2025-12-18T17:48:33.789846,4,-5.447810298603276,-2.6692421156236126,-1.3121184810220192,1139.0,1612.0,4.0,250520.0,1.0,193308.0,29524.0
2025-12-18T17:48:33.889578,5,-5.444846582026424,-2.681389008465393,-1.314813243107592,1051.0,1209.0,4.0,236193.0,1.0,187636.0,29137.0
2025-12-18T17:48:34.492557,0,-5.426821740289659,-2.755249473856418,-1.3108940348262539,1161.0,1716.0,4.0,216297.0,1.0,165718.0,26226.0
2025-12-18T17:48:34.590788,1,-5.423042543786339,-2.766912211095069,-1.3128513658297227,1308.0,2495.0,5.0,172296.0,1.0,161729.0,20947.0
2025-12-18T17:48:34.690733,2,-5.420257855658719,-2.779476301058078,-1.312111893917837,1247.0,2160.0,4.0,202346.0,1.0,120764.0,20394.0
2025-12-18T17:48:34.791070,3,-5.417126140555871,-2.7917022247699155,-1.31457922917843,1253.0,2189.0,4.0,242019.0,1.0,125599.0,22391.0
2025-12-18T17:48:34.888174,4,-5.414556750425633,-2.8038938764103545,-1.3138412564833128,1147.0,1651.0,4.0,252649.0,1.0,190515.0,29245.0
2025-12-18T17:48:34.990220,5,-5.411826925100492,-2.81622597527696,-1.3183143028926072,1046.0,1186.0,4.0,243993.0,1.0,184113.0,29354.0
2025-12-18T17:48:35.489599,0,-5.38481486972216,-2.88035652795772,-1.305867376489305,1160.0,1713.0,4.0,217545.0,1.0,163601.0,26243.0
2025-12-18T17:48:35.590611,1,-5.38169679836336,-2.893148818436395,-1.3076123748904762,1334.0,2642.0,5.0,173819.0,1.0,159500.0,20464.0
2025-12-18T17:48:35.690237,2,-5.377808024116104,-2.904868023877235,-1.3083257582650982,1257.0,2209.0,5.0,200573.0,1.0,122203.0,20209.0
2025-12-18T17:48:35.790866,3,-5.374622186048736,-2.917654702657348,-1.309109250572786,1242.0,2131.0,4.0,234520.0,1.0,124794.0,22635.0
2025-12-18T17:48:35.892083,4,-5.3706726547282955,-2.9296439132752896,-1.3083239490985192,1131.0,1572.0,4.0,249505.0,1.0,190644.0,29815.0
2025-12-18T17:48:35.990229,5,-5.367901872557773,-2.9415553566431782,-1.3076298856917037,1057.0,1234.0,4.0,240305.0,1.0,185301.0,28911.0
2025-12-18T17:48:36.489800,0,-5.351831879592433,-3.0022986794862234,-1.3063840959624733,1162.0,1723.0,4.0,215129.0,1.0,161565.0,26181.0
2025-12-18T17:48:36.589263,1,-5.347875374459735,-3.0137993540195502,-1.2881433327009915,1333.0,2633.0,5.0,168661.0,1.0,159177.0,20491.0
2025-12-18T17:48:36.690083,2,-5.344604129430834,-3.0258882213411606,-1.2641593038956664,1241.0,2127.0,4.0,199827.0,1.0,120805.0,20519.0
2025-12-18T17:48:36.791529,3,-5.3410152642313165,-3.038139552336194,-1.2409232056715978,1256.0,2209.0,5.0,239655.0,1.0,122659.0,22308.0
2025-12-18T17:48:36.891316,4,-5.335846570750437,-3.0494280517411836,-1.216196948160893,1134.0,1584.0,4.0,247822.0,1.0,192329.0,29724.0
2025-12-18T17:48:36.990694,5,-5.331154949964251,-3.0614938513059293,-1.190977646237184,1056.0,1231.0,4.0,239412.0,1.0,186307.0,28940.0
2025-12-18T17:48:37.487989,0,-5.293981059861455,-3.125710317407097,-1.1087604121851957,1155.0,1689.0,4.0,217545.0,1.0,162277.0,26386.0
2025-12-18T17:48:37.591423,1,-5.275387312934562,-3.1423239121185533,-1.0894259440680196,1328.0,2609.0,5.0,171830.0,1.0,156665.0,20568.0
2025-12-18T17:48:37.689807,2,-5.269320273841844,-3.1542394515768297,-1.0886788321443903,1266.0,2262.0,5.0,201389.0,1.0,120968.0,20018.0
2025-12-18T17:48:37.790470,3,-5.262556759569679,-3.1655320646663263,-1.089650790710348,1249.0,2167.0,4.0,235554.0,1.0,121625.0,22482.0
2025-12-18T17:48:37.890681,4,-5.25694220200603,-3.176780428567594,-1.0879233230577083,1143.0,1630.0,4.0,249083.0,1.0,189872.0,29394.0
2025-12-18T17:48:37.990907,5,-5.251160196413938,-3.1876000788537144,-1.0859366760712992,1053.0,1217.0,4.0,242429.0,1.0,182685.0,29068.0
2025-12-18T17:48:38.491295,0,-5.221133892606126,-3.2440008082586473,-1.085910993253584,1164.0,1730.0,4.0,216737.0,1.0,162277.0,26137.0
2025-12-18T17:48:38.588962,1,-5.2156456762845425,-3.2549416407101672,-1.0876345560198788,1328.0,2607.0,5.0,173114.0,1.0,159338.0,20575.0
2025-12-18T17:48:38.690419,2,-5.210300690175831,-3.2654138307127454,-1.0838782867840506,1267.0,2265.0,5.0,203444.0,1.0,120193.0,20005.0
2025-12-18T17:48:38.790223,3,-5.204582962955428,-3.276795244387455,-1.0693406979096005,1245.0,2147.0,4.0,237475.0,1.0,123450.0,22566.0
2025-12-18T17:48:38.889569,4,-5.197571555191017,-3.287309849354256,-1.04536188787111,1142.0,1623.0,4.0,252563.0,1.0,190000.0,29444.0
2025-12-18T17:48:39.490607,0,-5.15471240147191,-3.3506700837736156,-0.9074276356760045,1151.0,1666.0,4.0,214910.0,1.0,165606.0,26529.0
2025-12-18T17:48:39.589152,1,-5.140816113888455,-3.359310718175264,-0.8843603651937776,1302.0,2461.0,5.0,174172.0,1.0,161019.0,21061.0
2025-12-18T17:48:39.689924,2,-5.129627088723511,-3.3673559621894444,-0.8786850644236549,1232.0,2081.0,4.0,202825.0,1.0,120928.0,20700.0
2025-12-18T17:48:39.791492,3,-5.1213614760959345,-3.3771171643712954,-0.8764561513846706,1227.0,2051.0,4.0,240224.0,1.0,125006.0,22983.0
2025-12-18T17:48:39.890269,4,-5.1137435007636824,-3.3871353715914285,-0.8744927319215238,1129.0,1564.0,4.0,248578.0,1.0,192329.0,29875.0
2025-12-18T17:48:39.991323,5,-5.1053082473726,-3.397164646643521,-0.8762092997621075,1054.0,1221.0,4.0,236113.0,1.0,183057.0,29028.0
2025-12-18T17:48:40.489828,0,-5.065271756673106,-3.446070958609999,-0.8752818672951219,1147.0,1649.0,4.0,217913.0,1.0,162552.0,26637.0
2025-12-18T17:48:40.590488,1,-5.056855731785859,-3.456382069041524,-0.8755337322906478,1299.0,2441.0,5.0,177084.0,1.0,158156.0,21132.0
2025-12-18T17:48:40.690173,2,-5.048101573065805,-3.4655456029492093,-0.8770153500077158,1248.0,2163.0,4.0,204203.0,1.0,121625.0,20381.0
2025-12-18T17:48:40.790914,3,-5.039837009373967,-3.4756467029432567,-0.8794885132207395,1227.0,2051.0,4.0,238119.0,1.0,125345.0,22983.0
2025-12-18T17:48:40.888657,4,-5.031867451825878,-3.48451985979548,-0.8760062306772093,1132.0,1576.0,4.0,253677.0,1.0,191226.0,29785.0
2025-12-18T17:48:40.989713,5,-5.023737093819658,-3.4943359711751523,-0.876255434596183,1049.0,1198.0,4.0,241038.0,1.0,183118.0,29235.0
2025-12-18T17:48:41.491761,0,-4.9797402861413165,-3.5423252049330802,-0.8789131529523997,1137.0,1601.0,4.0,221108.0,1.0,165887.0,26945.0
2025-12-18T17:48:41.590080,1,-4.970886802171181,-3.553199462496438,-0.8859536811093887,1287.0,2376.0,5.0,176606.0,1.0,161237.0,21362.0
2025-12-18T17:48:41.689490,2,-4.941958011829762,-3.5839758807248216,-0.8897909378044745,1238.0,2112.0,4.0,202620.0,1.0,121996.0,20575.0
2025-12-18T17:48:41.789805,3,-4.928006997135727,-3.6001121556122486,-0.9058640128510875,1218.0,2003.0,4.0,236433.0,1.0,128219.0,23201.0
2025-12-18T17:48:41.890514,4,-4.920961552540904,-3.6110059663316063,-0.9332054215043373,1137.0,1600.0,4.0,249420.0,1.0,194095.0,29604.0
2025-12-18T17:48:41.989688,5,-4.914187183741867,-3.621561350847151,-0.9643994454996173,1046.0,1184.0,4.0,241365.0,1.0,187192.0,29364.0
2025-12-18T17:48:42.489939,0,-4.880324782082687,-3.6738406455599657,-0.9985332230961346,1133.0,1582.0,4.0,220510.0,1.0,165047.0,27073.0
2025-12-18T17:48:42.590115,1,-4.873378220545272,-3.6848181822655617,-1.0004948778639673,1280.0,2337.0,5.0,175296.0,1.0,161455.0,21507.0
2025-12-18T17:48:42.689577,2,-4.86601975556606,-3.695360145614978,-0.995084154797011,1225.0,2041.0,4.0,204065.0,1.0,120601.0,20862.0
2025-12-18T17:48:42.790779,3,-4.8589294752873045,-3.706465217767268,-0.9970811971838137,1213.0,1979.0,4.0,245650.0,1.0,126624.0,23312.0
2025-12-18T17:48:42.889882,4,-4.852372941206023,-3.716796297351091,-0.9965884291283076,1122.0,1531.0,4.0,249843.0,1.0,191096.0,30119.0
2025-12-18T17:48:42.990966,5,-4.846380411125481,-3.7276462111349646,-0.9995659971007484,1042.0,1169.0,4.0,237958.0,1.0,184612.0,29514.0
2025-12-18T17:48:43.488829,0,-4.81170317960135,-3.781935262587827,-0.9975112172251953,1131.0,1574.0,4.0,221333.0,1.0,164991.0,27128.0
2025-12-18T17:48:43.589537,1,-4.805332954792103,-3.7922126430724257,-0.9937859322546296,1274.0,2302.0,5.0,175711.0,1.0,162772.0,21639.0
2025-12-18T17:48:43.688876,2,-4.797458934505496,-3.8028106815405858,-0.9963345192453692,1238.0,2112.0,4.0,208181.0,1.0,121296.0,20575.0
2025-12-18T17:48:43.792074,3,-4.787756501981843,-3.813167460394726,-0.9867821416888175,1214.0,1986.0,4.0,241202.0,1.0,125345.0,23280.0
2025-12-18T17:48:43.889863,4,-4.780205194223249,-3.823998717638519,-0.9892400367781417,1132.0,1578.0,4.0,252393.0,1.0,192655.0,29764.0
2025-12-18T17:48:43.990105,5,-4.772712028283026,-3.8348199355039867,-0.9899654424318374,1037.0,1146.0,4.0,242840.0,1.0,186685.0,29734.0
2025-12-18T17:48:44.490472,0,-4.737475614651197,-3.8862603383559513,-0.9338679084389717,1120.0,1520.0,4.0,219765.0,1.0,168775.0,27498.0
2025-12-18T17:48:44.590237,1,-4.729644460150336,-3.8963244406273123,-0.9051954561334911,1261.0,2235.0,5.0,176188.0,1.0,164211.0,21897.0
2025-12-18T17:48:44.690625,2,-4.721175535061033,-3.9061600791845628,-0.8814298921664678,1237.0,2103.0,4.0,207056.0,1.0,121461.0,20609.0
2025-12-18T17:48:44.789293,3,-4.713119384705065,-3.916295228404719,-0.8545407339980942,1200.0,1913.0,4.0,246233.0,1.0,127873.0,23629.0
2025-12-18T17:48:44.889198,4,-4.706157834729003,-3.9251145675702013,-0.8224002343987281,1106.0,1455.0,4.0,252649.0,1.0,192785.0,30727.0
2025-12-18T17:48:44.990859,5,-4.696449900348581,-3.9340823798844013,-0.7999015547925659,1038.0,1153.0,4.0,239250.0,1.0,185113.0,29664.0
2025-12-18T17:48:45.490115,0,-4.648041311177001,-3.9756963296475316,-0.6794833711599423,1120.0,1520.0,4.0,224273.0,1.0,166055.0,27498.0
2025-12-18T17:48:45.590463,1,-4.638151853119574,-3.9840395456167332,-0.6557783311706779,1274.0,2302.0,5.0,178227.0,1.0,161619.0,21639.0
2025-12-18T17:48:45.689800,2,-4.628359765006695,-3.9915598478461316,-0.6301207014681838,1225.0,2040.0,4.0,205938.0,1.0,121873.0,20862.0
2025-12-18T17:48:45.790660,3,-4.624515578221141,-3.9953158812922247,-0.6103101692495339,1204.0,1933.0,4.0,239980.0,1.0,127010.0,23534.0
2025-12-18T17:48:45.889010,4,-4.633826066820035,-3.9924248552748933,-0.6010478601564171,1129.0,1560.0,4.0,254107.0,1.0,193636.0,29896.0
2025-12-18T17:48:45.992466,5,-4.623354331944466,-3.999470638668881,-0.5752067420541873,1038.0,1151.0,4.0,241283.0,1.0,186433.0,29684.0
2025-12-18T17:48:46.489091,0,-4.567299221393857,-4.029742852670611,-0.44412566555120586,1112.0,1484.0,4.0,222459.0,1.0,163601.0,27760.0
2025-12-18T17:48:46.589795,2,-4.556015027267741,-4.035176869591102,-0.41032869795805976,1212.0,1972.0,4.0,207127.0,1.0,122950.0,21146.0
2025-12-18T17:48:46.690010,3,-4.546273396353217,-4.0389205322262605,-0.3786610066250042,1205.0,1937.0,4.0,241447.0,1.0,126924.0,23510.0
2025-12-18T17:48:46.790307,4,-4.5407285754585,-4.034973294150566,-0.34984367671142647,1111.0,1479.0,4.0,253505.0,1.0,195943.0,30530.0
2025-12-18T17:48:46.890444,5,-4.529516589270662,-4.03768530397384,-0.32527149422073454,1044.0,1178.0,4.0,244903.0,1.0,187065.0,29424.0
2025-12-18T17:48:47.490300,0,-4.461260667308107,-4.051641316726603,-0.1798775702477083,1130.0,1568.0,4.0,219542.0,1.0,167127.0,27165.0
2025-12-18T17:48:47.590677,1,-4.461308398812463,-4.040615086118219,-0.1461589798062945,1260.0,2226.0,5.0,178589.0,1.0,164155.0,21934.0
2025-12-18T17:48:47.689625,2,-4.448742947640753,-4.042594616823585,-0.119188098584085,1244.0,2140.0,4.0,205938.0,1.0,122244.0,20464.0
2025-12-18T17:48:47.791842,3,-4.436029531597914,-4.04493135282185,-0.10018745581648456,1218.0,2006.0,4.0,244655.0,1.0,127743.0,23186.0
2025-12-18T17:48:47.888937,4,-4.424277730179305,-4.045355932641851,-0.09205286535625479,1113.0,1486.0,4.0,255314.0,1.0,195347.0,30468.0
2025-12-18T17:48:47.992475,5,-4.412437223014263,-4.0469746260093995,-0.09080793925414823,1035.0,1140.0,4.0,242019.0,1.0,187636.0,29785.0
2025-12-18T17:48:48.489484,0,-4.370218279232618,-4.046467899521638,-0.09854360733806368,1112.0,1485.0,4.0,222384.0,1.0,167580.0,27751.0
2025-12-18T17:48:48.591278,1,-4.357503501190265,-4.047477692092557,-0.09780337651077647,1274.0,2305.0,5.0,178589.0,1.0,162662.0,21624.0
2025-12-18T17:48:48.689022,2,-4.344709064816627,-4.049203052973437,-0.09630924717556737,1267.0,2268.0,5.0,202757.0,1.0,120519.0,19991.0
2025-12-18T17:48:48.791513,4,-4.331578019173017,-4.050225419891256,-0.09556545867867808,1113.0,1489.0,4.0,255314.0,1.0,193767.0,30447.0
2025-12-18T17:48:48.891006,5,-4.319080143744522,-4.0516182303160955,-0.09554588375380779,1036.0,1141.0,4.0,246901.0,1.0,187953.0,29775.0
2025-12-18T17:48:49.489203,0,-4.2437454754865165,-4.058982730346414,-0.08909468734601736,1127.0,1554.0,4.0,220884.0,1.0,166449.0,27257.0
2025-12-18T17:48:49.591050,1,-4.232465369108313,-4.060949245145895,-0.08902411707107626,1271.0,2286.0,5.0,176188.0,1.0,163656.0,21697.0
2025-12-18T17:48:49.691410,2,-4.219574455571337,-4.0617080429724615,-0.08953430888251422,1265.0,2256.0,5.0,203789.0,1.0,121420.0,20032.0
2025-12-18T17:48:49.792118,3,-4.206667850691126,-4.0628368920604165,-0.09020667595438499,1229.0,2064.0,4.0,245650.0,1.0,125855.0,22920.0
2025-12-18T17:48:49.889054,4,-4.193285868139332,-4.063518451525339,-0.08797041087977545,1111.0,1478.0,4.0,250012.0,1.0,197274.0,30530.0
2025-12-18T17:48:49.988429,5,-4.180510470299456,-4.064843722853133,-0.08798214441173084,1027.0,1106.0,4.0,242758.0,1.0,188974.0,30129.0
2025-12-18T17:48:50.492095,0,-4.116241089959962,-4.071382960966512,-0.09442053571451699,1131.0,1570.0,4.0,221333.0,1.0,167636.0,27147.0
2025-12-18T17:48:50.590212,1,-4.105795059208929,-4.068955673550924,-0.09048492345122106,1265.0,2253.0,5.0,177745.0,1.0,164322.0,21823.0
2025-12-18T17:48:50.690187,3,-4.107184359477654,-4.044191567341168,-0.06549490894211744,1240.0,2118.0,4.0,246483.0,1.0,125727.0,22681.0
2025-12-18T17:48:50.789176,4,-4.096865378583642,-4.039761435981064,-0.06510965132884858,1133.0,1580.0,4.0,255833.0,1.0,194358.0,29744.0
2025-12-18T17:48:50.891819,5,-4.083865181031079,-4.039890332233619,-0.060376830854973036,1034.0,1136.0,4.0,247570.0,1.0,188782.0,29825.0
2025-12-18T17:48:51.493674,0,-4.00797179540721,-4.043412551107331,-0.06064648338114814,1128.0,1560.0,4.0,219914.0,1.0,165775.0,27220.0
2025-12-18T17:48:51.590285,1,-3.995305594585501,-4.044254057414084,-0.056688165003000904,1282.0,2347.0,5.0,177084.0,1.0,161948.0,21464.0
2025-12-18T17:48:51.688846,2,-3.9828103798159087,-4.044687944017304,-0.060161977777976924,1266.0,2260.0,5.0,201457.0,1.0,120682.0,20018.0
2025-12-18T17:48:51.794306,3,-3.9697103816441213,-4.045144161011234,-0.059428964453061416,1224.0,2038.0,4.0,239412.0,1.0,124120.0,23037.0
2025-12-18T17:48:51.889547,4,-3.957727229373115,-4.045425092990063,-0.05868655052446931,1140.0,1616.0,4.0,254107.0,1.0,193570.0,29484.0
2025-12-18T17:48:51.991119,5,-3.9449436889898983,-4.047311112018169,-0.05621453609423976,1032.0,1127.0,4.0,245734.0,1.0,188144.0,29916.0
2025-12-18T17:48:52.489311,1,-3.881918971692209,-4.050741590403654,-0.05595823748104138,1313.0,2522.0,5.0,173114.0,1.0,162058.0,20848.0
2025-12-18T17:48:52.590797,2,-3.868975949836191,-4.051289933269268,-0.05746380303256175,1249.0,2170.0,4.0,202346.0,1.0,120234.0,20346.0
2025-12-18T17:48:52.688752,3,-3.8556308297313002,-4.052131172417261,-0.05352385232471943,1240.0,2124.0,4.0,244158.0,1.0,125599.0,22658.0
2025-12-18T17:48:52.793398,4,-3.843130691819432,-4.052429398260162,-0.057491833128025624,1131.0,1572.0,4.0,252563.0,1.0,196607.0,29805.0
2025-12-18T17:48:52.889460,5,-3.8356923899292363,-4.023497066161102,-0.03702762005468469,1040.0,1161.0,4.0,242840.0,1.0,189102.0,29584.0
2025-12-18T17:48:53.491306,0,-3.7617595159231842,-4.015642239088814,-0.03302487013213245,1140.0,1617.0,4.0,217545.0,1.0,167523.0,26836.0
2025-12-18T17:48:53.590746,1,-3.7492111171910745,-4.016179701447534,-0.030297325569241907,1320.0,2559.0,5.0,174113.0,1.0,160638.0,20721.0
2025-12-18T17:48:53.689526,2,-3.7360503628793573,-4.016165185206727,-0.03252653782768189,1258.0,2216.0,5.0,200641.0,1.0,121873.0,20175.0
2025-12-18T17:48:53.790563,3,-3.723484849147657,-4.016175463077381,-0.029054870619387878,1239.0,2116.0,4.0,240305.0,1.0,124247.0,22689.0
2025-12-18T17:48:53.888844,4,-3.7103573291358183,-4.016366435682004,-0.029552201861230976,1122.0,1528.0,4.0,253505.0,1.0,194226.0,30140.0
2025-12-18T17:48:53.990078,5,-3.6978298116359105,-4.016472809873759,-0.023350174669737683,1041.0,1166.0,4.0,246650.0,1.0,189743.0,29534.0
2025-12-18T17:48:54.490387,0,-3.633708563996955,-4.016795089873504,-0.029557178007290744,1130.0,1567.0,4.0,220884.0,1.0,167466.0,27165.0
2025-12-18T17:48:54.591131,1,-3.621171325708711,-4.016798939407419,-0.02901198573576707,1304.0,2469.0,5.0,175652.0,1.0,161784.0,21025.0
2025-12-18T17:48:54.689826,2,-3.6086434074460634,-4.01677662749008,-0.028528073224070066,1250.0,2174.0,4.0,199220.0,1.0,119423.0,20332.0
2025-12-18T17:48:54.792798,3,-3.595759145862078,-4.016965171026198,-0.031012913201058506,1243.0,2139.0,4.0,236513.0,1.0,124120.0,22589.0
2025-12-18T17:48:54.890759,4,-3.5835519684250126,-4.017436899250164,-0.031017514758997118,1122.0,1529.0,4.0,253248.0,1.0,196874.0,30129.0
2025-12-18T17:48:54.991413,5,-3.5706677804457247,-4.017756600253843,-0.033994469113035525,1038.0,1152.0,4.0,241365.0,1.0,191615.0,29664.0
2025-12-18T17:48:55.491198,0,-3.527503848920898,-3.989684281904249,-0.024680090816335116,1135.0,1591.0,4.0,218504.0,1.0,167070.0,27009.0
2025-12-18T17:48:55.592171,1,-3.515198126513344,-3.9899441083341918,-0.027411011346520714,1293.0,2406.0,5.0,177025.0,1.0,162938.0,21247.0
2025-12-18T17:48:55.688032,2,-3.5018795588496685,-3.990740528953398,-0.02617713207769428,1246.0,2152.0,4.0,204134.0,1.0,121420.0,20415.0
2025-12-18T17:48:55.788748,3,-3.4897642847286776,-3.9907616941303603,-0.02518983016744577,1221.0,2022.0,4.0,240875.0,1.0,126196.0,23107.0
2025-12-18T17:48:55.890643,4,-3.476525194565351,-3.991678444741644,-0.02567744690273515,1124.0,1538.0,4.0,258619.0,1.0,195943.0,30058.0
2025-12-18T17:48:55.991744,5,-3.4628171011094304,-3.9919184642975027,-0.024186556078245734,1040.0,1161.0,4.0,244406.0,1.0,189102.0,29584.0
2025-12-18T17:48:56.490698,0,-3.4000391729657298,-3.9942139088887663,-0.02690791253147578,1119.0,1517.0,4.0,222459.0,1.0,168490.0,27517.0
2025-12-18T17:48:56.591386,1,-3.387445870166592,-3.995086172428496,-0.025653652205831018,1253.0,2191.0,4.0,180901.0,1.0,163214.0,22068.0
2025-12-18T17:48:56.688849,2,-3.3747903062746047,-3.99483338638687,-0.02566474432732223,1225.0,2041.0,4.0,201389.0,1.0,122867.0,20855.0
2025-12-18T17:48:56.790270,3,-3.3621305625982996,-3.9951856778254173,-0.028621903523898148,1209.0,1958.0,4.0,241774.0,1.0,127570.0,23406.0
2025-12-18T17:48:56.891219,4,-3.3496410259674185,-3.9951494341190754,-0.02864319587369142,1104.0,1446.0,4.0,254623.0,1.0,200641.0,30789.0
2025-12-18T17:48:56.990970,5,-3.3370152903670696,-3.996627568044997,-0.04693013827205987,1035.0,1138.0,4.0,247654.0,1.0,190000.0,29805.0
2025-12-18T17:48:57.493855,0,-3.2805030268998396,-3.995724894486899,-0.13535807665456412,1128.0,1559.0,4.0,222158.0,1.0,166112.0,27220.0
2025-12-18T17:48:57.590517,1,-3.2678177579196928,-3.997561701164174,-0.13830850834897057,1246.0,2151.0,4.0,181760.0,1.0,165718.0,22233.0
2025-12-18T17:48:57.689704,2,-3.255309312138804,-3.999216193860156,-0.13977721722581304,1211.0,1969.0,4.0,205938.0,1.0,123952.0,21154.0
2025-12-18T17:48:57.791087,3,-3.2429411192755024,-4.001147058172237,-0.13878540197150496,1203.0,1928.0,4.0,241856.0,1.0,127786.0,23549.0
2025-12-18T17:48:57.890152,4,-3.230516276172507,-4.002793962892135,-0.1412666937017349,1114.0,1491.0,4.0,258007.0,1.0,196740.0,30427.0
2025-12-18T17:48:57.990516,5,-3.2177945743659446,-4.004275545305837,-0.14149220837717566,1033.0,1130.0,4.0,246400.0,1.0,190451.0,29886.0
2025-12-18T17:48:58.490369,0,-3.1537435118448625,-4.01248421381004,-0.14792899451121264,1097.0,1415.0,4.0,225186.0,1.0,170960.0,28272.0
2025-12-18T17:48:58.590921,1,-3.1417072935476607,-4.01371286360746,-0.1489065979743027,1241.0,2124.0,4.0,182191.0,1.0,166844.0,22346.0
2025-12-18T17:48:58.690177,2,-3.1286900490033642,-4.015653962256802,-0.14743426792155928,1231.0,2072.0,4.0,203720.0,1.0,122950.0,20728.0
2025-12-18T17:48:58.791267,3,-3.115860290371583,-4.016802590313758,-0.14939888180024932,1195.0,1888.0,4.0,248157.0,1.0,129835.0,23750.0
2025-12-18T17:48:58.890013,5,-3.1025046495280706,-4.018951960103837,-0.14915493363507756,1024.0,1091.0,4.0,248746.0,1.0,192525.0,30283.0
2025-12-18T17:48:59.490266,0,-3.026648729245796,-4.030256535563226,-0.15061353263056007,1107.0,1460.0,4.0,224273.0,1.0,169405.0,27930.0
2025-12-18T17:48:59.590377,1,-3.0170749831743633,-4.028604970915163,-0.1512095137244264,1223.0,2029.0,4.0,181453.0,1.0,170036.0,22758.0
2025-12-18T17:48:59.690870,2,-3.029886783192306,-3.995201669337856,-0.12086654955240131,1215.0,1987.0,4.0,211304.0,1.0,123827.0,21075.0
2025-12-18T17:48:59.790441,3,-3.019481167343376,-3.992886455569689,-0.1197055573375131,1192.0,1870.0,4.0,244572.0,1.0,128133.0,23838.0
2025-12-18T17:48:59.889431,4,-3.007022730533863,-3.9941579221367256,-0.11943496893821015,1106.0,1454.0,4.0,261789.0,1.0,196474.0,30727.0
2025-12-18T17:48:59.991472,5,-2.993346472854042,-3.9961237032090615,-0.11821304296620559,1024.0,1094.0,4.0,248999.0,1.0,190064.0,30252.0
2025-12-18T17:49:00.489741,0,-2.930635156272579,-4.003814610414155,-0.1223750409088053,1099.0,1421.0,4.0,224577.0,1.0,174172.0,28224.0
2025-12-18T17:49:00.590252,1,-2.918081048903784,-4.005478310435153,-0.11718626955565284,1228.0,2058.0,4.0,178650.0,1.0,170152.0,22627.0
2025-12-18T17:49:00.688667,2,-2.905065825135438,-4.0065364440806,-0.11966209628510352,1221.0,2019.0,4.0,206287.0,1.0,123534.0,20940.0
2025-12-18T17:49:00.789413,3,-2.892230143507006,-4.007793385056678,-0.11715178995975908,1173.0,1777.0,4.0,251284.0,1.0,130320.0,24327.0
2025-12-18T17:49:00.890843,4,-2.879139476434793,-4.009287541759489,-0.1203839475372989,1110.0,1473.0,4.0,256961.0,1.0,197742.0,30571.0
2025-12-18T17:49:00.990842,5,-2.8664643539251395,-4.010589397543814,-0.11863711786623866,1033.0,1130.0,4.0,247319.0,1.0,190000.0,29886.0
2025-12-18T17:49:01.489352,0,-2.8028786979728615,-4.0188412951946475,-0.1199160121012422,1102.0,1434.0,4.0,225720.0,1.0,171307.0,28119.0
2025-12-18T17:49:01.591774,1,-2.7903193322133903,-4.0200366586212635,-0.1226219880264089,1229.0,2062.0,4.0,181822.0,1.0,168034.0,22612.0
2025-12-18T17:49:01.689918,2,-2.778140605310143,-4.02227708698182,-0.11968328959215031,1215.0,1991.0,4.0,209099.0,1.0,123827.0,21061.0
2025-12-18T17:49:01.790387,3,-2.765699948588683,-4.023114217057451,-0.12414194577667084,1187.0,1846.0,4.0,247486.0,1.0,129835.0,23959.0
2025-12-18T17:49:01.889605,4,-2.7533653350740908,-4.025131117447797,-0.12165594150471211,1105.0,1450.0,4.0,256093.0,1.0,196940.0,30758.0
2025-12-18T17:49:02.490053,0,-2.695832597370801,-4.012651622739854,-0.09731642263135262,1098.0,1419.0,4.0,226792.0,1.0,172821.0,28234.0
2025-12-18T17:49:02.590273,1,-2.682964238113402,-4.013881518424942,-0.09335165021255218,1241.0,2127.0,4.0,184362.0,1.0,168490.0,22331.0
2025-12-18T17:49:02.690159,2,-2.6699103442436956,-4.0144493612144725,-0.09583449985564423,1210.0,1965.0,4.0,209666.0,1.0,124499.0,21168.0
2025-12-18T17:49:02.789282,3,-2.6566023430416204,-4.015809361658334,-0.09332968287290004,1188.0,1850.0,4.0,251455.0,1.0,130231.0,23935.0
2025-12-18T17:49:02.891201,4,-2.6439900559755927,-4.017113700176272,-0.09878517237200728,1119.0,1515.0,4.0,257222.0,1.0,195347.0,30232.0
2025-12-18T17:49:02.992805,5,-2.631425797032172,-4.018679558730772,-0.0955516805762848,1017.0,1063.0,4.0,247570.0,1.0,191874.0,30571.0
2025-12-18T17:49:03.490735,0,-2.567833666886621,-4.024703642860985,-0.09479679991106443,1098.0,1419.0,4.0,227870.0,1.0,173349.0,28234.0
2025-12-18T17:49:03.589592,1,-2.555800511350271,-4.026197167361174,-0.0940274851969215,1253.0,2190.0,4.0,180473.0,1.0,169175.0,22068.0
2025-12-18T17:49:03.689539,2,-2.542796993510216,-4.027554706374673,-0.09331093740506903,1224.0,2038.0,4.0,207688.0,1.0,125557.0,20862.0
2025-12-18T17:49:03.793365,3,-2.5298797818358043,-4.028249461151315,-0.09504671214645688,1191.0,1866.0,4.0,254193.0,1.0,130850.0,23854.0
2025-12-18T17:49:03.890002,4,-2.5166696021294976,-4.029632181987438,-0.09183743528645379,1110.0,1471.0,4.0,254623.0,1.0,198077.0,30581.0
2025-12-18T17:49:03.991338,5,-2.503756927533116,-4.030392360184191,-0.09358400536628336,1026.0,1101.0,4.0,247319.0,1.0,192264.0,30170.0
2025-12-18T17:49:04.490011,0,-2.454699106837465,-3.9842230536018572,-0.061294218200279395,1101.0,1430.0,4.0,225491.0,1.0,172004.0,28148.0
2025-12-18T17:49:04.588847,1,-2.441294803842581,-3.9848905999649844,-0.06055850057324886,1245.0,2146.0,4.0,180473.0,1.0,168604.0,22248.0
2025-12-18T17:49:04.689850,2,-2.4284486793368227,-3.9848583629132364,-0.05931443546820891,1220.0,2017.0,4.0,208957.0,1.0,123617.0,20947.0
2025-12-18T17:49:04.791084,3,-2.415059199438844,-3.985798329394253,-0.06053302792948574,1197.0,1898.0,4.0,252991.0,1.0,128872.0,23693.0
2025-12-18T17:49:04.890325,4,-2.4025666021164493,-3.986186773635925,-0.06151817814707229,1108.0,1463.0,4.0,257222.0,1.0,196874.0,30644.0
2025-12-18T17:49:04.988745,5,-2.3898108910397537,-3.9875405934437094,-0.06250823940024351,1036.0,1142.0,4.0,248914.0,1.0,192916.0,29764.0
2025-12-18T17:49:05.490822,0,-2.3275630225417334,-3.9907262175843137,-0.05975733617307399,1099.0,1424.0,4.0,223289.0,1.0,174585.0,28196.0
2025-12-18T17:49:05.589965,2,-2.315326510372344,-3.991633793419288,-0.05781109167155101,1225.0,2044.0,4.0,204826.0,1.0,124963.0,20834.0
2025-12-18T17:49:05.691245,3,-2.3021629451940746,-3.9925273569427695,-0.05807635950195773,1209.0,1958.0,4.0,250097.0,1.0,130629.0,23399.0
2025-12-18T17:49:05.791853,4,-2.2894600354381254,-3.9923629108707868,-0.05632343765193716,1127.0,1552.0,4.0,257309.0,1.0,200301.0,29946.0
2025-12-18T17:49:05.890059,5,-2.280195406916605,-3.993062812743311,-0.055829151358440125,1020.0,1075.0,4.0,245734.0,1.0,195281.0,30447.0
2025-12-18T17:49:06.489904,0,-2.2786034528365042,-3.991814114990037,-0.06026672430092615,1114.0,1492.0,4.0,229573.0,1.0,174172.0,27685.0
2025-12-18T17:49:06.591271,1,-2.2785074431863652,-3.991819908192639,-0.06026672430092615,1253.0,2188.0,4.0,182747.0,1.0,166055.0,22075.0
2025-12-18T17:49:06.690527,2,-2.264974138407208,-3.971186536400041,-0.04536187694304153,1230.0,2067.0,4.0,208110.0,1.0,123367.0,20742.0
2025-12-18T17:49:06.791531,3,-2.249505568512016,-3.957750151207186,-0.037962716763314815,1201.0,1917.0,4.0,248662.0,1.0,130320.0,23597.0
2025-12-18T17:49:06.889077,4,-2.234185193545344,-3.958655803289309,-0.03772070855296238,1097.0,1413.0,4.0,258094.0,1.0,196474.0,31061.0
2025-12-18T17:49:06.990674,5,-2.217953729219998,-3.9585555405057598,-0.03896281937213751,1031.0,1122.0,4.0,248157.0,1.0,190322.0,29956.0
2025-12-18T17:49:07.490120,0,-2.1508075547907755,-3.9600871976322125,-0.0424109164211317,1106.0,1455.0,4.0,225110.0,1.0,169691.0,27958.0
2025-12-18T17:49:07.590378,1,-2.1390047553148843,-3.9606957961121925,-0.041907277292467,1260.0,2230.0,5.0,179924.0,1.0,169749.0,21904.0
2025-12-18T17:49:07.691392,2,-2.1263969405579988,-3.961876860593689,-0.041938214859253406,1220.0,2018.0,4.0,207899.0,1.0,124752.0,20940.0
2025-12-18T17:49:07.790320,3,-2.114053783832449,-3.961987849157337,-0.04365676862886373,1203.0,1927.0,4.0,249167.0,1.0,129967.0,23549.0
2025-12-18T17:49:07.889819,4,-2.100574226657804,-3.962690907819468,-0.03847327722634179,1106.0,1454.0,4.0,252222.0,1.0,194951.0,30716.0
2025-12-18T17:49:07.993379,5,-2.08728827459673,-3.9625282380990274,-0.0388792764370696,1041.0,1166.0,4.0,249843.0,1.0,191032.0,29524.0
2025-12-18T17:49:08.491003,0,-2.0246507535528884,-3.964867668662567,-0.032166209990735786,1108.0,1464.0,4.0,226946.0,1.0,174467.0,27892.0
2025-12-18T17:49:08.590153,1,-2.0113240387540423,-3.965922558511787,-0.03489412752823442,1248.0,2166.0,4.0,180840.0,1.0,169462.0,22165.0
2025-12-18T17:49:08.691055,2,-1.9987916551500886,-3.965940401605881,-0.03561422849217502,1230.0,2067.0,4.0,204341.0,1.0,124752.0,20742.0
2025-12-18T17:49:08.790937,3,-1.9856919354703266,-3.966834518223532,-0.03637698919877637,1192.0,1873.0,4.0,246817.0,1.0,130629.0,23814.0
2025-12-18T17:49:08.889310,4,-1.9736499048472216,-3.9668103243123642,-0.03583879103857996,1124.0,1537.0,4.0,257309.0,1.0,198077.0,30058.0
2025-12-18T17:49:08.991456,5,-1.9606514985078003,-3.9677441049882507,-0.035372629266759235,1037.0,1145.0,4.0,242429.0,1.0,193047.0,29724.0
2025-12-18T17:49:09.491062,0,-1.8964103347097758,-3.9689521166193327,-0.03981391912205407,1112.0,1480.0,4.0,226716.0,1.0,172179.0,27769.0
2025-12-18T17:49:09.591815,1,-1.8841272952862465,-3.969249233865014,-0.0373250005306405,1248.0,2162.0,4.0,184237.0,1.0,168034.0,22180.0
2025-12-18T17:49:09.691846,2,-1.8721609787527087,-3.970412476608134,-0.04004817879017695,1222.0,2027.0,4.0,210021.0,1.0,123408.0,20905.0
2025-12-18T17:49:09.790674,3,-1.8621273432491119,-3.9408136109028824,-0.018374062780927833,1208.0,1953.0,4.0,247403.0,1.0,129003.0,23422.0
2025-12-18T17:49:09.889350,4,-1.8526928641491427,-3.8929226255993195,0.008474591209305899,1116.0,1499.0,4.0,256179.0,1.0,196541.0,30355.0
2025-12-18T17:49:09.988059,5,-1.8400068685854793,-3.892400268316771,0.007722223165603939,1028.0,1109.0,4.0,245734.0,1.0,193177.0,30089.0
2025-12-18T17:49:10.489437,0,-1.7758790056752156,-3.8918638861430574,0.014631958559624866,1106.0,1453.0,4.0,226332.0,1.0,172763.0,27967.0
2025-12-18T17:49:10.589439,1,-1.7627600583692415,-3.8921035003442457,0.01242149699608372,1227.0,2052.0,4.0,182809.0,1.0,172529.0,22650.0
2025-12-18T17:49:10.689680,3,-1.7502637542179902,-3.8914693736484507,0.013419630294920744,1201.0,1920.0,4.0,249758.0,1.0,130761.0,23581.0
2025-12-18T17:49:10.790819,4,-1.7370271702797488,-3.891566045894245,0.01389848830386546,1122.0,1532.0,4.0,252307.0,1.0,200369.0,30099.0
2025-12-18T17:49:10.890665,5,-1.7253459033298868,-3.8909415042671798,0.014435063346923271,1031.0,1120.0,4.0,242593.0,1.0,196076.0,29977.0
2025-12-18T17:49:11.492321,1,-1.648868635385592,-3.8898745429713903,0.007015661542427517,1238.0,2111.0,4.0,182562.0,1.0,168148.0,22391.0
2025-12-18T17:49:11.590747,2,-1.6363977185218093,-3.8900585778532912,0.01096463448333811,1232.0,2077.0,4.0,205869.0,1.0,124078.0,20700.0
2025-12-18T17:49:11.690225,4,-1.6240749754900747,-3.890031873198656,0.004496816945852315,1112.0,1481.0,4.0,258007.0,1.0,197140.0,30499.0
2025-12-18T17:49:11.790903,5,-1.6117119284450165,-3.8897756577256475,0.009423920199370378,1036.0,1141.0,4.0,248746.0,1.0,190580.0,29764.0
2025-12-18T17:49:12.490062,0,-1.523490364567285,-3.8525985080474774,0.032590452915641555,1100.0,1426.0,4.0,226103.0,1.0,173466.0,28176.0
2025-12-18T17:49:12.588675,1,-1.5103128884174182,-3.8521744171290377,0.030125352811808497,1255.0,2202.0,5.0,184300.0,1.0,168319.0,22016.0
2025-12-18T17:49:12.689936,2,-1.4976077938680028,-3.8515536998212943,0.031369838291039946,1223.0,2033.0,4.0,205938.0,1.0,122908.0,20876.0
2025-12-18T17:49:12.790952,3,-1.4841664888883517,-3.851326018521699,0.029884714623271077,1198.0,1904.0,4.0,245650.0,1.0,130187.0,23661.0
2025-12-18T17:49:12.891732,4,-1.4717927617871798,-3.850874575979769,0.030926661575338896,1105.0,1451.0,4.0,254107.0,1.0,201389.0,30737.0
2025-12-18T17:49:12.989796,5,-1.458836460388961,-3.850794333435318,0.03115131956429979,1028.0,1108.0,4.0,250266.0,1.0,193047.0,30099.0
2025-12-18T17:49:13.489951,0,-1.3944165214887199,-3.8465273367176396,0.02769818048938589,1102.0,1437.0,4.0,225110.0,1.0,170440.0,28091.0
2025-12-18T17:49:13.590918,1,-1.3817806974074074,-3.8467386358051483,0.015021596925257261,1225.0,2043.0,4.0,182438.0,1.0,170497.0,22689.0
2025-12-18T17:49:13.689417,2,-1.3702927060099221,-3.8466636992195005,-0.009148724028453991,1220.0,2018.0,4.0,210448.0,1.0,124078.0,20940.0
2025-12-18T17:49:13.792432,3,-1.358337648863745,-3.847775274091341,-0.03415607289172571,1198.0,1903.0,4.0,247905.0,1.0,129835.0,23661.0
2025-12-18T17:49:13.892630,4,-1.3455931653179856,-3.8475442322165394,-0.052864236375198145,1104.0,1445.0,4.0,257135.0,1.0,197742.0,30789.0
2025-12-18T17:49:13.990581,5,-1.3326486944381348,-3.847735761941995,-0.06916763296319536,1035.0,1137.0,4.0,244076.0,1.0,191939.0,29805.0
2025-12-18T17:49:14.488969,0,-1.2852202905868122,-3.8457105060327565,-0.06792518723802052,1107.0,1457.0,4.0,230351.0,1.0,175355.0,27939.0
2025-12-18T17:49:14.592005,1,-1.289731727323868,-3.8376990519431056,-0.06407846272574144,1252.0,2185.0,4.0,181699.0,1.0,170671.0,22083.0
2025-12-18T17:49:14.689339,2,-1.2769581184482308,-3.83837637037385,-0.062336958966917974,1218.0,2006.0,4.0,202209.0,1.0,123952.0,20990.0
2025-12-18T17:49:14.789939,3,-1.264341387510008,-3.839401073785127,-0.06457694490654525,1208.0,1956.0,4.0,249420.0,1.0,130673.0,23406.0
2025-12-18T17:49:14.889347,4,-1.2516722008623322,-3.8397459423401896,-0.06458105755904511,1120.0,1522.0,4.0,256179.0,1.0,197474.0,30170.0
2025-12-18T17:49:14.990180,5,-1.2394264938446895,-3.841010123117857,-0.06409427233760472,1030.0,1116.0,4.0,249674.0,1.0,191032.0,30017.0
2025-12-18T17:49:15.490604,0,-1.1738297882483462,-3.8443735954061085,-0.06436316343058823,1107.0,1461.0,4.0,227023.0,1.0,174762.0,27911.0
2025-12-18T17:49:15.589961,1,-1.1615529717955342,-3.8452524222104723,-0.06287030529737371,1246.0,2152.0,4.0,179741.0,1.0,171075.0,22218.0
2025-12-18T17:49:15.688337,2,-1.1490257289071364,-3.846298218489598,-0.06655252991097349,1225.0,2041.0,4.0,210092.0,1.0,123075.0,20841.0
2025-12-18T17:49:15.790817,3,-1.1378984030369246,-3.847961283841399,-0.06976659000748418,1195.0,1889.0,4.0,250520.0,1.0,129835.0,23734.0
2025-12-18T17:49:15.890611,4,-1.1259348404010359,-3.849624354878334,-0.07397421304515935,1110.0,1471.0,4.0,258007.0,1.0,201048.0,30571.0
2025-12-18T17:49:15.990320,5,-1.1134290160070393,-3.850269842428193,-0.07843939823986146,1031.0,1123.0,4.0,246316.0,1.0,191615.0,29946.0
2025-12-18T17:49:16.490361,0,-1.0526328930046605,-3.85952228883271,-0.19192173814467958,1121.0,1527.0,4.0,227870.0,1.0,172997.0,27433.0
2025-12-18T17:49:16.590401,1,-1.039686945036454,-3.861717306792765,-0.19510818921117976,1257.0,2212.0,5.0,178046.0,1.0,168490.0,21971.0
2025-12-18T17:49:16.690466,2,-1.0267123768574251,-3.863575700540342,-0.19831458297912688,1228.0,2059.0,4.0,207056.0,1.0,124499.0,20771.0
2025-12-18T17:49:16.791661,3,-1.0139712543173705,-3.8660837052296086,-0.19658083608942048,1202.0,1924.0,4.0,249927.0,1.0,131116.0,23557.0
2025-12-18T17:49:16.891071,4,-1.0008441965956179,-3.8680232032601607,-0.1985633893269656,1114.0,1490.0,4.0,260551.0,1.0,198077.0,30416.0
2025-12-18T17:49:16.989838,5,-1.0023149853511484,-3.839286064317415,-0.1813738786865604,1030.0,1119.0,4.0,244572.0,1.0,191355.0,29987.0
2025-12-18T17:49:17.488237,0,-0.9468973146786466,-3.8323643311145075,-0.16846696667847152,1109.0,1467.0,4.0,227253.0,1.0,173349.0,27863.0
2025-12-18T17:49:17.590317,1,-0.9343061304278315,-3.8342654340594686,-0.16819799510766228,1248.0,2166.0,4.0,183864.0,1.0,169577.0,22158.0
2025-12-18T17:49:17.690423,2,-0.9211775566661666,-3.836455229199461,-0.1689258305833414,1230.0,2069.0,4.0,209737.0,1.0,123785.0,20728.0
2025-12-18T17:49:17.790941,3,-0.909012810424012,-3.83868975611204,-0.1691263230590605,1210.0,1963.0,4.0,244324.0,1.0,127570.0,23367.0
2025-12-18T17:49:17.888131,4,-0.8965877149440233,-3.8411527545535487,-0.16887901153805362,1108.0,1466.0,4.0,253935.0,1.0,194029.0,30612.0
2025-12-18T17:49:17.992597,5,-0.884338180456365,-3.843249143316357,-0.17088015863914727,1042.0,1168.0,4.0,248662.0,1.0,191161.0,29504.0
2025-12-18T17:49:18.491194,0,-0.8211606646062961,-3.852844710111145,-0.16593688156951678,1111.0,1478.0,4.0,227100.0,1.0,171133.0,27779.0
2025-12-18T17:49:18.589972,1,-0.8081534127514454,-3.8546465085048736,-0.16840691159152452,1243.0,2137.0,4.0,183057.0,1.0,170152.0,22278.0
2025-12-18T17:49:18.690220,2,-0.7957602821205851,-3.856460052981558,-0.16540535181249327,1234.0,2088.0,4.0,207267.0,1.0,125514.0,20651.0
2025-12-18T17:49:18.789576,3,-0.7828862044644183,-3.8584636253776496,-0.16517799022215468,1199.0,1909.0,4.0,247905.0,1.0,129484.0,23629.0
2025-12-18T17:49:18.889578,4,-0.770537920401261,-3.8600391734579214,-0.16269685575882584,1124.0,1537.0,4.0,257483.0,1.0,196807.0,30048.0
2025-12-18T17:49:18.991804,5,-0.7577896905263586,-3.862086824247183,-0.1639397584945757,1039.0,1154.0,4.0,243993.0,1.0,191874.0,29634.0
2025-12-18T17:49:19.489496,0,-0.6947976467919359,-3.8718879236909656,-0.1643867605459869,1110.0,1473.0,4.0,229340.0,1.0,174172.0,27816.0
2025-12-18T17:49:19.589987,1,-0.6821043440556398,-3.8743277302719727,-0.1631476301586794,1246.0,2151.0,4.0,181822.0,1.0,169061.0,22218.0
2025-12-18T17:49:19.689616,2,-0.6871580424993313,-3.8533303680283852,-0.15804475905803989,1216.0,1997.0,4.0,207969.0,1.0,125514.0,21025.0
2025-12-18T17:49:19.792283,3,-0.7015466891800726,-3.8199215910982494,-0.145560181985821,1212.0,1977.0,4.0,249843.0,1.0,129134.0,23304.0
2025-12-18T17:49:19.890096,4,-0.6891045156267328,-3.8221814704779513,-0.14679767883093647,1113.0,1488.0,4.0,257832.0,1.0,198547.0,30437.0
2025-12-18T17:49:19.991042,5,-0.6774809464125227,-3.8244429847987673,-0.14799677478680245,1035.0,1137.0,4.0,247570.0,1.0,192199.0,29805.0
2025-12-18T17:49:20.488348,0,-0.6129621900091813,-3.833869148028554,-0.14624044576230938,1104.0,1448.0,4.0,228797.0,1.0,173055.0,28005.0
2025-12-18T17:49:20.589110,1,-0.5999522310276575,-3.8349645585127243,-0.14649169396824885,1260.0,2230.0,5.0,185175.0,1.0,170671.0,21897.0
2025-12-18T17:49:20.691050,2,-0.5878418512726018,-3.836683860610756,-0.14230508970714734,1234.0,2088.0,4.0,205451.0,1.0,123075.0,20651.0
2025-12-18T17:49:20.790378,3,-0.5746192193201773,-3.8385407574143597,-0.1470060226120404,1209.0,1956.0,4.0,248999.0,1.0,130364.0,23399.0
2025-12-18T17:49:20.889310,4,-0.5626348024201873,-3.8404150753281963,-0.14750310460842256,1113.0,1485.0,4.0,258007.0,1.0,201185.0,30457.0
2025-12-18T17:49:20.992958,5,-0.5544059406091328,-3.841784121996109,-0.14824953895172588,1037.0,1148.0,4.0,246650.0,1.0,196341.0,29694.0
2025-12-18T17:49:21.488615,0,-0.48751104414792756,-3.8517261402137253,-0.14970322102137928,1106.0,1455.0,4.0,227407.0,1.0,174408.0,27948.0
2025-12-18T17:49:21.591300,1,-0.47503381962809854,-3.853848640437966,-0.1499561808932273,1254.0,2195.0,4.0,180901.0,1.0,169061.0,22038.0
2025-12-18T17:49:21.688453,2,-0.46228941568503323,-3.855778181481422,-0.150944945018037,1236.0,2100.0,4.0,205103.0,1.0,126153.0,20602.0
2025-12-18T17:49:21.792225,3,-0.4495371515560942,-3.8581018988857556,-0.15293623986204924,1208.0,1951.0,4.0,251114.0,1.0,130894.0,23422.0
2025-12-18T17:49:21.891836,4,-0.4375441766383279,-3.8597985513272883,-0.15320112513720746,1116.0,1502.0,4.0,259759.0,1.0,196208.0,30324.0
2025-12-18T17:49:21.990597,5,-0.425571515997218,-3.862697170143348,-0.15418125603605562,1043.0,1174.0,4.0,245567.0,1.0,191485.0,29444.0
2025-12-18T17:49:22.489781,0,-0.3585876201957303,-3.7965580874876865,-0.13344288441599614,1093.0,1396.0,4.0,228565.0,1.0,176426.0,28397.0
2025-12-18T17:49:22.589581,1,-0.3455417209770699,-3.786733832103505,-0.12974446716576027,1254.0,2194.0,4.0,180717.0,1.0,169462.0,22038.0
2025-12-18T17:49:22.689464,2,-0.33301685797296354,-3.7886784337915005,-0.12310056038993604,1221.0,2023.0,4.0,206846.0,1.0,124331.0,20912.0
2025-12-18T17:49:22.789871,3,-0.32029521012342954,-3.7894735308964753,-0.10897606044770472,1213.0,1978.0,4.0,246984.0,1.0,128567.0,23296.0
2025-12-18T17:49:22.890247,4,-0.30752137719462525,-3.7894364900977733,-0.08334795700242238,1124.0,1540.0,4.0,254537.0,1.0,197742.0,30028.0
2025-12-18T17:49:22.990772,5,-0.2946126824014108,-3.7902680326419604,-0.059793315810328686,1028.0,1108.0,4.0,244158.0,1.0,192785.0,30089.0
2025-12-18T17:49:23.489866,0,-0.231903325550463,-3.791312575279723,-0.010431520048052567,1122.0,1529.0,4.0,225873.0,1.0,172646.0,27414.0
2025-12-18T17:49:23.589788,1,-0.21986643768377068,-3.7916952580368646,-0.0141566861420486,1256.0,2209.0,5.0,184612.0,1.0,170671.0,21978.0
2025-12-18T17:49:23.691329,2,-0.20736606241295252,-3.792142071114726,-0.01070170948674086,1234.0,2087.0,4.0,206636.0,1.0,125557.0,20651.0
2025-12-18T17:49:23.792111,3,-0.19513952573812432,-3.7930476614712143,-0.01565120984282298,1208.0,1954.0,4.0,251710.0,1.0,130938.0,23406.0
2025-12-18T17:49:23.891165,4,-0.18337081361392826,-3.7935245800754034,-0.010652742137927017,1116.0,1501.0,4.0,257309.0,1.0,201321.0,30324.0
2025-12-18T17:49:24.489931,0,-0.10578946021794877,-3.7940491822686733,-0.010968299761208155,1112.0,1483.0,4.0,222836.0,1.0,173231.0,27741.0
2025-12-18T17:49:24.591638,2,-0.09229840486500773,-3.7942251727488694,-0.007752009994463284,1215.0,1993.0,4.0,208110.0,1.0,124963.0,21039.0
2025-12-18T17:49:24.690428,3,-0.07979562280701646,-3.7940387115298924,-0.010746008254298093,1204.0,1933.0,4.0,247822.0,1.0,130761.0,23510.0
2025-12-18T17:49:24.791197,4,-0.0671915169239945,-3.7942062472879146,-0.005005252776345128,1108.0,1465.0,4.0,257048.0,1.0,198547.0,30612.0
2025-12-18T17:49:24.889645,5,-0.05437440115612446,-3.794406275164632,-0.004797846083315583,1036.0,1144.0,4.0,247822.0,1.0,192199.0,29724.0
2025-12-18T17:49:25.491044,0,0.011858522844479857,-3.746629898730083,0.028604788342369104,1118.0,1509.0,4.0,226869.0,1.0,173936.0,27554.0
2025-12-18T17:49:25.589912,1,0.024091019962192206,-3.7465714891462287,0.02564718454482654,1240.0,2122.0,4.0,183677.0,1.0,171597.0,22338.0
2025-12-18T17:49:25.689228,2,0.03637813166215764,-3.7469126606250267,0.026645446314490635,1225.0,2040.0,4.0,210234.0,1.0,125217.0,20841.0
2025-12-18T17:49:25.789465,3,0.048898477055679734,-3.7469283027186897,0.022443558332264087,1208.0,1956.0,4.0,251199.0,1.0,129484.0,23399.0
2025-12-18T17:49:25.889562,4,0.0612396971748117,-3.7467734827379235,0.029151583156188324,1107.0,1461.0,4.0,260111.0,1.0,199827.0,30644.0
2025-12-18T17:49:25.990734,5,0.07462805299597708,-3.7468114390417355,0.028880487724492147,1027.0,1106.0,4.0,249167.0,1.0,192460.0,30109.0
2025-12-18T17:49:26.490827,0,0.13915085606968347,-3.745588633883571,0.03262036784955131,1105.0,1448.0,4.0,222836.0,1.0,172821.0,27996.0
2025-12-18T17:49:26.592693,1,0.15259449609833986,-3.745130398807845,0.03557905482698597,1245.0,2147.0,4.0,185489.0,1.0,171133.0,22233.0
2025-12-18T17:49:26.689793,2,0.1657550781563346,-3.744427726840069,0.03435231476866312,1226.0,2049.0,4.0,208463.0,1.0,123994.0,20806.0
2025-12-18T17:49:26.791687,3,0.17794870832392107,-3.744000744249263,0.03732923093263043,1197.0,1897.0,4.0,252734.0,1.0,129528.0,23685.0
2025-12-18T17:49:26.891438,4,0.19122269718294316,-3.7438002215331743,0.03585197966981442,1117.0,1506.0,4.0,258356.0,1.0,198278.0,30283.0
2025-12-18T17:49:26.990938,5,0.2034806348329532,-3.743034585154584,0.03710970569554556,1025.0,1094.0,4.0,240794.0,1.0,194489.0,30232.0
2025-12-18T17:49:27.490285,0,0.266804729572347,-3.7403898886915883,0.03489700661668407,1114.0,1490.0,4.0,227792.0,1.0,172529.0,27685.0
2025-12-18T17:49:27.590178,1,0.2797034768586961,-3.737780259098403,0.033204211134337976,1248.0,2165.0,4.0,180290.0,1.0,169061.0,22158.0
2025-12-18T17:49:27.690326,2,0.29272198982579134,-3.709632458666934,0.03974825456593418,1233.0,2081.0,4.0,210590.0,1.0,124963.0,20672.0
2025-12-18T17:49:27.790538,3,0.30532657552354525,-3.7021415554627417,0.038104378196304044,1203.0,1928.0,4.0,243333.0,1.0,128654.0,23534.0
2025-12-18T17:49:27.889699,4,0.3175305411958034,-3.70184054885428,0.04305910281885707,1120.0,1518.0,4.0,253420.0,1.0,197608.0,30191.0
2025-12-18T17:49:27.991621,5,0.3306821283800092,-3.7013315081898686,0.040351730021379505,1030.0,1117.0,4.0,250181.0,1.0,190580.0,29997.0
2025-12-18T17:49:28.489960,0,0.39499603269207473,-3.6985156905518295,0.045557913183312156,1117.0,1506.0,4.0,226869.0,1.0,171481.0,27573.0
2025-12-18T17:49:28.591222,1,0.4083527426311093,-3.698079748135628,0.04652150392623013,1273.0,2297.0,5.0,186118.0,1.0,171714.0,21631.0
2025-12-18T17:49:28.689783,2,0.4210146387217817,-3.697058735204516,0.046765271669707315,1235.0,2095.0,4.0,206008.0,1.0,124879.0,20616.0
2025-12-18T17:49:28.790907,3,0.4338053218059761,-3.696734183235291,0.04975004735308699,1197.0,1895.0,4.0,244655.0,1.0,129791.0,23693.0
2025-12-18T17:49:28.890262,5,0.44662911738904665,-3.695810059638614,0.04827138739350175,1029.0,1112.0,4.0,245484.0,1.0,193701.0,30048.0
2025-12-18T17:49:29.490633,0,0.521328790457404,-3.6913615320423414,0.04976797645543653,1108.0,1464.0,4.0,224198.0,1.0,173349.0,27873.0
2025-12-18T17:49:29.589889,1,0.5335981168590251,-3.6908115471387557,0.04705814503413007,1252.0,2182.0,4.0,182438.0,1.0,171191.0,22083.0
2025-12-18T17:49:29.690391,2,0.5463841154569913,-3.690599208435355,0.04307988134523914,1221.0,2021.0,4.0,205312.0,1.0,124921.0,20919.0
2025-12-18T17:49:29.794205,3,0.5589164023982764,-3.6897389273612724,0.04384641441234128,1200.0,1911.0,4.0,249674.0,1.0,129484.0,23613.0
2025-12-18T17:49:29.889589,4,0.571861185389074,-3.6892817761229306,0.051055887664775264,1117.0,1505.0,4.0,257309.0,1.0,197207.0,30293.0
2025-12-18T17:49:29.992254,5,0.5843441258130859,-3.6885179158275374,0.0610097416348104,1036.0,1144.0,4.0,240794.0,1.0,193308.0,29724.0
2025-12-18T17:49:30.492798,1,0.645745345815274,-3.6447663880822443,0.20785112241273482,1248.0,2166.0,4.0,186244.0,1.0,171597.0,22150.0
2025-12-18T17:49:30.591808,3,0.6581311874138693,-3.6416472304235805,0.23557013404558094,1203.0,1927.0,4.0,246567.0,1.0,128611.0,23534.0
2025-12-18T17:49:30.689692,4,0.6698735474789075,-3.6386429424541396,0.25672839951640297,1119.0,1515.0,4.0,263389.0,1.0,197341.0,30211.0
2025-12-18T17:49:30.790356,5,0.6818328420362914,-3.635481387130361,0.2849309508504768,1039.0,1155.0,4.0,248157.0,1.0,193439.0,29614.0
2025-12-18T17:49:31.490761,0,0.7628715766063756,-3.605009807155154,0.46284700274157675,1115.0,1496.0,4.0,227561.0,1.0,170324.0,27638.0
2025-12-18T17:49:31.589945,1,0.7745129661403318,-3.5991684705804694,0.4905057104149487,1254.0,2193.0,4.0,180840.0,1.0,169347.0,22038.0
2025-12-18T17:49:31.689214,2,0.7861469944821469,-3.569911649319627,0.5307737885140646,1235.0,2093.0,4.0,208745.0,1.0,123325.0,20623.0
2025-12-18T17:49:31.791241,3,0.7951423926567616,-3.54551300784175,0.5652811213246915,1210.0,1962.0,4.0,252051.0,1.0,129484.0,23367.0
2025-12-18T17:49:31.889933,4,0.8056059324485263,-3.5390270081024937,0.5921795875056997,1113.0,1488.0,4.0,257483.0,1.0,197742.0,30427.0
2025-12-18T17:49:31.991944,5,0.8163625193789237,-3.5324689776271523,0.6164345814107838,1040.0,1161.0,4.0,252478.0,1.0,193047.0,29564.0
2025-12-18T17:49:32.490567,0,0.8603359985820731,-3.4691404821928495,0.7514289900615556,1113.0,1487.0,4.0,223970.0,1.0,172529.0,27704.0
2025-12-18T17:49:32.591553,1,0.8674967591201677,-3.450233876533014,0.7762690794967783,1261.0,2234.0,5.0,184987.0,1.0,170671.0,21874.0
2025-12-18T17:49:32.690153,2,0.8764608716477014,-3.4410036806685094,0.8040016812051506,1221.0,2020.0,4.0,206916.0,1.0,126239.0,20919.0
2025-12-18T17:49:32.790368,3,0.8847172523009199,-3.431710812405151,0.8315779834309618,1207.0,1948.0,4.0,250605.0,1.0,129879.0,23430.0
2025-12-18T17:49:32.890413,4,0.8926304507362639,-3.422342497480268,0.8342418123447995,1110.0,1474.0,4.0,260023.0,1.0,198345.0,30540.0
2025-12-18T17:49:32.988687,5,0.900782411926639,-3.4139185948141018,0.8201719787341349,1040.0,1160.0,4.0,243087.0,1.0,189743.0,29564.0
2025-12-18T17:49:33.490814,0,0.9662529039749312,-3.2997110762540705,0.7265232325489668,1108.0,1464.0,4.0,222459.0,1.0,173760.0,27873.0
2025-12-18T17:49:33.590369,1,0.9752212562475595,-3.2912317705798744,0.7038548010371092,1253.0,2193.0,4.0,181699.0,1.0,168832.0,22038.0
2025-12-18T17:49:33.691559,2,0.985125176418765,-3.2840613415771625,0.6820359901869726,1223.0,2030.0,4.0,208533.0,1.0,124583.0,20876.0
2025-12-18T17:49:33.790281,3,0.995330179216551,-3.2773885439769144,0.6534904430544252,1204.0,1935.0,4.0,248157.0,1.0,130364.0,23494.0
2025-12-18T17:49:33.889343,4,1.0059340934675696,-3.2692431896825154,0.6260690654819272,1108.0,1462.0,4.0,254710.0,1.0,196408.0,30633.0
2025-12-18T17:49:33.991171,5,1.015962460594558,-3.261570495709414,0.6055572420236086,1037.0,1148.0,4.0,247068.0,1.0,193439.0,29684.0
2025-12-18T17:49:34.490349,0,1.0694398677662287,-3.230154024215148,0.47206150816887193,1113.0,1486.0,4.0,226332.0,1.0,171539.0,27713.0
2025-12-18T17:49:34.592293,1,1.0803997881242209,-3.225278139743362,0.44528600737637236,1244.0,2144.0,4.0,181207.0,1.0,171133.0,22240.0
2025-12-18T17:49:34.690178,2,1.0916806876560576,-3.2193482343041735,0.4255397098202621,1222.0,2027.0,4.0,205312.0,1.0,125345.0,20890.0
2025-12-18T17:49:34.789111,4,1.1026272208406578,-3.2133946526783026,0.40254656945107214,1110.0,1475.0,4.0,257048.0,1.0,199760.0,30530.0
2025-12-18T17:49:34.889915,5,1.1142547325598384,-3.208936316908611,0.3715593275110052,1025.0,1095.0,4.0,245401.0,1.0,195413.0,30221.0
2025-12-18T17:49:35.490069,0,1.180027720196315,-3.129062855272947,0.2598541812357723,1125.0,1543.0,4.0,225110.0,1.0,173642.0,27303.0
2025-12-18T17:49:35.592281,1,1.1914619458343685,-3.1265879838604738,0.22884562449526963,1258.0,2215.0,5.0,182438.0,1.0,172004.0,21949.0
2025-12-18T17:49:35.689409,2,1.2033096035380533,-3.124551106217246,0.19519363364018705,1209.0,1959.0,4.0,205660.0,1.0,125430.0,21175.0
2025-12-18T17:49:35.791321,3,1.2161018806335333,-3.1220489679680785,0.16999643138554058,1200.0,1914.0,4.0,246734.0,1.0,130938.0,23597.0
2025-12-18T17:49:35.887217,4,1.2285402447660632,-3.1186929630226468,0.15353028682619,1109.0,1467.0,4.0,256961.0,1.0,198211.0,30592.0
2025-12-18T17:49:35.989885,5,1.241103618965112,-3.1171970597980474,0.12451718485946908,1041.0,1164.0,4.0,248999.0,1.0,193767.0,29524.0
2025-12-18T17:49:36.488312,0,1.3073610534344144,-3.0695238151312765,0.018152358114587142,1118.0,1510.0,4.0,226639.0,1.0,174113.0,27535.0
2025-12-18T17:49:36.591133,1,1.320385373188497,-3.0697730351017336,-0.0035601960251672544,1252.0,2183.0,4.0,183057.0,1.0,172179.0,22075.0
2025-12-18T17:49:36.690184,2,1.3334639175999072,-3.0688178428450597,-0.024542796281377482,1233.0,2086.0,4.0,207548.0,1.0,124289.0,20651.0
2025-12-18T17:49:36.788990,3,1.3472648350774588,-3.068337125451457,-0.047095856324804376,1203.0,1930.0,4.0,252393.0,1.0,129178.0,23518.0
2025-12-18T17:49:36.891389,4,1.3698328761575738,-3.0583548448788225,-0.0659655883167233,1113.0,1489.0,4.0,259935.0,1.0,201594.0,30416.0
2025-12-18T17:49:36.994037,5,1.3941020758942937,-3.0452710042082343,-0.08345633131162987,1039.0,1156.0,4.0,245152.0,1.0,191096.0,29604.0
2025-12-18T17:49:37.489484,0,1.454794029982791,-3.054679984277267,-0.2165723402203874,1114.0,1491.0,4.0,225873.0,1.0,172880.0,27675.0
2025-12-18T17:49:37.593543,1,1.4669349424041247,-3.057454863045294,-0.24175601573542538,1252.0,2185.0,4.0,183615.0,1.0,169577.0,22068.0
2025-12-18T17:49:37.688785,2,1.4875280789869123,-3.044570548948494,-0.25139056041774915,1217.0,2003.0,4.0,207899.0,1.0,123994.0,20990.0
2025-12-18T17:49:37.789987,3,1.5051975825411592,-3.036672110851045,-0.2735546352208395,1205.0,1938.0,4.0,250690.0,1.0,129747.0,23478.0
2025-12-18T17:49:37.889155,4,1.5164470694989571,-3.040972253356374,-0.2999244302375104,1110.0,1474.0,4.0,258969.0,1.0,197341.0,30530.0
2025-12-18T17:49:37.988608,5,1.5282757133855291,-3.0446469821331164,-0.325152264274459,1033.0,1130.0,4.0,243498.0,1.0,191161.0,29855.0
2025-12-18T17:49:38.490226,0,1.5874005872094354,-3.066965444709923,-0.4460487785043603,1116.0,1500.0,4.0,226562.0,1.0,172412.0,27610.0
2025-12-18T17:49:38.589521,1,1.6037174416480076,-3.0636051030468576,-0.46680289506277567,1261.0,2233.0,5.0,182376.0,1.0,168490.0,21874.0
2025-12-18T17:49:38.688695,2,1.619246449896833,-3.0577270300511112,-0.47808295050154476,1224.0,2035.0,4.0,210448.0,1.0,123367.0,20855.0
2025-12-18T17:49:38.791777,3,1.6299237887010207,-3.062861742693839,-0.49808604434708115,1200.0,1915.0,4.0,246984.0,1.0,129090.0,23589.0
2025-12-18T17:49:38.888287,4,1.640432030344094,-3.069075691712617,-0.5284658289277089,1125.0,1545.0,4.0,254968.0,1.0,199963.0,29977.0
2025-12-18T17:49:38.989684,5,1.6490167399334172,-3.075829253405067,-0.5604557130673489,1028.0,1108.0,4.0,246233.0,1.0,191939.0,30078.0
2025-12-18T17:49:39.490103,0,1.7046774717209097,-3.104588042341212,-0.6832402901019972,1110.0,1471.0,4.0,227100.0,1.0,173642.0,27816.0
2025-12-18T17:49:39.590067,1,1.7195557123503624,-3.1012906936948474,-0.7019036988611288,1253.0,2192.0,4.0,184300.0,1.0,171133.0,22038.0
2025-12-18T17:49:39.689715,2,1.7296462977419305,-3.10960720553557,-0.7311773871501286,1231.0,2073.0,4.0,207267.0,1.0,124752.0,20700.0
2025-12-18T17:49:39.791279,3,1.7381535467790732,-3.1182219812315926,-0.7554931746365282,1199.0,1908.0,4.0,248999.0,1.0,130584.0,23621.0
2025-12-18T17:49:39.893376,4,1.7472992095742184,-3.125879297909901,-0.7742930596585056,1117.0,1507.0,4.0,257832.0,1.0,197474.0,30272.0
2025-12-18T17:49:39.991524,5,1.7562774996997872,-3.13466109931796,-0.7985422053839263,1045.0,1182.0,4.0,242347.0,1.0,193308.0,29354.0
2025-12-18T17:49:40.490118,0,1.8163199863326316,-3.162521362472053,-0.9129219419637381,1122.0,1530.0,4.0,224046.0,1.0,171655.0,27396.0
2025-12-18T17:49:40.590672,1,1.8239752880976177,-3.1725020733803078,-0.9348192526869107,1262.0,2236.0,5.0,181453.0,1.0,169462.0,21860.0
2025-12-18T17:49:40.688339,2,1.8322763131802127,-3.1823627448010843,-0.9572254960745218,1225.0,2043.0,4.0,206357.0,1.0,125387.0,20820.0
2025-12-18T17:49:40.791023,3,1.8393838560949494,-3.192446977290489,-0.9901575127124805,1207.0,1949.0,4.0,249252.0,1.0,128959.0,23422.0
2025-12-18T17:49:40.890214,4,1.8463718412494536,-3.2030934248990635,-1.0201042420445228,1110.0,1474.0,4.0,255746.0,1.0,197140.0,30530.0
2025-12-18T17:49:40.990394,5,1.853162149595267,-3.2136863773759083,-1.0400493023313349,1037.0,1147.0,4.0,249420.0,1.0,194687.0,29694.0
2025-12-18T17:49:41.490528,0,1.8856454046354596,-3.2521328067632695,-1.1499727134338877,1118.0,1512.0,4.0,226562.0,1.0,170152.0,27517.0
2025-12-18T17:49:41.587378,1,1.8902256805475446,-3.263317884005185,-1.176491657517217,1249.0,2170.0,4.0,183864.0,1.0,169691.0,22128.0
2025-12-18T17:49:41.690164,2,1.8955001888081835,-3.274856257647891,-1.1891404993120755,1229.0,2066.0,4.0,208675.0,1.0,125430.0,20728.0
2025-12-18T17:49:41.791429,3,1.8997045004620396,-3.286360019439044,-1.177519746936412,1211.0,1969.0,4.0,246066.0,1.0,130187.0,23327.0
2025-12-18T17:49:41.891330,4,1.905690056908833,-3.2972847491271593,-1.1629420997411766,1120.0,1520.0,4.0,258007.0,1.0,199220.0,30170.0
2025-12-18T17:49:41.989705,5,1.9073255590403582,-3.303031809813942,-1.1470222952474671,1027.0,1106.0,4.0,238927.0,1.0,192785.0,30099.0
2025-12-18T17:49:42.491240,0,1.9344656619327916,-3.356104624653725,-1.0295190030492065,1120.0,1522.0,4.0,222836.0,1.0,174881.0,27452.0
2025-12-18T17:49:42.592469,2,1.9414142112895805,-3.365889878806791,-1.0024937702941097,1232.0,2078.0,4.0,204757.0,1.0,125387.0,20679.0
2025-12-18T17:49:42.692168,3,1.947755116641626,-3.376229339549007,-0.9725978101747331,1212.0,1975.0,4.0,251199.0,1.0,130806.0,23296.0
2025-12-18T17:49:42.790869,4,1.9538238518863453,-3.3861161802734365,-0.946992608879384,1115.0,1495.0,4.0,257048.0,1.0,197274.0,30365.0
2025-12-18T17:49:42.890274,5,1.9615444023641286,-3.3964294705731177,-0.9240328912303184,1035.0,1137.0,4.0,249167.0,1.0,192264.0,29785.0
2025-12-18T17:49:43.491919,0,2.011418762764155,-3.4523042639765933,-0.774897203904714,1128.0,1557.0,4.0,226409.0,1.0,171888.0,27202.0
2025-12-18T17:49:43.590427,1,2.020519913548873,-3.461794049953511,-0.7500245635103444,1252.0,2186.0,4.0,183180.0,1.0,168490.0,22060.0
2025-12-18T17:49:43.689633,2,2.0298927593231157,-3.4694163151327677,-0.7257015491929016,1230.0,2067.0,4.0,207899.0,1.0,124879.0,20721.0
2025-12-18T17:49:43.791180,3,2.0394247594545893,-3.477399541512602,-0.6972527832031832,1196.0,1890.0,4.0,245235.0,1.0,129572.0,23709.0
2025-12-18T17:49:43.889912,4,2.048557313604264,-3.4854622614132866,-0.671212205724033,1117.0,1505.0,4.0,251114.0,1.0,196341.0,30283.0
2025-12-18T17:49:43.990829,5,2.058422986211222,-3.4934717744697705,-0.6462365281297298,1034.0,1134.0,4.0,247319.0,1.0,192329.0,29815.0
2025-12-18T17:49:44.491178,0,2.1068557074224863,-3.5285128954893668,-0.46671362818767204,1112.0,1484.0,4.0,225950.0,1.0,173819.0,27722.0
2025-12-18T17:49:44.588762,1,2.1172958956306136,-3.5337005623497615,-0.4395030790528052,1266.0,2258.0,5.0,184300.0,1.0,168661.0,21771.0
2025-12-18T17:49:44.690781,2,2.1284830360872053,-3.538597336114147,-0.4178707426952118,1218.0,2007.0,4.0,209099.0,1.0,124415.0,20968.0
2025-12-18T17:49:44.792953,3,2.141201934180758,-3.5436213287720757,-0.3976686293275025,1206.0,1942.0,4.0,250097.0,1.0,129572.0,23454.0
2025-12-18T17:49:44.890328,4,2.153143554509933,-3.548090539332319,-0.3797102680236314,1111.0,1478.0,4.0,256179.0,1.0,199963.0,30499.0
2025-12-18T17:49:44.989405,5,2.1650498915263263,-3.5527668084528394,-0.34831123719044654,1041.0,1164.0,4.0,241528.0,1.0,190644.0,29524.0
2025-12-18T17:49:45.489346,0,2.221638879130018,-3.5701185801664237,-0.23327703941008185,1114.0,1494.0,4.0,222384.0,1.0,171597.0,27647.0
2025-12-18T17:49:45.589933,1,2.2339441888680662,-3.57186339366161,-0.20803894103990223,1262.0,2239.0,5.0,181146.0,1.0,167920.0,21845.0
2025-12-18T17:49:45.689155,2,2.2465544159438897,-3.574076084141724,-0.18211570593348744,1225.0,2042.0,4.0,206078.0,1.0,125006.0,20820.0
2025-12-18T17:49:45.791265,3,2.259490728628953,-3.5769299489327078,-0.15689576284856083,1205.0,1938.0,4.0,247068.0,1.0,128306.0,23470.0
2025-12-18T17:49:45.888925,4,2.269152586142873,-3.574028572310434,-0.13257922703852415,1109.0,1467.0,4.0,257657.0,1.0,196474.0,30581.0
2025-12-18T17:49:45.991379,5,2.2791338420917118,-3.5711150086258474,-0.09976849193092054,1025.0,1095.0,4.0,246650.0,1.0,194555.0,30211.0
2025-12-18T17:49:46.490322,0,2.3402252909948675,-3.5739761287450786,0.026558294467751344,1107.0,1459.0,4.0,224273.0,1.0,172529.0,27901.0
2025-12-18T17:49:46.591321,1,2.3534078237682348,-3.5744585424992774,0.052631309344624934,1254.0,2197.0,4.0,181637.0,1.0,171539.0,22016.0
2025-12-18T17:49:46.691768,2,2.365300618712462,-3.5731242231981213,0.07564605498046044,1239.0,2116.0,4.0,209453.0,1.0,124289.0,20526.0
2025-12-18T17:49:46.792626,3,2.377999915558327,-3.5672463584272065,0.10886353292888165,1203.0,1930.0,4.0,245734.0,1.0,128741.0,23510.0
2025-12-18T17:49:46.890308,4,2.39116758501946,-3.5581108045580967,0.14444948697743382,1122.0,1528.0,4.0,257570.0,1.0,196874.0,30099.0
2025-12-18T17:49:47.490789,0,2.4624838516116156,-3.542214901075912,0.2978349907837886,1119.0,1517.0,4.0,223364.0,1.0,170555.0,27479.0
2025-12-18T17:49:47.590537,1,2.461614402101427,-3.5317578665432863,0.32396126663519476,1261.0,2232.0,5.0,181207.0,1.0,169691.0,21874.0
2025-12-18T17:49:47.689484,2,2.4638277797620134,-3.521573367487032,0.34692313583320317,1237.0,2107.0,4.0,205451.0,1.0,124963.0,20561.0
2025-12-18T17:49:47.789932,3,2.4754718141134813,-3.517712870052602,0.37176317715624,1215.0,1991.0,4.0,251540.0,1.0,129003.0,23217.0
2025-12-18T17:49:47.890639,4,2.4858719487071106,-3.512178835802777,0.3973641792497206,1115.0,1497.0,4.0,257396.0,1.0,196341.0,30344.0
2025-12-18T17:49:47.992054,5,2.496796142562566,-3.507120934862197,0.424270925030308,1025.0,1095.0,4.0,252393.0,1.0,192069.0,30211.0
2025-12-18T17:49:48.489950,0,2.5475280344578675,-3.475356970320223,0.5651183991693467,1112.0,1485.0,4.0,228101.0,1.0,172004.0,27713.0
2025-12-18T17:49:48.592588,1,2.5582109582688535,-3.4675676835262372,0.5868231736066257,1257.0,2213.0,5.0,177805.0,1.0,168946.0,21949.0
2025-12-18T17:49:48.689654,2,2.568996252222437,-3.459224005956175,0.61350311249913,1223.0,2033.0,4.0,209950.0,1.0,125048.0,20855.0
2025-12-18T17:49:48.789026,3,2.579219652078624,-3.451911724063807,0.6367527491943363,1215.0,1991.0,4.0,245401.0,1.0,128003.0,23217.0
2025-12-18T17:49:48.889410,4,2.588431281966061,-3.443857762489949,0.6601956032445591,1127.0,1555.0,4.0,253334.0,1.0,193308.0,29896.0
2025-12-18T17:49:48.992806,5,2.597754697329048,-3.4354695756543974,0.6851701898816198,1029.0,1112.0,4.0,243004.0,1.0,190193.0,30038.0
2025-12-18T17:49:49.490259,1,2.6343935465617214,-3.369842434773699,0.8313343518517508,1263.0,2243.0,5.0,184113.0,1.0,167523.0,21830.0
2025-12-18T17:49:49.591147,3,2.64400586074791,-3.3601998460406977,0.8542191197795496,1201.0,1920.0,4.0,248830.0,1.0,129090.0,23557.0
2025-12-18T17:49:49.689899,4,2.6509071767029724,-3.3502889663372084,0.8730395163230664,1118.0,1508.0,4.0,255314.0,1.0,199422.0,30252.0
2025-12-18T17:49:49.792120,5,2.6586501389762027,-3.339989466754184,0.8992911856618139,1035.0,1137.0,4.0,245235.0,1.0,193177.0,29785.0
2025-12-18T17:49:50.490518,0,2.713543005410328,-3.258887018888658,1.0963064402331497,1126.0,1547.0,4.0,224425.0,1.0,172121.0,27266.0
2025-12-18T17:49:50.589342,1,2.720266500633425,-3.24882673939322,1.11973600865911,1251.0,2181.0,4.0,182130.0,1.0,170902.0,22075.0
2025-12-18T17:49:50.689957,2,2.726190574227088,-3.23834951881554,1.1439940225964254,1221.0,2020.0,4.0,206986.0,1.0,124415.0,20912.0
2025-12-18T17:49:50.790737,3,2.7305076659607277,-3.226978074743782,1.1691285017308317,1214.0,1986.0,4.0,248157.0,1.0,128133.0,23241.0
2025-12-18T17:49:50.889694,4,2.7347664882965006,-3.2155937383349023,1.1955765817598683,1123.0,1532.0,4.0,257919.0,1.0,195678.0,30068.0
2025-12-18T17:49:50.990912,5,2.741545850744295,-3.19698923956869,1.2238484784260126,1038.0,1151.0,4.0,244572.0,1.0,190451.0,29644.0
2025-12-18T17:49:51.491535,0,2.758814939352506,-3.130282307512477,1.3582810100960783,1117.0,1506.0,4.0,221108.0,1.0,171018.0,27554.0
2025-12-18T17:49:51.590505,1,2.7618182838318113,-3.1189344010121607,1.3914509174321448,1265.0,2257.0,5.0,180840.0,1.0,168604.0,21771.0
2025-12-18T17:49:51.688836,2,2.76513336705875,-3.107481203460866,1.4160630036131994,1215.0,1989.0,4.0,202209.0,1.0,124499.0,21039.0
2025-12-18T17:49:51.790078,3,2.769342038322522,-3.085488523267479,1.4531259463977275,1199.0,1910.0,4.0,246483.0,1.0,128741.0,23605.0
2025-12-18T17:49:51.889776,4,2.7696024624425153,-3.0687407461911307,1.483995242664949,1114.0,1491.0,4.0,253591.0,1.0,199152.0,30385.0
2025-12-18T17:49:51.991202,5,2.7708656645782295,-3.056318295328482,1.5087354032246327,1040.0,1159.0,4.0,247486.0,1.0,192916.0,29564.0
2025-12-18T17:49:52.490066,0,2.7735337409923346,-2.9943559715534884,1.5221313432356172,1117.0,1506.0,4.0,224805.0,1.0,171830.0,27554.0
2025-12-18T17:49:52.591169,1,2.774648418095296,-2.9810379764273214,1.5037345922291192,1268.0,2270.0,5.0,180290.0,1.0,169462.0,21720.0
2025-12-18T17:49:52.689936,2,2.776433274695856,-2.968743443705945,1.4796980060397107,1224.0,2035.0,4.0,205381.0,1.0,123576.0,20848.0
2025-12-18T17:49:52.788210,3,2.7776700569294466,-2.9568930041795234,1.4674500506749726,1202.0,1921.0,4.0,250945.0,1.0,128916.0,23549.0
2025-12-18T17:49:52.889473,4,2.7791838694191817,-2.944278708212938,1.4634739025915668,1107.0,1459.0,4.0,258181.0,1.0,197809.0,30644.0
2025-12-18T17:49:52.991976,5,2.780487790395119,-2.9313089687927114,1.4609805838682628,1039.0,1154.0,4.0,244489.0,1.0,194621.0,29614.0
2025-12-18T17:49:53.488962,0,2.7864105673355652,-2.8671337061131137,1.4654691490395715,1121.0,1525.0,4.0,224046.0,1.0,171307.0,27424.0
2025-12-18T17:49:53.589074,1,2.78770856719653,-2.854009996739385,1.4630076371411436,1261.0,2234.0,5.0,179255.0,1.0,168604.0,21860.0
2025-12-18T17:49:53.689494,2,2.7885563359694636,-2.8417452651312907,1.464501643255742,1221.0,2019.0,4.0,207127.0,1.0,123994.0,20912.0
2025-12-18T17:49:53.792564,3,2.790483140768366,-2.829103077106735,1.4604927309236948,1201.0,1918.0,4.0,247235.0,1.0,129616.0,23565.0
2025-12-18T17:49:53.889876,4,2.7915193134709178,-2.8164008888489107,1.445971841070473,1109.0,1469.0,4.0,255055.0,1.0,199692.0,30561.0
2025-12-18T17:49:53.990460,5,2.792874704657052,-2.8042261872218663,1.429391085774192,1040.0,1159.0,4.0,244986.0,1.0,190838.0,29564.0
2025-12-18T17:49:54.489276,0,2.807649056388529,-2.7455348361736513,1.3178307925579995,1112.0,1481.0,4.0,224958.0,1.0,171830.0,27732.0
2025-12-18T17:49:54.590404,1,2.8103911206083865,-2.7336043984039904,1.3250463357893483,1260.0,2227.0,5.0,185803.0,1.0,168946.0,21889.0
2025-12-18T17:49:54.689527,2,2.8133011785169195,-2.7208252475260473,1.3519520872184276,1220.0,2017.0,4.0,208251.0,1.0,123534.0,20919.0
2025-12-18T17:49:54.790070,3,2.8058834040661473,-2.715522222726938,1.3873465349363865,1207.0,1949.0,4.0,250181.0,1.0,130806.0,23414.0
2025-12-18T17:49:54.888311,4,2.8032400285846357,-2.7048499770563312,1.4167855423463125,1116.0,1501.0,4.0,254107.0,1.0,198547.0,30303.0
2025-12-18T17:49:54.990667,5,2.804731423229203,-2.692281649812581,1.446283470850492,1025.0,1095.0,4.0,247905.0,1.0,191744.0,30211.0
2025-12-18T17:49:55.490147,0,2.807794363108229,-2.6299308407574085,1.5624314469356333,1118.0,1510.0,4.0,225873.0,1.0,171307.0,27526.0
2025-12-18T17:49:55.590296,1,2.8068020375905025,-2.617316479129041,1.5879145007065456,1257.0,2212.0,5.0,184113.0,1.0,169061.0,21949.0
2025-12-18T17:49:55.689430,2,2.8060798544337615,-2.6042213871725446,1.6160452354066783,1215.0,1988.0,4.0,206636.0,1.0,125175.0,21039.0
2025-12-18T17:49:55.788956,3,2.8058246328346677,-2.591302187999575,1.6402322810978547,1207.0,1949.0,4.0,247068.0,1.0,131249.0,23414.0
2025-12-18T17:49:55.889452,4,2.80418363863501,-2.5794506956664653,1.6655309859430922,1102.0,1436.0,4.0,257832.0,1.0,197608.0,30831.0
2025-12-18T17:49:55.992056,5,2.803865213745855,-2.5676626324227376,1.6925121192441879,1029.0,1114.0,4.0,243416.0,1.0,191615.0,30007.0
2025-12-18T17:49:56.489435,0,2.793965474928699,-2.5042446351268843,1.729500741309096,1130.0,1567.0,4.0,224958.0,1.0,172412.0,27128.0
2025-12-18T17:49:56.589986,1,2.792391894623803,-2.492033724273215,1.7285087111357786,1262.0,2242.0,5.0,181945.0,1.0,170152.0,21830.0
2025-12-18T17:49:56.689699,2,2.7902711268608034,-2.4799861249444444,1.731994155745423,1222.0,2027.0,4.0,207899.0,1.0,124837.0,20876.0
2025-12-18T17:49:56.792847,3,2.7874445600896802,-2.4697643691904663,1.7375132305776133,1190.0,1861.0,4.0,246150.0,1.0,130320.0,23846.0
2025-12-18T17:49:56.889956,4,2.771919143377227,-2.4685431650403142,1.7548216137857915,1100.0,1425.0,4.0,255055.0,1.0,199963.0,30925.0
2025-12-18T17:49:56.989868,5,2.7651820439949297,-2.4580453306001044,1.759789570421498,1028.0,1108.0,4.0,248914.0,1.0,193177.0,30068.0
2025-12-18T17:49:57.489441,0,2.752928020557235,-2.3945089963170165,1.7630139003009393,1109.0,1467.0,4.0,225415.0,1.0,172296.0,27835.0
2025-12-18T17:49:57.593829,1,2.7504371409211004,-2.3824379392015005,1.7612753758330209,1259.0,2225.0,5.0,183864.0,1.0,169462.0,21897.0
2025-12-18T17:49:57.690479,2,2.748646161789555,-2.3703604475732223,1.7610270612485486,1221.0,2020.0,4.0,213100.0,1.0,123659.0,20905.0
2025-12-18T17:49:57.790839,4,2.746908485466804,-2.358534045408309,1.7582988357419538,1124.0,1541.0,4.0,257483.0,1.0,198077.0,29997.0
2025-12-18T17:49:57.889324,5,2.7451414882749674,-2.346601062126721,1.7558401576173617,1020.0,1075.0,4.0,242758.0,1.0,195017.0,30416.0
2025-12-18T17:49:58.489455,0,2.730671297215583,-2.2705609999024943,1.7603040903322384,1115.0,1498.0,4.0,224046.0,1.0,171307.0,27610.0
2025-12-18T17:49:58.589654,1,2.7287506295447024,-2.257737166523738,1.7610308071378156,1248.0,2165.0,4.0,177504.0,1.0,169061.0,22135.0
2025-12-18T17:49:58.688644,2,2.725834975630656,-2.2453751214868376,1.7612663249661005,1219.0,2013.0,4.0,206916.0,1.0,124499.0,20933.0
2025-12-18T17:49:58.789711,3,2.7239695680250033,-2.2324840185031123,1.7619963286373002,1200.0,1912.0,4.0,248830.0,1.0,129353.0,23589.0
2025-12-18T17:49:58.890700,4,2.7210194008356705,-2.219760237833411,1.7610066998036493,1114.0,1493.0,4.0,251881.0,1.0,202551.0,30365.0
2025-12-18T17:49:58.990646,5,2.718355996091498,-2.2076554782221414,1.7617430499490967,1037.0,1148.0,4.0,252307.0,1.0,192199.0,29674.0
2025-12-18T17:49:59.490595,0,2.6993856598308135,-2.1566960785444866,1.7669148026211166,1122.0,1531.0,4.0,223440.0,1.0,174467.0,27377.0
2025-12-18T17:49:59.589544,1,2.6955261568841493,-2.1467896113083493,1.7634407196437811,1262.0,2237.0,5.0,183367.0,1.0,168775.0,21845.0
2025-12-18T17:49:59.690296,2,2.6939927050155017,-2.1342075290323828,1.751066959950424,1219.0,2011.0,4.0,210376.0,1.0,124373.0,20940.0
2025-12-18T17:49:59.790838,3,2.6912326679252505,-2.122159621117258,1.7329833912967194,1201.0,1919.0,4.0,246483.0,1.0,128959.0,23557.0
2025-12-18T17:49:59.890845,5,2.6907744328059184,-2.1103055597123017,1.6983877109556405,1035.0,1138.0,4.0,247068.0,1.0,191615.0,29764.0
2025-12-18T17:50:00.489328,0,2.6847441918347545,-2.0341377345646037,1.644188781432228,1113.0,1487.0,4.0,224653.0,1.0,172179.0,27685.0
2025-12-18T17:50:00.591229,1,2.6842547978050675,-2.021854642838957,1.646904239694272,1251.0,2182.0,4.0,183491.0,1.0,171191.0,22068.0
2025-12-18T17:50:00.690879,2,2.6829243752132896,-2.0088188926342876,1.6466707019961564,1201.0,1920.0,4.0,209028.0,1.0,126495.0,21333.0
2025-12-18T17:50:00.789448,3,2.68189845680331,-1.9966018537760575,1.6476710711049312,1200.0,1914.0,4.0,249336.0,1.0,130938.0,23581.0
2025-12-18T17:50:00.888601,4,2.680906426944846,-1.9833625210397208,1.649872060731713,1106.0,1455.0,4.0,259320.0,1.0,198614.0,30675.0
2025-12-18T17:50:00.992165,5,2.6792824892993146,-1.9711299868608219,1.6478696268107633,1027.0,1103.0,4.0,247403.0,1.0,194885.0,30119.0
2025-12-18T17:50:01.490201,0,2.67398110316093,-1.9075320012447046,1.6481148205597678,1116.0,1500.0,4.0,224577.0,1.0,174526.0,27591.0
2025-12-18T17:50:01.590584,2,2.672877240368873,-1.8944399337861535,1.6476287810558565,1207.0,1951.0,4.0,205103.0,1.0,126196.0,21197.0
2025-12-18T17:50:01.689724,3,2.672097073684977,-1.8820942567222514,1.6505911373166702,1192.0,1873.0,4.0,249843.0,1.0,130055.0,23782.0
2025-12-18T17:50:01.793805,4,2.670746743223038,-1.8691989251372845,1.6478753603309386,1102.0,1437.0,4.0,257048.0,1.0,202825.0,30820.0
2025-12-18T17:50:01.889913,5,2.664714846588545,-1.8613877881126535,1.6601078212769522,1021.0,1078.0,4.0,251540.0,1.0,194621.0,30375.0
2025-12-18T17:50:02.489716,0,2.6250287350788586,-1.7983781590480876,1.6940865070154836,1122.0,1528.0,4.0,226409.0,1.0,170786.0,27396.0
2025-12-18T17:50:02.589205,1,2.623687218683667,-1.7853211680330334,1.694566983335601,1245.0,2147.0,4.0,183367.0,1.0,171830.0,22210.0
2025-12-18T17:50:02.693187,2,2.621592069827418,-1.7725670088461611,1.6908545874027403,1218.0,2004.0,4.0,210947.0,1.0,125090.0,20968.0
2025-12-18T17:50:02.791509,3,2.6204368608939923,-1.7595851908002333,1.6950565041290249,1190.0,1864.0,4.0,251540.0,1.0,130673.0,23830.0
2025-12-18T17:50:02.890000,4,2.618528323992006,-1.7470220530771994,1.6923209002523651,1097.0,1412.0,4.0,259671.0,1.0,201048.0,31030.0
2025-12-18T17:50:02.988869,5,2.617296505630046,-1.7346028885167888,1.6938082337690035,1028.0,1111.0,4.0,243746.0,1.0,194226.0,30038.0
2025-12-18T17:50:03.489560,0,2.6094233038695265,-1.6707405073977024,1.6974860193264456,1122.0,1529.0,4.0,224577.0,1.0,176307.0,27387.0
2025-12-18T17:50:03.590086,1,2.6076542140321415,-1.6583274220651072,1.698474016135051,1254.0,2194.0,4.0,184237.0,1.0,172121.0,22016.0
2025-12-18T17:50:03.689181,2,2.606755466326625,-1.6454219392756513,1.6984552074231023,1205.0,1939.0,4.0,205590.0,1.0,126624.0,21247.0
2025-12-18T17:50:03.790812,3,2.605319136813442,-1.6330606480808374,1.6962127839546648,1183.0,1827.0,4.0,257483.0,1.0,131917.0,24016.0
2025-12-18T17:50:03.889308,4,2.604326911045831,-1.6208527028980875,1.6991645263415351,1092.0,1391.0,4.0,261523.0,1.0,200098.0,31209.0
2025-12-18T17:50:03.990878,5,2.603226605586686,-1.6084057111855272,1.69223159557587,1027.0,1103.0,4.0,247905.0,1.0,192394.0,30119.0
2025-12-18T17:50:04.489996,0,2.5557776105538945,-1.5588545091285928,1.734396510710905,1100.0,1425.0,4.0,226869.0,1.0,173349.0,28148.0
2025-12-18T17:50:04.590871,1,2.5539770392272825,-1.5460048221364437,1.735609617313365,1254.0,2194.0,4.0,181576.0,1.0,169577.0,22016.0
2025-12-18T17:50:04.689695,2,2.551670911456455,-1.533219951114271,1.732649666602676,1218.0,2007.0,4.0,209950.0,1.0,125897.0,20954.0
2025-12-18T17:50:04.789574,3,2.549770698055939,-1.5205145365195005,1.7356157239014134,1192.0,1871.0,4.0,245983.0,1.0,130187.0,23790.0
2025-12-18T17:50:04.890216,4,2.5475096538838304,-1.5077631376448928,1.733372927654311,1094.0,1397.0,4.0,254968.0,1.0,203996.0,31156.0
2025-12-18T17:50:04.990221,5,2.545723854524006,-1.495762627756449,1.734364228049427,1039.0,1154.0,4.0,247905.0,1.0,194095.0,29604.0
2025-12-18T17:50:05.490272,0,2.535237475566742,-1.4334258068051733,1.733847504689598,1119.0,1517.0,4.0,226792.0,1.0,173290.0,27470.0
2025-12-18T17:50:05.591218,1,2.5327343512067237,-1.4210551466686603,1.7323877931725347,1242.0,2134.0,4.0,184300.0,1.0,170671.0,22263.0
2025-12-18T17:50:05.691110,2,2.5310245717013906,-1.407938862317995,1.732117608321335,1213.0,1982.0,4.0,208110.0,1.0,126025.0,21061.0
2025-12-18T17:50:05.790268,3,2.529217057793254,-1.395625314426889,1.732630256666232,1206.0,1942.0,4.0,254882.0,1.0,131116.0,23438.0
2025-12-18T17:50:05.889842,4,2.5277057585157348,-1.3834384997267897,1.728127807712841,1116.0,1500.0,4.0,263478.0,1.0,200234.0,30303.0
2025-12-18T17:50:05.989894,5,2.526050298736383,-1.3712903983799198,1.7073719479412446,1021.0,1080.0,4.0,249252.0,1.0,195943.0,30355.0
2025-12-18T17:50:06.490114,0,2.5202940524411837,-1.308919218072421,1.652751489666245,1115.0,1498.0,4.0,225415.0,1.0,173760.0,27601.0
2025-12-18T17:50:06.591262,1,2.5190056909982825,-1.2970112011190795,1.6510238676837772,1244.0,2144.0,4.0,185489.0,1.0,171018.0,22218.0
2025-12-18T17:50:06.691665,2,2.518740072382352,-1.2850738474585512,1.6552096016194793,1211.0,1972.0,4.0,211376.0,1.0,125557.0,21104.0
2025-12-18T17:50:06.790755,3,2.482361745291893,-1.2645025381535442,1.697785142167228,1212.0,1974.0,4.0,250860.0,1.0,130673.0,23288.0
2025-12-18T17:50:06.888623,4,2.4711135362692396,-1.2499546066657015,1.7092565604447139,1104.0,1447.0,4.0,259144.0,1.0,199422.0,30737.0
2025-12-18T17:50:06.990115,5,2.46884652145863,-1.2363783262983772,1.7057740439140467,1027.0,1104.0,4.0,248157.0,1.0,194292.0,30109.0
2025-12-18T17:50:07.490108,0,2.4621768918718754,-1.1748883035472684,1.6095740537777483,1117.0,1508.0,4.0,225720.0,1.0,172880.0,27535.0
2025-12-18T17:50:07.589568,1,2.4626492632143044,-1.16332506725626,1.5826799390153001,1246.0,2151.0,4.0,185992.0,1.0,170440.0,22188.0
2025-12-18T17:50:07.689269,2,2.462429818303031,-1.151288722033992,1.5686348486152288,1189.0,1856.0,4.0,212021.0,1.0,124457.0,21617.0
2025-12-18T17:50:07.789022,3,2.462134519638413,-1.1379601853507864,1.5684025496058003,1192.0,1873.0,4.0,247152.0,1.0,130673.0,23782.0
2025-12-18T17:50:07.891019,4,2.461842530786324,-1.1247063795991585,1.5631639607732122,1107.0,1460.0,4.0,261789.0,1.0,202757.0,30623.0
2025-12-18T17:50:07.990984,5,2.4620930281774314,-1.1116381226718264,1.5624313323317114,1024.0,1092.0,4.0,243911.0,1.0,194029.0,30232.0
2025-12-18T17:50:08.490684,1,2.462167063292016,-1.0486338922013188,1.5602019433355363,1241.0,2128.0,4.0,182623.0,1.0,173055.0,22285.0
2025-12-18T17:50:08.589643,2,2.4425929373338775,-1.022551954564687,1.5796080223708653,1196.0,1891.0,4.0,212739.0,1.0,127355.0,21456.0
2025-12-18T17:50:08.691265,3,2.4286666734508344,-1.0011367530167354,1.591333325614309,1181.0,1818.0,4.0,254623.0,1.0,131427.0,24065.0
2025-12-18T17:50:08.791049,4,2.4281895409901875,-0.9883501908462584,1.5891339217613052,1096.0,1407.0,4.0,262587.0,1.0,199692.0,31072.0
2025-12-18T17:50:08.890376,5,2.4284697759211404,-0.9762140347356618,1.593824001129194,1024.0,1094.0,4.0,250351.0,1.0,192655.0,30211.0
2025-12-18T17:50:09.489724,0,2.423804854587324,-0.9005488576970657,1.6655432470766172,1115.0,1498.0,4.0,224729.0,1.0,173114.0,27601.0
2025-12-18T17:50:09.593374,1,2.423038963190372,-0.8885679705244065,1.6720058414265782,1242.0,2133.0,4.0,186055.0,1.0,172412.0,22263.0
2025-12-18T17:50:09.689850,3,2.42188647775186,-0.8760324797054722,1.6742184472918182,1188.0,1853.0,4.0,254882.0,1.0,132006.0,23879.0
2025-12-18T17:50:09.791654,4,2.420176405110242,-0.8635341497595697,1.6720056181948306,1103.0,1440.0,4.0,257570.0,1.0,199760.0,30789.0
2025-12-18T17:50:10.488880,0,2.410886205714956,-0.7750506699110022,1.6754346473205737,1108.0,1463.0,4.0,228410.0,1.0,174467.0,27854.0
2025-12-18T17:50:10.590247,1,2.4101502258812246,-0.7620642138574456,1.673718043352514,1249.0,2171.0,4.0,185552.0,1.0,169405.0,22105.0
2025-12-18T17:50:10.689620,2,2.408246429636735,-0.7495633101810566,1.6749878333571415,1194.0,1881.0,4.0,216663.0,1.0,127786.0,21500.0
2025-12-18T17:50:10.792450,3,2.398987824770396,-0.7392278048747942,1.6861771897480868,1160.0,1712.0,4.0,251795.0,1.0,132768.0,24642.0
2025-12-18T17:50:10.890650,4,2.388137145647473,-0.7297393096651676,1.6981031173593881,1096.0,1410.0,4.0,259144.0,1.0,200098.0,31040.0
2025-12-18T17:50:10.991165,5,2.3866720782496813,-0.7168872120499057,1.7000655891458272,1029.0,1112.0,4.0,252478.0,1.0,193308.0,30017.0
2025-12-18T17:50:11.490144,0,2.3784975392050303,-0.6548061252186579,1.6993032817284526,1101.0,1432.0,4.0,227870.0,1.0,171539.0,28091.0
2025-12-18T17:50:11.590346,1,2.3770197554156436,-0.642648576143502,1.7013063167279447,1233.0,2083.0,4.0,185238.0,1.0,172529.0,22475.0
2025-12-18T17:50:11.690504,2,2.3753409542979966,-0.6290921819886304,1.699292435890318,1175.0,1786.0,4.0,217471.0,1.0,128654.0,21949.0
2025-12-18T17:50:11.789978,3,2.373416339570758,-0.6169825763490628,1.6983903095954969,1172.0,1770.0,4.0,254279.0,1.0,134305.0,24319.0
2025-12-18T17:50:11.889393,4,2.372477072903793,-0.6040710335138846,1.6971359707128517,1090.0,1380.0,4.0,262943.0,1.0,204965.0,31304.0
2025-12-18T17:50:11.991397,5,2.3705387641545936,-0.5917415706623409,1.695672943938885,1023.0,1090.0,4.0,249167.0,1.0,195545.0,30252.0
2025-12-18T17:50:12.490153,0,2.362605143856836,-0.5286501204841474,1.6998846409833475,1104.0,1443.0,4.0,226946.0,1.0,175890.0,28005.0
2025-12-18T17:50:12.590637,1,2.361223094594914,-0.5157861334544225,1.6974015591268117,1231.0,2074.0,4.0,187318.0,1.0,173349.0,22513.0
2025-12-18T17:50:12.689628,2,2.35970098555973,-0.5037774494125816,1.6974322488436389,1181.0,1818.0,4.0,215712.0,1.0,127225.0,21793.0
2025-12-18T17:50:12.790572,3,2.3583186352266257,-0.4911056375285505,1.6845364437339356,1159.0,1707.0,4.0,253591.0,1.0,133354.0,24667.0
2025-12-18T17:50:12.890516,4,2.357776821680636,-0.47893164258592413,1.6657672609858603,1085.0,1358.0,4.0,262055.0,1.0,203169.0,31495.0
2025-12-18T17:50:12.991698,5,2.3536759160749927,-0.4600561553448881,1.6442563951450655,1012.0,1043.0,4.0,254882.0,1.0,196874.0,30747.0
2025-12-18T17:50:13.490464,0,2.348686174888565,-0.38760083020893477,1.5136934507257989,1093.0,1395.0,4.0,228178.0,1.0,175474.0,28377.0
2025-12-18T17:50:13.589058,1,2.3504484585761887,-0.37605602235306257,1.487781210916306,1224.0,2039.0,4.0,184862.0,1.0,174644.0,22666.0
2025-12-18T17:50:13.691673,2,2.352107860466605,-0.36332996923844874,1.4606197236278402,1178.0,1800.0,4.0,216297.0,1.0,128350.0,21882.0
2025-12-18T17:50:13.793181,3,2.353058949931807,-0.3507277526278194,1.4385869394542679,1156.0,1691.0,4.0,261612.0,1.0,136458.0,24759.0
2025-12-18T17:50:13.889721,4,2.3553653194855197,-0.339226774708083,1.4123570306940973,1069.0,1286.0,4.0,269612.0,1.0,205660.0,32163.0
2025-12-18T17:50:13.991404,5,2.357974719196875,-0.3275355533526975,1.3824033917783727,1002.0,1001.0,4.0,252820.0,1.0,197943.0,31230.0
2025-12-18T17:50:14.489008,0,2.3741713161474376,-0.2680122655934013,1.261082749278721,1106.0,1457.0,4.0,225873.0,1.0,176009.0,27901.0
2025-12-18T17:50:14.589579,1,2.3661146541533924,-0.2331739470445916,1.259024666518021,1202.0,1922.0,4.0,189102.0,1.0,175296.0,23209.0
2025-12-18T17:50:14.692374,2,2.362984318897297,-0.20943190997008732,1.2343561006602857,1176.0,1793.0,4.0,214692.0,1.0,130629.0,21912.0
2025-12-18T17:50:14.788517,3,2.367310020570324,-0.19729001533767665,1.2054504897516258,1149.0,1658.0,4.0,259144.0,1.0,133760.0,24953.0
2025-12-18T17:50:14.891754,4,2.3714777944750676,-0.1858482153912051,1.184066413341009,1068.0,1283.0,4.0,268065.0,1.0,204203.0,32185.0
2025-12-18T17:50:14.992290,5,2.375660641751365,-0.1742376661596058,1.1552760475130133,1008.0,1027.0,4.0,251029.0,1.0,196674.0,30925.0
2025-12-18T17:50:15.491317,0,2.3928555468305497,-0.0924773213192801,1.032024207969591,1094.0,1397.0,4.0,228024.0,1.0,174703.0,28358.0
2025-12-18T17:50:15.591368,1,2.39030307239425,-0.06109509100488797,1.0153414615599208,1201.0,1917.0,4.0,191161.0,1.0,175058.0,23233.0
2025-12-18T17:50:15.688940,2,2.396551735580152,-0.0509273076632748,0.9898965923827029,1178.0,1799.0,4.0,215420.0,1.0,129265.0,21882.0
2025-12-18T17:50:15.790058,3,2.4032423792891695,-0.04165574933614269,0.9621831237268509,1159.0,1708.0,4.0,254365.0,1.0,135675.0,24659.0
2025-12-18T17:50:15.891015,4,2.4111785835412345,-0.03269877158786505,0.9339030388838256,1073.0,1304.0,4.0,269338.0,1.0,207337.0,31989.0
2025-12-18T17:50:15.990458,5,2.4187775655044295,-0.022217746501373314,0.9122796096459871,995.0,972.0,4.0,253077.0,1.0,200234.0,31570.0
2025-12-18T17:50:16.489193,0,2.4552774285630647,0.033343814929641225,0.7816732507663562,1092.0,1391.0,4.0,230039.0,1.0,177565.0,28406.0
2025-12-18T17:50:16.589154,1,2.4641893632278062,0.040153461930556356,0.7524994600162686,1202.0,1925.0,4.0,189486.0,1.0,177444.0,23194.0
2025-12-18T17:50:16.689491,2,2.4736168062734745,0.04840384492531502,0.7329820610590836,1168.0,1754.0,4.0,217545.0,1.0,129835.0,22105.0
2025-12-18T17:50:16.788987,3,2.4825844298027864,0.057010424766047896,0.7157421728374634,1150.0,1662.0,4.0,257832.0,1.0,135813.0,24927.0
2025-12-18T17:50:16.888893,4,2.492328506198289,0.06567138971938413,0.6881786598531289,1075.0,1314.0,4.0,267250.0,1.0,206217.0,31892.0
2025-12-18T17:50:16.992628,5,2.5022983064680293,0.07272574492273942,0.66050127183431,1010.0,1034.0,4.0,252393.0,1.0,199557.0,30852.0
2025-12-18T17:50:17.488485,0,2.549081152519932,0.1196978063722609,0.5385289932849185,1082.0,1343.0,4.0,231758.0,1.0,177025.0,28793.0
2025-12-18T17:50:17.591873,1,2.5594706762524666,0.12591751652526462,0.5172218001199412,1209.0,1959.0,4.0,186622.0,1.0,175355.0,23029.0
2025-12-18T17:50:17.690559,2,2.570319775386963,0.13158833597837316,0.48773683297106235,1172.0,1772.0,4.0,210590.0,1.0,129967.0,22016.0
2025-12-18T17:50:17.788674,3,2.5813035313141075,0.1371711464809704,0.46366711866021054,1164.0,1731.0,4.0,257222.0,1.0,137106.0,24526.0
2025-12-18T17:50:17.892744,4,2.5920452066397477,0.14293971466123545,0.4430187233143492,1086.0,1363.0,4.0,266888.0,1.0,209382.0,31442.0
2025-12-18T17:50:17.996035,5,2.6090856820599235,0.14726886586363697,0.4052772057838409,1006.0,1018.0,4.0,254882.0,1.0,201321.0,31030.0
2025-12-18T17:50:18.489049,0,2.668430097949374,0.16975570283998564,0.2617083150932625,1091.0,1387.0,4.0,230975.0,1.0,175711.0,28435.0
2025-12-18T17:50:18.591066,1,2.6807388617159997,0.17271704287260592,0.2432601314453423,1191.0,1865.0,4.0,191096.0,1.0,178831.0,23486.0
2025-12-18T17:50:18.688654,2,2.69263883078383,0.17657671602892355,0.22000321968272593,1160.0,1710.0,4.0,220734.0,1.0,130275.0,22323.0
2025-12-18T17:50:18.791552,3,2.705046455917911,0.1786804826446673,0.1904468893484402,1146.0,1643.0,4.0,261612.0,1.0,136597.0,25037.0
2025-12-18T17:50:18.888586,4,2.713196025516522,0.15963186806080953,0.15834116296669937,1080.0,1337.0,4.0,268610.0,1.0,206497.0,31677.0
2025-12-18T17:50:18.990331,5,2.7234262762832344,0.15077172819003115,0.13583910012550193,1009.0,1028.0,4.0,249589.0,1.0,202140.0,30914.0
2025-12-18T17:50:19.491127,0,2.7856724812453333,0.15475968100384874,0.004585332689698336,1086.0,1364.0,4.0,230195.0,1.0,179437.0,28619.0
2025-12-18T17:50:19.587718,1,2.7977313996598348,0.15402882914484461,-0.021693215247054625,1176.0,1792.0,4.0,191939.0,1.0,178227.0,23862.0
2025-12-18T17:50:19.688887,2,2.8067674294217895,0.15597556523772838,-0.03547754272247835,1167.0,1746.0,4.0,222158.0,1.0,130983.0,22143.0
2025-12-18T17:50:19.789111,3,2.8184969132883406,0.15709639393573127,-0.05979522105330866,1138.0,1605.0,4.0,259057.0,1.0,136458.0,25267.0
2025-12-18T17:50:19.889938,4,2.8312080765482435,0.1557747713401374,-0.08835586864669934,1074.0,1308.0,4.0,265177.0,1.0,210021.0,31946.0
2025-12-18T17:50:19.992043,5,2.8438419531240235,0.1544786270211389,-0.11679391096493731,1005.0,1011.0,4.0,257048.0,1.0,197341.0,31103.0
2025-12-18T17:50:20.488744,0,2.8990959746662472,0.14251891205417722,-0.22461858463693854,1066.0,1273.0,4.0,231758.0,1.0,181699.0,29384.0
2025-12-18T17:50:20.590472,2,2.910073413142941,0.13958771128988445,-0.25468220992306795,1149.0,1659.0,4.0,223440.0,1.0,132499.0,22589.0
2025-12-18T17:50:20.690283,4,2.921172952859086,0.13505789648112287,-0.283487785171315,1077.0,1321.0,4.0,268337.0,1.0,209808.0,31827.0
2025-12-18T17:50:20.789556,5,2.9328669998437107,0.13123565564621753,-0.3082548755626645,1009.0,1032.0,4.0,256700.0,1.0,200980.0,30873.0
2025-12-18T17:50:21.490571,0,3.0067721859869696,0.0920298389941705,-0.46452384528464613,1065.0,1270.0,4.0,239980.0,1.0,181637.0,29414.0
2025-12-18T17:50:21.591259,1,3.018658955699328,0.08659441171698856,-0.4888012930439988,1165.0,1736.0,4.0,197809.0,1.0,180534.0,24163.0
2025-12-18T17:50:21.688389,2,3.0291200791764474,0.08087002651281794,-0.5142409631050732,1142.0,1625.0,4.0,223667.0,1.0,134032.0,22773.0
2025-12-18T17:50:21.790613,3,3.038870890451115,0.07389066937280986,-0.545470589441685,1129.0,1561.0,4.0,270434.0,1.0,139919.0,25542.0
2025-12-18T17:50:21.890937,4,3.0491232867633062,0.06727140397824716,-0.5713715133285331,1043.0,1175.0,4.0,274864.0,1.0,213100.0,33282.0
2025-12-18T17:50:21.988960,5,3.060664816944257,0.06111812416050766,-0.5891459440383772,1003.0,1004.0,4.0,254451.0,1.0,198547.0,31188.0
2025-12-18T17:50:22.489326,0,3.102525432860139,0.014610359586450183,-0.7285825168434797,1044.0,1177.0,4.0,244158.0,1.0,183802.0,30283.0
2025-12-18T17:50:22.589616,1,3.111157347227964,0.005987944307376258,-0.7523017070131883,1154.0,1683.0,4.0,197943.0,1.0,183057.0,24459.0
2025-12-18T17:50:22.690393,2,3.1208912711414705,-0.002641398148203411,-0.7728502368713615,1137.0,1603.0,4.0,221482.0,1.0,133987.0,22897.0
2025-12-18T17:50:22.791367,3,3.1286633555785848,-0.011065722415241064,-0.7972995825212096,1110.0,1472.0,4.0,270434.0,1.0,140109.0,26137.0
2025-12-18T17:50:22.888912,4,3.136224416918296,-0.023806355450183725,-0.8321302353260335,1063.0,1261.0,4.0,274957.0,1.0,213677.0,32393.0
2025-12-18T17:50:22.991353,5,3.1445860553708833,-0.044432493533199224,-0.8641738830011846,1005.0,1015.0,4.0,258969.0,1.0,203032.0,31061.0
2025-12-18T17:50:23.488411,0,3.1854160056928755,-0.09346108475235515,-0.9846037013429173,1048.0,1192.0,4.0,240794.0,1.0,184487.0,30129.0
2025-12-18T17:50:23.591071,1,3.191633437078668,-0.1039945785945835,-1.0124813556880135,1146.0,1644.0,4.0,200234.0,1.0,186244.0,24684.0
2025-12-18T17:50:23.690839,2,3.1979768747060664,-0.11455125796963883,-1.0380606617353996,1158.0,1702.0,4.0,225873.0,1.0,132993.0,22361.0
2025-12-18T17:50:23.788716,3,3.203697942664686,-0.1259920589739294,-1.0625518621557153,1118.0,1511.0,4.0,268247.0,1.0,141060.0,25873.0
2025-12-18T17:50:23.889757,4,3.2048015965592658,-0.13862331917306836,-1.1075873252474038,1051.0,1209.0,4.0,278988.0,1.0,216077.0,32923.0
2025-12-18T17:50:23.992099,5,3.2102477835221404,-0.14929034926448792,-1.1345266060184347,990.0,953.0,4.0,251710.0,1.0,205938.0,31784.0
2025-12-18T17:50:24.490630,0,3.231870983354252,-0.2064954282344742,-1.2667604953043263,1040.0,1162.0,4.0,240794.0,1.0,183491.0,30427.0
2025-12-18T17:50:24.591030,1,3.2359651895008774,-0.2186859915022783,-1.2833687496901247,1146.0,1644.0,4.0,201185.0,1.0,186307.0,24684.0
2025-12-18T17:50:24.689149,2,3.238899852303801,-0.23076672770705964,-1.3069025421909082,1160.0,1712.0,4.0,220659.0,1.0,133308.0,22308.0
2025-12-18T17:50:24.792082,3,3.241551947290974,-0.2445170979573006,-1.3198539209773354,1124.0,1539.0,4.0,271443.0,1.0,140441.0,25681.0
2025-12-18T17:50:24.889898,4,3.244256686547468,-0.25650217379229534,-1.322847175575275,1062.0,1258.0,4.0,275702.0,1.0,213677.0,32425.0
2025-12-18T17:50:24.990522,5,3.247503588502372,-0.26865413659939585,-1.331276636469494,990.0,953.0,4.0,255833.0,1.0,201321.0,31784.0
2025-12-18T17:50:25.489362,0,3.263336103353586,-0.3279046424612374,-1.3409689958854776,1056.0,1229.0,4.0,240631.0,1.0,185301.0,29785.0
2025-12-18T17:50:25.590494,1,3.2702994232093427,-0.33539121900387836,-1.3447695361256546,1147.0,1647.0,4.0,195545.0,1.0,185677.0,24667.0
2025-12-18T17:50:25.690144,2,3.2723822650571215,-0.34712384511002115,-1.3662985819832536,1157.0,1696.0,4.0,221707.0,1.0,131872.0,22391.0
2025-12-18T17:50:25.790318,3,3.274860524284925,-0.35948561847562455,-1.3849920860395635,1134.0,1588.0,4.0,264729.0,1.0,139730.0,25370.0
2025-12-18T17:50:25.891300,4,3.27785858098329,-0.37246244865669564,-1.387957468476372,1061.0,1251.0,4.0,280787.0,1.0,213677.0,32491.0
2025-12-18T17:50:25.990203,5,3.2808323503149452,-0.3852722817742583,-1.3941542395004678,995.0,971.0,4.0,259144.0,1.0,206497.0,31570.0
2025-12-18T17:50:26.489639,0,3.2925233453918192,-0.44627958722524674,-1.3976255776899524,1053.0,1215.0,4.0,243251.0,1.0,182376.0,29906.0
2025-12-18T17:50:26.590047,1,3.2947018621989947,-0.458930109982286,-1.3968851800646738,1171.0,1766.0,4.0,199220.0,1.0,184487.0,23992.0
2025-12-18T17:50:26.690230,2,3.296885740405921,-0.47144508081573766,-1.3998521653394966,1161.0,1718.0,4.0,220286.0,1.0,133625.0,22278.0
2025-12-18T17:50:26.794616,3,3.2993183071869616,-0.48472661210129653,-1.401084759990583,1138.0,1604.0,4.0,263210.0,1.0,140109.0,25267.0
2025-12-18T17:50:26.889463,4,3.3016193233380893,-0.49704820006060957,-1.4030679968595285,1063.0,1259.0,4.0,271995.0,1.0,210448.0,32415.0
2025-12-18T17:50:26.990255,5,3.30390864062705,-0.5099302735440491,-1.4132179158303502,991.0,956.0,4.0,260375.0,1.0,207688.0,31752.0
2025-12-18T17:50:27.489269,1,3.3115437859135426,-0.5717459978359285,-1.45872434265909,1166.0,1741.0,4.0,197809.0,1.0,186307.0,24130.0
2025-12-18T17:50:27.590228,2,3.313091064712033,-0.5842009334835191,-1.4594654541134706,1175.0,1786.0,4.0,225491.0,1.0,132051.0,21934.0
2025-12-18T17:50:27.689819,3,3.3146375208573318,-0.596456389590792,-1.4609255440164572,1142.0,1626.0,4.0,266527.0,1.0,139352.0,25131.0
2025-12-18T17:50:27.791045,4,3.315947233186071,-0.6094909814493883,-1.4592055913553297,1072.0,1298.0,4.0,273194.0,1.0,214620.0,32033.0
2025-12-18T17:50:27.889640,5,3.328346979852288,-0.6174205193733479,-1.4403549000803955,984.0,927.0,4.0,265986.0,1.0,207688.0,32109.0
2025-12-18T17:50:28.489354,0,3.3434444995157317,-0.6909140538637935,-1.4320059710309574,1060.0,1248.0,4.0,237395.0,1.0,185426.0,29604.0
2025-12-18T17:50:28.590828,1,3.345377634228875,-0.7044286904907844,-1.43225067938535,1182.0,1823.0,4.0,194358.0,1.0,185238.0,23693.0
2025-12-18T17:50:28.689938,2,3.347225947731273,-0.7172972089295229,-1.4335125003119515,1162.0,1722.0,4.0,223062.0,1.0,133354.0,22255.0
2025-12-18T17:50:28.791547,3,3.348357698146774,-0.7293294787959975,-1.4327638962004847,1139.0,1608.0,4.0,262943.0,1.0,142452.0,25241.0
2025-12-18T17:50:28.891124,4,3.349689684428295,-0.7419830488763217,-1.4325222195922505,1072.0,1298.0,4.0,275889.0,1.0,213100.0,32033.0
2025-12-18T17:50:28.991751,5,3.3512391944808044,-0.75391126912345,-1.4334800173077384,980.0,913.0,4.0,259583.0,1.0,207267.0,32294.0
2025-12-18T17:50:29.490805,0,3.358636217944923,-0.8174706036543359,-1.4379381222694076,1065.0,1268.0,4.0,237878.0,1.0,184612.0,29424.0
2025-12-18T17:50:29.589597,1,3.3607357392596917,-0.8302921581108849,-1.4384444903847615,1179.0,1809.0,4.0,198144.0,1.0,186938.0,23766.0
2025-12-18T17:50:29.689103,3,3.3624563223886614,-0.8435681828081082,-1.4367118016085878,1145.0,1640.0,4.0,267612.0,1.0,141443.0,25046.0
2025-12-18T17:50:29.791527,5,3.3650100407792003,-0.8570393113703021,-1.436984212322242,994.0,967.0,4.0,262232.0,1.0,204757.0,31613.0
2025-12-18T17:50:30.489252,0,3.404903138130681,-0.9427813520204051,-1.4787100414457415,1071.0,1297.0,4.0,236193.0,1.0,184987.0,29166.0
2025-12-18T17:50:30.592271,1,3.406601884776949,-0.9551648276897671,-1.480160926555424,1187.0,1847.0,4.0,196940.0,1.0,185301.0,23565.0
2025-12-18T17:50:30.689779,2,3.4075935019144428,-0.9687653447606026,-1.48090365524841,1167.0,1747.0,4.0,223213.0,1.0,132768.0,22128.0
2025-12-18T17:50:30.790137,3,3.4092659369249194,-0.9814730343810782,-1.4806576296546914,1141.0,1619.0,4.0,264819.0,1.0,140489.0,25173.0
2025-12-18T17:50:30.890433,4,3.4101802188475023,-0.9947224838792741,-1.4816558544367833,1059.0,1242.0,4.0,270251.0,1.0,217766.0,32580.0
2025-12-18T17:50:30.990382,5,3.412238548110569,-1.0076654575564878,-1.4818926877633778,991.0,956.0,4.0,263121.0,1.0,205660.0,31752.0
2025-12-18T17:50:31.490283,0,3.4191417777186466,-1.068958628383916,-1.4069668370938584,1044.0,1179.0,4.0,241038.0,1.0,190129.0,30252.0
2025-12-18T17:50:31.589235,1,3.4213131489845843,-1.0809228699408118,-1.4040104372245263,1168.0,1752.0,4.0,197341.0,1.0,186812.0,24065.0
2025-12-18T17:50:31.690553,2,3.4228578080186676,-1.093824021950241,-1.404758417094744,1167.0,1745.0,4.0,218726.0,1.0,132051.0,22135.0
2025-12-18T17:50:31.788878,3,3.4256849954934356,-1.1058334542232038,-1.4055107598923757,1135.0,1592.0,4.0,269612.0,1.0,141156.0,25336.0
2025-12-18T17:50:31.889237,4,3.4274697466868655,-1.1193917535010482,-1.4055358928428783,1070.0,1293.0,4.0,274864.0,1.0,215202.0,32076.0
2025-12-18T17:50:32.489948,0,3.445080073761636,-1.1653323528045232,-1.4217250356642166,1047.0,1189.0,4.0,239250.0,1.0,187192.0,30150.0
2025-12-18T17:50:32.589265,1,3.4466349250308337,-1.1772933141447275,-1.4465467586975898,1166.0,1740.0,4.0,196076.0,1.0,189038.0,24130.0
2025-12-18T17:50:32.688577,2,3.4469104253475447,-1.1889685611702037,-1.4636803749901357,1156.0,1695.0,4.0,220958.0,1.0,134532.0,22391.0
2025-12-18T17:50:32.791327,3,3.448803538251539,-1.2010775813224874,-1.4688433796491278,1127.0,1554.0,4.0,270069.0,1.0,141395.0,25577.0
2025-12-18T17:50:32.890007,4,3.4502442739090107,-1.2143543176252434,-1.4742775980004443,1061.0,1251.0,4.0,273842.0,1.0,216737.0,32480.0
2025-12-18T17:50:32.990424,5,3.451885617776515,-1.22655087732297,-1.4762441608260497,995.0,973.0,4.0,261081.0,1.0,208322.0,31538.0
2025-12-18T17:50:33.489033,0,3.4581007671368837,-1.2898151926116892,-1.4802292813657205,1052.0,1212.0,4.0,242265.0,1.0,189872.0,29936.0
2025-12-18T17:50:33.591070,1,3.460020780298967,-1.3026284696966823,-1.4827244933501993,1173.0,1777.0,4.0,201798.0,1.0,188527.0,23927.0
2025-12-18T17:50:33.689103,2,3.4612387310240162,-1.3145087150427575,-1.476543273895188,1174.0,1783.0,4.0,216590.0,1.0,132948.0,21949.0
2025-12-18T17:50:33.790434,3,3.4623165848893738,-1.3275909869503009,-1.480256377661985,1135.0,1591.0,4.0,270984.0,1.0,140679.0,25344.0
2025-12-18T17:50:33.890123,4,3.464035290247967,-1.339709673433881,-1.4769929511208595,1077.0,1323.0,4.0,271443.0,1.0,212236.0,31795.0
2025-12-18T17:50:33.990348,5,3.4649431889540256,-1.3528973964605815,-1.4777497505259996,993.0,965.0,4.0,263478.0,1.0,208675.0,31634.0
2025-12-18T17:50:34.490602,0,3.47060716133989,-1.3846402217313978,-1.4549447124112411,1047.0,1189.0,4.0,241774.0,1.0,187636.0,30150.0
2025-12-18T17:50:34.590412,1,3.471596885277597,-1.3970207546188942,-1.450997939242023,1166.0,1742.0,4.0,197809.0,1.0,187826.0,24114.0
2025-12-18T17:50:34.689362,2,3.47350916370371,-1.4104932896572466,-1.4514907210236316,1179.0,1805.0,4.0,223894.0,1.0,133489.0,21837.0
2025-12-18T17:50:34.789357,3,3.4749828273531413,-1.4227562041748973,-1.4509870634868087,1123.0,1534.0,4.0,269612.0,1.0,140822.0,25707.0
2025-12-18T17:50:34.891734,4,3.476612974093227,-1.4360367453036786,-1.4551902563941435,1070.0,1289.0,4.0,273750.0,1.0,212092.0,32109.0
2025-12-18T17:50:34.990060,5,3.478248357641446,-1.4479920025800965,-1.4529589217894403,994.0,967.0,4.0,257309.0,1.0,205590.0,31613.0
2025-12-18T17:50:35.489846,0,3.4844580592302172,-1.511518166247289,-1.4597004447435935,1062.0,1254.0,4.0,239331.0,1.0,186622.0,29544.0
2025-12-18T17:50:35.589803,1,3.486829554524844,-1.5240253215277562,-1.4678686956605906,1174.0,1780.0,4.0,196807.0,1.0,188272.0,23911.0
2025-12-18T17:50:35.689032,2,3.4875079090784684,-1.5363412804045375,-1.4854656444123935,1180.0,1811.0,4.0,223289.0,1.0,132364.0,21808.0
2025-12-18T17:50:35.791374,3,3.4882604683787353,-1.5490949047825227,-1.5084150585059692,1137.0,1603.0,4.0,266617.0,1.0,142403.0,25267.0
2025-12-18T17:50:35.889601,4,3.488739686505916,-1.5615988747365883,-1.518037405054391,1080.0,1338.0,4.0,270434.0,1.0,211233.0,31656.0
2025-12-18T17:50:35.990629,5,3.4894811723129084,-1.5736665813879236,-1.5155573223627854,991.0,957.0,4.0,259671.0,1.0,207969.0,31731.0
2025-12-18T17:50:36.489045,0,3.4837033553041383,-1.6261300189874466,-1.5251376779979442,1055.0,1225.0,4.0,242183.0,1.0,188144.0,29805.0
2025-12-18T17:50:36.590582,1,3.4849033527059454,-1.6389131457119803,-1.5253776530233207,1169.0,1756.0,4.0,199557.0,1.0,190000.0,24041.0
2025-12-18T17:50:36.688811,2,3.4851852509090495,-1.6513771954249936,-1.5238953976007326,1163.0,1728.0,4.0,221707.0,1.0,133760.0,22218.0
2025-12-18T17:50:36.790987,3,3.48595354384023,-1.664842559211093,-1.5266112835244996,1145.0,1640.0,4.0,271168.0,1.0,141682.0,25037.0
2025-12-18T17:50:36.890790,4,3.4865937106384806,-1.6772791772245623,-1.525137811271429,1077.0,1321.0,4.0,272179.0,1.0,211233.0,31806.0
2025-12-18T17:50:36.990785,5,3.4871027599209015,-1.6906231473453541,-1.528591487077855,987.0,940.0,4.0,260728.0,1.0,208110.0,31946.0
2025-12-18T17:50:37.489374,0,3.4891887762497955,-1.752324106819637,-1.5315232298231325,1045.0,1182.0,4.0,242347.0,1.0,189102.0,30211.0
2025-12-18T17:50:37.591702,1,3.489545451520476,-1.7655475898365667,-1.5280924401564409,1155.0,1686.0,4.0,204895.0,1.0,192525.0,24426.0
2025-12-18T17:50:37.690766,2,3.490816560184058,-1.7787831023350107,-1.5292955722293782,1158.0,1705.0,4.0,220734.0,1.0,134396.0,22338.0
2025-12-18T17:50:37.789163,3,3.4909765649603486,-1.7913290433442877,-1.5268311015796876,1128.0,1559.0,4.0,268792.0,1.0,141013.0,25542.0
2025-12-18T17:50:37.892322,4,3.491458577146739,-1.8045551148959453,-1.5263386139278583,1070.0,1292.0,4.0,275422.0,1.0,218209.0,32076.0
2025-12-18T17:50:37.989528,5,3.492191055206675,-1.8173248617836875,-1.5236294504021468,999.0,989.0,4.0,262765.0,1.0,206566.0,31346.0
2025-12-18T17:50:38.488975,0,3.5009799686216034,-1.8840901970936021,-1.5173766266616227,1040.0,1159.0,4.0,245650.0,1.0,191420.0,30437.0
2025-12-18T17:50:38.589153,2,3.5029531505088336,-1.8965754032420812,-1.5153497950467252,1154.0,1681.0,4.0,224349.0,1.0,134623.0,22460.0
2025-12-18T17:50:38.687684,3,3.5029127508079245,-1.9094042080161904,-1.515368865668999,1130.0,1568.0,4.0,266888.0,1.0,142114.0,25482.0
2025-12-18T17:50:38.793690,4,3.504318326891921,-1.9221861704527872,-1.5180885587603394,1060.0,1247.0,4.0,276543.0,1.0,217030.0,32513.0
2025-12-18T17:50:38.889683,5,3.504609744264558,-1.9356087472985744,-1.5163526275926882,992.0,961.0,4.0,265537.0,1.0,206357.0,31677.0
2025-12-18T17:50:39.490226,0,3.5084135150711795,-2.0112449401702928,-1.5230047623555636,1031.0,1122.0,4.0,246150.0,1.0,193308.0,30810.0
2025-12-18T17:50:39.589738,1,3.508274512025727,-2.0241795155899878,-1.5259915356325415,1164.0,1730.0,4.0,203513.0,1.0,190515.0,24179.0
2025-12-18T17:50:39.689325,2,3.509506883723134,-2.0363767396997603,-1.5195583981167347,1161.0,1719.0,4.0,222987.0,1.0,132499.0,22263.0
2025-12-18T17:50:39.788793,3,3.5091170579604434,-2.049070487760884,-1.519064023968934,1135.0,1591.0,4.0,273842.0,1.0,143371.0,25336.0
2025-12-18T17:50:39.889108,4,3.5110128050269456,-2.0614876794826786,-1.5165754031748988,1061.0,1250.0,4.0,274864.0,1.0,212164.0,32491.0
2025-12-18T17:50:39.990611,5,3.5108204948795443,-2.07461212858313,-1.5168310429344631,991.0,957.0,4.0,259495.0,1.0,211090.0,31731.0
2025-12-18T17:50:40.491074,0,3.5193590226394242,-2.1361211866812275,-1.507237484451311,1051.0,1209.0,4.0,244076.0,1.0,194885.0,29956.0
2025-12-18T17:50:40.593119,1,3.5291196633915405,-2.141281733087898,-1.4783080436789375,1177.0,1796.0,4.0,199422.0,1.0,191550.0,23822.0
2025-12-18T17:50:40.687994,2,3.529336189927104,-2.1544527905665865,-1.4805597452909998,1164.0,1732.0,4.0,218726.0,1.0,135217.0,22195.0
2025-12-18T17:50:40.789882,3,3.5315454679485345,-2.1668652733115383,-1.4803057623128935,1143.0,1631.0,4.0,264819.0,1.0,140489.0,25088.0
2025-12-18T17:50:40.888990,4,3.531926662666333,-2.1758036410971324,-1.4790625227491596,1070.0,1291.0,4.0,278327.0,1.0,219097.0,32087.0
2025-12-18T17:50:40.988248,5,3.5342810777805873,-2.1916940987561198,-1.4792552101818555,988.0,946.0,4.0,262587.0,1.0,207127.0,31860.0
2025-12-18T17:50:41.490159,0,3.5389483222844706,-2.2546052627721345,-1.4825769347085482,1054.0,1223.0,4.0,243087.0,1.0,189230.0,29825.0
2025-12-18T17:50:41.592355,1,3.539719504666804,-2.2680962318710374,-1.4838187028921777,1184.0,1831.0,4.0,197943.0,1.0,188463.0,23637.0
2025-12-18T17:50:41.690466,2,3.5408481443259436,-2.280602657692471,-1.482068719879601,1179.0,1806.0,4.0,225415.0,1.0,133987.0,21830.0
2025-12-18T17:50:41.792748,3,3.5414845501887005,-2.294122002925121,-1.4811036923087237,1162.0,1723.0,4.0,266708.0,1.0,139730.0,24551.0
2025-12-18T17:50:41.888985,4,3.5429223262586778,-2.306434731769045,-1.479828938151492,1060.0,1248.0,4.0,275236.0,1.0,216883.0,32502.0
2025-12-18T17:50:41.993454,5,3.5442922477233214,-2.320137936794797,-1.4773733959682847,985.0,932.0,4.0,264640.0,1.0,209382.0,32033.0
2025-12-18T17:50:42.488981,0,3.5512670594775884,-2.3838067748226353,-1.4818531501074872,1069.0,1286.0,4.0,241202.0,1.0,187065.0,29255.0
2025-12-18T17:50:42.590283,1,3.5550177997230197,-2.3989374987367893,-1.4725763308568667,1198.0,1901.0,4.0,196807.0,1.0,187636.0,23288.0
2025-12-18T17:50:42.690827,2,3.5606597850708113,-2.4155272357130144,-1.460866371975585,1188.0,1851.0,4.0,219468.0,1.0,135125.0,21617.0
2025-12-18T17:50:42.789064,3,3.561846586423062,-2.4279934821864737,-1.4593761598870956,1169.0,1754.0,4.0,264103.0,1.0,139872.0,24377.0
2025-12-18T17:50:42.894290,4,3.563477880637185,-2.4412848211586002,-1.4601177887570502,1066.0,1275.0,4.0,274957.0,1.0,212595.0,32239.0
2025-12-18T17:50:42.992269,5,3.564991875932037,-2.4536193764438687,-1.458379459068811,985.0,933.0,4.0,264729.0,1.0,208251.0,32022.0
2025-12-18T17:50:43.489828,0,3.5713385128237576,-2.516989087208774,-1.45987903562959,1073.0,1303.0,4.0,240061.0,1.0,190193.0,29107.0
2025-12-18T17:50:43.591045,1,3.5735570936332515,-2.529617513399839,-1.4611319996643386,1213.0,1978.0,4.0,195545.0,1.0,187065.0,22920.0
2025-12-18T17:50:43.689945,2,3.5742571606611957,-2.5425146912688197,-1.4609015994364147,1179.0,1807.0,4.0,217913.0,1.0,132499.0,21823.0
2025-12-18T17:50:43.788125,4,3.5760923611157214,-2.554730505419105,-1.4614069294293655,1077.0,1322.0,4.0,270984.0,1.0,215493.0,31795.0
2025-12-18T17:50:43.891108,5,3.5772453473230463,-2.5672748332883595,-1.4592000188249517,991.0,958.0,4.0,267974.0,1.0,209240.0,31709.0
2025-12-18T17:50:44.489134,0,3.585788724484132,-2.644489380938108,-1.4611849095495948,1087.0,1367.0,4.0,239169.0,1.0,186622.0,28570.0
2025-12-18T17:50:44.588162,1,3.5860766169837426,-2.657121505501725,-1.4614352553781778,1221.0,2022.0,4.0,194687.0,1.0,183367.0,22720.0
2025-12-18T17:50:44.688382,2,3.5892616665677224,-2.6657851229678804,-1.461070419431739,1207.0,1947.0,4.0,220137.0,1.0,131427.0,21182.0
2025-12-18T17:50:44.793057,3,3.591439502423251,-2.6745107957000744,-1.456669092850634,1176.0,1793.0,4.0,260640.0,1.0,136875.0,24163.0
2025-12-18T17:50:44.891079,4,3.593581685251973,-2.687032690253968,-1.4578902793748785,1083.0,1347.0,4.0,276543.0,1.0,211304.0,31559.0
2025-12-18T17:50:44.990316,5,3.594325206173357,-2.6997791024113313,-1.4546765211940844,989.0,947.0,4.0,260551.0,1.0,212667.0,31849.0
2025-12-18T17:50:45.489025,0,3.6014030289602594,-2.76337672793282,-1.4589104505165775,1096.0,1411.0,4.0,234282.0,1.0,186307.0,28224.0
2025-12-18T17:50:45.589360,1,3.603803767719313,-2.776285871813189,-1.4584015509965813,1227.0,2051.0,4.0,189743.0,1.0,185238.0,22589.0
2025-12-18T17:50:45.689644,2,3.60444567089257,-2.789676777773325,-1.4588907335649266,1214.0,1987.0,4.0,220734.0,1.0,132230.0,21011.0
2025-12-18T17:50:45.790271,3,3.6063309061042936,-2.8014240119281624,-1.4578616521077936,1177.0,1796.0,4.0,262144.0,1.0,138693.0,24147.0
2025-12-18T17:50:45.889702,4,3.6069868761763875,-2.814326814408049,-1.4571487387606836,1093.0,1395.0,4.0,270892.0,1.0,213100.0,31135.0
2025-12-18T17:50:45.991517,5,3.6086145109219867,-2.8262167368203746,-1.4610959989090118,987.0,939.0,4.0,263121.0,1.0,209950.0,31946.0
2025-12-18T17:50:46.491323,1,3.615365992918603,-2.8903822453393753,-1.458143400766432,1250.0,2173.0,4.0,191355.0,1.0,182623.0,22068.0
2025-12-18T17:50:46.591052,2,3.616080508637653,-2.903324958431484,-1.4591770892218816,1213.0,1978.0,4.0,219097.0,1.0,129134.0,21047.0
2025-12-18T17:50:46.689602,3,3.6177557466591104,-2.915869339904006,-1.4601474181302827,1190.0,1862.0,4.0,256787.0,1.0,136274.0,23806.0
2025-12-18T17:50:46.789903,4,3.629254357311991,-2.9246564617477175,-1.4394882967457183,1104.0,1445.0,4.0,267612.0,1.0,210092.0,30716.0
2025-12-18T17:50:46.891876,5,3.6367801044498087,-2.9339609776247233,-1.419410901835841,1004.0,1010.0,4.0,262499.0,1.0,205799.0,31093.0
2025-12-18T17:50:47.490461,0,3.648720273567255,-3.009498782671569,-1.4175068895846368,1111.0,1477.0,4.0,233412.0,1.0,182315.0,27722.0
2025-12-18T17:50:47.588605,1,3.6502256810053666,-3.0220785264005774,-1.416264746119016,1260.0,2228.0,5.0,192264.0,1.0,181822.0,21845.0
2025-12-18T17:50:47.689341,2,3.6519029428567293,-3.034977609471458,-1.4165306630390708,1227.0,2055.0,4.0,215274.0,1.0,130143.0,20728.0
2025-12-18T17:50:47.791430,3,3.6539599955831203,-3.0473697678731186,-1.4177564109514942,1189.0,1857.0,4.0,261346.0,1.0,135675.0,23830.0
2025-12-18T17:50:47.891417,4,3.655552069013421,-3.060089498824113,-1.4177681229868577,1099.0,1421.0,4.0,270526.0,1.0,211233.0,30914.0
2025-12-18T17:50:47.991111,5,3.65800387484002,-3.072094348447642,-1.4219651309418395,1006.0,1019.0,4.0,257832.0,1.0,209524.0,30988.0
2025-12-18T17:50:48.488612,0,3.6662561937208604,-3.1165205921386603,-1.4184974229428844,1109.0,1469.0,4.0,230351.0,1.0,181576.0,27779.0
2025-12-18T17:50:48.590715,1,3.666334829706223,-3.1164134400083343,-1.4189856406352348,1248.0,2164.0,4.0,188017.0,1.0,181269.0,22105.0
2025-12-18T17:50:48.689596,2,3.666116335555964,-3.1162530127343273,-1.417989939919022,1240.0,2121.0,4.0,210947.0,1.0,129923.0,20464.0
2025-12-18T17:50:48.792299,3,3.666169478094867,-3.116291971095959,-1.4182319833751833,1198.0,1903.0,4.0,256093.0,1.0,134532.0,23597.0
2025-12-18T17:50:48.889675,4,3.6690290315073053,-3.123817716928452,-1.4134120030468533,1113.0,1487.0,4.0,264371.0,1.0,210448.0,30375.0
2025-12-18T17:50:48.989784,5,3.6701481631435957,-3.1270003542238127,-1.4113792138834682,1000.0,992.0,4.0,262943.0,1.0,209595.0,31304.0
2025-12-18T17:50:49.490665,0,3.6701481631435904,-3.1270003542238083,-1.4113792138834684,1100.0,1426.0,4.0,229806.0,1.0,185175.0,28100.0
2025-12-18T17:50:49.590323,1,3.6701481631435957,-3.1270003542238127,-1.4113792138834682,1254.0,2196.0,4.0,190773.0,1.0,179134.0,21971.0
2025-12-18T17:50:49.689851,3,3.6701481631435957,-3.1270003542238127,-1.4113792138834682,1197.0,1898.0,4.0,254882.0,1.0,133263.0,23621.0
2025-12-18T17:50:49.789740,4,3.6701481631435957,-3.1270003542238127,-1.4113792138834682,1120.0,1522.0,4.0,266888.0,1.0,205590.0,30099.0
2025-12-18T17:50:49.889558,5,3.6701481631435904,-3.1270003542238083,-1.4113792138834684,1001.0,998.0,4.0,256874.0,1.0,209311.0,31230.0
2025-12-18T17:50:50.489546,0,3.6701481631435904,-3.1270003542238083,-1.4113792138834684,1105.0,1449.0,4.0,235395.0,1.0,183305.0,27930.0
2025-12-18T17:50:50.591301,1,3.6701481631435904,-3.1270003542238083,-1.4113792138834684,1259.0,2220.0,5.0,189872.0,1.0,179985.0,21874.0
2025-12-18T17:50:50.688254,2,3.6701481631435957,-3.1270003542238127,-1.4113792138834682,1221.0,2023.0,4.0,219839.0,1.0,127311.0,20855.0
2025-12-18T17:50:50.791651,3,3.6701481631435904,-3.1270003542238083,-1.4113792138834684,1201.0,1916.0,4.0,257483.0,1.0,135034.0,23534.0
2025-12-18T17:50:50.888895,4,3.6701481631435957,-3.1270003542238127,-1.4113792138834682,1114.0,1493.0,4.0,262587.0,1.0,207407.0,30324.0
2025-12-18T17:50:50.990904,5,3.6701481631435904,-3.1270003542238083,-1.4113792138834684,1018.0,1067.0,4.0,261435.0,1.0,204272.0,30457.0
2025-12-18T17:50:51.490374,0,3.6701481631435957,-3.1270003542238127,-1.4113792138834682,1112.0,1484.0,4.0,229417.0,1.0,183367.0,27666.0
2025-12-18T17:50:51.591656,1,3.6701481631435957,-3.1270003542238127,-1.4113792138834682,1244.0,2143.0,4.0,184925.0,1.0,177084.0,22188.0
2025-12-18T17:50:51.689235,2,3.6701481631435904,-3.1270003542238083,-1.4113792138834684,1205.0,1938.0,4.0,215202.0,1.0,130584.0,21218.0
2025-12-18T17:50:51.790336,3,3.6701481631435904,-3.1270003542238083,-1.4113792138834684,1202.0,1922.0,4.0,251284.0,1.0,133128.0,23502.0
2025-12-18T17:50:51.891172,4,3.6701481631435957,-3.1270003542238127,-1.4113792138834682,1102.0,1437.0,4.0,265537.0,1.0,207969.0,30779.0
2025-12-18T17:50:51.990040,5,3.6701481631435886,-3.1270003542238114,-1.4113792138834689,1001.0,999.0,4.0,258706.0,1.0,206776.0,31219.0
2025-12-18T17:50:52.492622,0,3.6701481631435904,-3.1270003542238083,-1.4113792138834684,1120.0,1522.0,4.0,230195.0,1.0,177986.0,27396.0
2025-12-18T17:50:52.590542,1,3.6701481631435904,-3.1270003542238083,-1.4113792138834684,1263.0,2244.0,5.0,187065.0,1.0,177144.0,21778.0
2025-12-18T17:50:52.690206,2,3.6701481631435957,-3.1270003542238127,-1.4113792138834682,1215.0,1991.0,4.0,215712.0,1.0,130364.0,20990.0
2025-12-18T17:50:52.789155,3,3.6701481631435904,-3.1270003542238083,-1.4113792138834684,1196.0,1891.0,4.0,257309.0,1.0,133308.0,23653.0
2025-12-18T17:50:52.890549,4,3.6701481631435957,-3.1270003542238127,-1.4113792138834682,1096.0,1408.0,4.0,264103.0,1.0,206776.0,31019.0
2025-12-18T17:50:52.992471,5,3.6701481631435904,-3.1270003542238083,-1.4113792138834684,1021.0,1081.0,4.0,259144.0,1.0,204965.0,30313.0
2025-12-18T17:50:53.489518,0,3.6701481631435957,-3.1270003542238127,-1.4113792138834682,1115.0,1495.0,4.0,230351.0,1.0,179255.0,27591.0
2025-12-18T17:50:53.589541,1,3.6701481631435957,-3.1270003542238127,-1.4113792138834682,1269.0,2276.0,5.0,189679.0,1.0,175890.0,21653.0
2025-12-18T17:50:53.688722,2,3.6701481631435904,-3.1270003542238083,-1.4113792138834684,1207.0,1948.0,4.0,212451.0,1.0,129484.0,21175.0
2025-12-18T17:50:53.793076,3,3.6701481631435957,-3.1270003542238127,-1.4113792138834682,1206.0,1941.0,4.0,257483.0,1.0,133760.0,23406.0
2025-12-18T17:50:53.889842,4,3.6701481631435904,-3.1270003542238083,-1.4113792138834684,1105.0,1452.0,4.0,265986.0,1.0,209595.0,30654.0
2025-12-18T17:50:53.990367,5,3.6701481631435904,-3.1270003542238083,-1.4113792138834684,1015.0,1053.0,4.0,261523.0,1.0,205034.0,30612.0
2025-12-18T17:50:54.489183,0,3.6701481631435904,-3.1270003542238083,-1.4113792138834684,1112.0,1484.0,4.0,228024.0,1.0,179863.0,27666.0
2025-12-18T17:50:54.591498,1,3.6701481631435957,-3.1270003542238127,-1.4113792138834682,1267.0,2269.0,5.0,189230.0,1.0,175355.0,21683.0
2025-12-18T17:50:54.688595,2,3.6701481631435904,-3.1270003542238083,-1.4113792138834684,1206.0,1942.0,4.0,208322.0,1.0,129484.0,21197.0
2025-12-18T17:50:54.790698,3,3.6701481631435957,-3.1270003542238127,-1.4113792138834682,1183.0,1826.0,4.0,254623.0,1.0,132499.0,23984.0
2025-12-18T17:50:54.889706,4,3.6701481631435957,-3.1270003542238127,-1.4113792138834682,1095.0,1405.0,4.0,269977.0,1.0,206078.0,31040.0
2025-12-18T17:50:55.490754,0,3.6701481631435904,-3.1270003542238083,-1.4113792138834684,1117.0,1507.0,4.0,231210.0,1.0,180534.0,27498.0
2025-12-18T17:50:55.590048,1,3.6701481631435904,-3.1270003542238083,-1.4113792138834684,1252.0,2184.0,4.0,186938.0,1.0,178106.0,22016.0
2025-12-18T17:50:55.690153,2,3.6701481631435904,-3.1270003542238083,-1.4113792138834684,1213.0,1977.0,4.0,214765.0,1.0,128089.0,21047.0
2025-12-18T17:50:55.789798,3,3.6701481631435957,-3.1270003542238127,-1.4113792138834682,1192.0,1872.0,4.0,256526.0,1.0,134487.0,23750.0
2025-12-18T17:50:55.893330,4,3.6701481631435957,-3.1270003542238127,-1.4113792138834682,1088.0,1373.0,4.0,263745.0,1.0,210305.0,31325.0
2025-12-18T17:50:55.990783,5,3.6701481631435904,-3.1270003542238083,-1.4113792138834684,1011.0,1036.0,4.0,252307.0,1.0,206636.0,30789.0
2025-12-18T17:50:56.489946,0,3.6701481631435904,-3.1270003542238083,-1.4113792138834684,1115.0,1497.0,4.0,230351.0,1.0,177625.0,27573.0
2025-12-18T17:50:56.591280,1,3.6701481631435904,-3.1270003542238083,-1.4113792138834684,1242.0,2130.0,4.0,186938.0,1.0,175177.0,22240.0
