Timestamp,Channel,Pose_X,Pose_Y,Pose_Theta,eCO2,TVOC,AQI,R0,R1,R2,R3
2025-12-18T17:37:19.389766,0,3.734440485561439,-3.380815680835181,1.5639072836488426,1094.0,1399.0,4.0,237958.0,1.0,193177.0,28832.0
2025-12-18T17:37:19.489750,1,3.734440485561439,-3.380815680835181,1.5639072836488426,1231.0,2074.0,4.0,196076.0,1.0,187255.0,22983.0
2025-12-18T17:37:19.590391,3,3.734440485561439,-3.380815680835181,1.5639072836488426,1185.0,1836.0,4.0,267431.0,1.0,143759.0,24459.0
2025-12-18T17:37:19.690385,4,3.734440485561439,-3.380815680835181,1.5639072836488426,1089.0,1375.0,4.0,279082.0,1.0,221033.0,31903.0
2025-12-18T17:37:19.791001,5,3.734440485561439,-3.380815680835181,1.5639072836488426,999.0,988.0,4.0,261081.0,1.0,218209.0,31860.0
2025-12-18T17:37:20.389683,0,3.734440485561439,-3.380815680835181,1.5639072836488426,1101.0,1432.0,4.0,236593.0,1.0,192394.0,28570.0
2025-12-18T17:37:20.488153,1,3.734440485561439,-3.380815680835181,1.5639072836488426,1231.0,2074.0,4.0,200641.0,1.0,189679.0,22983.0
2025-12-18T17:37:20.591962,2,3.734440485561439,-3.380815680835181,1.5639072836488426,1192.0,1874.0,4.0,224577.0,1.0,140774.0,21993.0
2025-12-18T17:37:20.690604,4,3.734440485561439,-3.380815680835181,1.5639072836488426,1091.0,1384.0,4.0,281835.0,1.0,224729.0,31827.0
2025-12-18T17:37:20.790007,5,3.734440485561439,-3.380815680835181,1.5639072836488426,1010.0,1036.0,4.0,266437.0,1.0,217471.0,31304.0
2025-12-18T17:37:21.391208,0,3.734440485561439,-3.380815680835181,1.5639072836488426,1099.0,1421.0,4.0,237315.0,1.0,192199.0,28657.0
2025-12-18T17:37:21.489396,1,3.734440485561439,-3.3808156808351804,1.5639072836488426,1230.0,2070.0,4.0,200437.0,1.0,189294.0,22998.0
2025-12-18T17:37:21.591210,2,3.734440485561439,-3.380815680835181,1.5639072836488426,1193.0,1879.0,4.0,227947.0,1.0,138271.0,21971.0
2025-12-18T17:37:21.690696,3,3.734440485561439,-3.380815680835181,1.5639072836488426,1178.0,1803.0,4.0,266617.0,1.0,143857.0,24634.0
2025-12-18T17:37:21.789037,5,3.734440485561439,-3.380815680835181,1.5639072836488426,1023.0,1087.0,4.0,263835.0,1.0,217987.0,30737.0
2025-12-18T17:37:22.392580,0,3.736137526629951,-3.3162290992849837,1.5623444834389972,1087.0,1370.0,4.0,239169.0,1.0,191485.0,29068.0
2025-12-18T17:37:22.489907,1,3.736010352265352,-3.301815374351849,1.5635728001320581,1232.0,2077.0,4.0,197876.0,1.0,190322.0,22967.0
2025-12-18T17:37:22.590728,2,3.7369253943803757,-3.2898084544060735,1.5603615668205046,1190.0,1860.0,4.0,222233.0,1.0,139352.0,22060.0
2025-12-18T17:37:22.690170,3,3.737704934862423,-3.279119518277871,1.5593782791209105,1185.0,1836.0,4.0,267612.0,1.0,143857.0,24459.0
2025-12-18T17:37:22.790248,4,3.737133371102761,-3.2672520856928724,1.5591417042392457,1096.0,1408.0,4.0,278799.0,1.0,221782.0,31613.0
2025-12-18T17:37:22.890260,5,3.738322733105395,-3.2549041180692555,1.5591350173795766,1013.0,1045.0,4.0,262232.0,1.0,214329.0,31198.0
2025-12-18T17:37:23.390701,0,3.7392843954140367,-3.189494752423079,1.5569060794678198,1099.0,1422.0,4.0,238523.0,1.0,190580.0,28648.0
2025-12-18T17:37:23.489148,1,3.739661894512832,-3.1773564887515704,1.556408216314872,1225.0,2040.0,4.0,200437.0,1.0,187572.0,23131.0
2025-12-18T17:37:23.588636,2,3.74050825458003,-3.164655835721429,1.5564035989110516,1193.0,1875.0,4.0,226026.0,1.0,137711.0,21986.0
2025-12-18T17:37:23.693082,3,3.7405934077703593,-3.152297125988061,1.5569060161739086,1184.0,1833.0,4.0,264729.0,1.0,144003.0,24476.0
2025-12-18T17:37:23.792194,4,3.7410972747470317,-3.139434550715818,1.5571362201726264,1087.0,1367.0,4.0,276918.0,1.0,221707.0,31979.0
2025-12-18T17:37:23.889117,5,3.740701475647081,-3.127383763263119,1.5566788286510607,1014.0,1052.0,4.0,266979.0,1.0,216004.0,31124.0
2025-12-18T17:37:24.392179,0,3.7416266644453833,-3.0629543696962913,1.553720781242309,1101.0,1433.0,4.0,236513.0,1.0,193047.0,28560.0
2025-12-18T17:37:24.488656,1,3.7412801704525727,-3.049356219765222,1.5547039875577908,1237.0,2105.0,4.0,198883.0,1.0,189679.0,22843.0
2025-12-18T17:37:24.591216,2,3.7419543908304522,-3.036922845603417,1.5561742770442588,1188.0,1850.0,4.0,229340.0,1.0,139966.0,22105.0
2025-12-18T17:37:24.689888,3,3.741613591474488,-3.024117275042656,1.5554452373741743,1183.0,1825.0,4.0,267974.0,1.0,144687.0,24517.0
2025-12-18T17:37:24.791267,4,3.7415869299916062,-3.0117512741683155,1.5552355804608546,1088.0,1370.0,4.0,277105.0,1.0,223440.0,31946.0
2025-12-18T17:37:24.889754,5,3.724935724976722,-2.987005784654348,1.5579352082444424,1017.0,1064.0,4.0,267431.0,1.0,216663.0,30988.0
2025-12-18T17:37:25.390158,1,3.7039901275202207,-2.909556166359947,1.5642736712544114,1220.0,2014.0,4.0,199963.0,1.0,191679.0,23249.0
2025-12-18T17:37:25.489592,2,3.7044989449663737,-2.896931321262182,1.5635160631521654,1203.0,1930.0,4.0,224046.0,1.0,140061.0,21734.0
2025-12-18T17:37:25.591246,3,3.704351325759801,-2.8839431501345727,1.5642585175221675,1186.0,1842.0,4.0,266527.0,1.0,145472.0,24426.0
2025-12-18T17:37:25.689179,4,3.7043753368748686,-2.8713631407830524,1.5654932392820615,1088.0,1372.0,4.0,280218.0,1.0,221858.0,31925.0
2025-12-18T17:37:25.789324,5,3.7037399939661397,-2.85845254665962,1.563254598440249,1019.0,1071.0,4.0,265896.0,1.0,215712.0,30914.0
2025-12-18T17:37:26.391399,0,3.7010383639318185,-2.795382293136095,1.6572368570239036,1087.0,1368.0,4.0,236513.0,1.0,191939.0,29077.0
2025-12-18T17:37:26.490004,1,3.699361339304957,-2.7815760034013794,1.6648173304750935,1220.0,2014.0,4.0,199287.0,1.0,187572.0,23249.0
2025-12-18T17:37:26.590626,2,3.697638634328975,-2.7690084045584675,1.6680330546531903,1193.0,1878.0,4.0,227100.0,1.0,139588.0,21971.0
2025-12-18T17:37:26.690245,3,3.6966738531068777,-2.757029043298128,1.6650661106974542,1177.0,1797.0,4.0,264729.0,1.0,142307.0,24667.0
2025-12-18T17:37:26.790818,4,3.6958851475637493,-2.7455597502909668,1.6655754764962987,1092.0,1388.0,4.0,280123.0,1.0,223591.0,31784.0
2025-12-18T17:37:26.889002,5,3.6951790683127292,-2.733098450168738,1.666080965345686,1012.0,1041.0,4.0,266527.0,1.0,218430.0,31240.0
2025-12-18T17:37:27.389381,0,3.663476684684875,-2.6812583160880505,1.7036389932928944,1095.0,1406.0,4.0,236513.0,1.0,193047.0,28774.0
2025-12-18T17:37:27.488130,1,3.662462425359807,-2.668590766144745,1.7036664625609645,1227.0,2054.0,4.0,201525.0,1.0,188974.0,23068.0
2025-12-18T17:37:27.590820,2,3.660613654454499,-2.6559221059003146,1.703405597217139,1186.0,1842.0,4.0,227870.0,1.0,139824.0,22143.0
2025-12-18T17:37:27.690586,3,3.6594246848996614,-2.644027768636212,1.7039254080560184,1179.0,1807.0,4.0,270251.0,1.0,146510.0,24609.0
2025-12-18T17:37:27.791813,4,3.658240428700382,-2.630934150902301,1.704431416949363,1087.0,1365.0,4.0,278139.0,1.0,224349.0,31989.0
2025-12-18T17:37:27.890088,5,3.6565211120227525,-2.6188065140490844,1.7039471879345809,1010.0,1035.0,4.0,263478.0,1.0,217766.0,31304.0
2025-12-18T17:37:28.391087,0,3.647984849017564,-2.5559154609482535,1.7021921529236785,1094.0,1399.0,4.0,237074.0,1.0,191615.0,28823.0
2025-12-18T17:37:28.489942,1,3.645830557009359,-2.543186006898595,1.6992075405029512,1210.0,1965.0,4.0,199827.0,1.0,189294.0,23478.0
2025-12-18T17:37:28.591775,2,3.644657763548355,-2.5302915558892662,1.6987340638936077,1192.0,1870.0,4.0,225415.0,1.0,140774.0,22008.0
2025-12-18T17:37:28.689558,3,3.642363885260668,-2.517402766513386,1.6989696021856675,1191.0,1867.0,4.0,268247.0,1.0,145079.0,24294.0
2025-12-18T17:37:28.792206,4,3.640628716580287,-2.5047316448580794,1.7019441067291239,1087.0,1369.0,4.0,277669.0,1.0,220734.0,31957.0
2025-12-18T17:37:28.890712,5,3.638751577707022,-2.4919966803927713,1.7009823837860272,1009.0,1032.0,4.0,266257.0,1.0,217471.0,31346.0
2025-12-18T17:37:29.392132,0,3.6063067576266006,-2.4051349146475722,1.7572338545191992,1098.0,1419.0,4.0,238281.0,1.0,194226.0,28667.0
2025-12-18T17:37:29.489680,1,3.6047423652394026,-2.392934506238976,1.7585069831180455,1230.0,2071.0,4.0,199692.0,1.0,189230.0,22990.0
2025-12-18T17:37:29.592533,2,3.6026664778797675,-2.3801772757710333,1.7614329788114138,1197.0,1895.0,4.0,227715.0,1.0,138693.0,21889.0
2025-12-18T17:37:29.689945,3,3.599833130727503,-2.367344848502928,1.7569845714768333,1173.0,1775.0,4.0,271995.0,1.0,144198.0,24784.0
2025-12-18T17:37:29.794118,4,3.597389470680922,-2.354530721914519,1.7452687164314917,1090.0,1381.0,4.0,275982.0,1.0,223364.0,31849.0
2025-12-18T17:37:29.890224,5,3.5951583568894216,-2.342620013990067,1.7208177197271732,1019.0,1071.0,4.0,260023.0,1.0,218504.0,30914.0
2025-12-18T17:37:30.391516,0,3.586730580530192,-2.2792908829202143,1.695454832346389,1094.0,1398.0,4.0,238119.0,1.0,192655.0,28832.0
2025-12-18T17:37:30.489818,1,3.585287549763339,-2.2666748889104005,1.6967212740556086,1228.0,2059.0,4.0,201185.0,1.0,188527.0,23045.0
2025-12-18T17:37:30.592247,2,3.583372966739187,-2.2538078304723457,1.694738638050727,1178.0,1799.0,4.0,226256.0,1.0,140679.0,22346.0
2025-12-18T17:37:30.690797,3,3.582052164283008,-2.2416519590212647,1.6962457489996468,1182.0,1822.0,4.0,270251.0,1.0,143857.0,24526.0
2025-12-18T17:37:30.791149,4,3.580094377819943,-2.228818736620811,1.6954862581783694,1101.0,1432.0,4.0,277669.0,1.0,222309.0,31399.0
2025-12-18T17:37:30.889685,5,3.578276502573181,-2.2165010457817877,1.6960212383906104,1012.0,1043.0,4.0,269429.0,1.0,218061.0,31219.0
2025-12-18T17:37:31.391285,0,3.538791872551438,-2.1461927736302657,1.736088805381133,1089.0,1375.0,4.0,234917.0,1.0,193439.0,29018.0
2025-12-18T17:37:31.491197,1,3.5370423690106154,-2.133750583232199,1.714130095735503,1230.0,2071.0,4.0,199692.0,1.0,188910.0,22990.0
2025-12-18T17:37:31.591700,2,3.535321548848677,-2.120852768554327,1.696079518846522,1201.0,1916.0,4.0,226409.0,1.0,139163.0,21793.0
2025-12-18T17:37:31.690785,3,3.5330271245584757,-2.1089015356646623,1.6928974320090764,1171.0,1767.0,4.0,263656.0,1.0,142596.0,24826.0
2025-12-18T17:37:31.791103,4,3.5318716377257147,-2.0958576778760762,1.6876848608647046,1091.0,1384.0,4.0,282599.0,1.0,223364.0,31817.0
2025-12-18T17:37:31.891315,5,3.53014108849643,-2.0838567131542742,1.6874763746522177,1018.0,1069.0,4.0,263389.0,1.0,216004.0,30935.0
2025-12-18T17:37:32.391977,0,3.523511026185283,-2.020583585433399,1.6844735645341373,1099.0,1424.0,4.0,235156.0,1.0,193767.0,28628.0
2025-12-18T17:37:32.490557,2,3.5218694494872658,-2.007778756905405,1.6815322581114915,1203.0,1929.0,4.0,227561.0,1.0,139399.0,21734.0
2025-12-18T17:37:32.590435,3,3.521152839128754,-1.9953383234839406,1.683022179301177,1177.0,1798.0,4.0,270526.0,1.0,146411.0,24659.0
2025-12-18T17:37:32.689645,4,3.5194276732103393,-1.9825650019336147,1.6805236696155603,1095.0,1402.0,4.0,279176.0,1.0,222534.0,31656.0
2025-12-18T17:37:32.790739,5,3.5175576390210783,-1.970394098746083,1.6832591796339615,1006.0,1016.0,4.0,269977.0,1.0,220137.0,31527.0
2025-12-18T17:37:33.390032,0,3.478298454920843,-1.8721903260710544,1.7118595419267202,1089.0,1375.0,4.0,239655.0,1.0,192329.0,29018.0
2025-12-18T17:37:33.490646,1,3.4769011246320782,-1.8593673079807393,1.7130821601113748,1227.0,2051.0,4.0,202551.0,1.0,191032.0,23076.0
2025-12-18T17:37:33.589939,2,3.4749372124385256,-1.847262039425072,1.710842362862844,1200.0,1914.0,4.0,220809.0,1.0,139588.0,21801.0
2025-12-18T17:37:33.692215,3,3.4732889161045604,-1.8346975293727796,1.7140569559380339,1165.0,1737.0,4.0,266527.0,1.0,144589.0,24995.0
2025-12-18T17:37:33.790738,4,3.4711738726656987,-1.821595848714401,1.7098666148283024,1095.0,1402.0,4.0,278327.0,1.0,218652.0,31656.0
2025-12-18T17:37:33.890109,5,3.46927151699744,-1.8094071491710768,1.71287674802137,1017.0,1065.0,4.0,266527.0,1.0,218504.0,30977.0
2025-12-18T17:37:34.391212,0,3.460938091425344,-1.7464265807682438,1.7142780661959038,1100.0,1426.0,4.0,237797.0,1.0,192525.0,28609.0
2025-12-18T17:37:34.490094,1,3.4588580112634695,-1.7340127615133563,1.7137877364314535,1214.0,1985.0,4.0,200573.0,1.0,191226.0,23383.0
2025-12-18T17:37:34.591542,2,3.457261254501982,-1.7209890594049635,1.715265046254926,1205.0,1940.0,4.0,222158.0,1.0,139399.0,21683.0
2025-12-18T17:37:34.690544,3,3.455246717068501,-1.708473956419511,1.7147637182584503,1172.0,1773.0,4.0,264998.0,1.0,144736.0,24793.0
2025-12-18T17:37:34.791624,4,3.452971905720733,-1.6954924230147181,1.71623829302669,1087.0,1367.0,4.0,272640.0,1.0,222534.0,31968.0
2025-12-18T17:37:34.891020,5,3.451011748480699,-1.682730380687142,1.713752066786603,1008.0,1027.0,4.0,264460.0,1.0,219691.0,31399.0
2025-12-18T17:37:35.390909,0,3.427201268775723,-1.6231605809241154,1.7258122335806698,1087.0,1366.0,4.0,238119.0,1.0,195678.0,29087.0
2025-12-18T17:37:35.489382,1,3.4255526279665425,-1.6089917375358682,1.7253038007299093,1227.0,2051.0,4.0,199827.0,1.0,190838.0,23076.0
2025-12-18T17:37:35.592734,2,3.4233135972266338,-1.5973567506362827,1.724524844147634,1199.0,1908.0,4.0,221557.0,1.0,140061.0,21830.0
2025-12-18T17:37:35.690398,3,3.4214413021475236,-1.5847703063783118,1.7259570486311724,1166.0,1741.0,4.0,269247.0,1.0,145374.0,24970.0
2025-12-18T17:37:35.789188,4,3.419033040913123,-1.571713015120421,1.722477647290785,1097.0,1414.0,4.0,280218.0,1.0,221482.0,31549.0
2025-12-18T17:37:35.890701,5,3.417246950285637,-1.5591976418009503,1.7252241579036436,1006.0,1016.0,4.0,260375.0,1.0,218209.0,31527.0
2025-12-18T17:37:36.390035,0,3.407101289135713,-1.496481704506656,1.7195273076045017,1100.0,1425.0,4.0,237797.0,1.0,190258.0,28619.0
2025-12-18T17:37:36.489674,1,3.4050628708299286,-1.4842980300023667,1.7244651934357118,1222.0,2027.0,4.0,201048.0,1.0,190838.0,23186.0
2025-12-18T17:37:36.591204,2,3.4031502369901756,-1.4713176353588224,1.7229582528490197,1196.0,1895.0,4.0,225797.0,1.0,140156.0,21889.0
2025-12-18T17:37:36.690599,3,3.4005621523643175,-1.4587923763641353,1.7239906070394269,1181.0,1819.0,4.0,268337.0,1.0,144834.0,24542.0
2025-12-18T17:37:36.791460,4,3.3985958780024896,-1.4455022577874213,1.7239562860240045,1087.0,1369.0,4.0,276356.0,1.0,223591.0,31946.0
2025-12-18T17:37:36.890782,5,3.396340045381529,-1.4333226255636877,1.7249650774430174,1014.0,1050.0,4.0,265896.0,1.0,217324.0,31135.0
2025-12-18T17:37:37.390147,0,3.3614381882019093,-1.3788050478224294,1.762017648441147,1099.0,1422.0,4.0,239169.0,1.0,195083.0,28638.0
2025-12-18T17:37:37.488804,1,3.359378290923205,-1.3663489047218902,1.757300294475913,1210.0,1966.0,4.0,201935.0,1.0,189551.0,23470.0
2025-12-18T17:37:37.589888,2,3.3571025552486318,-1.354609532835219,1.7615180979085274,1190.0,1863.0,4.0,226026.0,1.0,140584.0,22038.0
2025-12-18T17:37:37.688911,3,3.3545484561801184,-1.3413562855546939,1.758031024265782,1178.0,1802.0,4.0,267521.0,1.0,146708.0,24634.0
2025-12-18T17:37:37.789805,4,3.351899898219485,-1.329109883469521,1.7592849750897652,1096.0,1410.0,4.0,280502.0,1.0,222534.0,31581.0
2025-12-18T17:37:37.890025,5,3.3497460905512106,-1.316103099199155,1.759498136292511,1018.0,1065.0,4.0,266527.0,1.0,219542.0,30967.0
2025-12-18T17:37:38.388610,0,3.3376828472075433,-1.2543816817497215,1.7732913501891123,1101.0,1433.0,4.0,239007.0,1.0,192460.0,28551.0
2025-12-18T17:37:38.488263,1,3.3349056886221167,-1.2418017987191479,1.7956018478089533,1223.0,2032.0,4.0,201185.0,1.0,191809.0,23162.0
2025-12-18T17:37:38.590743,2,3.332012403522031,-1.2298812222636366,1.808894523470411,1199.0,1909.0,4.0,227484.0,1.0,140489.0,21823.0
2025-12-18T17:37:38.689545,3,3.3287736188362484,-1.217826573390636,1.8123627068430197,1164.0,1731.0,4.0,268792.0,1.0,144247.0,25029.0
2025-12-18T17:37:38.790867,4,3.3255800389438184,-1.2055410192326224,1.8170572503436722,1082.0,1343.0,4.0,277105.0,1.0,222911.0,32185.0
2025-12-18T17:37:38.889933,5,3.3226965677156506,-1.1935054488480081,1.8163002326885687,1004.0,1007.0,4.0,269612.0,1.0,218135.0,31623.0
2025-12-18T17:37:39.391265,0,3.296583664140061,-1.133476808381848,1.7200059513888162,1095.0,1404.0,4.0,235873.0,1.0,195149.0,28784.0
2025-12-18T17:37:39.489773,1,3.294715413978733,-1.1221483348318784,1.7044563790663751,1204.0,1935.0,4.0,201867.0,1.0,190322.0,23621.0
2025-12-18T17:37:39.590230,3,3.2931980493142485,-1.1096330284397835,1.6882264019282358,1184.0,1834.0,4.0,269247.0,1.0,146312.0,24459.0
2025-12-18T17:37:39.690296,4,3.291809785062429,-1.0976879573573664,1.6867503233364105,1093.0,1397.0,4.0,280218.0,1.0,224273.0,31698.0
2025-12-18T17:37:39.790143,5,3.2901034156443068,-1.084323570195537,1.6849884691764987,1014.0,1051.0,4.0,261523.0,1.0,219988.0,31124.0
2025-12-18T17:37:40.391780,0,3.280655015934157,-1.0086907885830274,1.684517094140386,1096.0,1407.0,4.0,238603.0,1.0,195810.0,28754.0
2025-12-18T17:37:40.490329,1,3.2789885703018684,-0.9957694490041233,1.684014268370178,1216.0,1998.0,4.0,200369.0,1.0,190709.0,23319.0
2025-12-18T17:37:40.592729,2,3.2770866054263523,-0.9833207090879319,1.6849940911149648,1180.0,1811.0,4.0,228565.0,1.0,140251.0,22285.0
2025-12-18T17:37:40.692430,3,3.2755936324954633,-0.970714940155899,1.6847234088351353,1167.0,1747.0,4.0,269338.0,1.0,146708.0,24936.0
2025-12-18T17:37:40.790175,4,3.274517134243368,-0.9589962471411275,1.6891562102926774,1089.0,1377.0,4.0,286645.0,1.0,222685.0,31871.0
2025-12-18T17:37:40.890283,5,3.273045575611514,-0.946163183628097,1.6869060414905876,1017.0,1064.0,4.0,259407.0,1.0,219097.0,30977.0
2025-12-18T17:37:41.391116,0,3.252691555315664,-0.8981811602504535,1.6960517239604125,1097.0,1412.0,4.0,237315.0,1.0,194161.0,28716.0
2025-12-18T17:37:41.488387,1,3.244014487513188,-0.8926159686687973,1.7011599976925493,1206.0,1944.0,4.0,205312.0,1.0,193177.0,23573.0
2025-12-18T17:37:41.590698,2,3.2425284806333576,-0.8792846705056796,1.6959505557671601,1187.0,1846.0,4.0,225339.0,1.0,141013.0,22113.0
2025-12-18T17:37:41.690453,3,3.2409569233138953,-0.8665511424411063,1.69916720095619,1157.0,1697.0,4.0,270434.0,1.0,145620.0,25224.0
2025-12-18T17:37:41.792009,4,3.2392755021528985,-0.8531032029513077,1.6944222447524577,1079.0,1333.0,4.0,277293.0,1.0,223516.0,32272.0
2025-12-18T17:37:42.390162,0,3.232804590427235,-0.7795690723782953,1.6907437817045115,1084.0,1354.0,4.0,240387.0,1.0,195017.0,29186.0
2025-12-18T17:37:42.489701,1,3.2303835335716027,-0.7666630529621807,1.6906908167634904,1223.0,2033.0,4.0,202346.0,1.0,191550.0,23154.0
2025-12-18T17:37:42.593799,2,3.228406132864127,-0.7531187012997616,1.6929228042000029,1183.0,1826.0,4.0,229650.0,1.0,140298.0,22210.0
2025-12-18T17:37:42.690707,3,3.226438668357324,-0.7398428756218363,1.6931636276904625,1170.0,1763.0,4.0,269247.0,1.0,147805.0,24843.0
2025-12-18T17:37:42.789736,4,3.2247866497856177,-0.7269807185842105,1.6978605721683877,1085.0,1359.0,4.0,280313.0,1.0,224273.0,32033.0
2025-12-18T17:37:42.891231,5,3.222718307559726,-0.7134070528322254,1.6961227007327708,997.0,982.0,4.0,264998.0,1.0,221183.0,31925.0
2025-12-18T17:37:43.390462,0,3.210914203615186,-0.6452446718339293,1.7011862834916676,1088.0,1371.0,4.0,239899.0,1.0,193439.0,29048.0
2025-12-18T17:37:43.489459,1,3.189812088116753,-0.594353547104733,1.7037151447305072,1203.0,1927.0,4.0,202140.0,1.0,190515.0,23653.0
2025-12-18T17:37:43.590886,2,3.1838463956703618,-0.5742416646280026,1.7003455159381136,1180.0,1812.0,4.0,229184.0,1.0,142452.0,22278.0
2025-12-18T17:37:43.689805,4,3.182336208993875,-0.5624898149226643,1.7055417492258738,1079.0,1331.0,4.0,282026.0,1.0,222836.0,32294.0
2025-12-18T17:37:43.790953,5,3.1804242891622496,-0.549850419656758,1.7070201818461763,1005.0,1015.0,4.0,271719.0,1.0,217177.0,31527.0
2025-12-18T17:37:44.389914,1,3.1686009028350965,-0.4724606094928472,1.7094451334221665,1204.0,1934.0,4.0,204895.0,1.0,192264.0,23621.0
2025-12-18T17:37:44.490568,2,3.16689614192095,-0.46010478210600025,1.7100362736177783,1180.0,1812.0,4.0,229107.0,1.0,140489.0,22278.0
2025-12-18T17:37:44.591775,3,3.1648753602366444,-0.44710359845913317,1.7095512320704718,1170.0,1761.0,4.0,270892.0,1.0,146064.0,24851.0
2025-12-18T17:37:44.690679,4,3.1636580162729855,-0.434852314072947,1.7106130581431729,1082.0,1343.0,4.0,278704.0,1.0,226179.0,32185.0
2025-12-18T17:37:44.791045,5,3.161378728868206,-0.4222258464036579,1.7140501183621235,1000.0,993.0,4.0,269338.0,1.0,217987.0,31784.0
2025-12-18T17:37:45.389632,0,3.145313295450531,-0.3477792875350354,1.8402925935350432,1104.0,1443.0,4.0,238119.0,1.0,192655.0,28474.0
2025-12-18T17:37:45.490213,1,3.1309088261093385,-0.33029597885072715,1.8734519363531887,1202.0,1922.0,4.0,201525.0,1.0,193570.0,23677.0
2025-12-18T17:37:45.590415,2,3.0969805232906853,-0.30287037278418794,1.9284725302806118,1180.0,1813.0,4.0,231132.0,1.0,139966.0,22270.0
2025-12-18T17:37:45.689834,3,3.093488593210653,-0.2917481018215957,1.9533029418805368,1156.0,1693.0,4.0,269612.0,1.0,147007.0,25241.0
2025-12-18T17:37:45.788733,4,3.0886922161271624,-0.28057749366482954,1.9750011648284684,1071.0,1295.0,4.0,286160.0,1.0,224729.0,32635.0
2025-12-18T17:37:45.890957,5,3.08341067760273,-0.2696742246638193,1.998264132453819,1003.0,1007.0,4.0,272917.0,1.0,221407.0,31623.0
2025-12-18T17:37:46.390796,0,3.0531473005251923,-0.2141246257941538,2.133013758382768,1084.0,1353.0,4.0,240468.0,1.0,195215.0,29196.0
2025-12-18T17:37:46.489623,1,3.0464880638103184,-0.202694964696974,2.1582083884666,1199.0,1908.0,4.0,206706.0,1.0,191355.0,23750.0
2025-12-18T17:37:46.591391,2,3.0396577567370997,-0.19254108020287886,2.1827089469723457,1174.0,1781.0,4.0,225568.0,1.0,141204.0,22429.0
2025-12-18T17:37:46.690548,3,3.009332822544482,-0.16888426536158896,2.236881786567894,1167.0,1749.0,4.0,272179.0,1.0,148256.0,24919.0
2025-12-18T17:37:46.791271,4,2.9829445672860104,-0.14788634472473472,2.285952582682095,1060.0,1248.0,4.0,281549.0,1.0,227561.0,33102.0
2025-12-18T17:37:46.888296,5,2.974641446468193,-0.13878755835862577,2.3135305720579775,1001.0,996.0,4.0,267250.0,1.0,219022.0,31752.0
2025-12-18T17:37:47.390635,0,2.929644634014855,-0.09699830463472159,2.4339864386628793,1076.0,1318.0,4.0,240712.0,1.0,194358.0,29484.0
2025-12-18T17:37:47.490152,1,2.9069432472351613,-0.07594350420427842,2.476732585096177,1204.0,1935.0,4.0,203651.0,1.0,193570.0,23613.0
2025-12-18T17:37:47.591154,2,2.8920108044651434,-0.06282320957360721,2.5076310263246486,1172.0,1772.0,4.0,228255.0,1.0,143711.0,22475.0
2025-12-18T17:37:47.690372,3,2.8814986849406146,-0.0560552086685604,2.531878268163592,1162.0,1721.0,4.0,270526.0,1.0,146560.0,25080.0
2025-12-18T17:37:47.790734,4,2.871454839896397,-0.04939759327342674,2.5605064767689134,1080.0,1335.0,4.0,284615.0,1.0,223667.0,32250.0
2025-12-18T17:37:47.889984,5,2.8619053874484455,-0.04202408544850478,2.5902012105486802,998.0,985.0,4.0,267159.0,1.0,223138.0,31881.0
2025-12-18T17:37:48.390705,0,2.8018126930838,-0.015859106881243257,2.7364115320351647,1089.0,1376.0,4.0,238765.0,1.0,194489.0,28999.0
2025-12-18T17:37:48.491448,1,2.785208841762109,-0.014276570554785373,2.760084147173659,1208.0,1955.0,4.0,205312.0,1.0,194226.0,23518.0
2025-12-18T17:37:48.590028,2,2.772428640462194,-0.010374842455270095,2.782877723666855,1158.0,1703.0,4.0,229417.0,1.0,143225.0,22827.0
2025-12-18T17:37:48.689346,3,2.760169619375908,-0.0056884017135652165,2.8080606755412,1162.0,1722.0,4.0,275236.0,1.0,148306.0,25071.0
2025-12-18T17:37:48.791750,4,2.7523142511065757,-0.003972728935651482,2.8205901216570304,1057.0,1233.0,4.0,290159.0,1.0,231445.0,33248.0
2025-12-18T17:37:48.889152,5,2.750046487225354,-0.0048012332530662505,2.8211273325744144,989.0,948.0,4.0,273009.0,1.0,226716.0,32338.0
2025-12-18T17:37:49.391296,0,2.7236101002331607,0.0065180990614539525,2.874204446949549,1082.0,1345.0,4.0,241774.0,1.0,196807.0,29255.0
2025-12-18T17:37:49.489519,1,2.710153822569982,0.009751904847993487,2.9139382331058936,1183.0,1826.0,4.0,204757.0,1.0,193964.0,24163.0
2025-12-18T17:37:49.589644,2,2.6955890368484,0.011893881628782577,2.952732259227319,1153.0,1680.0,4.0,227176.0,1.0,145620.0,22951.0
2025-12-18T17:37:49.689379,3,2.680137910386591,0.014629182107049221,2.975444368382341,1141.0,1620.0,4.0,273935.0,1.0,147555.0,25681.0
2025-12-18T17:37:49.789715,4,2.665456103104008,0.01637762653938024,2.995445042788423,1052.0,1211.0,4.0,286645.0,1.0,232544.0,33474.0
2025-12-18T17:37:49.890299,5,2.651726268603781,0.018186199436430073,3.0197440920866194,985.0,933.0,4.0,272825.0,1.0,224729.0,32524.0
2025-12-18T17:37:50.392120,0,2.5940722670268994,0.025931591483269845,-3.127246077065921,1088.0,1374.0,4.0,241120.0,1.0,194095.0,29018.0
2025-12-18T17:37:50.489829,1,2.5843740218288147,-0.0024233926695829133,-3.0971646665517834,1192.0,1873.0,4.0,204965.0,1.0,195017.0,23919.0
2025-12-18T17:37:50.591112,2,2.571617583841599,-0.010318431604269485,-3.070558151102769,1150.0,1664.0,4.0,234758.0,1.0,145620.0,23037.0
2025-12-18T17:37:50.690025,3,2.558353689426565,-0.011361144228532627,-3.046851747491773,1138.0,1608.0,4.0,274213.0,1.0,150073.0,25759.0
2025-12-18T17:37:50.789574,4,2.5456943341499922,-0.013053059185275107,-3.0230963352215174,1047.0,1189.0,4.0,296412.0,1.0,233886.0,33712.0
2025-12-18T17:37:50.892052,5,2.5333419759443587,-0.014236454844696933,-2.99532820083525,983.0,924.0,4.0,268792.0,1.0,228333.0,32635.0
2025-12-18T17:37:51.390167,0,2.479746167492872,-0.04305029194490162,-2.8535553380577214,1072.0,1299.0,4.0,239899.0,1.0,198547.0,29654.0
2025-12-18T17:37:51.489436,2,2.4678002915422144,-0.04717803652395958,-2.8298919388816812,1128.0,1556.0,4.0,239007.0,1.0,145669.0,23653.0
2025-12-18T17:37:51.590680,3,2.4557734000721987,-0.05022005752337666,-2.800371460498819,1137.0,1599.0,4.0,278799.0,1.0,150735.0,25812.0
2025-12-18T17:37:51.690292,4,2.4446663405004596,-0.05353233226700116,-2.7724521730383076,1056.0,1231.0,4.0,291241.0,1.0,235236.0,33270.0
2025-12-18T17:37:51.792025,5,2.4327441683598643,-0.05835549628371384,-2.751185938919914,986.0,937.0,4.0,269612.0,1.0,226409.0,32469.0
2025-12-18T17:37:52.390405,0,2.371909426542271,-0.10818984344876226,-2.5850760194152858,1068.0,1280.0,4.0,241610.0,1.0,195943.0,29815.0
2025-12-18T17:37:52.489846,1,2.3616105977902437,-0.1147654784038119,-2.561106833805084,1205.0,1940.0,4.0,206986.0,1.0,195943.0,23589.0
2025-12-18T17:37:52.591003,2,2.3520652660077683,-0.12198332774204435,-2.534611320117891,1123.0,1533.0,4.0,238765.0,1.0,146213.0,23790.0
2025-12-18T17:37:52.688958,3,2.3418685705529234,-0.12952223804226115,-2.5037971005596007,1125.0,1542.0,4.0,276263.0,1.0,150684.0,26181.0
2025-12-18T17:37:52.789887,5,2.331713801162086,-0.13730494833024975,-2.4785041751450114,989.0,948.0,4.0,273009.0,1.0,228410.0,32327.0
2025-12-18T17:37:53.390030,0,2.284265981935656,-0.1953524514280276,-2.3200293458611365,1077.0,1320.0,4.0,243169.0,1.0,200505.0,29464.0
2025-12-18T17:37:53.490042,1,2.2755151890929777,-0.20429319549085712,-2.293099311921039,1173.0,1777.0,4.0,205103.0,1.0,197341.0,24426.0
2025-12-18T17:37:53.590980,2,2.2679501398813326,-0.21348074046264864,-2.264899793582622,1125.0,1543.0,4.0,240224.0,1.0,148809.0,23725.0
2025-12-18T17:37:53.689066,3,2.2604671683473456,-0.2230652520887948,-2.239741628426091,1114.0,1491.0,4.0,283845.0,1.0,154977.0,26529.0
2025-12-18T17:37:53.791929,4,2.2539426759119814,-0.2335353015490016,-2.211380471868301,1048.0,1194.0,4.0,291339.0,1.0,234997.0,33655.0
2025-12-18T17:37:53.889518,5,2.251553797858718,-0.248124872891073,-2.1816575749527436,970.0,872.0,4.0,277669.0,1.0,228333.0,33338.0
2025-12-18T17:37:54.391597,0,2.2187457916076836,-0.3007239388950822,-2.0525690137428354,1069.0,1285.0,4.0,247570.0,1.0,198211.0,29775.0
2025-12-18T17:37:54.490416,1,2.213200691554639,-0.311823097536295,-2.0291048840514554,1168.0,1751.0,4.0,212021.0,1.0,197341.0,24567.0
2025-12-18T17:37:54.590436,2,2.2076344990883188,-0.3234910314937691,-2.0001035515829817,1114.0,1493.0,4.0,234124.0,1.0,148758.0,24033.0
2025-12-18T17:37:54.690484,3,2.2028140925435062,-0.3354111370667079,-1.9729436251544987,1102.0,1436.0,4.0,287909.0,1.0,155187.0,26918.0
2025-12-18T17:37:54.789945,4,2.1995474356307447,-0.3453378267342222,-1.947863755261811,1041.0,1163.0,4.0,297820.0,1.0,233254.0,33999.0
2025-12-18T17:37:54.889799,5,2.1948686087117038,-0.35631026466599325,-1.9174792438246737,971.0,876.0,4.0,275702.0,1.0,229340.0,33282.0
2025-12-18T17:37:55.388766,0,2.1774369728044194,-0.41650047440199023,-1.7936880455456023,1050.0,1204.0,4.0,247068.0,1.0,203720.0,30519.0
2025-12-18T17:37:55.490517,1,2.1747742036067934,-0.42862019565508636,-1.7632001647377356,1156.0,1693.0,4.0,210519.0,1.0,200709.0,24894.0
2025-12-18T17:37:55.589766,2,2.1709288314168957,-0.4405329633643209,-1.724219686369418,1119.0,1515.0,4.0,243333.0,1.0,150073.0,23895.0
2025-12-18T17:37:55.689471,3,2.1690258844632675,-0.4533055452503927,-1.696237333675081,1087.0,1367.0,4.0,288006.0,1.0,156665.0,27433.0
2025-12-18T17:37:55.790168,4,2.1674047186645704,-0.46633180386115036,-1.6700356001501848,1029.0,1115.0,4.0,293815.0,1.0,238846.0,34544.0
2025-12-18T17:37:55.889471,5,2.165650324276674,-0.47724284328205435,-1.6438603710670117,974.0,890.0,4.0,276731.0,1.0,230117.0,33091.0
2025-12-18T17:37:56.392837,0,2.1770724724305497,-0.5380659298681372,-1.5319153794737144,1049.0,1200.0,4.0,249167.0,1.0,200912.0,30561.0
2025-12-18T17:37:56.489571,1,2.1780624102625445,-0.5499531096856196,-1.5321760453988171,1157.0,1699.0,4.0,210448.0,1.0,200369.0,24860.0
2025-12-18T17:37:56.590657,2,2.1783831778489784,-0.5630839128965746,-1.5306978831942797,1125.0,1543.0,4.0,237717.0,1.0,150277.0,23725.0
2025-12-18T17:37:56.690017,3,2.179148213036556,-0.5760426864712112,-1.5309462332049357,1109.0,1470.0,4.0,285483.0,1.0,156241.0,26673.0
2025-12-18T17:37:56.790585,4,2.1793204184916966,-0.5887769867018697,-1.5297175186396117,1034.0,1133.0,4.0,299842.0,1.0,237234.0,34334.0
2025-12-18T17:37:56.893142,5,2.179710165023533,-0.6015759231025566,-1.530458056103307,963.0,845.0,4.0,276263.0,1.0,230507.0,33712.0
2025-12-18T17:37:57.389896,0,2.179355241876882,-0.6616985396978148,-1.5232118343455423,1053.0,1215.0,4.0,247654.0,1.0,201935.0,30416.0
2025-12-18T17:37:57.489448,1,2.179554676619171,-0.6738657089047075,-1.523699432315097,1144.0,1635.0,4.0,213244.0,1.0,201935.0,25241.0
2025-12-18T17:37:57.589411,2,2.179369495669334,-0.6862679994127943,-1.526682917171074,1136.0,1594.0,4.0,240224.0,1.0,150226.0,23422.0
2025-12-18T17:37:57.692268,3,2.17962990344733,-0.6985555003185158,-1.5247028556707127,1122.0,1531.0,4.0,279460.0,1.0,154610.0,26252.0
2025-12-18T17:37:57.789986,4,2.179324246569721,-0.7110509258672377,-1.5234954808349064,1038.0,1153.0,4.0,298829.0,1.0,242183.0,34103.0
2025-12-18T17:37:57.889458,5,2.1801107905253896,-0.7235240298634573,-1.522502983568561,959.0,832.0,4.0,281073.0,1.0,231680.0,33896.0
2025-12-18T17:37:58.390050,0,2.182467902958489,-0.7869730943948698,-1.5239874965633355,1061.0,1253.0,4.0,248746.0,1.0,204065.0,30058.0
2025-12-18T17:37:58.489687,1,2.182610976086096,-0.7991976915359329,-1.525225617382821,1159.0,1708.0,4.0,210234.0,1.0,201867.0,24809.0
2025-12-18T17:37:58.589558,2,2.1834478145928444,-0.8122373505333318,-1.5225203723162954,1137.0,1601.0,4.0,237154.0,1.0,149010.0,23383.0
2025-12-18T17:37:58.687921,3,2.1844428501275845,-0.82553559076162,-1.519309072583058,1131.0,1571.0,4.0,283173.0,1.0,154610.0,25987.0
2025-12-18T17:37:58.791262,4,2.1848761338389973,-0.837790728860278,-1.5203050939994538,1033.0,1130.0,4.0,297014.0,1.0,238927.0,34358.0
2025-12-18T17:37:58.888305,5,2.1854482899078045,-0.850010988494049,-1.5195433965676741,971.0,878.0,4.0,280502.0,1.0,235554.0,33248.0
2025-12-18T17:37:59.390688,0,2.203983373640189,-0.9047113741059656,-1.4753876120006588,1073.0,1302.0,4.0,247822.0,1.0,198815.0,29614.0
2025-12-18T17:37:59.490452,1,2.2051576786767826,-0.9170351042085798,-1.4753692825929583,1179.0,1805.0,4.0,210305.0,1.0,202620.0,24270.0
2025-12-18T17:37:59.589730,3,2.2061513145930247,-0.9297960008597277,-1.4736510764898856,1140.0,1616.0,4.0,280123.0,1.0,153775.0,25698.0
2025-12-18T17:37:59.689987,4,2.208065764618653,-0.9425377200370177,-1.4751474208205535,1037.0,1149.0,4.0,298526.0,1.0,239250.0,34149.0
2025-12-18T17:37:59.790094,5,2.209218340846149,-0.9546237637920063,-1.4741525102936255,960.0,835.0,4.0,282886.0,1.0,235714.0,33850.0
2025-12-18T17:38:00.390791,0,2.2176885687653085,-1.029749383413644,-1.4761256627682904,1069.0,1289.0,4.0,243828.0,1.0,202003.0,29734.0
2025-12-18T17:38:00.490029,1,2.218540052599983,-1.0422117575849121,-1.4753963802530001,1189.0,1855.0,4.0,209240.0,1.0,199625.0,24008.0
2025-12-18T17:38:00.590536,2,2.2205399951914178,-1.0550904167263968,-1.475903174689631,1152.0,1674.0,4.0,239088.0,1.0,149465.0,22975.0
2025-12-18T17:38:00.690128,3,2.221795535998656,-1.0682553041067646,-1.4763912194287296,1144.0,1636.0,4.0,279271.0,1.0,153359.0,25577.0
2025-12-18T17:38:00.792779,4,2.2228497242209753,-1.0809555521669918,-1.4776329951538911,1053.0,1217.0,4.0,296713.0,1.0,240305.0,33406.0
2025-12-18T17:38:00.889800,5,2.224123881460314,-1.0939599183757531,-1.475901884096522,970.0,873.0,4.0,279933.0,1.0,236433.0,33315.0
2025-12-18T17:38:01.391305,0,2.2300822073186697,-1.1565656257041483,-1.4746453192703404,1071.0,1297.0,4.0,242347.0,1.0,197876.0,29664.0
2025-12-18T17:38:01.489231,1,2.2456688444471093,-1.1707417452303757,-1.4574752677386211,1198.0,1901.0,4.0,208816.0,1.0,198614.0,23774.0
2025-12-18T17:38:01.591852,2,2.258649208991758,-1.1856154550918017,-1.4459381528239232,1154.0,1684.0,4.0,235156.0,1.0,146114.0,22920.0
2025-12-18T17:38:01.689811,3,2.260344879472974,-1.1980169325257084,-1.4466823201722991,1147.0,1648.0,4.0,280123.0,1.0,152841.0,25499.0
2025-12-18T17:38:01.791183,4,2.2619233580694647,-1.2106004197425293,-1.4452027406578094,1058.0,1237.0,4.0,303005.0,1.0,237074.0,33203.0
2025-12-18T17:38:01.889973,5,2.2641964329186255,-1.2236908883121607,-1.4449421209658129,960.0,834.0,4.0,283845.0,1.0,236113.0,33873.0
2025-12-18T17:38:02.392192,0,2.272610447424658,-1.2858272516715241,-1.4491365998204802,1075.0,1313.0,4.0,242347.0,1.0,199557.0,29524.0
2025-12-18T17:38:02.491138,1,2.2741924173410615,-1.2979947687717155,-1.4486156819461564,1201.0,1920.0,4.0,210234.0,1.0,199490.0,23677.0
2025-12-18T17:38:02.591524,2,2.2760151411836547,-1.3101501938641307,-1.4488592225785117,1160.0,1713.0,4.0,234361.0,1.0,148256.0,22766.0
2025-12-18T17:38:02.690810,3,2.2776395364601028,-1.3230359200321167,-1.4496048430710085,1164.0,1731.0,4.0,273750.0,1.0,150480.0,25012.0
2025-12-18T17:38:02.790214,4,2.278906144050863,-1.3354941226675676,-1.4513270682026964,1049.0,1199.0,4.0,296713.0,1.0,235475.0,33599.0
2025-12-18T17:38:02.889126,5,2.280708446382188,-1.3480926348009281,-1.4503303735870383,974.0,888.0,4.0,282312.0,1.0,239655.0,33102.0
2025-12-18T17:38:03.390240,1,2.2889549653747348,-1.4122251351190411,-1.4503293653419156,1195.0,1886.0,4.0,205103.0,1.0,198077.0,23846.0
2025-12-18T17:38:03.489663,2,2.289495881031847,-1.4241790768431615,-1.4475898805629321,1171.0,1768.0,4.0,237315.0,1.0,144981.0,22482.0
2025-12-18T17:38:03.589969,3,2.2907214578053483,-1.4363977857283028,-1.44909241953997,1163.0,1725.0,4.0,279176.0,1.0,150735.0,25046.0
2025-12-18T17:38:03.688887,4,2.304147377694898,-1.4513283195947286,-1.4315515081356656,1067.0,1280.0,4.0,292921.0,1.0,234441.0,32768.0
2025-12-18T17:38:04.391808,0,2.3316410107294714,-1.543942815214677,-1.415075652210467,1075.0,1314.0,4.0,242840.0,1.0,200437.0,29514.0
2025-12-18T17:38:04.488630,1,2.334039441561726,-1.5567125692727888,-1.4140874878515968,1211.0,1971.0,4.0,206497.0,1.0,196341.0,23430.0
2025-12-18T17:38:04.592910,2,2.3367271283242554,-1.5691388269529731,-1.412846492416674,1183.0,1827.0,4.0,232702.0,1.0,146312.0,22188.0
2025-12-18T17:38:04.691427,3,2.3384782932516415,-1.5814049131244123,-1.4158383995280945,1165.0,1736.0,4.0,281644.0,1.0,149212.0,24978.0
2025-12-18T17:38:04.790799,4,2.340192047377993,-1.5936414746635905,-1.4158022197618378,1084.0,1355.0,4.0,288494.0,1.0,228719.0,32054.0
2025-12-18T17:38:04.889232,5,2.34254297987555,-1.6061850339912986,-1.4153120363747362,979.0,907.0,4.0,280882.0,1.0,235236.0,32845.0
2025-12-18T17:38:05.391699,0,2.3531843665101104,-1.670489744124245,-1.41576006010362,1085.0,1358.0,4.0,242922.0,1.0,196740.0,29137.0
2025-12-18T17:38:05.489342,1,2.354838555772272,-1.6828506065883115,-1.4142930226590138,1214.0,1987.0,4.0,205799.0,1.0,196674.0,23351.0
2025-12-18T17:38:05.590773,2,2.3570847259108216,-1.6857909301067664,-1.4145541385792002,1196.0,1894.0,4.0,228255.0,1.0,144736.0,21874.0
2025-12-18T17:38:05.689889,3,2.3574442467808066,-1.6859692325331415,-1.414304886138848,1171.0,1765.0,4.0,275516.0,1.0,149921.0,24818.0
2025-12-18T17:38:05.790622,4,2.357535219643051,-1.685953553907671,-1.4143117448766773,1087.0,1367.0,4.0,285579.0,1.0,233491.0,31946.0
2025-12-18T17:38:05.888749,5,2.3624596631135635,-1.6870044818846401,-1.40557343219436,967.0,863.0,4.0,280218.0,1.0,234203.0,33451.0
2025-12-18T17:38:06.391427,0,2.368155023244341,-1.6882641145192236,-1.3958361713600267,1087.0,1366.0,4.0,242265.0,1.0,200369.0,29068.0
2025-12-18T17:38:06.489791,1,2.368155023244341,-1.6882641145192236,-1.3958361713600267,1211.0,1969.0,4.0,204410.0,1.0,197074.0,23438.0
2025-12-18T17:38:06.590082,2,2.368155023244341,-1.6882641145192236,-1.3958361713600267,1191.0,1867.0,4.0,235873.0,1.0,143759.0,22001.0
2025-12-18T17:38:06.689706,4,2.368155023244341,-1.6882641145192236,-1.3958361713600267,1082.0,1343.0,4.0,286257.0,1.0,227100.0,32163.0
2025-12-18T17:38:06.790287,5,2.368155023244341,-1.688264114519224,-1.3958361713600267,979.0,907.0,4.0,275516.0,1.0,236513.0,32845.0
2025-12-18T17:38:07.390269,0,2.368155023244341,-1.6882641145192236,-1.3958361713600267,1087.0,1368.0,4.0,241692.0,1.0,199355.0,29058.0
2025-12-18T17:38:07.489827,1,2.368155023244341,-1.6882641145192236,-1.3958361713600267,1221.0,2021.0,4.0,205590.0,1.0,197074.0,23194.0
2025-12-18T17:38:07.591436,2,2.368155023244341,-1.6882641145192236,-1.3958361713600267,1204.0,1931.0,4.0,229806.0,1.0,142935.0,21705.0
2025-12-18T17:38:07.690168,3,2.368155023244341,-1.6882641145192236,-1.3958361713600267,1177.0,1798.0,4.0,274120.0,1.0,147056.0,24634.0
2025-12-18T17:38:07.789769,4,2.368155023244341,-1.6882641145192236,-1.3958361713600267,1093.0,1397.0,4.0,285193.0,1.0,232623.0,31677.0
2025-12-18T17:38:07.889977,5,2.368155023244341,-1.6882641145192236,-1.3958361713600267,990.0,953.0,4.0,282312.0,1.0,232859.0,32261.0
2025-12-18T17:38:08.390388,0,2.368155023244341,-1.6882641145192236,-1.3958361713600267,1087.0,1367.0,4.0,239007.0,1.0,196474.0,29058.0
2025-12-18T17:38:08.488190,1,2.368155023244341,-1.6882641145192236,-1.3958361713600267,1216.0,1994.0,4.0,202483.0,1.0,194885.0,23319.0
2025-12-18T17:38:08.591365,2,2.368155023244341,-1.6882641145192236,-1.3958361713600267,1204.0,1931.0,4.0,230741.0,1.0,143371.0,21705.0
2025-12-18T17:38:08.689780,3,2.368155023244341,-1.6882641145192236,-1.3958361713600267,1184.0,1833.0,4.0,269703.0,1.0,146957.0,24443.0
2025-12-18T17:38:08.791630,4,2.368155023244341,-1.6882641145192236,-1.3958361713600267,1089.0,1376.0,4.0,283653.0,1.0,226792.0,31860.0
2025-12-18T17:38:08.891245,5,2.368155023244341,-1.6882641145192236,-1.3958361713600267,979.0,909.0,4.0,275889.0,1.0,230429.0,32823.0
2025-12-18T17:38:09.389573,0,2.368155023244341,-1.6882641145192236,-1.3958361713600267,1086.0,1363.0,4.0,240061.0,1.0,197943.0,29097.0
2025-12-18T17:38:09.490148,1,2.368155023244341,-1.6882641145192236,-1.3958361713600267,1228.0,2057.0,4.0,203307.0,1.0,194095.0,23029.0
2025-12-18T17:38:09.590747,2,2.368155023244341,-1.6882641145192236,-1.3958361713600267,1197.0,1897.0,4.0,231288.0,1.0,144344.0,21860.0
2025-12-18T17:38:09.689746,3,2.368155023244341,-1.6882641145192236,-1.3958361713600267,1186.0,1843.0,4.0,268065.0,1.0,147007.0,24393.0
2025-12-18T17:38:09.790018,4,2.368155023244341,-1.6882641145192236,-1.3958361713600267,1101.0,1431.0,4.0,281549.0,1.0,224958.0,31378.0
2025-12-18T17:38:09.890957,5,2.368155023244341,-1.6882641145192236,-1.3958361713600267,999.0,988.0,4.0,274678.0,1.0,228719.0,31827.0
2025-12-18T17:38:10.391367,0,2.373490163590886,-1.7407690608077884,-1.3972758408674633,1084.0,1353.0,4.0,241038.0,1.0,195083.0,29176.0
2025-12-18T17:38:10.489605,2,2.3771009565313346,-1.7555314571444987,-1.3955568284355613,1216.0,1994.0,4.0,230897.0,1.0,142403.0,21427.0
2025-12-18T17:38:10.589524,3,2.3802760796831572,-1.7690667455447944,-1.3945723976404631,1193.0,1876.0,4.0,270251.0,1.0,146312.0,24220.0
2025-12-18T17:38:10.688907,4,2.3819830279510277,-1.7809008156851551,-1.3985210132336794,1106.0,1454.0,4.0,283557.0,1.0,230741.0,31188.0
2025-12-18T17:38:10.790158,5,2.3832762888347365,-1.7919450013963258,-1.3982699566043768,996.0,978.0,4.0,278139.0,1.0,231758.0,31946.0
2025-12-18T17:38:11.391738,0,2.396343330355881,-1.8673298438312245,-1.3985304546681254,1086.0,1362.0,4.0,243746.0,1.0,195678.0,29097.0
2025-12-18T17:38:11.489690,1,2.3987551960358644,-1.880352156634264,-1.398781699345306,1224.0,2036.0,4.0,204065.0,1.0,195678.0,23123.0
2025-12-18T17:38:11.589200,2,2.4009953601072755,-1.8929386919624065,-1.3985423152728778,1200.0,1911.0,4.0,230039.0,1.0,141299.0,21793.0
2025-12-18T17:38:11.693064,3,2.4033397817720585,-1.9052905697416096,-1.4005369370169043,1190.0,1863.0,4.0,269429.0,1.0,146758.0,24286.0
2025-12-18T17:38:11.792632,4,2.405328769683191,-1.9171627597445458,-1.3997696577002323,1102.0,1436.0,4.0,288396.0,1.0,223818.0,31336.0
2025-12-18T17:38:11.890051,5,2.406787006298792,-1.929161150786966,-1.3985542456777074,1003.0,1006.0,4.0,281358.0,1.0,229728.0,31613.0
2025-12-18T17:38:12.388686,0,2.4175373228465524,-1.9927020003471436,-1.4020133268015478,1088.0,1371.0,4.0,242840.0,1.0,197742.0,29028.0
2025-12-18T17:38:12.489348,1,2.424345674081963,-2.00720080785958,-1.403624413961477,1245.0,2145.0,4.0,202003.0,1.0,193308.0,22643.0
2025-12-18T17:38:12.590601,2,2.4365846036872862,-2.024620293434837,-1.4124851496431543,1206.0,1945.0,4.0,228719.0,1.0,143080.0,21639.0
2025-12-18T17:38:12.689967,3,2.438588105069734,-2.03698811014533,-1.4136897308158516,1183.0,1827.0,4.0,271259.0,1.0,146708.0,24476.0
2025-12-18T17:38:12.790807,4,2.440230131424284,-2.0488580154034457,-1.4149128546602536,1097.0,1414.0,4.0,282026.0,1.0,229107.0,31527.0
2025-12-18T17:38:12.889836,5,2.4427379560509372,-2.061500255832558,-1.4156574394046746,1003.0,1006.0,4.0,275982.0,1.0,224958.0,31613.0
2025-12-18T17:38:13.391175,0,2.4528802485712937,-2.1235983757131223,-1.4137149508584952,1091.0,1386.0,4.0,239007.0,1.0,194292.0,28901.0
2025-12-18T17:38:13.489596,1,2.455254207308887,-2.1364371497508277,-1.4134420557356637,1234.0,2090.0,4.0,203858.0,1.0,194819.0,22882.0
2025-12-18T17:38:13.590640,2,2.457317516826683,-2.148924121719853,-1.414916432367793,1211.0,1968.0,4.0,226946.0,1.0,142307.0,21537.0
2025-12-18T17:38:13.691483,3,2.4598858122119305,-2.1621466116148094,-1.4134227790499587,1188.0,1853.0,4.0,265267.0,1.0,145472.0,24335.0
2025-12-18T17:38:13.792326,4,2.4616903873474616,-2.174165313740956,-1.4134249454413672,1103.0,1440.0,4.0,285676.0,1.0,225415.0,31304.0
2025-12-18T17:38:13.889900,5,2.4638576299751653,-2.1871828560964177,-1.4129459155807789,995.0,971.0,4.0,272456.0,1.0,229417.0,32033.0
2025-12-18T17:38:14.390213,0,2.47275544784854,-2.2490305201944505,-1.4161718600951585,1101.0,1433.0,4.0,236913.0,1.0,199422.0,28531.0
2025-12-18T17:38:14.488731,1,2.474247458680827,-2.2613201528377322,-1.4149453018648737,1236.0,2102.0,4.0,201389.0,1.0,192264.0,22827.0
2025-12-18T17:38:14.589119,2,2.4767244905642176,-2.274351222092883,-1.417655872231082,1199.0,1907.0,4.0,225034.0,1.0,143225.0,21808.0
2025-12-18T17:38:14.690338,3,2.4799660405278976,-2.2906575554110904,-1.4159293277848113,1178.0,1802.0,4.0,269703.0,1.0,147655.0,24609.0
2025-12-18T17:38:14.790450,4,2.4859460633929302,-2.3135500857424622,-1.4114442301972645,1100.0,1428.0,4.0,284904.0,1.0,226409.0,31399.0
2025-12-18T17:38:14.890309,5,2.4884489753865493,-2.326102037551604,-1.4079613674378062,1006.0,1019.0,4.0,268065.0,1.0,227253.0,31463.0
2025-12-18T17:38:15.391612,0,2.499557027237788,-2.390195877779385,-1.407232932418182,1086.0,1362.0,4.0,240387.0,1.0,196076.0,29097.0
2025-12-18T17:38:15.488671,1,2.5020250870194936,-2.4018949498478626,-1.4064942084903076,1227.0,2055.0,4.0,203720.0,1.0,195545.0,23037.0
2025-12-18T17:38:15.590185,2,2.503926923996546,-2.4147831708335716,-1.4047499735055298,1206.0,1945.0,4.0,222836.0,1.0,141538.0,21639.0
2025-12-18T17:38:15.690138,3,2.5063783362186864,-2.4273469740371363,-1.4030172022719276,1180.0,1813.0,4.0,268610.0,1.0,145669.0,24551.0
2025-12-18T17:38:15.789773,4,2.5079179752710394,-2.439571213890859,-1.4022553394296748,1088.0,1370.0,4.0,274678.0,1.0,226256.0,31914.0
2025-12-18T17:38:15.889335,5,2.510603218856431,-2.452250648485427,-1.402504766492737,1001.0,998.0,4.0,272548.0,1.0,227100.0,31709.0
2025-12-18T17:38:16.389685,0,2.5211603605923223,-2.5161935287741577,-1.4032447943455753,1091.0,1386.0,4.0,236513.0,1.0,194424.0,28901.0
2025-12-18T17:38:16.491038,1,2.522804645383023,-2.5290067507923912,-1.4035063352339823,1228.0,2060.0,4.0,201389.0,1.0,194621.0,23014.0
2025-12-18T17:38:16.592366,2,2.5251496841354597,-2.5412605187324537,-1.4069829906389197,1217.0,2001.0,4.0,223894.0,1.0,139635.0,21391.0
2025-12-18T17:38:16.690052,3,2.52615819327986,-2.553229639401151,-1.4074654368719082,1177.0,1799.0,4.0,264729.0,1.0,145916.0,24625.0
2025-12-18T17:38:16.788919,4,2.528492559036497,-2.565389425258012,-1.4087031070865963,1101.0,1433.0,4.0,277669.0,1.0,222911.0,31357.0
2025-12-18T17:38:16.889262,5,2.535887401686196,-2.578289435955464,-1.3995246372885577,1012.0,1041.0,4.0,265986.0,1.0,228178.0,31209.0
2025-12-18T17:38:17.391187,0,2.5681389311641407,-2.6424897480155827,-1.3712499015193966,1099.0,1423.0,4.0,238684.0,1.0,192785.0,28609.0
2025-12-18T17:38:17.489758,1,2.57059858801113,-2.6541862059547388,-1.3717642950781972,1216.0,1994.0,4.0,201185.0,1.0,191939.0,23312.0
2025-12-18T17:38:17.590771,2,2.5729431503983067,-2.667450005782012,-1.36855279877365,1210.0,1964.0,4.0,225339.0,1.0,140822.0,21551.0
2025-12-18T17:38:17.688449,3,2.5751397457047656,-2.679752857181634,-1.3678146658660177,1180.0,1814.0,4.0,268610.0,1.0,146510.0,24542.0
2025-12-18T17:38:17.791885,4,2.5774555969028703,-2.692396307306185,-1.3658175143696496,1091.0,1384.0,4.0,280218.0,1.0,223894.0,31784.0
2025-12-18T17:38:17.889129,5,2.5801325423349066,-2.7047347441616765,-1.3633464200169008,1003.0,1004.0,4.0,265627.0,1.0,226486.0,31634.0
2025-12-18T17:38:18.390415,0,2.5915853233669837,-2.766020598771076,-1.4194641959635295,1105.0,1450.0,4.0,237958.0,1.0,194292.0,28397.0
2025-12-18T17:38:18.491483,1,2.5938397499128274,-2.7783565994841655,-1.447645421593638,1239.0,2116.0,4.0,203032.0,1.0,192525.0,22766.0
2025-12-18T17:38:18.592245,2,2.5948699878251995,-2.79063513423209,-1.4694190820174153,1194.0,1884.0,4.0,229495.0,1.0,140584.0,21912.0
2025-12-18T17:38:18.691272,3,2.5961158578140577,-2.803501163180627,-1.4812180023010737,1195.0,1889.0,4.0,263745.0,1.0,143565.0,24147.0
2025-12-18T17:38:18.790143,4,2.5977131308344665,-2.8166157888181877,-1.4849367801922009,1084.0,1352.0,4.0,280597.0,1.0,223818.0,32076.0
2025-12-18T17:38:18.890959,5,2.5988503381844743,-2.8284621880954632,-1.4891481661665829,1014.0,1050.0,4.0,268610.0,1.0,224046.0,31103.0
2025-12-18T17:38:19.389151,0,2.6155923670146497,-2.881702262685231,-1.4768886587985461,1097.0,1414.0,4.0,238523.0,1.0,194161.0,28677.0
2025-12-18T17:38:19.490991,1,2.617209254692611,-2.894779309045115,-1.4778900461250635,1234.0,2091.0,4.0,200709.0,1.0,191032.0,22874.0
2025-12-18T17:38:19.591242,3,2.618355267770935,-2.9074852522730574,-1.475669849791771,1178.0,1800.0,4.0,265717.0,1.0,144736.0,24617.0
2025-12-18T17:38:19.689570,4,2.6200684766177877,-2.920455070167557,-1.4776561965163242,1098.0,1416.0,4.0,281549.0,1.0,222008.0,31506.0
2025-12-18T17:38:19.789086,5,2.620967467275156,-2.933146647298789,-1.4756702277974159,1010.0,1033.0,4.0,264998.0,1.0,226179.0,31293.0
2025-12-18T17:38:20.391312,0,2.6282503292426966,-3.009116804804503,-1.4774722932820343,1106.0,1453.0,4.0,237556.0,1.0,192460.0,28377.0
2025-12-18T17:38:20.489342,1,2.6289144787425363,-3.0211425472285063,-1.4750220766527975,1218.0,2008.0,4.0,201798.0,1.0,194555.0,23249.0
2025-12-18T17:38:20.590407,2,2.6307807087700867,-3.034179853454629,-1.478246202739349,1207.0,1949.0,4.0,228874.0,1.0,140774.0,21617.0
2025-12-18T17:38:20.690205,3,2.6316927544528097,-3.0470296711219307,-1.4767495521163179,1189.0,1859.0,4.0,269247.0,1.0,143419.0,24303.0
2025-12-18T17:38:20.790064,4,2.633256589963096,-3.0596440364215276,-1.480708973732866,1091.0,1384.0,4.0,281358.0,1.0,224881.0,31784.0
2025-12-18T17:38:20.889945,5,2.634037817878824,-3.0720986765710343,-1.4799590600770165,1017.0,1061.0,4.0,270434.0,1.0,225262.0,30988.0
2025-12-18T17:38:21.391323,0,2.6394848741752845,-3.1348218861741337,-1.4782006560791825,1106.0,1456.0,4.0,237395.0,1.0,194424.0,28349.0
2025-12-18T17:38:21.489588,1,2.6519559540306368,-3.1456916260929417,-1.4688253831498792,1231.0,2073.0,4.0,199422.0,1.0,191939.0,22951.0
2025-12-18T17:38:21.591206,2,2.6576822323823386,-3.1574152232623263,-1.4615647430481669,1198.0,1905.0,4.0,223516.0,1.0,139352.0,21815.0
2025-12-18T17:38:21.689867,3,2.659311459084844,-3.169683099625655,-1.4650365182024732,1188.0,1849.0,4.0,271719.0,1.0,143322.0,24352.0
2025-12-18T17:38:21.791915,4,2.6603800523924144,-3.182433566038771,-1.4660370542467278,1108.0,1463.0,4.0,282121.0,1.0,220510.0,31103.0
2025-12-18T17:38:21.890379,5,2.6618419253088117,-3.194958546394342,-1.4813948625430764,1006.0,1016.0,4.0,270526.0,1.0,224958.0,31495.0
2025-12-18T17:38:22.390534,1,2.660437390094243,-3.254983137045752,-1.6102837425068346,1225.0,2040.0,4.0,196740.0,1.0,191096.0,23100.0
2025-12-18T17:38:22.489689,2,2.6601437173997873,-3.2679214207897536,-1.6341386405311968,1209.0,1961.0,4.0,229573.0,1.0,139163.0,21566.0
2025-12-18T17:38:22.590481,3,2.6602079804572942,-3.2811970808922215,-1.6567314949779082,1173.0,1775.0,4.0,267974.0,1.0,143419.0,24751.0
2025-12-18T17:38:22.690496,5,2.6586589902771163,-3.2941007886829934,-1.6832266672134422,1010.0,1035.0,4.0,270801.0,1.0,223818.0,31272.0
2025-12-18T17:38:23.392274,0,2.6400677833781745,-3.3775808746699507,-1.8706857882668235,1096.0,1410.0,4.0,239169.0,1.0,193308.0,28706.0
2025-12-18T17:38:23.489953,1,2.6352916795702614,-3.3871506435880354,-1.909413705712585,1232.0,2078.0,4.0,200437.0,1.0,192199.0,22928.0
2025-12-18T17:38:23.591268,2,2.6306294093120353,-3.397646666159015,-1.9410697246268693,1202.0,1924.0,4.0,224729.0,1.0,140774.0,21727.0
2025-12-18T17:38:23.688314,3,2.646792546614691,-3.400763402520967,-1.9401312406773252,1187.0,1844.0,4.0,262232.0,1.0,142596.0,24377.0
2025-12-18T17:38:23.787734,4,2.6550004732519046,-3.4084709414626513,-1.9377350192710463,1085.0,1358.0,4.0,280978.0,1.0,223440.0,32011.0
2025-12-18T17:38:23.889213,5,2.650981345601941,-3.421984032253947,-1.9607852900686247,1019.0,1069.0,4.0,267974.0,1.0,220884.0,30894.0
2025-12-18T17:38:24.388828,0,2.627162595915218,-3.480391363811247,-2.085763229896217,1091.0,1387.0,4.0,237315.0,1.0,192264.0,28891.0
2025-12-18T17:38:24.490027,1,2.651979470426514,-3.501275187001018,-2.0791763373653467,1237.0,2108.0,4.0,200369.0,1.0,190967.0,22797.0
2025-12-18T17:38:24.589318,2,2.6509714393728716,-3.512984284349067,-2.0969356318576677,1216.0,1995.0,4.0,226946.0,1.0,140917.0,21413.0
2025-12-18T17:38:24.689763,3,2.644791414117048,-3.52390812258946,-2.1169981070462045,1194.0,1882.0,4.0,266888.0,1.0,142789.0,24179.0
2025-12-18T17:38:24.793411,4,2.6382483891839215,-3.5348628325769296,-2.142758472276321,1109.0,1467.0,4.0,279744.0,1.0,222459.0,31072.0
2025-12-18T17:38:24.889136,5,2.6310367047977796,-3.544195333534189,-2.1697109910666494,1021.0,1080.0,4.0,263389.0,1.0,223138.0,30779.0
2025-12-18T17:38:25.389899,0,2.6027865336063933,-3.608401008598663,-2.277572978116929,1102.0,1437.0,4.0,237395.0,1.0,195545.0,28493.0
2025-12-18T17:38:25.489934,1,2.5986223737752114,-3.623558035397102,-2.2915881018203326,1243.0,2134.0,4.0,200709.0,1.0,192134.0,22681.0
2025-12-18T17:38:25.590059,2,2.5902830146098403,-3.6329699880818462,-2.3184770655616687,1204.0,1934.0,4.0,225339.0,1.0,139919.0,21683.0
2025-12-18T17:38:25.690157,3,2.5814817458824493,-3.641234523575321,-2.345440089134392,1188.0,1852.0,4.0,267974.0,1.0,142935.0,24335.0
2025-12-18T17:38:25.789265,4,2.5726101827863292,-3.6502805815713177,-2.3696834797702158,1089.0,1377.0,4.0,280218.0,1.0,223970.0,31838.0
2025-12-18T17:38:25.889492,5,2.5640630639073496,-3.6600756187972534,-2.391966724973016,1018.0,1067.0,4.0,268792.0,1.0,222836.0,30914.0
2025-12-18T17:38:26.389656,0,2.5091454223450635,-3.6971415208383656,-2.525169672097357,1111.0,1479.0,4.0,238765.0,1.0,191744.0,28176.0
2025-12-18T17:38:26.488712,1,2.498698743102211,-3.7042591682497585,-2.552283743274806,1234.0,2090.0,4.0,199557.0,1.0,190322.0,22874.0
2025-12-18T17:38:26.591273,2,2.487683645502083,-3.7109824687620714,-2.5787439349457117,1208.0,1952.0,4.0,227176.0,1.0,138928.0,21602.0
2025-12-18T17:38:26.690537,3,2.4778800246333565,-3.7167076017603344,-2.6050068820143544,1187.0,1847.0,4.0,266257.0,1.0,143613.0,24360.0
2025-12-18T17:38:26.790639,4,2.467390586982139,-3.722686985827316,-2.635113276242704,1097.0,1411.0,4.0,274306.0,1.0,221933.0,31538.0
2025-12-18T17:38:27.391596,0,2.4031621238565566,-3.769423119450052,-2.795514745275152,1112.0,1482.0,4.0,235395.0,1.0,192069.0,28157.0
2025-12-18T17:38:27.490793,1,2.392070108705579,-3.772615951767431,-2.8202485717324013,1248.0,2161.0,4.0,200641.0,1.0,189615.0,22566.0
2025-12-18T17:38:27.588760,2,2.380569402154251,-3.7753194118168176,-2.84883955860221,1209.0,1957.0,4.0,224349.0,1.0,138787.0,21580.0
2025-12-18T17:38:27.689522,3,2.3684946936122944,-3.7787622626075503,-2.8695825529729895,1201.0,1919.0,4.0,271995.0,1.0,142596.0,23992.0
2025-12-18T17:38:27.791339,4,2.3606196194016387,-3.7812768779388373,-2.885222026444874,1101.0,1430.0,4.0,279839.0,1.0,219393.0,31378.0
2025-12-18T17:38:27.888789,5,2.329893882105702,-3.7956294875209293,-2.9374871304564127,1020.0,1077.0,4.0,262854.0,1.0,223440.0,30810.0
2025-12-18T17:38:28.391448,0,2.26725120996402,-3.804828389694891,-3.066313543638419,1096.0,1406.0,4.0,241692.0,1.0,191485.0,28735.0
2025-12-18T17:38:28.488871,1,2.254987012593752,-3.806198261875256,-3.088844124048171,1236.0,2100.0,4.0,200301.0,1.0,190709.0,22827.0
2025-12-18T17:38:28.590223,2,2.2437989522443154,-3.8069265336332716,-3.1163678935141284,1222.0,2024.0,4.0,226179.0,1.0,139730.0,21290.0
2025-12-18T17:38:28.690096,3,2.2313209796546314,-3.8062941052409363,3.135201687165954,1188.0,1852.0,4.0,265267.0,1.0,140822.0,24335.0
2025-12-18T17:38:28.789225,4,2.2148401401057716,-3.8088931013286897,3.107732053867007,1117.0,1506.0,4.0,278045.0,1.0,222836.0,30747.0
2025-12-18T17:38:28.887841,5,2.2014616615669573,-3.8096319431421932,3.086003118912004,1017.0,1063.0,4.0,268974.0,1.0,218652.0,30956.0
2025-12-18T17:38:29.389823,0,2.1383778460027556,-3.8027542517276753,2.9623960262936198,1107.0,1457.0,4.0,235794.0,1.0,190322.0,28339.0
2025-12-18T17:38:29.490500,2,2.1217869934399474,-3.799052268460793,2.936459242562513,1215.0,1991.0,4.0,223440.0,1.0,138038.0,21427.0
2025-12-18T17:38:29.592628,4,2.0982993740224027,-3.7952991150925204,2.917648240639291,1102.0,1435.0,4.0,278045.0,1.0,217398.0,31336.0
2025-12-18T17:38:29.690452,5,2.086996250947318,-3.7921204889731963,2.886173925649019,1022.0,1084.0,4.0,266437.0,1.0,220585.0,30737.0
2025-12-18T17:38:30.389978,0,1.9920153599594208,-3.7635365739414244,2.712175767682446,1101.0,1429.0,4.0,236593.0,1.0,195281.0,28551.0
2025-12-18T17:38:30.489764,1,1.980933718791786,-3.7589236561232218,2.6882559362597247,1228.0,2058.0,4.0,199422.0,1.0,189230.0,23014.0
2025-12-18T17:38:30.590187,2,1.9697792855846878,-3.7526987125333724,2.6653338973171192,1214.0,1986.0,4.0,224729.0,1.0,138834.0,21449.0
2025-12-18T17:38:30.690847,3,1.9587407138147612,-3.747595799145876,2.6448048408213736,1188.0,1853.0,4.0,266527.0,1.0,142307.0,24327.0
2025-12-18T17:38:30.791462,4,1.9478068499736878,-3.741267072914562,2.6133296411534013,1106.0,1454.0,4.0,276637.0,1.0,220063.0,31177.0
2025-12-18T17:38:30.890500,5,1.9391325287325718,-3.7342499599578547,2.584762387647206,1011.0,1037.0,4.0,260375.0,1.0,219097.0,31251.0
2025-12-18T17:38:31.388436,0,1.8937876816258368,-3.6854248949102595,2.4683629758060452,1107.0,1457.0,4.0,238442.0,1.0,194424.0,28339.0
2025-12-18T17:38:31.490415,1,1.883045492580032,-3.6774304011787002,2.4503008306288736,1222.0,2029.0,4.0,199692.0,1.0,193177.0,23146.0
2025-12-18T17:38:31.590416,2,1.8731781857721113,-3.66944080477958,2.423365716681881,1217.0,2000.0,4.0,223062.0,1.0,138459.0,21391.0
2025-12-18T17:38:31.691242,3,1.864429902842068,-3.6608802735391732,2.397561358777903,1184.0,1831.0,4.0,264282.0,1.0,143759.0,24443.0
2025-12-18T17:38:31.791140,4,1.8544706129192994,-3.6528085416537523,2.37410438201609,1094.0,1401.0,4.0,276356.0,1.0,218652.0,31623.0
2025-12-18T17:38:31.889705,5,1.8455711283936873,-3.644158957544632,2.3491137016614005,1015.0,1056.0,4.0,266979.0,1.0,217030.0,31040.0
2025-12-18T17:38:32.391306,0,1.802943514030198,-3.5907230469235696,2.2275780503328995,1118.0,1512.0,4.0,233175.0,1.0,190451.0,27930.0
2025-12-18T17:38:32.490502,1,1.7961180323305825,-3.5809086436647926,2.202494010564274,1229.0,2061.0,4.0,198412.0,1.0,191032.0,22998.0
2025-12-18T17:38:32.592736,2,1.7882438699782517,-3.57132247162329,2.182695258417944,1219.0,2010.0,4.0,222534.0,1.0,139069.0,21348.0
2025-12-18T17:38:32.690891,3,1.7808013979473585,-3.5607756176308927,2.1562016311682064,1173.0,1776.0,4.0,263835.0,1.0,141922.0,24742.0
2025-12-18T17:38:32.791700,4,1.7741017563354333,-3.5507097014932874,2.1278646999593214,1089.0,1378.0,4.0,278988.0,1.0,216883.0,31827.0
2025-12-18T17:38:32.889062,5,1.7668277414158813,-3.5407419816095427,2.112156373010057,1013.0,1046.0,4.0,265627.0,1.0,220286.0,31145.0
2025-12-18T17:38:33.391226,0,1.7353530526996734,-3.4872907809083618,1.9897427418836033,1105.0,1449.0,4.0,239574.0,1.0,191744.0,28397.0
2025-12-18T17:38:33.488868,1,1.7314823612052934,-3.4760787888466544,1.9624027907409165,1234.0,2091.0,4.0,200369.0,1.0,185803.0,22866.0
2025-12-18T17:38:33.590042,2,1.727565699685154,-3.4647342767837666,1.9569739675277023,1208.0,1956.0,4.0,225415.0,1.0,138459.0,21580.0
2025-12-18T17:38:33.688850,3,1.7302457099721953,-3.4472457675001262,1.9488646258267233,1186.0,1842.0,4.0,266888.0,1.0,143225.0,24385.0
2025-12-18T17:38:33.790014,4,1.7285860103147783,-3.4325206850080985,1.9454413108599307,1104.0,1447.0,4.0,273842.0,1.0,218504.0,31230.0
2025-12-18T17:38:33.891750,5,1.7233287137559206,-3.4200956541170364,1.946174764280365,1031.0,1120.0,4.0,262499.0,1.0,214620.0,30355.0
2025-12-18T17:38:34.391078,0,1.6980007755406663,-3.3611317217260495,1.9821535093555933,1101.0,1432.0,4.0,236433.0,1.0,189615.0,28531.0
2025-12-18T17:38:34.489554,1,1.6964569541069867,-3.335530848127488,2.0015602259760747,1231.0,2075.0,4.0,202277.0,1.0,191420.0,22936.0
2025-12-18T17:38:34.589746,2,1.6918049865945979,-3.3221528820500206,2.027754878319123,1220.0,2016.0,4.0,224958.0,1.0,138552.0,21319.0
2025-12-18T17:38:34.690381,3,1.6862693661361576,-3.3106683285720577,2.0485123623865715,1192.0,1870.0,4.0,265896.0,1.0,139872.0,24237.0
2025-12-18T17:38:34.789358,4,1.6795829863601819,-3.299708272625681,2.0735201320333787,1093.0,1395.0,4.0,276356.0,1.0,219171.0,31677.0
2025-12-18T17:38:34.889577,5,1.672937213367808,-3.289263317835471,2.103156268226617,1025.0,1094.0,4.0,262144.0,1.0,218135.0,30623.0
2025-12-18T17:38:35.391010,0,1.6390289008120047,-3.2377456825319135,2.221347421541141,1104.0,1444.0,4.0,237878.0,1.0,192785.0,28435.0
2025-12-18T17:38:35.489034,1,1.6316261936062397,-3.228022549928918,2.246466599262608,1232.0,2080.0,4.0,199085.0,1.0,188846.0,22913.0
2025-12-18T17:38:35.590481,2,1.6242585437343613,-3.218354904007162,2.2783712639757434,1214.0,1984.0,4.0,223062.0,1.0,137758.0,21456.0
2025-12-18T17:38:35.690117,3,1.616573902099209,-3.208523429031569,2.304531241683084,1182.0,1821.0,4.0,267431.0,1.0,142741.0,24492.0
2025-12-18T17:38:35.789248,4,1.6076494318455112,-3.1992813426470574,2.3293768862410436,1107.0,1458.0,4.0,279271.0,1.0,218948.0,31135.0
2025-12-18T17:38:35.890315,5,1.5983577782607106,-3.19067118021114,2.354921734925559,1021.0,1078.0,4.0,257832.0,1.0,218135.0,30789.0
2025-12-18T17:38:36.389246,0,1.5631472415149341,-3.163426866879723,2.490392648626997,1114.0,1490.0,4.0,236033.0,1.0,191550.0,28091.0
2025-12-18T17:38:36.489809,1,1.5530937854385303,-3.156319658790111,2.515314496669737,1229.0,2063.0,4.0,199355.0,1.0,189230.0,22990.0
2025-12-18T17:38:36.591471,2,1.5433587678287304,-3.1495965984377023,2.5326480885424973,1206.0,1942.0,4.0,216517.0,1.0,137292.0,21639.0
2025-12-18T17:38:36.689659,3,1.5328248961188162,-3.142944709012178,2.557870709226951,1196.0,1891.0,4.0,265537.0,1.0,142307.0,24130.0
2025-12-18T17:38:36.791496,4,1.5264489036890478,-3.1330823681327873,2.5878889977567447,1096.0,1408.0,4.0,272825.0,1.0,220510.0,31559.0
2025-12-18T17:38:36.890413,5,1.5195821027969405,-3.125487801138679,2.614145721425646,1029.0,1112.0,4.0,267250.0,1.0,218652.0,30437.0
2025-12-18T17:38:37.390206,0,1.4644872665903241,-3.0968641208102987,2.7523959738225137,1096.0,1408.0,4.0,238119.0,1.0,191291.0,28716.0
2025-12-18T17:38:37.490134,1,1.452245808139113,-3.09192199843896,2.7788649830615704,1242.0,2133.0,4.0,197007.0,1.0,189872.0,22681.0
2025-12-18T17:38:37.589158,2,1.4396844027284792,-3.0873885009091557,2.80545098969549,1204.0,1936.0,4.0,224273.0,1.0,136875.0,21668.0
2025-12-18T17:38:37.691997,3,1.4283016977659062,-3.0866798330458467,2.8459184188387026,1196.0,1891.0,4.0,260551.0,1.0,141778.0,24130.0
2025-12-18T17:38:37.791972,4,1.4177623664909045,-3.084536074648617,2.8827669270577383,1109.0,1470.0,4.0,276543.0,1.0,217471.0,31040.0
2025-12-18T17:38:37.889665,5,1.4057466524956266,-3.0804224433851632,2.9066629457998303,1026.0,1102.0,4.0,266527.0,1.0,217766.0,30540.0
2025-12-18T17:38:38.391853,0,1.3455216342240255,-3.070172065501668,3.027603018683404,1101.0,1431.0,4.0,238603.0,1.0,190258.0,28531.0
2025-12-18T17:38:38.490225,1,1.3314968599114811,-3.0676338054897236,3.0587349364346834,1249.0,2169.0,4.0,196940.0,1.0,188910.0,22528.0
2025-12-18T17:38:38.590852,3,1.317934349132547,-3.066219766539931,3.090138257618537,1192.0,1871.0,4.0,265267.0,1.0,142983.0,24229.0
2025-12-18T17:38:38.689714,4,1.3056654581144826,-3.0657973647352335,3.1178239159099626,1103.0,1442.0,4.0,274864.0,1.0,218135.0,31272.0
2025-12-18T17:38:38.791211,5,1.293996652680486,-3.0661842797892342,-3.138754746280932,1030.0,1118.0,4.0,263210.0,1.0,216590.0,30375.0
2025-12-18T17:38:39.388962,0,1.2244043132935984,-3.0730891165572674,-2.9777571088386643,1106.0,1455.0,4.0,236994.0,1.0,189166.0,28349.0
2025-12-18T17:38:39.490361,1,1.2153287409838422,-3.077933103776626,-2.948186304630358,1251.0,2180.0,4.0,197608.0,1.0,187065.0,22482.0
2025-12-18T17:38:39.590636,2,1.2029492115350435,-3.081392257581324,-2.9226826746382906,1215.0,1989.0,4.0,218652.0,1.0,138928.0,21435.0
2025-12-18T17:38:39.690601,3,1.1909977078381235,-3.084396189954197,-2.896731373739034,1206.0,1946.0,4.0,265627.0,1.0,139494.0,23854.0
2025-12-18T17:38:39.789671,4,1.17880528775598,-3.088041116989232,-2.871097616330399,1112.0,1484.0,4.0,274213.0,1.0,217471.0,30925.0
2025-12-18T17:38:39.888698,5,1.1677832956254721,-3.0920960723791815,-2.843938960797018,1020.0,1074.0,4.0,260904.0,1.0,216443.0,30831.0
2025-12-18T17:38:40.390766,0,1.1175828970018924,-3.1208973063782537,-2.711184288676239,1111.0,1477.0,4.0,233412.0,1.0,192655.0,28186.0
2025-12-18T17:38:40.489869,1,1.106376290874679,-3.125050747395317,-2.6872928408237655,1241.0,2126.0,4.0,197809.0,1.0,184612.0,22712.0
2025-12-18T17:38:40.590790,2,1.0955412066032078,-3.1308267689348,-2.662421294149921,1209.0,1959.0,4.0,224653.0,1.0,138881.0,21566.0
2025-12-18T17:38:40.689990,3,1.084696781798716,-3.1372744191075195,-2.6374605951586236,1191.0,1866.0,4.0,265177.0,1.0,141060.0,24253.0
2025-12-18T17:38:40.791113,4,1.0734873050519202,-3.142359787322513,-2.621168594998049,1124.0,1540.0,4.0,275143.0,1.0,216077.0,30478.0
2025-12-18T17:38:40.889903,5,1.0624080648265473,-3.149176773573224,-2.6176996229024145,1019.0,1071.0,4.0,265986.0,1.0,218135.0,30873.0
2025-12-18T17:38:41.390647,1,1.0170758739986332,-3.195212835792721,-2.5882600678093053,1239.0,2115.0,4.0,199017.0,1.0,187192.0,22758.0
2025-12-18T17:38:41.489439,2,1.0063561261404543,-3.201997166933367,-2.5884973578156916,1224.0,2036.0,4.0,224881.0,1.0,137851.0,21233.0
2025-12-18T17:38:41.590773,3,0.9955123442133798,-3.2089703324143044,-2.5887547741939834,1213.0,1982.0,4.0,263389.0,1.0,141634.0,23677.0
2025-12-18T17:38:41.689265,4,0.9844208563339776,-3.2152613631587528,-2.585275711326761,1091.0,1386.0,4.0,271443.0,1.0,217766.0,31752.0
2025-12-18T17:38:41.791338,5,0.9729980960533782,-3.2222239601277054,-2.5825706576349625,1030.0,1117.0,4.0,265267.0,1.0,216883.0,30385.0
2025-12-18T17:38:42.390105,0,0.9095284894057398,-3.2623662571075114,-2.5805520173582783,1108.0,1464.0,4.0,237958.0,1.0,191809.0,28282.0
2025-12-18T17:38:42.488470,1,0.8988755491773155,-3.269447463160631,-2.5842858843339935,1242.0,2134.0,4.0,198614.0,1.0,185426.0,22673.0
2025-12-18T17:38:42.592912,2,0.8876440295070465,-3.2766521939902833,-2.5847605474644166,1202.0,1921.0,4.0,216517.0,1.0,137804.0,21734.0
2025-12-18T17:38:42.690854,3,0.8762750404901425,-3.2839593228108246,-2.5852647893406084,1203.0,1927.0,4.0,262943.0,1.0,141586.0,23943.0
2025-12-18T17:38:42.790836,4,0.8655665378621422,-3.2909350273902684,-2.5867192383285467,1102.0,1434.0,4.0,281168.0,1.0,215347.0,31336.0
2025-12-18T17:38:42.890245,5,0.8547236365823365,-3.2985477110008796,-2.5887045396904727,1032.0,1127.0,4.0,258444.0,1.0,217766.0,30283.0
2025-12-18T17:38:43.389534,0,0.804166065041072,-3.3486884564956556,-2.59373099939683,1106.0,1453.0,4.0,232780.0,1.0,191939.0,28368.0
2025-12-18T17:38:43.489624,1,0.7931403381955464,-3.355076515603825,-2.6194526664045097,1247.0,2159.0,4.0,198614.0,1.0,185426.0,22566.0
2025-12-18T17:38:43.588578,2,0.7826569733426338,-3.3607838191672306,-2.6410767854666712,1217.0,2000.0,4.0,224501.0,1.0,135997.0,21384.0
2025-12-18T17:38:43.690162,3,0.7714596019946729,-3.3665323002415652,-2.662211676047875,1181.0,1814.0,4.0,266888.0,1.0,141013.0,24526.0
2025-12-18T17:38:43.789412,4,0.7605642510242197,-3.371822400072472,-2.673482600447782,1104.0,1446.0,4.0,272640.0,1.0,213461.0,31230.0
2025-12-18T17:38:43.888885,5,0.749530471153875,-3.377677428388628,-2.6823965996645556,1020.0,1074.0,4.0,264640.0,1.0,214474.0,30831.0
2025-12-18T17:38:44.390589,0,0.6921432057197743,-3.4071836055082323,-2.6806049905056923,1106.0,1454.0,4.0,234917.0,1.0,192655.0,28358.0
2025-12-18T17:38:44.489875,1,0.6804800530049913,-3.4128173568029356,-2.681850046128313,1233.0,2083.0,4.0,197140.0,1.0,185238.0,22897.0
2025-12-18T17:38:44.590295,2,0.6696255530408384,-3.418040314999429,-2.678613798456504,1214.0,1983.0,4.0,226562.0,1.0,136458.0,21456.0
2025-12-18T17:38:44.690783,3,0.6576573343233583,-3.424177487098436,-2.6808574934936957,1198.0,1903.0,4.0,261258.0,1.0,140298.0,24065.0
2025-12-18T17:38:44.790221,4,0.6463908789215536,-3.429971173630102,-2.6763389200917658,1103.0,1440.0,4.0,274678.0,1.0,215785.0,31283.0
2025-12-18T17:38:44.891403,5,0.6349370604863189,-3.435587799170317,-2.6600093482458527,1024.0,1094.0,4.0,261258.0,1.0,215566.0,30623.0
2025-12-18T17:38:45.391071,0,0.5829684384802336,-3.4690840922613875,-2.5405896895352056,1113.0,1488.0,4.0,234758.0,1.0,189872.0,28100.0
2025-12-18T17:38:45.489500,1,0.5794986579668269,-3.495857798019193,-2.5086104233420174,1251.0,2177.0,4.0,194489.0,1.0,185175.0,22490.0
2025-12-18T17:38:45.591527,2,0.575477064599224,-3.5159552344225573,-2.5087881893581674,1229.0,2063.0,4.0,222836.0,1.0,136782.0,21118.0
2025-12-18T17:38:45.689887,3,0.5650850093800845,-3.521919995451494,-2.530085551135253,1200.0,1911.0,4.0,265717.0,1.0,140536.0,24024.0
2025-12-18T17:38:45.789890,4,0.554605221039651,-3.5292137794009704,-2.553024490150526,1100.0,1429.0,4.0,273194.0,1.0,215712.0,31378.0
2025-12-18T17:38:45.889897,5,0.5437453407036683,-3.5346725838751625,-2.5810561059099992,1027.0,1103.0,4.0,259759.0,1.0,215566.0,30530.0
2025-12-18T17:38:46.390295,0,0.4888961280147388,-3.56178251252936,-2.706780278721798,1113.0,1489.0,4.0,237717.0,1.0,190967.0,28091.0
2025-12-18T17:38:46.490423,1,0.4775843066828447,-3.5669170576025824,-2.7314391368470834,1249.0,2168.0,4.0,198010.0,1.0,188463.0,22528.0
2025-12-18T17:38:46.591678,2,0.4656675322878199,-3.5724740939802615,-2.756033014009141,1219.0,2008.0,4.0,220137.0,1.0,136782.0,21348.0
2025-12-18T17:38:46.690048,3,0.4547812223937049,-3.5763089783987616,-2.7839187901071107,1197.0,1899.0,4.0,263745.0,1.0,140584.0,24081.0
2025-12-18T17:38:46.790160,4,0.44335496460760293,-3.579961265961084,-2.8116049859498755,1104.0,1444.0,4.0,272271.0,1.0,218504.0,31251.0
2025-12-18T17:38:46.889826,5,0.4308216561978808,-3.584754294193514,-2.8328055653792226,1021.0,1079.0,4.0,263389.0,1.0,215566.0,30779.0
2025-12-18T17:38:47.392440,0,0.37064223684284414,-3.600518461286515,-2.9599521893225167,1110.0,1474.0,4.0,234600.0,1.0,187890.0,28205.0
2025-12-18T17:38:47.490573,2,0.35876271740572285,-3.6019923773732456,-2.9880114844358223,1215.0,1988.0,4.0,222836.0,1.0,136643.0,21435.0
2025-12-18T17:38:47.590112,3,0.3461355677845557,-3.6037195787127505,-3.0171421987388296,1187.0,1848.0,4.0,260375.0,1.0,139541.0,24344.0
2025-12-18T17:38:47.689235,4,0.34392170920783904,-3.6201469708219807,-3.0121678634931466,1101.0,1431.0,4.0,276637.0,1.0,213967.0,31357.0
2025-12-18T17:38:47.790390,5,0.3430527333036215,-3.6322791894259403,-3.018250839512482,1018.0,1066.0,4.0,260287.0,1.0,216883.0,30914.0
2025-12-18T17:38:48.389534,0,0.2682652509392147,-3.6365506243555674,3.114139729656175,1110.0,1474.0,4.0,233649.0,1.0,190000.0,28205.0
2025-12-18T17:38:48.491019,1,0.2557099760306283,-3.6367835273809948,3.088441410031663,1239.0,2118.0,4.0,197274.0,1.0,186812.0,22743.0
2025-12-18T17:38:48.588977,2,0.24822276861914272,-3.6496623447599785,3.081571332951375,1218.0,2008.0,4.0,225568.0,1.0,135951.0,21348.0
2025-12-18T17:38:48.690332,3,0.242183783887727,-3.662581392292332,3.0795483959462393,1182.0,1823.0,4.0,268247.0,1.0,141251.0,24476.0
2025-12-18T17:38:48.793092,4,0.2297016691602014,-3.66244735117888,3.059439168238357,1117.0,1506.0,4.0,271903.0,1.0,218652.0,30737.0
2025-12-18T17:38:49.390202,0,0.1569101338130947,-3.6500699880980214,2.8994780839492855,1110.0,1472.0,4.0,234758.0,1.0,188974.0,28215.0
2025-12-18T17:38:49.489021,1,0.15150178394178404,-3.646392478088339,2.885362938345211,1239.0,2114.0,4.0,195810.0,1.0,183926.0,22758.0
2025-12-18T17:38:49.589984,2,0.14984717026980654,-3.642525851751686,2.875454776511386,1209.0,1958.0,4.0,223364.0,1.0,136689.0,21566.0
2025-12-18T17:38:49.691096,3,0.13787299487321203,-3.6390333251554887,2.846760871363385,1192.0,1873.0,4.0,260023.0,1.0,140917.0,24212.0
2025-12-18T17:38:49.791225,4,0.1253886408075271,-3.63524564347353,2.8235008632865943,1114.0,1491.0,4.0,274492.0,1.0,217398.0,30862.0
2025-12-18T17:38:49.889546,5,0.11402651137036557,-3.631614075765242,2.801850542920776,1024.0,1093.0,4.0,260993.0,1.0,214910.0,30633.0
2025-12-18T17:38:50.389608,0,0.073795480554117,-3.5988611783199174,2.6742422154810686,1105.0,1450.0,4.0,233412.0,1.0,187255.0,28387.0
2025-12-18T17:38:50.489230,1,0.08881366207340857,-3.5797670561148465,2.648209077973819,1250.0,2177.0,4.0,199963.0,1.0,186181.0,22490.0
2025-12-18T17:38:50.590656,2,0.07734183703237019,-3.5738641292786864,2.6247431917279442,1222.0,2027.0,4.0,226716.0,1.0,135217.0,21269.0
2025-12-18T17:38:50.689841,3,0.06649050153342362,-3.5688408718736584,2.6003553411332225,1192.0,1870.0,4.0,264819.0,1.0,141970.0,24229.0
2025-12-18T17:38:50.788933,4,0.055972625218079664,-3.5620916635289284,2.5680093073211556,1104.0,1445.0,4.0,273842.0,1.0,213388.0,31240.0
2025-12-18T17:38:50.890361,5,0.0457128781597671,-3.555096230319267,2.5402263315436144,1024.0,1092.0,4.0,262232.0,1.0,214329.0,30644.0
2025-12-18T17:38:51.390368,0,0.01793376133597402,-3.5083193198165583,2.5677529865209,1106.0,1456.0,4.0,235236.0,1.0,189294.0,28339.0
2025-12-18T17:38:51.489837,1,0.006424386575949903,-3.5021567078035787,2.596897307530395,1238.0,2110.0,4.0,195810.0,1.0,184300.0,22773.0
2025-12-18T17:38:51.593015,2,-0.00370469746894031,-3.4954964542282463,2.6290574984940407,1202.0,1921.0,4.0,223213.0,1.0,137432.0,21727.0
2025-12-18T17:38:51.689993,3,-0.014469436135581049,-3.4891759372804785,2.651979199856835,1201.0,1917.0,4.0,265357.0,1.0,141251.0,23992.0
2025-12-18T17:38:51.789956,4,-0.026038259771898886,-3.4837071542617046,2.6744448500944062,1113.0,1485.0,4.0,271719.0,1.0,217471.0,30904.0
2025-12-18T17:38:51.889826,5,-0.036246652938904056,-3.477500702243768,2.7026548406268436,1023.0,1090.0,4.0,267521.0,1.0,212523.0,30664.0
2025-12-18T17:38:52.390578,0,-0.09598405334579407,-3.4539012049877407,2.8200528325556697,1117.0,1506.0,4.0,238119.0,1.0,188463.0,27967.0
2025-12-18T17:38:52.488973,1,-0.10805884130237242,-3.450408199516038,2.8400100073519563,1240.0,2119.0,4.0,198614.0,1.0,187192.0,22735.0
2025-12-18T17:38:52.590330,2,-0.11976694259036069,-3.4464127401842504,2.862574323236817,1214.0,1987.0,4.0,224273.0,1.0,136228.0,21435.0
2025-12-18T17:38:52.689687,5,-0.1318937769120181,-3.4436275285468687,2.8867512261840056,1032.0,1125.0,4.0,262144.0,1.0,218135.0,30293.0
2025-12-18T17:38:53.389269,0,-0.21388528551060393,-3.4308634656652224,3.0688953863585913,1112.0,1484.0,4.0,233096.0,1.0,190129.0,28129.0
2025-12-18T17:38:53.489906,1,-0.22038251350532168,-3.4316379758394144,3.0969924296671087,1235.0,2096.0,4.0,196940.0,1.0,186181.0,22835.0
2025-12-18T17:38:53.589367,2,-0.2327773636474415,-3.431378338057499,3.124514456618806,1224.0,2038.0,4.0,221333.0,1.0,137106.0,21218.0
2025-12-18T17:38:53.689115,3,-0.24513504486149262,-3.4302653126535962,-3.1346254529802446,1199.0,1907.0,4.0,264729.0,1.0,140298.0,24041.0
2025-12-18T17:38:53.791629,4,-0.2575669606979085,-3.4297469461637466,-3.1081605123249414,1113.0,1489.0,4.0,278139.0,1.0,215712.0,30873.0
2025-12-18T17:38:53.892134,5,-0.2690240006507807,-3.4304694162442053,-3.084173385895278,1021.0,1080.0,4.0,257657.0,1.0,215274.0,30768.0
2025-12-18T17:38:54.389986,0,-0.31967060085865473,-3.4421941346720124,-2.971717410639023,1096.0,1408.0,4.0,234917.0,1.0,191939.0,28706.0
2025-12-18T17:38:54.489772,1,-0.331959354808693,-3.4437325529721443,-2.94601176500246,1249.0,2171.0,4.0,197474.0,1.0,185113.0,22513.0
2025-12-18T17:38:54.589946,2,-0.34476446905945135,-3.446674621765948,-2.9202904222928665,1222.0,2026.0,4.0,218874.0,1.0,137571.0,21269.0
2025-12-18T17:38:54.690660,3,-0.35647535989863766,-3.450193322933023,-2.8955237543574928,1183.0,1826.0,4.0,267159.0,1.0,141395.0,24459.0
2025-12-18T17:38:54.793378,4,-0.36907325768869637,-3.452835035777776,-2.866685996366335,1097.0,1411.0,4.0,275889.0,1.0,215712.0,31527.0
2025-12-18T17:38:54.888822,5,-0.3807625261517922,-3.4553131809943225,-2.8393217880614485,1031.0,1120.0,4.0,260640.0,1.0,213388.0,30344.0
2025-12-18T17:38:55.390852,0,-0.4277955476743571,-3.473896652650678,-2.725388010511864,1111.0,1480.0,4.0,232230.0,1.0,187826.0,28157.0
2025-12-18T17:38:55.489641,1,-0.43861654470488354,-3.4793785848166197,-2.7091748674338065,1245.0,2149.0,4.0,199152.0,1.0,184362.0,22605.0
2025-12-18T17:38:55.589851,2,-0.44959184231817595,-3.4853563455141066,-2.6803296132544863,1209.0,1957.0,4.0,221858.0,1.0,137571.0,21566.0
2025-12-18T17:38:55.690095,3,-0.4608571714833598,-3.4911368673549505,-2.654772285781586,1191.0,1868.0,4.0,260993.0,1.0,140489.0,24237.0
2025-12-18T17:38:55.790694,4,-0.47163072604954426,-3.4978675531368957,-2.63085173580533,1111.0,1479.0,4.0,276356.0,1.0,217104.0,30956.0
2025-12-18T17:38:55.891026,5,-0.4696996613272244,-3.4988903649241907,-2.602874684559755,1026.0,1102.0,4.0,261789.0,1.0,213967.0,30530.0
2025-12-18T17:38:56.391260,0,-0.5187075812567397,-3.532943627745346,-2.4686595525745667,1108.0,1464.0,4.0,235236.0,1.0,190000.0,28272.0
2025-12-18T17:38:56.489478,1,-0.5280900797902053,-3.540376835145447,-2.4433584839313536,1247.0,2158.0,4.0,199085.0,1.0,185614.0,22566.0
2025-12-18T17:38:56.589980,2,-0.5357440585903577,-3.547752146059807,-2.4134791120357466,1206.0,1945.0,4.0,223591.0,1.0,138318.0,21617.0
2025-12-18T17:38:56.691342,3,-0.5452054863776388,-3.554586805386447,-2.388431562142331,1189.0,1855.0,4.0,265537.0,1.0,142452.0,24303.0
2025-12-18T17:38:56.792341,4,-0.5542159893234819,-3.5625999671402275,-2.3669574767395583,1108.0,1466.0,4.0,273842.0,1.0,218282.0,31061.0
2025-12-18T17:38:56.889147,5,-0.5627992533566006,-3.5718474664780233,-2.347695817042044,1028.0,1108.0,4.0,265537.0,1.0,211805.0,30468.0
2025-12-18T17:38:57.390860,0,-0.6068206162995171,-3.615643345115374,-2.3852468298815976,1112.0,1483.0,4.0,235953.0,1.0,186559.0,28129.0
2025-12-18T17:38:57.489843,1,-0.6169117410498082,-3.6234272649792123,-2.410237690771841,1242.0,2133.0,4.0,196740.0,1.0,187065.0,22673.0
2025-12-18T17:38:57.590485,2,-0.6321436672446783,-3.6350635336043062,-2.4268373376852996,1215.0,1992.0,4.0,223516.0,1.0,134897.0,21413.0
2025-12-18T17:38:57.689997,3,-0.6428993924430042,-3.645064501712164,-2.4486972250940338,1193.0,1879.0,4.0,264282.0,1.0,141013.0,24179.0
2025-12-18T17:38:57.790459,4,-0.652761412719336,-3.6533647237164946,-2.475500969257323,1108.0,1463.0,4.0,279460.0,1.0,216370.0,31082.0
2025-12-18T17:38:57.890507,5,-0.6628736296700861,-3.6604399618186862,-2.5016451436029286,1025.0,1098.0,4.0,263656.0,1.0,213100.0,30571.0
2025-12-18T17:38:58.390829,0,-0.7146960140422465,-3.6946118615786925,-2.6259764298718755,1114.0,1490.0,4.0,235315.0,1.0,190386.0,28081.0
2025-12-18T17:38:58.489755,1,-0.7255677118785382,-3.7005879490588764,-2.6539329120838526,1244.0,2140.0,4.0,196674.0,1.0,185050.0,22643.0
2025-12-18T17:38:58.590504,3,-0.7367800611296298,-3.705063412457808,-2.6822860212878297,1200.0,1911.0,4.0,260993.0,1.0,140917.0,24016.0
2025-12-18T17:38:58.689721,4,-0.7481523591860588,-3.7103763511093826,-2.7122636041687604,1104.0,1443.0,4.0,274585.0,1.0,215566.0,31251.0
2025-12-18T17:38:58.792188,5,-0.7600303122050773,-3.715663813920756,-2.7348027970017794,1030.0,1117.0,4.0,257745.0,1.0,210519.0,30375.0
2025-12-18T17:38:59.390982,0,-0.8378151627553381,-3.7467531605232494,-2.8879487836917863,1116.0,1503.0,4.0,235873.0,1.0,189743.0,27986.0
2025-12-18T17:38:59.489126,1,-0.849617805025666,-3.749395876571509,-2.914958073754907,1240.0,2120.0,4.0,197876.0,1.0,184550.0,22727.0
2025-12-18T17:38:59.590837,2,-0.8623289530564584,-3.753170451873296,-2.9390200293285624,1213.0,1980.0,4.0,225262.0,1.0,136274.0,21464.0
2025-12-18T17:38:59.688180,3,-0.8739269997902017,-3.7550531956730464,-2.965568950347637,1200.0,1913.0,4.0,261877.0,1.0,141060.0,24008.0
2025-12-18T17:38:59.791059,4,-0.8863580819939472,-3.7571372558937526,-2.9965543956850427,1103.0,1439.0,4.0,273009.0,1.0,216883.0,31283.0
2025-12-18T17:38:59.892332,5,-0.8984886280981561,-3.759389182533096,-3.0180368519772225,1027.0,1104.0,4.0,261612.0,1.0,210804.0,30509.0
2025-12-18T17:39:00.388422,1,-0.9613449045635587,-3.7692807784247853,-3.1317662382628138,1238.0,2111.0,4.0,196275.0,1.0,184362.0,22766.0
2025-12-18T17:39:00.490187,2,-0.9739720365201654,-3.7695229451080183,3.124461013557947,1216.0,1997.0,4.0,223743.0,1.0,136597.0,21391.0
2025-12-18T17:39:00.590882,3,-0.9861714977793952,-3.7688525401075337,3.0955901245033832,1192.0,1871.0,4.0,258181.0,1.0,140251.0,24220.0
2025-12-18T17:39:00.690270,4,-0.9989644886560152,-3.7685215783225186,3.075560803610804,1107.0,1458.0,4.0,276543.0,1.0,213750.0,31124.0
2025-12-18T17:39:00.789446,5,-1.010731550729929,-3.7739652327698106,3.0617872157039856,1023.0,1088.0,4.0,264460.0,1.0,213316.0,30675.0
2025-12-18T17:39:01.390384,0,-1.0844901962058913,-3.7711708364958563,2.9173180203725555,1095.0,1404.0,4.0,234044.0,1.0,190386.0,28735.0
2025-12-18T17:39:01.489544,1,-1.097577527226238,-3.76938047378993,2.894031003860602,1242.0,2132.0,4.0,198614.0,1.0,184300.0,22673.0
2025-12-18T17:39:01.591019,2,-1.1006440747729371,-3.7655250534651197,2.8808480454083676,1212.0,1976.0,4.0,224958.0,1.0,137106.0,21478.0
2025-12-18T17:39:01.690903,3,-1.1074126496074435,-3.7619607713599166,2.860899401344981,1187.0,1845.0,4.0,261700.0,1.0,142114.0,24352.0
2025-12-18T17:39:01.789716,4,-1.1181470690305648,-3.758111342204077,2.8334289457743247,1106.0,1455.0,4.0,275889.0,1.0,213172.0,31145.0
2025-12-18T17:39:01.890779,5,-1.1292301817965873,-3.753861874684633,2.8056149740344303,1030.0,1116.0,4.0,258706.0,1.0,210021.0,30385.0
2025-12-18T17:39:02.390602,0,-1.185740722334474,-3.7287503924218246,2.6796337333445437,1115.0,1496.0,4.0,236593.0,1.0,188782.0,28034.0
2025-12-18T17:39:02.489649,1,-1.1970547247695666,-3.7241889457313473,2.6638967526060484,1239.0,2118.0,4.0,194489.0,1.0,185426.0,22735.0
2025-12-18T17:39:02.592150,2,-1.2088922700382163,-3.7193380865924297,2.6492879987161695,1217.0,2001.0,4.0,220137.0,1.0,136643.0,21370.0
2025-12-18T17:39:02.691413,3,-1.2196857088622668,-3.7138028129918044,2.6187222754587665,1191.0,1869.0,4.0,263656.0,1.0,141060.0,24229.0
2025-12-18T17:39:02.789993,4,-1.2297841410402919,-3.707250037910039,2.5923124765734498,1116.0,1502.0,4.0,268974.0,1.0,216737.0,30768.0
2025-12-18T17:39:02.889152,5,-1.240333929702218,-3.7007878072399216,2.57156340382833,1023.0,1088.0,4.0,265627.0,1.0,215129.0,30675.0
2025-12-18T17:39:03.389815,0,-1.3095980385599155,-3.658201896664886,2.4638153173848516,1111.0,1475.0,4.0,234917.0,1.0,187128.0,28186.0
2025-12-18T17:39:03.488360,1,-1.3189550258588927,-3.6499469247171907,2.4307991373970554,1235.0,2095.0,4.0,196674.0,1.0,185489.0,22835.0
2025-12-18T17:39:03.590860,2,-1.3273370376124651,-3.6419046329043026,2.423976338018045,1210.0,1963.0,4.0,222158.0,1.0,136274.0,21537.0
2025-12-18T17:39:03.689468,3,-1.3379170999167798,-3.6343165487164724,2.4365775577938202,1198.0,1903.0,4.0,261081.0,1.0,140536.0,24057.0
2025-12-18T17:39:03.792010,4,-1.3490701643960508,-3.6260768338304348,2.4624055348246294,1098.0,1419.0,4.0,274864.0,1.0,217177.0,31453.0
2025-12-18T17:39:03.890629,5,-1.3588028735709994,-3.6184085695839325,2.48434020138751,1019.0,1071.0,4.0,259671.0,1.0,212667.0,30862.0
2025-12-18T17:39:04.391324,0,-1.4184292057251922,-3.572025582508496,2.612179388970331,1116.0,1500.0,4.0,232151.0,1.0,189166.0,28005.0
2025-12-18T17:39:04.490290,1,-1.4282062036007241,-3.565144755854851,2.6365489337993098,1248.0,2162.0,4.0,195413.0,1.0,184300.0,22543.0
2025-12-18T17:39:04.590596,2,-1.439062821654292,-3.558823090212525,2.659778617253078,1206.0,1941.0,4.0,221407.0,1.0,136274.0,21631.0
2025-12-18T17:39:04.688878,3,-1.4503129558083518,-3.55349232121859,2.6849361876552957,1176.0,1793.0,4.0,262144.0,1.0,140774.0,24634.0
2025-12-18T17:39:04.792292,4,-1.461986598974252,-3.548891745350236,2.713849924812878,1098.0,1418.0,4.0,273379.0,1.0,217177.0,31463.0
2025-12-18T17:39:04.889466,5,-1.4728719003575783,-3.543579943641336,2.7407486220869623,1034.0,1134.0,4.0,265357.0,1.0,211949.0,30201.0
2025-12-18T17:39:05.392536,0,-1.5317941543206661,-3.5248704830518798,2.8706229271172834,1106.0,1455.0,4.0,235873.0,1.0,188654.0,28339.0
2025-12-18T17:39:05.489378,1,-1.54348767396798,-3.522070802105558,2.8975342019862227,1245.0,2148.0,4.0,196408.0,1.0,184300.0,22605.0
2025-12-18T17:39:05.588481,2,-1.5550114550932737,-3.5181934627797844,2.923949492657939,1201.0,1918.0,4.0,223516.0,1.0,136967.0,21734.0
2025-12-18T17:39:05.689434,3,-1.573145697624346,-3.5148972387624475,2.9527719006085835,1195.0,1888.0,4.0,260728.0,1.0,139966.0,24130.0
2025-12-18T17:39:05.790063,4,-1.6001674957383312,-3.5134230886998323,2.983429982616334,1093.0,1396.0,4.0,278516.0,1.0,219616.0,31656.0
2025-12-18T17:39:05.890172,5,-1.6125359134655346,-3.5122738397065283,3.007552282293954,1013.0,1045.0,4.0,260904.0,1.0,212236.0,31145.0
2025-12-18T17:39:06.387834,0,-1.6739402741988627,-3.5068660818709882,3.1324716685890133,1109.0,1469.0,4.0,233096.0,1.0,186685.0,28234.0
2025-12-18T17:39:06.488162,2,-1.6797693477642897,-3.5121198757114946,-3.1150619146663496,1181.0,1817.0,4.0,225644.0,1.0,138552.0,22210.0
2025-12-18T17:39:06.590287,3,-1.6824208882664786,-3.520773316850026,-3.074063248854405,1179.0,1806.0,4.0,265896.0,1.0,143371.0,24559.0
2025-12-18T17:39:06.690401,4,-1.6943318389131097,-3.51993087137061,-3.0400528476731927,1077.0,1320.0,4.0,280978.0,1.0,220510.0,32338.0
2025-12-18T17:39:06.791724,5,-1.7051051918313886,-3.518826200187354,-3.003854997638127,1013.0,1045.0,4.0,260023.0,1.0,211877.0,31145.0
2025-12-18T17:39:07.390359,0,-1.7822918867657256,-3.541927463078352,-2.8673231877868677,1107.0,1460.0,4.0,236273.0,1.0,189679.0,28301.0
2025-12-18T17:39:07.489584,1,-1.7951354150710834,-3.554154160318733,-2.8418380877544833,1225.0,2040.0,4.0,195678.0,1.0,184612.0,23076.0
2025-12-18T17:39:07.590008,2,-1.8067504774883139,-3.5585947483021676,-2.816874602040355,1179.0,1806.0,4.0,228255.0,1.0,141299.0,22263.0
2025-12-18T17:39:07.692283,3,-1.8173433057656538,-3.5631210246406186,-2.79037387891774,1173.0,1777.0,4.0,265357.0,1.0,141395.0,24717.0
2025-12-18T17:39:07.789053,4,-1.8289281276704275,-3.566330059430605,-2.7631132537221634,1078.0,1326.0,4.0,277012.0,1.0,223818.0,32283.0
2025-12-18T17:39:07.891933,5,-1.8412078888507537,-3.5696283003665514,-2.740106057238681,1006.0,1017.0,4.0,267159.0,1.0,215712.0,31453.0
2025-12-18T17:39:08.390673,0,-1.8928429149294557,-3.5987717298924933,-2.6075764723760506,1099.0,1421.0,4.0,235395.0,1.0,190386.0,28599.0
2025-12-18T17:39:08.490574,1,-1.9028703514665075,-3.6053565996397383,-2.583845069447568,1236.0,2098.0,4.0,199422.0,1.0,186433.0,22820.0
2025-12-18T17:39:08.591554,2,-1.9140028885049736,-3.6113729594333304,-2.555876522480679,1182.0,1819.0,4.0,231367.0,1.0,140061.0,22195.0
2025-12-18T17:39:08.690483,3,-1.9248697995027904,-3.617397215039751,-2.5305307127509447,1169.0,1759.0,4.0,266888.0,1.0,141013.0,24818.0
2025-12-18T17:39:08.792603,4,-1.9351628253105853,-3.6249700478852023,-2.5067370520664602,1078.0,1326.0,4.0,284807.0,1.0,221333.0,32283.0
2025-12-18T17:39:08.890040,5,-1.944900208867029,-3.632729550501356,-2.4820460453488913,1005.0,1012.0,4.0,262854.0,1.0,219393.0,31517.0
2025-12-18T17:39:09.390769,0,-2.0114230242150777,-3.677870895494773,-2.4224345542980514,1098.0,1420.0,4.0,235953.0,1.0,188399.0,28609.0
2025-12-18T17:39:09.488503,1,-2.020714560130757,-3.684213220162096,-2.452496111281708,1228.0,2056.0,4.0,198144.0,1.0,185238.0,23006.0
2025-12-18T17:39:09.591026,2,-2.030542886696475,-3.6913126887055125,-2.4787363604655988,1173.0,1778.0,4.0,228101.0,1.0,138552.0,22399.0
2025-12-18T17:39:09.689316,3,-2.040676860987884,-3.6992681036158714,-2.5002069219832825,1157.0,1698.0,4.0,269065.0,1.0,143128.0,25165.0
2025-12-18T17:39:09.791054,4,-2.0504836950163483,-3.7080213708483725,-2.5245473943499133,1057.0,1233.0,4.0,277387.0,1.0,221557.0,33192.0
2025-12-18T17:39:09.890911,5,-2.0606716955209663,-3.7216950125587704,-2.551494991247861,1005.0,1015.0,4.0,264819.0,1.0,216297.0,31485.0
2025-12-18T17:39:10.389685,0,-2.112476254347107,-3.756693745846561,-2.680703644572593,1099.0,1421.0,4.0,236033.0,1.0,190129.0,28599.0
2025-12-18T17:39:10.490633,1,-2.1234268447701172,-3.762189227153145,-2.7042383230121816,1237.0,2103.0,4.0,196607.0,1.0,185050.0,22797.0
2025-12-18T17:39:10.589827,2,-2.1348924760097274,-3.767128638997565,-2.7370418373258394,1163.0,1727.0,4.0,225568.0,1.0,139824.0,22658.0
2025-12-18T17:39:10.689951,3,-2.146028304231301,-3.77090617733211,-2.7449020479155566,1172.0,1774.0,4.0,264371.0,1.0,141634.0,24734.0
2025-12-18T17:39:10.790191,4,-2.157275534025427,-3.775916582170007,-2.7322523208248475,1065.0,1268.0,4.0,282599.0,1.0,223516.0,32845.0
2025-12-18T17:39:10.891169,5,-2.168713546046118,-3.7823471676698426,-2.7059800075802496,1000.0,993.0,4.0,269794.0,1.0,215420.0,31741.0
2025-12-18T17:39:11.390735,0,-2.22345617506402,-3.8271801845729403,-2.5653902890247524,1101.0,1429.0,4.0,235475.0,1.0,187636.0,28531.0
2025-12-18T17:39:11.490472,1,-2.2336393761988766,-3.833376164350849,-2.5297182527996545,1241.0,2127.0,4.0,196674.0,1.0,187382.0,22689.0
2025-12-18T17:39:11.591353,2,-2.243821308221584,-3.8386590121677764,-2.508102176131893,1168.0,1753.0,4.0,229262.0,1.0,141970.0,22521.0
2025-12-18T17:39:11.690389,3,-2.25381984390732,-3.84561030133166,-2.492302345012156,1167.0,1746.0,4.0,268428.0,1.0,144198.0,24885.0
2025-12-18T17:39:11.791061,4,-2.263301766632204,-3.854038524868737,-2.4811787283229694,1074.0,1310.0,4.0,282790.0,1.0,221782.0,32436.0
2025-12-18T17:39:12.392784,0,-2.325456843307318,-3.895928820795434,-2.602602549356977,1096.0,1408.0,4.0,237636.0,1.0,192199.0,28696.0
2025-12-18T17:39:12.488962,1,-2.336300117108501,-3.901670518240582,-2.631894595087576,1236.0,2101.0,4.0,196275.0,1.0,185929.0,22804.0
2025-12-18T17:39:12.589947,2,-2.3470048985289473,-3.906657684276081,-2.657583522216483,1189.0,1856.0,4.0,228565.0,1.0,140109.0,22016.0
2025-12-18T17:39:12.689516,3,-2.3586818716158975,-3.912993022180009,-2.6799131879925686,1186.0,1840.0,4.0,263478.0,1.0,142548.0,24377.0
2025-12-18T17:39:12.791288,4,-2.370383193121728,-3.91849664595137,-2.706635204187136,1067.0,1279.0,4.0,281739.0,1.0,224425.0,32734.0
2025-12-18T17:39:12.889641,5,-2.3818002334374224,-3.922470566336896,-2.7320539325869957,1011.0,1037.0,4.0,263745.0,1.0,216370.0,31230.0
2025-12-18T17:39:13.391257,0,-2.439166297491984,-3.942602471173011,-2.858636739207059,1084.0,1354.0,4.0,237878.0,1.0,190838.0,29137.0
2025-12-18T17:39:13.488735,1,-2.4511299789553123,-3.946380539099461,-2.880385908331059,1246.0,2152.0,4.0,199692.0,1.0,186307.0,22582.0
2025-12-18T17:39:13.590594,2,-2.463564723580393,-3.9496131017156535,-2.905114346061496,1191.0,1869.0,4.0,227715.0,1.0,138646.0,21956.0
2025-12-18T17:39:13.690415,3,-2.4756595408571984,-3.951899505491069,-2.932327968348468,1171.0,1764.0,4.0,266437.0,1.0,140584.0,24784.0
2025-12-18T17:39:13.792633,4,-2.488245387259166,-3.9549554065994177,-2.957550527330565,1086.0,1361.0,4.0,280597.0,1.0,222233.0,31957.0
2025-12-18T17:39:13.889733,5,-2.510448860104315,-3.968794546053512,-2.9790957983933133,1009.0,1031.0,4.0,268974.0,1.0,218135.0,31293.0
2025-12-18T17:39:14.390743,0,-2.5841146703737374,-3.9880824792454423,-3.1174634935693812,1092.0,1391.0,4.0,234282.0,1.0,191550.0,28832.0
2025-12-18T17:39:14.488470,1,-2.5965526161045798,-3.9887546625344052,-3.1411272854219794,1238.0,2111.0,4.0,199355.0,1.0,185175.0,22758.0
2025-12-18T17:39:14.591141,2,-2.609073687162587,-3.9891011296344154,3.1180176201504595,1202.0,1923.0,4.0,224198.0,1.0,138318.0,21705.0
2025-12-18T17:39:14.690455,3,-2.620229863104524,-3.9870209918871877,3.089373433180913,1180.0,1813.0,4.0,266437.0,1.0,140298.0,24517.0
2025-12-18T17:39:14.790726,4,-2.6295853096838484,-3.9963235069163643,3.0700373899424442,1090.0,1383.0,4.0,278327.0,1.0,221858.0,31763.0
2025-12-18T17:39:14.889581,5,-2.6372138787809862,-4.0094298864602225,3.0632181282242352,1004.0,1011.0,4.0,269794.0,1.0,216517.0,31527.0
2025-12-18T17:39:15.390574,0,-2.7003935962035928,-4.003271525603442,2.9451154837081504,1099.0,1422.0,4.0,234679.0,1.0,191291.0,28589.0
2025-12-18T17:39:15.489623,1,-2.7127142987017643,-4.000389067917645,2.9140189586113965,1253.0,2192.0,4.0,195281.0,1.0,185489.0,22414.0
2025-12-18T17:39:15.591006,2,-2.708755275777467,-4.007945406232179,2.9033902189552765,1206.0,1941.0,4.0,227715.0,1.0,138318.0,21624.0
2025-12-18T17:39:15.689386,4,-2.7092547762641397,-4.011824026180931,2.8894654876583514,1089.0,1378.0,4.0,279744.0,1.0,222534.0,31806.0
2025-12-18T17:39:15.789593,5,-2.721245515286288,-4.009531702238104,2.872210652970862,1004.0,1011.0,4.0,263389.0,1.0,215712.0,31527.0
2025-12-18T17:39:16.391408,0,-2.791106886749901,-3.9837785781871036,2.7166974998423634,1100.0,1425.0,4.0,236513.0,1.0,189038.0,28560.0
2025-12-18T17:39:16.489879,1,-2.788130312274783,-3.98081556790339,2.688545394476355,1241.0,2125.0,4.0,199760.0,1.0,188272.0,22697.0
2025-12-18T17:39:16.591388,2,-2.7856787918638344,-3.9765132465570816,2.6623316140388638,1207.0,1946.0,4.0,225491.0,1.0,138646.0,21602.0
2025-12-18T17:39:16.690331,3,-2.7964849297660392,-3.970616951208883,2.6344220502725832,1199.0,1906.0,4.0,260904.0,1.0,141013.0,24033.0
2025-12-18T17:39:16.791758,4,-2.8072057818684057,-3.9644693275272407,2.6166621770716754,1087.0,1366.0,4.0,281835.0,1.0,219468.0,31914.0
2025-12-18T17:39:16.889727,5,-2.817269390594476,-3.958017447630604,2.589686077108805,1008.0,1027.0,4.0,269794.0,1.0,219468.0,31336.0
2025-12-18T17:39:17.390438,0,-2.838038816944759,-3.9468331915110393,2.562710364462624,1089.0,1379.0,4.0,233254.0,1.0,189615.0,28930.0
2025-12-18T17:39:17.488842,1,-2.8464877759965628,-3.9417546841269715,2.560603235617118,1243.0,2136.0,4.0,196474.0,1.0,184987.0,22650.0
2025-12-18T17:39:17.590143,2,-2.848606157198554,-3.939509742126977,2.558367344886635,1208.0,1954.0,4.0,221933.0,1.0,139069.0,21566.0
2025-12-18T17:39:17.689314,3,-2.854770844493059,-3.931639237279521,2.5695953996581693,1191.0,1866.0,4.0,266257.0,1.0,143225.0,24237.0
2025-12-18T17:39:17.792466,4,-2.864716611481059,-3.924325283832193,2.5934969244862556,1085.0,1358.0,4.0,279176.0,1.0,223591.0,31979.0
2025-12-18T17:39:17.889076,5,-2.8779183218931763,-3.9181609946290905,2.615635005794291,1000.0,993.0,4.0,263210.0,1.0,215712.0,31731.0
2025-12-18T17:39:18.391172,0,-2.9413519822322503,-3.889428997259123,2.7316949096354346,1105.0,1448.0,4.0,236513.0,1.0,188017.0,28387.0
2025-12-18T17:39:18.491357,1,-2.952179717076109,-3.885545501385079,2.75686870367899,1241.0,2128.0,4.0,195678.0,1.0,186370.0,22681.0
2025-12-18T17:39:18.589966,3,-2.9616254778523388,-3.881319715401129,2.7918621929903384,1185.0,1839.0,4.0,266979.0,1.0,139966.0,24377.0
2025-12-18T17:39:18.689076,4,-2.970593310928139,-3.8757598604607697,2.830504447745464,1087.0,1365.0,4.0,283173.0,1.0,222083.0,31914.0
2025-12-18T17:39:18.794387,5,-2.981498798085261,-3.8714449984513886,2.857462697597254,999.0,989.0,4.0,270069.0,1.0,218135.0,31784.0
2025-12-18T17:39:19.391636,1,-3.0602244822616784,-3.8570803422362836,2.985492946032808,1225.0,2041.0,4.0,196740.0,1.0,185803.0,23068.0
2025-12-18T17:39:19.489270,2,-3.0718219548352756,-3.854677493451799,3.007589468303504,1192.0,1873.0,4.0,220958.0,1.0,139305.0,21934.0
2025-12-18T17:39:19.588740,3,-3.0833724699729395,-3.8538196157650217,3.029578045897198,1191.0,1867.0,4.0,264998.0,1.0,140109.0,24229.0
2025-12-18T17:39:19.690262,4,-3.0957430723234625,-3.8526436645508406,3.059383666747056,1085.0,1357.0,4.0,284615.0,1.0,224958.0,31989.0
2025-12-18T17:39:19.793512,5,-3.107996289306006,-3.8516718989269947,3.089521645163051,1008.0,1027.0,4.0,261877.0,1.0,221632.0,31336.0
2025-12-18T17:39:20.390030,0,-3.1463283439065632,-3.8658255183523123,-3.0309605531222044,1102.0,1437.0,4.0,232702.0,1.0,190193.0,28464.0
2025-12-18T17:39:20.488561,1,-3.1587086045029187,-3.866587697428987,-3.0055508766177015,1237.0,2103.0,4.0,195943.0,1.0,183802.0,22789.0
2025-12-18T17:39:20.592459,2,-3.170232092863423,-3.8678421002959698,-2.9785727827201582,1192.0,1870.0,4.0,222911.0,1.0,139399.0,21949.0
2025-12-18T17:39:20.689080,3,-3.1779917318303657,-3.870656846062146,-2.963009476736393,1194.0,1880.0,4.0,265177.0,1.0,142693.0,24163.0
2025-12-18T17:39:20.791709,4,-3.1795599960578285,-3.871034480930507,-2.9565880807189173,1081.0,1339.0,4.0,283941.0,1.0,223970.0,32152.0
2025-12-18T17:39:20.889182,5,-3.1735658247988114,-3.8762437561278014,-2.944625851619375,1002.0,1002.0,4.0,271443.0,1.0,217030.0,31623.0
2025-12-18T17:39:21.392078,0,-3.1717060931947314,-3.87920703058704,-2.9392632186689163,1104.0,1447.0,4.0,235236.0,1.0,188910.0,28387.0
2025-12-18T17:39:21.489857,1,-3.180000447994609,-3.879912844396606,-2.943628584372245,1243.0,2139.0,4.0,196142.0,1.0,186118.0,22635.0
2025-12-18T17:39:21.591086,2,-3.192823617898597,-3.881647947610283,-2.9468738555634766,1184.0,1830.0,4.0,225568.0,1.0,139824.0,22135.0
2025-12-18T17:39:21.689299,3,-3.2075469364631175,-3.884742178343675,-2.9584620840469515,1169.0,1756.0,4.0,263656.0,1.0,142018.0,24826.0
2025-12-18T17:39:21.790923,4,-3.2223527032220307,-3.887622743505873,-2.982959280731632,1071.0,1297.0,4.0,281358.0,1.0,220212.0,32546.0
2025-12-18T17:39:21.889854,5,-3.2365033017641895,-3.8909151168850418,-3.008199254139176,995.0,971.0,4.0,266979.0,1.0,218209.0,31989.0
2025-12-18T17:39:22.389451,0,-3.2975830873829253,-3.8973305702875978,-3.0336018869880292,1105.0,1450.0,4.0,235475.0,1.0,187065.0,28368.0
2025-12-18T17:39:22.489962,1,-3.310503569841427,-3.8987790302619865,-3.038841635714011,1235.0,2096.0,4.0,195678.0,1.0,183988.0,22820.0
2025-12-18T17:39:22.589049,2,-3.3225108618454797,-3.8994000198103995,-3.059808651757778,1181.0,1816.0,4.0,231445.0,1.0,139305.0,22203.0
2025-12-18T17:39:22.689159,3,-3.335427845851445,-3.9005577802315585,-3.083594627588408,1165.0,1736.0,4.0,265896.0,1.0,142596.0,24936.0
2025-12-18T17:39:22.791341,5,-3.34811237357515,-3.901051094853609,-3.105577016661331,997.0,979.0,4.0,272271.0,1.0,221333.0,31892.0
2025-12-18T17:39:23.391843,0,-3.424060338223815,-3.8994897793942407,3.1214953671879453,1097.0,1415.0,4.0,238442.0,1.0,190967.0,28638.0
2025-12-18T17:39:23.490075,1,-3.436505376963444,-3.899553070082394,3.1173114170614715,1230.0,2068.0,4.0,200098.0,1.0,187699.0,22944.0
2025-12-18T17:39:23.590258,2,-3.4498786905138346,-3.899299111683272,3.121021469994197,1179.0,1805.0,4.0,226716.0,1.0,139635.0,22255.0
2025-12-18T17:39:23.689607,3,-3.4629756720959604,-3.8995032294095946,3.1195286125147264,1175.0,1787.0,4.0,266527.0,1.0,142548.0,24650.0
2025-12-18T17:39:23.791856,4,-3.4756383030417446,-3.8991460891374357,3.1229754667000074,1073.0,1305.0,4.0,283077.0,1.0,224958.0,32469.0
2025-12-18T17:39:23.890945,5,-3.4799207710040156,-3.901485175018954,3.1186214231980087,1003.0,1006.0,4.0,271719.0,1.0,218652.0,31570.0
2025-12-18T17:39:24.389497,0,-3.537929098165329,-3.9023637076187083,3.1213833226880294,1105.0,1450.0,4.0,237154.0,1.0,190773.0,28368.0
2025-12-18T17:39:24.491758,1,-3.551474827151113,-3.902059892532062,3.1226020553960105,1217.0,2001.0,4.0,198748.0,1.0,186118.0,23249.0
2025-12-18T17:39:24.590321,2,-3.5640945816404233,-3.902472488843333,3.1221306366872614,1185.0,1835.0,4.0,229262.0,1.0,140298.0,22113.0
2025-12-18T17:39:24.690989,3,-3.577365323598873,-3.902135803799364,3.1226064525001043,1173.0,1775.0,4.0,264460.0,1.0,143371.0,24717.0
2025-12-18T17:39:24.791929,4,-3.5897292535470426,-3.9017398520746007,3.118876450148503,1073.0,1306.0,4.0,285676.0,1.0,223894.0,32458.0
2025-12-18T17:39:24.890050,5,-3.602508154894299,-3.9008928350819128,3.1203251649403314,998.0,984.0,4.0,264103.0,1.0,215129.0,31838.0
2025-12-18T17:39:25.392012,0,-3.665170331442765,-3.8969559309864903,3.1170877963741237,1098.0,1420.0,4.0,235236.0,1.0,192460.0,28599.0
2025-12-18T17:39:25.489160,2,-3.6771052543311495,-3.896550786089875,3.1161831985054578,1191.0,1866.0,4.0,228797.0,1.0,139399.0,21963.0
2025-12-18T17:39:25.590916,3,-3.690094281910858,-3.8959580735390817,3.1191348058887267,1175.0,1784.0,4.0,268974.0,1.0,144198.0,24667.0
2025-12-18T17:39:25.689538,4,-3.702737924467938,-3.8955241565804957,3.1183772429174823,1069.0,1285.0,4.0,283269.0,1.0,226792.0,32668.0
2025-12-18T17:39:25.790488,5,-3.715166009320589,-3.8949654670679816,3.1203402993809695,1004.0,1009.0,4.0,275982.0,1.0,216737.0,31538.0
2025-12-18T17:39:26.390352,0,-3.7811076238797234,-3.9098136013148674,3.1407242495328096,1097.0,1415.0,4.0,237475.0,1.0,189872.0,28638.0
2025-12-18T17:39:26.489192,1,-3.794276702105565,-3.9096660606665212,3.140961899420892,1224.0,2038.0,4.0,199085.0,1.0,186244.0,23076.0
2025-12-18T17:39:26.587810,2,-3.8073781519699663,-3.910411836895669,3.1409569001105284,1179.0,1808.0,4.0,225186.0,1.0,140489.0,22240.0
2025-12-18T17:39:26.690249,3,-3.8206598997436707,-3.9103189170011166,3.1414418101935246,1178.0,1802.0,4.0,263478.0,1.0,141970.0,24567.0
2025-12-18T17:39:26.792009,4,-3.833009027293544,-3.9104983050717745,3.139484319389701,1074.0,1310.0,4.0,281168.0,1.0,224958.0,32425.0
2025-12-18T17:39:26.890261,5,-3.8460652986083783,-3.9106202368065888,3.140236920190849,1011.0,1040.0,4.0,267974.0,1.0,219468.0,31188.0
2025-12-18T17:39:27.390213,0,-3.9096365442900884,-3.9099060014351528,3.133329624886517,1100.0,1425.0,4.0,236193.0,1.0,187953.0,28560.0
2025-12-18T17:39:27.489110,1,-3.9215826232730917,-3.909663275517388,3.1350917454572564,1218.0,2007.0,4.0,199490.0,1.0,186938.0,23217.0
2025-12-18T17:39:27.591355,2,-3.934905475201104,-3.909577490996395,3.1355658894717884,1190.0,1862.0,4.0,228410.0,1.0,139352.0,21978.0
2025-12-18T17:39:27.689752,3,-3.9472441635983175,-3.9095073653716335,3.13706941911739,1166.0,1743.0,4.0,266437.0,1.0,142838.0,24894.0
2025-12-18T17:39:27.790823,4,-3.9597634070310415,-3.9092652025240033,3.136055070828095,1077.0,1321.0,4.0,281073.0,1.0,221407.0,32316.0
2025-12-18T17:39:27.889469,5,-3.9721954295936386,-3.9091378565423045,3.1328283870016986,1013.0,1048.0,4.0,266257.0,1.0,218209.0,31093.0
2025-12-18T17:39:28.390681,0,-4.0227746557140565,-3.914938993983927,-3.1333515344072524,1087.0,1368.0,4.0,235236.0,1.0,191161.0,29009.0
2025-12-18T17:39:28.489477,1,-4.036390643480237,-3.9151923534199793,-3.1350970865012338,1211.0,1972.0,4.0,200369.0,1.0,187128.0,23383.0
2025-12-18T17:39:28.590100,2,-4.04927873577526,-3.9159961349477626,-3.131856023122357,1192.0,1872.0,4.0,227561.0,1.0,139872.0,21934.0
2025-12-18T17:39:28.690593,3,-4.062029121642317,-3.9157437247183187,-3.1318824395738103,1175.0,1787.0,4.0,269247.0,1.0,143808.0,24650.0
2025-12-18T17:39:28.792490,4,-4.074466137173622,-3.91585935040056,-3.1323567052758228,1075.0,1313.0,4.0,283365.0,1.0,225873.0,32393.0
2025-12-18T17:39:28.890040,5,-4.087913590268151,-3.9157962042520373,-3.1348413519289924,1010.0,1034.0,4.0,265717.0,1.0,218652.0,31251.0
2025-12-18T17:39:29.391218,0,-4.149633216288942,-3.9123010424561317,3.0415471502603886,1100.0,1428.0,4.0,235794.0,1.0,190967.0,28531.0
2025-12-18T17:39:29.489080,1,-4.1614157068081274,-3.9112549166164103,3.01461927552447,1231.0,2072.0,4.0,200641.0,1.0,185992.0,22920.0
2025-12-18T17:39:29.590508,2,-4.172753138966375,-3.9080046956591885,2.983671135581166,1185.0,1839.0,4.0,221407.0,1.0,139069.0,22090.0
2025-12-18T17:39:29.690154,3,-4.184358680720708,-3.905367988627058,2.9565402360862074,1165.0,1736.0,4.0,262943.0,1.0,142983.0,24936.0
2025-12-18T17:39:29.791721,4,-4.196888167550502,-3.90283858762488,2.9367408402970407,1083.0,1348.0,4.0,282790.0,1.0,223591.0,32065.0
2025-12-18T17:39:29.890621,5,-4.209880992173936,-3.900831228748357,2.915945242145426,1014.0,1050.0,4.0,259583.0,1.0,217619.0,31072.0
2025-12-18T17:39:30.391383,0,-4.252996179720203,-3.9017829619521525,2.7967573482754546,1106.0,1454.0,4.0,232780.0,1.0,190129.0,28329.0
2025-12-18T17:39:30.488783,1,-4.2648791606277205,-3.89765081095683,2.772885051122882,1233.0,2083.0,4.0,198950.0,1.0,186938.0,22874.0
2025-12-18T17:39:30.592405,2,-4.276803962166922,-3.893419578328559,2.75380591223714,1195.0,1888.0,4.0,227792.0,1.0,137944.0,21860.0
2025-12-18T17:39:30.690412,3,-4.287972666468339,-3.888694429273394,2.7268262752909807,1179.0,1807.0,4.0,269977.0,1.0,144834.0,24542.0
2025-12-18T17:39:30.789878,4,-4.299075184168225,-3.883722484454907,2.695617274270419,1088.0,1373.0,4.0,277293.0,1.0,225186.0,31838.0
2025-12-18T17:39:30.890688,5,-4.311007915613718,-3.8783703696199714,2.67313613567319,1016.0,1057.0,4.0,268792.0,1.0,212811.0,30998.0
2025-12-18T17:39:31.389345,0,-4.372841849627799,-3.864001625520421,2.6467969137357876,1102.0,1435.0,4.0,233096.0,1.0,188399.0,28474.0
2025-12-18T17:39:31.489406,1,-4.384761239578555,-3.857522733599471,2.646541420165504,1230.0,2070.0,4.0,196541.0,1.0,187255.0,22928.0
2025-12-18T17:39:31.590568,2,-4.395642649010812,-3.8519216744342075,2.647780498429644,1198.0,1900.0,4.0,222610.0,1.0,138178.0,21801.0
2025-12-18T17:39:31.689147,3,-4.407238935158405,-3.8454639034225644,2.64628280377992,1179.0,1808.0,4.0,263478.0,1.0,142983.0,24534.0
2025-12-18T17:39:31.789011,4,-4.431688421295348,-3.8428407352000113,2.6451767876265633,1086.0,1362.0,4.0,281644.0,1.0,223213.0,31935.0
2025-12-18T17:39:31.889838,5,-4.455233674851355,-3.8379677385639916,2.64070700155166,1015.0,1055.0,4.0,262144.0,1.0,215420.0,31019.0
2025-12-18T17:39:32.391119,0,-4.511406772881896,-3.8065289776738633,2.6355180793807103,1095.0,1404.0,4.0,234600.0,1.0,187255.0,28716.0
2025-12-18T17:39:32.489701,1,-4.521952957925185,-3.8002106741311334,2.637241456704087,1232.0,2079.0,4.0,195810.0,1.0,185866.0,22889.0
2025-12-18T17:39:32.590680,2,-4.5333027079949915,-3.794228535297228,2.6364854454036872,1243.0,2137.0,4.0,223818.0,1.0,136228.0,20799.0
2025-12-18T17:39:32.690714,3,-4.544476283845645,-3.788153284094507,2.6360025437060313,1223.0,2034.0,4.0,257919.0,1.0,141538.0,23406.0
2025-12-18T17:39:32.791881,4,-4.55571616764283,-3.7821999554178425,2.633276174109124,1096.0,1407.0,4.0,279176.0,1.0,222987.0,31538.0
2025-12-18T17:39:32.890148,5,-4.565828621273512,-3.7758524235591735,2.6340486794818414,1027.0,1106.0,4.0,261081.0,1.0,216663.0,30468.0
2025-12-18T17:39:33.391908,0,-4.6213448276970865,-3.7446165141188676,2.638060638987411,1109.0,1467.0,4.0,234361.0,1.0,188782.0,28234.0
2025-12-18T17:39:33.490051,1,-4.633221676950125,-3.738559053795347,2.6363171620325563,1270.0,2284.0,5.0,193570.0,1.0,181269.0,22038.0
2025-12-18T17:39:33.592229,2,-4.643732639702581,-3.732382133394285,2.6400120157836633,1258.0,2217.0,5.0,219245.0,1.0,135217.0,20491.0
2025-12-18T17:39:33.690276,3,-4.65566625211936,-3.7262818164718157,2.6380087630787115,1223.0,2034.0,4.0,257657.0,1.0,138881.0,23406.0
2025-12-18T17:39:33.790519,4,-4.6666285231620765,-3.720610334858302,2.639800581802822,1098.0,1419.0,4.0,273750.0,1.0,223667.0,31431.0
2025-12-18T17:39:33.889772,5,-4.6713291798920356,-3.7271956006177573,2.6509012313175138,1024.0,1093.0,4.0,262232.0,1.0,213461.0,30602.0
2025-12-18T17:39:34.389001,0,-4.723605494730807,-3.703802696857446,2.649061296671042,1100.0,1428.0,4.0,233096.0,1.0,187192.0,28531.0
2025-12-18T17:39:34.489418,1,-4.734958545591853,-3.6975005376121484,2.651042351157919,1269.0,2276.0,5.0,192525.0,1.0,183491.0,22068.0
2025-12-18T17:39:34.592191,2,-4.746613729379785,-3.691612367580639,2.6495037999553728,1248.0,2166.0,4.0,216004.0,1.0,134897.0,20686.0
2025-12-18T17:39:34.690218,3,-4.757963938320321,-3.6855851288225745,2.6497372640090515,1226.0,2049.0,4.0,253935.0,1.0,139966.0,23335.0
2025-12-18T17:39:34.790327,4,-4.76911119828282,-3.6796727067775894,2.647978471657899,1124.0,1541.0,4.0,275516.0,1.0,215493.0,30437.0
2025-12-18T17:39:35.392895,0,-4.8365933173903155,-3.644596852307509,2.654901173297933,1105.0,1448.0,4.0,233096.0,1.0,188272.0,28377.0
2025-12-18T17:39:35.489804,1,-4.848015023823676,-3.639136231887603,2.6541276940408727,1260.0,2229.0,5.0,194029.0,1.0,183739.0,22255.0
2025-12-18T17:39:35.590557,2,-4.8593056687578375,-3.633181639426106,2.6580709095647745,1248.0,2162.0,4.0,220809.0,1.0,135034.0,20700.0
2025-12-18T17:39:35.688718,3,-4.871379504840055,-3.627631813937703,2.6543705310351267,1212.0,1976.0,4.0,262499.0,1.0,138787.0,23677.0
2025-12-18T17:39:35.789425,4,-4.882688246013947,-3.621972571878402,2.655849471268215,1117.0,1505.0,4.0,276263.0,1.0,216443.0,30716.0
2025-12-18T17:39:35.889103,5,-4.893300906547854,-3.625234282797664,2.6449418930560467,1042.0,1168.0,4.0,254796.0,1.0,209595.0,29845.0
2025-12-18T17:39:36.391747,0,-4.940727583352614,-3.6463571857629553,2.5961534606527747,1101.0,1431.0,4.0,236353.0,1.0,189230.0,28503.0
2025-12-18T17:39:36.489192,1,-4.951523105765115,-3.639845051277372,2.594941224557923,1259.0,2223.0,5.0,192785.0,1.0,184237.0,22278.0
2025-12-18T17:39:36.588610,2,-4.962486356354854,-3.6330381435291796,2.5910031324502385,1226.0,2045.0,4.0,218282.0,1.0,135859.0,21168.0
2025-12-18T17:39:36.689046,3,-4.972450430275012,-3.626460900721404,2.590523275655123,1202.0,1923.0,4.0,260111.0,1.0,137804.0,23935.0
2025-12-18T17:39:36.792106,4,-4.983037075563238,-3.619280976355096,2.589521585648295,1119.0,1516.0,4.0,273379.0,1.0,216077.0,30633.0
2025-12-18T17:39:36.889592,5,-4.99376754617396,-3.6129420850421887,2.587305256175134,1029.0,1111.0,4.0,257309.0,1.0,208675.0,30416.0
2025-12-18T17:39:37.390808,0,-5.0478157334831275,-3.5783684802307967,2.5872730548999843,1110.0,1473.0,4.0,235236.0,1.0,184737.0,28186.0
2025-12-18T17:39:37.490212,1,-5.059124513947187,-3.5720875544955746,2.585051480519319,1246.0,2155.0,4.0,193570.0,1.0,183988.0,22559.0
2025-12-18T17:39:37.591177,2,-5.069666983099045,-3.565179667504485,2.58559471852799,1211.0,1970.0,4.0,220884.0,1.0,135492.0,21486.0
2025-12-18T17:39:37.689950,3,-5.080426131749221,-3.55821793237856,2.5873105595151777,1205.0,1938.0,4.0,261966.0,1.0,141395.0,23862.0
2025-12-18T17:39:37.793050,4,-5.0914451343569125,-3.5519516577085435,2.588782178564821,1113.0,1487.0,4.0,271995.0,1.0,213100.0,30862.0
2025-12-18T17:39:37.888408,5,-5.102554037310292,-3.5450973306612585,2.588275780481381,1041.0,1163.0,4.0,258094.0,1.0,212236.0,29896.0
2025-12-18T17:39:38.392257,1,-5.140840020144044,-3.5704770323702517,2.62955656237745,1242.0,2133.0,4.0,194226.0,1.0,181822.0,22650.0
2025-12-18T17:39:38.489259,4,-5.152764089691111,-3.5646515250754742,2.630540334554115,1096.0,1410.0,4.0,271351.0,1.0,216004.0,31506.0
2025-12-18T17:39:38.590293,5,-5.163962798259009,-3.5587556621552325,2.628815746039877,1036.0,1144.0,4.0,253505.0,1.0,207407.0,30078.0
2025-12-18T17:39:39.391170,0,-5.245484944771196,-3.502544324366238,2.4533128230723635,1103.0,1441.0,4.0,234917.0,1.0,187509.0,28425.0
2025-12-18T17:39:39.489085,1,-5.254867882090144,-3.4946306607131703,2.4279868479785,1239.0,2115.0,4.0,193570.0,1.0,185803.0,22727.0
2025-12-18T17:39:39.592321,2,-5.264761793411179,-3.485866556124982,2.4034325784382524,1221.0,2021.0,4.0,218135.0,1.0,137804.0,21269.0
2025-12-18T17:39:39.689166,3,-5.273746152960122,-3.4776921181482185,2.3792690269347205,1196.0,1891.0,4.0,259407.0,1.0,139635.0,24098.0
2025-12-18T17:39:39.790653,4,-5.281732804178892,-3.4691892515233684,2.3518549770402912,1117.0,1505.0,4.0,272548.0,1.0,214257.0,30716.0
2025-12-18T17:39:39.889792,5,-5.290378346334181,-3.4604718507214445,2.327619102284722,1036.0,1142.0,4.0,264371.0,1.0,209311.0,30099.0
2025-12-18T17:39:40.390584,0,-5.3101654925216994,-3.4566657098314897,2.2265858043121987,1102.0,1437.0,4.0,237154.0,1.0,189102.0,28454.0
2025-12-18T17:39:40.488839,1,-5.317303224771319,-3.4467993662214447,2.198316004969042,1245.0,2149.0,4.0,188718.0,1.0,183864.0,22582.0
2025-12-18T17:39:40.593414,2,-5.32438887452326,-3.4360710770202187,2.1682857224008303,1220.0,2017.0,4.0,214692.0,1.0,136320.0,21283.0
2025-12-18T17:39:40.689683,3,-5.331574022350816,-3.4256964111690813,2.145575782070842,1189.0,1856.0,4.0,257048.0,1.0,138552.0,24278.0
2025-12-18T17:39:40.790856,4,-5.337521052414056,-3.415990417470197,2.122892747489015,1114.0,1493.0,4.0,271627.0,1.0,216004.0,30810.0
2025-12-18T17:39:40.892223,5,-5.342267921461813,-3.40508708414212,2.094867593547775,1034.0,1134.0,4.0,260728.0,1.0,209808.0,30180.0
2025-12-18T17:39:41.390752,0,-5.3828931860623435,-3.381681310179594,2.0256057688221345,1098.0,1417.0,4.0,235873.0,1.0,187636.0,28609.0
2025-12-18T17:39:41.490075,1,-5.38865432862523,-3.370796574826068,2.0033142657013476,1237.0,2106.0,4.0,195810.0,1.0,182438.0,22766.0
2025-12-18T17:39:41.590639,2,-5.393460205445051,-3.3599876842325305,1.9734308608796318,1219.0,2012.0,4.0,218430.0,1.0,132993.0,21305.0
2025-12-18T17:39:41.688986,3,-5.39758542585849,-3.348440891475784,1.944459845632078,1209.0,1961.0,4.0,265717.0,1.0,140774.0,23750.0
2025-12-18T17:39:41.789779,4,-5.402607454007486,-3.336799519843262,1.923549959490565,1108.0,1462.0,4.0,270069.0,1.0,212236.0,31061.0
2025-12-18T17:39:41.889720,5,-5.413982774866579,-3.3270162903582197,1.8994318756588109,1024.0,1093.0,4.0,257483.0,1.0,207829.0,30602.0
2025-12-18T17:39:42.390270,0,-5.439124785484917,-3.270849584346614,1.760839400136796,1104.0,1447.0,4.0,238523.0,1.0,188399.0,28377.0
2025-12-18T17:39:42.491181,1,-5.440482117703728,-3.258633425360731,1.7347017446655595,1242.0,2129.0,4.0,193832.0,1.0,185929.0,22666.0
2025-12-18T17:39:42.591347,2,-5.441843414617748,-3.2535450317525116,1.7286497196911352,1217.0,1998.0,4.0,222008.0,1.0,135629.0,21362.0
2025-12-18T17:39:42.689262,3,-5.4425593296091686,-3.252704673810312,1.7335525721948344,1204.0,1936.0,4.0,257919.0,1.0,139022.0,23870.0
2025-12-18T17:39:42.791892,4,-5.4443818655747,-3.2560066238311656,1.7294911348341355,1113.0,1489.0,4.0,275609.0,1.0,214184.0,30841.0
2025-12-18T17:39:42.889680,5,-5.448630797079206,-3.2635403533147875,1.7218507704539452,1017.0,1064.0,4.0,266257.0,1.0,211662.0,30914.0
2025-12-18T17:39:43.390467,0,-5.4494327982404975,-3.244457367619115,1.7023110428782495,1105.0,1448.0,4.0,237717.0,1.0,190580.0,28368.0
2025-12-18T17:39:43.488414,2,-5.451811499116035,-3.22916649487107,1.7008531820849266,1221.0,2024.0,4.0,221557.0,1.0,133896.0,21254.0
2025-12-18T17:39:43.588446,3,-5.454858735872181,-3.2134214048692935,1.7038156061108132,1194.0,1881.0,4.0,263210.0,1.0,139919.0,24147.0
2025-12-18T17:39:43.690051,4,-5.458347450093068,-3.1977975514312305,1.704084813118239,1108.0,1465.0,4.0,269338.0,1.0,214838.0,31040.0
2025-12-18T17:39:43.789571,5,-5.460833189408664,-3.183802982484702,1.7023675073493778,1026.0,1102.0,4.0,255746.0,1.0,209808.0,30509.0
2025-12-18T17:39:44.392791,0,-5.47448092612132,-3.1131343210174776,1.803780111747982,1105.0,1452.0,4.0,232308.0,1.0,188081.0,28339.0
2025-12-18T17:39:44.489275,1,-5.477281977804656,-3.1003717113912246,1.8296840306101365,1236.0,2099.0,4.0,196341.0,1.0,183926.0,22797.0
2025-12-18T17:39:44.591435,2,-5.480410138945057,-3.0873207418271513,1.8547325168434834,1228.0,2056.0,4.0,221632.0,1.0,135492.0,21118.0
2025-12-18T17:39:44.690537,3,-5.484859284531073,-3.076007350788941,1.8811627161304405,1201.0,1916.0,4.0,260111.0,1.0,140393.0,23968.0
2025-12-18T17:39:44.789168,4,-5.487844576808913,-3.0642370980301714,1.907712401227273,1122.0,1530.0,4.0,272456.0,1.0,213605.0,30519.0
2025-12-18T17:39:44.891532,5,-5.491403803725744,-3.052468621411802,1.9307969195639971,1024.0,1094.0,4.0,261877.0,1.0,209382.0,30592.0
2025-12-18T17:39:45.393825,0,-5.5166516893458635,-2.9955914063067177,1.9857719585199711,1102.0,1436.0,4.0,235315.0,1.0,187572.0,28464.0
2025-12-18T17:39:45.489309,1,-5.521675110662089,-2.9838408945739876,1.976455435202985,1240.0,2120.0,4.0,196807.0,1.0,183988.0,22704.0
2025-12-18T17:39:45.590277,2,-5.527065468623286,-2.972222173340096,1.9734769339981713,1218.0,2005.0,4.0,220809.0,1.0,134897.0,21333.0
2025-12-18T17:39:45.691187,3,-5.546862369837424,-2.9620835224944297,1.985566928920632,1197.0,1898.0,4.0,258444.0,1.0,139352.0,24057.0
2025-12-18T17:39:45.790705,4,-5.559802912489106,-2.9510447010315386,1.9939349721027175,1095.0,1406.0,4.0,268247.0,1.0,211519.0,31538.0
2025-12-18T17:39:45.890000,5,-5.5646828097752845,-2.9397318627938076,1.9924236912915354,1033.0,1131.0,4.0,254623.0,1.0,207899.0,30211.0
2025-12-18T17:39:46.390507,0,-5.590608216557509,-2.8811909068924417,1.9731788871128815,1112.0,1484.0,4.0,233254.0,1.0,188463.0,28100.0
2025-12-18T17:39:46.489430,1,-5.595723598006513,-2.8693461976400934,1.9501075980693334,1231.0,2074.0,4.0,195281.0,1.0,184051.0,22905.0
2025-12-18T17:39:46.589481,2,-5.598590862292115,-2.8586855405054217,1.9276705811322499,1230.0,2070.0,4.0,223364.0,1.0,135309.0,21061.0
2025-12-18T17:39:46.689350,3,-5.60172919248839,-2.846699825947445,1.9005635567854724,1200.0,1913.0,4.0,264819.0,1.0,140393.0,23984.0
2025-12-18T17:39:46.792972,4,-5.606036219186048,-2.834882515223351,1.880959774183058,1122.0,1529.0,4.0,266257.0,1.0,213172.0,30519.0
2025-12-18T17:39:46.889609,5,-5.609756191735475,-2.823191310540517,1.8644975949309086,1037.0,1149.0,4.0,255314.0,1.0,206986.0,30028.0
2025-12-18T17:39:47.391669,0,-5.627767387264592,-2.7618804794311376,1.8575265336360764,1113.0,1488.0,4.0,236513.0,1.0,186370.0,28072.0
2025-12-18T17:39:47.488667,1,-5.631169835071104,-2.7501733868621843,1.8457538657998143,1248.0,2165.0,4.0,197274.0,1.0,182376.0,22513.0
2025-12-18T17:39:47.592073,2,-5.634452887112163,-2.7381404746480826,1.8281192817477387,1230.0,2066.0,4.0,216590.0,1.0,133083.0,21075.0
2025-12-18T17:39:47.690030,3,-5.636911989612344,-2.7262831808734265,1.7992822478396624,1200.0,1914.0,4.0,261081.0,1.0,137571.0,23976.0
2025-12-18T17:39:47.791393,4,-5.639094149684169,-2.714111489979406,1.7752834202118835,1123.0,1536.0,4.0,268974.0,1.0,208816.0,30468.0
2025-12-18T17:39:47.889067,5,-5.642104573344977,-2.702208462416371,1.753888954902104,1029.0,1113.0,4.0,257657.0,1.0,208251.0,30396.0
2025-12-18T17:39:48.390131,0,-5.665398279056464,-2.646031463771665,1.7327097691357685,1114.0,1494.0,4.0,234679.0,1.0,185866.0,28024.0
2025-12-18T17:39:48.489838,1,-5.6676129813312555,-2.6333409882080336,1.733978389617751,1254.0,2198.0,4.0,198144.0,1.0,182995.0,22376.0
2025-12-18T17:39:48.590707,2,-5.669942304029301,-2.620079546279999,1.733218145050866,1236.0,2101.0,4.0,220137.0,1.0,134032.0,20933.0
2025-12-18T17:39:48.689517,3,-5.672213765447499,-2.6073359233624402,1.7332385724826247,1203.0,1929.0,4.0,258706.0,1.0,139399.0,23903.0
2025-12-18T17:39:48.789004,4,-5.674557681387197,-2.5945120914549453,1.7339690048344378,1117.0,1506.0,4.0,264460.0,1.0,207407.0,30706.0
2025-12-18T17:39:48.889255,5,-5.676883756682693,-2.5818139551021173,1.7327267576443282,1042.0,1169.0,4.0,252906.0,1.0,204757.0,29835.0
2025-12-18T17:39:49.391078,0,-5.687340355779862,-2.5207413031425685,1.7351980937058216,1111.0,1476.0,4.0,232702.0,1.0,189422.0,28157.0
2025-12-18T17:39:49.491159,1,-5.689767881720285,-2.507219494081212,1.7332237631366807,1246.0,2152.0,4.0,196076.0,1.0,181822.0,22566.0
2025-12-18T17:39:49.591091,2,-5.692170601808676,-2.4946331746910126,1.7339790756315923,1222.0,2025.0,4.0,217913.0,1.0,135217.0,21247.0
2025-12-18T17:39:49.689138,3,-5.694678281462166,-2.4816628964279075,1.733006971757442,1207.0,1947.0,4.0,264013.0,1.0,137246.0,23814.0
2025-12-18T17:39:49.792010,4,-5.697177940935171,-2.4693663412823796,1.735995348677699,1128.0,1556.0,4.0,266979.0,1.0,208533.0,30313.0
2025-12-18T17:39:49.888910,5,-5.699205387745686,-2.456889432905896,1.7357367107769075,1047.0,1192.0,4.0,257483.0,1.0,206706.0,29614.0
2025-12-18T17:39:50.391741,0,-5.722011544209057,-2.410683986605769,1.7429144702112227,1117.0,1507.0,4.0,234361.0,1.0,186055.0,27930.0
2025-12-18T17:39:50.490364,1,-5.724126130804132,-2.3985542638166377,1.7439014697977295,1255.0,2201.0,5.0,194951.0,1.0,183118.0,22361.0
2025-12-18T17:39:50.590088,2,-5.726205691691355,-2.386892628585552,1.7446622132159262,1232.0,2080.0,4.0,215202.0,1.0,132948.0,21018.0
2025-12-18T17:39:50.689781,3,-5.728098930091431,-2.3741989567913704,1.746401807324642,1205.0,1940.0,4.0,256613.0,1.0,137571.0,23846.0
2025-12-18T17:39:50.791435,4,-5.730395029291348,-2.361426799400686,1.7421754272456023,1107.0,1461.0,4.0,269247.0,1.0,211519.0,31072.0
2025-12-18T17:39:50.890030,5,-5.732999590181429,-2.3482577596274608,1.7409490694167307,1034.0,1135.0,4.0,253248.0,1.0,204757.0,30170.0
2025-12-18T17:39:51.391395,0,-5.743190695301525,-2.2851410768435922,1.740417683382104,1118.0,1509.0,4.0,232387.0,1.0,187953.0,27911.0
2025-12-18T17:39:51.489762,1,-5.745417961709791,-2.2728783834470656,1.7362379580090324,1251.0,2177.0,4.0,196740.0,1.0,179741.0,22460.0
2025-12-18T17:39:51.590435,2,-5.746637301236909,-2.2606113257369227,1.732534616164853,1235.0,2092.0,4.0,222008.0,1.0,133263.0,20968.0
2025-12-18T17:39:51.690349,3,-5.748267893151144,-2.2487932310956067,1.7325194052787718,1212.0,1975.0,4.0,260640.0,1.0,137060.0,23677.0
2025-12-18T17:39:51.790204,4,-5.750324520911878,-2.235759797990916,1.7374242506805664,1123.0,1534.0,4.0,270892.0,1.0,212955.0,30478.0
2025-12-18T17:39:51.892191,5,-5.752244132096315,-2.223130108639279,1.737391502565533,1037.0,1148.0,4.0,256613.0,1.0,207688.0,30038.0
2025-12-18T17:39:52.390598,0,-5.773343478916294,-2.167284328640463,1.7584885223036915,1116.0,1499.0,4.0,231602.0,1.0,185363.0,27986.0
2025-12-18T17:39:52.489768,1,-5.775489954326327,-2.1544628247170277,1.7579799064028307,1258.0,2216.0,5.0,194819.0,1.0,180717.0,22301.0
2025-12-18T17:39:52.590357,2,-5.77816254358155,-2.142085399772631,1.7562636011391246,1219.0,2009.0,4.0,214329.0,1.0,134168.0,21312.0
2025-12-18T17:39:52.691157,3,-5.780145894699224,-2.1292250169800093,1.756510349376902,1200.0,1912.0,4.0,261169.0,1.0,137339.0,23984.0
2025-12-18T17:39:52.790167,4,-5.7830127663090245,-2.1167543331616123,1.7542849208104787,1106.0,1453.0,4.0,269703.0,1.0,208675.0,31135.0
2025-12-18T17:39:52.889425,5,-5.7851286941132205,-2.104338053582727,1.7537928927382087,1033.0,1131.0,4.0,257570.0,1.0,206497.0,30201.0
2025-12-18T17:39:53.391071,0,-5.7962203770294565,-2.042522399785562,1.757045699496077,1114.0,1490.0,4.0,232072.0,1.0,183305.0,28053.0
2025-12-18T17:39:53.489576,1,-5.798680122869584,-2.030432394200279,1.757063241508666,1271.0,2287.0,5.0,196940.0,1.0,181085.0,22016.0
2025-12-18T17:39:53.587690,2,-5.80080280470332,-2.017167618604989,1.7570377814506302,1222.0,2026.0,4.0,220137.0,1.0,133489.0,21240.0
2025-12-18T17:39:53.689630,3,-5.803624207384397,-2.0053260022750967,1.7605194564586273,1208.0,1956.0,4.0,260640.0,1.0,138131.0,23766.0
2025-12-18T17:39:53.792204,5,-5.805822427086888,-1.9924405991771517,1.761968297249742,1040.0,1160.0,4.0,252136.0,1.0,204272.0,29916.0
2025-12-18T17:39:54.388934,0,-5.833490710833792,-1.9549780876752072,1.7920140555593096,1114.0,1490.0,4.0,231445.0,1.0,186433.0,28053.0
2025-12-18T17:39:54.488900,1,-5.836030571888847,-1.9423731093001964,1.7900254919117862,1250.0,2173.0,4.0,195413.0,1.0,181269.0,22475.0
2025-12-18T17:39:54.590448,2,-5.839297278978072,-1.9299253087057364,1.7925084923476082,1226.0,2045.0,4.0,220510.0,1.0,133308.0,21161.0
2025-12-18T17:39:54.690021,3,-5.841642211094073,-1.9171359597681636,1.7897465727973474,1202.0,1925.0,4.0,255660.0,1.0,136689.0,23919.0
2025-12-18T17:39:54.791951,4,-5.845164315429522,-1.9047719338857805,1.7902758019735034,1112.0,1481.0,4.0,263121.0,1.0,212667.0,30904.0
2025-12-18T17:39:54.889442,5,-5.847687423650579,-1.891979971912931,1.7905022140138993,1031.0,1122.0,4.0,258181.0,1.0,208040.0,30293.0
2025-12-18T17:39:55.393959,0,-5.860643969372831,-1.8308104804317455,1.7922211852422647,1115.0,1496.0,4.0,235236.0,1.0,186370.0,28005.0
2025-12-18T17:39:55.490145,1,-5.863573069212403,-1.81843836562516,1.7929882351909514,1267.0,2266.0,5.0,192394.0,1.0,182068.0,22098.0
2025-12-18T17:39:55.590395,2,-5.866405739715865,-1.8056497185911153,1.7892571657248169,1225.0,2041.0,4.0,218282.0,1.0,132499.0,21175.0
2025-12-18T17:39:55.688727,3,-5.869512874516446,-1.793182425778343,1.790971815635114,1208.0,1954.0,4.0,255660.0,1.0,137478.0,23774.0
2025-12-18T17:39:55.790485,4,-5.871740013568593,-1.779979760218228,1.7902315552651489,1128.0,1557.0,4.0,273564.0,1.0,211949.0,30303.0
2025-12-18T17:39:55.890680,5,-5.875051924702347,-1.7673168551179987,1.7897340691496264,1043.0,1175.0,4.0,252307.0,1.0,206287.0,29775.0
2025-12-18T17:39:56.390934,0,-5.891604333044711,-1.7490652101837028,1.825973154389803,1115.0,1499.0,4.0,231994.0,1.0,186685.0,27986.0
2025-12-18T17:39:56.489217,1,-5.893722165230869,-1.7371605865008921,1.82550807869342,1249.0,2169.0,4.0,191355.0,1.0,179498.0,22490.0
2025-12-18T17:39:56.588742,2,-5.896607529681221,-1.7252143086691976,1.829176402405932,1232.0,2077.0,4.0,217545.0,1.0,133128.0,21025.0
2025-12-18T17:39:56.690612,3,-5.89992207119186,-1.7123614833261667,1.8306453305351351,1207.0,1947.0,4.0,259407.0,1.0,138646.0,23806.0
2025-12-18T17:39:56.791275,4,-5.903222916600596,-1.6997037639783072,1.8229291092088136,1105.0,1451.0,4.0,264819.0,1.0,211662.0,31145.0
2025-12-18T17:39:57.391300,1,-5.915813870555555,-1.6278236359261746,1.6738440176747234,1261.0,2236.0,5.0,189166.0,1.0,180473.0,22218.0
2025-12-18T17:39:57.489470,3,-5.917795842418899,-1.6146939103593634,1.656666651399916,1206.0,1946.0,4.0,257135.0,1.0,137246.0,23814.0
2025-12-18T17:39:57.592582,4,-5.919549380913029,-1.6017113321361385,1.6388381144144244,1126.0,1549.0,4.0,264640.0,1.0,206706.0,30365.0
2025-12-18T17:39:57.689936,5,-5.920369203323789,-1.5890366052391918,1.6329972553796746,1038.0,1152.0,4.0,251625.0,1.0,202277.0,29997.0
2025-12-18T17:39:58.390888,0,-5.928110418030311,-1.4936450710179465,1.6263571138994561,1108.0,1465.0,4.0,233570.0,1.0,186055.0,28234.0
2025-12-18T17:39:58.489100,1,-5.931286180813432,-1.4698772679692826,1.6269570185334326,1246.0,2151.0,4.0,192394.0,1.0,180901.0,22566.0
2025-12-18T17:39:58.589716,2,-5.932214568441543,-1.4567879299394813,1.6254720638149351,1221.0,2024.0,4.0,213244.0,1.0,131828.0,21247.0
2025-12-18T17:39:58.689610,3,-5.933169002115642,-1.44441454869321,1.6249814143134156,1207.0,1947.0,4.0,259495.0,1.0,137851.0,23806.0
2025-12-18T17:39:58.789479,4,-5.933496160964902,-1.4316014139048585,1.62694749255142,1129.0,1564.0,4.0,270892.0,1.0,208251.0,30252.0
2025-12-18T17:39:58.890587,5,-5.934735587767502,-1.4190387982844306,1.628662133338437,1040.0,1162.0,4.0,255227.0,1.0,203996.0,29896.0
2025-12-18T17:39:59.391429,0,-5.93774497434277,-1.3571882170599343,1.6254055299677646,1123.0,1535.0,4.0,232151.0,1.0,183739.0,27722.0
2025-12-18T17:39:59.489916,1,-5.938255744810734,-1.3442894030361803,1.6244417448364956,1259.0,2220.0,5.0,193177.0,1.0,182068.0,22278.0
2025-12-18T17:39:59.591239,2,-5.939666481411573,-1.3314459047404124,1.6266629395698713,1235.0,2093.0,4.0,219468.0,1.0,132813.0,20961.0
2025-12-18T17:39:59.691784,3,-5.939828293089951,-1.318435264491511,1.6271419999641157,1192.0,1873.0,4.0,257745.0,1.0,138318.0,24179.0
2025-12-18T17:39:59.791193,4,-5.940701796564422,-1.3061801124467096,1.6256580276576356,1130.0,1568.0,4.0,265896.0,1.0,209879.0,30221.0
2025-12-18T17:39:59.890669,5,-5.94075166923562,-1.2931780959044539,1.6251713772528016,1031.0,1123.0,4.0,260993.0,1.0,208675.0,30283.0
2025-12-18T17:40:00.389888,0,-5.944801990583867,-1.2307731596531948,1.6239633136317597,1124.0,1537.0,4.0,227638.0,1.0,186181.0,27713.0
2025-12-18T17:40:00.490266,1,-5.959681957135025,-1.2382746427774447,1.6483189431254666,1252.0,2187.0,4.0,193832.0,1.0,182315.0,22414.0
2025-12-18T17:40:00.591226,2,-5.9675632669357,-1.2362878013299143,1.662010014307304,1224.0,2035.0,4.0,213967.0,1.0,133263.0,21197.0
2025-12-18T17:40:00.689953,3,-5.96900925666896,-1.2235297047222247,1.6615180989469802,1194.0,1882.0,4.0,255314.0,1.0,136643.0,24130.0
2025-12-18T17:40:00.792725,4,-5.969609378687762,-1.210673710658103,1.6625123372991744,1124.0,1537.0,4.0,268337.0,1.0,209666.0,30457.0
2025-12-18T17:40:00.889719,5,-5.9710956158709045,-1.1980705486151164,1.6602892004887135,1029.0,1113.0,4.0,260023.0,1.0,207337.0,30385.0
2025-12-18T17:40:01.388343,0,-5.975454180168633,-1.1362903082962337,1.6538920199425018,1119.0,1514.0,4.0,233412.0,1.0,183553.0,27873.0
2025-12-18T17:40:01.489350,1,-5.976277857212645,-1.1239962556632288,1.6534031874603006,1270.0,2280.0,5.0,188144.0,1.0,181576.0,22038.0
2025-12-18T17:40:01.591177,2,-5.976913556569066,-1.1117401724562996,1.6519161010446544,1225.0,2044.0,4.0,217030.0,1.0,133308.0,21161.0
2025-12-18T17:40:01.689624,4,-5.977508631135345,-1.098320803494091,1.6464932440934752,1122.0,1529.0,4.0,266979.0,1.0,209311.0,30519.0
2025-12-18T17:40:01.790191,5,-5.978379433460757,-1.0850283288985918,1.6492167068384291,1028.0,1107.0,4.0,253420.0,1.0,205173.0,30447.0
2025-12-18T17:40:02.392054,0,-5.98576304111273,-1.007372968004654,1.6511716813486241,1110.0,1473.0,4.0,229961.0,1.0,184925.0,28176.0
2025-12-18T17:40:02.489468,2,-5.987034510873594,-0.9948729120234647,1.6538529456170528,1223.0,2032.0,4.0,219542.0,1.0,131471.0,21211.0
2025-12-18T17:40:02.590482,3,-5.990067828004092,-0.9980133207933917,1.6673189786927385,1207.0,1950.0,4.0,260199.0,1.0,137991.0,23790.0
2025-12-18T17:40:02.691352,4,-5.9914034484300425,-0.990573466150249,1.6773068366603923,1105.0,1451.0,4.0,263745.0,1.0,207688.0,31145.0
2025-12-18T17:40:02.790304,5,-5.992538617422666,-0.9786753162250981,1.6775487845600132,1045.0,1180.0,4.0,258969.0,1.0,205938.0,29724.0
2025-12-18T17:40:03.389770,0,-6.000770035962213,-0.9017944645519047,1.6753636612595884,1113.0,1489.0,4.0,235634.0,1.0,186055.0,28053.0
2025-12-18T17:40:03.489307,1,-6.002968100071176,-0.8896643153709656,1.6785680138930281,1255.0,2200.0,5.0,192264.0,1.0,178046.0,22361.0
2025-12-18T17:40:03.591630,2,-6.004221666281337,-0.8764882594171945,1.6815381772507492,1220.0,2015.0,4.0,213388.0,1.0,133896.0,21283.0
2025-12-18T17:40:03.690473,3,-6.005814742768694,-0.8638830330891638,1.6795247331257406,1207.0,1948.0,4.0,256526.0,1.0,135721.0,23798.0
2025-12-18T17:40:03.793603,4,-6.006892523365108,-0.8508849190022194,1.6778073404557112,1123.0,1534.0,4.0,267612.0,1.0,206916.0,30478.0
2025-12-18T17:40:03.890868,5,-6.008215937022144,-0.8381576321335324,1.6755255110190987,1037.0,1148.0,4.0,253849.0,1.0,205312.0,30028.0
2025-12-18T17:40:04.390987,0,-6.0158569177306696,-0.7747826356711651,1.6740409149698128,1121.0,1524.0,4.0,232151.0,1.0,183491.0,27798.0
2025-12-18T17:40:04.490322,1,-6.015768852544694,-0.7712276546893704,1.6744632629730876,1239.0,2118.0,4.0,193047.0,1.0,182623.0,22704.0
2025-12-18T17:40:04.589750,2,-6.014268934991504,-0.7748211470866018,1.6695949179538139,1224.0,2038.0,4.0,218652.0,1.0,134305.0,21182.0
2025-12-18T17:40:04.689041,3,-6.014651986523305,-0.7624547592649038,1.6473641274888031,1206.0,1942.0,4.0,256266.0,1.0,140298.0,23830.0
2025-12-18T17:40:04.791109,4,-6.015032035809092,-0.7507921017906636,1.6283460460489718,1113.0,1488.0,4.0,265627.0,1.0,209950.0,30841.0
2025-12-18T17:40:04.888603,5,-6.016071927251193,-0.7386094712788163,1.605383007767483,1027.0,1103.0,4.0,251199.0,1.0,206706.0,30488.0
2025-12-18T17:40:05.391716,0,-6.013306480861456,-0.6782340062414494,1.4747623565594334,1118.0,1510.0,4.0,230429.0,1.0,185113.0,27901.0
2025-12-18T17:40:05.489121,1,-6.010958828062728,-0.6664761368404597,1.4483425527980902,1257.0,2212.0,5.0,191420.0,1.0,178952.0,22308.0
2025-12-18T17:40:05.588256,2,-6.009523655693478,-0.6540420845840309,1.4276856499437052,1217.0,2003.0,4.0,215493.0,1.0,133354.0,21333.0
2025-12-18T17:40:05.689304,3,-6.0075893060390495,-0.642215861274817,1.4026260582477041,1198.0,1904.0,4.0,259671.0,1.0,137246.0,24016.0
2025-12-18T17:40:05.789855,4,-6.004807378302905,-0.6309212123100929,1.3703782811142733,1110.0,1475.0,4.0,267250.0,1.0,208675.0,30946.0
2025-12-18T17:40:05.889819,5,-6.001345643070307,-0.6192813887352702,1.3406695521889884,1036.0,1142.0,4.0,257919.0,1.0,205242.0,30089.0
2025-12-18T17:40:06.390356,0,-5.9838359687037475,-0.5544055737816946,1.2164482565700407,1125.0,1543.0,4.0,233412.0,1.0,184300.0,27666.0
2025-12-18T17:40:06.488897,1,-5.978316715053683,-0.5438982130406096,1.1861545045206845,1253.0,2192.0,4.0,190258.0,1.0,181822.0,22391.0
2025-12-18T17:40:06.590432,2,-5.973213985033719,-0.5335267691505887,1.1567986683848788,1241.0,2128.0,4.0,213750.0,1.0,133263.0,20820.0
2025-12-18T17:40:06.689833,3,-5.968109557635993,-0.521633147894228,1.1370379348233324,1203.0,1927.0,4.0,258094.0,1.0,138271.0,23903.0
2025-12-18T17:40:06.789283,4,-5.962948766871535,-0.5105637642505187,1.1190242163893551,1126.0,1547.0,4.0,266167.0,1.0,209737.0,30375.0
2025-12-18T17:40:06.889901,5,-5.957263889464841,-0.49956271295640553,1.0873309984265975,1035.0,1139.0,4.0,254623.0,1.0,204272.0,30119.0
2025-12-18T17:40:07.389622,0,-5.930216511720525,-0.4585351224773153,0.9644632973415391,1123.0,1533.0,4.0,231758.0,1.0,183615.0,27732.0
2025-12-18T17:40:07.488510,1,-5.922948014072986,-0.4471252281981344,0.9423975578587829,1256.0,2207.0,5.0,192460.0,1.0,181637.0,22331.0
2025-12-18T17:40:07.588657,2,-5.915570519458566,-0.4366424479034694,0.9097012595801701,1226.0,2047.0,4.0,219097.0,1.0,133489.0,21146.0
2025-12-18T17:40:07.689104,3,-5.907854069841095,-0.42705674398772553,0.8814500539563771,1207.0,1950.0,4.0,262232.0,1.0,136597.0,23790.0
2025-12-18T17:40:07.792551,4,-5.899857209804592,-0.4160225243052724,0.8581016563975737,1121.0,1527.0,4.0,269065.0,1.0,209737.0,30530.0
2025-12-18T17:40:07.888669,5,-5.891563731969974,-0.4069323286847779,0.8367752330326966,1034.0,1133.0,4.0,251540.0,1.0,203513.0,30180.0
2025-12-18T17:40:08.392897,0,-5.858268291314743,-0.34490761494817024,0.7195542757904757,1111.0,1480.0,4.0,231837.0,1.0,187318.0,28119.0
2025-12-18T17:40:08.488211,1,-5.848744519083648,-0.33659243131526084,0.6924017854172351,1258.0,2218.0,5.0,194029.0,1.0,180534.0,22285.0
2025-12-18T17:40:08.591664,2,-5.838636412810246,-0.3275558761096211,0.6755490526220087,1237.0,2103.0,4.0,214983.0,1.0,133083.0,20919.0
2025-12-18T17:40:08.690863,3,-5.828931476273936,-0.3220752181760784,0.6518428939969807,1196.0,1891.0,4.0,254623.0,1.0,137060.0,24081.0
2025-12-18T17:40:08.787549,4,-5.818836197292375,-0.31620194238108956,0.6202395801882864,1129.0,1563.0,4.0,266888.0,1.0,206008.0,30252.0
2025-12-18T17:40:08.892619,5,-5.811295387279142,-0.303540243925958,0.5915724386195663,1044.0,1175.0,4.0,255660.0,1.0,201185.0,29764.0
2025-12-18T17:40:09.388058,0,-5.764231811743576,-0.247859618599779,0.4733047885264878,1147.0,1650.0,4.0,231994.0,1.0,179741.0,26945.0
2025-12-18T17:40:09.490522,1,-5.753113433773201,-0.24274843503608468,0.4410239646968888,1260.0,2229.0,5.0,190386.0,1.0,180351.0,22240.0
2025-12-18T17:40:09.591641,2,-5.741632391298083,-0.23739517911203922,0.4141543511175455,1243.0,2138.0,4.0,215712.0,1.0,131382.0,20778.0
2025-12-18T17:40:09.689209,3,-5.729885843118626,-0.23207365063738106,0.39365520567981416,1204.0,1935.0,4.0,259407.0,1.0,136458.0,23862.0
2025-12-18T17:40:09.798502,4,-5.719096516610868,-0.21864058616995452,0.36247839515809666,1145.0,1637.0,4.0,260816.0,1.0,208745.0,29704.0
2025-12-18T17:40:09.889509,5,-5.7066760120031415,-0.16907711969195827,0.3279151224894811,1053.0,1214.0,4.0,248662.0,1.0,200234.0,29394.0
2025-12-18T17:40:10.390902,0,-5.645628581123546,-0.1495106048909376,0.19823529347626143,1124.0,1537.0,4.0,228952.0,1.0,181637.0,27704.0
2025-12-18T17:40:10.490797,1,-5.6328066026147905,-0.1469401109895352,0.17393552285091424,1263.0,2243.0,5.0,190129.0,1.0,179437.0,22180.0
2025-12-18T17:40:10.589231,2,-5.621611899603447,-0.1457212936162655,0.14508298792759827,1262.0,2241.0,5.0,213244.0,1.0,131694.0,20387.0
2025-12-18T17:40:10.690602,3,-5.609543051668567,-0.14256046170420467,0.11833343594994387,1220.0,2015.0,4.0,255141.0,1.0,135217.0,23478.0
2025-12-18T17:40:10.792800,4,-5.599967227149602,-0.12677357938452127,0.10316104864575837,1135.0,1590.0,4.0,260904.0,1.0,203720.0,30048.0
2025-12-18T17:40:10.889044,5,-5.588945195686671,-0.12410924616789343,0.08238717526598455,1058.0,1236.0,4.0,255141.0,1.0,199963.0,29196.0
2025-12-18T17:40:11.388642,0,-5.52562385075315,-0.12144908864548132,-0.05787172858638021,1135.0,1590.0,4.0,228487.0,1.0,179437.0,27340.0
2025-12-18T17:40:11.489842,1,-5.514840031241174,-0.11713022215358926,-0.07918471989334525,1267.0,2266.0,5.0,189486.0,1.0,177986.0,22090.0
2025-12-18T17:40:11.590275,2,-5.507261572412807,-0.10252092422958814,-0.10062618014999054,1274.0,2305.0,5.0,207267.0,1.0,129967.0,20154.0
2025-12-18T17:40:11.690659,3,-5.495469435139086,-0.10402377515762451,-0.13226062211287593,1233.0,2086.0,4.0,250181.0,1.0,134623.0,23154.0
2025-12-18T17:40:11.790526,4,-5.483589717191066,-0.10629511255460633,-0.15940994560533323,1153.0,1680.0,4.0,261081.0,1.0,200369.0,29404.0
2025-12-18T17:40:11.889307,5,-5.470632461267757,-0.10754470884225542,-0.17696594526093526,1053.0,1218.0,4.0,251284.0,1.0,197876.0,29364.0
2025-12-18T17:40:12.389929,0,-5.427506155102577,-0.11972440273015117,-0.2955645858608729,1147.0,1647.0,4.0,226716.0,1.0,182438.0,26964.0
2025-12-18T17:40:12.489347,1,-5.417051180728997,-0.12337962650521739,-0.327431919933746,1285.0,2367.0,5.0,185175.0,1.0,175236.0,21705.0
2025-12-18T17:40:12.589940,2,-5.405800941850774,-0.12828157696022746,-0.35534726290522256,1303.0,2462.0,5.0,213894.0,1.0,126581.0,19622.0
2025-12-18T17:40:12.688259,3,-5.393793585599322,-0.13208563628345926,-0.37630983096214493,1250.0,2177.0,4.0,255400.0,1.0,133083.0,22758.0
2025-12-18T17:40:12.791229,4,-5.380294435380785,-0.13606981984315114,-0.3986320046246191,1157.0,1697.0,4.0,254451.0,1.0,202140.0,29285.0
2025-12-18T17:40:12.889983,5,-5.369259801468438,-0.1410948599399222,-0.42406703485331376,1061.0,1250.0,4.0,247905.0,1.0,198077.0,29068.0
2025-12-18T17:40:13.389624,0,-5.316579541496755,-0.17118327221375917,-0.560997584265371,1153.0,1677.0,4.0,226716.0,1.0,178589.0,26773.0
2025-12-18T17:40:13.490243,1,-5.307467930126168,-0.17856510347358867,-0.5908969661887953,1299.0,2441.0,5.0,186181.0,1.0,174999.0,21435.0
2025-12-18T17:40:13.590551,2,-5.2978518981385605,-0.18606308896932022,-0.6195444728506188,1291.0,2398.0,5.0,205312.0,1.0,127743.0,19836.0
2025-12-18T17:40:13.690353,3,-5.288125797981729,-0.1936603971244666,-0.6425214209540129,1271.0,2289.0,5.0,242840.0,1.0,130320.0,22301.0
2025-12-18T17:40:13.792078,4,-5.277188602759362,-0.20029596776648795,-0.6627417201565325,1151.0,1667.0,4.0,258881.0,1.0,198412.0,29494.0
2025-12-18T17:40:13.890887,5,-5.267190898327279,-0.20877892372654472,-0.6912544897211558,1063.0,1258.0,4.0,248325.0,1.0,196474.0,28999.0
2025-12-18T17:40:14.388938,0,-5.213746826615163,-0.25521365663766593,-0.8312498673591671,1154.0,1683.0,4.0,226639.0,1.0,176068.0,26736.0
2025-12-18T17:40:14.489528,1,-5.205560426738166,-0.26447986105585075,-0.8524924781116443,1313.0,2523.0,5.0,183864.0,1.0,174526.0,21146.0
2025-12-18T17:40:14.590557,2,-5.196626668994351,-0.2735309438051656,-0.8757995033398326,1273.0,2299.0,5.0,207688.0,1.0,126196.0,20175.0
2025-12-18T17:40:14.689571,3,-5.187924473124965,-0.28423712973205406,-0.9046485194183531,1264.0,2251.0,5.0,249927.0,1.0,131694.0,22452.0
2025-12-18T17:40:14.791283,4,-5.178680896381493,-0.29440398419338587,-0.9307832185526588,1155.0,1685.0,4.0,253935.0,1.0,202825.0,29364.0
2025-12-18T17:40:14.889227,5,-5.1698362856878175,-0.3045725591908863,-0.9488036804219251,1071.0,1296.0,4.0,246233.0,1.0,196275.0,28667.0
2025-12-18T17:40:15.391307,0,-5.139311470221347,-0.35644473116644937,-1.0765970563880904,1153.0,1677.0,4.0,224349.0,1.0,176665.0,26773.0
2025-12-18T17:40:15.490081,1,-5.133625547339697,-0.3674223563171126,-1.1043414232800737,1325.0,2587.0,5.0,184862.0,1.0,170671.0,20933.0
2025-12-18T17:40:15.590363,2,-5.125459406449355,-0.3766783790451913,-1.1254851608321892,1278.0,2326.0,5.0,209737.0,1.0,126838.0,20079.0
2025-12-18T17:40:15.690366,3,-5.1185671731911615,-0.38742723625421194,-1.1501880110298113,1257.0,2213.0,5.0,249843.0,1.0,130099.0,22605.0
2025-12-18T17:40:15.790983,4,-5.114827879315587,-0.39827909812137285,-1.1800158222956219,1146.0,1645.0,4.0,258969.0,1.0,201048.0,29644.0
2025-12-18T17:40:15.889896,5,-5.110386960212483,-0.409259056422663,-1.2099447930309513,1066.0,1271.0,4.0,249167.0,1.0,197007.0,28881.0
2025-12-18T17:40:16.390638,1,-5.08978009620979,-0.46932260021075267,-1.3318239727344232,1302.0,2457.0,5.0,182376.0,1.0,173819.0,21377.0
2025-12-18T17:40:16.489688,2,-5.092370603872448,-0.4762864175499315,-1.3618117982157212,1268.0,2269.0,5.0,208322.0,1.0,125940.0,20284.0
2025-12-18T17:40:16.589216,3,-5.09230804464671,-0.48640269227644417,-1.3761585371307896,1222.0,2025.0,4.0,246150.0,1.0,130187.0,23430.0
2025-12-18T17:40:16.690919,4,-5.0888777906755385,-0.49924275119746886,-1.3793569928396079,1145.0,1641.0,4.0,255227.0,1.0,201185.0,29674.0
2025-12-18T17:40:16.792454,5,-5.087085751013855,-0.5110035998467972,-1.3793627174183432,1069.0,1288.0,4.0,245734.0,1.0,196474.0,28735.0
2025-12-18T17:40:17.391090,0,-5.070221026365068,-0.5812422410346345,-1.370099638934907,1157.0,1695.0,4.0,223062.0,1.0,176307.0,26655.0
2025-12-18T17:40:17.488478,1,-5.0677733778569305,-0.593978697085483,-1.3698535964397813,1320.0,2561.0,5.0,182995.0,1.0,172354.0,21018.0
2025-12-18T17:40:17.589995,3,-5.064583478601356,-0.6060801677143215,-1.3676030586489747,1249.0,2167.0,4.0,248914.0,1.0,131293.0,22797.0
2025-12-18T17:40:17.689559,4,-5.062293109397702,-0.618827056383934,-1.3673524498185037,1149.0,1658.0,4.0,253849.0,1.0,197474.0,29554.0
2025-12-18T17:40:17.791228,5,-5.058915303829649,-0.6312132328398659,-1.3680864773734307,1071.0,1294.0,4.0,248157.0,1.0,198077.0,28686.0
2025-12-18T17:40:18.390075,0,-5.044434319253524,-0.706097404109975,-1.3725173562845099,1156.0,1691.0,4.0,224046.0,1.0,177865.0,26682.0
2025-12-18T17:40:18.489204,1,-5.04160803073594,-0.7185000524840834,-1.3722684202870035,1309.0,2498.0,5.0,185050.0,1.0,170555.0,21233.0
2025-12-18T17:40:18.591053,2,-5.039151234219766,-0.731692130100968,-1.3732507754015124,1270.0,2282.0,5.0,212164.0,1.0,126752.0,20236.0
2025-12-18T17:40:18.689137,3,-5.036276517449118,-0.7438318333899847,-1.3695538184074525,1248.0,2165.0,4.0,242265.0,1.0,128741.0,22804.0
2025-12-18T17:40:18.789190,4,-5.03421895092344,-0.7570608344956211,-1.3717838575366592,1152.0,1671.0,4.0,254710.0,1.0,197474.0,29464.0
2025-12-18T17:40:18.889428,5,-5.031102699360598,-0.7691433907047633,-1.369774063629198,1064.0,1265.0,4.0,248662.0,1.0,196076.0,28940.0
2025-12-18T17:40:19.390630,0,-5.015289026599425,-0.83465241600432,-1.374654655801167,1159.0,1706.0,4.0,225186.0,1.0,175296.0,26592.0
2025-12-18T17:40:19.489590,1,-5.012825033118894,-0.8473284609819816,-1.375888556109807,1305.0,2475.0,5.0,182438.0,1.0,172821.0,21312.0
2025-12-18T17:40:19.590846,2,-5.010574064398425,-0.8594355222666925,-1.3726698259057561,1277.0,2318.0,5.0,211590.0,1.0,126281.0,20106.0
2025-12-18T17:40:19.689342,3,-5.008197800956762,-0.8722459713494626,-1.3741522183744705,1244.0,2142.0,4.0,246734.0,1.0,130143.0,22905.0
2025-12-18T17:40:19.791926,4,-5.005448659702429,-0.8846239032786869,-1.37364072513278,1147.0,1649.0,4.0,259847.0,1.0,201321.0,29614.0
2025-12-18T17:40:20.391304,0,-4.991330061025709,-0.960024521189454,-1.378102402582815,1139.0,1610.0,4.0,226792.0,1.0,175474.0,27202.0
2025-12-18T17:40:20.487900,1,-4.98909717881995,-0.9724291115534838,-1.3771341155390382,1279.0,2331.0,5.0,187636.0,1.0,170960.0,21837.0
2025-12-18T17:40:20.590948,2,-4.986351970405583,-0.9857603437401599,-1.3793710127902519,1272.0,2291.0,5.0,210376.0,1.0,125855.0,20202.0
2025-12-18T17:40:20.689619,3,-4.983639785313322,-0.9983661339482248,-1.3761772208462422,1221.0,2019.0,4.0,252393.0,1.0,131739.0,23454.0
2025-12-18T17:40:20.790967,4,-4.981153906481907,-1.0110308010017919,-1.3801329030687735,1138.0,1605.0,4.0,254882.0,1.0,200980.0,29936.0
2025-12-18T17:40:20.890616,5,-4.978446813936367,-1.0229296852939136,-1.3761671145100258,1051.0,1207.0,4.0,242758.0,1.0,196607.0,29464.0
2025-12-18T17:40:21.388419,0,-4.959220797120721,-1.070200766381617,-1.3610108136811647,1144.0,1632.0,4.0,224729.0,1.0,177084.0,27055.0
2025-12-18T17:40:21.490374,2,-4.955910539673054,-1.0832828461542996,-1.361253314781969,1249.0,2170.0,4.0,210875.0,1.0,128872.0,20651.0
2025-12-18T17:40:21.589705,3,-4.95395670374033,-1.095127243657943,-1.3592788403342537,1205.0,1937.0,4.0,252051.0,1.0,133489.0,23846.0
2025-12-18T17:40:21.690046,4,-4.9514534850781455,-1.107115896962123,-1.3634973478042631,1134.0,1585.0,4.0,259847.0,1.0,202140.0,30078.0
2025-12-18T17:40:21.790751,5,-4.949308996443022,-1.1195377614542799,-1.3610294759216877,1046.0,1186.0,4.0,247738.0,1.0,197608.0,29654.0
2025-12-18T17:40:22.390682,0,-4.934096819932273,-1.194361399237129,-1.3627722749791262,1120.0,1521.0,4.0,229495.0,1.0,179134.0,27816.0
2025-12-18T17:40:22.489656,1,-4.931170170764097,-1.2077456016664327,-1.3618010761014496,1272.0,2296.0,5.0,189422.0,1.0,172821.0,21971.0
2025-12-18T17:40:22.589392,2,-4.928626850865423,-1.219964504620401,-1.3590717186536103,1233.0,2084.0,4.0,210376.0,1.0,130540.0,20990.0
2025-12-18T17:40:22.688992,3,-4.926026367253638,-1.2326780804807824,-1.3573526015856014,1204.0,1935.0,4.0,259407.0,1.0,135675.0,23854.0
2025-12-18T17:40:22.793445,4,-4.92322109878043,-1.2452711671371985,-1.3618287220872405,1131.0,1573.0,4.0,258444.0,1.0,201321.0,30170.0
2025-12-18T17:40:22.891084,5,-4.9203064046336555,-1.257812406542063,-1.3591477744417964,1061.0,1251.0,4.0,244241.0,1.0,199963.0,29058.0
2025-12-18T17:40:23.391828,0,-4.894970165924937,-1.3103388760971275,-1.3452919694290493,1123.0,1535.0,4.0,226639.0,1.0,180962.0,27713.0
2025-12-18T17:40:23.489969,1,-4.890821283937337,-1.3211561444227828,-1.3419201389200504,1238.0,2113.0,4.0,184487.0,1.0,175296.0,22720.0
2025-12-18T17:40:23.588820,2,-4.888064691687391,-1.334019412080393,-1.3431799169705345,1229.0,2061.0,4.0,211447.0,1.0,128611.0,21082.0
2025-12-18T17:40:23.691322,3,-4.88522523071668,-1.3461391929747166,-1.3449043680814197,1211.0,1968.0,4.0,253077.0,1.0,134851.0,23693.0
2025-12-18T17:40:23.790818,5,-4.882513957176143,-1.3587320266681986,-1.3454220230689076,1062.0,1257.0,4.0,249758.0,1.0,194226.0,29009.0
2025-12-18T17:40:24.392495,0,-4.866372954598967,-1.4324810434596134,-1.3473587669394784,1107.0,1461.0,4.0,230663.0,1.0,181883.0,28253.0
2025-12-18T17:40:24.492717,1,-4.863589988694333,-1.445584653889585,-1.3478573542179477,1256.0,2205.0,5.0,189486.0,1.0,175474.0,22331.0
2025-12-18T17:40:24.590719,2,-4.860648493131896,-1.4576413216005908,-1.3443799399602345,1229.0,2063.0,4.0,216443.0,1.0,132633.0,21075.0
2025-12-18T17:40:24.690418,4,-4.857819017914373,-1.470773814550284,-1.3463925379861057,1128.0,1557.0,4.0,264729.0,1.0,201185.0,30293.0
2025-12-18T17:40:24.791400,5,-4.854725091895597,-1.4827345019900124,-1.3473025712757711,1043.0,1175.0,4.0,247989.0,1.0,196541.0,29764.0
2025-12-18T17:40:25.392268,0,-4.827995338298551,-1.5525176487230157,-1.292796182122386,1113.0,1488.0,4.0,229107.0,1.0,180168.0,28053.0
2025-12-18T17:40:25.489595,1,-4.805811200993985,-1.5541720173084395,-1.253814795642995,1246.0,2154.0,4.0,193047.0,1.0,176785.0,22543.0
2025-12-18T17:40:25.590271,2,-4.800937040456835,-1.5663504573929306,-1.2248556473931698,1232.0,2078.0,4.0,216150.0,1.0,130496.0,21011.0
2025-12-18T17:40:25.690791,3,-4.796697450669511,-1.5780476267844987,-1.1987154292697886,1204.0,1932.0,4.0,257570.0,1.0,135859.0,23870.0
2025-12-18T17:40:25.790003,4,-4.792546725713807,-1.5886163264768545,-1.1787264608162489,1116.0,1502.0,4.0,259671.0,1.0,206566.0,30716.0
2025-12-18T17:40:25.890963,5,-4.787903956399175,-1.5989379894175628,-1.145745905994447,1047.0,1190.0,4.0,246901.0,1.0,198614.0,29614.0
2025-12-18T17:40:26.390252,0,-4.757660834693451,-1.6548683231979,-1.0187375010585922,1118.0,1513.0,4.0,229340.0,1.0,181699.0,27873.0
2025-12-18T17:40:26.489750,1,-4.750658307733425,-1.6652139008244742,-0.9928366273870023,1268.0,2272.0,5.0,188017.0,1.0,174349.0,22060.0
2025-12-18T17:40:26.589526,2,-4.743926401152897,-1.6753475427548503,-0.9652086683293319,1221.0,2023.0,4.0,213316.0,1.0,130584.0,21240.0
2025-12-18T17:40:26.688754,3,-4.737057184744086,-1.685387061858942,-0.9375611788852944,1202.0,1924.0,4.0,256526.0,1.0,135263.0,23911.0
2025-12-18T17:40:26.791401,4,-4.729599202283018,-1.6960182628067688,-0.9117754702254139,1113.0,1487.0,4.0,265357.0,1.0,203996.0,30841.0
2025-12-18T17:40:26.890004,5,-4.721572207612464,-1.7052049861451444,-0.8878763870102241,1043.0,1174.0,4.0,253763.0,1.0,199422.0,29775.0
2025-12-18T17:40:27.391979,0,-4.6545420176768575,-1.755563097114385,-0.7402890522852814,1132.0,1575.0,4.0,228255.0,1.0,179924.0,27433.0
2025-12-18T17:40:27.488679,1,-4.6458264438845,-1.7643295503955367,-0.7164403749860977,1264.0,2251.0,5.0,187445.0,1.0,175711.0,22143.0
2025-12-18T17:40:27.591149,2,-4.635758241688924,-1.7729047226133976,-0.6943582703910759,1234.0,2090.0,4.0,212595.0,1.0,129572.0,20961.0
2025-12-18T17:40:27.690401,3,-4.625627528942903,-1.7804880242091383,-0.6706047230281243,1217.0,2001.0,4.0,252307.0,1.0,136135.0,23534.0
2025-12-18T17:40:27.792456,4,-4.615535416478719,-1.787978561392451,-0.6424146295181401,1127.0,1554.0,4.0,262144.0,1.0,202688.0,30313.0
2025-12-18T17:40:27.889492,5,-4.596611813585833,-1.7948626892301873,-0.6082881720782567,1046.0,1187.0,4.0,247654.0,1.0,197474.0,29644.0
2025-12-18T17:40:28.389687,0,-4.539788135170348,-1.826618400289528,-0.4687553783672164,1129.0,1564.0,4.0,228255.0,1.0,181023.0,27507.0
2025-12-18T17:40:28.490269,1,-4.527007457220892,-1.8321524480893028,-0.4498931285995344,1265.0,2257.0,5.0,183057.0,1.0,174999.0,22120.0
2025-12-18T17:40:28.590809,2,-4.51465610104525,-1.8377789069976198,-0.42426649893062,1251.0,2178.0,4.0,211877.0,1.0,127959.0,20616.0
2025-12-18T17:40:28.689006,3,-4.502764606823285,-1.8426212437286185,-0.4010721551695253,1228.0,2058.0,4.0,256613.0,1.0,135721.0,23272.0
2025-12-18T17:40:28.789649,4,-4.491003029657563,-1.840029696964736,-0.36444681581663263,1131.0,1574.0,4.0,262144.0,1.0,205869.0,30160.0
2025-12-18T17:40:28.889743,5,-4.479124328816212,-1.8366849066235078,-0.3253266637440215,1038.0,1153.0,4.0,245235.0,1.0,195943.0,29977.0
2025-12-18T17:40:29.390237,0,-4.418388852586453,-1.8527714519706127,-0.19379734312521393,1119.0,1515.0,4.0,228642.0,1.0,182438.0,27854.0
2025-12-18T17:40:29.489534,1,-4.406632559314507,-1.854494396715098,-0.17110434125651555,1272.0,2295.0,5.0,188399.0,1.0,174881.0,21971.0
2025-12-18T17:40:29.588745,2,-4.394388069523229,-1.8561178837371424,-0.1459417672385038,1239.0,2117.0,4.0,211233.0,1.0,128785.0,20855.0
2025-12-18T17:40:29.692022,3,-4.380414194072756,-1.8549762978171644,-0.11331351947025212,1223.0,2034.0,4.0,252906.0,1.0,131828.0,23383.0
2025-12-18T17:40:29.792043,4,-4.3663155549919255,-1.849958818370398,-0.07510684588743166,1120.0,1518.0,4.0,261169.0,1.0,202757.0,30592.0
2025-12-18T17:40:29.888995,5,-4.3537796008915,-1.8508208812901756,-0.04581829016627522,1034.0,1132.0,4.0,248241.0,1.0,198479.0,30180.0
2025-12-18T17:40:30.390778,0,-4.29146156791792,-1.8512442052177143,0.08295047033040194,1133.0,1582.0,4.0,226716.0,1.0,179073.0,27387.0
2025-12-18T17:40:30.489583,1,-4.283635627062039,-1.838529656118805,0.11817036777176024,1281.0,2345.0,5.0,186370.0,1.0,174762.0,21778.0
2025-12-18T17:40:30.591506,2,-4.274771084560754,-1.8280304331235824,0.15327227507137242,1277.0,2321.0,5.0,208533.0,1.0,126025.0,20093.0
2025-12-18T17:40:30.690761,3,-4.26268086448064,-1.827863348877214,0.18182321460418582,1230.0,2066.0,4.0,254537.0,1.0,132499.0,23233.0
2025-12-18T17:40:30.789080,4,-4.249384189558154,-1.8267530548732616,0.20495515503232728,1154.0,1685.0,4.0,254279.0,1.0,203996.0,29364.0
2025-12-18T17:40:30.890252,5,-4.236431588398023,-1.8237115462154723,0.22898493093467018,1059.0,1243.0,4.0,245484.0,1.0,195281.0,29127.0
2025-12-18T17:40:31.390431,0,-4.177809142451567,-1.8034381664565942,0.3478912985932124,1142.0,1623.0,4.0,223440.0,1.0,177444.0,27110.0
2025-12-18T17:40:31.490334,1,-4.165864064963699,-1.799033166612804,0.3748881897818264,1288.0,2379.0,5.0,186307.0,1.0,174172.0,21653.0
2025-12-18T17:40:31.590947,2,-4.15494264214691,-1.7943209454286233,0.3991162437624059,1298.0,2436.0,5.0,208322.0,1.0,125940.0,19702.0
2025-12-18T17:40:31.689618,3,-4.144791855481972,-1.7890987371195228,0.42870402194391605,1258.0,2216.0,5.0,245567.0,1.0,129353.0,22589.0
2025-12-18T17:40:31.790632,4,-4.132988974880896,-1.785053263122208,0.454958826251726,1169.0,1758.0,4.0,252478.0,1.0,195810.0,28871.0
2025-12-18T17:40:31.890055,5,-4.121223096970072,-1.7795877442293184,0.48219734025706756,1070.0,1290.0,4.0,246483.0,1.0,194885.0,28716.0
2025-12-18T17:40:32.390862,0,-4.076395487501116,-1.7402784173986072,0.6174332842571075,1151.0,1667.0,4.0,226716.0,1.0,176486.0,26827.0
2025-12-18T17:40:32.489711,1,-4.066708480410392,-1.733412053587947,0.6411322978951551,1314.0,2525.0,5.0,182995.0,1.0,172063.0,21132.0
2025-12-18T17:40:32.590008,2,-4.055983504868168,-1.726221472888649,0.66626310336371,1301.0,2452.0,5.0,201321.0,1.0,124583.0,19649.0
2025-12-18T17:40:32.688170,3,-4.04610097010356,-1.718618988101996,0.691621867740417,1284.0,2359.0,5.0,244241.0,1.0,126667.0,22023.0
2025-12-18T17:40:32.791472,4,-4.037787658994622,-1.710053384720684,0.7186070627117613,1160.0,1712.0,4.0,251029.0,1.0,196940.0,29176.0
2025-12-18T17:40:32.890205,5,-4.027928363060151,-1.702292104477686,0.7456924099532292,1070.0,1290.0,4.0,241774.0,1.0,195215.0,28716.0
2025-12-18T17:40:33.390551,0,-3.9754661076960067,-1.6491504327210862,0.9014681207667388,1169.0,1756.0,4.0,220884.0,1.0,176128.0,26279.0
2025-12-18T17:40:33.489694,1,-3.9674399549392234,-1.6420083384801103,0.9370427636037769,1333.0,2637.0,5.0,176965.0,1.0,169691.0,20764.0
2025-12-18T17:40:33.589714,2,-3.9599199026647502,-1.6322432247535916,0.9581660340589353,1276.0,2315.0,5.0,208887.0,1.0,125345.0,20113.0
2025-12-18T17:40:33.689946,3,-3.9525713967495193,-1.6204547325898204,0.968323947501212,1301.0,2455.0,5.0,243333.0,1.0,126153.0,21668.0
2025-12-18T17:40:33.791734,4,-3.945703351690047,-1.6077050024098725,0.9903338556246246,1163.0,1727.0,4.0,246817.0,1.0,195943.0,29077.0
2025-12-18T17:40:33.890275,5,-3.9407575044635417,-1.5876577954877042,1.0167875909520612,1057.0,1232.0,4.0,248662.0,1.0,195413.0,29225.0
2025-12-18T17:40:34.390984,0,-3.9131029669089603,-1.5300897859422902,1.1428511470023237,1172.0,1770.0,4.0,222685.0,1.0,172821.0,26199.0
2025-12-18T17:40:34.490682,1,-3.9078115485898204,-1.5199640955974383,1.1657018022784755,1344.0,2701.0,5.0,183118.0,1.0,167013.0,20561.0
2025-12-18T17:40:34.590554,2,-3.9027179136533716,-1.5057001790487412,1.1915626074900592,1252.0,2185.0,4.0,208463.0,1.0,125727.0,20589.0
2025-12-18T17:40:34.691698,3,-3.8951884026339356,-1.484225414637236,1.2238072645720803,1273.0,2299.0,5.0,241038.0,1.0,126453.0,22255.0
2025-12-18T17:40:34.791448,4,-3.8898789315668,-1.47070771842413,1.2486462464857806,1145.0,1639.0,4.0,257832.0,1.0,196408.0,29684.0
2025-12-18T17:40:34.888194,5,-3.88577353377383,-1.4580762664896776,1.2733185205083282,1051.0,1208.0,4.0,246984.0,1.0,195810.0,29444.0
2025-12-18T17:40:35.391188,1,-3.8712652438949586,-1.3978372939936508,1.3994599482336239,1303.0,2467.0,5.0,183553.0,1.0,168490.0,21333.0
2025-12-18T17:40:35.490143,2,-3.8687551354847485,-1.3843956160594395,1.4284800740437547,1246.0,2152.0,4.0,210590.0,1.0,126795.0,20714.0
2025-12-18T17:40:35.591079,3,-3.8683091742939517,-1.3616232182808048,1.4666722540967974,1247.0,2158.0,4.0,246483.0,1.0,128741.0,22827.0
2025-12-18T17:40:35.689965,4,-3.867866088307049,-1.3468879766229538,1.4953784689063543,1145.0,1639.0,4.0,254968.0,1.0,202003.0,29684.0
2025-12-18T17:40:35.790725,5,-3.8674516034020074,-1.334419709463015,1.5197466973870877,1045.0,1183.0,4.0,246400.0,1.0,194885.0,29684.0
2025-12-18T17:40:36.390261,0,-3.8668841860371583,-1.2599513127357662,1.598850378971418,1159.0,1709.0,4.0,223213.0,1.0,173583.0,26565.0
2025-12-18T17:40:36.489482,1,-3.872393845443753,-1.240923270935669,1.6164614436660547,1299.0,2444.0,5.0,183553.0,1.0,169864.0,21413.0
2025-12-18T17:40:36.590590,2,-3.8755039672345912,-1.2257373498303306,1.6196113104800847,1231.0,2072.0,4.0,209028.0,1.0,127959.0,21032.0
2025-12-18T17:40:36.689990,3,-3.8758195362470396,-1.2125252384755951,1.6203533910303816,1245.0,2146.0,4.0,251029.0,1.0,130320.0,22882.0
2025-12-18T17:40:36.791881,4,-3.8769442034710417,-1.1995371212527788,1.619853685613573,1132.0,1579.0,4.0,258269.0,1.0,199152.0,30119.0
2025-12-18T17:40:36.888665,5,-3.8764246032250167,-1.187176526827006,1.6238042859246091,1049.0,1197.0,4.0,252906.0,1.0,196076.0,29544.0
2025-12-18T17:40:37.390749,0,-3.879223225585646,-1.1220893800527119,1.6188248992162633,1164.0,1732.0,4.0,221482.0,1.0,175474.0,26422.0
2025-12-18T17:40:37.488743,1,-3.880059484442607,-1.10930816948318,1.6205808895840785,1307.0,2490.0,5.0,185050.0,1.0,170036.0,21254.0
2025-12-18T17:40:37.592088,3,-3.88071808929429,-1.0962451559700375,1.6195745141806068,1236.0,2101.0,4.0,248662.0,1.0,129923.0,23076.0
2025-12-18T17:40:37.690950,4,-3.8818434309534906,-1.0835761682685172,1.6183607095267778,1127.0,1555.0,4.0,257745.0,1.0,198211.0,30303.0
2025-12-18T17:40:37.790932,5,-3.8818141160248025,-1.0714869104961995,1.6190709457274104,1037.0,1145.0,4.0,245650.0,1.0,200505.0,30048.0
2025-12-18T17:40:38.390269,0,-3.8854633384358674,-0.994860130935697,1.6213564253532087,1161.0,1718.0,4.0,220958.0,1.0,175711.0,26511.0
2025-12-18T17:40:38.488735,1,-3.8879386128821394,-0.9827100311644275,1.6237938253342967,1301.0,2454.0,5.0,182933.0,1.0,168946.0,21377.0
2025-12-18T17:40:38.591429,2,-3.894675902709745,-0.9727890090977889,1.640217302060731,1258.0,2218.0,5.0,210021.0,1.0,127053.0,20464.0
2025-12-18T17:40:38.690383,3,-3.8960483533465498,-0.9597889195139357,1.6413213972457859,1207.0,1947.0,4.0,249336.0,1.0,131694.0,23790.0
2025-12-18T17:40:38.790218,4,-3.896942798480441,-0.9476358101251545,1.6415755213738523,1125.0,1543.0,4.0,260728.0,1.0,200098.0,30396.0
2025-12-18T17:40:38.890356,5,-3.8973623179022994,-0.9345216114711414,1.642807291954782,1039.0,1156.0,4.0,243746.0,1.0,195347.0,29936.0
2025-12-18T17:40:39.389978,0,-3.9020150658722015,-0.8721472287896326,1.6457403936184507,1175.0,1786.0,4.0,220361.0,1.0,174881.0,26102.0
2025-12-18T17:40:39.489096,1,-3.902629143974635,-0.8595529253454997,1.6474846683499111,1316.0,2539.0,5.0,182130.0,1.0,168205.0,21082.0
2025-12-18T17:40:39.589859,2,-3.903766422463695,-0.8465213945049879,1.6427738853204001,1233.0,2082.0,4.0,212380.0,1.0,125940.0,20990.0
2025-12-18T17:40:39.688705,3,-3.9046564426635832,-0.8340105064884726,1.6437850811602936,1222.0,2028.0,4.0,245734.0,1.0,131739.0,23406.0
2025-12-18T17:40:39.791866,4,-3.905580636228513,-0.8214469210217423,1.6427704719938785,1096.0,1409.0,4.0,262232.0,1.0,201730.0,31485.0
2025-12-18T17:40:39.889181,5,-3.906777027609351,-0.8092194203350509,1.6420666504785173,1039.0,1157.0,4.0,249505.0,1.0,197809.0,29926.0
2025-12-18T17:40:40.390820,0,-3.9115983513898573,-0.7447105166121659,1.6462638608846694,1153.0,1680.0,4.0,221707.0,1.0,172412.0,26745.0
2025-12-18T17:40:40.488824,2,-3.9131533413170443,-0.732247087545737,1.6440543190372356,1235.0,2096.0,4.0,213967.0,1.0,129616.0,20933.0
2025-12-18T17:40:40.591238,3,-3.915402963007913,-0.7224765093170715,1.6464693520744493,1228.0,2059.0,4.0,249843.0,1.0,132409.0,23264.0
2025-12-18T17:40:40.690012,4,-3.9194851972250664,-0.7150836928541473,1.646068746175055,1101.0,1430.0,4.0,264013.0,1.0,207829.0,31304.0
2025-12-18T17:40:40.789851,5,-3.9201224283710863,-0.7029270283334812,1.6485354094247804,1047.0,1192.0,4.0,244986.0,1.0,196474.0,29594.0
2025-12-18T17:40:41.389937,0,-3.925398669887718,-0.6265513519097405,1.645806715658578,1153.0,1680.0,4.0,222685.0,1.0,171133.0,26745.0
2025-12-18T17:40:41.490229,1,-3.9257359717064304,-0.6140441397510239,1.6475170130959134,1301.0,2454.0,5.0,180840.0,1.0,170036.0,21377.0
2025-12-18T17:40:41.590949,2,-3.9270511382199134,-0.6010519628867677,1.6422964860497042,1235.0,2093.0,4.0,214402.0,1.0,128089.0,20947.0
2025-12-18T17:40:41.689421,3,-3.927494897906996,-0.5889708401009646,1.6450008544125105,1227.0,2055.0,4.0,247319.0,1.0,131605.0,23280.0
2025-12-18T17:40:41.790800,4,-3.9285035236774073,-0.5765264474391696,1.6415327648460831,1105.0,1449.0,4.0,267521.0,1.0,204965.0,31145.0
2025-12-18T17:40:41.891882,5,-3.9295728684884255,-0.5640540558903027,1.641562278302119,1032.0,1126.0,4.0,254107.0,1.0,198614.0,30242.0
2025-12-18T17:40:42.391421,0,-3.933325052910299,-0.49907831445955164,1.645283900320991,1155.0,1690.0,4.0,223138.0,1.0,173349.0,26682.0
2025-12-18T17:40:42.490563,1,-3.933738514828182,-0.4867476533349526,1.6489923707531198,1309.0,2497.0,5.0,183491.0,1.0,169290.0,21225.0
2025-12-18T17:40:42.592256,2,-3.9352383938484143,-0.4736782080351798,1.6484833514301653,1222.0,2025.0,4.0,213316.0,1.0,129484.0,21225.0
2025-12-18T17:40:42.689399,3,-3.942584636164118,-0.4618686694197569,1.6438202767243886,1233.0,2083.0,4.0,249167.0,1.0,130629.0,23154.0
2025-12-18T17:40:42.791176,4,-3.949380302016583,-0.4496442394854867,1.6376688218804378,1116.0,1501.0,4.0,264371.0,1.0,207267.0,30716.0
2025-12-18T17:40:43.390976,0,-3.9538793375083614,-0.3740641660292727,1.638936378552656,1144.0,1634.0,4.0,224729.0,1.0,172821.0,27037.0
2025-12-18T17:40:43.489952,1,-3.954796227999047,-0.36132409396316234,1.6376792615131075,1300.0,2450.0,5.0,183057.0,1.0,170036.0,21391.0
2025-12-18T17:40:43.589530,2,-3.955507254416707,-0.3485587124104059,1.6374222127792093,1206.0,1946.0,4.0,214838.0,1.0,129616.0,21566.0
2025-12-18T17:40:43.690343,3,-3.9563608365542366,-0.3363607510280362,1.6352004655489514,1224.0,2039.0,4.0,253077.0,1.0,130584.0,23351.0
2025-12-18T17:40:43.790697,4,-3.9571768360869033,-0.3238163120901678,1.634701958832357,1104.0,1445.0,4.0,262232.0,1.0,208110.0,31177.0
2025-12-18T17:40:43.890801,5,-3.9586581740469082,-0.3110961213894816,1.6362230074268471,1032.0,1125.0,4.0,247989.0,1.0,201662.0,30252.0
2025-12-18T17:40:44.389104,0,-3.962179746184204,-0.24699477713446072,1.6421321465716345,1156.0,1692.0,4.0,221557.0,1.0,173525.0,26664.0
2025-12-18T17:40:44.489746,1,-3.9630864289389143,-0.23425602314333283,1.641143150502022,1283.0,2354.0,5.0,185113.0,1.0,167807.0,21742.0
2025-12-18T17:40:44.589682,2,-3.964567772385382,-0.22114547675850993,1.64117231795512,1222.0,2028.0,4.0,213967.0,1.0,128306.0,21211.0
2025-12-18T17:40:44.689988,3,-3.9654602638483523,-0.20833518293417974,1.6352349951366154,1222.0,2027.0,4.0,251284.0,1.0,130584.0,23406.0
2025-12-18T17:40:44.792552,4,-3.9680678521715764,-0.210272927959549,1.6202700622541537,1102.0,1436.0,4.0,263478.0,1.0,207618.0,31251.0
2025-12-18T17:40:44.888090,5,-3.9688315185626966,-0.20551372856219707,1.5929080962531477,1025.0,1095.0,4.0,248914.0,1.0,201662.0,30561.0
2025-12-18T17:40:45.391709,0,-3.966311167292046,-0.1434941486149297,1.4682607774356404,1143.0,1628.0,4.0,222158.0,1.0,174703.0,27073.0
2025-12-18T17:40:45.489646,1,-3.966199483538385,-0.1307267615450325,1.443763317179242,1288.0,2383.0,5.0,183926.0,1.0,169519.0,21631.0
2025-12-18T17:40:45.590672,2,-3.96419053237051,-0.11827249050431465,1.4152051642029362,1218.0,2007.0,4.0,215129.0,1.0,130761.0,21297.0
2025-12-18T17:40:45.691093,3,-3.961854497565964,-0.10576971499580967,1.3852396466048695,1211.0,1970.0,4.0,255141.0,1.0,133987.0,23677.0
2025-12-18T17:40:45.793360,4,-3.9602911824517903,-0.09270162052480302,1.3654826051324207,1103.0,1440.0,4.0,272456.0,1.0,209808.0,31219.0
2025-12-18T17:40:45.890495,5,-3.9574304611849644,-0.08166280727192543,1.33747732037211,1028.0,1110.0,4.0,254623.0,1.0,200098.0,30406.0
2025-12-18T17:40:46.389401,0,-3.9368779542380743,-0.025349785788032264,1.2134332250213153,1147.0,1648.0,4.0,222083.0,1.0,173349.0,26945.0
2025-12-18T17:40:46.489919,1,-3.9323123178248833,-0.014288286120589078,1.1808684107375846,1265.0,2255.0,5.0,185489.0,1.0,170786.0,22120.0
2025-12-18T17:40:46.589179,2,-3.9425932491652116,-0.006580403437313365,1.1706464231446911,1220.0,2014.0,4.0,216443.0,1.0,129222.0,21269.0
2025-12-18T17:40:46.689712,3,-3.9512943098250677,0.0025105408679308994,1.1534243061556029,1213.0,1981.0,4.0,251114.0,1.0,132588.0,23621.0
2025-12-18T17:40:46.794263,4,-3.946115850958166,0.015090386631018582,1.1252518983510884,1112.0,1482.0,4.0,270984.0,1.0,206986.0,30873.0
2025-12-18T17:40:46.889281,5,-3.9408525000037207,0.02686199542257217,1.1023007623050523,1029.0,1114.0,4.0,259495.0,1.0,201321.0,30355.0
2025-12-18T17:40:47.391870,0,-3.9105656242728877,0.0790129587639008,0.9728197995185659,1142.0,1623.0,4.0,223440.0,1.0,174408.0,27110.0
2025-12-18T17:40:47.491036,1,-3.9001021323145033,0.09176347238644667,0.9432344883983148,1264.0,2248.0,5.0,186938.0,1.0,170267.0,22150.0
2025-12-18T17:40:47.588818,2,-3.889159558493585,0.10509604044321641,0.9199014848108508,1206.0,1942.0,4.0,213461.0,1.0,131160.0,21580.0
2025-12-18T17:40:47.690700,4,-3.8818287725127902,0.11560655272843601,0.9018719244003316,1093.0,1396.0,4.0,264371.0,1.0,209524.0,31591.0
2025-12-18T17:40:47.789773,5,-3.8740625929580723,0.1251177149982894,0.8741742400912113,1029.0,1111.0,4.0,260111.0,1.0,202140.0,30385.0
2025-12-18T17:40:48.391754,0,-3.8305605178579274,0.18199566247863252,0.7285065102656784,1143.0,1631.0,4.0,225339.0,1.0,174172.0,27055.0
2025-12-18T17:40:48.488803,1,-3.8217689723837758,0.18978006239527012,0.7060381935006976,1270.0,2280.0,5.0,183926.0,1.0,172179.0,22023.0
2025-12-18T17:40:48.593513,2,-3.811992915869527,0.19824927536102788,0.6735442535256503,1230.0,2071.0,4.0,214765.0,1.0,130584.0,21032.0
2025-12-18T17:40:48.689319,3,-3.8016108305543694,0.20549778967698717,0.6482031201589281,1204.0,1933.0,4.0,248662.0,1.0,132409.0,23854.0
2025-12-18T17:40:48.789597,4,-3.792834119122861,0.21342173116046048,0.6286457895578693,1096.0,1406.0,4.0,266437.0,1.0,208816.0,31506.0
2025-12-18T17:40:48.890251,5,-3.7828970002476803,0.22116555196862642,0.6012334838985385,1032.0,1126.0,4.0,250520.0,1.0,199557.0,30232.0
2025-12-18T17:40:49.389645,0,-3.732848541788594,0.24290714847975092,0.45779337882426563,1129.0,1561.0,4.0,222987.0,1.0,177084.0,27526.0
2025-12-18T17:40:49.491194,1,-3.721266345182208,0.24828902231899974,0.4355326020796701,1277.0,2322.0,5.0,184612.0,1.0,172354.0,21860.0
2025-12-18T17:40:49.588311,2,-3.710225465266113,0.2537898524584268,0.41304329412225194,1208.0,1952.0,4.0,213894.0,1.0,129440.0,21537.0
2025-12-18T17:40:49.690812,3,-3.698670751723596,0.2579157947642825,0.3844032161577613,1204.0,1931.0,4.0,252051.0,1.0,134305.0,23862.0
2025-12-18T17:40:49.791866,4,-3.6872387395082846,0.26184285491920534,0.35589704737223754,1103.0,1440.0,4.0,266257.0,1.0,206846.0,31219.0
2025-12-18T17:40:49.891859,5,-3.674623306820643,0.2657440107158999,0.333401447144028,1030.0,1115.0,4.0,253420.0,1.0,198614.0,30344.0
2025-12-18T17:40:50.390838,0,-3.6256177952209807,0.2890940344219457,0.22360011241906225,1121.0,1526.0,4.0,226332.0,1.0,176785.0,27769.0
2025-12-18T17:40:50.489303,1,-3.6134242006527666,0.2913873594075369,0.190261644848003,1278.0,2328.0,5.0,186875.0,1.0,169921.0,21837.0
2025-12-18T17:40:50.587754,2,-3.601360238474059,0.2932736053585545,0.16783057924573927,1216.0,1995.0,4.0,210305.0,1.0,130806.0,21348.0
2025-12-18T17:40:50.689494,3,-3.5900431229680296,0.2949783865514899,0.14545713660477133,1209.0,1958.0,4.0,245817.0,1.0,133128.0,23734.0
2025-12-18T17:40:50.791482,4,-3.5886870523702177,0.30457906777081956,0.13971190586864318,1106.0,1456.0,4.0,260111.0,1.0,208887.0,31082.0
2025-12-18T17:40:50.890978,5,-3.5792638490190605,0.3077265500188746,0.11554239308564165,1034.0,1132.0,4.0,252478.0,1.0,200573.0,30170.0
2025-12-18T17:40:51.391948,0,-3.516592455975105,0.3124222092150539,-0.00677509308397784,1139.0,1608.0,4.0,227638.0,1.0,172296.0,27202.0
2025-12-18T17:40:51.489392,1,-3.503804107777568,0.3131487131451891,-0.031238894876630365,1272.0,2295.0,5.0,182438.0,1.0,171655.0,21963.0
2025-12-18T17:40:51.590811,2,-3.492217700603822,0.311810581965962,-0.06046546731212491,1223.0,2030.0,4.0,216517.0,1.0,129222.0,21197.0
2025-12-18T17:40:51.690208,3,-3.495229383897798,0.3189061731972016,-0.06830332245130032,1210.0,1964.0,4.0,253334.0,1.0,134669.0,23701.0
2025-12-18T17:40:51.790345,4,-3.487080200108739,0.3213567684797072,-0.08593084446942346,1124.0,1539.0,4.0,262232.0,1.0,203582.0,30416.0
2025-12-18T17:40:51.891023,5,-3.4750828327947687,0.320912131607888,-0.10771037297694566,1036.0,1144.0,4.0,250605.0,1.0,199287.0,30058.0
2025-12-18T17:40:52.391374,0,-3.414419274871859,0.30902126096667715,-0.2409476925039082,1148.0,1655.0,4.0,223138.0,1.0,172646.0,26900.0
2025-12-18T17:40:52.489717,1,-3.4030494179171016,0.3059039725448347,-0.2725584444792006,1286.0,2373.0,5.0,187826.0,1.0,171655.0,21668.0
2025-12-18T17:40:52.591906,2,-3.3979668881089573,0.31085335340773135,-0.2789844210249878,1250.0,2172.0,4.0,210733.0,1.0,129353.0,20630.0
2025-12-18T17:40:52.687935,3,-3.388748619212922,0.31285115148430354,-0.29339231215781975,1210.0,1964.0,4.0,251284.0,1.0,134214.0,23701.0
2025-12-18T17:40:52.792041,4,-3.3764626068458043,0.3084536619505043,-0.3239383702475464,1141.0,1619.0,4.0,256787.0,1.0,203582.0,29815.0
2025-12-18T17:40:52.889624,5,-3.3641304031205896,0.30461041754688445,-0.348597245129787,1055.0,1224.0,4.0,251710.0,1.0,199625.0,29295.0
2025-12-18T17:40:53.391363,0,-3.3076721833554013,0.2798115460066022,-0.47853610464871077,1135.0,1593.0,4.0,224273.0,1.0,174231.0,27303.0
2025-12-18T17:40:53.490854,1,-3.3008112594546954,0.27391143388423256,-0.509240843491146,1291.0,2396.0,5.0,183739.0,1.0,171888.0,21580.0
2025-12-18T17:40:53.591381,2,-3.292799848994896,0.267271330826107,-0.5405027379276217,1273.0,2297.0,5.0,207618.0,1.0,125642.0,20168.0
2025-12-18T17:40:53.690258,3,-3.2818239086404684,0.26103245056659663,-0.5628566966049591,1229.0,2061.0,4.0,245734.0,1.0,131694.0,23249.0
2025-12-18T17:40:53.791080,5,-3.2711922301895955,0.25497920460296175,-0.5864667135416348,1056.0,1230.0,4.0,244903.0,1.0,194292.0,29235.0
2025-12-18T17:40:54.389899,1,-3.242122051057708,0.25358829496692437,-0.6186453003922917,1293.0,2406.0,5.0,183677.0,1.0,170152.0,21544.0
2025-12-18T17:40:54.490413,2,-3.242122051057708,0.25358829496692437,-0.6186453003922917,1278.0,2324.0,5.0,206706.0,1.0,126410.0,20073.0
2025-12-18T17:40:54.591240,3,-3.242122051057708,0.25358829496692437,-0.6186453003922917,1255.0,2199.0,4.0,246984.0,1.0,130187.0,22650.0
2025-12-18T17:40:54.689676,4,-3.242122051057708,0.25358829496692437,-0.6186453003922917,1142.0,1625.0,4.0,259144.0,1.0,202003.0,29775.0
2025-12-18T17:40:54.790665,5,-3.242122051057708,0.25358829496692437,-0.6186453003922917,1051.0,1210.0,4.0,243993.0,1.0,193767.0,29424.0
2025-12-18T17:40:55.390834,0,-3.2404637478528953,0.24880476738629476,-0.6352207533719075,1141.0,1621.0,4.0,220063.0,1.0,174585.0,27119.0
2025-12-18T17:40:55.489733,1,-3.235043387575372,0.24325828965612661,-0.6567196988982686,1285.0,2366.0,5.0,184800.0,1.0,173466.0,21690.0
2025-12-18T17:40:55.590974,2,-3.226714036259111,0.23511357315658987,-0.6778070298174499,1283.0,2353.0,5.0,206636.0,1.0,126581.0,19971.0
2025-12-18T17:40:55.688842,3,-3.215960802219273,0.22554274594120827,-0.7077850167430818,1248.0,2164.0,4.0,244820.0,1.0,128828.0,22797.0
2025-12-18T17:40:55.790667,4,-3.203726298738505,0.21561579974155975,-0.736524428453965,1142.0,1626.0,4.0,256353.0,1.0,198748.0,29764.0
2025-12-18T17:40:55.889821,5,-3.192216560286871,0.2061845373689959,-0.7592695873526912,1064.0,1266.0,4.0,248662.0,1.0,196541.0,28911.0
2025-12-18T17:40:56.390275,0,-3.1513044132012835,0.16217143168339998,-0.8892416193969014,1131.0,1571.0,4.0,225186.0,1.0,177204.0,27452.0
2025-12-18T17:40:56.490106,1,-3.1473966971103784,0.15275648240116357,-0.9141499616341059,1287.0,2374.0,5.0,182130.0,1.0,172296.0,21661.0
2025-12-18T17:40:56.588755,2,-3.1411475811807654,0.14253554656175904,-0.9369066772067524,1271.0,2285.0,5.0,209950.0,1.0,127053.0,20209.0
2025-12-18T17:40:56.691172,3,-3.133370375077298,0.13271988878636876,-0.955932273272002,1253.0,2191.0,4.0,247319.0,1.0,130806.0,22681.0
2025-12-18T17:40:56.791036,4,-3.1263774126621446,0.12210740000281017,-0.985716248623129,1151.0,1670.0,4.0,254021.0,1.0,196208.0,29454.0
2025-12-18T17:40:56.890174,5,-3.119564094459774,0.11110423568043082,-1.0128842923288284,1054.0,1219.0,4.0,245484.0,1.0,195017.0,29334.0
2025-12-18T17:40:57.391348,0,-3.091091927076631,0.0612210510081157,-1.149694111450462,1134.0,1587.0,4.0,224273.0,1.0,171830.0,27340.0
2025-12-18T17:40:57.490849,1,-3.088621826415941,0.05251372398427012,-1.1792929545957207,1292.0,2404.0,5.0,183988.0,1.0,169864.0,21551.0
2025-12-18T17:40:57.590528,3,-3.08464193912363,0.04024670871674996,-1.211951205211711,1253.0,2191.0,4.0,243251.0,1.0,128611.0,22681.0
2025-12-18T17:40:57.690558,4,-3.0806453161769505,0.028363341157808364,-1.2339522123878959,1153.0,1677.0,4.0,255314.0,1.0,198883.0,29404.0
2025-12-18T17:40:57.791648,5,-3.0764019499001827,0.01703548939578159,-1.2514373683414057,1052.0,1213.0,4.0,248409.0,1.0,194424.0,29394.0
2025-12-18T17:40:58.389619,0,-3.060472619192647,-0.028508448470573988,-1.386074948986219,1125.0,1543.0,4.0,222008.0,1.0,176009.0,27647.0
2025-12-18T17:40:58.490743,2,-3.058503613036259,-0.040648445189776616,-1.4083304220610142,1274.0,2302.0,5.0,206497.0,1.0,127225.0,20147.0
2025-12-18T17:40:58.590152,3,-3.056166115175594,-0.05264430674767251,-1.4224060305988901,1250.0,2176.0,4.0,245152.0,1.0,129923.0,22743.0
2025-12-18T17:40:58.688712,4,-3.054203134262427,-0.06620247542651914,-1.435254183964647,1152.0,1671.0,4.0,254796.0,1.0,197274.0,29444.0
2025-12-18T17:40:58.790771,5,-3.051897302042585,-0.07908354179268784,-1.4371794636711315,1054.0,1222.0,4.0,243004.0,1.0,196208.0,29305.0
2025-12-18T17:40:59.391761,0,-3.057975051680737,-0.12037424699805133,-1.4177636192423766,1148.0,1654.0,4.0,223894.0,1.0,174290.0,26900.0
2025-12-18T17:40:59.488983,1,-3.056017347332589,-0.13237438714643712,-1.4158016830782236,1290.0,2390.0,5.0,181760.0,1.0,171481.0,21602.0
2025-12-18T17:40:59.590725,2,-3.054246393185251,-0.14536492268203727,-1.4200056269926364,1264.0,2247.0,5.0,203582.0,1.0,127139.0,20346.0
2025-12-18T17:40:59.689845,3,-3.051773416771474,-0.15777830596074338,-1.4175166138590218,1242.0,2129.0,4.0,248494.0,1.0,128741.0,22944.0
2025-12-18T17:40:59.791254,4,-3.0497081662502863,-0.1712456908152289,-1.4224934542455658,1163.0,1726.0,4.0,254623.0,1.0,198883.0,29068.0
2025-12-18T17:40:59.889868,5,-3.0478141694289165,-0.18363422485163028,-1.4217254803524169,1055.0,1226.0,4.0,251455.0,1.0,193177.0,29275.0
2025-12-18T17:41:00.391735,0,-3.0382567024519727,-0.24583922037868167,-1.4285879784298687,1150.0,1664.0,4.0,222911.0,1.0,173114.0,26836.0
2025-12-18T17:41:00.489788,1,-3.0356078888758504,-0.25807252723496177,-1.4312940873285613,1303.0,2465.0,5.0,181822.0,1.0,169347.0,21333.0
2025-12-18T17:41:00.590620,2,-3.0338756868148855,-0.27102771385323887,-1.4298216128360952,1266.0,2260.0,5.0,210519.0,1.0,126967.0,20298.0
2025-12-18T17:41:00.690239,3,-3.0316204452926883,-0.28392312906806083,-1.4315395377199613,1236.0,2099.0,4.0,243169.0,1.0,128611.0,23076.0
2025-12-18T17:41:00.791899,4,-3.029667326602243,-0.29672874593157417,-1.4288349599847177,1139.0,1609.0,4.0,258531.0,1.0,197474.0,29886.0
2025-12-18T17:41:00.890309,5,-3.027956402056449,-0.3093819529098516,-1.4313049619878813,1063.0,1258.0,4.0,247570.0,1.0,193898.0,28979.0
2025-12-18T17:41:01.388788,0,-3.030585120996261,-0.3608823634647713,-1.4225331131154606,1136.0,1594.0,4.0,225034.0,1.0,174585.0,27294.0
2025-12-18T17:41:01.491541,1,-3.042701430391733,-0.35957201680711837,-1.4198181571088697,1277.0,2321.0,5.0,186622.0,1.0,169979.0,21860.0
2025-12-18T17:41:01.590222,2,-3.040584480806664,-0.37163892529542153,-1.4217778972257065,1259.0,2224.0,5.0,207267.0,1.0,127613.0,20429.0
2025-12-18T17:41:01.688845,3,-3.039151158088937,-0.38456224083211676,-1.41809158910345,1224.0,2036.0,4.0,249758.0,1.0,131828.0,23359.0
2025-12-18T17:41:01.790020,4,-3.036678964076773,-0.39692790905399367,-1.4205557562149653,1147.0,1647.0,4.0,255833.0,1.0,202277.0,29614.0
2025-12-18T17:41:01.891727,5,-3.035051210319789,-0.40951532249134104,-1.4180774164539867,1056.0,1230.0,4.0,251455.0,1.0,193570.0,29235.0
2025-12-18T17:41:02.390209,0,-3.0262382713389564,-0.4719616845520953,-1.4192728691342071,1145.0,1639.0,4.0,226332.0,1.0,173349.0,27000.0
2025-12-18T17:41:02.489567,1,-3.0241443316324674,-0.4822798946658775,-1.421489154702952,1276.0,2313.0,5.0,186181.0,1.0,173231.0,21889.0
2025-12-18T17:41:02.591115,2,-3.0224796000064313,-0.4837578813277368,-1.419540970416341,1233.0,2083.0,4.0,211376.0,1.0,127053.0,20975.0
2025-12-18T17:41:02.690550,3,-3.0231079012647344,-0.4936679881120698,-1.4249891621130175,1211.0,1972.0,4.0,246567.0,1.0,131072.0,23661.0
2025-12-18T17:41:02.791690,4,-3.0238770264443584,-0.5035207758549012,-1.4244346327503115,1126.0,1549.0,4.0,258444.0,1.0,201389.0,30334.0
2025-12-18T17:41:02.890068,5,-3.020752335002726,-0.5176753758666957,-1.4214173622673048,1047.0,1190.0,4.0,251029.0,1.0,196807.0,29604.0
2025-12-18T17:41:03.390366,0,-3.008721639454566,-0.5879168572395415,-1.4132892991586707,1128.0,1557.0,4.0,225262.0,1.0,173349.0,27545.0
2025-12-18T17:41:03.490104,1,-3.0076176539637802,-0.5993723954446297,-1.4095603417887594,1271.0,2290.0,5.0,184862.0,1.0,170786.0,21978.0
2025-12-18T17:41:03.590422,2,-3.005913628240375,-0.6110358316414866,-1.4125364489305534,1233.0,2083.0,4.0,210519.0,1.0,127873.0,20975.0
2025-12-18T17:41:03.692021,3,-3.003095172547918,-0.6266626031849825,-1.410198083674859,1215.0,1992.0,4.0,248241.0,1.0,132006.0,23565.0
2025-12-18T17:41:03.792778,4,-2.9955637771856494,-0.6517299737562086,-1.3906370293959358,1112.0,1485.0,4.0,258094.0,1.0,199287.0,30841.0
2025-12-18T17:41:03.889253,5,-2.991883895796055,-0.6650651846888058,-1.3902794190867562,1043.0,1172.0,4.0,246066.0,1.0,198144.0,29775.0
2025-12-18T17:41:04.389677,0,-2.979649008762979,-0.7264301260165098,-1.394489827290526,1126.0,1546.0,4.0,224273.0,1.0,173877.0,27619.0
2025-12-18T17:41:04.490395,1,-2.977286250970406,-0.739416213292162,-1.3947498174820272,1267.0,2265.0,5.0,186559.0,1.0,176845.0,22075.0
2025-12-18T17:41:04.590414,2,-2.9742166662866296,-0.75208613990596,-1.393989212751023,1236.0,2099.0,4.0,213316.0,1.0,128828.0,20912.0
2025-12-18T17:41:04.689058,3,-2.9722333463046877,-0.7653194492924511,-1.3934945096600122,1206.0,1943.0,4.0,253420.0,1.0,135263.0,23798.0
2025-12-18T17:41:04.791432,4,-2.9690313277396747,-0.7777571453693586,-1.391499355129533,1127.0,1553.0,4.0,261877.0,1.0,203444.0,30303.0
2025-12-18T17:41:05.391708,0,-2.9557474992504935,-0.8532478091799343,-1.3969654815545098,1129.0,1564.0,4.0,224653.0,1.0,174526.0,27498.0
2025-12-18T17:41:05.490248,1,-2.953568361250128,-0.8653130860927059,-1.3952349374299797,1253.0,2192.0,4.0,185552.0,1.0,173290.0,22369.0
2025-12-18T17:41:05.590177,2,-2.95170215379572,-0.8778438721113799,-1.3994219220874062,1212.0,1973.0,4.0,211662.0,1.0,126924.0,21435.0
2025-12-18T17:41:05.689062,3,-2.949243637803772,-0.8903588066873418,-1.3969376480109088,1202.0,1925.0,4.0,249843.0,1.0,133579.0,23887.0
2025-12-18T17:41:05.790888,4,-2.9486794875052795,-0.9004146740662202,-1.3960581356223696,1111.0,1477.0,4.0,261169.0,1.0,204203.0,30904.0
2025-12-18T17:41:05.889563,5,-2.949170924894589,-0.9073597908259794,-1.38958098246298,1040.0,1160.0,4.0,252307.0,1.0,196341.0,29896.0
2025-12-18T17:41:06.391302,0,-2.9390668996761193,-0.9685743660312207,-1.389586981146942,1123.0,1532.0,4.0,228410.0,1.0,175771.0,27722.0
2025-12-18T17:41:06.489501,1,-2.936228747582885,-0.9814103168905044,-1.3900888949681593,1253.0,2190.0,4.0,188463.0,1.0,171655.0,22376.0
2025-12-18T17:41:06.589765,2,-2.9341200973319617,-0.9941880339358518,-1.3878659059391765,1215.0,1988.0,4.0,214765.0,1.0,131116.0,21370.0
2025-12-18T17:41:06.691003,3,-2.931419252015076,-1.0074661038797128,-1.3891135616160875,1187.0,1845.0,4.0,253763.0,1.0,137246.0,24294.0
2025-12-18T17:41:06.792043,4,-2.928775598732323,-1.0199693048146727,-1.3858779220008066,1122.0,1527.0,4.0,267521.0,1.0,202209.0,30499.0
2025-12-18T17:41:06.890173,5,-2.926583148459881,-1.0327385371490445,-1.3873708273687946,1038.0,1152.0,4.0,249505.0,1.0,197074.0,29967.0
2025-12-18T17:41:07.390958,0,-2.915965498012088,-1.0938448363709519,-1.38463884950816,1117.0,1504.0,4.0,228487.0,1.0,176307.0,27920.0
2025-12-18T17:41:07.491420,1,-2.9146684410169765,-1.1057349615343792,-1.3817063633285682,1229.0,2065.0,4.0,187192.0,1.0,174881.0,22913.0
2025-12-18T17:41:07.592414,2,-2.912490627867257,-1.1179338019137592,-1.3849276644049011,1211.0,1970.0,4.0,217324.0,1.0,128785.0,21449.0
2025-12-18T17:41:07.690315,3,-2.9101092339785604,-1.1303119521104872,-1.3816793402861725,1179.0,1804.0,4.0,254193.0,1.0,135859.0,24509.0
2025-12-18T17:41:07.789891,4,-2.907436264849658,-1.1434660128130139,-1.3819436562851528,1109.0,1466.0,4.0,262499.0,1.0,206566.0,30988.0
2025-12-18T17:41:07.889743,5,-2.904937689250709,-1.1558273443766973,-1.382174352701416,1027.0,1107.0,4.0,247319.0,1.0,196940.0,30427.0
2025-12-18T17:41:08.390016,0,-2.8684186181099394,-1.2205200976087243,-1.3299210662385215,1116.0,1503.0,4.0,228797.0,1.0,181760.0,27930.0
2025-12-18T17:41:08.489828,1,-2.86491221735993,-1.2331122583682603,-1.3056391980637285,1235.0,2092.0,4.0,190773.0,1.0,175355.0,22789.0
2025-12-18T17:41:08.589818,2,-2.860939543330498,-1.2455328801370502,-1.2804293284945414,1209.0,1961.0,4.0,214257.0,1.0,131116.0,21486.0
2025-12-18T17:41:08.691238,3,-2.8561047967969952,-1.2583042836291005,-1.2532215301475536,1172.0,1769.0,4.0,261346.0,1.0,136689.0,24701.0
2025-12-18T17:41:08.789719,4,-2.851620235075542,-1.2706889823532155,-1.2276221754808099,1103.0,1438.0,4.0,264371.0,1.0,208181.0,31219.0
2025-12-18T17:41:08.889929,5,-2.8464647320024388,-1.2822578719797644,-1.2029411135383197,1020.0,1073.0,4.0,255055.0,1.0,198614.0,30779.0
2025-12-18T17:41:09.390545,0,-2.820561158174349,-1.339140628168856,-1.0715381620097009,1107.0,1461.0,4.0,229184.0,1.0,177926.0,28234.0
2025-12-18T17:41:09.490139,1,-2.814756350964048,-1.3498646106530465,-1.0461747336035874,1227.0,2054.0,4.0,189615.0,1.0,178650.0,22959.0
2025-12-18T17:41:09.590930,2,-2.8080602891056192,-1.360851962523812,-1.0244043124840994,1192.0,1873.0,4.0,215566.0,1.0,130938.0,21882.0
2025-12-18T17:41:09.693156,3,-2.8014190350811305,-1.3716881196878479,-1.0003948026277745,1157.0,1697.0,4.0,266167.0,1.0,136782.0,25114.0
2025-12-18T17:41:09.791703,4,-2.7942442957512936,-1.3818480866996374,-0.969978227788824,1077.0,1324.0,4.0,264013.0,1.0,207688.0,32239.0
2025-12-18T17:41:09.890142,5,-2.7872952269758136,-1.392391681929399,-0.9446709437805834,1017.0,1061.0,4.0,249167.0,1.0,198144.0,30914.0
2025-12-18T17:41:10.391599,0,-2.735945375746618,-1.457282869374219,-0.7743201879767615,1101.0,1434.0,4.0,227947.0,1.0,177805.0,28445.0
2025-12-18T17:41:10.491507,1,-2.7262961731789286,-1.4661034780785567,-0.7479076956279814,1236.0,2097.0,4.0,190386.0,1.0,177144.0,22766.0
2025-12-18T17:41:10.589236,2,-2.716475110505728,-1.4745409875235609,-0.7222297670060815,1198.0,1901.0,4.0,217619.0,1.0,129923.0,21756.0
2025-12-18T17:41:10.691131,4,-2.7070137005928325,-1.4818161134767625,-0.6992810108044427,1079.0,1329.0,4.0,270892.0,1.0,206636.0,32185.0
2025-12-18T17:41:10.790060,5,-2.6968964716340453,-1.4898491678980044,-0.6688469759950242,1026.0,1102.0,4.0,248409.0,1.0,198883.0,30478.0
2025-12-18T17:41:11.390193,0,-2.6201621231748558,-1.5367127930703823,-0.49921693094699104,1104.0,1447.0,4.0,230195.0,1.0,179863.0,28339.0
2025-12-18T17:41:11.489644,1,-2.6088227070956993,-1.542291629465617,-0.47170532026232,1234.0,2090.0,4.0,191226.0,1.0,176068.0,22797.0
2025-12-18T17:41:11.593304,2,-2.597925234505544,-1.548535640636298,-0.4429036754584825,1199.0,1905.0,4.0,220809.0,1.0,131249.0,21734.0
2025-12-18T17:41:11.687201,3,-2.578800276466458,-1.5560424176232273,-0.4078826100656631,1180.0,1813.0,4.0,264460.0,1.0,135263.0,24459.0
2025-12-18T17:41:11.788375,4,-2.564112378275198,-1.5613781401246696,-0.380897040447668,1080.0,1336.0,4.0,268337.0,1.0,207337.0,32120.0
2025-12-18T17:41:11.891295,5,-2.552415991237522,-1.5659969186088754,-0.353629145661547,1020.0,1075.0,4.0,253077.0,1.0,202825.0,30758.0
2025-12-18T17:41:12.390547,0,-2.49217129954925,-1.5843874955779151,-0.22406489632880117,1098.0,1417.0,4.0,232308.0,1.0,177745.0,28570.0
2025-12-18T17:41:12.491306,1,-2.480630362073339,-1.5861938271906721,-0.20305695962885084,1228.0,2057.0,4.0,189422.0,1.0,179498.0,22944.0
2025-12-18T17:41:12.592751,2,-2.4651447153911628,-1.5804279259565286,-0.16981618784907715,1196.0,1894.0,4.0,219914.0,1.0,131027.0,21786.0
2025-12-18T17:41:12.688306,3,-2.452874000884683,-1.5799952573995926,-0.13950836959374643,1180.0,1813.0,4.0,257222.0,1.0,136643.0,24459.0
2025-12-18T17:41:12.794404,4,-2.4396768096440455,-1.5820557716560977,-0.11191365577402028,1097.0,1411.0,4.0,268428.0,1.0,210590.0,31453.0
2025-12-18T17:41:12.890847,5,-2.426462158624733,-1.583718119149756,-0.0877376037941652,1018.0,1065.0,4.0,260904.0,1.0,205451.0,30862.0
2025-12-18T17:41:13.391117,0,-2.368492166683413,-1.580188208400628,0.0436852617979794,1108.0,1464.0,4.0,230819.0,1.0,181760.0,28215.0
2025-12-18T17:41:13.489525,1,-2.3589681212569724,-1.5802586705370967,0.0723924709634569,1231.0,2072.0,4.0,190129.0,1.0,177745.0,22874.0
2025-12-18T17:41:13.588983,2,-2.3473383896590203,-1.579849635797241,0.09382906247271151,1204.0,1931.0,4.0,216077.0,1.0,132409.0,21617.0
2025-12-18T17:41:13.691213,3,-2.3334817903624225,-1.5783178324454559,0.11087917139833967,1185.0,1838.0,4.0,257396.0,1.0,137246.0,24327.0
2025-12-18T17:41:13.790637,4,-2.324083371041001,-1.5759413799511348,0.12205863336500807,1087.0,1368.0,4.0,270618.0,1.0,209311.0,31827.0
2025-12-18T17:41:13.890829,5,-2.306240617044898,-1.5724915796940522,0.15415075146071494,1013.0,1047.0,4.0,259583.0,1.0,201867.0,31061.0
2025-12-18T17:41:14.391242,1,-2.239190469538603,-1.5446887371482827,0.29916026634171483,1238.0,2113.0,4.0,189679.0,1.0,179437.0,22697.0
2025-12-18T17:41:14.490695,2,-2.226698595513388,-1.5420685717960154,0.325588914237323,1205.0,1939.0,4.0,217177.0,1.0,133263.0,21580.0
2025-12-18T17:41:14.591374,3,-2.2148189358391903,-1.5383823720579413,0.3540469962275647,1174.0,1779.0,4.0,253591.0,1.0,135997.0,24642.0
2025-12-18T17:41:14.691416,4,-2.2019760892887987,-1.5341107803902654,0.3817609587299463,1093.0,1393.0,4.0,271168.0,1.0,210804.0,31602.0
2025-12-18T17:41:14.791289,5,-2.1911989376428056,-1.5293800801927544,0.40295674448788754,1014.0,1051.0,4.0,251199.0,1.0,204757.0,31019.0
2025-12-18T17:41:15.391929,0,-2.1215070061616794,-1.4902888287127816,0.5638638305826635,1108.0,1464.0,4.0,231132.0,1.0,178106.0,28215.0
2025-12-18T17:41:15.489418,1,-2.111509221851323,-1.4838036314745988,0.5848018973942757,1216.0,1997.0,4.0,190580.0,1.0,179985.0,23217.0
2025-12-18T17:41:15.591407,2,-2.1011178581743937,-1.4769644398666353,0.6132916296506243,1192.0,1873.0,4.0,221033.0,1.0,133128.0,21882.0
2025-12-18T17:41:15.689070,3,-2.0906808138112414,-1.4701218658441126,0.6391621006012739,1176.0,1793.0,4.0,263210.0,1.0,138178.0,24567.0
2025-12-18T17:41:15.791639,4,-2.0803755114715186,-1.4629736464568106,0.6671327411294586,1076.0,1316.0,4.0,273287.0,1.0,211090.0,32305.0
2025-12-18T17:41:15.891143,5,-2.0726470226830944,-1.4531739675729538,0.6924745881582983,1016.0,1059.0,4.0,258444.0,1.0,202963.0,30925.0
2025-12-18T17:41:16.392253,0,-2.037629535680273,-1.3964593328012684,0.8339962275815663,1098.0,1417.0,4.0,230039.0,1.0,181453.0,28570.0
2025-12-18T17:41:16.490325,1,-2.0290420377602203,-1.3870456709075558,0.8593389341730735,1212.0,1975.0,4.0,196142.0,1.0,179680.0,23319.0
2025-12-18T17:41:16.589579,3,-2.021478871320811,-1.3775150041862885,0.885494950763043,1173.0,1779.0,4.0,260463.0,1.0,139163.0,24642.0
2025-12-18T17:41:16.690466,4,-2.0163769456257876,-1.3627190742866668,0.9151056800177589,1082.0,1345.0,4.0,267521.0,1.0,214983.0,32033.0
2025-12-18T17:41:16.790656,5,-2.0135131333874963,-1.3395618713675548,0.9502470990196197,1010.0,1035.0,4.0,257570.0,1.0,206287.0,31198.0
2025-12-18T17:41:17.391835,0,-1.9711826739000347,-1.2774502016732585,1.096352125314551,1096.0,1407.0,4.0,231132.0,1.0,183057.0,28648.0
2025-12-18T17:41:17.489332,2,-1.965001379111005,-1.2618171106178728,1.133576592975446,1188.0,1854.0,4.0,217766.0,1.0,133444.0,21971.0
2025-12-18T17:41:17.590861,3,-1.957916502644986,-1.2435845802896957,1.1730259335879338,1171.0,1765.0,4.0,257919.0,1.0,138881.0,24717.0
2025-12-18T17:41:17.689955,4,-1.953490996432413,-1.2320341504697216,1.1987182984465587,1085.0,1358.0,4.0,273842.0,1.0,212451.0,31914.0
2025-12-18T17:41:17.792783,5,-1.9495197730518883,-1.2205887562075226,1.222503115280316,1013.0,1045.0,4.0,258706.0,1.0,206846.0,31082.0
2025-12-18T17:41:18.392017,0,-1.9304594176301988,-1.1478076688447318,1.3789095098378998,1094.0,1398.0,4.0,230117.0,1.0,182995.0,28716.0
2025-12-18T17:41:18.489071,1,-1.9341487641401351,-1.1321785823921404,1.4144580331905454,1214.0,1983.0,4.0,192264.0,1.0,179924.0,23280.0
2025-12-18T17:41:18.590842,2,-1.9324479270921993,-1.1191938259568017,1.440434077995215,1185.0,1835.0,4.0,221333.0,1.0,132364.0,22060.0
2025-12-18T17:41:18.690378,3,-1.9301893996306931,-1.1065068748379092,1.4683000020769632,1170.0,1764.0,4.0,262587.0,1.0,139730.0,24726.0
2025-12-18T17:41:18.791764,4,-1.9287726098575209,-1.0939620648214952,1.4947728819436235,1084.0,1355.0,4.0,275609.0,1.0,216663.0,31946.0
2025-12-18T17:41:18.889923,5,-1.9289994699294675,-1.0819497264789772,1.5194483291145564,1010.0,1036.0,4.0,261612.0,1.0,208040.0,31188.0
2025-12-18T17:41:19.390594,0,-1.9450569462578589,-1.007844049467602,1.6431202654922044,1094.0,1398.0,4.0,232151.0,1.0,184550.0,28716.0
2025-12-18T17:41:19.489859,1,-1.9455220188300018,-0.995182609069575,1.647060721638987,1197.0,1897.0,4.0,197140.0,1.0,181085.0,23693.0
2025-12-18T17:41:19.589943,2,-1.946661550464844,-0.9827110792124021,1.6485505488398304,1182.0,1824.0,4.0,219765.0,1.0,135951.0,22113.0
2025-12-18T17:41:19.691606,3,-1.9475873957851628,-0.9698704560783575,1.6510102073421822,1165.0,1735.0,4.0,262232.0,1.0,138881.0,24885.0
2025-12-18T17:41:19.791208,4,-1.9485871906889578,-0.957369901308514,1.6490296861161338,1082.0,1345.0,4.0,271259.0,1.0,217177.0,32033.0
2025-12-18T17:41:19.890151,5,-1.9494602916231267,-0.9453282827355665,1.6524505276026233,1001.0,995.0,4.0,254623.0,1.0,205381.0,31656.0
2025-12-18T17:41:20.395076,0,-1.9671234654300276,-0.8766186825944358,1.6670134140954709,1090.0,1381.0,4.0,236833.0,1.0,184237.0,28852.0
2025-12-18T17:41:20.488659,1,-1.9683428516880963,-0.8654135337748787,1.6702544906413486,1209.0,1958.0,4.0,192785.0,1.0,182685.0,23399.0
2025-12-18T17:41:20.592314,2,-1.9696793516205138,-0.8522177496291707,1.6717170271751054,1172.0,1770.0,4.0,220212.0,1.0,133806.0,22376.0
2025-12-18T17:41:20.689341,3,-1.9708412456045958,-0.839726239925846,1.670736794861815,1175.0,1786.0,4.0,267159.0,1.0,139919.0,24600.0
2025-12-18T17:41:20.791529,4,-1.9719361008400682,-0.8270200428386669,1.6727050915654937,1091.0,1387.0,4.0,271627.0,1.0,216883.0,31656.0
2025-12-18T17:41:20.889312,5,-1.9732092705617106,-0.8141192913818625,1.6709852442811148,1014.0,1052.0,4.0,260463.0,1.0,204618.0,31009.0
2025-12-18T17:41:21.389354,0,-1.9797008836174117,-0.7511240815297962,1.676640782410166,1092.0,1392.0,4.0,233570.0,1.0,186181.0,28764.0
2025-12-18T17:41:21.489622,1,-1.9803982638226214,-0.7385930973501216,1.6744065738533354,1205.0,1939.0,4.0,192525.0,1.0,184487.0,23486.0
2025-12-18T17:41:21.592246,2,-1.981957014553363,-0.7267140261710487,1.6736836985048125,1183.0,1826.0,4.0,223591.0,1.0,133806.0,22098.0
2025-12-18T17:41:21.690081,3,-1.9829218551878283,-0.71372588660721,1.6746591037129037,1165.0,1738.0,4.0,267159.0,1.0,141395.0,24868.0
2025-12-18T17:41:21.788703,4,-1.984421174839784,-0.7015093784100319,1.6719546709105861,1107.0,1460.0,4.0,267793.0,1.0,213100.0,31030.0
2025-12-18T17:41:21.892969,5,-1.9854790071860147,-0.6889093663357686,1.674184196083758,1024.0,1093.0,4.0,256526.0,1.0,204203.0,30561.0
2025-12-18T17:41:22.393289,0,-1.9922445112773546,-0.6242949250975709,1.6694640523253028,1089.0,1375.0,4.0,235554.0,1.0,184862.0,28901.0
2025-12-18T17:41:22.489379,1,-1.9938418182013242,-0.6116126897015493,1.6736928241484312,1209.0,1959.0,4.0,199422.0,1.0,183057.0,23391.0
2025-12-18T17:41:22.590508,2,-1.9950482030902246,-0.5984936044126403,1.671457611247487,1201.0,1920.0,4.0,217766.0,1.0,135813.0,21661.0
2025-12-18T17:41:22.689045,3,-2.0061720878894884,-0.585237027050387,1.6817181110074892,1161.0,1719.0,4.0,261435.0,1.0,140679.0,24978.0
2025-12-18T17:41:22.792792,4,-2.0188090445845197,-0.5703373531422296,1.695043731535822,1101.0,1433.0,4.0,267974.0,1.0,211519.0,31251.0
2025-12-18T17:41:22.890783,5,-2.020436730547956,-0.5584079989598187,1.6938068339674073,1019.0,1073.0,4.0,263745.0,1.0,203858.0,30779.0
2025-12-18T17:41:23.392725,0,-2.0278507323705095,-0.4949414511151575,1.699473651386981,1073.0,1303.0,4.0,234203.0,1.0,184612.0,29504.0
2025-12-18T17:41:23.489412,1,-2.0295018995011556,-0.48247692581695656,1.695737414496765,1208.0,1956.0,4.0,197474.0,1.0,185992.0,23406.0
2025-12-18T17:41:23.591162,2,-2.03104266892474,-0.4701465970832954,1.6972275140709383,1201.0,1918.0,4.0,221183.0,1.0,133715.0,21668.0
2025-12-18T17:41:23.689885,3,-2.0326938757691586,-0.45718453103635426,1.695734288309216,1160.0,1713.0,4.0,263210.0,1.0,141922.0,25012.0
2025-12-18T17:41:23.791177,5,-2.0340965091318677,-0.44508683423706774,1.694781313130885,1029.0,1113.0,4.0,258619.0,1.0,206008.0,30355.0
2025-12-18T17:41:24.391038,0,-2.0438178515106835,-0.3689322430981541,1.688817968165499,1092.0,1391.0,4.0,232465.0,1.0,188272.0,28774.0
2025-12-18T17:41:24.489607,1,-2.045304179318427,-0.3565534229497649,1.6942768328806395,1202.0,1921.0,4.0,195281.0,1.0,184612.0,23573.0
2025-12-18T17:41:24.591127,2,-2.047111266627327,-0.34352596470476016,1.6907964181172277,1197.0,1897.0,4.0,217251.0,1.0,134806.0,21764.0
2025-12-18T17:41:24.689872,3,-2.0483974105469978,-0.3316082369064679,1.6915710300043805,1165.0,1737.0,4.0,261523.0,1.0,140536.0,24868.0
2025-12-18T17:41:24.791741,4,-2.0499681188931813,-0.31872703930581014,1.6925418240140886,1091.0,1387.0,4.0,267974.0,1.0,212667.0,31656.0
2025-12-18T17:41:24.889801,5,-2.0514820308294404,-0.30617133615461256,1.69209353340676,1025.0,1096.0,4.0,252906.0,1.0,205103.0,30530.0
2025-12-18T17:41:25.389545,0,-2.1021589122326905,-0.2629340199718291,1.7440734488173166,1088.0,1370.0,4.0,236673.0,1.0,185113.0,28940.0
2025-12-18T17:41:25.488904,1,-2.1046973874751376,-0.25028879190209263,1.7398494634362243,1218.0,2005.0,4.0,196474.0,1.0,186433.0,23170.0
2025-12-18T17:41:25.589085,2,-2.107085248659472,-0.2377069829694447,1.7391132545616836,1195.0,1886.0,4.0,216150.0,1.0,134123.0,21815.0
2025-12-18T17:41:25.689360,3,-2.109626868192276,-0.22501450611661955,1.7381229788926018,1164.0,1730.0,4.0,268065.0,1.0,140679.0,24910.0
2025-12-18T17:41:25.791446,4,-2.1115257144430846,-0.21233519183929417,1.7378720811827895,1117.0,1506.0,4.0,264103.0,1.0,211877.0,30654.0
2025-12-18T17:41:25.889978,5,-2.113371309870417,-0.20019322810616647,1.7359183630111668,1025.0,1096.0,4.0,255314.0,1.0,203238.0,30530.0
2025-12-18T17:41:26.391157,0,-2.124869475809197,-0.13734062661050217,1.7406244043822328,1089.0,1375.0,4.0,233886.0,1.0,185614.0,28901.0
2025-12-18T17:41:26.490381,1,-2.1268715850259383,-0.12466139733119075,1.7430671115802188,1214.0,1987.0,4.0,193177.0,1.0,183739.0,23256.0
2025-12-18T17:41:26.589034,2,-2.129292582518846,-0.11180055151059332,1.7391106255338444,1199.0,1910.0,4.0,219245.0,1.0,134032.0,21705.0
2025-12-18T17:41:26.689576,3,-2.131009085377409,-0.09963104448421323,1.7368810810897544,1172.0,1770.0,4.0,260463.0,1.0,140822.0,24684.0
2025-12-18T17:41:26.791175,4,-2.1331646090852785,-0.08703750096763851,1.7366233277088354,1104.0,1446.0,4.0,268428.0,1.0,211447.0,31145.0
2025-12-18T17:41:26.890833,5,-2.1351383396872454,-0.07411513985185092,1.736605717494148,1013.0,1046.0,4.0,256787.0,1.0,204410.0,31061.0
2025-12-18T17:41:27.390508,0,-2.1454840564064708,-0.01132461226129422,1.732642537367373,1090.0,1382.0,4.0,234203.0,1.0,184737.0,28842.0
2025-12-18T17:41:27.488680,1,-2.147740574375517,0.0014010381584181886,1.7296714690004547,1213.0,1980.0,4.0,198748.0,1.0,182562.0,23288.0
2025-12-18T17:41:27.590417,2,-2.1501080896375786,0.014082623077986689,1.7279416651366553,1184.0,1833.0,4.0,217913.0,1.0,133354.0,22060.0
2025-12-18T17:41:27.690080,3,-2.151857383182003,0.025592439297509095,1.721271706993853,1170.0,1759.0,4.0,264282.0,1.0,141586.0,24742.0
2025-12-18T17:41:27.792507,4,-2.1532089601072544,0.037468157742289954,1.6990983499957153,1125.0,1543.0,4.0,265357.0,1.0,213677.0,30365.0
2025-12-18T17:41:28.393153,0,-2.201786943992125,0.08068246538002644,1.5979366901797207,1095.0,1404.0,4.0,233965.0,1.0,185489.0,28667.0
2025-12-18T17:41:28.489733,1,-2.2023538417414357,0.09374334765166825,1.5700397156930315,1207.0,1948.0,4.0,193177.0,1.0,183988.0,23438.0
2025-12-18T17:41:28.591169,2,-2.2024503166696086,0.10670359199950852,1.5502662175671031,1197.0,1897.0,4.0,218209.0,1.0,133083.0,21764.0
2025-12-18T17:41:28.688779,3,-2.2026651841166425,0.11893035086024284,1.5266280066637468,1172.0,1770.0,4.0,264460.0,1.0,141299.0,24684.0
2025-12-18T17:41:28.792111,4,-2.201967542348645,0.1319470921395256,1.496939864682726,1101.0,1431.0,4.0,267159.0,1.0,209453.0,31272.0
2025-12-18T17:41:28.888989,5,-2.2002337415599893,0.14414987479831343,1.4735026678952858,1034.0,1134.0,4.0,256526.0,1.0,204618.0,30140.0
2025-12-18T17:41:29.392046,0,-2.191511469978437,0.20525517651498237,1.360487561864835,1094.0,1397.0,4.0,234203.0,1.0,187509.0,28716.0
2025-12-18T17:41:29.490527,1,-2.197712962012725,0.21807365988816851,1.343848194709462,1220.0,2017.0,4.0,195017.0,1.0,183553.0,23115.0
2025-12-18T17:41:29.591538,2,-2.1972820505567268,0.23121058585941956,1.3231493606666052,1199.0,1909.0,4.0,218504.0,1.0,134396.0,21705.0
2025-12-18T17:41:29.691825,3,-2.1945618435719614,0.24366583456717628,1.3027886076677013,1178.0,1802.0,4.0,265177.0,1.0,141538.0,24509.0
2025-12-18T17:41:29.789560,4,-2.1918518662085327,0.25561404141854194,1.2716838014702858,1119.0,1514.0,4.0,268247.0,1.0,208322.0,30592.0
2025-12-18T17:41:29.890039,5,-2.1880694239367067,0.26741030782941877,1.2425243461573385,1030.0,1117.0,4.0,256266.0,1.0,206357.0,30313.0
2025-12-18T17:41:30.389893,0,-2.167957229116221,0.3272354739971064,1.1258327743281173,1100.0,1424.0,4.0,234917.0,1.0,187382.0,28503.0
2025-12-18T17:41:30.488256,1,-2.1643005956246877,0.34033385869935096,1.1025918574582427,1213.0,1981.0,4.0,193832.0,1.0,185175.0,23280.0
2025-12-18T17:41:30.590167,2,-2.157987761702441,0.35138429784440817,1.0716615453098093,1202.0,1924.0,4.0,220585.0,1.0,133354.0,21639.0
2025-12-18T17:41:30.689938,3,-2.1514320298461618,0.36148489000504735,1.0472573676450048,1176.0,1792.0,4.0,269794.0,1.0,141156.0,24559.0
2025-12-18T17:41:30.790308,4,-2.1455431483301397,0.3734183398651405,1.0264177629729168,1105.0,1451.0,4.0,266888.0,1.0,209453.0,31103.0
2025-12-18T17:41:30.888942,5,-2.138715810490209,0.3837550158294345,0.9981615421453814,1015.0,1053.0,4.0,253420.0,1.0,208110.0,30988.0
2025-12-18T17:41:31.392181,0,-2.11370858974904,0.4258525153239763,0.8647443668287285,1098.0,1417.0,4.0,233965.0,1.0,188017.0,28560.0
2025-12-18T17:41:31.490657,1,-2.1053228574214993,0.4349976091650056,0.8403405945305761,1230.0,2068.0,4.0,194358.0,1.0,183118.0,22882.0
2025-12-18T17:41:31.591446,2,-2.0969510976878563,0.4462208426807095,0.8200001360726697,1205.0,1937.0,4.0,221258.0,1.0,133625.0,21580.0
2025-12-18T17:41:31.691008,3,-2.088266249514345,0.45550170583856886,0.7923255010034008,1186.0,1840.0,4.0,259847.0,1.0,139872.0,24303.0
2025-12-18T17:41:31.791068,4,-2.079659481756031,0.4637077628823345,0.7625611483339947,1103.0,1443.0,4.0,270069.0,1.0,208040.0,31167.0
2025-12-18T17:41:31.889810,5,-2.0727170113214997,0.4654847561759965,0.7344675371577917,1013.0,1045.0,4.0,256613.0,1.0,203444.0,31072.0
2025-12-18T17:41:32.391782,0,-2.030862269167579,0.4829925559703625,0.6066109118817142,1101.0,1433.0,4.0,230351.0,1.0,184237.0,28435.0
2025-12-18T17:41:32.490381,1,-2.0204909877801933,0.48929455150940715,0.5777299970537995,1235.0,2093.0,4.0,196607.0,1.0,184113.0,22773.0
2025-12-18T17:41:32.594243,2,-2.0097615744050494,0.4957562685395258,0.5526617793922602,1214.0,1986.0,4.0,215566.0,1.0,133625.0,21362.0
2025-12-18T17:41:32.691990,3,-2.003327675813144,0.49780788160071054,0.5380928088826862,1179.0,1808.0,4.0,264729.0,1.0,140869.0,24476.0
2025-12-18T17:41:32.791995,4,-1.9998730249723442,0.4956711429379057,0.5264785594802656,1099.0,1422.0,4.0,268247.0,1.0,210947.0,31346.0
2025-12-18T17:41:32.889302,5,-1.9893566078551912,0.5009338276717372,0.49706706661447353,1019.0,1069.0,4.0,258969.0,1.0,204410.0,30810.0
2025-12-18T17:41:33.391111,1,-1.9327805420541762,0.5284648251640665,0.37177702620592584,1251.0,2179.0,4.0,194358.0,1.0,183180.0,22406.0
2025-12-18T17:41:33.487818,2,-1.9208884439421696,0.5335495810643565,0.3464404625332807,1197.0,1896.0,4.0,219839.0,1.0,133715.0,21764.0
2025-12-18T17:41:33.591671,4,-1.9105091827378207,0.5379910477555541,0.32391091609570466,1103.0,1443.0,4.0,268610.0,1.0,210448.0,31167.0
2025-12-18T17:41:33.690033,5,-1.9014116808671864,0.5430923777086969,0.3077321361562691,1018.0,1068.0,4.0,257309.0,1.0,207056.0,30820.0
2025-12-18T17:41:34.393394,0,-1.818314578484886,0.5618273616307627,0.1253790634293908,1105.0,1452.0,4.0,232387.0,1.0,181453.0,28291.0
2025-12-18T17:41:34.489604,1,-1.8054895584120703,0.5631607993463552,0.10633477158934604,1242.0,2131.0,4.0,195149.0,1.0,180840.0,22605.0
2025-12-18T17:41:34.590489,2,-1.7916377584022063,0.5639105557640605,0.09526187500088301,1206.0,1945.0,4.0,220585.0,1.0,134714.0,21544.0
2025-12-18T17:41:34.690622,3,-1.7797789269947986,0.5637545182176931,0.06366533805845805,1175.0,1789.0,4.0,264640.0,1.0,139635.0,24575.0
2025-12-18T17:41:34.789872,4,-1.7674490855136629,0.563892607305335,0.034255666123023505,1100.0,1426.0,4.0,271627.0,1.0,214184.0,31304.0
2025-12-18T17:41:34.889761,5,-1.7542564126001137,0.5648670580579509,0.013208331106820926,1018.0,1066.0,4.0,264371.0,1.0,207127.0,30841.0
2025-12-18T17:41:35.391056,0,-1.6924505519576565,0.5627078024323096,-0.11503359800638781,1104.0,1447.0,4.0,227947.0,1.0,183926.0,28329.0
2025-12-18T17:41:35.491054,1,-1.688177614668204,0.5575352733597319,-0.13414437845581262,1240.0,2122.0,4.0,193832.0,1.0,183615.0,22643.0
2025-12-18T17:41:35.591794,2,-1.6764826155298207,0.5559801483781595,-0.15722983610250107,1205.0,1940.0,4.0,220809.0,1.0,133760.0,21566.0
2025-12-18T17:41:35.688853,3,-1.663833059611607,0.5540750769389193,-0.18187674945944,1178.0,1801.0,4.0,265177.0,1.0,141826.0,24509.0
2025-12-18T17:41:35.790311,4,-1.6515363818412265,0.5516291829710207,-0.21183785316261988,1098.0,1418.0,4.0,268701.0,1.0,212667.0,31378.0
2025-12-18T17:41:35.889738,5,-1.6389268440586182,0.5491707176109655,-0.24246634157699856,1009.0,1028.0,4.0,254451.0,1.0,208816.0,31262.0
2025-12-18T17:41:36.390583,0,-1.582301275291162,0.528098588507377,-0.3833640178155923,1105.0,1448.0,4.0,230741.0,1.0,185050.0,28320.0
2025-12-18T17:41:36.489732,3,-1.5704942784467848,0.5236477951925007,-0.40702585401255004,1193.0,1876.0,4.0,268247.0,1.0,141395.0,24114.0
2025-12-18T17:41:36.590682,4,-1.5595569040566721,0.5181293510997937,-0.43448531519081995,1107.0,1460.0,4.0,269977.0,1.0,211090.0,31019.0
2025-12-18T17:41:36.690666,5,-1.5489103455585131,0.5129302605984449,-0.4594821190943957,1006.0,1017.0,4.0,257396.0,1.0,205242.0,31389.0
2025-12-18T17:41:37.390855,0,-1.489829975683677,0.4615335058535752,-0.649724906198246,1111.0,1477.0,4.0,228565.0,1.0,182623.0,28100.0
2025-12-18T17:41:37.489920,1,-1.4798638841934606,0.45416050281501263,-0.6701976731986448,1255.0,2202.0,5.0,194424.0,1.0,183367.0,22308.0
2025-12-18T17:41:37.591033,2,-1.4701711944625204,0.4461055721167453,-0.6940272639204008,1216.0,1993.0,4.0,216077.0,1.0,131739.0,21333.0
2025-12-18T17:41:37.691062,3,-1.461367008797097,0.4376893324334068,-0.7262286776647056,1185.0,1838.0,4.0,258794.0,1.0,137991.0,24311.0
2025-12-18T17:41:37.790212,4,-1.4527930689017245,0.42867660528446905,-0.7490291480213639,1095.0,1405.0,4.0,268701.0,1.0,210163.0,31485.0
2025-12-18T17:41:37.890932,5,-1.4425735084044975,0.4195370601519448,-0.7675406026958234,1022.0,1084.0,4.0,257222.0,1.0,207477.0,30644.0
2025-12-18T17:41:38.391071,0,-1.3981338059935757,0.37112869115627944,-0.9015361924587283,1112.0,1485.0,4.0,232623.0,1.0,182747.0,28043.0
2025-12-18T17:41:38.490063,1,-1.3903701346751562,0.3610424313526108,-0.9309992698999447,1253.0,2189.0,4.0,191939.0,1.0,180962.0,22361.0
2025-12-18T17:41:38.590554,2,-1.3827354099051878,0.3513515156471465,-0.952011645903197,1201.0,1920.0,4.0,215712.0,1.0,134123.0,21653.0
2025-12-18T17:41:38.690419,3,-1.3753283587238163,0.3413331100589758,-0.9780505062891726,1192.0,1873.0,4.0,263835.0,1.0,137991.0,24130.0
2025-12-18T17:41:38.790478,4,-1.3657531378816885,0.33270772454605524,-1.0072166332264638,1104.0,1445.0,4.0,266979.0,1.0,211233.0,31145.0
2025-12-18T17:41:38.890146,5,-1.3528927131090656,0.3261711806706957,-1.02906751272358,1019.0,1072.0,4.0,256700.0,1.0,208322.0,30779.0
2025-12-18T17:41:39.391247,0,-1.3246444689864099,0.27152094513917113,-1.1500125138878918,1110.0,1472.0,4.0,231445.0,1.0,181207.0,28138.0
2025-12-18T17:41:39.489921,1,-1.3201790378034106,0.2605359836374701,-1.1830309101318797,1256.0,2209.0,5.0,192785.0,1.0,182130.0,22278.0
2025-12-18T17:41:39.589620,2,-1.3190877899516977,0.2498983459690347,-1.2083195128471265,1205.0,1936.0,4.0,219914.0,1.0,132499.0,21580.0
2025-12-18T17:41:39.689733,3,-1.3175533038173375,0.23916384955384373,-1.2246704713632264,1181.0,1816.0,4.0,261612.0,1.0,138506.0,24426.0
2025-12-18T17:41:39.791236,4,-1.3127466639433585,0.22713756809899444,-1.2487515071474582,1098.0,1417.0,4.0,268337.0,1.0,213172.0,31378.0
2025-12-18T17:41:39.889981,5,-1.3092768187498236,0.21560926673115066,-1.276656271710184,1023.0,1086.0,4.0,258444.0,1.0,206357.0,30623.0
2025-12-18T17:41:40.391157,0,-1.2896230903114632,0.15324243592303954,-1.3028041765883,1105.0,1451.0,4.0,230507.0,1.0,184051.0,28291.0
2025-12-18T17:41:40.488901,1,-1.284151274175464,0.13907928799755798,-1.3023734442187764,1255.0,2203.0,5.0,193047.0,1.0,178468.0,22301.0
2025-12-18T17:41:40.591944,2,-1.2772042462261368,0.12392842596664266,-1.3009863406272115,1195.0,1887.0,4.0,224501.0,1.0,134214.0,21801.0
2025-12-18T17:41:40.689534,3,-1.2741358337797795,0.11231355046643543,-1.299753747863986,1196.0,1895.0,4.0,258356.0,1.0,138506.0,24016.0
2025-12-18T17:41:40.789936,4,-1.2703719057871874,0.10019813889580487,-1.3017377091251428,1099.0,1422.0,4.0,266527.0,1.0,213316.0,31336.0
2025-12-18T17:41:40.890180,5,-1.2672355412989356,0.08845377652574538,-1.3027333160229702,1014.0,1050.0,4.0,255314.0,1.0,206078.0,31009.0
2025-12-18T17:41:41.389742,0,-1.248502923495341,0.02618092675679673,-1.3111549267502813,1104.0,1446.0,4.0,233096.0,1.0,182068.0,28329.0
2025-12-18T17:41:41.489884,1,-1.2455754896711893,0.014753195125882357,-1.3271859864396105,1240.0,2122.0,4.0,193701.0,1.0,183429.0,22643.0
2025-12-18T17:41:41.591938,2,-1.243146825024596,0.0024097262254532126,-1.349779034602413,1196.0,1892.0,4.0,219393.0,1.0,134032.0,21778.0
2025-12-18T17:41:41.688959,3,-1.2402446173079547,-0.009510185465908094,-1.3670845414496695,1188.0,1853.0,4.0,261612.0,1.0,139919.0,24229.0
2025-12-18T17:41:41.789655,4,-1.2380553842018776,-0.02204940507358888,-1.3888033232874009,1108.0,1464.0,4.0,271903.0,1.0,210163.0,30988.0
2025-12-18T17:41:41.890011,5,-1.2367220100018055,-0.034384575744287105,-1.3910074887545465,1027.0,1106.0,4.0,255746.0,1.0,203375.0,30416.0
2025-12-18T17:41:42.390973,0,-1.2250058269658441,-0.097692620261423,-1.397445976696426,1123.0,1533.0,4.0,230117.0,1.0,184550.0,27694.0
2025-12-18T17:41:42.489892,1,-1.2228475182826757,-0.11029687053961101,-1.3971907122108849,1252.0,2185.0,4.0,194753.0,1.0,180901.0,22376.0
2025-12-18T17:41:42.590847,2,-1.220908083827966,-0.12285558762361326,-1.4053874832984177,1197.0,1896.0,4.0,217177.0,1.0,133308.0,21756.0
2025-12-18T17:41:42.690164,3,-1.218517095985546,-0.1343500593297895,-1.421423008022791,1193.0,1875.0,4.0,257222.0,1.0,138506.0,24114.0
2025-12-18T17:41:42.792431,4,-1.217591253431914,-0.14609429708708088,-1.4508683745178586,1089.0,1378.0,4.0,263656.0,1.0,212667.0,31720.0
2025-12-18T17:41:42.890621,5,-1.2170768133618886,-0.15743530771649983,-1.4726064472917073,1029.0,1113.0,4.0,255919.0,1.0,204065.0,30344.0
2025-12-18T17:41:43.390141,0,-1.2043231407142216,-0.21274011729969544,-1.5270742537564992,1104.0,1445.0,4.0,232387.0,1.0,180962.0,28339.0
2025-12-18T17:41:43.488477,1,-1.2038026688030175,-0.2254733653752794,-1.5268553351750105,1219.0,2012.0,4.0,193177.0,1.0,180962.0,23131.0
2025-12-18T17:41:43.591195,2,-1.202489258654049,-0.23842958744782727,-1.529326069552249,1200.0,1913.0,4.0,220809.0,1.0,134168.0,21683.0
2025-12-18T17:41:43.690727,3,-1.2014516398185275,-0.25141820576416496,-1.5248898998941622,1171.0,1768.0,4.0,263389.0,1.0,138881.0,24684.0
2025-12-18T17:41:43.791098,4,-1.2003780998765408,-0.26451633649383055,-1.5263542442029763,1097.0,1413.0,4.0,267974.0,1.0,212092.0,31410.0
2025-12-18T17:41:43.890520,5,-1.1998425704860785,-0.27717921927798983,-1.5241547842174161,1019.0,1071.0,4.0,265717.0,1.0,209453.0,30779.0
2025-12-18T17:41:44.389455,0,-1.1968216343733358,-0.34180260918072136,-1.528178446233703,1101.0,1432.0,4.0,232938.0,1.0,182438.0,28435.0
2025-12-18T17:41:44.489356,1,-1.1963632188063955,-0.35389714002926276,-1.5283742511994791,1208.0,1953.0,4.0,193439.0,1.0,184800.0,23406.0
2025-12-18T17:41:44.591457,2,-1.195707209558569,-0.36689017681696523,-1.5288696313660601,1195.0,1888.0,4.0,224729.0,1.0,133806.0,21793.0
2025-12-18T17:41:44.690157,3,-1.1953017173881755,-0.37917694971875626,-1.529816997787029,1171.0,1765.0,4.0,264729.0,1.0,141060.0,24701.0
2025-12-18T17:41:44.788632,4,-1.1949213865251997,-0.39187995756755,-1.5300606136504429,1095.0,1406.0,4.0,267250.0,1.0,211233.0,31474.0
2025-12-18T17:41:44.890336,5,-1.1940328871934234,-0.40485419340233264,-1.53355015779751,1025.0,1095.0,4.0,260111.0,1.0,206706.0,30530.0
2025-12-18T17:41:45.391333,0,-1.191354081005454,-0.4690346994916723,-1.533823547093525,1093.0,1394.0,4.0,237556.0,1.0,186118.0,28735.0
2025-12-18T17:41:45.490302,1,-1.190663106757985,-0.48159495776229466,-1.538034953064939,1212.0,1976.0,4.0,200098.0,1.0,185238.0,23296.0
2025-12-18T17:41:45.589671,2,-1.1904455314169942,-0.49414615365860115,-1.5360370801496903,1181.0,1814.0,4.0,219468.0,1.0,137153.0,22143.0
2025-12-18T17:41:45.688157,3,-1.1897296557325916,-0.5075811102786263,-1.5363107666863804,1143.0,1631.0,4.0,267521.0,1.0,142114.0,25482.0
2025-12-18T17:41:45.789281,4,-1.1854891853364915,-0.5150116733282228,-1.5251246144175006,1096.0,1409.0,4.0,273009.0,1.0,215493.0,31442.0
2025-12-18T17:41:45.890101,5,-1.1739837441163843,-0.507105074495696,-1.4893454806752673,1021.0,1079.0,4.0,256787.0,1.0,209524.0,30695.0
2025-12-18T17:41:46.390427,0,-1.1691328243895214,-0.5685038705984393,-1.489789826849409,1074.0,1307.0,4.0,239331.0,1.0,185426.0,29454.0
2025-12-18T17:41:46.489875,1,-1.16867609884883,-0.5805361911912152,-1.4895540199573132,1195.0,1889.0,4.0,198883.0,1.0,186244.0,23717.0
2025-12-18T17:41:46.590818,2,-1.1672279560085639,-0.5935714811040045,-1.4895610004167248,1176.0,1789.0,4.0,224577.0,1.0,134487.0,22263.0
2025-12-18T17:41:46.690771,3,-1.1665183772760832,-0.6063879138856905,-1.4892994974166702,1135.0,1592.0,4.0,271627.0,1.0,143565.0,25724.0
2025-12-18T17:41:46.789827,4,-1.1653104032923376,-0.6194412471673134,-1.4900428668629464,1081.0,1340.0,4.0,277293.0,1.0,217766.0,32065.0
2025-12-18T17:41:46.889755,5,-1.1640055540546879,-0.6320422496942006,-1.4885530341963562,1015.0,1056.0,4.0,261877.0,1.0,204618.0,30946.0
2025-12-18T17:41:47.388375,0,-1.1582817356284907,-0.6967003662015525,-1.4907966702873967,1078.0,1326.0,4.0,237797.0,1.0,190451.0,29295.0
2025-12-18T17:41:47.489245,1,-1.157128118593055,-0.7087645655363044,-1.4913017359443728,1173.0,1775.0,4.0,197474.0,1.0,188081.0,24311.0
2025-12-18T17:41:47.590788,2,-1.156118969956919,-0.7206449310710381,-1.489090929782236,1163.0,1726.0,4.0,222233.0,1.0,137991.0,22582.0
2025-12-18T17:41:47.689710,3,-1.1549633445560636,-0.7331221347232839,-1.4913551871722361,1139.0,1609.0,4.0,268247.0,1.0,144981.0,25620.0
2025-12-18T17:41:47.788961,4,-1.153937075980863,-0.7454806331058483,-1.4911091713092908,1067.0,1280.0,4.0,273009.0,1.0,216883.0,32635.0
2025-12-18T17:41:47.889479,5,-1.1522456285105638,-0.7589479252547173,-1.4923474490477868,1009.0,1028.0,4.0,261081.0,1.0,208745.0,31251.0
2025-12-18T17:41:48.391556,0,-1.1430213669841938,-0.8168108815990216,-1.472076604281546,1071.0,1295.0,4.0,240875.0,1.0,189230.0,29564.0
2025-12-18T17:41:48.489851,1,-1.128396421860109,-0.8120098073668709,-1.431249786371492,1181.0,1818.0,4.0,198077.0,1.0,188144.0,24081.0
2025-12-18T17:41:48.590878,2,-1.1261845572851739,-0.8247239705088898,-1.4102244376874984,1169.0,1756.0,4.0,231288.0,1.0,137571.0,22429.0
2025-12-18T17:41:48.688869,3,-1.124040188686732,-0.836228744167907,-1.3854950074490933,1129.0,1561.0,4.0,276356.0,1.0,145079.0,25925.0
2025-12-18T17:41:48.793110,4,-1.1221615467491937,-0.8477348413775294,-1.3602152338789688,1079.0,1332.0,4.0,277763.0,1.0,218652.0,32131.0
2025-12-18T17:41:48.889527,5,-1.119357288318033,-0.8599401635203439,-1.3390353354896065,1007.0,1020.0,4.0,258269.0,1.0,207899.0,31346.0
2025-12-18T17:41:49.390630,0,-1.0992723401282163,-0.9212546418618173,-1.2116517939654627,1069.0,1287.0,4.0,241528.0,1.0,184300.0,29634.0
2025-12-18T17:41:49.489975,1,-1.0949783076978852,-0.9337173157844694,-1.1855586582724005,1179.0,1805.0,4.0,198950.0,1.0,188399.0,24147.0
2025-12-18T17:41:49.589979,2,-1.0903861239874164,-0.9454998122609046,-1.158371146675752,1146.0,1645.0,4.0,229340.0,1.0,138646.0,23014.0
2025-12-18T17:41:49.691200,3,-1.0848047746555296,-0.9557649210783934,-1.134211672984532,1129.0,1562.0,4.0,272271.0,1.0,146708.0,25917.0
2025-12-18T17:41:49.791015,4,-1.0804645787164615,-0.9673099817098869,-1.1075845422528692,1071.0,1294.0,4.0,278704.0,1.0,216663.0,32491.0
2025-12-18T17:41:49.890583,5,-1.0752801281797715,-0.9787833137197728,-1.0813966845832175,1006.0,1018.0,4.0,265896.0,1.0,211233.0,31368.0
2025-12-18T17:41:50.391826,0,-1.0161998258342924,-1.0429125104433101,-0.9351368457780312,1066.0,1274.0,4.0,240957.0,1.0,193177.0,29744.0
2025-12-18T17:41:50.490959,1,-1.0105373550822274,-1.0535627539230257,-0.91221080112142,1178.0,1799.0,4.0,202140.0,1.0,188846.0,24179.0
2025-12-18T17:41:50.591553,2,-1.0038871474412345,-1.0642984900174834,-0.8855099091198203,1146.0,1642.0,4.0,226792.0,1.0,138928.0,23029.0
2025-12-18T17:41:50.690302,3,-0.9956499833549377,-1.074618761792678,-0.8563939272585844,1139.0,1610.0,4.0,272640.0,1.0,144981.0,25611.0
2025-12-18T17:41:50.790733,4,-0.9858550896989087,-1.0832530763459722,-0.828688793517647,1044.0,1176.0,4.0,276356.0,1.0,221407.0,33701.0
2025-12-18T17:41:51.390861,0,-0.90318677541112,-1.1394160285825805,-0.6381480338633463,1071.0,1297.0,4.0,241365.0,1.0,190773.0,29544.0
2025-12-18T17:41:51.492312,1,-0.8926348238334612,-1.146571883583408,-0.6137974142317466,1201.0,1919.0,4.0,201457.0,1.0,189551.0,23565.0
2025-12-18T17:41:51.590509,2,-0.8824616105500422,-1.1539113822053677,-0.5924398370015815,1143.0,1629.0,4.0,225262.0,1.0,139069.0,23100.0
2025-12-18T17:41:51.690262,3,-0.8582890703841084,-1.150737958172802,-0.5637422649527262,1135.0,1590.0,4.0,278327.0,1.0,146114.0,25733.0
2025-12-18T17:41:51.790266,4,-0.8397521174369658,-1.1527169034786873,-0.5331007292519514,1049.0,1200.0,4.0,281358.0,1.0,216883.0,33440.0
2025-12-18T17:41:51.890191,5,-0.8287346772809783,-1.158975514901968,-0.5073784667524464,999.0,989.0,4.0,258969.0,1.0,209099.0,31709.0
2025-12-18T17:41:52.392164,1,-0.7718709124981071,-1.184557900391229,-0.3793530208075648,1189.0,1858.0,4.0,201525.0,1.0,189872.0,23870.0
2025-12-18T17:41:52.489178,2,-0.7574540935605771,-1.1772957972851357,-0.340181764879803,1171.0,1764.0,4.0,229107.0,1.0,139163.0,22384.0
2025-12-18T17:41:52.589789,3,-0.7449178713390321,-1.1777014291617798,-0.31351762252083865,1146.0,1644.0,4.0,269065.0,1.0,144393.0,25396.0
2025-12-18T17:41:52.690059,4,-0.7323214542157506,-1.1808651429519124,-0.2887625884832313,1070.0,1289.0,4.0,274864.0,1.0,218135.0,32535.0
2025-12-18T17:41:52.789229,5,-0.7196658788765218,-1.1846078564785234,-0.2631318162850021,993.0,966.0,4.0,265267.0,1.0,207899.0,31989.0
2025-12-18T17:41:53.390281,0,-0.6495552955745145,-1.1775955821257975,-0.09913308206346982,1082.0,1343.0,4.0,240305.0,1.0,191226.0,29146.0
2025-12-18T17:41:53.488033,1,-0.6372675447292631,-1.1788883241471906,-0.07150905310860338,1193.0,1877.0,4.0,204895.0,1.0,188654.0,23774.0
2025-12-18T17:41:53.591254,2,-0.623890479548538,-1.1798704743298236,-0.0434752328040518,1174.0,1781.0,4.0,222534.0,1.0,137944.0,22301.0
2025-12-18T17:41:53.690986,3,-0.6113568980810666,-1.179858969061458,-0.011771349210082395,1135.0,1590.0,4.0,271443.0,1.0,145867.0,25733.0
2025-12-18T17:41:53.790139,4,-0.6002167689112894,-1.1794581273393154,0.015282197926829022,1083.0,1347.0,4.0,280123.0,1.0,218652.0,31989.0
2025-12-18T17:41:53.889197,5,-0.5871038759355405,-1.179429225621102,0.039953530634235894,999.0,988.0,4.0,268337.0,1.0,211376.0,31720.0
2025-12-18T17:41:54.391211,0,-0.518997671534656,-1.1464008233833773,0.17487200818892343,1073.0,1302.0,4.0,241038.0,1.0,189743.0,29494.0
2025-12-18T17:41:54.489673,2,-0.5074996495684969,-1.1432078095112583,0.2010701112141214,1183.0,1828.0,4.0,228255.0,1.0,137851.0,22068.0
2025-12-18T17:41:54.590262,3,-0.49572151623758254,-1.1407929847065077,0.22482885086083956,1155.0,1685.0,4.0,271719.0,1.0,145079.0,25148.0
2025-12-18T17:41:54.690003,5,-0.48297722697911505,-1.138713632818673,0.24732732393250917,991.0,957.0,4.0,272548.0,1.0,211734.0,32087.0
2025-12-18T17:41:55.390506,0,-0.3868232568021517,-1.110636856215697,0.4368316484396971,1065.0,1270.0,4.0,239493.0,1.0,192655.0,29775.0
2025-12-18T17:41:55.489277,1,-0.3746386964310835,-1.1054071552959988,0.4597758385399192,1200.0,1915.0,4.0,196674.0,1.0,188399.0,23581.0
2025-12-18T17:41:55.591031,2,-0.3640153008754643,-1.0992405058979404,0.4818055346033387,1194.0,1880.0,4.0,223138.0,1.0,137851.0,21823.0
2025-12-18T17:41:55.689139,3,-0.35313845980786773,-1.0925262545076855,0.507197654557526,1164.0,1731.0,4.0,271168.0,1.0,142596.0,24885.0
2025-12-18T17:41:55.791981,4,-0.34326834083199076,-1.0825297432213432,0.5316725444367311,1071.0,1295.0,4.0,278045.0,1.0,220958.0,32480.0
2025-12-18T17:41:55.890112,5,-0.3393831566341152,-1.061605024702013,0.557611735922527,992.0,962.0,4.0,267431.0,1.0,212739.0,32033.0
2025-12-18T17:41:56.392246,0,-0.2898297678915984,-1.025104142220342,0.6915732645610679,1067.0,1278.0,4.0,239250.0,1.0,190773.0,29704.0
2025-12-18T17:41:56.489283,1,-0.27938577267159914,-1.017112023030875,0.7174271033233565,1196.0,1891.0,4.0,198278.0,1.0,189422.0,23701.0
2025-12-18T17:41:56.591779,4,-0.26933650904304063,-1.0080587171556132,0.7441686339885158,1098.0,1420.0,4.0,269065.0,1.0,217913.0,31346.0
2025-12-18T17:41:56.690336,5,-0.26113242306224915,-0.9990903673088889,0.7726075637554176,1012.0,1041.0,4.0,259320.0,1.0,212164.0,31103.0
2025-12-18T17:41:57.388714,0,-0.19686436178856193,-0.938714702521513,0.9539720687460933,1079.0,1330.0,4.0,241692.0,1.0,191420.0,29255.0
2025-12-18T17:41:57.489241,1,-0.1916748754012425,-0.9289731246230994,0.9787617601253134,1216.0,1993.0,4.0,197007.0,1.0,189102.0,23209.0
2025-12-18T17:41:57.590902,2,-0.1885180035218479,-0.9202308517004285,1.0116665127456042,1186.0,1840.0,4.0,224273.0,1.0,136689.0,22008.0
2025-12-18T17:41:57.689911,3,-0.1822373631371299,-0.9092436825864398,1.0407845506304882,1179.0,1804.0,4.0,268337.0,1.0,143759.0,24476.0
2025-12-18T17:41:57.791650,4,-0.1772282044054747,-0.8983023009763045,1.068592902681391,1093.0,1395.0,4.0,274492.0,1.0,220510.0,31559.0
2025-12-18T17:41:57.890764,5,-0.17145331510934314,-0.8870514768099573,1.0965946018759374,1021.0,1080.0,4.0,258794.0,1.0,207618.0,30675.0
2025-12-18T17:41:58.390740,0,-0.1588387505803217,-0.8428228063378063,1.1979121819660832,1084.0,1352.0,4.0,242429.0,1.0,190064.0,29068.0
2025-12-18T17:41:58.489178,1,-0.15885381749621175,-0.8431172073750295,1.196943666393811,1218.0,2006.0,4.0,199017.0,1.0,190000.0,23146.0
2025-12-18T17:41:58.590619,2,-0.15885381749621175,-0.8431172073750295,1.196943666393811,1210.0,1966.0,4.0,223289.0,1.0,136782.0,21435.0
2025-12-18T17:41:58.689648,3,-0.15885381749621175,-0.8431172073750295,1.196943666393811,1177.0,1798.0,4.0,262321.0,1.0,140679.0,24509.0
2025-12-18T17:41:58.793242,4,-0.15885381749621175,-0.8431172073750295,1.196943666393811,1114.0,1493.0,4.0,270526.0,1.0,217398.0,30737.0
2025-12-18T17:41:58.889766,5,-0.15885381749621175,-0.8431172073750295,1.196943666393811,1009.0,1030.0,4.0,260463.0,1.0,209950.0,31230.0
2025-12-18T17:41:59.390882,0,-0.1455552861951217,-0.7987427505319253,1.3030067339539528,1075.0,1312.0,4.0,242511.0,1.0,191874.0,29404.0
2025-12-18T17:41:59.489528,1,-0.1428588943350526,-0.7835900508984235,1.3293946154303953,1224.0,2037.0,4.0,194489.0,1.0,187318.0,23006.0
2025-12-18T17:41:59.588638,2,-0.13975450141678802,-0.7696724927899314,1.3540671556008836,1212.0,1976.0,4.0,219393.0,1.0,137246.0,21391.0
2025-12-18T17:41:59.690588,3,-0.1372489624262112,-0.7586849589626556,1.3661044879317807,1188.0,1852.0,4.0,268065.0,1.0,141060.0,24220.0
2025-12-18T17:41:59.790684,4,-0.13452128626547033,-0.7479784976476189,1.3873629107736136,1103.0,1439.0,4.0,268247.0,1.0,215202.0,31177.0
2025-12-18T17:41:59.889509,5,-0.13237456612094078,-0.7360390760929478,1.4158007580256164,1024.0,1094.0,4.0,259144.0,1.0,206008.0,30530.0
2025-12-18T17:42:00.388793,0,-0.12710759706148345,-0.6734740442821447,1.5514072443621167,1075.0,1314.0,4.0,239818.0,1.0,191032.0,29384.0
2025-12-18T17:42:00.489164,1,-0.12768793159231429,-0.6611743550204041,1.5779962256523306,1216.0,1996.0,4.0,197474.0,1.0,189230.0,23194.0
2025-12-18T17:42:00.590404,2,-0.1272558229794365,-0.6486745935801981,1.6004488896281737,1209.0,1959.0,4.0,223364.0,1.0,133987.0,21464.0
2025-12-18T17:42:00.689613,3,-0.12692154548585677,-0.6359944500995862,1.623868158893924,1190.0,1863.0,4.0,263656.0,1.0,140393.0,24163.0
2025-12-18T17:42:00.790112,4,-0.12830446375765447,-0.6250615779291193,1.647368609057642,1098.0,1419.0,4.0,266708.0,1.0,213316.0,31346.0
2025-12-18T17:42:00.889385,5,-0.13449799018667985,-0.6203394187807181,1.6902472367999701,1023.0,1087.0,4.0,262499.0,1.0,208322.0,30602.0
2025-12-18T17:42:01.392063,0,-0.14693047461990538,-0.559616010816308,1.7311601818615174,1065.0,1269.0,4.0,242593.0,1.0,191161.0,29785.0
2025-12-18T17:42:01.489822,1,-0.1484969946592054,-0.5469636812990268,1.7331648994509783,1246.0,2153.0,4.0,198614.0,1.0,185363.0,22498.0
2025-12-18T17:42:01.591792,2,-0.150702162031207,-0.5350017808434933,1.7334243092637664,1210.0,1966.0,4.0,222083.0,1.0,136274.0,21435.0
2025-12-18T17:42:01.691283,3,-0.15177548271148655,-0.5231136208207801,1.733464788395782,1195.0,1886.0,4.0,263389.0,1.0,139399.0,24049.0
2025-12-18T17:42:01.790778,4,-0.1549649919320304,-0.515553518327355,1.743252301433895,1113.0,1489.0,4.0,269065.0,1.0,214547.0,30768.0
2025-12-18T17:42:01.889593,5,-0.15902587713426275,-0.5093596139936247,1.75711460405254,1024.0,1094.0,4.0,255141.0,1.0,208533.0,30530.0
2025-12-18T17:42:02.391812,0,-0.16997295666368384,-0.4459623312707839,1.7628022697497545,1071.0,1293.0,4.0,242183.0,1.0,190386.0,29564.0
2025-12-18T17:42:02.489431,1,-0.17293148277316117,-0.4330441039189692,1.762531557566973,1202.0,1921.0,4.0,192916.0,1.0,185929.0,23549.0
2025-12-18T17:42:02.589338,2,-0.17480831964173582,-0.4208507402398691,1.7635282528537077,1194.0,1881.0,4.0,217766.0,1.0,135034.0,21815.0
2025-12-18T17:42:02.690050,3,-0.1779017356685717,-0.40756104566629325,1.765022776212549,1170.0,1763.0,4.0,265627.0,1.0,141443.0,24701.0
2025-12-18T17:42:02.790987,4,-0.18014579879606085,-0.3950901430259002,1.766035766502304,1102.0,1438.0,4.0,274120.0,1.0,211161.0,31188.0
2025-12-18T17:42:02.889159,5,-0.18260181582934099,-0.3819857512810767,1.7667596455753487,1020.0,1076.0,4.0,255919.0,1.0,207056.0,30716.0
2025-12-18T17:42:03.390869,0,-0.19528176474844994,-0.3206659173327733,1.7655322648271017,1070.0,1291.0,4.0,239250.0,1.0,192525.0,29584.0
2025-12-18T17:42:03.489283,1,-0.1978418525742489,-0.3079392316788576,1.7667816683302953,1217.0,2000.0,4.0,198278.0,1.0,187318.0,23170.0
2025-12-18T17:42:03.591524,2,-0.20097584055552264,-0.29538854617160304,1.7670175459440294,1193.0,1876.0,4.0,223743.0,1.0,134669.0,21837.0
2025-12-18T17:42:03.689977,3,-0.20263276666337227,-0.28310257748971424,1.7670461732293465,1166.0,1740.0,4.0,265267.0,1.0,140156.0,24826.0
2025-12-18T17:42:03.792472,4,-0.20518868209042118,-0.2703163674907829,1.769023870354921,1086.0,1364.0,4.0,272456.0,1.0,219393.0,31827.0
2025-12-18T17:42:03.889930,5,-0.2076616521259238,-0.25793391968730806,1.7695587405786284,1006.0,1019.0,4.0,264640.0,1.0,213822.0,31346.0
2025-12-18T17:42:04.394604,0,-0.2429222318648696,-0.20887472792237904,1.8153860303759592,1079.0,1332.0,4.0,241038.0,1.0,192655.0,29225.0
2025-12-18T17:42:04.489043,1,-0.2461092126190101,-0.19739569012359137,1.811215657732513,1217.0,2002.0,4.0,197608.0,1.0,186118.0,23162.0
2025-12-18T17:42:04.591189,2,-0.24843769277200867,-0.1851625843906417,1.813684921746461,1161.0,1720.0,4.0,225873.0,1.0,137991.0,22605.0
2025-12-18T17:42:04.688752,3,-0.25142892785987936,-0.1729875640847247,1.8087641353676431,1159.0,1708.0,4.0,267793.0,1.0,144785.0,25012.0
2025-12-18T17:42:04.788298,4,-0.25387489950135844,-0.16095246756321746,1.8132165852847726,1076.0,1318.0,4.0,279649.0,1.0,217545.0,32250.0
2025-12-18T17:42:04.890414,5,-0.2568538159451581,-0.14823784318255306,1.8094846192762533,1009.0,1029.0,4.0,263745.0,1.0,213461.0,31230.0
2025-12-18T17:42:05.390432,0,-0.27249228596938213,-0.08571421630874809,1.806304336751703,1080.0,1335.0,4.0,241692.0,1.0,189422.0,29206.0
2025-12-18T17:42:05.489547,1,-0.27560888207580003,-0.07340347108378165,1.8080225942850008,1203.0,1930.0,4.0,198547.0,1.0,189230.0,23502.0
2025-12-18T17:42:05.588646,2,-0.2790454073904378,-0.061656454987621956,1.808506557874855,1158.0,1702.0,4.0,226256.0,1.0,137711.0,22697.0
2025-12-18T17:42:05.690460,3,-0.28171421493510174,-0.049223811722207245,1.8092581111033932,1142.0,1623.0,4.0,271627.0,1.0,145817.0,25516.0
2025-12-18T17:42:05.790090,4,-0.285292376625077,-0.036771979019821543,1.809506349160327,1072.0,1299.0,4.0,278988.0,1.0,217619.0,32436.0
2025-12-18T17:42:05.890495,5,-0.28865776440537516,-0.024744697218986644,1.8117617391559964,1000.0,994.0,4.0,266888.0,1.0,212883.0,31634.0
2025-12-18T17:42:06.390230,0,-0.3044342309278374,0.03852725995108752,1.8171986782077132,1077.0,1321.0,4.0,238765.0,1.0,193636.0,29325.0
2025-12-18T17:42:06.488878,1,-0.31896116889205217,0.042728944398243485,1.8174785572587775,1192.0,1870.0,4.0,202551.0,1.0,188399.0,23798.0
2025-12-18T17:42:06.590215,2,-0.33163252758827166,0.04846431756192349,1.8210027984795187,1160.0,1713.0,4.0,229728.0,1.0,139022.0,22635.0
2025-12-18T17:42:06.689892,3,-0.33545806692277313,0.060541814391633864,1.8212472699760627,1145.0,1641.0,4.0,274492.0,1.0,143565.0,25404.0
2025-12-18T17:42:06.791621,4,-0.3377296030084471,0.07308293907495322,1.8199933832809827,1065.0,1268.0,4.0,280597.0,1.0,220137.0,32734.0
2025-12-18T17:42:06.888160,5,-0.34140889042955536,0.08466839262572723,1.8172684800190784,1003.0,1007.0,4.0,261258.0,1.0,215056.0,31485.0
2025-12-18T17:42:07.390570,0,-0.3575845438662526,0.14731771469562283,1.8155318334027093,1065.0,1270.0,4.0,242429.0,1.0,194819.0,29764.0
2025-12-18T17:42:07.490270,1,-0.36087667544663216,0.1598788012383281,1.8162774449279881,1190.0,1862.0,4.0,201457.0,1.0,192264.0,23838.0
2025-12-18T17:42:07.591272,2,-0.36390131049627605,0.1720082013537727,1.8152833779030784,1147.0,1650.0,4.0,224653.0,1.0,140156.0,22975.0
2025-12-18T17:42:07.690874,3,-0.3665795730464936,0.1845314778243745,1.8155732737295407,1137.0,1602.0,4.0,277105.0,1.0,144785.0,25646.0
2025-12-18T17:42:07.788864,4,-0.37019060218089717,0.19643369710287395,1.8167955494662957,1072.0,1301.0,4.0,282599.0,1.0,219319.0,32415.0
2025-12-18T17:42:07.890437,5,-0.37302080528390835,0.20890229714543906,1.8163008107403633,1001.0,996.0,4.0,267431.0,1.0,211519.0,31613.0
2025-12-18T17:42:08.390880,0,-0.38173231261692475,0.2358747352348125,1.8147999948365334,1080.0,1336.0,4.0,240549.0,1.0,192525.0,29196.0
2025-12-18T17:42:08.489013,1,-0.38173231261692475,0.2358747352348125,1.8147999948365334,1183.0,1829.0,4.0,205660.0,1.0,192785.0,24008.0
2025-12-18T17:42:08.590496,2,-0.38173231261692475,0.2358747352348125,1.8147999948365334,1157.0,1697.0,4.0,229184.0,1.0,139258.0,22720.0
2025-12-18T17:42:08.690850,3,-0.38173231261692475,0.2358747352348125,1.8147999948365334,1131.0,1572.0,4.0,269612.0,1.0,145472.0,25838.0
2025-12-18T17:42:08.793294,4,-0.38173231261692475,0.2358747352348125,1.8147999948365334,1069.0,1286.0,4.0,276918.0,1.0,224501.0,32557.0
2025-12-18T17:42:08.889983,5,-0.38184716214836634,0.235547600952291,1.815488607839587,992.0,961.0,4.0,262943.0,1.0,213388.0,32033.0
2025-12-18T17:42:09.392847,0,-0.38562645330944356,0.22769581052842192,1.8336197440112498,1075.0,1311.0,4.0,240794.0,1.0,193308.0,29404.0
2025-12-18T17:42:09.490061,1,-0.38562645330944356,0.22769581052842192,1.8336197440112498,1176.0,1793.0,4.0,203169.0,1.0,190773.0,24196.0
2025-12-18T17:42:09.591067,2,-0.38562645330944356,0.22769581052842192,1.8336197440112498,1147.0,1651.0,4.0,230117.0,1.0,139919.0,22967.0
2025-12-18T17:42:09.690138,3,-0.38562645330944356,0.22769581052842192,1.8336197440112498,1137.0,1599.0,4.0,276076.0,1.0,146808.0,25664.0
2025-12-18T17:42:09.789385,4,-0.38562645330944356,0.22769581052842192,1.8336197440112498,1070.0,1289.0,4.0,277012.0,1.0,220212.0,32524.0
2025-12-18T17:42:09.890530,5,-0.38562645330944356,0.22769581052842192,1.8336197440112498,995.0,972.0,4.0,265537.0,1.0,213316.0,31903.0
2025-12-18T17:42:10.389399,0,-0.38562645330944356,0.22769581052842192,1.8336197440112498,1069.0,1286.0,4.0,242840.0,1.0,193177.0,29624.0
2025-12-18T17:42:10.490330,1,-0.38562645330944356,0.22769581052842192,1.8336197440112498,1181.0,1818.0,4.0,203513.0,1.0,193832.0,24065.0
2025-12-18T17:42:10.591481,2,-0.38562645330944356,0.22769581052842192,1.8336197440112498,1154.0,1682.0,4.0,228410.0,1.0,140489.0,22797.0
2025-12-18T17:42:10.689518,3,-0.38562645330944356,0.22769581052842192,1.8336197440112498,1132.0,1576.0,4.0,273842.0,1.0,145423.0,25812.0
2025-12-18T17:42:10.790051,4,-0.38562645330944356,0.22769581052842192,1.8336197440112498,1071.0,1294.0,4.0,277575.0,1.0,222911.0,32480.0
2025-12-18T17:42:10.888755,5,-0.38562645330944356,0.22769581052842192,1.8336197440112498,996.0,977.0,4.0,267431.0,1.0,215202.0,31838.0
2025-12-18T17:42:11.391385,1,-0.38562645330944356,0.22769581052842192,1.8336197440112498,1173.0,1778.0,4.0,208322.0,1.0,190451.0,24278.0
2025-12-18T17:42:11.490210,2,-0.38562645330944356,0.22769581052842192,1.8336197440112498,1156.0,1695.0,4.0,229107.0,1.0,141060.0,22727.0
2025-12-18T17:42:11.590568,3,-0.38562645330944356,0.22769581052842192,1.8336197440112498,1132.0,1575.0,4.0,274120.0,1.0,145669.0,25812.0
2025-12-18T17:42:11.690440,4,-0.38562645330944356,0.22769581052842192,1.8336197440112498,1080.0,1334.0,4.0,277763.0,1.0,218652.0,32098.0
2025-12-18T17:42:11.791872,5,-0.38562645330944356,0.22769581052842192,1.8336197440112498,988.0,946.0,4.0,258269.0,1.0,216150.0,32218.0
2025-12-18T17:42:12.390894,0,-0.38562645330944356,0.22769581052842192,1.8336197440112498,1057.0,1233.0,4.0,240957.0,1.0,194753.0,30099.0
2025-12-18T17:42:12.489230,1,-0.38562645330944356,0.22769581052842192,1.8336197440112498,1158.0,1705.0,4.0,202140.0,1.0,195678.0,24684.0
2025-12-18T17:42:12.589774,2,-0.38562645330944356,0.22769581052842192,1.8336197440112498,1173.0,1777.0,4.0,224425.0,1.0,141395.0,22308.0
2025-12-18T17:42:12.690046,3,-0.38562645330944356,0.22769581052842192,1.8336197440112498,1145.0,1638.0,4.0,277763.0,1.0,146460.0,25421.0
2025-12-18T17:42:12.790014,4,-0.38562645330944356,0.22769581052842192,1.8336197440112498,1073.0,1305.0,4.0,279649.0,1.0,218652.0,32371.0
2025-12-18T17:42:13.389380,0,-0.38562645330944356,0.22769581052842192,1.8336197440112498,1060.0,1246.0,4.0,241692.0,1.0,192525.0,29977.0
2025-12-18T17:42:13.489034,2,-0.38562645330944356,0.22769581052842192,1.8336197440112498,1177.0,1796.0,4.0,227792.0,1.0,140109.0,22210.0
2025-12-18T17:42:13.591863,3,-0.38562645330944356,0.22769581052842192,1.8336197440112498,1138.0,1604.0,4.0,270984.0,1.0,145867.0,25629.0
2025-12-18T17:42:13.690606,4,-0.38562645330944356,0.22769581052842192,1.8336197440112498,1081.0,1341.0,4.0,275143.0,1.0,222987.0,32033.0
2025-12-18T17:42:13.791445,5,-0.38562645330944356,0.22769581052842192,1.8336197440112498,1009.0,1031.0,4.0,261612.0,1.0,214910.0,31209.0
2025-12-18T17:42:14.391544,0,-0.38562645330944356,0.22769581052842192,1.8336197440112498,1064.0,1264.0,4.0,244572.0,1.0,198547.0,29815.0
2025-12-18T17:42:14.488582,1,-0.38562645330944356,0.22769581052842192,1.8336197440112498,1160.0,1713.0,4.0,205103.0,1.0,194819.0,24634.0
2025-12-18T17:42:14.591832,2,-0.38562645330944356,0.22769581052842192,1.8336197440112498,1185.0,1838.0,4.0,226486.0,1.0,140584.0,22008.0
2025-12-18T17:42:14.689308,3,-0.38562645330944356,0.22769581052842192,1.8336197440112498,1143.0,1632.0,4.0,278610.0,1.0,149667.0,25456.0
2025-12-18T17:42:14.790170,4,-0.38562645330944356,0.22769581052842192,1.8336197440112498,1095.0,1402.0,4.0,280502.0,1.0,218504.0,31485.0
2025-12-18T17:42:14.890249,5,-0.38562645330944356,0.22769581052842192,1.8336197440112498,997.0,982.0,4.0,261169.0,1.0,214112.0,31774.0
2025-12-18T17:42:15.391748,0,-0.38562645330944356,0.22769581052842192,1.8336197440112498,1066.0,1272.0,4.0,243663.0,1.0,193767.0,29744.0
2025-12-18T17:42:15.490302,1,-0.38562645330944356,0.22769581052842192,1.8336197440112498,1171.0,1765.0,4.0,206147.0,1.0,195810.0,24344.0
2025-12-18T17:42:15.588942,2,-0.38562645330944356,0.22769581052842192,1.8336197440112498,1190.0,1860.0,4.0,229107.0,1.0,139399.0,21904.0
2025-12-18T17:42:15.690050,3,-0.38562645330944356,0.22769581052842192,1.8336197440112498,1155.0,1690.0,4.0,270526.0,1.0,146659.0,25105.0
2025-12-18T17:42:15.790834,4,-0.38562645330944356,0.22769581052842192,1.8336197440112498,1084.0,1355.0,4.0,275143.0,1.0,218282.0,31903.0
2025-12-18T17:42:15.890069,5,-0.38562645330944356,0.22769581052842192,1.8336197440112498,994.0,970.0,4.0,261346.0,1.0,215056.0,31914.0
2025-12-18T17:42:16.391849,0,-0.38476848868252134,0.22932491295967772,1.8351067388025633,1054.0,1219.0,4.0,241202.0,1.0,194951.0,30232.0
2025-12-18T17:42:16.488631,1,-0.3843688438513908,0.233768064570957,1.8309270729771856,1165.0,1735.0,4.0,204965.0,1.0,193177.0,24509.0
2025-12-18T17:42:16.591802,3,-0.3871085555446383,0.24560099968481452,1.8284520962042665,1157.0,1696.0,4.0,273564.0,1.0,146957.0,25071.0
2025-12-18T17:42:16.689830,4,-0.39042709948232357,0.2598948919205091,1.833391782693482,1079.0,1330.0,4.0,282790.0,1.0,221258.0,32131.0
2025-12-18T17:42:16.792108,5,-0.3942617382955955,0.27533188681676624,1.8324169669236645,989.0,949.0,4.0,266167.0,1.0,216517.0,32174.0
2025-12-18T17:42:17.391860,0,-0.41540933671426483,0.3524473368354837,1.8277065262869594,1066.0,1274.0,4.0,239818.0,1.0,197274.0,29724.0
2025-12-18T17:42:17.492075,1,-0.4182589516234039,0.36463018130412017,1.825018349209494,1178.0,1801.0,4.0,204065.0,1.0,195215.0,24147.0
2025-12-18T17:42:17.591391,2,-0.4219625703267402,0.37660896527839416,1.8280331395151108,1176.0,1793.0,4.0,225568.0,1.0,141586.0,22225.0
2025-12-18T17:42:17.690948,3,-0.4255882545969367,0.3892140186506525,1.8294957998489145,1157.0,1696.0,4.0,275982.0,1.0,145916.0,25071.0
2025-12-18T17:42:17.789064,4,-0.4293221198658248,0.4008726638979567,1.8312240299846623,1068.0,1282.0,4.0,282121.0,1.0,220361.0,32591.0
2025-12-18T17:42:17.891018,5,-0.4321042883190609,0.41411374530717104,1.8299842862483318,998.0,986.0,4.0,259407.0,1.0,214692.0,31720.0
2025-12-18T17:42:18.390499,0,-0.44852989462215476,0.47568275981720287,1.828485105062875,1070.0,1292.0,4.0,244903.0,1.0,193308.0,29564.0
2025-12-18T17:42:18.490177,1,-0.4515132389221792,0.48796552580825825,1.829205534186052,1187.0,1846.0,4.0,203651.0,1.0,194489.0,23911.0
2025-12-18T17:42:18.589462,2,-0.4543078616539695,0.5007559624328843,1.828721690272848,1169.0,1756.0,4.0,222534.0,1.0,138506.0,22406.0
2025-12-18T17:42:18.689007,3,-0.4575182229151329,0.5126093893492287,1.822307412234661,1165.0,1735.0,4.0,270526.0,1.0,144589.0,24843.0
2025-12-18T17:42:18.792425,4,-0.4598219860938775,0.5246795118983574,1.8081658295930594,1065.0,1270.0,4.0,278799.0,1.0,223364.0,32701.0
2025-12-18T17:42:18.891075,5,-0.461467495936172,0.5365319036983482,1.7847303840458582,991.0,957.0,4.0,265537.0,1.0,215202.0,32076.0
2025-12-18T17:42:19.389282,0,-0.46921025715612075,0.5970219783713366,1.6592319099188375,1069.0,1288.0,4.0,239818.0,1.0,195545.0,29594.0
2025-12-18T17:42:19.489588,1,-0.47049400284427634,0.6101970692747596,1.6355072590432853,1194.0,1884.0,4.0,201457.0,1.0,197207.0,23717.0
2025-12-18T17:42:19.589279,2,-0.4817014383330509,0.613626159942525,1.6083530204293481,1170.0,1762.0,4.0,231054.0,1.0,138787.0,22376.0
2025-12-18T17:42:19.689938,4,-0.4983792328336145,0.6137443813913772,1.5870112627891937,1071.0,1294.0,4.0,284615.0,1.0,223894.0,32469.0
2025-12-18T17:42:19.792027,5,-0.4988873223214618,0.6262683803927858,1.5643570400958733,997.0,981.0,4.0,270251.0,1.0,216370.0,31784.0
2025-12-18T17:42:20.390916,0,-0.4911174396906688,0.6984473267392795,1.4062809242650367,1067.0,1276.0,4.0,242019.0,1.0,197876.0,29704.0
2025-12-18T17:42:20.489308,1,-0.488335292289519,0.7133351680698161,1.379603030122993,1200.0,1913.0,4.0,202003.0,1.0,193898.0,23573.0
2025-12-18T17:42:20.590871,2,-0.4838342855407669,0.7321957622500337,1.3641419737078448,1167.0,1745.0,4.0,225339.0,1.0,141299.0,22460.0
2025-12-18T17:42:20.690354,3,-0.4812947062977484,0.7446945765792754,1.3531337307466862,1161.0,1717.0,4.0,273842.0,1.0,145472.0,24944.0
2025-12-18T17:42:20.790448,4,-0.4787518926471179,0.7573121089585761,1.3543947231093827,1067.0,1276.0,4.0,287033.0,1.0,225339.0,32646.0
2025-12-18T17:42:20.889538,5,-0.47618721768564676,0.770043837514578,1.3521530331097555,990.0,952.0,4.0,269247.0,1.0,218652.0,32141.0
2025-12-18T17:42:21.391801,0,-0.47883953715724914,0.8258361489497394,1.2953742105103176,1072.0,1302.0,4.0,240875.0,1.0,192916.0,29474.0
2025-12-18T17:42:21.489806,1,-0.47456613545582194,0.8366586915551784,1.2672541158437203,1192.0,1871.0,4.0,204341.0,1.0,196142.0,23782.0
2025-12-18T17:42:21.590222,2,-0.47022593226116616,0.8487042870949288,1.2408170288521025,1170.0,1760.0,4.0,231210.0,1.0,139163.0,22384.0
2025-12-18T17:42:21.691815,3,-0.46615758538264007,0.8613686721702822,1.2212787886946734,1152.0,1672.0,4.0,270618.0,1.0,145374.0,25207.0
2025-12-18T17:42:21.789978,4,-0.46172302074276494,0.8727632286703346,1.1943529659807766,1071.0,1295.0,4.0,283269.0,1.0,222987.0,32458.0
2025-12-18T17:42:21.889610,5,-0.4570929692205299,0.8846750870851525,1.1646031674758137,997.0,983.0,4.0,271351.0,1.0,217177.0,31763.0
2025-12-18T17:42:22.390650,0,-0.4307765846410554,0.9416016626903492,1.037548255896907,1074.0,1310.0,4.0,240549.0,1.0,195810.0,29404.0
2025-12-18T17:42:22.490885,1,-0.42462613570889474,0.9525535271857235,1.0098270132285618,1194.0,1882.0,4.0,205103.0,1.0,194885.0,23725.0
2025-12-18T17:42:22.590574,2,-0.42150679211941,0.9554151683204006,0.9770810961935766,1165.0,1738.0,4.0,229495.0,1.0,141060.0,22498.0
2025-12-18T17:42:22.690479,3,-0.4184695447688993,0.9582577795748977,0.9519833250456855,1147.0,1651.0,4.0,270801.0,1.0,146808.0,25336.0
2025-12-18T17:42:22.792691,4,-0.4117116295711156,0.9689265538740832,0.9332883684036573,1066.0,1273.0,4.0,282599.0,1.0,223213.0,32668.0
2025-12-18T17:42:22.889802,5,-0.40350693531497317,0.9780260710766968,0.9015656238034407,991.0,956.0,4.0,263478.0,1.0,219097.0,32087.0
2025-12-18T17:42:23.392374,0,-0.36041111750924415,1.0217103278284685,0.7793923347732923,1061.0,1253.0,4.0,244572.0,1.0,194424.0,29906.0
2025-12-18T17:42:23.491774,1,-0.3502831835786129,1.029862465143156,0.7576640523411072,1184.0,1831.0,4.0,205103.0,1.0,194885.0,23984.0
2025-12-18T17:42:23.590602,2,-0.34183432484430387,1.0388045280898894,0.7398667243291773,1166.0,1741.0,4.0,229262.0,1.0,140298.0,22482.0
2025-12-18T17:42:23.690905,3,-0.33247581059880904,1.0468472422067094,0.7064303010582873,1144.0,1633.0,4.0,279839.0,1.0,146560.0,25439.0
2025-12-18T17:42:23.792698,4,-0.3222730138836605,1.0552533345220088,0.6763207310582311,1071.0,1294.0,4.0,280218.0,1.0,223743.0,32469.0
2025-12-18T17:42:23.887845,5,-0.31276393131353153,1.0637331575332993,0.6566232966518541,997.0,979.0,4.0,265627.0,1.0,217471.0,31806.0
2025-12-18T17:42:24.392969,0,-0.2798259009243873,1.0961422044700195,0.5328255763183574,1080.0,1336.0,4.0,244324.0,1.0,193701.0,29176.0
2025-12-18T17:42:24.488734,1,-0.2689081240493856,1.101438829767765,0.501131809741593,1178.0,1800.0,4.0,202963.0,1.0,196674.0,24147.0
2025-12-18T17:42:24.593867,2,-0.2572579979069305,1.1079620768881044,0.4772110681363919,1177.0,1795.0,4.0,231680.0,1.0,141156.0,22210.0
2025-12-18T17:42:24.692104,3,-0.24648223419145676,1.1135950066645908,0.45715694750631397,1149.0,1660.0,4.0,270801.0,1.0,146957.0,25276.0
2025-12-18T17:42:24.793178,5,-0.23509557141862025,1.1186893048736266,0.4240827086134339,1003.0,1006.0,4.0,270251.0,1.0,219171.0,31485.0
2025-12-18T17:42:25.388906,0,-0.16958365297420563,1.1465041303819996,0.2786117165759946,1072.0,1299.0,4.0,245235.0,1.0,195678.0,29494.0
2025-12-18T17:42:25.492369,1,-0.1576077133052305,1.1507420666487551,0.26029558332211616,1187.0,1848.0,4.0,201935.0,1.0,192394.0,23895.0
2025-12-18T17:42:25.591114,2,-0.1449303418750887,1.1539831386597412,0.22677536041340385,1168.0,1751.0,4.0,226256.0,1.0,141682.0,22429.0
2025-12-18T17:42:25.688374,3,-0.13325204238227428,1.1564260103926083,0.20284455718960281,1146.0,1643.0,4.0,274678.0,1.0,145571.0,25379.0
2025-12-18T17:42:25.790304,4,-0.1215676815078508,1.1599543955985032,0.1808197357822755,1076.0,1316.0,4.0,277763.0,1.0,222083.0,32250.0
2025-12-18T17:42:25.889437,5,-0.10898508726131695,1.1612229173906443,0.15038712809121357,989.0,947.0,4.0,264282.0,1.0,220734.0,32196.0
2025-12-18T17:42:26.391507,0,-0.03306710500081955,1.1708313114270843,0.0028871219877953432,1070.0,1292.0,4.0,243498.0,1.0,193047.0,29554.0
2025-12-18T17:42:26.488519,1,-0.01990145612381511,1.1710999996973328,-0.017105773524735506,1190.0,1861.0,4.0,203513.0,1.0,195281.0,23830.0
2025-12-18T17:42:26.589026,2,-0.006799088303821144,1.1707595877827885,-0.03319727447017466,1190.0,1861.0,4.0,228255.0,1.0,141586.0,21889.0
2025-12-18T17:42:26.690967,3,0.005858548712628142,1.1708556408830155,-0.06173829980543827,1150.0,1661.0,4.0,272640.0,1.0,144785.0,25267.0
2025-12-18T17:42:26.790188,4,0.01903363329675134,1.1702184364894381,-0.09142916331803345,1088.0,1372.0,4.0,280313.0,1.0,224425.0,31741.0
2025-12-18T17:42:26.889123,5,0.025677704314124306,1.1711161153939784,-0.10818227632896982,1010.0,1034.0,4.0,268337.0,1.0,216370.0,31167.0
2025-12-18T17:42:27.390127,0,0.08084201732966356,1.1612659987362526,-0.22966357334490378,1068.0,1281.0,4.0,240143.0,1.0,191939.0,29654.0
2025-12-18T17:42:27.489315,1,0.09275192932329457,1.1584289872206188,-0.25416847086981775,1205.0,1936.0,4.0,203651.0,1.0,194161.0,23454.0
2025-12-18T17:42:27.590732,2,0.10530312302658285,1.1558957597943147,-0.27560535760293925,1190.0,1861.0,4.0,224273.0,1.0,139588.0,21889.0
2025-12-18T17:42:27.689969,3,0.11618813742207745,1.1565741099080764,-0.2925264132775868,1157.0,1696.0,4.0,274957.0,1.0,144393.0,25063.0
2025-12-18T17:42:27.790828,4,0.12579884053948476,1.1543176478978974,-0.31434006887417437,1080.0,1336.0,4.0,278799.0,1.0,222610.0,32065.0
2025-12-18T17:42:27.890224,5,0.13782248044991974,1.1505742273994852,-0.3423489844083259,1006.0,1019.0,4.0,264460.0,1.0,217545.0,31336.0
2025-12-18T17:42:28.391138,0,0.1956304890053966,1.1258528703985768,-0.4674767161837091,1081.0,1342.0,4.0,244241.0,1.0,195943.0,29127.0
2025-12-18T17:42:28.489195,1,0.20651775618421642,1.1195740195966217,-0.5001207009001893,1201.0,1920.0,4.0,200776.0,1.0,195413.0,23534.0
2025-12-18T17:42:28.591258,2,0.19990655486808429,1.117665096635469,-0.5146871224732473,1175.0,1785.0,4.0,226946.0,1.0,139966.0,22255.0
2025-12-18T17:42:28.690532,3,0.20236330938815783,1.114186836173531,-0.5316155267445658,1144.0,1636.0,4.0,277575.0,1.0,144883.0,25421.0
2025-12-18T17:42:28.791771,4,0.21387945129130337,1.1078913181834378,-0.5508969585316571,1079.0,1331.0,4.0,282026.0,1.0,222836.0,32109.0
2025-12-18T17:42:28.891883,5,0.22429200917738967,1.101419679466419,-0.5769108635765764,1009.0,1032.0,4.0,266257.0,1.0,213822.0,31188.0
2025-12-18T17:42:29.390357,0,0.2691074001465079,1.0680322683106978,-0.7067847045776648,1080.0,1335.0,4.0,241447.0,1.0,192916.0,29186.0
2025-12-18T17:42:29.488996,1,0.2776064888880505,1.0608565235484972,-0.7267475577215964,1216.0,1996.0,4.0,197207.0,1.0,191679.0,23170.0
2025-12-18T17:42:29.590411,2,0.2867221375794431,1.052149714844735,-0.755644842534702,1193.0,1875.0,4.0,228255.0,1.0,137478.0,21823.0
2025-12-18T17:42:29.691369,3,0.29572702885292923,1.043273130386638,-0.7865839423324477,1169.0,1756.0,4.0,269338.0,1.0,142789.0,24717.0
2025-12-18T17:42:29.793194,4,0.3043959233977862,1.0340456926211359,-0.8087832500389173,1075.0,1311.0,4.0,280313.0,1.0,219765.0,32294.0
2025-12-18T17:42:29.890572,5,0.3136121189511494,1.0254511350579087,-0.8287901296528676,992.0,961.0,4.0,266167.0,1.0,215931.0,32022.0
2025-12-18T17:42:30.393006,1,0.3441743166443212,0.9851347667545105,-0.9451401641840106,1222.0,2026.0,4.0,203375.0,1.0,191939.0,23029.0
2025-12-18T17:42:30.489721,2,0.3511275899999857,0.9752389788920426,-0.9694903177803185,1192.0,1872.0,4.0,225491.0,1.0,139635.0,21837.0
2025-12-18T17:42:30.591127,3,0.3585892479230113,0.9646827721771518,-0.9941698879818043,1165.0,1738.0,4.0,273009.0,1.0,145867.0,24818.0
2025-12-18T17:42:30.689703,4,0.36507006362645456,0.9540921163113003,-1.0186439450679297,1084.0,1352.0,4.0,282599.0,1.0,222083.0,31914.0
2025-12-18T17:42:30.789380,5,0.3710075714159107,0.943398392852572,-1.0485382820923506,1009.0,1028.0,4.0,260904.0,1.0,215202.0,31230.0
2025-12-18T17:42:31.390610,0,0.384847060329796,0.8832903546826198,-1.1900626704001898,1087.0,1367.0,4.0,238846.0,1.0,192916.0,28920.0
2025-12-18T17:42:31.489016,1,0.388222330033936,0.8721308838663901,-1.2179198187997735,1223.0,2031.0,4.0,202483.0,1.0,191939.0,23006.0
2025-12-18T17:42:31.591335,2,0.3922392658766096,0.8604728301111377,-1.2448563938714006,1196.0,1892.0,4.0,225034.0,1.0,139824.0,21742.0
2025-12-18T17:42:31.688925,3,0.39605284071571756,0.8489313279131916,-1.2645740726398487,1162.0,1722.0,4.0,275982.0,1.0,144981.0,24910.0
2025-12-18T17:42:31.791464,4,0.39993469746185806,0.8369882978469279,-1.28929795044662,1082.0,1345.0,4.0,279744.0,1.0,221183.0,31979.0
2025-12-18T17:42:31.889642,5,0.402323785831844,0.8245108533675927,-1.3199573778701308,1006.0,1018.0,4.0,266979.0,1.0,216297.0,31336.0
2025-12-18T17:42:32.390846,0,0.4069171388822559,0.7560489164347559,-1.417883323272482,1095.0,1403.0,4.0,241120.0,1.0,189807.0,28628.0
2025-12-18T17:42:32.490248,2,0.40965047501048346,0.743038000124399,-1.4267591736274035,1188.0,1851.0,4.0,227407.0,1.0,139022.0,21934.0
2025-12-18T17:42:32.590857,3,0.41231223356409075,0.7296504967028365,-1.437153662802332,1173.0,1777.0,4.0,269247.0,1.0,143711.0,24600.0
2025-12-18T17:42:32.689961,4,0.4137185727151884,0.7173661105089084,-1.4363908029142884,1088.0,1374.0,4.0,282312.0,1.0,223743.0,31720.0
2025-12-18T17:42:32.790493,5,0.41541459470612363,0.7050372122230613,-1.4415666736351977,1002.0,1000.0,4.0,261346.0,1.0,214112.0,31549.0
2025-12-18T17:42:33.389082,0,0.4219822855861013,0.6322859225860702,-1.4337831236944856,1080.0,1336.0,4.0,241038.0,1.0,194226.0,29176.0
2025-12-18T17:42:33.489039,1,0.42360417086596946,0.6200816947764225,-1.4350471733140568,1212.0,1974.0,4.0,200776.0,1.0,191485.0,23272.0
2025-12-18T17:42:33.590966,2,0.42548245950742203,0.6071518448194673,-1.4340596092231317,1200.0,1912.0,4.0,218135.0,1.0,139588.0,21653.0
2025-12-18T17:42:33.688576,3,0.4270581419997379,0.5938136961201308,-1.4367688909473582,1176.0,1790.0,4.0,271627.0,1.0,143759.0,24526.0
2025-12-18T17:42:33.791040,4,0.4286683451601734,0.5815812782694483,-1.4345291815416066,1081.0,1339.0,4.0,283365.0,1.0,225110.0,32033.0
2025-12-18T17:42:33.889338,5,0.430476769615983,0.569024022055546,-1.4365123709072123,1005.0,1013.0,4.0,260993.0,1.0,214257.0,31399.0
2025-12-18T17:42:34.390815,0,0.438880143719266,0.5057140488703498,-1.4337667084290469,1097.0,1412.0,4.0,240143.0,1.0,192069.0,28551.0
2025-12-18T17:42:34.490046,1,0.44042043687846366,0.49287266446629685,-1.433536500762171,1218.0,2004.0,4.0,199287.0,1.0,192655.0,23131.0
2025-12-18T17:42:34.591606,2,0.4424604175299862,0.4800587213204497,-1.4359787884980721,1191.0,1867.0,4.0,222534.0,1.0,137944.0,21860.0
2025-12-18T17:42:34.690798,3,0.4436905443531156,0.4673325981918519,-1.4333211806237403,1177.0,1796.0,4.0,265357.0,1.0,143419.0,24492.0
2025-12-18T17:42:34.793664,4,0.4452352696765516,0.45569916756984563,-1.4365654747237806,1076.0,1317.0,4.0,279839.0,1.0,218948.0,32239.0
2025-12-18T17:42:34.888441,5,0.4468222212299642,0.44349155439284216,-1.430626231073302,1007.0,1023.0,4.0,263389.0,1.0,214910.0,31283.0
2025-12-18T17:42:35.390937,0,0.46393466599455024,0.4078843925305198,-1.4003801769661675,1094.0,1401.0,4.0,237234.0,1.0,193177.0,28638.0
2025-12-18T17:42:35.490235,1,0.4658745633982182,0.3959757107681079,-1.3998283909397544,1211.0,1972.0,4.0,200098.0,1.0,189230.0,23280.0
2025-12-18T17:42:35.589758,3,0.4681419812387215,0.38289018809734543,-1.400340948375357,1176.0,1793.0,4.0,265357.0,1.0,144344.0,24509.0
2025-12-18T17:42:35.690078,4,0.4707626222051502,0.3704350052267782,-1.4003284928787694,1092.0,1390.0,4.0,274306.0,1.0,220510.0,31570.0
2025-12-18T17:42:36.391112,0,0.486506101160713,0.28318880929325374,-1.4001403932512422,1093.0,1396.0,4.0,238442.0,1.0,192916.0,28677.0
2025-12-18T17:42:36.490389,1,0.48878097522893427,0.2699862763333334,-1.4016430371561879,1225.0,2044.0,4.0,201321.0,1.0,189166.0,22944.0
2025-12-18T17:42:36.591261,2,0.4910973980454143,0.25753702215625074,-1.4006338322389527,1187.0,1847.0,4.0,222083.0,1.0,138506.0,21949.0
2025-12-18T17:42:36.689858,3,0.4932366633369627,0.24506419592708228,-1.4016368960695451,1173.0,1778.0,4.0,266257.0,1.0,142935.0,24592.0
2025-12-18T17:42:36.789701,4,0.49510672414487367,0.23321780739890263,-1.4018594403943707,1088.0,1372.0,4.0,278139.0,1.0,221333.0,31731.0
2025-12-18T17:42:36.889808,5,0.4975302244740627,0.22051407400777823,-1.4001388654256726,1006.0,1018.0,4.0,269612.0,1.0,215202.0,31336.0
2025-12-18T17:42:37.391376,0,0.5149215118996047,0.16470534143374937,-1.3924120272563496,1086.0,1364.0,4.0,237878.0,1.0,192460.0,28940.0
2025-12-18T17:42:37.489309,1,0.5291978708199467,0.1655522067044215,-1.3752322262066987,1220.0,2017.0,4.0,196807.0,1.0,190064.0,23068.0
2025-12-18T17:42:37.591731,2,0.5313150173021128,0.15359370713847031,-1.3759782961272329,1194.0,1882.0,4.0,222233.0,1.0,138552.0,21786.0
2025-12-18T17:42:37.690364,3,0.5338292101905395,0.14159185819694686,-1.3742285492836455,1183.0,1828.0,4.0,268428.0,1.0,142693.0,24319.0
2025-12-18T17:42:37.791411,4,0.5363894016293749,0.1284855718824498,-1.3744965279176975,1087.0,1370.0,4.0,276918.0,1.0,219022.0,31752.0
2025-12-18T17:42:37.890583,5,0.5388546002458812,0.11634602365773894,-1.3722669337090694,1000.0,992.0,4.0,269247.0,1.0,215274.0,31634.0
2025-12-18T17:42:38.391331,0,0.5517460796073985,0.05335232788814137,-1.3749743905506588,1094.0,1401.0,4.0,240224.0,1.0,191096.0,28638.0
2025-12-18T17:42:38.489708,1,0.5541751486055633,0.040746791439903784,-1.380681847877238,1217.0,1998.0,4.0,199355.0,1.0,188591.0,23154.0
2025-12-18T17:42:38.589305,2,0.5564785846477314,0.028749357143904586,-1.3796674954643842,1203.0,1931.0,4.0,226716.0,1.0,138178.0,21566.0
2025-12-18T17:42:38.690026,3,0.5587273822433136,0.016804427859371973,-1.3843813193903745,1179.0,1808.0,4.0,269065.0,1.0,142789.0,24426.0
2025-12-18T17:42:38.791840,4,0.5605388152600304,0.00510651444709298,-1.3833706833959922,1083.0,1348.0,4.0,280123.0,1.0,218652.0,31946.0
2025-12-18T17:42:38.890443,5,0.5631883745439508,-0.007314524948959011,-1.3838899065361434,1011.0,1037.0,4.0,261700.0,1.0,212883.0,31124.0
2025-12-18T17:42:39.390886,0,0.5760064703760879,-0.07054711984112583,-1.3835807117517427,1096.0,1410.0,4.0,238603.0,1.0,190000.0,28570.0
2025-12-18T17:42:39.489386,1,0.5784220699232261,-0.08297079770217053,-1.3798776034189832,1215.0,1988.0,4.0,201185.0,1.0,193177.0,23201.0
2025-12-18T17:42:39.590972,2,0.5803434470456894,-0.09072057298489566,-1.3809115361583435,1184.0,1833.0,4.0,224729.0,1.0,137153.0,22016.0
2025-12-18T17:42:39.688812,3,0.5885029063539067,-0.08740742081787589,-1.3760274097397396,1166.0,1740.0,4.0,263389.0,1.0,141922.0,24801.0
2025-12-18T17:42:39.790938,4,0.5907964450231589,-0.10053291958030863,-1.3785076056033971,1086.0,1361.0,4.0,277387.0,1.0,221033.0,31827.0
2025-12-18T17:42:39.890562,5,0.5934845948138863,-0.11282193608168267,-1.3765278277691517,1016.0,1058.0,4.0,265627.0,1.0,214474.0,30883.0
2025-12-18T17:42:40.391803,0,0.6052102478563697,-0.17515949747163484,-1.3799859996262394,1104.0,1444.0,4.0,236833.0,1.0,191096.0,28301.0
2025-12-18T17:42:40.491346,1,0.6077858971260586,-0.1877366135180374,-1.380738336220548,1207.0,1946.0,4.0,196142.0,1.0,192460.0,23399.0
2025-12-18T17:42:40.590551,2,0.6103332059247721,-0.19993676162186214,-1.3792587150749474,1198.0,1901.0,4.0,222911.0,1.0,136412.0,21697.0
2025-12-18T17:42:40.694084,3,0.6124567568010439,-0.21218265167891204,-1.3814926100848215,1156.0,1694.0,4.0,269338.0,1.0,143128.0,25063.0
2025-12-18T17:42:40.790201,4,0.6145286232638272,-0.22466881016517792,-1.3792837865405854,1084.0,1353.0,4.0,277293.0,1.0,219022.0,31903.0
2025-12-18T17:42:40.889061,5,0.6167223612355341,-0.23729162951562444,-1.3825063330571756,1019.0,1070.0,4.0,265717.0,1.0,212955.0,30758.0
2025-12-18T17:42:41.393197,0,0.6274516811434818,-0.2955454741596908,-1.3822247271929338,1092.0,1392.0,4.0,240061.0,1.0,190838.0,28706.0
2025-12-18T17:42:41.489846,1,0.6305287308921983,-0.31205121229614896,-1.3797552759960257,1206.0,1944.0,4.0,199827.0,1.0,191615.0,23406.0
2025-12-18T17:42:41.592263,2,0.6335552689155355,-0.32498459462720586,-1.3814995167386281,1205.0,1937.0,4.0,219765.0,1.0,137478.0,21537.0
2025-12-18T17:42:41.689902,3,0.6359668053663592,-0.33828173051065136,-1.380256550458522,1165.0,1738.0,4.0,271351.0,1.0,143759.0,24809.0
2025-12-18T17:42:41.791898,4,0.6406344412706702,-0.3500578212866601,-1.3794108283251139,1099.0,1424.0,4.0,277293.0,1.0,217251.0,31272.0
2025-12-18T17:42:41.889998,5,0.6510156029039686,-0.361644340945114,-1.3658271715353452,1004.0,1010.0,4.0,261346.0,1.0,210875.0,31421.0
2025-12-18T17:42:42.388271,0,0.6631846398455732,-0.4243708450628527,-1.3702487837673543,1077.0,1322.0,4.0,241528.0,1.0,192264.0,29285.0
2025-12-18T17:42:42.491488,1,0.6657922053678247,-0.43628826851790015,-1.3697440591160088,1187.0,1849.0,4.0,198815.0,1.0,193570.0,23879.0
2025-12-18T17:42:42.589312,2,0.6681310953055615,-0.4486984689684137,-1.3707403744058986,1180.0,1812.0,4.0,227100.0,1.0,138178.0,22113.0
2025-12-18T17:42:42.692263,4,0.6703518528100139,-0.4599546953737126,-1.3729636111926684,1082.0,1346.0,4.0,276076.0,1.0,217766.0,31957.0
2025-12-18T17:42:42.794295,5,0.6723117965662126,-0.47214802792321064,-1.372467336635987,1013.0,1047.0,4.0,267793.0,1.0,213461.0,31009.0
2025-12-18T17:42:43.393242,0,0.6881281259687722,-0.5466886008395195,-1.3722385243048099,1066.0,1274.0,4.0,242429.0,1.0,193439.0,29704.0
2025-12-18T17:42:43.488397,1,0.6905682797359924,-0.5597255253908222,-1.3717548643789506,1169.0,1757.0,4.0,202346.0,1.0,194029.0,24368.0
2025-12-18T17:42:43.589420,2,0.6933070002636121,-0.5713988931075593,-1.3722394380888079,1167.0,1748.0,4.0,223818.0,1.0,141443.0,22429.0
2025-12-18T17:42:43.691012,3,0.6954853659859319,-0.5840641283301697,-1.3702821593836723,1150.0,1662.0,4.0,275422.0,1.0,143177.0,25250.0
2025-12-18T17:42:43.791069,4,0.6981888712497621,-0.5964413436604459,-1.371262896468438,1071.0,1296.0,4.0,279839.0,1.0,222008.0,32425.0
2025-12-18T17:42:43.888950,5,0.700502418809517,-0.608528983904661,-1.3695471483741308,1009.0,1030.0,4.0,261258.0,1.0,211519.0,31198.0
2025-12-18T17:42:44.391360,0,0.716056045491718,-0.6422730493852278,-1.3588478834510103,1063.0,1258.0,4.0,245567.0,1.0,193439.0,29845.0
2025-12-18T17:42:44.489416,1,0.7189912798702736,-0.6543649945423633,-1.360081969764797,1171.0,1767.0,4.0,207267.0,1.0,195347.0,24311.0
2025-12-18T17:42:44.590219,2,0.7211718709162067,-0.6668394473096262,-1.3610771182246042,1162.0,1723.0,4.0,226103.0,1.0,139494.0,22559.0
2025-12-18T17:42:44.688830,3,0.7236602642738816,-0.6781334812667783,-1.3625517714925457,1152.0,1675.0,4.0,276076.0,1.0,145719.0,25173.0
2025-12-18T17:42:44.795156,4,0.7254233201097682,-0.6901312033913198,-1.3620707626119157,1069.0,1286.0,4.0,277575.0,1.0,223138.0,32524.0
2025-12-18T17:42:44.889532,5,0.728635971793846,-0.702550959597299,-1.3640522017085734,1017.0,1063.0,4.0,267159.0,1.0,210519.0,30831.0
2025-12-18T17:42:45.390887,0,0.7418535415662744,-0.7655171654695572,-1.3623352395998867,1070.0,1291.0,4.0,242429.0,1.0,195281.0,29554.0
2025-12-18T17:42:45.489711,1,0.7444245346897347,-0.7783340205088329,-1.3610976747800156,1177.0,1797.0,4.0,201389.0,1.0,196208.0,24147.0
2025-12-18T17:42:45.589201,2,0.7474445591394616,-0.7907762014877653,-1.3615868398308906,1160.0,1713.0,4.0,230117.0,1.0,138459.0,22612.0
2025-12-18T17:42:45.689719,3,0.7499363276263589,-0.8034114218774473,-1.362093134033894,1133.0,1580.0,4.0,271903.0,1.0,145226.0,25759.0
2025-12-18T17:42:45.791289,4,0.7526802774233063,-0.8152521965986281,-1.3618261878138211,1067.0,1277.0,4.0,286160.0,1.0,221707.0,32613.0
2025-12-18T17:42:45.891196,5,0.7552691258157722,-0.8278623550646751,-1.3603486545073382,1009.0,1029.0,4.0,265627.0,1.0,215858.0,31209.0
2025-12-18T17:42:46.391304,0,0.7916798366961659,-0.8634160666327348,-1.2287252059276739,1074.0,1308.0,4.0,243746.0,1.0,195678.0,29404.0
2025-12-18T17:42:46.489568,1,0.7954677553252152,-0.8755889315342138,-1.2053832968677847,1174.0,1784.0,4.0,203238.0,1.0,194555.0,24220.0
2025-12-18T17:42:46.593469,2,0.8004709445209937,-0.8864069953859763,-1.1837829113676788,1149.0,1658.0,4.0,228255.0,1.0,141395.0,22905.0
2025-12-18T17:42:46.688470,3,0.805424398849139,-0.8975544869761682,-1.1587064057481633,1135.0,1592.0,4.0,282312.0,1.0,148910.0,25681.0
2025-12-18T17:42:46.790647,4,0.8099236443308984,-0.9092317773758607,-1.1329510183728417,1051.0,1207.0,4.0,284229.0,1.0,224501.0,33327.0
2025-12-18T17:42:46.888013,5,0.815509085297637,-0.9214246098659329,-1.1066226616822918,1006.0,1016.0,4.0,261877.0,1.0,212021.0,31357.0
2025-12-18T17:42:47.392010,0,0.846365361850661,-0.9745781868963235,-0.9753200825412307,1065.0,1267.0,4.0,243663.0,1.0,196341.0,29764.0
2025-12-18T17:42:47.489739,1,0.8517237988978437,-0.9861198402339202,-0.946823975827791,1173.0,1776.0,4.0,207899.0,1.0,196474.0,24261.0
2025-12-18T17:42:47.588824,2,0.8589301302340244,-0.995863710728945,-0.9208889189984704,1140.0,1617.0,4.0,234203.0,1.0,141013.0,23131.0
2025-12-18T17:42:47.692570,3,0.867991222704819,-1.0051821171344208,-0.8973821854614722,1126.0,1550.0,4.0,276637.0,1.0,146907.0,25952.0
2025-12-18T17:42:47.791304,4,0.8740400033285658,-0.9992975812711618,-0.8565544051201422,1064.0,1264.0,4.0,281073.0,1.0,225873.0,32734.0
2025-12-18T17:42:47.888621,5,0.876977103298465,-0.9871778673779188,-0.8170475607200731,995.0,971.0,4.0,265896.0,1.0,217840.0,31881.0
2025-12-18T17:42:48.390315,0,0.9249916982673065,-1.029872662339069,-0.7037695375242344,1054.0,1220.0,4.0,240794.0,1.0,197608.0,30191.0
2025-12-18T17:42:48.488323,1,0.9347118903468923,-1.0374253755757348,-0.677356069899429,1168.0,1753.0,4.0,205451.0,1.0,193832.0,24385.0
2025-12-18T17:42:48.589826,2,0.9493921571271065,-1.0404405993177592,-0.6517713997357861,1139.0,1610.0,4.0,232072.0,1.0,142693.0,23170.0
2025-12-18T17:42:48.690291,3,0.963814294864223,-1.0421986504700431,-0.62519509679378,1121.0,1524.0,4.0,273750.0,1.0,147455.0,26119.0
2025-12-18T17:42:48.789174,4,0.9732642674413698,-1.0493029144027979,-0.5983177854923387,1051.0,1206.0,4.0,289472.0,1.0,229262.0,33327.0
2025-12-18T17:42:48.890683,5,0.9824658353345077,-1.0579918109282564,-0.5714109597138511,995.0,974.0,4.0,261346.0,1.0,216590.0,31849.0
2025-12-18T17:42:49.390444,1,1.037768407137575,-1.0885394384686364,-0.4470660047835164,1172.0,1772.0,4.0,207829.0,1.0,196076.0,24278.0
2025-12-18T17:42:49.490972,2,1.059316702691211,-1.0954601604516596,-0.41802444861738053,1146.0,1644.0,4.0,232938.0,1.0,141970.0,22975.0
2025-12-18T17:42:49.591216,3,1.0825479601405519,-1.1046312201407438,-0.3864969986239088,1109.0,1468.0,4.0,282121.0,1.0,150480.0,26502.0
2025-12-18T17:42:49.690382,4,1.0940685556897565,-1.1097629258861335,-0.35908415428396806,1055.0,1226.0,4.0,280882.0,1.0,220884.0,33124.0
2025-12-18T17:42:49.792093,5,1.1062802394581368,-1.1134980818611528,-0.3308885029587927,1006.0,1017.0,4.0,265896.0,1.0,214692.0,31336.0
2025-12-18T17:42:50.392377,0,1.1775947187573994,-1.1362418435657293,-0.17961137165597196,1054.0,1223.0,4.0,247319.0,1.0,197074.0,30170.0
2025-12-18T17:42:50.489630,1,1.1913934885836888,-1.140949126249453,-0.15102621695471416,1165.0,1736.0,4.0,202140.0,1.0,196740.0,24476.0
2025-12-18T17:42:50.588957,2,1.203746911362515,-1.1428709716038976,-0.12706932291160503,1156.0,1691.0,4.0,233412.0,1.0,142307.0,22720.0
2025-12-18T17:42:50.694767,3,1.2154482192260527,-1.144786674218063,-0.09642231313538246,1128.0,1559.0,4.0,274585.0,1.0,146758.0,25890.0
2025-12-18T17:42:50.791215,4,1.226675719174315,-1.146933532034582,-0.06828578527534475,1053.0,1218.0,4.0,287130.0,1.0,225644.0,33203.0
2025-12-18T17:42:50.890899,5,1.238782413783511,-1.1481138792506393,-0.051205737216278135,999.0,987.0,4.0,270892.0,1.0,217030.0,31688.0
2025-12-18T17:42:51.390653,0,1.3087424995081554,-1.1549044446771584,0.08500635015782954,1070.0,1290.0,4.0,246483.0,1.0,201048.0,29554.0
2025-12-18T17:42:51.488840,2,1.3208146590920302,-1.1538188311569844,0.11092914888012678,1165.0,1737.0,4.0,227100.0,1.0,143225.0,22482.0
2025-12-18T17:42:51.591901,3,1.3330133125848285,-1.15206573749958,0.1362177497923712,1130.0,1565.0,4.0,280502.0,1.0,147056.0,25847.0
2025-12-18T17:42:51.691842,4,1.3457621838559906,-1.1494806939020314,0.1619835261824664,1072.0,1301.0,4.0,283845.0,1.0,226332.0,32371.0
2025-12-18T17:42:51.788810,5,1.35723974485924,-1.1473740374117263,0.1844876070639331,992.0,961.0,4.0,264640.0,1.0,217766.0,32000.0
2025-12-18T17:42:52.390129,0,1.4402533072176729,-1.1386169893188343,0.3412623244656391,1059.0,1243.0,4.0,247822.0,1.0,197274.0,29977.0
2025-12-18T17:42:52.489154,1,1.45166241978235,-1.1336037182378171,0.36527043430881423,1182.0,1821.0,4.0,205869.0,1.0,193570.0,24016.0
2025-12-18T17:42:52.589940,2,1.4633341351582256,-1.1296658060323197,0.3956256741977676,1174.0,1782.0,4.0,228719.0,1.0,140679.0,22255.0
2025-12-18T17:42:52.688319,3,1.4747029525559352,-1.125367814913218,0.42060840166223146,1149.0,1657.0,4.0,273935.0,1.0,146510.0,25276.0
2025-12-18T17:42:52.793023,4,1.4867238900156226,-1.1199773494424465,0.4433965224702274,1074.0,1310.0,4.0,280597.0,1.0,223440.0,32283.0
2025-12-18T17:42:52.889599,5,1.4984447305269608,-1.113570048491996,0.46947791861386706,987.0,941.0,4.0,270526.0,1.0,216883.0,32250.0
2025-12-18T17:42:53.389007,0,1.5493483905515042,-1.0973532168755757,0.6047016986176911,1058.0,1238.0,4.0,246400.0,1.0,196541.0,30028.0
2025-12-18T17:42:53.488855,1,1.5601457447995983,-1.089743240603322,0.6328496022542228,1186.0,1841.0,4.0,203307.0,1.0,196142.0,23911.0
2025-12-18T17:42:53.591082,2,1.5692019731021851,-1.0827525707704875,0.6546247787269259,1189.0,1859.0,4.0,225491.0,1.0,141299.0,21882.0
2025-12-18T17:42:53.691894,3,1.57874986153523,-1.0752265596755142,0.6821004919740135,1154.0,1681.0,4.0,272917.0,1.0,146560.0,25131.0
2025-12-18T17:42:53.790469,4,1.5883711678532562,-1.0677248868342057,0.7045241227044021,1071.0,1294.0,4.0,284711.0,1.0,220884.0,32436.0
2025-12-18T17:42:53.888725,5,1.600994676540937,-1.0635545672957987,0.7321634976684785,999.0,988.0,4.0,262943.0,1.0,216517.0,31677.0
2025-12-18T17:42:54.391787,0,1.6526332184821104,-1.0258575271921826,0.8699612973255522,1060.0,1245.0,4.0,244572.0,1.0,201321.0,29956.0
2025-12-18T17:42:54.489314,1,1.6609173907076205,-1.0174746014115135,0.9012001605932265,1182.0,1822.0,4.0,202209.0,1.0,196874.0,24008.0
2025-12-18T17:42:54.590251,2,1.6693003721474033,-1.0085666035700642,0.9229360242505893,1182.0,1821.0,4.0,225797.0,1.0,141060.0,22060.0
2025-12-18T17:42:54.688232,3,1.6774332340276352,-0.9991218209631976,0.940201282732951,1151.0,1666.0,4.0,268337.0,1.0,145620.0,25216.0
2025-12-18T17:42:54.791317,5,1.6844735491337284,-0.9871601706842652,0.9708208759222374,1007.0,1023.0,4.0,271259.0,1.0,213172.0,31262.0
2025-12-18T17:42:55.390818,0,1.715555417350103,-0.9163204250446255,1.1437743380610956,1065.0,1269.0,4.0,246817.0,1.0,195810.0,29734.0
2025-12-18T17:42:55.492264,1,1.7199906784799133,-0.905569558748609,1.1656887169829464,1194.0,1880.0,4.0,203858.0,1.0,197474.0,23709.0
2025-12-18T17:42:55.590834,3,1.7253882243791638,-0.8942849355301834,1.192093200231541,1171.0,1765.0,4.0,270526.0,1.0,144491.0,24650.0
2025-12-18T17:42:55.689331,4,1.7279772543925223,-0.88202863548775,1.2221131968615555,1090.0,1381.0,4.0,275422.0,1.0,223516.0,31634.0
2025-12-18T17:42:55.790661,5,1.7187103516315654,-0.8686741454504188,1.2612353312555058,1015.0,1056.0,4.0,263389.0,1.0,214692.0,30894.0
2025-12-18T17:42:56.389626,0,1.7358412869501523,-0.7954444332186732,1.4208760450678672,1065.0,1268.0,4.0,242019.0,1.0,198614.0,29744.0
2025-12-18T17:42:56.489490,1,1.738558741325214,-0.7828451881505245,1.4444710858579712,1181.0,1814.0,4.0,200437.0,1.0,194753.0,24049.0
2025-12-18T17:42:56.590312,2,1.7380119355553756,-0.7703094503839512,1.470431610825876,1179.0,1809.0,4.0,226409.0,1.0,138928.0,22120.0
2025-12-18T17:42:56.689752,3,1.7290798115411388,-0.7509970684615852,1.5206144061862545,1162.0,1723.0,4.0,272825.0,1.0,146808.0,24885.0
2025-12-18T17:42:56.791386,4,1.7276929252173083,-0.7372804164735123,1.5524762752677226,1087.0,1368.0,4.0,281073.0,1.0,219468.0,31752.0
2025-12-18T17:42:56.889722,5,1.7284902292140174,-0.7244855014376022,1.5761311208348094,1009.0,1030.0,4.0,262232.0,1.0,217030.0,31188.0
2025-12-18T17:42:57.390666,0,1.7264959458370104,-0.6617777133872407,1.5516562153207398,1074.0,1310.0,4.0,242922.0,1.0,194885.0,29374.0
2025-12-18T17:42:57.489599,1,1.7276809015617252,-0.6492288867538791,1.5293466124854933,1205.0,1938.0,4.0,203720.0,1.0,193177.0,23422.0
2025-12-18T17:42:57.589951,2,1.7193704915090047,-0.6267573629785117,1.533502443684948,1196.0,1892.0,4.0,223743.0,1.0,141060.0,21727.0
2025-12-18T17:42:57.690559,3,1.7164615200710394,-0.610914791613641,1.538687138091864,1173.0,1775.0,4.0,272179.0,1.0,144442.0,24592.0
2025-12-18T17:42:57.790966,4,1.7163553529428128,-0.5980799883741708,1.5374514989304695,1078.0,1328.0,4.0,277387.0,1.0,218948.0,32120.0
2025-12-18T17:42:57.889783,5,1.716539621884948,-0.5852892788218376,1.5376980241231748,1005.0,1013.0,4.0,268701.0,1.0,214184.0,31378.0
2025-12-18T17:42:58.390872,0,1.7178375434397495,-0.520925955509711,1.5345408564336616,1065.0,1269.0,4.0,244572.0,1.0,194687.0,29734.0
2025-12-18T17:42:58.490813,1,1.7184562045169969,-0.509262948993837,1.5370495319634423,1200.0,1912.0,4.0,202140.0,1.0,194687.0,23549.0
2025-12-18T17:42:58.589184,2,1.718692251246285,-0.49642831268919974,1.5365453084313465,1163.0,1727.0,4.0,230039.0,1.0,139588.0,22528.0
2025-12-18T17:42:58.689308,3,1.7188436266029967,-0.48807956038388145,1.5338407626783808,1157.0,1698.0,4.0,273564.0,1.0,144149.0,25029.0
2025-12-18T17:42:58.789976,4,1.7192646571725358,-0.47066730225141074,1.5367992232730285,1086.0,1364.0,4.0,278516.0,1.0,221632.0,31784.0
2025-12-18T17:42:59.390845,0,1.7217347613821339,-0.3954847171467377,1.5405595581320282,1074.0,1310.0,4.0,245401.0,1.0,197742.0,29374.0
2025-12-18T17:42:59.489173,1,1.7221206857001743,-0.38258087994841583,1.538561937961292,1199.0,1907.0,4.0,207829.0,1.0,196076.0,23573.0
2025-12-18T17:42:59.589138,2,1.7193457257034526,-0.3714205069409835,1.5517623774969003,1157.0,1698.0,4.0,229029.0,1.0,143080.0,22681.0
2025-12-18T17:42:59.689343,3,1.6994012639984,-0.36102341477006994,1.5892448640366421,1142.0,1623.0,4.0,277105.0,1.0,147206.0,25473.0
2025-12-18T17:42:59.790026,4,1.6975585225654486,-0.34886677783521636,1.5881675113604157,1069.0,1287.0,4.0,284807.0,1.0,220063.0,32502.0
2025-12-18T17:42:59.889136,5,1.6972717562160744,-0.3361115068860485,1.5903628912506835,1001.0,997.0,4.0,261523.0,1.0,217766.0,31570.0
2025-12-18T17:43:00.391779,0,1.6954630289673203,-0.271569307697896,1.587115817770186,1071.0,1297.0,4.0,245318.0,1.0,196076.0,29484.0
2025-12-18T17:43:00.489685,1,1.6954414734230498,-0.2594901521147741,1.591057861811131,1189.0,1859.0,4.0,204272.0,1.0,196940.0,23814.0
2025-12-18T17:43:00.591499,2,1.6949935323126786,-0.24654212702228673,1.5870759243079677,1155.0,1690.0,4.0,227407.0,1.0,142548.0,22720.0
2025-12-18T17:43:00.689373,3,1.6946126719367252,-0.23402593654695591,1.5871172073495634,1129.0,1561.0,4.0,272271.0,1.0,147555.0,25864.0
2025-12-18T17:43:00.790161,4,1.6938617472730195,-0.22121995928693416,1.5883326821597659,1065.0,1269.0,4.0,283845.0,1.0,227100.0,32679.0
2025-12-18T17:43:00.888906,5,1.6932808417317569,-0.20898773728067788,1.588348711718348,1006.0,1018.0,4.0,268065.0,1.0,214112.0,31325.0
2025-12-18T17:43:01.390834,0,1.6909121339268625,-0.14353925815369273,1.5915649091301078,1074.0,1311.0,4.0,243828.0,1.0,195413.0,29364.0
2025-12-18T17:43:01.489772,1,1.6904787842918063,-0.130805024428446,1.588605298898213,1177.0,1795.0,4.0,205590.0,1.0,197341.0,24147.0
2025-12-18T17:43:01.589046,2,1.6904679141372911,-0.11802537840973981,1.592796561523331,1132.0,1578.0,4.0,232072.0,1.0,142935.0,23343.0
2025-12-18T17:43:01.691560,3,1.6812733151797419,-0.10395121600108648,1.6006544244039025,1126.0,1546.0,4.0,278799.0,1.0,149921.0,25961.0
2025-12-18T17:43:01.790834,4,1.6611362054402763,-0.08816245201787831,1.6235874293741996,1057.0,1233.0,4.0,288885.0,1.0,226103.0,33035.0
2025-12-18T17:43:01.891406,5,1.6603334339562457,-0.07561227889773048,1.6218589779173096,991.0,955.0,4.0,273842.0,1.0,217545.0,32065.0
2025-12-18T17:43:02.390328,0,1.6580508086007812,-0.01308156097529567,1.6229187652636654,1067.0,1279.0,4.0,246233.0,1.0,194095.0,29644.0
2025-12-18T17:43:02.488832,1,1.6577172179499238,3.324132384152634e-05,1.6268534214885786,1172.0,1772.0,4.0,208675.0,1.0,195943.0,24270.0
2025-12-18T17:43:02.589731,2,1.6568899981001524,0.012679622343619634,1.621149903341397,1149.0,1660.0,4.0,234997.0,1.0,143419.0,22882.0
2025-12-18T17:43:02.691387,3,1.6561596229517628,0.02579717570513651,1.6258710001494616,1112.0,1483.0,4.0,279744.0,1.0,149718.0,26386.0
2025-12-18T17:43:02.792384,4,1.6552272574890567,0.03841627752853194,1.624584297245223,1049.0,1198.0,4.0,291734.0,1.0,224198.0,33406.0
2025-12-18T17:43:02.887773,5,1.654695012542553,0.05075285316481137,1.6283032129283324,992.0,960.0,4.0,266979.0,1.0,216077.0,32011.0
2025-12-18T17:43:03.389810,0,1.65073813277309,0.1141433909409928,1.6317851584112237,1073.0,1303.0,4.0,245734.0,1.0,198345.0,29434.0
2025-12-18T17:43:03.489234,1,1.650288447741909,0.12663259104791935,1.6278131813720706,1161.0,1718.0,4.0,207127.0,1.0,200437.0,24567.0
2025-12-18T17:43:03.590467,2,1.649654738776726,0.13979216836975383,1.632015496009607,1141.0,1619.0,4.0,231602.0,1.0,145423.0,23107.0
2025-12-18T17:43:03.689882,3,1.64897247602907,0.15205894786387653,1.6273275542562775,1114.0,1490.0,4.0,279744.0,1.0,149617.0,26341.0
2025-12-18T17:43:03.788845,4,1.6367881338871664,0.1738626556407492,1.6373473313847733,1051.0,1207.0,4.0,287519.0,1.0,229107.0,33304.0
2025-12-18T17:43:03.889820,5,1.6228954759815029,0.19635188948468674,1.6414830457946423,978.0,906.0,4.0,275889.0,1.0,219765.0,32701.0
2025-12-18T17:43:04.391111,0,1.616884323303621,0.2515301251775468,1.640835287149543,1056.0,1231.0,4.0,245734.0,1.0,199152.0,30078.0
2025-12-18T17:43:04.489614,1,1.6161852937269607,0.2520482237815398,1.6413212031531959,1156.0,1695.0,4.0,207899.0,1.0,200234.0,24701.0
2025-12-18T17:43:04.590600,2,1.6161419451723056,0.25199828523641044,1.6410782951654552,1126.0,1549.0,4.0,239818.0,1.0,145867.0,23510.0
2025-12-18T17:43:04.689229,4,1.6161419451723056,0.25199828523641044,1.6410782951654552,1037.0,1147.0,4.0,293616.0,1.0,227792.0,33953.0
2025-12-18T17:43:04.790118,5,1.6161419451723056,0.25199828523641044,1.6410782951654552,977.0,900.0,4.0,267521.0,1.0,226026.0,32768.0
2025-12-18T17:43:05.391178,0,1.6161419451723056,0.25199828523641044,1.6410782951654552,1044.0,1175.0,4.0,247989.0,1.0,202140.0,30612.0
2025-12-18T17:43:05.493075,1,1.6161419451723056,0.25199828523641044,1.6410782951654552,1144.0,1636.0,4.0,210733.0,1.0,200234.0,25046.0
2025-12-18T17:43:05.592300,2,1.6161419451723056,0.25199828523641044,1.6410782951654552,1122.0,1530.0,4.0,239007.0,1.0,146907.0,23621.0
2025-12-18T17:43:05.689719,3,1.6161419451723056,0.25199828523641044,1.6410782951654552,1113.0,1486.0,4.0,286839.0,1.0,152583.0,26368.0
2025-12-18T17:43:05.791052,4,1.6161419451723056,0.25199828523641044,1.6410782951654552,1039.0,1155.0,4.0,290945.0,1.0,233491.0,33861.0
2025-12-18T17:43:05.890298,5,1.6161419451723056,0.25199828523641044,1.6410782951654552,977.0,900.0,4.0,281549.0,1.0,221183.0,32779.0
2025-12-18T17:43:06.388245,0,1.6161419451723056,0.25199828523641044,1.6410782951654552,1049.0,1201.0,4.0,248830.0,1.0,202688.0,30365.0
2025-12-18T17:43:06.490281,1,1.6161419451723056,0.25199828523641044,1.6410782951654552,1141.0,1619.0,4.0,208322.0,1.0,199625.0,25148.0
2025-12-18T17:43:06.589924,2,1.6161419451723056,0.25199828523641044,1.6410782951654552,1118.0,1511.0,4.0,241692.0,1.0,146510.0,23734.0
2025-12-18T17:43:06.689496,3,1.6161419451723056,0.25199828523641044,1.6410782951654552,1115.0,1497.0,4.0,281358.0,1.0,150226.0,26288.0
2025-12-18T17:43:06.790299,4,1.6161419451723056,0.25199828523641044,1.6410782951654552,1041.0,1163.0,4.0,293815.0,1.0,231602.0,33781.0
2025-12-18T17:43:06.888316,5,1.6161419451723056,0.25199828523641044,1.6410782951654552,981.0,915.0,4.0,276263.0,1.0,222008.0,32568.0
2025-12-18T17:43:07.391791,0,1.6161419451723056,0.25199828523641044,1.6410782951654552,1056.0,1227.0,4.0,251284.0,1.0,199287.0,30109.0
2025-12-18T17:43:07.489642,1,1.6161419451723056,0.25199828523641044,1.6410782951654552,1151.0,1670.0,4.0,211233.0,1.0,198883.0,24843.0
2025-12-18T17:43:07.591642,2,1.6161419451723056,0.25199828523641044,1.6410782951654552,1107.0,1461.0,4.0,245152.0,1.0,147805.0,24049.0
2025-12-18T17:43:07.688451,3,1.6161419451723056,0.25199828523641044,1.6410782951654552,1108.0,1464.0,4.0,285966.0,1.0,151502.0,26520.0
2025-12-18T17:43:07.791867,4,1.6161419451723065,0.25199828523641044,1.6410782951654552,1035.0,1137.0,4.0,294014.0,1.0,234203.0,34068.0
2025-12-18T17:43:07.889984,5,1.6161419451723056,0.25199828523641044,1.6410782951654552,973.0,886.0,4.0,273564.0,1.0,227253.0,32957.0
2025-12-18T17:43:08.487784,1,1.6161419451723056,0.25199828523641044,1.6410782951654552,1148.0,1654.0,4.0,212380.0,1.0,203444.0,24936.0
2025-12-18T17:43:08.589620,2,1.6161419451723056,0.25199828523641044,1.6410782951654552,1119.0,1514.0,4.0,241937.0,1.0,145817.0,23717.0
2025-12-18T17:43:08.689823,3,1.6161419451723056,0.25199828523641044,1.6410782951654552,1101.0,1429.0,4.0,284422.0,1.0,151451.0,26764.0
2025-12-18T17:43:08.791733,4,1.6161419451723056,0.25199828523641044,1.6410782951654552,1042.0,1168.0,4.0,287909.0,1.0,231837.0,33724.0
2025-12-18T17:43:08.890581,5,1.6161419451723056,0.25199828523641044,1.6410782951654552,974.0,889.0,4.0,279649.0,1.0,224805.0,32923.0
2025-12-18T17:43:09.388713,0,1.6161419451723056,0.25199828523641044,1.6410782951654552,1034.0,1133.0,4.0,251029.0,1.0,201048.0,31040.0
2025-12-18T17:43:09.490202,2,1.6161419451723056,0.25199828523641044,1.6410782951654552,1116.0,1501.0,4.0,240794.0,1.0,148005.0,23798.0
2025-12-18T17:43:09.589240,3,1.6161419451723056,0.25199828523641044,1.6410782951654552,1104.0,1446.0,4.0,284807.0,1.0,154767.0,26646.0
2025-12-18T17:43:09.690762,4,1.6161419451723056,0.25199828523641044,1.6410782951654552,1039.0,1155.0,4.0,298425.0,1.0,231132.0,33861.0
2025-12-18T17:43:09.792160,5,1.6161419451723056,0.25199828523641044,1.6410782951654552,967.0,861.0,4.0,269612.0,1.0,224729.0,33304.0
2025-12-18T17:43:10.391409,0,1.6161419451723056,0.25199828523641044,1.6410782951654552,1044.0,1179.0,4.0,251284.0,1.0,202825.0,30571.0
2025-12-18T17:43:10.489406,1,1.6161419451723056,0.25199828523641044,1.6410782951654552,1146.0,1644.0,4.0,214620.0,1.0,201662.0,24995.0
2025-12-18T17:43:10.589820,2,1.6161419451723056,0.25199828523641044,1.6410782951654552,1130.0,1565.0,4.0,242758.0,1.0,147605.0,23406.0
2025-12-18T17:43:10.689041,3,1.6161419451723056,0.25199828523641044,1.6410782951654552,1103.0,1440.0,4.0,290847.0,1.0,154610.0,26682.0
2025-12-18T17:43:10.790827,4,1.6161419451723056,0.25199828523641044,1.6410782951654552,1042.0,1167.0,4.0,292129.0,1.0,236593.0,33724.0
2025-12-18T17:43:10.889706,5,1.6161419451723056,0.25199828523641044,1.6410782951654552,971.0,879.0,4.0,278139.0,1.0,224577.0,33057.0
2025-12-18T17:43:11.392353,0,1.6161419451723056,0.25199828523641044,1.6410782951654552,1036.0,1145.0,4.0,254021.0,1.0,203996.0,30914.0
2025-12-18T17:43:11.490122,1,1.6161419451723056,0.25199828523641044,1.6410782951654552,1141.0,1621.0,4.0,212236.0,1.0,203651.0,25131.0
2025-12-18T17:43:11.589693,2,1.6161419451723056,0.25199828523641044,1.6410782951654552,1122.0,1528.0,4.0,241937.0,1.0,147605.0,23629.0
2025-12-18T17:43:11.690842,3,1.6161419451723065,0.2519982852364102,1.6410782951654552,1098.0,1419.0,4.0,284229.0,1.0,151810.0,26836.0
2025-12-18T17:43:11.788770,4,1.6161419451723056,0.25199828523641044,1.6410782951654552,1040.0,1160.0,4.0,298021.0,1.0,232544.0,33804.0
2025-12-18T17:43:11.889537,5,1.6161419451723056,0.25199828523641044,1.6410782951654552,967.0,860.0,4.0,275982.0,1.0,227330.0,33315.0
2025-12-18T17:43:12.390340,0,1.6161419451723056,0.25199828523641044,1.6410782951654552,1036.0,1145.0,4.0,253420.0,1.0,206497.0,30914.0
2025-12-18T17:43:12.488866,1,1.6161419451723056,0.2519982852364102,1.6410782951654552,1140.0,1614.0,4.0,214184.0,1.0,203169.0,25173.0
2025-12-18T17:43:12.591178,2,1.6161419451723056,0.25199828523641044,1.6410782951654552,1124.0,1541.0,4.0,243993.0,1.0,147455.0,23549.0
2025-12-18T17:43:12.690467,3,1.6161419451723056,0.25199828523641044,1.6410782951654552,1100.0,1429.0,4.0,288299.0,1.0,153931.0,26764.0
2025-12-18T17:43:12.790728,4,1.6161419451723056,0.25199828523641044,1.6410782951654552,1034.0,1136.0,4.0,301471.0,1.0,233096.0,34068.0
2025-12-18T17:43:12.889645,5,1.6161419451723056,0.25199828523641044,1.6410782951654552,976.0,898.0,4.0,277012.0,1.0,226869.0,32790.0
2025-12-18T17:43:13.391652,0,1.6161419451723056,0.25199828523641044,1.6410782951654552,1031.0,1121.0,4.0,252906.0,1.0,205590.0,31156.0
2025-12-18T17:43:13.490071,1,1.6161419451723056,0.25199828523641044,1.6410782951654552,1134.0,1585.0,4.0,215566.0,1.0,205938.0,25353.0
2025-12-18T17:43:13.590722,2,1.6161419451723056,0.25199828523641044,1.6410782951654552,1126.0,1547.0,4.0,243087.0,1.0,147256.0,23510.0
2025-12-18T17:43:13.690760,3,1.6161419451723056,0.25199828523641044,1.6410782951654552,1098.0,1419.0,4.0,288689.0,1.0,153775.0,26836.0
2025-12-18T17:43:13.788466,4,1.6161419451723056,0.25199828523641044,1.6410782951654552,1026.0,1099.0,4.0,299538.0,1.0,237797.0,34497.0
2025-12-18T17:43:13.889988,5,1.6161419451723056,0.25199828523641044,1.6410782951654552,971.0,876.0,4.0,283173.0,1.0,226332.0,33091.0
2025-12-18T17:43:14.390816,0,1.6161419451723056,0.25199828523641044,1.6410782951654552,1041.0,1163.0,4.0,251455.0,1.0,201185.0,30727.0
2025-12-18T17:43:14.490111,1,1.6161419451723056,0.25199828523641044,1.6410782951654552,1147.0,1650.0,4.0,215712.0,1.0,206497.0,24953.0
2025-12-18T17:43:14.591268,2,1.6161419451723056,0.25199828523641044,1.6410782951654552,1135.0,1593.0,4.0,242265.0,1.0,148758.0,23241.0
2025-12-18T17:43:14.689853,3,1.6161419451723056,0.25199828523641044,1.6410782951654552,1089.0,1375.0,4.0,288201.0,1.0,154977.0,27165.0
2025-12-18T17:43:14.790142,4,1.6161419451723056,0.25199828523641044,1.6410782951654552,1030.0,1119.0,4.0,301573.0,1.0,236994.0,34265.0
2025-12-18T17:43:14.891760,5,1.6161419451723056,0.25199828523641044,1.6410782951654552,975.0,892.0,4.0,273750.0,1.0,231132.0,32867.0
2025-12-18T17:43:15.392400,0,1.6161419451723056,0.25199828523641044,1.6410782951654552,1025.0,1096.0,4.0,251455.0,1.0,205590.0,31421.0
2025-12-18T17:43:15.489769,1,1.6161419451723056,0.25199828523641044,1.6410782951654552,1134.0,1587.0,4.0,212811.0,1.0,206217.0,25336.0
2025-12-18T17:43:15.591002,3,1.6161419451723065,0.25199828523641044,1.6410782951654552,1104.0,1445.0,4.0,294811.0,1.0,155871.0,26646.0
2025-12-18T17:43:15.689873,4,1.6161419451723056,0.25199828523641044,1.6410782951654552,1034.0,1136.0,4.0,302595.0,1.0,238200.0,34068.0
2025-12-18T17:43:15.790424,5,1.6161419451723056,0.25199828523641044,1.6410782951654552,969.0,870.0,4.0,276543.0,1.0,226716.0,33169.0
