Timestamp,Channel,Pose_X,Pose_Y,Pose_Theta,eCO2,TVOC,AQI,R0,R1,R2,R3
2025-12-17T14:22:17.088429,0,0.003770526105967839,-0.027796743317535875,-0.01686207830290571,421.0,33.0,1.0,411180.0,1.0,1560666.0,75905.0
2025-12-17T14:22:17.181060,1,0.003770526105967839,-0.027796743317535875,-0.01686207830290571,421.0,33.0,1.0,697161.0,1.0,1743901.0,72613.0
2025-12-17T14:22:17.283656,2,0.0037705261059678384,-0.027796743317535875,-0.01686207830290571,425.0,35.0,1.0,702847.0,1.0,1530846.0,67562.0
2025-12-17T14:22:17.385155,3,0.003770526105967839,-0.027796743317535875,-0.01686207830290571,407.0,27.0,1.0,1003440.0,1.0,1911416.0,75393.0
2025-12-17T14:22:17.479860,4,0.003770526105967839,-0.027796743317535875,-0.01686207830290571,429.0,36.0,1.0,1201403.0,1.0,2326778.0,87322.0
2025-12-17T14:22:17.582873,5,0.003770526105967839,-0.027796743317535875,-0.01686207830290571,425.0,35.0,1.0,793650.0,1.0,2352115.0,77357.0
2025-12-17T14:22:18.077577,0,0.003770526105967839,-0.027796743317535875,-0.01686207830290571,438.0,41.0,1.0,410763.0,1.0,1579797.0,74656.0
2025-12-17T14:22:18.181590,1,0.003770526105967839,-0.027796743317535875,-0.01686207830290571,423.0,34.0,1.0,683146.0,1.0,1748037.0,72441.0
2025-12-17T14:22:18.278701,2,0.003770526105967839,-0.027796743317535875,-0.01686207830290571,433.0,39.0,1.0,685230.0,1.0,1530846.0,67016.0
2025-12-17T14:22:18.380019,3,0.003770526105967839,-0.027796743317535875,-0.01686207830290571,417.0,31.0,1.0,1004459.0,1.0,1946012.0,74656.0
2025-12-17T14:22:18.479082,4,0.003770526105967839,-0.027796743317535875,-0.01686207830290571,411.0,29.0,1.0,1201403.0,1.0,2273839.0,88782.0
2025-12-17T14:22:18.580743,5,0.003770526105967839,-0.027796743317535875,-0.01686207830290571,424.0,34.0,1.0,792576.0,1.0,2368892.0,77436.0
2025-12-17T14:22:19.076971,0,0.003770526105967839,-0.027796743317535875,-0.01686207830290571,415.0,30.0,1.0,415799.0,1.0,1575526.0,76369.0
2025-12-17T14:22:19.178578,1,0.003770526105967839,-0.027796743317535875,-0.01686207830290571,428.0,36.0,1.0,687553.0,1.0,1711738.0,72099.0
2025-12-17T14:22:19.280339,2,0.003770526105967839,-0.027796743317535875,-0.01686207830290571,425.0,35.0,1.0,710260.0,1.0,1520004.0,67517.0
2025-12-17T14:22:19.375607,3,0.003770526105967839,-0.027796743317535875,-0.01686207830290571,421.0,33.0,1.0,986602.0,1.0,1869193.0,74404.0
2025-12-17T14:22:19.478729,4,0.003770526105967839,-0.02779674331753588,-0.01686207830290571,416.0,31.0,1.0,1171687.0,1.0,2311863.0,88362.0
2025-12-17T14:22:19.589605,5,0.003770526105967839,-0.027796743317535875,-0.01686207830290571,421.0,33.0,1.0,786963.0,1.0,2365687.0,77698.0
2025-12-17T14:22:20.077138,0,0.003770526105967839,-0.027796743317535875,-0.01686207830290571,413.0,29.0,1.0,405514.0,1.0,1611661.0,76524.0
2025-12-17T14:22:20.177833,1,0.003770526105967839,-0.027796743317535875,-0.01686207830290571,424.0,34.0,1.0,691989.0,1.0,1715799.0,72392.0
2025-12-17T14:22:20.277983,2,0.003770526105967839,-0.027796743317535875,-0.01686207830290571,414.0,30.0,1.0,704037.0,1.0,1521549.0,68298.0
2025-12-17T14:22:20.384355,3,0.003770526105967839,-0.027796743317535875,-0.01686207830290571,442.0,43.0,1.0,1022640.0,1.0,1903669.0,72908.0
2025-12-17T14:22:20.483482,4,0.003770526105967839,-0.027796743317535875,-0.01686207830290571,426.0,35.0,1.0,1186452.0,1.0,2304052.0,87559.0
2025-12-17T14:22:20.578875,5,0.003770526105967839,-0.027796743317535875,-0.01686207830290571,423.0,34.0,1.0,802021.0,1.0,2382561.0,77514.0
2025-12-17T14:22:21.082047,0,0.003770526105967839,-0.027796743317535875,-0.01686207830290571,425.0,35.0,1.0,410902.0,1.0,1578194.0,75597.0
2025-12-17T14:22:21.179269,1,0.0037705261059678384,-0.027796743317535875,-0.01686207830290571,446.0,45.0,1.0,698105.0,1.0,1737420.0,70889.0
2025-12-17T14:22:21.285956,2,0.0037705261059678384,-0.027796743317535875,-0.01686207830290571,425.0,35.0,1.0,702847.0,1.0,1518976.0,67562.0
2025-12-17T14:22:21.381509,3,0.003770526105967839,-0.027796743317535875,-0.01686207830290571,414.0,30.0,1.0,986268.0,1.0,1896595.0,74910.0
2025-12-17T14:22:21.482528,4,0.003770526105967839,-0.027796743317535875,-0.01686207830290571,435.0,40.0,1.0,1179645.0,1.0,2324417.0,86762.0
2025-12-17T14:22:21.580142,5,0.003770526105967839,-0.027796743317535875,-0.01686207830290571,413.0,29.0,1.0,780068.0,1.0,2373707.0,78306.0
2025-12-17T14:22:22.081977,0,0.003770526105967839,-0.027796743317535875,-0.01686207830290571,442.0,43.0,1.0,411180.0,1.0,1571266.0,74379.0
2025-12-17T14:22:22.180340,1,0.003770526105967839,-0.027796743317535875,-0.01686207830290571,418.0,32.0,1.0,692223.0,1.0,1750405.0,72834.0
2025-12-17T14:22:22.278134,2,0.003770526105967839,-0.027796743317535875,-0.01686207830290571,430.0,37.0,1.0,702847.0,1.0,1538117.0,67198.0
2025-12-17T14:22:22.378314,3,0.003770526105967839,-0.027796743317535875,-0.01686207830290571,419.0,32.0,1.0,987939.0,1.0,1904958.0,74505.0
2025-12-17T14:22:22.486440,4,0.003770526105967839,-0.027796743317535875,-0.01686207830290571,430.0,37.0,1.0,1186050.0,1.0,2304052.0,87204.0
2025-12-17T14:22:22.578913,5,0.0037705261059678393,-0.027796743317535875,-0.01686207830290571,430.0,37.0,1.0,791504.0,1.0,2368892.0,76965.0
2025-12-17T14:22:23.077147,0,0.003770526105967839,-0.027796743317535875,-0.01686207830290571,434.0,39.0,1.0,404281.0,1.0,1571797.0,74986.0
2025-12-17T14:22:23.183092,1,0.003770526105967839,-0.027796743317535875,-0.01686207830290571,416.0,31.0,1.0,702847.0,1.0,1709423.0,72933.0
2025-12-17T14:22:23.287462,2,0.003770526105967839,-0.027796743317535875,-0.01686207830290571,423.0,34.0,1.0,687321.0,1.0,1529293.0,67654.0
2025-12-17T14:22:23.376441,3,0.003770526105967839,-0.027796743317535875,-0.01686207830290571,421.0,33.0,1.0,1014367.0,1.0,1897237.0,74379.0
2025-12-17T14:22:23.483368,4,0.003770526105967839,-0.027796743317535875,-0.01686207830290571,415.0,30.0,1.0,1198154.0,1.0,2283866.0,88482.0
2025-12-17T14:22:23.582474,5,0.003770526105967839,-0.027796743317535875,-0.01686207830290571,414.0,30.0,1.0,790433.0,1.0,2346549.0,78200.0
2025-12-17T14:22:24.085495,0,0.003770526105967839,-0.027796743317535875,-0.01686207830290571,419.0,32.0,1.0,415236.0,1.0,1591066.0,76033.0
2025-12-17T14:22:24.181180,1,0.003770526105967839,-0.027796743317535875,-0.01686207830290571,437.0,40.0,1.0,710741.0,1.0,1724531.0,71491.0
2025-12-17T14:22:24.278242,3,0.003770526105967839,-0.027796743317535875,-0.01686207830290571,421.0,33.0,1.0,978620.0,1.0,1918546.0,74379.0
2025-12-17T14:22:24.380554,4,0.003770526105967839,-0.027796743317535875,-0.01686207830290571,427.0,36.0,1.0,1183644.0,1.0,2344961.0,87440.0
2025-12-17T14:22:24.478556,5,0.003770526105967839,-0.027796743317535875,-0.01686207830290571,411.0,29.0,1.0,788029.0,1.0,2359290.0,78412.0
2025-12-17T14:22:25.091634,0,0.003770526105967839,-0.027796743317535875,-0.01686207830290571,436.0,40.0,1.0,407716.0,1.0,1577126.0,74808.0
2025-12-17T14:22:25.176324,1,0.003770526105967839,-0.027796743317535875,-0.01686207830290571,428.0,36.0,1.0,701896.0,1.0,1737420.0,72123.0
2025-12-17T14:22:25.275839,2,0.003770526105967839,-0.027796743317535875,-0.01686207830290571,434.0,39.0,1.0,704752.0,1.0,1525158.0,66948.0
2025-12-17T14:22:25.377155,3,0.003770526105967839,-0.027796743317535875,-0.01686207830290571,421.0,33.0,1.0,1011281.0,1.0,1904958.0,74379.0
2025-12-17T14:22:25.475594,4,0.003770526105967839,-0.027796743317535875,-0.01686207830290571,440.0,42.0,1.0,1191684.0,1.0,2280776.0,86381.0
2025-12-17T14:22:25.576173,5,0.003770526105967839,-0.027796743317535875,-0.01686207830290571,433.0,39.0,1.0,804740.0,1.0,2372904.0,76757.0
2025-12-17T14:22:26.095804,0,0.003770526105967839,-0.027796743317535875,-0.01686207830290571,430.0,37.0,1.0,413133.0,1.0,1574460.0,75214.0
2025-12-17T14:22:26.185327,1,0.003770526105967839,-0.027796743317535875,-0.01686207830290571,412.0,29.0,1.0,693396.0,1.0,1697891.0,73230.0
2025-12-17T14:22:26.276451,2,0.003770526105967839,-0.027796743317535875,-0.01686207830290571,421.0,33.0,1.0,705230.0,1.0,1551712.0,67814.0
2025-12-17T14:22:26.379187,3,0.003770526105967839,-0.027796743317535875,-0.01686207830290571,425.0,35.0,1.0,994985.0,1.0,1921145.0,74103.0
2025-12-17T14:22:26.481427,4,0.0037705261059678393,-0.027796743317535875,-0.01686207830290571,407.0,27.0,1.0,1190071.0,1.0,2274609.0,89204.0
2025-12-17T14:22:26.579141,5,0.003770526105967839,-0.027796743317535875,-0.01686207830290571,429.0,37.0,1.0,767498.0,1.0,2355301.0,77096.0
2025-12-17T14:22:27.083052,1,0.003770526105967839,-0.027796743317535875,-0.01686207830290571,408.0,27.0,1.0,683840.0,1.0,1742131.0,73528.0
2025-12-17T14:22:27.181115,2,0.003770526105967839,-0.027796743317535875,-0.01686207830290571,427.0,36.0,1.0,705946.0,1.0,1546469.0,67403.0
2025-12-17T14:22:27.279521,3,0.003770526105967839,-0.027796743317535875,-0.01686207830290571,423.0,34.0,1.0,986268.0,1.0,1904958.0,74253.0
2025-12-17T14:22:27.378161,4,0.003770526105967839,-0.027796743317535875,-0.01686207830290571,434.0,39.0,1.0,1186853.0,1.0,2344167.0,86821.0
2025-12-17T14:22:27.478514,5,0.003770526105967839,-0.027796743317535875,-0.01686207830290571,429.0,37.0,1.0,788296.0,1.0,2346549.0,77070.0
2025-12-17T14:22:28.077811,0,0.003770526105967839,-0.027796743317535875,-0.01686207830290571,429.0,37.0,1.0,413133.0,1.0,1568609.0,75291.0
2025-12-17T14:22:28.182248,1,0.003770526105967839,-0.027796743317535875,-0.01686207830290571,418.0,32.0,1.0,695746.0,1.0,1728622.0,72834.0
2025-12-17T14:22:28.279508,2,0.003770526105967839,-0.027796743317535875,-0.01686207830290571,429.0,36.0,1.0,698814.0,1.0,1538117.0,67311.0
2025-12-17T14:22:28.382046,3,0.003770526105967839,-0.027796743317535875,-0.01686207830290571,421.0,33.0,1.0,1022640.0,1.0,1915950.0,74379.0
2025-12-17T14:22:28.481978,4,0.003770526105967839,-0.027796743317535875,-0.01686207830290571,421.0,33.0,1.0,1192087.0,1.0,2284639.0,87945.0
2025-12-17T14:22:28.581252,5,0.003770526105967839,-0.02779674331753588,-0.01686207830290571,420.0,32.0,1.0,799311.0,1.0,2389021.0,77777.0
2025-12-17T14:22:29.078490,0,0.003770526105967839,-0.027796743317535875,-0.01686207830290571,416.0,31.0,1.0,410346.0,1.0,1588913.0,76265.0
2025-12-17T14:22:29.180099,1,0.003770526105967839,-0.027796743317535875,-0.01686207830290571,435.0,40.0,1.0,700946.0,1.0,1711738.0,71612.0
2025-12-17T14:22:29.280379,2,0.003770526105967839,-0.027796743317535875,-0.01686207830290571,433.0,39.0,1.0,696689.0,1.0,1534477.0,67016.0
2025-12-17T14:22:29.379197,4,0.003770526105967839,-0.027796743317535875,-0.01686207830290571,430.0,37.0,1.0,1172083.0,1.0,2344167.0,87174.0
2025-12-17T14:22:30.081209,0,0.003770526105967839,-0.027796743317535875,-0.01686207830290571,430.0,37.0,1.0,415799.0,1.0,1595380.0,75240.0
2025-12-17T14:22:30.177374,1,0.003770526105967839,-0.027796743317535875,-0.01686207830290571,425.0,35.0,1.0,699998.0,1.0,1707688.0,72368.0
2025-12-17T14:22:30.282505,2,0.003770526105967839,-0.027796743317535875,-0.01686207830290571,419.0,32.0,1.0,712427.0,1.0,1515894.0,67906.0
2025-12-17T14:22:30.378345,3,0.0037705261059678393,-0.027796743317535875,-0.01686207830290571,416.0,31.0,1.0,988942.0,1.0,1908830.0,74707.0
2025-12-17T14:22:30.477026,5,0.003770526105967839,-0.02779674331753587,-0.01686207830290571,420.0,33.0,1.0,792308.0,1.0,2407690.0,77751.0
2025-12-17T14:22:31.086816,0,0.003770526105967839,-0.027796743317535875,-0.01686207830290571,439.0,41.0,1.0,407578.0,1.0,1600788.0,74581.0
2025-12-17T14:22:31.181271,1,0.003770526105967839,-0.027796743317535875,-0.01686207830290571,439.0,41.0,1.0,695511.0,1.0,1688721.0,71346.0
2025-12-17T14:22:31.279479,2,0.003770526105967839,-0.027796743317535875,-0.01686207830290571,424.0,34.0,1.0,689184.0,1.0,1542287.0,67631.0
2025-12-17T14:22:31.378516,3,0.003770526105967839,-0.027796743317535875,-0.01686207830290571,415.0,30.0,1.0,990952.0,1.0,1933539.0,74808.0
2025-12-17T14:22:31.484847,4,0.003770526105967839,-0.027796743317535875,-0.01686207830290571,424.0,35.0,1.0,1164965.0,1.0,2297044.0,87677.0
2025-12-17T14:22:31.580783,5,0.003770526105967839,-0.027796743317535875,-0.01686207830290571,430.0,37.0,1.0,804195.0,1.0,2372904.0,76992.0
2025-12-17T14:22:32.080339,0,0.003770526105967839,-0.027796743317535875,-0.01686207830290571,419.0,32.0,1.0,411598.0,1.0,1612752.0,76033.0
2025-12-17T14:22:32.178201,1,0.003770526105967839,-0.027796743317535875,-0.01686207830290571,423.0,34.0,1.0,690585.0,1.0,1739185.0,72490.0
2025-12-17T14:22:32.278621,2,0.003770526105967839,-0.027796743317535875,-0.01686207830290571,405.0,26.0,1.0,708819.0,1.0,1524126.0,68855.0
2025-12-17T14:22:32.379390,3,0.003770526105967839,-0.027796743317535875,-0.01686207830290571,427.0,36.0,1.0,1009572.0,1.0,1917247.0,73927.0
2025-12-17T14:22:32.477905,4,0.003770526105967839,-0.027796743317535875,-0.01686207830290571,430.0,37.0,1.0,1187657.0,1.0,2283866.0,87204.0
2025-12-17T14:22:32.577524,5,0.0037705261059678384,-0.02779674331753587,-0.01686207830290571,427.0,36.0,1.0,775856.0,1.0,2401180.0,77200.0
2025-12-17T14:22:33.077881,0,0.003770526105967839,-0.027796743317535875,-0.01686207830290571,410.0,28.0,1.0,414113.0,1.0,1584617.0,76705.0
2025-12-17T14:22:33.183096,1,0.003770526105967839,-0.027796743317535875,-0.01686207830290571,419.0,32.0,1.0,674416.0,1.0,1721616.0,72785.0
2025-12-17T14:22:33.280136,2,0.003770526105967839,-0.027796743317535875,-0.01686207830290571,403.0,25.0,1.0,694100.0,1.0,1538638.0,68972.0
2025-12-17T14:22:33.383915,3,0.003770526105967839,-0.027796743317535875,-0.01686207830290571,436.0,40.0,1.0,990952.0,1.0,1886352.0,73280.0
2025-12-17T14:22:33.478221,4,0.0037705261059678384,-0.027796743317535875,-0.01686207830290571,400.0,22.0,1.0,1161422.0,1.0,2329930.0,90114.0
2025-12-17T14:22:33.581218,5,0.003770526105967839,-0.027796743317535875,-0.01686207830290571,423.0,34.0,1.0,780068.0,1.0,2342581.0,77488.0
2025-12-17T14:22:34.083448,0,0.003770526105967839,-0.027796743317535875,-0.01686207830290571,423.0,34.0,1.0,416503.0,1.0,1588376.0,75751.0
2025-12-17T14:22:34.183415,2,0.003770526105967839,-0.027796743317535875,-0.01686207830290571,427.0,36.0,1.0,697161.0,1.0,1541244.0,67403.0
2025-12-17T14:22:34.281781,3,0.003770526105967839,-0.027796743317535875,-0.01686207830290571,431.0,38.0,1.0,1005820.0,1.0,1902381.0,73628.0
2025-12-17T14:22:34.377452,4,0.0037705261059678384,-0.02779674331753587,-0.01686207830290571,418.0,32.0,1.0,1200590.0,1.0,2270763.0,88243.0
2025-12-17T14:22:34.476491,5,0.003770526105967839,-0.027796743317535875,-0.01686207830290571,441.0,42.0,1.0,800394.0,1.0,2352911.0,76162.0
2025-12-17T14:22:35.080202,0,0.003770526105967839,-0.027796743317535875,-0.01686207830290571,426.0,35.0,1.0,417491.0,1.0,1577126.0,75520.0
2025-12-17T14:22:35.181693,1,0.003770526105967839,-0.02779674331753587,-0.01686207830290571,408.0,27.0,1.0,696218.0,1.0,1737420.0,73503.0
2025-12-17T14:22:35.277250,2,0.003770526105967839,-0.027796743317535875,-0.01686207830290571,431.0,37.0,1.0,711704.0,1.0,1506178.0,67175.0
2025-12-17T14:22:35.379508,3,0.003770526105967839,-0.027796743317535875,-0.01686207830290571,434.0,39.0,1.0,991959.0,1.0,1894670.0,73453.0
2025-12-17T14:22:35.484082,4,0.003770526105967839,-0.027796743317535875,-0.01686207830290571,401.0,24.0,1.0,1176455.0,1.0,2350523.0,89718.0
2025-12-17T14:22:35.581363,5,0.003770526105967839,-0.027796743317535875,-0.01686207830290571,419.0,32.0,1.0,780333.0,1.0,2356099.0,77830.0
2025-12-17T14:22:36.079614,0,0.003770526105967839,-0.027796743317535875,-0.01686207830290571,430.0,37.0,1.0,409930.0,1.0,1598623.0,75240.0
2025-12-17T14:22:36.179722,1,0.003770526105967839,-0.027796743317535875,-0.01686207830290571,421.0,33.0,1.0,691053.0,1.0,1725699.0,72613.0
2025-12-17T14:22:36.278646,2,0.003770526105967839,-0.027796743317535875,-0.01686207830290571,425.0,35.0,1.0,709779.0,1.0,1520004.0,67517.0
2025-12-17T14:22:36.379755,3,0.003770526105967839,-0.027796743317535875,-0.01686207830290571,419.0,32.0,1.0,993639.0,1.0,1912711.0,74530.0
2025-12-17T14:22:36.478492,4,0.003770526105967839,-0.027796743317535875,-0.01686207830290571,404.0,26.0,1.0,1209563.0,1.0,2321272.0,89415.0
2025-12-17T14:22:36.577511,5,0.0037705261059678393,-0.027796743317535875,-0.01686207830290571,420.0,33.0,1.0,794994.0,1.0,2379338.0,77751.0
2025-12-17T14:22:37.082718,0,0.003770526105967839,-0.027796743317535875,-0.01686207830290571,423.0,34.0,1.0,412295.0,1.0,1589989.0,75777.0
2025-12-17T14:22:37.179091,1,0.003770526105967839,-0.027796743317535875,-0.01686207830290571,417.0,31.0,1.0,695276.0,1.0,1728622.0,72908.0
2025-12-17T14:22:37.280277,2,0.003770526105967839,-0.027796743317535875,-0.01686207830290571,415.0,30.0,1.0,710500.0,1.0,1522579.0,68206.0
2025-12-17T14:22:37.381228,3,0.003770526105967839,-0.027796743317535875,-0.01686207830290571,418.0,32.0,1.0,994312.0,1.0,1896595.0,74581.0
2025-12-17T14:22:37.478914,4,0.003770526105967839,-0.027796743317535875,-0.01686207830290571,423.0,34.0,1.0,1186050.0,1.0,2327565.0,87826.0
2025-12-17T14:22:37.581187,5,0.003770526105967839,-0.027796743317535875,-0.01686207830290571,424.0,34.0,1.0,780861.0,1.0,2393877.0,77436.0
2025-12-17T14:22:38.078989,0,0.003770526105967839,-0.027796743317535875,-0.01686207830290571,440.0,42.0,1.0,412994.0,1.0,1556973.0,74480.0
2025-12-17T14:22:38.179796,1,0.003770526105967839,-0.027796743317535875,-0.01686207830290571,421.0,33.0,1.0,682684.0,1.0,1752776.0,72638.0
2025-12-17T14:22:38.279870,2,0.003770526105967839,-0.027796743317535875,-0.01686207830290571,436.0,40.0,1.0,701184.0,1.0,1539680.0,66812.0
2025-12-17T14:22:38.382754,3,0.003770526105967839,-0.027796743317535875,-0.01686207830290571,422.0,34.0,1.0,1003100.0,1.0,1895311.0,74278.0
2025-12-17T14:22:38.478585,4,0.003770526105967839,-0.027796743317535875,-0.01686207830290571,435.0,40.0,1.0,1194510.0,1.0,2309517.0,86762.0
2025-12-17T14:22:38.581164,5,0.003770526105967839,-0.027796743317535875,-0.01686207830290571,438.0,41.0,1.0,794994.0,1.0,2344167.0,76395.0
2025-12-17T14:22:39.083380,0,0.003770526105967839,-0.027796743317535875,-0.01686207830290571,428.0,36.0,1.0,409237.0,1.0,1578194.0,75418.0
2025-12-17T14:22:39.182315,1,0.003770526105967839,-0.027796743317535875,-0.01686207830290571,427.0,36.0,1.0,676245.0,1.0,1715218.0,72221.0
2025-12-17T14:22:39.279027,2,0.003770526105967839,-0.027796743317535875,-0.01686207830290571,426.0,35.0,1.0,707381.0,1.0,1543332.0,67494.0
2025-12-17T14:22:39.378755,3,0.003770526105967839,-0.027796743317535875,-0.01686207830290571,406.0,26.0,1.0,1032726.0,1.0,1923096.0,75495.0
2025-12-17T14:22:39.483390,4,0.003770526105967839,-0.027796743317535875,-0.01686207830290571,418.0,32.0,1.0,1187657.0,1.0,2289283.0,88213.0
2025-12-17T14:22:39.578928,5,0.003770526105967839,-0.027796743317535875,-0.01686207830290571,430.0,37.0,1.0,800936.0,1.0,2361687.0,76992.0
2025-12-17T14:22:40.079016,0,0.003770526105967839,-0.027796743317535875,-0.01686207830290571,432.0,38.0,1.0,410346.0,1.0,1553288.0,75113.0
2025-12-17T14:22:40.179014,1,0.003770526105967839,-0.027796743317535875,-0.01686207830290571,426.0,35.0,1.0,704752.0,1.0,1749221.0,72245.0
2025-12-17T14:22:40.277847,2,0.003770526105967839,-0.027796743317535875,-0.01686207830290571,435.0,39.0,1.0,707381.0,1.0,1520004.0,66903.0
2025-12-17T14:22:40.379559,3,0.003770526105967839,-0.027796743317535875,-0.01686207830290571,420.0,32.0,1.0,980610.0,1.0,1893388.0,74480.0
2025-12-17T14:22:40.477175,4,0.003770526105967839,-0.027796743317535875,-0.01686207830290571,426.0,35.0,1.0,1172480.0,1.0,2344167.0,87559.0
2025-12-17T14:22:40.579903,5,0.003770526105967839,-0.027796743317535875,-0.01686207830290571,423.0,34.0,1.0,786165.0,1.0,2361687.0,77514.0
2025-12-17T14:22:41.078959,0,0.003770526105967839,-0.027796743317535875,-0.01686207830290571,435.0,40.0,1.0,409653.0,1.0,1580867.0,74859.0
2025-12-17T14:22:41.179996,1,0.003770526105967839,-0.027796743317535875,-0.01686207830290571,418.0,31.0,1.0,682684.0,1.0,1733309.0,72859.0
2025-12-17T14:22:41.281780,2,0.003770526105967839,-0.027796743317535875,-0.01686207830290571,437.0,41.0,1.0,706185.0,1.0,1546469.0,66744.0
2025-12-17T14:22:41.381495,3,0.0037705261059678393,-0.02779674331753588,-0.01686207830290571,424.0,34.0,1.0,1010255.0,1.0,1907539.0,74153.0
2025-12-17T14:22:41.481954,4,0.003770526105967839,-0.027796743317535875,-0.01686207830290571,426.0,35.0,1.0,1193298.0,1.0,2324417.0,87559.0
2025-12-17T14:22:41.578340,5,0.003770526105967839,-0.027796743317535875,-0.01686207830290571,416.0,31.0,1.0,802564.0,1.0,2384981.0,78067.0
2025-12-17T14:22:42.082244,0,0.003770526105967839,-0.027796743317535875,-0.01686207830290571,403.0,25.0,1.0,410485.0,1.0,1602957.0,77200.0
2025-12-17T14:22:42.180917,1,0.003770526105967839,-0.027796743317535875,-0.01686207830290571,416.0,31.0,1.0,694335.0,1.0,1710580.0,72958.0
2025-12-17T14:22:42.279238,2,0.003770526105967839,-0.027796743317535875,-0.01686207830290571,421.0,33.0,1.0,710019.0,1.0,1540201.0,67792.0
2025-12-17T14:22:42.380193,3,0.003770526105967839,-0.027796743317535875,-0.01686207830290571,424.0,34.0,1.0,992295.0,1.0,1910769.0,74153.0
2025-12-17T14:22:42.478378,4,0.003770526105967839,-0.027796743317535875,-0.01686207830290571,421.0,33.0,1.0,1178448.0,1.0,2356099.0,88004.0
2025-12-17T14:22:42.580166,5,0.003770526105967839,-0.027796743317535875,-0.01686207830290571,411.0,29.0,1.0,776381.0,1.0,2398743.0,78412.0
2025-12-17T14:22:43.083500,0,0.003770526105967839,-0.027796743317535875,-0.01686207830290571,445.0,44.0,1.0,415799.0,1.0,1570202.0,74128.0
2025-12-17T14:22:43.178748,1,0.003770526105967839,-0.027796743317535875,-0.01686207830290571,425.0,35.0,1.0,684535.0,1.0,1733309.0,72368.0
2025-12-17T14:22:43.278177,2,0.003770526105967839,-0.027796743317535875,-0.01686207830290571,434.0,39.0,1.0,705946.0,1.0,1540201.0,66948.0
2025-12-17T14:22:43.377735,3,0.003770526105967839,-0.027796743317535875,-0.01686207830290571,425.0,35.0,1.0,999035.0,1.0,1897879.0,74103.0
2025-12-17T14:22:43.478975,4,0.003770526105967839,-0.027796743317535875,-0.01686207830290571,430.0,37.0,1.0,1184446.0,1.0,2311863.0,87204.0
2025-12-17T14:22:43.581709,5,0.003770526105967839,-0.02779674331753587,-0.01686207830290571,423.0,34.0,1.0,794994.0,1.0,2346549.0,77541.0
2025-12-17T14:22:44.078393,0,0.003770526105967839,-0.027796743317535875,-0.01686207830290571,436.0,40.0,1.0,410902.0,1.0,1600788.0,74808.0
2025-12-17T14:22:44.181098,1,0.003770526105967839,-0.027796743317535875,-0.01686207830290571,424.0,34.0,1.0,713875.0,1.0,1737420.0,72441.0
2025-12-17T14:22:44.279258,3,0.003770526105967839,-0.027796743317535875,-0.01686207830290571,421.0,33.0,1.0,1039741.0,1.0,1895953.0,74379.0
2025-12-17T14:22:44.381411,4,0.0037705261059678393,-0.02779674331753588,-0.01686207830290571,423.0,34.0,1.0,1194106.0,1.0,2293161.0,87826.0
2025-12-17T14:22:44.478349,5,0.003770526105967839,-0.027796743317535875,-0.01686207830290571,424.0,34.0,1.0,796071.0,1.0,2364887.0,77436.0
2025-12-17T14:22:45.083559,0,0.003770526105967839,-0.027796743317535875,-0.01686207830290571,414.0,30.0,1.0,412574.0,1.0,1563309.0,76395.0
2025-12-17T14:22:45.183581,1,0.003770526105967839,-0.027796743317535875,-0.01686207830290571,431.0,38.0,1.0,706185.0,1.0,1727452.0,71928.0
2025-12-17T14:22:45.281448,2,0.003770526105967839,-0.027796743317535875,-0.01686207830290571,414.0,30.0,1.0,698814.0,1.0,1541244.0,68298.0
2025-12-17T14:22:45.378011,3,0.003770526105967839,-0.027796743317535875,-0.01686207830290571,429.0,37.0,1.0,983268.0,1.0,1897879.0,73802.0
2025-12-17T14:22:45.486598,4,0.003770526105967839,-0.027796743317535875,-0.01686207830290571,418.0,32.0,1.0,1192490.0,1.0,2265390.0,88213.0
2025-12-17T14:22:45.585955,5,0.003770526105967839,-0.027796743317535875,-0.01686207830290571,411.0,29.0,1.0,798500.0,1.0,2372101.0,78412.0
2025-12-17T14:22:46.078457,1,0.03091873430779582,-0.030175025114667596,0.06716401779589155,418.0,32.0,1.0,703323.0,1.0,1715218.0,72810.0
2025-12-17T14:22:46.181604,2,0.04567450179246477,-0.029117222567018514,0.08965645037584578,434.0,39.0,1.0,711222.0,1.0,1511795.0,66948.0
2025-12-17T14:22:46.277710,3,0.05998019385763722,-0.02658157450399727,0.10847213857040451,421.0,33.0,1.0,1006160.0,1.0,1899807.0,74354.0
2025-12-17T14:22:46.383697,4,0.07210022816927228,-0.024523357755148387,0.1287726681040919,430.0,37.0,1.0,1192490.0,1.0,2317347.0,87174.0
2025-12-17T14:22:46.481415,5,0.08306104545261062,-0.02225647245850327,0.15286942179481045,416.0,31.0,1.0,811029.0,1.0,2372101.0,78015.0
2025-12-17T14:22:47.079323,0,0.1465560868299938,-0.005518817020497512,0.2925992569766844,431.0,37.0,1.0,409237.0,1.0,1611661.0,75189.0
2025-12-17T14:22:47.178387,1,0.15651836308984982,-0.0025243724800503783,0.31498264591138997,421.0,33.0,1.0,704275.0,1.0,1719868.0,72638.0
2025-12-17T14:22:47.277209,2,0.16832328582553208,0.001035015572678183,0.33057193728988243,422.0,34.0,1.0,711222.0,1.0,1536556.0,67723.0
2025-12-17T14:22:47.377856,3,0.17881357014606086,0.00542201809728857,0.3518758560399685,421.0,33.0,1.0,999373.0,1.0,1915950.0,74404.0
2025-12-17T14:22:47.480795,4,0.18965375039856794,0.009856105167193863,0.3762485631509173,431.0,38.0,1.0,1192490.0,1.0,2348933.0,87115.0
2025-12-17T14:22:47.578337,5,0.2083390162743818,0.017791499828883128,0.3950502535100883,429.0,37.0,1.0,783773.0,1.0,2382561.0,77044.0
2025-12-17T14:22:48.078819,0,0.2867782125973184,0.055459269831914654,0.4992159380684911,425.0,35.0,1.0,417350.0,1.0,1588913.0,75623.0
2025-12-17T14:22:48.181304,1,0.29647145860406626,0.06156258500390603,0.5260905797220817,423.0,34.0,1.0,687321.0,1.0,1746263.0,72490.0
2025-12-17T14:22:48.277336,2,0.3061381874510977,0.06631374639083056,0.5539580411768152,410.0,28.0,1.0,706424.0,1.0,1532401.0,68553.0
2025-12-17T14:22:48.378407,3,0.3161818506329035,0.07174205496615081,0.5766393542122774,421.0,33.0,1.0,994985.0,1.0,1890826.0,74404.0
2025-12-17T14:22:48.480620,4,0.32596756260768306,0.07831315664566907,0.5954034642926462,430.0,37.0,1.0,1168123.0,1.0,2323630.0,87204.0
2025-12-17T14:22:48.579722,5,0.334610073977687,0.0858268069421192,0.6189130505668258,423.0,34.0,1.0,778223.0,1.0,2358492.0,77514.0
2025-12-17T14:22:49.079420,0,0.3819462038176617,0.11609799148540637,0.7507322936574056,423.0,34.0,1.0,416503.0,1.0,1579797.0,75751.0
2025-12-17T14:22:49.178967,1,0.39039770337875246,0.12416779769877317,0.7717855779672664,422.0,34.0,1.0,697869.0,1.0,1731550.0,72515.0
2025-12-17T14:22:49.276576,2,0.398735941792057,0.13258311256856453,0.7903106664391178,410.0,28.0,1.0,700946.0,1.0,1531364.0,68530.0
2025-12-17T14:22:49.378742,3,0.4058876876511485,0.14133660524636538,0.8127729633055865,407.0,27.0,1.0,1017117.0,1.0,1908184.0,75393.0
2025-12-17T14:22:49.478538,4,0.4122837212494109,0.150574239725086,0.836482879942463,440.0,42.0,1.0,1225219.0,1.0,2297044.0,86323.0
2025-12-17T14:22:49.580090,5,0.42640582147545564,0.15696676708062848,0.8637631058660792,430.0,37.0,1.0,798770.0,1.0,2355301.0,76992.0
2025-12-17T14:22:50.078654,0,0.43573599841097094,0.1642993377292464,0.8877475552755758,433.0,38.0,1.0,408545.0,1.0,1582473.0,75036.0
2025-12-17T14:22:50.177871,1,0.43573599841097094,0.1642993377292464,0.8877475552755758,434.0,39.0,1.0,686159.0,1.0,1735657.0,71709.0
2025-12-17T14:22:50.283931,2,0.43573599841097094,0.1642993377292464,0.8877475552755758,422.0,34.0,1.0,694570.0,1.0,1545422.0,67723.0
2025-12-17T14:22:50.383853,3,0.43573599841097094,0.1642993377292464,0.8877475552755758,431.0,38.0,1.0,990617.0,1.0,1915950.0,73653.0
2025-12-17T14:22:50.481197,4,0.4325813349032376,0.16348226015530987,0.8841756722880524,403.0,25.0,1.0,1194510.0,1.0,2286960.0,89536.0
2025-12-17T14:22:50.577641,5,0.43346292034653056,0.16352231049729687,0.8881277302924507,436.0,40.0,1.0,787763.0,1.0,2344167.0,76576.0
2025-12-17T14:22:51.080182,0,0.4709440023979329,0.21418480563208148,1.0115255422081824,408.0,27.0,1.0,417491.0,1.0,1565427.0,76887.0
2025-12-17T14:22:51.178633,1,0.47612063397450965,0.22447710864219178,1.0315713071621975,430.0,37.0,1.0,690118.0,1.0,1740952.0,71977.0
2025-12-17T14:22:51.277720,2,0.4807534324373246,0.23402537271579937,1.0528673856990454,428.0,36.0,1.0,700946.0,1.0,1531883.0,67357.0
2025-12-17T14:22:51.382802,3,0.48599579780640256,0.24319438390101533,1.0765784348545924,414.0,30.0,1.0,1011966.0,1.0,1927006.0,74910.0
2025-12-17T14:22:51.487617,4,0.49341485827184667,0.2558981252428604,1.1043500487958156,416.0,31.0,1.0,1182443.0,1.0,2324417.0,88362.0
2025-12-17T14:22:52.079879,0,0.5160604091505554,0.3151686667634144,1.234110187384103,429.0,37.0,1.0,409791.0,1.0,1594840.0,75342.0
2025-12-17T14:22:52.183180,2,0.5206272013782833,0.32545581398528844,1.256647472821522,427.0,36.0,1.0,700235.0,1.0,1549088.0,67403.0
2025-12-17T14:22:52.282451,4,0.5178263658886406,0.34458688185773034,1.277232361078514,420.0,33.0,1.0,1186853.0,1.0,2290058.0,88004.0
2025-12-17T14:22:52.384108,5,0.5143727361809685,0.3644395567903888,1.299206056957011,428.0,36.0,1.0,815433.0,1.0,2354504.0,77122.0
2025-12-17T14:22:53.078374,0,0.5300084229696314,0.44261667894871104,1.4571647115428707,430.0,37.0,1.0,413973.0,1.0,1573927.0,75265.0
2025-12-17T14:22:53.183757,1,0.5133164742019112,0.4521310066725368,1.4870968301083975,414.0,30.0,1.0,704037.0,1.0,1738008.0,73106.0
2025-12-17T14:22:53.280443,2,0.4927744724192743,0.4617465916545974,1.5141220393264816,423.0,34.0,1.0,708579.0,1.0,1541244.0,67700.0
2025-12-17T14:22:53.378859,3,0.4938386682502575,0.4725630920285218,1.5210119820641248,429.0,37.0,1.0,1014367.0,1.0,1913358.0,73802.0
2025-12-17T14:22:53.480860,4,0.4948127206433449,0.48370612126395723,1.5222701412828876,430.0,37.0,1.0,1171687.0,1.0,2348933.0,87233.0
2025-12-17T14:22:53.581777,5,0.495271398258189,0.4951659931228382,1.5237379639749284,426.0,35.0,1.0,785101.0,1.0,2372101.0,77305.0
2025-12-17T14:22:54.079818,0,0.4887377087138163,0.5502023471037611,1.536640570707708,428.0,36.0,1.0,412435.0,1.0,1559610.0,75367.0
2025-12-17T14:22:54.180902,1,0.4747031900929536,0.5599383794320348,1.548729789406485,429.0,37.0,1.0,695746.0,1.0,1731550.0,72050.0
2025-12-17T14:22:54.277695,2,0.4749615684132385,0.5718209415380047,1.5502062568594335,426.0,35.0,1.0,712185.0,1.0,1542287.0,67494.0
2025-12-17T14:22:54.382214,3,0.474967446438301,0.5834022711318704,1.5509473767330209,419.0,32.0,1.0,1001065.0,1.0,1895953.0,74530.0
2025-12-17T14:22:54.481140,4,0.4753297904980954,0.5949356203005098,1.5526764524041008,406.0,26.0,1.0,1195724.0,1.0,2299378.0,89234.0
2025-12-17T14:22:54.577382,5,0.4755463921519173,0.6065447647314388,1.5507340975440322,418.0,32.0,1.0,792308.0,1.0,2391448.0,77909.0
2025-12-17T14:22:55.084593,0,0.47621784720890337,0.6642097747982219,1.54702231994195,430.0,37.0,1.0,408683.0,1.0,1577126.0,75265.0
2025-12-17T14:22:55.179581,1,0.4763968108682073,0.6758102674924633,1.547018708359712,424.0,35.0,1.0,679917.0,1.0,1714638.0,72392.0
2025-12-17T14:22:55.278325,2,0.4764793980247386,0.6872283534328699,1.5460397960421164,449.0,46.0,1.0,703085.0,1.0,1545422.0,66003.0
2025-12-17T14:22:55.379480,3,0.47666678198766527,0.6988313850912268,1.5470170926715408,420.0,32.0,1.0,1040093.0,1.0,1917247.0,74480.0
2025-12-17T14:22:55.480533,4,0.47674424363976164,0.7102646335984375,1.5479905066301478,428.0,36.0,1.0,1188059.0,1.0,2358492.0,87351.0
2025-12-17T14:22:55.585683,5,0.47682507099289384,0.7221620722834723,1.548984698919652,426.0,36.0,1.0,801207.0,1.0,2372101.0,77253.0
2025-12-17T14:22:56.079323,0,0.4775378917646976,0.7803406639109698,1.5507174141597473,440.0,42.0,1.0,413133.0,1.0,1560666.0,74505.0
2025-12-17T14:22:56.179091,1,0.47733623154404636,0.7921112752664353,1.5534403977731281,435.0,40.0,1.0,698342.0,1.0,1730964.0,71612.0
2025-12-17T14:22:56.279340,2,0.46469126141235184,0.800092818906799,1.5557032353203228,430.0,37.0,1.0,725076.0,1.0,1523610.0,67243.0
2025-12-17T14:22:56.379327,3,0.44801052572292305,0.8077144976830599,1.5633730770551348,419.0,32.0,1.0,999373.0,1.0,1908830.0,74505.0
2025-12-17T14:22:56.476858,4,0.4477505032915191,0.8191053711325973,1.5636082531631001,429.0,36.0,1.0,1188059.0,1.0,2293161.0,87322.0
2025-12-17T14:22:56.578590,5,0.44821054989553927,0.8306047415227826,1.5650899143996184,432.0,38.0,1.0,782183.0,1.0,2402806.0,76835.0
2025-12-17T14:22:57.079979,0,0.4490264587607175,0.8886519926443853,1.558910600208506,438.0,41.0,1.0,407027.0,1.0,1590527.0,74656.0
2025-12-17T14:22:57.182257,1,0.4485426277311919,0.8997029381745808,1.5586612073710249,421.0,33.0,1.0,701184.0,1.0,1726283.0,72638.0
2025-12-17T14:22:57.280859,2,0.4478471004240889,0.9012940155537089,1.5579896554263584,428.0,36.0,1.0,707142.0,1.0,1527741.0,67357.0
2025-12-17T14:22:57.381614,3,0.44794069850095397,0.9011980125313701,1.5584821654327163,409.0,28.0,1.0,1008888.0,1.0,1918546.0,75214.0
2025-12-17T14:22:57.480068,4,0.44794069850095397,0.9011980125313701,1.5584821654327163,411.0,29.0,1.0,1187657.0,1.0,2334666.0,88812.0
2025-12-17T14:22:57.579720,5,0.44789091391671754,0.9011494392035588,1.5582266709653259,426.0,35.0,1.0,806376.0,1.0,2364086.0,77305.0
2025-12-17T14:22:58.077947,0,0.4507402559632294,0.9276226179549979,1.5582369887607408,403.0,25.0,1.0,416362.0,1.0,1592143.0,77200.0
2025-12-17T14:22:58.185249,1,0.45078995131637073,0.9426569387594066,1.5599675591596027,423.0,34.0,1.0,697397.0,1.0,1732722.0,72490.0
2025-12-17T14:22:58.276983,2,0.4504691536681758,0.9568678014192292,1.558967606945126,426.0,36.0,1.0,719454.0,1.0,1522064.0,67448.0
2025-12-17T14:22:58.378515,3,0.45066800346754154,0.968831275776321,1.5592347319755329,419.0,32.0,1.0,1016429.0,1.0,1903669.0,74530.0
2025-12-17T14:22:58.477623,4,0.45076501269313196,0.9800927010334061,1.557997360590597,408.0,27.0,1.0,1217366.0,1.0,2346549.0,89053.0
2025-12-17T14:22:58.578795,5,0.450809831680557,0.9912386159534284,1.5594938466658241,432.0,38.0,1.0,787496.0,1.0,2410952.0,76835.0
2025-12-17T14:22:59.078944,0,0.45011826153184903,1.046006937338147,1.5602021923238156,430.0,37.0,1.0,409098.0,1.0,1571266.0,75240.0
2025-12-17T14:22:59.178648,1,0.43255649272306135,1.051221617121565,1.5832221600024896,422.0,34.0,1.0,690118.0,1.0,1726283.0,72515.0
2025-12-17T14:22:59.280338,2,0.42779868860724174,1.0612140409588604,1.588351446242123,421.0,33.0,1.0,705230.0,1.0,1542287.0,67792.0
2025-12-17T14:22:59.378760,3,0.42786330122061583,1.073073589509788,1.5923212924523669,434.0,39.0,1.0,1005820.0,1.0,1904958.0,73453.0
2025-12-17T14:22:59.479479,4,0.42760542242069005,1.0850521903419719,1.5923212924523669,416.0,31.0,1.0,1204252.0,1.0,2309517.0,88392.0
2025-12-17T14:22:59.578539,5,0.4274207059578559,1.0964012763405044,1.5910736191633015,415.0,30.0,1.0,803651.0,1.0,2380949.0,78120.0
2025-12-17T14:23:00.079753,0,0.42550616521894485,1.154632615865526,1.5916011029806205,417.0,31.0,1.0,409237.0,1.0,1585153.0,76188.0
2025-12-17T14:23:00.183248,1,0.4251129590545593,1.1664671341815178,1.5928368722028963,419.0,32.0,1.0,688485.0,1.0,1749221.0,72736.0
2025-12-17T14:23:00.278133,2,0.424436878763135,1.1780409940629495,1.5916107534749213,416.0,31.0,1.0,719210.0,1.0,1538638.0,68137.0
2025-12-17T14:23:00.383004,3,0.4241917799924727,1.1894507319488434,1.5926044960200045,406.0,26.0,1.0,1036578.0,1.0,1940094.0,75495.0
2025-12-17T14:23:00.483186,5,0.42385039808597885,1.2006034849794247,1.590117510007593,412.0,29.0,1.0,798230.0,1.0,2340996.0,78332.0
2025-12-17T14:23:01.081757,0,0.42115774329825956,1.270514003723912,1.5975123067054349,425.0,35.0,1.0,410069.0,1.0,1582473.0,75597.0
2025-12-17T14:23:01.178879,1,0.4204499106410347,1.2822776714895734,1.5980076516561994,430.0,37.0,1.0,707860.0,1.0,1711738.0,72001.0
2025-12-17T14:23:01.284535,2,0.41782857445798643,1.2927867662370145,1.5983846020898118,443.0,43.0,1.0,710019.0,1.0,1537597.0,66406.0
2025-12-17T14:23:01.378786,3,0.4014426638558068,1.294693779732868,1.6137267809591072,425.0,35.0,1.0,997683.0,1.0,1884438.0,74052.0
2025-12-17T14:23:01.480048,4,0.397402562828956,1.3040658956428817,1.6145651056148669,433.0,38.0,1.0,1176455.0,1.0,2297822.0,86968.0
2025-12-17T14:23:01.580298,5,0.3973422661192038,1.315275217496223,1.6148239073352215,410.0,28.0,1.0,792308.0,1.0,2365687.0,78491.0
2025-12-17T14:23:02.080944,0,0.39499962693815244,1.341188516385871,1.6084149284841267,440.0,42.0,1.0,410624.0,1.0,1616030.0,74530.0
2025-12-17T14:23:02.182467,1,0.39499962693815244,1.341188516385871,1.6084149284841267,418.0,32.0,1.0,693396.0,1.0,1728037.0,72834.0
2025-12-17T14:23:02.281442,2,0.39499962693815244,1.341188516385871,1.6084149284841267,429.0,37.0,1.0,710260.0,1.0,1553288.0,67311.0
2025-12-17T14:23:02.379835,3,0.3950838826789456,1.3414770305542842,1.6089086794973217,426.0,35.0,1.0,1009913.0,1.0,1920495.0,74002.0
2025-12-17T14:23:02.480848,4,0.3954663592893923,1.3489272506748131,1.606425993111471,421.0,33.0,1.0,1194510.0,1.0,2320486.0,87974.0
2025-12-17T14:23:02.579371,5,0.3966201537385701,1.3589756073239558,1.611245069261591,425.0,35.0,1.0,806103.0,1.0,2401180.0,77357.0
2025-12-17T14:23:03.078475,0,0.39341569864667675,1.424358726756693,1.5390607675657144,431.0,38.0,1.0,411180.0,1.0,1579797.0,75138.0
2025-12-17T14:23:03.183599,1,0.3949907289684403,1.4343167779254808,1.5185914302875803,419.0,32.0,1.0,701896.0,1.0,1719868.0,72736.0
2025-12-17T14:23:03.277608,3,0.39557737713507335,1.4450702723879172,1.4949704185460826,414.0,30.0,1.0,1007524.0,1.0,1899164.0,74859.0
2025-12-17T14:23:03.378519,4,0.39571131547548544,1.4564479114869004,1.47645621920337,411.0,29.0,1.0,1204252.0,1.0,2309517.0,88782.0
2025-12-17T14:23:03.482060,5,0.3972026690430368,1.4671920969536802,1.448786541430057,405.0,26.0,1.0,787230.0,1.0,2399555.0,78891.0
2025-12-17T14:23:04.076618,0,0.41066436950111257,1.5328111737387153,1.3189618948521777,440.0,42.0,1.0,410485.0,1.0,1555919.0,74530.0
2025-12-17T14:23:04.180674,1,0.40852327281543066,1.5355394548872416,1.3164060498954107,413.0,30.0,1.0,687321.0,1.0,1739185.0,73156.0
2025-12-17T14:23:04.278690,2,0.4064836547984901,1.5380042436419554,1.3126305507864189,412.0,29.0,1.0,715810.0,1.0,1548564.0,68391.0
2025-12-17T14:23:04.380879,3,0.40938876306846383,1.5491982773203161,1.286651163989811,423.0,34.0,1.0,997683.0,1.0,1907539.0,74253.0
2025-12-17T14:23:04.481070,4,0.41249468096559916,1.560081961148883,1.269177550338828,429.0,37.0,1.0,1182843.0,1.0,2314995.0,87263.0
2025-12-17T14:23:04.579179,5,0.4161141666461615,1.5715911921645127,1.24613584602215,422.0,33.0,1.0,792040.0,1.0,2399555.0,77593.0
2025-12-17T14:23:05.079229,0,0.43420454428142213,1.620460667421067,1.133958131600895,431.0,38.0,1.0,410902.0,1.0,1585153.0,75138.0
2025-12-17T14:23:05.181636,1,0.4334865496845075,1.6254697694575906,1.1230909933190758,419.0,32.0,1.0,687321.0,1.0,1726868.0,72736.0
2025-12-17T14:23:05.277302,2,0.4383565829880997,1.6349757052998402,1.099337860862108,406.0,26.0,1.0,717265.0,1.0,1549613.0,68809.0
2025-12-17T14:23:05.382515,3,0.44345803749122226,1.6450731818596458,1.084005398617089,418.0,32.0,1.0,1029585.0,1.0,1945354.0,74581.0
2025-12-17T14:23:05.478085,4,0.4488162352119502,1.6546950430205742,1.0585319261259212,425.0,35.0,1.0,1213663.0,1.0,2297044.0,87618.0
2025-12-17T14:23:05.577217,5,0.4549374362048131,1.6641662863448743,1.0365756937978619,434.0,39.0,1.0,799852.0,1.0,2388212.0,76679.0
2025-12-17T14:23:06.180106,1,0.49696068855106346,1.7290315378759202,0.901727746773825,436.0,40.0,1.0,703799.0,1.0,1703070.0,71564.0
2025-12-17T14:23:06.276678,2,0.5041685961582477,1.738565574595219,0.8831764466652637,430.0,37.0,1.0,712185.0,1.0,1521034.0,67243.0
2025-12-17T14:23:06.378664,3,0.5113186365988955,1.7467303376632146,0.8534161307045551,424.0,35.0,1.0,1011966.0,1.0,1922446.0,74128.0
2025-12-17T14:23:06.480778,4,0.5189791897721191,1.7556439261928214,0.8285876435217349,416.0,31.0,1.0,1175261.0,1.0,2323630.0,88392.0
2025-12-17T14:23:06.577781,5,0.5266260252859157,1.7643371951549827,0.8095675659989243,431.0,38.0,1.0,803107.0,1.0,2367289.0,76887.0
2025-12-17T14:23:07.080432,0,0.5347736584272107,1.7725768712842136,0.8023604750569115,410.0,28.0,1.0,411598.0,1.0,1582473.0,76705.0
2025-12-17T14:23:07.182915,1,0.5382010812207224,1.7736331899503663,0.7933188815582828,417.0,31.0,1.0,700946.0,1.0,1759314.0,72908.0
2025-12-17T14:23:07.283917,2,0.5471355653084121,1.7783608290475728,0.7752818996218089,431.0,37.0,1.0,717023.0,1.0,1520004.0,67175.0
2025-12-17T14:23:07.378708,3,0.5567527709509478,1.787464268417474,0.7490340233063086,420.0,32.0,1.0,1017461.0,1.0,1912711.0,74480.0
2025-12-17T14:23:07.477701,4,0.5658977214098757,1.7989162040484097,0.7222683567857837,430.0,37.0,1.0,1219428.0,1.0,2296267.0,87233.0
2025-12-17T14:23:07.581199,5,0.5755931616605762,1.8099371359628411,0.6931472542399318,425.0,35.0,1.0,802564.0,1.0,2396309.0,77357.0
2025-12-17T14:23:08.078114,0,0.6196923453301105,1.8435499421555064,0.5844447979555221,426.0,35.0,1.0,410485.0,1.0,1617125.0,75520.0
2025-12-17T14:23:08.182605,1,0.6288254380875162,1.8497501055354637,0.5656675850703762,403.0,25.0,1.0,703085.0,1.0,1743310.0,73902.0
2025-12-17T14:23:08.280406,2,0.6382018263564587,1.8564218822474081,0.5376890164701703,410.0,28.0,1.0,701184.0,1.0,1540201.0,68553.0
2025-12-17T14:23:08.380571,3,0.6475935787633674,1.8614752709248352,0.509971526720381,424.0,34.0,1.0,1018495.0,1.0,1928963.0,74178.0
2025-12-17T14:23:08.478986,4,0.6536017204104186,1.8646679340706813,0.49969483144308025,416.0,31.0,1.0,1202216.0,1.0,2342581.0,88362.0
2025-12-17T14:23:08.582289,5,0.6621281813233992,1.8707290607357014,0.48294415452752304,416.0,31.0,1.0,788296.0,1.0,2362487.0,78015.0
2025-12-17T14:23:09.078844,0,0.7130535416939101,1.8954687388729263,0.37220243604094805,420.0,33.0,1.0,415939.0,1.0,1580867.0,75982.0
2025-12-17T14:23:09.178324,1,0.7235357217820887,1.8979434283302636,0.35190441676644185,421.0,33.0,1.0,681760.0,1.0,1742131.0,72638.0
2025-12-17T14:23:09.282855,2,0.7339753169665669,1.9013583125181401,0.3274528251584416,422.0,33.0,1.0,712427.0,1.0,1536556.0,67746.0
2025-12-17T14:23:09.381031,3,0.7465467343861866,1.9028439853431363,0.3055422050345683,415.0,30.0,1.0,1007524.0,1.0,1899164.0,74833.0
2025-12-17T14:23:09.478565,4,0.7585330316233776,1.9046540646437216,0.2785259160980746,421.0,33.0,1.0,1213663.0,1.0,2340996.0,87945.0
2025-12-17T14:23:09.578220,5,0.7698529968615229,1.9070887284921436,0.25070970290203864,406.0,26.0,1.0,788296.0,1.0,2356099.0,78837.0
2025-12-17T14:23:10.078669,0,0.8235869651669073,1.9157234606878453,0.1293561527828492,434.0,39.0,1.0,410485.0,1.0,1550662.0,74960.0
2025-12-17T14:23:10.177817,1,0.8356026205317997,1.9174273659500491,0.10588021872521877,416.0,31.0,1.0,669187.0,1.0,1721616.0,73007.0
2025-12-17T14:23:10.277158,2,0.8479162370055234,1.9191147919491487,0.09227823506491005,430.0,37.0,1.0,702371.0,1.0,1547516.0,67198.0
2025-12-17T14:23:10.378071,3,0.8602645639092167,1.9187481990892299,0.06608011354600109,413.0,29.0,1.0,1017461.0,1.0,1936158.0,74986.0
2025-12-17T14:23:10.477821,4,0.8727240823455906,1.9172452573374164,0.0381373762344586,412.0,29.0,1.0,1222320.0,1.0,2301714.0,88752.0
2025-12-17T14:23:10.582820,5,0.8841703834450371,1.9180311308560476,0.019081994374961494,429.0,37.0,1.0,799852.0,1.0,2376119.0,77044.0
2025-12-17T14:23:11.076954,0,0.9399705031907425,1.915140196250244,-0.09440930428754224,410.0,28.0,1.0,414254.0,1.0,1581938.0,76679.0
2025-12-17T14:23:11.189333,2,0.9420988807504498,1.915939577508057,-0.09910978168192831,416.0,31.0,1.0,692458.0,1.0,1515381.0,68160.0
2025-12-17T14:23:11.280576,3,0.9412047241254515,1.917077360637894,-0.0987937624172267,420.0,33.0,1.0,1002761.0,1.0,1885076.0,74455.0
2025-12-17T14:23:11.381364,4,0.9396998764863367,1.918439794151781,-0.09507789248191603,425.0,35.0,1.0,1184045.0,1.0,2362487.0,87648.0
2025-12-17T14:23:11.483468,5,0.9398470725427104,1.9184737429097969,-0.09482973952943169,427.0,36.0,1.0,791772.0,1.0,2387404.0,77200.0
2025-12-17T14:23:12.081366,0,1.0073618095579484,1.906157713632807,-0.22473182271675493,425.0,35.0,1.0,410763.0,1.0,1555919.0,75597.0
2025-12-17T14:23:12.177708,1,1.0191188647661178,1.9045463984488973,-0.2470050815718489,438.0,41.0,1.0,691287.0,1.0,1728622.0,71467.0
2025-12-17T14:23:12.279439,2,1.029722800434863,1.9023364442473611,-0.27004035430232637,431.0,38.0,1.0,726304.0,1.0,1523610.0,67152.0
2025-12-17T14:23:12.377077,3,1.0396158475192117,1.8989602726578139,-0.29455989807361577,422.0,34.0,1.0,1018150.0,1.0,1914654.0,74304.0
2025-12-17T14:23:12.479571,4,1.0497091736763409,1.895667971317534,-0.3175715551348224,431.0,38.0,1.0,1209153.0,1.0,2310299.0,87086.0
2025-12-17T14:23:12.577890,5,1.0555318834009424,1.8924766343328088,-0.3381876042221229,418.0,32.0,1.0,806376.0,1.0,2387404.0,77856.0
2025-12-17T14:23:13.078776,0,1.101602620554162,1.8693405196271295,-0.45034395688543977,435.0,39.0,1.0,412016.0,1.0,1588913.0,74884.0
2025-12-17T14:23:13.178507,1,1.111029588074159,1.8640650368625553,-0.4739407287759095,430.0,37.0,1.0,695511.0,1.0,1704800.0,71977.0
2025-12-17T14:23:13.279976,2,1.1202348248265512,1.8585749186512364,-0.5037118500831289,406.0,26.0,1.0,702609.0,1.0,1555392.0,68809.0
2025-12-17T14:23:13.384100,3,1.1298636413698366,1.8531256855990283,-0.526165043935579,419.0,32.0,1.0,1017117.0,1.0,1939437.0,74505.0
2025-12-17T14:23:13.478440,4,1.1443608053854675,1.8496222472715278,-0.540735477359329,415.0,30.0,1.0,1202216.0,1.0,2281548.0,88482.0
2025-12-17T14:23:13.578998,5,1.1599607306149207,1.8470557038810675,-0.5624823285641429,419.0,32.0,1.0,784304.0,1.0,2372904.0,77830.0
2025-12-17T14:23:14.079639,0,1.204878042920851,1.8136302380367118,-0.6762167658226423,428.0,36.0,1.0,409791.0,1.0,1581938.0,75393.0
2025-12-17T14:23:14.182030,1,1.2134586864884138,1.8065339573917736,-0.7047549627547799,420.0,33.0,1.0,698342.0,1.0,1718123.0,72687.0
2025-12-17T14:23:14.279268,2,1.2231571203049034,1.7988637685890907,-0.7251705086089171,416.0,31.0,1.0,717023.0,1.0,1530846.0,68160.0
2025-12-17T14:23:14.377397,3,1.234292964821033,1.7922427673261176,-0.7392810706499334,424.0,35.0,1.0,1021602.0,1.0,1928310.0,74128.0
2025-12-17T14:23:14.478541,4,1.2472623661706503,1.7851936629892673,-0.7629233448201422,425.0,35.0,1.0,1231455.0,1.0,2355301.0,87588.0
2025-12-17T14:23:15.079705,0,1.2930307050916368,1.7350925513548225,-0.8972245570754898,430.0,37.0,1.0,413553.0,1.0,1566487.0,75265.0
2025-12-17T14:23:15.181226,1,1.2996655390954226,1.726313718110094,-0.9167445998947189,421.0,33.0,1.0,685926.0,1.0,1764084.0,72613.0
2025-12-17T14:23:15.279447,2,1.3062630445783205,1.714302323036889,-0.9462948933074966,416.0,31.0,1.0,709779.0,1.0,1542287.0,68114.0
2025-12-17T14:23:15.378632,4,1.313782557290177,1.6980037759664286,-0.9759635507483932,406.0,26.0,1.0,1221907.0,1.0,2305612.0,89234.0
2025-12-17T14:23:15.478347,5,1.3200116743319317,1.6890829958511253,-0.9944465582762905,430.0,37.0,1.0,789364.0,1.0,2347343.0,76992.0
2025-12-17T14:23:16.078431,0,1.3280333068364003,1.6733544832745826,-1.037688542160131,428.0,36.0,1.0,407716.0,1.0,1593761.0,75367.0
2025-12-17T14:23:16.179065,1,1.3369149987059004,1.6611753937753813,-1.065279722876215,432.0,38.0,1.0,685926.0,1.0,1716960.0,71879.0
2025-12-17T14:23:16.281692,2,1.353818711300833,1.6479418804057067,-1.0903350727113623,424.0,34.0,1.0,715084.0,1.0,1547516.0,67608.0
2025-12-17T14:23:16.382886,3,1.3613098718663068,1.6363576621876519,-1.1088619472817132,408.0,27.0,1.0,1025065.0,1.0,1924399.0,75291.0
2025-12-17T14:23:16.481859,4,1.3678341271684713,1.6254028751505942,-1.1310241537114047,429.0,37.0,1.0,1197749.0,1.0,2342581.0,87292.0
2025-12-17T14:23:16.578306,5,1.3732199143268367,1.6147785763201083,-1.1510100960095886,424.0,34.0,1.0,792308.0,1.0,2352115.0,77436.0
2025-12-17T14:23:17.080118,0,1.389571782903719,1.5637073874500327,-1.2658110108333407,431.0,37.0,1.0,417067.0,1.0,1570734.0,75189.0
2025-12-17T14:23:17.182022,1,1.3936937023923448,1.5524413619477258,-1.2834324993859225,423.0,34.0,1.0,695040.0,1.0,1725699.0,72490.0
2025-12-17T14:23:17.281012,2,1.3975810823613402,1.5411385519281506,-1.308889366681939,428.0,36.0,1.0,730742.0,1.0,1533958.0,67357.0
2025-12-17T14:23:17.381584,3,1.4005638370208309,1.5296670290836902,-1.3335208384011352,415.0,30.0,1.0,1001743.0,1.0,1919195.0,74833.0
2025-12-17T14:23:17.480266,4,1.4046141244039103,1.5184027245715193,-1.3551023188948474,425.0,35.0,1.0,1197749.0,1.0,2347343.0,87588.0
2025-12-17T14:23:17.580811,5,1.4087584512249482,1.5070114559735441,-1.3793034727582862,413.0,30.0,1.0,783243.0,1.0,2362487.0,78253.0
2025-12-17T14:23:18.078419,0,1.4244131313840556,1.4484447782297356,-1.4867229916356057,405.0,26.0,1.0,411738.0,1.0,1591604.0,77070.0
2025-12-17T14:23:18.180703,1,1.4253917445780533,1.4370245778889161,-1.5039586778411438,431.0,38.0,1.0,686391.0,1.0,1717542.0,71928.0
2025-12-17T14:23:18.277971,2,1.42682992534837,1.4257346504959396,-1.5272437808442656,430.0,37.0,1.0,719697.0,1.0,1544377.0,67243.0
2025-12-17T14:23:18.386202,3,1.4266535042188746,1.4150452077349505,-1.5500127450604662,414.0,30.0,1.0,1028541.0,1.0,1930923.0,74910.0
2025-12-17T14:23:18.478652,4,1.4266430172433835,1.4043432980269908,-1.5803222329054865,400.0,21.0,1.0,1209153.0,1.0,2291609.0,90328.0
2025-12-17T14:23:18.578635,5,1.4286192104888404,1.3894549125603661,-1.6088218398240246,426.0,36.0,1.0,806922.0,1.0,2368090.0,77253.0
2025-12-17T14:23:19.080693,0,1.4251529997827053,1.33086875152349,-1.7256698808444426,413.0,29.0,1.0,421466.0,1.0,1605128.0,76498.0
2025-12-17T14:23:19.188021,1,1.4230290501636598,1.320464623649359,-1.7501060524363148,421.0,33.0,1.0,703799.0,1.0,1740363.0,72588.0
2025-12-17T14:23:19.277389,2,1.419898831522356,1.3106641795864917,-1.7768846258207964,420.0,32.0,1.0,716295.0,1.0,1534477.0,67906.0
2025-12-17T14:23:19.378785,3,1.4172943078217288,1.3001127936602466,-1.7996409570471565,408.0,27.0,1.0,1022294.0,1.0,1928310.0,75342.0
2025-12-17T14:23:19.478704,4,1.4040611116936283,1.2898937341609762,-1.7990056691240268,418.0,32.0,1.0,1184847.0,1.0,2314995.0,88213.0
2025-12-17T14:23:19.578412,5,1.3981782909333078,1.2780823949936189,-1.7983821448632848,430.0,37.0,1.0,789364.0,1.0,2356099.0,76992.0
2025-12-17T14:23:20.077405,0,1.3871345872661591,1.2212618367433532,-1.7974215748610154,443.0,43.0,1.0,415377.0,1.0,1581938.0,74278.0
2025-12-17T14:23:20.182518,1,1.384602857300197,1.2100534673137557,-1.7956926634450598,418.0,32.0,1.0,713633.0,1.0,1770664.0,72810.0
2025-12-17T14:23:20.277287,2,1.3824970170038182,1.1983169689402424,-1.7986715128651751,406.0,26.0,1.0,705230.0,1.0,1548564.0,68809.0
2025-12-17T14:23:20.378100,3,1.3667816767839804,1.1967610896275753,-1.7871613425266553,421.0,33.0,1.0,1004119.0,1.0,1914006.0,74354.0
2025-12-17T14:23:20.482379,4,1.3587792539604684,1.188887039598693,-1.7830734040233804,425.0,35.0,1.0,1219015.0,1.0,2304052.0,87588.0
2025-12-17T14:23:20.579185,5,1.356598771721659,1.1775007155031878,-1.7850414903958138,423.0,34.0,1.0,793113.0,1.0,2351319.0,77514.0
2025-12-17T14:23:21.078249,0,1.3456305084994942,1.1212211342838754,-1.7810664843346669,428.0,36.0,1.0,415939.0,1.0,1614390.0,75367.0
2025-12-17T14:23:21.181019,1,1.3434325779270664,1.1099842351521376,-1.7800717141679765,421.0,33.0,1.0,698105.0,1.0,1738597.0,72588.0
2025-12-17T14:23:21.281898,2,1.3407418214761004,1.0989747820687574,-1.7817903296291373,427.0,36.0,1.0,697397.0,1.0,1544377.0,67448.0
2025-12-17T14:23:21.380505,3,1.3383881144629748,1.0879919065523487,-1.7812600621071184,409.0,28.0,1.0,1042207.0,1.0,1923747.0,75240.0
2025-12-17T14:23:21.479933,4,1.3358353683556015,1.076539792385893,-1.7862076664521371,419.0,32.0,1.0,1191684.0,1.0,2355301.0,88153.0
2025-12-17T14:23:21.580711,5,1.3330995596008663,1.0653772842727471,-1.78669655059015,435.0,40.0,1.0,805557.0,1.0,2368090.0,76576.0
2025-12-17T14:23:22.078860,0,1.3204122763525246,1.0083137791695527,-1.7827359366951585,416.0,31.0,1.0,420184.0,1.0,1577660.0,76291.0
2025-12-17T14:23:22.182806,1,1.3180255944335373,0.9965019785029213,-1.7830123680079362,420.0,32.0,1.0,706902.0,1.0,1749221.0,72711.0
2025-12-17T14:23:22.279639,2,1.315237510990863,0.9860752669989091,-1.783746920694923,422.0,34.0,1.0,722871.0,1.0,1538117.0,67723.0
2025-12-17T14:23:22.378727,3,1.3128698949693054,0.9746998189522452,-1.7842459516280724,414.0,30.0,1.0,1005139.0,1.0,1903669.0,74910.0
2025-12-17T14:23:22.480540,4,1.3102245400334078,0.9636978011951772,-1.7858940418529363,421.0,33.0,1.0,1225634.0,1.0,2362487.0,87945.0
2025-12-17T14:23:22.580338,5,1.3074168608347498,0.9528137398642397,-1.7871140977072895,427.0,36.0,1.0,789097.0,1.0,2362487.0,77200.0
2025-12-17T14:23:23.077447,0,1.291935115749338,0.9050026317570473,-1.7795784663749763,432.0,38.0,1.0,415377.0,1.0,1604042.0,75087.0
2025-12-17T14:23:23.179438,1,1.2895577898937713,0.8931223476776246,-1.781299395931357,405.0,26.0,1.0,694570.0,1.0,1752183.0,73777.0
2025-12-17T14:23:23.279576,3,1.2871854356335997,0.882131771216312,-1.7794919448810564,415.0,30.0,1.0,1022294.0,1.0,1949308.0,74833.0
2025-12-17T14:23:23.379255,4,1.287848392037026,0.8795158469241365,-1.7787666360942949,434.0,39.0,1.0,1192490.0,1.0,2296267.0,86821.0
2025-12-17T14:23:23.478504,5,1.288272561305821,0.8789894135307398,-1.7795069948455173,424.0,35.0,1.0,808836.0,1.0,2398743.0,77410.0
2025-12-17T14:23:24.077362,0,1.2797502426482306,0.8523531042671159,-1.7802513763129488,415.0,30.0,1.0,416362.0,1.0,1627007.0,76317.0
2025-12-17T14:23:24.181259,1,1.2764545349249101,0.8375206428819029,-1.781482778749485,431.0,38.0,1.0,696453.0,1.0,1713477.0,71904.0
2025-12-17T14:23:24.277179,2,1.2740843214859512,0.823928657146354,-1.7802610819514284,429.0,37.0,1.0,700709.0,1.0,1530846.0,67311.0
2025-12-17T14:23:24.378994,3,1.2719988578442216,0.8111457120739379,-1.7800194106623548,414.0,30.0,1.0,1034476.0,1.0,1914006.0,74884.0
2025-12-17T14:23:24.477396,4,1.2700322193110218,0.7993475869998294,-1.7773183310687624,426.0,36.0,1.0,1208335.0,1.0,2340204.0,87499.0
2025-12-17T14:23:24.578492,5,1.2677364838958125,0.7881695688790236,-1.7790480646944675,423.0,34.0,1.0,783243.0,1.0,2352911.0,77541.0
2025-12-17T14:23:25.179540,1,1.2536554007929468,0.7221821019513843,-1.7761064393757755,402.0,25.0,1.0,688718.0,1.0,1755745.0,73977.0
2025-12-17T14:23:25.277919,2,1.2514622293020325,0.7104536468776502,-1.776360628187512,425.0,35.0,1.0,721893.0,1.0,1520004.0,67562.0
2025-12-17T14:23:25.377605,3,1.2491531259486357,0.6992130429142605,-1.77810145154384,414.0,30.0,1.0,1016085.0,1.0,1917247.0,74859.0
2025-12-17T14:23:25.478483,4,1.2469906288684172,0.6867303773325195,-1.776809978751543,423.0,34.0,1.0,1212021.0,1.0,2310299.0,87826.0
2025-12-17T14:23:25.578251,5,1.2467080175638217,0.6676915852032181,-1.7798471404346807,416.0,31.0,1.0,781654.0,1.0,2390638.0,78015.0
2025-12-17T14:23:26.078068,0,1.2350746154672692,0.6092802669907322,-1.7768214907162956,420.0,33.0,1.0,415096.0,1.0,1563309.0,75982.0
2025-12-17T14:23:26.179485,1,1.2322930876950995,0.5980478358431564,-1.776580117431109,417.0,31.0,1.0,705230.0,1.0,1735657.0,72933.0
2025-12-17T14:23:26.279504,2,1.2300962363198704,0.5866208790060371,-1.7790612839112991,426.0,35.0,1.0,717023.0,1.0,1547516.0,67517.0
2025-12-17T14:23:26.378039,3,1.2272186761213664,0.5760679593603714,-1.7822879299137864,410.0,28.0,1.0,1020220.0,1.0,1917247.0,75214.0
2025-12-17T14:23:26.477320,4,1.2248730203948175,0.5646946516130958,-1.7812777031890437,419.0,32.0,1.0,1182043.0,1.0,2327565.0,88153.0
2025-12-17T14:23:26.582718,5,1.2229470738191774,0.5533590285981577,-1.7773285880445477,418.0,32.0,1.0,796610.0,1.0,2352911.0,77856.0
2025-12-17T14:23:27.079973,0,1.2116600098632655,0.49469043451228967,-1.774371314854708,409.0,28.0,1.0,412714.0,1.0,1585690.0,76783.0
2025-12-17T14:23:27.180887,1,1.2094433734140742,0.4832055033802416,-1.772653928084586,415.0,30.0,1.0,705946.0,1.0,1749813.0,73057.0
2025-12-17T14:23:27.278311,2,1.2072872404776274,0.47178885736297527,-1.7746075127642584,414.0,30.0,1.0,700472.0,1.0,1530846.0,68252.0
2025-12-17T14:23:27.378695,3,1.204899083046558,0.46047634781256475,-1.7763274419318469,421.0,33.0,1.0,1017806.0,1.0,1917247.0,74404.0
2025-12-17T14:23:27.478842,4,1.2027605553411682,0.4493031132044113,-1.7773124183579336,430.0,37.0,1.0,1202216.0,1.0,2300156.0,87204.0
2025-12-17T14:23:27.583976,5,1.2001042562370074,0.43822956708293614,-1.7770543550727809,431.0,37.0,1.0,789364.0,1.0,2390638.0,76939.0
2025-12-17T14:23:28.077665,0,1.2118542935535648,0.42413153429676365,-1.7427448658846114,416.0,31.0,1.0,420042.0,1.0,1579797.0,76265.0
2025-12-17T14:23:28.182676,1,1.2118542935535648,0.42413153429676365,-1.7427448658846114,422.0,33.0,1.0,713633.0,1.0,1758124.0,72588.0
2025-12-17T14:23:28.279516,2,1.211631142645962,0.42397442132640517,-1.7427448658846114,440.0,42.0,1.0,723850.0,1.0,1543332.0,66564.0
2025-12-17T14:23:28.379437,3,1.2095395039373333,0.4166603815064231,-1.7454619679293246,418.0,32.0,1.0,1024025.0,1.0,1953932.0,74606.0
2025-12-17T14:23:28.479254,4,1.2073600534525677,0.40567036331244044,-1.74423197071871,414.0,30.0,1.0,1193298.0,1.0,2296267.0,88572.0
2025-12-17T14:23:28.578357,5,1.2044655950747154,0.3912582589266531,-1.7427031245387803,439.0,42.0,1.0,803651.0,1.0,2383368.0,76291.0
2025-12-17T14:23:29.078682,0,1.1941576770707565,0.3310039507010767,-1.7429996644949668,424.0,35.0,1.0,410902.0,1.0,1593761.0,75648.0
2025-12-17T14:23:29.180369,1,1.1924056673245904,0.31944393416558736,-1.7407447535610328,427.0,36.0,1.0,720672.0,1.0,1745672.0,72221.0
2025-12-17T14:23:29.281209,2,1.190092631837723,0.3084582452220256,-1.7390542667087523,414.0,30.0,1.0,719210.0,1.0,1538638.0,68298.0
2025-12-17T14:23:29.379066,3,1.1884911118791586,0.2972988345429717,-1.7385838738649757,411.0,28.0,1.0,1020220.0,1.0,1926353.0,75138.0
2025-12-17T14:23:29.482720,4,1.186584233777695,0.2857985012364318,-1.7388206213939155,436.0,40.0,1.0,1197343.0,1.0,2326778.0,86733.0
2025-12-17T14:23:29.581383,5,1.184599685214201,0.274675041697076,-1.7378358757163999,417.0,31.0,1.0,787496.0,1.0,2350523.0,77935.0
2025-12-17T14:23:30.079614,0,1.1741852745314962,0.21747252896366018,-1.7395652978712968,409.0,28.0,1.0,416503.0,1.0,1606759.0,76783.0
2025-12-17T14:23:30.179087,2,1.1725747492322884,0.2058051637924277,-1.7405581480852015,415.0,30.0,1.0,710981.0,1.0,1538638.0,68229.0
2025-12-17T14:23:30.277697,3,1.1699332079767613,0.19484798221232277,-1.7395715794230244,419.0,32.0,1.0,1040445.0,1.0,1917896.0,74530.0
2025-12-17T14:23:30.378661,5,1.1684509757209711,0.1833200169104441,-1.7410509243422616,423.0,34.0,1.0,778750.0,1.0,2346549.0,77514.0
2025-12-17T14:23:31.080539,0,1.1647641022286204,0.11070290481471132,-1.823061987854939,440.0,42.0,1.0,414815.0,1.0,1584617.0,74530.0
2025-12-17T14:23:31.177682,1,1.1617824115796114,0.09941417389225357,-1.852491399864146,428.0,36.0,1.0,714600.0,1.0,1743310.0,72123.0
2025-12-17T14:23:31.280602,2,1.1582188417453732,0.0890233896851049,-1.8704745205146605,410.0,28.0,1.0,720428.0,1.0,1530846.0,68576.0
2025-12-17T14:23:31.378601,3,1.155370908993246,0.0783177782471717,-1.8909015407280858,419.0,32.0,1.0,1047511.0,1.0,1937469.0,74505.0
2025-12-17T14:23:31.478784,4,1.1509640548581863,0.06857777105770788,-1.9160364064371478,410.0,28.0,1.0,1222320.0,1.0,2306393.0,88902.0
2025-12-17T14:23:31.579364,5,1.1460275035467193,0.059463375302130556,-1.950413625725259,416.0,31.0,1.0,785633.0,1.0,2376923.0,78015.0
2025-12-17T14:23:32.080199,0,1.124134643282319,0.005271539714430534,-2.0505590775716005,424.0,35.0,1.0,416644.0,1.0,1630314.0,75648.0
2025-12-17T14:23:32.181048,1,1.1195466992178988,-0.004859792050654371,-2.066384376618129,418.0,32.0,1.0,707620.0,1.0,1735070.0,72859.0
2025-12-17T14:23:32.278698,2,1.1142571128006011,-0.01475152750910158,-2.092909089123371,401.0,24.0,1.0,706424.0,1.0,1547516.0,69135.0
2025-12-17T14:23:32.381979,3,1.1079462364019759,-0.024673722459416625,-2.116866639071881,420.0,33.0,1.0,1017117.0,1.0,1921795.0,74455.0
2025-12-17T14:23:32.483066,4,1.1051729117664204,-0.033793565863003916,-2.1329926585259154,436.0,40.0,1.0,1184446.0,1.0,2278462.0,86733.0
2025-12-17T14:23:32.582264,5,1.1102482615189673,-0.04001826547467657,-2.14388386781155,418.0,32.0,1.0,786431.0,1.0,2343374.0,77909.0
2025-12-17T14:23:33.077720,0,1.0787233120699018,-0.08473793254361234,-2.257729759562555,428.0,36.0,1.0,421323.0,1.0,1604042.0,75367.0
2025-12-17T14:23:33.178726,1,1.071626143787255,-0.09265315436998647,-2.280893211758615,422.0,34.0,1.0,702609.0,1.0,1742131.0,72539.0
2025-12-17T14:23:33.278180,2,1.0645667765928104,-0.10062916705151084,-2.29866375115973,433.0,38.0,1.0,719941.0,1.0,1503631.0,67061.0
2025-12-17T14:23:33.379315,3,1.0576250623215162,-0.10921347624540154,-2.3236979285115984,413.0,29.0,1.0,1019875.0,1.0,1936158.0,74986.0
2025-12-17T14:23:33.479712,4,1.0498208991308322,-0.11815851115985698,-2.350658264924813,425.0,35.0,1.0,1203845.0,1.0,2336247.0,87618.0
2025-12-17T14:23:33.582198,5,1.041113771707939,-0.1337185727886927,-2.366185998235471,446.0,45.0,1.0,803107.0,1.0,2365687.0,75828.0
2025-12-17T14:23:34.080033,0,0.9987664209086313,-0.1743180643453984,-2.4665750619349547,428.0,36.0,1.0,416362.0,1.0,1594300.0,75393.0
2025-12-17T14:23:34.179794,1,0.9908690423294144,-0.18218665548733143,-2.4890466989107805,421.0,33.0,1.0,712668.0,1.0,1742131.0,72638.0
2025-12-17T14:23:34.276648,2,0.9817905981451055,-0.1890436091109392,-2.517003880525747,433.0,38.0,1.0,719454.0,1.0,1538638.0,67061.0
2025-12-17T14:23:34.377884,3,0.972648629049298,-0.1962177690355754,-2.5436833697157573,429.0,37.0,1.0,1027497.0,1.0,1916599.0,73827.0
2025-12-17T14:23:34.478424,4,0.9661190442929248,-0.19855109930438405,-2.564258575972226,420.0,32.0,1.0,1180843.0,1.0,2291609.0,88064.0
2025-12-17T14:23:34.578190,5,0.966452706587849,-0.19912403108954657,-2.568980626907897,426.0,35.0,1.0,784570.0,1.0,2394687.0,77253.0
2025-12-17T14:23:35.086875,0,0.9449060214845791,-0.20876139029162147,-2.5857988550974675,417.0,31.0,1.0,418198.0,1.0,1601872.0,76214.0
2025-12-17T14:23:35.178513,1,0.936770236940287,-0.21403502647221154,-2.5867835207352656,429.0,37.0,1.0,704514.0,1.0,1764084.0,72050.0
2025-12-17T14:23:35.279337,2,0.9243083387297257,-0.22206922544299368,-2.5877656202947747,412.0,29.0,1.0,718723.0,1.0,1542287.0,68391.0
2025-12-17T14:23:35.380394,3,0.9132715688190929,-0.23653978796082326,-2.5887113006943734,407.0,27.0,1.0,1010255.0,1.0,1938125.0,75393.0
2025-12-17T14:23:35.479677,4,0.9024810871778951,-0.24921080396741838,-2.5867471197525567,426.0,36.0,1.0,1190071.0,1.0,2305612.0,87499.0
2025-12-17T14:23:35.578284,5,0.8934848031159858,-0.25534394627133855,-2.5877359183452002,418.0,32.0,1.0,792576.0,1.0,2334666.0,77856.0
2025-12-17T14:23:36.079005,0,0.8457606314795917,-0.28403676614900764,-2.586797512776614,439.0,41.0,1.0,421323.0,1.0,1584617.0,74606.0
2025-12-17T14:23:36.178886,1,0.8357641693940071,-0.29067382802281483,-2.586298074243861,424.0,34.0,1.0,706902.0,1.0,1767072.0,72417.0
2025-12-17T14:23:36.280549,2,0.8253841756164882,-0.2966039236940308,-2.5880286028627277,429.0,37.0,1.0,717023.0,1.0,1542287.0,67311.0
2025-12-17T14:23:36.381666,3,0.8160645583026173,-0.3027956017994323,-2.5899982439998372,400.0,24.0,1.0,1065749.0,1.0,1931576.0,75905.0
2025-12-17T14:23:36.477324,4,0.805831533595209,-0.30793166404389605,-2.5877798859799186,431.0,37.0,1.0,1203438.0,1.0,2306393.0,87145.0
2025-12-17T14:23:36.578541,5,0.7967906631127517,-0.3142470180527243,-2.5905039392378297,424.0,34.0,1.0,781125.0,1.0,2367289.0,77436.0
2025-12-17T14:23:37.079071,0,0.7476072806672636,-0.3429360177499683,-2.5927648671821077,419.0,32.0,1.0,412156.0,1.0,1609480.0,76008.0
2025-12-17T14:23:37.180962,1,0.73732123479243,-0.34863057927995433,-2.5880650794428774,407.0,27.0,1.0,707860.0,1.0,1744491.0,73653.0
2025-12-17T14:23:37.281188,2,0.7266662812918186,-0.35470982212034563,-2.588806723062838,427.0,36.0,1.0,698578.0,1.0,1558027.0,67448.0
2025-12-17T14:23:37.380077,3,0.7171190741930182,-0.3612553453852659,-2.5927158276507654,417.0,31.0,1.0,1009913.0,1.0,1942722.0,74707.0
2025-12-17T14:23:37.477880,4,0.7072682616405715,-0.3672105293642727,-2.596450303329418,409.0,28.0,1.0,1217366.0,1.0,2286960.0,88963.0
2025-12-17T14:23:38.078727,0,0.6549727514374325,-0.399183931387002,-2.593137917550282,427.0,36.0,1.0,419900.0,1.0,1579797.0,75469.0
2025-12-17T14:23:38.185010,1,0.6548807542369697,-0.39995992623793963,-2.590033977514655,419.0,32.0,1.0,708819.0,1.0,1748037.0,72785.0
2025-12-17T14:23:38.279879,2,0.6452709850809651,-0.40646647171808126,-2.5947538080326153,433.0,39.0,1.0,710260.0,1.0,1520004.0,67016.0
2025-12-17T14:23:38.377691,4,0.6354420588425685,-0.41297179554492713,-2.590051832852238,420.0,33.0,1.0,1196128.0,1.0,2297822.0,88004.0
2025-12-17T14:23:38.482118,5,0.6259437686757079,-0.4194122688533971,-2.593758275559524,424.0,34.0,1.0,781654.0,1.0,2339412.0,77436.0
2025-12-17T14:23:39.081001,0,0.591892239423172,-0.4426403388928073,-2.593513186026085,431.0,38.0,1.0,417774.0,1.0,1588913.0,75138.0
2025-12-17T14:23:39.182064,1,0.591892239423172,-0.4426403388928073,-2.593513186026085,420.0,33.0,1.0,704275.0,1.0,1746263.0,72687.0
2025-12-17T14:23:39.282088,2,0.591892239423172,-0.4426403388928073,-2.593513186026085,430.0,37.0,1.0,720916.0,1.0,1563309.0,67198.0
2025-12-17T14:23:39.380958,3,0.591892239423172,-0.4426403388928073,-2.593513186026085,421.0,33.0,1.0,1032726.0,1.0,1924399.0,74379.0
2025-12-17T14:23:39.479529,4,0.591892239423172,-0.4426403388928073,-2.593513186026085,411.0,29.0,1.0,1193298.0,1.0,2333876.0,88812.0
2025-12-17T14:23:39.579312,5,0.591892239423172,-0.4426403388928073,-2.593513186026085,417.0,31.0,1.0,803379.0,1.0,2382561.0,77962.0
2025-12-17T14:23:40.076594,0,0.5490399231291003,-0.4708317399371936,-2.5084688536692825,412.0,29.0,1.0,423755.0,1.0,1602957.0,76550.0
2025-12-17T14:23:40.177266,1,0.5394728225582857,-0.47901816551593335,-2.4872298931523447,431.0,38.0,1.0,711222.0,1.0,1742131.0,71928.0
2025-12-17T14:23:40.277683,2,0.5301746308680604,-0.4856398675044693,-2.468960468820761,430.0,37.0,1.0,719454.0,1.0,1537076.0,67198.0
2025-12-17T14:23:40.381559,3,0.5216911032072866,-0.492794124776433,-2.44742669387818,412.0,29.0,1.0,1032028.0,1.0,1942722.0,75036.0
2025-12-17T14:23:40.479716,4,0.5141985921139117,-0.5002507966323556,-2.4232519271518163,413.0,29.0,1.0,1186452.0,1.0,2352115.0,88662.0
2025-12-17T14:23:40.578318,5,0.5073353920420118,-0.5079001288848202,-2.3955005548298924,423.0,34.0,1.0,777433.0,1.0,2373707.0,77514.0
2025-12-17T14:23:41.078329,0,0.4661427583451647,-0.5483041849250159,-2.2865271578223085,436.0,40.0,1.0,417067.0,1.0,1558027.0,74833.0
2025-12-17T14:23:41.178949,1,0.46095757765598067,-0.5633191312066466,-2.263496613255088,419.0,32.0,1.0,714600.0,1.0,1767072.0,72785.0
2025-12-17T14:23:41.281713,2,0.4604202101032906,-0.5835015503190273,-2.2375615078842177,415.0,30.0,1.0,712427.0,1.0,1548564.0,68206.0
2025-12-17T14:23:41.379797,3,0.45404052076875234,-0.5921331835849982,-2.2120406512038855,413.0,30.0,1.0,1033076.0,1.0,1928310.0,74960.0
2025-12-17T14:23:41.477515,4,0.4471597841728472,-0.6004714776803026,-2.1891102768516917,415.0,30.0,1.0,1205884.0,1.0,2293161.0,88512.0
2025-12-17T14:23:41.582574,5,0.43943728986892316,-0.610474912202243,-2.1703746201238503,417.0,31.0,1.0,789364.0,1.0,2352115.0,77988.0
2025-12-17T14:23:42.080168,0,0.413575633443897,-0.6644008721978074,-2.0450398556708285,428.0,36.0,1.0,408960.0,1.0,1597000.0,75393.0
2025-12-17T14:23:42.182096,1,0.4192825696584982,-0.6886628579940715,-2.0092860262891055,419.0,32.0,1.0,688019.0,1.0,1719868.0,72736.0
2025-12-17T14:23:42.278114,2,0.4143715828213902,-0.6993243880192798,-1.9899496664604102,429.0,37.0,1.0,700472.0,1.0,1545422.0,67266.0
2025-12-17T14:23:42.383262,3,0.4093383021404292,-0.7102510331012208,-1.9689585617357392,410.0,28.0,1.0,1030631.0,1.0,1956579.0,75189.0
2025-12-17T14:23:42.479367,4,0.4056545861713271,-0.7204196145152768,-1.9480845691656907,442.0,43.0,1.0,1178049.0,1.0,2326778.0,86206.0
2025-12-17T14:23:42.579031,5,0.40198993996589466,-0.7301968070360807,-1.9200116692076974,424.0,35.0,1.0,795533.0,1.0,2388212.0,77410.0
2025-12-17T14:23:43.077539,0,0.394660520259163,-0.7877367247545204,-1.8004150675608697,433.0,38.0,1.0,417350.0,1.0,1584617.0,75036.0
2025-12-17T14:23:43.182334,1,0.3916162287001069,-0.7981512788766245,-1.7816607138282001,431.0,38.0,1.0,717265.0,1.0,1736832.0,71928.0
2025-12-17T14:23:43.279900,3,0.38937385373489564,-0.8087205233123808,-1.7606577783327748,435.0,40.0,1.0,1013680.0,1.0,1912063.0,73379.0
2025-12-17T14:23:43.380363,4,0.3876315636986635,-0.8186713821548973,-1.738876288609247,426.0,35.0,1.0,1205476.0,1.0,2326778.0,87529.0
2025-12-17T14:23:43.478767,5,0.3845675572314401,-0.8287065991971528,-1.7096787944851848,415.0,31.0,1.0,775593.0,1.0,2356099.0,78067.0
2025-12-17T14:23:44.178436,1,0.38993848610985415,-0.8462375607060728,-1.6469221394333216,427.0,36.0,1.0,713633.0,1.0,1761101.0,72172.0
2025-12-17T14:23:44.278823,2,0.38988765706393763,-0.8609889339287655,-1.6424635257662938,410.0,28.0,1.0,721404.0,1.0,1546469.0,68576.0
2025-12-17T14:23:44.379084,3,0.38934913422663375,-0.8748607402072175,-1.6368016840926296,421.0,33.0,1.0,1035176.0,1.0,1947330.0,74404.0
2025-12-17T14:23:44.477953,4,0.3898881292508216,-0.8890080678530745,-1.6399944584110486,436.0,40.0,1.0,1191280.0,1.0,2331508.0,86733.0
2025-12-17T14:23:44.579004,5,0.38957901248527277,-0.9022295799138802,-1.6427313116444133,404.0,25.0,1.0,803651.0,1.0,2380143.0,78944.0
2025-12-17T14:23:45.078161,0,0.384817039978585,-0.9579077722061031,-1.5967336825947909,433.0,38.0,1.0,415939.0,1.0,1600788.0,75036.0
2025-12-17T14:23:45.182025,1,0.3849793023876915,-0.9696935705675944,-1.5769790743091483,416.0,31.0,1.0,728273.0,1.0,1731550.0,72958.0
2025-12-17T14:23:45.277521,2,0.3858878851597516,-0.9821296198280962,-1.5554132154702611,409.0,28.0,1.0,713150.0,1.0,1551712.0,68623.0
2025-12-17T14:23:45.381085,3,0.38553973671914277,-0.9930882757207022,-1.5271086161948697,421.0,33.0,1.0,1026107.0,1.0,1914654.0,74379.0
2025-12-17T14:23:45.478191,4,0.3861850555776629,-1.0046612887345678,-1.5045577154776737,427.0,36.0,1.0,1182043.0,1.0,2323630.0,87440.0
2025-12-17T14:23:45.578247,5,0.3873705307307922,-1.0158298778981472,-1.4867704963170667,430.0,37.0,1.0,786697.0,1.0,2383368.0,76965.0
2025-12-17T14:23:46.078892,0,0.39635109362056686,-1.071935616653184,-1.3721904377167053,425.0,35.0,1.0,412994.0,1.0,1597000.0,75572.0
2025-12-17T14:23:46.188433,1,0.39712084433764044,-1.0875519225937396,-1.3444654983812898,424.0,34.0,1.0,723605.0,1.0,1764681.0,72441.0
2025-12-17T14:23:46.279431,2,0.39902767056095073,-1.0994295123215627,-1.3271531796126486,427.0,36.0,1.0,716780.0,1.0,1535516.0,67448.0
2025-12-17T14:23:46.379337,3,0.402103792347814,-1.1104965376195428,-1.3066025661014633,419.0,32.0,1.0,1021948.0,1.0,1918546.0,74530.0
2025-12-17T14:23:46.480093,4,0.40608119182594293,-1.1215740762141813,-1.2813389971447848,420.0,33.0,1.0,1217366.0,1.0,2297822.0,88034.0
2025-12-17T14:23:46.582632,5,0.40875041186825706,-1.1325602921927502,-1.2606306536649245,424.0,35.0,1.0,793113.0,1.0,2337038.0,77410.0
2025-12-17T14:23:47.081844,0,0.43134841048888106,-1.177832487408476,-1.1407644776513326,432.0,38.0,1.0,415799.0,1.0,1563309.0,75113.0
2025-12-17T14:23:47.180847,1,0.43733733972098754,-1.1872956019909073,-1.1180195683455527,416.0,31.0,1.0,702371.0,1.0,1758719.0,72958.0
2025-12-17T14:23:47.277272,2,0.4420716807058457,-1.197559744202825,-1.0945049240654259,420.0,32.0,1.0,708579.0,1.0,1581938.0,67906.0
2025-12-17T14:23:47.381640,3,0.4461728326966292,-1.2085696130367296,-1.0895395467873439,418.0,32.0,1.0,1069001.0,1.0,1933539.0,74581.0
2025-12-17T14:23:47.479403,4,0.4516787002898588,-1.2187691211127663,-1.0843794603656627,426.0,35.0,1.0,1188864.0,1.0,2256208.0,87529.0
2025-12-17T14:23:47.579070,5,0.45781531674371556,-1.228414387304752,-1.0801683181015602,429.0,37.0,1.0,791504.0,1.0,2355301.0,77044.0
2025-12-17T14:23:48.076665,0,0.49039084654741405,-1.2762360703814377,-1.074672944507553,408.0,27.0,1.0,418198.0,1.0,1632522.0,76861.0
2025-12-17T14:23:48.180403,1,0.4981268808603684,-1.2856235213583276,-1.0683592280615806,442.0,43.0,1.0,706902.0,1.0,1718123.0,71153.0
2025-12-17T14:23:48.277767,2,0.5043079711388012,-1.2962705233644194,-1.068851548515336,420.0,32.0,1.0,701184.0,1.0,1537076.0,67906.0
2025-12-17T14:23:48.379320,3,0.5098038861520867,-1.3069811234500741,-1.0676100335200722,426.0,35.0,1.0,1008888.0,1.0,1924399.0,74052.0
2025-12-17T14:23:48.477305,4,0.5159261386033718,-1.3175950531937115,-1.0663678453256804,432.0,38.0,1.0,1186853.0,1.0,2299378.0,87056.0
2025-12-17T14:23:48.578980,5,0.5218259648567696,-1.3276187615985635,-1.0666059624755866,406.0,26.0,1.0,783243.0,1.0,2350523.0,78784.0
2025-12-17T14:23:49.077604,0,0.5503998751292948,-1.3780574170859685,-1.060206447888795,421.0,33.0,1.0,413413.0,1.0,1566487.0,75879.0
2025-12-17T14:23:49.181706,2,0.5554860936186536,-1.3879857530059168,-1.0423950365604164,429.0,37.0,1.0,727042.0,1.0,1515381.0,67311.0
2025-12-17T14:23:49.283444,3,0.5614422937629827,-1.3973845817394779,-1.0219860752456054,409.0,28.0,1.0,1040093.0,1.0,1949968.0,75291.0
2025-12-17T14:23:49.379683,4,0.5665700846298831,-1.4063414433444483,-0.9962200986773067,400.0,20.0,1.0,1189669.0,1.0,2286960.0,90481.0
2025-12-17T14:23:49.481210,5,0.5697749319241114,-1.4148858009557448,-0.9628669904094374,432.0,38.0,1.0,792845.0,1.0,2380143.0,76835.0
2025-12-17T14:23:50.078936,0,0.6166302952531871,-1.469175423710104,-0.8386804763445311,422.0,33.0,1.0,414955.0,1.0,1630314.0,75853.0
2025-12-17T14:23:50.179655,1,0.6247423498570568,-1.4770709041615686,-0.8145093690640638,427.0,36.0,1.0,718723.0,1.0,1752183.0,72172.0
2025-12-17T14:23:50.278670,2,0.6322415515930595,-1.4848503913424618,-0.7964601121263534,425.0,35.0,1.0,707620.0,1.0,1531883.0,67562.0
2025-12-17T14:23:50.379070,3,0.6453184207408621,-1.4838321742986849,-0.7510865277443254,418.0,32.0,1.0,1029237.0,1.0,1937469.0,74631.0
2025-12-17T14:23:50.476842,4,0.6580190550424242,-1.479636668826502,-0.7058601955692981,419.0,32.0,1.0,1187657.0,1.0,2348933.0,88153.0
2025-12-17T14:23:50.577691,5,0.6667230169619163,-1.486371252034587,-0.6794158708676618,436.0,40.0,1.0,782183.0,1.0,2348933.0,76550.0
2025-12-17T14:23:51.077591,0,0.710898689998863,-1.5227189856417422,-0.5778326367201458,420.0,33.0,1.0,421181.0,1.0,1606759.0,75931.0
2025-12-17T14:23:51.178811,1,0.7214064538970675,-1.5291549015601622,-0.5513990269131305,434.0,39.0,1.0,713875.0,1.0,1774864.0,71709.0
2025-12-17T14:23:51.280265,2,0.7316151008191724,-1.5341100068486142,-0.52820150545008,400.0,23.0,1.0,715084.0,1.0,1547516.0,69253.0
2025-12-17T14:23:51.378395,3,0.7438513817984813,-1.534199279628837,-0.49271925970109137,411.0,29.0,1.0,1034125.0,1.0,1932884.0,75087.0
2025-12-17T14:23:51.481546,4,0.7631552099440778,-1.5169110005603001,-0.4385955891150363,421.0,33.0,1.0,1212432.0,1.0,2305612.0,88004.0
2025-12-17T14:23:51.578501,5,0.7750621357320777,-1.5197198399024505,-0.41380449728705343,413.0,29.0,1.0,775331.0,1.0,2322844.0,78253.0
2025-12-17T14:23:52.079016,0,0.827780334653492,-1.5375331500272298,-0.2984048303855186,424.0,35.0,1.0,420896.0,1.0,1576059.0,75648.0
2025-12-17T14:23:52.182683,1,0.8380341127616622,-1.5401894322208916,-0.27267973549752067,415.0,30.0,1.0,715568.0,1.0,1749813.0,73057.0
2025-12-17T14:23:52.278409,2,0.850969845044466,-1.543168411841113,-0.2502447087431815,432.0,38.0,1.0,711463.0,1.0,1549088.0,67084.0
2025-12-17T14:23:52.381614,3,0.8718238049837024,-1.5406674992333969,-0.21638367610755246,439.0,41.0,1.0,1057128.0,1.0,1939437.0,73106.0
2025-12-17T14:23:52.481886,4,0.8829587502524084,-1.5413723785628959,-0.191828409630545,405.0,26.0,1.0,1178049.0,1.0,2371298.0,89355.0
2025-12-17T14:23:52.579876,5,0.8929871938664298,-1.5438480227569749,-0.16615336512433462,432.0,38.0,1.0,790433.0,1.0,2352911.0,76835.0
2025-12-17T14:23:53.077087,0,0.9371469567351154,-1.5492241704617598,-0.07042996696260179,414.0,30.0,1.0,409791.0,1.0,1589989.0,76420.0
2025-12-17T14:23:53.181292,1,0.9394989572200244,-1.5483047565190224,-0.06642501687989617,422.0,33.0,1.0,709299.0,1.0,1748037.0,72588.0
2025-12-17T14:23:53.280221,2,0.9521416338413864,-1.5427447092600228,-0.046453697879635804,421.0,33.0,1.0,695511.0,1.0,1524126.0,67837.0
2025-12-17T14:23:53.381001,3,0.9538482048073867,-1.5419440029533071,-0.04371709041648051,414.0,30.0,1.0,1009230.0,1.0,1915302.0,74884.0
2025-12-17T14:23:53.478624,4,0.9538482048073867,-1.5419440029533071,-0.04371709041648051,439.0,41.0,1.0,1197749.0,1.0,2313429.0,86498.0
2025-12-17T14:23:53.578713,5,0.9564251601927853,-1.5435715590670385,-0.04028227737505418,417.0,31.0,1.0,779013.0,1.0,2348933.0,77988.0
2025-12-17T14:23:54.078463,0,1.0185177491743698,-1.5422463394725299,0.07259036326000637,418.0,32.0,1.0,418623.0,1.0,1587301.0,76085.0
2025-12-17T14:23:54.180562,1,1.0293894793825749,-1.5410091070961618,0.08988628347181085,424.0,34.0,1.0,711944.0,1.0,1743901.0,72441.0
2025-12-17T14:23:54.283451,2,1.0392925299597944,-1.5395109228793002,0.11181897482076819,431.0,38.0,1.0,723850.0,1.0,1529293.0,67175.0
2025-12-17T14:23:54.378248,3,1.0500940215205288,-1.5382087888705802,0.1356017147204315,422.0,33.0,1.0,1014367.0,1.0,1930923.0,74354.0
2025-12-17T14:23:54.479226,4,1.061785643180191,-1.5370579110355391,0.15611018643412133,436.0,40.0,1.0,1197343.0,1.0,2290058.0,86762.0
2025-12-17T14:23:54.578041,5,1.071816883223563,-1.5352996348702204,0.1778632905662582,409.0,27.0,1.0,802021.0,1.0,2368090.0,78598.0
2025-12-17T14:23:55.079088,0,1.1408138357849493,-1.517073692841704,0.29665917570037814,425.0,35.0,1.0,414254.0,1.0,1623706.0,75572.0
2025-12-17T14:23:55.181693,1,1.151094988574688,-1.514439142380145,0.3192752341170044,416.0,31.0,1.0,711222.0,1.0,1750405.0,73007.0
2025-12-17T14:23:55.277803,2,1.1619463254658948,-1.5114552681595863,0.3415517803880994,426.0,35.0,1.0,715568.0,1.0,1536556.0,67517.0
2025-12-17T14:23:55.379257,3,1.173354353209967,-1.5079035462013877,0.3653616295452207,416.0,31.0,1.0,1027497.0,1.0,1940750.0,74732.0
2025-12-17T14:23:55.481232,4,1.183123393698636,-1.5030507940249405,0.38857480822545254,423.0,34.0,1.0,1206700.0,1.0,2321272.0,87826.0
2025-12-17T14:23:55.578861,5,1.193694922004915,-1.4990706522218218,0.4139423106135826,417.0,31.0,1.0,779541.0,1.0,2386596.0,77935.0
2025-12-17T14:23:56.081472,0,1.2512062755091282,-1.4744617873138943,0.5320291348992603,428.0,36.0,1.0,416644.0,1.0,1588913.0,75393.0
2025-12-17T14:23:56.177510,1,1.2606431114017014,-1.4690354252829678,0.553345025707544,416.0,31.0,1.0,701896.0,1.0,1742131.0,73007.0
2025-12-17T14:23:56.277172,2,1.2706481119946327,-1.4623692883490165,0.5733422412136585,426.0,35.0,1.0,713633.0,1.0,1527224.0,67494.0
2025-12-17T14:23:56.378523,3,1.2798074296937187,-1.4554029497925263,0.5928811171692357,423.0,34.0,1.0,1036578.0,1.0,1942722.0,74278.0
2025-12-17T14:23:56.477759,4,1.2892496044128674,-1.4488282253366704,0.6146358917299979,429.0,37.0,1.0,1203845.0,1.0,2307954.0,87292.0
2025-12-17T14:23:56.580960,5,1.298286343614973,-1.4419407958623305,0.6361209833749802,411.0,29.0,1.0,787763.0,1.0,2331508.0,78412.0
2025-12-17T14:23:57.078462,0,1.3390470966811465,-1.4011048843241698,0.753709715679855,434.0,39.0,1.0,419900.0,1.0,1596460.0,74960.0
2025-12-17T14:23:57.180645,1,1.3468618468390212,-1.3937474222281334,0.7822145313009021,416.0,31.0,1.0,717023.0,1.0,1771263.0,73007.0
2025-12-17T14:23:57.277684,2,1.3552599302627524,-1.3862983625627976,0.8013502364458748,400.0,22.0,1.0,715810.0,1.0,1551712.0,69417.0
2025-12-17T14:23:57.378755,3,1.363683938932332,-1.3775146066439374,0.8191238006866032,404.0,25.0,1.0,1057128.0,1.0,1938125.0,75648.0
2025-12-17T14:23:57.477773,4,1.3709382109777088,-1.3686648980509668,0.840375105977037,420.0,33.0,1.0,1188461.0,1.0,2367289.0,88064.0
2025-12-17T14:23:57.579052,5,1.3746651346332732,-1.361968026914702,0.8541975009619239,425.0,35.0,1.0,791236.0,1.0,2344167.0,77357.0
2025-12-17T14:23:58.078508,0,1.386085683007807,-1.3470259317368907,0.8629428778001774,414.0,30.0,1.0,417067.0,1.0,1628108.0,76395.0
2025-12-17T14:23:58.181004,1,1.387404556674139,-1.3467217769247997,0.8631890753432233,417.0,31.0,1.0,711704.0,1.0,1745081.0,72933.0
2025-12-17T14:23:58.281182,2,1.3939803742716141,-1.3427458918690647,0.869862416848464,432.0,38.0,1.0,723360.0,1.0,1539680.0,67107.0
2025-12-17T14:23:58.381496,3,1.4011597736699577,-1.334378625597143,0.8713438175164626,416.0,31.0,1.0,1040445.0,1.0,1927006.0,74732.0
2025-12-17T14:23:58.479898,4,1.4096523205578562,-1.3235993218402906,0.8750731022820195,430.0,37.0,1.0,1214485.0,1.0,2322844.0,87204.0
2025-12-17T14:23:58.578334,5,1.4194633460662702,-1.3127889223812579,0.8772987334226814,422.0,33.0,1.0,798770.0,1.0,2377728.0,77593.0
2025-12-17T14:23:59.078247,0,1.4550007584865,-1.2665990834774858,0.9307146011183449,429.0,37.0,1.0,420753.0,1.0,1587301.0,75291.0
2025-12-17T14:23:59.182398,1,1.4613806952211863,-1.2577304956526385,0.9549064580181935,414.0,30.0,1.0,708579.0,1.0,1733309.0,73156.0
2025-12-17T14:23:59.282004,2,1.466034771597329,-1.248547906717995,0.9830876130335249,420.0,33.0,1.0,729260.0,1.0,1557500.0,67860.0
2025-12-17T14:23:59.381570,3,1.4719226352692942,-1.2392647422343113,1.0095003090751904,426.0,35.0,1.0,1026107.0,1.0,1939437.0,74052.0
2025-12-17T14:23:59.479588,4,1.47870353137382,-1.2302088024070144,1.0280091878518487,402.0,25.0,1.0,1196938.0,1.0,2344961.0,89658.0
2025-12-17T14:24:00.080449,0,1.5166543931199774,-1.1630156999101926,1.1647877083562665,421.0,33.0,1.0,413413.0,1.0,1625906.0,75853.0
2025-12-17T14:24:00.177991,1,1.5200022699056794,-1.1527991495488772,1.1916237159957122,425.0,35.0,1.0,710741.0,1.0,1754557.0,72368.0
2025-12-17T14:24:00.277636,2,1.524406361418171,-1.1424231508956235,1.2116202281069939,418.0,32.0,1.0,718723.0,1.0,1556973.0,68044.0
2025-12-17T14:24:00.377787,3,1.5294598577341798,-1.131343570503979,1.228239375610848,406.0,26.0,1.0,1033776.0,1.0,1921795.0,75495.0
2025-12-17T14:24:00.480523,4,1.5327419538276288,-1.1204053822175664,1.2481552269082055,418.0,32.0,1.0,1209972.0,1.0,2359290.0,88273.0
2025-12-17T14:24:00.578757,5,1.536066653482397,-1.1095338599450744,1.2739588110877949,425.0,35.0,1.0,811303.0,1.0,2364086.0,77357.0
2025-12-17T14:24:01.079893,0,1.5490657612793703,-1.05834941681357,1.4108689029691686,419.0,32.0,1.0,416362.0,1.0,1589989.0,76033.0
2025-12-17T14:24:01.178275,1,1.551038740761901,-1.0462145976476835,1.4291786136186926,440.0,42.0,1.0,707860.0,1.0,1762890.0,71298.0
2025-12-17T14:24:01.278069,2,1.5520686212332047,-1.0344712062400165,1.445947289485585,416.0,31.0,1.0,727534.0,1.0,1547516.0,68160.0
2025-12-17T14:24:01.382929,5,1.5531819083776248,-1.022933012810558,1.4563366940808833,412.0,29.0,1.0,785898.0,1.0,2369694.0,78306.0
2025-12-17T14:24:02.080151,0,1.5529273411756357,-0.9485216672039174,1.4691535349678517,436.0,40.0,1.0,417491.0,1.0,1586227.0,74808.0
2025-12-17T14:24:02.183877,1,1.5544152397059958,-0.9367674500534102,1.4691653944302765,432.0,38.0,1.0,701184.0,1.0,1770664.0,71879.0
2025-12-17T14:24:02.278465,3,1.55563978918873,-0.92583467361423,1.4662261903615978,411.0,28.0,1.0,1027149.0,1.0,1926353.0,75138.0
2025-12-17T14:24:02.379086,4,1.557303501691434,-0.914941565196412,1.4664973952098193,419.0,32.0,1.0,1224805.0,1.0,2309517.0,88153.0
2025-12-17T14:24:02.482028,5,1.5588758580677549,-0.9026767008112226,1.464985703392562,422.0,34.0,1.0,785898.0,1.0,2340204.0,77541.0
2025-12-17T14:24:03.183627,1,1.5684335335356405,-0.8230141402866797,1.464260966888275,417.0,31.0,1.0,689184.0,1.0,1738008.0,72908.0
2025-12-17T14:24:03.281467,2,1.5697284441183958,-0.8118205447692108,1.4657629171215145,415.0,30.0,1.0,713150.0,1.0,1561722.0,68206.0
2025-12-17T14:24:03.382816,3,1.571457843067249,-0.8008317255680604,1.4647767716144982,414.0,30.0,1.0,1016429.0,1.0,1941407.0,74910.0
2025-12-17T14:24:03.479572,4,1.5724011933589617,-0.7893464582181315,1.46230851129649,412.0,29.0,1.0,1210382.0,1.0,2300156.0,88782.0
2025-12-17T14:24:03.578881,5,1.574230502108598,-0.7778389372702885,1.4632887138739068,419.0,32.0,1.0,799311.0,1.0,2372904.0,77777.0
2025-12-17T14:24:04.082884,0,1.5803037523180299,-0.7205397309312073,1.4689853898404037,417.0,31.0,1.0,411180.0,1.0,1595920.0,76214.0
2025-12-17T14:24:04.181827,1,1.5813638368376672,-0.7088243782070014,1.4652785749704973,420.0,33.0,1.0,720672.0,1.0,1735070.0,72711.0
2025-12-17T14:24:04.279692,2,1.5821949631490564,-0.697690750246732,1.4664562372025973,426.0,35.0,1.0,707381.0,1.0,1523094.0,67517.0
2025-12-17T14:24:04.378497,3,1.583462224424291,-0.6863533961861517,1.4684082949628092,414.0,30.0,1.0,1016085.0,1.0,1938781.0,74884.0
2025-12-17T14:24:04.480011,4,1.584368987020986,-0.6753979710687199,1.463719811201741,424.0,34.0,1.0,1206292.0,1.0,2300935.0,87796.0
2025-12-17T14:24:04.579742,5,1.5792907514626775,-0.6643869272467826,1.4743655183606366,422.0,34.0,1.0,786697.0,1.0,2364086.0,77541.0
2025-12-17T14:24:05.082305,0,1.5592222047998137,-0.6037015973262935,1.5073225406383595,431.0,38.0,1.0,422037.0,1.0,1599705.0,75138.0
2025-12-17T14:24:05.180264,1,1.55971519543606,-0.5922530660829735,1.5046117063684423,425.0,35.0,1.0,715326.0,1.0,1759314.0,72368.0
2025-12-17T14:24:05.277582,2,1.5589158872689897,-0.5907238128872083,1.5043373948847165,428.0,36.0,1.0,725321.0,1.0,1537597.0,67334.0
2025-12-17T14:24:05.378090,3,1.5586767967263166,-0.5907581190057329,1.5031111494666138,424.0,35.0,1.0,1029237.0,1.0,1937469.0,74153.0
2025-12-17T14:24:05.478497,4,1.558721508864994,-0.5908093339171915,1.5028614164669885,411.0,29.0,1.0,1212021.0,1.0,2300935.0,88872.0
2025-12-17T14:24:05.580822,5,1.558721508864994,-0.5908093339171915,1.5028614164669885,408.0,27.0,1.0,807468.0,1.0,2404433.0,78651.0
2025-12-17T14:24:06.078659,0,1.5641992435930088,-0.5313819297097965,1.5030291117902448,418.0,32.0,1.0,409098.0,1.0,1600788.0,76136.0
2025-12-17T14:24:06.180571,1,1.564999682590439,-0.5189552990495628,1.5047542031416428,423.0,34.0,1.0,704037.0,1.0,1792977.0,72515.0
2025-12-17T14:24:06.280841,2,1.5659656723959259,-0.5079787786370462,1.5030510794548613,417.0,31.0,1.0,705230.0,1.0,1537076.0,68114.0
2025-12-17T14:24:06.384522,3,1.5675413173548933,-0.4981002098495896,1.5047860392316639,415.0,30.0,1.0,1035877.0,1.0,1945354.0,74859.0
2025-12-17T14:24:06.478013,4,1.5681406485446225,-0.48661739392600445,1.5070022430786025,419.0,32.0,1.0,1228541.0,1.0,2364887.0,88153.0
2025-12-17T14:24:06.579771,5,1.568229834167349,-0.4751247450318759,1.5035449735629385,414.0,30.0,1.0,795533.0,1.0,2397120.0,78173.0
2025-12-17T14:24:07.079288,0,1.5747936521382147,-0.4184200982248114,1.5050370680104197,427.0,36.0,1.0,412994.0,1.0,1588913.0,75418.0
2025-12-17T14:24:07.179003,2,1.5757068181090208,-0.40637390586892314,1.5010777806930817,431.0,37.0,1.0,711463.0,1.0,1535516.0,67198.0
2025-12-17T14:24:07.279223,3,1.5763210391742222,-0.3939733536297633,1.5033090717754638,425.0,35.0,1.0,1052843.0,1.0,1926353.0,74103.0
2025-12-17T14:24:07.378618,4,1.5768407511881577,-0.3816257816751843,1.5006074140941532,433.0,38.0,1.0,1221907.0,1.0,2316563.0,87027.0
2025-12-17T14:24:07.477407,5,1.5781429253609538,-0.36978680134296965,1.5040832576848482,431.0,37.0,1.0,782183.0,1.0,2356099.0,76939.0
2025-12-17T14:24:08.082185,0,1.564506498254715,-0.30774676073087354,1.5165164421715671,434.0,39.0,1.0,418056.0,1.0,1588376.0,74910.0
2025-12-17T14:24:08.180172,1,1.565054732434223,-0.29663887067908423,1.517253331011248,430.0,37.0,1.0,719210.0,1.0,1749221.0,71977.0
2025-12-17T14:24:08.281853,2,1.5650301940512543,-0.28487763134583194,1.516270075257361,424.0,34.0,1.0,711704.0,1.0,1552763.0,67654.0
2025-12-17T14:24:08.383518,3,1.565842828174617,-0.272478789624502,1.5175034391324742,420.0,32.0,1.0,1051063.0,1.0,1951949.0,74505.0
2025-12-17T14:24:08.484545,4,1.5656785536721123,-0.2606491869204523,1.5148030896840374,428.0,36.0,1.0,1196128.0,1.0,2286960.0,87440.0
2025-12-17T14:24:08.578973,5,1.56657133462736,-0.24889446321471842,1.5160432823248793,409.0,27.0,1.0,799041.0,1.0,2371298.0,78598.0
2025-12-17T14:24:09.077535,0,1.5685120781973456,-0.19106449461852637,1.5132702758984087,414.0,30.0,1.0,409653.0,1.0,1595920.0,76395.0
2025-12-17T14:24:09.180256,1,1.5688592023362982,-0.17998137009863294,1.500646193137056,432.0,38.0,1.0,708579.0,1.0,1721033.0,71855.0
2025-12-17T14:24:09.279243,2,1.5705915277785363,-0.1691674419217854,1.4769280562806721,427.0,36.0,1.0,706185.0,1.0,1540201.0,67425.0
2025-12-17T14:24:09.380174,3,1.5716972147595276,-0.15812169569142587,1.4504197864819877,432.0,38.0,1.0,1012994.0,1.0,1915302.0,73628.0
2025-12-17T14:24:09.478098,4,1.5734726253171467,-0.1467622164209879,1.4348229368243925,439.0,41.0,1.0,1222734.0,1.0,2337038.0,86527.0
2025-12-17T14:24:09.578729,5,1.574449365317319,-0.1354935681934441,1.4187494876980318,428.0,36.0,1.0,790969.0,1.0,2372904.0,77122.0
2025-12-17T14:24:10.080960,0,1.5864872177035911,-0.08107363723180888,1.3031442870375833,420.0,33.0,1.0,412295.0,1.0,1587838.0,75931.0
2025-12-17T14:24:10.184008,1,1.5901646333858337,-0.07016479723440716,1.2819097191866209,426.0,36.0,1.0,715326.0,1.0,1753370.0,72245.0
2025-12-17T14:24:10.277934,2,1.5930070023594818,-0.05861696028166591,1.2697916544291503,410.0,28.0,1.0,729507.0,1.0,1549088.0,68576.0
2025-12-17T14:24:10.378188,3,1.5930772642511761,-0.04975004659409127,1.272526989359681,425.0,35.0,1.0,1045033.0,1.0,1943380.0,74128.0
2025-12-17T14:24:10.478718,4,1.5721923451678599,-0.04783939315125546,1.3005910449041738,414.0,30.0,1.0,1205476.0,1.0,2358492.0,88632.0
2025-12-17T14:24:10.578284,5,1.5722096645155925,-0.03861812621784788,1.3058660288040682,416.0,31.0,1.0,814054.0,1.0,2389021.0,78067.0
2025-12-17T14:24:11.078008,0,1.588466807210232,0.016046882775788696,1.3043935299849985,428.0,36.0,1.0,416362.0,1.0,1631970.0,75393.0
2025-12-17T14:24:11.182343,1,1.5918941445908137,0.027477203602163436,1.3014164397254926,427.0,36.0,1.0,692458.0,1.0,1768867.0,72196.0
2025-12-17T14:24:11.276671,2,1.5946578306614505,0.03868774838893296,1.3012454861813885,439.0,41.0,1.0,717751.0,1.0,1558027.0,66677.0
2025-12-17T14:24:11.382136,3,1.598065260108272,0.04948725351635219,1.3014669967075325,415.0,30.0,1.0,1036228.0,1.0,1957904.0,74859.0
2025-12-17T14:24:11.480431,4,1.6013076495461218,0.0603522732508629,1.2881149723057828,420.0,33.0,1.0,1201809.0,1.0,2367289.0,88064.0
2025-12-17T14:24:11.578461,5,1.6052432484801267,0.07045427771170032,1.273034897661349,423.0,34.0,1.0,787496.0,1.0,2359290.0,77514.0
2025-12-17T14:24:12.184843,0,1.6304738075873615,0.13164917614787375,1.1384990448827457,439.0,41.0,1.0,417491.0,1.0,1618768.0,74581.0
2025-12-17T14:24:12.277754,1,1.6354847816349771,0.1412462221677444,1.1095506090717764,426.0,35.0,1.0,717751.0,1.0,1750405.0,72294.0
2025-12-17T14:24:12.382950,2,1.6408010497787162,0.15183399459090297,1.0865683500697896,419.0,32.0,1.0,721893.0,1.0,1531364.0,67929.0
2025-12-17T14:24:12.475469,3,1.6461839278414716,0.16292002096589275,1.0707433885715187,424.0,34.0,1.0,1029585.0,1.0,1933539.0,74178.0
2025-12-17T14:24:12.580527,4,1.6495564539311542,0.17295872903038179,1.0490706263844254,434.0,39.0,1.0,1240659.0,1.0,2299378.0,86938.0
2025-12-17T14:24:12.682797,5,1.6425140075537161,0.1779108714278882,1.042647380473096,423.0,34.0,1.0,798770.0,1.0,2358492.0,77514.0
2025-12-17T14:24:13.179552,0,1.671441998041055,0.22647789633030857,0.9578935164818798,416.0,31.0,1.0,414955.0,1.0,1569671.0,76291.0
2025-12-17T14:24:13.280067,1,1.677657195904485,0.23663360463369387,0.9569070458175639,425.0,35.0,1.0,701421.0,1.0,1740952.0,72343.0
2025-12-17T14:24:13.378332,2,1.6843330014295814,0.24641037441450442,0.9544124853590171,413.0,30.0,1.0,736951.0,1.0,1560137.0,68321.0
2025-12-17T14:24:13.478700,3,1.6911703057872522,0.256897809121408,0.954213667518752,406.0,26.0,1.0,1047511.0,1.0,1957241.0,75520.0
2025-12-17T14:24:13.579826,4,1.7025181101334061,0.2788050558262122,0.9409037158896152,402.0,25.0,1.0,1203438.0,1.0,2299378.0,89627.0
2025-12-17T14:24:13.683753,5,1.7104977123354632,0.28984758182727,0.942273279059698,414.0,30.0,1.0,799311.0,1.0,2401180.0,78200.0
2025-12-17T14:24:14.182298,0,1.7436793907699735,0.3363639013986633,0.9398650078698121,425.0,35.0,1.0,417915.0,1.0,1607303.0,75572.0
2025-12-17T14:24:14.282397,1,1.749942095926193,0.3466981100926383,0.9393746910214054,440.0,42.0,1.0,688019.0,1.0,1743901.0,71274.0
2025-12-17T14:24:14.381202,2,1.756566180778432,0.35584213189403824,0.9396171747765484,410.0,28.0,1.0,731237.0,1.0,1558027.0,68553.0
2025-12-17T14:24:14.480935,3,1.763537520032794,0.3653097289340166,0.9364222102071942,424.0,35.0,1.0,1013337.0,1.0,1945354.0,74153.0
2025-12-17T14:24:14.582154,4,1.7700363820172604,0.37483195789319956,0.9342134760711143,418.0,32.0,1.0,1203845.0,1.0,2348933.0,88273.0
2025-12-17T14:24:14.680891,5,1.776894998912141,0.3834894991588471,0.9356962776568684,424.0,34.0,1.0,816261.0,1.0,2364887.0,77436.0
2025-12-17T14:24:15.178495,0,1.811306800139965,0.4296842513496332,0.9304661451796625,422.0,33.0,1.0,416362.0,1.0,1610570.0,75828.0
2025-12-17T14:24:15.278125,1,1.8179362979085196,0.4387182682297037,0.9270161102953901,427.0,36.0,1.0,703085.0,1.0,1768867.0,72221.0
2025-12-17T14:24:15.379481,2,1.82547160530803,0.44791035841492166,0.9297432168573785,427.0,36.0,1.0,729754.0,1.0,1517948.0,67403.0
2025-12-17T14:24:15.484961,3,1.832180385320041,0.45713806864896067,0.9270303384882774,415.0,30.0,1.0,1028193.0,1.0,1928310.0,74859.0
2025-12-17T14:24:15.585033,4,1.8390838720404012,0.465880108948559,0.9274385034650137,419.0,32.0,1.0,1209563.0,1.0,2354504.0,88153.0
2025-12-17T14:24:15.683250,5,1.8458021259417465,0.474836039137683,0.9264568454019189,424.0,34.0,1.0,810206.0,1.0,2393877.0,77436.0
2025-12-17T14:24:16.177200,0,1.8847786724269815,0.5243833742515758,0.9225449322157498,422.0,33.0,1.0,415096.0,1.0,1603500.0,75828.0
2025-12-17T14:24:16.278908,1,1.8914111473598925,0.5332901801522006,0.9225478920991083,424.0,35.0,1.0,711944.0,1.0,1759910.0,72392.0
2025-12-17T14:24:16.378446,2,1.8986684138587586,0.542577339426875,0.9240359715032046,427.0,36.0,1.0,723605.0,1.0,1529293.0,67403.0
2025-12-17T14:24:16.478243,3,1.9057880260094588,0.5520572391113766,0.9193342330399281,410.0,28.0,1.0,1022294.0,1.0,1949968.0,75214.0
2025-12-17T14:24:16.578581,4,1.9128534210477195,0.5607782860388743,0.9220587466594095,414.0,30.0,1.0,1211201.0,1.0,2368892.0,88602.0
2025-12-17T14:24:16.679619,5,1.9200956431584282,0.5705731717914858,0.9224833419807519,423.0,34.0,1.0,788830.0,1.0,2426506.0,77514.0
2025-12-17T14:24:17.178674,0,1.9544338700261021,0.616843871766705,0.9180239225154208,435.0,40.0,1.0,414534.0,1.0,1609480.0,74859.0
2025-12-17T14:24:17.278569,1,1.9614251787454156,0.6264038590823234,0.9227100788958549,437.0,40.0,1.0,705230.0,1.0,1764681.0,71540.0
2025-12-17T14:24:17.379529,2,1.9685382487340548,0.6360217109436216,0.9199869100979875,438.0,41.0,1.0,725812.0,1.0,1548564.0,66722.0
2025-12-17T14:24:17.477517,3,1.9753549068291067,0.6454298189923157,0.9209852310595676,417.0,31.0,1.0,1024372.0,1.0,1917247.0,74707.0
2025-12-17T14:24:17.580782,4,1.9827754676586196,0.65474098337985,0.9214729277821447,435.0,39.0,1.0,1236886.0,1.0,2315779.0,86850.0
2025-12-17T14:24:17.677207,5,1.989401511163852,0.6644859255033321,0.9212289461239602,418.0,32.0,1.0,791236.0,1.0,2352911.0,77909.0
2025-12-17T14:24:18.183461,0,2.021997692590805,0.7105457826846358,0.9319498349978346,437.0,41.0,1.0,414674.0,1.0,1590527.0,74707.0
2025-12-17T14:24:18.278534,1,2.0257206945543245,0.7201539144054924,0.9426768679686155,416.0,31.0,1.0,698578.0,1.0,1739774.0,73007.0
2025-12-17T14:24:18.382139,2,2.032474256432318,0.7309636309963873,0.9394704529236361,427.0,36.0,1.0,729754.0,1.0,1541244.0,67448.0
2025-12-17T14:24:18.477753,3,2.0392857543062735,0.7403061164201489,0.9414211976586014,417.0,31.0,1.0,1066471.0,1.0,1936158.0,74707.0
2025-12-17T14:24:18.584140,4,2.0462065032629315,0.7498906570174336,0.9406832916468035,429.0,37.0,1.0,1227295.0,1.0,2320486.0,87351.0
2025-12-17T14:24:18.678663,5,2.0527642658525926,0.7588259489419661,0.9433783421983704,412.0,29.0,1.0,792576.0,1.0,2372101.0,78332.0
2025-12-17T14:24:19.179381,0,2.087715006219489,0.8019626079062901,0.8587562617100457,436.0,40.0,1.0,411598.0,1.0,1588913.0,74808.0
2025-12-17T14:24:19.279778,1,2.095224552074143,0.8101225447340713,0.8298456605606457,410.0,28.0,1.0,694570.0,1.0,1748037.0,73404.0
2025-12-17T14:24:19.378910,2,2.103303530026304,0.8186319691450038,0.809864297146988,400.0,22.0,1.0,725321.0,1.0,1547516.0,69440.0
2025-12-17T14:24:19.482324,3,2.1107613927094686,0.8278218032839612,0.7942401583683746,418.0,32.0,1.0,1025065.0,1.0,1908830.0,74631.0
2025-12-17T14:24:19.577384,4,2.1187314267360864,0.836492957378825,0.7710531360020629,432.0,38.0,1.0,1233541.0,1.0,2347343.0,87086.0
2025-12-17T14:24:19.680212,5,2.12723603342536,0.8439629829970531,0.7483530038429508,423.0,34.0,1.0,810480.0,1.0,2387404.0,77514.0
2025-12-17T14:24:20.182972,0,2.171015701269362,0.8785872949171986,0.6284747367752731,427.0,36.0,1.0,416362.0,1.0,1601872.0,75418.0
2025-12-17T14:24:20.284191,1,2.1795052307996063,0.8862790702885696,0.61238434181193,424.0,34.0,1.0,699524.0,1.0,1758124.0,72441.0
2025-12-17T14:24:20.380868,2,2.1885978904551227,0.8929580194955841,0.5891860177583693,424.0,34.0,1.0,725321.0,1.0,1546469.0,67631.0
2025-12-17T14:24:20.479568,3,2.1956807246260173,0.8996493382707648,0.5675848132654733,419.0,32.0,1.0,1029934.0,1.0,1972537.0,74530.0
2025-12-17T14:24:20.579855,4,2.1884332062192384,0.9081573321421061,0.559666435605841,404.0,25.0,1.0,1212021.0,1.0,2318131.0,89476.0
2025-12-17T14:24:20.677590,5,2.196795804362021,0.9147525690978786,0.5380262051224717,409.0,28.0,1.0,815433.0,1.0,2409321.0,78571.0
2025-12-17T14:24:21.182938,0,2.2470995139525973,0.9388113414981982,0.42194003108620715,426.0,35.0,1.0,415658.0,1.0,1589989.0,75495.0
2025-12-17T14:24:21.277994,1,2.2573415794288736,0.9418901399203907,0.39594870322537257,428.0,36.0,1.0,717023.0,1.0,1727452.0,72123.0
2025-12-17T14:24:21.379380,2,2.2703242842456803,0.9453076257509575,0.36815150179471934,431.0,38.0,1.0,714842.0,1.0,1551187.0,67175.0
2025-12-17T14:24:21.477116,3,2.2940508668654847,0.9420709115572438,0.33559710185890457,430.0,37.0,1.0,1038334.0,1.0,1947330.0,73727.0
2025-12-17T14:24:21.579527,4,2.305815067979389,0.9445620111211653,0.311941729145553,412.0,29.0,1.0,1233959.0,1.0,2387404.0,88812.0
2025-12-17T14:24:21.683681,5,2.3171724110313496,0.9476817449569735,0.28842642560635967,421.0,33.0,1.0,779013.0,1.0,2427327.0,77646.0
2025-12-17T14:24:22.178540,1,2.3724445319383065,0.9609211525807101,0.1628173602674795,431.0,38.0,1.0,712909.0,1.0,1748037.0,71904.0
2025-12-17T14:24:22.278411,3,2.384745506923128,0.9633780830791199,0.14425826112527865,418.0,32.0,1.0,1034826.0,1.0,1923747.0,74606.0
2025-12-17T14:24:22.379011,4,2.401208868806467,0.9663243315568364,0.12927502725582132,426.0,35.0,1.0,1223976.0,1.0,2327565.0,87618.0
2025-12-17T14:24:23.183730,0,2.494271001080644,0.9737382746970789,0.040029158418253,420.0,33.0,1.0,409791.0,1.0,1604585.0,75931.0
2025-12-17T14:24:23.279592,1,2.514322243581353,0.9783384199787925,0.04520231782401024,424.0,35.0,1.0,719941.0,1.0,1762294.0,72392.0
2025-12-17T14:24:23.379043,2,2.527672711718602,0.9786828947154901,0.04598907798463318,424.0,34.0,1.0,725321.0,1.0,1551187.0,67631.0
2025-12-17T14:24:23.477951,3,2.539038960736457,0.9798658277439228,0.04549305744327574,432.0,38.0,1.0,1044325.0,1.0,1951949.0,73628.0
2025-12-17T14:24:23.581495,4,2.550441194096139,0.9797262726316823,0.04697710059606675,407.0,27.0,1.0,1192087.0,1.0,2389021.0,89234.0
2025-12-17T14:24:23.683507,5,2.56215346499041,0.9800416530228807,0.045745029124176016,414.0,30.0,1.0,809932.0,1.0,2368090.0,78200.0
2025-12-17T14:24:24.178297,0,2.61878466546398,0.9828790064578877,0.04648603575076829,429.0,37.0,1.0,413833.0,1.0,1568609.0,75291.0
2025-12-17T14:24:24.277925,1,2.630886633963286,0.9835692348539343,0.04427062673454191,408.0,27.0,1.0,693396.0,1.0,1747445.0,73528.0
2025-12-17T14:24:24.380622,2,2.6440489273780075,0.9840638142247088,0.045267916362975925,417.0,31.0,1.0,711704.0,1.0,1540201.0,68067.0
2025-12-17T14:24:24.479607,4,2.6567344122658354,0.9853314700146988,0.04427796760250317,426.0,35.0,1.0,1218603.0,1.0,2331508.0,87618.0
2025-12-17T14:24:24.580163,5,2.6683995392857227,0.9861320484440669,0.0437791109346371,418.0,32.0,1.0,796880.0,1.0,2354504.0,77909.0
2025-12-17T14:24:25.179707,0,2.7370318761063674,0.989891360035745,0.05069945825883802,428.0,36.0,1.0,412714.0,1.0,1591066.0,75342.0
2025-12-17T14:24:25.278293,1,2.7465160841859406,0.9892348948769104,0.05067940378240034,424.0,34.0,1.0,710500.0,1.0,1739774.0,72417.0
2025-12-17T14:24:25.380973,2,2.757398288122724,0.988866702878752,0.04748780649346182,423.0,34.0,1.0,701896.0,1.0,1528775.0,67723.0
2025-12-17T14:24:25.477694,3,2.768938642640766,0.9894015176465546,0.044514661263003234,410.0,28.0,1.0,1021256.0,1.0,1956579.0,75214.0
2025-12-17T14:24:25.579701,4,2.780757081066727,0.9889721015433278,0.044022540398349984,423.0,34.0,1.0,1216130.0,1.0,2359290.0,87855.0
2025-12-17T14:24:25.678718,5,2.7929131075830287,0.9897958631656435,0.042540285889788546,407.0,27.0,1.0,791772.0,1.0,2386596.0,78731.0
2025-12-17T14:24:26.179150,0,2.844080034435168,1.0067414983935006,0.043651588163684446,415.0,30.0,1.0,415236.0,1.0,1612752.0,76317.0
2025-12-17T14:24:26.277825,2,2.8548734442616706,1.0067283930169517,0.02365890642752598,429.0,36.0,1.0,728273.0,1.0,1534997.0,67334.0
2025-12-17T14:24:26.379211,3,2.8652164298651583,1.0064580861120467,0.00015927564795575037,419.0,32.0,1.0,1035877.0,1.0,1946671.0,74530.0
2025-12-17T14:24:26.479726,4,2.8770031078428553,1.0066668046232539,-0.021024870644703708,429.0,37.0,1.0,1225219.0,1.0,2372101.0,87351.0
2025-12-17T14:24:26.577048,5,2.8884057805964396,1.0067795877938597,-0.04010430190379061,408.0,27.0,1.0,808015.0,1.0,2393877.0,78651.0
2025-12-17T14:24:27.178886,0,2.95384452371902,0.998893618625848,-0.1674623954871754,430.0,37.0,1.0,406751.0,1.0,1602957.0,75214.0
2025-12-17T14:24:27.279783,1,2.964825191322609,0.9971411675249681,-0.18819992170949235,419.0,32.0,1.0,700235.0,1.0,1755745.0,72785.0
2025-12-17T14:24:27.379031,2,2.9766221080273154,0.9955263706596524,-0.20397327639024684,440.0,42.0,1.0,713150.0,1.0,1538638.0,66609.0
2025-12-17T14:24:27.480444,3,2.9870924559246896,0.9927086131169124,-0.23495349307640254,409.0,28.0,1.0,1039037.0,1.0,1940094.0,75240.0
2025-12-17T14:24:27.579366,4,2.998561899157845,0.9900981177245382,-0.2623956959492784,414.0,30.0,1.0,1226879.0,1.0,2329930.0,88602.0
2025-12-17T14:24:27.679731,5,3.0094342266287115,0.9867522403943428,-0.2799147146628063,429.0,37.0,1.0,787230.0,1.0,2373707.0,77044.0
2025-12-17T14:24:28.182645,0,3.068556224001861,0.9937566454695079,-0.34476898477298423,400.0,23.0,1.0,417491.0,1.0,1622058.0,77567.0
2025-12-17T14:24:28.280100,1,3.0800673890902446,0.9901898698786393,-0.36872120305826395,416.0,31.0,1.0,715568.0,1.0,1754557.0,73007.0
2025-12-17T14:24:28.379433,2,3.0893427686127093,0.9855973384167631,-0.39106309971819475,418.0,32.0,1.0,715326.0,1.0,1541244.0,67998.0
2025-12-17T14:24:28.483911,3,3.0993117954759484,0.9810346890065373,-0.4151800513695446,414.0,30.0,1.0,1030980.0,1.0,1967203.0,74884.0
2025-12-17T14:24:28.581486,4,3.1100316167324005,0.9771006576444856,-0.4350467680040144,418.0,32.0,1.0,1204660.0,1.0,2283093.0,88303.0
2025-12-17T14:24:28.682542,5,3.1205495037600484,0.9722149511404079,-0.4616667020334762,419.0,32.0,1.0,799311.0,1.0,2380949.0,77804.0
2025-12-17T14:24:29.177425,0,3.168087426665992,0.9359799350130518,-0.5867336406789054,428.0,36.0,1.0,419332.0,1.0,1568609.0,75342.0
2025-12-17T14:24:29.280195,1,3.17709195747832,0.9292809330217047,-0.602831795696197,421.0,33.0,1.0,717265.0,1.0,1756934.0,72613.0
2025-12-17T14:24:29.381740,2,3.1870426635514106,0.923217345971858,-0.6198548605624105,433.0,39.0,1.0,725812.0,1.0,1576593.0,67016.0
2025-12-17T14:24:29.479920,3,3.195521973543624,0.9161361269912194,-0.6430807244381724,409.0,28.0,1.0,1066832.0,1.0,1946012.0,75240.0
2025-12-17T14:24:29.579516,4,3.2032809149653683,0.9088778906040353,-0.6722323163044681,413.0,29.0,1.0,1236049.0,1.0,2318131.0,88722.0
2025-12-17T14:24:29.680083,5,3.2118258667947193,0.9015407522867032,-0.6931960857834496,433.0,38.0,1.0,794994.0,1.0,2412585.0,76783.0
2025-12-17T14:24:30.178814,0,3.242853283222356,0.8831627431420365,-0.7643165026345343,418.0,32.0,1.0,415096.0,1.0,1611661.0,76111.0
2025-12-17T14:24:30.282325,1,3.242853283222356,0.8831627431420365,-0.7643165026345343,404.0,26.0,1.0,716780.0,1.0,1759314.0,73827.0
2025-12-17T14:24:30.379777,2,3.242853283222356,0.8831627431420365,-0.7643165026345343,415.0,30.0,1.0,711222.0,1.0,1567547.0,68206.0
2025-12-17T14:24:30.480378,3,3.242853283222356,0.8831627431420365,-0.7643165026345343,418.0,32.0,1.0,1042913.0,1.0,1912063.0,74631.0
2025-12-17T14:24:30.579309,4,3.242853283222356,0.8831627431420365,-0.7643165026345343,416.0,31.0,1.0,1225634.0,1.0,2364086.0,88422.0
2025-12-17T14:24:30.682522,5,3.242853283222356,0.8831627431420365,-0.7643165026345343,409.0,28.0,1.0,793650.0,1.0,2348933.0,78571.0
2025-12-17T14:24:31.178354,0,3.2544241783945367,0.8541169857177668,-0.8344752424499564,437.0,40.0,1.0,412994.0,1.0,1585153.0,74732.0
2025-12-17T14:24:31.281921,1,3.264917224501312,0.8446378502839513,-0.8515791957234667,429.0,37.0,1.0,712909.0,1.0,1770065.0,72099.0
2025-12-17T14:24:31.378151,2,3.2755445430968595,0.8352349798776741,-0.8723106066030359,423.0,34.0,1.0,724095.0,1.0,1542287.0,67723.0
2025-12-17T14:24:31.478473,3,3.285798457392304,0.8256706375180143,-0.894089651482681,423.0,34.0,1.0,1036929.0,1.0,1921795.0,74253.0
2025-12-17T14:24:31.580330,5,3.294220171538273,0.8166482141920575,-0.9184957002276534,417.0,31.0,1.0,812677.0,1.0,2372904.0,77988.0
2025-12-17T14:24:32.178293,0,3.3288574911470286,0.7609981816282931,-1.0581123471940717,447.0,45.0,1.0,417774.0,1.0,1598082.0,73977.0
2025-12-17T14:24:32.278224,1,3.3354050702000686,0.7508576846677284,-1.0781330817006174,427.0,36.0,1.0,690585.0,1.0,1756934.0,72196.0
2025-12-17T14:24:32.379534,2,3.341625538712768,0.7411996624651445,-1.1005991965216506,416.0,31.0,1.0,713875.0,1.0,1552763.0,68160.0
2025-12-17T14:24:32.477353,3,3.346011384486265,0.7309918251704575,-1.1285201248442653,400.0,22.0,1.0,1028541.0,1.0,1957241.0,76188.0
2025-12-17T14:24:32.578011,4,3.350277370981687,0.7211165986968664,-1.1512552465653034,440.0,42.0,1.0,1205884.0,1.0,2358492.0,86410.0
2025-12-17T14:24:32.681672,5,3.3557105993535328,0.7109341446390101,-1.1721602886032958,431.0,38.0,1.0,787763.0,1.0,2390638.0,76887.0
2025-12-17T14:24:33.179606,0,3.3920456450354908,0.648471467999716,-1.281606886221359,436.0,40.0,1.0,419900.0,1.0,1589989.0,74808.0
2025-12-17T14:24:33.277775,1,3.3953374628171855,0.6369390991037421,-1.3026859897840395,418.0,32.0,1.0,707860.0,1.0,1753963.0,72810.0
2025-12-17T14:24:33.381000,2,3.3979732681880335,0.6260975365105769,-1.325118343576066,416.0,31.0,1.0,713875.0,1.0,1560666.0,68160.0
2025-12-17T14:24:33.478054,3,3.401264476295978,0.6152836288354658,-1.3411992427105435,419.0,32.0,1.0,1035176.0,1.0,1927006.0,74581.0
2025-12-17T14:24:33.580302,4,3.4038825234833467,0.6045583466889705,-1.3659233581476653,416.0,31.0,1.0,1233541.0,1.0,2333086.0,88482.0
2025-12-17T14:24:33.680253,5,3.403837333249893,0.5905946682909948,-1.394713186329713,436.0,40.0,1.0,794456.0,1.0,2340204.0,76498.0
2025-12-17T14:24:34.179070,0,3.403553464383805,0.5244232222258908,-1.5101835436744349,425.0,35.0,1.0,414113.0,1.0,1594840.0,75597.0
2025-12-17T14:24:34.278485,1,3.4047358171939215,0.5128550223199732,-1.531921251830256,418.0,32.0,1.0,697869.0,1.0,1775465.0,72859.0
2025-12-17T14:24:34.380012,2,3.406185231683847,0.5005759034420715,-1.5525974725337714,416.0,31.0,1.0,725567.0,1.0,1553814.0,68160.0
2025-12-17T14:24:34.477148,3,3.405379944202269,0.48938160394373964,-1.5800616645179435,419.0,32.0,1.0,1032028.0,1.0,1940750.0,74581.0
2025-12-17T14:24:34.581211,4,3.4031575101927762,0.47701404728468777,-1.605297105573091,400.0,23.0,1.0,1194510.0,1.0,2325990.0,90023.0
2025-12-17T14:24:34.678800,5,3.3937716172464563,0.46071003456060844,-1.6150800818351896,422.0,34.0,1.0,799852.0,1.0,2383368.0,77567.0
2025-12-17T14:24:35.182975,0,3.386660710498057,0.4033016687259191,-1.6721845469854455,429.0,37.0,1.0,417915.0,1.0,1608391.0,75265.0
2025-12-17T14:24:35.284060,1,3.3859461761400884,0.39145757847931695,-1.6697388191276885,431.0,38.0,1.0,711704.0,1.0,1739774.0,71928.0
2025-12-17T14:24:35.378748,2,3.3850998674747164,0.3789740749889977,-1.6702355796603432,426.0,35.0,1.0,726304.0,1.0,1549088.0,67494.0
2025-12-17T14:24:35.480132,3,3.3830659378762293,0.36769353793467263,-1.6695994006215198,442.0,43.0,1.0,1037280.0,1.0,1938125.0,72908.0
2025-12-17T14:24:35.580439,4,3.3698204188054675,0.3532603792569454,-1.666440930486241,410.0,28.0,1.0,1214485.0,1.0,2333086.0,88932.0
2025-12-17T14:24:35.682061,5,3.3655124632230993,0.34064400492423563,-1.6700963814926153,432.0,38.0,1.0,788296.0,1.0,2390638.0,76861.0
2025-12-17T14:24:36.178038,0,3.3618686523647097,0.28224124722389354,-1.6671579023142862,414.0,30.0,1.0,414955.0,1.0,1583009.0,76369.0
2025-12-17T14:24:36.278308,1,3.361165385702987,0.2704316422106612,-1.666427161664118,432.0,38.0,1.0,715810.0,1.0,1780278.0,71855.0
2025-12-17T14:24:36.380464,2,3.360280489018873,0.2592693066074585,-1.666432444667369,423.0,34.0,1.0,724585.0,1.0,1551712.0,67700.0
2025-12-17T14:24:36.480557,3,3.358745907903506,0.24778952813343058,-1.6671704813948727,411.0,29.0,1.0,1035877.0,1.0,1944038.0,75113.0
2025-12-17T14:24:36.582505,4,3.35839501562151,0.23637304986753094,-1.6691551531702367,402.0,25.0,1.0,1225219.0,1.0,2323630.0,89658.0
2025-12-17T14:24:36.677196,5,3.3569187956106696,0.22478972158765775,-1.6689174997470377,430.0,37.0,1.0,820971.0,1.0,2372904.0,76965.0
2025-12-17T14:24:37.178038,0,3.351111275234554,0.16933336902916807,-1.6706453546330224,433.0,38.0,1.0,412295.0,1.0,1589989.0,75036.0
2025-12-17T14:24:37.278514,1,3.350441678120922,0.1573115585083511,-1.6699164419277919,413.0,29.0,1.0,714358.0,1.0,1791157.0,73205.0
2025-12-17T14:24:37.378407,2,3.3497740032500682,0.14581263984086423,-1.6699165396472475,418.0,32.0,1.0,715810.0,1.0,1561194.0,67998.0
2025-12-17T14:24:37.478384,3,3.347998410684525,0.13420254449528513,-1.6696687185831005,408.0,27.0,1.0,1039741.0,1.0,1960556.0,75367.0
2025-12-17T14:24:37.579017,4,3.347359150674392,0.12260952729432018,-1.6714228212660527,426.0,35.0,1.0,1221907.0,1.0,2358492.0,87588.0
2025-12-17T14:24:37.678279,5,3.345626331716759,0.11108901617047273,-1.6714209187929119,423.0,34.0,1.0,793382.0,1.0,2364887.0,77488.0
2025-12-17T14:24:38.183772,0,3.3408995500702345,0.05307050301146454,-1.6704419116200677,418.0,31.0,1.0,418906.0,1.0,1601872.0,76136.0
2025-12-17T14:24:38.281118,1,3.3402100758417,0.04152896585432031,-1.6729335300666213,436.0,40.0,1.0,711222.0,1.0,1767670.0,71612.0
2025-12-17T14:24:38.381696,2,3.3384320743469784,0.030048401922702084,-1.672159829540544,418.0,32.0,1.0,712185.0,1.0,1527741.0,67998.0
2025-12-17T14:24:38.478713,3,3.3374781295839027,0.0178800578839573,-1.6731609981379005,400.0,23.0,1.0,1047511.0,1.0,1935503.0,76111.0
2025-12-17T14:24:38.578828,4,3.3363315779472678,0.006691199385616908,-1.6726517612674854,418.0,32.0,1.0,1243181.0,1.0,2323630.0,88243.0
2025-12-17T14:24:38.679450,5,3.335036322934834,-0.01081476122157643,-1.6694295918191167,420.0,33.0,1.0,801750.0,1.0,2347343.0,77698.0
2025-12-17T14:24:39.177663,0,3.333802862898153,-0.03096915034603076,-1.67783541033335,418.0,32.0,1.0,420184.0,1.0,1595920.0,76085.0
2025-12-17T14:24:39.279019,1,3.333802862898153,-0.03096915034603076,-1.67783541033335,407.0,27.0,1.0,697397.0,1.0,1789945.0,73653.0
2025-12-17T14:24:39.382492,2,3.3338347769078895,-0.031115495918260683,-1.6770972364211885,438.0,41.0,1.0,719210.0,1.0,1551712.0,66744.0
2025-12-17T14:24:39.483027,3,3.3314906765595054,-0.03893729796994594,-1.6799887857195548,410.0,28.0,1.0,1056055.0,1.0,1953932.0,75189.0
2025-12-17T14:24:39.578496,4,3.329591268677724,-0.048248994639266685,-1.6799895726980194,422.0,33.0,1.0,1207926.0,1.0,2307173.0,87945.0
2025-12-17T14:24:39.677258,5,3.3274811279214775,-0.06169632552555149,-1.6730765586697822,430.0,37.0,1.0,798230.0,1.0,2396309.0,76992.0
2025-12-17T14:24:40.179180,0,3.3233828375486163,-0.1258812321208419,-1.6693706967690929,418.0,32.0,1.0,418198.0,1.0,1583545.0,76085.0
2025-12-17T14:24:40.283604,1,3.322620807725891,-0.13632480302493755,-1.6718472122405672,427.0,36.0,1.0,711463.0,1.0,1748037.0,72196.0
2025-12-17T14:24:40.379487,2,3.3207362306105885,-0.14715979964027737,-1.675811241800078,418.0,32.0,1.0,708100.0,1.0,1549088.0,67998.0
2025-12-17T14:24:40.478391,3,3.3202804290049435,-0.1586216830882069,-1.6787858009834764,424.0,34.0,1.0,1020220.0,1.0,1917896.0,74228.0
2025-12-17T14:24:40.578678,4,3.3185721495957248,-0.16931611017113823,-1.6788042598926545,423.0,34.0,1.0,1226464.0,1.0,2329142.0,87885.0
2025-12-17T14:24:40.677799,5,3.3181609497787905,-0.1809218287330011,-1.6667035166988626,406.0,26.0,1.0,793113.0,1.0,2356896.0,78811.0
2025-12-17T14:24:41.178749,1,3.317085528839205,-0.23715679949486324,-1.550234955184541,428.0,36.0,1.0,722137.0,1.0,1758719.0,72123.0
2025-12-17T14:24:41.277846,2,3.316771578449199,-0.2480849777590124,-1.5266940307303398,426.0,35.0,1.0,731732.0,1.0,1543332.0,67494.0
2025-12-17T14:24:41.382279,3,3.31675084475029,-0.25991156706763097,-1.507231595191205,418.0,32.0,1.0,1052843.0,1.0,1933539.0,74631.0
2025-12-17T14:24:41.478885,4,3.318349191241473,-0.2717132535002622,-1.4845000880930839,439.0,42.0,1.0,1225219.0,1.0,2313429.0,86469.0
2025-12-17T14:24:41.586269,5,3.318545321307812,-0.28195519505254296,-1.4626818479926051,413.0,29.0,1.0,815985.0,1.0,2361687.0,78253.0
2025-12-17T14:24:42.180743,0,3.325501691824686,-0.35344381379596407,-1.4728532430946177,412.0,29.0,1.0,418623.0,1.0,1599705.0,76550.0
2025-12-17T14:24:42.279829,1,3.3263722777014064,-0.36606600246747645,-1.460033420718903,420.0,32.0,1.0,705707.0,1.0,1785710.0,72736.0
2025-12-17T14:24:42.378380,3,3.326565673645309,-0.3772899030989795,-1.4542778125670917,415.0,30.0,1.0,1046094.0,1.0,1953932.0,74833.0
2025-12-17T14:24:42.479799,4,3.327929465755986,-0.38869123491627433,-1.4560196339276181,425.0,35.0,1.0,1222320.0,1.0,2368892.0,87648.0
2025-12-17T14:24:42.582222,5,3.3296310624552197,-0.39994230737823705,-1.4522108877996418,428.0,36.0,1.0,789364.0,1.0,2413401.0,77148.0
2025-12-17T14:24:43.179910,0,3.338642657914619,-0.4696260657116585,-1.4500037748256291,432.0,38.0,1.0,415799.0,1.0,1622607.0,75113.0
2025-12-17T14:24:43.277470,1,3.340361132735789,-0.4809633923729665,-1.4477579190587069,420.0,33.0,1.0,729507.0,1.0,1767072.0,72711.0
2025-12-17T14:24:43.378488,2,3.341674467116462,-0.49236583662842814,-1.4477765703944823,423.0,34.0,1.0,705707.0,1.0,1543332.0,67723.0
2025-12-17T14:24:43.478326,3,3.343476529609484,-0.5038356499158518,-1.4487634822594257,412.0,29.0,1.0,1048930.0,1.0,1964542.0,75087.0
2025-12-17T14:24:43.579649,4,3.3446042587622316,-0.5149753084504982,-1.4490217894804545,415.0,30.0,1.0,1226879.0,1.0,2330719.0,88542.0
2025-12-17T14:24:43.681187,5,3.346177297630125,-0.5266650034941729,-1.4502579919723275,441.0,42.0,1.0,812128.0,1.0,2365687.0,76136.0
2025-12-17T14:24:44.178333,0,3.3531139051684544,-0.5840432378042972,-1.4496050933597444,421.0,33.0,1.0,421466.0,1.0,1641387.0,75879.0
2025-12-17T14:24:44.278097,1,3.354552522853356,-0.5954375635539111,-1.4493642030665166,424.0,34.0,1.0,712427.0,1.0,1767670.0,72441.0
2025-12-17T14:24:44.380591,2,3.3559506206606073,-0.6067595815086515,-1.4434319013986243,447.0,45.0,1.0,725076.0,1.0,1542287.0,66160.0
2025-12-17T14:24:44.477565,3,3.3578092293506963,-0.6178489664144499,-1.426609790754391,400.0,23.0,1.0,1061071.0,1.0,1968535.0,76008.0
2025-12-17T14:24:44.580111,4,3.359183470872882,-0.6281084540009327,-1.4039069097493408,431.0,38.0,1.0,1207518.0,1.0,2305612.0,87174.0
2025-12-17T14:24:45.178065,0,3.3507961319202297,-0.6800907893121253,-1.250503651198675,427.0,36.0,1.0,420753.0,1.0,1593221.0,75469.0
2025-12-17T14:24:45.282754,2,3.3557077587097126,-0.6909941474237372,-1.2257445366344073,408.0,27.0,1.0,714358.0,1.0,1554866.0,68669.0
2025-12-17T14:24:45.378317,3,3.3592454648565737,-0.701788895963458,-1.2008401264372441,430.0,37.0,1.0,1027845.0,1.0,1919845.0,73777.0
2025-12-17T14:24:45.475902,4,3.363806615935685,-0.7126529959665708,-1.1787800458780837,423.0,34.0,1.0,1226879.0,1.0,2340996.0,87855.0
2025-12-17T14:24:45.579097,5,3.3678483737159195,-0.7226419088966014,-1.1617752541658803,426.0,35.0,1.0,799311.0,1.0,2364086.0,77253.0
2025-12-17T14:24:46.179191,0,3.3970717585197505,-0.7826890302153291,-1.0273392135878523,433.0,38.0,1.0,423468.0,1.0,1600788.0,75036.0
2025-12-17T14:24:46.282089,1,3.4064084393313228,-0.7978123797606975,-1.006779447362235,431.0,38.0,1.0,709779.0,1.0,1750405.0,71928.0
2025-12-17T14:24:46.382007,2,3.417208769957062,-0.8143332320070302,-0.9851820185700968,410.0,28.0,1.0,711944.0,1.0,1554340.0,68553.0
2025-12-17T14:24:46.480149,3,3.4239056057814237,-0.8232436168519809,-0.9614544383850865,407.0,27.0,1.0,1060711.0,1.0,1948649.0,75469.0
2025-12-17T14:24:46.580206,4,3.430409948464214,-0.8323013469489848,-0.934101021504128,430.0,37.0,1.0,1216130.0,1.0,2323630.0,87263.0
2025-12-17T14:24:46.680382,5,3.436368630292731,-0.8414987414586963,-0.9143392568125812,426.0,35.0,1.0,796610.0,1.0,2415853.0,77305.0
2025-12-17T14:24:47.182361,0,3.470312174749771,-0.8843568790072126,-0.7964428548542265,440.0,42.0,1.0,424042.0,1.0,1619864.0,74505.0
2025-12-17T14:24:47.279086,1,3.48686765854618,-0.8906399988781882,-0.7679659238664148,424.0,34.0,1.0,725321.0,1.0,1789339.0,72417.0
2025-12-17T14:24:47.381089,2,3.519207151035562,-0.8906158886613363,-0.724797564046555,418.0,32.0,1.0,720428.0,1.0,1545422.0,67998.0
2025-12-17T14:24:47.480983,4,3.528187391594345,-0.8978343147495866,-0.7064959667814319,410.0,28.0,1.0,1222320.0,1.0,2360888.0,88932.0
2025-12-17T14:24:47.588870,5,3.5371716521295897,-0.9049831232696318,-0.6894270224334786,428.0,36.0,1.0,805285.0,1.0,2373707.0,77122.0
2025-12-17T14:24:48.179902,0,3.596038347060948,-0.940742711645458,-0.5471262703096138,421.0,33.0,1.0,420042.0,1.0,1593761.0,75879.0
2025-12-17T14:24:48.278192,1,3.6149492195976536,-0.9377756842159013,-0.5114656456808359,415.0,30.0,1.0,716053.0,1.0,1767072.0,73057.0
2025-12-17T14:24:48.379435,2,3.617896986771007,-0.9378482466342359,-0.5098523756470307,416.0,31.0,1.0,708819.0,1.0,1566487.0,68137.0
2025-12-17T14:24:48.480297,3,3.617878721128178,-0.937783643904805,-0.5100989824759857,410.0,28.0,1.0,1048930.0,1.0,1947330.0,75240.0
2025-12-17T14:24:48.578672,4,3.6176829073033883,-0.9378389907083237,-0.5098450300058358,418.0,32.0,1.0,1245287.0,1.0,2315779.0,88303.0
2025-12-17T14:24:48.678091,5,3.61761793876375,-0.9378573602949654,-0.5100930337505561,414.0,30.0,1.0,780861.0,1.0,2393877.0,78200.0
2025-12-17T14:24:49.181901,0,3.6686248216385073,-0.9625332623070092,-0.39568575754398716,416.0,31.0,1.0,422752.0,1.0,1600788.0,76265.0
2025-12-17T14:24:49.282023,1,3.686932330778375,-0.9595556880021145,-0.35948285137524416,429.0,37.0,1.0,725812.0,1.0,1759314.0,72099.0
2025-12-17T14:24:49.382297,2,3.700082123061756,-0.9604826522810583,-0.3340013172025177,429.0,37.0,1.0,727780.0,1.0,1539680.0,67334.0
2025-12-17T14:24:49.479973,3,3.709650622854742,-0.9646779950719215,-0.3140063410978009,408.0,27.0,1.0,1051774.0,1.0,1941407.0,75367.0
2025-12-17T14:24:49.578602,4,3.7191640776842845,-0.9674928579375272,-0.2931267758673227,410.0,28.0,1.0,1209563.0,1.0,2364086.0,88963.0
2025-12-17T14:24:49.679310,5,3.729075615106893,-0.9701898565526728,-0.26646397781693426,411.0,28.0,1.0,785367.0,1.0,2344961.0,78438.0
2025-12-17T14:24:50.183936,0,3.7837940777963133,-0.9832763626398208,-0.15244037053037052,422.0,33.0,1.0,419332.0,1.0,1588913.0,75828.0
2025-12-17T14:24:50.277734,1,3.7948520384374107,-0.9849375785909075,-0.1324398801635834,429.0,37.0,1.0,725812.0,1.0,1785105.0,72050.0
2025-12-17T14:24:50.379711,2,3.8070521675364764,-0.9860062689184913,-0.11321370960995787,421.0,33.0,1.0,716537.0,1.0,1551712.0,67814.0
2025-12-17T14:24:50.478782,3,3.8189941998629475,-0.9866556546399042,-0.08846381274444327,420.0,33.0,1.0,1081007.0,1.0,1930269.0,74505.0
2025-12-17T14:24:50.581341,4,3.8120917856543897,-0.9744086135094646,-0.06271912451134087,421.0,33.0,1.0,1229373.0,1.0,2351319.0,88034.0
2025-12-17T14:24:50.682043,5,3.817336557368849,-0.9703348931912384,-0.04216644962671669,431.0,37.0,1.0,794188.0,1.0,2354504.0,76939.0
2025-12-17T14:24:51.178650,0,3.874845989029668,-0.9682822744715051,0.06468399374228241,429.0,37.0,1.0,427211.0,1.0,1613298.0,75265.0
2025-12-17T14:24:51.277031,1,3.886491244653927,-0.9673502250004393,0.0858905925843134,422.0,33.0,1.0,721160.0,1.0,1765279.0,72588.0
2025-12-17T14:24:51.378138,2,3.8971040631653335,-0.9668805989612067,0.10838535273320246,414.0,30.0,1.0,714358.0,1.0,1547516.0,68298.0
2025-12-17T14:24:51.481557,3,3.9076609862196534,-0.9626089027627118,0.13173172516239512,408.0,27.0,1.0,1037631.0,1.0,1914654.0,75393.0
2025-12-17T14:24:51.580868,4,3.918276620043764,-0.9588040974802321,0.15266375208838714,427.0,36.0,1.0,1209972.0,1.0,2320486.0,87529.0
2025-12-17T14:24:51.680550,5,3.929427006679475,-0.9562643526419148,0.1762198371855483,427.0,36.0,1.0,788296.0,1.0,2377728.0,77226.0
2025-12-17T14:24:52.178337,0,3.9854378573547042,-0.9430477065042726,0.29011996257832334,420.0,33.0,1.0,421323.0,1.0,1595380.0,75931.0
2025-12-17T14:24:52.278775,1,3.9964433074368775,-0.939542355137748,0.3086502816168507,426.0,36.0,1.0,721160.0,1.0,1759910.0,72245.0
2025-12-17T14:24:52.380385,2,4.006134475101519,-0.9360265446037788,0.33010466957134427,426.0,35.0,1.0,715810.0,1.0,1539159.0,67494.0
2025-12-17T14:24:52.480942,3,4.012670333436998,-0.9286529950753961,0.36102050008862135,418.0,32.0,1.0,1046803.0,1.0,1952610.0,74631.0
2025-12-17T14:24:52.577653,4,4.016828930294527,-0.9190155481874605,0.39465796464161185,411.0,29.0,1.0,1240239.0,1.0,2336247.0,88842.0
2025-12-17T14:24:52.678198,5,4.026628084110561,-0.9139842331432283,0.4136859980422626,432.0,38.0,1.0,803379.0,1.0,2372904.0,76861.0
2025-12-17T14:24:53.184630,0,4.0280366565520405,-0.9118526078752283,0.40897016041825107,417.0,31.0,1.0,423181.0,1.0,1607303.0,76188.0
2025-12-17T14:24:53.278088,1,4.0280366565520405,-0.9118526078752283,0.40897016041825107,414.0,30.0,1.0,706663.0,1.0,1785710.0,73106.0
2025-12-17T14:24:53.378144,2,4.024482903236105,-0.9094644331046354,0.4056768625588666,424.0,35.0,1.0,736453.0,1.0,1560137.0,67608.0
2025-12-17T14:24:53.481290,3,4.023101820735545,-0.9050164399116889,0.41195816507060073,400.0,23.0,1.0,1050351.0,1.0,1957904.0,76136.0
2025-12-17T14:24:53.579459,4,4.033535259871822,-0.9014308078577433,0.4428552649051467,419.0,32.0,1.0,1231039.0,1.0,2329142.0,88153.0
2025-12-17T14:24:53.678141,5,4.0448890599644365,-0.894930359579121,0.4755214563676611,422.0,34.0,1.0,788830.0,1.0,2369694.0,77567.0
2025-12-17T14:24:54.181736,0,4.100124133731892,-0.8639931778854081,0.5906808584420794,422.0,34.0,1.0,419474.0,1.0,1613844.0,75777.0
2025-12-17T14:24:54.280328,1,4.108448277286271,-0.8590061515167573,0.6123788561624369,424.0,34.0,1.0,727780.0,1.0,1776667.0,72441.0
2025-12-17T14:24:54.379874,2,4.116216288936816,-0.8530232377681621,0.632141073305988,423.0,34.0,1.0,728766.0,1.0,1537597.0,67723.0
2025-12-17T14:24:54.483666,3,4.124516141582506,-0.8472955724289457,0.661268386282816,411.0,29.0,1.0,1038685.0,1.0,1938125.0,75138.0
2025-12-17T14:24:54.582075,4,4.133522800282451,-0.8414770867153799,0.689983007369128,416.0,31.0,1.0,1221080.0,1.0,2411768.0,88452.0
2025-12-17T14:24:54.678679,5,4.1425683516626375,-0.833885056851123,0.7107515949114919,420.0,33.0,1.0,799852.0,1.0,2380143.0,77698.0
2025-12-17T14:24:55.178473,0,4.179088646118495,-0.7752980608111468,0.8310879868849138,428.0,36.0,1.0,418481.0,1.0,1566487.0,75342.0
2025-12-17T14:24:55.277780,1,4.184311674891466,-0.7634320198705866,0.8638748542847116,423.0,34.0,1.0,719941.0,1.0,1796014.0,72515.0
2025-12-17T14:24:55.378700,2,4.192141824030065,-0.7551703055543777,0.888421531127387,407.0,27.0,1.0,727288.0,1.0,1574993.0,68785.0
2025-12-17T14:24:55.479531,3,4.199580574995381,-0.7459604179117105,0.9084551152924252,406.0,26.0,1.0,1038334.0,1.0,1942065.0,75495.0
2025-12-17T14:24:55.584292,4,4.205245647636306,-0.7358641143846835,0.9304481350426721,414.0,30.0,1.0,1232706.0,1.0,2376119.0,88602.0
2025-12-17T14:24:55.688052,5,4.2134821850701165,-0.7232143951484975,0.9640906795142656,424.0,34.0,1.0,801750.0,1.0,2383368.0,77410.0
2025-12-17T14:24:56.180063,0,4.233952676020507,-0.6611723085319922,1.0859103177746992,436.0,40.0,1.0,425911.0,1.0,1594300.0,74808.0
2025-12-17T14:24:56.281171,1,4.239969673834733,-0.6506056316731862,1.1057176489079965,430.0,37.0,1.0,712909.0,1.0,1764084.0,72001.0
2025-12-17T14:24:56.382211,2,4.24419941685846,-0.6407536814259416,1.1264024911693766,400.0,23.0,1.0,720184.0,1.0,1539159.0,69346.0
2025-12-17T14:24:56.479939,3,4.249901968003234,-0.6310804470494946,1.1513067316075614,412.0,29.0,1.0,1038685.0,1.0,1952610.0,75113.0
2025-12-17T14:24:56.578490,4,4.255199730501172,-0.6209668355478659,1.1738274222761926,419.0,32.0,1.0,1228541.0,1.0,2310299.0,88153.0
2025-12-17T14:24:56.678395,5,4.26009330616606,-0.6103103314660232,1.194121621159785,433.0,38.0,1.0,790433.0,1.0,2394687.0,76783.0
2025-12-17T14:24:57.181957,0,4.24840444368782,-0.5432238298910876,1.3329651256145016,402.0,25.0,1.0,426200.0,1.0,1601872.0,77305.0
2025-12-17T14:24:57.280768,1,4.250677248001097,-0.53202815106966,1.3573486538370756,424.0,34.0,1.0,722871.0,1.0,1761101.0,72441.0
2025-12-17T14:24:57.377858,2,4.253564897816308,-0.5212444788673049,1.3779740341332412,421.0,33.0,1.0,727042.0,1.0,1542287.0,67860.0
2025-12-17T14:24:57.483687,3,4.252798465829659,-0.518440296231879,1.381678620296815,411.0,29.0,1.0,1051774.0,1.0,1949968.0,75138.0
2025-12-17T14:24:57.579643,4,4.254666847157526,-0.5157842521723834,1.383662412109646,403.0,25.0,1.0,1233959.0,1.0,2380949.0,89597.0
2025-12-17T14:24:57.688419,5,4.257736483801511,-0.5051819215540321,1.3982659368614818,431.0,38.0,1.0,803107.0,1.0,2408505.0,76887.0
2025-12-17T14:24:58.186693,0,4.267458925445242,-0.42126942901216113,1.409035536264255,423.0,34.0,1.0,418056.0,1.0,1604585.0,75751.0
2025-12-17T14:24:58.277269,1,4.269002233475525,-0.4103405548615445,1.409805842665853,427.0,36.0,1.0,702371.0,1.0,1780881.0,72196.0
2025-12-17T14:24:58.379926,2,4.270497906564033,-0.3994286667585255,1.4063500349499631,408.0,27.0,1.0,734461.0,1.0,1565427.0,68669.0
2025-12-17T14:24:58.479985,3,4.272335336661791,-0.3891184438218013,1.408569856214835,414.0,30.0,1.0,1067554.0,1.0,1949968.0,74910.0
2025-12-17T14:24:58.583512,4,4.2744341357539986,-0.37765731100592426,1.3991486786178218,410.0,28.0,1.0,1242340.0,1.0,2337829.0,88963.0
2025-12-17T14:24:58.677088,5,4.276899024784653,-0.3665463081147754,1.3837576723135538,425.0,35.0,1.0,789364.0,1.0,2356099.0,77383.0
2025-12-17T14:24:59.178393,0,4.29109523651836,-0.3137625875844161,1.2647220273006259,412.0,29.0,1.0,421181.0,1.0,1588913.0,76576.0
2025-12-17T14:24:59.277465,1,4.295274293982481,-0.303608848360592,1.2454301307644255,415.0,30.0,1.0,715084.0,1.0,1770664.0,73057.0
2025-12-17T14:24:59.383858,2,4.298726108998075,-0.29245735587354926,1.2247153118060605,416.0,31.0,1.0,729260.0,1.0,1529293.0,68137.0
2025-12-17T14:24:59.477273,3,4.30338993792952,-0.2807512368414451,1.2015462070003506,418.0,32.0,1.0,1048930.0,1.0,1933539.0,74656.0
2025-12-17T14:24:59.577144,4,4.30739033009959,-0.27003475921867204,1.177148425180909,423.0,34.0,1.0,1235630.0,1.0,2310299.0,87885.0
2025-12-17T14:24:59.677616,5,4.312565221505872,-0.2588055088199219,1.1544324310080534,427.0,36.0,1.0,803107.0,1.0,2375315.0,77226.0
2025-12-17T14:25:00.179290,0,4.339241422804183,-0.21107324059365995,1.047866446798432,438.0,41.0,1.0,422180.0,1.0,1582473.0,74656.0
2025-12-17T14:25:00.283045,1,4.344613036342646,-0.20125592526412217,1.0253651450465866,424.0,34.0,1.0,719941.0,1.0,1767670.0,72417.0
2025-12-17T14:25:00.379645,2,4.351212599489421,-0.1925836272587207,0.9966815206347143,419.0,32.0,1.0,721404.0,1.0,1549613.0,67975.0
2025-12-17T14:25:00.478747,3,4.35775790170536,-0.18466105839798663,0.9712663288900085,424.0,35.0,1.0,1070449.0,1.0,1947989.0,74178.0
2025-12-17T14:25:00.579942,4,4.36480265522315,-0.17504965161668462,0.9554650063062511,414.0,30.0,1.0,1231039.0,1.0,2331508.0,88632.0
2025-12-17T14:25:00.680156,5,4.372471056903957,-0.15628381357405075,0.936520167005618,421.0,33.0,1.0,802836.0,1.0,2364887.0,77672.0
2025-12-17T14:25:01.182351,1,4.408467189668037,-0.10779803108710029,0.8132008698264431,415.0,30.0,1.0,715810.0,1.0,1783294.0,73057.0
2025-12-17T14:25:01.281540,2,4.416814614230596,-0.10018669304734873,0.7930157795456867,409.0,28.0,1.0,726550.0,1.0,1548564.0,68646.0
2025-12-17T14:25:01.380602,3,4.424962355002306,-0.09163095377967911,0.7732222861834964,422.0,34.0,1.0,1037280.0,1.0,1946012.0,74354.0
2025-12-17T14:25:01.479509,5,4.433181697796056,-0.08329876648292922,0.7545099607826852,428.0,36.0,1.0,801207.0,1.0,2420764.0,77148.0
2025-12-17T14:25:02.177574,0,4.499943119798455,-0.02577462504906891,0.5968517394119132,428.0,36.0,1.0,415096.0,1.0,1605672.0,75367.0
2025-12-17T14:25:02.275556,1,4.5097083084739475,-0.018359787874395517,0.5792783816113452,430.0,37.0,1.0,716537.0,1.0,1740952.0,72001.0
2025-12-17T14:25:02.377862,3,4.5201071798214425,-0.010973625612921811,0.5553624719327542,414.0,30.0,1.0,1031329.0,1.0,1963212.0,74960.0
2025-12-17T14:25:02.478426,4,4.52849751936685,-0.00487179624228018,0.5389172702171886,416.0,31.0,1.0,1232706.0,1.0,2329142.0,88452.0
2025-12-17T14:25:02.577861,5,4.530320754607621,-0.0027504133993896396,0.5366408993210056,416.0,31.0,1.0,815433.0,1.0,2392257.0,77988.0
2025-12-17T14:25:03.182819,0,4.5674175419836915,0.016159560426582065,0.443794739104712,432.0,38.0,1.0,418481.0,1.0,1593761.0,75087.0
2025-12-17T14:25:03.280229,1,4.5788984034819,0.021977455176380944,0.418203735423197,420.0,33.0,1.0,723360.0,1.0,1775465.0,72687.0
2025-12-17T14:25:03.377670,2,4.589117378143551,0.024531412173375067,0.4059443303633734,414.0,30.0,1.0,736204.0,1.0,1550662.0,68298.0
2025-12-17T14:25:03.478863,3,4.599137708830658,0.027590797442863968,0.3852483306257232,407.0,27.0,1.0,1055340.0,1.0,1947989.0,75469.0
2025-12-17T14:25:03.580835,4,4.60975940996653,0.03195637385810457,0.3642033221107223,419.0,32.0,1.0,1249086.0,1.0,2367289.0,88213.0
2025-12-17T14:25:03.679411,5,4.620015354113933,0.03528907572910467,0.34587031728984097,404.0,26.0,1.0,794994.0,1.0,2397120.0,78917.0
2025-12-17T14:25:04.183951,0,4.673815229416123,0.0499928517545043,0.2330747667618011,430.0,37.0,1.0,419048.0,1.0,1628659.0,75189.0
2025-12-17T14:25:04.278818,2,4.684683613885752,0.052375498742499804,0.2079058112245217,417.0,31.0,1.0,731980.0,1.0,1550662.0,68114.0
2025-12-17T14:25:04.382372,3,4.695970622463901,0.053539823584364266,0.18098345708740632,405.0,26.0,1.0,1051418.0,1.0,1975878.0,75597.0
2025-12-17T14:25:04.480156,4,4.707468124153474,0.05535259897044287,0.1567177788550597,409.0,28.0,1.0,1241079.0,1.0,2339412.0,89053.0
2025-12-17T14:25:04.578264,5,4.718890321348926,0.05822750925161824,0.13593808651769376,413.0,29.0,1.0,798770.0,1.0,2367289.0,78253.0
2025-12-17T14:25:05.177459,0,4.782140359970298,0.059966753575118936,0.0012739362634286776,408.0,27.0,1.0,415096.0,1.0,1617672.0,76809.0
2025-12-17T14:25:05.277591,1,4.793309376627351,0.05946881736977794,-0.01970213393674503,424.0,34.0,1.0,707620.0,1.0,1765876.0,72417.0
2025-12-17T14:25:05.380564,2,4.804309565990847,0.059700923885297685,-0.040711438763574595,427.0,36.0,1.0,726058.0,1.0,1541244.0,67448.0
2025-12-17T14:25:05.481639,3,4.815389114459007,0.05849021774501173,-0.06490958448253613,415.0,30.0,1.0,1081007.0,1.0,1973204.0,74859.0
2025-12-17T14:25:05.583308,4,4.8321673751533964,0.05145992100645813,-0.08933720854620368,426.0,35.0,1.0,1226464.0,1.0,2373707.0,87588.0
2025-12-17T14:25:05.684377,5,4.846178261016198,0.04675667139978357,-0.10938962872134267,415.0,31.0,1.0,812953.0,1.0,2371298.0,78067.0
2025-12-17T14:25:06.180805,0,4.901597526080593,0.03724446804056569,-0.21767644745869094,438.0,41.0,1.0,423755.0,1.0,1597000.0,74656.0
2025-12-17T14:25:06.281964,1,4.9128809302984635,0.03481806423873124,-0.24263032039031587,400.0,19.0,1.0,709299.0,1.0,1800883.0,75087.0
2025-12-17T14:25:06.378628,2,4.9235478486289646,0.03143083911647104,-0.27103935334314566,412.0,29.0,1.0,721893.0,1.0,1544377.0,68460.0
2025-12-17T14:25:06.476758,3,4.9274415546673875,0.025996658982268217,-0.30116389873620913,419.0,32.0,1.0,1039741.0,1.0,1917247.0,74606.0
2025-12-17T14:25:06.576742,4,4.932802375294842,0.021061952318834898,-0.31984712483456473,400.0,23.0,1.0,1241079.0,1.0,2329930.0,90023.0
2025-12-17T14:25:06.679918,5,4.942415108073772,0.017228252878019434,-0.3478128635592337,413.0,29.0,1.0,791236.0,1.0,2372904.0,78253.0
2025-12-17T14:25:07.179468,0,4.956775157719317,0.009347604615677962,-0.39111705021266985,422.0,34.0,1.0,419616.0,1.0,1597000.0,75777.0
2025-12-17T14:25:07.282826,1,4.965040937398883,0.002916429305605206,-0.41256829136421136,405.0,26.0,1.0,699051.0,1.0,1773063.0,73927.0
2025-12-17T14:25:07.378885,2,4.979444970841231,0.0011037417406645211,-0.4155768650389769,425.0,35.0,1.0,704752.0,1.0,1567547.0,67562.0
2025-12-17T14:25:07.476684,3,4.993235567832813,-0.0002607538637311446,-0.4219836006077539,422.0,33.0,1.0,1065028.0,1.0,1956579.0,74379.0
2025-12-17T14:25:07.578419,4,5.006726843429596,-0.0050230410379144,-0.4450068003878558,400.0,21.0,1.0,1248240.0,1.0,2333876.0,90511.0
2025-12-17T14:25:08.182979,0,5.064287752889768,-0.03691279246463952,-0.5816259237810455,425.0,35.0,1.0,421466.0,1.0,1588913.0,75623.0
2025-12-17T14:25:08.279874,1,5.073845156991938,-0.04379729845663061,-0.6107917395206839,433.0,39.0,1.0,726550.0,1.0,1759314.0,71977.0
2025-12-17T14:25:08.380670,2,5.083081709711137,-0.05049802153333949,-0.6335126153464212,425.0,35.0,1.0,728273.0,1.0,1535516.0,67562.0
2025-12-17T14:25:08.478431,3,5.09269910677054,-0.056986600860027936,-0.6491216463853265,427.0,36.0,1.0,1048221.0,1.0,1962548.0,74002.0
2025-12-17T14:25:08.578076,4,5.101530333932039,-0.06325146193220443,-0.6746373651209613,419.0,32.0,1.0,1228541.0,1.0,2391448.0,88213.0
2025-12-17T14:25:08.683151,5,5.113022311921623,-0.06746418538785592,-0.6820353580816183,420.0,33.0,1.0,794188.0,1.0,2384174.0,77698.0
2025-12-17T14:25:09.182054,0,5.157090606702504,-0.10229741419900207,-0.7801536778328717,425.0,35.0,1.0,413973.0,1.0,1608391.0,75572.0
2025-12-17T14:25:09.280278,1,5.165208927021387,-0.10949734942261347,-0.8018535687439985,426.0,35.0,1.0,714842.0,1.0,1767670.0,72490.0
2025-12-17T14:25:09.378633,2,5.1723863543146145,-0.11758411732267993,-0.8222153641272237,420.0,33.0,1.0,720184.0,1.0,1552763.0,67906.0
2025-12-17T14:25:09.479870,3,5.17927830868047,-0.12564443407562487,-0.8535169924053305,405.0,26.0,1.0,1061071.0,1.0,1937469.0,75623.0
2025-12-17T14:25:09.584106,4,5.193841686937042,-0.13465379064378635,-0.8711824769670702,415.0,30.0,1.0,1236886.0,1.0,2311081.0,88542.0
2025-12-17T14:25:09.682744,5,5.210246341705051,-0.14403521888606208,-0.8878938289407285,412.0,29.0,1.0,787763.0,1.0,2413401.0,78359.0
2025-12-17T14:25:10.179455,0,5.2451063912806575,-0.1898241210181435,-0.996536045768713,419.0,32.0,1.0,419332.0,1.0,1595920.0,76008.0
2025-12-17T14:25:10.278322,1,5.2501063294760675,-0.1994963443367881,-1.0247103623567755,430.0,37.0,1.0,716053.0,1.0,1768268.0,72196.0
2025-12-17T14:25:10.384380,2,5.255726167065354,-0.20914109808121828,-1.05345749172109,420.0,33.0,1.0,708339.0,1.0,1545422.0,67906.0
2025-12-17T14:25:10.480251,4,5.260505330568027,-0.21610259071239546,-1.0604477866941167,420.0,33.0,1.0,1211611.0,1.0,2329930.0,88094.0
2025-12-17T14:25:10.583477,5,5.265524526451661,-0.2222660003406296,-1.066682374970922,431.0,38.0,1.0,825149.0,1.0,2403619.0,76887.0
2025-12-17T14:25:11.179272,0,5.290381754706633,-0.2772124014380317,-1.187982280972968,437.0,40.0,1.0,418764.0,1.0,1598082.0,74707.0
2025-12-17T14:25:11.277703,1,5.290751172721137,-0.2773698045312527,-1.1894573009493423,418.0,32.0,1.0,712185.0,1.0,1798447.0,73007.0
2025-12-17T14:25:11.383763,2,5.285754157801622,-0.2784059276223705,-1.1852785265946009,420.0,32.0,1.0,733716.0,1.0,1561722.0,67929.0
2025-12-17T14:25:11.478125,3,5.279696841581369,-0.2804040223628097,-1.1818619615864756,428.0,36.0,1.0,1077719.0,1.0,1948649.0,73902.0
2025-12-17T14:25:11.582938,4,5.281504677221825,-0.28937967444077617,-1.2058673520109378,418.0,32.0,1.0,1232706.0,1.0,2340204.0,88332.0
2025-12-17T14:25:11.682160,5,5.284457856506035,-0.30032504759470724,-1.2313225942664208,428.0,36.0,1.0,812677.0,1.0,2365687.0,77096.0
2025-12-17T14:25:12.179829,0,5.307506512750234,-0.36027834133087966,-1.3457011266880265,432.0,38.0,1.0,422752.0,1.0,1609480.0,75087.0
2025-12-17T14:25:12.277867,1,5.309452024569632,-0.37103731042688626,-1.3677502301351183,419.0,32.0,1.0,704752.0,1.0,1763487.0,72933.0
2025-12-17T14:25:12.377767,2,5.311561366633126,-0.3811262776234354,-1.3846012560458927,408.0,27.0,1.0,714842.0,1.0,1555919.0,68716.0
2025-12-17T14:25:12.480272,3,5.313701954055451,-0.39159929974259566,-1.407572381762316,414.0,30.0,1.0,1037280.0,1.0,1940094.0,74960.0
2025-12-17T14:25:12.579980,4,5.314480798320309,-0.40271621258854085,-1.430752797485362,410.0,28.0,1.0,1228957.0,1.0,2307954.0,88963.0
2025-12-17T14:25:12.679306,5,5.29999202851543,-0.41332310763892655,-1.4493624138339793,436.0,40.0,1.0,793382.0,1.0,2365687.0,76524.0
2025-12-17T14:25:13.180492,0,5.2910065568439295,-0.47055199506183243,-1.4596838950608289,431.0,38.0,1.0,426777.0,1.0,1578728.0,75138.0
2025-12-17T14:25:13.280105,1,5.292673324970004,-0.4820858578521625,-1.459692870887755,417.0,31.0,1.0,725567.0,1.0,1751590.0,73106.0
2025-12-17T14:25:13.378657,2,5.294098723814108,-0.4936000109987684,-1.459439085117002,423.0,34.0,1.0,727042.0,1.0,1566487.0,67700.0
2025-12-17T14:25:13.482810,3,5.295655119225609,-0.5053173081222531,-1.4596882146930519,413.0,29.0,1.0,1052487.0,1.0,1953932.0,75036.0
2025-12-17T14:25:13.578833,4,5.287812264473044,-0.5182373817052832,-1.4615147092906575,431.0,37.0,1.0,1225634.0,1.0,2380949.0,87233.0
2025-12-17T14:25:13.684204,5,5.276670096939404,-0.5308866872253202,-1.450744660734745,430.0,37.0,1.0,812128.0,1.0,2384174.0,76965.0
2025-12-17T14:25:14.181071,0,5.284933557313844,-0.585118044649354,-1.3445495856232996,420.0,33.0,1.0,417067.0,1.0,1625906.0,75931.0
2025-12-17T14:25:14.281467,1,5.288526312179347,-0.5963591149980689,-1.3255009259832957,421.0,33.0,1.0,710981.0,1.0,1786314.0,72859.0
2025-12-17T14:25:14.381265,2,5.291795009656895,-0.607667208736905,-1.3004923166086264,432.0,38.0,1.0,712668.0,1.0,1539680.0,67152.0
2025-12-17T14:25:14.477032,3,5.294337635737462,-0.618605156464914,-1.2758008439210478,410.0,28.0,1.0,1056412.0,1.0,1946012.0,75214.0
2025-12-17T14:25:14.578373,4,5.29773825310517,-0.6295075511072363,-1.2540482587082322,411.0,29.0,1.0,1247818.0,1.0,2337038.0,88872.0
2025-12-17T14:25:14.678345,5,5.301449245704936,-0.6398367146730464,-1.2345510581995918,416.0,31.0,1.0,787763.0,1.0,2380143.0,77988.0
2025-12-17T14:25:15.178662,0,5.323372572148479,-0.6919506358303105,-1.1190227022945833,412.0,29.0,1.0,424042.0,1.0,1610570.0,76524.0
2025-12-17T14:25:15.280564,1,5.328539843636428,-0.7023821912606969,-1.0944234264140675,437.0,41.0,1.0,719697.0,1.0,1763487.0,71685.0
2025-12-17T14:25:15.379775,2,5.334525713878568,-0.7127623591911474,-1.0761174179714146,421.0,33.0,1.0,724831.0,1.0,1546469.0,67860.0
2025-12-17T14:25:15.478593,3,5.340257475067827,-0.7220567745777557,-1.0572349877876883,426.0,35.0,1.0,1057843.0,1.0,1945354.0,74103.0
2025-12-17T14:25:15.579879,4,5.345818520380049,-0.7319174266352646,-1.0330186094887823,417.0,31.0,1.0,1209563.0,1.0,2279233.0,88362.0
2025-12-17T14:25:15.679801,5,5.361455903619787,-0.7399567668714995,-1.0079645182912946,427.0,36.0,1.0,792845.0,1.0,2360888.0,77200.0
2025-12-17T14:25:16.183261,0,5.398884532616693,-0.7841415356680641,-0.8997106077620387,425.0,35.0,1.0,426922.0,1.0,1597000.0,75597.0
2025-12-17T14:25:16.277294,1,5.406768960929204,-0.7923122910783058,-0.8746799962347752,417.0,31.0,1.0,710500.0,1.0,1783897.0,73131.0
2025-12-17T14:25:16.378468,2,5.413356130122635,-0.8015410130948117,-0.8514992036632026,400.0,22.0,1.0,721404.0,1.0,1560137.0,69464.0
2025-12-17T14:25:16.477353,3,5.420383549801785,-0.810944236751598,-0.8284163215424107,416.0,31.0,1.0,1068639.0,1.0,1980564.0,74808.0
2025-12-17T14:25:16.582098,4,5.426159230435584,-0.8160379964351467,-0.7954610001917954,435.0,40.0,1.0,1241499.0,1.0,2336247.0,86821.0
2025-12-17T14:25:16.682364,5,5.432380572234243,-0.820488516197486,-0.7706260530765096,420.0,32.0,1.0,804195.0,1.0,2390638.0,77751.0
2025-12-17T14:25:17.182104,0,5.474128034871255,-0.859132489938873,-0.6597293478372521,422.0,34.0,1.0,422895.0,1.0,1642498.0,75777.0
2025-12-17T14:25:17.281052,1,5.481918025544572,-0.8664997697476244,-0.6350283509893561,427.0,36.0,1.0,700472.0,1.0,1768867.0,72392.0
2025-12-17T14:25:17.382231,2,5.490820854315969,-0.8731958391080621,-0.6132468336251818,412.0,29.0,1.0,712427.0,1.0,1539680.0,68437.0
2025-12-17T14:25:17.480109,3,5.493208827504841,-0.8711012968985912,-0.5814763858950658,409.0,27.0,1.0,1055340.0,1.0,1942722.0,75342.0
2025-12-17T14:25:17.579686,4,5.490744585085373,-0.8652073388643746,-0.5659021590832045,418.0,32.0,1.0,1233124.0,1.0,2287734.0,88303.0
2025-12-17T14:25:17.681872,5,5.490982478334928,-0.8650164888253475,-0.5653906443685063,415.0,30.0,1.0,794994.0,1.0,2373707.0,78120.0
2025-12-17T14:25:18.180127,0,5.497877549237035,-0.8722826822148695,-0.5372735127273229,423.0,34.0,1.0,426633.0,1.0,1595380.0,75751.0
2025-12-17T14:25:18.277956,1,5.508083552316791,-0.8775799577914873,-0.5013773294877713,418.0,32.0,1.0,723850.0,1.0,1770065.0,73032.0
2025-12-17T14:25:18.380601,2,5.51475447871873,-0.8787399351892144,-0.4742523426093975,427.0,36.0,1.0,737950.0,1.0,1554340.0,67448.0
2025-12-17T14:25:18.480107,3,5.521646296540596,-0.8804434033124233,-0.45900892884017813,413.0,29.0,1.0,1070087.0,1.0,1956579.0,75036.0
2025-12-17T14:25:18.580007,4,5.53455886843266,-0.8854969490318587,-0.438562080510186,424.0,34.0,1.0,1256718.0,1.0,2364086.0,87796.0
2025-12-17T14:25:18.679899,5,5.545490774386397,-0.8906426365688287,-0.41818777240240984,419.0,32.0,1.0,810206.0,1.0,2373707.0,77804.0
2025-12-17T14:25:19.178557,0,5.594059164149938,-0.9112853324039647,-0.31121525993387683,410.0,28.0,1.0,417350.0,1.0,1618768.0,76705.0
2025-12-17T14:25:19.275982,1,5.605792847434104,-0.9145107979628837,-0.2896531783238539,421.0,33.0,1.0,723850.0,1.0,1763487.0,72810.0
2025-12-17T14:25:19.381083,2,5.617098655997468,-0.917317087452787,-0.2617637289765786,418.0,32.0,1.0,732228.0,1.0,1560137.0,68044.0
2025-12-17T14:25:19.482286,3,5.628567406919257,-0.9200913524168695,-0.23753998441782864,413.0,29.0,1.0,1061071.0,1.0,1941407.0,75036.0
2025-12-17T14:25:19.580429,4,5.640461508942031,-0.9226955005982429,-0.21728225426040737,417.0,31.0,1.0,1253320.0,1.0,2314995.0,88362.0
2025-12-17T14:25:19.682489,5,5.651214852600526,-0.9247212781321161,-0.20093858345696103,410.0,28.0,1.0,788563.0,1.0,2402806.0,78465.0
2025-12-17T14:25:20.183967,1,5.691484751747989,-0.9139441632967487,-0.047579697658598555,438.0,41.0,1.0,728520.0,1.0,1759910.0,71661.0
2025-12-17T14:25:20.283676,2,5.702892592924574,-0.9143997361142258,-0.026823957654207,427.0,36.0,1.0,732228.0,1.0,1533958.0,67448.0
2025-12-17T14:25:20.381199,3,5.71471397840494,-0.9137413488923822,-0.007863725621729968,421.0,33.0,1.0,1057843.0,1.0,1951949.0,74404.0
2025-12-17T14:25:20.480897,4,5.726649648722118,-0.9131460406266099,0.013116878376663563,422.0,33.0,1.0,1228126.0,1.0,2316563.0,87974.0
2025-12-17T14:25:20.579672,5,5.7386114334548886,-0.9130322493622396,0.03911255011482734,404.0,26.0,1.0,787763.0,1.0,2372101.0,78917.0
2025-12-17T14:25:21.180790,0,5.7877109594558345,-0.8908872945480228,0.19087257279882072,422.0,34.0,1.0,421323.0,1.0,1596460.0,75777.0
2025-12-17T14:25:21.281101,1,5.798796908671546,-0.888346967321118,0.21716575476297723,418.0,32.0,1.0,718723.0,1.0,1807600.0,73007.0
2025-12-17T14:25:21.380253,2,5.8104655942172165,-0.8867039393094689,0.23914759663504132,441.0,42.0,1.0,736204.0,1.0,1564367.0,66564.0
2025-12-17T14:25:21.479925,3,5.8216370586228985,-0.8843196609831683,0.26351572157134984,400.0,20.0,1.0,1095741.0,1.0,1954593.0,76757.0
2025-12-17T14:25:21.578285,4,5.826672978272357,-0.8788598311129299,0.28662319504166434,418.0,32.0,1.0,1244865.0,1.0,2387404.0,88303.0
2025-12-17T14:25:21.683747,5,5.8184878460828315,-0.8679337994713174,0.3136461592795634,427.0,36.0,1.0,796880.0,1.0,2364086.0,77200.0
2025-12-17T14:25:22.179677,0,5.8544704124467595,-0.854182471703578,0.3944088452801823,438.0,41.0,1.0,424042.0,1.0,1584081.0,74656.0
2025-12-17T14:25:22.284738,3,5.8544704124467595,-0.854182471703578,0.3944088452801823,411.0,28.0,1.0,1045386.0,1.0,1929616.0,75265.0
2025-12-17T14:25:22.377648,4,5.8544704124467595,-0.854182471703578,0.3944088452801823,425.0,35.0,1.0,1244023.0,1.0,2337038.0,87737.0
2025-12-17T14:25:22.477374,5,5.850715464889201,-0.8527635219740133,0.3958285607709159,436.0,40.0,1.0,788830.0,1.0,2368892.0,76498.0
2025-12-17T14:25:23.181307,0,5.899460591867596,-0.8165136880619202,0.5342004177166167,420.0,33.0,1.0,420469.0,1.0,1625906.0,75931.0
2025-12-17T14:25:23.277727,1,5.907665005428912,-0.8120402790942245,0.5495867199408903,421.0,33.0,1.0,726796.0,1.0,1792370.0,72834.0
2025-12-17T14:25:23.378011,2,5.915990442991414,-0.806678371860797,0.5756737312914041,417.0,31.0,1.0,716053.0,1.0,1547516.0,68137.0
2025-12-17T14:25:23.482373,3,5.923893441907172,-0.8021243839293237,0.6061929743407368,420.0,33.0,1.0,1052843.0,1.0,1953271.0,74581.0
2025-12-17T14:25:23.583502,4,5.933569847052087,-0.796802407404845,0.6245617949774268,414.0,30.0,1.0,1229373.0,1.0,2397120.0,88632.0
2025-12-17T14:25:23.677307,5,5.942834113508098,-0.7904210714513831,0.6173569107056285,408.0,27.0,1.0,803379.0,1.0,2403619.0,78598.0
2025-12-17T14:25:24.179395,0,5.971826952553059,-0.756671794480188,0.4873300507830502,431.0,38.0,1.0,423181.0,1.0,1584617.0,75138.0
2025-12-17T14:25:24.277590,1,5.98218130339222,-0.7511329913960341,0.46242044140300576,426.0,36.0,1.0,719941.0,1.0,1767072.0,72441.0
2025-12-17T14:25:24.378018,2,5.992921487710146,-0.7447009670005889,0.44412448621281375,428.0,36.0,1.0,735456.0,1.0,1543332.0,67357.0
2025-12-17T14:25:24.477998,3,6.003017777935924,-0.7399443721030645,0.41724230066915063,425.0,35.0,1.0,1058918.0,1.0,1982576.0,74228.0
2025-12-17T14:25:24.581078,4,6.013002185562975,-0.736250024501865,0.38961346922754536,409.0,28.0,1.0,1242760.0,1.0,2313429.0,89053.0
2025-12-17T14:25:24.682611,5,6.023254880534649,-0.7321515128230862,0.3648731037255012,427.0,36.0,1.0,797690.0,1.0,2426506.0,77226.0
2025-12-17T14:25:25.182985,0,6.076536278041415,-0.7139523234893665,0.2649763637856211,430.0,37.0,1.0,423038.0,1.0,1598082.0,75240.0
2025-12-17T14:25:25.281414,1,6.0877488984945956,-0.7109805399642739,0.24226499556533723,426.0,36.0,1.0,719941.0,1.0,1797230.0,72441.0
2025-12-17T14:25:25.380741,2,6.0983450702311135,-0.7096572673677577,0.21172562686214494,418.0,32.0,1.0,722871.0,1.0,1565427.0,68044.0
2025-12-17T14:25:25.477974,3,6.109514062047785,-0.7076552554522297,0.18696570107034727,413.0,29.0,1.0,1053556.0,1.0,1950628.0,75113.0
2025-12-17T14:25:25.578594,4,6.120459531126982,-0.7053731353564814,0.1690917534977246,410.0,28.0,1.0,1226464.0,1.0,2297044.0,88963.0
2025-12-17T14:25:25.677466,5,6.1320849028004085,-0.7027860987102967,0.14781946321301195,434.0,39.0,1.0,797150.0,1.0,2368892.0,76654.0
2025-12-17T14:25:26.179409,0,6.18926380375645,-0.6948884920287055,0.03256720698075607,432.0,38.0,1.0,428804.0,1.0,1600788.0,75087.0
2025-12-17T14:25:26.279750,1,6.200230278291653,-0.6945708984199086,0.010568244565224956,423.0,34.0,1.0,723605.0,1.0,1767072.0,72711.0
2025-12-17T14:25:26.378197,2,6.211348632985998,-0.6940826994543701,-0.007505771701341997,432.0,38.0,1.0,724340.0,1.0,1543332.0,67152.0
2025-12-17T14:25:26.480474,3,6.22151650141705,-0.6952747444876759,-0.02876406158514104,425.0,35.0,1.0,1051063.0,1.0,1978554.0,74253.0
2025-12-17T14:25:26.577627,4,6.232189303748426,-0.6954804166073743,-0.05401742965266365,405.0,26.0,1.0,1244444.0,1.0,2344961.0,89385.0
2025-12-17T14:25:26.682349,5,6.242876622183828,-0.6966159093601165,-0.07672515612172805,411.0,29.0,1.0,797420.0,1.0,2321272.0,78412.0
2025-12-17T14:25:27.181457,0,6.291847817054298,-0.6973945307558553,-0.17126067665423914,429.0,37.0,1.0,420042.0,1.0,1578728.0,75291.0
2025-12-17T14:25:27.282825,1,6.303572989701795,-0.6993935937880464,-0.19251432488425418,428.0,36.0,1.0,718480.0,1.0,1797838.0,72343.0
2025-12-17T14:25:27.382542,2,6.3140430361487905,-0.702207464059426,-0.21818818617904845,422.0,33.0,1.0,729754.0,1.0,1564367.0,67792.0
2025-12-17T14:25:27.482877,3,6.3245104662124385,-0.7051050440596467,-0.24391550651006888,418.0,32.0,1.0,1044325.0,1.0,1954593.0,74758.0
2025-12-17T14:25:27.581230,4,6.3262073274149735,-0.7055784001670562,-0.2501293690527529,413.0,30.0,1.0,1248240.0,1.0,2351319.0,88722.0
2025-12-17T14:25:27.679187,5,6.326138255280814,-0.7054618912449326,-0.250127345186339,428.0,36.0,1.0,810480.0,1.0,2380949.0,77148.0
2025-12-17T14:25:28.182050,0,6.3793483520666285,-0.7050527195707161,-0.297721606621948,420.0,33.0,1.0,427355.0,1.0,1617125.0,75931.0
2025-12-17T14:25:28.278016,1,6.39325273480096,-0.7085010898149304,-0.32529609964338707,425.0,35.0,1.0,704275.0,1.0,1781484.0,72539.0
2025-12-17T14:25:28.382223,2,6.407042777747665,-0.7117192301493471,-0.3477124821903633,418.0,32.0,1.0,722871.0,1.0,1542287.0,68044.0
2025-12-17T14:25:28.481309,3,6.419178149863904,-0.7150866027922385,-0.3679818407083091,414.0,30.0,1.0,1085039.0,1.0,1967203.0,75036.0
2025-12-17T14:25:28.579251,4,6.428998822921678,-0.7190760051041973,-0.3933073890094273,426.0,36.0,1.0,1228541.0,1.0,2375315.0,87588.0
2025-12-17T14:25:28.678318,5,6.437819859953079,-0.7233145047737841,-0.3925733913264529,423.0,34.0,1.0,812953.0,1.0,2368090.0,77488.0
2025-12-17T14:25:29.182052,0,6.489582235191023,-0.7287696899326133,-0.2644885557052214,420.0,32.0,1.0,421181.0,1.0,1591604.0,75982.0
2025-12-17T14:25:29.281264,1,6.500628056959091,-0.7295242899107071,-0.23597382281373466,436.0,40.0,1.0,728273.0,1.0,1768268.0,71806.0
2025-12-17T14:25:29.378221,2,6.512510106458158,-0.7316249115854379,-0.2105270595314533,422.0,33.0,1.0,727534.0,1.0,1527741.0,67792.0
2025-12-17T14:25:29.478897,3,6.5236549850029295,-0.7338787157723965,-0.19096816010845666,417.0,31.0,1.0,1058560.0,1.0,1930923.0,74808.0
2025-12-17T14:25:29.582901,4,6.534674886732183,-0.7354029634047579,-0.16890750110080802,413.0,29.0,1.0,1249508.0,1.0,2344167.0,88752.0
2025-12-17T14:25:29.677590,5,6.545237848059529,-0.7382264992414849,-0.14199660137780454,404.0,25.0,1.0,784835.0,1.0,2393877.0,78944.0
2025-12-17T14:25:30.180616,0,6.600928914520933,-0.7431032090027676,-0.030804766175873632,427.0,36.0,1.0,413273.0,1.0,1627007.0,75418.0
2025-12-17T14:25:30.277973,1,6.6127378672456745,-0.7434730110310575,-0.008036425392529422,410.0,28.0,1.0,728520.0,1.0,1794798.0,73628.0
2025-12-17T14:25:30.378243,2,6.623724105118218,-0.7424839149181082,0.014942124374527707,425.0,35.0,1.0,713875.0,1.0,1551712.0,67608.0
2025-12-17T14:25:30.485088,3,6.635082010452307,-0.7424937747971045,0.04170485966460877,424.0,34.0,1.0,1049286.0,1.0,1950628.0,74304.0
2025-12-17T14:25:30.577960,4,6.646525922595909,-0.7427071321402723,0.059992262833180966,412.0,29.0,1.0,1250354.0,1.0,2290833.0,88782.0
2025-12-17T14:25:31.177304,0,6.711382532527467,-0.7176026732990093,0.21116158660098372,428.0,36.0,1.0,421038.0,1.0,1610570.0,75393.0
2025-12-17T14:25:31.282817,1,6.721841394133056,-0.7154598987366529,0.23788812426135203,423.0,34.0,1.0,723850.0,1.0,1765279.0,72711.0
2025-12-17T14:25:31.381436,2,6.733148317318747,-0.7126259972970672,0.2595588223676791,428.0,36.0,1.0,737450.0,1.0,1545422.0,67403.0
2025-12-17T14:25:31.482501,3,6.744235233305014,-0.7092012660424949,0.27930818404964575,400.0,24.0,1.0,1085774.0,1.0,1964542.0,76085.0
2025-12-17T14:25:31.581463,4,6.755161412789808,-0.70449829661522,0.3030326207731466,422.0,34.0,1.0,1251201.0,1.0,2367289.0,87945.0
2025-12-17T14:25:31.689393,5,6.765542380942813,-0.7017713499951157,0.3295107817675806,423.0,34.0,1.0,791236.0,1.0,2387404.0,77514.0
2025-12-17T14:25:32.178303,0,6.8068012694198545,-0.6623315801192988,0.46521184293402146,433.0,39.0,1.0,424042.0,1.0,1578194.0,74986.0
2025-12-17T14:25:32.277480,1,6.81722082651488,-0.6558873662413083,0.4867049210157335,428.0,36.0,1.0,735208.0,1.0,1785105.0,72343.0
2025-12-17T14:25:32.379865,2,6.827164079184819,-0.6497843719217355,0.508227836735336,400.0,23.0,1.0,736204.0,1.0,1565427.0,69323.0
2025-12-17T14:25:32.478850,3,6.836914201510737,-0.643670695293689,0.5304132886805908,414.0,30.0,1.0,1051418.0,1.0,1959230.0,75036.0
2025-12-17T14:25:32.578551,5,6.845215310335258,-0.6383543425243827,0.5469867081651485,427.0,36.0,1.0,800936.0,1.0,2394687.0,77226.0
2025-12-17T14:25:33.180410,0,6.840149905282341,-0.6230839549100682,0.5800311847645215,424.0,35.0,1.0,412295.0,1.0,1604042.0,75623.0
2025-12-17T14:25:33.278932,1,6.840149905282341,-0.6230839549100682,0.5800311847645215,421.0,33.0,1.0,731484.0,1.0,1781484.0,72834.0
2025-12-17T14:25:33.378633,2,6.840149905282341,-0.6230839549100682,0.5800311847645215,438.0,41.0,1.0,725567.0,1.0,1559610.0,66722.0
2025-12-17T14:25:33.477733,4,6.840149905282341,-0.6230839549100682,0.5800311847645215,425.0,35.0,1.0,1250778.0,1.0,2326778.0,87677.0
2025-12-17T14:25:33.579258,5,6.840149905282341,-0.6230839549100682,0.5800311847645215,422.0,34.0,1.0,791236.0,1.0,2368090.0,77541.0
2025-12-17T14:25:34.178911,0,6.840149905282341,-0.6230839549100682,0.5800311847645215,419.0,32.0,1.0,424329.0,1.0,1603500.0,76008.0
2025-12-17T14:25:34.277731,1,6.840149905282341,-0.6230839549100682,0.5800311847645215,438.0,41.0,1.0,713875.0,1.0,1788734.0,71661.0
2025-12-17T14:25:34.380507,2,6.8402302722246455,-0.6230312974430641,0.5805303094291487,409.0,28.0,1.0,736204.0,1.0,1533958.0,68669.0
2025-12-17T14:25:34.482195,3,6.845142658530032,-0.6207991561295518,0.5874412734419147,418.0,32.0,1.0,1076261.0,1.0,1965207.0,74707.0
2025-12-17T14:25:34.581483,4,6.853274674550119,-0.6157734818025773,0.5906544358824989,432.0,38.0,1.0,1245708.0,1.0,2348933.0,87086.0
2025-12-17T14:25:34.678246,5,6.8658382990717115,-0.6083027175648406,0.593397922856991,405.0,26.0,1.0,810480.0,1.0,2380949.0,78891.0
2025-12-17T14:25:35.178941,0,6.917601487000075,-0.5733006759149841,0.5951360378080691,428.0,36.0,1.0,412994.0,1.0,1630314.0,75367.0
2025-12-17T14:25:35.277000,1,6.926636602149301,-0.5674195957479404,0.596627149789873,421.0,33.0,1.0,723360.0,1.0,1789945.0,72810.0
2025-12-17T14:25:35.378252,2,6.936687472906207,-0.5620876367003333,0.5956364516928868,424.0,35.0,1.0,716295.0,1.0,1542287.0,67631.0
2025-12-17T14:25:35.487286,3,6.949174787369539,-0.5546827887787962,0.5968523952155648,426.0,35.0,1.0,1050351.0,1.0,1949968.0,74178.0
2025-12-17T14:25:35.579315,4,6.955442618698634,-0.5506573071955154,0.5968368052800475,426.0,35.0,1.0,1256718.0,1.0,2358492.0,87648.0
2025-12-17T14:25:35.679325,5,6.9648227925410495,-0.5453573463150669,0.6005571752315143,414.0,30.0,1.0,795802.0,1.0,2377728.0,78147.0
2025-12-17T14:25:36.177760,0,7.01454912935488,-0.5094924425686198,0.5916154489697053,410.0,28.0,1.0,422895.0,1.0,1620961.0,76679.0
2025-12-17T14:25:36.277646,1,7.022962696072309,-0.5039458641779322,0.592552146875017,426.0,36.0,1.0,725812.0,1.0,1794191.0,72441.0
2025-12-17T14:25:36.377565,2,7.032476318572963,-0.4980084000142151,0.5915706289316327,422.0,33.0,1.0,727534.0,1.0,1539159.0,67792.0
2025-12-17T14:25:36.477367,3,7.041406293366488,-0.49120106118882534,0.5925576635750539,403.0,25.0,1.0,1051063.0,1.0,1967869.0,75853.0
2025-12-17T14:25:36.584957,4,7.050826384712105,-0.4849125447746512,0.5913149753431836,420.0,32.0,1.0,1222320.0,1.0,2305612.0,88153.0
2025-12-17T14:25:36.677911,5,7.06054395531879,-0.47811489218785397,0.5880865526239384,426.0,35.0,1.0,797960.0,1.0,2373707.0,77305.0
2025-12-17T14:25:37.181994,0,7.109209806425953,-0.44623638227186246,0.5801757812966678,423.0,34.0,1.0,419474.0,1.0,1583545.0,75725.0
2025-12-17T14:25:37.281132,1,7.119080673884986,-0.4400413287997855,0.5809109783029577,426.0,36.0,1.0,722137.0,1.0,1779676.0,72441.0
2025-12-17T14:25:37.379615,2,7.128942299360958,-0.43333463183498333,0.5809088765180705,416.0,31.0,1.0,726058.0,1.0,1560137.0,68160.0
2025-12-17T14:25:37.480762,3,7.138481738520736,-0.4278461961810338,0.5810959912782,408.0,27.0,1.0,1061430.0,1.0,1981905.0,75495.0
2025-12-17T14:25:37.579087,4,7.1501929121315175,-0.4243276884186984,0.5719117667367721,431.0,37.0,1.0,1249508.0,1.0,2380949.0,87233.0
2025-12-17T14:25:37.679742,5,7.160581900819746,-0.41867780409752076,0.5688602267018574,432.0,38.0,1.0,815157.0,1.0,2376119.0,76809.0
2025-12-17T14:25:38.178160,0,7.2092308239470775,-0.38716659613931803,0.573782398288001,428.0,36.0,1.0,413973.0,1.0,1603500.0,75393.0
2025-12-17T14:25:38.278647,1,7.219525700299099,-0.3804006820877395,0.573293463587658,412.0,29.0,1.0,730495.0,1.0,1773063.0,73478.0
2025-12-17T14:25:38.379298,2,7.225847655176067,-0.3756459869723887,0.5693324477688103,423.0,34.0,1.0,708579.0,1.0,1532920.0,67700.0
2025-12-17T14:25:38.481768,3,7.2259749965531554,-0.37538963804495973,0.568057410507192,426.0,36.0,1.0,1058918.0,1.0,1936158.0,74128.0
2025-12-17T14:25:38.582170,4,7.22576710703558,-0.37541142296791863,0.5675717996597517,425.0,35.0,1.0,1239819.0,1.0,2329142.0,87677.0
2025-12-17T14:25:38.678496,5,7.225628288958824,-0.3757251158894257,0.5660882476925588,422.0,34.0,1.0,800394.0,1.0,2372101.0,77567.0
2025-12-17T14:25:39.178008,1,7.225643658445008,-0.3756563159005992,0.5663471986297856,438.0,41.0,1.0,726304.0,1.0,1760505.0,71661.0
2025-12-17T14:25:39.277518,2,7.225643658445008,-0.3756563159005992,0.5663471986297856,423.0,34.0,1.0,740702.0,1.0,1547516.0,67700.0
2025-12-17T14:25:39.380622,3,7.225643658445008,-0.3756563159005992,0.5663471986297856,418.0,32.0,1.0,1049996.0,1.0,1961220.0,74732.0
2025-12-17T14:25:39.478776,4,7.225643658445008,-0.3756563159005992,0.5663471986297856,417.0,31.0,1.0,1210382.0,1.0,2395498.0,88392.0
2025-12-17T14:25:39.577881,5,7.226465541695548,-0.37570095443454665,0.5683282637858262,422.0,34.0,1.0,819583.0,1.0,2399555.0,77567.0
2025-12-17T14:25:40.178667,0,7.291020771915567,-0.3342654512773078,0.5673881155626885,421.0,33.0,1.0,418623.0,1.0,1591066.0,75853.0
2025-12-17T14:25:40.284371,1,7.300414137616075,-0.3283976192301701,0.5688668277643293,427.0,36.0,1.0,725076.0,1.0,1770065.0,72417.0
2025-12-17T14:25:40.385364,2,7.30975143754928,-0.3235577554015343,0.567878327968725,410.0,28.0,1.0,715568.0,1.0,1567547.0,68553.0
2025-12-17T14:25:40.479351,3,7.318791429207726,-0.31767943201694004,0.5668908625504991,416.0,31.0,1.0,1056055.0,1.0,1936158.0,74859.0
2025-12-17T14:25:40.581814,4,7.328183908088675,-0.3117476160220529,0.5701154402069821,402.0,24.0,1.0,1252048.0,1.0,2337829.0,89718.0
2025-12-17T14:25:40.680311,5,7.338403307282784,-0.3052530819851591,0.5703721136652137,428.0,36.0,1.0,793919.0,1.0,2372101.0,77122.0
2025-12-17T14:25:41.179047,0,7.386786831758258,-0.272540251489926,0.5644560998939724,421.0,33.0,1.0,417632.0,1.0,1604585.0,75853.0
2025-12-17T14:25:41.280282,3,7.396117672256004,-0.2663827165742778,0.5718529172419513,421.0,33.0,1.0,1057843.0,1.0,1957241.0,74530.0
2025-12-17T14:25:41.380023,4,7.406113165681166,-0.25966986764439604,0.5827713646077345,431.0,38.0,1.0,1233541.0,1.0,2346549.0,87174.0
2025-12-17T14:25:41.479007,5,7.415466392320442,-0.25310478749094223,0.596642148851453,432.0,38.0,1.0,817090.0,1.0,2364086.0,76835.0
2025-12-17T14:25:42.179638,0,7.48560249623961,-0.1929360148332422,0.7631195233941686,424.0,34.0,1.0,419048.0,1.0,1589989.0,75648.0
2025-12-17T14:25:42.281598,1,7.493145174935406,-0.184246292848107,0.7851434333724825,425.0,35.0,1.0,725076.0,1.0,1762890.0,72539.0
2025-12-17T14:25:42.380874,2,7.500086474186604,-0.1760398750659995,0.8086379544747183,427.0,36.0,1.0,730248.0,1.0,1521034.0,67425.0
2025-12-17T14:25:42.483760,3,7.507592464401025,-0.16698050574164025,0.8293230303580814,407.0,27.0,1.0,1107673.0,1.0,1980564.0,75572.0
2025-12-17T14:25:42.579307,4,7.515761823854755,-0.15731229481314601,0.8499165706600783,429.0,37.0,1.0,1246974.0,1.0,2368090.0,87381.0
2025-12-17T14:25:42.678062,5,7.523386563053369,-0.14866129327944622,0.8711857568760009,421.0,33.0,1.0,804195.0,1.0,2375315.0,77646.0
2025-12-17T14:25:43.181081,0,7.561777749809617,-0.10342003522243148,0.9853881782932217,436.0,40.0,1.0,423181.0,1.0,1577660.0,74808.0
2025-12-17T14:25:43.278091,1,7.617798107629153,-0.07193446334863873,1.0317235366507433,429.0,37.0,1.0,735954.0,1.0,1814956.0,72294.0
2025-12-17T14:25:43.378567,2,7.628213157578556,-0.05971455884751098,1.0514521297248787,417.0,31.0,1.0,726550.0,1.0,1560137.0,68137.0
2025-12-17T14:25:43.478794,3,7.6334559138816545,-0.05006815678679155,1.07737642762898,427.0,36.0,1.0,1041502.0,1.0,1973872.0,74052.0
2025-12-17T14:25:43.581315,4,7.639063346239247,-0.03994374313167226,1.104308071975823,405.0,26.0,1.0,1249931.0,1.0,2344961.0,89446.0
2025-12-17T14:25:43.680125,5,7.644189868320606,-0.029551623966132645,1.127971909665292,409.0,28.0,1.0,799852.0,1.0,2375315.0,78571.0
2025-12-17T14:25:44.179430,0,7.6951771478522994,0.03931354674429155,1.2433261175586028,420.0,32.0,1.0,414674.0,1.0,1611115.0,75982.0
2025-12-17T14:25:44.279437,1,7.704733467934384,0.05366724784156496,1.2709705088330192,417.0,31.0,1.0,710741.0,1.0,1760505.0,73131.0
2025-12-17T14:25:44.380212,2,7.708798534258754,0.06421629785965255,1.2936009803554271,419.0,32.0,1.0,709299.0,1.0,1534997.0,67975.0
2025-12-17T14:25:44.477867,3,7.711999919555439,0.07526410539521189,1.3171575622084202,412.0,29.0,1.0,1058560.0,1.0,1959230.0,75189.0
2025-12-17T14:25:44.578967,4,7.715371782523528,0.08576108767291668,1.3376976426369511,424.0,34.0,1.0,1232706.0,1.0,2356896.0,87796.0
2025-12-17T14:25:44.679061,5,7.7168262146038655,0.09618439138870505,1.3625527663835673,426.0,35.0,1.0,825429.0,1.0,2382561.0,77253.0
2025-12-17T14:25:45.179486,0,7.759271773851701,0.17786332771772484,1.3863060223236197,431.0,38.0,1.0,419900.0,1.0,1611115.0,75138.0
2025-12-17T14:25:45.279860,1,7.7612115859404165,0.1891080600497772,1.3895245658654125,439.0,42.0,1.0,727042.0,1.0,1776066.0,71540.0
2025-12-17T14:25:45.380893,2,7.7636898181136065,0.2002858922916535,1.390760937324503,415.0,30.0,1.0,722137.0,1.0,1574460.0,68229.0
2025-12-17T14:25:45.477307,3,7.765919432151202,0.21166010793548917,1.3895506324860234,411.0,28.0,1.0,1056055.0,1.0,1953932.0,75265.0
2025-12-17T14:25:45.580850,4,7.768327152872531,0.22228137256876535,1.3925014514087832,407.0,27.0,1.0,1269973.0,1.0,2356896.0,89234.0
2025-12-17T14:25:45.677616,5,7.770881002204499,0.2342468105426616,1.3880311440528725,404.0,25.0,1.0,798770.0,1.0,2424043.0,78944.0
2025-12-17T14:25:46.179763,0,7.782253210867693,0.2906480518926351,1.3908145563445435,446.0,45.0,1.0,420611.0,1.0,1602415.0,74052.0
2025-12-17T14:25:46.283321,1,7.784404080179497,0.30171071834977203,1.394539352937523,422.0,33.0,1.0,731484.0,1.0,1785710.0,72785.0
2025-12-17T14:25:46.380725,2,7.78686935091005,0.31261897656566884,1.3937731248139784,419.0,32.0,1.0,740201.0,1.0,1568609.0,67998.0
2025-12-17T14:25:46.477145,3,7.7884794581860834,0.3237519090980676,1.3928034260581523,417.0,31.0,1.0,1067554.0,1.0,1948649.0,74833.0
2025-12-17T14:25:46.583854,4,7.790805577087841,0.3351866478012111,1.3972417279781542,418.0,32.0,1.0,1278166.0,1.0,2323630.0,88303.0
2025-12-17T14:25:46.678200,5,7.7929160334545395,0.3474432507757377,1.3945259478517633,433.0,39.0,1.0,801478.0,1.0,2373707.0,76757.0
2025-12-17T14:25:47.179076,0,7.801897299091587,0.4042301775283055,1.3900824892496388,419.0,32.0,1.0,416926.0,1.0,1599705.0,76008.0
2025-12-17T14:25:47.280403,1,7.803302318576132,0.41574456153062256,1.3818915266641978,428.0,36.0,1.0,728766.0,1.0,1765876.0,72368.0
2025-12-17T14:25:47.379281,2,7.7949975792239155,0.43241195229543017,1.3744947396455116,429.0,37.0,1.0,724585.0,1.0,1555392.0,67334.0
2025-12-17T14:25:47.480631,3,7.788143495747504,0.4468523139011382,1.3657650088281381,415.0,30.0,1.0,1067916.0,1.0,1959230.0,74986.0
2025-12-17T14:25:47.580186,4,7.7905665981602015,0.4576045452889028,1.3450261252118567,427.0,36.0,1.0,1239819.0,1.0,2388212.0,87529.0
2025-12-17T14:25:47.677530,5,7.794107139836979,0.46843417357423833,1.3207202582383823,417.0,31.0,1.0,811853.0,1.0,2389021.0,77935.0
2025-12-17T14:25:48.181390,0,7.812443588107749,0.5216754842488074,1.208361215805165,429.0,37.0,1.0,420753.0,1.0,1602957.0,75265.0
2025-12-17T14:25:48.279438,1,7.817147100735886,0.5320660924581677,1.1828700979477773,427.0,36.0,1.0,714842.0,1.0,1786919.0,72417.0
2025-12-17T14:25:48.377668,2,7.821479811293192,0.5431965453434153,1.1635054219835683,404.0,25.0,1.0,725812.0,1.0,1569140.0,68995.0
2025-12-17T14:25:48.483157,3,7.825098123182905,0.5540232338287034,1.14088590267973,413.0,29.0,1.0,1037631.0,1.0,1959893.0,75113.0
2025-12-17T14:25:48.579994,4,7.830560041406277,0.563541061383626,1.115820375830516,407.0,27.0,1.0,1241499.0,1.0,2347343.0,89234.0
2025-12-17T14:25:48.678526,5,7.836199594438425,0.5727898407549636,1.090360513450995,413.0,29.0,1.0,806376.0,1.0,2390638.0,78253.0
2025-12-17T14:25:49.176931,0,7.873848419777285,0.6345155337007764,0.9849998561063097,416.0,31.0,1.0,418906.0,1.0,1626456.0,76214.0
2025-12-17T14:25:49.277813,1,7.890254913847047,0.6582131704737715,0.9697148956911871,428.0,36.0,1.0,698578.0,1.0,1773663.0,72368.0
2025-12-17T14:25:49.379336,2,7.896407492863025,0.6674431118040665,0.9447353590790434,424.0,34.0,1.0,720428.0,1.0,1540201.0,67654.0
2025-12-17T14:25:49.478042,3,7.903651584953853,0.6761796162664857,0.9214904333292564,421.0,33.0,1.0,1046448.0,1.0,1963212.0,74530.0
2025-12-17T14:25:49.579419,4,7.910433184794076,0.6856032235446787,0.9022076964474233,418.0,32.0,1.0,1240239.0,1.0,2356896.0,88332.0
2025-12-17T14:25:49.677612,5,7.9173908397078145,0.6948607443670118,0.8816432050210506,419.0,32.0,1.0,825149.0,1.0,2388212.0,77777.0
2025-12-17T14:25:50.178907,0,7.966446157573367,0.7435911531732682,0.7556885221532408,430.0,37.0,1.0,422037.0,1.0,1595380.0,75240.0
2025-12-17T14:25:50.278420,1,7.974203857670224,0.7511734643441055,0.7304800444649917,426.0,36.0,1.0,719454.0,1.0,1770664.0,72441.0
2025-12-17T14:25:50.378954,2,7.982548353703678,0.7584179383561538,0.7111557154134441,412.0,29.0,1.0,724340.0,1.0,1540201.0,68437.0
2025-12-17T14:25:50.480453,3,7.990026229636886,0.7654512335018038,0.6862596415076072,415.0,30.0,1.0,1065028.0,1.0,1948649.0,74960.0
2025-12-17T14:25:50.582523,4,7.998871855039739,0.7707090443636972,0.6496324545053128,421.0,33.0,1.0,1273416.0,1.0,2342581.0,88094.0
2025-12-17T14:25:50.677791,5,8.008139347584985,0.7761230328112139,0.6246036722252372,421.0,33.0,1.0,799311.0,1.0,2382561.0,77672.0
2025-12-17T14:25:51.177414,0,8.068544439627646,0.8114312240745338,0.5156638481792222,422.0,33.0,1.0,420042.0,1.0,1618768.0,75828.0
2025-12-17T14:25:51.277832,1,8.078325637206577,0.8169044829136372,0.4944133957596562,416.0,31.0,1.0,721404.0,1.0,1800274.0,73156.0
2025-12-17T14:25:51.378500,2,8.087894592579545,0.821125167117557,0.46445688808160307,426.0,35.0,1.0,729260.0,1.0,1544377.0,67517.0
2025-12-17T14:25:51.481920,3,8.097612854325156,0.8252010556679137,0.4374969711615249,420.0,33.0,1.0,1055340.0,1.0,1928310.0,74606.0
2025-12-17T14:25:51.584352,4,8.10768338293817,0.8291872350097318,0.4168106049914636,435.0,40.0,1.0,1236049.0,1.0,2326778.0,86850.0
2025-12-17T14:25:51.681641,5,8.118756085096882,0.8349053306634358,0.3997247192743203,408.0,27.0,1.0,805285.0,1.0,2382561.0,78598.0
2025-12-17T14:25:52.180780,0,8.172403565086787,0.850126260807321,0.276972150493904,414.0,30.0,1.0,416080.0,1.0,1600788.0,76369.0
2025-12-17T14:25:52.277254,1,8.182763439800025,0.8521484412661238,0.2559282860645016,436.0,40.0,1.0,721893.0,1.0,1787524.0,71806.0
2025-12-17T14:25:52.378911,2,8.193892548858019,0.8550505065051124,0.2327337475772379,423.0,34.0,1.0,737201.0,1.0,1537597.0,67723.0
2025-12-17T14:25:52.477196,3,8.204839746475509,0.858014294034767,0.21360729438436726,403.0,25.0,1.0,1077719.0,1.0,1988625.0,75853.0
2025-12-17T14:25:52.577891,4,8.215153210458412,0.8607411627482899,0.1888851920079503,427.0,36.0,1.0,1248240.0,1.0,2355301.0,87499.0
2025-12-17T14:25:53.182495,0,8.255090318446307,0.8504546362912793,0.06477583052353024,423.0,34.0,1.0,419900.0,1.0,1612206.0,75725.0
2025-12-17T14:25:53.281633,1,8.267352908569773,0.8517472135958575,0.04350213624256172,415.0,30.0,1.0,733220.0,1.0,1806988.0,73230.0
2025-12-17T14:25:53.378726,2,8.278526649285396,0.8518113768589042,0.019063122127072937,428.0,36.0,1.0,726796.0,1.0,1559082.0,67425.0
2025-12-17T14:25:53.479656,3,8.289479152030461,0.8513501179124332,-0.009125637626883882,412.0,29.0,1.0,1040797.0,1.0,1957904.0,75189.0
2025-12-17T14:25:53.583283,4,8.29663301720383,0.8478601632405782,-0.021974195227446047,400.0,24.0,1.0,1239819.0,1.0,2340996.0,89840.0
2025-12-17T14:25:53.679217,5,8.300638957574597,0.8458796472973789,-0.04784859091997291,422.0,34.0,1.0,811029.0,1.0,2384174.0,77541.0
2025-12-17T14:25:54.180800,0,8.344005283574916,0.8467251730689478,-0.11694520865588026,420.0,33.0,1.0,421466.0,1.0,1608391.0,75931.0
2025-12-17T14:25:54.279776,1,8.343921343438431,0.8468314614974366,-0.11744270688742334,412.0,29.0,1.0,719941.0,1.0,1779676.0,73453.0
2025-12-17T14:25:54.379708,2,8.343921343438431,0.8468314614974366,-0.11744270688742334,439.0,42.0,1.0,732723.0,1.0,1538638.0,66654.0
2025-12-17T14:25:54.477415,3,8.344068957572965,0.8468620469757528,-0.11769034932738255,412.0,29.0,1.0,1054626.0,1.0,1961220.0,75189.0
2025-12-17T14:25:54.578168,4,8.35000594796726,0.8448121317382324,-0.13598172238547387,405.0,26.0,1.0,1260126.0,1.0,2365687.0,89446.0
2025-12-17T14:25:54.677661,5,8.356125662681183,0.8400456190983379,-0.15147812794642393,429.0,37.0,1.0,798500.0,1.0,2380143.0,77070.0
2025-12-17T14:25:55.181670,0,8.420938873513661,0.8294760644541399,-0.2565086952959453,430.0,37.0,1.0,421466.0,1.0,1609480.0,75214.0
2025-12-17T14:25:55.281788,1,8.431810704152442,0.8272810500091219,-0.2739752099476813,421.0,33.0,1.0,727534.0,1.0,1779676.0,72810.0
2025-12-17T14:25:55.377867,2,8.439504782781498,0.8230031063883634,-0.2916885591570047,417.0,31.0,1.0,734213.0,1.0,1533958.0,68137.0
2025-12-17T14:25:55.477989,3,8.448442712393986,0.8187589510392921,-0.3129229515191285,414.0,30.0,1.0,1054983.0,1.0,1978554.0,75036.0
2025-12-17T14:25:55.580241,4,8.458935344829944,0.813914306303142,-0.33890519597314944,428.0,36.0,1.0,1262260.0,1.0,2340204.0,87440.0
2025-12-17T14:25:55.677908,5,8.470484515126754,0.8101291029717133,-0.3665116850531332,413.0,29.0,1.0,825988.0,1.0,2392257.0,78253.0
2025-12-17T14:25:56.177681,0,8.474382324454368,0.7856489938115203,-0.4349436599161796,404.0,26.0,1.0,420326.0,1.0,1625906.0,77122.0
2025-12-17T14:25:56.277439,1,8.483981741424387,0.7792031706133971,-0.45922668781941134,421.0,33.0,1.0,734959.0,1.0,1790551.0,72859.0
2025-12-17T14:25:56.380538,2,8.494591354949426,0.7735079133683822,-0.48432738487823246,429.0,37.0,1.0,729507.0,1.0,1553288.0,67357.0
2025-12-17T14:25:56.480250,4,8.506009469961034,0.768318796630794,-0.5053337910803807,409.0,28.0,1.0,1225219.0,1.0,2311863.0,89113.0
2025-12-17T14:25:56.579359,5,8.51721779686386,0.763717085136471,-0.5434916800123517,406.0,26.0,1.0,793113.0,1.0,2360888.0,78784.0
2025-12-17T14:25:57.178713,0,8.58976792029813,0.7336775932423931,-0.6497256577559104,430.0,37.0,1.0,424185.0,1.0,1608391.0,75214.0
2025-12-17T14:25:57.278226,1,8.599843570104326,0.7268370952161076,-0.6683132543879139,426.0,35.0,1.0,730742.0,1.0,1805766.0,72490.0
2025-12-17T14:25:57.378481,2,8.609005522323043,0.719805910833494,-0.6902933392717736,414.0,30.0,1.0,729507.0,1.0,1564367.0,68321.0
2025-12-17T14:25:57.477528,3,8.617473726145267,0.7124828646271881,-0.7172784921257691,423.0,34.0,1.0,1054983.0,1.0,1953932.0,74404.0
2025-12-17T14:25:57.584063,4,8.626547161283135,0.704789778037048,-0.7347521301477212,418.0,32.0,1.0,1248240.0,1.0,2351319.0,88273.0
2025-12-17T14:25:57.680511,5,8.634558696003769,0.6974038281971673,-0.7518311712768998,413.0,29.0,1.0,815433.0,1.0,2361687.0,78253.0
2025-12-17T14:25:58.179685,1,8.668260683047578,0.6517066640029419,-0.8633958150776739,421.0,33.0,1.0,717023.0,1.0,1829140.0,72834.0
2025-12-17T14:25:58.282209,2,8.674481702764178,0.6428976506745712,-0.8884309532869473,416.0,31.0,1.0,728766.0,1.0,1566487.0,68206.0
2025-12-17T14:25:58.387974,3,8.681176700409392,0.6341823572984522,-0.9150032451346629,418.0,32.0,1.0,1069725.0,1.0,1967869.0,74758.0
2025-12-17T14:25:58.480377,4,8.687728542990818,0.6266127652355022,-0.9261809919186634,415.0,30.0,1.0,1227295.0,1.0,2327565.0,88542.0
2025-12-17T14:25:58.579590,5,8.689524514470543,0.6263575039361133,-0.9288871092346228,427.0,36.0,1.0,803651.0,1.0,2350523.0,77200.0
2025-12-17T14:25:59.179055,0,8.727730967135157,0.6146950101411273,-0.9513983226157379,433.0,39.0,1.0,424472.0,1.0,1571266.0,74960.0
2025-12-17T14:25:59.278837,1,8.73488091748702,0.6041293862955772,-0.9810705095349568,432.0,38.0,1.0,698578.0,1.0,1782690.0,72074.0
2025-12-17T14:25:59.381307,2,8.74296094932774,0.592446925765449,-1.0030441510902555,419.0,32.0,1.0,721160.0,1.0,1544377.0,67975.0
2025-12-17T14:25:59.478468,3,8.75169892183949,0.5811358785740977,-1.0225686283609703,434.0,39.0,1.0,1055340.0,1.0,1951289.0,73603.0
2025-12-17T14:25:59.584645,4,8.75935684797277,0.5706841011657735,-1.0470619704267496,418.0,32.0,1.0,1245708.0,1.0,2352911.0,88303.0
2025-12-17T14:25:59.681810,5,8.765279248557514,0.5605522411073842,-1.0660477620631785,417.0,31.0,1.0,805557.0,1.0,2406061.0,77988.0
2025-12-17T14:26:00.180796,0,8.786973586449129,0.5110305846933292,-1.1775616738108758,423.0,34.0,1.0,420896.0,1.0,1618768.0,75700.0
2025-12-17T14:26:00.279094,2,8.788323498768396,0.5001229117990764,-1.196993315437451,422.0,33.0,1.0,717265.0,1.0,1551712.0,67792.0
2025-12-17T14:26:00.382919,3,8.773229922706571,0.49070918167248845,-1.2210631472469984,415.0,30.0,1.0,1054983.0,1.0,1973872.0,74960.0
2025-12-17T14:26:00.482413,4,8.775806388413494,0.48019857670828525,-1.2435457791144264,420.0,33.0,1.0,1258847.0,1.0,2331508.0,88153.0
2025-12-17T14:26:00.582117,5,8.780028025377135,0.46951582126570557,-1.261629373307462,426.0,35.0,1.0,827947.0,1.0,2361687.0,77253.0
2025-12-17T14:26:01.180147,0,8.796372594449531,0.40496602970847384,-1.4075468934384623,424.0,34.0,1.0,425911.0,1.0,1612752.0,75648.0
2025-12-17T14:26:01.277373,1,8.797058621939803,0.39352342066261414,-1.4271379881430695,430.0,37.0,1.0,714842.0,1.0,1793584.0,72196.0
2025-12-17T14:26:01.379571,3,8.801480656021745,0.3717900923173243,-1.4313776195266878,426.0,35.0,1.0,1063947.0,1.0,1973204.0,74153.0
2025-12-17T14:26:01.478969,4,8.804293372858712,0.35549795240115234,-1.4339952168858336,433.0,39.0,1.0,1242760.0,1.0,2358492.0,87027.0
2025-12-17T14:26:01.577029,5,8.80659387738011,0.34354469103790297,-1.4374652210756118,421.0,33.0,1.0,800936.0,1.0,2431438.0,77672.0
2025-12-17T14:26:02.179722,0,8.814836216450168,0.27517236493039565,-1.4411664589900626,417.0,31.0,1.0,418623.0,1.0,1644723.0,76136.0
2025-12-17T14:26:02.278298,1,8.816670283794512,0.2629107756836371,-1.4433910461528343,427.0,36.0,1.0,719941.0,1.0,1803933.0,72441.0
2025-12-17T14:26:02.378192,2,8.810047453035857,0.24767472176533456,-1.4458363502268212,426.0,35.0,1.0,724831.0,1.0,1560666.0,67517.0
2025-12-17T14:26:02.477933,3,8.799859478249761,0.22955210990152164,-1.4504436664780602,422.0,33.0,1.0,1058560.0,1.0,1949968.0,74455.0
2025-12-17T14:26:02.582210,5,8.80215850397654,0.21764716117391192,-1.4494527463536204,418.0,31.0,1.0,803107.0,1.0,2356099.0,77909.0
2025-12-17T14:26:03.180391,0,8.811523849259654,0.14990431396087622,-1.4524008367019834,422.0,33.0,1.0,420469.0,1.0,1599705.0,75828.0
2025-12-17T14:26:03.276178,1,8.813992120942439,0.1384513808610608,-1.449185088649386,430.0,37.0,1.0,727534.0,1.0,1796621.0,72221.0
2025-12-17T14:26:03.387521,2,8.815264684904758,0.12727690004844838,-1.4511482762918775,429.0,37.0,1.0,726796.0,1.0,1535516.0,67357.0
2025-12-17T14:26:03.482114,3,8.816618013568696,0.11558449412532745,-1.4513926613138355,423.0,34.0,1.0,1093519.0,1.0,1966537.0,74379.0
2025-12-17T14:26:03.578278,4,8.817918053634754,0.10412058327435147,-1.4479317764970256,417.0,31.0,1.0,1246552.0,1.0,2352911.0,88422.0
2025-12-17T14:26:03.680336,5,8.819233540333368,0.09182486439235937,-1.4503801998117274,418.0,32.0,1.0,815433.0,1.0,2376119.0,77856.0
2025-12-17T14:26:04.179382,0,8.825753768957178,0.03430450211420144,-1.4518770572913682,438.0,41.0,1.0,423898.0,1.0,1576059.0,74631.0
2025-12-17T14:26:04.277351,1,8.827420567691185,0.022833448724430383,-1.4484222398740358,417.0,31.0,1.0,742710.0,1.0,1811275.0,73106.0
2025-12-17T14:26:04.381470,2,8.828247486273693,0.011330008205611364,-1.45138889542682,421.0,33.0,1.0,730990.0,1.0,1545422.0,67837.0
2025-12-17T14:26:04.480671,3,8.82966210641952,0.00020532524653837925,-1.4504080032532554,410.0,28.0,1.0,1036578.0,1.0,1973872.0,75342.0
2025-12-17T14:26:04.578655,4,8.83034027344474,-0.011668842939543289,-1.450841436143464,403.0,25.0,1.0,1258421.0,1.0,2361687.0,89627.0
2025-12-17T14:26:04.679715,5,8.834099311911594,-0.02380293042585624,-1.4504970549473353,429.0,37.0,1.0,818474.0,1.0,2388212.0,77044.0
2025-12-17T14:26:05.178048,0,8.852697280731123,-0.08219786034467091,-1.4451011467560986,408.0,27.0,1.0,424903.0,1.0,1640831.0,76809.0
2025-12-17T14:26:05.277328,1,8.853982654789888,-0.08742477669580673,-1.4448711367858476,432.0,38.0,1.0,739951.0,1.0,1784501.0,72074.0
2025-12-17T14:26:05.379730,2,8.854526775883553,-0.08793308615049078,-1.4483378453816438,410.0,28.0,1.0,726550.0,1.0,1555392.0,68576.0
2025-12-17T14:26:05.479072,3,8.854692352071151,-0.0877211414831276,-1.4493257876676124,416.0,31.0,1.0,1056055.0,1.0,1960556.0,74884.0
2025-12-17T14:26:05.578566,4,8.854176236708629,-0.08859923663903402,-1.4485840738297338,425.0,35.0,1.0,1238981.0,1.0,2362487.0,87737.0
2025-12-17T14:26:05.677072,5,8.854035670057861,-0.09677296633752963,-1.450075584551163,430.0,37.0,1.0,808015.0,1.0,2382561.0,76992.0
2025-12-17T14:26:06.179481,0,8.861191259968265,-0.16110674528311364,-1.4490859952049875,436.0,40.0,1.0,428659.0,1.0,1606759.0,74808.0
2025-12-17T14:26:06.279466,1,8.862090921763825,-0.17116780943537657,-1.4463812400723968,428.0,36.0,1.0,744976.0,1.0,1772463.0,72343.0
2025-12-17T14:26:06.384254,2,8.862881130468045,-0.18213639246870317,-1.4488608115082642,428.0,36.0,1.0,726796.0,1.0,1559082.0,67425.0
2025-12-17T14:26:06.478307,3,8.864502929390266,-0.19272279321637908,-1.449592976293216,406.0,26.0,1.0,1062148.0,1.0,1963212.0,75648.0
2025-12-17T14:26:06.583975,4,8.865226198611136,-0.20455934269370646,-1.446314171095359,408.0,27.0,1.0,1250778.0,1.0,2337038.0,89204.0
2025-12-17T14:26:06.679800,5,8.866826327099897,-0.21603157871974688,-1.4541936684982422,414.0,30.0,1.0,786697.0,1.0,2448781.0,78200.0
2025-12-17T14:26:07.181774,0,8.873505914837553,-0.2730353229312432,-1.455706285204195,444.0,44.0,1.0,425191.0,1.0,1589989.0,74178.0
2025-12-17T14:26:07.280454,1,8.878962703629735,-0.2858913136686456,-1.450449532704098,429.0,37.0,1.0,716537.0,1.0,1796621.0,72245.0
2025-12-17T14:26:07.377907,2,8.896500781454098,-0.3011575737591685,-1.4416488105329766,429.0,37.0,1.0,724831.0,1.0,1552237.0,67311.0
2025-12-17T14:26:07.483254,3,8.898071793052853,-0.3121416572169391,-1.4389178530413296,422.0,34.0,1.0,1063587.0,1.0,1961884.0,74455.0
2025-12-17T14:26:07.584330,4,8.899607865575568,-0.32436408037436815,-1.4389219440122056,431.0,37.0,1.0,1224805.0,1.0,2301714.0,87233.0
2025-12-17T14:26:07.677359,5,8.90167103722671,-0.33538716219926146,-1.4416640461588006,405.0,26.0,1.0,794456.0,1.0,2368090.0,78891.0
2025-12-17T14:26:08.180397,0,8.909102260782195,-0.39275577339277223,-1.4411524719787099,420.0,33.0,1.0,432155.0,1.0,1622607.0,75931.0
2025-12-17T14:26:08.279663,1,8.910597552995494,-0.4051281458973559,-1.4374430126150526,420.0,32.0,1.0,730742.0,1.0,1794798.0,72933.0
2025-12-17T14:26:08.382888,2,8.912893248023797,-0.4170194572784349,-1.4401201473267746,424.0,34.0,1.0,737201.0,1.0,1537076.0,67654.0
2025-12-17T14:26:08.484849,3,8.914407747316861,-0.4287716368417618,-1.4364113721715561,415.0,30.0,1.0,1063587.0,1.0,1985262.0,74986.0
2025-12-17T14:26:08.583398,4,8.916442755541846,-0.44065679520570056,-1.4386390919313923,432.0,38.0,1.0,1247818.0,1.0,2376119.0,87115.0
2025-12-17T14:26:08.677450,5,8.917913568599129,-0.45184301466053567,-1.4290614464949416,419.0,32.0,1.0,805830.0,1.0,2391448.0,77804.0
2025-12-17T14:26:09.177801,0,8.928790325544753,-0.5092095658870734,-1.3289031608843707,422.0,33.0,1.0,428804.0,1.0,1582473.0,75828.0
2025-12-17T14:26:09.278630,1,8.932042228731383,-0.5192647583639491,-1.3037278575180866,419.0,32.0,1.0,741957.0,1.0,1819877.0,72958.0
2025-12-17T14:26:09.380761,2,8.934125245071176,-0.5290642053767005,-1.2745678868499966,404.0,25.0,1.0,724831.0,1.0,1567547.0,68995.0
2025-12-17T14:26:09.477657,3,8.936410672238372,-0.5399735394360934,-1.253547581939243,415.0,30.0,1.0,1045033.0,1.0,1946012.0,74960.0
2025-12-17T14:26:09.579756,4,8.939913345500774,-0.5512320413553269,-1.2341890951046597,418.0,32.0,1.0,1220253.0,1.0,2325990.0,88273.0
2025-12-17T14:26:09.680090,5,8.943051277682134,-0.5473013102030699,-1.1905935889135961,415.0,30.0,1.0,797960.0,1.0,2384981.0,78094.0
2025-12-17T14:26:10.179615,0,8.966375938198228,-0.593611297586504,-1.070108737699347,425.0,35.0,1.0,431424.0,1.0,1612752.0,75597.0
2025-12-17T14:26:10.277192,1,8.971465809364972,-0.603741604758389,-1.049832280796702,418.0,32.0,1.0,720428.0,1.0,1788734.0,73032.0
2025-12-17T14:26:10.379838,2,8.97668448063305,-0.6143234393732464,-1.0327487380989877,421.0,33.0,1.0,718967.0,1.0,1568609.0,67860.0
2025-12-17T14:26:10.477457,3,8.983520196401345,-0.6235893351386665,-1.0081230638174543,406.0,27.0,1.0,1052487.0,1.0,1971869.0,75597.0
2025-12-17T14:26:10.583900,4,8.995185938907333,-0.625723822765933,-0.9783464731749758,412.0,29.0,1.0,1236049.0,1.0,2361687.0,88812.0
2025-12-17T14:26:10.681677,5,9.003731443634255,-0.6324988922596129,-0.9548447489911271,436.0,40.0,1.0,813228.0,1.0,2391448.0,76498.0
2025-12-17T14:26:11.177963,0,9.037607005556751,-0.6777336755030072,-0.8438327415427854,420.0,32.0,1.0,430258.0,1.0,1604585.0,75982.0
2025-12-17T14:26:11.282985,1,9.044939455095808,-0.6855743737566615,-0.8201472040655626,432.0,38.0,1.0,738200.0,1.0,1806988.0,72074.0
2025-12-17T14:26:11.380004,2,9.052360349462596,-0.6933099813814394,-0.7916947240448512,412.0,29.0,1.0,715810.0,1.0,1563309.0,68483.0
2025-12-17T14:26:11.480877,3,9.063332624412633,-0.6997941415555289,-0.7660082305584005,405.0,26.0,1.0,1065749.0,1.0,1954593.0,75725.0
2025-12-17T14:26:11.578400,4,9.075958651459775,-0.705797659762474,-0.7382893096014205,427.0,36.0,1.0,1250778.0,1.0,2356099.0,87588.0
2025-12-17T14:26:11.683711,5,9.088904473578872,-0.7108790920019219,-0.7084503005285248,436.0,40.0,1.0,797420.0,1.0,2399555.0,76550.0
2025-12-17T14:26:12.177744,0,9.134954613367228,-0.7429722066340085,-0.5817660752264665,433.0,39.0,1.0,419900.0,1.0,1605128.0,74986.0
2025-12-17T14:26:12.278767,1,9.143612435223663,-0.7501504044265768,-0.5591386080157363,418.0,32.0,1.0,735954.0,1.0,1803323.0,73007.0
2025-12-17T14:26:12.377653,2,9.153536586942842,-0.756830617860436,-0.5402533638231405,440.0,42.0,1.0,723605.0,1.0,1567547.0,66631.0
2025-12-17T14:26:12.477139,3,9.164037636042606,-0.761886781536385,-0.5192971073098417,415.0,30.0,1.0,1049286.0,1.0,1958567.0,74960.0
2025-12-17T14:26:12.579675,4,9.175721367863636,-0.7652809934000495,-0.4919557163111872,405.0,26.0,1.0,1251201.0,1.0,2300935.0,89476.0
2025-12-17T14:26:12.676783,5,9.186491253275246,-0.7554227560745961,-0.47539605289808745,413.0,29.0,1.0,803107.0,1.0,2368892.0,78253.0
2025-12-17T14:26:13.181183,0,9.186607568122172,-0.7549549516091245,-0.4761769123273022,415.0,30.0,1.0,426633.0,1.0,1608391.0,76291.0
2025-12-17T14:26:13.281781,1,9.186607568122172,-0.7549549516091245,-0.4761769123273022,415.0,31.0,1.0,732228.0,1.0,1774263.0,73230.0
2025-12-17T14:26:13.378820,2,9.186756955849964,-0.7549782061607111,-0.47543182946333606,434.0,39.0,1.0,739700.0,1.0,1563309.0,67016.0
2025-12-17T14:26:13.478708,3,9.191327634392266,-0.7579739876183025,-0.4565104654806879,405.0,26.0,1.0,1078814.0,1.0,1996042.0,75725.0
2025-12-17T14:26:13.583213,4,9.20410708890819,-0.7536157561443098,-0.41150411149509747,405.0,26.0,1.0,1242340.0,1.0,2352115.0,89476.0
2025-12-17T14:26:13.678841,5,9.2166262521089,-0.7570339722663011,-0.37762404326479654,434.0,39.0,1.0,803651.0,1.0,2392257.0,76679.0
2025-12-17T14:26:14.184202,0,9.274114748147255,-0.7753419055646971,-0.2683214951666477,418.0,32.0,1.0,422895.0,1.0,1605128.0,76111.0
2025-12-17T14:26:14.279032,1,9.284016939772242,-0.7791151788448643,-0.24477923119939346,411.0,29.0,1.0,730990.0,1.0,1802712.0,73528.0
2025-12-17T14:26:14.379346,2,9.294624244054498,-0.782024543345095,-0.2227680805010917,429.0,37.0,1.0,730248.0,1.0,1570734.0,67311.0
2025-12-17T14:26:14.478377,3,9.306220572529543,-0.7833851667638685,-0.19950378695106932,421.0,33.0,1.0,1043972.0,1.0,1949968.0,74530.0
2025-12-17T14:26:14.579689,4,9.317345074601434,-0.7848000282287453,-0.1725400944329461,412.0,29.0,1.0,1243181.0,1.0,2340204.0,88842.0
2025-12-17T14:26:14.683561,5,9.328155570835946,-0.7871863377785484,-0.14474745393834293,439.0,41.0,1.0,790969.0,1.0,2401180.0,76291.0
2025-12-17T14:26:15.179034,0,9.388189287509643,-0.7890326630818656,-0.034482593836514655,432.0,38.0,1.0,424903.0,1.0,1627557.0,75087.0
2025-12-17T14:26:15.281844,1,9.408603025586672,-0.7780557620559048,-0.014405565145227854,412.0,29.0,1.0,717994.0,1.0,1799664.0,73478.0
2025-12-17T14:26:15.384478,2,9.41857711436731,-0.778211279368695,0.011254352869695783,434.0,39.0,1.0,735456.0,1.0,1553288.0,66993.0
2025-12-17T14:26:15.483622,3,9.429512753698734,-0.778282386024653,0.03435791288098047,424.0,35.0,1.0,1085774.0,1.0,1971202.0,74304.0
2025-12-17T14:26:15.581753,4,9.441681722820455,-0.7783085561184278,0.053924023475564194,402.0,25.0,1.0,1243181.0,1.0,2415853.0,89718.0
2025-12-17T14:26:16.179462,0,9.490019666937224,-0.7597548257114104,0.18932205426023976,421.0,33.0,1.0,423611.0,1.0,1615484.0,75879.0
2025-12-17T14:26:16.284180,1,9.501041688243555,-0.7576199031906041,0.20958628271907961,432.0,38.0,1.0,732475.0,1.0,1783897.0,72050.0
2025-12-17T14:26:16.382994,2,9.512464731102233,-0.7553579099443395,0.2271178328306958,421.0,33.0,1.0,737450.0,1.0,1540201.0,67860.0
2025-12-17T14:26:16.479884,3,9.523705306995085,-0.7516430001121472,0.2519281181578063,425.0,35.0,1.0,1062148.0,1.0,1959230.0,74278.0
2025-12-17T14:26:16.581726,4,9.534570838453838,-0.748549032989323,0.27728727124354036,405.0,26.0,1.0,1249931.0,1.0,2355301.0,89415.0
2025-12-17T14:26:16.680473,5,9.545892279175545,-0.7461160633111366,0.2988948088174192,426.0,35.0,1.0,813228.0,1.0,2373707.0,77305.0
2025-12-17T14:26:17.178664,1,9.583878777923209,-0.7224707037709557,0.4082741006904131,419.0,32.0,1.0,739951.0,1.0,1786314.0,72958.0
2025-12-17T14:26:17.280505,2,9.58657186846101,-0.7153780707481756,0.43233812354889584,425.0,35.0,1.0,724585.0,1.0,1585153.0,67608.0
2025-12-17T14:26:17.381058,3,9.595493717721517,-0.7123362623389227,0.4505708757952983,409.0,28.0,1.0,1062508.0,1.0,1957241.0,75393.0
2025-12-17T14:26:17.477606,4,9.596719055601572,-0.7116876526321461,0.45379559067634506,402.0,25.0,1.0,1233541.0,1.0,2318131.0,89718.0
2025-12-17T14:26:17.579781,5,9.596633287711994,-0.7117302866613393,0.4528062035007248,426.0,35.0,1.0,794188.0,1.0,2372101.0,77305.0
2025-12-17T14:26:18.179406,0,9.634347326793371,-0.6906893627772437,0.5385103002910215,430.0,37.0,1.0,423898.0,1.0,1633628.0,75214.0
2025-12-17T14:26:18.277050,1,9.639610164919636,-0.6835373649458685,0.5543691350326394,437.0,40.0,1.0,734213.0,1.0,1837206.0,71709.0
2025-12-17T14:26:18.381932,2,9.649173550678238,-0.6773791641104605,0.5714182138621707,432.0,38.0,1.0,736204.0,1.0,1554340.0,67152.0
2025-12-17T14:26:18.478951,3,9.658462618573639,-0.6710264226185689,0.5963251456665465,414.0,30.0,1.0,1093148.0,1.0,1967203.0,75036.0
2025-12-17T14:26:18.577436,4,9.667165602294189,-0.6670691870028538,0.6269285726260825,426.0,35.0,1.0,1252896.0,1.0,2356896.0,87618.0
2025-12-17T14:26:18.678469,5,9.675746056157294,-0.6626143965942033,0.6576790865005521,417.0,31.0,1.0,803651.0,1.0,2364887.0,77962.0
2025-12-17T14:26:19.177814,0,9.719411145812368,-0.6206860042035629,0.7529052936823566,424.0,35.0,1.0,421466.0,1.0,1639166.0,75623.0
2025-12-17T14:26:19.288168,2,9.727550723017151,-0.612252653846804,0.7723584388337877,411.0,28.0,1.0,731484.0,1.0,1553288.0,68530.0
2025-12-17T14:26:19.380916,4,9.735704685082817,-0.6047593166345395,0.7992569887393746,406.0,26.0,1.0,1244444.0,1.0,2319701.0,89385.0
2025-12-17T14:26:19.481213,5,9.747161552459161,-0.5920565448675479,0.8280469169691456,438.0,41.0,1.0,808562.0,1.0,2398743.0,76395.0
2025-12-17T14:26:20.177434,0,9.798313675134274,-0.5249688537593276,0.9933454483418537,432.0,38.0,1.0,425911.0,1.0,1614390.0,75036.0
2025-12-17T14:26:20.281310,1,9.803859147022019,-0.5149906501459318,1.0158789057647184,414.0,30.0,1.0,744472.0,1.0,1800883.0,73329.0
2025-12-17T14:26:20.379897,2,9.808898243223434,-0.5041887973882746,1.0375669378548966,400.0,24.0,1.0,706663.0,1.0,1541244.0,69276.0
2025-12-17T14:26:20.478285,3,9.81479787497142,-0.4918223653481988,1.0631817211530445,412.0,29.0,1.0,1051063.0,1.0,1967203.0,75189.0
2025-12-17T14:26:20.578916,4,9.821805173887748,-0.4711075263413438,1.101321827596153,431.0,38.0,1.0,1238142.0,1.0,2406061.0,87233.0
2025-12-17T14:26:20.677419,5,9.826418099629436,-0.4596599645262316,1.12255743580824,429.0,37.0,1.0,811853.0,1.0,2376119.0,77070.0
2025-12-17T14:26:21.179547,0,9.84662062667011,-0.40688641644073886,1.2378968402880741,418.0,32.0,1.0,421751.0,1.0,1639721.0,76111.0
2025-12-17T14:26:21.277342,1,9.850695340333095,-0.3964121547706201,1.2619808568868711,417.0,31.0,1.0,724095.0,1.0,1782690.0,73106.0
2025-12-17T14:26:21.379943,3,9.854536866391692,-0.38517379126760787,1.2823488255492406,414.0,30.0,1.0,1087981.0,1.0,1967203.0,75036.0
2025-12-17T14:26:21.478728,4,9.852100107692806,-0.36769134272879533,1.3096000493955247,415.0,31.0,1.0,1260552.0,1.0,2350523.0,88542.0
2025-12-17T14:26:21.578607,5,9.853605541751126,-0.35537736598058345,1.3324874650495024,411.0,28.0,1.0,819583.0,1.0,2408505.0,78438.0
2025-12-17T14:26:22.177637,0,9.857335335722635,-0.3357124744632758,1.3709360471888035,425.0,35.0,1.0,422180.0,1.0,1599705.0,75597.0
2025-12-17T14:26:22.281168,1,9.857298162951958,-0.3356564164351967,1.3711831233245613,433.0,39.0,1.0,742710.0,1.0,1774864.0,71977.0
2025-12-17T14:26:22.380911,2,9.859467057107992,-0.3302989639741192,1.3857929771857065,421.0,33.0,1.0,722137.0,1.0,1546469.0,67837.0
2025-12-17T14:26:22.480795,3,9.857719307723473,-0.3018734993882015,1.4171861508904944,419.0,32.0,1.0,1069725.0,1.0,1971869.0,74656.0
2025-12-17T14:26:22.579247,4,9.856726136247666,-0.27680160984625335,1.4504336668008457,406.0,27.0,1.0,1222320.0,1.0,2334666.0,89325.0
2025-12-17T14:26:22.677380,5,9.85841420894225,-0.26259176692802644,1.4757085553375866,433.0,38.0,1.0,800394.0,1.0,2391448.0,76783.0
2025-12-17T14:26:23.182466,0,9.863697069730687,-0.2076535125708503,1.4966933204602964,439.0,41.0,1.0,419900.0,1.0,1611661.0,74581.0
2025-12-17T14:26:23.284346,1,9.864509516987937,-0.19537611740026684,1.497683150971069,400.0,20.0,1.0,724340.0,1.0,1791764.0,74910.0
2025-12-17T14:26:23.381558,2,9.865218867039784,-0.1833395039816228,1.4952050796533625,429.0,37.0,1.0,724340.0,1.0,1546469.0,67311.0
2025-12-17T14:26:23.477310,3,9.865943290399791,-0.17095762012873372,1.4991677871966056,418.0,32.0,1.0,1053912.0,1.0,1965872.0,74732.0
2025-12-17T14:26:23.584480,4,9.866587697903958,-0.1595621067359989,1.4952667617683917,404.0,25.0,1.0,1252048.0,1.0,2352911.0,89536.0
2025-12-17T14:26:23.680152,5,9.867708597684912,-0.14839744039322422,1.4972435818411491,419.0,32.0,1.0,803379.0,1.0,2397120.0,77830.0
2025-12-17T14:26:24.177997,0,9.871563957933287,-0.09111665193452811,1.4962665702949904,430.0,37.0,1.0,423038.0,1.0,1635287.0,75214.0
2025-12-17T14:26:24.275620,1,9.872451998266667,-0.07923492248609243,1.4937746824635467,434.0,39.0,1.0,728766.0,1.0,1795406.0,71904.0
2025-12-17T14:26:24.380588,2,9.87333453243927,-0.06778741150546708,1.4937767486249163,429.0,37.0,1.0,736453.0,1.0,1558554.0,67334.0
2025-12-17T14:26:24.481480,3,9.873796274841167,-0.05557952724602355,1.4932803489357602,413.0,29.0,1.0,1067916.0,1.0,1994016.0,75113.0
2025-12-17T14:26:24.581162,4,9.874766381554739,-0.043880135081248106,1.492051642840839,403.0,25.0,1.0,1260979.0,1.0,2348933.0,89627.0
2025-12-17T14:26:24.679640,5,9.875693093933027,-0.03214223775681635,1.4910693303788605,431.0,38.0,1.0,815157.0,1.0,2375315.0,76861.0
2025-12-17T14:26:25.179786,0,9.881012820122784,0.025036496458803903,1.4905765869341001,419.0,32.0,1.0,427645.0,1.0,1577126.0,76033.0
2025-12-17T14:26:25.279597,1,9.875383212494517,0.03903480782367552,1.4941865341782457,415.0,30.0,1.0,729260.0,1.0,1801493.0,73280.0
2025-12-17T14:26:25.378875,2,9.854255055407435,0.057514087401814074,1.5134267557948482,411.0,28.0,1.0,730990.0,1.0,1563309.0,68530.0
2025-12-17T14:26:25.483264,3,9.852665547659782,0.06968243792942985,1.5121707303803993,418.0,32.0,1.0,1046803.0,1.0,1941407.0,74758.0
2025-12-17T14:26:25.582416,4,9.854052339877352,0.08117689743644796,1.5134090854964195,419.0,32.0,1.0,1226464.0,1.0,2358492.0,88273.0
2025-12-17T14:26:25.677581,5,9.854588030073053,0.0929909424417188,1.5141356616740393,418.0,32.0,1.0,800394.0,1.0,2387404.0,77856.0
2025-12-17T14:26:26.178734,0,9.857994304107223,0.15109228462548074,1.5131852522950702,427.0,36.0,1.0,425623.0,1.0,1599705.0,75418.0
2025-12-17T14:26:26.277830,1,9.859215330252505,0.16227173151781304,1.5146858788737023,417.0,31.0,1.0,710500.0,1.0,1794191.0,73156.0
2025-12-17T14:26:26.375893,2,9.85984917810467,0.1737957231657159,1.5176298146542289,417.0,31.0,1.0,744472.0,1.0,1558554.0,68137.0
2025-12-17T14:26:26.480002,3,9.8600370883014,0.1850802594544554,1.5154150603900982,422.0,34.0,1.0,1073351.0,1.0,1969202.0,74455.0
2025-12-17T14:26:26.578968,4,9.860654127114067,0.19714068471697122,1.5156726617301535,417.0,31.0,1.0,1263542.0,1.0,2356896.0,88422.0
2025-12-17T14:26:26.678616,5,9.860639323621921,0.2090251322710106,1.5166560326226788,422.0,34.0,1.0,821805.0,1.0,2413401.0,77567.0
2025-12-17T14:26:27.177864,0,9.863042329586023,0.2661739828912344,1.5158907515401716,431.0,38.0,1.0,425047.0,1.0,1604042.0,75113.0
2025-12-17T14:26:27.277295,1,9.864012363662432,0.27770941614397326,1.5146607665971399,436.0,40.0,1.0,738200.0,1.0,1775465.0,71806.0
2025-12-17T14:26:27.382258,2,9.863608404791083,0.2891360312171214,1.5161367917640143,427.0,36.0,1.0,731980.0,1.0,1532920.0,67448.0
2025-12-17T14:26:27.479894,3,9.858173538389664,0.30211110629550486,1.5232921874844605,417.0,31.0,1.0,1054983.0,1.0,1983247.0,74808.0
2025-12-17T14:26:27.583928,4,9.836347636350702,0.31901241383795487,1.5411264536064264,443.0,43.0,1.0,1223562.0,1.0,2350523.0,86206.0
2025-12-17T14:26:27.679729,5,9.834632253560235,0.33066764452025055,1.5434662222894915,410.0,28.0,1.0,811303.0,1.0,2443814.0,78491.0
2025-12-17T14:26:28.180990,0,9.836568620622849,0.38771559368503716,1.5414963305084555,423.0,34.0,1.0,420042.0,1.0,1609480.0,75725.0
2025-12-17T14:26:28.278081,1,9.837648742429607,0.4002144206623184,1.542237891136937,422.0,34.0,1.0,735954.0,1.0,1797838.0,72736.0
2025-12-17T14:26:28.377531,2,9.837659285894112,0.41181902124277237,1.5400130726018824,422.0,33.0,1.0,725812.0,1.0,1552237.0,67814.0
2025-12-17T14:26:28.478090,3,9.838769356116504,0.42338707167896317,1.5409934814261095,410.0,28.0,1.0,1064668.0,1.0,1951289.0,75342.0
2025-12-17T14:26:28.578179,4,9.838769178019206,0.43495662380607225,1.5417265883858617,428.0,36.0,1.0,1252896.0,1.0,2375315.0,87499.0
2025-12-17T14:26:28.679539,5,9.839138961624613,0.4462949473197311,1.5429582521717753,436.0,40.0,1.0,800936.0,1.0,2375315.0,76550.0
2025-12-17T14:26:29.180096,0,9.84110704969104,0.5041643562729998,1.541938075186302,438.0,41.0,1.0,418481.0,1.0,1609480.0,74606.0
2025-12-17T14:26:29.278485,1,9.841087352579681,0.5150554508057006,1.5407008049577302,410.0,28.0,1.0,733468.0,1.0,1796621.0,73603.0
2025-12-17T14:26:29.377863,2,9.841384850712881,0.5259608116189289,1.5384787920876042,425.0,35.0,1.0,733716.0,1.0,1555392.0,67608.0
2025-12-17T14:26:29.478800,3,9.84182191960507,0.5378569998876941,1.536753416220662,418.0,32.0,1.0,1059994.0,1.0,1971869.0,74758.0
2025-12-17T14:26:29.582557,4,9.841513252468502,0.5498354366626197,1.5370066079196083,402.0,25.0,1.0,1247396.0,1.0,2343374.0,89718.0
2025-12-17T14:26:29.679755,5,9.837369256885008,0.5639031905323506,1.5383439649345962,414.0,30.0,1.0,819583.0,1.0,2397120.0,78147.0
2025-12-17T14:26:30.178443,0,9.818158208859092,0.6292649483149884,1.542960189188242,435.0,39.0,1.0,422323.0,1.0,1583009.0,74859.0
2025-12-17T14:26:30.277478,1,9.817976375273693,0.6412940981956181,1.542231229907975,419.0,32.0,1.0,739700.0,1.0,1835341.0,72958.0
2025-12-17T14:26:30.382688,2,9.818732102122247,0.6529147265217068,1.543459300742139,431.0,38.0,1.0,738200.0,1.0,1585690.0,67175.0
2025-12-17T14:26:30.477814,3,9.819029226374147,0.6649381807850956,1.540745488993634,422.0,34.0,1.0,1045386.0,1.0,1959893.0,74455.0
2025-12-17T14:26:30.578737,4,9.819597271789267,0.6759973509891539,1.5409892155795704,419.0,32.0,1.0,1260552.0,1.0,2362487.0,88213.0
2025-12-17T14:26:30.680591,5,9.820911592872225,0.6877472863306835,1.5410336176659585,426.0,35.0,1.0,799311.0,1.0,2409321.0,77305.0
2025-12-17T14:26:31.182109,0,9.820839814240532,0.7459538983778193,1.5447178313227912,432.0,38.0,1.0,418198.0,1.0,1628659.0,75036.0
2025-12-17T14:26:31.280293,1,9.821002037289906,0.7572214671709627,1.544464893191735,421.0,33.0,1.0,731484.0,1.0,1796014.0,72810.0
2025-12-17T14:26:31.379031,2,9.821890054805193,0.7688001809002296,1.5424898340492141,426.0,35.0,1.0,728520.0,1.0,1541244.0,67517.0
2025-12-17T14:26:31.484375,3,9.821495450260706,0.7802163132476503,1.541745293162382,419.0,32.0,1.0,1045740.0,1.0,1966537.0,74707.0
2025-12-17T14:26:31.581036,4,9.822097182709557,0.7914984538552172,1.5432116209558773,419.0,32.0,1.0,1244865.0,1.0,2354504.0,88213.0
2025-12-17T14:26:31.678740,5,9.821996648957276,0.8033660152123598,1.5439549385583347,426.0,35.0,1.0,822361.0,1.0,2388212.0,77305.0
2025-12-17T14:26:32.180682,0,9.824975973134908,0.8549311797600421,1.5590289289141026,413.0,29.0,1.0,426488.0,1.0,1625355.0,76472.0
2025-12-17T14:26:32.279396,1,9.825153637390667,0.8664832598127097,1.5592696897170022,432.0,38.0,1.0,727042.0,1.0,1773663.0,72099.0
2025-12-17T14:26:32.380682,2,9.825305908675382,0.8785096855509824,1.5562949470488483,425.0,35.0,1.0,732475.0,1.0,1541244.0,67608.0
2025-12-17T14:26:32.479673,3,9.825220083817882,0.8896926775605021,1.558024114817714,424.0,34.0,1.0,1060711.0,1.0,1987952.0,74354.0
2025-12-17T14:26:32.580911,4,9.825892232440037,0.9011362322907512,1.5553163576888351,430.0,37.0,1.0,1231455.0,1.0,2352115.0,87322.0
2025-12-17T14:26:32.680385,5,9.825638662458545,0.9127311331008858,1.556562103641958,400.0,24.0,1.0,800394.0,1.0,2390638.0,79265.0
2025-12-17T14:26:33.179997,0,9.827202555685723,0.971113847771087,1.5565813614721857,417.0,31.0,1.0,415377.0,1.0,1621509.0,76188.0
2025-12-17T14:26:33.277026,1,9.827747769032953,0.9832586298499377,1.5575780154869585,417.0,31.0,1.0,720916.0,1.0,1799664.0,73131.0
2025-12-17T14:26:33.379860,2,9.827571457329231,0.9948832741424045,1.5558485923596586,433.0,38.0,1.0,728766.0,1.0,1567547.0,67084.0
2025-12-17T14:26:33.477553,3,9.828051217783653,1.0061902775823883,1.5590735864106562,417.0,31.0,1.0,1054983.0,1.0,1957241.0,74808.0
2025-12-17T14:26:33.578428,5,9.82842800457119,1.017813897513185,1.5583389151211284,412.0,29.0,1.0,803379.0,1.0,2401180.0,78306.0
2025-12-17T14:26:34.182449,0,9.816236854639596,1.0302250345188604,1.5607045416746277,422.0,34.0,1.0,420042.0,1.0,1641943.0,75777.0
2025-12-17T14:26:34.279573,1,9.8155608631145,1.044616495082332,1.5626446263342446,422.0,33.0,1.0,725321.0,1.0,1782690.0,72785.0
2025-12-17T14:26:34.378760,2,9.814579694279363,1.0598296176823663,1.5648752103574646,418.0,32.0,1.0,740702.0,1.0,1548564.0,68044.0
2025-12-17T14:26:34.481929,3,9.814038458668863,1.0741843245832543,1.5641325984468597,405.0,26.0,1.0,1067916.0,1.0,1974541.0,75700.0
2025-12-17T14:26:34.579401,4,9.814192422783554,1.0863100303980575,1.556970790910737,431.0,38.0,1.0,1235630.0,1.0,2355301.0,87233.0
2025-12-17T14:26:34.681147,5,9.81474063880066,1.0977577946879045,1.5414408297168936,418.0,32.0,1.0,816814.0,1.0,2401180.0,77856.0
2025-12-17T14:26:35.179273,0,9.82077871538195,1.1503420481968654,1.4396011688408252,425.0,35.0,1.0,418198.0,1.0,1599705.0,75597.0
2025-12-17T14:26:35.278139,1,9.821633008022912,1.1620608683619533,1.4168328057408113,416.0,31.0,1.0,738449.0,1.0,1808824.0,73230.0
2025-12-17T14:26:35.379416,2,9.82400955446765,1.173236520431593,1.38929049408552,413.0,29.0,1.0,740702.0,1.0,1576593.0,68391.0
2025-12-17T14:26:35.478720,3,9.825840488469158,1.1845496573327328,1.3653582029195572,420.0,33.0,1.0,1038334.0,1.0,1932230.0,74606.0
2025-12-17T14:26:35.582349,4,9.827962632154241,1.1957593412479035,1.3466030914399276,415.0,30.0,1.0,1247396.0,1.0,2344167.0,88602.0
2025-12-17T14:26:35.683240,5,9.829538148830517,1.2067519993920461,1.3221984874767982,414.0,30.0,1.0,819028.0,1.0,2393877.0,78147.0
2025-12-17T14:26:36.179215,1,9.846107632166389,1.2609965763297986,1.2099380155829824,428.0,36.0,1.0,714842.0,1.0,1798447.0,72343.0
2025-12-17T14:26:36.277077,2,9.850997027183153,1.2706012306038943,1.1839430538316191,438.0,41.0,1.0,732475.0,1.0,1568609.0,66744.0
2025-12-17T14:26:36.378460,3,9.85478515790113,1.2804553848789553,1.164009246462665,432.0,38.0,1.0,1079910.0,1.0,1968535.0,73777.0
2025-12-17T14:26:36.477238,4,9.874944820091008,1.2874050796751648,1.1444316668715706,436.0,40.0,1.0,1276869.0,1.0,2383368.0,86762.0
2025-12-17T14:26:36.578091,5,9.886637464225892,1.295903381288218,1.1261921560967278,427.0,36.0,1.0,824591.0,1.0,2388212.0,77226.0
2025-12-17T14:26:37.183360,0,9.918792269671679,1.3555894764268475,0.9813392787766649,437.0,40.0,1.0,414674.0,1.0,1605128.0,74707.0
2025-12-17T14:26:37.277385,2,9.924393672311243,1.3646231769024055,0.9637607653549972,421.0,33.0,1.0,739700.0,1.0,1555392.0,67837.0
2025-12-17T14:26:37.378468,3,9.901748075985143,1.369875671677633,0.9445764231499535,412.0,29.0,1.0,1057843.0,1.0,1946012.0,75189.0
2025-12-17T14:26:37.479653,4,9.890056821800675,1.3757778305314234,0.9287998100328589,416.0,31.0,1.0,1266968.0,1.0,2337038.0,88512.0
2025-12-17T14:26:37.578927,5,9.896412561655001,1.3850059079281998,0.9082642613118784,414.0,30.0,1.0,805285.0,1.0,2438031.0,78147.0
2025-12-17T14:26:38.179751,0,9.942776395081204,1.432678320730802,0.7716482956562406,415.0,30.0,1.0,425335.0,1.0,1604042.0,76317.0
2025-12-17T14:26:38.279240,1,9.946619737011638,1.4325517353606498,0.7517939804133461,441.0,42.0,1.0,718967.0,1.0,1779676.0,71419.0
2025-12-17T14:26:38.380312,2,9.951697132604806,1.4348889157580382,0.7324073804946406,423.0,34.0,1.0,735456.0,1.0,1567547.0,67700.0
2025-12-17T14:26:38.480545,3,9.95960028297987,1.442693983107084,0.7141780283839678,427.0,36.0,1.0,1053912.0,1.0,1938125.0,74103.0
2025-12-17T14:26:38.582663,4,9.960160167691875,1.4439387729499504,0.7072490613146922,403.0,25.0,1.0,1236886.0,1.0,2324417.0,89658.0
2025-12-17T14:26:39.182403,0,9.96842395509712,1.4481200210169423,0.631743383415076,438.0,41.0,1.0,418056.0,1.0,1594300.0,74656.0
2025-12-17T14:26:39.280115,1,9.968885749176629,1.4538826974084715,0.6050929336220803,427.0,36.0,1.0,712909.0,1.0,1786314.0,72392.0
2025-12-17T14:26:39.381275,2,9.980213152280584,1.4642780789213905,0.589269551847241,440.0,42.0,1.0,743213.0,1.0,1550662.0,66631.0
2025-12-17T14:26:39.480858,3,9.991297229385385,1.4740550801560044,0.568239578019335,403.0,25.0,1.0,1087981.0,1.0,1978554.0,75879.0
2025-12-17T14:26:39.579745,4,10.001455841876492,1.4819553525376703,0.5457339706040784,415.0,30.0,1.0,1263970.0,1.0,2372101.0,88632.0
2025-12-17T14:26:39.677492,5,10.010680790757128,1.4872882839554613,0.5221362356048416,435.0,39.0,1.0,810480.0,1.0,2390638.0,76602.0
2025-12-17T14:26:40.177674,0,10.059059991921131,1.5087195200557764,0.41042587857433444,423.0,34.0,1.0,416644.0,1.0,1594300.0,75751.0
2025-12-17T14:26:40.277210,1,10.070244162126745,1.5138457549082984,0.38796801587561675,442.0,43.0,1.0,729507.0,1.0,1806988.0,71370.0
2025-12-17T14:26:40.378189,3,10.081285022436921,1.5190138282585552,0.36238704069846184,424.0,35.0,1.0,1057485.0,1.0,1944696.0,74304.0
2025-12-17T14:26:40.486013,4,10.077649250197247,1.521464379688239,0.33566179417830033,433.0,38.0,1.0,1258847.0,1.0,2337829.0,87086.0
2025-12-17T14:26:40.577422,5,10.079650623482122,1.5221050547573283,0.3206390602517222,418.0,32.0,1.0,828508.0,1.0,2368892.0,77856.0
2025-12-17T14:26:41.178850,0,10.144245096449085,1.539093741359972,0.18339031375349202,428.0,36.0,1.0,418906.0,1.0,1605128.0,75342.0
2025-12-17T14:26:41.278455,1,10.155217140560268,1.541929175496235,0.16414898127703723,420.0,32.0,1.0,717751.0,1.0,1799055.0,72933.0
2025-12-17T14:26:41.379917,2,10.152069329770008,1.5411811063927798,0.14472339462162237,425.0,35.0,1.0,732723.0,1.0,1576059.0,67562.0
2025-12-17T14:26:41.478494,3,10.145888351340245,1.5399299671564615,0.1257038905329227,413.0,29.0,1.0,1060711.0,1.0,1979894.0,75138.0
2025-12-17T14:26:41.579773,4,10.157291991350084,1.5414633655475178,0.10396228182023073,430.0,37.0,1.0,1240239.0,1.0,2382561.0,87292.0
2025-12-17T14:26:41.678044,5,10.168546501543688,1.542945942792075,0.08413176254162229,431.0,38.0,1.0,810480.0,1.0,2397120.0,76861.0
2025-12-17T14:26:42.178796,0,10.224235917205352,1.5449392101247064,-0.02979478308746659,420.0,33.0,1.0,417350.0,1.0,1625906.0,75905.0
2025-12-17T14:26:42.277486,1,10.219216139470783,1.545260913235138,-0.049401278834616605,419.0,32.0,1.0,710019.0,1.0,1788734.0,73007.0
2025-12-17T14:26:42.381302,2,10.211112946538965,1.5455846369239445,-0.0609793129097653,423.0,34.0,1.0,718480.0,1.0,1556446.0,67746.0
2025-12-17T14:26:42.479654,4,10.22293400214423,1.5452622782082743,-0.07979159203161228,433.0,39.0,1.0,1256718.0,1.0,2361687.0,87027.0
2025-12-17T14:26:42.577383,5,10.234119595167451,1.5438579233797114,-0.10378076478696127,436.0,40.0,1.0,825429.0,1.0,2410952.0,76524.0
2025-12-17T14:26:43.182735,0,10.268205956998111,1.541191120134747,-0.1743323192225887,411.0,29.0,1.0,426200.0,1.0,1627557.0,76576.0
2025-12-17T14:26:43.280424,1,10.259729763444286,1.5435263145367415,-0.16870691277831562,434.0,39.0,1.0,731484.0,1.0,1800883.0,71928.0
2025-12-17T14:26:43.381706,2,10.263940300781192,1.5414966504245724,-0.18417778805640833,424.0,34.0,1.0,733964.0,1.0,1549613.0,67654.0
2025-12-17T14:26:43.479704,3,10.272450928990423,1.5378863310760815,-0.2117526721925469,413.0,30.0,1.0,1064668.0,1.0,1979894.0,75113.0
2025-12-17T14:26:43.579380,4,10.285807216878734,1.5340115101858913,-0.23708950991286168,400.0,22.0,1.0,1237723.0,1.0,2362487.0,90236.0
2025-12-17T14:26:43.679361,5,10.299890655931367,1.531038740911744,-0.25758726715628155,421.0,33.0,1.0,803379.0,1.0,2392257.0,77646.0
2025-12-17T14:26:44.180609,0,10.357395666937789,1.5154208613470281,-0.36027601308150725,424.0,34.0,1.0,421894.0,1.0,1618220.0,75648.0
2025-12-17T14:26:44.279251,1,10.367811750482733,1.511858881184705,-0.3862419666273033,410.0,28.0,1.0,723360.0,1.0,1813115.0,73628.0
2025-12-17T14:26:44.379719,2,10.377379440985134,1.506809521743043,-0.40919890455368624,416.0,31.0,1.0,746238.0,1.0,1545422.0,68160.0
2025-12-17T14:26:44.479659,3,10.36885229217071,1.5024828059478237,-0.42954160306414535,423.0,34.0,1.0,1052487.0,1.0,1950628.0,74379.0
2025-12-17T14:26:44.580466,4,10.354714905073743,1.4974893554922506,-0.44820313091978586,434.0,39.0,1.0,1245287.0,1.0,2364086.0,86968.0
2025-12-17T14:26:44.679579,5,10.364516484629231,1.4921354126865145,-0.4739593875358919,436.0,40.0,1.0,802564.0,1.0,2390638.0,76550.0
2025-12-17T14:26:45.182403,0,10.413254310222005,1.4640051921600081,-0.5834738331496271,422.0,33.0,1.0,424042.0,1.0,1606215.0,75828.0
2025-12-17T14:26:45.282547,1,10.422780064247268,1.4574559513236274,-0.6005290478636376,434.0,39.0,1.0,729260.0,1.0,1790551.0,71928.0
2025-12-17T14:26:45.383389,2,10.409255141242443,1.4494671745834031,-0.6255765154475535,434.0,39.0,1.0,738449.0,1.0,1568609.0,67016.0
2025-12-17T14:26:45.478874,3,10.381173200795558,1.4402837967755246,-0.6449183046239362,416.0,31.0,1.0,1062868.0,1.0,1988625.0,74910.0
2025-12-17T14:26:45.581038,4,10.390178736094924,1.4331978322401522,-0.6693557220111817,430.0,37.0,1.0,1246552.0,1.0,2342581.0,87351.0
2025-12-17T14:26:45.676636,5,10.400204840128211,1.4263727461676066,-0.6835292375825947,424.0,34.0,1.0,812128.0,1.0,2365687.0,77436.0
2025-12-17T14:26:46.183426,0,10.443317634124904,1.3908046302222274,-0.802573614459608,413.0,29.0,1.0,421181.0,1.0,1595920.0,76472.0
2025-12-17T14:26:46.279527,1,10.44391117690395,1.3817723456498143,-0.8236267855505369,428.0,36.0,1.0,733964.0,1.0,1800274.0,72368.0
2025-12-17T14:26:46.384053,2,10.438692806861225,1.37196430715687,-0.8358413554416873,409.0,28.0,1.0,728273.0,1.0,1549088.0,68623.0
2025-12-17T14:26:46.480463,3,10.445922527833774,1.3640647337174299,-0.8578516830144342,413.0,29.0,1.0,1053912.0,1.0,1954593.0,75138.0
2025-12-17T14:26:46.579958,4,10.452188224705779,1.3548414625311116,-0.8837971644658941,432.0,38.0,1.0,1258421.0,1.0,2399555.0,87115.0
2025-12-17T14:26:46.677488,5,10.459259514110371,1.3456199393238304,-0.9070758860425719,433.0,39.0,1.0,805285.0,1.0,2401180.0,76757.0
2025-12-17T14:26:47.181696,0,10.48734270109728,1.2993853555783579,-1.0130362533858213,426.0,35.0,1.0,428224.0,1.0,1606759.0,75495.0
2025-12-17T14:26:47.283081,1,10.479560697749935,1.2905548005161913,-1.0195925941325132,417.0,31.0,1.0,709299.0,1.0,1783294.0,73156.0
2025-12-17T14:26:47.381188,2,10.481267355034404,1.2895038502911724,-1.0258231553016177,400.0,21.0,1.0,719941.0,1.0,1571266.0,69676.0
2025-12-17T14:26:47.480779,3,10.481168962263526,1.2896663285339836,-1.0258236746723886,428.0,36.0,1.0,1070087.0,1.0,1979894.0,74027.0
2025-12-17T14:26:47.580099,4,10.481168962263526,1.2896663285339836,-1.0258236746723886,432.0,38.0,1.0,1258421.0,1.0,2337829.0,87174.0
2025-12-17T14:26:47.679242,5,10.481168962263526,1.2896663285339836,-1.0258236746723886,424.0,35.0,1.0,827387.0,1.0,2401180.0,77383.0
2025-12-17T14:26:48.181558,0,10.502030971870392,1.2835715465445627,-1.0116750023110324,417.0,31.0,1.0,427211.0,1.0,1593761.0,76188.0
2025-12-17T14:26:48.278178,1,10.502687841344938,1.2833451549526425,-1.0112119558182995,441.0,42.0,1.0,731732.0,1.0,1789945.0,71419.0
2025-12-17T14:26:48.379343,2,10.503261239976956,1.280195149948291,-1.0212723347754638,441.0,42.0,1.0,749782.0,1.0,1531883.0,66541.0
2025-12-17T14:26:48.478250,3,10.504376129971268,1.270847617744761,-1.0495973027017544,420.0,33.0,1.0,1073351.0,1.0,1959230.0,74606.0
2025-12-17T14:26:48.578079,4,10.51146269079083,1.259358211456652,-1.0779762317544108,408.0,27.0,1.0,1257995.0,1.0,2336247.0,89234.0
2025-12-17T14:26:48.677983,5,10.51908791186171,1.247157914395717,-1.0962223020877708,415.0,30.0,1.0,805285.0,1.0,2395498.0,78094.0
2025-12-17T14:26:49.179828,0,10.545790031840546,1.1940661563487796,-1.2055198818735076,432.0,38.0,1.0,422323.0,1.0,1613298.0,75036.0
2025-12-17T14:26:49.279744,1,10.549438825310023,1.1840081499419428,-1.2324437174282576,433.0,39.0,1.0,732971.0,1.0,1812501.0,72001.0
2025-12-17T14:26:49.379921,2,10.553752388740222,1.1725577113205041,-1.2499689586543161,419.0,32.0,1.0,731237.0,1.0,1583545.0,67998.0
2025-12-17T14:26:49.476577,3,10.557374770695136,1.1618277729384987,-1.2735439128274337,407.0,27.0,1.0,1067916.0,1.0,1959893.0,75572.0
2025-12-17T14:26:49.579433,4,10.560573369993797,1.1507604864504861,-1.299772495236507,431.0,38.0,1.0,1257995.0,1.0,2352115.0,87204.0
2025-12-17T14:26:49.677692,5,10.562811129372953,1.1398495211443676,-1.3229486420604981,422.0,34.0,1.0,814054.0,1.0,2408505.0,77541.0
2025-12-17T14:26:50.179626,0,10.580263274776557,1.0811550173981814,-1.443869022146704,410.0,28.0,1.0,423325.0,1.0,1618768.0,76679.0
2025-12-17T14:26:50.276640,1,10.582246109692399,1.069238222138373,-1.460972569292858,436.0,40.0,1.0,733716.0,1.0,1817415.0,71806.0
2025-12-17T14:26:50.379628,2,10.584092051395498,1.0581865359979785,-1.484948657412221,426.0,35.0,1.0,743465.0,1.0,1549088.0,67517.0
2025-12-17T14:26:50.477394,3,10.585461593793507,1.0466730705135108,-1.5115505626823893,407.0,27.0,1.0,1069001.0,1.0,1977216.0,75572.0
2025-12-17T14:26:50.586422,4,10.585870073025124,1.035048153524019,-1.532259690136221,409.0,27.0,1.0,1240659.0,1.0,2337829.0,89143.0
2025-12-17T14:26:50.679848,5,10.587194797928445,1.0236335316957001,-1.555036391499663,406.0,26.0,1.0,813778.0,1.0,2388212.0,78811.0
2025-12-17T14:26:51.178918,0,10.579073243447608,0.9517362389560686,-1.6785892392970332,438.0,41.0,1.0,424472.0,1.0,1629762.0,74631.0
2025-12-17T14:26:51.277804,1,10.576516078882939,0.9413140250269034,-1.701302279463578,412.0,29.0,1.0,721893.0,1.0,1797230.0,73503.0
2025-12-17T14:26:51.379235,2,10.574752555654094,0.9303695366168636,-1.725259663162648,429.0,37.0,1.0,728766.0,1.0,1562780.0,67334.0
2025-12-17T14:26:51.478142,3,10.573435851833585,0.9186321033055762,-1.7395984950620293,433.0,39.0,1.0,1048576.0,1.0,1944696.0,73653.0
2025-12-17T14:26:51.588131,4,10.57163904756622,0.9079885096129079,-1.7668735701859721,420.0,33.0,1.0,1222734.0,1.0,2415036.0,88153.0
2025-12-17T14:26:51.680361,5,10.568011348313744,0.8987237224252054,-1.7887731983909676,428.0,36.0,1.0,806103.0,1.0,2367289.0,77122.0
2025-12-17T14:26:52.182343,0,10.55585011240591,0.8344460757144043,-1.7930913370675106,420.0,33.0,1.0,428224.0,1.0,1648067.0,75931.0
2025-12-17T14:26:52.282973,1,10.55319402120762,0.8236474611724329,-1.7970322630519164,427.0,36.0,1.0,728273.0,1.0,1806988.0,72417.0
2025-12-17T14:26:52.377676,2,10.550758896744941,0.8117675622282485,-1.7970515516367893,434.0,39.0,1.0,730990.0,1.0,1552763.0,66993.0
2025-12-17T14:26:52.484248,3,10.548576078453735,0.8002644392240112,-1.8010188738761221,425.0,35.0,1.0,1059994.0,1.0,1973204.0,74228.0
2025-12-17T14:26:52.578037,4,10.545950652212694,0.7889464192710571,-1.7950905727891715,429.0,37.0,1.0,1261406.0,1.0,2340996.0,87351.0
2025-12-17T14:26:52.679410,5,10.54365659999213,0.7769991643678305,-1.7973119865097553,426.0,35.0,1.0,827947.0,1.0,2380949.0,77253.0
2025-12-17T14:26:53.180849,0,10.532261962832994,0.7208658654441287,-1.802497121505248,412.0,29.0,1.0,427500.0,1.0,1642498.0,76498.0
2025-12-17T14:26:53.282480,1,10.529132069796933,0.7099792386976338,-1.798571258527252,438.0,41.0,1.0,725812.0,1.0,1787524.0,71661.0
2025-12-17T14:26:53.378860,2,10.526639625213207,0.698426973062733,-1.8015279056869506,430.0,37.0,1.0,730248.0,1.0,1532920.0,67243.0
2025-12-17T14:26:53.479825,3,10.524236669672188,0.6874620050948224,-1.8035184840622538,423.0,34.0,1.0,1071899.0,1.0,1993341.0,74379.0
2025-12-17T14:26:53.579319,4,10.521591625714569,0.6760643076036059,-1.8027718600465863,410.0,28.0,1.0,1245287.0,1.0,2344961.0,89023.0
2025-12-17T14:26:53.679957,5,10.519219462051788,0.6650475366026436,-1.8059342421674822,419.0,32.0,1.0,794456.0,1.0,2397120.0,77830.0
2025-12-17T14:26:54.177401,0,10.52075030626428,0.6068852445468975,-1.8007016149241124,404.0,26.0,1.0,420184.0,1.0,1617125.0,77122.0
2025-12-17T14:26:54.278979,1,10.549782182035885,0.5936372220595034,-1.7964231960699466,427.0,36.0,1.0,722137.0,1.0,1814342.0,72392.0
2025-12-17T14:26:54.383412,2,10.547592946503617,0.5820330312646647,-1.8003751326491149,418.0,32.0,1.0,729507.0,1.0,1567547.0,68067.0
2025-12-17T14:26:54.479043,3,10.544655419995165,0.5714976400154006,-1.798419078411064,416.0,31.0,1.0,1060711.0,1.0,1951289.0,74910.0
2025-12-17T14:26:54.579154,4,10.542398688491518,0.5596934493141505,-1.8018869674700662,431.0,38.0,1.0,1254593.0,1.0,2375315.0,87204.0
2025-12-17T14:26:54.676749,5,10.539562117208327,0.5485072415380268,-1.8023810510604086,416.0,31.0,1.0,834700.0,1.0,2398743.0,77988.0
2025-12-17T14:26:55.178151,1,10.525620618302955,0.49218906621899894,-1.802121993466975,428.0,36.0,1.0,734461.0,1.0,1780881.0,72368.0
2025-12-17T14:26:55.279825,2,10.522820318732887,0.4799886014291017,-1.7984347497536903,437.0,40.0,1.0,734213.0,1.0,1552237.0,66812.0
2025-12-17T14:26:55.382266,3,10.520632206000904,0.4686791600429254,-1.7986748835203854,410.0,28.0,1.0,1071899.0,1.0,1989971.0,75342.0
2025-12-17T14:26:55.480608,4,10.51751358653774,0.45735791317238217,-1.7987084701969356,424.0,35.0,1.0,1242760.0,1.0,2307954.0,87796.0
2025-12-17T14:26:55.580545,5,10.515467833965417,0.4462805965789647,-1.8029048013702318,427.0,36.0,1.0,820415.0,1.0,2394687.0,77226.0
2025-12-17T14:26:56.180622,0,10.510980887207765,0.43270360408986,-1.8086368942785545,415.0,30.0,1.0,434061.0,1.0,1634734.0,76291.0
2025-12-17T14:26:56.280848,2,10.507861684570706,0.4202423162694613,-1.809146703174585,414.0,30.0,1.0,727534.0,1.0,1564367.0,68344.0
2025-12-17T14:26:56.377913,3,10.504687211825845,0.4062852799307075,-1.8031961035309574,429.0,37.0,1.0,1063587.0,1.0,1947330.0,73977.0
2025-12-17T14:26:56.479216,4,10.502213086605757,0.3916731819200674,-1.8051831216338892,411.0,29.0,1.0,1241499.0,1.0,2395498.0,88932.0
2025-12-17T14:26:56.579144,5,10.499448559800497,0.3786904305937737,-1.8044351580917821,437.0,40.0,1.0,820971.0,1.0,2394687.0,76472.0
2025-12-17T14:26:57.179890,0,10.51172752068588,0.2989171045552501,-1.7910092259332016,415.0,30.0,1.0,427645.0,1.0,1591604.0,76317.0
2025-12-17T14:26:57.282939,1,10.509059356323636,0.28696991627858104,-1.790027515063989,427.0,36.0,1.0,731732.0,1.0,1802712.0,72441.0
2025-12-17T14:26:57.381429,2,10.50710472931414,0.27538649046635655,-1.7922442879393503,436.0,40.0,1.0,722871.0,1.0,1562780.0,66880.0
2025-12-17T14:26:57.481786,3,10.504343945962118,0.26396921558953323,-1.79076072395418,426.0,35.0,1.0,1091300.0,1.0,1989298.0,74178.0
2025-12-17T14:26:57.581625,4,10.502000587762382,0.2529591210518536,-1.7882913602371726,434.0,39.0,1.0,1260979.0,1.0,2354504.0,86938.0
2025-12-17T14:26:57.681766,5,10.499823631513266,0.24186279178701398,-1.7912460263683423,417.0,31.0,1.0,823754.0,1.0,2397120.0,77909.0
2025-12-17T14:26:58.179971,0,10.487324993356108,0.1847415575572482,-1.793486610497577,414.0,30.0,1.0,427500.0,1.0,1608391.0,76420.0
2025-12-17T14:26:58.280219,1,10.484676169061066,0.17344360644580892,-1.792536431936959,424.0,34.0,1.0,736951.0,1.0,1787524.0,72638.0
2025-12-17T14:26:58.377380,2,10.482313723656514,0.16301889571366956,-1.7944695860966524,429.0,37.0,1.0,735456.0,1.0,1537076.0,67311.0
2025-12-17T14:26:58.479475,3,10.479351630532928,0.1521186015600975,-1.7929888925428128,415.0,30.0,1.0,1081739.0,1.0,1955917.0,74960.0
2025-12-17T14:26:58.581386,4,10.477123067784856,0.1402620602745177,-1.793740087711329,410.0,28.0,1.0,1233541.0,1.0,2396309.0,89023.0
2025-12-17T14:26:58.676944,5,10.474246405054082,0.12866443319125587,-1.793987530818073,414.0,30.0,1.0,789898.0,1.0,2382561.0,78147.0
2025-12-17T14:26:59.179579,0,10.460572601323019,0.07408027521081895,-1.8034262668382675,428.0,36.0,1.0,426633.0,1.0,1624256.0,75393.0
2025-12-17T14:26:59.277780,1,10.45770614504808,0.06235264124841233,-1.8009539447302303,423.0,34.0,1.0,733964.0,1.0,1792977.0,72711.0
2025-12-17T14:26:59.381787,2,10.471650070274302,0.04759600557954968,-1.7902618932813472,418.0,32.0,1.0,750036.0,1.0,1548564.0,68067.0
2025-12-17T14:26:59.477352,3,10.486565657875401,0.031720936404282085,-1.7827372700451372,422.0,33.0,1.0,1062868.0,1.0,1963212.0,74505.0
2025-12-17T14:26:59.582131,4,10.484808626791308,0.02015777206342051,-1.7819870427913356,423.0,34.0,1.0,1242760.0,1.0,2368090.0,87945.0
2025-12-17T14:26:59.680495,5,10.481602394451556,0.009213716090995305,-1.7810093119168415,432.0,38.0,1.0,811303.0,1.0,2383368.0,76835.0
2025-12-17T14:27:00.182104,0,10.472008238170732,-0.03852941166975565,-1.7795068542413586,435.0,39.0,1.0,426344.0,1.0,1625355.0,74884.0
2025-12-17T14:27:00.281248,1,10.468356657467162,-0.04853688701762149,-1.7822267671613323,428.0,36.0,1.0,746996.0,1.0,1832238.0,72368.0
2025-12-17T14:27:00.380052,3,10.465853699973396,-0.060604788103630014,-1.78369474780446,417.0,31.0,1.0,1093519.0,1.0,1989971.0,74833.0
2025-12-17T14:27:00.479307,4,10.463119579309675,-0.07397321401094636,-1.7810086853262843,420.0,33.0,1.0,1241079.0,1.0,2356896.0,88153.0
2025-12-17T14:27:01.178411,0,10.446255335209909,-0.15493046974733105,-1.7822313026065182,418.0,32.0,1.0,426200.0,1.0,1622058.0,76085.0
2025-12-17T14:27:01.279953,1,10.444248957233837,-0.16722647160906412,-1.7824813345792614,431.0,38.0,1.0,737201.0,1.0,1811275.0,72123.0
2025-12-17T14:27:01.378966,2,10.441663313709295,-0.17835683818563197,-1.7819894083708303,421.0,33.0,1.0,740702.0,1.0,1553814.0,67837.0
2025-12-17T14:27:01.481880,3,10.439149386902677,-0.19032098312597423,-1.7807818149561414,438.0,41.0,1.0,1064668.0,1.0,1969868.0,73329.0
2025-12-17T14:27:01.581737,4,10.436815846700775,-0.20151661273366628,-1.7790575083951436,445.0,44.0,1.0,1225219.0,1.0,2368892.0,86031.0
2025-12-17T14:27:01.678668,5,10.43420501818178,-0.21297170428886414,-1.7745977937817707,431.0,38.0,1.0,812677.0,1.0,2352911.0,76887.0
2025-12-17T14:27:02.178840,0,10.459138444338294,-0.2689801962682026,-1.6644782077149654,435.0,39.0,1.0,433327.0,1.0,1623706.0,74859.0
2025-12-17T14:27:02.280612,1,10.457963884002952,-0.2806810085257707,-1.6368867846986348,412.0,29.0,1.0,724831.0,1.0,1803323.0,73503.0
2025-12-17T14:27:02.379649,2,10.457250676584195,-0.2926812128386942,-1.618041311244764,434.0,39.0,1.0,734213.0,1.0,1560137.0,67016.0
2025-12-17T14:27:02.481821,3,10.45733757699632,-0.3046055158422405,-1.5992247977477612,408.0,27.0,1.0,1076261.0,1.0,1977216.0,75520.0
2025-12-17T14:27:02.578823,4,10.45714126244823,-0.3162553496291389,-1.5752588280826958,421.0,33.0,1.0,1244865.0,1.0,2333086.0,88094.0
2025-12-17T14:27:02.676990,5,10.45709001422809,-0.32796416733456635,-1.5520200071067358,421.0,33.0,1.0,801207.0,1.0,2369694.0,77672.0
2025-12-17T14:27:03.180761,0,10.461390050676258,-0.38239379771682014,-1.4330015396097422,415.0,30.0,1.0,422323.0,1.0,1643611.0,76291.0
2025-12-17T14:27:03.278835,1,10.46366375836265,-0.39408182996505214,-1.4117205825287076,429.0,37.0,1.0,735456.0,1.0,1792977.0,72245.0
2025-12-17T14:27:03.377875,2,10.46622869943063,-0.4054913713992869,-1.3862261007075247,434.0,39.0,1.0,739951.0,1.0,1536556.0,66993.0
2025-12-17T14:27:03.480158,3,10.46856649650249,-0.41671073855404117,-1.361779842799241,426.0,35.0,1.0,1082472.0,1.0,1953271.0,74178.0
2025-12-17T14:27:03.582073,5,10.470401249148996,-0.4281983049658322,-1.3424980375955842,415.0,30.0,1.0,820415.0,1.0,2408505.0,78094.0
2025-12-17T14:27:04.177449,0,10.467389348558854,-0.4951325459995566,-1.1783574043185674,416.0,31.0,1.0,429385.0,1.0,1624256.0,76265.0
2025-12-17T14:27:04.277348,1,10.47200361608586,-0.5050674166737652,-1.1541071088246075,415.0,30.0,1.0,736951.0,1.0,1821110.0,73280.0
2025-12-17T14:27:04.384510,2,10.47632052872359,-0.5159061041197681,-1.1337621171669823,427.0,36.0,1.0,740953.0,1.0,1560137.0,67494.0
2025-12-17T14:27:04.482455,3,10.481586112369072,-0.5259996562808364,-1.1152173641019991,421.0,33.0,1.0,1059994.0,1.0,1950628.0,74581.0
2025-12-17T14:27:04.580739,4,10.500209903228981,-0.5348212333188203,-1.0830653505175787,424.0,34.0,1.0,1226464.0,1.0,2301714.0,87826.0
2025-12-17T14:27:04.683044,5,10.513238696541096,-0.5442310529285468,-1.0587156053101687,414.0,30.0,1.0,796341.0,1.0,2410952.0,78147.0
2025-12-17T14:27:05.177091,0,10.542930769250798,-0.5920356204158557,-0.9470475976278842,416.0,31.0,1.0,427355.0,1.0,1635841.0,76214.0
2025-12-17T14:27:05.279964,1,10.550300348984926,-0.601413829688175,-0.9260854144512326,406.0,26.0,1.0,721160.0,1.0,1789339.0,73902.0
2025-12-17T14:27:05.379057,2,10.557771146291685,-0.6101417091813817,-0.898639820686914,429.0,37.0,1.0,724340.0,1.0,1546469.0,67334.0
2025-12-17T14:27:05.481594,4,10.6026821784414,-0.6166649374201976,-0.8717116360127555,406.0,27.0,1.0,1243181.0,1.0,2354504.0,89325.0
2025-12-17T14:27:05.583051,5,10.643118827846916,-0.6245770709152962,-0.8487316690739951,424.0,34.0,1.0,815157.0,1.0,2375315.0,77436.0
2025-12-17T14:27:06.180399,0,10.648114839080677,-0.6302656528701629,-0.8276976696281532,416.0,31.0,1.0,429385.0,1.0,1625906.0,76214.0
2025-12-17T14:27:06.279724,1,10.653052245606943,-0.6339961280712796,-0.80052524257926,417.0,31.0,1.0,735456.0,1.0,1780278.0,73131.0
2025-12-17T14:27:06.380985,2,10.664201124145045,-0.6402163034035162,-0.7737921973307053,427.0,36.0,1.0,734461.0,1.0,1546469.0,67494.0
2025-12-17T14:27:06.477720,3,10.67635973757272,-0.6500668269776568,-0.7487119631035373,419.0,32.0,1.0,1076990.0,1.0,1975209.0,74707.0
2025-12-17T14:27:06.579247,4,10.68659461161715,-0.660498986705151,-0.7319766230179401,422.0,34.0,1.0,1242340.0,1.0,2323630.0,87974.0
2025-12-17T14:27:06.685395,5,10.699894051689538,-0.6720306894301409,-0.6998577465547635,431.0,38.0,1.0,810480.0,1.0,2336247.0,76861.0
2025-12-17T14:27:07.181917,0,10.736727201887891,-0.7018760150779464,-0.5979162984514174,408.0,27.0,1.0,428514.0,1.0,1575526.0,76835.0
2025-12-17T14:27:07.278085,1,10.745868047809658,-0.7088089668319721,-0.5759085063332098,423.0,34.0,1.0,734959.0,1.0,1808824.0,72687.0
2025-12-17T14:27:07.378429,2,10.756489721031304,-0.7155773009379516,-0.5501315761927166,420.0,33.0,1.0,740702.0,1.0,1572862.0,67906.0
2025-12-17T14:27:07.480007,3,10.766414551425882,-0.7213060820428776,-0.5296120539459431,413.0,29.0,1.0,1062868.0,1.0,1983247.0,75138.0
2025-12-17T14:27:07.578436,4,10.775091815622257,-0.7278052909595889,-0.4954764853047791,409.0,28.0,1.0,1226879.0,1.0,2348933.0,89113.0
2025-12-17T14:27:07.677937,5,10.785249664335105,-0.7336192783229043,-0.4742093881239768,431.0,38.0,1.0,799852.0,1.0,2390638.0,76887.0
2025-12-17T14:27:08.180992,0,10.837069027319544,-0.7419081133398624,-0.3615735326115336,414.0,30.0,1.0,427211.0,1.0,1642498.0,76395.0
2025-12-17T14:27:08.279614,1,10.847967506313278,-0.7452365785835378,-0.3412134374854435,438.0,41.0,1.0,723605.0,1.0,1788734.0,71661.0
2025-12-17T14:27:08.383386,2,10.857148143925627,-0.749663075676847,-0.3162709437050064,402.0,25.0,1.0,745733.0,1.0,1575526.0,69135.0
2025-12-17T14:27:08.480265,3,10.868016696192292,-0.7531201124814304,-0.29356364964925247,414.0,30.0,1.0,1069001.0,1.0,1978554.0,75036.0
2025-12-17T14:27:08.577521,4,10.879584034383083,-0.7562755991531231,-0.2729801905623601,413.0,30.0,1.0,1256718.0,1.0,2324417.0,88722.0
2025-12-17T14:27:08.678281,5,10.889075559215737,-0.7542549306493358,-0.2486852585946016,416.0,31.0,1.0,816814.0,1.0,2394687.0,78015.0
2025-12-17T14:27:09.179775,0,10.936257962262012,-0.7526784687886252,-0.11152257629053289,416.0,31.0,1.0,433034.0,1.0,1635841.0,76214.0
2025-12-17T14:27:09.277487,1,10.94760169197793,-0.7541593668895485,-0.09220885284316581,433.0,39.0,1.0,744220.0,1.0,1783897.0,71977.0
2025-12-17T14:27:09.381948,2,10.95972170738515,-0.7543936460105947,-0.0722436233101755,424.0,34.0,1.0,730248.0,1.0,1557500.0,67654.0
2025-12-17T14:27:09.480725,3,10.971330441196368,-0.753683501870607,-0.04881648151517674,403.0,25.0,1.0,1075169.0,1.0,1974541.0,75853.0
2025-12-17T14:27:09.579341,4,10.98296112818171,-0.753567501813504,-0.02302238569514555,422.0,34.0,1.0,1226879.0,1.0,2401180.0,87974.0
2025-12-17T14:27:09.681026,5,10.995071046469473,-0.7539929708475404,-0.0010509866074083236,428.0,36.0,1.0,786431.0,1.0,2377728.0,77096.0
2025-12-17T14:27:10.180224,0,11.02308544156432,-0.7429471289988632,0.11125089151639836,431.0,38.0,1.0,425191.0,1.0,1622607.0,75113.0
2025-12-17T14:27:10.279451,1,11.023242389029225,-0.7426411417968044,0.11076140809136875,417.0,31.0,1.0,737201.0,1.0,1822343.0,73106.0
2025-12-17T14:27:10.382952,2,11.023201018481888,-0.7426928660274816,0.11100470356984155,437.0,41.0,1.0,729507.0,1.0,1556446.0,66789.0
2025-12-17T14:27:10.478688,3,11.023607081621469,-0.7428424722189364,0.1130082983723391,421.0,33.0,1.0,1065028.0,1.0,1960556.0,74581.0
2025-12-17T14:27:10.577778,4,11.028796643671296,-0.7426585737167999,0.13053869232249943,420.0,33.0,1.0,1240239.0,1.0,2393877.0,88153.0
2025-12-17T14:27:10.677283,5,11.028479059688827,-0.7369871190742447,0.15981340277291317,422.0,34.0,1.0,816537.0,1.0,2380143.0,77541.0
2025-12-17T14:27:11.181772,0,11.088086865677134,-0.7227392760226401,0.272620085437295,418.0,32.0,1.0,425911.0,1.0,1619864.0,76085.0
2025-12-17T14:27:11.280646,1,11.097115808509542,-0.7191650668896274,0.2962065685900744,416.0,31.0,1.0,737950.0,1.0,1796621.0,73205.0
2025-12-17T14:27:11.379396,2,11.106607110811083,-0.7168874796005289,0.3210041689855337,437.0,40.0,1.0,732971.0,1.0,1578728.0,66812.0
2025-12-17T14:27:11.479504,3,11.116479785684476,-0.7156975011847075,0.35317648121295625,419.0,32.0,1.0,1109174.0,1.0,1996042.0,74707.0
2025-12-17T14:27:11.581658,4,11.128097076404467,-0.711225902194732,0.3699889848436627,442.0,43.0,1.0,1243181.0,1.0,2331508.0,86323.0
2025-12-17T14:27:11.678047,5,11.139657979419948,-0.7063035771889696,0.38746748712150736,432.0,38.0,1.0,817920.0,1.0,2379338.0,76835.0
2025-12-17T14:27:12.177783,0,11.172686341952366,-0.6749744410323855,0.5127468189425343,430.0,37.0,1.0,425767.0,1.0,1625355.0,75214.0
2025-12-17T14:27:12.280722,1,11.181614853913713,-0.6717989260423511,0.5408364269389863,423.0,34.0,1.0,735954.0,1.0,1829759.0,72736.0
2025-12-17T14:27:12.379723,2,11.191307073245593,-0.6677409642410401,0.5680316947229778,436.0,40.0,1.0,735456.0,1.0,1569140.0,66880.0
2025-12-17T14:27:12.478906,3,11.20043457955935,-0.6620337474713276,0.5898167274331629,412.0,29.0,1.0,1053556.0,1.0,1953271.0,75214.0
2025-12-17T14:27:12.578408,4,11.210222281788802,-0.6539038794588032,0.6091032659576284,426.0,36.0,1.0,1233959.0,1.0,2348138.0,87618.0
2025-12-17T14:27:12.680023,5,11.219982031170378,-0.645282518400605,0.6277947062355307,431.0,38.0,1.0,799852.0,1.0,2383368.0,76861.0
2025-12-17T14:27:13.181983,0,11.279541983739977,-0.5959363684938648,0.7588105173886944,427.0,36.0,1.0,426488.0,1.0,1636949.0,75469.0
2025-12-17T14:27:13.280109,1,11.288455867508478,-0.5873756812428432,0.7775903387506744,431.0,38.0,1.0,717023.0,1.0,1821726.0,72123.0
2025-12-17T14:27:13.379752,2,11.296169899295796,-0.578077231235377,0.7954422006633807,429.0,37.0,1.0,714358.0,1.0,1567547.0,67311.0
2025-12-17T14:27:13.479238,3,11.304156533406479,-0.5691699845834322,0.8204217614747445,420.0,33.0,1.0,1062508.0,1.0,1968535.0,74606.0
2025-12-17T14:27:13.578017,4,11.312106997303149,-0.561008639943446,0.8419668414682411,421.0,33.0,1.0,1272986.0,1.0,2331508.0,88064.0
2025-12-17T14:27:13.682782,5,11.319348895083195,-0.5522907658637388,0.8633812050704922,428.0,36.0,1.0,822361.0,1.0,2399555.0,77122.0
2025-12-17T14:27:14.179149,0,11.366506515600378,-0.4934816322537312,0.98900811957017,424.0,34.0,1.0,434502.0,1.0,1615484.0,75648.0
2025-12-17T14:27:14.278197,1,11.373122060515882,-0.4836859218448275,1.0119354780648804,445.0,44.0,1.0,739951.0,1.0,1786919.0,71201.0
2025-12-17T14:27:14.378494,2,11.380010150564447,-0.47387505998806656,1.031996807763357,429.0,37.0,1.0,737201.0,1.0,1554866.0,67311.0
2025-12-17T14:27:14.479738,3,11.383121506531683,-0.4660151838117388,1.048761225870079,407.0,27.0,1.0,1066110.0,1.0,1978554.0,75572.0
2025-12-17T14:27:14.581925,4,11.383537490424597,-0.46547985758992816,1.0522453667975906,441.0,42.0,1.0,1257569.0,1.0,2333876.0,86381.0
2025-12-17T14:27:14.679610,5,11.363171883898953,-0.456684387870129,1.0627532496406826,430.0,37.0,1.0,799311.0,1.0,2408505.0,76939.0
2025-12-17T14:27:15.179749,2,11.36661428432464,-0.41219006521914814,1.1517465596703214,429.0,37.0,1.0,736453.0,1.0,1567547.0,67334.0
2025-12-17T14:27:15.277021,3,11.371729895896182,-0.39947695354383406,1.1774491251365302,408.0,27.0,1.0,1067916.0,1.0,1937469.0,75520.0
2025-12-17T14:27:15.380220,4,11.376342236036603,-0.38758424249030465,1.2016521351162122,440.0,42.0,1.0,1248240.0,1.0,2354504.0,86469.0
2025-12-17T14:27:15.477833,5,11.380471062408258,-0.37750900333353776,1.2199805093602385,415.0,30.0,1.0,816537.0,1.0,2386596.0,78094.0
2025-12-17T14:27:16.180326,0,11.39213298814364,-0.2853212953449775,1.3234607524166873,436.0,40.0,1.0,420184.0,1.0,1625355.0,74758.0
2025-12-17T14:27:16.278784,1,11.395396999404646,-0.2741980146258216,1.3241983865849896,417.0,31.0,1.0,740702.0,1.0,1824811.0,73106.0
2025-12-17T14:27:16.382994,2,11.398475651240911,-0.2630947640682191,1.3266711258289254,426.0,35.0,1.0,740452.0,1.0,1553814.0,67517.0
2025-12-17T14:27:16.479975,3,11.401582127890759,-0.2522362996643537,1.323735773855437,417.0,31.0,1.0,1105052.0,1.0,1993341.0,74833.0
2025-12-17T14:27:16.578748,4,11.404331749261239,-0.24162122402408226,1.3306678303807304,412.0,29.0,1.0,1255018.0,1.0,2364086.0,88872.0
2025-12-17T14:27:16.678060,5,11.407871816263011,-0.23019164775253476,1.327458209123634,438.0,41.0,1.0,808562.0,1.0,2388212.0,76369.0
2025-12-17T14:27:17.181529,0,11.426568382804419,-0.14332399396219753,1.325479385068198,410.0,28.0,1.0,426344.0,1.0,1629762.0,76654.0
2025-12-17T14:27:17.277110,1,11.429188988931658,-0.1324822609871381,1.3279443634836332,421.0,33.0,1.0,735208.0,1.0,1811275.0,72834.0
2025-12-17T14:27:17.381194,2,11.431966670713246,-0.12061373246196272,1.3296838984221908,423.0,34.0,1.0,752070.0,1.0,1569671.0,67723.0
2025-12-17T14:27:17.480312,3,11.434353103241826,-0.1095744756031154,1.3269899892556465,412.0,29.0,1.0,1065749.0,1.0,1955917.0,75189.0
2025-12-17T14:27:17.579265,4,11.437542371557992,-0.09906611834555257,1.3304640544014323,428.0,36.0,1.0,1253320.0,1.0,2415036.0,87440.0
2025-12-17T14:27:17.682046,5,11.440357345181347,-0.08680507683070537,1.3279684915592551,400.0,24.0,1.0,821805.0,1.0,2396309.0,79212.0
2025-12-17T14:27:18.180815,0,11.452771363698519,-0.030610008048703286,1.32375086451823,429.0,37.0,1.0,427500.0,1.0,1619864.0,75265.0
2025-12-17T14:27:18.278629,1,11.456115165278138,-0.01936018686984653,1.3284026283776909,423.0,34.0,1.0,734959.0,1.0,1813115.0,72736.0
2025-12-17T14:27:18.379304,2,11.459084620652906,-0.007823031349730947,1.324503292858377,438.0,41.0,1.0,736453.0,1.0,1545422.0,66722.0
2025-12-17T14:27:18.479401,3,11.461585843076382,0.0034664698993500664,1.3257533225762421,412.0,29.0,1.0,1089824.0,1.0,1989971.0,75240.0
2025-12-17T14:27:18.581261,4,11.464613946351879,0.015010983501724695,1.325503410992949,415.0,30.0,1.0,1262687.0,1.0,2334666.0,88602.0
2025-12-17T14:27:18.680787,5,11.46692603584991,0.0259546554750818,1.323297140939847,431.0,38.0,1.0,824312.0,1.0,2406061.0,76861.0
2025-12-17T14:27:19.179339,0,11.481200586592141,0.08175051499913977,1.3213639451584953,429.0,37.0,1.0,421894.0,1.0,1625355.0,75265.0
2025-12-17T14:27:19.279319,1,11.484466112643211,0.09322036284458157,1.3206297750746838,430.0,37.0,1.0,731980.0,1.0,1802712.0,72221.0
2025-12-17T14:27:19.381655,2,11.486929492619009,0.10427487006078451,1.3176565638817552,430.0,37.0,1.0,731980.0,1.0,1565427.0,67266.0
2025-12-17T14:27:19.484172,3,11.490217811421854,0.11569869513268216,1.321361039766859,422.0,34.0,1.0,1075169.0,1.0,1961884.0,74480.0
2025-12-17T14:27:19.584632,4,11.492672964219077,0.12704054774616402,1.3191450959296362,424.0,34.0,1.0,1266111.0,1.0,2330719.0,87826.0
2025-12-17T14:27:19.681163,5,11.495563965793803,0.1383106169403403,1.3197929170474654,425.0,35.0,1.0,815157.0,1.0,2398743.0,77357.0
2025-12-17T14:27:20.177791,0,11.496075812137832,0.1571695611106989,1.314341719826608,424.0,34.0,1.0,422466.0,1.0,1603500.0,75648.0
2025-12-17T14:27:20.276471,1,11.496075812137832,0.1571695611106989,1.314341719826608,434.0,39.0,1.0,736951.0,1.0,1789339.0,71904.0
2025-12-17T14:27:20.380811,3,11.496408684814842,0.15751730424093324,1.3145846083525958,415.0,31.0,1.0,1069001.0,1.0,1966537.0,74960.0
2025-12-17T14:27:20.478786,4,11.500002451863656,0.1629650079206888,1.3096279447739783,416.0,31.0,1.0,1243181.0,1.0,2390638.0,88482.0
2025-12-17T14:27:20.580638,5,11.504107516821382,0.17425494312779755,1.311081707771126,415.0,30.0,1.0,815433.0,1.0,2390638.0,78067.0
2025-12-17T14:27:21.178834,0,11.521016216734017,0.2506567398998172,1.3176264255194283,417.0,31.0,1.0,425479.0,1.0,1617125.0,76162.0
2025-12-17T14:27:21.284120,1,11.523740227845682,0.261210400450576,1.3181206948693165,424.0,34.0,1.0,725567.0,1.0,1789339.0,72638.0
2025-12-17T14:27:21.380570,2,11.525951231067015,0.27242918188770027,1.3166434396040343,422.0,33.0,1.0,733964.0,1.0,1576059.0,67814.0
2025-12-17T14:27:21.478614,3,11.528939613430751,0.2832115366438561,1.3191315226402294,412.0,29.0,1.0,1110676.0,1.0,1990645.0,75240.0
2025-12-17T14:27:21.583441,4,11.532279258910126,0.29444707614030285,1.3164369366863222,428.0,36.0,1.0,1252048.0,1.0,2354504.0,87499.0
2025-12-17T14:27:21.680126,5,11.534286254734191,0.3061016483665586,1.3176623451414837,433.0,39.0,1.0,809658.0,1.0,2406876.0,76705.0
2025-12-17T14:27:22.180932,0,11.549839277595481,0.3609513501620025,1.3141560348304537,425.0,35.0,1.0,424472.0,1.0,1619864.0,75597.0
2025-12-17T14:27:22.279167,1,11.55329113599124,0.37245204342474825,1.3148973316045618,416.0,31.0,1.0,733220.0,1.0,1779074.0,73205.0
2025-12-17T14:27:22.381183,2,11.556252805507444,0.3837204731994426,1.3119561292061617,409.0,28.0,1.0,730495.0,1.0,1563309.0,68623.0
2025-12-17T14:27:22.481125,3,11.560078124454105,0.39415274755733165,1.3169160706913947,415.0,30.0,1.0,1063587.0,1.0,1964542.0,74986.0
2025-12-17T14:27:22.578526,4,11.563129032396644,0.4051635550741075,1.3159287067008736,411.0,29.0,1.0,1241079.0,1.0,2373707.0,88902.0
2025-12-17T14:27:22.677229,5,11.565957369565549,0.41635108270913257,1.3154432086586525,415.0,30.0,1.0,803107.0,1.0,2390638.0,78094.0
2025-12-17T14:27:23.180870,0,11.555475573741198,0.4927989867638569,1.3397964613947742,438.0,41.0,1.0,423755.0,1.0,1585690.0,74606.0
2025-12-17T14:27:23.278841,1,11.55819055122804,0.5043979082724732,1.3423054163894181,422.0,33.0,1.0,736951.0,1.0,1839072.0,72785.0
2025-12-17T14:27:23.378805,2,11.560277382716901,0.5158522741579485,1.3413247846552614,428.0,36.0,1.0,736951.0,1.0,1558554.0,67425.0
2025-12-17T14:27:23.481769,3,11.563026439268409,0.5272519911952056,1.3437949968039433,414.0,30.0,1.0,1056055.0,1.0,1977885.0,75036.0
2025-12-17T14:27:23.579785,4,11.564628196084405,0.538820740340336,1.34379619336881,418.0,32.0,1.0,1284237.0,1.0,2339412.0,88362.0
2025-12-17T14:27:24.179532,0,11.578666124954218,0.6061297323409569,1.3408173077617482,418.0,32.0,1.0,418056.0,1.0,1622607.0,76111.0
2025-12-17T14:27:24.277892,1,11.580504539941591,0.61829921442353,1.3381081510237522,400.0,23.0,1.0,716780.0,1.0,1795406.0,74480.0
2025-12-17T14:27:24.378187,2,11.581535538695228,0.6266017754757893,1.345258539785404,433.0,38.0,1.0,734461.0,1.0,1540201.0,67084.0
2025-12-17T14:27:24.478087,3,11.581620238903367,0.6269737212436048,1.3442680102322824,423.0,34.0,1.0,1084672.0,1.0,1966537.0,74404.0
2025-12-17T14:27:24.578727,4,11.581598948768324,0.6268813499449379,1.3437755786848213,411.0,28.0,1.0,1231039.0,1.0,2356896.0,88963.0
2025-12-17T14:27:24.677558,5,11.581598948768324,0.6268813499449379,1.3437755786848213,405.0,26.0,1.0,816814.0,1.0,2419126.0,78891.0
2025-12-17T14:27:25.177993,0,11.581598948768324,0.6268813499449379,1.3437755786848213,432.0,38.0,1.0,425335.0,1.0,1606215.0,75036.0
2025-12-17T14:27:25.278327,1,11.581598948768324,0.6268813499449379,1.3437755786848213,417.0,31.0,1.0,737950.0,1.0,1803323.0,73156.0
2025-12-17T14:27:25.382065,2,11.581598948768324,0.6268813499449379,1.3437755786848213,426.0,35.0,1.0,758974.0,1.0,1566487.0,67517.0
2025-12-17T14:27:25.478152,3,11.581598948768324,0.6268813499449379,1.3437755786848213,431.0,38.0,1.0,1079910.0,1.0,1968535.0,73802.0
2025-12-17T14:27:25.578574,4,11.581598948768324,0.6268813499449379,1.3437755786848213,432.0,38.0,1.0,1255018.0,1.0,2367289.0,87145.0
2025-12-17T14:27:25.676616,5,11.581598948768324,0.6268813499449379,1.3437755786848213,423.0,34.0,1.0,827387.0,1.0,2450439.0,77488.0
2025-12-17T14:27:26.177823,0,11.590010316793856,0.658373002233759,1.3420968849857846,434.0,39.0,1.0,419474.0,1.0,1622058.0,74910.0
2025-12-17T14:27:26.279446,1,11.59326426888055,0.6734197949499503,1.3408554562597093,430.0,37.0,1.0,731237.0,1.0,1818030.0,72196.0
2025-12-17T14:27:26.383037,2,11.595696640322133,0.6864184336068906,1.3452763294759604,424.0,35.0,1.0,753089.0,1.0,1561722.0,67631.0
2025-12-17T14:27:26.480029,3,11.598421034212869,0.6982428423104672,1.3418510069229264,416.0,31.0,1.0,1079910.0,1.0,2002131.0,74910.0
2025-12-17T14:27:26.584823,4,11.601397139544222,0.7087691715380977,1.3450027538820937,428.0,36.0,1.0,1247818.0,1.0,2340996.0,87440.0
2025-12-17T14:27:26.677805,5,11.604005337762903,0.718775539249707,1.3405735305263582,431.0,38.0,1.0,820138.0,1.0,2376119.0,76861.0
2025-12-17T14:27:27.180367,0,11.618220677179242,0.7754666683170335,1.3403459792069095,432.0,38.0,1.0,418906.0,1.0,1611115.0,75036.0
2025-12-17T14:27:27.281321,1,11.621054745670861,0.7860664561248534,1.34304593380499,434.0,39.0,1.0,731237.0,1.0,1799055.0,71928.0
2025-12-17T14:27:27.381034,2,11.61403386556641,0.8091174319410506,1.3621271330188027,424.0,35.0,1.0,729754.0,1.0,1566487.0,67631.0
2025-12-17T14:27:27.477206,3,11.609939391940099,0.8250372571323723,1.3643500055214315,426.0,35.0,1.0,1063587.0,1.0,1961220.0,74178.0
2025-12-17T14:27:27.579411,4,11.612442661322476,0.8363564093438978,1.3700263358377698,424.0,34.0,1.0,1255018.0,1.0,2416671.0,87855.0
2025-12-17T14:27:27.681738,5,11.614802813655817,0.8482338235570346,1.369271918152223,410.0,28.0,1.0,824033.0,1.0,2379338.0,78465.0
2025-12-17T14:27:28.183497,0,11.626381574588885,0.9043779009455033,1.3685438431368449,429.0,37.0,1.0,424472.0,1.0,1575526.0,75265.0
2025-12-17T14:27:28.276719,1,11.62873216235786,0.9155377704632581,1.3693106231446874,430.0,37.0,1.0,734959.0,1.0,1822343.0,72245.0
2025-12-17T14:27:28.378748,2,11.631293909927216,0.9265070634788728,1.3710231812115494,427.0,36.0,1.0,741706.0,1.0,1587301.0,67448.0
2025-12-17T14:27:28.479539,4,11.63312746165387,0.9376286718350499,1.3678190628046654,409.0,28.0,1.0,1266111.0,1.0,2337829.0,89113.0
2025-12-17T14:27:28.579704,5,11.635902703858555,0.9488276415283554,1.3712767740187295,427.0,36.0,1.0,815985.0,1.0,2406061.0,77226.0
2025-12-17T14:27:29.178779,0,11.649275263641044,1.0168956548613526,1.3688074366902945,432.0,38.0,1.0,421751.0,1.0,1611661.0,75036.0
2025-12-17T14:27:29.279763,1,11.651610442243257,1.0283682986692106,1.3737163022382568,416.0,31.0,1.0,715084.0,1.0,1819261.0,73205.0
2025-12-17T14:27:29.380682,2,11.653851560945903,1.0400652224930607,1.371770548255234,405.0,26.0,1.0,716537.0,1.0,1551712.0,68902.0
2025-12-17T14:27:29.478789,3,11.65585277597524,1.0511528751779107,1.3720097523213313,400.0,23.0,1.0,1082105.0,1.0,1989298.0,76188.0
2025-12-17T14:27:29.577769,4,11.658231909351464,1.0620649601352135,1.3734890365115577,423.0,34.0,1.0,1233959.0,1.0,2337038.0,87915.0
2025-12-17T14:27:29.677404,5,11.660106590106542,1.0734932258688303,1.3678021618618585,423.0,34.0,1.0,837529.0,1.0,2401180.0,77488.0
2025-12-17T14:27:30.179325,0,11.634891906531873,1.0943791448486202,1.3888715195975074,417.0,31.0,1.0,423468.0,1.0,1612206.0,76162.0
2025-12-17T14:27:30.279813,1,11.635831226033517,1.0963328544173692,1.3903518480207089,434.0,39.0,1.0,745481.0,1.0,1787524.0,71928.0
2025-12-17T14:27:30.377668,2,11.638474325771924,1.1058514225711562,1.3945486973350212,422.0,33.0,1.0,743968.0,1.0,1560666.0,67792.0
2025-12-17T14:27:30.479693,3,11.641166465969938,1.1202172191009048,1.3947958591823144,418.0,31.0,1.0,1076261.0,1.0,1962548.0,74808.0
2025-12-17T14:27:30.581306,4,11.642612124956365,1.1359275015102188,1.3948015178647364,418.0,32.0,1.0,1274279.0,1.0,2386596.0,88303.0
2025-12-17T14:27:30.680124,5,11.644669348632753,1.150008512497216,1.3930482495272054,406.0,26.0,1.0,814605.0,1.0,2488046.0,78811.0
2025-12-17T14:27:31.179686,0,11.654170415941564,1.2055227806960467,1.391056287151128,409.0,28.0,1.0,419900.0,1.0,1602415.0,76757.0
2025-12-17T14:27:31.279910,1,11.655823976373584,1.2164896749931682,1.392773193154511,414.0,30.0,1.0,724831.0,1.0,1804544.0,73354.0
2025-12-17T14:27:31.378588,2,11.657955897710735,1.2278685982499287,1.3937646674079014,417.0,31.0,1.0,734213.0,1.0,1566487.0,68114.0
2025-12-17T14:27:31.480081,3,11.660227704524743,1.2391545430370101,1.3935193467961717,414.0,30.0,1.0,1075897.0,1.0,1959893.0,75087.0
2025-12-17T14:27:31.581495,4,11.662430554853502,1.2506665963591779,1.3942589288840055,426.0,35.0,1.0,1247818.0,1.0,2324417.0,87618.0
2025-12-17T14:27:31.683770,5,11.663953365323671,1.2624149771880173,1.3937916864240631,427.0,36.0,1.0,820138.0,1.0,2393877.0,77226.0
2025-12-17T14:27:32.178326,0,11.672396801940934,1.3179922894147538,1.399439109765638,421.0,33.0,1.0,420184.0,1.0,1617125.0,75853.0
2025-12-17T14:27:32.279216,1,11.674082335930532,1.329540338087181,1.403874091050959,418.0,32.0,1.0,717751.0,1.0,1785710.0,73057.0
2025-12-17T14:27:32.380204,2,11.67557777815831,1.34120101294989,1.399412853067568,425.0,35.0,1.0,743465.0,1.0,1552237.0,67608.0
2025-12-17T14:27:32.477302,3,11.677713851020147,1.3521966013645095,1.4026257804933369,401.0,24.0,1.0,1091300.0,1.0,2004844.0,76008.0
2025-12-17T14:27:32.580646,4,11.678919315934463,1.364110657992521,1.3988988966893456,431.0,37.0,1.0,1241499.0,1.0,2409321.0,87263.0
2025-12-17T14:27:32.679843,5,11.680608479563922,1.3754429717173373,1.3993852855775282,421.0,33.0,1.0,827387.0,1.0,2359290.0,77646.0
2025-12-17T14:27:33.178462,0,11.668355086084066,1.429761448808577,1.4078640131210172,422.0,34.0,1.0,421323.0,1.0,1620412.0,75777.0
2025-12-17T14:27:33.277941,1,11.638965395807134,1.4350426638709113,1.4178830351975473,418.0,32.0,1.0,722626.0,1.0,1818646.0,73057.0
2025-12-17T14:27:33.381759,2,11.640471065478991,1.445773592644798,1.4060191552550474,419.0,32.0,1.0,735705.0,1.0,1575526.0,67975.0
2025-12-17T14:27:33.482199,3,11.642705524979117,1.45737121583028,1.3890189566113285,427.0,36.0,1.0,1054626.0,1.0,1952610.0,74128.0
2025-12-17T14:27:33.581640,4,11.64606602225027,1.4681116088139987,1.3680172712784906,400.0,22.0,1.0,1265682.0,1.0,2361687.0,90175.0
2025-12-17T14:27:33.677545,5,11.648843921825588,1.4788359579656856,1.3427341280028893,413.0,29.0,1.0,819583.0,1.0,2418307.0,78253.0
2025-12-17T14:27:34.178553,2,11.666536396944258,1.5314766654571432,1.2374194732940214,423.0,34.0,1.0,720428.0,1.0,1553814.0,67700.0
2025-12-17T14:27:34.277052,3,11.669833469039617,1.5423885349555029,1.2173684224987222,417.0,31.0,1.0,1065749.0,1.0,1973204.0,74884.0
2025-12-17T14:27:34.379741,5,11.67342858737998,1.552730030197834,1.1921690492101698,424.0,34.0,1.0,832443.0,1.0,2438031.0,77436.0
2025-12-17T14:27:35.181706,0,11.715915255322816,1.631604176261071,1.001522244930408,423.0,34.0,1.0,421038.0,1.0,1618768.0,75751.0
2025-12-17T14:27:35.277523,1,11.716019654988628,1.6431625565353727,0.9965326846888088,432.0,38.0,1.0,718723.0,1.0,1788734.0,72099.0
2025-12-17T14:27:35.378648,2,11.717829109115907,1.653133847958074,0.9781673012926417,423.0,34.0,1.0,738449.0,1.0,1558027.0,67700.0
2025-12-17T14:27:35.484472,3,11.724348948519497,1.6629236446805074,0.9581244415114314,411.0,29.0,1.0,1074442.0,1.0,1969868.0,75265.0
2025-12-17T14:27:35.582066,4,11.73036420294715,1.6725109343767048,0.9398899430213271,412.0,29.0,1.0,1257995.0,1.0,2350523.0,88812.0
2025-12-17T14:27:35.678652,5,11.736785434328851,1.6806917631443472,0.916600827821841,416.0,31.0,1.0,811303.0,1.0,2459579.0,78015.0
2025-12-17T14:27:36.177592,0,11.764685512194,1.7199184248605413,0.8014129560363568,424.0,35.0,1.0,426922.0,1.0,1620412.0,75623.0
2025-12-17T14:27:36.281714,1,11.767480975455353,1.7266908959827685,0.7808754566293988,417.0,31.0,1.0,727780.0,1.0,1792977.0,73131.0
2025-12-17T14:27:36.380502,2,11.775507492746021,1.735019204025006,0.7623026228448625,429.0,37.0,1.0,732723.0,1.0,1574460.0,67357.0
2025-12-17T14:27:36.480247,3,11.784121750619889,1.7430514734546314,0.7370009915461332,414.0,30.0,1.0,1061430.0,1.0,1957904.0,75087.0
2025-12-17T14:27:36.580324,4,11.792924561608967,1.7503960935421379,0.7112035871517147,413.0,30.0,1.0,1254593.0,1.0,2362487.0,88722.0
2025-12-17T14:27:36.678319,5,11.801600402974666,1.7583756133102533,0.6909632783696696,419.0,32.0,1.0,827667.0,1.0,2392257.0,77777.0
2025-12-17T14:27:37.178537,0,11.865278715952753,1.7887517508682453,0.5701859314064678,426.0,36.0,1.0,425911.0,1.0,1610570.0,75469.0
2025-12-17T14:27:37.279787,1,11.874560685230556,1.7947224321675481,0.54545959615999,422.0,33.0,1.0,718967.0,1.0,1806988.0,72785.0
2025-12-17T14:27:37.380714,2,11.884244214656551,1.8001043976166322,0.5238735947718239,441.0,42.0,1.0,742710.0,1.0,1565427.0,66564.0
2025-12-17T14:27:37.483343,3,11.894527865566605,1.805617739599164,0.5017069842789611,411.0,29.0,1.0,1081007.0,1.0,1971869.0,75265.0
2025-12-17T14:27:37.584640,4,11.90427219491021,1.811867078200697,0.48336092602151026,415.0,30.0,1.0,1249086.0,1.0,2348138.0,88632.0
2025-12-17T14:27:37.678621,5,11.914263325816878,1.8165609282712136,0.45669798408515166,425.0,35.0,1.0,831598.0,1.0,2410952.0,77357.0
2025-12-17T14:27:38.182562,0,11.98492525370927,1.8282284943540148,0.3303982653531062,418.0,32.0,1.0,420611.0,1.0,1615484.0,76085.0
2025-12-17T14:27:38.279432,1,11.995484818167181,1.8317289252226487,0.3047301365163332,434.0,39.0,1.0,733964.0,1.0,1802102.0,71904.0
2025-12-17T14:27:38.380046,2,12.006213258996906,1.8355746011453533,0.28468554221652725,422.0,33.0,1.0,724340.0,1.0,1573394.0,67814.0
2025-12-17T14:27:38.479781,3,12.016971294500626,1.8402754742472904,0.26370363544059605,410.0,28.0,1.0,1061430.0,1.0,1944696.0,75367.0
2025-12-17T14:27:38.577705,4,12.02821414581123,1.843414229761617,0.23885741215635634,415.0,30.0,1.0,1247396.0,1.0,2373707.0,88632.0
2025-12-17T14:27:38.680733,5,12.039979623139974,1.8461903360093501,0.21710175435291218,426.0,35.0,1.0,807468.0,1.0,2408505.0,77253.0
2025-12-17T14:27:39.178398,0,12.083791662417848,1.8441564135023754,0.10141820359604718,415.0,30.0,1.0,423898.0,1.0,1581938.0,76291.0
2025-12-17T14:27:39.276738,1,12.09471482335579,1.8455160324393098,0.0769181464153829,414.0,30.0,1.0,732723.0,1.0,1808824.0,73354.0
2025-12-17T14:27:39.381691,2,12.106319381582328,1.8456547528190157,0.05372642407855992,415.0,30.0,1.0,734461.0,1.0,1559610.0,68252.0
2025-12-17T14:27:39.478068,3,12.117771390884423,1.8452266176479668,0.03199513036161924,416.0,31.0,1.0,1097226.0,1.0,1966537.0,74910.0
2025-12-17T14:27:39.577913,4,12.129135617654466,1.8454702387135207,0.011981616608139822,415.0,30.0,1.0,1272124.0,1.0,2369694.0,88602.0
2025-12-17T14:27:39.681948,5,12.140380015911102,1.8448909768136588,-0.011928455551667248,425.0,35.0,1.0,834135.0,1.0,2429793.0,77357.0
2025-12-17T14:27:40.178857,0,12.175235575812922,1.8312333219041417,-0.1290054688011554,424.0,34.0,1.0,419900.0,1.0,1608391.0,75648.0
2025-12-17T14:27:40.276734,1,12.186425665538204,1.829317589444754,-0.1498121757791141,426.0,35.0,1.0,735456.0,1.0,1794191.0,72515.0
2025-12-17T14:27:40.378710,3,12.198092754401856,1.8283419287628409,-0.1665669962584596,423.0,34.0,1.0,1079179.0,1.0,1977885.0,74404.0
2025-12-17T14:27:40.482754,4,12.208471173338236,1.8258552025724626,-0.18981796651517502,400.0,21.0,1.0,1247396.0,1.0,2350523.0,90542.0
2025-12-17T14:27:40.584339,5,12.218479731652177,1.8226688743207955,-0.21840078227614365,425.0,35.0,1.0,810754.0,1.0,2409321.0,77305.0
2025-12-17T14:27:41.178374,0,12.2717747906363,1.8041008391181244,-0.3407424646390536,423.0,34.0,1.0,426633.0,1.0,1606759.0,75700.0
2025-12-17T14:27:41.276805,1,12.282909216757876,1.8007796054721208,-0.3605100689836974,428.0,36.0,1.0,733964.0,1.0,1776066.0,72368.0
2025-12-17T14:27:41.378683,2,12.29289661464718,1.796661889593615,-0.38844981691077446,418.0,32.0,1.0,736204.0,1.0,1550137.0,68044.0
2025-12-17T14:27:41.480089,3,12.303000091696344,1.792206960850736,-0.41416717233651335,402.0,25.0,1.0,1078449.0,1.0,1961884.0,75931.0
2025-12-17T14:27:41.578221,4,12.310370630862568,1.7900452771320836,-0.42930970003761765,426.0,35.0,1.0,1272986.0,1.0,2380949.0,87677.0
2025-12-17T14:27:41.677619,5,12.3108688610232,1.7897058537781927,-0.4287971174048664,406.0,26.0,1.0,818751.0,1.0,2415853.0,78757.0
2025-12-17T14:27:42.180495,0,12.358489984825674,1.762687393456405,-0.5561952648071661,423.0,34.0,1.0,424903.0,1.0,1616030.0,75751.0
2025-12-17T14:27:42.278266,1,12.368057686671044,1.7562731385363985,-0.5868300447600502,410.0,28.0,1.0,722137.0,1.0,1812501.0,73603.0
2025-12-17T14:27:42.380587,2,12.377248986237987,1.7498823706178381,-0.6078748988477408,417.0,31.0,1.0,736951.0,1.0,1553814.0,68137.0
2025-12-17T14:27:42.484736,3,12.372034463537869,1.745969112063058,-0.6171003034227884,415.0,30.0,1.0,1074442.0,1.0,2006201.0,75036.0
2025-12-17T14:27:42.579684,4,12.354158866643008,1.7446678112636018,-0.6149229947851866,412.0,29.0,1.0,1241499.0,1.0,2369694.0,88872.0
2025-12-17T14:27:42.679538,5,12.363387818536827,1.73825576826375,-0.6406478572696828,432.0,38.0,1.0,825149.0,1.0,2410952.0,76783.0
2025-12-17T14:27:43.180735,0,12.404352065899957,1.702621319313634,-0.7663360576667914,419.0,32.0,1.0,422037.0,1.0,1625355.0,76033.0
2025-12-17T14:27:43.279439,1,12.413616029535572,1.694397389633247,-0.7807016054638447,433.0,39.0,1.0,740953.0,1.0,1806377.0,72001.0
2025-12-17T14:27:43.380441,2,12.424429146857815,1.6896546940323152,-0.7911338410254702,421.0,33.0,1.0,741204.0,1.0,1551187.0,67837.0
2025-12-17T14:27:43.481173,3,12.435215492599031,1.6877431231168032,-0.7825724876726922,430.0,37.0,1.0,1052843.0,1.0,1941407.0,73927.0
2025-12-17T14:27:43.583737,4,12.442765385358957,1.6800616760620208,-0.7993592076849485,425.0,35.0,1.0,1246974.0,1.0,2401180.0,87737.0
2025-12-17T14:27:43.681982,5,12.450960780619251,1.6727759081329676,-0.8191277690743777,425.0,35.0,1.0,829069.0,1.0,2401180.0,77305.0
2025-12-17T14:27:44.177401,0,12.487205540380488,1.6286071320587663,-0.9319424404346703,434.0,39.0,1.0,431132.0,1.0,1611661.0,74910.0
2025-12-17T14:27:44.278745,1,12.494542452485927,1.620649116932567,-0.9562350477959456,411.0,28.0,1.0,729260.0,1.0,1846556.0,73578.0
2025-12-17T14:27:44.379864,2,12.511528817261905,1.6142510843639606,-0.9564247299388651,408.0,27.0,1.0,743465.0,1.0,1578194.0,68739.0
2025-12-17T14:27:44.478088,3,12.51976217259132,1.6052504926007174,-0.972045835282203,412.0,29.0,1.0,1102810.0,1.0,1953932.0,75240.0
2025-12-17T14:27:44.578675,4,12.526303258982402,1.595484282785213,-1.0001213932080826,406.0,27.0,1.0,1262687.0,1.0,2369694.0,89355.0
2025-12-17T14:27:44.679816,5,12.52914329916685,1.5901320977596196,-1.0126229933201571,408.0,27.0,1.0,827107.0,1.0,2402806.0,78624.0
2025-12-17T14:27:45.179821,0,12.531777248445302,1.5858438937827746,-1.0269050878419972,418.0,32.0,1.0,423468.0,1.0,1630866.0,76111.0
2025-12-17T14:27:45.277989,1,12.54520419290078,1.5770453153700572,-1.0534665642772807,414.0,30.0,1.0,733716.0,1.0,1822343.0,73329.0
2025-12-17T14:27:45.378347,2,12.553682817220356,1.5653675533590796,-1.0655175224432476,430.0,37.0,1.0,728273.0,1.0,1560666.0,67266.0
2025-12-17T14:27:45.479802,3,12.561403267873985,1.5531944513021365,-1.0867070481626415,409.0,27.0,1.0,1082105.0,1.0,1947330.0,75469.0
2025-12-17T14:27:45.580354,4,12.568420857398522,1.54115673662929,-1.1106455026389133,429.0,37.0,1.0,1257995.0,1.0,2344961.0,87381.0
2025-12-17T14:27:45.678974,5,12.575580852008027,1.5300079411737961,-1.134086077715631,433.0,38.0,1.0,801478.0,1.0,2402806.0,76757.0
2025-12-17T14:27:46.181007,0,12.595046999759155,1.4812507416291343,-1.250432601222349,419.0,32.0,1.0,429094.0,1.0,1594840.0,76008.0
2025-12-17T14:27:46.280031,1,12.597921065171057,1.470092116621581,-1.266542443759534,421.0,33.0,1.0,732475.0,1.0,1831618.0,72834.0
2025-12-17T14:27:46.378710,2,12.601994256152873,1.4586909633251786,-1.2741828984859342,425.0,35.0,1.0,735705.0,1.0,1550137.0,67562.0
2025-12-17T14:27:46.478295,3,12.605462704145404,1.447391018415571,-1.2722022405979054,413.0,30.0,1.0,1075897.0,1.0,1971202.0,75113.0
2025-12-17T14:27:46.581723,4,12.609819111678313,1.435792252565193,-1.2731822216842117,402.0,25.0,1.0,1266111.0,1.0,2373707.0,89718.0
2025-12-17T14:27:47.182353,0,12.649205094269337,1.3656777835073246,-1.2604880184385092,434.0,39.0,1.0,426200.0,1.0,1641943.0,74884.0
2025-12-17T14:27:47.277601,1,12.65294031543923,1.3541638888002225,-1.2637215304288907,409.0,28.0,1.0,731237.0,1.0,1806988.0,73727.0
2025-12-17T14:27:47.379097,2,12.656349835722668,1.3431106013914924,-1.261740387983855,430.0,37.0,1.0,738949.0,1.0,1564367.0,67266.0
2025-12-17T14:27:47.477431,3,12.660099630173152,1.331676438338146,-1.2637285744669378,410.0,28.0,1.0,1087981.0,1.0,1971869.0,75342.0
2025-12-17T14:27:47.578216,4,12.664066494527699,1.3203871318903477,-1.2656992467685697,406.0,26.0,1.0,1255443.0,1.0,2360888.0,89385.0
2025-12-17T14:27:47.679248,5,12.667014111804988,1.309625313836392,-1.264960289197555,423.0,34.0,1.0,812677.0,1.0,2386596.0,77488.0
2025-12-17T14:27:48.180025,0,12.684988753112188,1.2555695307874686,-1.263734187664297,400.0,23.0,1.0,428514.0,1.0,1661508.0,77541.0
2025-12-17T14:27:48.281609,1,12.688854296595753,1.244266284419803,-1.2662090684498404,424.0,35.0,1.0,738949.0,1.0,1812501.0,72613.0
2025-12-17T14:27:48.382785,2,12.691813319482279,1.23348212028265,-1.2635002306677616,420.0,33.0,1.0,745228.0,1.0,1554866.0,67929.0
2025-12-17T14:27:48.482744,3,12.695010048455472,1.2227439621017382,-1.266964299902445,417.0,31.0,1.0,1072262.0,1.0,1949308.0,74884.0
2025-12-17T14:27:48.579226,4,12.698698459837,1.2117559335241648,-1.2652347927294754,403.0,25.0,1.0,1266111.0,1.0,2393877.0,89658.0
2025-12-17T14:27:48.677622,5,12.702532905098996,1.200740992498318,-1.2655137510278434,414.0,30.0,1.0,817367.0,1.0,2361687.0,78200.0
2025-12-17T14:27:49.181730,0,12.691864672763236,1.1498221308767054,-1.3131694896320771,422.0,33.0,1.0,431570.0,1.0,1625906.0,75828.0
2025-12-17T14:27:49.280654,1,12.69444073392507,1.1384363921895453,-1.335202270039602,417.0,31.0,1.0,735456.0,1.0,1817415.0,73156.0
2025-12-17T14:27:49.382120,2,12.696747592311205,1.1274993637890436,-1.3483002261361847,422.0,33.0,1.0,745733.0,1.0,1580867.0,67792.0
2025-12-17T14:27:49.477190,3,12.699967773109455,1.1157740316172813,-1.3532884264056437,408.0,27.0,1.0,1073351.0,1.0,1969868.0,75495.0
2025-12-17T14:27:49.580922,4,12.70224720910241,1.1048969267893636,-1.3577134434362863,418.0,32.0,1.0,1263970.0,1.0,2350523.0,88392.0
2025-12-17T14:27:49.682893,5,12.704895643354185,1.0935397568894718,-1.3591903147884856,428.0,36.0,1.0,816814.0,1.0,2409321.0,77122.0
2025-12-17T14:27:50.183436,0,12.71673463626757,1.036156574087105,-1.3683383995234886,431.0,38.0,1.0,417915.0,1.0,1635287.0,75113.0
2025-12-17T14:27:50.278049,1,12.718955133096681,1.0248753034632632,-1.3668600748376583,420.0,32.0,1.0,727042.0,1.0,1833479.0,72958.0
2025-12-17T14:27:50.383143,2,12.721242020943729,1.0133009523192786,-1.368312190081516,419.0,32.0,1.0,741455.0,1.0,1559610.0,67975.0
2025-12-17T14:27:50.479683,3,12.72386406343573,1.0018980267686093,-1.3698010526155127,429.0,36.0,1.0,1083571.0,1.0,1976546.0,74027.0
2025-12-17T14:27:50.578824,4,12.725794192021315,0.9907569200754995,-1.3720347382156914,434.0,39.0,1.0,1233959.0,1.0,2355301.0,87027.0
2025-12-17T14:27:50.678176,5,12.728119820187386,0.979490615433674,-1.384376172380384,417.0,31.0,1.0,825429.0,1.0,2433085.0,77962.0
2025-12-17T14:27:51.181732,0,12.73417627862182,0.9239646181195127,-1.480311749077284,426.0,35.0,1.0,428804.0,1.0,1630866.0,75495.0
2025-12-17T14:27:51.278825,1,12.736502781977233,0.9119917029451194,-1.5052148842190087,428.0,36.0,1.0,736453.0,1.0,1816800.0,72343.0
2025-12-17T14:27:51.378705,2,12.743242356102995,0.8986244195411253,-1.510070532709844,423.0,34.0,1.0,738449.0,1.0,1542287.0,67746.0
2025-12-17T14:27:51.478706,4,12.744739282256134,0.8871379394595316,-1.5248295193004335,413.0,30.0,1.0,1257144.0,1.0,2352115.0,88752.0
2025-12-17T14:27:51.582871,5,12.745040772588565,0.8757611731170218,-1.5517392259717446,422.0,34.0,1.0,799852.0,1.0,2407690.0,77541.0
2025-12-17T14:27:52.177955,0,12.740498274304073,0.8090089488877634,-1.6483524400567888,431.0,38.0,1.0,430841.0,1.0,1638612.0,75138.0
2025-12-17T14:27:52.276854,2,12.740317071167023,0.7968933297581771,-1.6473683281276164,412.0,29.0,1.0,726796.0,1.0,1583009.0,68437.0
2025-12-17T14:27:52.377958,3,12.739378702734566,0.7845811208849511,-1.646383443104069,408.0,27.0,1.0,1069001.0,1.0,1973872.0,75495.0
2025-12-17T14:27:52.476906,4,12.738984096560655,0.7724910737781787,-1.6461209285127174,439.0,41.0,1.0,1262687.0,1.0,2352911.0,86557.0
2025-12-17T14:27:52.578935,5,12.737982086210462,0.7572134066757688,-1.643260729705923,429.0,37.0,1.0,796610.0,1.0,2402806.0,77070.0
2025-12-17T14:27:53.181064,1,12.734063666287732,0.6738422626334017,-1.638728335188224,427.0,36.0,1.0,734959.0,1.0,1820493.0,72441.0
2025-12-17T14:27:53.279352,2,12.733704881303918,0.6621884316363111,-1.6389679478819719,440.0,42.0,1.0,744220.0,1.0,1551187.0,66609.0
2025-12-17T14:27:53.378131,3,12.73293933868936,0.6511434558327505,-1.6414504046917824,403.0,25.0,1.0,1100573.0,1.0,1978554.0,75853.0
2025-12-17T14:27:53.478963,4,12.732178635881855,0.6401818342511536,-1.6384801839756225,407.0,27.0,1.0,1253320.0,1.0,2392257.0,89325.0
2025-12-17T14:27:53.577918,5,12.731356764057825,0.6287531212066604,-1.6387343760492648,439.0,41.0,1.0,822640.0,1.0,2399555.0,76317.0
2025-12-17T14:27:54.179096,0,12.726978601303614,0.5593187832294095,-1.643180909602553,411.0,29.0,1.0,423611.0,1.0,1627557.0,76602.0
2025-12-17T14:27:54.277384,1,12.726598000458278,0.5474172444415544,-1.6431868035758952,428.0,36.0,1.0,740953.0,1.0,1806988.0,72343.0
2025-12-17T14:27:54.380250,2,12.72562530241833,0.5355527307860122,-1.6471415102854223,432.0,38.0,1.0,732971.0,1.0,1551712.0,67152.0
2025-12-17T14:27:54.479831,3,12.724790412296842,0.5233247881262226,-1.6456681513175107,419.0,32.0,1.0,1067554.0,1.0,1973872.0,74707.0
2025-12-17T14:27:54.581439,4,12.723784515171031,0.5123803140504428,-1.6456763398475562,423.0,34.0,1.0,1264826.0,1.0,2362487.0,87915.0
2025-12-17T14:27:54.679438,5,12.721916507099081,0.5013541748540771,-1.6451493680599272,417.0,31.0,1.0,804195.0,1.0,2395498.0,77935.0
2025-12-17T14:27:55.183401,0,12.717093390413488,0.44362697764704784,-1.643903088247619,439.0,42.0,1.0,430549.0,1.0,1614937.0,74530.0
2025-12-17T14:27:55.281631,1,12.716283728024317,0.4320001770287547,-1.6436363243051504,416.0,31.0,1.0,732723.0,1.0,1827902.0,73230.0
2025-12-17T14:27:55.380866,2,12.715681406970967,0.42091612744713913,-1.640180051930805,423.0,34.0,1.0,717751.0,1.0,1561722.0,67723.0
2025-12-17T14:27:55.480045,3,12.71219937082964,0.4072336069913085,-1.6433241782565122,425.0,35.0,1.0,1092039.0,1.0,1983919.0,74253.0
2025-12-17T14:27:55.577180,4,12.709541733584597,0.39477255817599755,-1.6431354770818443,433.0,38.0,1.0,1244023.0,1.0,2319701.0,87115.0
2025-12-17T14:27:55.677694,5,12.70825986406219,0.3830739251324893,-1.644867629257723,422.0,33.0,1.0,825429.0,1.0,2360888.0,77567.0
2025-12-17T14:27:56.181524,0,12.707739957747329,0.36076509909203835,-1.6448642498754573,426.0,35.0,1.0,426344.0,1.0,1622607.0,75520.0
2025-12-17T14:27:56.277327,1,12.707666496791832,0.3604302517715485,-1.6446124017335086,437.0,40.0,1.0,711463.0,1.0,1800883.0,71758.0
2025-12-17T14:27:56.378085,2,12.705871345222434,0.35160772048519107,-1.6456003619986999,431.0,38.0,1.0,732228.0,1.0,1539159.0,67175.0
2025-12-17T14:27:56.478332,3,12.704349909842243,0.3407707478558262,-1.644885084060222,403.0,25.0,1.0,1073715.0,1.0,1989298.0,75853.0
2025-12-17T14:27:56.577974,4,12.703717414377836,0.3269815163453025,-1.6424093735648408,417.0,31.0,1.0,1260979.0,1.0,2373707.0,88422.0
2025-12-17T14:27:56.680192,5,12.703301651339796,0.31324489411812806,-1.6404371144133578,408.0,27.0,1.0,802564.0,1.0,2390638.0,78651.0
2025-12-17T14:27:57.180765,0,12.699269954886073,0.2549743311394579,-1.6412321986346363,415.0,30.0,1.0,432009.0,1.0,1623706.0,76291.0
2025-12-17T14:27:57.282353,1,12.698121676609894,0.24409030220175154,-1.642185255131662,436.0,40.0,1.0,750544.0,1.0,1789339.0,71806.0
2025-12-17T14:27:57.382703,2,12.697470547742352,0.23188985904643467,-1.6453861179325207,433.0,39.0,1.0,742208.0,1.0,1571266.0,67061.0
2025-12-17T14:27:57.477842,3,12.695879650450017,0.22053027531442027,-1.6424871502657326,402.0,25.0,1.0,1069001.0,1.0,1975878.0,75931.0
2025-12-17T14:27:57.580014,4,12.694709909451827,0.20892654624274165,-1.6427118888771146,417.0,31.0,1.0,1245708.0,1.0,2344961.0,88452.0
2025-12-17T14:27:57.678662,5,12.694244419964107,0.19719642973293539,-1.6412203835058359,406.0,26.0,1.0,827107.0,1.0,2376923.0,78757.0
2025-12-17T14:27:58.183229,0,12.689286258452778,0.14098249706075627,-1.6479458231704394,419.0,32.0,1.0,426922.0,1.0,1633628.0,75982.0
2025-12-17T14:27:58.281384,1,12.688568294584503,0.12919551473111746,-1.6499221841416345,413.0,29.0,1.0,746743.0,1.0,1844058.0,73453.0
2025-12-17T14:27:58.379992,2,12.688504852429036,0.11709984703486853,-1.6501555393316956,422.0,33.0,1.0,739700.0,1.0,1559082.0,67792.0
2025-12-17T14:27:58.479048,3,12.687976683660397,0.10549023593072349,-1.648169790977846,429.0,37.0,1.0,1079910.0,1.0,1973204.0,74002.0
2025-12-17T14:27:58.580055,4,12.687505573939266,0.09380051524250987,-1.6469429689366064,400.0,22.0,1.0,1263970.0,1.0,2360888.0,90236.0
2025-12-17T14:27:58.676375,5,12.68662177213008,0.08269018354085311,-1.6452601099056159,411.0,29.0,1.0,803923.0,1.0,2415036.0,78359.0
2025-12-17T14:27:59.181141,0,12.730216028353588,0.022292238880030624,-1.6342122839668027,418.0,32.0,1.0,429676.0,1.0,1619316.0,76085.0
2025-12-17T14:27:59.276823,1,12.729656724763625,0.010497006424516897,-1.6361865617418119,425.0,35.0,1.0,742459.0,1.0,1807600.0,72539.0
2025-12-17T14:27:59.379886,3,12.729162824118312,-0.0006189629696500276,-1.635945519597325,410.0,28.0,1.0,1066110.0,1.0,1975878.0,75342.0
2025-12-17T14:27:59.479533,4,12.728134464475069,-0.012839048547377274,-1.635203342884303,416.0,31.0,1.0,1252048.0,1.0,2348933.0,88512.0
2025-12-17T14:27:59.578859,5,12.727477532950743,-0.02462617352002283,-1.6332222903028701,421.0,33.0,1.0,809384.0,1.0,2403619.0,77672.0
2025-12-17T14:28:00.181588,0,12.723681166878807,-0.0927644376585608,-1.6349424329883435,427.0,36.0,1.0,435975.0,1.0,1626456.0,75393.0
2025-12-17T14:28:00.280260,1,12.723456144682856,-0.10219352398006087,-1.6354380921728406,422.0,33.0,1.0,740702.0,1.0,1814956.0,72810.0
2025-12-17T14:28:00.377825,2,12.723439470309247,-0.1031946963282877,-1.6337073253663164,439.0,42.0,1.0,737950.0,1.0,1574460.0,66654.0
2025-12-17T14:28:00.478105,3,12.723339089278745,-0.10328317999234038,-1.6332157953516788,415.0,30.0,1.0,1095741.0,1.0,1986606.0,75036.0
2025-12-17T14:28:00.578855,4,12.723250292990373,-0.1031825440652625,-1.6327228035401251,408.0,27.0,1.0,1223562.0,1.0,2352115.0,89204.0
2025-12-17T14:28:00.682209,5,12.723250292990373,-0.1031825440652625,-1.6327228035401251,431.0,38.0,1.0,829911.0,1.0,2441334.0,76861.0
2025-12-17T14:28:01.176853,0,12.719321848367434,-0.14264248668262347,-1.6376512052115813,428.0,36.0,1.0,425335.0,1.0,1651976.0,75342.0
2025-12-17T14:28:01.280142,1,12.71859769518315,-0.15706995407403213,-1.6383971325825535,430.0,37.0,1.0,724095.0,1.0,1825429.0,72196.0
2025-12-17T14:28:01.380596,2,12.71793735270137,-0.1696219761515838,-1.6364280815281498,418.0,32.0,1.0,728520.0,1.0,1572330.0,68067.0
2025-12-17T14:28:01.480397,3,12.717437441761458,-0.18106346293121867,-1.6283045946678643,416.0,31.0,1.0,1082105.0,1.0,1977216.0,74910.0
2025-12-17T14:28:01.579445,4,12.716342929409873,-0.19113886925019763,-1.6084615648076128,432.0,38.0,1.0,1260126.0,1.0,2368090.0,87145.0
2025-12-17T14:28:01.683342,5,12.71589661317688,-0.20108544185030652,-1.5864404265486143,410.0,28.0,1.0,815433.0,1.0,2434732.0,78465.0
2025-12-17T14:28:02.179485,0,12.719306285776344,-0.2567336970148961,-1.4717138864832542,417.0,31.0,1.0,431717.0,1.0,1614390.0,76162.0
2025-12-17T14:28:02.278866,1,12.72054624014698,-0.26722895990977236,-1.4466430922663207,438.0,41.0,1.0,737201.0,1.0,1805766.0,71661.0
2025-12-17T14:28:02.379037,2,12.719516344910147,-0.27810519158346736,-1.421911627547269,423.0,34.0,1.0,731484.0,1.0,1564367.0,67746.0
2025-12-17T14:28:02.480206,3,12.719356474375203,-0.2888392978857848,-1.3909622082576005,422.0,33.0,1.0,1077719.0,1.0,1966537.0,74505.0
2025-12-17T14:28:02.580718,4,12.72080059401367,-0.3000929969914168,-1.3716461124856423,428.0,36.0,1.0,1264826.0,1.0,2354504.0,87529.0
2025-12-17T14:28:02.679918,5,12.722381236882942,-0.3116991179881907,-1.3560273434499455,438.0,41.0,1.0,818474.0,1.0,2401180.0,76395.0
2025-12-17T14:28:03.180906,0,12.737434679977344,-0.3660176236318229,-1.2494751098010775,419.0,32.0,1.0,426777.0,1.0,1643611.0,75982.0
2025-12-17T14:28:03.277193,1,12.741259551597796,-0.3757006001259189,-1.2222111936762383,409.0,28.0,1.0,737201.0,1.0,1851563.0,73702.0
2025-12-17T14:28:03.379396,2,12.748877903386807,-0.37977237420862053,-1.1932112827128536,429.0,37.0,1.0,727534.0,1.0,1554340.0,67334.0
2025-12-17T14:28:03.476762,3,12.757367277136932,-0.3870433489352507,-1.1707029585256543,417.0,31.0,1.0,1094259.0,1.0,1973872.0,74859.0
2025-12-17T14:28:03.577253,4,12.763053850051458,-0.3978536816695044,-1.1509236979683322,428.0,36.0,1.0,1267397.0,1.0,2406061.0,87499.0
2025-12-17T14:28:03.681209,5,12.768340828769677,-0.40805974809047996,-1.1262855554319822,423.0,34.0,1.0,820138.0,1.0,2397120.0,77514.0
2025-12-17T14:28:04.183683,0,12.794611841300238,-0.45748832292293073,-1.0167959581729589,425.0,35.0,1.0,429676.0,1.0,1619316.0,75572.0
2025-12-17T14:28:04.276568,1,12.799199078428732,-0.46781654913646875,-0.9914881374813665,413.0,30.0,1.0,738449.0,1.0,1840940.0,73404.0
2025-12-17T14:28:04.377105,2,12.803064117800279,-0.47754459323412135,-0.9701797925385334,418.0,32.0,1.0,737201.0,1.0,1554340.0,68067.0
2025-12-17T14:28:04.478512,3,12.806062418721812,-0.4890376514012278,-0.9386262269895724,428.0,36.0,1.0,1069725.0,1.0,1972537.0,74103.0
2025-12-17T14:28:04.578975,5,12.811482938051823,-0.4980541303458761,-0.9144018645759077,423.0,34.0,1.0,818751.0,1.0,2391448.0,77514.0
2025-12-17T14:28:05.181545,0,12.857469228011812,-0.5502144085373359,-0.7937982222319587,417.0,31.0,1.0,432887.0,1.0,1631970.0,76136.0
2025-12-17T14:28:05.278845,1,12.865810859908445,-0.5576947329555626,-0.7717756979004263,400.0,23.0,1.0,741706.0,1.0,1839694.0,74505.0
2025-12-17T14:28:05.382038,2,12.87129003052047,-0.5601204131176925,-0.759370654753115,422.0,33.0,1.0,734461.0,1.0,1561722.0,67792.0
2025-12-17T14:28:05.477405,3,12.875708330162773,-0.5469103655862799,-0.7452097032354171,416.0,31.0,1.0,1090562.0,1.0,1989298.0,74960.0
2025-12-17T14:28:05.582788,4,12.875966351006685,-0.5440184402336854,-0.7389006006078297,417.0,31.0,1.0,1266111.0,1.0,2358492.0,88422.0
2025-12-17T14:28:05.678541,5,12.875966351006685,-0.5440184402336854,-0.7389006006078297,417.0,31.0,1.0,822361.0,1.0,2423223.0,77935.0
2025-12-17T14:28:06.177863,0,12.898757142872109,-0.5651051121587969,-0.6544998740164198,417.0,31.0,1.0,425911.0,1.0,1639166.0,76188.0
2025-12-17T14:28:06.277301,1,12.908612688492937,-0.571710388963,-0.6236187878527785,430.0,37.0,1.0,730248.0,1.0,1827902.0,72221.0
2025-12-17T14:28:06.382274,2,12.919032008253293,-0.5793662175129519,-0.6002592212224459,423.0,34.0,1.0,730742.0,1.0,1542287.0,67700.0
2025-12-17T14:28:06.477940,3,12.92927710734652,-0.5875030632441955,-0.5826310358161426,408.0,27.0,1.0,1091300.0,1.0,1952610.0,75520.0
2025-12-17T14:28:06.578762,4,12.939691545493435,-0.5938286544006974,-0.56681226775261,400.0,23.0,1.0,1218603.0,1.0,2340204.0,89992.0
2025-12-17T14:28:06.679485,5,12.948961481549555,-0.5999236243541386,-0.5433392009714963,428.0,36.0,1.0,802292.0,1.0,2462911.0,77122.0
2025-12-17T14:28:07.182388,0,12.975645359152004,-0.5982198435021377,-0.40356720474914387,414.0,30.0,1.0,431863.0,1.0,1612206.0,76395.0
2025-12-17T14:28:07.280014,1,12.986515128120676,-0.6029045545552751,-0.3771408995199269,418.0,32.0,1.0,733716.0,1.0,1789945.0,73057.0
2025-12-17T14:28:07.381885,2,12.997856668161395,-0.60643060112052,-0.3546526512784901,419.0,32.0,1.0,746238.0,1.0,1552763.0,67975.0
2025-12-17T14:28:07.479281,3,13.0087397734173,-0.6100494178743752,-0.3293512884952279,421.0,33.0,1.0,1075169.0,1.0,1965872.0,74606.0
2025-12-17T14:28:07.590395,4,13.019876408455058,-0.6141211374590725,-0.30932254881030213,424.0,34.0,1.0,1250778.0,1.0,2367289.0,87885.0
2025-12-17T14:28:07.680691,5,13.030988006493027,-0.617231513946809,-0.28837689947417655,417.0,31.0,1.0,818197.0,1.0,2390638.0,77909.0
2025-12-17T14:28:08.182304,0,13.044198703179664,-0.6036982602124912,-0.14911560147051653,433.0,39.0,1.0,426344.0,1.0,1626456.0,74960.0
2025-12-17T14:28:08.279177,1,13.05494589024359,-0.605416351919974,-0.12728331655311342,410.0,28.0,1.0,730990.0,1.0,1836584.0,73628.0
2025-12-17T14:28:08.380413,2,13.06681556732482,-0.6077163552637224,-0.10853863149563399,424.0,34.0,1.0,733468.0,1.0,1571797.0,67654.0
2025-12-17T14:28:08.478692,3,13.078511568360874,-0.6087305213208865,-0.08968488205287047,426.0,35.0,1.0,1097226.0,1.0,1981905.0,74228.0
2025-12-17T14:28:08.579899,4,13.09035889818805,-0.6100173928812662,-0.06380877247888311,420.0,33.0,1.0,1253320.0,1.0,2358492.0,88153.0
2025-12-17T14:28:09.178719,0,13.143985791891195,-0.594664861274433,0.08177601778145235,432.0,38.0,1.0,426777.0,1.0,1636949.0,75036.0
2025-12-17T14:28:09.278733,1,13.155036588925412,-0.5922480270443806,0.1079699540081576,434.0,39.0,1.0,736951.0,1.0,1816185.0,71977.0
2025-12-17T14:28:09.378885,2,13.165996538947898,-0.5900778008364309,0.13863429778819486,420.0,33.0,1.0,747755.0,1.0,1550137.0,67906.0
2025-12-17T14:28:09.480978,3,13.177372700308517,-0.5889634863622017,0.15994904744031418,418.0,32.0,1.0,1064668.0,1.0,1953271.0,74808.0
2025-12-17T14:28:09.577882,4,13.189252976878482,-0.5874603602452577,0.17623698903511809,429.0,37.0,1.0,1238561.0,1.0,2402806.0,87440.0
2025-12-17T14:28:09.677129,5,13.20012985824043,-0.585713264863978,0.1923539571245039,418.0,32.0,1.0,814605.0,1.0,2394687.0,77830.0
2025-12-17T14:28:10.180748,0,13.18478729112108,-0.5647764907680735,0.2527081683724817,424.0,34.0,1.0,429676.0,1.0,1613844.0,75648.0
2025-12-17T14:28:10.281710,1,13.19077206337639,-0.5649217861155336,0.2667690331911419,414.0,30.0,1.0,740953.0,1.0,1850310.0,73354.0
2025-12-17T14:28:10.380048,2,13.20042205990627,-0.5625305240266858,0.2957008941394951,415.0,30.0,1.0,746491.0,1.0,1572862.0,68252.0
2025-12-17T14:28:10.477416,3,13.212916663897765,-0.5569566972094098,0.32122749986629484,424.0,34.0,1.0,1077719.0,1.0,1971869.0,74354.0
2025-12-17T14:28:10.577530,4,13.225879369813514,-0.5516604214927252,0.34673961324700436,436.0,40.0,1.0,1273848.0,1.0,2368892.0,86850.0
2025-12-17T14:28:10.678127,5,13.238070648872327,-0.5477083106512843,0.36971680405853036,411.0,29.0,1.0,804740.0,1.0,2399555.0,78359.0
2025-12-17T14:28:11.178747,0,13.255333080401572,-0.5110011762673459,0.4810483347313412,421.0,33.0,1.0,426344.0,1.0,1629211.0,75853.0
2025-12-17T14:28:11.283649,2,13.264335778108492,-0.5063021161419936,0.5086546907543162,433.0,38.0,1.0,728766.0,1.0,1553814.0,67084.0
2025-12-17T14:28:11.383090,3,13.27385553795899,-0.502327730325236,0.5430197322063749,420.0,33.0,1.0,1078814.0,1.0,1985934.0,74631.0
2025-12-17T14:28:11.479635,4,13.284126389496414,-0.497744797250375,0.5629959024554217,416.0,31.0,1.0,1228126.0,1.0,2300156.0,88572.0
2025-12-17T14:28:11.578858,5,13.29463868609226,-0.49149292154971924,0.5783755643939978,441.0,42.0,1.0,824033.0,1.0,2402806.0,76136.0
2025-12-17T14:28:12.178990,1,13.33686129792516,-0.4397874123303964,0.722787272620224,400.0,23.0,1.0,725812.0,1.0,1826047.0,74480.0
2025-12-17T14:28:12.281808,2,13.345973013953824,-0.4334609975736985,0.7467990189027415,410.0,28.0,1.0,737950.0,1.0,1542287.0,68553.0
2025-12-17T14:28:12.385189,3,13.35472672318453,-0.4253883272875072,0.7621254517627755,420.0,33.0,1.0,1079910.0,1.0,1969202.0,74631.0
2025-12-17T14:28:12.477137,4,13.363149813808572,-0.41618636048864666,0.7824043441719127,417.0,31.0,1.0,1267397.0,1.0,2377728.0,88452.0
2025-12-17T14:28:12.580582,5,13.371284252641852,-0.4070369299124792,0.8070232670623629,422.0,33.0,1.0,791236.0,1.0,2419126.0,77567.0
2025-12-17T14:28:13.179463,0,13.425234016096613,-0.33699099667262367,0.9454178972192181,411.0,29.0,1.0,434208.0,1.0,1619864.0,76576.0
2025-12-17T14:28:13.277919,1,13.431424868317684,-0.32834326669311054,0.9714190056778411,428.0,36.0,1.0,743717.0,1.0,1811275.0,72343.0
2025-12-17T14:28:13.378294,2,13.438035484963153,-0.3204273395457129,1.0007344865414924,419.0,32.0,1.0,740702.0,1.0,1559082.0,67975.0
2025-12-17T14:28:13.477969,3,13.445003358087774,-0.3100983194255882,1.0200006598030604,403.0,25.0,1.0,1097969.0,1.0,1952610.0,75905.0
2025-12-17T14:28:13.579382,4,13.450573889025916,-0.2995087365428528,1.0405258068325154,410.0,28.0,1.0,1244865.0,1.0,2358492.0,89023.0
2025-12-17T14:28:13.679603,5,13.454879518944384,-0.28906474338696775,1.068011814644752,400.0,24.0,1.0,799852.0,1.0,2380143.0,79212.0
2025-12-17T14:28:14.178093,0,13.479733415397721,-0.2147278260197929,1.2040183373899356,425.0,35.0,1.0,421181.0,1.0,1625906.0,75597.0
2025-12-17T14:28:14.280349,1,13.479755058344535,-0.2121507035870973,1.2067115684560623,421.0,33.0,1.0,734710.0,1.0,1844058.0,72859.0
2025-12-17T14:28:14.379690,2,13.479962627290387,-0.21188485247002653,1.2062735778769929,429.0,37.0,1.0,746238.0,1.0,1565427.0,67311.0
2025-12-17T14:28:14.478461,4,13.479962627290387,-0.21188485247002653,1.2062735778769929,405.0,26.0,1.0,1269973.0,1.0,2395498.0,89506.0
2025-12-17T14:28:14.578639,5,13.479962627290387,-0.21188485247002653,1.2062735778769929,435.0,39.0,1.0,819583.0,1.0,2339412.0,76602.0
2025-12-17T14:28:15.177404,0,13.520654218852027,-0.1377349131289698,1.3374992756999857,414.0,30.0,1.0,427211.0,1.0,1616030.0,76420.0
2025-12-17T14:28:15.280375,1,13.523190183642402,-0.1262923039568662,1.3599703588464194,423.0,34.0,1.0,733468.0,1.0,1819261.0,72711.0
2025-12-17T14:28:15.378746,2,13.525116533411682,-0.1157419309675678,1.3828037577059278,434.0,39.0,1.0,745986.0,1.0,1549613.0,67016.0
2025-12-17T14:28:15.477326,3,13.52637517345388,-0.10537490928930282,1.4038122181098505,422.0,34.0,1.0,1079910.0,1.0,1957241.0,74505.0
2025-12-17T14:28:15.581277,4,13.528645387750355,-0.0943959995547381,1.4205821705431139,412.0,29.0,1.0,1278166.0,1.0,2369694.0,88842.0
2025-12-17T14:28:15.682365,5,13.530017065158832,-0.08340525964674761,1.4321930819015258,417.0,31.0,1.0,823197.0,1.0,2388212.0,77909.0
2025-12-17T14:28:16.182362,0,13.538536347998019,-0.026187267754080423,1.441358926628726,433.0,39.0,1.0,429676.0,1.0,1623706.0,74960.0
2025-12-17T14:28:16.277775,1,13.542610204605062,-0.011196835610613576,1.445061675156662,423.0,34.0,1.0,736204.0,1.0,1826665.0,72711.0
2025-12-17T14:28:16.380054,2,13.557030618771714,0.01471410852769317,1.4453033527780597,437.0,41.0,1.0,722626.0,1.0,1574993.0,66789.0
2025-12-17T14:28:16.480038,3,13.5602651232418,0.02722028857032832,1.4477100643216192,415.0,31.0,1.0,1095000.0,1.0,1976546.0,74986.0
2025-12-17T14:28:16.580529,4,13.5624660676927,0.03883158382075891,1.4472114257085722,407.0,27.0,1.0,1245287.0,1.0,2337038.0,89294.0
2025-12-17T14:28:16.676542,5,13.564057409117634,0.050735091860868664,1.444244899250782,437.0,40.0,1.0,824870.0,1.0,2418307.0,76472.0
2025-12-17T14:28:17.179073,0,13.570290951296787,0.10727750142777204,1.5215983006765628,430.0,37.0,1.0,418623.0,1.0,1628108.0,75240.0
2025-12-17T14:28:17.277098,1,13.570419884534072,0.11851746413913133,1.5304931964427897,418.0,31.0,1.0,742208.0,1.0,1797838.0,73106.0
2025-12-17T14:28:17.379711,2,13.570200257437232,0.1304261789784391,1.5384001169569073,418.0,32.0,1.0,758717.0,1.0,1549088.0,68044.0
2025-12-17T14:28:17.478557,3,13.570895158175967,0.1424294314347705,1.5411131193808976,418.0,32.0,1.0,1090562.0,1.0,1965872.0,74808.0
2025-12-17T14:28:17.578776,4,13.57104801343974,0.1535065694926523,1.5391309762612688,407.0,27.0,1.0,1252896.0,1.0,2365687.0,89325.0
2025-12-17T14:28:17.677215,5,13.571851359480968,0.16452773754091687,1.5425880098301479,432.0,38.0,1.0,815985.0,1.0,2403619.0,76835.0
2025-12-17T14:28:18.184085,0,13.573241419205143,0.22204248245512304,1.5485471529048869,417.0,31.0,1.0,433327.0,1.0,1631970.0,76136.0
2025-12-17T14:28:18.277765,1,13.574143654150381,0.23461207681019047,1.548799970649526,420.0,33.0,1.0,734213.0,1.0,1832858.0,72908.0
2025-12-17T14:28:18.378990,2,13.574245689688485,0.24580059327808534,1.5505223344566141,400.0,21.0,1.0,741957.0,1.0,1564367.0,69629.0
2025-12-17T14:28:18.478285,3,13.57481931756563,0.25738810480644503,1.54779424512129,419.0,32.0,1.0,1069001.0,1.0,1961220.0,74758.0
2025-12-17T14:28:18.579003,4,13.574829714299536,0.2680918477025518,1.5480376466736168,418.0,32.0,1.0,1263970.0,1.0,2356896.0,88392.0
2025-12-17T14:28:18.678959,5,13.575364065543894,0.27940881857470856,1.5490102574496314,422.0,33.0,1.0,825429.0,1.0,2410952.0,77567.0
2025-12-17T14:28:19.179172,0,13.556709604070601,0.34419726681890594,1.563882020422771,433.0,39.0,1.0,427789.0,1.0,1639721.0,74986.0
2025-12-17T14:28:19.282082,1,13.556661866065308,0.35613984785102026,1.5626474098379959,423.0,34.0,1.0,744724.0,1.0,1806988.0,72711.0
2025-12-17T14:28:19.378964,3,13.557037338696016,0.3671261158023498,1.5631442011893504,434.0,39.0,1.0,1095000.0,1.0,1982576.0,73653.0
2025-12-17T14:28:19.480182,4,13.557036000756556,0.37902695925546936,1.5606785364684312,423.0,34.0,1.0,1247818.0,1.0,2373707.0,87974.0
2025-12-17T14:28:19.580510,5,13.55589784183422,0.3901641056288021,1.5671118716452805,421.0,33.0,1.0,818474.0,1.0,2361687.0,77646.0
2025-12-17T14:28:20.177810,0,13.556138862019345,0.4601396860133473,1.5626144548598768,423.0,34.0,1.0,436270.0,1.0,1616030.0,75751.0
2025-12-17T14:28:20.277667,1,13.55613935282601,0.47134913567529146,1.5636120124191821,420.0,32.0,1.0,743213.0,1.0,1813728.0,72958.0
2025-12-17T14:28:20.381532,2,13.556391457658378,0.48298219014328225,1.5655674660276235,424.0,34.0,1.0,742710.0,1.0,1579797.0,67654.0
2025-12-17T14:28:20.482112,3,13.556111961388497,0.4949143323790448,1.5641489234130412,419.0,32.0,1.0,1070449.0,1.0,1982576.0,74732.0
2025-12-17T14:28:20.583006,4,13.556744506156416,0.5058597527467281,1.5670925944226834,400.0,22.0,1.0,1270833.0,1.0,2344961.0,90236.0
2025-12-17T14:28:20.680070,5,13.556892265531133,0.5175764201700321,1.5646348253267948,427.0,36.0,1.0,811303.0,1.0,2432261.0,77200.0
2025-12-17T14:28:21.182459,0,13.556418076423347,0.5738788748650041,1.5586852112416922,423.0,34.0,1.0,428369.0,1.0,1609480.0,75751.0
2025-12-17T14:28:21.277921,1,13.557539979753884,0.5849489997479633,1.5628147651530533,414.0,30.0,1.0,732971.0,1.0,1841563.0,73379.0
2025-12-17T14:28:21.380057,2,13.557817406791882,0.5969556570127601,1.5618456656598707,420.0,33.0,1.0,739951.0,1.0,1578194.0,67929.0
2025-12-17T14:28:21.479712,3,13.55779272443797,0.6083076019691411,1.5606031668924534,419.0,32.0,1.0,1085407.0,1.0,1979894.0,74758.0
2025-12-17T14:28:21.581699,4,13.558551044808308,0.6194902200068348,1.565103999698818,425.0,35.0,1.0,1284237.0,1.0,2331508.0,87796.0
2025-12-17T14:28:21.678675,5,13.558769743133258,0.63112172778097,1.5599068994915786,401.0,24.0,1.0,830754.0,1.0,2419945.0,79185.0
2025-12-17T14:28:22.183326,0,13.56350190351949,0.712662075319999,1.5927015604344346,407.0,27.0,1.0,426488.0,1.0,1666577.0,76887.0
2025-12-17T14:28:22.288393,1,13.563401067626124,0.728063541944568,1.5980770323086713,428.0,36.0,1.0,728273.0,1.0,1822343.0,72392.0
2025-12-17T14:28:22.380265,2,13.563527403908733,0.7357472423902749,1.5944153836524493,408.0,27.0,1.0,738449.0,1.0,1566487.0,68716.0
2025-12-17T14:28:22.478106,3,13.56370998927159,0.7467384430377741,1.5947152587996636,423.0,34.0,1.0,1074442.0,1.0,1965872.0,74404.0
2025-12-17T14:28:22.582742,4,13.563697315399901,0.7583221357301628,1.5966456815247339,413.0,30.0,1.0,1265254.0,1.0,2362487.0,88782.0
2025-12-17T14:28:22.680317,5,13.56335907986225,0.7700758215165706,1.5939431121528853,420.0,32.0,1.0,808015.0,1.0,2435556.0,77751.0
2025-12-17T14:28:23.180264,0,13.560980332575031,0.8289079888737625,1.5983748305109087,432.0,38.0,1.0,434502.0,1.0,1615484.0,75036.0
2025-12-17T14:28:23.276440,1,13.56098936063672,0.8402577893400984,1.6001108388349676,423.0,34.0,1.0,732723.0,1.0,1789945.0,72687.0
2025-12-17T14:28:23.377993,2,13.560480857122608,0.8516693018905102,1.5956563734924771,428.0,36.0,1.0,744220.0,1.0,1565427.0,67403.0
2025-12-17T14:28:23.477351,3,13.560302765042447,0.8627051647733932,1.6000657272738845,417.0,31.0,1.0,1066832.0,1.0,2021195.0,74884.0
2025-12-17T14:28:23.581177,4,13.560537826855553,0.8739693412654272,1.5986566812109608,407.0,27.0,1.0,1259699.0,1.0,2361687.0,89355.0
2025-12-17T14:28:23.680343,5,13.560289847476373,0.8858933784317085,1.5959854796779316,410.0,28.0,1.0,834135.0,1.0,2402806.0,78438.0
2025-12-17T14:28:24.180651,0,13.55855965025508,0.9437698565963135,1.5999480261878172,432.0,38.0,1.0,421038.0,1.0,1648625.0,75036.0
2025-12-17T14:28:24.279700,1,13.558205711778758,0.9553144172382471,1.600508843412518,408.0,27.0,1.0,728273.0,1.0,1811888.0,73777.0
2025-12-17T14:28:24.384019,2,13.55762371756565,0.9671869205396959,1.5997846108476879,412.0,29.0,1.0,735954.0,1.0,1562251.0,68483.0
2025-12-17T14:28:24.481585,3,13.557087309391132,0.9786851155959368,1.601761363656472,405.0,26.0,1.0,1080276.0,1.0,1979894.0,75777.0
2025-12-17T14:28:24.578594,4,13.556781655902753,0.9903548098331196,1.5990228054168798,403.0,25.0,1.0,1286847.0,1.0,2380143.0,89627.0
2025-12-17T14:28:24.684245,5,13.552045848891337,1.0006189461138142,1.603982637967736,426.0,36.0,1.0,825988.0,1.0,2389021.0,77226.0
2025-12-17T14:28:25.180188,0,13.49990931360756,1.052794790137158,1.6256845779510452,432.0,38.0,1.0,424760.0,1.0,1629762.0,75036.0
2025-12-17T14:28:25.279974,1,13.499297996252736,1.064738086167889,1.624479482441314,420.0,33.0,1.0,755897.0,1.0,1828521.0,72908.0
2025-12-17T14:28:25.377875,2,13.49802940245141,1.076066015741457,1.623968087165156,421.0,33.0,1.0,738949.0,1.0,1559610.0,67860.0
2025-12-17T14:28:25.477911,3,13.49762388540871,1.087931980414373,1.623236168898105,424.0,34.0,1.0,1063587.0,1.0,1959230.0,74379.0
2025-12-17T14:28:25.580126,4,13.496357616397907,1.0994851479287568,1.6217598079930637,411.0,29.0,1.0,1290773.0,1.0,2380949.0,88932.0
2025-12-17T14:28:25.682901,5,13.495864121923761,1.1107898343674432,1.6232000748436601,410.0,28.0,1.0,810754.0,1.0,2420764.0,78465.0
2025-12-17T14:28:26.179533,0,13.492462190868302,1.1677876917594663,1.6192807046556825,429.0,37.0,1.0,425335.0,1.0,1619316.0,75291.0
2025-12-17T14:28:26.280555,1,13.491844286262383,1.1798028182107423,1.6170628530927547,424.0,34.0,1.0,751052.0,1.0,1812501.0,72687.0
2025-12-17T14:28:26.381166,2,13.490933999391128,1.19125894712041,1.617553950870733,420.0,33.0,1.0,744724.0,1.0,1560666.0,67906.0
2025-12-17T14:28:26.478398,3,13.490764982642418,1.2031147941821594,1.6165508195241292,409.0,28.0,1.0,1067916.0,1.0,1959230.0,75469.0
2025-12-17T14:28:26.578592,4,13.489790570222977,1.2140521251923335,1.6185356958912551,409.0,28.0,1.0,1251201.0,1.0,2422403.0,89143.0
2025-12-17T14:28:26.677841,5,13.489737204044305,1.2259403637573048,1.6182782060031233,421.0,33.0,1.0,829069.0,1.0,2450439.0,77672.0
2025-12-17T14:28:27.179695,0,13.48879718568936,1.2828003258528753,1.6190179175638901,429.0,37.0,1.0,426922.0,1.0,1654774.0,75291.0
2025-12-17T14:28:27.282899,1,13.488049315012995,1.294535198984594,1.6170321993832724,404.0,26.0,1.0,743968.0,1.0,1818030.0,74052.0
2025-12-17T14:28:27.380896,2,13.487494537075385,1.3062798321019162,1.6199837215579231,435.0,39.0,1.0,734959.0,1.0,1562780.0,66948.0
2025-12-17T14:28:27.477399,3,13.486487166327512,1.3182373766495292,1.6172366340833757,407.0,27.0,1.0,1075897.0,1.0,1971869.0,75597.0
2025-12-17T14:28:27.580141,4,13.475903891652239,1.3247521804699467,1.6305770508665947,416.0,31.0,1.0,1266968.0,1.0,2376923.0,88542.0
2025-12-17T14:28:27.682924,5,13.46326778595739,1.3298010296009508,1.640279149269742,413.0,29.0,1.0,811303.0,1.0,2449610.0,78253.0
2025-12-17T14:28:28.179635,0,13.458382723891342,1.3881900090997483,1.6393348889004955,425.0,35.0,1.0,433767.0,1.0,1624256.0,75597.0
2025-12-17T14:28:28.278299,1,13.456703967508904,1.4000576418913688,1.643790669075147,420.0,33.0,1.0,745228.0,1.0,1811275.0,72933.0
2025-12-17T14:28:28.380360,2,13.455595971787105,1.411890848937917,1.6440380383311706,418.0,32.0,1.0,737201.0,1.0,1569671.0,68067.0
2025-12-17T14:28:28.477638,3,13.454303976060787,1.4230905326390992,1.6410937208773388,420.0,33.0,1.0,1067554.0,1.0,1971869.0,74656.0
2025-12-17T14:28:28.581318,4,13.453883232437795,1.43435331940025,1.6285049585049343,400.0,22.0,1.0,1277734.0,1.0,2350523.0,90358.0
2025-12-17T14:28:28.676993,5,13.453881579165152,1.445633505527642,1.6071761502138042,415.0,30.0,1.0,829630.0,1.0,2384981.0,78094.0
2025-12-17T14:28:29.183363,0,13.45603764858612,1.501011493632106,1.4950042756238762,420.0,33.0,1.0,424185.0,1.0,1643054.0,75931.0
2025-12-17T14:28:29.280830,1,13.456395377665332,1.5122397106454972,1.4752375634854424,431.0,38.0,1.0,734213.0,1.0,1819261.0,72172.0
2025-12-17T14:28:29.378080,2,13.45801219540376,1.5235340308041163,1.4487220053786094,423.0,34.0,1.0,734213.0,1.0,1578194.0,67700.0
2025-12-17T14:28:29.478220,3,13.460012922798695,1.5348523797042297,1.4261848624956996,411.0,29.0,1.0,1097969.0,1.0,1964542.0,75291.0
2025-12-17T14:28:29.582730,4,13.461696336185481,1.5457603853382462,1.4029724480986379,407.0,27.0,1.0,1244865.0,1.0,2380143.0,89294.0
2025-12-17T14:28:29.678902,5,13.463918787825827,1.5570826834569207,1.3864442785768407,424.0,34.0,1.0,832161.0,1.0,2379338.0,77436.0
2025-12-17T14:28:30.178718,0,13.477492140433576,1.61290582560118,1.2739170291837294,420.0,33.0,1.0,424472.0,1.0,1618220.0,75905.0
2025-12-17T14:28:30.280440,2,13.476505088271713,1.6241074636904784,1.2476588480733943,422.0,33.0,1.0,743968.0,1.0,1557500.0,67814.0
2025-12-17T14:28:30.379724,3,13.469966175064242,1.6360970384619957,1.2320535148553755,410.0,28.0,1.0,1062868.0,1.0,1967203.0,75367.0
2025-12-17T14:28:30.479687,4,13.473083229671186,1.647174483679839,1.21499826741186,426.0,35.0,1.0,1291210.0,1.0,2376119.0,87737.0
2025-12-17T14:28:30.579742,5,13.47706228298296,1.6580777179711372,1.1926095571152324,424.0,34.0,1.0,817090.0,1.0,2407690.0,77436.0
2025-12-17T14:28:31.177393,1,13.497256430521123,1.716785883488674,1.0556597358956332,428.0,36.0,1.0,735208.0,1.0,1816185.0,72343.0
2025-12-17T14:28:31.279815,2,13.470154663980258,1.7190371563750215,1.0533248852444506,423.0,34.0,1.0,752324.0,1.0,1562251.0,67746.0
2025-12-17T14:28:31.381954,3,13.475627536775391,1.7294309176079956,1.0275317165089362,407.0,27.0,1.0,1091300.0,1.0,1978554.0,75623.0
2025-12-17T14:28:31.481580,4,13.481984425938073,1.7385844051913217,1.00268340249854,416.0,31.0,1.0,1262260.0,1.0,2365687.0,88572.0
2025-12-17T14:28:32.183460,0,13.508611195427918,1.790407382623016,0.8435324335498295,430.0,37.0,1.0,424903.0,1.0,1607303.0,75189.0
2025-12-17T14:28:32.280572,1,13.514174029360959,1.798880513676865,0.8213976955350379,428.0,36.0,1.0,745481.0,1.0,1836584.0,72368.0
2025-12-17T14:28:32.381757,2,13.522631625799113,1.8070955190609528,0.8018268206398232,423.0,34.0,1.0,728520.0,1.0,1569140.0,67746.0
2025-12-17T14:28:32.478193,3,13.530146642155104,1.8152912703268278,0.7810990747710277,427.0,36.0,1.0,1076261.0,1.0,1987952.0,74178.0
2025-12-17T14:28:32.583423,4,13.538326063085288,1.8233375502570066,0.7566231269792252,427.0,36.0,1.0,1278599.0,1.0,2364887.0,87618.0
2025-12-17T14:28:32.678960,5,13.546561598163596,1.8315654306924536,0.7326831236213319,426.0,36.0,1.0,829911.0,1.0,2456252.0,77226.0
2025-12-17T14:28:33.180653,0,13.579905957609313,1.8598371177816837,0.6278057035375939,437.0,40.0,1.0,419474.0,1.0,1623706.0,74732.0
2025-12-17T14:28:33.285473,1,13.589094123246213,1.866845506110856,0.6000421977085879,459.0,51.0,1.0,734710.0,1.0,1824194.0,70268.0
2025-12-17T14:28:33.382075,2,13.598124814010324,1.873555315519079,0.5786142105249449,431.0,38.0,1.0,741706.0,1.0,1560137.0,67175.0
2025-12-17T14:28:33.480769,3,13.607424845967898,1.879576499589863,0.5532568685416774,417.0,31.0,1.0,1066110.0,1.0,1977216.0,74859.0
2025-12-17T14:28:33.583209,4,13.617339398670687,1.8850588209304053,0.5359024020592753,407.0,27.0,1.0,1258421.0,1.0,2327565.0,89294.0
2025-12-17T14:28:33.680891,5,13.627495614440853,1.8893253601190398,0.5127219879354746,425.0,35.0,1.0,813503.0,1.0,2412585.0,77305.0
2025-12-17T14:28:34.179436,0,13.67201815975765,1.895374976127739,0.37772315632504494,416.0,31.0,1.0,427789.0,1.0,1618768.0,76214.0
2025-12-17T14:28:34.279932,1,13.68295908807078,1.8993164959116768,0.3544368747216214,426.0,35.0,1.0,728520.0,1.0,1837206.0,72515.0
2025-12-17T14:28:34.382337,2,13.693726558209965,1.9022610084760014,0.32330641150453876,424.0,34.0,1.0,751306.0,1.0,1561194.0,67654.0
2025-12-17T14:28:34.479537,3,13.70438874774678,1.9050016917128438,0.3018148740846835,425.0,35.0,1.0,1112181.0,1.0,1971202.0,74278.0
2025-12-17T14:28:34.579560,4,13.715213316253683,1.9085829811740371,0.2825624466555346,434.0,39.0,1.0,1245708.0,1.0,2383368.0,87027.0
2025-12-17T14:28:34.680215,5,13.726228974587844,1.9122671981412687,0.2649593357291926,422.0,33.0,1.0,834700.0,1.0,2394687.0,77593.0
2025-12-17T14:28:35.178592,0,13.772464857963483,1.913593663866953,0.13599611928754474,445.0,44.0,1.0,415236.0,1.0,1635841.0,74103.0
2025-12-17T14:28:35.281389,1,13.783886106016503,1.9149646080521343,0.11058738794452613,418.0,32.0,1.0,734213.0,1.0,1825429.0,73057.0
2025-12-17T14:28:35.377603,2,13.795218078367066,1.916438039352558,0.09195191639196217,421.0,33.0,1.0,747249.0,1.0,1563309.0,67860.0
2025-12-17T14:28:35.477364,3,13.806902883322559,1.9180466975324233,0.0690944820052039,426.0,35.0,1.0,1061071.0,1.0,1991993.0,74228.0
2025-12-17T14:28:35.578446,5,13.81836438639913,1.9184702847871975,0.046273391937824954,421.0,33.0,1.0,829349.0,1.0,2416671.0,77646.0
2025-12-17T14:28:36.180708,0,13.83887816997353,1.9150638394511095,-0.0791664292523686,417.0,31.0,1.0,423611.0,1.0,1591604.0,76162.0
2025-12-17T14:28:36.279931,1,13.849882806276415,1.9132059331475677,-0.10252816338396446,426.0,35.0,1.0,745228.0,1.0,1785710.0,72539.0
2025-12-17T14:28:36.378851,2,13.860785791411015,1.9118929285862514,-0.12733109268947496,403.0,25.0,1.0,747755.0,1.0,1556973.0,69065.0
2025-12-17T14:28:36.479063,3,13.871541182805435,1.9093515767597662,-0.14340657451101613,417.0,31.0,1.0,1102064.0,1.0,1963212.0,74884.0
2025-12-17T14:28:36.578084,4,13.882735988559142,1.9075829796749293,-0.15874693884113078,422.0,34.0,1.0,1280764.0,1.0,2371298.0,88004.0
2025-12-17T14:28:36.679666,5,13.893766599904223,1.9047919164228109,-0.17508154415775404,419.0,32.0,1.0,812677.0,1.0,2407690.0,77751.0
2025-12-17T14:28:37.184428,0,13.908118001948438,1.8909321099206071,-0.25134565049628377,435.0,40.0,1.0,425767.0,1.0,1597000.0,74833.0
2025-12-17T14:28:37.278418,1,13.918828186237237,1.888213997677962,-0.2701539738819443,421.0,33.0,1.0,730742.0,1.0,1818030.0,72859.0
2025-12-17T14:28:37.379853,2,13.929735655546642,1.8854063942573909,-0.2909862675925138,420.0,33.0,1.0,728766.0,1.0,1554340.0,67929.0
2025-12-17T14:28:37.482335,4,13.939986002161795,1.8818567447755736,-0.3157046936807226,422.0,34.0,1.0,1287283.0,1.0,2331508.0,88004.0
2025-12-17T14:28:37.578254,5,13.950937900336257,1.877804309347523,-0.3446586584632032,424.0,35.0,1.0,828227.0,1.0,2427327.0,77383.0
2025-12-17T14:28:38.178067,0,13.975076845710479,1.8651316051504878,-0.47014115864667705,409.0,27.0,1.0,426200.0,1.0,1614390.0,76783.0
2025-12-17T14:28:38.279805,1,13.985387259895141,1.8598239734548478,-0.496737012210273,412.0,29.0,1.0,724340.0,1.0,1821726.0,73528.0
2025-12-17T14:28:38.379510,2,13.995514887876809,1.854390947806161,-0.5212555623759134,428.0,36.0,1.0,746743.0,1.0,1551187.0,67403.0
2025-12-17T14:28:38.478654,3,14.005971161178485,1.8495117738282492,-0.5419818693037375,412.0,29.0,1.0,1082472.0,1.0,2000099.0,75214.0
2025-12-17T14:28:38.580722,4,14.015390867540166,1.844837597190013,-0.5715987151345637,418.0,32.0,1.0,1263115.0,1.0,2372904.0,88362.0
2025-12-17T14:28:38.679376,5,14.017986583549408,1.8401091190192744,-0.5972983026403967,402.0,25.0,1.0,805285.0,1.0,2364887.0,79051.0
2025-12-17T14:28:39.181757,0,14.035845223676072,1.8102691652463143,-0.6828903451805368,432.0,38.0,1.0,431132.0,1.0,1619864.0,75036.0
2025-12-17T14:28:39.283366,1,14.04482855965255,1.8032755982984252,-0.7058995586852256,443.0,43.0,1.0,748261.0,1.0,1827284.0,71298.0
2025-12-17T14:28:39.377013,3,14.052816532856827,1.7958842444115888,-0.7287840577590712,407.0,27.0,1.0,1059994.0,1.0,1973204.0,75572.0
2025-12-17T14:28:39.479575,4,14.059019338498098,1.788537643999783,-0.7646052417411973,420.0,32.0,1.0,1265254.0,1.0,2376119.0,88243.0
2025-12-17T14:28:39.580116,5,14.063601096014096,1.7818144688214979,-0.7935068601885577,412.0,29.0,1.0,811303.0,1.0,2418307.0,78332.0
2025-12-17T14:28:40.178420,0,14.100035617644167,1.73952923472973,-0.8951097038054383,429.0,37.0,1.0,425911.0,1.0,1625355.0,75265.0
2025-12-17T14:28:40.280773,1,14.108168354107354,1.730691182058111,-0.9170035009891038,403.0,25.0,1.0,750290.0,1.0,1811275.0,74153.0
2025-12-17T14:28:40.377755,2,14.113676269477642,1.7222870960545258,-0.9383660632158536,433.0,38.0,1.0,742459.0,1.0,1553814.0,67107.0
2025-12-17T14:28:40.481027,3,14.119741787172172,1.7137950986085144,-0.959499308398058,424.0,35.0,1.0,1098340.0,1.0,1987279.0,74354.0
2025-12-17T14:28:40.577752,4,14.102205951366757,1.705328115203617,-0.9648802474706594,416.0,31.0,1.0,1273848.0,1.0,2410952.0,88512.0
2025-12-17T14:28:40.678140,5,14.104889926781166,1.6956399254688002,-0.9885281346578968,428.0,36.0,1.0,819028.0,1.0,2406876.0,77096.0
2025-12-17T14:28:41.179833,0,14.129644028829492,1.6574475696274593,-1.0823817692481303,417.0,31.0,1.0,426633.0,1.0,1628108.0,76136.0
2025-12-17T14:28:41.276876,1,14.129937104818296,1.6574968721831027,-1.0838464081560808,435.0,39.0,1.0,739951.0,1.0,1806988.0,71904.0
2025-12-17T14:28:41.382486,2,14.129937104818296,1.6574968721831027,-1.0838464081560808,429.0,37.0,1.0,744220.0,1.0,1557500.0,67357.0
2025-12-17T14:28:41.481449,3,14.129937104818296,1.6574968721831027,-1.0838464081560808,432.0,38.0,1.0,1063587.0,1.0,1942065.0,73827.0
2025-12-17T14:28:41.577848,4,14.136791174517136,1.657234753078452,-1.082859062115662,413.0,30.0,1.0,1287283.0,1.0,2368892.0,88782.0
2025-12-17T14:28:41.678707,5,14.143078359160763,1.655219186693019,-1.0887101562377277,421.0,33.0,1.0,811853.0,1.0,2427327.0,77646.0
2025-12-17T14:28:42.185030,0,14.166506759497379,1.6010008463563654,-1.194315112734533,432.0,38.0,1.0,430258.0,1.0,1611115.0,75036.0
2025-12-17T14:28:42.279290,1,14.172279987877129,1.5900751703313691,-1.2145953223160515,422.0,34.0,1.0,747249.0,1.0,1821110.0,72785.0
2025-12-17T14:28:42.385764,2,14.17633400889217,1.5799955484828043,-1.24132622633808,438.0,41.0,1.0,738949.0,1.0,1573927.0,66722.0
2025-12-17T14:28:42.476900,3,14.179878855388239,1.5696338069295912,-1.2645614781012553,426.0,35.0,1.0,1085407.0,1.0,1978554.0,74228.0
2025-12-17T14:28:42.578078,4,14.182749727520982,1.5589332075577857,-1.2835749208404492,414.0,30.0,1.0,1255443.0,1.0,2355301.0,88752.0
2025-12-17T14:28:42.678937,5,14.186025159277495,1.548582782402427,-1.3033565101461182,430.0,37.0,1.0,832724.0,1.0,2396309.0,76939.0
2025-12-17T14:28:43.182705,0,14.174093959205445,1.4783259590663338,-1.4080887792735488,405.0,26.0,1.0,430404.0,1.0,1609480.0,77070.0
2025-12-17T14:28:43.281691,1,14.172966895653289,1.4653036297032802,-1.4324804337880022,422.0,33.0,1.0,724585.0,1.0,1791157.0,72810.0
2025-12-17T14:28:43.378454,2,14.174148861387177,1.45370664893934,-1.4579223062893343,423.0,34.0,1.0,736951.0,1.0,1587301.0,67700.0
2025-12-17T14:28:43.479393,3,14.175666541107846,1.4421974112804499,-1.474754694159188,415.0,31.0,1.0,1085407.0,1.0,1977216.0,74986.0
2025-12-17T14:28:43.583759,4,14.177895275199797,1.4308565678981697,-1.488858767105579,414.0,30.0,1.0,1280331.0,1.0,2380143.0,88752.0
2025-12-17T14:28:43.681618,5,14.17811890666569,1.419724566268247,-1.4932805041828765,406.0,26.0,1.0,806103.0,1.0,2406876.0,78757.0
2025-12-17T14:28:44.179871,0,14.168297263206224,1.351963604320515,-1.485066756578748,428.0,36.0,1.0,435532.0,1.0,1639166.0,75367.0
2025-12-17T14:28:44.279630,1,14.169486214659464,1.340725628828018,-1.4853042880294367,416.0,31.0,1.0,737201.0,1.0,1808824.0,73230.0
2025-12-17T14:28:44.380784,2,14.16970648971608,1.329379721786701,-1.4837710255222214,429.0,37.0,1.0,737201.0,1.0,1560666.0,67357.0
2025-12-17T14:28:44.478369,3,14.170430678035276,1.3176228955659308,-1.484747769660615,402.0,24.0,1.0,1078814.0,1.0,1963877.0,76008.0
2025-12-17T14:28:44.580625,4,14.17161225783308,1.3067357065945444,-1.483517010059207,413.0,30.0,1.0,1257144.0,1.0,2344167.0,88782.0
2025-12-17T14:28:44.679813,5,14.1723779222988,1.2947366985893627,-1.4834987220742917,417.0,31.0,1.0,820415.0,1.0,2393877.0,77935.0
2025-12-17T14:28:45.177455,0,14.178554314162179,1.2363551248470923,-1.4837397146491245,417.0,31.0,1.0,434355.0,1.0,1647509.0,76162.0
2025-12-17T14:28:45.279464,1,14.179836252739413,1.2249302168523482,-1.4822569954762546,421.0,33.0,1.0,732971.0,1.0,1846556.0,72859.0
2025-12-17T14:28:45.383278,2,14.18008405011173,1.2135207430698962,-1.4832372390576873,418.0,32.0,1.0,747755.0,1.0,1571797.0,68067.0
2025-12-17T14:28:45.480830,3,14.181789504950537,1.20256895600712,-1.4842018959278143,426.0,35.0,1.0,1107673.0,1.0,1980564.0,74228.0
2025-12-17T14:28:45.582621,4,14.182615979171626,1.1917429105155453,-1.4804736398029479,402.0,25.0,1.0,1279032.0,1.0,2399555.0,89749.0
2025-12-17T14:28:45.680251,5,14.183274942206527,1.1796207186185352,-1.4831987656254815,405.0,26.0,1.0,819028.0,1.0,2437206.0,78891.0
2025-12-17T14:28:46.178929,0,14.187511531983953,1.122150883945265,-1.4837350296239047,426.0,35.0,1.0,427934.0,1.0,1651976.0,75495.0
2025-12-17T14:28:46.277456,1,14.188766658403793,1.1105638121889374,-1.4815263280402737,422.0,33.0,1.0,736204.0,1.0,1811275.0,72810.0
2025-12-17T14:28:46.380031,2,14.189419596450511,1.0984665127369624,-1.4817728051990324,429.0,37.0,1.0,745986.0,1.0,1575526.0,67334.0
2025-12-17T14:28:46.478988,3,14.190834441495612,1.0867302377513859,-1.483237305858066,424.0,35.0,1.0,1071899.0,1.0,1980564.0,74354.0
2025-12-17T14:28:46.579213,4,14.190907102175911,1.0701810705782755,-1.4828985480307961,425.0,35.0,1.0,1284237.0,1.0,2327565.0,87796.0
2025-12-17T14:28:46.679446,5,14.190718379598449,1.0420010661346648,-1.4819151939359847,415.0,30.0,1.0,806103.0,1.0,2399555.0,78067.0
2025-12-17T14:28:47.178730,0,14.196127780791825,0.9831697238134733,-1.480833842410811,417.0,31.0,1.0,433767.0,1.0,1590527.0,76136.0
2025-12-17T14:28:47.280628,1,14.196870232123429,0.9713477269371946,-1.4805938226542374,415.0,30.0,1.0,737450.0,1.0,1815571.0,73329.0
2025-12-17T14:28:47.378090,2,14.198443196876553,0.95949286372689,-1.4842938984691747,418.0,32.0,1.0,740201.0,1.0,1563309.0,68044.0
2025-12-17T14:28:47.481860,3,14.199316451729352,0.9482980333096727,-1.4828117046211953,418.0,32.0,1.0,1093148.0,1.0,1971202.0,74808.0
2025-12-17T14:28:47.581801,4,14.199835771281,0.9370012869915687,-1.4842936511819027,413.0,29.0,1.0,1242340.0,1.0,2375315.0,88842.0
2025-12-17T14:28:47.683481,5,14.201703287352542,0.9262609039005429,-1.4842848752400675,421.0,33.0,1.0,835830.0,1.0,2369694.0,77646.0
2025-12-17T14:28:48.179467,0,14.207487576059398,0.8674299518680275,-1.4805019093734304,416.0,31.0,1.0,435680.0,1.0,1630314.0,76265.0
2025-12-17T14:28:48.283634,1,14.20798207848131,0.8556097562741183,-1.481985193969485,416.0,31.0,1.0,731732.0,1.0,1822343.0,73230.0
2025-12-17T14:28:48.377483,2,14.209237926832866,0.8445278305334494,-1.4810019358793454,400.0,22.0,1.0,737201.0,1.0,1546469.0,69534.0
2025-12-17T14:28:48.478180,3,14.209886411627478,0.8327114517231777,-1.4787976785969839,425.0,35.0,1.0,1087981.0,1.0,1961220.0,74304.0
2025-12-17T14:28:48.578310,4,14.210833419378815,0.8214057046755112,-1.479786458669055,414.0,30.0,1.0,1263542.0,1.0,2376119.0,88752.0
2025-12-17T14:28:48.676693,5,14.211711387377125,0.8103810251128838,-1.4750896722370954,430.0,37.0,1.0,800394.0,1.0,2397120.0,76992.0
2025-12-17T14:28:49.180168,0,14.21281273671269,0.7501173406938175,-1.4703099359427254,423.0,34.0,1.0,436565.0,1.0,1641943.0,75725.0
2025-12-17T14:28:49.282145,2,14.195283717343875,0.725698896421342,-1.4670796071336143,419.0,32.0,1.0,747249.0,1.0,1534477.0,67975.0
2025-12-17T14:28:49.383924,3,14.19589822885866,0.7145626158505909,-1.46448061217978,404.0,25.0,1.0,1073715.0,1.0,1967869.0,75828.0
2025-12-17T14:28:49.483456,4,14.19654427662918,0.7031492483797894,-1.4674424795664656,423.0,34.0,1.0,1265682.0,1.0,2364887.0,87945.0
2025-12-17T14:28:49.578871,5,14.19809689083427,0.6916319149113299,-1.4713980116944794,429.0,37.0,1.0,833288.0,1.0,2380949.0,77070.0
2025-12-17T14:28:50.179317,1,14.205012171848526,0.622899978537772,-1.4691199209289396,423.0,34.0,1.0,740452.0,1.0,1838450.0,72711.0
2025-12-17T14:28:50.279843,2,14.206024398322091,0.6209503845251252,-1.4698654809924872,412.0,29.0,1.0,736453.0,1.0,1567547.0,68437.0
2025-12-17T14:28:50.378573,3,14.20614297752444,0.621201450422376,-1.470108733859697,429.0,37.0,1.0,1107673.0,1.0,1989971.0,73977.0
2025-12-17T14:28:50.478700,4,14.205987051612695,0.62132871890846,-1.4698522056835888,414.0,30.0,1.0,1247396.0,1.0,2368892.0,88752.0
2025-12-17T14:28:50.581797,5,14.205987051612695,0.62132871890846,-1.4698522056835888,429.0,37.0,1.0,816814.0,1.0,2398743.0,77070.0
2025-12-17T14:28:51.178097,0,14.20854970125399,0.5809704143492844,-1.4659064520451888,432.0,38.0,1.0,432594.0,1.0,1622607.0,75036.0
2025-12-17T14:28:51.277875,1,14.210658635119401,0.56683614842723,-1.4661563204430224,419.0,32.0,1.0,732228.0,1.0,1863508.0,73032.0
2025-12-17T14:28:51.379608,2,14.212424407095,0.5535857039802341,-1.4686323076217775,417.0,31.0,1.0,750290.0,1.0,1573394.0,68137.0
2025-12-17T14:28:51.480412,3,14.213959331695351,0.5418924943355901,-1.4678985346990552,417.0,31.0,1.0,1083205.0,1.0,1993341.0,74884.0
2025-12-17T14:28:51.578676,4,14.21534097735691,0.5311725690119928,-1.4708740810319367,438.0,41.0,1.0,1275573.0,1.0,2354504.0,86674.0
2025-12-17T14:28:51.677679,5,14.216994779092524,0.520965556495538,-1.4661844310169256,426.0,35.0,1.0,808562.0,1.0,2409321.0,77253.0
2025-12-17T14:28:52.180626,0,14.223568948498308,0.46353864480930973,-1.4651452745575408,425.0,35.0,1.0,431424.0,1.0,1637503.0,75597.0
2025-12-17T14:28:52.276803,1,14.224334579605568,0.45132238964920646,-1.4678778497298477,418.0,32.0,1.0,746743.0,1.0,1828521.0,73057.0
2025-12-17T14:28:52.377835,2,14.225849470178833,0.43983657739493864,-1.4667117747769116,415.0,30.0,1.0,738449.0,1.0,1578728.0,68252.0
2025-12-17T14:28:52.480648,3,14.220998005325292,0.4252082028170765,-1.4611662292142313,407.0,27.0,1.0,1100573.0,1.0,1983247.0,75597.0
2025-12-17T14:28:52.578631,4,14.219542817527932,0.4122506993436197,-1.461556603337639,415.0,30.0,1.0,1253320.0,1.0,2351319.0,88662.0
2025-12-17T14:28:52.682213,5,14.22152429885575,0.40083112995225,-1.4588392894866733,425.0,35.0,1.0,842933.0,1.0,2395498.0,77357.0
2025-12-17T14:28:53.181989,0,14.226687463629084,0.3422934450066055,-1.457611854868781,420.0,33.0,1.0,436270.0,1.0,1623706.0,75931.0
2025-12-17T14:28:53.278545,1,14.227711126595285,0.3305328116390083,-1.4640404703295833,423.0,34.0,1.0,734710.0,1.0,1834099.0,72736.0
2025-12-17T14:28:53.379771,2,14.229394246065878,0.31886705546920346,-1.4623165625498464,422.0,34.0,1.0,731732.0,1.0,1560137.0,67792.0
2025-12-17T14:28:53.484847,3,14.230298317370387,0.30745626898357514,-1.4645387190899852,422.0,34.0,1.0,1083205.0,1.0,1978554.0,74505.0
2025-12-17T14:28:53.580161,4,14.231260446056066,0.29713304301174936,-1.45981701180553,400.0,20.0,1.0,1261406.0,1.0,2373707.0,90665.0
2025-12-17T14:28:53.678026,5,14.232335233065113,0.28631640503828315,-1.459572164180096,408.0,27.0,1.0,800936.0,1.0,2424043.0,78598.0
2025-12-17T14:28:54.178294,0,14.239215448061742,0.22743494807229503,-1.4603043527588484,432.0,38.0,1.0,421466.0,1.0,1625906.0,75087.0
2025-12-17T14:28:54.277486,1,14.240718179756033,0.21630873135585382,-1.4603083262505863,435.0,39.0,1.0,743213.0,1.0,1842810.0,71904.0
2025-12-17T14:28:54.382478,2,14.241736142675757,0.20508628899672665,-1.4580904980784333,436.0,40.0,1.0,751052.0,1.0,1557500.0,66857.0
2025-12-17T14:28:54.481257,3,14.243088319658417,0.19297154557807694,-1.4635332776959806,412.0,29.0,1.0,1092779.0,1.0,1980564.0,75265.0
2025-12-17T14:28:54.580547,4,14.244434466885325,0.1813590840937529,-1.4615433026597922,421.0,33.0,1.0,1253320.0,1.0,2333086.0,88153.0
2025-12-17T14:28:55.180661,0,14.242422228685433,0.102404451078554,-1.4514587591144847,416.0,31.0,1.0,428224.0,1.0,1634734.0,76265.0
2025-12-17T14:28:55.279898,1,14.24403575295317,0.09093335402769753,-1.450748731681583,423.0,34.0,1.0,757690.0,1.0,1827284.0,72711.0
2025-12-17T14:28:55.379425,2,14.2454958737477,0.07891238158159553,-1.4507488822122512,413.0,29.0,1.0,735705.0,1.0,1580867.0,68391.0
2025-12-17T14:28:55.478949,3,14.246720206753507,0.06810100904909433,-1.4554088864258297,419.0,32.0,1.0,1115197.0,1.0,1989971.0,74758.0
2025-12-17T14:28:55.578130,4,14.247933719390986,0.056508964431357,-1.4521982091664005,414.0,30.0,1.0,1263970.0,1.0,2408505.0,88752.0
2025-12-17T14:28:55.683583,5,14.249259996004707,0.0449466548689994,-1.4549139807219809,422.0,33.0,1.0,819306.0,1.0,2406061.0,77593.0
2025-12-17T14:28:56.179009,0,14.256148399168552,-0.013970350841308488,-1.455029632247492,409.0,28.0,1.0,431863.0,1.0,1653095.0,76757.0
2025-12-17T14:28:56.276921,1,14.25807067700849,-0.025428247948539706,-1.4520853532613656,420.0,33.0,1.0,743213.0,1.0,1831618.0,72933.0
2025-12-17T14:28:56.381843,2,14.26007139420619,-0.03743645405084628,-1.4540564419021484,415.0,31.0,1.0,745733.0,1.0,1558554.0,68229.0
2025-12-17T14:28:56.480228,3,14.261602900460616,-0.0483716348164851,-1.4503698741742541,407.0,27.0,1.0,1089086.0,1.0,1954593.0,75623.0
2025-12-17T14:28:56.583005,4,14.26312035363723,-0.06050246417456684,-1.4516621322769712,427.0,36.0,1.0,1255443.0,1.0,2367289.0,87677.0
2025-12-17T14:28:56.680271,5,14.264528234498496,-0.0715404758271152,-1.4501864256579766,422.0,34.0,1.0,812677.0,1.0,2391448.0,77541.0
2025-12-17T14:28:57.178202,0,14.271087862845086,-0.12761500182839391,-1.4516574128150808,427.0,36.0,1.0,430987.0,1.0,1625906.0,75393.0
2025-12-17T14:28:57.278250,1,14.272673396483468,-0.13913746109072989,-1.4506791415865228,426.0,36.0,1.0,749275.0,1.0,1817415.0,72490.0
2025-12-17T14:28:57.379500,2,14.273993938492282,-0.15061972435048787,-1.453896426907486,437.0,40.0,1.0,747249.0,1.0,1579797.0,66812.0
2025-12-17T14:28:57.483916,3,14.275212434898581,-0.16201349006962573,-1.4496969949397804,420.0,33.0,1.0,1108423.0,1.0,1988625.0,74656.0
2025-12-17T14:28:57.580368,4,14.276815880507916,-0.17387136287190508,-1.4534113939061086,439.0,41.0,1.0,1246552.0,1.0,2320486.0,86645.0
2025-12-17T14:28:57.678462,5,14.279781011559415,-0.18420543293985858,-1.443168876286011,436.0,40.0,1.0,811303.0,1.0,2380949.0,76524.0
2025-12-17T14:28:58.180000,0,14.287862540261967,-0.2407842217326568,-1.438576714046087,435.0,40.0,1.0,431132.0,1.0,1640831.0,74808.0
2025-12-17T14:28:58.277826,1,14.28951633908591,-0.2528430170714291,-1.4398170920571216,426.0,36.0,1.0,739200.0,1.0,1842187.0,72490.0
2025-12-17T14:28:58.379846,2,14.291082101279796,-0.2637290858046377,-1.440052913185068,404.0,25.0,1.0,732475.0,1.0,1567547.0,68995.0
2025-12-17T14:28:58.477155,3,14.292976980437247,-0.27543893543463405,-1.4353343455641687,417.0,31.0,1.0,1098340.0,1.0,1991319.0,74884.0
2025-12-17T14:28:58.582669,4,14.29455054235392,-0.2868125782278348,-1.4350676763857895,432.0,38.0,1.0,1259699.0,1.0,2380143.0,87263.0
2025-12-17T14:28:58.680020,5,14.295403030641916,-0.2965853347341145,-1.4235141631886323,414.0,30.0,1.0,814054.0,1.0,2403619.0,78200.0
2025-12-17T14:28:59.181381,0,14.304413123909226,-0.35419742285058753,-1.3308825733217953,425.0,35.0,1.0,429967.0,1.0,1646952.0,75572.0
2025-12-17T14:28:59.278753,1,14.307465780161042,-0.3645183655340727,-1.3067912471201504,416.0,31.0,1.0,755642.0,1.0,1818030.0,73230.0
2025-12-17T14:28:59.380362,3,14.310085233079638,-0.37461006828569765,-1.278718152885323,417.0,31.0,1.0,1096855.0,1.0,1987279.0,74884.0
2025-12-17T14:28:59.481966,4,14.312460018905046,-0.3847715350781211,-1.251766119247875,415.0,30.0,1.0,1258421.0,1.0,2334666.0,88722.0
2025-12-17T14:28:59.581069,5,14.316671878066774,-0.3957744367884839,-1.2326645870745843,426.0,35.0,1.0,808015.0,1.0,2398743.0,77253.0
2025-12-17T14:29:00.179442,0,14.34669889733227,-0.4546281020346239,-1.0971245706523687,429.0,37.0,1.0,430549.0,1.0,1622607.0,75265.0
2025-12-17T14:29:00.277228,1,14.36852647184858,-0.44783677718192116,-1.0635659457908972,427.0,36.0,1.0,748515.0,1.0,1828521.0,72417.0
2025-12-17T14:29:00.378487,2,14.374933220421521,-0.4570786755378613,-1.04549963946557,423.0,34.0,1.0,739450.0,1.0,1550662.0,67746.0
2025-12-17T14:29:00.479608,4,14.381320554951426,-0.4666379366177331,-1.025292332986839,418.0,32.0,1.0,1250354.0,1.0,2375315.0,88422.0
2025-12-17T14:29:00.579957,5,14.386481039155855,-0.47645099791257906,-1.001045894056109,430.0,37.0,1.0,811303.0,1.0,2392257.0,76992.0
2025-12-17T14:29:01.178402,0,14.41727590072491,-0.5155677840825401,-0.8483365657268678,424.0,34.0,1.0,430695.0,1.0,1652535.0,75648.0
2025-12-17T14:29:01.278380,1,14.423219520479753,-0.5228891889494545,-0.8231143851997655,406.0,26.0,1.0,752070.0,1.0,1841563.0,73927.0
2025-12-17T14:29:01.379600,2,14.430358006247364,-0.5310411766621126,-0.8033760150612285,409.0,28.0,1.0,737450.0,1.0,1567547.0,68669.0
2025-12-17T14:29:01.485817,3,14.438400152789777,-0.539465246034565,-0.7813945609016076,422.0,34.0,1.0,1097226.0,1.0,1977885.0,74505.0
2025-12-17T14:29:01.581889,4,14.446951859418995,-0.5460261150071943,-0.7584237901474026,409.0,28.0,1.0,1272986.0,1.0,2365687.0,89204.0
2025-12-17T14:29:01.679479,5,14.45540013659128,-0.5536664362545025,-0.7377074696174584,420.0,33.0,1.0,816537.0,1.0,2364887.0,77698.0
2025-12-17T14:29:02.181352,0,14.47005912073734,-0.5847081978332334,-0.612398327073901,416.0,31.0,1.0,434649.0,1.0,1631970.0,76214.0
2025-12-17T14:29:02.277909,1,14.458884776089352,-0.5875275026705022,-0.5780688581737414,425.0,35.0,1.0,746996.0,1.0,1827284.0,72588.0
2025-12-17T14:29:02.383715,2,14.467867702226844,-0.5927387424611936,-0.5485292616712861,427.0,36.0,1.0,753089.0,1.0,1573927.0,67448.0
2025-12-17T14:29:02.485826,3,14.475494073726408,-0.5992287162420276,-0.522089067282276,419.0,32.0,1.0,1069001.0,1.0,1981905.0,74758.0
2025-12-17T14:29:02.580022,4,14.48288438907416,-0.6046842017780278,-0.5070876791265323,410.0,28.0,1.0,1249931.0,1.0,2356099.0,89113.0
2025-12-17T14:29:02.678277,5,14.483432271304881,-0.6048896027020998,-0.5050746790256334,408.0,27.0,1.0,816814.0,1.0,2401180.0,78624.0
2025-12-17T14:29:03.180705,0,14.493854457457342,-0.6037720665757913,-0.48752147430950205,427.0,36.0,1.0,433327.0,1.0,1615484.0,75418.0
2025-12-17T14:29:03.276375,1,14.515134229409231,-0.5969496012162789,-0.4526735678705685,430.0,37.0,1.0,741204.0,1.0,1852190.0,72221.0
2025-12-17T14:29:03.378311,2,14.528533525704006,-0.601547497923864,-0.43093335240743463,404.0,25.0,1.0,747249.0,1.0,1550137.0,69019.0
2025-12-17T14:29:03.480370,3,14.542525329135625,-0.6071139332291509,-0.4061959297989971,414.0,30.0,1.0,1081739.0,1.0,1961884.0,75087.0
2025-12-17T14:29:03.584497,4,14.554747990554466,-0.6118471822677503,-0.3845031614798238,427.0,36.0,1.0,1240659.0,1.0,2352115.0,87677.0
2025-12-17T14:29:03.680765,5,14.565855080744244,-0.6158718922504391,-0.36766395973468435,424.0,35.0,1.0,825988.0,1.0,2396309.0,77383.0
2025-12-17T14:29:04.183461,0,14.616427438715167,-0.6324498579356383,-0.2500414822801152,423.0,34.0,1.0,427211.0,1.0,1644723.0,75725.0
2025-12-17T14:29:04.280671,1,14.627211011423292,-0.63531221355918,-0.22876448226180188,412.0,29.0,1.0,738200.0,1.0,1829140.0,73503.0
2025-12-17T14:29:04.383539,2,14.638528766552234,-0.6379198596823095,-0.2093043586338611,428.0,36.0,1.0,744976.0,1.0,1563309.0,67403.0
2025-12-17T14:29:04.477799,3,14.649916533728282,-0.6396730099645218,-0.1890460036985598,411.0,28.0,1.0,1087981.0,1.0,1974541.0,75342.0
2025-12-17T14:29:04.581319,4,14.661351368162865,-0.6410440753386837,-0.16551084121357273,417.0,31.0,1.0,1240659.0,1.0,2360888.0,88482.0
2025-12-17T14:29:04.677756,5,14.673050701733581,-0.6425247005695862,-0.14279280487044752,421.0,33.0,1.0,808562.0,1.0,2401180.0,77672.0
2025-12-17T14:29:05.178679,0,14.754557771103963,-0.6250173895136832,-0.0004723071294481676,429.0,37.0,1.0,434355.0,1.0,1627007.0,75240.0
2025-12-17T14:29:05.275470,1,14.765331996530092,-0.6237879792380152,0.025295684996493765,425.0,35.0,1.0,743968.0,1.0,1799055.0,72588.0
2025-12-17T14:29:05.376773,2,14.776941894977792,-0.6234978126390374,0.04753321971579729,424.0,34.0,1.0,738449.0,1.0,1562780.0,67700.0
2025-12-17T14:29:05.479023,3,14.788681442015534,-0.6237073432317839,0.06830651722140199,417.0,31.0,1.0,1079910.0,1.0,1959893.0,74884.0
2025-12-17T14:29:05.581681,5,14.800139739313263,-0.6224131386992795,0.09023764420286198,416.0,31.0,1.0,799852.0,1.0,2395498.0,78015.0
2025-12-17T14:29:06.179930,0,14.877364057730249,-0.6066039489818511,0.22347972240705247,425.0,35.0,1.0,429530.0,1.0,1625906.0,75572.0
2025-12-17T14:29:06.278326,1,14.888755308292566,-0.6052536722706812,0.2470238127283616,415.0,30.0,1.0,749275.0,1.0,1821726.0,73280.0
2025-12-17T14:29:06.377918,2,14.899674276422305,-0.6037674569816875,0.2756934374253267,423.0,34.0,1.0,743213.0,1.0,1580867.0,67723.0
2025-12-17T14:29:06.479031,3,14.910453535646793,-0.6016971817243864,0.3008995744052936,415.0,30.0,1.0,1099456.0,1.0,1986606.0,75036.0
2025-12-17T14:29:06.579428,4,14.920857656418042,-0.5984952248400273,0.32008978888664497,402.0,24.0,1.0,1223562.0,1.0,2383368.0,89840.0
2025-12-17T14:29:06.678877,5,14.923324693051118,-0.5906238596329167,0.3374050552406589,422.0,33.0,1.0,815433.0,1.0,2368090.0,77593.0
2025-12-17T14:29:07.177930,0,14.949028252555777,-0.5636540850148233,0.43101540212135486,400.0,22.0,1.0,431132.0,1.0,1654214.0,77777.0
2025-12-17T14:29:07.283406,2,14.949326795722907,-0.5632627019455114,0.4288145732268306,426.0,35.0,1.0,754619.0,1.0,1552237.0,67562.0
2025-12-17T14:29:07.383486,3,14.949326795722907,-0.5632627019455114,0.4288145732268306,430.0,37.0,1.0,1086509.0,1.0,1982576.0,73927.0
2025-12-17T14:29:07.481207,4,14.949626931822797,-0.5632304448228904,0.4293104586765753,432.0,38.0,1.0,1265682.0,1.0,2343374.0,87263.0
2025-12-17T14:29:07.578785,5,14.949166082557632,-0.5605945328565873,0.44293145154171437,425.0,35.0,1.0,811029.0,1.0,2394687.0,77305.0
2025-12-17T14:29:08.179951,0,14.99515442300668,-0.5208960870590289,0.5952317484606041,443.0,43.0,1.0,433327.0,1.0,1613844.0,74253.0
2025-12-17T14:29:08.277817,1,15.003991974359014,-0.5150540672686965,0.6160467858457513,412.0,29.0,1.0,749782.0,1.0,1825429.0,73528.0
2025-12-17T14:29:08.379463,2,15.012213201852374,-0.5085629295861498,0.6372889723305535,414.0,30.0,1.0,739951.0,1.0,1578194.0,68321.0
2025-12-17T14:29:08.477544,3,15.0211578979905,-0.5024902023988762,0.6563164352822884,417.0,31.0,1.0,1105052.0,1.0,1995366.0,74884.0
2025-12-17T14:29:08.578294,4,15.02987924192726,-0.4951197967259233,0.6773794023027407,400.0,21.0,1.0,1257569.0,1.0,2361687.0,90450.0
2025-12-17T14:29:08.680854,5,15.039977355321838,-0.48418882438285316,0.7039932396104197,433.0,39.0,1.0,830192.0,1.0,2422403.0,76705.0
2025-12-17T14:29:09.181219,1,15.08348888875788,-0.43606478374726976,0.8278066023245724,423.0,34.0,1.0,749275.0,1.0,1838450.0,72711.0
2025-12-17T14:29:09.283469,2,15.090311546555395,-0.42695665374596814,0.8520568447864276,400.0,23.0,1.0,729754.0,1.0,1570202.0,69346.0
2025-12-17T14:29:09.379952,3,15.097782064493973,-0.4186548576361062,0.8725392546614246,423.0,34.0,1.0,1091300.0,1.0,2002809.0,74455.0
2025-12-17T14:29:09.477514,4,15.105738894338886,-0.4109298063793343,0.8911394587011986,421.0,33.0,1.0,1257995.0,1.0,2365687.0,88153.0
2025-12-17T14:29:09.582842,5,15.112803281188631,-0.40191777993906364,0.9119594514384269,408.0,27.0,1.0,803923.0,1.0,2394687.0,78624.0
2025-12-17T14:29:10.178406,0,15.170155595375519,-0.33039944897889484,1.0562970834940022,423.0,34.0,1.0,419900.0,1.0,1626456.0,75751.0
2025-12-17T14:29:10.279964,1,15.17617640247422,-0.32227358041131104,1.0865302489044082,422.0,33.0,1.0,738200.0,1.0,1845931.0,72834.0
2025-12-17T14:29:10.378883,2,15.182145733157608,-0.31336906409836196,1.1112197237636237,415.0,30.0,1.0,750798.0,1.0,1541244.0,68298.0
2025-12-17T14:29:10.477512,3,15.187050898969222,-0.30326602889008214,1.1309963095526723,417.0,31.0,1.0,1083938.0,1.0,1975209.0,74910.0
2025-12-17T14:29:10.581735,4,15.191550015621376,-0.2915362852643799,1.1472835872250022,419.0,32.0,1.0,1264826.0,1.0,2337829.0,88362.0
2025-12-17T14:29:10.679959,5,15.195826461522273,-0.28019525480355867,1.1729956329493296,437.0,40.0,1.0,816814.0,1.0,2384174.0,76472.0
2025-12-17T14:29:11.178730,0,15.195176943262197,-0.21191948335199662,1.3023972068330563,421.0,33.0,1.0,435238.0,1.0,1630314.0,75879.0
2025-12-17T14:29:11.278569,1,15.198021844361673,-0.20050260466397063,1.3230911468312672,428.0,36.0,1.0,740702.0,1.0,1837827.0,72368.0
2025-12-17T14:29:11.383428,2,15.20014022799787,-0.1893124971827742,1.3431117223426432,417.0,31.0,1.0,750290.0,1.0,1588913.0,68160.0
2025-12-17T14:29:11.479600,3,15.20164104004371,-0.1800361796408474,1.3642907038755412,423.0,34.0,1.0,1085774.0,1.0,2004165.0,74480.0
2025-12-17T14:29:11.583456,4,15.201123591527313,-0.1792475503321942,1.3687579017256577,401.0,24.0,1.0,1276869.0,1.0,2384174.0,89901.0
2025-12-17T14:29:11.677527,5,15.20404333910488,-0.17486515774500155,1.3751685598518895,428.0,36.0,1.0,832161.0,1.0,2377728.0,77096.0
2025-12-17T14:29:12.181687,0,15.210316886678859,-0.09283311280774775,1.4011773004101067,420.0,33.0,1.0,428514.0,1.0,1644723.0,75931.0
2025-12-17T14:29:12.280550,1,15.212136343503792,-0.08199890485581385,1.397485463133489,419.0,32.0,1.0,741957.0,1.0,1854699.0,73032.0
2025-12-17T14:29:12.380124,2,15.214187299230277,-0.07239998285143301,1.4043800480036288,423.0,34.0,1.0,754364.0,1.0,1564367.0,67723.0
2025-12-17T14:29:12.478375,3,15.216231934265553,-0.06204027278390711,1.4029208323337963,427.0,36.0,1.0,1077719.0,1.0,1987279.0,74178.0
2025-12-17T14:29:12.577545,4,15.218155098561539,-0.05075805224256058,1.4004647095679827,412.0,29.0,1.0,1268684.0,1.0,2377728.0,88963.0
2025-12-17T14:29:12.679669,5,15.220457800576593,-0.03894838340272422,1.403415091008863,425.0,35.0,1.0,814054.0,1.0,2415853.0,77305.0
2025-12-17T14:29:13.182200,0,15.2301216546875,0.019666560156029078,1.397501626240687,414.0,30.0,1.0,430112.0,1.0,1623706.0,76369.0
2025-12-17T14:29:13.278768,1,15.232206288393948,0.030913215410199868,1.392548709566303,432.0,38.0,1.0,754875.0,1.0,1829759.0,72074.0
2025-12-17T14:29:13.380473,2,15.234308123090534,0.042422919215411525,1.3977597990713093,434.0,39.0,1.0,748515.0,1.0,1578728.0,67016.0
2025-12-17T14:29:13.479606,3,15.235983407542465,0.05419906486118009,1.3967607667425874,410.0,28.0,1.0,1077355.0,1.0,1989298.0,75393.0
2025-12-17T14:29:13.579184,4,15.23830824765101,0.06549325882606283,1.3984830461875268,400.0,21.0,1.0,1253320.0,1.0,2326778.0,90573.0
2025-12-17T14:29:13.680247,5,15.240040610222175,0.07684557018691862,1.3977473294577623,426.0,36.0,1.0,818474.0,1.0,2419945.0,77226.0
2025-12-17T14:29:14.179415,0,15.216007870984246,0.1501591598347609,1.4173250025082103,423.0,34.0,1.0,430258.0,1.0,1597000.0,75700.0
2025-12-17T14:29:14.280537,1,15.218462230741086,0.16113101220041237,1.420271831407265,426.0,36.0,1.0,744220.0,1.0,1831618.0,72490.0
2025-12-17T14:29:14.379451,2,15.220368623159711,0.17157666868831178,1.4220122185498594,420.0,33.0,1.0,750036.0,1.0,1572862.0,67929.0
2025-12-17T14:29:14.481015,3,15.222102994779968,0.18336894590914454,1.4178450863280876,403.0,25.0,1.0,1094259.0,1.0,1993341.0,75905.0
2025-12-17T14:29:14.579179,4,15.223785938318397,0.1946023446006766,1.4200537905655541,433.0,39.0,1.0,1278599.0,1.0,2412585.0,87174.0
2025-12-17T14:29:14.677351,5,15.225564143457303,0.2060554415057112,1.4208164640774328,400.0,21.0,1.0,805285.0,1.0,2364086.0,79777.0
2025-12-17T14:29:15.179869,0,15.232884070337835,0.26404035832444883,1.415155424810143,413.0,30.0,1.0,424042.0,1.0,1644723.0,76420.0
2025-12-17T14:29:15.278460,1,15.234470241397077,0.27507881254974187,1.4158858949834578,423.0,34.0,1.0,740702.0,1.0,1832858.0,72736.0
2025-12-17T14:29:15.380347,2,15.23620484374246,0.2868236428366746,1.4153928719153588,425.0,35.0,1.0,742459.0,1.0,1565427.0,67631.0
2025-12-17T14:29:15.480871,3,15.237882893561585,0.2989681495117473,1.412182384379586,419.0,32.0,1.0,1087613.0,1.0,1996042.0,74758.0
2025-12-17T14:29:15.581422,4,15.239422427535134,0.3098134736040361,1.4144350366815401,415.0,30.0,1.0,1269973.0,1.0,2368892.0,88722.0
2025-12-17T14:29:15.681609,5,15.238505955556285,0.3122283393317744,1.4097600381305886,416.0,31.0,1.0,811029.0,1.0,2406061.0,77988.0
2025-12-17T14:29:16.183465,0,15.241843253008884,0.319278309312244,1.4141944790222087,433.0,39.0,1.0,430112.0,1.0,1614937.0,74960.0
2025-12-17T14:29:16.280403,1,15.230401029118651,0.3403525450585363,1.42950800628098,438.0,41.0,1.0,750544.0,1.0,1816800.0,71709.0
2025-12-17T14:29:16.377443,2,15.213984212934072,0.3662701448244299,1.4468340308453513,423.0,34.0,1.0,745228.0,1.0,1568609.0,67723.0
2025-12-17T14:29:16.478745,3,15.2152767126625,0.38150053129511363,1.444625918205316,419.0,32.0,1.0,1096483.0,1.0,1973872.0,74732.0
2025-12-17T14:29:16.579540,4,15.216282772365902,0.3951628329365704,1.4443814952120868,400.0,22.0,1.0,1249931.0,1.0,2382561.0,90267.0
2025-12-17T14:29:17.180276,0,15.224806131284716,0.46071635341728623,1.4497305128335276,419.0,32.0,1.0,432155.0,1.0,1640831.0,76008.0
2025-12-17T14:29:17.277777,1,15.226362646558137,0.47236661121283063,1.4494826295771845,425.0,35.0,1.0,734710.0,1.0,1833479.0,72613.0
2025-12-17T14:29:17.380239,2,15.227560653145595,0.4836403008470036,1.4470068592521754,420.0,33.0,1.0,751815.0,1.0,1555919.0,67929.0
2025-12-17T14:29:17.478974,3,15.229517892015139,0.49534313316220135,1.4516947617377784,421.0,33.0,1.0,1079179.0,1.0,1957904.0,74606.0
2025-12-17T14:29:17.583673,4,15.230707565225089,0.5071944867054121,1.4484896122228113,434.0,39.0,1.0,1287719.0,1.0,2351319.0,87115.0
2025-12-17T14:29:17.683690,5,15.232080504581374,0.5191334169042001,1.4489866910859428,419.0,32.0,1.0,830754.0,1.0,2401180.0,77804.0
2025-12-17T14:29:18.180556,0,15.239902699182851,0.5758074678977287,1.4450405940534383,417.0,31.0,1.0,428369.0,1.0,1633628.0,76188.0
2025-12-17T14:29:18.277086,1,15.241252721500086,0.5876731643928661,1.445770056895233,414.0,30.0,1.0,744976.0,1.0,1861617.0,73354.0
2025-12-17T14:29:18.382942,3,15.24246071482303,0.5994888325782792,1.4452954428063958,428.0,36.0,1.0,1096855.0,1.0,1986606.0,74052.0
2025-12-17T14:29:18.483179,4,15.243947174163246,0.6113525971482776,1.445273582463894,400.0,22.0,1.0,1242760.0,1.0,2337038.0,90267.0
2025-12-17T14:29:18.581106,5,15.24507953502179,0.622838045563741,1.4430723472328608,417.0,31.0,1.0,806376.0,1.0,2441334.0,77935.0
2025-12-17T14:29:19.177904,0,15.251158911378752,0.6990900739802886,1.4887004704772786,435.0,40.0,1.0,432741.0,1.0,1633075.0,74833.0
2025-12-17T14:29:19.280095,1,15.25153048476642,0.710406356393742,1.4862369043358785,422.0,33.0,1.0,742208.0,1.0,1828521.0,72834.0
2025-12-17T14:29:19.378813,2,15.252509409439893,0.7215983143551465,1.4899211327864164,416.0,31.0,1.0,742962.0,1.0,1584617.0,68206.0
2025-12-17T14:29:19.479466,3,15.25255786016911,0.7333560468013207,1.488096476657588,419.0,32.0,1.0,1092039.0,1.0,1972537.0,74758.0
2025-12-17T14:29:19.580429,4,15.253619253920293,0.7449081730675733,1.488594875284112,423.0,34.0,1.0,1272986.0,1.0,2372904.0,88034.0
2025-12-17T14:29:19.679958,5,15.254875961338852,0.7567422780748156,1.4891120275583376,413.0,29.0,1.0,834700.0,1.0,2415853.0,78253.0
2025-12-17T14:29:20.177941,0,15.260288728407348,0.8139990410615336,1.4851483619944554,426.0,36.0,1.0,429530.0,1.0,1622607.0,75469.0
2025-12-17T14:29:20.281422,1,15.261045625989528,0.8254060755118733,1.4829361400013379,423.0,34.0,1.0,744724.0,1.0,1849058.0,72736.0
2025-12-17T14:29:20.379523,2,15.262249706020688,0.837228992709198,1.4868742074680756,421.0,33.0,1.0,739700.0,1.0,1565427.0,67860.0
2025-12-17T14:29:20.480602,3,15.263070848325786,0.848557138008454,1.48270699849422,416.0,31.0,1.0,1074805.0,1.0,1982576.0,74960.0
2025-12-17T14:29:20.577746,4,15.264343618028418,0.8603933131993191,1.484936326852281,420.0,33.0,1.0,1263542.0,1.0,2346549.0,88243.0
2025-12-17T14:29:20.681573,5,15.26490208824577,0.8722421842212871,1.4795197491315035,428.0,36.0,1.0,809384.0,1.0,2408505.0,77122.0
2025-12-17T14:29:21.179174,0,15.277151495260368,0.9321574687973602,1.4865191072264927,412.0,29.0,1.0,425911.0,1.0,1633628.0,76498.0
2025-12-17T14:29:21.280339,1,15.292496055892837,0.9458512734744282,1.510564421505513,433.0,38.0,1.0,740452.0,1.0,1832238.0,72050.0
2025-12-17T14:29:21.381357,2,15.293068626628624,0.9577734192594285,1.5108232097073324,426.0,36.0,1.0,741957.0,1.0,1550137.0,67517.0
2025-12-17T14:29:21.479520,3,15.29331798169453,0.9690002294797022,1.510616926289425,400.0,22.0,1.0,1067916.0,1.0,2007560.0,76498.0
2025-12-17T14:29:21.579492,4,15.294081799733902,0.9803167028395077,1.5121066339874307,420.0,32.0,1.0,1266111.0,1.0,2384174.0,88303.0
2025-12-17T14:29:21.677484,5,15.294423282303034,0.991530873701139,1.50837984526553,422.0,33.0,1.0,813778.0,1.0,2413401.0,77593.0
2025-12-17T14:29:22.178498,0,15.29738539656287,1.0498879710842743,1.5113531064860137,411.0,29.0,1.0,424472.0,1.0,1651976.0,76602.0
2025-12-17T14:29:22.278198,1,15.298368698221914,1.0611218200177603,1.5125702368216678,428.0,36.0,1.0,725567.0,1.0,1856583.0,72392.0
2025-12-17T14:29:22.376917,2,15.298774563721155,1.072726699999789,1.5081131146152058,435.0,40.0,1.0,746996.0,1.0,1572862.0,66948.0
2025-12-17T14:29:22.477350,3,15.29964683590719,1.0842747568617792,1.510858062311611,434.0,39.0,1.0,1071174.0,1.0,1965207.0,73628.0
2025-12-17T14:29:22.581531,4,15.300233174624228,1.096616896453524,1.5111060810248926,412.0,29.0,1.0,1279032.0,1.0,2383368.0,88963.0
2025-12-17T14:29:22.680226,5,15.300876321795677,1.108210665440657,1.5092627362659892,428.0,36.0,1.0,829911.0,1.0,2393877.0,77122.0
2025-12-17T14:29:23.181020,0,15.305911456430911,1.1658300502883296,1.5130484521213337,423.0,34.0,1.0,431717.0,1.0,1637503.0,75751.0
2025-12-17T14:29:23.281331,1,15.306815509446576,1.1767508160596627,1.5145430473375303,426.0,36.0,1.0,746743.0,1.0,1816185.0,72490.0
2025-12-17T14:29:23.385991,2,15.30844743286203,1.187706576101803,1.5162220651958411,422.0,34.0,1.0,754109.0,1.0,1551187.0,67792.0
2025-12-17T14:29:23.480137,4,15.311622469091757,1.194495992482878,1.5341118949555026,422.0,34.0,1.0,1272986.0,1.0,2372904.0,88064.0
2025-12-17T14:29:23.579278,5,15.311916395598958,1.2060544928166426,1.5309024406041427,432.0,38.0,1.0,814605.0,1.0,2419945.0,76809.0
2025-12-17T14:29:24.178933,0,15.314672142148245,1.2741450079580456,1.5308818664104524,423.0,34.0,1.0,427645.0,1.0,1629762.0,75751.0
2025-12-17T14:29:24.282483,1,15.3150873482287,1.2859884695907482,1.5296869730337244,416.0,31.0,1.0,761032.0,1.0,1850310.0,73230.0
2025-12-17T14:29:24.383056,2,15.315313696869877,1.2968117194902185,1.5274763631898165,436.0,40.0,1.0,740201.0,1.0,1569671.0,66880.0
2025-12-17T14:29:24.482597,3,15.316284605731,1.3077471367639877,1.5306547092096978,409.0,28.0,1.0,1089824.0,1.0,1971869.0,75495.0
2025-12-17T14:29:24.579633,4,15.316710082056902,1.3187961509021786,1.522518404212739,419.0,32.0,1.0,1273848.0,1.0,2371298.0,88362.0
2025-12-17T14:29:24.677793,5,15.317080163445555,1.3309506009176548,1.521751905417028,415.0,30.0,1.0,841507.0,1.0,2452929.0,78094.0
2025-12-17T14:29:25.179859,0,15.319603517725712,1.3888984437678058,1.5222749307622956,427.0,36.0,1.0,419900.0,1.0,1614390.0,75393.0
2025-12-17T14:29:25.279723,1,15.319978831860984,1.40057404596174,1.520763872729312,426.0,35.0,1.0,729507.0,1.0,1824194.0,72515.0
2025-12-17T14:29:25.377693,2,15.320878558648928,1.4116490728398823,1.5215162977631524,422.0,33.0,1.0,721404.0,1.0,1584617.0,67814.0
2025-12-17T14:29:25.477959,3,15.321124320608636,1.4235772586562785,1.5227468369768025,411.0,29.0,1.0,1082472.0,1.0,1991993.0,75291.0
2025-12-17T14:29:25.578112,4,15.32302237249047,1.432910815618765,1.5228608455250192,413.0,29.0,1.0,1269543.0,1.0,2354504.0,88872.0
2025-12-17T14:29:25.682721,5,15.328143601390913,1.4373834016923368,1.5306092901405375,424.0,35.0,1.0,821249.0,1.0,2404433.0,77383.0
2025-12-17T14:29:26.180257,0,15.334376101493353,1.4930211967791056,1.4275121621994225,408.0,27.0,1.0,433180.0,1.0,1623706.0,76835.0
2025-12-17T14:29:26.281278,2,15.33658631450745,1.5040419942837158,1.4016614073435982,428.0,36.0,1.0,772711.0,1.0,1530328.0,67425.0
2025-12-17T14:29:26.384408,3,15.338295081349642,1.515437612998955,1.3830541791077098,417.0,31.0,1.0,1078814.0,1.0,1971202.0,74859.0
2025-12-17T14:29:26.479638,4,15.339916139534399,1.526933930390305,1.361982598606665,434.0,39.0,1.0,1284237.0,1.0,2413401.0,87115.0
2025-12-17T14:29:26.578477,5,15.342958327413534,1.5372100176282295,1.3391834449179378,426.0,35.0,1.0,821249.0,1.0,2435556.0,77253.0
2025-12-17T14:29:27.181112,0,15.362989488067283,1.601644512533074,1.198471941671447,419.0,32.0,1.0,425479.0,1.0,1643611.0,76008.0
2025-12-17T14:29:27.279949,1,15.366592484506384,1.612003518487338,1.181132359041023,444.0,44.0,1.0,749529.0,1.0,1819261.0,71274.0
2025-12-17T14:29:27.377807,2,15.370746634065435,1.6217770619408647,1.1547165030961775,428.0,36.0,1.0,742208.0,1.0,1571797.0,67403.0
2025-12-17T14:29:27.478185,3,15.375649547726542,1.6317002403136431,1.1319500999806102,410.0,28.0,1.0,1100946.0,1.0,1970535.0,75367.0
2025-12-17T14:29:27.584280,4,15.414735959822618,1.6398765102437132,1.110429863796236,412.0,29.0,1.0,1286847.0,1.0,2346549.0,88932.0
2025-12-17T14:29:27.682530,5,15.433012486449709,1.6496989755194829,1.0943302414891625,416.0,31.0,1.0,828508.0,1.0,2422403.0,77988.0
2025-12-17T14:29:28.184595,1,15.462822076219767,1.6997546019705077,0.9824003554184154,429.0,37.0,1.0,741204.0,1.0,1826665.0,72294.0
2025-12-17T14:29:28.280284,2,15.469666312846854,1.7081403809105513,0.9571161934663198,427.0,36.0,1.0,754619.0,1.0,1563309.0,67448.0
2025-12-17T14:29:28.379174,3,15.476145769993087,1.717170812165719,0.9373017051944319,419.0,32.0,1.0,1081007.0,1.0,1974541.0,74707.0
2025-12-17T14:29:28.480550,4,15.497339225790988,1.7283364421428757,0.9233503378197783,428.0,36.0,1.0,1280764.0,1.0,2339412.0,87588.0
2025-12-17T14:29:28.578185,5,15.512597596506971,1.7378711022622433,0.9030703118244506,400.0,21.0,1.0,820415.0,1.0,2426506.0,79777.0
2025-12-17T14:29:29.178172,0,15.557758376574663,1.7872863842777207,0.7672424692256817,435.0,40.0,1.0,427355.0,1.0,1623706.0,74833.0
2025-12-17T14:29:29.278124,1,15.564951108714016,1.796034219522003,0.7482751816505253,427.0,36.0,1.0,749021.0,1.0,1829759.0,72441.0
2025-12-17T14:29:29.377399,2,15.600899410891177,1.7999032692553225,0.7161208884438025,431.0,38.0,1.0,750290.0,1.0,1584617.0,67198.0
2025-12-17T14:29:29.482384,3,15.631389292375099,1.8039285251322212,0.6877269483788286,418.0,32.0,1.0,1090193.0,1.0,2003487.0,74808.0
2025-12-17T14:29:29.579615,4,15.640062928209677,1.8111229631217327,0.6662122494656658,419.0,32.0,1.0,1276869.0,1.0,2371298.0,88392.0
2025-12-17T14:29:29.680951,5,15.648744279625339,1.8184583759108062,0.64704391745062,410.0,28.0,1.0,844932.0,1.0,2427327.0,78465.0
2025-12-17T14:29:30.184238,0,15.693694324933118,1.8499553301533602,0.5339897825113068,445.0,44.0,1.0,431132.0,1.0,1623706.0,74153.0
2025-12-17T14:29:30.278375,1,15.713099637061307,1.8534116445270055,0.5120107907113081,421.0,33.0,1.0,742962.0,1.0,1851563.0,72859.0
2025-12-17T14:29:30.378221,2,15.729762594789946,1.8567001386368052,0.4905647883304329,425.0,35.0,1.0,747249.0,1.0,1566487.0,67608.0
2025-12-17T14:29:30.480910,3,15.7391481043697,1.8621434715900502,0.46887116231524373,429.0,37.0,1.0,1088718.0,1.0,1993341.0,74002.0
2025-12-17T14:29:30.582632,4,15.74914426078774,1.868135162693747,0.44742214825287546,424.0,34.0,1.0,1285106.0,1.0,2364887.0,87974.0
2025-12-17T14:29:30.681932,5,15.75917107564114,1.8720828616257226,0.4197318778767223,410.0,28.0,1.0,819860.0,1.0,2419126.0,78491.0
2025-12-17T14:29:31.181285,0,15.81802941541431,1.8864762576472849,0.28837446980606307,426.0,35.0,1.0,429967.0,1.0,1630314.0,75520.0
2025-12-17T14:29:31.276711,1,15.836612002463628,1.8853055112996806,0.2608491339812963,434.0,39.0,1.0,737201.0,1.0,1816185.0,71977.0
2025-12-17T14:29:31.378950,2,15.84795224978867,1.888936624677342,0.24354093393551776,420.0,33.0,1.0,746491.0,1.0,1560666.0,67906.0
2025-12-17T14:29:31.479924,3,15.859431955465967,1.8922469821273964,0.2200557717917264,439.0,41.0,1.0,1093148.0,1.0,1983247.0,73329.0
2025-12-17T14:29:31.582222,4,15.870820055954482,1.8944883861751531,0.19720672881478143,413.0,29.0,1.0,1274710.0,1.0,2386596.0,88872.0
2025-12-17T14:29:31.677092,5,15.88262704510489,1.8977180938489386,0.17295789760805125,419.0,32.0,1.0,816261.0,1.0,2426506.0,77804.0
2025-12-17T14:29:32.176631,0,15.918995509947743,1.9019959215818805,0.058802670542220034,421.0,33.0,1.0,427211.0,1.0,1627007.0,75828.0
2025-12-17T14:29:32.277047,1,15.930081196489626,1.9022029186575349,0.034370913711761424,422.0,33.0,1.0,741706.0,1.0,1814342.0,72834.0
2025-12-17T14:29:32.379867,2,15.941471130505535,1.9016092146024057,0.011389955603216909,424.0,35.0,1.0,741706.0,1.0,1571797.0,67654.0
2025-12-17T14:29:32.480700,3,15.952242984074767,1.9015032107715424,-0.008582430073805943,422.0,34.0,1.0,1108048.0,1.0,1984590.0,74505.0
2025-12-17T14:29:32.580133,4,15.963665447397533,1.900698975995077,-0.03234299952261161,418.0,32.0,1.0,1297343.0,1.0,2391448.0,88482.0
2025-12-17T14:29:32.677870,5,15.974401055193635,1.900416445577612,-0.05388890046374058,421.0,33.0,1.0,827947.0,1.0,2428971.0,77672.0
2025-12-17T14:29:33.181303,0,16.00904957109407,1.8951239562829745,-0.1577591945411338,425.0,35.0,1.0,425479.0,1.0,1605672.0,75597.0
2025-12-17T14:29:33.280215,1,16.01826121778356,1.893209755950613,-0.1755858107322815,431.0,37.0,1.0,747755.0,1.0,1837827.0,72196.0
2025-12-17T14:29:33.379865,2,16.02907811633765,1.8918945194745014,-0.19787604500303674,418.0,32.0,1.0,728520.0,1.0,1567547.0,68044.0
2025-12-17T14:29:33.477776,3,16.039837906560283,1.8894127051142835,-0.22095968193387786,419.0,32.0,1.0,1071899.0,1.0,1965207.0,74732.0
2025-12-17T14:29:33.578893,4,16.04980149943986,1.8864447578206818,-0.24433511919271161,419.0,32.0,1.0,1255443.0,1.0,2329142.0,88362.0
2025-12-17T14:29:33.678501,5,16.06141314244588,1.8835213070700636,-0.26392299179350187,428.0,36.0,1.0,817367.0,1.0,2416671.0,77096.0
2025-12-17T14:29:34.181852,0,16.088699739983976,1.872198682942832,-0.3463912045638488,414.0,30.0,1.0,428949.0,1.0,1635841.0,76395.0
2025-12-17T14:29:34.277929,1,16.098346853214647,1.868188015038811,-0.3778889080604786,424.0,34.0,1.0,732723.0,1.0,1841563.0,72687.0
2025-12-17T14:29:34.378009,2,16.108974684148457,1.864021716588324,-0.4034243653928657,416.0,31.0,1.0,739450.0,1.0,1583545.0,68229.0
2025-12-17T14:29:34.478631,3,16.119673576837382,1.859406389927198,-0.4219047933350792,419.0,32.0,1.0,1082472.0,1.0,1986606.0,74707.0
2025-12-17T14:29:34.579149,4,16.13056669967052,1.8550229636470323,-0.44186814251822804,409.0,28.0,1.0,1285977.0,1.0,2384174.0,89204.0
2025-12-17T14:29:34.678136,5,16.13975515635195,1.8502544832814625,-0.4699836397683363,435.0,40.0,1.0,841792.0,1.0,2443814.0,76576.0
2025-12-17T14:29:35.179908,0,16.17579391291934,1.830798267346097,-0.5448327879812301,422.0,34.0,1.0,431570.0,1.0,1619316.0,75777.0
2025-12-17T14:29:35.280540,1,16.18585914222717,1.825458916776416,-0.5643678002004592,414.0,30.0,1.0,750036.0,1.0,1857840.0,73404.0
2025-12-17T14:29:35.382954,2,16.194927521401024,1.8200706332670418,-0.5875783495129432,417.0,31.0,1.0,735954.0,1.0,1572330.0,68160.0
2025-12-17T14:29:35.481078,3,16.204697489316217,1.8138012912534567,-0.6102841684940642,404.0,26.0,1.0,1078449.0,1.0,1987279.0,75828.0
2025-12-17T14:29:35.580934,4,16.213637385760837,1.8078244505035492,-0.6265947757620915,407.0,27.0,1.0,1260979.0,1.0,2348138.0,89415.0
2025-12-17T14:29:35.681947,5,16.223001852573244,1.8005325605129627,-0.648621445620163,409.0,28.0,1.0,802292.0,1.0,2410952.0,78571.0
2025-12-17T14:29:36.177593,0,16.24977827813771,1.771562274172478,-0.7496379242459735,435.0,40.0,1.0,423611.0,1.0,1630314.0,74833.0
2025-12-17T14:29:36.279518,1,16.258108665735516,1.763883641991308,-0.7715542769505025,433.0,38.0,1.0,762320.0,1.0,1841563.0,72050.0
2025-12-17T14:29:36.378754,2,16.26538474257666,1.7559523213494206,-0.7926480689501918,441.0,42.0,1.0,768278.0,1.0,1554866.0,66564.0
2025-12-17T14:29:36.477689,3,16.273595913539495,1.7473122608369067,-0.8151158028410725,419.0,32.0,1.0,1079910.0,1.0,1967203.0,74732.0
2025-12-17T14:29:36.578495,5,16.281900674442753,1.7392299608248365,-0.8425708948155101,402.0,24.0,1.0,837529.0,1.0,2406876.0,79105.0
2025-12-17T14:29:37.186249,0,16.32618943724996,1.6827743417415189,-0.9664211136389176,424.0,35.0,1.0,428514.0,1.0,1618220.0,75623.0
2025-12-17T14:29:37.281564,1,16.3325724842872,1.673226252619198,-0.9861279848772552,426.0,35.0,1.0,748261.0,1.0,1814956.0,72515.0
2025-12-17T14:29:37.378561,2,16.33919279896474,1.6631683796924097,-1.009146180889815,410.0,28.0,1.0,739200.0,1.0,1581938.0,68623.0
2025-12-17T14:29:37.487257,3,16.3468772502937,1.6502709676441931,-1.0392697998048466,440.0,42.0,1.0,1123151.0,1.0,1983247.0,73230.0
2025-12-17T14:29:37.580446,4,16.350226080976586,1.6431979865606259,-1.0570569522104645,404.0,25.0,1.0,1252896.0,1.0,2419126.0,89658.0
2025-12-17T14:29:37.676736,5,16.35594718521656,1.633774632304661,-1.0751268992168161,418.0,32.0,1.0,829069.0,1.0,2419945.0,77856.0
2025-12-17T14:29:38.182832,0,16.37070082988741,1.5788464023221085,-1.1792849749743881,427.0,36.0,1.0,427789.0,1.0,1651976.0,75418.0
2025-12-17T14:29:38.282285,1,16.374120999136633,1.5683254288581452,-1.2069757130656686,426.0,36.0,1.0,741455.0,1.0,1840940.0,72490.0
2025-12-17T14:29:38.381372,3,16.37719020187518,1.5578719894747,-1.22923850034596,411.0,28.0,1.0,1077355.0,1.0,1998070.0,75342.0
2025-12-17T14:29:38.478590,4,16.380624425347825,1.5469030351507325,-1.2440374387910664,417.0,31.0,1.0,1268684.0,1.0,2364086.0,88572.0
2025-12-17T14:29:38.580903,5,16.384792215502646,1.5364636398191198,-1.264775975831486,400.0,23.0,1.0,816537.0,1.0,2424043.0,79346.0
2025-12-17T14:29:39.182607,0,16.408782562897127,1.457756886740384,-1.3837004284952428,415.0,30.0,1.0,429967.0,1.0,1640276.0,76317.0
2025-12-17T14:29:39.280990,1,16.41156243561866,1.4464216334680078,-1.38296243403193,422.0,33.0,1.0,743717.0,1.0,1821726.0,72810.0
2025-12-17T14:29:39.382801,2,16.413914528253017,1.4350639084340973,-1.3814717323625607,417.0,31.0,1.0,749529.0,1.0,1543332.0,68114.0
2025-12-17T14:29:39.480436,3,16.41683639238371,1.422862641794806,-1.38196455805691,414.0,30.0,1.0,1088718.0,1.0,1991319.0,75138.0
2025-12-17T14:29:39.583601,4,16.41971425732819,1.4108333395370547,-1.38104610800112,414.0,30.0,1.0,1249931.0,1.0,2343374.0,88782.0
2025-12-17T14:29:40.180807,0,16.454312687421872,1.3275617416646028,-1.382473762960397,418.0,32.0,1.0,432887.0,1.0,1630866.0,76085.0
2025-12-17T14:29:40.278537,1,16.456845454084135,1.3165732864722912,-1.3797561643351177,412.0,29.0,1.0,751306.0,1.0,1852190.0,73503.0
2025-12-17T14:29:40.382877,2,16.458788480352805,1.305297606683295,-1.3804913783634303,407.0,27.0,1.0,746743.0,1.0,1575526.0,68785.0
2025-12-17T14:29:40.477980,3,16.46123161562746,1.2938922784109206,-1.3807446683645883,416.0,31.0,1.0,1099456.0,1.0,1982576.0,74986.0
2025-12-17T14:29:40.579550,4,16.463264394112738,1.282329961352362,-1.3797516180327092,413.0,30.0,1.0,1280331.0,1.0,2397120.0,88842.0
2025-12-17T14:29:40.677693,5,16.46535390005064,1.2707482898581368,-1.380489028192556,437.0,40.0,1.0,837529.0,1.0,2413401.0,76472.0
2025-12-17T14:29:41.182824,0,16.47624642846966,1.2140676579970364,-1.380254969220036,427.0,36.0,1.0,429821.0,1.0,1629211.0,75393.0
2025-12-17T14:29:41.280287,1,16.478757145064442,1.2027094695209115,-1.3800286562471946,428.0,36.0,1.0,738449.0,1.0,1811275.0,72368.0
2025-12-17T14:29:41.379165,2,16.48059939080016,1.1917449777037703,-1.3800453597674591,406.0,26.0,1.0,722626.0,1.0,1572862.0,68855.0
2025-12-17T14:29:41.477257,3,16.483164763640826,1.1803924806209665,-1.3815009244497143,415.0,30.0,1.0,1087613.0,1.0,1979894.0,75036.0
2025-12-17T14:29:41.578942,4,16.484876824154192,1.16947979775105,-1.382499086400327,415.0,30.0,1.0,1263115.0,1.0,2327565.0,88752.0
2025-12-17T14:29:41.678272,5,16.48715928294084,1.1576984733076543,-1.3847019965879046,433.0,39.0,1.0,806922.0,1.0,2409321.0,76705.0
2025-12-17T14:29:42.178511,0,16.51578394398028,1.0724919942584155,-1.421673476796642,409.0,27.0,1.0,437009.0,1.0,1641387.0,76783.0
2025-12-17T14:29:42.277576,1,16.517186450945566,1.0610854674881072,-1.4432144792895822,426.0,35.0,1.0,764129.0,1.0,1825429.0,72539.0
2025-12-17T14:29:42.378321,2,16.51767213239642,1.0510499869886392,-1.469121192756115,420.0,33.0,1.0,743968.0,1.0,1562251.0,67906.0
2025-12-17T14:29:42.481668,3,16.517667120067646,1.039842795189447,-1.4943790333468652,418.0,32.0,1.0,1121252.0,1.0,2000099.0,74808.0
2025-12-17T14:29:42.580837,4,16.5178534077492,1.0289058935829445,-1.5140983539509194,422.0,33.0,1.0,1276005.0,1.0,2406876.0,88153.0
2025-12-17T14:29:42.678659,5,16.51960414886396,1.0171054493530356,-1.530537312510218,419.0,32.0,1.0,813503.0,1.0,2409321.0,77777.0
2025-12-17T14:29:43.181355,0,16.521528392165273,0.9600046980994748,-1.5592940621569185,426.0,35.0,1.0,429821.0,1.0,1631970.0,75495.0
2025-12-17T14:29:43.279210,1,16.52123574437267,0.9482664563130392,-1.5610145330668264,418.0,32.0,1.0,738449.0,1.0,1842810.0,73106.0
2025-12-17T14:29:43.384353,2,16.522039060661733,0.9370703154702067,-1.5637524260708089,418.0,32.0,1.0,741455.0,1.0,1588376.0,68067.0
2025-12-17T14:29:43.484090,3,16.522150406581282,0.9250816447711916,-1.5597899788295086,410.0,28.0,1.0,1075897.0,1.0,1977885.0,75418.0
2025-12-17T14:29:43.584161,4,16.522703777453764,0.9127887305598392,-1.562994481591635,428.0,36.0,1.0,1290773.0,1.0,2348138.0,87588.0
2025-12-17T14:29:43.677020,5,16.523107321575228,0.9013753616477889,-1.560140464804961,412.0,29.0,1.0,818197.0,1.0,2368090.0,78306.0
2025-12-17T14:29:44.188471,0,16.52248125630628,0.843297910022093,-1.5635951611930363,417.0,31.0,1.0,435238.0,1.0,1634181.0,76136.0
2025-12-17T14:29:44.277693,1,16.52246622138729,0.8319183980243263,-1.5660712367756173,421.0,33.0,1.0,753598.0,1.0,1833479.0,72908.0
2025-12-17T14:29:44.379891,2,16.530221503232553,0.8147511650927104,-1.563494789191447,430.0,37.0,1.0,751052.0,1.0,1566487.0,67311.0
2025-12-17T14:29:44.481377,3,16.541215000433855,0.793442586550233,-1.5591386861029686,400.0,22.0,1.0,1077355.0,1.0,1993341.0,76420.0
2025-12-17T14:29:44.582712,4,16.54175166789049,0.7821978854644129,-1.5608659235259659,445.0,44.0,1.0,1260552.0,1.0,2333876.0,86177.0
2025-12-17T14:29:44.681649,5,16.541154183938513,0.7714100799682839,-1.5591396764870054,421.0,33.0,1.0,819306.0,1.0,2440507.0,77672.0
2025-12-17T14:29:45.179411,0,16.541948130819666,0.7129069565246997,-1.557921322759415,424.0,34.0,1.0,432155.0,1.0,1628659.0,75648.0
2025-12-17T14:29:45.277098,2,16.542102234549418,0.7006355496781307,-1.5594185511124228,425.0,35.0,1.0,742710.0,1.0,1577660.0,67631.0
2025-12-17T14:29:45.379244,3,16.54223314186997,0.688977726607618,-1.558426189474635,419.0,32.0,1.0,1097969.0,1.0,1979894.0,74758.0
2025-12-17T14:29:45.479067,4,16.5424199505378,0.6777402541499722,-1.561646590922645,417.0,31.0,1.0,1265682.0,1.0,2355301.0,88542.0
2025-12-17T14:29:45.578779,5,16.542590352588263,0.667641715823116,-1.5606862413819576,427.0,36.0,1.0,834982.0,1.0,2445468.0,77226.0
2025-12-17T14:29:46.182466,0,16.54343103832393,0.5979449183618222,-1.5584487274067051,430.0,37.0,1.0,429530.0,1.0,1635841.0,75240.0
2025-12-17T14:29:46.277909,1,16.54293990107068,0.5872069837633838,-1.560186657247418,426.0,35.0,1.0,764646.0,1.0,1842810.0,72515.0
2025-12-17T14:29:46.376702,2,16.542453649440688,0.5757137501000713,-1.5569660726389467,414.0,30.0,1.0,743465.0,1.0,1557500.0,68344.0
2025-12-17T14:29:46.478399,4,16.542430901063103,0.5635974697900004,-1.5554643684615157,400.0,23.0,1.0,1270833.0,1.0,2372904.0,90145.0
2025-12-17T14:29:46.581211,5,16.550048175180173,0.550695068796097,-1.5484257479136116,407.0,27.0,1.0,805830.0,1.0,2403619.0,78731.0
2025-12-17T14:29:47.180345,0,16.56469297781868,0.47827074956830096,-1.5386755724145984,417.0,31.0,1.0,433034.0,1.0,1609480.0,76162.0
2025-12-17T14:29:47.277998,1,16.56567757325964,0.46685741858532737,-1.5369504954632591,421.0,33.0,1.0,761805.0,1.0,1845307.0,72859.0
2025-12-17T14:29:47.379031,2,16.565462829263712,0.4547574064155899,-1.5376935962863276,430.0,37.0,1.0,753089.0,1.0,1559610.0,67266.0
2025-12-17T14:29:47.480912,3,16.56655372516121,0.443176750022646,-1.5369691905808094,421.0,33.0,1.0,1089824.0,1.0,1971869.0,74581.0
2025-12-17T14:29:47.578494,4,16.56657364413571,0.43132323025378483,-1.537960539757228,437.0,41.0,1.0,1266968.0,1.0,2419945.0,86821.0
2025-12-17T14:29:47.679828,5,16.567372994184403,0.4199931502279668,-1.5396802617671992,412.0,29.0,1.0,812677.0,1.0,2397120.0,78332.0
2025-12-17T14:29:48.182558,1,16.568159427780977,0.3625026515479881,-1.5357889129260622,426.0,36.0,1.0,758460.0,1.0,1834099.0,72490.0
2025-12-17T14:29:48.278830,2,16.56906035779696,0.350439964454587,-1.5357857309491663,429.0,37.0,1.0,735208.0,1.0,1587301.0,67357.0
2025-12-17T14:29:48.379038,3,16.569133940740162,0.3383392537410934,-1.5395035044104677,423.0,34.0,1.0,1116707.0,1.0,1991993.0,74455.0
2025-12-17T14:29:48.477550,4,16.57002001124703,0.3266071899568317,-1.5372536077018328,433.0,39.0,1.0,1275573.0,1.0,2371298.0,87145.0
2025-12-17T14:29:48.578523,5,16.56969168833035,0.3151363444583346,-1.5375006615327764,413.0,29.0,1.0,833288.0,1.0,2368892.0,78253.0
2025-12-17T14:29:49.180805,0,16.57410511556797,0.25551451291850036,-1.523746944763048,420.0,33.0,1.0,428224.0,1.0,1641387.0,75905.0
2025-12-17T14:29:49.277043,1,16.574279082083773,0.24327712067580265,-1.5215492495198684,430.0,37.0,1.0,753089.0,1.0,1818646.0,72245.0
2025-12-17T14:29:49.377689,2,16.57480151388535,0.2314405844813674,-1.5252463726869896,412.0,29.0,1.0,754875.0,1.0,1581938.0,68483.0
2025-12-17T14:29:49.477994,3,16.575289399105916,0.21990661524084487,-1.5215460045322267,430.0,37.0,1.0,1075169.0,1.0,1988625.0,73927.0
2025-12-17T14:29:49.577948,4,16.575290443167436,0.20797643468424099,-1.5245141241918991,415.0,30.0,1.0,1273848.0,1.0,2339412.0,88752.0
2025-12-17T14:29:49.677816,5,16.575911832843722,0.196610687963382,-1.5220398121873617,423.0,34.0,1.0,850095.0,1.0,2386596.0,77514.0
2025-12-17T14:29:50.180000,0,16.57833887303391,0.1396097871802109,-1.5230439125951667,436.0,40.0,1.0,432741.0,1.0,1643611.0,74758.0
2025-12-17T14:29:50.277553,1,16.578136601787307,0.1279773083420963,-1.5240542881234933,438.0,41.0,1.0,755642.0,1.0,1810662.0,71709.0
2025-12-17T14:29:50.378318,2,16.57879724448089,0.116430920981065,-1.5277431357840974,404.0,26.0,1.0,750544.0,1.0,1583009.0,68995.0
2025-12-17T14:29:50.483830,3,16.57874451335812,0.1048299496404379,-1.5248040048857079,411.0,28.0,1.0,1126577.0,1.0,1966537.0,75342.0
2025-12-17T14:29:50.580141,4,16.579375810987052,0.09299085972629229,-1.5282560432998311,433.0,39.0,1.0,1262687.0,1.0,2395498.0,87174.0
2025-12-17T14:29:50.678390,5,16.579753010345243,0.08181469607044889,-1.5277557006967235,432.0,38.0,1.0,829069.0,1.0,2467083.0,76783.0
2025-12-17T14:29:51.179371,0,16.576590216120096,0.02649695321922607,-1.5276048605972345,432.0,38.0,1.0,435090.0,1.0,1643054.0,75036.0
2025-12-17T14:29:51.281616,1,16.577376038441518,0.014743333359700017,-1.5310697551822314,424.0,34.0,1.0,747755.0,1.0,1834099.0,72687.0
2025-12-17T14:29:51.379298,2,16.577893668651352,0.003994189890756061,-1.5300823420979708,431.0,38.0,1.0,739951.0,1.0,1571797.0,67198.0
2025-12-17T14:29:51.477892,3,16.578059185100695,-0.008143645240775044,-1.5278776519726662,412.0,29.0,1.0,1106175.0,1.0,1975209.0,75265.0
2025-12-17T14:29:51.580925,4,16.57941059681211,-0.01997773911741696,-1.5308499840015497,406.0,26.0,1.0,1264826.0,1.0,2369694.0,89476.0
2025-12-17T14:29:51.683193,5,16.579299826048786,-0.032336684892428025,-1.528617479572591,419.0,32.0,1.0,804740.0,1.0,2391448.0,77777.0
2025-12-17T14:29:52.180542,0,16.5839676624081,-0.08891738698493157,-1.468354662537965,416.0,31.0,1.0,431132.0,1.0,1646952.0,76265.0
2025-12-17T14:29:52.279237,1,16.5843325605381,-0.10041903258019325,-1.4468212956701643,400.0,24.0,1.0,741706.0,1.0,1805766.0,74354.0
2025-12-17T14:29:52.380607,2,16.58616920584069,-0.1119070545921943,-1.4263177245336127,423.0,34.0,1.0,747502.0,1.0,1540201.0,67746.0
2025-12-17T14:29:52.479864,3,16.58852857264231,-0.12290126429304671,-1.4036409055946877,416.0,31.0,1.0,1086509.0,1.0,1972537.0,74986.0
2025-12-17T14:29:52.580043,4,16.589881899539755,-0.133807857856457,-1.3793505974096234,420.0,32.0,1.0,1255018.0,1.0,2371298.0,88303.0
2025-12-17T14:29:52.680921,5,16.59156147210641,-0.14497116581124558,-1.3576223665901979,424.0,34.0,1.0,828508.0,1.0,2411768.0,77410.0
2025-12-17T14:29:53.178687,0,16.612591440052835,-0.20051362186288202,-1.2469825914170114,417.0,31.0,1.0,434502.0,1.0,1599705.0,76136.0
2025-12-17T14:29:53.278950,1,16.62902094161727,-0.21415478852529723,-1.2239556956845556,428.0,36.0,1.0,750798.0,1.0,1832858.0,72417.0
2025-12-17T14:29:53.378653,2,16.63268664951935,-0.22507500875733477,-1.220500564180191,432.0,38.0,1.0,746996.0,1.0,1583545.0,67152.0
2025-12-17T14:29:53.478972,3,16.63716661391008,-0.23569651543074244,-1.2209849592089708,410.0,28.0,1.0,1110676.0,1.0,1993341.0,75393.0
2025-12-17T14:29:53.579074,4,16.641655808840422,-0.2462888593801864,-1.217985918664545,426.0,35.0,1.0,1273848.0,1.0,2356099.0,87796.0
2025-12-17T14:29:53.677663,5,16.645239969470715,-0.2567115375646445,-1.2201994023208693,435.0,39.0,1.0,823197.0,1.0,2419945.0,76602.0
2025-12-17T14:29:54.186067,0,16.66314509877926,-0.3072255642053978,-1.1326731214900998,429.0,37.0,1.0,427789.0,1.0,1653654.0,75265.0
2025-12-17T14:29:54.280687,1,16.675785838957122,-0.30712126344761614,-1.0999273034588395,426.0,35.0,1.0,742710.0,1.0,1845931.0,72515.0
2025-12-17T14:29:54.386302,2,16.68313550643858,-0.31616534747622715,-1.0833061979809713,433.0,38.0,1.0,754109.0,1.0,1569140.0,67107.0
2025-12-17T14:29:54.479955,3,16.68932863479214,-0.32685419735483734,-1.0606273342647026,414.0,30.0,1.0,1085774.0,1.0,1951949.0,75113.0
2025-12-17T14:29:54.580869,4,16.695431303794972,-0.33717806381173787,-1.0378832134472704,425.0,35.0,1.0,1236886.0,1.0,2319701.0,87885.0
2025-12-17T14:29:54.678762,5,16.700928771536223,-0.3473935920677551,-1.0197954644178477,406.0,26.0,1.0,812677.0,1.0,2416671.0,78784.0
2025-12-17T14:29:55.182315,0,16.73252558640312,-0.3928473003464621,-0.9125359199889572,421.0,33.0,1.0,430549.0,1.0,1630314.0,75879.0
2025-12-17T14:29:55.279403,1,16.738769908470204,-0.40240670437885306,-0.8880567357630609,432.0,38.0,1.0,746743.0,1.0,1850936.0,72123.0
2025-12-17T14:29:55.377547,2,16.745615178570556,-0.4115323462033338,-0.8694797119454885,425.0,35.0,1.0,739200.0,1.0,1577126.0,67631.0
2025-12-17T14:29:55.478766,3,16.753231494286602,-0.4193440639786967,-0.8504414001076461,414.0,30.0,1.0,1090193.0,1.0,1994691.0,75113.0
2025-12-17T14:29:55.582650,4,16.76109432082183,-0.4265734376320083,-0.8228342429842759,422.0,34.0,1.0,1266111.0,1.0,2361687.0,88094.0
2025-12-17T14:29:55.679730,5,16.76841102062943,-0.4342468833566535,-0.7959158710651075,419.0,32.0,1.0,826547.0,1.0,2428149.0,77777.0
2025-12-17T14:29:56.177585,0,16.837270269046858,-0.46593992301004405,-0.656505616329579,431.0,38.0,1.0,434796.0,1.0,1619864.0,75138.0
2025-12-17T14:29:56.278480,1,16.84681484093104,-0.4726435859718041,-0.6340226787842375,419.0,32.0,1.0,740452.0,1.0,1854699.0,73032.0
2025-12-17T14:29:56.377992,2,16.855842592456103,-0.4803989260389354,-0.6060466254982789,404.0,26.0,1.0,732475.0,1.0,1577660.0,68995.0
2025-12-17T14:29:56.479726,3,16.86313836583281,-0.48811986899815274,-0.5763748695636556,412.0,29.0,1.0,1094259.0,1.0,1977216.0,75291.0
2025-12-17T14:29:56.580815,4,16.870947508973,-0.4948769472512762,-0.5483365309431717,429.0,37.0,1.0,1255018.0,1.0,2326778.0,87499.0
2025-12-17T14:29:56.679602,5,16.86645250721845,-0.4982514080649718,-0.5219814264991225,428.0,36.0,1.0,818751.0,1.0,2453759.0,77122.0
2025-12-17T14:29:57.180388,0,16.891778602603367,-0.5192010579646453,-0.40320805988220976,433.0,39.0,1.0,429385.0,1.0,1651976.0,74960.0
2025-12-17T14:29:57.280027,1,16.901481615333175,-0.5229206984039116,-0.3749896967105138,439.0,41.0,1.0,757947.0,1.0,1850936.0,71612.0
2025-12-17T14:29:57.380890,2,16.911738044762465,-0.5271152946869258,-0.3529942306825852,430.0,37.0,1.0,747249.0,1.0,1561722.0,67311.0
2025-12-17T14:29:57.480128,3,16.922997824650928,-0.5308861529796616,-0.33474103356355583,400.0,19.0,1.0,1095000.0,1.0,1973204.0,76965.0
2025-12-17T14:29:57.578562,4,16.931471866129062,-0.5261820823235386,-0.30690439224491556,425.0,35.0,1.0,1249508.0,1.0,2402806.0,87885.0
2025-12-17T14:29:57.677754,5,16.935631769673805,-0.5117472122282436,-0.26399719930138166,421.0,33.0,1.0,822361.0,1.0,2406876.0,77672.0
2025-12-17T14:29:58.179543,0,16.945892206583835,-0.5138396026085132,-0.2442711911182364,422.0,34.0,1.0,432009.0,1.0,1629762.0,75777.0
2025-12-17T14:29:58.280748,1,16.945892206583835,-0.5138396026085132,-0.2442711911182364,431.0,37.0,1.0,751052.0,1.0,1819261.0,72196.0
2025-12-17T14:29:58.380394,3,16.951525514567056,-0.5163864987353399,-0.23046093651921118,400.0,20.0,1.0,1091300.0,1.0,1991319.0,76939.0
2025-12-17T14:29:58.478810,4,16.960905356127057,-0.5183966528215525,-0.21385211138009041,424.0,34.0,1.0,1276869.0,1.0,2368892.0,87945.0
2025-12-17T14:29:58.579397,5,16.974265277891885,-0.5200693599313109,-0.1855184117017357,424.0,34.0,1.0,820415.0,1.0,2377728.0,77410.0
2025-12-17T14:29:59.178660,0,17.080720981441427,-0.5105963783223793,-0.04072315991602933,425.0,35.0,1.0,437601.0,1.0,1649183.0,75597.0
2025-12-17T14:29:59.283802,1,17.091157052373905,-0.51080093255249,-0.016199797680593563,421.0,33.0,1.0,748768.0,1.0,1847181.0,72859.0
2025-12-17T14:29:59.381033,2,17.102336991515504,-0.5110787227002866,0.008424141969839968,432.0,38.0,1.0,735208.0,1.0,1561194.0,67175.0
2025-12-17T14:29:59.478452,3,17.11340122442976,-0.5111726768757237,0.03130488804061071,420.0,33.0,1.0,1087613.0,1.0,1978554.0,74732.0
2025-12-17T14:29:59.579050,4,17.125346322598137,-0.5104342988492991,0.05054965313720749,401.0,24.0,1.0,1232706.0,1.0,2319701.0,89901.0
2025-12-17T14:29:59.677731,5,17.137327339126298,-0.509598895703709,0.07367654333472316,416.0,31.0,1.0,805830.0,1.0,2419945.0,77988.0
2025-12-17T14:30:00.179323,0,17.1798466370526,-0.4992769801029855,0.19547696907337947,415.0,30.0,1.0,431863.0,1.0,1646394.0,76317.0
2025-12-17T14:30:00.278550,1,17.165896161676955,-0.49031429586796627,0.22395511132405857,408.0,27.0,1.0,740201.0,1.0,1826665.0,73827.0
2025-12-17T14:30:00.378799,2,17.177269202038573,-0.4872482684873489,0.24466145383487622,444.0,44.0,1.0,757178.0,1.0,1567547.0,66384.0
2025-12-17T14:30:00.477632,3,17.189131750495864,-0.4834663863899067,0.2666872256488411,428.0,36.0,1.0,1076990.0,1.0,1969868.0,74153.0
2025-12-17T14:30:00.579044,4,17.200257869161327,-0.48067146938248584,0.29435768955603786,428.0,36.0,1.0,1268255.0,1.0,2409321.0,87588.0
2025-12-17T14:30:00.679894,5,17.210695211223285,-0.476871741076053,0.3171493314108079,434.0,39.0,1.0,828227.0,1.0,2396309.0,76679.0
2025-12-17T14:30:01.181129,0,17.225603541275685,-0.4413287328729787,0.44236764725241084,412.0,29.0,1.0,436565.0,1.0,1617125.0,76524.0
2025-12-17T14:30:01.277451,1,17.236787285096266,-0.4367297171678288,0.46293369726183314,419.0,32.0,1.0,761032.0,1.0,1864770.0,73007.0
2025-12-17T14:30:01.377817,2,17.247268324263406,-0.4314507834063406,0.48788875577864443,416.0,31.0,1.0,746238.0,1.0,1581938.0,68206.0
2025-12-17T14:30:01.478870,3,17.256478739036524,-0.4257742763861394,0.5108821262358653,403.0,25.0,1.0,1117085.0,1.0,1987279.0,75982.0
2025-12-17T14:30:01.583444,4,17.266119419026055,-0.4207159986807216,0.533680474258805,441.0,42.0,1.0,1270403.0,1.0,2320486.0,86498.0
2025-12-17T14:30:01.678565,5,17.2757089844104,-0.4165540615433514,0.5560343889439295,406.0,26.0,1.0,808836.0,1.0,2403619.0,78757.0
2025-12-17T14:30:02.178485,0,17.30220541970218,-0.37687185008685553,0.6494435447425853,423.0,34.0,1.0,424472.0,1.0,1622607.0,75725.0
2025-12-17T14:30:02.281687,1,17.31013946228303,-0.369250302101122,0.6738033422333738,442.0,43.0,1.0,753089.0,1.0,1845307.0,71419.0
2025-12-17T14:30:02.378762,2,17.31755837555176,-0.3616207244429841,0.7009999885204291,437.0,40.0,1.0,743465.0,1.0,1569140.0,66857.0
2025-12-17T14:30:02.481912,3,17.326328227948995,-0.35384681363292536,0.7227434578718135,423.0,34.0,1.0,1088718.0,1.0,1965872.0,74581.0
2025-12-17T14:30:02.581099,4,17.336306723081304,-0.3462607822906829,0.7427136398923755,415.0,30.0,1.0,1272124.0,1.0,2376923.0,88722.0
2025-12-17T14:30:03.183909,0,17.408085440945523,-0.2869269917065722,0.8742349466051107,435.0,40.0,1.0,437009.0,1.0,1646952.0,74833.0
2025-12-17T14:30:03.277518,2,17.415397515013748,-0.278845877109541,0.8985315445842661,429.0,37.0,1.0,751815.0,1.0,1568609.0,67357.0
2025-12-17T14:30:03.378638,3,17.422396142913826,-0.2703846477079175,0.9203483405454432,437.0,40.0,1.0,1111429.0,1.0,1998746.0,73578.0
2025-12-17T14:30:03.479918,4,17.429658956902664,-0.26179338546679,0.9425836762984326,423.0,34.0,1.0,1274710.0,1.0,2376119.0,88064.0
2025-12-17T14:30:03.582780,5,17.435679333516784,-0.2528225057996192,0.9650280452846681,432.0,38.0,1.0,810206.0,1.0,2392257.0,76783.0
2025-12-17T14:30:04.181518,0,17.46137597456056,-0.1763523087178509,1.1108643346996863,411.0,29.0,1.0,434208.0,1.0,1660946.0,76576.0
2025-12-17T14:30:04.279759,1,17.465922135721605,-0.16592393423894514,1.133005377390128,429.0,37.0,1.0,744724.0,1.0,1842810.0,72294.0
2025-12-17T14:30:04.381211,2,17.46949370633307,-0.15564189865777145,1.1562321432731084,409.0,28.0,1.0,735456.0,1.0,1576059.0,68669.0
2025-12-17T14:30:04.477926,3,17.47320366864188,-0.14565153207507997,1.1842307109468295,416.0,31.0,1.0,1082472.0,1.0,1987952.0,75036.0
2025-12-17T14:30:04.577581,4,17.478129144674767,-0.13545092100112122,1.207258495066927,416.0,31.0,1.0,1265254.0,1.0,2339412.0,88602.0
2025-12-17T14:30:04.678455,5,17.48264987495386,-0.12414501159948799,1.2265291511046272,418.0,32.0,1.0,825988.0,1.0,2407690.0,77830.0
2025-12-17T14:30:05.182007,0,17.487798186276414,-0.04695935404103402,1.357578351718195,422.0,34.0,1.0,428224.0,1.0,1633075.0,75777.0
2025-12-17T14:30:05.287508,1,17.490660624626248,-0.03257359278957139,1.3918718957908098,421.0,33.0,1.0,747249.0,1.0,1842810.0,72908.0
2025-12-17T14:30:05.381969,2,17.491185072833403,-0.029106909054977592,1.3997435550062498,420.0,33.0,1.0,753089.0,1.0,1580867.0,67906.0
2025-12-17T14:30:05.477472,3,17.495001917127855,-0.01746018186329934,1.4056863181287522,408.0,27.0,1.0,1085039.0,1.0,1965207.0,75648.0
2025-12-17T14:30:05.579968,4,17.496536687124678,-0.006659336256028325,1.4108799259532474,429.0,37.0,1.0,1274710.0,1.0,2368090.0,87499.0
2025-12-17T14:30:05.677915,5,17.498975775211825,0.004881051266329095,1.410390528239996,429.0,37.0,1.0,813228.0,1.0,2409321.0,77070.0
2025-12-17T14:30:06.181306,0,17.496259819899564,0.09423429209205025,1.424392234994347,425.0,35.0,1.0,429967.0,1.0,1611115.0,75597.0
2025-12-17T14:30:06.278357,1,17.497125497110495,0.10593410373336454,1.4229026030494898,428.0,36.0,1.0,756153.0,1.0,1843434.0,72368.0
2025-12-17T14:30:06.384208,2,17.499021097979767,0.11746815757383011,1.4253570525433306,423.0,34.0,1.0,743465.0,1.0,1572330.0,67723.0
2025-12-17T14:30:06.481129,3,17.500867680377045,0.1290490683695662,1.4261011507931507,416.0,31.0,1.0,1086509.0,1.0,1972537.0,75036.0
2025-12-17T14:30:06.578578,5,17.50203859314413,0.14031661236861126,1.4382572105176323,428.0,36.0,1.0,831316.0,1.0,2428971.0,77122.0
2025-12-17T14:30:07.181431,1,17.508653945887815,0.20807736454011838,1.5322019952232901,409.0,28.0,1.0,756922.0,1.0,1855955.0,73727.0
2025-12-17T14:30:07.280385,2,17.50934355525967,0.21906969378676067,1.5356305246304778,431.0,38.0,1.0,736204.0,1.0,1576593.0,67198.0
2025-12-17T14:30:07.378568,3,17.51023289224416,0.23087226764438284,1.5361246983384498,403.0,25.0,1.0,1094259.0,1.0,1995366.0,75982.0
2025-12-17T14:30:07.477795,4,17.51017987803948,0.24265128171069428,1.5356556369618213,408.0,27.0,1.0,1255443.0,1.0,2354504.0,89355.0
2025-12-17T14:30:07.581167,5,17.51105217827317,0.25410925478495905,1.5361444088119254,407.0,27.0,1.0,805285.0,1.0,2467918.0,78731.0
2025-12-17T14:30:08.180634,0,17.529631630520527,0.3385217328211638,1.5420201813185277,430.0,37.0,1.0,428659.0,1.0,1641387.0,75189.0
2025-12-17T14:30:08.276658,1,17.530657395994858,0.3496441139394264,1.5457434072400513,429.0,37.0,1.0,747502.0,1.0,1847181.0,72343.0
2025-12-17T14:30:08.378355,2,17.530661766040126,0.3615235761810158,1.5452514831963289,425.0,35.0,1.0,748768.0,1.0,1578728.0,67631.0
2025-12-17T14:30:08.484555,3,17.53087513394575,0.3728490966210636,1.5447778124257059,408.0,27.0,1.0,1127340.0,1.0,2000099.0,75623.0
2025-12-17T14:30:08.581204,4,17.531778214078415,0.38457737153188454,1.548474095300916,427.0,36.0,1.0,1266111.0,1.0,2376119.0,87677.0
2025-12-17T14:30:08.679563,5,17.53139880097302,0.3966776658069282,1.5450350398013266,432.0,38.0,1.0,808836.0,1.0,2424043.0,76783.0
2025-12-17T14:30:09.178749,0,17.531793976290974,0.45532750771647734,1.5445175013495325,410.0,28.0,1.0,436418.0,1.0,1649183.0,76654.0
2025-12-17T14:30:09.278498,1,17.532142236319494,0.4672550522909642,1.5457381443232137,440.0,42.0,1.0,751815.0,1.0,1842187.0,71540.0
2025-12-17T14:30:09.379679,2,17.531909357429285,0.47842729568012565,1.5425240382009535,428.0,36.0,1.0,749021.0,1.0,1565427.0,67425.0
2025-12-17T14:30:09.480729,4,17.532763441595254,0.4890748915897625,1.5459867549778579,400.0,23.0,1.0,1287719.0,1.0,2375315.0,90175.0
2025-12-17T14:30:09.579515,5,17.532823859970502,0.5009411834468569,1.5447533878146205,416.0,31.0,1.0,825149.0,1.0,2407690.0,78015.0
2025-12-17T14:30:10.178621,0,17.517049391609827,0.5733815290798319,1.5528389336351744,426.0,35.0,1.0,426200.0,1.0,1644723.0,75469.0
2025-12-17T14:30:10.277028,1,17.50366485002766,0.5867234085630049,1.5553088292612536,405.0,26.0,1.0,752070.0,1.0,1833479.0,74052.0
2025-12-17T14:30:10.378992,2,17.503551517510804,0.5977970565413333,1.5562922504714969,432.0,38.0,1.0,753854.0,1.0,1565427.0,67152.0
2025-12-17T14:30:10.475942,3,17.503767820725315,0.6098478219535224,1.5575484371890949,439.0,41.0,1.0,1089824.0,1.0,1996718.0,73404.0
2025-12-17T14:30:10.579440,4,17.503502255188998,0.6213879502103925,1.5553234242135292,402.0,25.0,1.0,1293397.0,1.0,2348138.0,89810.0
2025-12-17T14:30:10.679444,5,17.504244959932727,0.6331982243801395,1.5572932112990343,415.0,30.0,1.0,813778.0,1.0,2428149.0,78120.0
2025-12-17T14:30:11.178927,0,17.505319963846656,0.6904451167252414,1.5595162842734458,435.0,39.0,1.0,428949.0,1.0,1617672.0,74859.0
2025-12-17T14:30:11.279527,1,17.505120452936314,0.7022909052614121,1.5562908122084516,418.0,32.0,1.0,756409.0,1.0,1851563.0,73106.0
2025-12-17T14:30:11.378476,2,17.5050892635402,0.713667240194372,1.5582515189412565,431.0,37.0,1.0,755130.0,1.0,1578728.0,67243.0
2025-12-17T14:30:11.478349,3,17.505435209787624,0.7254863375659788,1.558229306948695,416.0,31.0,1.0,1116707.0,1.0,2002809.0,75087.0
2025-12-17T14:30:11.585895,4,17.505301787606605,0.7368145593782565,1.559709848338205,417.0,31.0,1.0,1269543.0,1.0,2375315.0,88572.0
2025-12-17T14:30:11.685661,5,17.50584545137237,0.7480743964771346,1.5609578752713074,441.0,42.0,1.0,832161.0,1.0,2426506.0,76136.0
2025-12-17T14:30:12.187611,0,17.505792364238765,0.805421583701543,1.5636976752832774,429.0,37.0,1.0,425911.0,1.0,1629211.0,75265.0
2025-12-17T14:30:12.277233,1,17.50536583383234,0.8171680988393248,1.5610044854503418,434.0,39.0,1.0,743213.0,1.0,1838450.0,72001.0
2025-12-17T14:30:12.380687,2,17.505796269076093,0.8284929214026846,1.5627251016746284,429.0,37.0,1.0,738949.0,1.0,1563309.0,67357.0
2025-12-17T14:30:12.477060,3,17.485916623725377,0.8465600614571489,1.5683648505410646,404.0,26.0,1.0,1086509.0,1.0,2017777.0,75931.0
2025-12-17T14:30:12.578791,4,17.452252097144225,0.8659868384856839,1.5854347136271132,423.0,34.0,1.0,1260979.0,1.0,2321272.0,88064.0
2025-12-17T14:30:12.680376,5,17.452451141137765,0.8779348756153613,1.5859261542660654,419.0,32.0,1.0,806376.0,1.0,2354504.0,77804.0
2025-12-17T14:30:13.182578,0,17.451740793606692,0.9365297839969688,1.5856802056438635,429.0,37.0,1.0,422323.0,1.0,1654214.0,75265.0
2025-12-17T14:30:13.277917,1,17.45092219619602,0.9479294748314029,1.5846936627483943,407.0,27.0,1.0,749021.0,1.0,1840940.0,73902.0
2025-12-17T14:30:13.382111,2,17.45090995977939,0.95921651666381,1.583454137524649,418.0,32.0,1.0,737201.0,1.0,1535516.0,68067.0
2025-12-17T14:30:13.482569,3,17.450489153810434,0.9706527882898293,1.5814761559873343,425.0,35.0,1.0,1099828.0,1.0,1982576.0,74379.0
2025-12-17T14:30:13.582052,4,17.450550599461895,0.9819037978737697,1.5829519734941708,400.0,21.0,1.0,1260126.0,1.0,2409321.0,90573.0
2025-12-17T14:30:13.679970,5,17.450410742077384,0.9930722671819368,1.5809976106242085,430.0,37.0,1.0,813503.0,1.0,2403619.0,76992.0
2025-12-17T14:30:14.178009,0,17.449664511368876,1.05085604343971,1.5839921204706298,411.0,29.0,1.0,429094.0,1.0,1620961.0,76576.0
2025-12-17T14:30:14.280227,1,17.449756423279972,1.061972142802789,1.5862284159930375,428.0,36.0,1.0,751815.0,1.0,1840317.0,72417.0
2025-12-17T14:30:14.382021,2,17.450475771076487,1.073673354393561,1.5879451325852647,415.0,30.0,1.0,742710.0,1.0,1572862.0,68252.0
2025-12-17T14:30:14.478653,3,17.450092238728203,1.0854247969559232,1.5834765566032694,408.0,27.0,1.0,1106175.0,1.0,1975878.0,75623.0
2025-12-17T14:30:14.578774,4,17.450922179383113,1.096185154801736,1.5820196136756064,418.0,32.0,1.0,1286412.0,1.0,2380143.0,88482.0
2025-12-17T14:30:14.677827,5,17.451192372777655,1.1080269046434683,1.5862005923385216,410.0,28.0,1.0,831598.0,1.0,2418307.0,78438.0
2025-12-17T14:30:15.181161,0,17.420675274617622,1.1697104116722912,1.60467177279559,428.0,36.0,1.0,427934.0,1.0,1633628.0,75367.0
2025-12-17T14:30:15.277285,1,17.42024329382631,1.1811639023225897,1.6064115018365759,423.0,34.0,1.0,735954.0,1.0,1861617.0,72736.0
2025-12-17T14:30:15.378830,2,17.42019324271383,1.1929464625588224,1.6083841851798695,420.0,33.0,1.0,751815.0,1.0,1564367.0,67929.0
2025-12-17T14:30:15.479398,3,17.418811766610578,1.2043987010093975,1.6088776170342722,416.0,31.0,1.0,1090562.0,1.0,2000099.0,75087.0
2025-12-17T14:30:15.580775,4,17.41869495901007,1.2162617036639443,1.6076489475171771,437.0,41.0,1.0,1279465.0,1.0,2347343.0,86821.0
2025-12-17T14:30:15.682895,5,17.418079619219778,1.228153899531696,1.6041921593361101,404.0,26.0,1.0,826827.0,1.0,2411768.0,78917.0
2025-12-17T14:30:16.178626,0,17.41570750175562,1.2854373393440923,1.6069117306954919,424.0,35.0,1.0,429530.0,1.0,1636949.0,75623.0
2025-12-17T14:30:16.279400,1,17.41563933470577,1.2975366569706903,1.6088789099551406,432.0,38.0,1.0,752579.0,1.0,1839694.0,72099.0
2025-12-17T14:30:16.379057,2,17.414697817689483,1.3087958675045694,1.605667317929092,430.0,37.0,1.0,750798.0,1.0,1581938.0,67311.0
2025-12-17T14:30:16.480596,3,17.414491559248408,1.3198176235321153,1.608109112549959,427.0,36.0,1.0,1083571.0,1.0,1972537.0,74278.0
2025-12-17T14:30:16.578434,4,17.414075227903076,1.3316337846971802,1.597212666489568,422.0,34.0,1.0,1274710.0,1.0,2384174.0,88094.0
2025-12-17T14:30:16.679892,5,17.413659950130494,1.3426732002920119,1.579883753746129,428.0,36.0,1.0,839232.0,1.0,2432261.0,77122.0
2025-12-17T14:30:17.181027,0,17.396816829861013,1.3975239972102216,1.4739319107119637,429.0,37.0,1.0,433767.0,1.0,1581938.0,75265.0
2025-12-17T14:30:17.278103,1,17.38729818846989,1.4073650907220294,1.4621766532131355,426.0,35.0,1.0,747249.0,1.0,1837827.0,72515.0
2025-12-17T14:30:17.379759,3,17.388743775579556,1.4188964797169845,1.437414858901092,419.0,32.0,1.0,1089824.0,1.0,2003487.0,74808.0
2025-12-17T14:30:17.479881,4,17.3911357521386,1.43025595179844,1.4097881931794596,424.0,34.0,1.0,1267397.0,1.0,2368090.0,87945.0
2025-12-17T14:30:17.579501,5,17.39336893354221,1.4413112387482023,1.3858119942533866,405.0,26.0,1.0,821527.0,1.0,2422403.0,78837.0
2025-12-17T14:30:18.179467,0,17.40865674135368,1.5077662357572628,1.3429774730064379,415.0,31.0,1.0,428369.0,1.0,1627007.0,76265.0
2025-12-17T14:30:18.278491,1,17.4116300564137,1.518535289091119,1.3439454053778306,426.0,35.0,1.0,749529.0,1.0,1837827.0,72539.0
2025-12-17T14:30:18.379403,2,17.41415563067975,1.5297718121883026,1.3345423611742828,426.0,36.0,1.0,742459.0,1.0,1569140.0,67517.0
2025-12-17T14:30:18.477805,3,17.41721650905038,1.5430695423880394,1.3299718807107748,421.0,33.0,1.0,1072988.0,1.0,1977216.0,74707.0
2025-12-17T14:30:18.578003,4,17.419914002247683,1.5550907876910003,1.3114458601163752,423.0,34.0,1.0,1269973.0,1.0,2409321.0,88064.0
2025-12-17T14:30:18.678422,5,17.423896280592913,1.5645827195990911,1.2886503698557346,415.0,31.0,1.0,839516.0,1.0,2433085.0,78067.0
2025-12-17T14:30:19.181576,0,17.442635588616312,1.6182570440910933,1.171556202152966,420.0,33.0,1.0,428224.0,1.0,1617125.0,75905.0
2025-12-17T14:30:19.279548,1,17.44624488804435,1.6294447993166212,1.1521273820301214,439.0,41.0,1.0,749021.0,1.0,1834720.0,71612.0
2025-12-17T14:30:19.378278,2,17.45119615978855,1.639292433823,1.12661000479768,425.0,35.0,1.0,758460.0,1.0,1574460.0,67631.0
2025-12-17T14:30:19.477800,3,17.456036809528737,1.648556235761605,1.097991233966178,420.0,33.0,1.0,1109549.0,1.0,1978554.0,74758.0
2025-12-17T14:30:19.579522,4,17.46165544381658,1.6574559932744393,1.0757014482865679,425.0,35.0,1.0,1280764.0,1.0,2344167.0,87885.0
2025-12-17T14:30:19.684361,5,17.466884582842532,1.6678856893239615,1.057164605682807,410.0,28.0,1.0,843789.0,1.0,2406061.0,78465.0
2025-12-17T14:30:20.182070,0,17.522727717407413,1.7190454828445443,0.9584265675261548,400.0,24.0,1.0,423181.0,1.0,1640276.0,77410.0
2025-12-17T14:30:20.283332,1,17.529164036066565,1.7281521000720765,0.9369761243781409,428.0,36.0,1.0,740201.0,1.0,1845931.0,72392.0
2025-12-17T14:30:20.385653,2,17.536145795300545,1.7381323865849545,0.9132650096772879,414.0,30.0,1.0,743213.0,1.0,1564367.0,68344.0
2025-12-17T14:30:20.477829,3,17.543213710613752,1.7469996632826508,0.891972445281363,418.0,32.0,1.0,1073351.0,1.0,1991993.0,74884.0
2025-12-17T14:30:20.579231,4,17.54977713771125,1.7561264294946959,0.8669202573988384,417.0,31.0,1.0,1249508.0,1.0,2333876.0,88572.0
2025-12-17T14:30:20.678401,5,17.557726565049315,1.7644054897773511,0.8444435709624488,405.0,26.0,1.0,828508.0,1.0,2434732.0,78837.0
2025-12-17T14:30:21.180856,0,17.608897342258093,1.7976088738345837,0.7191351165673091,411.0,29.0,1.0,429240.0,1.0,1623706.0,76576.0
2025-12-17T14:30:21.277192,1,17.617351637427795,1.805785384777428,0.6978048674653792,418.0,32.0,1.0,745481.0,1.0,1828521.0,73057.0
2025-12-17T14:30:21.389477,2,17.626582006021653,1.8126174225357037,0.6753048698133952,422.0,34.0,1.0,757178.0,1.0,1583009.0,67792.0
2025-12-17T14:30:21.478016,3,17.635409832681727,1.8188874079560726,0.6503097967875315,422.0,34.0,1.0,1099456.0,1.0,1991319.0,74606.0
2025-12-17T14:30:21.582356,4,17.64508365368046,1.8246621999800716,0.6292422557043557,417.0,31.0,1.0,1263970.0,1.0,2393877.0,88542.0
2025-12-17T14:30:21.681230,5,17.654422882601228,1.8310145895547745,0.6095422812762711,422.0,33.0,1.0,843503.0,1.0,2447953.0,77593.0
2025-12-17T14:30:22.177827,0,17.719144461104843,1.8581889097608322,0.4975181475674851,416.0,31.0,1.0,432594.0,1.0,1608391.0,76265.0
2025-12-17T14:30:22.277027,2,17.72621355587251,1.861220375806532,0.4793536088652347,424.0,34.0,1.0,745481.0,1.0,1588376.0,67700.0
2025-12-17T14:30:22.379283,3,17.7268193340455,1.8620142480187436,0.4746655956182629,421.0,33.0,1.0,1102064.0,1.0,2003487.0,74732.0
2025-12-17T14:30:22.482530,4,17.726689880570476,1.862055820116261,0.4741661583705986,409.0,28.0,1.0,1274710.0,1.0,2333086.0,89204.0
2025-12-17T14:30:22.577019,5,17.726689880570476,1.862055820116261,0.4741661583705986,415.0,30.0,1.0,818197.0,1.0,2429793.0,78120.0
2025-12-17T14:30:23.183629,0,17.782316194006974,1.860775750391074,0.4132195493572708,407.0,27.0,1.0,423181.0,1.0,1636395.0,76887.0
2025-12-17T14:30:23.280691,1,17.794450752753576,1.8659584546629606,0.3931733186856026,418.0,32.0,1.0,749529.0,1.0,1859098.0,73057.0
2025-12-17T14:30:23.382141,2,17.80689446955851,1.8730922440819864,0.3677436262138925,404.0,26.0,1.0,736951.0,1.0,1587301.0,68972.0
2025-12-17T14:30:23.479887,3,17.819161517993273,1.8786095812726185,0.3405446214300343,405.0,26.0,1.0,1083938.0,1.0,1975878.0,75879.0
2025-12-17T14:30:23.581584,4,17.831119430146565,1.8840551022195235,0.3191871367453717,439.0,41.0,1.0,1286412.0,1.0,2418307.0,86674.0
2025-12-17T14:30:23.681785,5,17.841773361881227,1.8880528224322273,0.2976709175652149,429.0,37.0,1.0,824312.0,1.0,2406061.0,77044.0
2025-12-17T14:30:24.182345,0,17.893692892841326,1.898947898821815,0.19365519241973256,427.0,36.0,1.0,430404.0,1.0,1623706.0,75393.0
2025-12-17T14:30:24.280367,1,17.905285408018752,1.9014109707832336,0.16952729432895403,431.0,38.0,1.0,761547.0,1.0,1835341.0,72196.0
2025-12-17T14:30:24.381348,2,17.926723007239957,1.9027878032406278,0.1468800379658731,440.0,42.0,1.0,744976.0,1.0,1551712.0,66609.0
2025-12-17T14:30:24.483299,3,17.968332926478354,1.9025421597030618,0.12310753914851645,419.0,32.0,1.0,1123151.0,1.0,1996718.0,74859.0
2025-12-17T14:30:24.579583,4,17.978780735738425,1.9032936663510274,0.09433378351683773,411.0,29.0,1.0,1270833.0,1.0,2384174.0,89053.0
2025-12-17T14:30:25.181632,0,18.046780472414007,1.906676239054221,-0.03989736779241738,419.0,32.0,1.0,425047.0,1.0,1617125.0,76033.0
2025-12-17T14:30:25.278177,1,18.058084629491724,1.9069426955999713,-0.062372794205808206,425.0,35.0,1.0,762837.0,1.0,1822343.0,72588.0
2025-12-17T14:30:25.379877,2,18.06894144276353,1.9067594760445221,-0.08705644142452197,428.0,36.0,1.0,738200.0,1.0,1588376.0,67403.0
2025-12-17T14:30:25.478320,3,18.10084976322165,1.9064412681922,-0.09973876032416239,413.0,30.0,1.0,1090193.0,1.0,1989971.0,75265.0
2025-12-17T14:30:25.581963,4,18.120552657746625,1.9054275760898634,-0.11589430019440966,407.0,27.0,1.0,1249086.0,1.0,2364086.0,89446.0
2025-12-17T14:30:25.677073,5,18.13173126920144,1.9044278209290812,-0.13662112452389372,430.0,37.0,1.0,825429.0,1.0,2406061.0,76939.0
2025-12-17T14:30:26.178545,1,18.186915205224498,1.8937864653986605,-0.25445337713501276,422.0,33.0,1.0,754364.0,1.0,1844058.0,72834.0
2025-12-17T14:30:26.277198,2,18.197923392234195,1.8912748927062815,-0.2809324351759629,420.0,33.0,1.0,748261.0,1.0,1568609.0,67906.0
2025-12-17T14:30:26.379541,3,18.190738476610342,1.8865420145600709,-0.2919840459760625,422.0,33.0,1.0,1124292.0,1.0,1983919.0,74631.0
2025-12-17T14:30:26.478744,4,18.194278031071214,1.8831792526050695,-0.3087211579926455,435.0,39.0,1.0,1280331.0,1.0,2379338.0,87056.0
2025-12-17T14:30:26.577930,5,18.20530979609614,1.879126183859757,-0.33318085184583796,413.0,29.0,1.0,825429.0,1.0,2442160.0,78253.0
2025-12-17T14:30:27.181574,0,18.26617592380405,1.8524418980617305,-0.4666357884871476,430.0,37.0,1.0,425479.0,1.0,1620412.0,75214.0
2025-12-17T14:30:27.276824,1,18.284002879456214,1.8495198073950583,-0.47577447783789073,420.0,33.0,1.0,758460.0,1.0,1822960.0,72958.0
2025-12-17T14:30:27.376992,2,18.29787987101939,1.8455805322473324,-0.49786936147346633,422.0,33.0,1.0,748515.0,1.0,1585153.0,67814.0
2025-12-17T14:30:27.477172,3,18.307121870221184,1.8392462840077162,-0.5251035313116172,416.0,31.0,1.0,1103557.0,1.0,1977216.0,75087.0
2025-12-17T14:30:27.579332,4,18.31674340469662,1.8333907041322188,-0.5485275514646416,424.0,35.0,1.0,1299100.0,1.0,2364086.0,87915.0
2025-12-17T14:30:27.677568,5,18.327309363278957,1.8272443006085712,-0.5665576925800624,427.0,36.0,1.0,834700.0,1.0,2486362.0,77226.0
2025-12-17T14:30:28.180720,0,18.373366956059137,1.79390098316488,-0.6792741343818219,440.0,42.0,1.0,428369.0,1.0,1623706.0,74455.0
2025-12-17T14:30:28.277202,1,18.375223685794843,1.7868109929792428,-0.7005571430890986,420.0,33.0,1.0,746491.0,1.0,1852190.0,72958.0
2025-12-17T14:30:28.379848,2,18.37065338641127,1.7777585603209598,-0.7164608488049674,421.0,33.0,1.0,739450.0,1.0,1573394.0,67860.0
2025-12-17T14:30:28.478598,3,18.37858046799181,1.7708781910441562,-0.7367847308789387,410.0,28.0,1.0,1089086.0,1.0,1993341.0,75520.0
2025-12-17T14:30:28.583155,4,18.387844646607476,1.7635383852897721,-0.7560475234583149,422.0,33.0,1.0,1259699.0,1.0,2424043.0,88153.0
2025-12-17T14:30:28.680926,5,18.395145332426516,1.7557378356616056,-0.7813113250967603,405.0,26.0,1.0,814605.0,1.0,2403619.0,78891.0
2025-12-17T14:30:29.182834,0,18.43300065469809,1.71339022329912,-0.8888298875759438,432.0,38.0,1.0,425191.0,1.0,1645280.0,75036.0
2025-12-17T14:30:29.279410,1,18.440575243610844,1.703158423216843,-0.8949134653581653,435.0,40.0,1.0,750290.0,1.0,1834720.0,71879.0
2025-12-17T14:30:29.378807,2,18.44854772852325,1.694766365166421,-0.9147345334865506,432.0,38.0,1.0,745481.0,1.0,1556446.0,67152.0
2025-12-17T14:30:29.477001,3,18.455455420076987,1.6860512204985074,-0.9392887468980167,401.0,24.0,1.0,1112558.0,1.0,1996042.0,76162.0
2025-12-17T14:30:29.581277,4,18.46038610479203,1.6770815844740596,-0.9619821366873753,436.0,40.0,1.0,1292959.0,1.0,2376119.0,86968.0
2025-12-17T14:30:29.679832,5,18.466902075653383,1.6674042683661696,-0.986091336272876,424.0,35.0,1.0,814881.0,1.0,2428971.0,77383.0
2025-12-17T14:30:30.182386,0,18.478424866644687,1.6108555380191127,-1.090637568828653,427.0,36.0,1.0,432741.0,1.0,1619316.0,75393.0
2025-12-17T14:30:30.278624,1,18.484515122180017,1.6005467919092062,-1.108710973975022,420.0,33.0,1.0,750544.0,1.0,1832858.0,72958.0
2025-12-17T14:30:30.380319,2,18.490669488789305,1.5906861142961795,-1.1311802740517625,426.0,36.0,1.0,752324.0,1.0,1561194.0,67517.0
2025-12-17T14:30:30.479834,3,18.4942833546638,1.5808280697977146,-1.151437335283165,430.0,37.0,1.0,1100573.0,1.0,1963212.0,74052.0
2025-12-17T14:30:30.582065,4,18.499770845814044,1.5705616580178372,-1.1700375832967322,400.0,24.0,1.0,1252896.0,1.0,2358492.0,90023.0
2025-12-17T14:30:30.678225,5,18.50471232731097,1.559454055215907,-1.19173153281057,423.0,34.0,1.0,825429.0,1.0,2372101.0,77488.0
2025-12-17T14:30:31.178286,0,18.506133581809152,1.497256055402893,-1.3105587058115207,432.0,38.0,1.0,433327.0,1.0,1628659.0,75087.0
2025-12-17T14:30:31.277043,1,18.50878569783728,1.4869296800209728,-1.3337807504912822,420.0,33.0,1.0,744472.0,1.0,1855327.0,72933.0
2025-12-17T14:30:31.379869,2,18.511825855309574,1.4765037801310008,-1.3515742832835007,431.0,38.0,1.0,736951.0,1.0,1575526.0,67198.0
2025-12-17T14:30:31.478536,3,18.514037588088403,1.4655301724427492,-1.3740877287778708,410.0,28.0,1.0,1083938.0,1.0,1971869.0,75469.0
2025-12-17T14:30:31.583828,4,18.51499401397592,1.4547385805162527,-1.3985232100466758,434.0,39.0,1.0,1276869.0,1.0,2376923.0,87115.0
2025-12-17T14:30:31.677623,5,18.51663236900437,1.4439102995323978,-1.4223852228117042,410.0,28.0,1.0,832161.0,1.0,2403619.0,78491.0
2025-12-17T14:30:32.180916,0,18.53185455022622,1.3749668094430891,-1.4353193420205297,433.0,39.0,1.0,441170.0,1.0,1646394.0,74960.0
2025-12-17T14:30:32.282943,1,18.533414444460455,1.3633477637637466,-1.4397856420823956,429.0,37.0,1.0,755642.0,1.0,1834099.0,72343.0
2025-12-17T14:30:32.381667,2,18.53507788161682,1.3520888814635708,-1.4412424516543259,414.0,30.0,1.0,747249.0,1.0,1586764.0,68344.0
2025-12-17T14:30:32.480547,4,18.53621001152209,1.3400830542656212,-1.4424553014217816,424.0,34.0,1.0,1274279.0,1.0,2376119.0,87974.0
2025-12-17T14:30:32.579476,5,18.53799747188593,1.3287772239929172,-1.4426907975147218,406.0,26.0,1.0,843789.0,1.0,2428971.0,78784.0
2025-12-17T14:30:33.181708,0,18.54580822165135,1.2592118827482714,-1.4414530597722324,431.0,38.0,1.0,430258.0,1.0,1631970.0,75138.0
2025-12-17T14:30:33.280932,1,18.548019307301225,1.2472848724696828,-1.442937590527808,416.0,31.0,1.0,758204.0,1.0,1843434.0,73205.0
2025-12-17T14:30:33.380187,2,18.54933393089249,1.235611642729939,-1.4424550824519615,417.0,31.0,1.0,749275.0,1.0,1549088.0,68137.0
2025-12-17T14:30:33.476928,3,18.5511692725729,1.2236405650333264,-1.443941757702384,422.0,34.0,1.0,1102437.0,1.0,1970535.0,74631.0
2025-12-17T14:30:33.578396,4,18.552240018014547,1.2125832137823913,-1.4446895607997534,413.0,30.0,1.0,1247396.0,1.0,2388212.0,88872.0
2025-12-17T14:30:33.678993,5,18.55351323936675,1.2013168767688622,-1.447891857448282,424.0,34.0,1.0,809658.0,1.0,2460412.0,77410.0
2025-12-17T14:30:34.179385,0,18.56111363186563,1.1437732144485153,-1.450112378932892,426.0,35.0,1.0,430404.0,1.0,1664886.0,75469.0
2025-12-17T14:30:34.280557,1,18.56303983215802,1.1323801628010202,-1.445415438904435,437.0,40.0,1.0,745481.0,1.0,1845931.0,71758.0
2025-12-17T14:30:34.378013,2,18.578825885950206,1.1182640329028324,-1.443689220377959,430.0,37.0,1.0,742459.0,1.0,1571797.0,67266.0
2025-12-17T14:30:34.483821,3,18.600097086238407,1.1038590724704793,-1.4377393381092383,439.0,42.0,1.0,1089824.0,1.0,1975878.0,73379.0
2025-12-17T14:30:34.582103,4,18.601637758833533,1.0916775005129562,-1.4372618031975792,426.0,36.0,1.0,1299540.0,1.0,2340996.0,87737.0
2025-12-17T14:30:34.680707,5,18.60348429969695,1.0803223250315526,-1.4375070456304289,441.0,42.0,1.0,810206.0,1.0,2401180.0,76188.0
2025-12-17T14:30:35.180124,0,18.61056283732925,1.0227205715003187,-1.440696864518894,432.0,38.0,1.0,433180.0,1.0,1616030.0,75036.0
2025-12-17T14:30:35.281851,1,18.611826323920813,1.011392362484834,-1.437977449544892,418.0,32.0,1.0,761289.0,1.0,1827284.0,73106.0
2025-12-17T14:30:35.378966,2,18.613860881243582,0.999240993696823,-1.44117289741228,428.0,36.0,1.0,736951.0,1.0,1566487.0,67403.0
2025-12-17T14:30:35.477714,3,18.615728285363105,0.9875245946519247,-1.4409472031318256,414.0,30.0,1.0,1150467.0,1.0,1994691.0,75189.0
2025-12-17T14:30:35.579453,4,18.617215593603756,0.975706335099856,-1.4416753225924654,416.0,31.0,1.0,1238561.0,1.0,2372101.0,88662.0
2025-12-17T14:30:35.682445,5,18.618674452023324,0.9644816818187092,-1.4416786568607274,439.0,41.0,1.0,818751.0,1.0,2415036.0,76291.0
2025-12-17T14:30:36.178390,0,18.62549816108382,0.9079110013363216,-1.4419409548557698,428.0,36.0,1.0,431570.0,1.0,1652535.0,75342.0
2025-12-17T14:30:36.278052,1,18.626641600022783,0.8964766421486612,-1.445152536877613,422.0,33.0,1.0,740953.0,1.0,1853444.0,72834.0
2025-12-17T14:30:36.378459,2,18.628246196755136,0.885503535895813,-1.4468883017686367,434.0,39.0,1.0,756665.0,1.0,1585690.0,67016.0
2025-12-17T14:30:36.483963,3,18.629771679673258,0.873421004007584,-1.4449043065816873,407.0,27.0,1.0,1091300.0,1.0,1961884.0,75725.0
2025-12-17T14:30:36.579988,4,18.630884753792866,0.8619336156329052,-1.4476088794281263,400.0,20.0,1.0,1267397.0,1.0,2379338.0,90911.0
2025-12-17T14:30:36.679398,5,18.63608660636759,0.8487383107435083,-1.438294954804794,417.0,31.0,1.0,811853.0,1.0,2462078.0,77909.0
2025-12-17T14:30:37.177705,0,18.658043126875384,0.7835763732369596,-1.4324387843154236,405.0,26.0,1.0,437009.0,1.0,1632522.0,77070.0
2025-12-17T14:30:37.278505,1,18.659227616970295,0.7723253512117711,-1.4334274481918454,432.0,38.0,1.0,750544.0,1.0,1864139.0,72099.0
2025-12-17T14:30:37.380652,3,18.661309812726966,0.7613780924201485,-1.4314628846091662,409.0,28.0,1.0,1114065.0,1.0,1973872.0,75597.0
2025-12-17T14:30:37.477689,5,18.66287315402937,0.7496152141326764,-1.431460625883653,420.0,32.0,1.0,833288.0,1.0,2423223.0,77751.0
2025-12-17T14:30:38.177873,0,18.67388203277627,0.6702884043683781,-1.4331363623330189,422.0,34.0,1.0,436122.0,1.0,1641387.0,75751.0
2025-12-17T14:30:38.276957,1,18.67626866683867,0.6578954934353618,-1.435619970560767,412.0,29.0,1.0,756409.0,1.0,1879342.0,73503.0
2025-12-17T14:30:38.382819,2,18.677755019257596,0.6463767450958553,-1.433169681049674,411.0,28.0,1.0,741706.0,1.0,1584081.0,68553.0
2025-12-17T14:30:38.480839,3,18.679440890241384,0.6349144662734805,-1.433664575722021,412.0,29.0,1.0,1124292.0,1.0,1988625.0,75342.0
2025-12-17T14:30:38.577896,4,18.681433562118684,0.6236629937801847,-1.4299598259793425,439.0,41.0,1.0,1273848.0,1.0,2376923.0,86762.0
2025-12-17T14:30:38.677966,5,18.682858026442585,0.6119956452600643,-1.4282388934219439,418.0,32.0,1.0,821805.0,1.0,2412585.0,77856.0
2025-12-17T14:30:39.182216,0,18.725389362322105,0.558338369900456,-1.3965427999065088,433.0,39.0,1.0,429385.0,1.0,1639166.0,74986.0
2025-12-17T14:30:39.287439,1,18.727778058884443,0.5469569619032857,-1.395049397599911,429.0,37.0,1.0,750036.0,1.0,1811275.0,72294.0
2025-12-17T14:30:39.379893,2,18.729447124985672,0.5367658776304314,-1.3957979796460311,409.0,28.0,1.0,737450.0,1.0,1555919.0,68646.0
2025-12-17T14:30:39.483426,3,18.73138792563721,0.5259095490325869,-1.398941858019836,419.0,32.0,1.0,1091300.0,1.0,1983247.0,74833.0
2025-12-17T14:30:39.583403,4,18.733412633175377,0.5151813623495372,-1.396224582399125,408.0,27.0,1.0,1290773.0,1.0,2386596.0,89415.0
2025-12-17T14:30:39.679021,5,18.735429727033615,0.5037628855521739,-1.3992001314079916,419.0,32.0,1.0,826827.0,1.0,2413401.0,77804.0
2025-12-17T14:30:40.177904,0,18.746524690977143,0.44554893554283836,-1.3992299010832403,407.0,27.0,1.0,432155.0,1.0,1651976.0,76861.0
2025-12-17T14:30:40.279012,1,18.749141038413917,0.4346777019055299,-1.3955402107802848,407.0,27.0,1.0,756922.0,1.0,1854071.0,73877.0
2025-12-17T14:30:40.381556,2,18.751339431282062,0.4236411568051519,-1.39530255848023,425.0,35.0,1.0,754875.0,1.0,1557500.0,67631.0
2025-12-17T14:30:40.479605,3,18.75341840723849,0.4126652273385858,-1.3945944197321183,427.0,36.0,1.0,1111429.0,1.0,1980564.0,74253.0
2025-12-17T14:30:40.578372,4,18.755448921165236,0.4010335024551761,-1.392830177775076,422.0,33.0,1.0,1278599.0,1.0,2327565.0,88243.0
2025-12-17T14:30:40.677142,5,18.757463576419884,0.38881116002502125,-1.392845910819666,431.0,38.0,1.0,831316.0,1.0,2360888.0,76861.0
2025-12-17T14:30:41.181365,0,18.766545764132147,0.33483251611542997,-1.3982996292636396,427.0,36.0,1.0,431863.0,1.0,1644723.0,75393.0
2025-12-17T14:30:41.278670,2,18.78081051596674,0.31880805671474377,-1.3938860637764987,400.0,21.0,1.0,747249.0,1.0,1572330.0,69676.0
2025-12-17T14:30:41.381045,3,18.78816667743138,0.3051616765143308,-1.3955773636726818,415.0,31.0,1.0,1083938.0,1.0,1996042.0,75113.0
2025-12-17T14:30:41.479648,4,18.79024814357603,0.2936584220920899,-1.392906428606161,410.0,28.0,1.0,1260979.0,1.0,2438031.0,89234.0
2025-12-17T14:30:41.579544,5,18.79202586598285,0.2819472685288389,-1.3921676435422288,425.0,35.0,1.0,818751.0,1.0,2442160.0,77305.0
2025-12-17T14:30:42.178827,0,18.805115968464072,0.21220680904686517,-1.3960735489065925,433.0,39.0,1.0,434208.0,1.0,1661508.0,74960.0
2025-12-17T14:30:42.277367,1,18.80683054081002,0.2002817639057497,-1.3980551331302853,422.0,34.0,1.0,753598.0,1.0,1862247.0,72785.0
2025-12-17T14:30:42.379820,2,18.808875322426903,0.18908863858861125,-1.3975280779346424,423.0,34.0,1.0,758460.0,1.0,1552763.0,67746.0
2025-12-17T14:30:42.479494,3,18.81095595108174,0.17816614325614566,-1.39338583595912,423.0,34.0,1.0,1077719.0,1.0,1976546.0,74530.0
2025-12-17T14:30:42.580556,4,18.81269591064363,0.1665536275896624,-1.396089102173039,437.0,40.0,1.0,1279032.0,1.0,2372101.0,86938.0
2025-12-17T14:30:42.677737,5,18.81485318888569,0.15546832080937278,-1.3936203327200065,434.0,39.0,1.0,833006.0,1.0,2406876.0,76654.0
2025-12-17T14:30:43.179997,0,18.824626650331638,0.09876464360126924,-1.390885998094654,404.0,26.0,1.0,435238.0,1.0,1614937.0,77096.0
2025-12-17T14:30:43.279406,1,18.826669013447628,0.08699924272183424,-1.3923754843074116,415.0,31.0,1.0,760517.0,1.0,1832238.0,73280.0
2025-12-17T14:30:43.386189,2,18.828909963454894,0.07587568457479321,-1.3921195872961656,422.0,33.0,1.0,747502.0,1.0,1574460.0,67837.0
2025-12-17T14:30:43.484087,3,18.830978205783442,0.06418427983859587,-1.3923729129898361,429.0,37.0,1.0,1093148.0,1.0,1994691.0,74103.0
2025-12-17T14:30:43.585887,4,18.844016667798186,0.05035217830110916,-1.3812979925101851,430.0,37.0,1.0,1249086.0,1.0,2347343.0,87529.0
2025-12-17T14:30:43.680119,5,18.856380033577544,0.03600059423541779,-1.3645157658053009,422.0,33.0,1.0,807742.0,1.0,2418307.0,77593.0
2025-12-17T14:30:44.179256,0,18.87221472245708,-0.019812674901473315,-1.2838758226043283,405.0,26.0,1.0,431863.0,1.0,1658138.0,77044.0
2025-12-17T14:30:44.277936,1,18.874641404273113,-0.030244388242845588,-1.2594496212706212,421.0,33.0,1.0,751815.0,1.0,1859098.0,72908.0
2025-12-17T14:30:44.380293,2,18.87816398994077,-0.04072508792423868,-1.2320871410098768,410.0,28.0,1.0,739200.0,1.0,1555919.0,68623.0
2025-12-17T14:30:44.479261,3,18.88193388510812,-0.05174063679438845,-1.2102754716085626,419.0,32.0,1.0,1084672.0,1.0,1982576.0,74884.0
2025-12-17T14:30:44.580308,4,18.885717329757025,-0.06182396447989014,-1.1894763969935795,408.0,27.0,1.0,1254593.0,1.0,2391448.0,89446.0
2025-12-17T14:30:44.678168,5,18.890987558110222,-0.07204944564305826,-1.1674827011398385,424.0,34.0,1.0,810754.0,1.0,2418307.0,77436.0
2025-12-17T14:30:45.178809,1,18.9146417967238,-0.1229863350936462,-1.117018799995463,431.0,38.0,1.0,768798.0,1.0,1853444.0,72196.0
2025-12-17T14:30:45.278511,2,18.919663326868204,-0.13298071246533283,-1.1167895181958412,433.0,38.0,1.0,744472.0,1.0,1562251.0,67107.0
2025-12-17T14:30:45.379363,3,18.92439826524825,-0.14387256824727146,-1.1170355376393917,403.0,25.0,1.0,1120873.0,1.0,2010279.0,76033.0
2025-12-17T14:30:45.480041,4,18.92974691334579,-0.15498368504130866,-1.1207431666792365,430.0,37.0,1.0,1291210.0,1.0,2354504.0,87499.0
2025-12-17T14:30:45.576388,5,18.93472312620742,-0.16513137420938406,-1.116046069679855,435.0,39.0,1.0,814054.0,1.0,2358492.0,76602.0
2025-12-17T14:30:46.183347,0,19.003427068896787,-0.21859730772093933,-1.01166591870068,415.0,30.0,1.0,437897.0,1.0,1636395.0,76291.0
2025-12-17T14:30:46.277754,1,19.009205363180733,-0.22864380256060635,-0.989622374062202,421.0,33.0,1.0,748261.0,1.0,1823577.0,72908.0
2025-12-17T14:30:46.379567,2,19.0156619821303,-0.23884270203878977,-0.9693961698999266,428.0,36.0,1.0,747755.0,1.0,1569140.0,67425.0
2025-12-17T14:30:46.477392,3,19.022170665496553,-0.24754463910100455,-0.9495843213756457,417.0,31.0,1.0,1093148.0,1.0,1987279.0,74986.0
2025-12-17T14:30:46.580255,4,19.027366146339947,-0.2565122061874252,-0.9207527256028808,417.0,31.0,1.0,1263542.0,1.0,2371298.0,88632.0
2025-12-17T14:30:46.678224,5,19.03290563557363,-0.2657665323933287,-0.8957805001648297,400.0,23.0,1.0,814329.0,1.0,2399555.0,79292.0
2025-12-17T14:30:47.179913,0,19.073006581283316,-0.3072611680110686,-0.788758689778445,429.0,37.0,1.0,433180.0,1.0,1625355.0,75240.0
2025-12-17T14:30:47.279514,1,19.082126128297382,-0.3151146389724193,-0.7664871456314141,409.0,28.0,1.0,752324.0,1.0,1852817.0,73727.0
2025-12-17T14:30:47.377731,2,19.090643466641655,-0.3231749826015822,-0.7402189186106405,423.0,34.0,1.0,755897.0,1.0,1558554.0,67746.0
2025-12-17T14:30:47.479205,3,19.127866461627704,-0.31777167650722404,-0.6925043947254662,411.0,28.0,1.0,1102810.0,1.0,2002131.0,75469.0
2025-12-17T14:30:47.580452,4,19.15626964767035,-0.31888570936884264,-0.6553895517808078,437.0,40.0,1.0,1276005.0,1.0,2379338.0,86938.0
2025-12-17T14:30:48.181795,0,19.211579894124284,-0.3552998281673183,-0.5199124417125575,412.0,29.0,1.0,434943.0,1.0,1645280.0,76550.0
2025-12-17T14:30:48.279736,1,19.222653901559365,-0.3611211408228314,-0.49360447621775244,430.0,37.0,1.0,763095.0,1.0,1839072.0,72245.0
2025-12-17T14:30:48.377643,2,19.244281064382097,-0.35813927254058875,-0.45274366496035984,407.0,27.0,1.0,750544.0,1.0,1574460.0,68785.0
2025-12-17T14:30:48.478169,3,19.266237365180714,-0.3578078335655661,-0.41822090210349994,419.0,32.0,1.0,1114442.0,1.0,1987279.0,74884.0
2025-12-17T14:30:48.580735,4,19.276563269491156,-0.36227114084550216,-0.3982701426355671,418.0,32.0,1.0,1258421.0,1.0,2331508.0,88542.0
2025-12-17T14:30:48.677691,5,19.28639426380405,-0.3664483162846821,-0.3740755351065876,425.0,35.0,1.0,833006.0,1.0,2411768.0,77305.0
2025-12-17T14:30:49.178508,0,19.34215727298973,-0.38181207192628364,-0.2628370948308791,442.0,43.0,1.0,439828.0,1.0,1625355.0,74304.0
2025-12-17T14:30:49.284816,1,19.342629556785717,-0.3740537594810007,-0.2311662159597616,411.0,29.0,1.0,757690.0,1.0,1854071.0,73578.0
2025-12-17T14:30:49.378409,2,19.344315768690244,-0.3665520377985789,-0.1968308600780447,418.0,32.0,1.0,754619.0,1.0,1553288.0,68044.0
2025-12-17T14:30:49.481521,3,19.35605862910649,-0.3683208685418027,-0.1726666618342155,409.0,28.0,1.0,1091300.0,1.0,1960556.0,75572.0
2025-12-17T14:30:49.581785,4,19.3665015357625,-0.3695351504775033,-0.15169730051947425,427.0,36.0,1.0,1290336.0,1.0,2376119.0,87826.0
2025-12-17T14:30:49.682943,5,19.3716417080317,-0.3697294891567662,-0.14236724474364656,405.0,26.0,1.0,811853.0,1.0,2408505.0,78837.0
2025-12-17T14:30:50.179441,0,19.37167308706406,-0.37021744401518575,-0.14086077885813753,423.0,34.0,1.0,430695.0,1.0,1643611.0,75700.0
2025-12-17T14:30:50.277428,1,19.373856295279115,-0.3669059784841924,-0.14074828541720044,426.0,35.0,1.0,735705.0,1.0,1859727.0,72515.0
2025-12-17T14:30:50.378404,2,19.38066514380978,-0.3565797288756407,-0.14039746585818985,434.0,39.0,1.0,748261.0,1.0,1550137.0,66993.0
2025-12-17T14:30:50.476661,3,19.384035346151034,-0.35701770085564277,-0.12844287735158663,414.0,30.0,1.0,1128485.0,1.0,1994691.0,75240.0
2025-12-17T14:30:50.582292,4,19.392573259008795,-0.3590048526489671,-0.10532486445421592,423.0,34.0,1.0,1284672.0,1.0,2382561.0,88153.0
2025-12-17T14:30:50.680802,5,19.405437302773127,-0.3607353599803389,-0.08302208451487214,423.0,34.0,1.0,823476.0,1.0,2388212.0,77514.0
2025-12-17T14:30:51.178490,0,19.468287921639106,-0.36083239120649324,0.031464516395349584,421.0,33.0,1.0,433914.0,1.0,1630314.0,75853.0
2025-12-17T14:30:51.277479,1,19.477850007850165,-0.3619853764053076,0.0571695523049217,423.0,34.0,1.0,751052.0,1.0,1836584.0,72711.0
2025-12-17T14:30:51.381284,2,19.487576379893625,-0.3628996652617005,0.08358126440938454,427.0,36.0,1.0,765682.0,1.0,1566487.0,67494.0
2025-12-17T14:30:51.480139,3,19.499330984452918,-0.36202714870415953,0.10183797066981834,430.0,37.0,1.0,1094259.0,1.0,2008239.0,74052.0
2025-12-17T14:30:51.578683,4,19.51192534682851,-0.3598957749582503,0.11962504120907431,411.0,28.0,1.0,1253744.0,1.0,2339412.0,89204.0
2025-12-17T14:30:51.678597,5,19.523859397404628,-0.3582151525486914,0.1359047157900214,417.0,31.0,1.0,825149.0,1.0,2408505.0,77909.0
2025-12-17T14:30:52.179076,0,19.551747454318726,-0.34012158399012904,0.24599675252402467,421.0,33.0,1.0,429094.0,1.0,1669965.0,75853.0
2025-12-17T14:30:52.277633,1,19.562568234752092,-0.33658495188517534,0.26848423144443767,419.0,32.0,1.0,764905.0,1.0,1866032.0,73057.0
2025-12-17T14:30:52.379312,2,19.57306578193265,-0.33245247423604063,0.29553778091620364,443.0,43.0,1.0,739951.0,1.0,1578728.0,66429.0
2025-12-17T14:30:52.478619,3,19.584095119926815,-0.32959205997423346,0.319165624404961,415.0,31.0,1.0,1110301.0,1.0,2001454.0,75113.0
2025-12-17T14:30:52.577950,4,19.595564978026943,-0.3261025460725868,0.3438880278312858,427.0,36.0,1.0,1274279.0,1.0,2391448.0,87826.0
2025-12-17T14:30:52.677429,5,19.60542931185608,-0.3214664746722473,0.368674522071851,428.0,36.0,1.0,808836.0,1.0,2416671.0,77096.0
2025-12-17T14:30:53.181182,0,19.640161828156508,-0.2881648937599408,0.4858192256771979,429.0,37.0,1.0,436565.0,1.0,1640276.0,75265.0
2025-12-17T14:30:53.277492,1,19.6505572788,-0.28382049788975294,0.5063852592864191,429.0,37.0,1.0,764129.0,1.0,1829759.0,72343.0
2025-12-17T14:30:53.377898,2,19.66064149922934,-0.27824343302850174,0.5281514295648465,438.0,41.0,1.0,757690.0,1.0,1581938.0,66789.0
2025-12-17T14:30:53.476750,3,19.67071404772858,-0.27225168228823904,0.552907764600896,426.0,35.0,1.0,1102437.0,1.0,2008239.0,74379.0
2025-12-17T14:30:53.581482,4,19.679105037705124,-0.2662379921377074,0.5768156715933216,434.0,39.0,1.0,1260552.0,1.0,2384174.0,87233.0
2025-12-17T14:30:53.679861,5,19.68907473189738,-0.2596905290660345,0.6002651820367458,423.0,34.0,1.0,827107.0,1.0,2408505.0,77488.0
2025-12-17T14:30:54.179365,0,19.763633041417293,-0.22351454629685819,0.7191194415333566,428.0,36.0,1.0,436270.0,1.0,1631970.0,75342.0
2025-12-17T14:30:54.281271,1,19.77167433797134,-0.21768481338131274,0.7501039684040792,413.0,29.0,1.0,750798.0,1.0,1845931.0,73478.0
2025-12-17T14:30:54.379001,2,19.779889522598587,-0.2093993174091242,0.7747971519130001,429.0,37.0,1.0,733220.0,1.0,1556446.0,67357.0
2025-12-17T14:30:54.479979,3,19.788074619022517,-0.2000694245196044,0.7921021693027334,418.0,31.0,1.0,1084672.0,1.0,1974541.0,74960.0
2025-12-17T14:30:54.577526,4,19.796374032663966,-0.18955060610453245,0.8074488447027706,423.0,34.0,1.0,1281198.0,1.0,2398743.0,88153.0
2025-12-17T14:30:54.678727,5,19.80523665603188,-0.1802690524565591,0.83064853084988,419.0,32.0,1.0,809384.0,1.0,2395498.0,77777.0
2025-12-17T14:30:55.179595,0,19.86824910848921,-0.12495238862094915,0.9417880154630167,441.0,42.0,1.0,425191.0,1.0,1642498.0,74404.0
2025-12-17T14:30:55.278081,1,19.874471926382363,-0.11560307430005778,0.9665138701869485,414.0,30.0,1.0,747755.0,1.0,1845931.0,73404.0
2025-12-17T14:30:55.378507,2,19.880349073011455,-0.10692550996530947,0.9902781096498127,431.0,38.0,1.0,750036.0,1.0,1576059.0,67198.0
2025-12-17T14:30:55.479567,4,19.88641220991795,-0.09736414064922982,1.0135287755958267,424.0,34.0,1.0,1287283.0,1.0,2394687.0,88064.0
2025-12-17T14:30:55.581157,5,19.892093222983775,-0.08735576600753525,1.0367354628235472,415.0,31.0,1.0,831879.0,1.0,2427327.0,78067.0
2025-12-17T14:30:56.182713,0,19.907072109894735,-0.009555210568253258,1.1928165646604678,425.0,35.0,1.0,436418.0,1.0,1650858.0,75572.0
2025-12-17T14:30:56.280943,1,19.910253439395998,0.0002774453012222011,1.2208389176174343,436.0,40.0,1.0,754109.0,1.0,1854071.0,71806.0
2025-12-17T14:30:56.379496,2,19.912770276018215,0.009914719614805279,1.244127905950055,415.0,30.0,1.0,753089.0,1.0,1568609.0,68298.0
2025-12-17T14:30:56.481886,3,19.91742916516918,0.019484224744305223,1.267317748656801,404.0,25.0,1.0,1099456.0,1.0,1985262.0,75982.0
2025-12-17T14:30:56.579984,4,19.922101187885445,0.02954122031095885,1.288169690943342,420.0,33.0,1.0,1295588.0,1.0,2320486.0,88392.0
2025-12-17T14:30:56.678282,5,19.915333577245587,0.04820969286764765,1.3118617083183557,430.0,37.0,1.0,837246.0,1.0,2418307.0,76992.0
2025-12-17T14:30:57.179033,0,19.920851871449678,0.10855631279057576,1.35382335665355,403.0,25.0,1.0,430841.0,1.0,1652535.0,77226.0
2025-12-17T14:30:57.278052,1,19.92354695658633,0.11928974661537772,1.3545718006271132,405.0,26.0,1.0,750036.0,1.0,1869193.0,74052.0
2025-12-17T14:30:57.380298,3,19.926645588098708,0.1299865443965409,1.3533333217677317,431.0,38.0,1.0,1091670.0,1.0,1998746.0,73977.0
2025-12-17T14:30:57.478279,4,19.92994571218916,0.14122277539371098,1.3535639657865968,421.0,33.0,1.0,1269543.0,1.0,2380949.0,88273.0
2025-12-17T14:30:57.579277,5,19.918620391867673,0.16476300703447677,1.3544759468895677,411.0,28.0,1.0,829349.0,1.0,2447124.0,78412.0
2025-12-17T14:30:58.183835,0,19.922294664912656,0.24118684195867246,1.3980622546869514,427.0,36.0,1.0,426488.0,1.0,1644723.0,75393.0
2025-12-17T14:30:58.279188,1,19.92403877795553,0.25224265524047595,1.421939118289449,420.0,33.0,1.0,752579.0,1.0,1853444.0,72958.0
2025-12-17T14:30:58.383558,2,19.925429238680707,0.2633425299314123,1.4426361397761407,415.0,30.0,1.0,735954.0,1.0,1576059.0,68252.0
2025-12-17T14:30:58.480260,3,19.926102219692673,0.274258610866017,1.4638419262968778,416.0,31.0,1.0,1107673.0,1.0,1983247.0,75087.0
2025-12-17T14:30:58.579276,4,19.928233388016203,0.28464953263686255,1.4864127359212946,421.0,33.0,1.0,1281632.0,1.0,2355301.0,88273.0
2025-12-17T14:30:58.678669,5,19.92908276386511,0.29612448086077947,1.4918454146905584,422.0,33.0,1.0,831316.0,1.0,2428149.0,77593.0
2025-12-17T14:30:59.180986,0,19.93395877900528,0.35383006359592883,1.4947928648936175,424.0,34.0,1.0,431717.0,1.0,1627557.0,75648.0
2025-12-17T14:30:59.280040,1,19.93493994447395,0.3659661341536715,1.4925588372156806,416.0,31.0,1.0,747249.0,1.0,1850936.0,73230.0
2025-12-17T14:30:59.382000,2,19.936042191788484,0.3777040740423736,1.4945326413177398,426.0,35.0,1.0,760002.0,1.0,1588913.0,67562.0
2025-12-17T14:30:59.480222,3,19.93632519940474,0.38944979585514616,1.4923074644303262,426.0,35.0,1.0,1115197.0,1.0,1985262.0,74379.0
2025-12-17T14:30:59.578373,4,19.937452500953633,0.40078910942327184,1.4935520466341423,415.0,31.0,1.0,1288591.0,1.0,2422403.0,88782.0
2025-12-17T14:30:59.681321,5,19.93798681932137,0.41206969320035824,1.4928288898860407,413.0,29.0,1.0,820415.0,1.0,2419126.0,78253.0
2025-12-17T14:31:00.180472,0,19.94252155037736,0.470126917682391,1.4958529457221434,423.0,34.0,1.0,433767.0,1.0,1635841.0,75751.0
2025-12-17T14:31:00.277046,2,19.94344147840851,0.48101640925922595,1.4953634383013188,431.0,38.0,1.0,734710.0,1.0,1556973.0,67198.0
2025-12-17T14:31:00.378564,3,19.944383325621622,0.4923337437733437,1.4968443017797852,419.0,32.0,1.0,1106549.0,1.0,1958567.0,74859.0
2025-12-17T14:31:00.477739,4,19.945433176573673,0.5038824528086092,1.4943839202895692,439.0,41.0,1.0,1311026.0,1.0,2367289.0,86791.0
2025-12-17T14:31:00.581252,5,19.946454590711802,0.5152724713984451,1.4941207362610565,447.0,45.0,1.0,840653.0,1.0,2436381.0,75700.0
2025-12-17T14:31:01.177173,0,19.931347727460807,0.6028792227567621,1.5051240237307155,416.0,31.0,1.0,436418.0,1.0,1638612.0,76214.0
2025-12-17T14:31:01.277478,1,19.932622194530985,0.6139341897374653,1.5100436731703,411.0,28.0,1.0,758460.0,1.0,1851563.0,73628.0
2025-12-17T14:31:01.378698,2,19.93313782683592,0.6255259349468325,1.509081949785765,430.0,37.0,1.0,752579.0,1.0,1568609.0,67266.0
2025-12-17T14:31:01.478912,3,19.933943974543862,0.6368302154493506,1.5076128790980468,400.0,22.0,1.0,1102810.0,1.0,1989971.0,76524.0
2025-12-17T14:31:01.580579,4,19.934830610919832,0.6486433769822995,1.5083491871841535,421.0,33.0,1.0,1283802.0,1.0,2406876.0,88303.0
2025-12-17T14:31:01.679299,5,19.934762324733665,0.6603206287343593,1.5051380958245046,423.0,34.0,1.0,832724.0,1.0,2387404.0,77488.0
2025-12-17T14:31:02.177746,0,19.9390311633366,0.719500722321726,1.5041333033473259,421.0,33.0,1.0,435532.0,1.0,1656455.0,75879.0
2025-12-17T14:31:02.278166,1,19.94003966325245,0.7305744841812647,1.5070912223819997,420.0,33.0,1.0,753598.0,1.0,1841563.0,72933.0
2025-12-17T14:31:02.379091,2,19.94050363231781,0.7417514813873112,1.5073304297925136,411.0,28.0,1.0,749529.0,1.0,1566487.0,68553.0
2025-12-17T14:31:02.479331,3,19.941620096439927,0.7531007527673328,1.5053335592529458,417.0,31.0,1.0,1078814.0,1.0,1969868.0,75036.0
2025-12-17T14:31:02.579405,4,19.941750140538844,0.7645972662077352,1.5055822720814716,420.0,33.0,1.0,1298661.0,1.0,2406061.0,88362.0
2025-12-17T14:31:02.677051,5,19.942717978337715,0.7762812102330159,1.5016346512532066,417.0,31.0,1.0,813503.0,1.0,2426506.0,77935.0
2025-12-17T14:31:03.182486,0,19.946739190050366,0.8344909529101638,1.4979254281806207,423.0,34.0,1.0,434355.0,1.0,1664322.0,75725.0
2025-12-17T14:31:03.278783,1,19.947045928708313,0.8459594150283323,1.499153497591175,427.0,36.0,1.0,748261.0,1.0,1863508.0,72490.0
2025-12-17T14:31:03.377660,2,19.947696569104203,0.8568952417539837,1.4994114790795237,419.0,32.0,1.0,746491.0,1.0,1581938.0,67998.0
2025-12-17T14:31:03.476224,3,19.946741939306527,0.8707768600066075,1.5024141723164517,426.0,35.0,1.0,1088718.0,1.0,1991319.0,74379.0
2025-12-17T14:31:03.580267,4,19.937428186608003,0.8935949179540668,1.5151187672316617,418.0,31.0,1.0,1282499.0,1.0,2364887.0,88602.0
2025-12-17T14:31:03.681922,5,19.936479459485817,0.90692323815267,1.51935036885381,407.0,27.0,1.0,846936.0,1.0,2438031.0,78677.0
2025-12-17T14:31:04.179525,1,19.940848238665506,0.9644184122684241,1.5082626810770305,424.0,34.0,1.0,751815.0,1.0,1867928.0,72687.0
2025-12-17T14:31:04.278997,2,19.940862133453614,0.9759467538443314,1.5075035674688342,428.0,36.0,1.0,747755.0,1.0,1561722.0,67425.0
2025-12-17T14:31:04.378609,3,19.94217142379706,0.9876772768816267,1.5104634529938912,418.0,32.0,1.0,1098340.0,1.0,2010279.0,74960.0
2025-12-17T14:31:04.478244,4,19.943036624727508,0.9997715906465601,1.511197996945683,418.0,31.0,1.0,1261406.0,1.0,2444641.0,88602.0
2025-12-17T14:31:04.578320,5,19.943611946446143,1.0109217071978165,1.5117011998573366,410.0,28.0,1.0,818474.0,1.0,2420764.0,78438.0
2025-12-17T14:31:05.183283,0,19.94953017143699,1.0791234875965152,1.5141850509151686,420.0,33.0,1.0,430258.0,1.0,1619316.0,75905.0
2025-12-17T14:31:05.277713,1,19.950182701686757,1.0906066912990973,1.5126939293314938,426.0,35.0,1.0,746996.0,1.0,1848432.0,72539.0
2025-12-17T14:31:05.377977,2,19.951351967503708,1.1023687307229721,1.5127103462809715,414.0,30.0,1.0,756665.0,1.0,1562780.0,68321.0
2025-12-17T14:31:05.477372,3,19.951941355297745,1.1142277240160112,1.5132021945123062,406.0,26.0,1.0,1101691.0,1.0,1979224.0,75828.0
2025-12-17T14:31:05.578375,4,19.952401213567597,1.12538190869002,1.513708860858515,410.0,28.0,1.0,1282499.0,1.0,2364887.0,89294.0
2025-12-17T14:31:05.682888,5,19.95319047304023,1.136909625810027,1.513437349549608,415.0,31.0,1.0,817643.0,1.0,2419945.0,78067.0
2025-12-17T14:31:06.179430,0,19.955084564785892,1.1962337455046477,1.5112608549861821,411.0,29.0,1.0,430404.0,1.0,1639166.0,76576.0
2025-12-17T14:31:06.277213,1,19.95582824425642,1.206948488157968,1.5102763917314896,412.0,29.0,1.0,767758.0,1.0,1835341.0,73503.0
2025-12-17T14:31:06.380055,2,19.940309242953465,1.2234583398983485,1.5278835669588107,424.0,35.0,1.0,750798.0,1.0,1564367.0,67654.0
2025-12-17T14:31:06.481535,3,19.92472249839743,1.2360814732036367,1.545751568631316,423.0,34.0,1.0,1117085.0,1.0,2010279.0,74606.0
2025-12-17T14:31:06.579085,4,19.925491548808257,1.2479148578616908,1.548258647218154,412.0,29.0,1.0,1272124.0,1.0,2356896.0,89113.0
2025-12-17T14:31:06.684396,5,19.924893327287634,1.2594428500219728,1.5482571021518021,422.0,33.0,1.0,826267.0,1.0,2411768.0,77593.0
2025-12-17T14:31:07.178905,0,19.925565131813183,1.317357225584617,1.541575324998402,424.0,34.0,1.0,431132.0,1.0,1628659.0,75648.0
2025-12-17T14:31:07.278081,1,19.926525369225786,1.3291787078650898,1.5427930162306793,435.0,40.0,1.0,757690.0,1.0,1822343.0,71904.0
2025-12-17T14:31:07.378752,2,19.926397229054757,1.3410147725512722,1.5393387887792458,424.0,35.0,1.0,739700.0,1.0,1571797.0,67654.0
2025-12-17T14:31:07.477404,3,19.927240282220616,1.3523273197362347,1.5378565954266443,441.0,42.0,1.0,1095000.0,1.0,1992667.0,73280.0
2025-12-17T14:31:07.579637,5,19.92744355224208,1.3642824323271885,1.5368658166243476,430.0,37.0,1.0,819306.0,1.0,2447124.0,76992.0
2025-12-17T14:31:08.178535,0,19.929393992142117,1.433110028674756,1.5395762399384854,430.0,37.0,1.0,427355.0,1.0,1630866.0,75189.0
2025-12-17T14:31:08.284553,1,19.930249538646276,1.445039259335097,1.536619562855656,427.0,36.0,1.0,750290.0,1.0,1845307.0,72490.0
2025-12-17T14:31:08.379284,2,19.929951156809913,1.4558256180286673,1.5250388848417598,411.0,29.0,1.0,752579.0,1.0,1567547.0,68530.0
2025-12-17T14:31:08.478135,3,19.931417631033078,1.467491880613764,1.5047382412690875,424.0,35.0,1.0,1111052.0,1.0,2000776.0,74480.0
2025-12-17T14:31:08.577980,4,19.932865311434774,1.4779738272291087,1.4795172587815728,421.0,33.0,1.0,1290773.0,1.0,2389021.0,88332.0
2025-12-17T14:31:08.677446,5,19.935419025812266,1.488436909232302,1.4597279610966958,414.0,30.0,1.0,834700.0,1.0,2444641.0,78173.0
2025-12-17T14:31:09.178709,0,19.940238377544766,1.5448234786565394,1.3609350402157807,439.0,41.0,1.0,428514.0,1.0,1622058.0,74581.0
2025-12-17T14:31:09.282159,1,19.91497068284873,1.551878581732952,1.348929388837567,428.0,36.0,1.0,753089.0,1.0,1849058.0,72368.0
2025-12-17T14:31:09.380363,2,19.913928398884437,1.5610037080841703,1.32488844172784,434.0,39.0,1.0,744976.0,1.0,1560666.0,67016.0
2025-12-17T14:31:09.479005,3,19.91664644918494,1.571467579498309,1.3012474484653052,424.0,34.0,1.0,1093148.0,1.0,1983247.0,74505.0
2025-12-17T14:31:09.589631,4,19.91945904242639,1.5821345013330461,1.2849491895452485,428.0,36.0,1.0,1286412.0,1.0,2339412.0,87737.0
2025-12-17T14:31:09.678543,5,19.922456843727545,1.593053728717095,1.2612010964935982,418.0,32.0,1.0,820138.0,1.0,2388212.0,77856.0
2025-12-17T14:31:10.178547,0,19.942221254998856,1.6467690448282184,1.143685486367413,424.0,35.0,1.0,428369.0,1.0,1616030.0,75623.0
2025-12-17T14:31:10.280702,1,19.927201434780006,1.6590253453424815,1.1368660377514077,413.0,29.0,1.0,746996.0,1.0,1841563.0,73453.0
2025-12-17T14:31:10.383575,2,19.919636691692933,1.6695295648150772,1.1209488847127418,416.0,31.0,1.0,734959.0,1.0,1579797.0,68229.0
2025-12-17T14:31:10.481404,3,19.924436423301486,1.6799620785376828,1.10270879679728,429.0,37.0,1.0,1100946.0,1.0,1977885.0,74128.0
2025-12-17T14:31:10.580983,4,19.93042968006099,1.6889481534011086,1.0742031950989142,423.0,34.0,1.0,1299980.0,1.0,2396309.0,88153.0
2025-12-17T14:31:11.184030,0,19.9481532093444,1.7415199966257244,0.9343470397908931,430.0,37.0,1.0,424042.0,1.0,1636395.0,75214.0
2025-12-17T14:31:11.288857,1,19.941125016079557,1.7466625894489418,0.9051612346039226,419.0,32.0,1.0,729507.0,1.0,1849058.0,73032.0
2025-12-17T14:31:11.378769,2,19.94870200468368,1.7552526902849195,0.8808890653095489,433.0,39.0,1.0,749782.0,1.0,1570734.0,67061.0
2025-12-17T14:31:11.480953,3,19.955925749549763,1.762759771611913,0.8584513608173407,446.0,45.0,1.0,1131162.0,1.0,1998746.0,72908.0
2025-12-17T14:31:11.580396,4,19.963117396974372,1.7714114403381327,0.837659146965888,423.0,34.0,1.0,1301741.0,1.0,2372101.0,88153.0
2025-12-17T14:31:11.677982,5,19.970219795452977,1.7796856580947154,0.8186152038156117,410.0,28.0,1.0,832443.0,1.0,2411768.0,78438.0
2025-12-17T14:31:12.178789,0,19.973097774355548,1.8151665986505403,0.7062913113388353,419.0,32.0,1.0,431717.0,1.0,1622607.0,76033.0
2025-12-17T14:31:12.278014,1,19.97700682226725,1.8171828405468844,0.6982365269973728,436.0,40.0,1.0,753089.0,1.0,1841563.0,71806.0
2025-12-17T14:31:12.383577,2,19.97744988829097,1.817616070081728,0.6960154123942202,413.0,30.0,1.0,747502.0,1.0,1591604.0,68391.0
2025-12-17T14:31:12.479465,3,19.977306284275535,1.8175604384724835,0.6957590096170517,428.0,36.0,1.0,1079910.0,1.0,1992667.0,74228.0
2025-12-17T14:31:12.579336,4,19.977306284275535,1.8175604384724835,0.6957590096170517,423.0,34.0,1.0,1263970.0,1.0,2376119.0,88153.0
2025-12-17T14:31:12.679416,5,19.977306284275535,1.8175604384724835,0.6957590096170517,416.0,31.0,1.0,834982.0,1.0,2436381.0,77988.0
2025-12-17T14:31:13.181793,0,19.98911730483617,1.8195048716744058,0.649090050457161,429.0,37.0,1.0,430549.0,1.0,1618768.0,75291.0
2025-12-17T14:31:13.281090,1,19.99972683829101,1.8258310852031858,0.6289658812784571,419.0,32.0,1.0,757690.0,1.0,1849684.0,73032.0
2025-12-17T14:31:13.378426,2,20.01004495797873,1.83462935086321,0.6072048209197051,434.0,39.0,1.0,751561.0,1.0,1560137.0,67016.0
2025-12-17T14:31:13.484140,3,20.020666468412394,1.8436813413341024,0.5826663292618675,410.0,28.0,1.0,1094259.0,1.0,1993341.0,75495.0
2025-12-17T14:31:13.579948,4,20.030632906426224,1.8510905264362805,0.5597342088860053,400.0,20.0,1.0,1281198.0,1.0,2401180.0,90788.0
2025-12-17T14:31:13.677207,5,20.04054169232545,1.8578797440876187,0.5389394590031734,410.0,28.0,1.0,827947.0,1.0,2422403.0,78465.0
2025-12-17T14:31:14.178340,0,20.089277990511853,1.8827244047673197,0.42644721539631025,426.0,35.0,1.0,432741.0,1.0,1627557.0,75495.0
2025-12-17T14:31:14.282863,1,20.099564394705624,1.8867654905749784,0.4017439125135447,422.0,34.0,1.0,755130.0,1.0,1845307.0,72785.0
2025-12-17T14:31:14.382849,2,20.109934206409736,1.8915468038683798,0.3788681518997758,409.0,28.0,1.0,751052.0,1.0,1593221.0,68646.0
2025-12-17T14:31:14.477750,3,20.12068547557769,1.8962756275079915,0.3634796249257792,423.0,34.0,1.0,1098340.0,1.0,1988625.0,74606.0
2025-12-17T14:31:14.580624,4,20.13172292081402,1.899645214941314,0.3322921938098988,405.0,26.0,1.0,1305271.0,1.0,2380143.0,89658.0
2025-12-17T14:31:14.682248,5,20.142666678488325,1.9023194648266681,0.3085752783968958,408.0,27.0,1.0,855579.0,1.0,2433085.0,78598.0
2025-12-17T14:31:15.178954,0,20.16331251490445,1.905329821055565,0.18680625623420088,423.0,34.0,1.0,425191.0,1.0,1628659.0,75700.0
2025-12-17T14:31:15.279913,1,20.174564386156447,1.9070576047608832,0.16775510454184261,422.0,34.0,1.0,745733.0,1.0,1854699.0,72810.0
2025-12-17T14:31:15.381981,2,20.18499322839097,1.9078377370669397,0.1482042210030421,429.0,37.0,1.0,735954.0,1.0,1585690.0,67357.0
2025-12-17T14:31:15.481729,3,20.19583293372223,1.9087429448407551,0.12234127666490313,425.0,35.0,1.0,1092779.0,1.0,1983919.0,74404.0
2025-12-17T14:31:15.580601,4,20.207330218560507,1.9102135676946492,0.10178783781849286,406.0,26.0,1.0,1273416.0,1.0,2398743.0,89627.0
2025-12-17T14:31:15.678181,5,20.207316324915876,1.9108535931080777,0.08015678693082927,423.0,34.0,1.0,821805.0,1.0,2442160.0,77514.0
2025-12-17T14:31:16.180523,0,20.225611682129223,1.9084244514568454,-0.02984348472461363,403.0,25.0,1.0,430987.0,1.0,1636949.0,77200.0
2025-12-17T14:31:16.279790,1,20.236429172831144,1.9070026787240533,-0.05380802501589272,425.0,35.0,1.0,757178.0,1.0,1847181.0,72613.0
2025-12-17T14:31:16.378782,2,20.247664784521476,1.906493194834237,-0.07706470064478645,425.0,35.0,1.0,751052.0,1.0,1565427.0,67631.0
2025-12-17T14:31:16.478729,3,20.259418707926777,1.9057072806164044,-0.09532545680391129,416.0,31.0,1.0,1105052.0,1.0,1991993.0,75087.0
2025-12-17T14:31:16.577860,4,20.27022601087711,1.9050200415941578,-0.11785456937919685,419.0,32.0,1.0,1299100.0,1.0,2354504.0,88452.0
2025-12-17T14:31:16.678131,5,20.28075349680067,1.9038045928263614,-0.13972946899037747,408.0,27.0,1.0,816261.0,1.0,2484680.0,78598.0
2025-12-17T14:31:17.178569,0,20.327455263079976,1.8899112695163858,-0.2439787352029327,424.0,34.0,1.0,433767.0,1.0,1644723.0,75648.0
2025-12-17T14:31:17.277285,1,20.339414656893602,1.8879235401619656,-0.2662052654929551,425.0,35.0,1.0,749275.0,1.0,1864139.0,72588.0
2025-12-17T14:31:17.378507,3,20.350773900540478,1.8852778356213875,-0.2916542291380717,419.0,32.0,1.0,1092779.0,1.0,2002809.0,74884.0
2025-12-17T14:31:17.477715,4,20.361391324053468,1.8815845156282904,-0.31786584678886254,401.0,24.0,1.0,1262260.0,1.0,2371298.0,90023.0
2025-12-17T14:31:17.578617,5,20.371996347396987,1.878057106966459,-0.3403486527554813,428.0,36.0,1.0,824870.0,1.0,2418307.0,77096.0
2025-12-17T14:31:18.180129,0,20.369428788411174,1.849840354600456,-0.45493517923688354,436.0,40.0,1.0,426777.0,1.0,1657016.0,74732.0
2025-12-17T14:31:18.281583,1,20.379694047997642,1.8448213894530667,-0.48114187272351744,417.0,31.0,1.0,771666.0,1.0,1854699.0,73205.0
2025-12-17T14:31:18.379711,2,20.388740199514856,1.8391871195231317,-0.5041700549760381,408.0,27.0,1.0,749529.0,1.0,1571797.0,68716.0
2025-12-17T14:31:18.479698,4,20.39858369381171,1.833564632285828,-0.5244638665449969,426.0,35.0,1.0,1287283.0,1.0,2393877.0,87855.0
2025-12-17T14:31:18.578925,5,20.408007093600354,1.8275255001094681,-0.545987775779957,410.0,28.0,1.0,828508.0,1.0,2444641.0,78465.0
2025-12-17T14:31:19.177968,0,20.39914329542792,1.7878260106185468,-0.6599051802946553,432.0,38.0,1.0,432155.0,1.0,1648625.0,75087.0
2025-12-17T14:31:19.277315,2,20.408133361259793,1.780558365663845,-0.6793930872389222,418.0,32.0,1.0,758717.0,1.0,1555392.0,68044.0
2025-12-17T14:31:19.378150,3,20.41772357577832,1.773896534399709,-0.6974239906297852,414.0,30.0,1.0,1091300.0,1.0,1991319.0,75240.0
2025-12-17T14:31:19.484238,4,20.42609255316438,1.7669008347765978,-0.7205891451513243,423.0,34.0,1.0,1293835.0,1.0,2359290.0,88153.0
2025-12-17T14:31:19.585419,5,20.409312836995127,1.7627843730619137,-0.7353946775228564,418.0,32.0,1.0,841223.0,1.0,2432261.0,77856.0
2025-12-17T14:31:20.177973,0,20.41777095448328,1.7165663508440865,-0.8428905089523586,427.0,36.0,1.0,440424.0,1.0,1639166.0,75418.0
2025-12-17T14:31:20.280880,1,20.42542294608689,1.7081216110301103,-0.8705478130757767,427.0,36.0,1.0,758204.0,1.0,1862247.0,72441.0
2025-12-17T14:31:20.382373,2,20.43204834170966,1.699684470048581,-0.8932305075174904,400.0,24.0,1.0,765682.0,1.0,1588376.0,69253.0
2025-12-17T14:31:20.478595,3,20.425104483363697,1.694899645528709,-0.9055389010875295,422.0,34.0,1.0,1146580.0,1.0,1978554.0,74631.0
2025-12-17T14:31:20.579999,4,20.405424514843055,1.692912814944746,-0.9084175467787107,413.0,30.0,1.0,1289900.0,1.0,2389021.0,88963.0
2025-12-17T14:31:20.677860,5,20.412426548806863,1.6833554939700797,-0.9383229823023606,404.0,25.0,1.0,821805.0,1.0,2467918.0,78944.0
2025-12-17T14:31:21.178336,0,20.444162710008868,1.637276918911443,-1.0542852143384882,421.0,33.0,1.0,432155.0,1.0,1640831.0,75879.0
2025-12-17T14:31:21.279854,1,20.449513445907694,1.62735523115591,-1.0685276177798093,415.0,30.0,1.0,749021.0,1.0,1856583.0,73329.0
2025-12-17T14:31:21.382601,2,20.439115852713076,1.620172190327942,-1.0897993811671163,431.0,38.0,1.0,748515.0,1.0,1584081.0,67198.0
2025-12-17T14:31:21.480949,3,20.39605670569075,1.6167462010868832,-1.1024648157339711,410.0,28.0,1.0,1090562.0,1.0,1959893.0,75520.0
2025-12-17T14:31:21.578366,4,20.40020946908085,1.6069257896454552,-1.1309681127108362,408.0,27.0,1.0,1303505.0,1.0,2368090.0,89446.0
2025-12-17T14:31:21.682056,5,20.404112669011017,1.5969013284785536,-1.1512167458424296,411.0,29.0,1.0,817643.0,1.0,2411768.0,78412.0
2025-12-17T14:31:22.177348,0,20.4274249142232,1.5443414590982734,-1.2631773481082016,417.0,31.0,1.0,432301.0,1.0,1642498.0,76188.0
2025-12-17T14:31:22.281527,1,20.418161633057792,1.5337204037568153,-1.2880936963205756,431.0,38.0,1.0,741455.0,1.0,1828521.0,72172.0
2025-12-17T14:31:22.383290,2,20.373020871044087,1.5236783626971988,-1.3003251970139909,422.0,33.0,1.0,750798.0,1.0,1572330.0,67814.0
2025-12-17T14:31:22.480618,3,20.374065085175204,1.522930820649206,-1.3055081824961792,424.0,34.0,1.0,1115952.0,1.0,1998070.0,74530.0
2025-12-17T14:31:22.583202,4,20.374274927087452,1.5228862919803525,-1.3065126449633948,413.0,29.0,1.0,1264826.0,1.0,2438031.0,89023.0
2025-12-17T14:31:22.682338,5,20.373488341589464,1.5161391832049844,-1.3097306147627532,410.0,28.0,1.0,830192.0,1.0,2380949.0,78491.0
2025-12-17T14:31:23.181245,1,20.38413307305091,1.4512682842735867,-1.3156448271975067,420.0,33.0,1.0,760002.0,1.0,1857211.0,72933.0
2025-12-17T14:31:23.279303,2,20.353068555114035,1.428478997507895,-1.320192247457467,422.0,33.0,1.0,750036.0,1.0,1597541.0,67837.0
2025-12-17T14:31:23.379476,3,20.35239307110951,1.417558311880084,-1.336399335054088,430.0,37.0,1.0,1087613.0,1.0,1971869.0,74052.0
2025-12-17T14:31:23.484562,4,20.35470460850142,1.4071592974305833,-1.3596118663106926,430.0,37.0,1.0,1284672.0,1.0,2384981.0,87588.0
2025-12-17T14:31:23.580459,5,20.35745708260224,1.3964655163724977,-1.3786979731630389,420.0,33.0,1.0,815985.0,1.0,2413401.0,77698.0
2025-12-17T14:31:24.182450,0,20.3650268734725,1.3291412833181742,-1.4979336342153073,432.0,38.0,1.0,428224.0,1.0,1650299.0,75036.0
2025-12-17T14:31:24.280953,1,20.36576994764479,1.3178733943412375,-1.5026722460134951,411.0,29.0,1.0,758204.0,1.0,1860357.0,73603.0
2025-12-17T14:31:24.377684,2,20.366839888633827,1.3064103560333944,-1.5011938637985016,430.0,37.0,1.0,750798.0,1.0,1591066.0,67266.0
2025-12-17T14:31:24.478053,3,20.367444677962766,1.2943714262160864,-1.4999529349792848,421.0,33.0,1.0,1091300.0,1.0,1980564.0,74707.0
2025-12-17T14:31:24.578626,4,20.36822176882726,1.28256781077493,-1.5021563709194543,424.0,34.0,1.0,1278599.0,1.0,2382561.0,88094.0
2025-12-17T14:31:24.682371,5,20.36920864229546,1.2708840168477096,-1.5056246612299182,428.0,36.0,1.0,833006.0,1.0,2428149.0,77096.0
2025-12-17T14:31:25.180018,0,20.29146351966067,1.1951452090817938,-1.5237403031858423,415.0,31.0,1.0,437009.0,1.0,1639721.0,76265.0
2025-12-17T14:31:25.278704,1,20.29201643974887,1.1839545247098329,-1.5244278689467152,422.0,33.0,1.0,758717.0,1.0,1855327.0,72834.0
2025-12-17T14:31:25.381314,2,20.292845902372132,1.1717514943952558,-1.5202700712807682,418.0,32.0,1.0,760774.0,1.0,1567547.0,68044.0
2025-12-17T14:31:25.477660,3,20.29314622099583,1.160737451151732,-1.5240001514136237,405.0,26.0,1.0,1109549.0,1.0,1982576.0,75879.0
2025-12-17T14:31:25.581496,4,20.293774390322948,1.1489154456758133,-1.5183289352398477,434.0,39.0,1.0,1292522.0,1.0,2389021.0,87204.0
2025-12-17T14:31:25.677650,5,20.29448496079967,1.137748182782639,-1.5220281698939364,437.0,40.0,1.0,813228.0,1.0,2413401.0,76472.0
2025-12-17T14:31:26.179073,0,20.29740587242498,1.080632739903118,-1.5207827834829195,429.0,37.0,1.0,435532.0,1.0,1636949.0,75291.0
2025-12-17T14:31:26.279298,1,20.297441911334364,1.0695066705003544,-1.5155855837945336,400.0,24.0,1.0,748515.0,1.0,1854071.0,74379.0
2025-12-17T14:31:26.379742,2,20.298086943090688,1.0580971171914086,-1.5150912926062845,417.0,31.0,1.0,737450.0,1.0,1576593.0,68160.0
2025-12-17T14:31:26.483672,3,20.299059489103513,1.0464084030213083,-1.5168138113200789,419.0,32.0,1.0,1093519.0,1.0,1968535.0,74833.0
2025-12-17T14:31:26.588894,4,20.29945165356057,1.0350167135896768,-1.5145952045347195,437.0,41.0,1.0,1287719.0,1.0,2342581.0,86938.0
2025-12-17T14:31:26.678406,5,20.300811174899618,1.023039343423017,-1.5191663821624573,423.0,34.0,1.0,815433.0,1.0,2431438.0,77488.0
2025-12-17T14:31:27.178629,0,20.303858308097205,0.9657478225476304,-1.5189777689381199,426.0,35.0,1.0,426633.0,1.0,1646394.0,75469.0
2025-12-17T14:31:27.277340,1,20.30396175127853,0.9537976608491938,-1.5192415633660692,428.0,36.0,1.0,772188.0,1.0,1865401.0,72368.0
2025-12-17T14:31:27.383993,2,20.304797820073492,0.9421041288620966,-1.5224483021398678,420.0,33.0,1.0,752070.0,1.0,1565427.0,67929.0
2025-12-17T14:31:27.477969,3,20.305026344730173,0.9305612538796311,-1.5207193861485917,404.0,26.0,1.0,1159850.0,1.0,2004844.0,75931.0
2025-12-17T14:31:27.583900,4,20.30587769792668,0.9184560701630975,-1.5189888231360822,425.0,35.0,1.0,1265254.0,1.0,2358492.0,87945.0
2025-12-17T14:31:27.679790,5,20.30609603660323,0.90763561175938,-1.5187557110413243,412.0,29.0,1.0,830473.0,1.0,2401180.0,78359.0
2025-12-17T14:31:28.182652,0,20.325152044354983,0.8468689311214526,-1.5057375227242609,424.0,35.0,1.0,432301.0,1.0,1648625.0,75623.0
2025-12-17T14:31:28.281822,1,20.33064492793326,0.8386391197865102,-1.502763109027169,423.0,34.0,1.0,750544.0,1.0,1862247.0,72785.0
2025-12-17T14:31:28.381970,2,20.33064492793326,0.8386391197865102,-1.502763109027169,422.0,33.0,1.0,751815.0,1.0,1575526.0,67814.0
2025-12-17T14:31:28.478702,3,20.33064492793326,0.8386391197865102,-1.502763109027169,411.0,29.0,1.0,1119356.0,1.0,1973872.0,75418.0
2025-12-17T14:31:28.578134,4,20.33064492793326,0.8386391197865102,-1.502763109027169,419.0,32.0,1.0,1282065.0,1.0,2392257.0,88482.0
2025-12-17T14:31:28.677684,5,20.33061973904207,0.8382987222858844,-1.5030138679708942,405.0,26.0,1.0,825988.0,1.0,2465413.0,78891.0
2025-12-17T14:31:29.176879,0,20.333156431378463,0.7779474781475528,-1.5017290151354366,431.0,38.0,1.0,434355.0,1.0,1639166.0,75138.0
2025-12-17T14:31:29.282225,1,20.334846503355553,0.7649667044962722,-1.505918515626275,425.0,35.0,1.0,751561.0,1.0,1859727.0,72613.0
2025-12-17T14:31:29.381450,2,20.33544491633486,0.7536470370058357,-1.5041920704402103,428.0,36.0,1.0,760002.0,1.0,1567547.0,67448.0
2025-12-17T14:31:29.479694,3,20.336509431632074,0.7425577205095166,-1.5074237316089891,413.0,30.0,1.0,1130397.0,1.0,1984590.0,75265.0
2025-12-17T14:31:29.580336,4,20.337119148750133,0.7323083723514969,-1.506686562379927,400.0,21.0,1.0,1267397.0,1.0,2352911.0,90665.0
2025-12-17T14:31:29.678558,5,20.338181653559577,0.7216819924920586,-1.5076771019901936,426.0,35.0,1.0,842362.0,1.0,2428971.0,77253.0
2025-12-17T14:31:30.177344,0,20.34182339187826,0.6643621403383726,-1.508157564046363,424.0,34.0,1.0,435827.0,1.0,1651976.0,75648.0
2025-12-17T14:31:30.277880,1,20.342189097110143,0.6532150879668457,-1.505925308235682,425.0,35.0,1.0,739450.0,1.0,1834720.0,72588.0
2025-12-17T14:31:30.378025,2,20.34296315836061,0.6413993360471864,-1.504941408049182,430.0,37.0,1.0,757178.0,1.0,1587838.0,67311.0
2025-12-17T14:31:30.477273,3,20.343385003497268,0.6298569052028533,-1.5056784238066805,420.0,32.0,1.0,1108048.0,1.0,1987279.0,74808.0
2025-12-17T14:31:30.579505,4,20.3438579682257,0.6183357004632146,-1.50124056039867,421.0,33.0,1.0,1267397.0,1.0,2438856.0,88273.0
2025-12-17T14:31:30.679772,5,20.344790044895767,0.6063594633301523,-1.5027245291942184,413.0,29.0,1.0,815157.0,1.0,2399555.0,78253.0
2025-12-17T14:31:31.177578,0,20.34849746181626,0.5479746668637162,-1.50670486191343,439.0,41.0,1.0,440275.0,1.0,1629762.0,74530.0
2025-12-17T14:31:31.276853,1,20.348676435433276,0.5365650240876736,-1.5027606281918495,419.0,32.0,1.0,755642.0,1.0,1861617.0,73032.0
2025-12-17T14:31:31.380421,2,20.34991018673099,0.5240407356442311,-1.504253725654172,412.0,29.0,1.0,749021.0,1.0,1576059.0,68483.0
2025-12-17T14:31:31.477107,3,20.35076898945113,0.5123657621169162,-1.505247189670259,435.0,39.0,1.0,1105426.0,1.0,1983247.0,73727.0
2025-12-17T14:31:31.578827,4,20.351321236166914,0.5004562224975739,-1.5045120124756508,420.0,33.0,1.0,1291647.0,1.0,2376119.0,88362.0
2025-12-17T14:31:31.684326,5,20.35225114743823,0.4891431115434006,-1.5044963268021074,432.0,38.0,1.0,832443.0,1.0,2396309.0,76835.0
2025-12-17T14:31:32.182335,0,20.386207780232986,0.42338462097377416,-1.49739561199723,419.0,32.0,1.0,432155.0,1.0,1643054.0,75982.0
2025-12-17T14:31:32.281265,1,20.386737646511904,0.4117341562310912,-1.4971662067258151,432.0,38.0,1.0,759231.0,1.0,1840317.0,72099.0
2025-12-17T14:31:32.387416,2,20.387928199410993,0.40047273005257544,-1.5016071002629758,421.0,33.0,1.0,749021.0,1.0,1583545.0,67906.0
2025-12-17T14:31:32.483057,3,20.388490769499104,0.38860586592061885,-1.496162149358905,413.0,30.0,1.0,1127340.0,1.0,2019827.0,75265.0
2025-12-17T14:31:32.581103,4,20.38990992592491,0.3767158838893554,-1.4969354706956126,416.0,31.0,1.0,1268684.0,1.0,2377728.0,88722.0
2025-12-17T14:31:33.180834,0,20.39087920022136,0.3679653680807995,-1.4912074515559004,415.0,30.0,1.0,442666.0,1.0,1648067.0,76291.0
2025-12-17T14:31:33.279728,1,20.39087920022136,0.3679653680807995,-1.4912074515559004,421.0,33.0,1.0,766719.0,1.0,1846556.0,72859.0
2025-12-17T14:31:33.377715,2,20.39087920022136,0.3679653680807995,-1.4912074515559004,431.0,38.0,1.0,746743.0,1.0,1569140.0,67198.0
2025-12-17T14:31:33.478178,3,20.390351191476974,0.3637115653013687,-1.494681858678037,438.0,41.0,1.0,1099456.0,1.0,2011640.0,73478.0
2025-12-17T14:31:33.581288,4,20.38968301936535,0.354075130994147,-1.4998579951695246,403.0,25.0,1.0,1273848.0,1.0,2379338.0,89901.0
2025-12-17T14:31:33.679658,5,20.390600970468952,0.3415547845229199,-1.5020600445275785,416.0,31.0,1.0,827387.0,1.0,2415036.0,78015.0
2025-12-17T14:31:34.177532,0,20.396409895571345,0.27707666619656024,-1.4968456075335375,423.0,34.0,1.0,439382.0,1.0,1636949.0,75725.0
2025-12-17T14:31:34.281047,1,20.397788728393678,0.26611609024609706,-1.5008129556744099,421.0,33.0,1.0,746996.0,1.0,1857211.0,72908.0
2025-12-17T14:31:34.380267,2,20.398258011223987,0.2559349592669147,-1.5005940869615653,431.0,37.0,1.0,753089.0,1.0,1577126.0,67243.0
2025-12-17T14:31:34.480230,3,20.399099963918182,0.2448677454606898,-1.4968796157480628,417.0,31.0,1.0,1095000.0,1.0,1991993.0,74986.0
2025-12-17T14:31:34.578782,4,20.400224444506787,0.23341478514181446,-1.4993424359015364,421.0,33.0,1.0,1262687.0,1.0,2375315.0,88332.0
2025-12-17T14:31:34.677507,5,20.401088996797483,0.22135912601112473,-1.4993276202114407,428.0,36.0,1.0,824591.0,1.0,2435556.0,77148.0
2025-12-17T14:31:35.179991,0,20.40534077781534,0.16468926954227214,-1.500311781837407,431.0,38.0,1.0,435238.0,1.0,1663196.0,75113.0
2025-12-17T14:31:35.281531,1,20.40623967299924,0.1532471396017101,-1.5018049418080264,420.0,33.0,1.0,760517.0,1.0,1850310.0,72958.0
2025-12-17T14:31:35.381173,2,20.40691299105722,0.14153493527262562,-1.4995857485731658,413.0,29.0,1.0,754109.0,1.0,1574993.0,68437.0
2025-12-17T14:31:35.481143,3,20.40826422247159,0.12930592310021183,-1.4990822507447956,423.0,34.0,1.0,1109549.0,1.0,2018460.0,74606.0
2025-12-17T14:31:35.581269,4,20.408617882108654,0.11757203887296441,-1.4985711911051232,419.0,32.0,1.0,1266968.0,1.0,2395498.0,88452.0
2025-12-17T14:31:35.676851,5,20.41133361904513,0.10633005245908933,-1.4904564086329142,432.0,38.0,1.0,835265.0,1.0,2383368.0,76809.0
2025-12-17T14:31:36.179845,0,20.416857417141344,0.048502912247412766,-1.487568154869467,414.0,30.0,1.0,435532.0,1.0,1646952.0,76395.0
2025-12-17T14:31:36.276705,1,20.417284838996046,0.03749667317844718,-1.4880456519234257,420.0,33.0,1.0,766460.0,1.0,1852817.0,72958.0
2025-12-17T14:31:36.379664,3,20.41780713538965,0.02549139857410765,-1.4865512902805926,432.0,38.0,1.0,1110301.0,1.0,1976546.0,73927.0
2025-12-17T14:31:36.478628,4,20.41937969638812,0.013476796691053394,-1.4894853951803892,424.0,34.0,1.0,1286847.0,1.0,2369694.0,88064.0
2025-12-17T14:31:36.581125,5,20.419533040098354,0.0021987949969037857,-1.4884951947445402,422.0,33.0,1.0,809932.0,1.0,2431438.0,77593.0
2025-12-17T14:31:37.179004,0,20.42446741967884,-0.06655316420401824,-1.4660563554545203,424.0,34.0,1.0,435238.0,1.0,1658699.0,75648.0
2025-12-17T14:31:37.277542,2,20.426259032471208,-0.07799089145581384,-1.4489755259730919,411.0,29.0,1.0,753089.0,1.0,1578194.0,68530.0
2025-12-17T14:31:37.377839,3,20.427440925430417,-0.08935743971733423,-1.42770590691727,407.0,27.0,1.0,1122011.0,1.0,1982576.0,75725.0
2025-12-17T14:31:37.477943,4,20.42943040983777,-0.10060391819972914,-1.4054645256973541,400.0,22.0,1.0,1265682.0,1.0,2358492.0,90481.0
2025-12-17T14:31:37.580153,5,20.431661647244013,-0.11218882776169181,-1.381758643596585,427.0,36.0,1.0,829069.0,1.0,2419126.0,77226.0
2025-12-17T14:31:38.179590,0,20.44994699191432,-0.1769898076100187,-1.2357539658376504,419.0,32.0,1.0,431717.0,1.0,1633075.0,76008.0
2025-12-17T14:31:38.279740,1,20.454227542399174,-0.1880600165512174,-1.2181879636106818,435.0,39.0,1.0,786165.0,1.0,1826665.0,71928.0
2025-12-17T14:31:38.381198,2,20.459771224726573,-0.19823748939959884,-1.196998395555405,414.0,30.0,1.0,743717.0,1.0,1569140.0,68344.0
2025-12-17T14:31:38.484125,3,20.465055875592526,-0.2090884753667428,-1.1732005904406546,421.0,33.0,1.0,1091300.0,1.0,1991993.0,74707.0
2025-12-17T14:31:38.581544,5,20.469191323500304,-0.22024469503828925,-1.154976773057407,406.0,26.0,1.0,822361.0,1.0,2415853.0,78784.0
2025-12-17T14:31:39.183450,0,20.50825348790933,-0.28225243454824955,-0.9952075888147092,438.0,41.0,1.0,436270.0,1.0,1654774.0,74631.0
2025-12-17T14:31:39.278959,1,20.512733984752387,-0.2911587984838988,-0.9684032459972767,415.0,30.0,1.0,762837.0,1.0,1820493.0,73329.0
2025-12-17T14:31:39.376855,2,20.518781025934196,-0.3015077264100192,-0.9500089439505542,413.0,30.0,1.0,741204.0,1.0,1574993.0,68391.0
2025-12-17T14:31:39.478491,3,20.526010488467097,-0.3107612721683193,-0.931981879188817,409.0,28.0,1.0,1110676.0,1.0,1991993.0,75597.0
2025-12-17T14:31:39.578383,4,20.53357824503523,-0.31916452693046793,-0.9104923917538783,432.0,38.0,1.0,1276005.0,1.0,2376923.0,87351.0
2025-12-17T14:31:39.679857,5,20.52861407745375,-0.32366292014380704,-0.8824442822136445,429.0,37.0,1.0,819583.0,1.0,2420764.0,77070.0
2025-12-17T14:31:40.177827,0,20.5559003412269,-0.36256338605809724,-0.7735304326897469,420.0,33.0,1.0,436861.0,1.0,1651976.0,75905.0
2025-12-17T14:31:40.279474,1,20.564302865333197,-0.3693338888896154,-0.7503015354751842,424.0,34.0,1.0,754109.0,1.0,1862247.0,72687.0
2025-12-17T14:31:40.378871,2,20.57232696804244,-0.3770761753440173,-0.725080118928715,420.0,32.0,1.0,750544.0,1.0,1565427.0,67975.0
2025-12-17T14:31:40.483025,3,20.580283058860047,-0.3844614146320495,-0.703183382322783,419.0,32.0,1.0,1110301.0,1.0,2011640.0,74859.0
2025-12-17T14:31:40.581925,4,20.568342513460685,-0.3845291356672913,-0.6776210886079012,423.0,34.0,1.0,1279465.0,1.0,2333086.0,88153.0
2025-12-17T14:31:40.678793,5,20.55697567919287,-0.3821690456706115,-0.6535701911378632,417.0,31.0,1.0,831316.0,1.0,2423223.0,77962.0
2025-12-17T14:31:41.178330,0,20.605025622636212,-0.41373684632903185,-0.5353845177230694,423.0,34.0,1.0,438490.0,1.0,1619316.0,75725.0
2025-12-17T14:31:41.277269,1,20.61432853807562,-0.41976264240699734,-0.5114243559318146,420.0,33.0,1.0,766460.0,1.0,1838450.0,72933.0
2025-12-17T14:31:41.377977,2,20.624165111169784,-0.4256815774438394,-0.49088537689377715,430.0,37.0,1.0,747755.0,1.0,1576593.0,67266.0
2025-12-17T14:31:41.482377,4,20.633955867562435,-0.4300288129155465,-0.47039586924433535,429.0,36.0,1.0,1275573.0,1.0,2382561.0,87677.0
2025-12-17T14:31:41.579540,5,20.636864617228454,-0.4337855122965859,-0.4393220306659369,426.0,35.0,1.0,814881.0,1.0,2402806.0,77253.0
2025-12-17T14:31:42.178309,0,20.678011581828223,-0.4535614076023968,-0.2976770825295121,428.0,36.0,1.0,437897.0,1.0,1661508.0,75367.0
2025-12-17T14:31:42.277685,1,20.689434430996346,-0.4563484271690541,-0.2771598794747921,418.0,32.0,1.0,753598.0,1.0,1868560.0,73131.0
2025-12-17T14:31:42.379332,2,20.699379129597066,-0.4599105025025114,-0.2521768034602165,424.0,34.0,1.0,727780.0,1.0,1575526.0,67700.0
2025-12-17T14:31:42.481550,3,20.700731779933985,-0.46039789348531635,-0.2320412599077219,419.0,32.0,1.0,1106924.0,1.0,1982576.0,74833.0
2025-12-17T14:31:42.579450,4,20.66670139182414,-0.45279086445715677,-0.2159508593179052,412.0,29.0,1.0,1287283.0,1.0,2376119.0,89053.0
2025-12-17T14:31:42.679657,5,20.670925679700815,-0.452583059197611,-0.19798683552976953,428.0,36.0,1.0,808015.0,1.0,2415036.0,77122.0
2025-12-17T14:31:43.181930,1,20.728236971415033,-0.4606414638247962,-0.07961274298520024,422.0,34.0,1.0,772711.0,1.0,1860987.0,72810.0
2025-12-17T14:31:43.276322,2,20.738959845766093,-0.4626397949682026,-0.05541802537547247,430.0,37.0,1.0,746743.0,1.0,1570202.0,67266.0
2025-12-17T14:31:43.379972,3,20.750358318833804,-0.4632346976534141,-0.032842961436694906,408.0,27.0,1.0,1131545.0,1.0,2023933.0,75648.0
2025-12-17T14:31:43.480218,4,20.76121810094956,-0.4631968629606593,-0.01486328356660448,418.0,32.0,1.0,1254593.0,1.0,2384174.0,88572.0
2025-12-17T14:31:43.584068,5,20.709502778637184,-0.45166196198167796,0.012432544963618694,424.0,35.0,1.0,816537.0,1.0,2410952.0,77383.0
2025-12-17T14:31:44.180277,0,20.74348933074229,-0.43915016416320185,0.14158566257246016,429.0,37.0,1.0,432155.0,1.0,1638057.0,75240.0
2025-12-17T14:31:44.281430,1,20.754254181996025,-0.436764956931567,0.16621517685440385,421.0,33.0,1.0,767758.0,1.0,1834099.0,72908.0
2025-12-17T14:31:44.382080,2,20.764687869680966,-0.435207881530026,0.1913678352067501,414.0,30.0,1.0,746743.0,1.0,1571797.0,68344.0
2025-12-17T14:31:44.479035,3,20.70680501461287,-0.4241322200963573,0.22022642474614257,434.0,39.0,1.0,1107673.0,1.0,2007560.0,73777.0
2025-12-17T14:31:44.579454,4,20.67217948591619,-0.41569404926315023,0.24298956085996315,438.0,41.0,1.0,1278166.0,1.0,2379338.0,86909.0
2025-12-17T14:31:44.678364,5,20.683153362839406,-0.41263837411559656,0.2655261478634737,430.0,37.0,1.0,821249.0,1.0,2403619.0,76965.0
2025-12-17T14:31:45.179146,0,20.73395162800471,-0.39711373443631715,0.3943136502158005,407.0,27.0,1.0,433180.0,1.0,1639166.0,76887.0
2025-12-17T14:31:45.279421,1,20.722360110938954,-0.3892079437670599,0.41489843664549253,415.0,30.0,1.0,760774.0,1.0,1848432.0,73329.0
2025-12-17T14:31:45.380878,2,20.70964910537043,-0.38023947822706994,0.42996419899365923,423.0,34.0,1.0,751815.0,1.0,1584081.0,67723.0
2025-12-17T14:31:45.480632,3,20.697898275383423,-0.3706780921389168,0.44525212859925684,407.0,27.0,1.0,1113311.0,1.0,2013003.0,75777.0
2025-12-17T14:31:45.579639,4,20.68839637671594,-0.361209428587566,0.46705891466670896,434.0,39.0,1.0,1276437.0,1.0,2379338.0,87174.0
2025-12-17T14:31:45.676799,5,20.698391646677884,-0.35500532130973106,0.48885594648113967,409.0,28.0,1.0,815985.0,1.0,2424043.0,78544.0
2025-12-17T14:31:46.178843,0,20.74554553132265,-0.3263835395092052,0.6001095662032352,425.0,35.0,1.0,430841.0,1.0,1651976.0,75572.0
2025-12-17T14:31:46.282749,1,20.75492216781762,-0.3196720164926994,0.6235122190272261,419.0,32.0,1.0,762579.0,1.0,1840940.0,73057.0
2025-12-17T14:31:46.380777,2,20.750136649687953,-0.31121187597850586,0.6474104990950159,434.0,39.0,1.0,751815.0,1.0,1589989.0,67016.0
2025-12-17T14:31:46.480833,3,20.707718684793193,-0.2974905784312174,0.6675646072259978,425.0,35.0,1.0,1123912.0,1.0,1987952.0,74404.0
2025-12-17T14:31:46.579827,4,20.715553594642177,-0.2904874315534336,0.6908197831174193,427.0,36.0,1.0,1274279.0,1.0,2384174.0,87826.0
2025-12-17T14:31:46.681972,5,20.72430467989584,-0.28353926170670896,0.7080212695370213,418.0,31.0,1.0,808015.0,1.0,2418307.0,77909.0
2025-12-17T14:31:47.178342,0,20.765392955135056,-0.24633062781363613,0.821434977135997,426.0,35.0,1.0,436418.0,1.0,1624256.0,75495.0
2025-12-17T14:31:47.276859,1,20.760400135447412,-0.2352549945169251,0.8487355459753231,411.0,29.0,1.0,755386.0,1.0,1899807.0,73603.0
2025-12-17T14:31:47.378524,2,20.727858370499284,-0.22040728131181453,0.8821397739697302,428.0,36.0,1.0,744724.0,1.0,1580867.0,67403.0
2025-12-17T14:31:47.478008,3,20.733126821870165,-0.21092617466789498,0.9009848599133052,400.0,23.0,1.0,1100573.0,1.0,1951289.0,76369.0
2025-12-17T14:31:47.587551,4,20.74022403911121,-0.20198222042611214,0.9237089096404102,422.0,33.0,1.0,1299100.0,1.0,2386596.0,88273.0
2025-12-17T14:31:47.679404,5,20.746891381610887,-0.19285715750733878,0.9478780585129433,411.0,29.0,1.0,812677.0,1.0,2402806.0,78412.0
2025-12-17T14:31:48.181146,0,20.771726031958718,-0.14441509933337926,1.05681820360724,423.0,34.0,1.0,432594.0,1.0,1648067.0,75725.0
2025-12-17T14:31:48.278432,1,20.743583663710336,-0.12174958369788236,1.08226410729414,426.0,35.0,1.0,761805.0,1.0,1841563.0,72539.0
2025-12-17T14:31:48.378063,2,20.744523468820528,-0.10983139585885304,1.1070759365580927,422.0,33.0,1.0,750036.0,1.0,1580867.0,67837.0
2025-12-17T14:31:48.482656,3,20.749909138481677,-0.09999962797379247,1.131546392797776,419.0,32.0,1.0,1106549.0,1.0,2002131.0,74859.0
2025-12-17T14:31:48.579395,4,20.75476328515199,-0.08923033165940986,1.1495986641916929,424.0,34.0,1.0,1255018.0,1.0,2337829.0,88094.0
2025-12-17T14:31:48.678002,5,20.759119059789413,-0.078500131248596,1.1716110884138093,434.0,39.0,1.0,833288.0,1.0,2426506.0,76705.0
2025-12-17T14:31:49.178919,0,20.77828483810593,-0.025120613607066744,1.2709206475531123,429.0,37.0,1.0,434208.0,1.0,1631970.0,75291.0
2025-12-17T14:31:49.278246,1,20.745001148769916,0.0015074562122361357,1.2869441068310001,425.0,35.0,1.0,756665.0,1.0,1860357.0,72613.0
2025-12-17T14:31:49.380911,2,20.726160992389985,0.02077460069872572,1.296711198174736,412.0,29.0,1.0,743213.0,1.0,1578728.0,68460.0
2025-12-17T14:31:49.480478,3,20.72920629345577,0.031316393337830206,1.2986828890440665,435.0,39.0,1.0,1099456.0,1.0,1993341.0,73727.0
2025-12-17T14:31:49.577813,4,20.732192267533794,0.04258441487129794,1.2994068349041092,416.0,31.0,1.0,1290773.0,1.0,2383368.0,88752.0
2025-12-17T14:31:49.677765,5,20.735407813506633,0.05381389194570829,1.301868887219015,404.0,26.0,1.0,809932.0,1.0,2433085.0,78917.0
2025-12-17T14:31:50.177222,0,20.748533965861583,0.1086506642883247,1.3648041479164954,422.0,34.0,1.0,435827.0,1.0,1663196.0,75751.0
2025-12-17T14:31:50.280524,1,20.750981635240485,0.11991611718109141,1.389316887365996,412.0,29.0,1.0,750544.0,1.0,1834720.0,73528.0
2025-12-17T14:31:50.378713,2,20.753110284041547,0.13127692527052837,1.4007406515467993,426.0,36.0,1.0,765423.0,1.0,1593761.0,67517.0
2025-12-17T14:31:50.482976,3,20.7551417600193,0.14342935922660516,1.4004791290322551,416.0,31.0,1.0,1128104.0,1.0,2000099.0,75113.0
2025-12-17T14:31:50.580287,4,20.756485132326542,0.15521883256585411,1.403930317350031,434.0,39.0,1.0,1272986.0,1.0,2340204.0,87174.0
2025-12-17T14:31:50.678753,5,20.758295233447637,0.1665130972210136,1.4024403796412281,420.0,33.0,1.0,841223.0,1.0,2428149.0,77698.0
2025-12-17T14:31:51.178146,0,20.709760727411012,0.2497624823417084,1.4217389890861594,421.0,33.0,1.0,434355.0,1.0,1650299.0,75828.0
2025-12-17T14:31:51.277919,1,20.71113211546402,0.26107035943559076,1.4225060751265148,422.0,33.0,1.0,764387.0,1.0,1860987.0,72834.0
2025-12-17T14:31:51.378974,2,20.713192450898255,0.27238099442015695,1.423991282564391,400.0,22.0,1.0,750290.0,1.0,1598623.0,69511.0
2025-12-17T14:31:51.479775,3,20.71475490609535,0.2841564285645699,1.422018819527029,419.0,32.0,1.0,1133462.0,1.0,1991319.0,74884.0
2025-12-17T14:31:51.579911,4,20.716350373733498,0.29556018588283095,1.4249818864220747,423.0,34.0,1.0,1301301.0,1.0,2437206.0,88153.0
2025-12-17T14:31:51.677281,5,20.718154422963597,0.30714441627018907,1.422487585543998,428.0,36.0,1.0,820138.0,1.0,2460412.0,77096.0
2025-12-17T14:31:52.181440,0,20.72652217728165,0.36361644226502143,1.420479784279188,427.0,36.0,1.0,416503.0,1.0,1635287.0,75393.0
2025-12-17T14:31:52.277291,1,20.72792651541863,0.37511868353020006,1.422732554512307,413.0,30.0,1.0,764129.0,1.0,1879979.0,73453.0
2025-12-17T14:31:52.380501,2,20.730144055960288,0.3868866168022649,1.4252090497538568,417.0,31.0,1.0,734959.0,1.0,1576593.0,68114.0
2025-12-17T14:31:52.478533,3,20.73253208430196,0.3979291343534701,1.4271918884098218,400.0,23.0,1.0,1113311.0,1.0,1985262.0,76369.0
2025-12-17T14:31:52.577628,4,20.734752989600814,0.40875618843131356,1.4281753437872393,412.0,29.0,1.0,1292959.0,1.0,2391448.0,89113.0
2025-12-17T14:31:52.677112,5,20.736450979289017,0.420752283032769,1.4215085772506442,400.0,23.0,1.0,817643.0,1.0,2433085.0,79346.0
2025-12-17T14:31:53.180582,0,20.745277469179705,0.47809549246372995,1.4254837395147686,431.0,38.0,1.0,428514.0,1.0,1639166.0,75138.0
2025-12-17T14:31:53.278424,1,20.746907240516432,0.48964426416751294,1.428698093639404,426.0,35.0,1.0,770100.0,1.0,1828521.0,72539.0
2025-12-17T14:31:53.379384,2,20.735207507141016,0.5056328368184833,1.4345293355071536,417.0,31.0,1.0,753089.0,1.0,1553814.0,68160.0
2025-12-17T14:31:53.481701,3,20.70263176125315,0.5237361620171894,1.466499672044677,419.0,32.0,1.0,1114065.0,1.0,2001454.0,74859.0
2025-12-17T14:31:53.581008,4,20.703821797963045,0.5350561588956628,1.4669838877542436,442.0,43.0,1.0,1262260.0,1.0,2356099.0,86557.0
2025-12-17T14:31:53.684262,5,20.704900997255145,0.5461462782701654,1.464929585605731,419.0,32.0,1.0,836113.0,1.0,2432261.0,77830.0
2025-12-17T14:31:54.182192,0,20.710397383178194,0.6033916458692019,1.4673725413285252,426.0,35.0,1.0,436861.0,1.0,1644723.0,75469.0
2025-12-17T14:31:54.279755,1,20.711791683628924,0.6147527679773317,1.4700647019035389,440.0,42.0,1.0,768538.0,1.0,1849058.0,71588.0
2025-12-17T14:31:54.383978,2,20.712840882144228,0.6262941973547465,1.463875816811266,435.0,40.0,1.0,743717.0,1.0,1573927.0,66948.0
2025-12-17T14:31:54.481838,3,20.713581012312517,0.637875234479595,1.469709934417913,416.0,31.0,1.0,1095000.0,1.0,1979894.0,75087.0
2025-12-17T14:31:54.582387,4,20.71476996762062,0.6496564536880873,1.4692694230243668,400.0,23.0,1.0,1282065.0,1.0,2395498.0,90358.0
2025-12-17T14:31:54.682381,5,20.71571360205119,0.6606190597690444,1.4687954401677288,427.0,36.0,1.0,842362.0,1.0,2447124.0,77226.0
2025-12-17T14:31:55.181711,0,20.721489737479626,0.7184051797487561,1.4693113351597613,436.0,40.0,1.0,429385.0,1.0,1630866.0,74758.0
2025-12-17T14:31:55.279620,1,20.72249788615159,0.7301624366977615,1.4673250503251802,414.0,30.0,1.0,764646.0,1.0,1870459.0,73379.0
2025-12-17T14:31:55.378257,2,20.723326554514703,0.7411932666237009,1.465499053907668,428.0,36.0,1.0,737201.0,1.0,1576593.0,67425.0
2025-12-17T14:31:55.479908,3,20.724574377341504,0.752629228114615,1.4657435331740862,417.0,31.0,1.0,1110301.0,1.0,2000099.0,75036.0
2025-12-17T14:31:55.577921,4,20.725377283294893,0.7643095157029771,1.463045892352147,427.0,36.0,1.0,1279465.0,1.0,2347343.0,87796.0
2025-12-17T14:31:56.179471,0,20.688224882984844,0.8759546214568399,1.5051646856142928,414.0,30.0,1.0,429967.0,1.0,1655334.0,76369.0
2025-12-17T14:31:56.282051,3,20.6890089321661,0.8877192922032453,1.5011846851020794,422.0,34.0,1.0,1106924.0,1.0,1980564.0,74631.0
2025-12-17T14:31:56.381007,4,20.68998333025315,0.8989368020254442,1.5037076375710658,420.0,32.0,1.0,1313247.0,1.0,2434732.0,88422.0
2025-12-17T14:31:56.479074,5,20.690571916601744,0.9106451850350101,1.5021938018783458,426.0,35.0,1.0,846077.0,1.0,2438031.0,77305.0
2025-12-17T14:31:57.179933,0,20.697148939121973,0.9908925565374123,1.4974346779651646,429.0,37.0,1.0,437009.0,1.0,1638057.0,75240.0
2025-12-17T14:31:57.277945,1,20.69790825745804,1.0022604324355049,1.4935041880029838,419.0,32.0,1.0,761032.0,1.0,1875530.0,73007.0
2025-12-17T14:31:57.377886,2,20.699775590628526,1.0123959340755118,1.498703459741801,400.0,24.0,1.0,759488.0,1.0,1561194.0,69253.0
2025-12-17T14:31:57.476824,3,20.70023238513812,1.0245671076049803,1.495458760079335,428.0,36.0,1.0,1103557.0,1.0,1979224.0,74253.0
2025-12-17T14:31:57.578770,4,20.700827828768475,1.0360247350493879,1.4949808593029317,432.0,38.0,1.0,1296026.0,1.0,2392257.0,87351.0
2025-12-17T14:31:57.681856,5,20.701366040831296,1.048269760932424,1.4964555621903475,419.0,32.0,1.0,819860.0,1.0,2428971.0,77804.0
2025-12-17T14:31:58.179059,0,20.704980016485557,1.1053880228273805,1.4972382484359625,437.0,41.0,1.0,427211.0,1.0,1635841.0,74656.0
2025-12-17T14:31:58.277321,1,20.705678396308947,1.1171652829530547,1.4954000420490805,428.0,36.0,1.0,763612.0,1.0,1869193.0,72441.0
2025-12-17T14:31:58.383372,2,20.706247023725876,1.1292665980434613,1.4970873057840555,412.0,29.0,1.0,736453.0,1.0,1583545.0,68483.0
2025-12-17T14:31:58.478057,3,20.70225262790656,1.1508687763036534,1.5058747100137735,406.0,26.0,1.0,1114819.0,1.0,2019827.0,75853.0
2025-12-17T14:31:58.577842,4,20.701439109874084,1.166629368582674,1.5148712834685452,407.0,27.0,1.0,1277734.0,1.0,2389021.0,89536.0
2025-12-17T14:31:58.677042,5,20.701604948915715,1.1780733953221905,1.5123847827707266,422.0,33.0,1.0,838380.0,1.0,2427327.0,77593.0
2025-12-17T14:31:59.178966,0,20.70522464514436,1.235670503391642,1.5110699310958806,430.0,37.0,1.0,433914.0,1.0,1627557.0,75214.0
2025-12-17T14:31:59.277672,1,20.70646321867433,1.2474752239762097,1.511821774697809,430.0,37.0,1.0,738200.0,1.0,1859727.0,72294.0
2025-12-17T14:31:59.382446,2,20.706529375350318,1.2591940235429515,1.5120651546961277,425.0,35.0,1.0,756153.0,1.0,1550137.0,67608.0
2025-12-17T14:31:59.477903,3,20.708076378920943,1.2699271495417435,1.5113194788719537,423.0,34.0,1.0,1095741.0,1.0,1991993.0,74606.0
2025-12-17T14:31:59.579872,4,20.708751508494768,1.2815175787329096,1.514294421787293,425.0,35.0,1.0,1293835.0,1.0,2387404.0,88004.0
2025-12-17T14:31:59.681510,5,20.709051127429777,1.2933302616957683,1.5113456523637745,414.0,30.0,1.0,834135.0,1.0,2443814.0,78147.0
2025-12-17T14:32:00.179783,0,20.71215946925343,1.3513408974522712,1.5116020083082289,408.0,27.0,1.0,427934.0,1.0,1640276.0,76783.0
2025-12-17T14:32:00.278106,1,20.713225241431196,1.3631759732799846,1.5140422666516828,418.0,32.0,1.0,754364.0,1.0,1836584.0,73131.0
2025-12-17T14:32:00.377808,2,20.713170155110806,1.3746865743524417,1.512310911563178,429.0,37.0,1.0,745228.0,1.0,1574460.0,67334.0
2025-12-17T14:32:00.477421,3,20.71451544539407,1.3870033956021928,1.5130495411769322,413.0,29.0,1.0,1093148.0,1.0,1972537.0,75342.0
2025-12-17T14:32:00.583350,4,20.71461325271106,1.3978256648710268,1.5113056431083085,409.0,28.0,1.0,1287283.0,1.0,2369694.0,89385.0
2025-12-17T14:32:00.679476,5,20.715791346860552,1.4086643465867947,1.5100648756466193,436.0,40.0,1.0,835548.0,1.0,2467918.0,76524.0
2025-12-17T14:32:01.181136,0,20.689672897478356,1.4773523809805624,1.5335509814704262,437.0,40.0,1.0,427934.0,1.0,1634734.0,74707.0
2025-12-17T14:32:01.278487,1,20.690022647616537,1.4893307112010108,1.5340471268390359,410.0,28.0,1.0,751561.0,1.0,1838450.0,73653.0
2025-12-17T14:32:01.379018,2,20.690279435056944,1.5011633887883882,1.530578990938056,428.0,36.0,1.0,766200.0,1.0,1579797.0,67403.0
2025-12-17T14:32:01.480914,3,20.691524934860933,1.5132619897409842,1.5325246412406968,407.0,27.0,1.0,1117085.0,1.0,2002131.0,75751.0
2025-12-17T14:32:01.579952,4,20.691161449671863,1.5251579822726171,1.5327739376620495,422.0,34.0,1.0,1266968.0,1.0,2423223.0,88213.0
2025-12-17T14:32:01.678418,5,20.692673459870495,1.5361977618769487,1.53451592870746,418.0,32.0,1.0,844932.0,1.0,2445468.0,77856.0
2025-12-17T14:32:02.177963,1,20.69457394821906,1.5939563607445635,1.524082914365466,419.0,32.0,1.0,756922.0,1.0,1851563.0,73057.0
2025-12-17T14:32:02.278049,2,20.694559396155647,1.6054050180978017,1.5045918651695607,420.0,32.0,1.0,751561.0,1.0,1571266.0,67975.0
2025-12-17T14:32:02.377403,3,20.696306493693477,1.6163612130676945,1.4798965443568155,416.0,31.0,1.0,1099456.0,1.0,1963212.0,75113.0
2025-12-17T14:32:02.480592,4,20.698030679909483,1.6267763286318608,1.4488588151912298,410.0,28.0,1.0,1291647.0,1.0,2355301.0,89234.0
2025-12-17T14:32:02.579498,5,20.699632574933574,1.638115055247808,1.4210988409079637,412.0,29.0,1.0,817090.0,1.0,2380949.0,78332.0
2025-12-17T14:32:03.179516,0,20.712196444849155,1.7060191226569543,1.272399591486801,438.0,41.0,1.0,431424.0,1.0,1614937.0,74631.0
2025-12-17T14:32:03.277381,1,20.716529536057156,1.7153235856404052,1.2383936920729826,418.0,32.0,1.0,774282.0,1.0,1854071.0,73106.0
2025-12-17T14:32:03.378564,2,20.714727485358672,1.7309840700365315,1.2254418850371578,434.0,39.0,1.0,758974.0,1.0,1569140.0,67061.0
2025-12-17T14:32:03.479405,3,20.713807178080177,1.7470973631658557,1.2153495129458884,419.0,32.0,1.0,1117085.0,1.0,2004165.0,74884.0
2025-12-17T14:32:03.579342,4,20.717559160770964,1.7584767301731974,1.196765741582482,420.0,33.0,1.0,1288155.0,1.0,2377728.0,88422.0
2025-12-17T14:32:03.680197,5,20.721855547419977,1.769128133100046,1.1661762403776983,424.0,34.0,1.0,823197.0,1.0,2440507.0,77410.0
2025-12-17T14:32:04.187926,0,20.760810443122686,1.8147944466499482,1.041024699975742,423.0,34.0,1.0,426344.0,1.0,1631970.0,75725.0
2025-12-17T14:32:04.277776,1,20.772979683140026,1.8210914360946733,1.0154528585596907,432.0,38.0,1.0,744472.0,1.0,1840940.0,72099.0
2025-12-17T14:32:04.380199,2,20.778062932148906,1.8310603960707743,0.9902461316451961,427.0,36.0,1.0,755642.0,1.0,1582473.0,67517.0
2025-12-17T14:32:04.480468,4,20.78359224270003,1.840795320529236,0.9657851495164632,419.0,32.0,1.0,1288591.0,1.0,2387404.0,88452.0
2025-12-17T14:32:04.578188,5,20.79066934369903,1.8484924093831525,0.9351391344737906,425.0,35.0,1.0,839516.0,1.0,2412585.0,77357.0
2025-12-17T14:32:05.177192,0,20.830423111144448,1.9010526303891098,0.7840579320872532,432.0,38.0,1.0,438639.0,1.0,1624256.0,75036.0
2025-12-17T14:32:05.280398,1,20.838492334003114,1.9099524744570857,0.7677268494646716,427.0,36.0,1.0,749021.0,1.0,1851563.0,72490.0
2025-12-17T14:32:05.378427,2,20.846476438115317,1.9180347808387221,0.7360070456787552,415.0,30.0,1.0,754875.0,1.0,1574460.0,68298.0
2025-12-17T14:32:05.480708,3,20.855355392981657,1.9249621492501792,0.7056940443156331,417.0,31.0,1.0,1098712.0,1.0,1999423.0,74986.0
2025-12-17T14:32:05.580082,4,20.864033988030492,1.931653488567397,0.6803147500425145,414.0,30.0,1.0,1270403.0,1.0,2346549.0,88902.0
2025-12-17T14:32:05.677028,5,20.872822648629,1.9397183959408135,0.660213526765513,427.0,36.0,1.0,830754.0,1.0,2428971.0,77200.0
2025-12-17T14:32:06.178583,0,20.882799407984468,1.9592808094856577,0.5649484390548887,422.0,34.0,1.0,430404.0,1.0,1648625.0,75777.0
2025-12-17T14:32:06.277175,1,20.88267160499008,1.9590370069359055,0.5646154281996486,430.0,37.0,1.0,756409.0,1.0,1876800.0,72294.0
2025-12-17T14:32:06.380081,2,20.88267160499008,1.9590370069359055,0.5646154281996486,425.0,35.0,1.0,754364.0,1.0,1579797.0,67631.0
2025-12-17T14:32:06.482656,3,20.882671604990083,1.9590370069359047,0.5646154281996486,417.0,31.0,1.0,1137304.0,1.0,1998070.0,74986.0
2025-12-17T14:32:06.578644,4,20.87203486052775,1.955438246792065,0.5648219125612924,403.0,25.0,1.0,1304387.0,1.0,2443814.0,89840.0
2025-12-17T14:32:06.687269,5,20.841500737379576,1.9451772702453676,0.5644161222033877,417.0,31.0,1.0,842362.0,1.0,2451269.0,77909.0
2025-12-17T14:32:07.178671,0,20.89502375615633,1.9734720044095484,0.4266231460067047,415.0,30.0,1.0,432887.0,1.0,1640831.0,76291.0
2025-12-17T14:32:07.277700,1,20.90555470625204,1.9793286403065204,0.39727175187272723,417.0,31.0,1.0,749782.0,1.0,1844682.0,73205.0
2025-12-17T14:32:07.378532,2,20.915345245695626,1.983384268018237,0.3688590174895739,430.0,37.0,1.0,761547.0,1.0,1590527.0,67266.0
2025-12-17T14:32:07.477639,3,20.924728303276748,1.9868267811052247,0.34516036887528984,413.0,29.0,1.0,1105052.0,1.0,1989971.0,75342.0
2025-12-17T14:32:07.583519,4,20.934326580887564,1.9902620391374777,0.3295781536014696,421.0,33.0,1.0,1304829.0,1.0,2391448.0,88332.0
2025-12-17T14:32:07.677995,5,20.944880043394548,1.9933082705923502,0.3087118894327322,400.0,24.0,1.0,819028.0,1.0,2372101.0,79265.0
2025-12-17T14:32:08.183734,0,20.952031815935037,1.9895918765179967,0.17952442582296482,438.0,41.0,1.0,434502.0,1.0,1627557.0,74631.0
2025-12-17T14:32:08.278177,1,20.96301357491978,1.9912884110879112,0.1484656546265525,411.0,29.0,1.0,750290.0,1.0,1873627.0,73578.0
2025-12-17T14:32:08.379839,2,20.973779292365627,1.9928940660668228,0.12019678565328769,428.0,36.0,1.0,749275.0,1.0,1597000.0,67425.0
2025-12-17T14:32:08.477963,3,20.985431419457385,1.994861064530733,0.09700023705155986,420.0,33.0,1.0,1102064.0,1.0,1985934.0,74808.0
2025-12-17T14:32:08.579827,5,20.997000909389488,1.9963500402041134,0.07499063905905134,415.0,30.0,1.0,831598.0,1.0,2418307.0,78120.0
2025-12-17T14:32:09.179610,0,20.98690268181445,1.976393554642172,-0.08005661484230946,424.0,35.0,1.0,436270.0,1.0,1651976.0,75597.0
2025-12-17T14:32:09.281468,1,20.99821693864278,1.9757667315851002,-0.1077335027165374,427.0,36.0,1.0,730742.0,1.0,1850310.0,72490.0
2025-12-17T14:32:09.378169,2,21.009999184242552,1.9748930642908658,-0.12752490697979182,411.0,28.0,1.0,766460.0,1.0,1569140.0,68553.0
2025-12-17T14:32:09.477411,3,21.020772261544636,1.9732690408641407,-0.15446756113381635,411.0,28.0,1.0,1142706.0,1.0,2004844.0,75495.0
2025-12-17T14:32:09.577669,4,21.032015551367827,1.9720062363039688,-0.18062214923582956,404.0,25.0,1.0,1256718.0,1.0,2380143.0,89810.0
2025-12-17T14:32:09.676401,5,21.033133244574955,1.968951342770385,-0.2007940974325216,414.0,30.0,1.0,825988.0,1.0,2442160.0,78200.0
2025-12-17T14:32:10.179356,0,21.05458988995534,1.9515250956336203,-0.3124282068614247,419.0,32.0,1.0,430404.0,1.0,1648625.0,76033.0
2025-12-17T14:32:10.276999,1,21.06582795196115,1.9485024460107727,-0.33719088751810167,433.0,38.0,1.0,765682.0,1.0,1850936.0,72074.0
2025-12-17T14:32:10.383184,2,21.0762676101077,1.9452463015318475,-0.3613714693898185,427.0,36.0,1.0,756409.0,1.0,1572330.0,67517.0
2025-12-17T14:32:10.484013,3,21.086741416631256,1.941178439267146,-0.3885954133241348,433.0,38.0,1.0,1092779.0,1.0,1983919.0,73902.0
2025-12-17T14:32:10.586722,4,21.086954903572817,1.935693173288998,-0.40871032569572824,421.0,33.0,1.0,1285106.0,1.0,2399555.0,88332.0
2025-12-17T14:32:10.678730,5,21.0465541386771,1.927909982099183,-0.41153109063256077,412.0,29.0,1.0,823476.0,1.0,2413401.0,78359.0
2025-12-17T14:32:11.178561,0,21.034678976810618,1.9266916355894708,-0.4092216565991847,422.0,34.0,1.0,434796.0,1.0,1629762.0,75777.0
2025-12-17T14:32:11.282145,1,21.029555805326478,1.9263239810718753,-0.4057083396824081,424.0,34.0,1.0,767498.0,1.0,1869193.0,72687.0
2025-12-17T14:32:11.378610,2,21.024626216522414,1.9258586803118005,-0.40227490004463895,423.0,34.0,1.0,760259.0,1.0,1566487.0,67723.0
2025-12-17T14:32:11.478000,3,21.020202570140828,1.9253438733599504,-0.3991474342178753,418.0,32.0,1.0,1099828.0,1.0,1965872.0,74960.0
2025-12-17T14:32:11.578221,4,21.0260579878547,1.921783653083108,-0.4179462992459963,401.0,24.0,1.0,1272555.0,1.0,2358492.0,90053.0
2025-12-17T14:32:11.683071,5,21.034312046307313,1.91651128289507,-0.44855654288917884,428.0,36.0,1.0,841792.0,1.0,2453759.0,77096.0
2025-12-17T14:32:12.182236,0,21.091479768970718,1.8874522960454092,-0.583571864203587,414.0,30.0,1.0,432594.0,1.0,1647509.0,76369.0
2025-12-17T14:32:12.276360,1,21.10080684416696,1.8816464703333642,-0.6088631127817992,425.0,35.0,1.0,762063.0,1.0,1839072.0,72588.0
2025-12-17T14:32:12.378244,2,21.109715117190976,1.8758661342778025,-0.6279167918901941,412.0,29.0,1.0,747755.0,1.0,1583009.0,68483.0
2025-12-17T14:32:12.483175,3,21.118814576020345,1.8700405611514475,-0.649835234448357,420.0,33.0,1.0,1103557.0,1.0,1989298.0,74808.0
2025-12-17T14:32:12.582442,4,21.127210977429307,1.8636606221293155,-0.675007842766836,425.0,35.0,1.0,1268684.0,1.0,2397120.0,88004.0
2025-12-17T14:32:12.677487,5,21.13632407526775,1.857635375678666,-0.702329069388212,423.0,34.0,1.0,823197.0,1.0,2377728.0,77488.0
2025-12-17T14:32:13.180334,0,21.138327778211167,1.8113025597496666,-0.8561584716106475,426.0,35.0,1.0,433034.0,1.0,1652535.0,75520.0
2025-12-17T14:32:13.279728,1,21.146364704673413,1.8021344279050702,-0.8748184277544593,428.0,36.0,1.0,775856.0,1.0,1864770.0,72441.0
2025-12-17T14:32:13.382108,2,21.154937471264343,1.793079549112523,-0.8920614674705735,416.0,31.0,1.0,739951.0,1.0,1560137.0,68229.0
2025-12-17T14:32:13.478642,3,21.16389901405762,1.7834980676558168,-0.9058490976921537,405.0,26.0,1.0,1111052.0,1.0,1981235.0,75931.0
2025-12-17T14:32:13.582925,4,21.171438236211312,1.7742412501302045,-0.929585773670374,413.0,29.0,1.0,1285977.0,1.0,2364086.0,89023.0
2025-12-17T14:32:13.685172,5,21.17905306396645,1.7650041144504396,-0.952254978345738,424.0,34.0,1.0,815157.0,1.0,2416671.0,77436.0
2025-12-17T14:32:14.180989,0,21.2052353471848,1.704518787347184,-1.069733342108483,433.0,38.0,1.0,435827.0,1.0,1639166.0,74986.0
2025-12-17T14:32:14.278602,1,21.21065167549422,1.6947887419768923,-1.0983983720471013,425.0,35.0,1.0,744724.0,1.0,1855955.0,72613.0
2025-12-17T14:32:14.377842,2,21.215877898193025,1.6842370974652487,-1.125390901350204,428.0,36.0,1.0,748515.0,1.0,1578194.0,67403.0
2025-12-17T14:32:14.479890,3,21.221252068174756,1.6738122562232354,-1.1520853361781622,408.0,27.0,1.0,1099456.0,1.0,2000099.0,75700.0
2025-12-17T14:32:14.583216,4,21.226339528379825,1.6634549797300346,-1.1735281066178087,420.0,33.0,1.0,1254593.0,1.0,2387404.0,88392.0
2025-12-17T14:32:14.680836,5,21.230841181348573,1.6531397393101743,-1.1979711589749789,415.0,30.0,1.0,833288.0,1.0,2404433.0,78094.0
2025-12-17T14:32:15.187266,0,21.232225934614124,1.5916724367636617,-1.3194834901044095,429.0,37.0,1.0,431132.0,1.0,1630866.0,75240.0
2025-12-17T14:32:15.281537,2,21.23427148796116,1.580398006048763,-1.349301325177693,423.0,34.0,1.0,740953.0,1.0,1577660.0,67723.0
2025-12-17T14:32:15.380495,3,21.23711956421032,1.5685547085837,-1.375495269437978,420.0,32.0,1.0,1119356.0,1.0,1973872.0,74833.0
2025-12-17T14:32:15.478817,4,21.239589637389447,1.5576571822269498,-1.3943301694110857,422.0,33.0,1.0,1250778.0,1.0,2387404.0,88243.0
2025-12-17T14:32:15.583019,5,21.240552012313405,1.5563020396735583,-1.3984326886465528,412.0,29.0,1.0,808015.0,1.0,2426506.0,78306.0
2025-12-17T14:32:16.182410,0,21.25340136824964,1.499863784575604,-1.4225316055151969,424.0,34.0,1.0,433327.0,1.0,1661508.0,75648.0
2025-12-17T14:32:16.279062,1,21.256394755149195,1.4850007218672197,-1.4235149367889781,431.0,38.0,1.0,753598.0,1.0,1842810.0,72196.0
2025-12-17T14:32:16.378392,3,21.259362577689355,1.4708779369421805,-1.4225220177742983,421.0,33.0,1.0,1087613.0,1.0,2001454.0,74758.0
2025-12-17T14:32:16.477316,4,21.261765793737666,1.4582799402804394,-1.422752772204814,416.0,31.0,1.0,1276869.0,1.0,2344167.0,88782.0
2025-12-17T14:32:16.578336,5,21.263597060940604,1.4469892547593037,-1.4225195397176171,417.0,31.0,1.0,843218.0,1.0,2434732.0,77962.0
2025-12-17T14:32:17.178931,0,21.28081687342835,1.3618578738909068,-1.525908844811387,431.0,38.0,1.0,436861.0,1.0,1633628.0,75113.0
2025-12-17T14:32:17.276884,1,21.281464169437992,1.3505074442568024,-1.5508117475695542,431.0,38.0,1.0,750544.0,1.0,1862877.0,72172.0
2025-12-17T14:32:17.379269,2,21.281702644933816,1.3388774347753198,-1.5629150521771698,414.0,30.0,1.0,747755.0,1.0,1577660.0,68321.0
2025-12-17T14:32:17.479190,3,21.28134880222944,1.327543335952452,-1.575768971657099,422.0,34.0,1.0,1108048.0,1.0,2002131.0,74656.0
2025-12-17T14:32:17.579663,4,21.281002595763816,1.3161348493899503,-1.577281572010608,415.0,30.0,1.0,1272986.0,1.0,2409321.0,88872.0
2025-12-17T14:32:17.679979,5,21.28126638789925,1.304442916991409,-1.5784983550528278,415.0,31.0,1.0,814054.0,1.0,2415036.0,78067.0
2025-12-17T14:32:18.180242,0,21.281534493862097,1.2461373605684383,-1.5802168161337942,434.0,39.0,1.0,442366.0,1.0,1618220.0,74910.0
2025-12-17T14:32:18.278431,1,21.281467549361203,1.2340867302812093,-1.58096022825546,424.0,34.0,1.0,761547.0,1.0,1860357.0,72711.0
2025-12-17T14:32:18.378928,2,21.281491958681507,1.223176289987693,-1.581710150077176,433.0,38.0,1.0,747502.0,1.0,1566487.0,67107.0
2025-12-17T14:32:18.478623,3,21.28056098946405,1.2116266020867954,-1.5814681154851884,429.0,37.0,1.0,1099828.0,1.0,1983247.0,74153.0
2025-12-17T14:32:18.580271,4,21.280488034003703,1.2002271946708962,-1.5807045655839813,421.0,33.0,1.0,1296026.0,1.0,2371298.0,88303.0
2025-12-17T14:32:19.179078,0,21.279565349378736,1.1310269911068698,-1.5858773114203648,435.0,39.0,1.0,436565.0,1.0,1645280.0,74833.0
2025-12-17T14:32:19.280002,1,21.279666648506616,1.1193118486005424,-1.5893479467013867,430.0,37.0,1.0,767498.0,1.0,1860987.0,72245.0
2025-12-17T14:32:19.378529,2,21.28031856492877,1.1062585787532608,-1.5856669020169885,439.0,42.0,1.0,739700.0,1.0,1577660.0,66677.0
2025-12-17T14:32:19.477908,3,21.286518670572363,1.083239778661504,-1.5811561034934731,422.0,34.0,1.0,1124673.0,1.0,2006880.0,74656.0
2025-12-17T14:32:19.577360,4,21.28889326921837,1.0694518971374274,-1.581896559306869,421.0,33.0,1.0,1299980.0,1.0,2348933.0,88303.0
2025-12-17T14:32:19.683757,5,21.287998736599214,1.0574808247559417,-1.5823817650823793,415.0,31.0,1.0,812677.0,1.0,2406061.0,78067.0
2025-12-17T14:32:20.180581,0,21.287126655426086,0.998835987895732,-1.5831362798013475,424.0,34.0,1.0,436270.0,1.0,1633075.0,75623.0
2025-12-17T14:32:20.276623,1,21.28810571265192,0.9872011013664634,-1.5870799377688447,432.0,38.0,1.0,744472.0,1.0,1857840.0,72123.0
2025-12-17T14:32:20.381154,2,21.287153050792952,0.9756025571613236,-1.5880709874519934,422.0,34.0,1.0,747249.0,1.0,1560137.0,67792.0
2025-12-17T14:32:20.482429,3,21.287332050037385,0.9643003310581246,-1.5890418955730399,411.0,29.0,1.0,1089824.0,1.0,1996042.0,75469.0
2025-12-17T14:32:20.579794,4,21.286677882350823,0.9535548833533456,-1.586579203125036,435.0,39.0,1.0,1283802.0,1.0,2415853.0,87174.0
2025-12-17T14:32:20.677559,5,21.285845691025017,0.942527664195933,-1.586071298302722,424.0,35.0,1.0,818751.0,1.0,2356896.0,77383.0
2025-12-17T14:32:21.178259,1,21.285467864996697,0.8829960875771565,-1.587848458227953,415.0,30.0,1.0,757947.0,1.0,1876800.0,73329.0
2025-12-17T14:32:21.280064,2,21.285123332996204,0.8719450388342613,-1.5880836802983616,433.0,38.0,1.0,744220.0,1.0,1571797.0,67107.0
2025-12-17T14:32:21.380458,3,21.284255651492487,0.860650428197876,-1.5910352684647178,410.0,28.0,1.0,1103931.0,1.0,1988625.0,75520.0
2025-12-17T14:32:21.479385,4,21.28443421963382,0.8493140682210925,-1.5967484925945095,434.0,39.0,1.0,1270833.0,1.0,2334666.0,87204.0
2025-12-17T14:32:21.579401,5,21.283811186224728,0.8375972519515189,-1.5920544333697662,419.0,32.0,1.0,821527.0,1.0,2424043.0,77777.0
2025-12-17T14:32:22.179189,0,21.295227486301407,0.7457669117969665,-1.5652717368627755,437.0,41.0,1.0,429385.0,1.0,1638612.0,74656.0
2025-12-17T14:32:22.275531,1,21.294736440572795,0.7339168974644972,-1.5612969632648213,421.0,33.0,1.0,758460.0,1.0,1879342.0,72933.0
2025-12-17T14:32:22.380546,2,21.29489977202678,0.7221386527307869,-1.5620536967243404,422.0,33.0,1.0,735208.0,1.0,1561194.0,67814.0
2025-12-17T14:32:22.482339,3,21.294947685882324,0.7104345476075995,-1.5613086499446802,415.0,31.0,1.0,1110301.0,1.0,1981905.0,75138.0
2025-12-17T14:32:22.579059,4,21.29478160255572,0.6984354270178805,-1.560315843434792,431.0,37.0,1.0,1274279.0,1.0,2386596.0,87499.0
2025-12-17T14:32:22.679889,5,21.295081814997317,0.687370456315815,-1.5608077414145527,419.0,32.0,1.0,830473.0,1.0,2407690.0,77830.0
2025-12-17T14:32:23.183066,0,21.2956940746258,0.6290766877235052,-1.5607815058811436,426.0,35.0,1.0,437305.0,1.0,1646952.0,75495.0
2025-12-17T14:32:23.281445,1,21.295533301779493,0.6177460327378155,-1.5583090289018109,416.0,31.0,1.0,766200.0,1.0,1862247.0,73230.0
2025-12-17T14:32:23.378378,2,21.295718817268437,0.6064386342531272,-1.5605416584990395,425.0,35.0,1.0,751052.0,1.0,1587838.0,67608.0
2025-12-17T14:32:23.481528,3,21.295507933034408,0.5953587783822698,-1.5588037816623026,423.0,34.0,1.0,1112181.0,1.0,1980564.0,74581.0
2025-12-17T14:32:23.589109,4,21.295490479959117,0.5840865463030012,-1.5653982952502954,421.0,33.0,1.0,1293835.0,1.0,2393877.0,88332.0
2025-12-17T14:32:23.678072,5,21.295094637482144,0.5734936616652551,-1.5670971803273213,431.0,38.0,1.0,810754.0,1.0,2413401.0,76887.0
2025-12-17T14:32:24.177803,0,21.29628652682393,0.5122615623509299,-1.5645143406300401,427.0,36.0,1.0,437305.0,1.0,1619316.0,75418.0
2025-12-17T14:32:24.278280,1,21.299266059991695,0.4907599127027318,-1.5647618958664078,407.0,27.0,1.0,764646.0,1.0,1886991.0,73877.0
2025-12-17T14:32:24.377735,2,21.299320599890237,0.47934522907321053,-1.5657244665366037,419.0,32.0,1.0,752324.0,1.0,1596460.0,67998.0
2025-12-17T14:32:24.477554,3,21.299118764702172,0.46775833774259024,-1.561751861321309,419.0,32.0,1.0,1118599.0,1.0,1999423.0,74910.0
2025-12-17T14:32:24.582225,4,21.299602650413316,0.45559903360956255,-1.5647129283589052,408.0,27.0,1.0,1260979.0,1.0,2376119.0,89446.0
2025-12-17T14:32:24.680210,5,21.299393952077683,0.44406872165680955,-1.5627353514675575,430.0,37.0,1.0,832161.0,1.0,2419126.0,76965.0
2025-12-17T14:32:25.181121,0,21.29978941143704,0.38660809478765135,-1.5652196580948412,417.0,31.0,1.0,428514.0,1.0,1648625.0,76111.0
2025-12-17T14:32:25.279001,1,21.30034316267169,0.37459359649690693,-1.5652393522531112,424.0,34.0,1.0,776381.0,1.0,1854071.0,72711.0
2025-12-17T14:32:25.379620,2,21.30045584559021,0.36314728918756245,-1.564001343018225,422.0,33.0,1.0,749529.0,1.0,1564367.0,67814.0
2025-12-17T14:32:25.478870,3,21.300498527166482,0.3510091783520881,-1.5622711779614251,413.0,29.0,1.0,1095371.0,1.0,1967203.0,75342.0
2025-12-17T14:32:25.578745,4,21.30091900016944,0.3397337360659911,-1.5625134351867167,453.0,48.0,1.0,1275573.0,1.0,2382561.0,85595.0
2025-12-17T14:32:25.687735,5,21.300861949348615,0.3242535796919217,-1.5619314851548014,422.0,34.0,1.0,815157.0,1.0,2432261.0,77567.0
2025-12-17T14:32:26.181126,0,21.30154793525001,0.2698084579600746,-1.5621497809442157,422.0,33.0,1.0,445220.0,1.0,1654774.0,75777.0
2025-12-17T14:32:26.278036,1,21.301764414654333,0.25855143361449606,-1.5653256680814531,423.0,34.0,1.0,753598.0,1.0,1878071.0,72785.0
2025-12-17T14:32:26.382599,2,21.301220654267908,0.24726757220550244,-1.5626081600820687,441.0,42.0,1.0,745481.0,1.0,1567547.0,66564.0
2025-12-17T14:32:26.478528,3,21.301603232528638,0.2354850771384953,-1.5650678531282722,422.0,34.0,1.0,1102064.0,1.0,1989298.0,74631.0
2025-12-17T14:32:26.582594,4,21.288872045940295,0.214607236722558,-1.5656523415039911,425.0,35.0,1.0,1272986.0,1.0,2373707.0,88004.0
2025-12-17T14:32:26.683396,5,21.284367146662248,0.19879980749607373,-1.5668020658517816,412.0,29.0,1.0,815985.0,1.0,2429793.0,78306.0
2025-12-17T14:32:27.177983,0,21.284304872047535,0.14089115664744067,-1.5648087367026322,436.0,40.0,1.0,436713.0,1.0,1630866.0,74758.0
2025-12-17T14:32:27.278829,1,21.28441241197814,0.12942713356859858,-1.5665275595114931,424.0,34.0,1.0,780068.0,1.0,1867296.0,72711.0
2025-12-17T14:32:27.378822,2,21.284524735887324,0.11759873703977952,-1.563325211020724,417.0,31.0,1.0,759488.0,1.0,1567547.0,68137.0
2025-12-17T14:32:27.483541,4,21.285133333588217,0.10556088639773265,-1.5645594479939993,431.0,38.0,1.0,1259699.0,1.0,2433085.0,87440.0
2025-12-17T14:32:27.582189,5,21.28507847592816,0.09383407579434433,-1.5613474483589986,426.0,35.0,1.0,840653.0,1.0,2449610.0,77305.0
2025-12-17T14:32:28.180666,0,21.286621995168666,0.02514697670732513,-1.5633281644658397,431.0,38.0,1.0,435975.0,1.0,1654214.0,75113.0
2025-12-17T14:32:28.277841,1,21.286556289322746,0.013537527406594307,-1.5625858996152926,430.0,37.0,1.0,762837.0,1.0,1855955.0,72245.0
2025-12-17T14:32:28.378324,2,21.28622368960278,0.0016607666648154051,-1.564318738871952,417.0,31.0,1.0,758717.0,1.0,1580867.0,68137.0
2025-12-17T14:32:28.480430,3,21.286380833643335,-0.009704661219054778,-1.5652902305249672,428.0,36.0,1.0,1121252.0,1.0,2002809.0,74228.0
2025-12-17T14:32:28.578178,4,21.2859960399515,-0.021800276549229558,-1.5637856865083504,438.0,41.0,1.0,1270403.0,1.0,2369694.0,86850.0
2025-12-17T14:32:28.683706,5,21.286635596746592,-0.03366347522200552,-1.5662344909475436,436.0,40.0,1.0,813228.0,1.0,2406061.0,76524.0
2025-12-17T14:32:29.178853,0,21.26043563160406,-0.1080398468679169,-1.5660327140748689,429.0,37.0,1.0,434355.0,1.0,1622058.0,75291.0
2025-12-17T14:32:29.278588,1,21.25965429967564,-0.11914514980157875,-1.5635740646902274,411.0,29.0,1.0,758204.0,1.0,1871725.0,73578.0
2025-12-17T14:32:29.377750,2,21.259673764068047,-0.1309338326626639,-1.566301300091271,420.0,32.0,1.0,740201.0,1.0,1580867.0,67975.0
2025-12-17T14:32:29.478030,3,21.25986622138107,-0.14260639909536188,-1.5665968754720583,410.0,28.0,1.0,1102064.0,1.0,1957241.0,75572.0
2025-12-17T14:32:29.578865,4,21.260027114935788,-0.15488731237199538,-1.565119769892577,402.0,25.0,1.0,1278166.0,1.0,2369694.0,89931.0
2025-12-17T14:32:29.678326,5,21.260654095319346,-0.16618977624711206,-1.5656147916911785,426.0,35.0,1.0,838097.0,1.0,2411768.0,77305.0
2025-12-17T14:32:30.181058,0,21.26068637880917,-0.22209377667151653,-1.5555365958862517,428.0,36.0,1.0,437601.0,1.0,1659260.0,75367.0
2025-12-17T14:32:30.278485,1,21.260778865430503,-0.23345515429303987,-1.529725083038235,407.0,27.0,1.0,771143.0,1.0,1855955.0,73877.0
2025-12-17T14:32:30.380359,2,21.26097859844357,-0.2453204378660958,-1.5080196853414347,425.0,35.0,1.0,747755.0,1.0,1568609.0,67608.0
2025-12-17T14:32:30.484365,3,21.262141797633614,-0.2573154108533915,-1.4879707594765446,423.0,34.0,1.0,1108048.0,1.0,1985934.0,74581.0
2025-12-17T14:32:30.577940,4,21.263284650371933,-0.2686022969854909,-1.4567797367591913,420.0,33.0,1.0,1271263.0,1.0,2394687.0,88422.0
2025-12-17T14:32:30.677256,5,21.26277343393304,-0.2785831205642202,-1.4224613278478495,410.0,28.0,1.0,827107.0,1.0,2411768.0,78491.0
2025-12-17T14:32:31.184178,0,21.275772621535634,-0.33569075982182284,-1.3020102867984937,415.0,30.0,1.0,436270.0,1.0,1650858.0,76265.0
2025-12-17T14:32:31.281138,1,21.27969637525843,-0.3456110278887685,-1.2721812830679649,426.0,35.0,1.0,762063.0,1.0,1846556.0,72539.0
2025-12-17T14:32:31.377860,2,21.288506961100996,-0.34971139499786297,-1.2326396143896068,420.0,33.0,1.0,744976.0,1.0,1576059.0,67929.0
2025-12-17T14:32:31.477335,3,21.29374717634819,-0.35875948857932194,-1.2036890299771645,411.0,29.0,1.0,1106175.0,1.0,1969868.0,75469.0
2025-12-17T14:32:31.578712,4,21.296962328539642,-0.3688643174946451,-1.1822560332981151,425.0,35.0,1.0,1276005.0,1.0,2348138.0,87945.0
2025-12-17T14:32:31.682136,5,21.301293204854876,-0.37915688528512703,-1.1627118306474111,421.0,33.0,1.0,811853.0,1.0,2438031.0,77646.0
2025-12-17T14:32:32.179397,0,21.33918756661331,-0.43986214691902514,-1.0291138345740172,423.0,34.0,1.0,435975.0,1.0,1630866.0,75725.0
2025-12-17T14:32:32.280680,1,21.345092512448232,-0.4488895803455666,-1.0026055316974525,430.0,37.0,1.0,740702.0,1.0,1862247.0,72294.0
2025-12-17T14:32:32.381961,2,21.34994513689491,-0.457648892540381,-0.9743242674903931,431.0,38.0,1.0,759488.0,1.0,1570734.0,67198.0
2025-12-17T14:32:32.478664,3,21.354543944803623,-0.46718002000315373,-0.9490988924586731,414.0,30.0,1.0,1100946.0,1.0,1993341.0,75214.0
2025-12-17T14:32:32.578858,4,21.361152215207923,-0.47690680578987443,-0.9264425268382408,422.0,34.0,1.0,1290336.0,1.0,2382561.0,88213.0
2025-12-17T14:32:32.678092,5,21.369015332415003,-0.48625428014801475,-0.9036685475816382,419.0,32.0,1.0,838380.0,1.0,2397120.0,77830.0
2025-12-17T14:32:33.179237,0,21.43669486178846,-0.5030854400693068,-0.7526360875104448,423.0,34.0,1.0,435680.0,1.0,1674493.0,75700.0
2025-12-17T14:32:33.277526,1,21.44405098485221,-0.5117589965439322,-0.7306028691929825,412.0,29.0,1.0,764905.0,1.0,1858469.0,73528.0
2025-12-17T14:32:33.380645,2,21.45276512525398,-0.519742595225166,-0.7037243711880997,427.0,36.0,1.0,763612.0,1.0,1581938.0,67494.0
2025-12-17T14:32:33.477015,3,21.461697767762093,-0.5268732532050793,-0.6766479802571016,420.0,33.0,1.0,1115952.0,1.0,2010279.0,74808.0
2025-12-17T14:32:33.579828,4,21.47075873582054,-0.5319502026396217,-0.6465403550013664,438.0,41.0,1.0,1290773.0,1.0,2360888.0,86850.0
2025-12-17T14:32:33.677683,5,21.47984112880987,-0.5384947654548933,-0.6190877873574843,426.0,35.0,1.0,807468.0,1.0,2418307.0,77305.0
2025-12-17T14:32:34.181761,0,21.530627297346058,-0.5418773054658157,-0.49292155324389403,429.0,37.0,1.0,433767.0,1.0,1609480.0,75291.0
2025-12-17T14:32:34.281468,2,21.530370131226928,-0.541954741254763,-0.4924211028831167,414.0,30.0,1.0,743968.0,1.0,1564367.0,68344.0
2025-12-17T14:32:34.380140,3,21.530370131226928,-0.541954741254763,-0.4924211028831167,420.0,32.0,1.0,1098340.0,1.0,1967869.0,74833.0
2025-12-17T14:32:34.477139,4,21.530370131226928,-0.541954741254763,-0.4924211028831167,421.0,33.0,1.0,1257569.0,1.0,2354504.0,88362.0
2025-12-17T14:32:34.577921,5,21.530370131226928,-0.541954741254763,-0.4924211028831167,412.0,29.0,1.0,816814.0,1.0,2401180.0,78359.0
2025-12-17T14:32:35.182708,0,21.533256530898903,-0.518951464720578,-0.47399391627862414,416.0,31.0,1.0,431863.0,1.0,1638612.0,76188.0
2025-12-17T14:32:35.276608,1,21.53513283368303,-0.5201192919509534,-0.46352090435163107,414.0,30.0,1.0,746743.0,1.0,1868560.0,73379.0
2025-12-17T14:32:35.378611,2,21.542597354769427,-0.5229775318008212,-0.4435131057705395,418.0,32.0,1.0,753598.0,1.0,1588376.0,68067.0
2025-12-17T14:32:35.479466,3,21.554187633012447,-0.529617195685387,-0.4173371915298346,405.0,26.0,1.0,1118977.0,1.0,1979894.0,75931.0
2025-12-17T14:32:35.579245,4,21.568367992915544,-0.5363072689492494,-0.3893722973497563,438.0,41.0,1.0,1279032.0,1.0,2344961.0,86880.0
2025-12-17T14:32:35.680298,5,21.582139609140437,-0.5408096156668902,-0.36664960337644287,430.0,37.0,1.0,825988.0,1.0,2409321.0,76939.0
2025-12-17T14:32:36.182295,0,21.632501563983368,-0.5569754625389871,-0.23613739559765545,412.0,29.0,1.0,435090.0,1.0,1663196.0,76498.0
2025-12-17T14:32:36.281692,1,21.642458867491477,-0.56102002535824,-0.21053231658975163,430.0,37.0,1.0,743213.0,1.0,1876165.0,72245.0
2025-12-17T14:32:36.381080,3,21.65416427573453,-0.564454259627766,-0.18798150806709565,416.0,31.0,1.0,1092039.0,1.0,1971869.0,75113.0
2025-12-17T14:32:36.484471,4,21.66624967071373,-0.5670475704506623,-0.1657718537072504,422.0,33.0,1.0,1266968.0,1.0,2371298.0,88273.0
2025-12-17T14:32:36.578803,5,21.678080900384604,-0.568230358612662,-0.1432323048511554,424.0,35.0,1.0,815985.0,1.0,2432261.0,77383.0
2025-12-17T14:32:37.177031,0,21.74900434667064,-0.5522357886957625,0.031920527989119936,412.0,29.0,1.0,435680.0,1.0,1640276.0,76524.0
2025-12-17T14:32:37.278155,1,21.759906745627834,-0.5514402535085132,0.04821033444231889,423.0,34.0,1.0,764646.0,1.0,1839694.0,72736.0
2025-12-17T14:32:37.380084,2,21.771568000770003,-0.5503329304540756,0.06795103968998925,421.0,33.0,1.0,748515.0,1.0,1592682.0,67860.0
2025-12-17T14:32:37.477209,3,21.782485200180655,-0.549831443752562,0.09101756082006275,413.0,30.0,1.0,1089824.0,1.0,1993341.0,75291.0
2025-12-17T14:32:37.577483,4,21.792609189657586,-0.5482739351739632,0.11041359432563595,426.0,35.0,1.0,1269543.0,1.0,2380143.0,87885.0
2025-12-17T14:32:37.682750,5,21.800852968493352,-0.5367298661062856,0.1386154779268453,414.0,30.0,1.0,830473.0,1.0,2438031.0,78147.0
2025-12-17T14:32:38.178400,0,21.854169724849992,-0.5160007504007318,0.2730368163132049,429.0,37.0,1.0,426200.0,1.0,1635841.0,75291.0
2025-12-17T14:32:38.276559,1,21.86443250427753,-0.512652449021707,0.2924156323062925,414.0,30.0,1.0,760002.0,1.0,1842810.0,73379.0
2025-12-17T14:32:38.386656,2,21.875597351410878,-0.5084983955266118,0.31614275590395824,427.0,36.0,1.0,763353.0,1.0,1581938.0,67494.0
2025-12-17T14:32:38.485353,3,21.887533971747906,-0.5053709978104273,0.34614957059202744,411.0,28.0,1.0,1101691.0,1.0,1969868.0,75495.0
2025-12-17T14:32:38.580814,4,21.886139082736925,-0.4940813225419989,0.37953690382578975,429.0,37.0,1.0,1292959.0,1.0,2380949.0,87618.0
2025-12-17T14:32:38.679547,5,21.882625374364874,-0.4802157395596094,0.4028308916046085,424.0,35.0,1.0,803107.0,1.0,2415036.0,77383.0
2025-12-17T14:32:39.185394,0,21.933280242250575,-0.4552057164381571,0.5443180253930433,430.0,37.0,1.0,443115.0,1.0,1644723.0,75214.0
2025-12-17T14:32:39.279672,1,21.94354770967321,-0.44970213133551606,0.5726919070312957,430.0,37.0,1.0,766719.0,1.0,1869193.0,72294.0
2025-12-17T14:32:39.382519,2,21.953900430839937,-0.4441855870274072,0.6026544705324594,404.0,26.0,1.0,757947.0,1.0,1587301.0,68995.0
2025-12-17T14:32:39.488468,3,21.965587734801108,-0.433307330398673,0.6315127997316591,426.0,35.0,1.0,1100946.0,1.0,1965872.0,74404.0
2025-12-17T14:32:39.580809,5,21.97096123751355,-0.4273394700399926,0.6471048054568085,443.0,43.0,1.0,816261.0,1.0,2418307.0,76033.0
2025-12-17T14:32:40.178672,1,22.021729707064345,-0.3823717860534499,0.8022270986804168,420.0,33.0,1.0,760002.0,1.0,1871092.0,72958.0
2025-12-17T14:32:40.280037,2,22.01815989368226,-0.3691997534594158,0.8160241294663626,422.0,34.0,1.0,743717.0,1.0,1575526.0,67792.0
2025-12-17T14:32:40.378008,3,22.015865893899548,-0.3575101363400126,0.8338967022261939,417.0,31.0,1.0,1093519.0,1.0,2004165.0,75036.0
2025-12-17T14:32:40.478305,4,22.0234255510617,-0.3492751030031602,0.8598385453784652,433.0,39.0,1.0,1269543.0,1.0,2339412.0,87292.0
2025-12-17T14:32:41.178316,0,22.07197087762261,-0.27684167449949726,1.044432159232804,431.0,38.0,1.0,434355.0,1.0,1643611.0,75087.0
2025-12-17T14:32:41.280208,1,22.077157259246444,-0.26771200946511886,1.0702530429655246,432.0,38.0,1.0,749021.0,1.0,1858469.0,72099.0
2025-12-17T14:32:41.378606,2,22.08158393781756,-0.2578140641320381,1.0982895350772537,422.0,34.0,1.0,753598.0,1.0,1566487.0,67814.0
2025-12-17T14:32:41.479962,3,22.08775925993838,-0.24844853634692576,1.1250013854775354,417.0,31.0,1.0,1095371.0,1.0,1963877.0,75036.0
2025-12-17T14:32:41.578416,4,22.09332882883254,-0.24019371419700875,1.1558352304776192,422.0,33.0,1.0,1277734.0,1.0,2376119.0,88243.0
2025-12-17T14:32:41.679425,5,22.09834674703263,-0.22966532348508295,1.1758547657222165,429.0,37.0,1.0,831316.0,1.0,2364086.0,77044.0
2025-12-17T14:32:42.183534,0,22.109316035279065,-0.16645702700436704,1.2967632895949912,425.0,35.0,1.0,427645.0,1.0,1623706.0,75520.0
2025-12-17T14:32:42.282060,1,22.1125239329698,-0.15558440275529328,1.3221318180405193,434.0,39.0,1.0,756153.0,1.0,1866664.0,71977.0
2025-12-17T14:32:42.377542,2,22.115637133676405,-0.14466882595859953,1.3480290062641136,427.0,36.0,1.0,750798.0,1.0,1572330.0,67517.0
2025-12-17T14:32:42.478433,3,22.117919365360546,-0.1337284689966003,1.3728371486929358,427.0,36.0,1.0,1108423.0,1.0,1987952.0,74278.0
2025-12-17T14:32:42.578960,4,22.119433088883525,-0.12277868021526572,1.3990395902089063,425.0,35.0,1.0,1273416.0,1.0,2383368.0,87945.0
2025-12-17T14:32:42.682249,5,22.120851193045894,-0.11192519065119022,1.421269098030514,412.0,29.0,1.0,821527.0,1.0,2427327.0,78306.0
2025-12-17T14:32:43.184577,0,22.134786127745883,-0.03430875254347576,1.5590339452517048,431.0,38.0,1.0,434208.0,1.0,1630866.0,75087.0
2025-12-17T14:32:43.277422,1,22.135590563339232,-0.022566715128671255,1.5595273975686665,411.0,29.0,1.0,762320.0,1.0,1871092.0,73603.0
2025-12-17T14:32:43.380409,2,22.13576199077592,-0.010828906920880677,1.5602583829936385,437.0,40.0,1.0,760774.0,1.0,1567547.0,66857.0
2025-12-17T14:32:43.476998,3,22.136350269925817,0.0010536210083591513,1.560801883112843,418.0,32.0,1.0,1115197.0,1.0,1991993.0,74986.0
2025-12-17T14:32:43.582509,4,22.1370376552007,0.012645926763987347,1.5598058861542878,426.0,35.0,1.0,1282499.0,1.0,2395498.0,87885.0
2025-12-17T14:32:43.680566,5,22.137219944765484,0.02438475046157329,1.559066744611719,428.0,36.0,1.0,833288.0,1.0,2441334.0,77122.0
2025-12-17T14:32:44.181935,0,22.153514009136586,0.10709989032650569,1.5781583935073027,439.0,42.0,1.0,432594.0,1.0,1622607.0,74505.0
2025-12-17T14:32:44.279072,1,22.153745779031347,0.1189932504426725,1.5676497889433543,419.0,32.0,1.0,758974.0,1.0,1896595.0,73032.0
2025-12-17T14:32:44.380151,2,22.153029256180243,0.13047236736108037,1.5536540267836376,428.0,36.0,1.0,750798.0,1.0,1585690.0,67425.0
2025-12-17T14:32:44.479404,3,22.15406119257559,0.14130882674483036,1.5269131143891308,429.0,37.0,1.0,1093519.0,1.0,1978554.0,74128.0
2025-12-17T14:32:44.581713,4,22.155311903021143,0.15166365464210596,1.4954958622447538,422.0,34.0,1.0,1291647.0,1.0,2377728.0,88213.0
2025-12-17T14:32:44.677448,5,22.156742014104623,0.1624918536526021,1.4719845510396297,411.0,28.0,1.0,821249.0,1.0,2424043.0,78412.0
2025-12-17T14:32:45.183295,0,22.161612778436023,0.22021074710115318,1.4373218415219577,436.0,40.0,1.0,443115.0,1.0,1612752.0,74732.0
2025-12-17T14:32:45.277140,1,22.163417034161846,0.2311765479885679,1.4365744478351195,429.0,37.0,1.0,757690.0,1.0,1864770.0,72343.0
2025-12-17T14:32:45.380241,2,22.1646999949836,0.2427952638100095,1.4350881332531724,440.0,42.0,1.0,733220.0,1.0,1579797.0,66654.0
2025-12-17T14:32:45.481083,3,22.166379557033363,0.25411858932699083,1.4378091191081244,419.0,32.0,1.0,1126959.0,1.0,1987952.0,74910.0
2025-12-17T14:32:45.578514,4,22.16787114805965,0.2663030248518412,1.4360779342986123,421.0,33.0,1.0,1263542.0,1.0,2361687.0,88303.0
2025-12-17T14:32:45.678048,5,22.16922034663953,0.2778830793427378,1.4343815055053009,426.0,35.0,1.0,810480.0,1.0,2440507.0,77305.0
2025-12-17T14:32:46.186018,0,22.186975090456162,0.3763097282845278,1.4501433487344109,430.0,37.0,1.0,439233.0,1.0,1655894.0,75214.0
2025-12-17T14:32:46.278674,1,22.188871537304248,0.38824601289331984,1.4464267266689994,432.0,38.0,1.0,751306.0,1.0,1825429.0,72123.0
2025-12-17T14:32:46.380261,2,22.190048573061766,0.3988013683134275,1.4461886140373272,425.0,35.0,1.0,758460.0,1.0,1601872.0,67608.0
2025-12-17T14:32:46.479375,3,22.19250658975852,0.4099892528533884,1.4441942705017559,421.0,33.0,1.0,1093519.0,1.0,1965207.0,74707.0
2025-12-17T14:32:46.578737,4,22.193828990226876,0.4219187310254515,1.444188354078183,416.0,31.0,1.0,1296465.0,1.0,2380949.0,88752.0
2025-12-17T14:32:46.678896,5,22.195569584156168,0.4341456382192108,1.4461576991897036,423.0,34.0,1.0,838664.0,1.0,2438031.0,77488.0
2025-12-17T14:32:47.180156,0,22.202980882909745,0.4916479038887722,1.4456805800949508,420.0,33.0,1.0,436565.0,1.0,1636395.0,75905.0
2025-12-17T14:32:47.279904,1,22.20432417689983,0.5036427333725841,1.4436697457809813,420.0,33.0,1.0,760002.0,1.0,1895953.0,72958.0
2025-12-17T14:32:47.380362,2,22.20547097590145,0.5152566565677681,1.444411195643058,407.0,27.0,1.0,746743.0,1.0,1587301.0,68809.0
2025-12-17T14:32:47.478253,3,22.20719909644655,0.5268986793465835,1.4431722278947399,423.0,34.0,1.0,1119356.0,1.0,1978554.0,74581.0
2025-12-17T14:32:47.582171,4,22.2081814896492,0.5383002125777665,1.4436624510379408,428.0,36.0,1.0,1290336.0,1.0,2351319.0,87737.0
2025-12-17T14:32:47.677615,5,22.209802102696198,0.5501616124891724,1.4402138730648761,416.0,31.0,1.0,815433.0,1.0,2412585.0,77988.0
2025-12-17T14:32:48.178763,0,22.21541390551208,0.6080093255789993,1.4424102856570709,414.0,30.0,1.0,432594.0,1.0,1651976.0,76369.0
2025-12-17T14:32:48.276966,1,22.223014315792888,0.6390714435807539,1.4370119577987026,427.0,36.0,1.0,741957.0,1.0,1850936.0,72490.0
2025-12-17T14:32:48.378058,2,22.2357714635512,0.6808470205381756,1.429880745681542,428.0,36.0,1.0,746491.0,1.0,1594840.0,67425.0
2025-12-17T14:32:48.480774,3,22.237161908956807,0.691961624354188,1.4308715194844035,423.0,34.0,1.0,1107673.0,1.0,1989298.0,74606.0
2025-12-17T14:32:48.581873,4,22.23907084582931,0.7024820668192708,1.4311180434140625,422.0,33.0,1.0,1282065.0,1.0,2412585.0,88243.0
2025-12-17T14:32:48.680740,5,22.240990054923188,0.7139096891303582,1.4257155563393111,422.0,34.0,1.0,841223.0,1.0,2398743.0,77541.0
2025-12-17T14:32:49.179328,0,22.24021191399062,0.7198291950706954,1.4267126253317302,422.0,34.0,1.0,435090.0,1.0,1653095.0,75751.0
2025-12-17T14:32:49.280224,1,22.24021191399062,0.7198291950706954,1.4267126253317302,430.0,37.0,1.0,754619.0,1.0,1851563.0,72294.0
2025-12-17T14:32:49.377714,2,22.24021191399062,0.7198291950706954,1.4267126253317302,421.0,33.0,1.0,751561.0,1.0,1593761.0,67860.0
2025-12-17T14:32:49.479747,3,22.24021191399062,0.7198291950706954,1.4267126253317302,448.0,46.0,1.0,1093148.0,1.0,1983919.0,72810.0
2025-12-17T14:32:49.577817,4,22.24021191399062,0.7198291950706954,1.4267126253317302,424.0,34.0,1.0,1307481.0,1.0,2358492.0,88094.0
2025-12-17T14:32:49.676597,5,22.240211913990624,0.7198291950706954,1.4267126253317302,414.0,30.0,1.0,816261.0,1.0,2406061.0,78173.0
2025-12-17T14:32:50.183405,0,22.24021191399062,0.7198291950706954,1.4267126253317302,435.0,40.0,1.0,439531.0,1.0,1625906.0,74808.0
2025-12-17T14:32:50.278671,1,22.24021191399062,0.7198291950706954,1.4267126253317302,426.0,35.0,1.0,763095.0,1.0,1866032.0,72539.0
2025-12-17T14:32:50.382132,2,22.24021191399062,0.7198291950706954,1.4267126253317302,437.0,41.0,1.0,755897.0,1.0,1579797.0,66812.0
2025-12-17T14:32:50.484369,4,22.24021191399062,0.7198291950706954,1.4267126253317302,413.0,29.0,1.0,1292522.0,1.0,2352115.0,89023.0
2025-12-17T14:32:50.580196,5,22.24021191399062,0.7198291950706954,1.4267126253317302,417.0,31.0,1.0,839800.0,1.0,2413401.0,77962.0
2025-12-17T14:32:51.181507,0,22.24021191399062,0.7198291950706954,1.4267126253317302,432.0,38.0,1.0,436270.0,1.0,1659822.0,75036.0
2025-12-17T14:32:51.279813,1,22.24021191399062,0.7198291950706954,1.4267126253317302,430.0,37.0,1.0,740702.0,1.0,1849058.0,72294.0
2025-12-17T14:32:51.381439,2,22.24021191399062,0.7198291950706954,1.4267126253317302,429.0,37.0,1.0,754619.0,1.0,1568609.0,67334.0
2025-12-17T14:32:51.478469,3,22.24021191399062,0.7198291950706954,1.4267126253317302,424.0,35.0,1.0,1111429.0,1.0,2015730.0,74505.0
2025-12-17T14:32:51.578839,4,22.24021191399062,0.7198291950706954,1.4267126253317302,431.0,38.0,1.0,1297343.0,1.0,2386596.0,87440.0
2025-12-17T14:32:51.678787,5,22.24021191399062,0.7198291950706954,1.4267126253317302,417.0,31.0,1.0,838664.0,1.0,2420764.0,77909.0
2025-12-17T14:32:52.181092,0,22.240211913990624,0.7198291950706954,1.4267126253317302,444.0,44.0,1.0,431717.0,1.0,1636395.0,74153.0
2025-12-17T14:32:52.276673,2,22.24021191399062,0.7198291950706954,1.4267126253317302,420.0,32.0,1.0,765423.0,1.0,1596460.0,67975.0
2025-12-17T14:32:52.378615,3,22.24021191399062,0.7198291950706954,1.4267126253317302,432.0,38.0,1.0,1090193.0,1.0,2000099.0,73927.0
2025-12-17T14:32:52.481079,4,22.24021191399062,0.7198291950706954,1.4267126253317302,407.0,27.0,1.0,1271263.0,1.0,2354504.0,89567.0
2025-12-17T14:32:52.581310,5,22.24021191399062,0.7198291950706954,1.4267126253317302,430.0,37.0,1.0,826547.0,1.0,2436381.0,76939.0
2025-12-17T14:32:53.178743,0,22.24021191399062,0.7198291950706954,1.4267126253317302,406.0,26.0,1.0,432594.0,1.0,1665449.0,76939.0
2025-12-17T14:32:53.277343,1,22.24021191399062,0.7198291950706954,1.4267126253317302,435.0,40.0,1.0,754364.0,1.0,1819261.0,71904.0
2025-12-17T14:32:53.379451,2,22.24021191399062,0.7198291950706954,1.4267126253317302,415.0,30.0,1.0,766719.0,1.0,1567547.0,68252.0
2025-12-17T14:32:53.478906,3,22.24021191399062,0.7198291950706954,1.4267126253317302,410.0,28.0,1.0,1105426.0,1.0,1983247.0,75572.0
2025-12-17T14:32:53.578780,4,22.24021191399062,0.7198291950706954,1.4267126253317302,423.0,34.0,1.0,1284237.0,1.0,2401180.0,88153.0
2025-12-17T14:32:53.678873,5,22.24021191399062,0.7198291950706954,1.4267126253317302,416.0,31.0,1.0,845218.0,1.0,2440507.0,77988.0
2025-12-17T14:32:54.182491,0,22.24021191399062,0.7198291950706954,1.4267126253317302,417.0,31.0,1.0,436122.0,1.0,1643054.0,76111.0
2025-12-17T14:32:54.279365,1,22.24021191399062,0.7198291950706954,1.4267126253317302,420.0,33.0,1.0,741957.0,1.0,1851563.0,72958.0
2025-12-17T14:32:54.379849,2,22.24021191399062,0.7198291950706954,1.4267126253317302,435.0,40.0,1.0,759488.0,1.0,1567547.0,66948.0
2025-12-17T14:32:54.477876,3,22.240211913990617,0.7198291950706954,1.4267126253317302,414.0,30.0,1.0,1097969.0,1.0,1983247.0,75240.0
2025-12-17T14:32:54.578380,4,22.24021191399062,0.7198291950706954,1.4267126253317302,438.0,41.0,1.0,1287719.0,1.0,2355301.0,86880.0
2025-12-17T14:32:54.677564,5,22.24021191399062,0.7198291950706954,1.4267126253317302,422.0,34.0,1.0,823197.0,1.0,2415853.0,77541.0
2025-12-17T14:32:55.182251,0,22.24021191399062,0.7198291950706954,1.4267126253317302,431.0,38.0,1.0,429676.0,1.0,1612752.0,75087.0
2025-12-17T14:32:55.280032,1,22.24021191399062,0.7198291950706954,1.4267126253317302,428.0,36.0,1.0,756665.0,1.0,1867296.0,72417.0
2025-12-17T14:32:55.378841,3,22.24021191399062,0.7198291950706954,1.4267126253317302,416.0,31.0,1.0,1103557.0,1.0,1970535.0,75087.0
2025-12-17T14:32:55.479525,4,22.24021191399062,0.7198291950706954,1.4267126253317302,416.0,31.0,1.0,1292959.0,1.0,2376923.0,88782.0
2025-12-17T14:32:55.582278,5,22.24021191399062,0.7198291950706954,1.4267126253317302,418.0,32.0,1.0,824591.0,1.0,2432261.0,77856.0
2025-12-17T14:32:56.181319,0,22.24021191399062,0.7198291950706954,1.4267126253317302,429.0,37.0,1.0,428949.0,1.0,1644723.0,75265.0
2025-12-17T14:32:56.278660,1,22.24021191399062,0.7198291950706954,1.4267126253317302,414.0,30.0,1.0,761289.0,1.0,1860357.0,73404.0
2025-12-17T14:32:56.379807,2,22.24021191399062,0.7198291950706954,1.4267126253317302,425.0,35.0,1.0,749782.0,1.0,1579797.0,67608.0
2025-12-17T14:32:56.478689,3,22.24021191399062,0.7198291950706954,1.4267126253317302,440.0,42.0,1.0,1129632.0,1.0,2016412.0,73379.0
2025-12-17T14:32:56.583300,4,22.240211913990624,0.7198291950706954,1.4267126253317302,433.0,38.0,1.0,1292522.0,1.0,2402806.0,87322.0
2025-12-17T14:32:56.677500,5,22.24021191399062,0.7198291950706954,1.4267126253317302,437.0,40.0,1.0,843789.0,1.0,2413401.0,76472.0
2025-12-17T14:32:57.177807,0,22.24021191399062,0.7198291950706954,1.4267126253317302,416.0,31.0,1.0,428659.0,1.0,1642498.0,76188.0
2025-12-17T14:32:57.279703,1,22.24021191399062,0.7198291950706954,1.4267126253317302,428.0,36.0,1.0,741204.0,1.0,1837827.0,72441.0
2025-12-17T14:32:57.390686,2,22.24021191399062,0.7198291950706954,1.4267126253317302,422.0,33.0,1.0,780068.0,1.0,1565427.0,67837.0
2025-12-17T14:32:57.476491,3,22.24021191399062,0.7198291950706954,1.4267126253317302,418.0,32.0,1.0,1074442.0,1.0,1951949.0,74960.0
2025-12-17T14:32:57.580200,4,22.24021191399062,0.7198291950706954,1.4267126253317302,422.0,33.0,1.0,1282499.0,1.0,2386596.0,88243.0
2025-12-17T14:32:57.679879,5,22.24021191399062,0.7198291950706954,1.4267126253317302,419.0,32.0,1.0,825149.0,1.0,2440507.0,77804.0
2025-12-17T14:32:58.178335,0,22.24021191399062,0.7198291950706954,1.4267126253317302,434.0,39.0,1.0,430404.0,1.0,1643611.0,74884.0
2025-12-17T14:32:58.279669,1,22.24021191399062,0.7198291950706954,1.4267126253317302,433.0,39.0,1.0,745481.0,1.0,1864770.0,72050.0
2025-12-17T14:32:58.378080,2,22.240211913990624,0.7198291950706954,1.4267126253317302,416.0,31.0,1.0,741957.0,1.0,1598082.0,68229.0
2025-12-17T14:32:58.482618,3,22.24021191399062,0.7198291950706954,1.4267126253317302,416.0,31.0,1.0,1118599.0,1.0,1965207.0,75138.0
2025-12-17T14:32:58.577875,4,22.24021191399062,0.7198291950706954,1.4267126253317302,426.0,36.0,1.0,1261406.0,1.0,2404433.0,87855.0
2025-12-17T14:32:58.677491,5,22.24021191399062,0.7198291950706954,1.4267126253317302,400.0,24.0,1.0,845790.0,1.0,2447953.0,79212.0
2025-12-17T14:32:59.181096,1,22.24021191399062,0.7198291950706954,1.4267126253317302,422.0,33.0,1.0,749021.0,1.0,1871092.0,72834.0
2025-12-17T14:32:59.277058,2,22.24021191399062,0.7198291950706954,1.4267126253317302,440.0,42.0,1.0,759488.0,1.0,1547516.0,66654.0
2025-12-17T14:32:59.378386,3,22.24021191399062,0.7198291950706954,1.4267126253317302,416.0,31.0,1.0,1096483.0,1.0,1980564.0,75087.0
2025-12-17T14:32:59.477312,4,22.24021191399062,0.7198291950706954,1.4267126253317302,424.0,34.0,1.0,1298661.0,1.0,2398743.0,88064.0
2025-12-17T14:32:59.578636,5,22.24021191399062,0.7198291950706954,1.4267126253317302,416.0,31.0,1.0,827947.0,1.0,2409321.0,78015.0
2025-12-17T14:33:00.180961,0,22.24021191399062,0.7198291950706954,1.4267126253317302,426.0,35.0,1.0,432741.0,1.0,1625355.0,75495.0
2025-12-17T14:33:00.284125,1,22.24021191399062,0.7198291950706954,1.4267126253317302,431.0,38.0,1.0,757690.0,1.0,1840940.0,72172.0
2025-12-17T14:33:00.377426,2,22.24021191399062,0.7198291950706954,1.4267126253317302,422.0,34.0,1.0,754109.0,1.0,1565427.0,67792.0
2025-12-17T14:33:00.483527,3,22.24021191399062,0.7198291950706954,1.4267126253317302,418.0,32.0,1.0,1083571.0,1.0,1947989.0,74960.0
2025-12-17T14:33:00.581620,4,22.24021191399062,0.7198291950706954,1.4267126253317302,406.0,26.0,1.0,1267397.0,1.0,2364887.0,89627.0
2025-12-17T14:33:00.679359,5,22.24021191399062,0.7198291950706954,1.4267126253317302,427.0,36.0,1.0,837246.0,1.0,2423223.0,77200.0
2025-12-17T14:33:01.179404,0,22.24021191399062,0.7198291950706954,1.4267126253317302,435.0,40.0,1.0,432155.0,1.0,1622607.0,74808.0
2025-12-17T14:33:01.280469,1,22.24021191399062,0.7198291950706954,1.4267126253317302,413.0,29.0,1.0,757947.0,1.0,1853444.0,73503.0
2025-12-17T14:33:01.380626,2,22.24021191399062,0.7198291950706954,1.4267126253317302,432.0,38.0,1.0,737201.0,1.0,1583009.0,67152.0
2025-12-17T14:33:01.477723,3,22.24021191399062,0.7198291950706954,1.4267126253317302,416.0,31.0,1.0,1083938.0,1.0,1993341.0,75138.0
2025-12-17T14:33:01.578410,4,22.24021191399062,0.7198291950706954,1.4267126253317302,432.0,38.0,1.0,1276869.0,1.0,2387404.0,87351.0
2025-12-17T14:33:01.678389,5,22.24021191399062,0.7198291950706954,1.4267126253317302,425.0,35.0,1.0,831598.0,1.0,2396309.0,77305.0
2025-12-17T14:33:02.182053,0,22.24021191399062,0.7198291950706954,1.4267126253317302,420.0,33.0,1.0,432009.0,1.0,1638057.0,75905.0
2025-12-17T14:33:02.279670,1,22.24021191399062,0.7198291950706954,1.4267126253317302,431.0,37.0,1.0,750036.0,1.0,1847807.0,72221.0
2025-12-17T14:33:02.378271,2,22.24021191399062,0.7198291950706954,1.4267126253317302,431.0,38.0,1.0,747502.0,1.0,1573927.0,67198.0
2025-12-17T14:33:02.484428,3,22.24021191399062,0.7198291950706954,1.4267126253317302,427.0,36.0,1.0,1072262.0,1.0,1967203.0,74278.0
2025-12-17T14:33:02.583070,4,22.24021191399062,0.7198291950706954,1.4267126253317302,421.0,33.0,1.0,1274710.0,1.0,2362487.0,88362.0
2025-12-17T14:33:02.681478,5,22.24021191399062,0.7198291950706954,1.4267126253317302,425.0,35.0,1.0,823197.0,1.0,2432261.0,77357.0
2025-12-17T14:33:03.178045,0,22.24021191399062,0.7198291950706963,1.4267126253317302,420.0,33.0,1.0,437749.0,1.0,1661508.0,75905.0
2025-12-17T14:33:03.284777,1,22.24021191399062,0.7198291950706954,1.4267126253317302,423.0,34.0,1.0,749021.0,1.0,1857211.0,72736.0
2025-12-17T14:33:03.380020,2,22.24021191399062,0.7198291950706954,1.4267126253317302,437.0,41.0,1.0,760002.0,1.0,1590527.0,66812.0
2025-12-17T14:33:03.481346,3,22.24021191399062,0.7198291950706954,1.4267126253317302,421.0,33.0,1.0,1090562.0,1.0,1989298.0,74707.0
2025-12-17T14:33:03.581155,4,22.24021191399062,0.7198291950706954,1.4267126253317302,435.0,39.0,1.0,1280331.0,1.0,2403619.0,87145.0
2025-12-17T14:33:04.179205,0,22.24021191399062,0.7198291950706954,1.4267126253317302,440.0,42.0,1.0,425911.0,1.0,1622607.0,74480.0
2025-12-17T14:33:04.278007,1,22.24021191399062,0.7198291950706954,1.4267126253317302,429.0,37.0,1.0,747249.0,1.0,1859098.0,72368.0
2025-12-17T14:33:04.382076,2,22.24021191399062,0.7198291950706954,1.4267126253317302,422.0,34.0,1.0,759488.0,1.0,1578194.0,67792.0
2025-12-17T14:33:04.479949,3,22.24021191399062,0.7198291950706954,1.4267126253317302,415.0,30.0,1.0,1091300.0,1.0,1965872.0,75189.0
2025-12-17T14:33:04.578950,4,22.24021191399062,0.7198291950706954,1.4267126253317302,425.0,35.0,1.0,1279032.0,1.0,2368892.0,87974.0
2025-12-17T14:33:04.676766,5,22.24021191399062,0.7198291950706954,1.4267126253317302,407.0,27.0,1.0,846077.0,1.0,2442160.0,78677.0
2025-12-17T14:33:05.177780,0,22.24021191399062,0.7198291950706954,1.4267126253317302,419.0,32.0,1.0,434649.0,1.0,1651976.0,76008.0
2025-12-17T14:33:05.276993,1,22.24021191399062,0.7198291950706954,1.4267126253317302,435.0,39.0,1.0,747502.0,1.0,1839072.0,71928.0
2025-12-17T14:33:05.380920,2,22.240211913990617,0.7198291950706954,1.4267126253317302,431.0,38.0,1.0,753089.0,1.0,1580867.0,67198.0
2025-12-17T14:33:05.479423,3,22.24021191399062,0.7198291950706954,1.4267126253317302,411.0,29.0,1.0,1067554.0,1.0,1994691.0,75469.0
2025-12-17T14:33:05.578166,4,22.24021191399062,0.7198291950706954,1.4267126253317302,440.0,42.0,1.0,1269543.0,1.0,2347343.0,86674.0
2025-12-17T14:33:05.679033,5,22.24021191399062,0.7198291950706954,1.4267126253317302,423.0,34.0,1.0,818197.0,1.0,2440507.0,77488.0
2025-12-17T14:33:06.183445,0,22.24021191399062,0.7198291950706954,1.4267126253317302,411.0,29.0,1.0,433914.0,1.0,1648067.0,76576.0
2025-12-17T14:33:06.279082,1,22.24021191399062,0.7198291950706954,1.4267126253317302,425.0,35.0,1.0,757690.0,1.0,1873627.0,72638.0
2025-12-17T14:33:06.378279,2,22.24021191399062,0.7198291950706954,1.4267126253317302,429.0,37.0,1.0,765682.0,1.0,1574460.0,67357.0
2025-12-17T14:33:06.479479,3,22.24021191399062,0.7198291950706954,1.4267126253317302,416.0,31.0,1.0,1102064.0,1.0,2020511.0,75138.0
2025-12-17T14:33:06.579019,4,22.24021191399062,0.7198291950706954,1.4267126253317302,434.0,39.0,1.0,1295149.0,1.0,2395498.0,87233.0
2025-12-17T14:33:06.678899,5,22.240211913990624,0.7198291950706954,1.4267126253317302,430.0,37.0,1.0,833006.0,1.0,2431438.0,76965.0
2025-12-17T14:33:07.178867,0,22.24021191399062,0.7198291950706954,1.4267126253317302,432.0,38.0,1.0,428224.0,1.0,1641387.0,75036.0
2025-12-17T14:33:07.278685,1,22.24021191399062,0.7198291950706954,1.4267126253317302,420.0,32.0,1.0,734710.0,1.0,1865401.0,73007.0
2025-12-17T14:33:07.378322,2,22.24021191399062,0.7198291950706954,1.4267126253317302,428.0,36.0,1.0,741706.0,1.0,1552763.0,67425.0
2025-12-17T14:33:07.478599,3,22.241782797220203,0.7217602465281203,1.427928686353109,426.0,36.0,1.0,1084672.0,1.0,1957904.0,74354.0
2025-12-17T14:33:07.580248,4,22.24208892882516,0.730113234952225,1.4237427661709703,415.0,30.0,1.0,1278599.0,1.0,2380949.0,88842.0
2025-12-17T14:33:07.677056,5,22.24456860927892,0.7425071863217907,1.4215301103247386,434.0,39.0,1.0,842647.0,1.0,2415036.0,76654.0
2025-12-17T14:33:08.182177,0,22.25358668648553,0.8072558966935164,1.4264713681230792,421.0,33.0,1.0,435532.0,1.0,1627557.0,75879.0
2025-12-17T14:33:08.282769,1,22.255831582634567,0.8173969159730845,1.4249834846819787,436.0,40.0,1.0,747249.0,1.0,1854071.0,71855.0
2025-12-17T14:33:08.380333,2,22.257457556745567,0.8280602797379126,1.4247435267458155,431.0,37.0,1.0,754109.0,1.0,1566487.0,67243.0
2025-12-17T14:33:08.477500,3,22.259862800183406,0.8392753206317947,1.4252467536197937,412.0,29.0,1.0,1082472.0,1.0,1983247.0,75418.0
2025-12-17T14:33:08.578520,4,22.262393901918227,0.8512285325860294,1.4212848248374286,437.0,40.0,1.0,1278599.0,1.0,2391448.0,86968.0
2025-12-17T14:33:08.677418,5,22.264196288438413,0.8626040686060943,1.4237627492577785,408.0,27.0,1.0,828508.0,1.0,2448781.0,78651.0
2025-12-17T14:33:09.182155,0,22.273118538053225,0.9195936556051763,1.4262042925234053,425.0,35.0,1.0,432887.0,1.0,1633628.0,75572.0
2025-12-17T14:33:09.277122,1,22.273854406262437,0.9415251496672479,1.425318129536738,420.0,33.0,1.0,737450.0,1.0,1856583.0,72958.0
2025-12-17T14:33:09.376920,2,22.27396999309947,0.9614575392001381,1.4290932660883895,429.0,37.0,1.0,765941.0,1.0,1572862.0,67334.0
2025-12-17T14:33:09.478015,3,22.27617289510564,0.9725173092666406,1.4278484697396778,415.0,30.0,1.0,1095371.0,1.0,1962548.0,75214.0
2025-12-17T14:33:09.583224,5,22.277633371731806,0.9831767766692581,1.4254096271874868,430.0,37.0,1.0,862265.0,1.0,2467083.0,76992.0
2025-12-17T14:33:10.178956,0,22.287668353242726,1.0526743475468274,1.43328976271131,426.0,35.0,1.0,429094.0,1.0,1642498.0,75469.0
2025-12-17T14:33:10.279096,1,22.289268222979842,1.064514771700427,1.4310347602720723,430.0,37.0,1.0,754109.0,1.0,1869193.0,72294.0
2025-12-17T14:33:10.381951,2,22.290429106888954,1.0761678008217137,1.4315262415724888,422.0,33.0,1.0,746491.0,1.0,1572862.0,67814.0
2025-12-17T14:33:10.480711,3,22.292907721694036,1.0877073826452586,1.4310330371619662,419.0,32.0,1.0,1096483.0,1.0,1971869.0,74884.0
2025-12-17T14:33:10.579182,4,22.29363903644675,1.0993121976367437,1.4293077425907292,425.0,35.0,1.0,1285106.0,1.0,2359290.0,87945.0
2025-12-17T14:33:10.677090,5,22.295768298201658,1.1109448841915128,1.429784750482603,410.0,28.0,1.0,824870.0,1.0,2434732.0,78465.0
2025-12-17T14:33:11.180595,0,22.304070659497015,1.1669113558649817,1.4295835216416717,436.0,40.0,1.0,433034.0,1.0,1618220.0,74758.0
2025-12-17T14:33:11.280140,2,22.304961054908397,1.1784986378504687,1.4258930684578899,419.0,32.0,1.0,743213.0,1.0,1578728.0,67998.0
2025-12-17T14:33:11.378367,3,22.306765073314118,1.1902970847670815,1.4273366199471582,426.0,36.0,1.0,1095741.0,1.0,1980564.0,74354.0
2025-12-17T14:33:11.478712,4,22.29733976745961,1.2074463059760365,1.4412463942531646,428.0,36.0,1.0,1261406.0,1.0,2361687.0,87737.0
2025-12-17T14:33:11.578561,5,22.28932512068051,1.2164935181026522,1.4547671560371842,404.0,25.0,1.0,848945.0,1.0,2444641.0,78944.0
2025-12-17T14:33:12.180951,0,22.28944937142061,1.2163364296529995,1.4540314440739512,400.0,20.0,1.0,428804.0,1.0,1633075.0,78147.0
2025-12-17T14:33:12.278216,1,22.28944937142061,1.2163364296529995,1.4540314440739512,421.0,33.0,1.0,746491.0,1.0,1860987.0,72933.0
2025-12-17T14:33:12.381567,2,22.28944937142061,1.2163364296529995,1.4540314440739512,429.0,37.0,1.0,782713.0,1.0,1561194.0,67334.0
2025-12-17T14:33:12.477913,3,22.28944937142061,1.2163364296529995,1.4540314440739512,437.0,40.0,1.0,1081739.0,1.0,1975209.0,73603.0
2025-12-17T14:33:12.578548,4,22.28944937142061,1.2163364296529995,1.4540314440739512,429.0,37.0,1.0,1289900.0,1.0,2397120.0,87618.0
2025-12-17T14:33:12.677158,5,22.28944937142061,1.2163364296529995,1.4540314440739512,426.0,35.0,1.0,841507.0,1.0,2384174.0,77305.0
2025-12-17T14:33:13.178877,0,22.289704557949925,1.2168805742869244,1.4560060538232402,412.0,29.0,1.0,433327.0,1.0,1642498.0,76524.0
2025-12-17T14:33:13.280057,1,22.292295363971544,1.224126535335519,1.4636895942243906,429.0,37.0,1.0,727534.0,1.0,1850310.0,72343.0
2025-12-17T14:33:13.379596,2,22.293487526014935,1.236570199193264,1.4649217815551625,417.0,31.0,1.0,757690.0,1.0,1571797.0,68114.0
2025-12-17T14:33:13.483559,4,22.29613589291976,1.2516255886782748,1.4654206794967555,422.0,33.0,1.0,1266968.0,1.0,2354504.0,88243.0
2025-12-17T14:33:13.581453,5,22.2965750397045,1.2667031040941836,1.469887441303998,426.0,35.0,1.0,821805.0,1.0,2462078.0,77305.0
2025-12-17T14:33:14.178502,0,22.303689792544134,1.3356339502755654,1.465676122014278,424.0,35.0,1.0,430404.0,1.0,1649741.0,75597.0
2025-12-17T14:33:14.278089,1,22.304644324083988,1.3469609718284872,1.4678471646810423,429.0,37.0,1.0,751815.0,1.0,1851563.0,72368.0
2025-12-17T14:33:14.381064,2,22.306175317703186,1.3589563382107999,1.4673526418488374,422.0,34.0,1.0,751815.0,1.0,1569140.0,67792.0
2025-12-17T14:33:14.481829,3,22.30696377362362,1.370618762932235,1.4671061632426694,419.0,32.0,1.0,1096483.0,1.0,1998746.0,74884.0
2025-12-17T14:33:14.578692,4,22.30884720462157,1.3828595786545081,1.4668504525350947,409.0,28.0,1.0,1285977.0,1.0,2392257.0,89385.0
2025-12-17T14:33:14.678669,5,22.309730333299342,1.395345304203044,1.4646344327146934,426.0,35.0,1.0,848371.0,1.0,2462078.0,77253.0
2025-12-17T14:33:15.182251,0,22.315297028344865,1.4524790817759605,1.462437031931696,418.0,32.0,1.0,429676.0,1.0,1642498.0,76085.0
2025-12-17T14:33:15.277321,1,22.31772893101879,1.4643335595871223,1.4614616607016198,422.0,34.0,1.0,734461.0,1.0,1849058.0,72810.0
2025-12-17T14:33:15.378350,3,22.3185375191987,1.482097427907382,1.4618202236477003,405.0,26.0,1.0,1122391.0,1.0,1994691.0,75879.0
2025-12-17T14:33:15.477982,4,22.320081576618108,1.496877878885094,1.465899511123586,426.0,35.0,1.0,1295149.0,1.0,2388212.0,87915.0
2025-12-17T14:33:15.578947,5,22.32145947212921,1.508479650856649,1.461690724511092,420.0,33.0,1.0,827387.0,1.0,2445468.0,77698.0
2025-12-17T14:33:16.178802,0,22.32896650137177,1.5780355683534237,1.4601631901638439,425.0,35.0,1.0,434355.0,1.0,1619864.0,75520.0
2025-12-17T14:33:16.279038,1,22.33051730242429,1.589834996933356,1.457949960292929,411.0,29.0,1.0,754875.0,1.0,1863508.0,73578.0
2025-12-17T14:33:16.378354,2,22.330944136934118,1.6011481143816608,1.4584525026092747,426.0,35.0,1.0,769058.0,1.0,1588376.0,67562.0
2025-12-17T14:33:16.479303,3,22.33238781459524,1.6124552787579525,1.460462086022121,431.0,38.0,1.0,1085774.0,1.0,1965872.0,74002.0
2025-12-17T14:33:16.580248,4,22.33310376874985,1.6240265851589806,1.45949277737051,429.0,36.0,1.0,1264826.0,1.0,2331508.0,87677.0
2025-12-17T14:33:16.678311,5,22.334469748058517,1.6350510814650328,1.4617189177690713,421.0,33.0,1.0,839516.0,1.0,2437206.0,77646.0
2025-12-17T14:33:17.177439,0,22.33962321825362,1.6902654577705407,1.4629761528432408,426.0,35.0,1.0,428659.0,1.0,1658699.0,75469.0
2025-12-17T14:33:17.277071,1,22.33907589904694,1.691377635629932,1.4605196074727702,421.0,33.0,1.0,755642.0,1.0,1874261.0,72933.0
2025-12-17T14:33:17.378679,2,22.33897111911572,1.6912937462799524,1.4600265624797184,421.0,33.0,1.0,761289.0,1.0,1581938.0,67860.0
2025-12-17T14:33:17.483193,3,22.33897111911572,1.6912937462799524,1.4600265624797184,433.0,39.0,1.0,1083571.0,1.0,1986606.0,73877.0
2025-12-17T14:33:17.580229,4,22.332213797552782,1.6981669802904724,1.4715702966373942,410.0,28.0,1.0,1295588.0,1.0,2380143.0,89234.0
2025-12-17T14:33:17.677230,5,22.328345043093357,1.7021105120634612,1.4789954005854005,419.0,32.0,1.0,834700.0,1.0,2415853.0,77804.0
2025-12-17T14:33:18.179877,1,22.334451305134216,1.7408729732230626,1.4780411461097942,437.0,41.0,1.0,742710.0,1.0,1835341.0,71758.0
2025-12-17T14:33:18.279285,2,22.33486280552808,1.7547026740339584,1.4814975053905826,431.0,37.0,1.0,754364.0,1.0,1564367.0,67243.0
2025-12-17T14:33:18.378898,3,22.336531976421973,1.7668179093039171,1.4775316917134045,431.0,37.0,1.0,1081739.0,1.0,1989298.0,74052.0
2025-12-17T14:33:18.480589,4,22.33738967152663,1.7780333747258368,1.4815152463930714,415.0,30.0,1.0,1289463.0,1.0,2428971.0,88812.0
2025-12-17T14:33:18.579547,5,22.33860923266939,1.7890198327543319,1.48126255164769,406.0,26.0,1.0,829069.0,1.0,2451269.0,78784.0
2025-12-17T14:33:19.182614,0,22.345368376244682,1.8580654952009104,1.4782903735961646,444.0,44.0,1.0,426922.0,1.0,1630866.0,74178.0
2025-12-17T14:33:19.279326,1,22.346146464463555,1.870064950198806,1.479022523207782,426.0,35.0,1.0,741455.0,1.0,1857211.0,72539.0
2025-12-17T14:33:19.380447,2,22.346818458914022,1.8809252084308374,1.4787858141773214,419.0,32.0,1.0,756922.0,1.0,1588913.0,67975.0
2025-12-17T14:33:19.479048,3,22.348303705903778,1.8914787349305975,1.48250504856537,410.0,28.0,1.0,1085039.0,1.0,1987952.0,75572.0
2025-12-17T14:33:19.579597,4,22.34917180784712,1.9029141825159774,1.4807841527764005,430.0,37.0,1.0,1276005.0,1.0,2422403.0,87588.0
2025-12-17T14:33:19.680037,5,22.35017857613489,1.914859971071043,1.4778410975480745,428.0,36.0,1.0,840938.0,1.0,2442160.0,77148.0
2025-12-17T14:33:20.183321,0,22.357291955499683,1.9713075807508451,1.426337235746545,434.0,39.0,1.0,428659.0,1.0,1648067.0,74884.0
2025-12-17T14:33:20.281999,1,22.35878171004752,1.9822561219084873,1.4065792033306128,429.0,37.0,1.0,741706.0,1.0,1864770.0,72343.0
2025-12-17T14:33:20.378932,2,22.359784545280185,1.9916482126502242,1.3901332996951976,435.0,40.0,1.0,762579.0,1.0,1559082.0,66948.0
2025-12-17T14:33:20.477924,3,22.360228626150707,1.9941006799495726,1.369968014061546,411.0,28.0,1.0,1090193.0,1.0,2015048.0,75495.0
2025-12-17T14:33:20.578118,4,22.363533816375888,2.0044362395988236,1.3396495333458016,430.0,37.0,1.0,1320377.0,1.0,2347343.0,87559.0
2025-12-17T14:33:20.680542,5,22.366874629113095,2.0149309062073915,1.3160348572045237,436.0,40.0,1.0,835830.0,1.0,2447124.0,76524.0
2025-12-17T14:33:21.183274,0,22.384878234949795,2.070332168041336,1.1876275289628246,416.0,31.0,1.0,429240.0,1.0,1648625.0,76188.0
2025-12-17T14:33:21.279303,1,22.388808716413983,2.0819275008498623,1.16744234793662,413.0,29.0,1.0,749782.0,1.0,1837827.0,73503.0
2025-12-17T14:33:21.379740,2,22.392880887928754,2.0927946783180715,1.1424104674897428,419.0,32.0,1.0,750798.0,1.0,1568609.0,67998.0
2025-12-17T14:33:21.478263,3,22.39792968021179,2.1033688204332366,1.1142090434244152,422.0,33.0,1.0,1069725.0,1.0,1979224.0,74707.0
2025-12-17T14:33:21.577180,4,22.4030297068323,2.1132460217879245,1.0931372846001717,430.0,37.0,1.0,1269543.0,1.0,2368090.0,87559.0
2025-12-17T14:33:21.676923,5,22.40913356352279,2.1248045264452093,1.0708518145790498,424.0,35.0,1.0,823754.0,1.0,2452929.0,77383.0
2025-12-17T14:33:22.177192,0,22.44248381241829,2.1763836970315067,0.9444895249785678,422.0,34.0,1.0,426777.0,1.0,1628108.0,75751.0
2025-12-17T14:33:22.277045,1,22.44937994444944,2.1847609020536805,0.9148585478060106,420.0,33.0,1.0,739450.0,1.0,1850310.0,72958.0
2025-12-17T14:33:22.380644,2,22.456022904563174,2.193286097071902,0.8859569259987099,402.0,25.0,1.0,738200.0,1.0,1583009.0,69135.0
2025-12-17T14:33:22.481994,3,22.46376536088176,2.2011491193624524,0.8652841272726067,411.0,29.0,1.0,1146580.0,1.0,1997393.0,75469.0
2025-12-17T14:33:22.580070,4,22.464391078438837,2.2122246407307893,0.8487137189021481,427.0,36.0,1.0,1280764.0,1.0,2394687.0,87796.0
2025-12-17T14:33:22.677260,5,22.452739261503808,2.2264581900844007,0.8395818765059866,425.0,35.0,1.0,841507.0,1.0,2453759.0,77305.0
2025-12-17T14:33:23.177803,0,22.491375410390333,2.2677379249447327,0.7015156383327341,430.0,37.0,1.0,429821.0,1.0,1625906.0,75214.0
2025-12-17T14:33:23.278186,1,22.49985759382049,2.274715537844033,0.6765608945991284,416.0,31.0,1.0,753598.0,1.0,1840940.0,73280.0
2025-12-17T14:33:23.380784,2,22.510417419088135,2.283579403777872,0.6545228246184152,424.0,34.0,1.0,755897.0,1.0,1577660.0,67700.0
2025-12-17T14:33:23.477169,3,22.522365352305272,2.292475976628653,0.6343406120350019,425.0,35.0,1.0,1081739.0,1.0,1983247.0,74480.0
2025-12-17T14:33:23.583786,4,22.531446016629722,2.298965649834889,0.6079593306003039,427.0,36.0,1.0,1278599.0,1.0,2383368.0,87826.0
2025-12-17T14:33:23.678200,5,22.54094875105646,2.304596400224076,0.5792166644531125,421.0,33.0,1.0,845790.0,1.0,2452929.0,77672.0
2025-12-17T14:33:24.179833,0,22.548307997006603,2.3023229414817203,0.5366606491901421,422.0,34.0,1.0,432009.0,1.0,1630866.0,75751.0
2025-12-17T14:33:24.277484,1,22.541317734257238,2.292039966429991,0.5354823898909018,432.0,38.0,1.0,752324.0,1.0,1832238.0,72099.0
2025-12-17T14:33:24.378952,2,22.54131773425724,2.292039966429991,0.5354823898909018,440.0,42.0,1.0,755386.0,1.0,1566487.0,66654.0
2025-12-17T14:33:24.477666,3,22.542989450348877,2.292309215187549,0.5287771739770982,421.0,33.0,1.0,1088718.0,1.0,1965207.0,74732.0
2025-12-17T14:33:24.579843,4,22.552036943757425,2.2929322272554353,0.49977692184262673,426.0,36.0,1.0,1258847.0,1.0,2387404.0,87855.0
2025-12-17T14:33:24.677076,5,22.56288176785894,2.2987245261597398,0.463082797657596,415.0,30.0,1.0,845504.0,1.0,2451269.0,78094.0
2025-12-17T14:33:25.179250,0,22.622213289590444,2.328026721397653,0.3413460925046221,425.0,35.0,1.0,430404.0,1.0,1648625.0,75572.0
2025-12-17T14:33:25.279866,1,22.63137857505678,2.330756014003451,0.3139018130626245,423.0,34.0,1.0,738949.0,1.0,1841563.0,72736.0
2025-12-17T14:33:25.378658,2,22.640072029503713,2.331527823517437,0.2829453205593628,411.0,28.0,1.0,760002.0,1.0,1559082.0,68553.0
2025-12-17T14:33:25.478263,3,22.650205854490856,2.332777203457688,0.24731974665118533,409.0,28.0,1.0,1092039.0,1.0,1983247.0,75648.0
2025-12-17T14:33:25.579271,4,22.65364615221029,2.3281339440955193,0.2164954373523656,420.0,33.0,1.0,1294273.0,1.0,2354504.0,88362.0
2025-12-17T14:33:25.678102,5,22.652309713235105,2.3186841468601758,0.1876593233992265,424.0,34.0,1.0,821805.0,1.0,2445468.0,77410.0
2025-12-17T14:33:26.179420,0,22.711261843888668,2.3312804518746173,0.07314778730855738,437.0,41.0,1.0,431424.0,1.0,1643054.0,74656.0
2025-12-17T14:33:26.279381,1,22.7216778385043,2.3309089048758427,0.04546016501084664,424.0,34.0,1.0,760259.0,1.0,1860357.0,72711.0
2025-12-17T14:33:26.388359,2,22.714317276466986,2.325672824525589,0.021580453125849927,428.0,36.0,1.0,756153.0,1.0,1564367.0,67448.0
2025-12-17T14:33:26.478770,3,22.711472453145888,2.3215160600719695,0.0029666411115036565,429.0,37.0,1.0,1081739.0,1.0,1978554.0,74178.0
2025-12-17T14:33:26.581213,4,22.723272171800303,2.322596657069237,-0.018770862947531608,410.0,28.0,1.0,1272555.0,1.0,2431438.0,89294.0
2025-12-17T14:33:27.181349,0,22.790525458522232,2.315929760577667,-0.1752085244416329,423.0,34.0,1.0,427211.0,1.0,1612752.0,75700.0
2025-12-17T14:33:27.282622,1,22.787389237986197,2.309268711265603,-0.2040840632486602,435.0,40.0,1.0,751052.0,1.0,1859098.0,71904.0
2025-12-17T14:33:27.378976,2,22.783364972431556,2.3024247982101773,-0.22843892156927748,432.0,38.0,1.0,747755.0,1.0,1578728.0,67152.0
2025-12-17T14:33:27.478271,3,22.79529285532453,2.3002571106740177,-0.24674207310886181,423.0,34.0,1.0,1116707.0,1.0,1974541.0,74581.0
2025-12-17T14:33:27.580123,4,22.806498421539164,2.298265137094969,-0.27511058667755567,411.0,29.0,1.0,1290336.0,1.0,2389021.0,89143.0
2025-12-17T14:33:27.677675,5,22.817485886635705,2.2950005491379883,-0.30399634995476027,428.0,36.0,1.0,822361.0,1.0,2423223.0,77096.0
2025-12-17T14:33:28.178893,0,22.85065899595191,2.268712884230581,-0.4240633716114266,435.0,40.0,1.0,424042.0,1.0,1642498.0,74808.0
2025-12-17T14:33:28.277924,1,22.83546590897477,2.254989580331423,-0.4390359126944316,411.0,28.0,1.0,753854.0,1.0,1881888.0,73628.0
2025-12-17T14:33:28.377164,2,22.846986085840868,2.250714016229721,-0.460066920103955,427.0,36.0,1.0,751052.0,1.0,1557500.0,67494.0
2025-12-17T14:33:28.477075,3,22.857012921851656,2.245983755473519,-0.48995598297171244,442.0,43.0,1.0,1084672.0,1.0,1966537.0,73205.0
2025-12-17T14:33:28.578499,4,22.86654485522509,2.240672051335414,-0.5190247817735977,409.0,28.0,1.0,1287283.0,1.0,2340204.0,89355.0
2025-12-17T14:33:28.677175,5,22.875626293572008,2.234558461890927,-0.540080708828261,429.0,37.0,1.0,837246.0,1.0,2388212.0,77044.0
2025-12-17T14:33:29.178887,0,22.88621894714526,2.1893655279249042,-0.6414426602654898,433.0,38.0,1.0,428224.0,1.0,1642498.0,74986.0
2025-12-17T14:33:29.277955,1,22.895404864977962,2.1823392856503405,-0.670394128841058,427.0,36.0,1.0,748261.0,1.0,1828521.0,72490.0
2025-12-17T14:33:29.378796,2,22.9021901332328,2.1750609126745957,-0.703307964309536,427.0,36.0,1.0,757690.0,1.0,1574993.0,67448.0
2025-12-17T14:33:29.478566,3,22.909103316773365,2.167912639388426,-0.7388871223600503,433.0,38.0,1.0,1093519.0,1.0,1972537.0,73902.0
2025-12-17T14:33:29.589975,4,22.918265180131634,2.1605292814329795,-0.7613557616598029,429.0,37.0,1.0,1278599.0,1.0,2387404.0,87648.0
2025-12-17T14:33:29.677439,5,22.92824591644852,2.1522084910396844,-0.7801558019403237,433.0,39.0,1.0,816537.0,1.0,2440507.0,76705.0
2025-12-17T14:33:30.179947,0,22.94681196558651,2.1026352193916233,-0.874067715409659,423.0,34.0,1.0,427355.0,1.0,1659260.0,75700.0
2025-12-17T14:33:30.279489,2,22.95310136101625,2.09407229084355,-0.9045643064392429,418.0,32.0,1.0,765164.0,1.0,1588376.0,68067.0
2025-12-17T14:33:30.380620,3,22.95950059762269,2.0847767063519873,-0.9290185233972649,433.0,38.0,1.0,1102437.0,1.0,1979224.0,73902.0
2025-12-17T14:33:30.479490,4,22.96716463101487,2.0754997636712984,-0.9522342517896795,425.0,35.0,1.0,1296904.0,1.0,2390638.0,88004.0
2025-12-17T14:33:30.578933,5,22.974142799135485,2.0656315870228212,-0.9748167327859851,429.0,37.0,1.0,847223.0,1.0,2427327.0,77070.0
2025-12-17T14:33:31.178201,0,23.00359578237263,1.9926015964825332,-1.1194354050350226,438.0,41.0,1.0,435090.0,1.0,1650858.0,74606.0
2025-12-17T14:33:31.278136,1,23.008497829398088,1.9820738539422225,-1.1426787622898076,423.0,34.0,1.0,753854.0,1.0,1860357.0,72736.0
2025-12-17T14:33:31.379313,2,23.01368670564856,1.9723634446775522,-1.1630364125853563,433.0,39.0,1.0,763095.0,1.0,1586764.0,67084.0
2025-12-17T14:33:31.477591,3,23.017595609455526,1.9618443808895192,-1.1936226788106565,433.0,38.0,1.0,1092779.0,1.0,1978554.0,73902.0
2025-12-17T14:33:31.580571,4,23.020854936417138,1.9523211364888864,-1.2212408868778752,433.0,39.0,1.0,1278599.0,1.0,2340204.0,87292.0
2025-12-17T14:33:31.687590,5,23.025430007329334,1.9380161485101404,-1.2577446189390948,428.0,36.0,1.0,832724.0,1.0,2418307.0,77148.0
2025-12-17T14:33:32.181710,0,23.021055905829495,1.8769209387970909,-1.363499649139365,443.0,43.0,1.0,440275.0,1.0,1641387.0,74228.0
2025-12-17T14:33:32.280795,1,23.023784790645767,1.865629676837088,-1.3854292585714543,413.0,29.0,1.0,760517.0,1.0,1829140.0,73478.0
2025-12-17T14:33:32.379022,2,23.02565211163776,1.8544358058277277,-1.4181640669898412,433.0,39.0,1.0,756922.0,1.0,1572330.0,67084.0
2025-12-17T14:33:32.477157,3,23.026275163577814,1.8437955254629896,-1.44662024016415,412.0,29.0,1.0,1103931.0,1.0,1991319.0,75367.0
2025-12-17T14:33:32.578882,4,23.027354903555086,1.8340527379734626,-1.4714644742374146,436.0,40.0,1.0,1289463.0,1.0,2384174.0,87027.0
2025-12-17T14:33:32.678477,5,23.026987160075358,1.8188332649539536,-1.4930534286722505,429.0,37.0,1.0,826547.0,1.0,2437206.0,77070.0
2025-12-17T14:33:33.178674,0,23.024298094919434,1.7466516294422432,-1.5738375384892622,423.0,34.0,1.0,427211.0,1.0,1672227.0,75725.0
2025-12-17T14:33:33.284099,1,23.02470168912599,1.7343532021849652,-1.573083546606916,413.0,29.0,1.0,749529.0,1.0,1860357.0,73478.0
2025-12-17T14:33:33.382921,2,23.02531845086961,1.7226918702634686,-1.5750321586682843,428.0,36.0,1.0,779277.0,1.0,1549613.0,67403.0
2025-12-17T14:33:33.480861,3,23.020236286904264,1.7019765662260644,-1.5715035857609825,413.0,29.0,1.0,1073351.0,1.0,1946671.0,75342.0
2025-12-17T14:33:33.580484,4,23.013093389861854,1.6758425418176142,-1.570102081702902,415.0,30.0,1.0,1283802.0,1.0,2389021.0,88812.0
2025-12-17T14:33:33.677261,5,23.012525733835844,1.6650390259526962,-1.5691019928332632,430.0,37.0,1.0,828508.0,1.0,2438856.0,76965.0
2025-12-17T14:33:34.182506,0,23.013520267229556,1.6069052561128618,-1.5651567665902784,426.0,35.0,1.0,433474.0,1.0,1649741.0,75495.0
2025-12-17T14:33:34.280038,1,23.01362630897031,1.595123007874557,-1.5663977455369764,435.0,39.0,1.0,743213.0,1.0,1862877.0,71928.0
2025-12-17T14:33:34.380295,2,23.013859055010357,1.584252013564793,-1.566396663282518,412.0,29.0,1.0,755130.0,1.0,1591066.0,68460.0
2025-12-17T14:33:34.479476,3,23.013575731691777,1.5727126064331651,-1.566649495106593,419.0,32.0,1.0,1092039.0,1.0,1961220.0,74910.0
2025-12-17T14:33:34.578519,4,23.01385561106588,1.5618583062523372,-1.5678886190593122,407.0,27.0,1.0,1298221.0,1.0,2437206.0,89536.0
2025-12-17T14:33:34.679877,5,23.013473442962955,1.5505070160081278,-1.5661610736573641,407.0,27.0,1.0,826547.0,1.0,2477962.0,78677.0
2025-12-17T14:33:35.182045,0,23.014235973301776,1.4919081066408548,-1.565920788802456,431.0,37.0,1.0,428949.0,1.0,1635287.0,75138.0
2025-12-17T14:33:35.278645,1,23.014728938199077,1.4800086171435947,-1.5712493902561342,421.0,33.0,1.0,766719.0,1.0,1849058.0,72908.0
2025-12-17T14:33:35.379080,3,23.014102846022205,1.468508160295051,-1.5719884435365639,430.0,37.0,1.0,1092039.0,1.0,2000776.0,74103.0
2025-12-17T14:33:35.478397,4,23.013956408988253,1.4571412240192387,-1.5692799586805664,419.0,32.0,1.0,1295588.0,1.0,2369694.0,88482.0
2025-12-17T14:33:35.585082,5,23.014269303464182,1.4461295510060026,-1.5658313524242942,423.0,34.0,1.0,843218.0,1.0,2435556.0,77488.0
2025-12-17T14:33:36.178536,0,23.014958619907674,1.3741409452004412,-1.5751430785064449,431.0,37.0,1.0,432594.0,1.0,1648067.0,75138.0
2025-12-17T14:33:36.278282,1,23.01561580231056,1.3624954421481625,-1.5758774135550369,423.0,34.0,1.0,738449.0,1.0,1845307.0,72736.0
2025-12-17T14:33:36.381931,2,23.015656678893784,1.3504211266020283,-1.5772980148475786,418.0,32.0,1.0,753598.0,1.0,1571797.0,68044.0
2025-12-17T14:33:36.479312,4,23.016096725137988,1.338400212443184,-1.5805147092535687,418.0,32.0,1.0,1271263.0,1.0,2384174.0,88542.0
2025-12-17T14:33:36.580718,5,23.016087036069052,1.326472818916903,-1.579552270294831,425.0,35.0,1.0,806103.0,1.0,2443814.0,77305.0
2025-12-17T14:33:37.190368,1,23.01764415407403,1.2980114191111225,-1.5829980573411955,427.0,36.0,1.0,756922.0,1.0,1824194.0,72490.0
2025-12-17T14:33:37.280094,2,23.01764415407403,1.2980114191111225,-1.5829980573411955,414.0,30.0,1.0,761032.0,1.0,1579797.0,68344.0
2025-12-17T14:33:37.379995,3,23.017644154074034,1.2980114191111225,-1.5829980573411955,421.0,33.0,1.0,1077719.0,1.0,1975209.0,74758.0
2025-12-17T14:33:37.480973,4,23.017644154074027,1.2980114191111225,-1.5829980573411955,431.0,38.0,1.0,1292959.0,1.0,2387404.0,87440.0
2025-12-17T14:33:37.580018,5,23.01764415407403,1.2980114191111225,-1.5829980573411955,428.0,36.0,1.0,822361.0,1.0,2440507.0,77096.0
2025-12-17T14:33:38.181502,0,23.01764415407403,1.2980114191111225,-1.5829980573411955,419.0,32.0,1.0,434943.0,1.0,1641387.0,76008.0
2025-12-17T14:33:38.278667,1,23.01764415407403,1.2980114191111225,-1.5829980573411955,425.0,35.0,1.0,747755.0,1.0,1865401.0,72613.0
2025-12-17T14:33:38.383563,2,23.01764415407403,1.2980114191111225,-1.5829980573411955,439.0,42.0,1.0,730495.0,1.0,1566487.0,66677.0
2025-12-17T14:33:38.481124,3,23.01764415407403,1.2980114191111225,-1.5829980573411955,437.0,40.0,1.0,1113311.0,1.0,2010279.0,73628.0
2025-12-17T14:33:38.582803,4,23.01764415407403,1.2980114191111225,-1.5829980573411955,425.0,35.0,1.0,1281198.0,1.0,2346549.0,87945.0
2025-12-17T14:33:38.679251,5,23.01764415407403,1.2980114191111225,-1.5829980573411955,431.0,38.0,1.0,834982.0,1.0,2420764.0,76887.0
2025-12-17T14:33:39.180701,0,23.01764415407403,1.2980114191111225,-1.5829980573411955,441.0,42.0,1.0,435680.0,1.0,1638057.0,74379.0
2025-12-17T14:33:39.279933,1,23.01764415407403,1.2980114191111225,-1.5829980573411955,427.0,36.0,1.0,766719.0,1.0,1876800.0,72515.0
2025-12-17T14:33:39.380927,2,23.017449401164587,1.297726874353578,-1.5825012610822553,419.0,32.0,1.0,755386.0,1.0,1575526.0,67998.0
2025-12-17T14:33:39.477528,3,23.01609908014896,1.29043268358061,-1.5783087892040517,416.0,31.0,1.0,1072988.0,1.0,1982576.0,75087.0
2025-12-17T14:33:39.579772,4,23.01574899931187,1.279714871358852,-1.5758507890682565,426.0,35.0,1.0,1273848.0,1.0,2413401.0,87885.0
2025-12-17T14:33:39.680304,5,23.01491820544392,1.2652154263316087,-1.5773434565516096,422.0,34.0,1.0,821805.0,1.0,2433085.0,77541.0
2025-12-17T14:33:40.178564,0,23.015823379516576,1.2027830877194958,-1.5803256584391114,416.0,31.0,1.0,418764.0,1.0,1630866.0,76188.0
2025-12-17T14:33:40.278195,1,23.01555398192784,1.1924221039958507,-1.5749140458536082,429.0,37.0,1.0,760259.0,1.0,1842810.0,72368.0
2025-12-17T14:33:40.382188,2,23.01508003991971,1.181401774313616,-1.5741873259188512,423.0,34.0,1.0,750798.0,1.0,1569671.0,67746.0
2025-12-17T14:33:40.478388,3,23.014915570567656,1.1666809676652337,-1.5690397370448854,427.0,36.0,1.0,1076990.0,1.0,1961220.0,74304.0
2025-12-17T14:33:40.578903,5,23.014455061855877,1.1501565122678237,-1.5608412590203309,419.0,32.0,1.0,848945.0,1.0,2448781.0,77777.0
2025-12-17T14:33:41.177888,0,23.01415287848981,1.0797870660709226,-1.5672610044207136,442.0,43.0,1.0,429094.0,1.0,1636395.0,74278.0
2025-12-17T14:33:41.283294,1,23.01359425413059,1.0693392931284924,-1.565104566576688,425.0,35.0,1.0,738949.0,1.0,1859098.0,72638.0
2025-12-17T14:33:41.381428,2,23.013326987746815,1.057935092960654,-1.5653544739744039,433.0,39.0,1.0,737950.0,1.0,1563309.0,67061.0
2025-12-17T14:33:41.480018,3,23.013517813682547,1.0470534107812464,-1.566083461107008,420.0,33.0,1.0,1099456.0,1.0,2012321.0,74808.0
2025-12-17T14:33:41.582073,4,23.013300294799873,1.0349831688381146,-1.564600371577245,420.0,33.0,1.0,1290336.0,1.0,2376119.0,88392.0
2025-12-17T14:33:41.681239,5,23.0141298121659,1.02286373909896,-1.5660829108142893,425.0,35.0,1.0,814605.0,1.0,2419126.0,77305.0
2025-12-17T14:33:42.180589,0,23.01542324099182,0.9642143415008873,-1.5687754450585287,432.0,38.0,1.0,435532.0,1.0,1647509.0,75036.0
2025-12-17T14:33:42.286493,1,23.014782462004703,0.9494601374455973,-1.5692679122630602,422.0,33.0,1.0,767758.0,1.0,1854699.0,72859.0
2025-12-17T14:33:42.379017,2,23.015464162988756,0.9422765425660291,-1.5677628663519323,413.0,30.0,1.0,751306.0,1.0,1592682.0,68391.0
2025-12-17T14:33:42.481671,3,23.016056253478496,0.9306583998587818,-1.5616327743466087,426.0,36.0,1.0,1075897.0,1.0,1971869.0,74354.0
2025-12-17T14:33:42.583358,4,23.016203092347666,0.918512919274316,-1.565339012170547,425.0,35.0,1.0,1286847.0,1.0,2355301.0,88004.0
2025-12-17T14:33:42.681616,5,23.016472208456083,0.906929700539358,-1.5611515812750862,419.0,32.0,1.0,830754.0,1.0,2406876.0,77751.0
2025-12-17T14:33:43.179673,0,23.01839746133488,0.8507782718710191,-1.5594621962452553,441.0,42.0,1.0,424042.0,1.0,1648067.0,74404.0
2025-12-17T14:33:43.277198,1,23.01865286877462,0.838982233712545,-1.5646706229182132,419.0,32.0,1.0,745733.0,1.0,1854071.0,73057.0
2025-12-17T14:33:43.377570,2,23.019806704494343,0.8302955804885617,-1.5624298617532348,422.0,33.0,1.0,756409.0,1.0,1572330.0,67837.0
2025-12-17T14:33:43.477779,3,23.019813221434354,0.8295395973429551,-1.5624352668810015,415.0,30.0,1.0,1101691.0,1.0,1980564.0,75214.0
2025-12-17T14:33:43.583501,4,23.019860064729535,0.8296841446887724,-1.5626848783759844,438.0,41.0,1.0,1274279.0,1.0,2344167.0,86909.0
2025-12-17T14:33:43.678837,5,23.01986006472954,0.8296841446887724,-1.5626848783759844,422.0,33.0,1.0,829911.0,1.0,2415036.0,77567.0
2025-12-17T14:33:44.177114,0,23.01986006472954,0.8296841446887724,-1.5626848783759844,438.0,41.0,1.0,428369.0,1.0,1643611.0,74631.0
2025-12-17T14:33:44.277989,1,23.01986006472954,0.8296841446887724,-1.5626848783759844,434.0,39.0,1.0,750290.0,1.0,1821110.0,71977.0
2025-12-17T14:33:44.378447,2,23.01986006472954,0.8296841446887724,-1.5626848783759844,425.0,35.0,1.0,751306.0,1.0,1558554.0,67631.0
2025-12-17T14:33:44.476601,3,23.01986006472954,0.8296841446887724,-1.5626848783759844,430.0,37.0,1.0,1076990.0,1.0,1987952.0,74103.0
2025-12-17T14:33:44.581412,4,23.01986006472954,0.8296841446887724,-1.5626848783759844,420.0,32.0,1.0,1282499.0,1.0,2389021.0,88422.0
2025-12-17T14:33:44.684723,5,23.019425622888967,0.8243309719144847,-1.5661308428037266,414.0,30.0,1.0,820415.0,1.0,2423223.0,78147.0
2025-12-17T14:33:45.177999,0,23.020475182656366,0.7569842570232845,-1.5587358281681487,417.0,31.0,1.0,440722.0,1.0,1653654.0,76111.0
2025-12-17T14:33:45.279485,1,23.020272259759114,0.7459328002659316,-1.5564550770220649,432.0,38.0,1.0,751306.0,1.0,1867296.0,72123.0
2025-12-17T14:33:45.381003,2,23.020230245082587,0.7358356123339931,-1.558426550496652,417.0,31.0,1.0,775331.0,1.0,1622058.0,68137.0
2025-12-17T14:33:45.480493,3,23.02029185686855,0.7253088002064239,-1.5630926761736013,428.0,36.0,1.0,1089824.0,1.0,1975209.0,74228.0
2025-12-17T14:33:45.579003,4,23.019962735011934,0.714521720255922,-1.560394364060949,427.0,36.0,1.0,1296026.0,1.0,2411768.0,87826.0
2025-12-17T14:33:45.677808,5,23.019888636608236,0.7030851184926545,-1.5633713773163478,439.0,41.0,1.0,834700.0,1.0,2449610.0,76317.0
2025-12-17T14:33:46.177837,0,23.025094994883386,0.6458081956703587,-1.5601693195147324,433.0,39.0,1.0,433767.0,1.0,1633628.0,74960.0
2025-12-17T14:33:46.278039,1,23.03360065165473,0.6360471656933315,-1.5486788710794903,426.0,35.0,1.0,745481.0,1.0,1873627.0,72539.0
2025-12-17T14:33:46.382186,2,23.034281628183617,0.6242313507823773,-1.5503776242155465,421.0,33.0,1.0,748261.0,1.0,1559610.0,67906.0
2025-12-17T14:33:46.478340,3,23.034656686293292,0.6124418157710068,-1.5496497979151396,404.0,25.0,1.0,1124673.0,1.0,1969868.0,76008.0
2025-12-17T14:33:46.578982,4,23.03477725471995,0.6006590817059623,-1.5484085637839018,429.0,37.0,1.0,1286847.0,1.0,2337829.0,87618.0
2025-12-17T14:33:46.678275,5,23.035172819885013,0.588741413058842,-1.55012452701339,424.0,34.0,1.0,809932.0,1.0,2411768.0,77410.0
2025-12-17T14:33:47.183938,0,23.035890520800013,0.5322504201075393,-1.5563362262101745,433.0,38.0,1.0,436565.0,1.0,1650858.0,74986.0
2025-12-17T14:33:47.276553,1,23.036026326740647,0.5203995533300354,-1.5546080680095924,413.0,29.0,1.0,775331.0,1.0,1850310.0,73478.0
2025-12-17T14:33:47.380607,2,23.036582887991074,0.5086880396432072,-1.5580475211998097,420.0,33.0,1.0,758460.0,1.0,1564367.0,67929.0
2025-12-17T14:33:47.478697,3,23.03622703269565,0.4975890785839052,-1.550892360853811,422.0,34.0,1.0,1093148.0,1.0,2000099.0,74656.0
2025-12-17T14:33:47.578403,4,23.03688877402093,0.4859275089169053,-1.5375754602090295,425.0,35.0,1.0,1265682.0,1.0,2337038.0,87945.0
2025-12-17T14:33:47.679498,5,23.037938069769652,0.4746163849095346,-1.5190811619821187,417.0,31.0,1.0,814054.0,1.0,2422403.0,77909.0
2025-12-17T14:33:48.177543,0,23.043675719976463,0.420791386558486,-1.3862995949283974,410.0,28.0,1.0,438490.0,1.0,1625906.0,76654.0
2025-12-17T14:33:48.277743,1,23.04360318246957,0.41134689168442673,-1.3545974243163381,408.0,27.0,1.0,765941.0,1.0,1860357.0,73827.0
2025-12-17T14:33:48.380548,2,23.05054622743342,0.393653120219577,-1.3258326218119225,400.0,23.0,1.0,736453.0,1.0,1560666.0,69440.0
2025-12-17T14:33:48.480283,3,23.061931793425998,0.3716588235297005,-1.296258756030131,424.0,35.0,1.0,1086509.0,1.0,1979224.0,74505.0
2025-12-17T14:33:48.577228,4,23.06640089411194,0.35995976851105205,-1.2744629590227532,431.0,37.0,1.0,1289900.0,1.0,2388212.0,87499.0
2025-12-17T14:33:49.180704,0,23.090066684846935,0.2960122658243005,-1.1203440094690906,429.0,37.0,1.0,433180.0,1.0,1654214.0,75240.0
2025-12-17T14:33:49.279927,2,23.100496631215105,0.28241316621310464,-1.088471638188197,431.0,38.0,1.0,760002.0,1.0,1555919.0,67198.0
2025-12-17T14:33:49.380295,3,23.11778192299898,0.26503819017593777,-1.053020108631305,431.0,38.0,1.0,1082472.0,1.0,1961884.0,74027.0
2025-12-17T14:33:49.478092,4,23.12412678579256,0.25582368312537884,-1.026288460668925,426.0,35.0,1.0,1266111.0,1.0,2337038.0,87885.0
2025-12-17T14:33:49.578887,5,23.129820908253265,0.2457046239151941,-0.9991327334356496,435.0,40.0,1.0,826547.0,1.0,2399555.0,76576.0
2025-12-17T14:33:50.178087,0,23.169698893022016,0.19560854913291026,-0.8451311079930762,408.0,27.0,1.0,437897.0,1.0,1674493.0,76809.0
2025-12-17T14:33:50.279752,1,23.173497520564556,0.1987362860763131,-0.8202355892853317,432.0,38.0,1.0,744472.0,1.0,1872992.0,72099.0
2025-12-17T14:33:50.379459,2,23.180827020029245,0.18948040184630077,-0.7934421213858059,413.0,29.0,1.0,753598.0,1.0,1578194.0,68437.0
2025-12-17T14:33:50.479219,3,23.18832723330388,0.18139409797992112,-0.7656684931731437,416.0,31.0,1.0,1086877.0,1.0,1975878.0,75113.0
2025-12-17T14:33:50.578781,4,23.19730369114329,0.1736368433548212,-0.7386915754353793,418.0,32.0,1.0,1308367.0,1.0,2392257.0,88572.0
2025-12-17T14:33:50.680308,5,23.20594208769933,0.16642638127465137,-0.7129241266049708,430.0,37.0,1.0,817643.0,1.0,2413401.0,76939.0
2025-12-17T14:33:51.180079,0,23.240348765248772,0.14204483430860293,-0.5821288771517639,409.0,28.0,1.0,432594.0,1.0,1648067.0,76705.0
2025-12-17T14:33:51.281360,1,23.249640339146232,0.135383022332765,-0.5495014360772233,425.0,35.0,1.0,762320.0,1.0,1842810.0,72638.0
2025-12-17T14:33:51.381881,2,23.257593434452424,0.1290952702278254,-0.5179667869896638,409.0,28.0,1.0,760517.0,1.0,1564367.0,68646.0
2025-12-17T14:33:51.477009,3,23.261752437381134,0.12678640175985523,-0.5008748191123278,423.0,34.0,1.0,1094259.0,1.0,2007560.0,74631.0
2025-12-17T14:33:51.583236,4,23.261943883234146,0.12684239165139788,-0.5011200755712086,424.0,34.0,1.0,1284672.0,1.0,2369694.0,88094.0
2025-12-17T14:33:51.678774,5,23.261856542349662,0.12689023329680982,-0.5016374023569435,430.0,37.0,1.0,836396.0,1.0,2437206.0,76965.0
2025-12-17T14:33:52.179581,0,23.261985074346082,0.13073794830422258,-0.4786790931118345,421.0,33.0,1.0,434061.0,1.0,1656455.0,75828.0
2025-12-17T14:33:52.278155,1,23.261985074346086,0.13073794830422214,-0.4786790931118345,427.0,36.0,1.0,755897.0,1.0,1841563.0,72515.0
2025-12-17T14:33:52.377360,2,23.261985074346082,0.13073794830422258,-0.4786790931118345,426.0,36.0,1.0,772188.0,1.0,1576059.0,67517.0
2025-12-17T14:33:52.481085,3,23.261985074346082,0.13073794830422258,-0.4786790931118345,418.0,32.0,1.0,1089086.0,1.0,1965872.0,74960.0
2025-12-17T14:33:52.581998,4,23.267193744412175,0.12747159914537454,-0.46810441644364503,425.0,35.0,1.0,1280331.0,1.0,2392257.0,88004.0
2025-12-17T14:33:52.681276,5,23.277243268809535,0.12190056392240134,-0.44458570556222377,437.0,40.0,1.0,815157.0,1.0,2418307.0,76472.0
2025-12-17T14:33:53.188950,0,23.339487358843755,0.10032618393209392,-0.3106767079480547,429.0,37.0,1.0,433180.0,1.0,1631970.0,75240.0
2025-12-17T14:33:53.280734,1,23.34850961125877,0.09632789730174185,-0.28401518477425114,429.0,37.0,1.0,763353.0,1.0,1867296.0,72343.0
2025-12-17T14:33:53.379633,2,23.35866623975045,0.09358600709007892,-0.26103808753333363,419.0,32.0,1.0,753598.0,1.0,1591604.0,67998.0
2025-12-17T14:33:53.478816,3,23.3697282954443,0.09043286625200153,-0.24078633250160747,429.0,37.0,1.0,1102064.0,1.0,1996042.0,74153.0
2025-12-17T14:33:53.581398,4,23.38098488508132,0.08877370305633958,-0.21739202277099895,435.0,39.0,1.0,1282934.0,1.0,2413401.0,87145.0
2025-12-17T14:33:53.677787,5,23.392146780824913,0.08647251783886745,-0.18790085298705325,421.0,33.0,1.0,810754.0,1.0,2372101.0,77646.0
2025-12-17T14:33:54.178913,0,23.4460294619046,0.10261401228009648,-0.04549641626188287,417.0,31.0,1.0,437305.0,1.0,1639721.0,76136.0
2025-12-17T14:33:54.276960,1,23.457560311875937,0.10213630287966424,-0.01958411876178419,431.0,38.0,1.0,775331.0,1.0,1864139.0,72196.0
2025-12-17T14:33:54.377227,3,23.46859925702662,0.10229581676142674,0.003162006221232335,425.0,35.0,1.0,1083205.0,1.0,1993341.0,74455.0
2025-12-17T14:33:54.478440,4,23.479767096914394,0.10247687760451063,0.031024389155539872,428.0,36.0,1.0,1274279.0,1.0,2352115.0,87737.0
2025-12-17T14:33:54.579572,5,23.490713256947995,0.10207758972084724,0.06211994401498901,429.0,37.0,1.0,823197.0,1.0,2372101.0,77044.0
2025-12-17T14:33:55.178057,0,23.530254943004852,0.12856949608672075,0.2115633770737383,430.0,37.0,1.0,434649.0,1.0,1634181.0,75189.0
2025-12-17T14:33:55.278063,1,23.541639646030124,0.13207098013887197,0.2337746450803036,422.0,33.0,1.0,734710.0,1.0,1842810.0,72834.0
2025-12-17T14:33:55.379953,2,23.552664802802333,0.13447070759834823,0.26416588610064656,431.0,37.0,1.0,750036.0,1.0,1551187.0,67243.0
2025-12-17T14:33:55.481904,3,23.563523982522184,0.13717238032986767,0.29161693790477994,432.0,38.0,1.0,1079179.0,1.0,1998070.0,73927.0
2025-12-17T14:33:55.581845,4,23.574631004327795,0.14040110032824504,0.3142718554751374,422.0,33.0,1.0,1268255.0,1.0,2435556.0,88243.0
2025-12-17T14:33:55.679870,5,23.579799924694356,0.15421329731366473,0.34175485302378156,424.0,34.0,1.0,819583.0,1.0,2409321.0,77436.0
2025-12-17T14:33:56.180605,1,23.63088423329802,0.18205375314751482,0.48006712539009533,432.0,38.0,1.0,757178.0,1.0,1837827.0,72123.0
2025-12-17T14:33:56.278202,2,23.640585625241602,0.1879636294621534,0.507320058755116,415.0,30.0,1.0,754109.0,1.0,1572862.0,68252.0
2025-12-17T14:33:56.383629,3,23.65029397983992,0.19353013270771546,0.5337735923408002,400.0,22.0,1.0,1107673.0,1.0,1996042.0,76576.0
2025-12-17T14:33:56.478660,4,23.659143805139152,0.19968890929578986,0.5576740026333084,427.0,36.0,1.0,1295149.0,1.0,2371298.0,87826.0
2025-12-17T14:33:56.577568,5,23.657290179549427,0.21141030889165746,0.5691817484243881,423.0,34.0,1.0,833288.0,1.0,2440507.0,77488.0
2025-12-17T14:33:57.179983,0,23.66054209452809,0.21749965607869548,0.5889662570811874,429.0,37.0,1.0,429676.0,1.0,1654214.0,75240.0
2025-12-17T14:33:57.284545,1,23.671480703121354,0.2245626890954453,0.6250332872749116,426.0,36.0,1.0,751052.0,1.0,1878706.0,72515.0
2025-12-17T14:33:57.382476,2,23.68688890307433,0.23817705537320633,0.6638834136046019,433.0,38.0,1.0,761547.0,1.0,1562251.0,67107.0
2025-12-17T14:33:57.485309,3,23.700121703626987,0.2485220489274873,0.6886752689230174,429.0,37.0,1.0,1102437.0,1.0,1975878.0,74153.0
2025-12-17T14:33:57.590413,4,23.71004709837722,0.25773370499482207,0.7112673553658359,430.0,37.0,1.0,1278599.0,1.0,2337829.0,87559.0
2025-12-17T14:33:57.680930,5,23.718664457111043,0.2661723443540862,0.7373849470377779,403.0,25.0,1.0,818197.0,1.0,2413401.0,78971.0
2025-12-17T14:33:58.179860,0,23.75549359102727,0.3040647312392939,0.8595467339347066,429.0,37.0,1.0,433767.0,1.0,1636949.0,75265.0
2025-12-17T14:33:58.282261,1,23.76230595185052,0.3142097885928279,0.8820752255232408,439.0,41.0,1.0,764387.0,1.0,1853444.0,71661.0
2025-12-17T14:33:58.385065,2,23.769364329307336,0.3241323632166315,0.9082137720015674,428.0,36.0,1.0,765164.0,1.0,1592143.0,67448.0
2025-12-17T14:33:58.481517,3,23.77794780697514,0.3336145712751315,0.9343996587478972,425.0,35.0,1.0,1135381.0,1.0,1988625.0,74480.0
2025-12-17T14:33:58.579030,4,23.785199429323107,0.34293804634493785,0.957643424436979,435.0,39.0,1.0,1295149.0,1.0,2380143.0,87145.0
2025-12-17T14:33:58.678680,5,23.7912031344408,0.35170299509784053,0.9801796674919102,417.0,31.0,1.0,823476.0,1.0,2423223.0,77935.0
2025-12-17T14:33:59.177782,0,23.81997799698158,0.4175525608384616,1.1370891649510533,434.0,39.0,1.0,435238.0,1.0,1647509.0,74859.0
2025-12-17T14:33:59.279174,1,23.82373040299469,0.4281346715308323,1.1641353544557083,415.0,30.0,1.0,755897.0,1.0,1862247.0,73329.0
2025-12-17T14:33:59.378413,2,23.828573382437654,0.43840811196938656,1.1884170909137892,422.0,33.0,1.0,754109.0,1.0,1577126.0,67837.0
2025-12-17T14:33:59.477675,4,23.83274520571635,0.44954520296317124,1.21214155615521,424.0,34.0,1.0,1285977.0,1.0,2364086.0,88064.0
2025-12-17T14:33:59.582729,5,23.835401234614594,0.45996779659073805,1.2356354942447032,413.0,29.0,1.0,837246.0,1.0,2388212.0,78253.0
2025-12-17T14:34:00.183779,0,23.845273033108363,0.5411131347223588,1.4110205207529554,424.0,34.0,1.0,432009.0,1.0,1651976.0,75648.0
2025-12-17T14:34:00.279887,1,23.84722061009239,0.5513845081198312,1.4376520591457533,428.0,36.0,1.0,755897.0,1.0,1830998.0,72417.0
2025-12-17T14:34:00.381968,2,23.84866805791833,0.5623151024232502,1.4658110524507497,423.0,34.0,1.0,755386.0,1.0,1551712.0,67723.0
2025-12-17T14:34:00.480931,3,23.84930125143505,0.5733954444469713,1.494244917037213,421.0,33.0,1.0,1090193.0,1.0,1998070.0,74732.0
2025-12-17T14:34:00.577834,4,23.84708055467007,0.593254555884811,1.5202497399328982,416.0,31.0,1.0,1296026.0,1.0,2422403.0,88752.0
2025-12-17T14:34:00.678070,5,23.845211662165667,0.6129494055853151,1.5467125123439862,402.0,25.0,1.0,821805.0,1.0,2441334.0,79051.0
2025-12-17T14:34:01.178545,0,23.83907770986792,0.6556956146879256,1.6468938621108509,431.0,38.0,1.0,429530.0,1.0,1624256.0,75113.0
2025-12-17T14:34:01.277480,1,23.83897504108236,0.6557837366756631,1.646396863336101,422.0,34.0,1.0,764387.0,1.0,1841563.0,72810.0
2025-12-17T14:34:01.379707,2,23.84016283264588,0.6663978806927213,1.6570907186443884,430.0,37.0,1.0,751561.0,1.0,1573927.0,67311.0
2025-12-17T14:34:01.479990,3,23.841129184838874,0.671473738585386,1.6624390882634996,421.0,33.0,1.0,1110676.0,1.0,1991319.0,74732.0
2025-12-17T14:34:01.580266,4,23.843145451887995,0.6792960298755046,1.670303936376451,425.0,35.0,1.0,1290773.0,1.0,2355301.0,88004.0
2025-12-17T14:34:01.684449,5,23.84293412540173,0.6897308962882542,1.675222405906781,421.0,33.0,1.0,841507.0,1.0,2435556.0,77646.0
2025-12-17T14:34:02.179424,0,23.836286095704892,0.7541522879599345,1.6756826887202645,436.0,40.0,1.0,431424.0,1.0,1651976.0,74758.0
2025-12-17T14:34:02.277001,1,23.835871183969857,0.7649625128917581,1.6759448911732329,422.0,33.0,1.0,749021.0,1.0,1872359.0,72859.0
2025-12-17T14:34:02.381538,2,23.834688457749795,0.7767041584320591,1.6693059987528678,419.0,32.0,1.0,760259.0,1.0,1580867.0,67998.0
2025-12-17T14:34:02.478880,3,23.834434290852165,0.7876141570879396,1.6534215588731618,431.0,37.0,1.0,1112181.0,1.0,1978554.0,74052.0
2025-12-17T14:34:02.578887,4,23.833362718110077,0.7991547563740462,1.632703810895434,412.0,29.0,1.0,1259699.0,1.0,2352115.0,89053.0
2025-12-17T14:34:02.679454,5,23.832537047395864,0.8105265432535025,1.6134522059326213,431.0,38.0,1.0,819583.0,1.0,2416671.0,76861.0
2025-12-17T14:34:03.177869,0,23.83438783088592,0.8659170524334137,1.5763923950347618,417.0,31.0,1.0,435090.0,1.0,1660384.0,76111.0
2025-12-17T14:34:03.280398,1,23.83403877902844,0.8781739224815168,1.5749089592591967,433.0,38.0,1.0,754619.0,1.0,1855327.0,72074.0
2025-12-17T14:34:03.379500,2,23.83430862975658,0.8898551394666345,1.5771316338324728,437.0,41.0,1.0,763353.0,1.0,1594300.0,66812.0
2025-12-17T14:34:03.481987,3,23.833480393475664,0.9021068408082118,1.575122757970114,429.0,37.0,1.0,1084672.0,1.0,1970535.0,74153.0
2025-12-17T14:34:03.584053,4,23.83338385125719,0.9140552456018787,1.5763689124799345,439.0,42.0,1.0,1286847.0,1.0,2360888.0,86762.0
2025-12-17T14:34:03.678271,5,23.832846273493928,0.9262022947249426,1.574881443170377,432.0,38.0,1.0,824033.0,1.0,2415853.0,76783.0
2025-12-17T14:34:04.180302,0,23.829971382907743,1.00021569030084,1.5964522079241508,448.0,46.0,1.0,432009.0,1.0,1643054.0,73902.0
2025-12-17T14:34:04.277348,1,23.82929338065049,1.0121047211542313,1.5954636236729964,420.0,33.0,1.0,754619.0,1.0,1872992.0,72958.0
2025-12-17T14:34:04.378194,2,23.8285684674448,1.0237416930213894,1.5971923095714,417.0,31.0,1.0,746238.0,1.0,1583009.0,68137.0
2025-12-17T14:34:04.479967,3,23.828270519698766,1.0348576349013712,1.5981809191879242,425.0,35.0,1.0,1098712.0,1.0,1996718.0,74455.0
2025-12-17T14:34:04.582827,4,23.828440631746794,1.0461258008560486,1.5966946203203474,421.0,33.0,1.0,1293835.0,1.0,2336247.0,88303.0
2025-12-17T14:34:04.677996,5,23.827784412480703,1.0574116419278083,1.5912535001431887,435.0,39.0,1.0,836396.0,1.0,2438856.0,76602.0
2025-12-17T14:34:05.178814,0,23.825793516288172,1.115978263603016,1.58900342474709,421.0,33.0,1.0,430987.0,1.0,1664322.0,75828.0
2025-12-17T14:34:05.278265,1,23.82614964037055,1.1279721009980688,1.588998262539032,432.0,38.0,1.0,739951.0,1.0,1864770.0,72123.0
2025-12-17T14:34:05.379732,2,23.82512935262176,1.1392190328097365,1.5907188577025402,433.0,38.0,1.0,758204.0,1.0,1565427.0,67107.0
2025-12-17T14:34:05.478756,3,23.825515774217266,1.150584062166371,1.5909616512688252,429.0,37.0,1.0,1087613.0,1.0,1963877.0,74153.0
2025-12-17T14:34:05.577828,4,23.824989541069254,1.1624941186336204,1.5894994409773602,422.0,33.0,1.0,1279032.0,1.0,2388212.0,88243.0
2025-12-17T14:34:05.678671,5,23.82459701989178,1.173502657568997,1.5914704713116314,411.0,28.0,1.0,824312.0,1.0,2437206.0,78412.0
2025-12-17T14:34:06.178926,0,23.824837648059194,1.2322234002745587,1.5860648834025912,432.0,38.0,1.0,438787.0,1.0,1627007.0,75036.0
2025-12-17T14:34:06.277529,1,23.825768686120647,1.2524393940337037,1.585884013916665,433.0,38.0,1.0,765164.0,1.0,1878071.0,72074.0
2025-12-17T14:34:06.379046,2,23.82604798892581,1.2711606799514326,1.586544729188218,414.0,30.0,1.0,755897.0,1.0,1576593.0,68321.0
2025-12-17T14:34:06.476916,3,23.826661592009078,1.2830976765051996,1.586784677710784,421.0,33.0,1.0,1092039.0,1.0,1985934.0,74707.0
2025-12-17T14:34:06.577825,4,23.82587833179268,1.2939965632625574,1.5865630759184077,433.0,39.0,1.0,1317699.0,1.0,2350523.0,87263.0
2025-12-17T14:34:06.680622,5,23.826593008589107,1.3048596083657635,1.5882745184090743,419.0,32.0,1.0,844360.0,1.0,2437206.0,77804.0
2025-12-17T14:34:07.179992,0,23.825739303918507,1.3625767416604315,1.5860816961729383,435.0,39.0,1.0,432009.0,1.0,1665449.0,74833.0
2025-12-17T14:34:07.277139,2,23.824978662119673,1.3748747862526542,1.5835888728046161,423.0,34.0,1.0,758460.0,1.0,1562251.0,67746.0
2025-12-17T14:34:07.379302,3,23.825113975012506,1.3865863259759257,1.584082165523759,419.0,32.0,1.0,1101691.0,1.0,1993341.0,74910.0
2025-12-17T14:34:07.487993,4,23.825468866128524,1.3986268519535674,1.584812457600349,417.0,31.0,1.0,1268684.0,1.0,2343374.0,88662.0
2025-12-17T14:34:07.586620,5,23.824932368527605,1.4098985311824546,1.5852986466341175,412.0,29.0,1.0,813778.0,1.0,2403619.0,78332.0
2025-12-17T14:34:08.179842,0,23.82319499998627,1.4792736011553984,1.5867807343343427,438.0,41.0,1.0,429821.0,1.0,1643611.0,74631.0
2025-12-17T14:34:08.279986,1,23.82206704715778,1.4907731941951745,1.5857909113821635,426.0,36.0,1.0,769840.0,1.0,1868560.0,72515.0
2025-12-17T14:34:08.378817,2,23.82259626896539,1.5025748766954585,1.5875266552825853,413.0,29.0,1.0,760002.0,1.0,1592682.0,68437.0
2025-12-17T14:34:08.477599,3,23.811334710983648,1.5218115146228781,1.603121211623924,430.0,37.0,1.0,1088718.0,1.0,1981905.0,74103.0
2025-12-17T14:34:08.578070,4,23.803293532048656,1.5389149636907193,1.6180439837442333,436.0,40.0,1.0,1301741.0,1.0,2402806.0,87027.0
2025-12-17T14:34:08.677840,5,23.802569511841185,1.5510168601058942,1.6192801966382286,421.0,33.0,1.0,827667.0,1.0,2448781.0,77672.0
2025-12-17T14:34:09.178451,0,23.800742880486975,1.6083760496272408,1.5791228658404295,431.0,38.0,1.0,433474.0,1.0,1625355.0,75087.0
2025-12-17T14:34:09.277599,1,23.80168490325805,1.6190225999027552,1.5584046944422425,411.0,29.0,1.0,759231.0,1.0,1845307.0,73578.0
2025-12-17T14:34:09.378317,2,23.801138473305954,1.630301461234795,1.5365659237939975,401.0,24.0,1.0,755130.0,1.0,1588913.0,69182.0
2025-12-17T14:34:09.478629,3,23.80311753634927,1.6414179528595962,1.5109227729123311,400.0,20.0,1.0,1122391.0,1.0,1971202.0,76992.0
2025-12-17T14:34:09.579264,4,23.80469019278039,1.6523307598646122,1.4811222883997603,432.0,38.0,1.0,1296465.0,1.0,2388212.0,87351.0
2025-12-17T14:34:09.677763,5,23.80601377261242,1.663841751499855,1.4559456126256718,405.0,26.0,1.0,848945.0,1.0,2406876.0,78837.0
2025-12-17T14:34:10.180484,0,23.816862788546242,1.7192386897201208,1.3244159475151838,424.0,35.0,1.0,429676.0,1.0,1643611.0,75597.0
2025-12-17T14:34:10.279009,1,23.818553556423755,1.729500800190582,1.3007477995644525,424.0,34.0,1.0,753089.0,1.0,1875530.0,72687.0
2025-12-17T14:34:10.380696,2,23.821240825587935,1.7409854829895206,1.2721274237240838,428.0,36.0,1.0,759231.0,1.0,1580867.0,67403.0
2025-12-17T14:34:10.478258,3,23.825061906789653,1.7512242196741976,1.2446618723155098,444.0,44.0,1.0,1079910.0,1.0,1959230.0,73131.0
2025-12-17T14:34:10.580322,5,23.82869279739721,1.762674693640589,1.216800221778842,423.0,34.0,1.0,840938.0,1.0,2482158.0,77514.0
2025-12-17T14:34:11.177516,0,23.84396062605576,1.8416074809644147,1.1067633924645288,433.0,39.0,1.0,435532.0,1.0,1623706.0,74960.0
2025-12-17T14:34:11.277282,1,23.84933111206884,1.8515475616978172,1.0748148579640775,430.0,37.0,1.0,743717.0,1.0,1842810.0,72294.0
2025-12-17T14:34:11.378571,2,23.854789808797342,1.8613172450891033,1.0488182189090067,432.0,38.0,1.0,755130.0,1.0,1576059.0,67175.0
2025-12-17T14:34:11.479582,3,23.86030545595301,1.871086984347894,1.0250838738617691,431.0,37.0,1.0,1102437.0,1.0,1956579.0,74052.0
2025-12-17T14:34:11.576985,4,23.86225950343121,1.8899639591090445,1.0137358098746119,429.0,37.0,1.0,1283802.0,1.0,2428149.0,87588.0
2025-12-17T14:34:12.178133,0,23.898376006981884,1.9551451693057254,0.8689775024832875,425.0,35.0,1.0,432155.0,1.0,1644723.0,75572.0
2025-12-17T14:34:12.278391,1,23.90558904397482,1.9633623107652434,0.8373636925376755,433.0,38.0,1.0,763870.0,1.0,1880615.0,72074.0
2025-12-17T14:34:12.381338,2,23.912936465379595,1.9714698904388968,0.8207636036447084,421.0,33.0,1.0,766460.0,1.0,1576593.0,67906.0
2025-12-17T14:34:12.484193,3,23.917918261550057,1.98332102238554,0.8004202874894325,417.0,31.0,1.0,1091670.0,1.0,1989298.0,75036.0
2025-12-17T14:34:12.580477,4,23.921927157698857,1.9948838574268333,0.7764457600777489,415.0,30.0,1.0,1289463.0,1.0,2351319.0,88812.0
2025-12-17T14:34:12.680244,5,23.93020614990308,2.002124943531303,0.7446317448441001,429.0,36.0,1.0,844075.0,1.0,2448781.0,77070.0
2025-12-17T14:34:13.179650,0,23.949867713771194,2.0209849429791644,0.6855108094747692,423.0,34.0,1.0,441021.0,1.0,1662633.0,75725.0
2025-12-17T14:34:13.278849,1,23.949102459989945,2.019838902189774,0.6816173532223784,426.0,36.0,1.0,754875.0,1.0,1879342.0,72515.0
2025-12-17T14:34:13.378506,2,23.948589885018034,2.0189239565511428,0.678646290370902,422.0,33.0,1.0,753598.0,1.0,1571266.0,67814.0
2025-12-17T14:34:13.480353,3,23.951461857506573,2.0199538440466487,0.6665872519098683,416.0,31.0,1.0,1095741.0,1.0,1986606.0,75113.0
2025-12-17T14:34:13.579496,4,23.959369471311195,2.022408610454004,0.6406364606575049,440.0,42.0,1.0,1265254.0,1.0,2351319.0,86674.0
2025-12-17T14:34:13.678204,5,23.969542797973855,2.026858335477475,0.6025969472667415,400.0,24.0,1.0,815433.0,1.0,2442160.0,79265.0
2025-12-17T14:34:14.180696,0,24.022882168468445,2.065856578444601,0.48349620643575186,426.0,35.0,1.0,434649.0,1.0,1636949.0,75469.0
2025-12-17T14:34:14.277329,1,24.031654208832936,2.070711321612527,0.46116706322710616,434.0,39.0,1.0,760774.0,1.0,1852190.0,72001.0
2025-12-17T14:34:14.380384,3,24.04143197851966,2.0746458204346068,0.4292966960489147,440.0,42.0,1.0,1103557.0,1.0,2003487.0,73379.0
2025-12-17T14:34:14.478061,4,24.051745559580066,2.078745628693519,0.4046903966039287,420.0,32.0,1.0,1298661.0,1.0,2390638.0,88422.0
2025-12-17T14:34:14.580285,5,24.057452135132454,2.065604101161107,0.3691702012324417,410.0,28.0,1.0,819583.0,1.0,2406876.0,78465.0
2025-12-17T14:34:15.182133,0,24.11870866080826,2.0722711830031235,0.21483728733390095,438.0,41.0,1.0,427211.0,1.0,1643054.0,74581.0
2025-12-17T14:34:15.279603,1,24.12984557677758,2.0751357053370363,0.18933493720055952,416.0,31.0,1.0,752579.0,1.0,1894670.0,73255.0
2025-12-17T14:34:15.379262,2,24.14138721103635,2.076997419705495,0.16083744029709807,415.0,30.0,1.0,751561.0,1.0,1580867.0,68252.0
2025-12-17T14:34:15.480453,3,24.14570895281537,2.061801650163295,0.13128728754899147,409.0,28.0,1.0,1110676.0,1.0,1971869.0,75648.0
2025-12-17T14:34:15.580755,4,24.151131089467334,2.046849281856362,0.10244931317783086,430.0,37.0,1.0,1287283.0,1.0,2388212.0,87529.0
2025-12-17T14:34:15.679009,5,24.162112930128494,2.048423475457274,0.07847423853677914,424.0,34.0,1.0,834135.0,1.0,2413401.0,77410.0
2025-12-17T14:34:16.179858,1,24.218174054090298,2.0495193028185197,-0.055051931551133006,433.0,39.0,1.0,729754.0,1.0,1856583.0,72050.0
2025-12-17T14:34:16.279744,2,24.228968530227856,2.048359540032041,-0.08024520652444804,433.0,39.0,1.0,755130.0,1.0,1566487.0,67084.0
2025-12-17T14:34:16.381349,3,24.232390332263122,2.0346692283100705,-0.09795947678620759,415.0,30.0,1.0,1074805.0,1.0,1987952.0,75189.0
2025-12-17T14:34:16.480720,4,24.236971114912,2.0233820782554446,-0.11461962543039919,420.0,32.0,1.0,1295149.0,1.0,2394687.0,88422.0
2025-12-17T14:34:16.582151,5,24.248578787161723,2.0221931938761974,-0.1429978767962269,437.0,40.0,1.0,821805.0,1.0,2433085.0,76472.0
2025-12-17T14:34:17.182226,0,24.29947619985773,2.000468953519399,-0.2989078429015451,424.0,35.0,1.0,428224.0,1.0,1622058.0,75597.0
2025-12-17T14:34:17.280256,1,24.303025222181645,1.9935736650431526,-0.31938867945894894,441.0,42.0,1.0,753854.0,1.0,1867296.0,71491.0
2025-12-17T14:34:17.380111,2,24.314080855292474,1.9906866320632766,-0.33897136028218783,429.0,37.0,1.0,762063.0,1.0,1598623.0,67334.0
2025-12-17T14:34:17.480740,3,24.31829851072225,1.9896470476232668,-0.35350746982213677,424.0,34.0,1.0,1100946.0,1.0,1969202.0,74530.0
2025-12-17T14:34:17.577988,4,24.318788622940342,1.989873093417077,-0.3554666899824715,419.0,32.0,1.0,1304387.0,1.0,2348933.0,88452.0
2025-12-17T14:34:17.678119,5,24.318788622940342,1.989873093417077,-0.3554666899824715,418.0,32.0,1.0,837529.0,1.0,2436381.0,77856.0
2025-12-17T14:34:18.180996,0,24.290961330390772,1.9726317760845382,-0.33195890971911385,432.0,38.0,1.0,429676.0,1.0,1645280.0,75036.0
2025-12-17T14:34:18.277019,1,24.295993536841333,1.9672582385925388,-0.3555093922248027,419.0,32.0,1.0,738949.0,1.0,1886991.0,73032.0
2025-12-17T14:34:18.378632,2,24.304537855243495,1.961468249083595,-0.3923870793685329,417.0,31.0,1.0,761547.0,1.0,1572330.0,68114.0
2025-12-17T14:34:18.479957,3,24.318820322790934,1.9579629280138242,-0.4184823458672669,424.0,35.0,1.0,1089824.0,1.0,1982576.0,74505.0
2025-12-17T14:34:18.582730,4,24.333135352534875,1.9529206573007762,-0.44268218188393527,411.0,29.0,1.0,1286847.0,1.0,2364887.0,89143.0
2025-12-17T14:34:18.680997,5,24.346523012275824,1.9481413857488894,-0.4668274397308837,420.0,33.0,1.0,814054.0,1.0,2419126.0,77698.0
2025-12-17T14:34:19.178629,0,24.39226190727583,1.9198312114475975,-0.6048678577696973,421.0,33.0,1.0,432741.0,1.0,1670530.0,75853.0
2025-12-17T14:34:19.282091,1,24.401318508316056,1.9131978980144964,-0.6315574944808177,416.0,31.0,1.0,754875.0,1.0,1864770.0,73255.0
2025-12-17T14:34:19.385193,2,24.411373035397588,1.9062660648544498,-0.6535233028887039,429.0,37.0,1.0,760774.0,1.0,1585153.0,67334.0
2025-12-17T14:34:19.479349,3,24.421675240055087,1.8994128417210179,-0.6710862778115334,423.0,34.0,1.0,1132695.0,1.0,1987952.0,74606.0
2025-12-17T14:34:19.580121,4,24.432787247253863,1.8919304288642755,-0.6926293534344978,423.0,34.0,1.0,1302182.0,1.0,2392257.0,88153.0
2025-12-17T14:34:19.684247,5,24.446442210058983,1.8832480405754277,-0.7041143519980259,432.0,38.0,1.0,845218.0,1.0,2428971.0,76835.0
2025-12-17T14:34:20.180520,0,24.487498426936824,1.8448447457926194,-0.8361656378277545,429.0,37.0,1.0,436270.0,1.0,1630314.0,75240.0
2025-12-17T14:34:20.282358,1,24.49520277781947,1.836461062073345,-0.8598272582552463,419.0,32.0,1.0,758717.0,1.0,1864139.0,73057.0
2025-12-17T14:34:20.383376,2,24.502609205163665,1.8278783257842972,-0.8860704042810085,418.0,32.0,1.0,751306.0,1.0,1582473.0,68067.0
2025-12-17T14:34:20.479310,3,24.509086725226336,1.8194142482964897,-0.911085220388127,439.0,41.0,1.0,1082472.0,1.0,1994016.0,73453.0
2025-12-17T14:34:20.578718,4,24.51406376958968,1.8104817805764994,-0.9283276613612269,408.0,27.0,1.0,1295588.0,1.0,2383368.0,89446.0
2025-12-17T14:34:20.678423,5,24.520823259882047,1.8014127887442188,-0.9501849966947483,440.0,42.0,1.0,820415.0,1.0,2431438.0,76214.0
2025-12-17T14:34:21.178470,0,24.54936523597179,1.7534024221433975,-1.0753188989349989,434.0,39.0,1.0,429967.0,1.0,1650858.0,74910.0
2025-12-17T14:34:21.278962,1,24.553444183780304,1.7455865846697904,-1.1118998587744902,438.0,41.0,1.0,750798.0,1.0,1850936.0,71685.0
2025-12-17T14:34:21.382351,2,24.55452243970298,1.741080195069344,-1.147019021764895,428.0,36.0,1.0,757178.0,1.0,1560666.0,67403.0
2025-12-17T14:34:21.480226,3,24.55885327219413,1.730963468926268,-1.1766095596088955,417.0,31.0,1.0,1093148.0,1.0,1991993.0,75036.0
2025-12-17T14:34:21.579431,4,24.56309895215363,1.7200430221938392,-1.19591123964857,423.0,34.0,1.0,1279465.0,1.0,2384981.0,88153.0
2025-12-17T14:34:21.679232,5,24.56738931549637,1.7091717999860956,-1.2171353062280432,424.0,34.0,1.0,824312.0,1.0,2436381.0,77436.0
2025-12-17T14:34:22.180986,0,24.59612741840381,1.6498553659361566,-1.3343040335792833,427.0,36.0,1.0,437749.0,1.0,1651976.0,75393.0
2025-12-17T14:34:22.281103,1,24.59769755511183,1.6396362801625197,-1.3648236917735168,446.0,45.0,1.0,754619.0,1.0,1838450.0,71153.0
2025-12-17T14:34:22.380331,2,24.599782167827904,1.6286040362312404,-1.3964539947165473,419.0,32.0,1.0,756665.0,1.0,1574993.0,67998.0
2025-12-17T14:34:22.476791,4,24.602682231187266,1.6164976950435932,-1.4217651200903358,426.0,35.0,1.0,1307481.0,1.0,2393877.0,87885.0
2025-12-17T14:34:22.577569,5,24.604884880212737,1.6044843697074214,-1.4395779030974707,415.0,30.0,1.0,840369.0,1.0,2422403.0,78067.0
2025-12-17T14:34:23.182210,0,24.619359334815385,1.5278939170735515,-1.58305811355427,418.0,32.0,1.0,433474.0,1.0,1659822.0,76085.0
2025-12-17T14:34:23.287577,1,24.617904897345255,1.5133214220886386,-1.5936654155119756,422.0,33.0,1.0,764387.0,1.0,1862877.0,72859.0
2025-12-17T14:34:23.377337,2,24.618147017055968,1.5049254956051477,-1.5949246789328126,428.0,36.0,1.0,753598.0,1.0,1574993.0,67448.0
2025-12-17T14:34:23.477487,3,24.618796932052977,1.492084014993171,-1.590962584681721,430.0,37.0,1.0,1100573.0,1.0,1965207.0,74128.0
2025-12-17T14:34:23.583154,4,24.618968664123173,1.4796063620717694,-1.591212685475978,437.0,40.0,1.0,1268255.0,1.0,2380143.0,86968.0
2025-12-17T14:34:23.679452,5,24.61882094096946,1.4680878626558926,-1.5902443418738745,432.0,38.0,1.0,819028.0,1.0,2406876.0,76835.0
2025-12-17T14:34:24.178483,0,24.599848063791114,1.3958204035874378,-1.6159600520975876,424.0,34.0,1.0,431424.0,1.0,1647509.0,75648.0
2025-12-17T14:34:24.280222,1,24.599306978890862,1.3839223311458992,-1.6169454671639523,430.0,37.0,1.0,761032.0,1.0,1848432.0,72245.0
2025-12-17T14:34:24.381564,2,24.598948802433085,1.3721598667706423,-1.6169519167850799,421.0,33.0,1.0,756409.0,1.0,1595920.0,67860.0
2025-12-17T14:34:24.478388,3,24.59858158715008,1.360902379266871,-1.6166688946289596,425.0,35.0,1.0,1083205.0,1.0,1965207.0,74480.0
2025-12-17T14:34:24.580795,4,24.59814643182766,1.3492262550430763,-1.6156833272202396,419.0,32.0,1.0,1297343.0,1.0,2432261.0,88452.0
2025-12-17T14:34:24.676739,5,24.5973031964635,1.3377584704225063,-1.6129724168280475,433.0,38.0,1.0,815433.0,1.0,2424864.0,76757.0
2025-12-17T14:34:25.180080,0,24.594244609012904,1.279398869053399,-1.6161961093149784,427.0,36.0,1.0,436418.0,1.0,1630314.0,75418.0
2025-12-17T14:34:25.279321,1,24.593677897884927,1.268036024766832,-1.6179283071480792,419.0,32.0,1.0,757947.0,1.0,1872992.0,73007.0
2025-12-17T14:34:25.378538,2,24.592792759347986,1.2572023076482024,-1.6159511688079953,414.0,30.0,1.0,744976.0,1.0,1564367.0,68344.0
2025-12-17T14:34:25.478585,3,24.591778207384998,1.2455389475214829,-1.61790375126059,434.0,39.0,1.0,1126196.0,1.0,2000099.0,73802.0
2025-12-17T14:34:25.584995,4,24.591047102067794,1.2343501216510528,-1.6193806699551228,416.0,31.0,1.0,1273848.0,1.0,2365687.0,88752.0
2025-12-17T14:34:25.679436,5,24.590168121926254,1.2228136055482932,-1.6186297564878893,419.0,32.0,1.0,828227.0,1.0,2432261.0,77804.0
2025-12-17T14:34:26.180143,0,24.58207620436924,1.164990459736663,-1.6192504187364767,426.0,35.0,1.0,427211.0,1.0,1634181.0,75495.0
2025-12-17T14:34:26.278536,2,24.581729050129578,1.153147028458228,-1.6224476909739736,423.0,34.0,1.0,753089.0,1.0,1564367.0,67746.0
2025-12-17T14:34:26.381088,3,24.58117644373162,1.1413794985777512,-1.6207214182603473,420.0,33.0,1.0,1085407.0,1.0,1991993.0,74808.0
2025-12-17T14:34:26.477961,4,24.58062373055352,1.1292026263160544,-1.6204537511257207,418.0,32.0,1.0,1287283.0,1.0,2433085.0,88542.0
2025-12-17T14:34:26.579572,5,24.580566129215182,1.117429600920754,-1.6187189381701883,438.0,41.0,1.0,828227.0,1.0,2427327.0,76369.0
2025-12-17T14:34:27.181828,0,24.578535247222437,1.0544539020208012,-1.6212081424422602,425.0,35.0,1.0,435975.0,1.0,1636395.0,75572.0
2025-12-17T14:34:27.279853,1,24.57943462118734,1.0536583267588258,-1.6261332254389458,437.0,41.0,1.0,764387.0,1.0,1851563.0,71758.0
2025-12-17T14:34:27.380231,2,24.57933893107008,1.0537652397622486,-1.6261332254389458,435.0,39.0,1.0,760002.0,1.0,1574460.0,66993.0
2025-12-17T14:34:27.477782,3,24.57933893107008,1.0537652397622486,-1.6261332254389458,419.0,32.0,1.0,1100946.0,1.0,1985934.0,74884.0
2025-12-17T14:34:27.577830,4,24.57933893107008,1.0537652397622486,-1.6261332254389458,403.0,25.0,1.0,1292959.0,1.0,2376923.0,89840.0
2025-12-17T14:34:27.680047,5,24.57933893107008,1.0537652397622486,-1.6261332254389458,426.0,36.0,1.0,834982.0,1.0,2427327.0,77226.0
2025-12-17T14:34:28.180724,0,24.57933893107008,1.0537652397622486,-1.6261332254389458,427.0,36.0,1.0,438342.0,1.0,1665449.0,75418.0
2025-12-17T14:34:28.278465,1,24.579338931070076,1.0537652397622486,-1.6261332254389458,434.0,39.0,1.0,753598.0,1.0,1847181.0,72001.0
2025-12-17T14:34:28.379920,2,24.57933893107008,1.0537652397622486,-1.6261332254389458,423.0,34.0,1.0,763870.0,1.0,1591066.0,67746.0
2025-12-17T14:34:28.478019,3,24.57908402714977,1.0526219699769506,-1.623140605522668,426.0,35.0,1.0,1088718.0,1.0,2001454.0,74379.0
2025-12-17T14:34:28.579346,4,24.57761536752133,1.0442324957770008,-1.6206819938427546,416.0,31.0,1.0,1282065.0,1.0,2340204.0,88722.0
2025-12-17T14:34:28.679275,5,24.576621210471092,1.0334965716810594,-1.6157358862430842,427.0,36.0,1.0,818197.0,1.0,2415853.0,77148.0
2025-12-17T14:34:29.179735,0,24.57570997699848,0.9683939691478285,-1.6157537891629092,426.0,35.0,1.0,437453.0,1.0,1639166.0,75495.0
2025-12-17T14:34:29.279660,1,24.575192579127382,0.9578845008798971,-1.6150058385104802,418.0,32.0,1.0,755130.0,1.0,1878706.0,73106.0
2025-12-17T14:34:29.378138,2,24.574622077714135,0.9479459172798483,-1.6113099134402509,428.0,36.0,1.0,763095.0,1.0,1582473.0,67403.0
2025-12-17T14:34:29.481421,3,24.574151670582943,0.9364927151505738,-1.614755446104064,423.0,34.0,1.0,1073715.0,1.0,1975209.0,74606.0
2025-12-17T14:34:29.577043,4,24.57376960467992,0.9247337577196286,-1.6151419529722237,426.0,35.0,1.0,1291647.0,1.0,2387404.0,87885.0
2025-12-17T14:34:29.677543,5,24.57304219138959,0.9124355030410283,-1.6141722180491027,433.0,38.0,1.0,829630.0,1.0,2388212.0,76757.0
2025-12-17T14:34:30.180056,0,24.58292516155718,0.8457546949989663,-1.604578591943785,429.0,37.0,1.0,435238.0,1.0,1637503.0,75240.0
2025-12-17T14:34:30.278489,1,24.58232835191854,0.833950384877558,-1.60654224834507,428.0,36.0,1.0,757947.0,1.0,1873627.0,72392.0
2025-12-17T14:34:30.378058,2,24.582067687682827,0.8227055644655281,-1.604775507238744,411.0,28.0,1.0,750290.0,1.0,1561194.0,68553.0
2025-12-17T14:34:30.478809,3,24.58166298746443,0.8110264706691166,-1.6072450734111565,442.0,43.0,1.0,1102810.0,1.0,1982576.0,73230.0
2025-12-17T14:34:30.589011,4,24.581272022802565,0.8003849724731853,-1.6062555801818743,412.0,29.0,1.0,1274710.0,1.0,2389021.0,89083.0
2025-12-17T14:34:30.678534,5,24.580972354727628,0.7890028469999804,-1.605268365875164,428.0,36.0,1.0,835265.0,1.0,2409321.0,77096.0
2025-12-17T14:34:31.182747,0,24.57838394331438,0.7309207643528399,-1.603541513065716,434.0,39.0,1.0,434649.0,1.0,1655334.0,74910.0
2025-12-17T14:34:31.282301,1,24.5780396012832,0.7190866837526753,-1.6037880630012165,409.0,28.0,1.0,747502.0,1.0,1871725.0,73777.0
2025-12-17T14:34:31.383476,2,24.5778925496234,0.7074289082736318,-1.6040378412743592,431.0,38.0,1.0,755642.0,1.0,1567547.0,67198.0
2025-12-17T14:34:31.483579,3,24.57701397700563,0.696401147360906,-1.598381204952301,434.0,39.0,1.0,1067554.0,1.0,1955255.0,73827.0
2025-12-17T14:34:31.587580,4,24.5756478109156,0.6862716910199316,-1.595647127290031,423.0,34.0,1.0,1307481.0,1.0,2408505.0,88153.0
2025-12-17T14:34:31.682277,5,24.57534058072281,0.6746909319637635,-1.6000914178631767,435.0,39.0,1.0,806376.0,1.0,2415036.0,76602.0
2025-12-17T14:34:32.179956,0,24.575139694685664,0.6141475430231176,-1.5992139522608284,426.0,35.0,1.0,434649.0,1.0,1625355.0,75469.0
2025-12-17T14:34:32.280092,1,24.57857699216204,0.6014245555651645,-1.5935930086029917,421.0,33.0,1.0,764646.0,1.0,1855955.0,72933.0
2025-12-17T14:34:32.379895,2,24.582175225783548,0.588169141840361,-1.5915717668088245,436.0,40.0,1.0,739700.0,1.0,1588376.0,66903.0
2025-12-17T14:34:32.476476,3,24.586559433399128,0.5804134669612524,-1.5884399537906304,414.0,30.0,1.0,1105052.0,1.0,1961220.0,75291.0
2025-12-17T14:34:32.577797,4,24.58807896268265,0.5797014249778139,-1.586644718744465,418.0,32.0,1.0,1294273.0,1.0,2386596.0,88542.0
2025-12-17T14:34:32.677385,5,24.588033192119934,0.5799402280153405,-1.5868849577299797,429.0,36.0,1.0,842933.0,1.0,2419945.0,77070.0
2025-12-17T14:34:33.181430,0,24.588033192119934,0.5799402280153405,-1.5868849577299797,429.0,37.0,1.0,430404.0,1.0,1670530.0,75240.0
2025-12-17T14:34:33.283553,1,24.588033192119934,0.5799402280153405,-1.5868849577299797,416.0,31.0,1.0,774806.0,1.0,1867296.0,73255.0
2025-12-17T14:34:33.384774,2,24.588033192119934,0.5799402280153405,-1.5868849577299797,422.0,33.0,1.0,758974.0,1.0,1568609.0,67837.0
2025-12-17T14:34:33.478658,3,24.588033192119934,0.5799402280153405,-1.5868849577299797,436.0,40.0,1.0,1085774.0,1.0,1975209.0,73653.0
2025-12-17T14:34:33.579226,4,24.588033192119934,0.5799402280153405,-1.5868849577299797,400.0,22.0,1.0,1264826.0,1.0,2431438.0,90542.0
2025-12-17T14:34:33.680525,5,24.588033192119934,0.5799402280153405,-1.5868849577299797,419.0,32.0,1.0,814881.0,1.0,2424864.0,77751.0
2025-12-17T14:34:34.180103,0,24.588033192119934,0.5799402280153405,-1.5868849577299797,417.0,31.0,1.0,434943.0,1.0,1664886.0,76136.0
2025-12-17T14:34:34.279087,1,24.58679690345102,0.5767714295490767,-1.5831722687378993,425.0,35.0,1.0,761289.0,1.0,1861617.0,72588.0
2025-12-17T14:34:34.381042,3,24.58586282659536,0.5676927168119719,-1.5859054717016396,431.0,37.0,1.0,1077719.0,1.0,1968535.0,74052.0
2025-12-17T14:34:34.479803,4,24.585087328179085,0.5540895391190972,-1.5874063560795029,410.0,28.0,1.0,1273848.0,1.0,2401180.0,89234.0
2025-12-17T14:34:35.178673,1,24.585741385697133,0.4678080395201194,-1.5913533121613868,435.0,40.0,1.0,761289.0,1.0,1856583.0,71904.0
2025-12-17T14:34:35.281700,2,24.585357800182067,0.4560149842258152,-1.5901466569371074,441.0,42.0,1.0,758974.0,1.0,1589989.0,66564.0
2025-12-17T14:34:35.378824,3,24.58535828419895,0.44389649889301985,-1.5913824870904787,445.0,44.0,1.0,1082472.0,1.0,1981905.0,73057.0
2025-12-17T14:34:35.479008,4,24.584801001850483,0.4325071023846947,-1.5882014974051184,420.0,32.0,1.0,1281632.0,1.0,2384981.0,88422.0
2025-12-17T14:34:35.578958,5,24.584827021558453,0.42098236971878533,-1.5904054283770603,422.0,33.0,1.0,816537.0,1.0,2428149.0,77567.0
2025-12-17T14:34:36.189526,0,24.583215827932005,0.3516534091819157,-1.59020053574092,428.0,36.0,1.0,439233.0,1.0,1640276.0,75291.0
2025-12-17T14:34:36.277564,1,24.582991837962435,0.34020846905746716,-1.5911860037032715,434.0,39.0,1.0,772188.0,1.0,1870459.0,72001.0
2025-12-17T14:34:36.380996,2,24.582987927844535,0.32816328880506207,-1.5918907199669035,422.0,34.0,1.0,738200.0,1.0,1566487.0,67792.0
2025-12-17T14:34:36.481300,3,24.582669603779806,0.3168789158357126,-1.5899372166925856,428.0,36.0,1.0,1069001.0,1.0,1965872.0,74253.0
2025-12-17T14:34:36.579321,4,24.58695452520128,0.31350970915520304,-1.5876227425175682,430.0,37.0,1.0,1273416.0,1.0,2398743.0,87588.0
2025-12-17T14:34:36.676916,5,24.594801573155873,0.31722709769302426,-1.5781658053435212,438.0,41.0,1.0,831598.0,1.0,2396309.0,76369.0
2025-12-17T14:34:37.177383,0,24.59399756129878,0.2598267289590783,-1.5798318876276087,435.0,39.0,1.0,428949.0,1.0,1641387.0,74808.0
2025-12-17T14:34:37.276472,1,24.593839854717373,0.2485432522573885,-1.5810611724188266,400.0,22.0,1.0,747249.0,1.0,1858469.0,74732.0
2025-12-17T14:34:37.379031,2,24.59371856987071,0.23757409192068057,-1.5805643364603386,422.0,33.0,1.0,776118.0,1.0,1570202.0,67837.0
2025-12-17T14:34:37.481501,3,24.593229372966917,0.2257713912599646,-1.5795598019330144,434.0,39.0,1.0,1091670.0,1.0,1980564.0,73802.0
2025-12-17T14:34:37.585569,4,24.593122429749968,0.21393052494913523,-1.5805486849788921,411.0,28.0,1.0,1296026.0,1.0,2380949.0,89204.0
2025-12-17T14:34:37.680248,5,24.59283834644514,0.2025578845103726,-1.5775990675231868,434.0,39.0,1.0,823476.0,1.0,2419126.0,76679.0
2025-12-17T14:34:38.178019,0,24.59321794003281,0.1436676071593872,-1.5780776212788215,443.0,43.0,1.0,442666.0,1.0,1643611.0,74253.0
2025-12-17T14:34:38.280913,1,24.593647928986357,0.1316400519960954,-1.5793125818720548,437.0,41.0,1.0,751561.0,1.0,1829759.0,71758.0
2025-12-17T14:34:38.377412,2,24.593603719387076,0.11991990368232863,-1.577575918238257,417.0,31.0,1.0,755130.0,1.0,1564367.0,68114.0
2025-12-17T14:34:38.479924,3,24.593899596910155,0.10802481906157713,-1.5790651892607166,431.0,38.0,1.0,1092039.0,1.0,1992667.0,74027.0
2025-12-17T14:34:38.579609,4,24.594319657957328,0.09656439466849775,-1.5788203614365504,417.0,31.0,1.0,1264826.0,1.0,2437206.0,88632.0
2025-12-17T14:34:38.680209,5,24.59485524250305,0.08563466550420085,-1.5780845046130354,442.0,43.0,1.0,837246.0,1.0,2437206.0,76085.0
2025-12-17T14:34:39.178568,0,24.60698112616067,0.03609751424302732,-1.5743829579204982,441.0,42.0,1.0,437009.0,1.0,1669400.0,74404.0
2025-12-17T14:34:39.281530,1,24.606689759868853,0.02463865522131181,-1.5765911151277447,431.0,37.0,1.0,750036.0,1.0,1880615.0,72221.0
2025-12-17T14:34:39.381359,2,24.606341201008313,0.013029149860738665,-1.5775861113104763,404.0,26.0,1.0,757947.0,1.0,1571797.0,68995.0
2025-12-17T14:34:39.481632,3,24.60648513368278,0.0016494624784912926,-1.5793167279688622,422.0,33.0,1.0,1083571.0,1.0,1977885.0,74707.0
2025-12-17T14:34:39.587539,4,24.606163816250355,-0.010351985576545264,-1.5771067653601412,422.0,33.0,1.0,1290336.0,1.0,2415036.0,88243.0
2025-12-17T14:34:39.677922,5,24.60555786017993,-0.021884975762488157,-1.5793013693576947,437.0,41.0,1.0,808562.0,1.0,2394687.0,76420.0
2025-12-17T14:34:40.178250,0,24.605306829952156,-0.08064463307475545,-1.5768657288496193,426.0,35.0,1.0,435238.0,1.0,1654774.0,75469.0
2025-12-17T14:34:40.277471,1,24.605618024671287,-0.0917812295122824,-1.5763728115796656,429.0,37.0,1.0,760002.0,1.0,1883800.0,72343.0
2025-12-17T14:34:40.378259,2,24.605794934449587,-0.10313784554916694,-1.5761289396444942,438.0,41.0,1.0,767238.0,1.0,1581938.0,66789.0
2025-12-17T14:34:40.481593,3,24.606077841120367,-0.11468035883022032,-1.573414595095912,411.0,28.0,1.0,1122011.0,1.0,1987952.0,75495.0
2025-12-17T14:34:40.581415,4,24.60634536454059,-0.12656994738916105,-1.5714427347528819,417.0,31.0,1.0,1263542.0,1.0,2327565.0,88632.0
2025-12-17T14:34:40.677771,5,24.606433561457862,-0.13868688970495135,-1.5719522043368561,419.0,32.0,1.0,838664.0,1.0,2428971.0,77751.0
2025-12-17T14:34:41.179979,0,24.608371332803465,-0.19644150432148155,-1.5754063261848226,431.0,38.0,1.0,439382.0,1.0,1646394.0,75113.0
2025-12-17T14:34:41.278707,1,24.62382561802647,-0.20357364142114354,-1.553035187584938,422.0,33.0,1.0,748261.0,1.0,1854699.0,72859.0
2025-12-17T14:34:41.377622,2,24.634905738540063,-0.21220792348746764,-1.5407720209993,419.0,32.0,1.0,737201.0,1.0,1561194.0,67998.0
2025-12-17T14:34:41.483071,3,24.63430921560298,-0.22413003152019217,-1.541776753723646,413.0,29.0,1.0,1085039.0,1.0,1968535.0,75342.0
2025-12-17T14:34:41.578430,5,24.634586807959117,-0.23551893433366144,-1.5440065585449294,417.0,31.0,1.0,834982.0,1.0,2428971.0,77935.0
2025-12-17T14:34:42.188761,0,24.635774429854937,-0.3040491576438049,-1.5445930815482998,407.0,27.0,1.0,429094.0,1.0,1644723.0,76887.0
2025-12-17T14:34:42.278002,1,24.635950604427972,-0.31612097724730903,-1.5453414127703415,443.0,43.0,1.0,737201.0,1.0,1829140.0,71346.0
2025-12-17T14:34:42.378115,2,24.63611459048332,-0.32717856502708786,-1.5492830812772092,422.0,33.0,1.0,749782.0,1.0,1570734.0,67814.0
2025-12-17T14:34:42.477087,3,24.635285561439872,-0.339422135790872,-1.5500305864562118,428.0,36.0,1.0,1093519.0,1.0,1981235.0,74278.0
2025-12-17T14:34:42.578382,4,24.634891724079004,-0.3507908667112297,-1.550765950964466,434.0,39.0,1.0,1238142.0,1.0,2384981.0,87174.0
2025-12-17T14:34:42.678128,5,24.63490972340529,-0.36252827191296055,-1.5475615240702374,438.0,41.0,1.0,818751.0,1.0,2428971.0,76395.0
2025-12-17T14:34:43.180423,0,24.63532617451269,-0.41911390053059605,-1.5463070366138525,422.0,34.0,1.0,438342.0,1.0,1655334.0,75751.0
2025-12-17T14:34:43.279650,1,24.635619631615402,-0.42963084476953484,-1.5495253068358255,430.0,37.0,1.0,758717.0,1.0,1838450.0,72294.0
2025-12-17T14:34:43.379420,2,24.636053386883347,-0.4412514698758411,-1.548032722859765,434.0,39.0,1.0,744472.0,1.0,1569140.0,67016.0
2025-12-17T14:34:43.478957,3,24.635873173931326,-0.4533964223881404,-1.5440978914923333,426.0,35.0,1.0,1086877.0,1.0,1983247.0,74379.0
2025-12-17T14:34:43.581411,4,24.63867702392873,-0.45698021298672864,-1.5436335047594536,430.0,37.0,1.0,1287719.0,1.0,2380949.0,87559.0
2025-12-17T14:34:43.680638,5,24.642166996849138,-0.453013304811149,-1.529806900627934,425.0,35.0,1.0,825149.0,1.0,2429793.0,77305.0
2025-12-17T14:34:44.178818,0,24.649241542105706,-0.5115236133816422,-1.4185000356919035,441.0,42.0,1.0,433914.0,1.0,1639166.0,74354.0
2025-12-17T14:34:44.281207,1,24.651446935433114,-0.5222889272507525,-1.3934730664180301,426.0,35.0,1.0,743968.0,1.0,1864139.0,72539.0
2025-12-17T14:34:44.377889,2,24.652556867962737,-0.5322390345110629,-1.3658472277338716,428.0,36.0,1.0,748261.0,1.0,1568609.0,67425.0
2025-12-17T14:34:44.480828,3,24.653683406094054,-0.5422181494423688,-1.330247152550469,417.0,31.0,1.0,1070449.0,1.0,1975878.0,75036.0
2025-12-17T14:34:44.577741,4,24.655005613463505,-0.5519350538091763,-1.2975559672992534,428.0,36.0,1.0,1282065.0,1.0,2420764.0,87677.0
2025-12-17T14:34:44.677884,5,24.657595143300952,-0.5627743810766389,-1.2756793440006255,417.0,31.0,1.0,815985.0,1.0,2371298.0,77909.0
2025-12-17T14:34:45.182747,0,24.682622008450732,-0.6189358603073718,-1.1599560398113413,432.0,38.0,1.0,433180.0,1.0,1651976.0,75036.0
2025-12-17T14:34:45.279659,2,24.686987281084807,-0.6285902603923864,-1.1325813258018367,412.0,29.0,1.0,742208.0,1.0,1586227.0,68483.0
2025-12-17T14:34:45.386430,4,24.699496432703217,-0.6369680508513936,-1.1010534850998481,435.0,40.0,1.0,1270403.0,1.0,2368892.0,87086.0
2025-12-17T14:34:45.477840,5,24.725910321278906,-0.6439605466408151,-1.0547984351443624,433.0,39.0,1.0,824591.0,1.0,2387404.0,76705.0
2025-12-17T14:34:46.178730,0,24.771171131770526,-0.708367854153158,-0.8767643236294415,425.0,35.0,1.0,431570.0,1.0,1643611.0,75520.0
2025-12-17T14:34:46.283372,1,24.783409090915058,-0.714648342811484,-0.8467621123532805,423.0,34.0,1.0,760259.0,1.0,1853444.0,72785.0
2025-12-17T14:34:46.380285,2,24.808264861295292,-0.7137888285393268,-0.8149711186894191,424.0,35.0,1.0,755897.0,1.0,1562251.0,67654.0
2025-12-17T14:34:46.478665,3,24.81704945387778,-0.7211099695430441,-0.7917671735763812,421.0,33.0,1.0,1070449.0,1.0,2002809.0,74732.0
2025-12-17T14:34:46.576990,4,24.8240322097748,-0.7296067807803295,-0.7657082928452859,416.0,31.0,1.0,1278599.0,1.0,2356099.0,88752.0
2025-12-17T14:34:46.681214,5,24.832251476609734,-0.7379702055398822,-0.7437722529962647,432.0,38.0,1.0,827667.0,1.0,2388212.0,76809.0
2025-12-17T14:34:47.178320,0,24.87959526099774,-0.7722473449619671,-0.6078475665705012,419.0,32.0,1.0,434502.0,1.0,1632522.0,76008.0
2025-12-17T14:34:47.279640,1,24.91811362032052,-0.769086295079874,-0.5512840469431339,418.0,32.0,1.0,755642.0,1.0,1883163.0,73106.0
2025-12-17T14:34:47.377653,2,24.927862179158193,-0.7738571956544036,-0.5238973870609298,435.0,39.0,1.0,755642.0,1.0,1565427.0,66993.0
2025-12-17T14:34:47.477595,3,24.93594796369605,-0.7792981852705733,-0.49073773053914743,425.0,35.0,1.0,1077355.0,1.0,1953271.0,74480.0
2025-12-17T14:34:47.585563,4,24.9440661805421,-0.7842710005039556,-0.45914367241731274,429.0,37.0,1.0,1285106.0,1.0,2392257.0,87618.0
2025-12-17T14:34:47.680274,5,24.945297969233724,-0.7845617038758799,-0.45176056211076604,425.0,35.0,1.0,811853.0,1.0,2395498.0,77357.0
2025-12-17T14:34:48.179808,0,24.955501137142885,-0.7651788394909789,-0.4251205846576702,417.0,31.0,1.0,433180.0,1.0,1659822.0,76136.0
2025-12-17T14:34:48.278881,1,24.96490506851523,-0.7674020571600213,-0.4034838158725405,421.0,33.0,1.0,742459.0,1.0,1848432.0,72933.0
2025-12-17T14:34:48.378550,2,24.976687260903176,-0.7729739266893393,-0.37846130956501517,403.0,25.0,1.0,740452.0,1.0,1562251.0,69089.0
2025-12-17T14:34:48.482058,3,24.99144924240183,-0.7773179612554116,-0.35404163618040313,433.0,39.0,1.0,1071899.0,1.0,1946671.0,73877.0
2025-12-17T14:34:48.580183,4,25.00525611174503,-0.7813898027245902,-0.32833006015227895,416.0,31.0,1.0,1285977.0,1.0,2379338.0,88722.0
2025-12-17T14:34:48.677917,5,25.01764807428433,-0.785201561658788,-0.30456982278870987,433.0,38.0,1.0,832724.0,1.0,2407690.0,76757.0
2025-12-17T14:34:49.179342,0,25.066078609236047,-0.7992205673457341,-0.16963043442133488,427.0,36.0,1.0,434355.0,1.0,1639721.0,75393.0
2025-12-17T14:34:49.277545,1,25.07926294693672,-0.8010043859061473,-0.14987112167652933,431.0,38.0,1.0,757690.0,1.0,1864770.0,72196.0
2025-12-17T14:34:49.378868,2,25.091832473033502,-0.8027028726971164,-0.12313054965025104,433.0,39.0,1.0,752070.0,1.0,1583545.0,67061.0
2025-12-17T14:34:49.477546,3,25.10339066728203,-0.8051015708879845,-0.0902595150975285,416.0,31.0,1.0,1092779.0,1.0,1973204.0,75138.0
2025-12-17T14:34:49.578269,4,25.13561070767101,-0.7990540203273883,-0.046350028332206895,435.0,39.0,1.0,1263970.0,1.0,2355301.0,87145.0
2025-12-17T14:34:49.676480,5,25.158071707331217,-0.7961386983094868,-0.0068150322296398795,437.0,41.0,1.0,814605.0,1.0,2429793.0,76420.0
2025-12-17T14:34:50.182077,0,25.215148407690915,-0.789955163205118,0.11183048579835218,433.0,39.0,1.0,438342.0,1.0,1636949.0,74960.0
2025-12-17T14:34:50.284184,1,25.224410091952564,-0.78552394611175,0.1431827415292059,424.0,34.0,1.0,764646.0,1.0,1837206.0,72687.0
2025-12-17T14:34:50.380029,2,25.2260679879118,-0.7711691978063023,0.18892373316461167,413.0,29.0,1.0,750290.0,1.0,1599705.0,68437.0
2025-12-17T14:34:50.480669,3,25.236123239019708,-0.7664989434041538,0.2140977876228878,423.0,34.0,1.0,1079179.0,1.0,1962548.0,74606.0
2025-12-17T14:34:50.582818,4,25.24726550798802,-0.762974111553669,0.23658663131983196,442.0,43.0,1.0,1278166.0,1.0,2382561.0,86557.0
2025-12-17T14:34:50.678239,5,25.25825052568237,-0.7594285157329376,0.26526111906114674,433.0,39.0,1.0,825429.0,1.0,2394687.0,76705.0
2025-12-17T14:34:51.187093,0,25.313848134064195,-0.7308511644233514,0.41098217411156834,423.0,34.0,1.0,436565.0,1.0,1637503.0,75700.0
2025-12-17T14:34:51.284042,1,25.325208693843535,-0.7237002605600554,0.4480611684199841,425.0,35.0,1.0,763095.0,1.0,1844058.0,72613.0
2025-12-17T14:34:51.380164,2,25.336876814994,-0.7184838591435533,0.47379445673539755,419.0,32.0,1.0,738449.0,1.0,1565427.0,67998.0
2025-12-17T14:34:51.477089,3,25.346964525233144,-0.7129669619635004,0.4965480656056183,417.0,31.0,1.0,1087613.0,1.0,1990645.0,75036.0
2025-12-17T14:34:51.577601,4,25.35593480060642,-0.7078219370574008,0.5299541469412882,451.0,47.0,1.0,1282499.0,1.0,2330719.0,85769.0
2025-12-17T14:34:51.685893,5,25.36494380250714,-0.7030477578549915,0.5513453231173696,419.0,32.0,1.0,820138.0,1.0,2420764.0,77751.0
2025-12-17T14:34:52.178368,0,25.405990256865458,-0.6633920788486597,0.6775936603113007,421.0,33.0,1.0,431424.0,1.0,1653095.0,75828.0
2025-12-17T14:34:52.278084,1,25.404977415670544,-0.6591510115384528,0.6833068246670516,415.0,30.0,1.0,766460.0,1.0,1879342.0,73354.0
2025-12-17T14:34:52.384087,2,25.404883301751223,-0.6594111699938813,0.6820749033520332,433.0,39.0,1.0,770100.0,1.0,1547516.0,67084.0
2025-12-17T14:34:52.477064,3,25.40515568741491,-0.6594398543728909,0.6840896896202575,433.0,38.0,1.0,1070449.0,1.0,1955255.0,73902.0
2025-12-17T14:34:52.579073,4,25.409886644701064,-0.6565074602718142,0.704787586786399,421.0,33.0,1.0,1303064.0,1.0,2415036.0,88273.0
2025-12-17T14:34:52.679756,5,25.418271445265653,-0.6502382593315251,0.7338921390521923,417.0,31.0,1.0,819306.0,1.0,2420764.0,77935.0
2025-12-17T14:34:53.181537,0,25.480406546901534,-0.588081032470712,0.8702818790123727,420.0,32.0,1.0,437009.0,1.0,1671661.0,75931.0
2025-12-17T14:34:53.279821,1,25.487681286965362,-0.580571410117343,0.8937713454698644,409.0,28.0,1.0,772188.0,1.0,1862247.0,73727.0
2025-12-17T14:34:53.380176,2,25.49501032184879,-0.5715981897807052,0.9169644611997226,444.0,44.0,1.0,753089.0,1.0,1593221.0,66384.0
2025-12-17T14:34:53.478015,3,25.50114961823017,-0.5633168735313222,0.9387664993181054,423.0,34.0,1.0,1077355.0,1.0,1979894.0,74631.0
2025-12-17T14:34:53.580115,4,25.50732508966164,-0.5548091577053366,0.9647285740035076,424.0,34.0,1.0,1302623.0,1.0,2380949.0,88094.0
2025-12-17T14:34:53.680221,5,25.513975922904027,-0.5460035277302027,0.9972878026561525,426.0,35.0,1.0,836113.0,1.0,2424864.0,77253.0
2025-12-17T14:34:54.179798,1,25.542138160721795,-0.49238902916799787,1.1272376398525226,431.0,38.0,1.0,754109.0,1.0,1854071.0,72196.0
2025-12-17T14:34:54.276778,3,25.549407384963608,-0.465323792905333,1.1787009394352228,417.0,31.0,1.0,1108048.0,1.0,1987952.0,75036.0
2025-12-17T14:34:54.378191,4,25.552972137687693,-0.4549723399044848,1.2071089826750887,420.0,33.0,1.0,1280331.0,1.0,2329930.0,88392.0
2025-12-17T14:34:54.478690,5,25.55639308787048,-0.4457870877637615,1.241784205784539,428.0,36.0,1.0,814054.0,1.0,2394687.0,77122.0
2025-12-17T14:34:55.178957,0,25.570194483280634,-0.36216740095836697,1.4208410307827064,411.0,28.0,1.0,438936.0,1.0,1676761.0,76602.0
2025-12-17T14:34:55.282626,1,25.57101927678226,-0.3512703237187882,1.4453413314640717,422.0,33.0,1.0,777696.0,1.0,1874261.0,72834.0
2025-12-17T14:34:55.381673,2,25.57186324092079,-0.3404497423810783,1.474143694026588,429.0,37.0,1.0,761805.0,1.0,1559082.0,67357.0
2025-12-17T14:34:55.481003,3,25.572301104708522,-0.3292561778595192,1.5016163738621169,421.0,33.0,1.0,1092039.0,1.0,1981235.0,74758.0
2025-12-17T14:34:55.584978,4,25.573891036263824,-0.31716022000707167,1.508366628497656,423.0,34.0,1.0,1287283.0,1.0,2376923.0,88153.0
2025-12-17T14:34:55.679744,5,25.574348985473733,-0.3049217473833762,1.5100660986720205,424.0,34.0,1.0,820693.0,1.0,2415853.0,77436.0
2025-12-17T14:34:56.182664,0,25.566447603698848,-0.2445914475856864,1.5221009784432924,427.0,36.0,1.0,435532.0,1.0,1643611.0,75367.0
2025-12-17T14:34:56.278083,1,25.56740227216457,-0.23247905036884398,1.524087278210944,432.0,38.0,1.0,765164.0,1.0,1876165.0,72099.0
2025-12-17T14:34:56.379203,2,25.56750004608284,-0.22035202436974322,1.5226001364052624,426.0,35.0,1.0,760259.0,1.0,1574993.0,67562.0
2025-12-17T14:34:56.480626,3,25.567818475109814,-0.2083883656875435,1.5267917588757431,433.0,39.0,1.0,1123912.0,1.0,1992667.0,73877.0
2025-12-17T14:34:56.578344,4,25.56848517569221,-0.19628090654292651,1.526025853566219,434.0,39.0,1.0,1295588.0,1.0,2354504.0,87174.0
2025-12-17T14:34:57.177635,0,25.57144221051895,-0.12840605076232525,1.5277512088412555,425.0,35.0,1.0,434502.0,1.0,1659260.0,75520.0
2025-12-17T14:34:57.280658,1,25.57209841259769,-0.11630433305077559,1.5280124271162583,416.0,31.0,1.0,768538.0,1.0,1890826.0,73230.0
2025-12-17T14:34:57.383308,2,25.57185375987094,-0.10459435868111444,1.5250588376621577,415.0,30.0,1.0,748261.0,1.0,1581938.0,68252.0
2025-12-17T14:34:57.480467,3,25.57263361561011,-0.09341547841310449,1.5280191396109863,426.0,35.0,1.0,1071899.0,1.0,1993341.0,74379.0
2025-12-17T14:34:57.582695,4,25.572765513186727,-0.08243426570025447,1.5292857382089038,405.0,26.0,1.0,1264826.0,1.0,2397120.0,89658.0
2025-12-17T14:34:57.678921,5,25.5733120001303,-0.07156585636754664,1.5302657855896347,433.0,38.0,1.0,827107.0,1.0,2419126.0,76757.0
2025-12-17T14:34:58.179710,0,25.57587189932001,-0.014119660391945454,1.5329805661412765,421.0,33.0,1.0,438936.0,1.0,1642498.0,75853.0
2025-12-17T14:34:58.278034,1,25.576896456513857,-0.0021270070105959826,1.5329751064600852,413.0,29.0,1.0,739450.0,1.0,1863508.0,73503.0
2025-12-17T14:34:58.379793,2,25.57694920914317,0.009073596864703659,1.531986022040522,428.0,36.0,1.0,756665.0,1.0,1568609.0,67425.0
2025-12-17T14:34:58.476886,3,25.57784241085436,0.021110961634437597,1.5322314456989172,412.0,29.0,1.0,1090193.0,1.0,1989298.0,75418.0
2025-12-17T14:34:58.578325,4,25.578243286227977,0.03250332938240896,1.5310027462226412,423.0,34.0,1.0,1298221.0,1.0,2391448.0,88153.0
2025-12-17T14:34:58.682376,5,25.578874367266337,0.0440660357965903,1.5339579168503876,413.0,29.0,1.0,827107.0,1.0,2437206.0,78253.0
2025-12-17T14:34:59.182470,0,25.556544395675523,0.10606022080136934,1.5639015190308545,424.0,34.0,1.0,441021.0,1.0,1660946.0,75597.0
2025-12-17T14:34:59.280409,1,25.556594830091935,0.11771057949976271,1.5607267693957922,440.0,42.0,1.0,765164.0,1.0,1832858.0,71564.0
2025-12-17T14:34:59.380665,2,25.556497731645656,0.12877233334484106,1.5651692283083778,422.0,33.0,1.0,756153.0,1.0,1587301.0,67814.0
2025-12-17T14:34:59.483759,3,25.556765869435125,0.14052647166911136,1.5617474433936707,427.0,36.0,1.0,1100573.0,1.0,1967869.0,74304.0
2025-12-17T14:34:59.579012,4,25.556639922670236,0.15178215527022554,1.562500470904036,418.0,32.0,1.0,1266968.0,1.0,2407690.0,88572.0
2025-12-17T14:34:59.682684,5,25.557005273288656,0.1632595111567242,1.5649733931907215,434.0,39.0,1.0,831316.0,1.0,2435556.0,76654.0
2025-12-17T14:35:00.178120,0,25.556407729774456,0.22146294848197035,1.5661593997273469,436.0,40.0,1.0,431132.0,1.0,1659822.0,74707.0
2025-12-17T14:35:00.280596,1,25.555841288646494,0.23283946790756738,1.5673937388297146,418.0,32.0,1.0,754619.0,1.0,1853444.0,73106.0
2025-12-17T14:35:00.378564,2,25.55592912478372,0.24448889012031239,1.5661530539906814,425.0,35.0,1.0,769058.0,1.0,1573394.0,67631.0
2025-12-17T14:35:00.478107,3,25.55584683570505,0.2562690485300464,1.5634222552509143,434.0,39.0,1.0,1097969.0,1.0,1978554.0,73802.0
2025-12-17T14:35:00.579702,4,25.55572891437257,0.2672925915321095,1.5644033164624511,432.0,38.0,1.0,1286412.0,1.0,2415853.0,87381.0
2025-12-17T14:35:00.678488,5,25.55652348079041,0.2789263457624278,1.5611957349557557,411.0,28.0,1.0,817920.0,1.0,2407690.0,78412.0
2025-12-17T14:35:01.178384,0,25.55743917265963,0.33676290751553173,1.5619212481937432,433.0,38.0,1.0,433034.0,1.0,1665449.0,74986.0
2025-12-17T14:35:01.279698,1,25.55691769716268,0.3478396630013516,1.5636523830522193,413.0,29.0,1.0,766979.0,1.0,1852190.0,73478.0
2025-12-17T14:35:01.379648,2,25.557819760323447,0.3596123692431443,1.562408176653457,429.0,37.0,1.0,766200.0,1.0,1595920.0,67357.0
2025-12-17T14:35:01.480563,3,25.557754500197333,0.3708105394794422,1.563376974327974,414.0,30.0,1.0,1123912.0,1.0,2011640.0,75240.0
2025-12-17T14:35:01.578389,4,25.55768289465206,0.3822963840729521,1.5651301081084494,436.0,40.0,1.0,1281198.0,1.0,2342581.0,87027.0
2025-12-17T14:35:01.679065,5,25.55800474220417,0.39451947563956513,1.5619204942280451,435.0,40.0,1.0,820693.0,1.0,2423223.0,76550.0
2025-12-17T14:35:02.181348,0,25.52981087021265,0.4582641007737658,1.599289123876494,442.0,43.0,1.0,438787.0,1.0,1663759.0,74304.0
2025-12-17T14:35:02.281779,1,25.529309008705226,0.4701193854311432,1.602978118485672,408.0,27.0,1.0,766460.0,1.0,1894670.0,73802.0
2025-12-17T14:35:02.384165,2,25.528841368752747,0.48199143671931166,1.5995343134043243,418.0,32.0,1.0,740702.0,1.0,1587301.0,68067.0
2025-12-17T14:35:02.487595,3,25.528220695207754,0.4932992826103273,1.6029824009339808,431.0,38.0,1.0,1107673.0,1.0,1989298.0,74027.0
2025-12-17T14:35:02.580914,4,25.528119354701047,0.5051562838046565,1.6025165368937626,421.0,33.0,1.0,1280331.0,1.0,2438856.0,88332.0
2025-12-17T14:35:02.679933,5,25.527312288128112,0.5166411189967461,1.6020445917573471,405.0,26.0,1.0,844646.0,1.0,2432261.0,78837.0
2025-12-17T14:35:03.180147,0,25.525622994213396,0.574829103429333,1.6037935994700514,432.0,38.0,1.0,434943.0,1.0,1664886.0,75036.0
2025-12-17T14:35:03.278641,1,25.52543067818373,0.5861517040771581,1.6057829885185673,413.0,29.0,1.0,757178.0,1.0,1859098.0,73478.0
2025-12-17T14:35:03.378678,2,25.525391382492806,0.5974536686984607,1.6005831011670837,422.0,34.0,1.0,756922.0,1.0,1569140.0,67792.0
2025-12-17T14:35:03.482295,3,25.524953296282888,0.6085820409431073,1.6040502425347862,400.0,24.0,1.0,1121252.0,1.0,1969868.0,76317.0
2025-12-17T14:35:03.586170,4,25.525080426305024,0.6204053223806956,1.6008493300769882,419.0,32.0,1.0,1303505.0,1.0,2391448.0,88482.0
2025-12-17T14:35:03.679063,5,25.52478764987748,0.6314049236524641,1.6040767737654624,409.0,28.0,1.0,827667.0,1.0,2442160.0,78544.0
2025-12-17T14:35:04.190143,0,25.522747906466897,0.6884958315305355,1.6082668423412705,434.0,39.0,1.0,434208.0,1.0,1656455.0,74910.0
2025-12-17T14:35:04.279520,2,25.522390529263156,0.7003590631647629,1.606765556042785,400.0,23.0,1.0,753089.0,1.0,1578728.0,69417.0
2025-12-17T14:35:04.381338,3,25.521748881873656,0.7121488087209953,1.605544082078151,420.0,33.0,1.0,1100946.0,1.0,1994016.0,74833.0
2025-12-17T14:35:04.480209,4,25.521156565421222,0.7244910133022147,1.6087676954809549,427.0,36.0,1.0,1265682.0,1.0,2391448.0,87826.0
2025-12-17T14:35:04.579347,5,25.520671613453327,0.736552084320199,1.6040771832734282,406.0,26.0,1.0,846936.0,1.0,2437206.0,78757.0
2025-12-17T14:35:05.182496,0,25.484590437789432,0.7739137809444393,1.6241876618534292,421.0,33.0,1.0,431717.0,1.0,1651976.0,75853.0
2025-12-17T14:35:05.282678,1,25.483839930610714,0.7861395470492908,1.6221986217322484,423.0,34.0,1.0,766719.0,1.0,1840317.0,72736.0
2025-12-17T14:35:05.378877,2,25.483059874783557,0.7976390361386405,1.624678827543796,423.0,34.0,1.0,770622.0,1.0,1589989.0,67723.0
2025-12-17T14:35:05.480990,3,25.482566449954234,0.8093455637570977,1.624424674043483,416.0,31.0,1.0,1083938.0,1.0,1983919.0,75087.0
2025-12-17T14:35:05.577550,4,25.481988586924427,0.8205202954286552,1.6204130623146111,415.0,30.0,1.0,1299980.0,1.0,2399555.0,88872.0
2025-12-17T14:35:05.677124,5,25.481522163106515,0.8317133156542227,1.6219002389192905,432.0,38.0,1.0,815433.0,1.0,2462911.0,76809.0
2025-12-17T14:35:06.178287,0,25.480920458365453,0.8899258100058507,1.6169704239733644,434.0,39.0,1.0,435090.0,1.0,1643611.0,74859.0
2025-12-17T14:35:06.279511,1,25.48043095723076,0.9017538114790531,1.614263535380828,426.0,36.0,1.0,748261.0,1.0,1879342.0,72515.0
2025-12-17T14:35:06.381038,2,25.480217890077235,0.9126084378763312,1.6177453279664866,417.0,31.0,1.0,764387.0,1.0,1590527.0,68114.0
2025-12-17T14:35:06.478220,3,25.479792309146735,0.9238961477509908,1.6133188365891773,403.0,25.0,1.0,1122391.0,1.0,1997393.0,76033.0
2025-12-17T14:35:06.582081,4,25.479174441879515,0.935268128803183,1.6140808252768544,408.0,27.0,1.0,1293397.0,1.0,2372101.0,89446.0
2025-12-17T14:35:06.679989,5,25.47877983440855,0.9472618357578652,1.616792445073087,419.0,32.0,1.0,835265.0,1.0,2441334.0,77804.0
2025-12-17T14:35:07.181039,0,25.475651641629604,1.0058482500619095,1.6121492643683188,436.0,40.0,1.0,434796.0,1.0,1622607.0,74707.0
2025-12-17T14:35:07.279641,1,25.475822809942663,1.0169585938632173,1.6133751720936114,425.0,35.0,1.0,756922.0,1.0,1872359.0,72613.0
2025-12-17T14:35:07.379399,2,25.475843019984406,1.0281595249928643,1.6190627300629492,404.0,25.0,1.0,745733.0,1.0,1567547.0,69019.0
2025-12-17T14:35:07.479200,3,25.47453345833988,1.04085641132282,1.6153871250510548,439.0,41.0,1.0,1085774.0,1.0,1994691.0,73453.0
2025-12-17T14:35:07.581578,4,25.47385083150509,1.0525143581840302,1.6200812050528826,405.0,26.0,1.0,1297343.0,1.0,2401180.0,89718.0
2025-12-17T14:35:07.681857,5,25.473336131749097,1.0647680809851003,1.6185894524857147,436.0,40.0,1.0,834700.0,1.0,2423223.0,76498.0
2025-12-17T14:35:08.178201,0,25.45806102245927,1.093341216245114,1.6323610863963318,427.0,36.0,1.0,428224.0,1.0,1653095.0,75393.0
2025-12-17T14:35:08.283250,1,25.45729836556919,1.1050598103160314,1.6325853593064275,416.0,31.0,1.0,766719.0,1.0,1887629.0,73255.0
2025-12-17T14:35:08.382189,2,25.456856102298833,1.1170298149926192,1.6368486636927564,432.0,38.0,1.0,758460.0,1.0,1576593.0,67175.0
2025-12-17T14:35:08.479374,4,25.455514551550454,1.1281574920774744,1.634120119919693,428.0,36.0,1.0,1304829.0,1.0,2402806.0,87737.0
2025-12-17T14:35:08.578299,5,25.454933902249728,1.1399032209669302,1.639075882863337,422.0,34.0,1.0,824870.0,1.0,2443814.0,77541.0
2025-12-17T14:35:09.179586,0,25.448980360643166,1.2091313442394773,1.6370641088292193,431.0,38.0,1.0,432594.0,1.0,1639721.0,75113.0
2025-12-17T14:35:09.276960,1,25.448134553839324,1.2208769038887228,1.6417437463082614,404.0,26.0,1.0,764646.0,1.0,1876800.0,74103.0
2025-12-17T14:35:09.378828,2,25.44735612670353,1.2325539823028935,1.6380837755034878,438.0,41.0,1.0,753854.0,1.0,1609480.0,66789.0
2025-12-17T14:35:09.478273,3,25.446836759553417,1.243735730581329,1.6402854587632159,413.0,29.0,1.0,1099828.0,1.0,1993341.0,75367.0
2025-12-17T14:35:09.579217,4,25.44573174218706,1.2558496984752456,1.64299238580597,400.0,22.0,1.0,1279032.0,1.0,2336247.0,90511.0
2025-12-17T14:35:09.678301,5,25.444575844653507,1.2676386905292474,1.638842489663652,427.0,36.0,1.0,855869.0,1.0,2426506.0,77200.0
2025-12-17T14:35:10.180660,0,25.441676227263876,1.3231966365293397,1.6370918342435612,450.0,47.0,1.0,431132.0,1.0,1632522.0,73702.0
2025-12-17T14:35:10.277848,1,25.440890691411177,1.3349746211535711,1.6390669509256468,437.0,40.0,1.0,756153.0,1.0,1878706.0,71806.0
2025-12-17T14:35:10.379511,2,25.43982392497398,1.3467263514326642,1.6331534328956074,415.0,30.0,1.0,770100.0,1.0,1569140.0,68298.0
2025-12-17T14:35:10.477662,3,25.439521670046943,1.3582002610728567,1.637825642587111,421.0,33.0,1.0,1103931.0,1.0,1985262.0,74732.0
2025-12-17T14:35:10.579783,4,25.438483103974818,1.3698324892755884,1.6375220249329383,408.0,27.0,1.0,1285977.0,1.0,2397120.0,89476.0
2025-12-17T14:35:10.680311,5,25.43807207979931,1.3811041379431974,1.639301904018357,430.0,37.0,1.0,829069.0,1.0,2390638.0,76992.0
2025-12-17T14:35:11.181365,0,25.419302110720867,1.4203249581270936,1.658671841880708,416.0,31.0,1.0,435975.0,1.0,1643611.0,76214.0
2025-12-17T14:35:11.277409,1,25.418268818857648,1.4323477932243587,1.6608752599327232,400.0,17.0,1.0,774544.0,1.0,1860357.0,75725.0
2025-12-17T14:35:11.378381,2,25.416834534808608,1.4436406384180671,1.6596525487857858,419.0,32.0,1.0,767498.0,1.0,1586764.0,67998.0
2025-12-17T14:35:11.480622,3,25.4156953243305,1.4550821089126345,1.6625967913738435,421.0,33.0,1.0,1090562.0,1.0,1985262.0,74732.0
2025-12-17T14:35:11.582456,4,25.414832030935937,1.4662620494063623,1.6589593965666445,439.0,41.0,1.0,1304387.0,1.0,2362487.0,86791.0
2025-12-17T14:35:11.680958,5,25.413826889115885,1.4779863541748859,1.6641739589250553,420.0,33.0,1.0,830192.0,1.0,2434732.0,77698.0
2025-12-17T14:35:12.182030,0,25.407821147726942,1.5357283683161707,1.6624620907000092,427.0,36.0,1.0,438490.0,1.0,1631970.0,75367.0
2025-12-17T14:35:12.277594,1,25.40658323372903,1.5467327763840395,1.6597705566627359,430.0,37.0,1.0,759231.0,1.0,1860357.0,72490.0
2025-12-17T14:35:12.378852,2,25.40600040399634,1.5575645345582476,1.661228134008504,417.0,31.0,1.0,747755.0,1.0,1585153.0,68137.0
2025-12-17T14:35:12.477436,3,25.40431842234461,1.5696376121702196,1.661224651063329,413.0,29.0,1.0,1148133.0,1.0,1996718.0,75342.0
2025-12-17T14:35:12.579789,5,25.40334187454221,1.581696039150051,1.6587609369976184,406.0,26.0,1.0,842077.0,1.0,2410952.0,78784.0
2025-12-17T14:35:13.177272,1,25.398337359504396,1.6253644717415776,1.6580160991997963,420.0,33.0,1.0,766460.0,1.0,1881888.0,73205.0
2025-12-17T14:35:13.282237,3,25.39838789349129,1.6253220646709616,1.6577737727160307,423.0,34.0,1.0,1083571.0,1.0,1996042.0,74581.0
2025-12-17T14:35:13.378950,4,25.39838789349129,1.6253220646709616,1.6577737727160307,401.0,24.0,1.0,1303064.0,1.0,2402806.0,90053.0
2025-12-17T14:35:13.482053,5,25.398387893491293,1.6253220646709616,1.6577737727160307,416.0,31.0,1.0,838380.0,1.0,2462911.0,78015.0
2025-12-17T14:35:14.182276,0,25.385418766256,1.7011026959226392,1.5430058542693368,417.0,31.0,1.0,435532.0,1.0,1635287.0,76085.0
2025-12-17T14:35:14.276662,1,25.38608109658048,1.7107918229797356,1.5093735084184938,433.0,39.0,1.0,771143.0,1.0,1883800.0,72294.0
2025-12-17T14:35:14.378962,2,25.387783226481925,1.7202890257460124,1.4861775402023367,423.0,34.0,1.0,762837.0,1.0,1562780.0,67746.0
2025-12-17T14:35:14.479011,3,25.38867319659341,1.7312565649901062,1.4587226856061595,419.0,32.0,1.0,1101691.0,1.0,1971869.0,74910.0
2025-12-17T14:35:14.580629,4,25.38948721096777,1.7432301505467687,1.438798287252389,414.0,30.0,1.0,1316362.0,1.0,2401180.0,88932.0
2025-12-17T14:35:14.684497,5,25.39030589547645,1.7551292457419336,1.4135848825564714,424.0,34.0,1.0,845504.0,1.0,2454590.0,77410.0
2025-12-17T14:35:15.177393,0,25.402274294668295,1.8113330098430018,1.2822795352002376,410.0,28.0,1.0,442815.0,1.0,1630866.0,76654.0
2025-12-17T14:35:15.277473,1,25.404988550041615,1.8231197605602323,1.252809099533093,446.0,45.0,1.0,760002.0,1.0,1840317.0,71419.0
2025-12-17T14:35:15.379063,2,25.395267779812585,1.8533795673192377,1.2296584646228634,418.0,32.0,1.0,770100.0,1.0,1574460.0,68044.0
2025-12-17T14:35:15.481888,3,25.39465900030367,1.8699035895054337,1.2081346342085968,412.0,29.0,1.0,1103931.0,1.0,1976546.0,75418.0
2025-12-17T14:35:15.576594,4,25.39879689521254,1.880984665714691,1.1844834549423842,419.0,32.0,1.0,1279032.0,1.0,2362487.0,88482.0
2025-12-17T14:35:15.677735,5,25.40375281098046,1.8911883844913238,1.1517488249118744,405.0,26.0,1.0,826547.0,1.0,2443814.0,78811.0
2025-12-17T14:35:16.177925,0,25.431258619113407,1.9389009672635207,1.022648379561768,424.0,35.0,1.0,433327.0,1.0,1662633.0,75572.0
2025-12-17T14:35:16.282305,1,25.416256980949996,1.9650426162937313,1.0262628367797975,423.0,34.0,1.0,753089.0,1.0,1854071.0,73007.0
2025-12-17T14:35:16.378631,2,25.41682556760433,1.9811743421004462,1.0078186517263723,424.0,34.0,1.0,753598.0,1.0,1581938.0,67700.0
2025-12-17T14:35:16.479795,3,25.422393229960214,1.992130503874101,0.9841591917218966,421.0,33.0,1.0,1092039.0,1.0,1979894.0,74758.0
2025-12-17T14:35:16.584307,4,25.429078330019337,2.0017249397211616,0.955640570355636,431.0,38.0,1.0,1305712.0,1.0,2399555.0,87440.0
2025-12-17T14:35:16.680959,5,25.43594386462952,2.0109293028944397,0.9270485375888292,423.0,34.0,1.0,841507.0,1.0,2424864.0,77488.0
2025-12-17T14:35:17.181525,0,25.45435441761744,2.0576858171974917,0.7990899501774309,424.0,34.0,1.0,434502.0,1.0,1674493.0,75623.0
2025-12-17T14:35:17.281785,1,25.45511493670556,2.068818471307944,0.7817190565852081,432.0,38.0,1.0,762579.0,1.0,1880615.0,72368.0
2025-12-17T14:35:17.378386,2,25.46390777361426,2.077728343799327,0.7653300302383822,408.0,27.0,1.0,763870.0,1.0,1596460.0,68739.0
2025-12-17T14:35:17.480957,3,25.47200140461646,2.086169155660869,0.7421268055360334,431.0,38.0,1.0,1119356.0,1.0,2023248.0,74027.0
2025-12-17T14:35:17.579652,4,25.47596632220006,2.090421982666092,0.7208904119271233,412.0,29.0,1.0,1290336.0,1.0,2356896.0,89113.0
2025-12-17T14:35:17.676962,5,25.476194818425668,2.0907637860113413,0.7193599720266629,424.0,34.0,1.0,840369.0,1.0,2440507.0,77436.0
2025-12-17T14:35:18.176587,0,25.477531554383802,2.0920865487759923,0.7201788108100478,432.0,38.0,1.0,435680.0,1.0,1639721.0,75036.0
2025-12-17T14:35:18.279988,1,25.477531554383802,2.0920865487759923,0.7201788108100478,427.0,36.0,1.0,760774.0,1.0,1876800.0,72711.0
2025-12-17T14:35:18.379845,2,25.478538298060563,2.092968563529517,0.7176945667543946,413.0,29.0,1.0,763870.0,1.0,1585153.0,68437.0
2025-12-17T14:35:18.478253,3,25.48741784184876,2.096383015028104,0.7088062013549425,422.0,34.0,1.0,1088718.0,1.0,1979894.0,74656.0
2025-12-17T14:35:18.581552,4,25.497928206160342,2.1051267932996502,0.7078226220742898,431.0,38.0,1.0,1287719.0,1.0,2419945.0,87440.0
2025-12-17T14:35:18.680221,5,25.508368492700015,2.1165656802230286,0.6962220856236364,419.0,32.0,1.0,829069.0,1.0,2448781.0,77804.0
2025-12-17T14:35:19.178472,0,25.552625573745313,2.1548169613215027,0.5730715106877955,422.0,33.0,1.0,434061.0,1.0,1646952.0,75777.0
2025-12-17T14:35:19.277854,1,25.561825819185856,2.1589470237654727,0.5444476516758688,437.0,41.0,1.0,757947.0,1.0,1854071.0,72001.0
2025-12-17T14:35:19.380281,2,25.571377156817782,2.1639940930075534,0.5170337784564656,425.0,35.0,1.0,758460.0,1.0,1582473.0,67631.0
2025-12-17T14:35:19.480495,3,25.581637829033838,2.169597832762052,0.49087270423124313,430.0,37.0,1.0,1096483.0,1.0,1996042.0,74103.0
2025-12-17T14:35:19.580245,4,25.591991178921663,2.1745702052116203,0.47281047715161384,416.0,31.0,1.0,1298221.0,1.0,2403619.0,88752.0
2025-12-17T14:35:20.178822,0,25.6408892262174,2.194414955524816,0.3275007192525148,424.0,35.0,1.0,442666.0,1.0,1651976.0,75572.0
2025-12-17T14:35:20.279391,1,25.651315207486142,2.197192981097829,0.2986601382191432,414.0,30.0,1.0,772711.0,1.0,1876800.0,73653.0
2025-12-17T14:35:20.378808,2,25.66226340358736,2.2001181074714893,0.2760755247346249,405.0,26.0,1.0,756922.0,1.0,1579797.0,68925.0
2025-12-17T14:35:20.479215,3,25.673053067687682,2.203391899135305,0.25641130526760475,432.0,38.0,1.0,1098712.0,1.0,1976546.0,73977.0
2025-12-17T14:35:20.579427,4,25.683365461132126,2.206496097263282,0.23068416196609445,409.0,28.0,1.0,1282065.0,1.0,2347343.0,89385.0
2025-12-17T14:35:20.679596,5,25.693719950383624,2.2076418324905864,0.19368859922555684,417.0,31.0,1.0,848945.0,1.0,2438856.0,77935.0
2025-12-17T14:35:21.177209,0,25.748990438224677,2.193900066161934,0.08305592678699812,424.0,34.0,1.0,430404.0,1.0,1663196.0,75597.0
2025-12-17T14:35:21.279064,1,25.760131914252216,2.194587437657536,0.06062458437781404,417.0,31.0,1.0,754109.0,1.0,1901094.0,73404.0
2025-12-17T14:35:21.378368,2,25.770551320213205,2.1959985701208806,0.036873417458329776,434.0,39.0,1.0,761805.0,1.0,1598623.0,67016.0
2025-12-17T14:35:21.479856,3,25.78120401054552,2.1961133798182084,0.011154614731899189,430.0,37.0,1.0,1093148.0,1.0,1986606.0,74128.0
2025-12-17T14:35:21.580162,4,25.792535916036137,2.1960704980483845,-0.01861570966565599,433.0,39.0,1.0,1295149.0,1.0,2394687.0,87292.0
2025-12-17T14:35:21.678741,5,25.803749608070813,2.1935289449983584,-0.04381458578570273,426.0,35.0,1.0,824033.0,1.0,2403619.0,77253.0
2025-12-17T14:35:22.185922,0,25.860945249648722,2.1867654571801896,-0.16876763322933735,422.0,33.0,1.0,436861.0,1.0,1657016.0,75751.0
2025-12-17T14:35:22.277736,2,25.872599877969026,2.185846769651734,-0.19354499531534586,409.0,28.0,1.0,770100.0,1.0,1588376.0,68646.0
2025-12-17T14:35:22.379192,3,25.883154924638355,2.183492133393738,-0.22300073701808643,420.0,33.0,1.0,1116329.0,1.0,1987279.0,74833.0
2025-12-17T14:35:22.481719,4,25.893164992162845,2.180679743349967,-0.2518307635757857,419.0,32.0,1.0,1291647.0,1.0,2383368.0,88512.0
2025-12-17T14:35:22.585633,5,25.905376949689703,2.1735488975170654,-0.28267751501635136,420.0,33.0,1.0,819028.0,1.0,2428149.0,77672.0
2025-12-17T14:35:23.179265,0,25.915149786981207,2.165793368937658,-0.3089533576885735,424.0,35.0,1.0,433474.0,1.0,1646394.0,75572.0
2025-12-17T14:35:23.279422,1,25.92509580009885,2.1622044169129944,-0.3376354969997237,429.0,37.0,1.0,768798.0,1.0,1872359.0,72613.0
2025-12-17T14:35:23.382208,2,25.939602558661267,2.15806555174965,-0.36573677796045373,428.0,36.0,1.0,760259.0,1.0,1588913.0,67448.0
2025-12-17T14:35:23.476604,3,25.95402440682303,2.1542267586140267,-0.39625798663471345,436.0,40.0,1.0,1090193.0,1.0,1964542.0,73702.0
2025-12-17T14:35:23.580342,4,25.967004747354363,2.149138941565872,-0.42021505652924207,400.0,22.0,1.0,1269543.0,1.0,2398743.0,90511.0
2025-12-17T14:35:23.683201,5,25.978525802285578,2.144560440350519,-0.44416731635837764,424.0,34.0,1.0,832443.0,1.0,2376119.0,77436.0
2025-12-17T14:35:24.178763,0,26.027224837782033,2.1177844468571925,-0.5687111189390154,425.0,35.0,1.0,429967.0,1.0,1646394.0,75520.0
2025-12-17T14:35:24.281036,1,26.03677188082542,2.1114692926127367,-0.6029972407159039,424.0,35.0,1.0,756665.0,1.0,1872992.0,72908.0
2025-12-17T14:35:24.381756,2,26.0464939366587,2.1045340663743257,-0.6278200420792382,428.0,36.0,1.0,760259.0,1.0,1569671.0,67403.0
2025-12-17T14:35:24.478373,3,26.05641236346281,2.098234196232894,-0.648259661531522,422.0,33.0,1.0,1086877.0,1.0,1967203.0,74707.0
2025-12-17T14:35:24.579936,4,26.06462807136977,2.0910813542095,-0.6730351311385154,437.0,41.0,1.0,1309253.0,1.0,2356896.0,86938.0
2025-12-17T14:35:24.683076,5,26.069811441232233,2.0812557979204507,-0.7023908270830872,409.0,28.0,1.0,814054.0,1.0,2424864.0,78544.0
2025-12-17T14:35:25.180708,0,26.10805241831706,2.040906140544213,-0.8290719317214121,438.0,41.0,1.0,434943.0,1.0,1650858.0,74606.0
2025-12-17T14:35:25.280498,1,26.115688307844373,2.032634806977715,-0.8574553696687578,435.0,39.0,1.0,739700.0,1.0,1854699.0,72172.0
2025-12-17T14:35:25.378900,2,26.12267115190402,2.024450895869819,-0.8752421948119882,422.0,33.0,1.0,751561.0,1.0,1587838.0,67837.0
2025-12-17T14:35:25.480054,3,26.130720556000366,2.0154863623963952,-0.8987272667371866,431.0,38.0,1.0,1096483.0,1.0,1975878.0,74002.0
2025-12-17T14:35:25.578595,4,26.14515368480013,2.001541404445939,-0.92537372324428,409.0,28.0,1.0,1276869.0,1.0,2329142.0,89325.0
2025-12-17T14:35:25.679450,5,26.157804535666557,1.9884787604517702,-0.9499397806145756,414.0,30.0,1.0,847797.0,1.0,2447124.0,78147.0
2025-12-17T14:35:26.184319,0,26.18780027099112,1.9410490409842729,-1.0759330596560173,430.0,37.0,1.0,437305.0,1.0,1662633.0,75189.0
2025-12-17T14:35:26.282102,1,26.193598845634845,1.9310183707175843,-1.0994856719364863,423.0,34.0,1.0,774282.0,1.0,1879342.0,73007.0
2025-12-17T14:35:26.380310,2,26.198296431887293,1.9210349365910613,-1.1277745229931802,424.0,35.0,1.0,748768.0,1.0,1571266.0,67654.0
2025-12-17T14:35:26.481004,3,26.2052112297943,1.9053583538329797,-1.159266197845448,419.0,32.0,1.0,1079179.0,1.0,1975209.0,74910.0
2025-12-17T14:35:26.580803,4,26.211855319520517,1.8892141253514976,-1.1873088990206644,424.0,34.0,1.0,1262260.0,1.0,2395498.0,88094.0
2025-12-17T14:35:26.678877,5,26.216381884092005,1.8784944419550638,-1.2125587645620821,424.0,35.0,1.0,821805.0,1.0,2384981.0,77383.0
2025-12-17T14:35:27.177960,0,26.231495034818266,1.834460014867875,-1.315860642961068,420.0,33.0,1.0,435238.0,1.0,1630866.0,75879.0
2025-12-17T14:35:27.276562,1,26.23196613134706,1.8343314880653154,-1.3180601107627161,434.0,39.0,1.0,772188.0,1.0,1892107.0,72245.0
2025-12-17T14:35:27.379665,2,26.23323416895261,1.832620183170664,-1.3184947788747543,428.0,36.0,1.0,760002.0,1.0,1594840.0,67448.0
2025-12-17T14:35:27.477416,3,26.234870322904165,1.8304138617719938,-1.3190551742198537,409.0,28.0,1.0,1096855.0,1.0,1996042.0,75623.0
2025-12-17T14:35:27.582280,4,26.234870322904165,1.8304138617719938,-1.3190551742198537,437.0,40.0,1.0,1287719.0,1.0,2389021.0,86968.0
2025-12-17T14:35:27.683818,5,26.234757437796002,1.8292986261856528,-1.3230426531687918,427.0,36.0,1.0,826547.0,1.0,2416671.0,77148.0
2025-12-17T14:35:28.178085,0,26.244576744115573,1.769322916320307,-1.4544581022704768,425.0,35.0,1.0,438045.0,1.0,1638057.0,75520.0
2025-12-17T14:35:28.280097,1,26.245915051885994,1.757782620173113,-1.4826749626712359,427.0,36.0,1.0,767758.0,1.0,1877435.0,72736.0
2025-12-17T14:35:28.379472,2,26.246130289727738,1.7468008310654732,-1.5064430872199528,411.0,29.0,1.0,771666.0,1.0,1581938.0,68530.0
2025-12-17T14:35:28.476874,3,26.24693297908224,1.735889266311433,-1.52717242607607,433.0,39.0,1.0,1079910.0,1.0,2002131.0,73877.0
2025-12-17T14:35:28.579351,4,26.247456309161294,1.724561276541784,-1.5494631962752803,447.0,45.0,1.0,1266111.0,1.0,2447124.0,86089.0
2025-12-17T14:35:28.677251,5,26.247097182866792,1.7138117234138601,-1.5805901571418048,419.0,32.0,1.0,830754.0,1.0,2392257.0,77751.0
2025-12-17T14:35:29.180162,0,26.24670380807988,1.658705931106589,-1.7059618924573738,404.0,25.0,1.0,427645.0,1.0,1651976.0,77096.0
2025-12-17T14:35:29.280071,1,26.244629039292146,1.6480067892405998,-1.7328891934541428,411.0,28.0,1.0,759488.0,1.0,1866032.0,73877.0
2025-12-17T14:35:29.384109,2,26.2429661456733,1.6369683870405012,-1.7538809256895183,433.0,38.0,1.0,761805.0,1.0,1563309.0,67107.0
2025-12-17T14:35:29.477115,3,26.24129226129782,1.6252418303879157,-1.7771818034930442,431.0,38.0,1.0,1105426.0,1.0,1980564.0,74027.0
2025-12-17T14:35:29.578899,4,26.238626738019008,1.6148352748042096,-1.8058205072674918,421.0,33.0,1.0,1293835.0,1.0,2394687.0,88332.0
2025-12-17T14:35:29.676490,5,26.235378536917814,1.6039058224558447,-1.8370821720099941,418.0,32.0,1.0,824870.0,1.0,2429793.0,77830.0
2025-12-17T14:35:30.178973,0,26.21799775069435,1.5385614398001743,-1.862733901147979,420.0,32.0,1.0,442965.0,1.0,1669965.0,75931.0
2025-12-17T14:35:30.276661,1,26.214420765843,1.5260991157249635,-1.8646760773057767,424.0,34.0,1.0,761547.0,1.0,1878706.0,72958.0
2025-12-17T14:35:30.378809,2,26.210845982122134,1.5137295645817443,-1.8644651669136898,423.0,34.0,1.0,747502.0,1.0,1575526.0,67723.0
2025-12-17T14:35:30.478825,3,26.20751611149489,1.5018422719996034,-1.8659064760598034,426.0,35.0,1.0,1099456.0,1.0,1995366.0,74404.0
2025-12-17T14:35:30.578139,4,26.203911362223103,1.4897726706858498,-1.8500387137543313,416.0,31.0,1.0,1286847.0,1.0,2352115.0,88722.0
2025-12-17T14:35:30.677013,5,26.20045837937716,1.47640636914867,-1.8324879709611752,414.0,30.0,1.0,846936.0,1.0,2443814.0,78147.0
2025-12-17T14:35:31.178775,0,26.191465469898468,1.4149721422640031,-1.6885885284394146,437.0,40.0,1.0,443565.0,1.0,1664886.0,74656.0
2025-12-17T14:35:31.278874,1,26.18991248160821,1.402853923853243,-1.659697270737232,430.0,37.0,1.0,772188.0,1.0,1905603.0,72515.0
2025-12-17T14:35:31.384861,2,26.18810813354202,1.3897813344961136,-1.6475670300020824,423.0,34.0,1.0,762320.0,1.0,1588913.0,67723.0
2025-12-17T14:35:31.480021,4,26.18745920131878,1.3778448483854382,-1.638923896492373,434.0,39.0,1.0,1299540.0,1.0,2390638.0,87233.0
2025-12-17T14:35:31.577938,5,26.186690530385867,1.365608580221849,-1.6361977206386187,434.0,39.0,1.0,826267.0,1.0,2424864.0,76654.0
2025-12-17T14:35:32.180118,1,26.18085169660813,1.2890266834067827,-1.6389241190057573,424.0,34.0,1.0,779805.0,1.0,1897237.0,72933.0
2025-12-17T14:35:32.277273,2,26.179928705842173,1.2753324176534069,-1.6398805315597038,423.0,34.0,1.0,760002.0,1.0,1576593.0,67723.0
2025-12-17T14:35:32.379870,3,26.17965934243421,1.2630086051950533,-1.6368347673465593,418.0,32.0,1.0,1083938.0,1.0,1980564.0,74960.0
2025-12-17T14:35:32.479279,4,26.18307067026922,1.250461050402469,-1.6249616974149834,438.0,41.0,1.0,1290336.0,1.0,2373707.0,86850.0
2025-12-17T14:35:32.579046,5,26.18293431771726,1.2384454825558784,-1.6245677568385433,416.0,31.0,1.0,825988.0,1.0,2416671.0,77988.0
2025-12-17T14:35:33.179023,0,26.179466634361024,1.161688074509198,-1.6247950715562602,416.0,31.0,1.0,441319.0,1.0,1644723.0,76162.0
2025-12-17T14:35:33.279560,1,26.178596372415683,1.1496468015494348,-1.6235003789214255,434.0,39.0,1.0,768538.0,1.0,1879979.0,72221.0
2025-12-17T14:35:33.379394,3,26.177163478243806,1.1370631754258005,-1.6279566362855111,420.0,33.0,1.0,1118599.0,1.0,1980564.0,74808.0
2025-12-17T14:35:33.482259,4,26.176460942072037,1.124987577545888,-1.6254751091019968,426.0,35.0,1.0,1276437.0,1.0,2389021.0,87915.0
2025-12-17T14:35:33.579770,5,26.175492872998365,1.1122624977757911,-1.624482166834705,425.0,35.0,1.0,834700.0,1.0,2422403.0,77305.0
2025-12-17T14:35:34.180065,0,26.16927368910686,1.0363490844595606,-1.6215381519644683,439.0,42.0,1.0,446276.0,1.0,1639166.0,74480.0
2025-12-17T14:35:34.279653,1,26.169007499935617,1.0235347817590381,-1.6230262440366974,411.0,28.0,1.0,761805.0,1.0,1876800.0,73902.0
2025-12-17T14:35:34.380970,2,26.168354726087976,1.0109661159376155,-1.6200670519041287,416.0,31.0,1.0,761547.0,1.0,1559610.0,68206.0
2025-12-17T14:35:34.478058,3,26.16734117257026,0.9980428389923224,-1.6190638685055845,437.0,40.0,1.0,1081007.0,1.0,1988625.0,73628.0
2025-12-17T14:35:34.577873,4,26.166842666492403,0.9850718230026401,-1.6222634332265744,428.0,36.0,1.0,1298221.0,1.0,2388212.0,87737.0
2025-12-17T14:35:34.676451,5,26.165965451581343,0.9717514341451167,-1.622754740178807,424.0,34.0,1.0,830473.0,1.0,2443814.0,77410.0
2025-12-17T14:35:35.178544,0,26.18823703593887,0.9193020867125652,-1.5853113011645474,416.0,31.0,1.0,435680.0,1.0,1654214.0,76162.0
2025-12-17T14:35:35.276836,1,26.187959799247057,0.9093039171012389,-1.583093618090756,429.0,37.0,1.0,749782.0,1.0,1869193.0,72613.0
2025-12-17T14:35:35.379674,2,26.188341049049065,0.9089131733915683,-1.583093618090756,415.0,31.0,1.0,757178.0,1.0,1572330.0,68252.0
2025-12-17T14:35:35.478233,3,26.188398758706246,0.9090637918048579,-1.5838795454057837,400.0,24.0,1.0,1097969.0,1.0,2004844.0,76265.0
2025-12-17T14:35:35.581283,4,26.187695298021723,0.9059471297034307,-1.5858403426328287,424.0,34.0,1.0,1264826.0,1.0,2355301.0,88094.0
2025-12-17T14:35:35.679686,5,26.186258154572045,0.8958639635792336,-1.5900185262615292,429.0,37.0,1.0,850095.0,1.0,2449610.0,76992.0
2025-12-17T14:35:36.177716,0,26.187348050387733,0.8229876246910666,-1.5813485947534784,415.0,30.0,1.0,451288.0,1.0,1669965.0,76291.0
2025-12-17T14:35:36.278704,1,26.18715740028817,0.8106211281414764,-1.5835619628012867,419.0,32.0,1.0,765682.0,1.0,1874261.0,73329.0
2025-12-17T14:35:36.382083,2,26.186852738276414,0.7984597918982947,-1.5838086857783957,431.0,38.0,1.0,754364.0,1.0,1581938.0,67198.0
2025-12-17T14:35:36.477843,3,26.186455702423565,0.7861937732598101,-1.5830540350156272,429.0,37.0,1.0,1100573.0,1.0,1976546.0,74153.0
2025-12-17T14:35:36.579794,4,26.186255896633014,0.7739744760054954,-1.5823073995874974,432.0,38.0,1.0,1295588.0,1.0,2388212.0,87381.0
2025-12-17T14:35:36.677909,5,26.185576327616495,0.7625506951578354,-1.5808053004419813,434.0,39.0,1.0,848084.0,1.0,2372101.0,76654.0
2025-12-17T14:35:37.180616,0,26.186238917732958,0.6968489264389726,-1.5825077007641828,415.0,30.0,1.0,439084.0,1.0,1670530.0,76291.0
2025-12-17T14:35:37.277481,1,26.186481364606514,0.6842699332716649,-1.5815341353224595,429.0,37.0,1.0,740201.0,1.0,1884438.0,72588.0
2025-12-17T14:35:37.378252,2,26.186178589898294,0.6712802918867953,-1.584231441402216,429.0,37.0,1.0,759231.0,1.0,1573927.0,67357.0
2025-12-17T14:35:37.477555,3,26.18624236776933,0.6592892728833379,-1.5839596395670865,408.0,27.0,1.0,1095371.0,1.0,1953932.0,75700.0
2025-12-17T14:35:37.578179,4,26.187498795315513,0.6459615813651649,-1.5783348749554391,424.0,35.0,1.0,1285106.0,1.0,2348138.0,88034.0
2025-12-17T14:35:37.677427,5,26.204401025673945,0.630105233024105,-1.5359013165860647,424.0,35.0,1.0,824591.0,1.0,2441334.0,77383.0
2025-12-17T14:35:38.177560,0,26.20867340623076,0.5664972014160394,-1.532979401091647,420.0,33.0,1.0,430404.0,1.0,1669965.0,75905.0
2025-12-17T14:35:38.276563,1,26.209296836880476,0.553661065184796,-1.534216868371283,427.0,36.0,1.0,764646.0,1.0,1863508.0,72736.0
2025-12-17T14:35:38.379319,2,26.209950199908416,0.5412535492946329,-1.5322506965234006,429.0,37.0,1.0,762579.0,1.0,1595920.0,67334.0
2025-12-17T14:35:38.482672,3,26.210580414902143,0.528414831857754,-1.5339715042387807,417.0,31.0,1.0,1117085.0,1.0,2012321.0,75036.0
2025-12-17T14:35:38.582051,4,26.21115132764834,0.5159598061531121,-1.5300480357765218,424.0,34.0,1.0,1274279.0,1.0,2406061.0,88094.0
2025-12-17T14:35:38.681119,5,26.21166590352968,0.5032086449551301,-1.531035612749791,414.0,30.0,1.0,827387.0,1.0,2441334.0,78120.0
2025-12-17T14:35:39.181240,0,26.214930880836633,0.43945361412136474,-1.5319871418766557,423.0,34.0,1.0,445069.0,1.0,1654774.0,75700.0
2025-12-17T14:35:39.277180,1,26.215725243212404,0.42648226432103087,-1.5325279420652815,418.0,32.0,1.0,759231.0,1.0,1884438.0,73379.0
2025-12-17T14:35:39.378482,2,26.216380561388142,0.4137617111944565,-1.535476995561052,423.0,34.0,1.0,752070.0,1.0,1582473.0,67723.0
2025-12-17T14:35:39.478125,3,26.216227808056487,0.40104975536470366,-1.532769260041857,405.0,26.0,1.0,1086509.0,1.0,1981235.0,75905.0
2025-12-17T14:35:39.581549,4,26.21733670897128,0.39562758720369384,-1.5379634588379338,428.0,36.0,1.0,1291210.0,1.0,2384174.0,87737.0
2025-12-17T14:35:39.680003,5,26.218499415490708,0.39490742356661923,-1.5369868600194374,413.0,30.0,1.0,839800.0,1.0,2451269.0,78200.0
2025-12-17T14:35:40.179779,0,26.215991146438256,0.3543402515832701,-1.5270076538222626,422.0,33.0,1.0,439977.0,1.0,1666577.0,75777.0
2025-12-17T14:35:40.277970,1,26.21717669525914,0.33909693531555973,-1.5282391557596622,427.0,36.0,1.0,765423.0,1.0,1876165.0,72711.0
2025-12-17T14:35:40.378492,2,26.21822881681863,0.32564486777142765,-1.5282534239419192,430.0,37.0,1.0,760002.0,1.0,1567547.0,67266.0
2025-12-17T14:35:40.475885,3,26.219206365736476,0.31365780957941336,-1.530716979969123,427.0,36.0,1.0,1084672.0,1.0,1973204.0,74354.0
2025-12-17T14:35:40.578326,4,26.219827280327163,0.3020222682574212,-1.5284928769839503,428.0,36.0,1.0,1282499.0,1.0,2325990.0,87737.0
2025-12-17T14:35:40.679572,5,26.22038459553287,0.2899505450665787,-1.5297404542910666,424.0,34.0,1.0,854422.0,1.0,2447953.0,77436.0
2025-12-17T14:35:41.183346,0,26.222613149995055,0.2260566802890258,-1.5270198559289723,420.0,33.0,1.0,446276.0,1.0,1669400.0,75905.0
2025-12-17T14:35:41.279838,2,26.22335560483883,0.21257373661468915,-1.525301653091518,433.0,39.0,1.0,757178.0,1.0,1586764.0,67084.0
2025-12-17T14:35:41.385219,3,26.223870370131664,0.1998590243197631,-1.52603785112824,417.0,31.0,1.0,1096855.0,1.0,1979894.0,75036.0
2025-12-17T14:35:41.490385,4,26.224387146047015,0.186703268518019,-1.5230821216098438,433.0,39.0,1.0,1288591.0,1.0,2393877.0,87263.0
2025-12-17T14:35:41.578788,5,26.224990507866174,0.17394841498960467,-1.5249843855083782,426.0,35.0,1.0,834700.0,1.0,2441334.0,77226.0
2025-12-17T14:35:42.179568,0,26.227307658639006,0.09924825353105149,-1.5289594011709553,407.0,27.0,1.0,446427.0,1.0,1680169.0,76861.0
2025-12-17T14:35:42.277945,1,26.22790219980842,0.08706117617252662,-1.5289771526011087,422.0,34.0,1.0,759488.0,1.0,1859727.0,73057.0
2025-12-17T14:35:42.378436,2,26.228305256871977,0.07425156496577223,-1.5267499840065855,421.0,33.0,1.0,761547.0,1.0,1585690.0,67906.0
2025-12-17T14:35:42.477465,3,26.229151661632834,0.061335771631289226,-1.526233893891035,422.0,34.0,1.0,1108048.0,1.0,2004844.0,74656.0
2025-12-17T14:35:43.177304,0,26.234927479064662,0.007783143011256932,-1.5172868959060697,420.0,33.0,1.0,444317.0,1.0,1677329.0,75879.0
2025-12-17T14:35:43.282549,1,26.23588730565956,-0.005450756815711166,-1.517517937707066,427.0,36.0,1.0,765941.0,1.0,1871092.0,72736.0
2025-12-17T14:35:43.380142,2,26.23649180210783,-0.01819560716445201,-1.519749233262933,429.0,37.0,1.0,754619.0,1.0,1597541.0,67357.0
2025-12-17T14:35:43.479403,3,26.237477913303824,-0.030648590541874743,-1.5190322083113041,411.0,28.0,1.0,1143867.0,1.0,1981905.0,75495.0
2025-12-17T14:35:43.578424,4,26.238149520094364,-0.04303829526602376,-1.521738423061169,425.0,35.0,1.0,1284237.0,1.0,2373707.0,87945.0
2025-12-17T14:35:43.681605,5,26.23857668291684,-0.05522710220755389,-1.5182881880696542,416.0,31.0,1.0,841507.0,1.0,2454590.0,78015.0
2025-12-17T14:35:44.180871,0,26.242188205207718,-0.11918080860174429,-1.5259104291239165,420.0,33.0,1.0,441917.0,1.0,1666577.0,75905.0
2025-12-17T14:35:44.279883,1,26.242949015205735,-0.1321548344983694,-1.5268892330586223,414.0,30.0,1.0,766979.0,1.0,1894670.0,73628.0
2025-12-17T14:35:44.380892,2,26.243843831467625,-0.1448955086110022,-1.5271495226946679,420.0,33.0,1.0,744976.0,1.0,1574460.0,67929.0
2025-12-17T14:35:44.477619,3,26.24471733361004,-0.15747132038752554,-1.5273755958367652,423.0,34.0,1.0,1085039.0,1.0,1975209.0,74606.0
2025-12-17T14:35:44.580366,4,26.24571523691682,-0.17026576150586603,-1.5256495808497026,418.0,32.0,1.0,1308367.0,1.0,2399555.0,88542.0
2025-12-17T14:35:44.680201,5,26.24656042590886,-0.18238861377324067,-1.5246770597929082,406.0,27.0,1.0,838948.0,1.0,2438856.0,78731.0
2025-12-17T14:35:45.178797,0,26.249172171311486,-0.24651477843815783,-1.528627639383091,424.0,35.0,1.0,444166.0,1.0,1664322.0,75572.0
2025-12-17T14:35:45.281972,1,26.255236381418314,-0.2609061560808943,-1.5247481256441504,420.0,33.0,1.0,770622.0,1.0,1885714.0,73230.0
2025-12-17T14:35:45.379923,2,26.25946081359232,-0.275245744905539,-1.5156760026147296,429.0,37.0,1.0,758717.0,1.0,1572330.0,67334.0
2025-12-17T14:35:45.483142,3,26.260479461338875,-0.288289389693007,-1.5151998147617791,415.0,30.0,1.0,1093148.0,1.0,1996042.0,75189.0
2025-12-17T14:35:45.581903,4,26.260786169239115,-0.3009908692443082,-1.5161630846859488,436.0,40.0,1.0,1298661.0,1.0,2372904.0,87027.0
2025-12-17T14:35:45.677721,5,26.261365979297665,-0.3132866241630765,-1.517658734428402,428.0,36.0,1.0,833288.0,1.0,2460412.0,77122.0
2025-12-17T14:35:46.181705,0,26.26279572278324,-0.3767954594683758,-1.5208705800501587,408.0,27.0,1.0,447789.0,1.0,1657016.0,76783.0
2025-12-17T14:35:46.276509,1,26.262687406865755,-0.3896844947323723,-1.5179075518646439,432.0,38.0,1.0,734461.0,1.0,1872992.0,72392.0
2025-12-17T14:35:46.380180,2,26.263381029119998,-0.4020672344107026,-1.5211184994096663,418.0,32.0,1.0,757690.0,1.0,1601872.0,68067.0
2025-12-17T14:35:46.478293,3,26.263825998904238,-0.41467640120563454,-1.517145195394672,422.0,34.0,1.0,1103557.0,1.0,1977216.0,74656.0
2025-12-17T14:35:46.580697,4,26.265606565877707,-0.4276511816247721,-1.5208557970202268,405.0,26.0,1.0,1261406.0,1.0,2339412.0,89718.0
2025-12-17T14:35:46.678093,5,26.266121943056405,-0.44059158313145685,-1.5152045298595784,404.0,25.0,1.0,858480.0,1.0,2419945.0,78944.0
2025-12-17T14:35:47.178188,0,26.27339115615602,-0.5033922707366187,-1.4288573729606353,419.0,32.0,1.0,444467.0,1.0,1651976.0,75982.0
2025-12-17T14:35:47.276706,1,26.27587014769955,-0.5160545074391893,-1.3969964041642486,428.0,36.0,1.0,756665.0,1.0,1867296.0,72638.0
2025-12-17T14:35:47.378261,2,26.27857412812811,-0.5288346045052039,-1.3671353446827301,421.0,33.0,1.0,775856.0,1.0,1594300.0,67906.0
2025-12-17T14:35:47.478379,3,26.281720176730733,-0.5404624109575793,-1.3397095902949867,423.0,34.0,1.0,1097969.0,1.0,1977885.0,74581.0
2025-12-17T14:35:47.579467,4,26.285275114725646,-0.5525439385696789,-1.3120062078960857,418.0,32.0,1.0,1270403.0,1.0,2393877.0,88572.0
2025-12-17T14:35:47.678354,5,26.288330043280062,-0.563878419437168,-1.2829212763025553,426.0,35.0,1.0,831316.0,1.0,2415036.0,77253.0
2025-12-17T14:35:48.179662,0,26.319885698093806,-0.5901908794286022,-1.1147793278081826,412.0,29.0,1.0,446881.0,1.0,1685866.0,76498.0
2025-12-17T14:35:48.280739,1,26.325876279555313,-0.6005334054453213,-1.0863772519349337,424.0,34.0,1.0,749021.0,1.0,1895953.0,72933.0
2025-12-17T14:35:48.379730,2,26.331009209313848,-0.6118235556607781,-1.0562286787078026,429.0,37.0,1.0,767238.0,1.0,1567547.0,67334.0
2025-12-17T14:35:48.481440,3,26.33899070449744,-0.6287269549847871,-1.0232876996460865,418.0,32.0,1.0,1082105.0,1.0,1981235.0,74986.0
2025-12-17T14:35:48.587896,4,26.35415932248312,-0.655789349462963,-0.9825926805877405,410.0,28.0,1.0,1280764.0,1.0,2340996.0,89234.0
2025-12-17T14:35:48.677168,5,26.361531183641176,-0.6651707730161247,-0.9557623082441234,424.0,34.0,1.0,832724.0,1.0,2466248.0,77436.0
2025-12-17T14:35:49.178963,0,26.400993906870326,-0.7150203022389348,-0.810939539527278,423.0,34.0,1.0,439084.0,1.0,1636395.0,75648.0
2025-12-17T14:35:49.276970,1,26.413540696699247,-0.7242581008332798,-0.7719111250487231,432.0,38.0,1.0,749529.0,1.0,1889547.0,72368.0
2025-12-17T14:35:49.377385,2,26.428051177870746,-0.7328154501716897,-0.7366612794903842,427.0,36.0,1.0,743465.0,1.0,1601872.0,67494.0
2025-12-17T14:35:49.477874,3,26.437738394602757,-0.7408735294642903,-0.7117170779234215,431.0,38.0,1.0,1075169.0,1.0,1989298.0,74027.0
2025-12-17T14:35:49.579627,4,26.4472917652814,-0.7485282839388079,-0.6847696192022069,422.0,33.0,1.0,1281632.0,1.0,2433085.0,88243.0
2025-12-17T14:35:49.678405,5,26.456991151359954,-0.7568389258147628,-0.6559188098153025,414.0,30.0,1.0,844360.0,1.0,2465413.0,78173.0
2025-12-17T14:35:50.177553,0,26.524778284000938,-0.7911314437009449,-0.48511498039289125,424.0,34.0,1.0,442366.0,1.0,1665449.0,75597.0
2025-12-17T14:35:50.280636,1,26.536525861470626,-0.7969511607987911,-0.46456792397197383,403.0,25.0,1.0,757178.0,1.0,1879342.0,74480.0
2025-12-17T14:35:50.380565,2,26.548618660637832,-0.8018407860076615,-0.44038565443037003,430.0,37.0,1.0,757690.0,1.0,1579797.0,67311.0
2025-12-17T14:35:50.480408,3,26.561052220294307,-0.8061933106776853,-0.40978577144208617,419.0,32.0,1.0,1092779.0,1.0,2000099.0,74884.0
2025-12-17T14:35:50.582502,4,26.57296065308121,-0.8099919941573028,-0.38016466713731717,431.0,38.0,1.0,1289463.0,1.0,2388212.0,87440.0
2025-12-17T14:35:50.677178,5,26.584586288420596,-0.8137550862108407,-0.3550625666827557,403.0,25.0,1.0,836113.0,1.0,2473772.0,78998.0
2025-12-17T14:35:51.178390,1,26.618263926702404,-0.8184674357127215,-0.2958637123260762,427.0,36.0,1.0,767758.0,1.0,1878071.0,72736.0
2025-12-17T14:35:51.278153,2,26.631689539779696,-0.8223027155841893,-0.2612853336053231,428.0,36.0,1.0,754875.0,1.0,1609480.0,67403.0
2025-12-17T14:35:51.383930,3,26.6473228244981,-0.8255977946392346,-0.2252370612106153,419.0,32.0,1.0,1100946.0,1.0,1971202.0,74910.0
2025-12-17T14:35:51.481127,4,26.6621858122989,-0.8277701005469917,-0.19497659939220927,418.0,32.0,1.0,1270403.0,1.0,2377728.0,88542.0
2025-12-17T14:35:51.578971,5,26.675533657048938,-0.8244662008034327,-0.16180643236633327,430.0,37.0,1.0,847797.0,1.0,2434732.0,76939.0
2025-12-17T14:35:52.187257,0,26.7458834757465,-0.8046746589538198,0.01470242447922184,428.0,36.0,1.0,431717.0,1.0,1651976.0,75291.0
2025-12-17T14:35:52.277154,1,26.758296205986685,-0.8042892141398887,0.04150265609266732,426.0,35.0,1.0,776381.0,1.0,1869193.0,72785.0
2025-12-17T14:35:52.378955,2,26.770817690955745,-0.8039274395258733,0.07058611189701637,414.0,30.0,1.0,770100.0,1.0,1562251.0,68344.0
2025-12-17T14:35:52.482567,3,26.783869375881252,-0.803164941105039,0.100334293897603,409.0,28.0,1.0,1097969.0,1.0,1971202.0,75648.0
2025-12-17T14:35:52.579529,4,26.795982382167885,-0.801348287533207,0.12942280346665364,428.0,36.0,1.0,1268684.0,1.0,2396309.0,87737.0
2025-12-17T14:35:52.678212,5,26.817727654501553,-0.7799025328020224,0.1704003631633802,413.0,29.0,1.0,847510.0,1.0,2437206.0,78253.0
2025-12-17T14:35:53.177739,0,26.8815011672123,-0.7576952207952474,0.32297518075349746,425.0,35.0,1.0,441021.0,1.0,1643611.0,75520.0
2025-12-17T14:35:53.278374,1,26.89287017280003,-0.7545124661851497,0.3544666588473241,426.0,35.0,1.0,774282.0,1.0,1903669.0,72785.0
2025-12-17T14:35:53.378643,3,26.904550117306606,-0.749887422959354,0.38200198196416907,423.0,34.0,1.0,1135381.0,1.0,2018460.0,74606.0
2025-12-17T14:35:53.477980,4,26.917078435206886,-0.7335677625079016,0.41477867398884166,403.0,25.0,1.0,1266111.0,1.0,2393877.0,89840.0
2025-12-17T14:35:53.577812,5,26.928918111936802,-0.7247520091360795,0.44902343939143174,415.0,30.0,1.0,834135.0,1.0,2472098.0,78067.0
2025-12-17T14:35:54.179006,0,26.992147372354275,-0.6787365280028452,0.6251941170138591,405.0,26.0,1.0,447183.0,1.0,1668270.0,77044.0
2025-12-17T14:35:54.279211,1,27.002253408707674,-0.6471291743880201,0.6560701459682359,430.0,37.0,1.0,760002.0,1.0,1873627.0,72490.0
2025-12-17T14:35:54.379293,2,27.01213160337559,-0.6381695199970565,0.6854036748838765,406.0,26.0,1.0,758717.0,1.0,1596460.0,68879.0
2025-12-17T14:35:54.479194,4,27.022324609897385,-0.6298638214807917,0.7127639445643821,414.0,30.0,1.0,1290336.0,1.0,2390638.0,88902.0
2025-12-17T14:35:54.580328,5,27.03128581227981,-0.6210371701277251,0.7397886155424808,426.0,35.0,1.0,851247.0,1.0,2397120.0,77226.0
2025-12-17T14:35:55.183612,0,27.084590186419916,-0.5623123571238398,0.9241342160462106,408.0,27.0,1.0,449611.0,1.0,1669400.0,76757.0
2025-12-17T14:35:55.280524,1,27.092442932744053,-0.5530935688246004,0.960181951335525,430.0,37.0,1.0,785101.0,1.0,1877435.0,72515.0
2025-12-17T14:35:55.380183,2,27.099150729577744,-0.5416972899873405,0.9881671227266138,414.0,30.0,1.0,765682.0,1.0,1596460.0,68344.0
2025-12-17T14:35:55.479884,3,27.105043911588446,-0.5301571470535666,1.0113157494146743,436.0,40.0,1.0,1091670.0,1.0,1975209.0,73702.0
2025-12-17T14:35:55.580511,4,27.11183432347132,-0.5189796900840942,1.043192929902795,429.0,37.0,1.0,1293397.0,1.0,2388212.0,87648.0
2025-12-17T14:35:55.680713,5,27.118724076661483,-0.5090108024241267,1.0713462453714175,409.0,27.0,1.0,832724.0,1.0,2467918.0,78571.0
2025-12-17T14:35:56.183816,0,27.133764597858853,-0.44714939957029065,1.2317425573805414,426.0,35.0,1.0,439382.0,1.0,1666577.0,75495.0
2025-12-17T14:35:56.278145,1,27.136934794995902,-0.43482335906141634,1.258168569222967,444.0,44.0,1.0,771143.0,1.0,1897237.0,71540.0
2025-12-17T14:35:56.378113,2,27.14012104658604,-0.4230393550431,1.2898552243220418,425.0,35.0,1.0,749782.0,1.0,1563309.0,67631.0
2025-12-17T14:35:56.480641,3,27.14337476591382,-0.41122767356551293,1.3200306825370491,415.0,30.0,1.0,1089086.0,1.0,2002809.0,75214.0
2025-12-17T14:35:56.581040,4,27.139449960619903,-0.40161006967862045,1.348610782424088,414.0,30.0,1.0,1262260.0,1.0,2376923.0,88963.0
2025-12-17T14:35:56.679600,5,27.139404556357906,-0.390215496748445,1.3586427255311389,428.0,36.0,1.0,843218.0,1.0,2465413.0,77122.0
2025-12-17T14:35:57.178539,0,27.153191680603545,-0.3290540706985099,1.3628615163088154,429.0,37.0,1.0,429967.0,1.0,1657016.0,75240.0
2025-12-17T14:35:57.283463,1,27.154291012235817,-0.3161520143727419,1.3653376114040237,426.0,35.0,1.0,762579.0,1.0,1883800.0,72785.0
2025-12-17T14:35:57.382491,2,27.144272214417978,-0.299981828080512,1.3816940283174715,433.0,38.0,1.0,756153.0,1.0,1603500.0,67107.0
2025-12-17T14:35:57.481600,3,27.14562882861884,-0.28688602984813905,1.3842744440722343,420.0,33.0,1.0,1096855.0,1.0,1997393.0,74833.0
2025-12-17T14:35:57.578532,4,27.147858469642216,-0.2737896514256599,1.3830567049032347,433.0,39.0,1.0,1292522.0,1.0,2391448.0,87263.0
2025-12-17T14:35:57.678895,5,27.150021650403122,-0.26162010073449515,1.38627859158042,421.0,33.0,1.0,824591.0,1.0,2445468.0,77593.0
2025-12-17T14:35:58.180031,0,27.157118622898615,-0.19923765862582776,1.5067029196738027,427.0,36.0,1.0,442666.0,1.0,1690437.0,75418.0
2025-12-17T14:35:58.278430,1,27.15860746396632,-0.186798891094329,1.5322275503304792,419.0,32.0,1.0,751815.0,1.0,1902381.0,73280.0
2025-12-17T14:35:58.379875,2,27.159436495312235,-0.17367086823632283,1.5441131540117385,426.0,36.0,1.0,750798.0,1.0,1558027.0,67517.0
2025-12-17T14:35:58.480700,3,27.159411051317452,-0.1617743281013242,1.5508843608292868,422.0,34.0,1.0,1092779.0,1.0,1959893.0,74656.0
2025-12-17T14:35:58.578647,4,27.160749185450175,-0.1491025544865363,1.5531079165571704,421.0,33.0,1.0,1274710.0,1.0,2391448.0,88362.0
2025-12-17T14:35:58.678037,5,27.160741899133658,-0.1363580548389236,1.5523643313307027,435.0,40.0,1.0,850671.0,1.0,2445468.0,76550.0
2025-12-17T14:35:59.179760,0,27.16434830725003,-0.07317376351958238,1.553593862626845,413.0,29.0,1.0,447789.0,1.0,1693873.0,76420.0
2025-12-17T14:35:59.283781,1,27.15754297426947,-0.07043641576439885,1.560907842328497,421.0,33.0,1.0,770100.0,1.0,1883800.0,73156.0
2025-12-17T14:35:59.378050,2,27.150846013627003,-0.0667911505172385,1.5645738297962606,433.0,39.0,1.0,758974.0,1.0,1581938.0,67084.0
2025-12-17T14:35:59.479993,3,27.151191642005905,-0.05371545894447838,1.5679533943257622,416.0,31.0,1.0,1128485.0,1.0,2026675.0,75138.0
2025-12-17T14:35:59.582989,4,27.150953793060978,-0.041197787014886966,1.5639867269015992,420.0,33.0,1.0,1269973.0,1.0,2403619.0,88392.0
2025-12-17T14:35:59.682788,5,27.15136486654403,-0.02941997862909851,1.5656723931082868,423.0,34.0,1.0,836396.0,1.0,2428149.0,77488.0
2025-12-17T14:36:00.178711,0,27.152707671961277,0.03410891128618854,1.5634136615405496,428.0,36.0,1.0,421609.0,1.0,1666577.0,75342.0
2025-12-17T14:36:00.276931,2,27.152141217410417,0.0470370180542834,1.5619340223408726,406.0,26.0,1.0,751306.0,1.0,1571266.0,68902.0
2025-12-17T14:36:00.378861,3,27.152255030968075,0.06075875161666211,1.5633914097542287,428.0,36.0,1.0,1092779.0,1.0,1969868.0,74278.0
2025-12-17T14:36:00.479519,4,27.15173952037511,0.07381047446148603,1.5607251014362633,414.0,30.0,1.0,1290773.0,1.0,2369694.0,88963.0
2025-12-17T14:36:00.578631,5,27.151898925560513,0.08638900055775389,1.5639222587313968,414.0,30.0,1.0,836113.0,1.0,2460412.0,78147.0
2025-12-17T14:36:01.176871,0,27.152403938348808,0.16226373735435473,1.5572551303067952,430.0,37.0,1.0,440871.0,1.0,1665449.0,75189.0
2025-12-17T14:36:01.277020,1,27.152010598598753,0.17581879342525264,1.5572443807016496,434.0,39.0,1.0,791236.0,1.0,1888908.0,72221.0
2025-12-17T14:36:01.378054,2,27.151956294512427,0.1881795053152051,1.5550411633107915,421.0,33.0,1.0,766200.0,1.0,1586227.0,67906.0
2025-12-17T14:36:01.481555,3,27.141476255025445,0.18861704785532218,1.5729242178397345,409.0,28.0,1.0,1102437.0,1.0,1973872.0,75648.0
2025-12-17T14:36:01.577485,4,27.13341435190243,0.1924894654835283,1.5824375381258484,431.0,38.0,1.0,1284672.0,1.0,2360888.0,87440.0
2025-12-17T14:36:01.682901,5,27.134128061848315,0.20440006763290253,1.5814243726846562,432.0,38.0,1.0,858771.0,1.0,2467083.0,76809.0
2025-12-17T14:36:02.177335,0,27.133657249745834,0.268406695237037,1.5772397146836419,425.0,35.0,1.0,431570.0,1.0,1656455.0,75495.0
2025-12-17T14:36:02.277035,1,27.133112790719334,0.2814352824497317,1.5747661598269707,428.0,36.0,1.0,761032.0,1.0,1881888.0,72687.0
2025-12-17T14:36:02.379984,2,27.133968233793077,0.2945398506019119,1.5745204427118054,424.0,35.0,1.0,763612.0,1.0,1574993.0,67654.0
2025-12-17T14:36:02.482215,3,27.134024640421387,0.30691731885354745,1.573046035396678,409.0,28.0,1.0,1118599.0,1.0,1998746.0,75648.0
2025-12-17T14:36:02.579769,4,27.134270495517466,0.3198056065084023,1.5735416041411359,427.0,36.0,1.0,1299100.0,1.0,2401180.0,87796.0
2025-12-17T14:36:02.679925,5,27.134099671683956,0.3327259762594905,1.5713229657700183,416.0,31.0,1.0,831879.0,1.0,2402806.0,78015.0
2025-12-17T14:36:03.178004,0,27.132764041893758,0.3965243269773535,1.5779705071469101,436.0,40.0,1.0,443415.0,1.0,1685866.0,74758.0
2025-12-17T14:36:03.279898,1,27.132483328463987,0.4094020233552702,1.5759887672628758,437.0,40.0,1.0,766460.0,1.0,1888268.0,72050.0
2025-12-17T14:36:03.379464,2,27.13270708054114,0.4214351887048351,1.5774577348579106,417.0,31.0,1.0,765682.0,1.0,1578728.0,68160.0
2025-12-17T14:36:03.476785,3,27.133572242294264,0.43421612262841824,1.5784293719787947,424.0,35.0,1.0,1098340.0,1.0,1984590.0,74505.0
2025-12-17T14:36:03.578294,4,27.133592112544125,0.44668263170799305,1.573991741973592,426.0,35.0,1.0,1291210.0,1.0,2408505.0,87915.0
2025-12-17T14:36:03.680211,5,27.1285972548177,0.4570751093493768,1.5822403818718829,428.0,36.0,1.0,826547.0,1.0,2467083.0,77070.0
2025-12-17T14:36:04.180798,0,27.12248516681878,0.5179348725491253,1.5895996739783131,421.0,33.0,1.0,439977.0,1.0,1668270.0,75853.0
2025-12-17T14:36:04.280589,1,27.12167260728102,0.5307569032820307,1.5910916857865653,423.0,34.0,1.0,778486.0,1.0,1899807.0,73007.0
2025-12-17T14:36:04.377812,2,27.12168500580463,0.5440717742334309,1.5925409811300568,422.0,33.0,1.0,767238.0,1.0,1584081.0,67837.0
2025-12-17T14:36:04.478430,3,27.121418530510866,0.5563226978958533,1.5935531347118035,415.0,30.0,1.0,1137304.0,1.0,2020511.0,75214.0
2025-12-17T14:36:04.578613,4,27.12110621392368,0.5689907069644895,1.5985014323530349,409.0,28.0,1.0,1288591.0,1.0,2440507.0,89385.0
2025-12-17T14:36:05.178882,0,27.117617481512088,0.6450131516262148,1.5955775157810947,437.0,40.0,1.0,438045.0,1.0,1650858.0,74656.0
2025-12-17T14:36:05.277382,1,27.116872323326696,0.6580504321943872,1.5943351031733242,434.0,39.0,1.0,777170.0,1.0,1888268.0,72245.0
2025-12-17T14:36:05.378502,2,27.11657568870457,0.6706822462014972,1.5958213598347217,410.0,28.0,1.0,761547.0,1.0,1595920.0,68623.0
2025-12-17T14:36:05.477344,3,27.116063566434956,0.6833937064331148,1.5963151031236926,423.0,34.0,1.0,1095371.0,1.0,2002131.0,74606.0
2025-12-17T14:36:05.586979,4,27.115805958235843,0.695575378641498,1.5965659584621654,418.0,32.0,1.0,1316362.0,1.0,2408505.0,88572.0
2025-12-17T14:36:05.682875,5,27.115386130982703,0.7084073916214297,1.5950843662947491,405.0,26.0,1.0,842933.0,1.0,2463745.0,78811.0
2025-12-17T14:36:06.182182,0,27.099125794600234,0.7394538157725692,1.6126511241519852,437.0,41.0,1.0,441917.0,1.0,1663759.0,74631.0
2025-12-17T14:36:06.278166,1,27.099179889846777,0.7393143266569164,1.6124006759100493,420.0,32.0,1.0,773234.0,1.0,1902381.0,73255.0
2025-12-17T14:36:06.380828,2,27.09917988984678,0.7393143266569164,1.6124006759100493,422.0,33.0,1.0,767758.0,1.0,1588913.0,67837.0
2025-12-17T14:36:06.477837,3,27.0991297196771,0.7393604867545469,1.6126511010985174,400.0,23.0,1.0,1095741.0,1.0,2008239.0,76420.0
2025-12-17T14:36:06.580418,4,27.100083572120962,0.7472107885259183,1.6109313473853044,400.0,24.0,1.0,1282934.0,1.0,2380949.0,90114.0
2025-12-17T14:36:06.677884,5,27.100027369791025,0.7595506908891032,1.6121805966874325,421.0,33.0,1.0,834135.0,1.0,2472098.0,77593.0
2025-12-17T14:36:07.178845,0,27.096886571097304,0.8319406352677778,1.616395750806935,417.0,31.0,1.0,449459.0,1.0,1648625.0,76136.0
2025-12-17T14:36:07.278018,1,27.096542051296527,0.8437214886818403,1.6154269300463042,432.0,38.0,1.0,786165.0,1.0,1877435.0,72368.0
2025-12-17T14:36:07.379939,2,27.09616780747949,0.8559460584448222,1.6174030530423675,428.0,36.0,1.0,755386.0,1.0,1581938.0,67403.0
2025-12-17T14:36:07.477863,3,27.095196157065015,0.8686292680676417,1.6144659639647556,419.0,32.0,1.0,1114065.0,1.0,2015048.0,74910.0
2025-12-17T14:36:07.582412,4,27.094786130229085,0.8814571913827485,1.613730051650657,422.0,34.0,1.0,1276869.0,1.0,2407690.0,88213.0
2025-12-17T14:36:07.679613,5,27.094031442418373,0.8938861990743026,1.609542708989734,422.0,34.0,1.0,859934.0,1.0,2452929.0,77541.0
2025-12-17T14:36:08.178798,0,27.092820799854124,0.9566512668251232,1.6083269651977565,431.0,38.0,1.0,447941.0,1.0,1669400.0,75113.0
2025-12-17T14:36:08.277782,1,27.09205415410707,0.970127692092349,1.6110379181122596,423.0,34.0,1.0,772188.0,1.0,1864770.0,73007.0
2025-12-17T14:36:08.377761,2,27.09171202596229,0.9824652611291547,1.608812616630614,418.0,32.0,1.0,769058.0,1.0,1588376.0,68044.0
2025-12-17T14:36:08.479505,3,27.08415754549529,0.9835751116005693,1.6162852465277842,427.0,36.0,1.0,1092779.0,1.0,2000776.0,74304.0
2025-12-17T14:36:08.579522,4,27.07804634833194,0.9880304008137899,1.6184564940630806,429.0,37.0,1.0,1286847.0,1.0,2392257.0,87648.0
2025-12-17T14:36:08.679016,5,27.077865767135982,1.0006929080167537,1.6201718950799775,419.0,32.0,1.0,839800.0,1.0,2401180.0,77777.0
2025-12-17T14:36:09.180585,0,27.07458578975637,1.064698148689803,1.6169446257538922,426.0,35.0,1.0,449003.0,1.0,1675059.0,75469.0
2025-12-17T14:36:09.277124,1,27.074116861005507,1.0770049707462546,1.6174501051708825,423.0,34.0,1.0,760259.0,1.0,1878071.0,73032.0
2025-12-17T14:36:09.379895,2,27.073424107984426,1.0896040034879113,1.6179337688399833,420.0,33.0,1.0,768278.0,1.0,1574460.0,67929.0
2025-12-17T14:36:09.478796,3,27.072455167241067,1.1023892889166467,1.617932789269898,410.0,28.0,1.0,1123531.0,1.0,2009599.0,75572.0
2025-12-17T14:36:09.579639,4,27.071905433323828,1.1157578466597733,1.6199289531660201,431.0,37.0,1.0,1317699.0,1.0,2415036.0,87499.0
2025-12-17T14:36:09.677772,5,27.07134926896388,1.1282566543531618,1.6197079115072892,400.0,24.0,1.0,833006.0,1.0,2482158.0,79212.0
2025-12-17T14:36:10.180807,1,27.068631920040048,1.1922017614859315,1.6214287038786468,408.0,27.0,1.0,782713.0,1.0,1901737.0,74052.0
2025-12-17T14:36:10.280962,2,27.06781529738189,1.2052552248872859,1.6216471448201495,410.0,28.0,1.0,774282.0,1.0,1592682.0,68576.0
2025-12-17T14:36:10.380526,3,27.067646717497137,1.2169848731375819,1.6228624174929875,415.0,30.0,1.0,1102437.0,1.0,1993341.0,75214.0
2025-12-17T14:36:10.485650,4,27.066836169819897,1.2287531534089045,1.621856997676428,419.0,32.0,1.0,1324854.0,1.0,2388212.0,88512.0
2025-12-17T14:36:10.582722,5,27.05867680030842,1.19715243162275,1.6130700665822437,413.0,29.0,1.0,846650.0,1.0,2468753.0,78253.0
2025-12-17T14:36:11.179369,0,27.058626079239154,1.1950979730123197,1.615175505155089,405.0,26.0,1.0,438936.0,1.0,1648625.0,76992.0
2025-12-17T14:36:11.278891,1,27.058976885996167,1.206789077364689,1.6147407478695954,424.0,34.0,1.0,789898.0,1.0,1904958.0,72958.0
2025-12-17T14:36:11.379775,2,27.058603809186394,1.2222656456046272,1.618445519825059,424.0,35.0,1.0,770622.0,1.0,1576059.0,67654.0
2025-12-17T14:36:11.477486,3,27.057794984607234,1.2382731779899934,1.618202202423881,411.0,29.0,1.0,1109549.0,1.0,2006201.0,75495.0
2025-12-17T14:36:11.583501,4,27.05606831314664,1.2537000235651785,1.6169674092314081,423.0,34.0,1.0,1287283.0,1.0,2384981.0,88153.0
2025-12-17T14:36:11.681776,5,27.055241694731905,1.2675514698120605,1.6164708165170913,414.0,30.0,1.0,830473.0,1.0,2458747.0,78147.0
2025-12-17T14:36:12.178378,0,27.052704078047032,1.3287750420519977,1.6103043748355246,430.0,37.0,1.0,447486.0,1.0,1678464.0,75189.0
2025-12-17T14:36:12.277507,1,27.052648744432155,1.341157934461179,1.6100699139919732,420.0,33.0,1.0,762837.0,1.0,1909476.0,73230.0
2025-12-17T14:36:12.379513,2,27.05256556446754,1.3537761425724169,1.611301235486515,430.0,37.0,1.0,769058.0,1.0,1591604.0,67311.0
2025-12-17T14:36:12.477721,3,27.05206330573531,1.3666881920330156,1.607366575118408,425.0,35.0,1.0,1112181.0,1.0,2018460.0,74480.0
2025-12-17T14:36:12.579447,4,27.052019413163137,1.3794375268410914,1.6066069774625504,423.0,34.0,1.0,1308367.0,1.0,2392257.0,88153.0
2025-12-17T14:36:12.677725,5,27.051348129831347,1.3922243971145312,1.6014344829469231,423.0,34.0,1.0,860225.0,1.0,2463745.0,77488.0
2025-12-17T14:36:13.178073,0,27.048430679054178,1.4561523131225649,1.609790966438795,403.0,25.0,1.0,431717.0,1.0,1650299.0,77148.0
2025-12-17T14:36:13.277672,1,27.040558754903678,1.4550918997068047,1.6115902405711844,424.0,35.0,1.0,777433.0,1.0,1894670.0,72933.0
2025-12-17T14:36:13.380171,3,27.035232848653216,1.458359009529354,1.613298861840421,412.0,29.0,1.0,1111052.0,1.0,1971202.0,75418.0
2025-12-17T14:36:13.479810,5,27.03400205389955,1.4714090595085108,1.613773374057108,419.0,32.0,1.0,827667.0,1.0,2445468.0,77804.0
2025-12-17T14:36:14.179801,0,27.029104076939245,1.5612140588243537,1.6159857354072813,422.0,33.0,1.0,442666.0,1.0,1686436.0,75777.0
2025-12-17T14:36:14.276109,1,27.028772071726774,1.5737995131564766,1.6162327404276462,416.0,31.0,1.0,783773.0,1.0,1923096.0,73503.0
2025-12-17T14:36:14.385990,2,27.02778892128976,1.586058953121951,1.6149973241786302,408.0,27.0,1.0,772188.0,1.0,1600788.0,68716.0
2025-12-17T14:36:14.479547,3,27.02806400566996,1.5980191004556192,1.6157478737136544,400.0,23.0,1.0,1130014.0,1.0,2000776.0,76472.0
2025-12-17T14:36:14.581929,4,27.027398697429145,1.609886450503507,1.6110740334740599,400.0,20.0,1.0,1304829.0,1.0,2384174.0,90911.0
2025-12-17T14:36:14.678014,5,27.02741689509837,1.6224989220187165,1.6098331287375904,416.0,31.0,1.0,834700.0,1.0,2449610.0,77988.0
2025-12-17T14:36:15.180604,0,27.023709850208625,1.674757057716986,1.6108442977103608,414.0,30.0,1.0,445672.0,1.0,1680738.0,76369.0
2025-12-17T14:36:15.278643,1,27.023231486873726,1.674835314028254,1.6103540671139516,420.0,33.0,1.0,777433.0,1.0,1898522.0,73230.0
2025-12-17T14:36:15.378893,2,27.02412923227815,1.6775039395953282,1.6115873952710897,432.0,38.0,1.0,781125.0,1.0,1584617.0,67175.0
2025-12-17T14:36:15.478454,3,27.019290610813975,1.6881953955770548,1.6153090181675325,414.0,30.0,1.0,1102437.0,1.0,2015730.0,75265.0
2025-12-17T14:36:15.581043,4,27.01594909580828,1.70272342423263,1.6238055219334948,415.0,30.0,1.0,1290773.0,1.0,2429793.0,88872.0
2025-12-17T14:36:15.680645,5,27.01554546608883,1.7187542971542893,1.6282504777492581,413.0,29.0,1.0,848945.0,1.0,2449610.0,78253.0
2025-12-17T14:36:16.178716,0,27.010357565860446,1.7845182303118872,1.629977208725674,419.0,32.0,1.0,433327.0,1.0,1632522.0,75982.0
2025-12-17T14:36:16.283165,1,27.01018173836264,1.79717230740158,1.6300071710036013,425.0,35.0,1.0,785898.0,1.0,1910769.0,72908.0
2025-12-17T14:36:16.380072,2,27.00916258019484,1.8094458062885557,1.6305036142617142,404.0,25.0,1.0,761289.0,1.0,1609480.0,69019.0
2025-12-17T14:36:16.478235,3,27.00912783500693,1.822435390531407,1.6324380154136116,419.0,32.0,1.0,1120493.0,1.0,1985262.0,74910.0
2025-12-17T14:36:16.580607,4,27.008366899141,1.835241423341907,1.6341622467338661,416.0,31.0,1.0,1323509.0,1.0,2397120.0,88782.0
2025-12-17T14:36:16.682702,5,27.007240612384745,1.8479063824890352,1.6319081790699268,416.0,31.0,1.0,856448.0,1.0,2467083.0,77988.0
2025-12-17T14:36:17.180577,0,27.00395537048765,1.9111391216267608,1.635878885068564,423.0,34.0,1.0,445220.0,1.0,1658138.0,75700.0
2025-12-17T14:36:17.280437,1,27.00229991669075,1.9242189341832177,1.6331682073003664,424.0,34.0,1.0,774544.0,1.0,1909476.0,72958.0
2025-12-17T14:36:17.377679,2,27.001897640280603,1.9367325439966372,1.6346507100151975,437.0,40.0,1.0,772711.0,1.0,1578728.0,66857.0
2025-12-17T14:36:17.478766,4,27.00076010090509,1.9499073552244761,1.633640355306653,406.0,26.0,1.0,1312358.0,1.0,2352911.0,89597.0
2025-12-17T14:36:17.579091,5,27.000127428525,1.9622838288786464,1.6338862386494732,426.0,35.0,1.0,854711.0,1.0,2433085.0,77226.0
2025-12-17T14:36:18.179449,0,26.963531141016666,2.070184484724252,1.6612131747571781,418.0,32.0,1.0,438639.0,1.0,1654214.0,76033.0
2025-12-17T14:36:18.280891,2,26.962837438958484,2.083479029168222,1.6644206174426355,433.0,39.0,1.0,770622.0,1.0,1582473.0,67084.0
2025-12-17T14:36:18.378316,3,26.961572043137988,2.0960504610262305,1.6629658294985477,419.0,32.0,1.0,1123912.0,1.0,1996718.0,74884.0
2025-12-17T14:36:18.477971,4,26.961386575058576,2.108259881795983,1.665880305996103,424.0,34.0,1.0,1309253.0,1.0,2416671.0,88064.0
2025-12-17T14:36:18.578362,5,26.959915839147566,2.1208072911277682,1.6619314016808315,408.0,27.0,1.0,841507.0,1.0,2468753.0,78651.0
2025-12-17T14:36:19.178475,0,26.952934327112906,2.197223182328751,1.661632845754294,414.0,30.0,1.0,445069.0,1.0,1685295.0,76369.0
2025-12-17T14:36:19.279186,1,26.95113563401281,2.209901220343178,1.657703856581716,427.0,36.0,1.0,780068.0,1.0,1871092.0,72711.0
2025-12-17T14:36:19.378155,2,26.950166794208236,2.216040111049862,1.660911315645499,428.0,36.0,1.0,765941.0,1.0,1593761.0,67403.0
2025-12-17T14:36:19.480068,3,26.94972685163416,2.2171935435286976,1.6606382956794854,412.0,29.0,1.0,1114442.0,1.0,1993341.0,75418.0
2025-12-17T14:36:19.578836,4,26.949726177400045,2.21719404431341,1.660149256164154,430.0,37.0,1.0,1311470.0,1.0,2401180.0,87588.0
2025-12-17T14:36:19.679008,5,26.949726177400038,2.21719404431341,1.660149256164154,410.0,28.0,1.0,837813.0,1.0,2450439.0,78465.0
2025-12-17T14:36:20.178698,0,26.932285607103704,2.3053597297069377,1.6352763223440505,424.0,34.0,1.0,432009.0,1.0,1672227.0,75597.0
2025-12-17T14:36:20.284087,1,26.930659686101077,2.3199761163096793,1.6391825886411626,424.0,34.0,1.0,781654.0,1.0,1896595.0,72958.0
2025-12-17T14:36:20.379874,2,26.929337635853848,2.3330832482290775,1.637981914215714,406.0,26.0,1.0,770622.0,1.0,1614390.0,68879.0
2025-12-17T14:36:20.478381,3,26.928587981276948,2.3456391894333253,1.6384723350385553,415.0,30.0,1.0,1141933.0,1.0,2030795.0,75189.0
2025-12-17T14:36:20.578337,4,26.92718259933598,2.3574628178121415,1.633758744407279,409.0,28.0,1.0,1296026.0,1.0,2429793.0,89385.0
2025-12-17T14:36:20.678819,5,26.927087057928073,2.3695935857140116,1.6342584711313042,414.0,30.0,1.0,848084.0,1.0,2416671.0,78147.0
2025-12-17T14:36:21.177959,0,26.92471581819351,2.4320747371686258,1.6313200401634138,415.0,30.0,1.0,434502.0,1.0,1651976.0,76291.0
2025-12-17T14:36:21.278991,1,26.924029680396274,2.4446218795527033,1.629129488374783,427.0,36.0,1.0,770622.0,1.0,1897237.0,72736.0
2025-12-17T14:36:21.379842,2,26.923426392505746,2.4580496885219905,1.6320918269896432,414.0,30.0,1.0,756153.0,1.0,1618220.0,68321.0
2025-12-17T14:36:21.478731,3,26.922534070580927,2.4706001075039925,1.628896317823986,413.0,29.0,1.0,1114442.0,1.0,1977216.0,75367.0
2025-12-17T14:36:21.579797,4,26.922929819890264,2.483306671865275,1.6308799823306825,402.0,25.0,1.0,1323957.0,1.0,2428971.0,89962.0
2025-12-17T14:36:21.678409,5,26.92150087180096,2.4960994220340167,1.6264254906421123,415.0,30.0,1.0,834982.0,1.0,2459579.0,78120.0
2025-12-17T14:36:22.184503,0,26.91763092179726,2.5607677818567804,1.62495957234372,420.0,33.0,1.0,440275.0,1.0,1681876.0,75879.0
2025-12-17T14:36:22.280249,1,26.916655122963515,2.5740923643256757,1.6271853891684813,421.0,33.0,1.0,790969.0,1.0,1915950.0,73156.0
2025-12-17T14:36:22.379006,2,26.91626377121623,2.5862049597424943,1.627186215496855,423.0,34.0,1.0,768538.0,1.0,1598623.0,67723.0
2025-12-17T14:36:22.477497,3,26.897284485374897,2.5972402825357994,1.6418676280123674,408.0,27.0,1.0,1118977.0,1.0,2011640.0,75725.0
2025-12-17T14:36:22.579287,4,26.885034112521378,2.6083571507407743,1.647759388656731,433.0,39.0,1.0,1298221.0,1.0,2361687.0,87292.0
2025-12-17T14:36:22.680153,5,26.884155219395243,2.6215671175613124,1.6499505288887766,411.0,29.0,1.0,859934.0,1.0,2426506.0,78359.0
2025-12-17T14:36:23.179267,0,26.878794540031606,2.6844975518181835,1.649687531670786,433.0,38.0,1.0,446125.0,1.0,1649183.0,74960.0
2025-12-17T14:36:23.277553,1,26.878575784881903,2.696916949512878,1.6486941665359913,434.0,39.0,1.0,766979.0,1.0,1913358.0,72221.0
2025-12-17T14:36:23.382394,2,26.877309420590812,2.709982592594738,1.651913357062086,421.0,33.0,1.0,767498.0,1.0,1593761.0,67860.0
2025-12-17T14:36:23.478189,3,26.876723121694393,2.722526741059678,1.6511825437945262,414.0,30.0,1.0,1120493.0,1.0,2008239.0,75265.0
2025-12-17T14:36:23.580925,4,26.875341788501295,2.735376329471695,1.6524011135136798,400.0,20.0,1.0,1320824.0,1.0,2423223.0,91065.0
2025-12-17T14:36:23.679820,5,26.873885949839465,2.748109722091713,1.6487037027139317,407.0,27.0,1.0,833853.0,1.0,2445468.0,78731.0
2025-12-17T14:36:24.178019,0,26.871013067008214,2.762086711692063,1.6509162755163231,436.0,40.0,1.0,438787.0,1.0,1670530.0,74758.0
2025-12-17T14:36:24.279994,1,26.871049579099765,2.7622348664330523,1.6516682612784912,426.0,35.0,1.0,781654.0,1.0,1901737.0,72785.0
2025-12-17T14:36:24.382774,2,26.872436603315506,2.767711150559811,1.6563324371013033,417.0,31.0,1.0,767758.0,1.0,1596460.0,68114.0
2025-12-17T14:36:24.480767,3,26.870349880758635,2.780250486523106,1.6540701348133675,415.0,30.0,1.0,1108423.0,1.0,1996042.0,75189.0
2025-12-17T14:36:24.577847,4,26.829758237848527,2.804496956372594,1.672550017320006,414.0,30.0,1.0,1302623.0,1.0,2387404.0,88993.0
2025-12-17T14:36:24.679770,5,26.815755204104164,2.822842684013748,1.6727667384823741,422.0,33.0,1.0,845504.0,1.0,2465413.0,77593.0
2025-12-17T14:36:25.178708,0,26.808618230986593,2.8869271813452215,1.6722609577933054,424.0,35.0,1.0,446729.0,1.0,1685295.0,75572.0
2025-12-17T14:36:25.278936,1,26.807394924386283,2.8988678038188587,1.6711684078182192,418.0,32.0,1.0,782183.0,1.0,1934848.0,73379.0
2025-12-17T14:36:25.382867,2,26.806531975843477,2.911513478076827,1.6748566153672737,419.0,32.0,1.0,765164.0,1.0,1593221.0,67998.0
2025-12-17T14:36:25.481591,3,26.804774446829818,2.9238551288706898,1.6728925120975502,401.0,24.0,1.0,1117085.0,1.0,1998070.0,76265.0
2025-12-17T14:36:25.583752,4,26.803921575872025,2.93693109593778,1.6728955262184648,428.0,36.0,1.0,1307481.0,1.0,2429793.0,87826.0
2025-12-17T14:36:25.679151,5,26.802108721554283,2.9495997370961398,1.6707000917350812,428.0,36.0,1.0,847797.0,1.0,2456252.0,77096.0
2025-12-17T14:36:26.178272,0,26.797269606355105,3.012387292078335,1.6692008444015891,428.0,36.0,1.0,440424.0,1.0,1658138.0,75291.0
2025-12-17T14:36:26.277435,1,26.79588223902945,3.0253170358471295,1.670185201325196,400.0,23.0,1.0,776381.0,1.0,1894029.0,74732.0
2025-12-17T14:36:26.379933,2,26.79452928266453,3.037571102405645,1.6689670401053884,422.0,34.0,1.0,760259.0,1.0,1603500.0,67792.0
2025-12-17T14:36:26.477850,3,26.79353339996844,3.0509459071401515,1.6711890216318246,418.0,32.0,1.0,1097969.0,1.0,1975878.0,74960.0
2025-12-17T14:36:26.579873,4,26.791635507992304,3.0641630461424922,1.6707035385576665,412.0,29.0,1.0,1336564.0,1.0,2412585.0,89143.0
2025-12-17T14:36:26.680754,5,26.790559428140035,3.077669598359953,1.6731765295939705,419.0,32.0,1.0,842362.0,1.0,2476285.0,77804.0
2025-12-17T14:36:27.178720,0,26.7591422935842,3.093733633691074,1.6867554309777424,421.0,33.0,1.0,435827.0,1.0,1666577.0,75853.0
2025-12-17T14:36:27.277404,1,26.75328173601768,3.096936859118186,1.6907963413106617,423.0,34.0,1.0,794994.0,1.0,1921795.0,73057.0
2025-12-17T14:36:27.378418,2,26.75133344682554,3.1075075408483332,1.6918058057865846,429.0,37.0,1.0,773234.0,1.0,1588913.0,67357.0
2025-12-17T14:36:27.477012,3,26.750271699490874,3.10878238795174,1.6891736089797909,412.0,29.0,1.0,1102437.0,1.0,1993341.0,75418.0
2025-12-17T14:36:27.578404,4,26.750231715850013,3.108729175835437,1.6899237109197707,408.0,27.0,1.0,1298221.0,1.0,2358492.0,89506.0
2025-12-17T14:36:28.177033,0,26.750231715850013,3.108729175835437,1.6899237109197707,406.0,26.0,1.0,441768.0,1.0,1670530.0,76939.0
2025-12-17T14:36:28.279528,1,26.750231715850013,3.108729175835437,1.6899237109197707,420.0,33.0,1.0,772711.0,1.0,1928963.0,73205.0
2025-12-17T14:36:28.382363,2,26.750231715850013,3.108729175835437,1.6899237109197707,417.0,31.0,1.0,766979.0,1.0,1598082.0,68137.0
2025-12-17T14:36:28.476508,3,26.750231715850013,3.108729175835437,1.6899237109197707,402.0,25.0,1.0,1135381.0,1.0,2004165.0,76162.0
2025-12-17T14:36:28.582252,4,26.750231715850013,3.108729175835437,1.6899237109197707,422.0,34.0,1.0,1321719.0,1.0,2433085.0,88303.0
2025-12-17T14:36:28.682992,5,26.750231715850013,3.108729175835437,1.6899237109197707,417.0,31.0,1.0,861682.0,1.0,2480479.0,77935.0
2025-12-17T14:36:29.179545,0,26.750231715850017,3.108729175835437,1.6899237109197707,413.0,30.0,1.0,444467.0,1.0,1705955.0,76395.0
2025-12-17T14:36:29.278563,1,26.750231715850013,3.108729175835437,1.6899237109197707,424.0,34.0,1.0,778750.0,1.0,1883800.0,72958.0
2025-12-17T14:36:29.380559,2,26.750231715850013,3.108729175835437,1.6899237109197707,422.0,34.0,1.0,778223.0,1.0,1604585.0,67792.0
2025-12-17T14:36:29.479083,3,26.750231715850013,3.108729175835437,1.6899237109197707,420.0,33.0,1.0,1114819.0,1.0,1976546.0,74808.0
2025-12-17T14:36:29.578094,4,26.750231715850013,3.108729175835437,1.6899237109197707,416.0,31.0,1.0,1318145.0,1.0,2408505.0,88782.0
2025-12-17T14:36:29.677107,5,26.750231715850013,3.108729175835437,1.6899237109197707,402.0,24.0,1.0,828508.0,1.0,2408505.0,79105.0
2025-12-17T14:36:30.178765,1,26.750231715850013,3.108729175835437,1.6899237109197707,424.0,34.0,1.0,788029.0,1.0,1908830.0,72958.0
2025-12-17T14:36:30.281731,2,26.750231715850013,3.108729175835437,1.6899237109197707,427.0,36.0,1.0,783243.0,1.0,1587838.0,67494.0
2025-12-17T14:36:30.380770,3,26.750231715850013,3.108729175835437,1.6899237109197707,427.0,36.0,1.0,1132311.0,1.0,2006201.0,74304.0
2025-12-17T14:36:30.478944,4,26.750231715850017,3.1087291758354376,1.6899237109197707,426.0,35.0,1.0,1309696.0,1.0,2434732.0,87974.0
2025-12-17T14:36:30.578473,5,26.750231715850013,3.108729175835437,1.6899237109197707,427.0,36.0,1.0,833288.0,1.0,2459579.0,77148.0
2025-12-17T14:36:31.180497,0,26.750231715850013,3.108729175835437,1.6899237109197707,419.0,32.0,1.0,442366.0,1.0,1679033.0,76008.0
2025-12-17T14:36:31.278408,1,26.750231715850013,3.108729175835437,1.6899237109197707,431.0,38.0,1.0,788830.0,1.0,1913358.0,72441.0
2025-12-17T14:36:31.378859,2,26.750231715850013,3.108729175835437,1.6899237109197707,433.0,38.0,1.0,769319.0,1.0,1593761.0,67107.0
2025-12-17T14:36:31.478238,3,26.750231715850013,3.108729175835437,1.6899237109197707,405.0,26.0,1.0,1111052.0,1.0,2015730.0,75931.0
2025-12-17T14:36:31.581078,4,26.750231715850013,3.108729175835437,1.6899237109197707,414.0,30.0,1.0,1334755.0,1.0,2406061.0,88963.0
2025-12-17T14:36:31.679441,5,26.750231715850013,3.108729175835437,1.6899237109197707,413.0,30.0,1.0,848658.0,1.0,2438031.0,78200.0
2025-12-17T14:36:32.178332,0,26.750231715850013,3.108729175835437,1.6899237109197707,434.0,39.0,1.0,445220.0,1.0,1655334.0,74859.0
2025-12-17T14:36:32.280280,1,26.750231715850013,3.1087291758354376,1.6899237109197707,410.0,28.0,1.0,784570.0,1.0,1923096.0,73927.0
2025-12-17T14:36:32.378773,3,26.750231715850013,3.108729175835437,1.6899237109197707,409.0,28.0,1.0,1106175.0,1.0,2011640.0,75648.0
2025-12-17T14:36:32.477716,4,26.750231715850013,3.108729175835437,1.6899237109197707,406.0,26.0,1.0,1324854.0,1.0,2383368.0,89718.0
2025-12-17T14:36:32.578793,5,26.750231715850013,3.108729175835437,1.6899237109197707,405.0,26.0,1.0,839800.0,1.0,2472098.0,78837.0
2025-12-17T14:36:33.177777,0,26.750231715850013,3.108729175835437,1.6899237109197707,423.0,34.0,1.0,435975.0,1.0,1661508.0,75700.0
2025-12-17T14:36:33.279980,1,26.750231715850013,3.108729175835437,1.6899237109197707,416.0,31.0,1.0,783773.0,1.0,1887629.0,73503.0
2025-12-17T14:36:33.378523,2,26.750231715850013,3.108729175835437,1.6899237109197707,422.0,33.0,1.0,769840.0,1.0,1594840.0,67814.0
2025-12-17T14:36:33.494824,3,26.750231715850013,3.108729175835437,1.6899237109197707,412.0,29.0,1.0,1126196.0,1.0,2005522.0,75418.0
