Timestamp,Channel,Pose_X,Pose_Y,Pose_Theta,eCO2,TVOC,AQI,R0,R1,R2,R3
2025-12-17T18:20:52.515555,0,3.1384516751437155,0.8561897659868253,-1.011620382760424,648.0,165.0,2.0,460079.0,1.0,1066471.0,60423.0
2025-12-17T18:20:52.611458,1,3.1384516751437155,0.8561897659868253,-1.011620382760424,730.0,231.0,3.0,613232.0,1.0,1252048.0,55127.0
2025-12-17T18:20:52.715793,2,3.1384516751437155,0.8561897659868253,-1.011620382760424,744.0,243.0,3.0,661978.0,1.0,865482.0,50706.0
2025-12-17T18:20:52.816568,3,3.1384516751437155,0.8561897659868253,-1.011620382760424,744.0,243.0,3.0,847797.0,1.0,892855.0,55202.0
2025-12-17T18:20:52.918398,4,3.1384516751437155,0.8561897659868253,-1.011620382760424,695.0,201.0,2.0,961548.0,1.0,1358454.0,68206.0
2025-12-17T18:20:53.518006,0,3.1384516751437155,0.8561897659868253,-1.011620382760424,646.0,164.0,2.0,464460.0,1.0,1092039.0,60504.0
2025-12-17T18:20:53.614500,1,3.1384516751437155,0.8561897659868253,-1.011620382760424,704.0,209.0,2.0,623698.0,1.0,1256718.0,56487.0
2025-12-17T18:20:53.717313,2,3.1384516751437155,0.8561897659868253,-1.011620382760424,733.0,234.0,3.0,672593.0,1.0,870476.0,51241.0
2025-12-17T18:20:53.815555,3,3.1384516751437155,0.8561897659868253,-1.011620382760424,732.0,233.0,3.0,834135.0,1.0,874018.0,55803.0
2025-12-17T18:20:53.913967,4,3.1384516751437155,0.8561897659868253,-1.011620382760424,699.0,205.0,2.0,965461.0,1.0,1356616.0,67929.0
2025-12-17T18:20:54.015887,5,3.1384516751437155,0.8561897659868253,-1.011620382760424,662.0,175.0,2.0,724095.0,1.0,1448681.0,61579.0
2025-12-17T18:20:54.519095,0,3.1384516751437155,0.8561897659868253,-1.011620382760424,647.0,164.0,2.0,467773.0,1.0,1082105.0,60484.0
2025-12-17T18:20:54.615877,1,3.1384516751437155,0.8561897659868253,-1.011620382760424,714.0,217.0,2.0,609095.0,1.0,1272124.0,55954.0
2025-12-17T18:20:54.716619,2,3.1384516751437155,0.8561897659868253,-1.011620382760424,726.0,227.0,3.0,649990.0,1.0,869592.0,51589.0
2025-12-17T18:20:54.813499,3,3.1384516751437155,0.8561897659868253,-1.011620382760424,727.0,228.0,3.0,836113.0,1.0,884733.0,56087.0
2025-12-17T18:20:54.922208,4,3.1384516751437155,0.8561897659868253,-1.011620382760424,713.0,216.0,2.0,966115.0,1.0,1357535.0,67016.0
2025-12-17T18:20:55.016367,5,3.1384516751437155,0.8561897659868253,-1.011620382760424,665.0,178.0,2.0,744976.0,1.0,1453592.0,61371.0
2025-12-17T18:20:55.517066,0,3.1384516751437155,0.8561897659868253,-1.011620382760424,656.0,171.0,2.0,463361.0,1.0,1098340.0,59954.0
2025-12-17T18:20:55.616170,1,3.1384516751437155,0.8561897659868253,-1.011620382760424,721.0,223.0,3.0,620539.0,1.0,1271263.0,55558.0
2025-12-17T18:20:55.712187,2,3.1384516751437155,0.8561897659868253,-1.011620382760424,715.0,218.0,2.0,663549.0,1.0,873131.0,52115.0
2025-12-17T18:20:55.814391,3,3.1384516751437155,0.8561897659868253,-1.011620382760424,700.0,205.0,2.0,845218.0,1.0,894367.0,57529.0
2025-12-17T18:20:55.918066,4,3.1384516751437155,0.8561897659868253,-1.011620382760424,703.0,208.0,2.0,965461.0,1.0,1349290.0,67654.0
2025-12-17T18:20:56.015971,5,3.1384516751437155,0.8561897659868253,-1.011620382760424,631.0,153.0,2.0,727534.0,1.0,1455069.0,63397.0
2025-12-17T18:20:56.516432,0,3.1384516751437155,0.8561897659868253,-1.011620382760424,654.0,170.0,2.0,462264.0,1.0,1083571.0,60076.0
2025-12-17T18:20:56.613101,1,3.1384516751437155,0.8561897659868253,-1.011620382760424,716.0,219.0,2.0,616979.0,1.0,1263970.0,55860.0
2025-12-17T18:20:56.717974,2,3.1384516751437155,0.8561897659868253,-1.011620382760424,720.0,223.0,3.0,664897.0,1.0,883237.0,51851.0
2025-12-17T18:20:56.810003,3,3.1384516751437155,0.8561897659868253,-1.011620382760424,722.0,224.0,3.0,826547.0,1.0,891345.0,56315.0
2025-12-17T18:20:56.918031,4,3.1384516751437155,0.8561897659868253,-1.011620382760424,680.0,190.0,2.0,984601.0,1.0,1347921.0,69135.0
2025-12-17T18:20:57.016847,5,3.1384516751437155,0.8561897659868252,-1.011620382760424,661.0,175.0,2.0,754875.0,1.0,1460990.0,61620.0
2025-12-17T18:20:57.514511,1,3.1384516751437155,0.8561897659868253,-1.011620382760424,715.0,218.0,2.0,632413.0,1.0,1284237.0,55916.0
2025-12-17T18:20:57.616470,2,3.1384516751437155,0.8561897659868253,-1.011620382760424,715.0,218.0,2.0,667603.0,1.0,879062.0,52115.0
2025-12-17T18:20:57.716630,3,3.1384516751437155,0.8561897659868253,-1.011620382760424,705.0,210.0,2.0,848371.0,1.0,914260.0,57238.0
2025-12-17T18:20:57.815459,4,3.1384516751437155,0.8561897659868253,-1.011620382760424,682.0,191.0,2.0,974984.0,1.0,1371389.0,69019.0
2025-12-17T18:20:57.915272,5,3.1384516751437155,0.8561897659868252,-1.011620382760424,656.0,171.0,2.0,722871.0,1.0,1447210.0,61892.0
2025-12-17T18:20:58.518417,0,3.1384516751437155,0.8561897659868253,-1.011620382760424,646.0,164.0,2.0,465877.0,1.0,1072262.0,60504.0
2025-12-17T18:20:58.615138,1,3.1384516751437155,0.8561897659868253,-1.011620382760424,689.0,197.0,2.0,623909.0,1.0,1285977.0,57276.0
2025-12-17T18:20:58.716112,2,3.1384516751437155,0.8561897659868253,-1.011620382760424,738.0,238.0,3.0,664672.0,1.0,878764.0,51016.0
2025-12-17T18:20:58.812446,3,3.1384516751437155,0.8561897659868253,-1.011620382760424,700.0,206.0,2.0,822640.0,1.0,904718.0,57490.0
2025-12-17T18:20:58.917949,5,3.1384516751437155,0.8561897659868253,-1.011620382760424,656.0,171.0,2.0,747755.0,1.0,1456547.0,61913.0
2025-12-17T18:20:59.517618,0,3.1384516751437155,0.8561897659868253,-1.011620382760424,649.0,166.0,2.0,464302.0,1.0,1085407.0,60361.0
2025-12-17T18:20:59.613708,1,3.1384516751437155,0.8561897659868253,-1.011620382760424,692.0,199.0,2.0,630276.0,1.0,1282934.0,57102.0
2025-12-17T18:20:59.715019,3,3.1384516751437155,0.8561897659868253,-1.011620382760424,702.0,208.0,2.0,837246.0,1.0,910246.0,57373.0
2025-12-17T18:20:59.815298,4,3.1384516751437155,0.8561897659868253,-1.011620382760424,674.0,185.0,2.0,985601.0,1.0,1377903.0,69511.0
2025-12-17T18:20:59.917794,5,3.1384516751437155,0.8561897659868253,-1.011620382760424,627.0,150.0,2.0,748515.0,1.0,1503122.0,63634.0
2025-12-17T18:21:00.520090,0,3.1384516751437155,0.8561897659868253,-1.011620382760424,641.0,160.0,2.0,468723.0,1.0,1076261.0,60812.0
2025-12-17T18:21:00.613328,1,3.1384516751437155,0.8561897659868254,-1.011620382760424,681.0,190.0,2.0,609507.0,1.0,1275573.0,57724.0
2025-12-17T18:21:00.711460,2,3.1384516751437155,0.8561897659868253,-1.011620382760424,736.0,236.0,3.0,650210.0,1.0,878467.0,51085.0
2025-12-17T18:21:00.815177,3,3.1384516751437155,0.8561897659868253,-1.011620382760424,695.0,201.0,2.0,848084.0,1.0,917670.0,57783.0
2025-12-17T18:21:00.914704,4,3.1384516751437155,0.8561897659868253,-1.011620382760424,682.0,191.0,2.0,984934.0,1.0,1376504.0,68995.0
2025-12-17T18:21:01.012031,5,3.1384516751437155,0.8561897659868253,-1.011620382760424,619.0,144.0,2.0,769579.0,1.0,1486930.0,64131.0
2025-12-17T18:21:01.514664,0,3.1384516751437155,0.8561897659868253,-1.011620382760424,641.0,160.0,2.0,462108.0,1.0,1081739.0,60812.0
2025-12-17T18:21:01.615289,1,3.1384516751437155,0.8561897659868253,-1.011620382760424,682.0,191.0,2.0,634771.0,1.0,1281632.0,57685.0
2025-12-17T18:21:01.717482,2,3.1384516751437155,0.8561897659868253,-1.011620382760424,725.0,227.0,3.0,655291.0,1.0,869004.0,51624.0
2025-12-17T18:21:01.809913,3,3.1384516751437155,0.8561897659868254,-1.011620382760424,703.0,208.0,2.0,831598.0,1.0,919536.0,57315.0
2025-12-17T18:21:01.917191,4,3.1384516751437155,0.8561897659868253,-1.011620382760424,680.0,190.0,2.0,981606.0,1.0,1383510.0,69135.0
2025-12-17T18:21:02.016525,5,3.1384516751437155,0.8561897659868253,-1.011620382760424,635.0,156.0,2.0,767758.0,1.0,1496523.0,63162.0
2025-12-17T18:21:02.518370,0,3.1384516751437155,0.8561897659868253,-1.011620382760424,642.0,161.0,2.0,474630.0,1.0,1103557.0,60771.0
2025-12-17T18:21:02.614938,1,3.1384516751437155,0.8561897659868253,-1.011620382760424,679.0,189.0,2.0,632627.0,1.0,1277734.0,57841.0
2025-12-17T18:21:02.716626,2,3.1384516751437155,0.8561897659868253,-1.011620382760424,739.0,238.0,3.0,644077.0,1.0,883536.0,50964.0
2025-12-17T18:21:02.812040,3,3.1384516751437155,0.8561897659868254,-1.011620382760424,699.0,205.0,2.0,850671.0,1.0,918913.0,57548.0
2025-12-17T18:21:02.918637,4,3.1384516751437155,0.8561897659868253,-1.011620382760424,674.0,185.0,2.0,995996.0,1.0,1390081.0,69511.0
2025-12-17T18:21:03.014633,5,3.1384516751437155,0.8561897659868253,-1.011620382760424,613.0,141.0,2.0,737201.0,1.0,1524641.0,64479.0
2025-12-17T18:21:03.517411,0,3.1384516751437155,0.8561897659868253,-1.011620382760424,638.0,158.0,2.0,467931.0,1.0,1085774.0,60957.0
2025-12-17T18:21:03.612608,1,3.1384516751437155,0.8561897659868253,-1.011620382760424,678.0,188.0,2.0,624965.0,1.0,1284672.0,57861.0
2025-12-17T18:21:03.714549,2,3.1384516751437155,0.8561897659868253,-1.011620382760424,731.0,232.0,3.0,667377.0,1.0,874018.0,51310.0
2025-12-17T18:21:03.815932,3,3.1384516751437155,0.8561897659868253,-1.011620382760424,708.0,213.0,2.0,829349.0,1.0,910555.0,57044.0
2025-12-17T18:21:03.917122,4,3.1384516751437155,0.8561897659868253,-1.011620382760424,668.0,180.0,2.0,972348.0,1.0,1388671.0,69936.0
2025-12-17T18:21:04.016198,5,3.1384516751437155,0.8561897659868253,-1.011620382760424,637.0,157.0,2.0,743465.0,1.0,1468426.0,63034.0
2025-12-17T18:21:04.517851,0,3.1384516751437155,0.8561897659868253,-1.011620382760424,607.0,137.0,2.0,470472.0,1.0,1113311.0,62799.0
2025-12-17T18:21:04.612547,1,3.1384516751437155,0.8561897659868253,-1.011620382760424,663.0,176.0,2.0,633698.0,1.0,1296465.0,58709.0
2025-12-17T18:21:04.716323,2,3.1384516751437155,0.8561897659868253,-1.011620382760424,731.0,232.0,3.0,652414.0,1.0,884733.0,51310.0
2025-12-17T18:21:04.815940,3,3.1384516751437155,0.8561897659868253,-1.011620382760424,693.0,200.0,2.0,853555.0,1.0,919225.0,57861.0
2025-12-17T18:21:04.916785,4,3.1384516751437155,0.8561897659868253,-1.011620382760424,676.0,186.0,2.0,1028193.0,1.0,1393378.0,69393.0
2025-12-17T18:21:05.016584,5,3.1384516751437155,0.8561897659868253,-1.011620382760424,633.0,155.0,2.0,758204.0,1.0,1496523.0,63247.0
2025-12-17T18:21:05.515964,0,3.138451675143715,0.8561897659868253,-1.011620382760424,620.0,146.0,2.0,476884.0,1.0,1099456.0,62018.0
2025-12-17T18:21:05.615328,1,3.1384516751437155,0.8561897659868253,-1.011620382760424,665.0,178.0,2.0,626024.0,1.0,1304829.0,58610.0
2025-12-17T18:21:05.711225,2,3.1384516751437155,0.8561897659868253,-1.011620382760424,731.0,232.0,3.0,664672.0,1.0,866654.0,51328.0
2025-12-17T18:21:05.815287,3,3.1384516751437155,0.8561897659868253,-1.011620382760424,700.0,206.0,2.0,846936.0,1.0,905944.0,57490.0
2025-12-17T18:21:05.915958,4,3.1384516751437155,0.8561897659868253,-1.011620382760424,674.0,185.0,2.0,984601.0,1.0,1392436.0,69534.0
2025-12-17T18:21:06.013468,5,3.1384516751437155,0.8561897659868253,-1.011620382760424,622.0,147.0,2.0,760259.0,1.0,1490962.0,63936.0
2025-12-17T18:21:06.519704,0,3.1384516751437155,0.8561897659868253,-1.011620382760424,622.0,147.0,2.0,472866.0,1.0,1100573.0,61892.0
2025-12-17T18:21:06.612948,2,3.1384516751437155,0.8561897659868253,-1.011620382760424,735.0,236.0,3.0,658849.0,1.0,882042.0,51120.0
2025-12-17T18:21:06.716809,3,3.1384516751437155,0.8561897659868253,-1.011620382760424,707.0,211.0,2.0,838664.0,1.0,907478.0,57121.0
2025-12-17T18:21:06.810338,4,3.1384516751437155,0.8561897659868253,-1.011620382760424,672.0,183.0,2.0,989612.0,1.0,1399049.0,69652.0
2025-12-17T18:21:06.916259,5,3.1384516751437155,0.8561897659868253,-1.011620382760424,624.0,148.0,2.0,758717.0,1.0,1515381.0,63828.0
2025-12-17T18:21:07.518032,0,3.1384516751437155,0.8561897659868253,-1.011620382760424,598.0,130.0,2.0,472067.0,1.0,1106549.0,63355.0
2025-12-17T18:21:07.616873,1,3.1384516751437155,0.8561897659868253,-1.011620382760424,667.0,180.0,2.0,626660.0,1.0,1320377.0,58471.0
2025-12-17T18:21:07.714139,2,3.1384516751437155,0.8561897659868253,-1.011620382760424,724.0,226.0,3.0,657958.0,1.0,898007.0,51659.0
2025-12-17T18:21:07.815525,3,3.1384516751437155,0.8561897659868253,-1.011620382760424,711.0,215.0,2.0,852689.0,1.0,929549.0,56890.0
2025-12-17T18:21:07.919247,4,3.1384516751437155,0.8561897659868253,-1.011620382760424,677.0,187.0,2.0,998696.0,1.0,1380236.0,69346.0
2025-12-17T18:21:08.016922,5,3.1384516751437155,0.8561897659868253,-1.011620382760424,607.0,136.0,2.0,733964.0,1.0,1532401.0,64851.0
2025-12-17T18:21:08.518912,0,3.1384516751437155,0.8561897659868253,-1.011620382760424,612.0,140.0,2.0,476884.0,1.0,1108048.0,62481.0
2025-12-17T18:21:08.618533,1,3.138451675143716,0.8561897659868253,-1.011620382760424,683.0,192.0,2.0,637786.0,1.0,1322614.0,57607.0
2025-12-17T18:21:08.719532,2,3.1384516751437155,0.8561897659868253,-1.011620382760424,731.0,231.0,3.0,665348.0,1.0,893459.0,51345.0
2025-12-17T18:21:08.814165,3,3.1384516751437155,0.8561897659868253,-1.011620382760424,705.0,210.0,2.0,825429.0,1.0,901661.0,57238.0
2025-12-17T18:21:08.916228,4,3.1384516751437155,0.8561897659868253,-1.011620382760424,674.0,185.0,2.0,985267.0,1.0,1410460.0,69534.0
2025-12-17T18:21:09.013561,5,3.1384516751437155,0.8561897659868253,-1.011620382760424,643.0,162.0,2.0,750290.0,1.0,1506178.0,62672.0
2025-12-17T18:21:09.512745,0,3.1384516751437155,0.8561897659868253,-1.011620382760424,592.0,126.0,2.0,475434.0,1.0,1126577.0,63720.0
2025-12-17T18:21:09.616951,1,3.1384516751437155,0.8561897659868253,-1.011620382760424,689.0,197.0,2.0,623698.0,1.0,1299540.0,57257.0
2025-12-17T18:21:09.715523,2,3.1384516751437155,0.8561897659868253,-1.011620382760424,716.0,218.0,2.0,664448.0,1.0,890139.0,52080.0
2025-12-17T18:21:09.816466,3,3.1384516751437155,0.8561897659868253,-1.011620382760424,699.0,205.0,2.0,844075.0,1.0,932069.0,57568.0
2025-12-17T18:21:09.918242,4,3.1384516751437155,0.8561897659868253,-1.011620382760424,662.0,176.0,2.0,1026454.0,1.0,1409028.0,70292.0
2025-12-17T18:21:10.016980,5,3.138451675143716,0.8561897659868253,-1.011620382760424,607.0,136.0,2.0,764129.0,1.0,1511795.0,64873.0
2025-12-17T18:21:10.518159,0,3.1382232005490733,0.8545839325610349,-1.0051884307351242,612.0,140.0,2.0,476239.0,1.0,1116707.0,62481.0
2025-12-17T18:21:10.615186,1,3.1405320177672356,0.8516105414126784,-0.9881599688160265,704.0,209.0,2.0,622222.0,1.0,1293835.0,56468.0
2025-12-17T18:21:10.717062,2,3.145081659748635,0.8423658317658893,-0.9647050044391607,702.0,207.0,2.0,655735.0,1.0,888935.0,52772.0
2025-12-17T18:21:10.812762,3,3.153137519406838,0.8323704433376734,-0.938697827364214,721.0,223.0,3.0,852400.0,1.0,923278.0,56353.0
2025-12-17T18:21:10.914562,4,3.159354700357334,0.8247598801607898,-0.9213730758220636,647.0,165.0,2.0,986936.0,1.0,1427267.0,71298.0
2025-12-17T18:21:11.015483,5,3.1711476638393066,0.8099907487200428,-0.8914522602958376,626.0,150.0,2.0,764905.0,1.0,1524641.0,63655.0
2025-12-17T18:21:11.515391,0,3.2061909872771364,0.7705629048818973,-0.7887984911184621,599.0,131.0,2.0,466192.0,1.0,1144641.0,63269.0
2025-12-17T18:21:11.611378,1,3.2142372917594977,0.763393009936519,-0.764038006419683,696.0,202.0,2.0,606216.0,1.0,1287283.0,56890.0
2025-12-17T18:21:11.713086,2,3.2221417321114263,0.7552093923307308,-0.7435472338848103,721.0,223.0,3.0,663773.0,1.0,887732.0,51816.0
2025-12-17T18:21:11.809143,3,3.2302436936362713,0.7471338322065181,-0.7275288265126697,710.0,214.0,2.0,843218.0,1.0,916429.0,56948.0
2025-12-17T18:21:11.918497,4,3.242164380427864,0.7372550030324256,-0.6977625076107716,671.0,182.0,2.0,1004119.0,1.0,1421482.0,69747.0
2025-12-17T18:21:12.016490,5,3.2506664675299652,0.7296819041824232,-0.6737764807569739,628.0,151.0,2.0,776907.0,1.0,1539680.0,63548.0
2025-12-17T18:21:12.514077,0,2.8377135676111407,0.8483995916289229,-0.4691420170586271,582.0,120.0,2.0,477530.0,1.0,1140388.0,64327.0
2025-12-17T18:21:12.610777,1,2.848066699548539,0.842491054544292,-0.44984802972395527,691.0,198.0,2.0,630276.0,1.0,1298221.0,57179.0
2025-12-17T18:21:12.717997,2,2.857914735385788,0.8390179510893219,-0.4289018311536144,708.0,212.0,2.0,650210.0,1.0,886831.0,52452.0
2025-12-17T18:21:12.815271,3,2.870019262466235,0.8318514397402764,-0.3954827296754758,703.0,208.0,2.0,851535.0,1.0,917360.0,57315.0
2025-12-17T18:21:12.916040,4,2.8801253159326596,0.8273934932483792,-0.3766889771875809,680.0,189.0,2.0,1019184.0,1.0,1392436.0,69159.0
2025-12-17T18:21:13.012968,5,2.8875955607765404,0.8242650014815077,-0.3633285204507149,625.0,149.0,2.0,765423.0,1.0,1560137.0,63763.0
2025-12-17T18:21:13.518498,0,2.9458941326564756,0.8120362213473628,-0.233771223867813,589.0,125.0,2.0,478501.0,1.0,1123531.0,63893.0
2025-12-17T18:21:13.615236,1,2.9522655877337063,0.8095208326466897,-0.21777134042382443,682.0,191.0,2.0,643206.0,1.0,1319931.0,57665.0
2025-12-17T18:21:13.712313,2,2.962803399564404,0.806641077403353,-0.196727719864718,710.0,214.0,2.0,659965.0,1.0,890139.0,52327.0
2025-12-17T18:21:13.812449,3,2.9750975997746196,0.8046006139001175,-0.17762714780954397,722.0,224.0,3.0,838664.0,1.0,912097.0,56296.0
2025-12-17T18:21:13.913206,4,2.985909329314723,0.8045852790864005,-0.1509265662979541,670.0,182.0,2.0,978952.0,1.0,1429200.0,69770.0
2025-12-17T18:21:14.013399,5,2.995842314491952,0.8033889292790761,-0.11779503596528745,616.0,143.0,2.0,747755.0,1.0,1524126.0,64283.0
2025-12-17T18:21:14.515625,0,3.055930877807055,0.8179273938490135,-0.03406918487591092,590.0,125.0,2.0,472546.0,1.0,1154758.0,63850.0
2025-12-17T18:21:14.615417,1,3.0562173039691256,0.8180130095569731,-0.03456430512499644,667.0,180.0,2.0,631130.0,1.0,1304829.0,58471.0
2025-12-17T18:21:14.713777,2,3.0562173039691256,0.8180130095569731,-0.03456430512499644,720.0,222.0,3.0,660859.0,1.0,897703.0,51851.0
2025-12-17T18:21:14.812883,4,3.0562173039691256,0.8180130095569731,-0.03456430512499644,648.0,165.0,2.0,1000049.0,1.0,1416200.0,71274.0
2025-12-17T18:21:14.911667,5,3.0562173039691256,0.8180130095569731,-0.03456430512499644,625.0,149.0,2.0,754875.0,1.0,1515381.0,63763.0
2025-12-17T18:21:15.514951,0,0.6121613357142857,0.08910995448314418,1.5527386494861606,604.0,134.0,2.0,475595.0,1.0,1140774.0,63012.0
2025-12-17T18:21:15.613412,1,0.611640836608317,0.10477777510284314,1.5860935117951367,669.0,181.0,2.0,637139.0,1.0,1299100.0,58372.0
2025-12-17T18:21:15.709769,2,0.6112050905264926,0.11264389934968044,1.600385206103146,696.0,202.0,2.0,661754.0,1.0,910246.0,53059.0
2025-12-17T18:21:15.810941,3,0.611174059081356,0.12373175896039523,1.620226753453417,704.0,209.0,2.0,849807.0,1.0,944454.0,57296.0
2025-12-17T18:21:15.913990,4,0.6101794924501106,0.13473465889366865,1.639030220409511,653.0,169.0,2.0,995659.0,1.0,1417638.0,70913.0
2025-12-17T18:21:16.513190,1,0.6001856441183171,0.19958435009196612,1.7683180475903157,687.0,195.0,2.0,625389.0,1.0,1308809.0,57373.0
2025-12-17T18:21:16.613196,2,0.5984071155853752,0.21165367835382648,1.7908881303538708,714.0,217.0,2.0,675787.0,1.0,885332.0,52133.0
2025-12-17T18:21:16.712636,3,0.5953388719297378,0.22064970627754527,1.814072959322133,703.0,208.0,2.0,845218.0,1.0,936179.0,57354.0
2025-12-17T18:21:16.809844,4,0.5937891573310121,0.2250220861780432,1.831414226716135,646.0,164.0,2.0,1017461.0,1.0,1430168.0,71419.0
2025-12-17T18:21:16.916224,5,0.592747684204926,0.23390867387390035,1.8610091675525176,627.0,150.0,2.0,736951.0,1.0,1535516.0,63634.0
2025-12-17T18:21:17.518459,0,0.5672320621258552,0.3034684554059489,1.9905336987892335,589.0,125.0,2.0,467931.0,1.0,1145029.0,63893.0
2025-12-17T18:21:17.616905,1,0.563836690962785,0.3100789714564667,2.004372890348666,671.0,183.0,2.0,641032.0,1.0,1318145.0,58254.0
2025-12-17T18:21:17.718202,2,0.5582732464361388,0.32220146872472893,2.0274430279126743,730.0,231.0,3.0,679687.0,1.0,902577.0,51362.0
2025-12-17T18:21:17.812197,3,0.5531727186026866,0.3264714530493901,2.0164498170261034,701.0,206.0,2.0,839232.0,1.0,924529.0,57432.0
2025-12-17T18:21:17.917248,4,0.5461573259426338,0.33476876784504034,2.004755754416134,659.0,174.0,2.0,1020220.0,1.0,1397629.0,70506.0
2025-12-17T18:21:18.018461,5,0.5395787571935732,0.34929127750545536,2.0121897626119374,621.0,146.0,2.0,768798.0,1.0,1531364.0,63958.0
2025-12-17T18:21:18.515327,0,0.5136809594633149,0.40272841974603996,2.0110301629572147,593.0,127.0,2.0,476562.0,1.0,1144641.0,63655.0
2025-12-17T18:21:18.614677,1,0.5101958714105781,0.41002298484379224,2.008292870436786,680.0,189.0,2.0,634342.0,1.0,1325751.0,57783.0
2025-12-17T18:21:18.714622,2,0.5059524674271377,0.420193045231917,2.011252883956975,714.0,217.0,2.0,676245.0,1.0,901051.0,52133.0
2025-12-17T18:21:18.815045,3,0.49955141125146035,0.4343609702082207,2.0080504271320567,709.0,213.0,2.0,862849.0,1.0,947014.0,57006.0
2025-12-17T18:21:18.917274,4,0.4960027004173493,0.4410696467744763,2.006568829982753,669.0,181.0,2.0,983934.0,1.0,1436961.0,69817.0
2025-12-17T18:21:19.017176,5,0.49004096493327015,0.4549670907039854,2.0070558596294314,642.0,161.0,2.0,749529.0,1.0,1528258.0,62715.0
2025-12-17T18:21:19.518834,0,0.4643804409407799,0.5071140354073449,2.008770832256948,596.0,129.0,2.0,471747.0,1.0,1131162.0,63483.0
2025-12-17T18:21:19.614737,1,0.45906326013113863,0.5166961716809813,2.0092790395309716,677.0,187.0,2.0,619280.0,1.0,1314581.0,57959.0
2025-12-17T18:21:19.716913,3,0.45582470853089296,0.5238204556603472,2.00977496942244,693.0,200.0,2.0,846936.0,1.0,945733.0,57861.0
2025-12-17T18:21:19.815116,4,0.4486288871697523,0.537949008324786,2.009030493933681,667.0,179.0,2.0,1000049.0,1.0,1405694.0,69983.0
2025-12-17T18:21:19.917524,5,0.44534997006572774,0.5446986894779604,2.0134718995985423,633.0,155.0,2.0,758460.0,1.0,1529293.0,63226.0
2025-12-17T18:21:20.514020,0,0.41763815514090036,0.6048036638728178,1.984371376863857,607.0,137.0,2.0,471588.0,1.0,1142706.0,62799.0
2025-12-17T18:21:20.613103,1,0.4133101976758718,0.6146479926069672,1.9863457538948732,688.0,196.0,2.0,643423.0,1.0,1315471.0,57315.0
2025-12-17T18:21:20.717579,2,0.4071084818304612,0.6289734290177051,1.9814044853482498,715.0,218.0,2.0,668508.0,1.0,904106.0,52080.0
2025-12-17T18:21:20.813821,3,0.40391598626174874,0.6357245414771933,1.9796762332091697,692.0,199.0,2.0,863726.0,1.0,940944.0,57939.0
2025-12-17T18:21:20.918026,4,0.3977754929745652,0.6501019121448428,1.979672696576347,663.0,177.0,2.0,1003440.0,1.0,1427750.0,70220.0
2025-12-17T18:21:21.017400,5,0.3927718502460532,0.6607276037983634,1.9771915820032384,631.0,153.0,2.0,756153.0,1.0,1512307.0,63397.0
2025-12-17T18:21:21.515510,0,0.37093360606239467,0.7107539531577438,1.974443726913061,598.0,130.0,2.0,473347.0,1.0,1137304.0,63376.0
2025-12-17T18:21:21.612609,1,0.36679719116616155,0.7215115263331406,1.9746756803707817,688.0,196.0,2.0,631557.0,1.0,1298221.0,57335.0
2025-12-17T18:21:21.714989,2,0.3623877031908026,0.732002557990193,1.969480222997903,690.0,197.0,2.0,670774.0,1.0,897703.0,53365.0
2025-12-17T18:21:21.813558,3,0.3561508238893288,0.7464799789370336,1.9682376395830592,686.0,195.0,2.0,844932.0,1.0,933648.0,58234.0
2025-12-17T18:21:21.917369,4,0.35192440988488055,0.7568247354615072,1.9657608309127599,677.0,187.0,2.0,1025412.0,1.0,1432106.0,69323.0
2025-12-17T18:21:22.012620,5,0.34909062796245927,0.7642265982998597,1.968964752050013,646.0,164.0,2.0,746491.0,1.0,1504649.0,62460.0
2025-12-17T18:21:22.518114,0,0.33376593394483106,0.8165794685298828,1.9451292772451751,605.0,135.0,2.0,464302.0,1.0,1152806.0,62948.0
2025-12-17T18:21:22.616589,1,0.3281081205941924,0.8309453369894471,1.9451392059398271,701.0,207.0,2.0,637355.0,1.0,1290773.0,56621.0
2025-12-17T18:21:22.714756,2,0.32535231296155004,0.8377070085078488,1.9456387166224849,721.0,223.0,3.0,679227.0,1.0,894064.0,51781.0
2025-12-17T18:21:22.815008,3,0.3217352981283936,0.8488209796436772,1.9483600903471878,707.0,211.0,2.0,840084.0,1.0,920781.0,57121.0
2025-12-17T18:21:22.912429,4,0.31700757517715444,0.8597385961853958,1.9439227158312482,660.0,174.0,2.0,1011624.0,1.0,1424854.0,70434.0
2025-12-17T18:21:23.013848,5,0.31322091738525515,0.8704519985409795,1.9454124400733661,635.0,156.0,2.0,760002.0,1.0,1522579.0,63162.0
2025-12-17T18:21:23.517604,0,0.2914769302337634,0.9239361475692518,1.9412011258603805,607.0,137.0,2.0,473347.0,1.0,1142706.0,62799.0
2025-12-17T18:21:23.614061,1,0.28685660809626173,0.9351535776267019,1.941946601182309,694.0,200.0,2.0,629210.0,1.0,1304829.0,57025.0
2025-12-17T18:21:23.717919,2,0.2822171730102196,0.9456246875432817,1.9441666078609101,733.0,233.0,3.0,672365.0,1.0,911788.0,51223.0
2025-12-17T18:21:23.813200,3,0.27675486667082894,0.9601977762839413,1.941966150885689,690.0,197.0,2.0,856448.0,1.0,934596.0,58057.0
2025-12-17T18:21:23.916147,4,0.2735263696285985,0.9670590733305335,1.939743438252142,672.0,183.0,2.0,995659.0,1.0,1409028.0,69652.0
2025-12-17T18:21:24.012048,5,0.26899878556391466,0.9774410750151523,1.940728260059827,609.0,138.0,2.0,738449.0,1.0,1507708.0,64720.0
2025-12-17T18:21:24.518773,0,0.2612740301015482,1.0491446190318392,1.906692536257699,600.0,132.0,2.0,469200.0,1.0,1129632.0,63205.0
2025-12-17T18:21:24.615785,1,0.26105981837620296,1.0630539301378463,1.8949944184627487,698.0,204.0,2.0,615519.0,1.0,1295149.0,56794.0
2025-12-17T18:21:24.713282,2,0.2585181555917314,1.0707688030124012,1.8952430672269749,725.0,226.0,3.0,681530.0,1.0,906250.0,51624.0
2025-12-17T18:21:24.814201,3,0.25352715811444937,1.085212079187916,1.8925093059119482,725.0,227.0,3.0,836113.0,1.0,931123.0,56125.0
2025-12-17T18:21:24.917589,4,0.2503500378593682,1.0965269996810298,1.893507092323535,662.0,175.0,2.0,1001065.0,1.0,1410460.0,70339.0
2025-12-17T18:21:25.017219,5,0.24727998437191662,1.1075413628752737,1.8900480704698581,625.0,149.0,2.0,766719.0,1.0,1507197.0,63742.0
2025-12-17T18:21:25.517289,0,0.23119969812063187,1.1614467020863732,1.831170555587239,618.0,144.0,2.0,475434.0,1.0,1136150.0,62165.0
2025-12-17T18:21:25.615101,2,0.22798992597578438,1.1722095029305413,1.815368723821942,719.0,221.0,3.0,673048.0,1.0,902883.0,51922.0
2025-12-17T18:21:25.710857,3,0.22636796345523721,1.1792090151070123,1.800143819129903,723.0,225.0,3.0,857319.0,1.0,933964.0,56239.0
2025-12-17T18:21:25.815378,4,0.2243649774399014,1.190087530717991,1.7715472496751692,668.0,180.0,2.0,1006160.0,1.0,1418118.0,69912.0
2025-12-17T18:21:25.913995,5,0.2231100275547929,1.200366284900396,1.7445795628959981,625.0,149.0,2.0,743465.0,1.0,1501597.0,63742.0
2025-12-17T18:21:26.518355,0,0.21453568398309258,1.2686444368003915,1.62171572448984,621.0,146.0,2.0,470631.0,1.0,1124673.0,61976.0
2025-12-17T18:21:26.614473,1,0.21545866541566455,1.282268614775166,1.5871800446604336,718.0,221.0,3.0,623487.0,1.0,1286847.0,55727.0
2025-12-17T18:21:26.714173,2,0.2164184769127881,1.2893219311448263,1.5713624006881437,728.0,229.0,3.0,647574.0,1.0,887732.0,51449.0
2025-12-17T18:21:26.808912,3,0.23207799733939646,1.309011485911324,1.5299741354945555,706.0,211.0,2.0,853266.0,1.0,921717.0,57141.0
2025-12-17T18:21:26.914285,4,0.2589463192513763,1.333719294901044,1.4831046815777889,675.0,185.0,2.0,1007524.0,1.0,1406646.0,69464.0
2025-12-17T18:21:27.011817,5,0.25951185357533946,1.3450036788657644,1.4586366806749753,652.0,168.0,2.0,735208.0,1.0,1493487.0,62123.0
2025-12-17T18:21:27.519326,0,0.2693246257325957,1.4049891810520594,1.335177288912417,619.0,144.0,2.0,468882.0,1.0,1155931.0,62123.0
2025-12-17T18:21:27.611674,1,0.2710387702595988,1.4126186659803264,1.3206532654092629,707.0,212.0,2.0,625600.0,1.0,1302623.0,56296.0
2025-12-17T18:21:27.716267,2,0.27338683213844006,1.424186777671079,1.3018980327704417,744.0,244.0,3.0,662875.0,1.0,883237.0,50672.0
2025-12-17T18:21:27.810741,3,0.2821940146480617,1.4422575588360138,1.2631770404708367,724.0,225.0,3.0,851823.0,1.0,924529.0,56220.0
2025-12-17T18:21:27.919745,4,0.31488940505696345,1.4868593124138656,1.1885406349966954,686.0,194.0,2.0,1001404.0,1.0,1386323.0,68739.0
2025-12-17T18:21:28.013648,5,0.3176840429687989,1.494091836981001,1.1714889417270702,641.0,160.0,2.0,753089.0,1.0,1516921.0,62757.0
2025-12-17T18:21:28.517570,0,0.3423015513760297,1.544019051467543,1.0631794900931055,615.0,142.0,2.0,471109.0,1.0,1137689.0,62355.0
2025-12-17T18:21:28.613745,1,0.34795803519034196,1.5537877252314156,1.0380441349477927,707.0,211.0,2.0,627934.0,1.0,1287283.0,56334.0
2025-12-17T18:21:28.710815,2,0.3584369923967295,1.5721679434104066,1.0049495406975988,753.0,251.0,3.0,661530.0,1.0,887732.0,50262.0
2025-12-17T18:21:28.815799,3,0.3815916829990974,1.6139474688673263,0.9649265284182035,740.0,239.0,3.0,857028.0,1.0,931123.0,55370.0
2025-12-17T18:21:28.917973,5,0.3895474413496239,1.6267773769202611,0.9476050600784571,634.0,156.0,2.0,729507.0,1.0,1510772.0,63162.0
2025-12-17T18:21:29.514945,0,0.4334723738348753,1.676930885115158,0.7961973528144308,624.0,148.0,2.0,471109.0,1.0,1125434.0,61788.0
2025-12-17T18:21:29.615696,1,0.44398113437059583,1.6890267746689662,0.769645217407966,716.0,219.0,2.0,620539.0,1.0,1286847.0,55822.0
2025-12-17T18:21:29.713064,2,0.469309108160017,1.72654708572671,0.7423014178400472,763.0,261.0,3.0,662875.0,1.0,888333.0,49788.0
2025-12-17T18:21:29.812429,3,0.47734000204740207,1.7336819251448286,0.7243278990083504,742.0,241.0,3.0,848945.0,1.0,916429.0,55258.0
2025-12-17T18:21:29.914781,4,0.48578152384171847,1.7412372852159312,0.7004627486384896,682.0,191.0,2.0,969390.0,1.0,1377903.0,68995.0
2025-12-17T18:21:30.013032,5,0.4942610831160967,1.748768648325152,0.6786341823570387,658.0,173.0,2.0,741455.0,1.0,1509750.0,61746.0
2025-12-17T18:21:30.519400,0,0.5522095900476717,1.790792684353832,0.5506365766565615,638.0,158.0,2.0,465089.0,1.0,1143480.0,60977.0
2025-12-17T18:21:30.610764,1,0.5713544140075724,1.8019919173541532,0.5235180107332378,736.0,236.0,3.0,596245.0,1.0,1290336.0,54811.0
2025-12-17T18:21:30.711362,2,0.5831849064414734,1.8083445229073307,0.4925226114741613,771.0,268.0,3.0,656623.0,1.0,885332.0,49435.0
2025-12-17T18:21:30.810422,3,0.5932302571421932,1.8134353974872082,0.47270109536362553,740.0,240.0,3.0,839800.0,1.0,921093.0,55333.0
2025-12-17T18:21:30.909667,4,0.6029474412601568,1.8197072057985935,0.4529564075717279,707.0,212.0,2.0,971032.0,1.0,1387731.0,67357.0
2025-12-17T18:21:31.013090,5,0.613383849828949,1.8250087865327167,0.4277571153189946,651.0,168.0,2.0,741957.0,1.0,1484416.0,62165.0
2025-12-17T18:21:31.514658,0,0.6647335510373693,1.8450021584469016,0.31242793963138243,634.0,155.0,2.0,467298.0,1.0,1136150.0,61225.0
2025-12-17T18:21:31.610604,1,0.6831111433871666,1.8532468302662661,0.277036452629315,737.0,237.0,3.0,612609.0,1.0,1295149.0,54718.0
2025-12-17T18:21:31.716099,2,0.6984668720054552,1.859100778239758,0.2512978521098253,772.0,269.0,3.0,652193.0,1.0,879657.0,49368.0
2025-12-17T18:21:31.816427,3,0.7127531941518377,1.862640380635462,0.22036177367729268,737.0,237.0,3.0,843218.0,1.0,913642.0,55520.0
2025-12-17T18:21:31.915785,4,0.7198120993269477,1.863798469240864,0.20106682001485518,702.0,207.0,2.0,977958.0,1.0,1394794.0,67700.0
2025-12-17T18:21:32.012579,5,0.7311467979178957,1.865654466074324,0.1755891864187616,658.0,172.0,2.0,744976.0,1.0,1487434.0,61788.0
2025-12-17T18:21:32.512877,0,0.7894645723899695,1.8732833182123452,0.06562643538951307,641.0,160.0,2.0,459612.0,1.0,1131545.0,60833.0
2025-12-17T18:21:32.610884,1,0.8026254886462632,1.8736704940095457,0.04496381315052934,746.0,245.0,3.0,603963.0,1.0,1277734.0,54294.0
2025-12-17T18:21:32.710336,2,0.8141239052539454,1.8733614426599552,0.01997169133826758,783.0,280.0,3.0,662427.0,1.0,868710.0,48853.0
2025-12-17T18:21:32.811583,3,0.8251573805877965,1.8733988288365102,-0.006142005625632294,758.0,256.0,3.0,832161.0,1.0,893157.0,54441.0
2025-12-17T18:21:32.912253,4,0.8362566374490507,1.8736002323708931,-0.0217213153923392,716.0,219.0,2.0,974654.0,1.0,1394322.0,66812.0
2025-12-17T18:21:33.011151,5,0.847370728447105,1.873476621684367,-0.04748319130639606,665.0,178.0,2.0,745733.0,1.0,1480904.0,61350.0
2025-12-17T18:21:33.514865,0,0.9122956851544599,1.859696920665066,-0.1714644069995835,633.0,155.0,2.0,468248.0,1.0,1122011.0,61267.0
2025-12-17T18:21:33.609963,1,0.9246669329044989,1.8576168327255682,-0.20059215263027483,745.0,244.0,3.0,609095.0,1.0,1286847.0,54331.0
2025-12-17T18:21:33.712194,2,0.9358999955620604,1.8557809872230837,-0.22159833087051986,773.0,270.0,3.0,641467.0,1.0,885032.0,49335.0
2025-12-17T18:21:33.814449,3,0.9471021140471427,1.8540357918964092,-0.2377079114235453,741.0,241.0,3.0,854422.0,1.0,908092.0,55295.0
2025-12-17T18:21:33.913937,4,0.9576703276184921,1.850451715316556,-0.26423660362476703,721.0,223.0,3.0,981606.0,1.0,1358914.0,66474.0
2025-12-17T18:21:34.014567,5,0.9710152967865279,1.846664758422804,-0.2977946076582983,670.0,182.0,2.0,721404.0,1.0,1478400.0,61060.0
2025-12-17T18:21:34.521908,0,1.029627910270942,1.8319600834725014,-0.39597213699173894,649.0,166.0,2.0,458524.0,1.0,1111052.0,60341.0
2025-12-17T18:21:34.615339,1,1.0409018371847958,1.8282928441078494,-0.41576195490592077,754.0,252.0,3.0,618861.0,1.0,1291647.0,53855.0
2025-12-17T18:21:34.712179,2,1.0506051803347543,1.8233661268705617,-0.4372181045530496,784.0,280.0,3.0,645823.0,1.0,872245.0,48820.0
2025-12-17T18:21:34.813408,3,1.0596512254707908,1.8182907154423493,-0.4633826670301266,751.0,250.0,3.0,834700.0,1.0,897703.0,54755.0
2025-12-17T18:21:34.914124,4,1.069485212144465,1.8129850991550558,-0.4817327513058754,725.0,227.0,3.0,958299.0,1.0,1368144.0,66204.0
2025-12-17T18:21:35.015691,5,1.083438534929142,1.806368619774362,-0.5094152250461048,666.0,179.0,2.0,742208.0,1.0,1456547.0,61288.0
2025-12-17T18:21:35.512774,1,1.1223460611763305,1.7692671158175461,-0.6399764802889721,747.0,246.0,3.0,612817.0,1.0,1270833.0,54239.0
2025-12-17T18:21:35.611958,2,1.1312688584221422,1.762666290012006,-0.6684298391489315,785.0,282.0,3.0,655291.0,1.0,874018.0,48754.0
2025-12-17T18:21:35.711254,3,1.139739293089598,1.7559815859197914,-0.6939995180942486,760.0,258.0,3.0,830754.0,1.0,891345.0,54294.0
2025-12-17T18:21:35.812995,4,1.1488286663340217,1.7488837774522914,-0.7121419856891563,702.0,207.0,2.0,969062.0,1.0,1386323.0,67700.0
2025-12-17T18:21:35.916973,5,1.157711928317247,1.7411703575589201,-0.7321846758546099,679.0,188.0,2.0,733716.0,1.0,1458520.0,60566.0
2025-12-17T18:21:36.518943,0,1.221187699775871,1.6829367085038238,-0.8953826741331388,668.0,180.0,2.0,459456.0,1.0,1112558.0,59268.0
2025-12-17T18:21:36.615748,1,1.228676140505954,1.674081786447306,-0.9131393498027267,775.0,272.0,3.0,615727.0,1.0,1265254.0,52808.0
2025-12-17T18:21:36.715795,2,1.2332007511012495,1.667707358717211,-0.9304624374688999,782.0,279.0,3.0,652635.0,1.0,861682.0,48886.0
2025-12-17T18:21:36.810156,3,1.2385298648070904,1.6584014945361956,-0.9568208252137002,781.0,277.0,3.0,829349.0,1.0,888033.0,53275.0
2025-12-17T18:21:36.914349,4,1.244305279193867,1.6489886619156398,-0.9803774361426433,712.0,216.0,2.0,974324.0,1.0,1368144.0,67016.0
2025-12-17T18:21:37.013884,5,1.2504987875166214,1.6395006070479847,-0.9951002535789047,672.0,183.0,2.0,726304.0,1.0,1464456.0,60957.0
2025-12-17T18:21:37.513482,0,1.2785071730401731,1.585630545157881,-1.1191811950445223,658.0,172.0,2.0,463047.0,1.0,1120873.0,59853.0
2025-12-17T18:21:37.610253,1,1.2833327941603392,1.5750457217652876,-1.144918571157056,782.0,278.0,3.0,597255.0,1.0,1262260.0,52487.0
2025-12-17T18:21:37.716863,2,1.2881235888820677,1.5651195496078705,-1.174513356062099,798.0,294.0,3.0,647794.0,1.0,859643.0,48163.0
2025-12-17T18:21:37.811926,4,1.2937641146251808,1.5539037680992527,-1.1953671572205546,707.0,212.0,2.0,977296.0,1.0,1352490.0,67334.0
2025-12-17T18:21:38.516570,0,1.3283305264004122,1.4737674277328305,-1.3492096902060446,677.0,187.0,2.0,455585.0,1.0,1113311.0,58789.0
2025-12-17T18:21:38.613975,1,1.3306161655418207,1.4656770793798397,-1.3606082644205282,806.0,314.0,3.0,599077.0,1.0,1208335.0,50758.0
2025-12-17T18:21:38.717820,3,1.3344667999159154,1.4514282960746903,-1.3937051339245496,786.0,283.0,3.0,826827.0,1.0,872540.0,52987.0
2025-12-17T18:21:38.814843,4,1.3360290334462286,1.4444282732276916,-1.4082483569210995,722.0,224.0,3.0,976305.0,1.0,1333401.0,66384.0
2025-12-17T18:21:38.914268,5,1.337735718952523,1.4331546716857848,-1.4337633040247502,685.0,193.0,2.0,741957.0,1.0,1465943.0,60218.0
2025-12-17T18:21:39.518968,0,1.342948954911948,1.370977097646913,-1.5645459237662,688.0,196.0,2.0,450678.0,1.0,1085774.0,58155.0
2025-12-17T18:21:39.613494,1,1.3421519077081752,1.3640092055876474,-1.5844895699775217,820.0,356.0,3.0,582877.0,1.0,1204660.0,48952.0
2025-12-17T18:21:39.718294,2,1.3408821197304417,1.3536783991475387,-1.6052105917175765,802.0,302.0,3.0,635416.0,1.0,861390.0,47806.0
2025-12-17T18:21:39.809968,3,1.3409381268695717,1.3422344177193994,-1.624838145460172,800.0,296.0,3.0,821805.0,1.0,861682.0,52327.0
2025-12-17T18:21:39.914213,4,1.3402957682689207,1.3315362613883766,-1.642080894736134,751.0,250.0,3.0,930178.0,1.0,1338827.0,64611.0
2025-12-17T18:21:40.015718,5,1.3381839434658451,1.3171017595922023,-1.6801553955487372,685.0,193.0,2.0,718723.0,1.0,1466936.0,60198.0
2025-12-17T18:21:40.519048,0,1.322331222405658,1.2639840432283782,-1.7996971219352793,725.0,226.0,3.0,455740.0,1.0,1062508.0,56182.0
2025-12-17T18:21:40.615622,1,1.320255719283056,1.2522140191175053,-1.815251934500465,816.0,344.0,3.0,563288.0,1.0,1217366.0,49435.0
2025-12-17T18:21:40.708543,2,1.3190129997361382,1.2443940353069016,-1.8277589168755188,812.0,332.0,3.0,647574.0,1.0,839800.0,46561.0
2025-12-17T18:21:40.814021,3,1.3151947183905297,1.2298247266102322,-1.8614134649371388,811.0,330.0,3.0,795802.0,1.0,846650.0,50758.0
2025-12-17T18:21:40.914509,4,1.3132106636793264,1.2228006452172215,-1.8765466767869214,774.0,271.0,3.0,959597.0,1.0,1313691.0,63247.0
2025-12-17T18:21:41.010583,5,1.3089706456712467,1.2054680134696778,-1.8917523205159499,684.0,193.0,2.0,728273.0,1.0,1439882.0,60239.0
2025-12-17T18:21:41.516096,0,1.292338676312572,1.146297821023556,-1.830938674921877,714.0,217.0,2.0,446881.0,1.0,1089086.0,56755.0
2025-12-17T18:21:41.611965,1,1.2896175006675403,1.1347653016012114,-1.806959785863388,813.0,335.0,3.0,582285.0,1.0,1203845.0,49838.0
2025-12-17T18:21:41.714351,2,1.2873575429265138,1.1235641158993135,-1.7965970422682902,818.0,349.0,3.0,626024.0,1.0,842933.0,45888.0
2025-12-17T18:21:41.809772,3,1.2847648393236772,1.1123437630027315,-1.7889637471721809,804.0,308.0,3.0,805557.0,1.0,864311.0,51729.0
2025-12-17T18:21:41.913832,4,1.2824292268392752,1.1008469022600154,-1.7854962234755678,781.0,277.0,3.0,939671.0,1.0,1303505.0,62842.0
2025-12-17T18:21:42.014926,5,1.271545712942073,1.0846490886527955,-1.7780107470216284,688.0,196.0,2.0,729507.0,1.0,1430652.0,60035.0
2025-12-17T18:21:42.515213,0,1.2522248464314853,1.0277177723678124,-1.7711300111376904,702.0,207.0,2.0,453125.0,1.0,1069725.0,57393.0
2025-12-17T18:21:42.610930,1,1.2507375171091761,1.0199246611783734,-1.771628649000219,803.0,306.0,3.0,595035.0,1.0,1209153.0,51120.0
2025-12-17T18:21:42.715883,2,1.248221286241502,1.0083441591770719,-1.776336373719516,816.0,342.0,3.0,619490.0,1.0,837246.0,46153.0
2025-12-17T18:21:42.812366,3,1.2455322707051455,0.99702350705452,-1.7736278786917696,801.0,300.0,3.0,814054.0,1.0,859643.0,52115.0
2025-12-17T18:21:42.917151,4,1.2433615225045667,0.9851826931128463,-1.7709067960362377,789.0,285.0,3.0,940944.0,1.0,1284237.0,62376.0
2025-12-17T18:21:43.014599,5,1.2408138246594118,0.9736029899989188,-1.7689248634353736,678.0,188.0,2.0,719210.0,1.0,1445742.0,60607.0
2025-12-17T18:21:43.519848,0,1.229327237748517,0.9139182106187135,-1.7642190063498173,714.0,217.0,2.0,449155.0,1.0,1067916.0,56755.0
2025-12-17T18:21:43.613692,1,1.2278486279243057,0.9058690775679387,-1.7662066620798127,804.0,308.0,3.0,598874.0,1.0,1218603.0,51033.0
2025-12-17T18:21:43.714221,2,1.22505676101677,0.8945762973902661,-1.769417222246374,807.0,316.0,3.0,649110.0,1.0,856448.0,47211.0
2025-12-17T18:21:43.811436,3,1.222452379303358,0.8831092611911232,-1.766943775487741,781.0,278.0,3.0,822640.0,1.0,850095.0,53238.0
2025-12-17T18:21:43.911935,4,1.2201872409553514,0.871487059338269,-1.7691779757199095,789.0,285.0,3.0,943495.0,1.0,1253320.0,62376.0
2025-12-17T18:21:44.012820,5,1.2179407989263586,0.8602085907205608,-1.765237728235563,686.0,194.0,2.0,728273.0,1.0,1416679.0,60117.0
2025-12-17T18:21:44.518164,0,1.2064948451183222,0.8094483362820941,-1.7701676806813662,697.0,203.0,2.0,451594.0,1.0,1069001.0,57665.0
2025-12-17T18:21:44.616385,2,1.2033569726003979,0.7970742364683049,-1.7757990566194934,807.0,318.0,3.0,644950.0,1.0,847510.0,47131.0
2025-12-17T18:21:44.712616,3,1.2016436850077195,0.7897806822365244,-1.776785539964851,749.0,247.0,3.0,834982.0,1.0,870476.0,54885.0
2025-12-17T18:21:44.815507,4,1.1987463527765347,0.7745187626772287,-1.7777740219095015,745.0,244.0,3.0,936813.0,1.0,1306154.0,64983.0
2025-12-17T18:21:44.915499,5,1.1968093224544871,0.7671569639149352,-1.7797497354903404,688.0,196.0,2.0,704514.0,1.0,1399049.0,60035.0
2025-12-17T18:21:45.514238,0,1.1818730007577494,0.6995011387701316,-1.7787770638399387,698.0,204.0,2.0,452818.0,1.0,1070087.0,57587.0
2025-12-17T18:21:45.612269,1,1.1789934126692703,0.6886751357293898,-1.780263873076869,801.0,300.0,3.0,583271.0,1.0,1219428.0,51397.0
2025-12-17T18:21:45.715886,2,1.1761542973644252,0.6778298191108869,-1.7795224132848635,786.0,282.0,3.0,651311.0,1.0,856738.0,48721.0
2025-12-17T18:21:45.813947,3,1.1741107255289946,0.6661014788750335,-1.7812495774009214,781.0,278.0,3.0,816537.0,1.0,869004.0,53238.0
2025-12-17T18:21:45.918046,4,1.1705435879163417,0.6511581821895017,-1.7787664259605094,748.0,247.0,3.0,941900.0,1.0,1285106.0,64808.0
2025-12-17T18:21:46.013463,5,1.1693486073437371,0.6434230411258463,-1.7785214420361894,701.0,206.0,2.0,721160.0,1.0,1399049.0,59288.0
2025-12-17T18:21:46.516209,0,1.1574204076995513,0.5860138026685255,-1.7804811733216253,702.0,207.0,2.0,448851.0,1.0,1060711.0,57373.0
2025-12-17T18:21:46.612297,1,1.1545169317775181,0.575391174769266,-1.78171903571903,806.0,313.0,3.0,581104.0,1.0,1199371.0,50792.0
2025-12-17T18:21:46.713728,2,1.1525227291073106,0.56335888127053,-1.781221003451148,787.0,283.0,3.0,654404.0,1.0,854711.0,48655.0
2025-12-17T18:21:46.809535,3,1.150127523930064,0.5519805307539605,-1.7863758726301036,792.0,288.0,3.0,827667.0,1.0,853844.0,52701.0
2025-12-17T18:21:46.910760,4,1.1503795329450706,0.5420400704764378,-1.785142803028926,743.0,242.0,3.0,954092.0,1.0,1313247.0,65093.0
2025-12-17T18:21:47.014006,5,1.155278303030377,0.5351138000500161,-1.7821443625976148,693.0,200.0,2.0,710019.0,1.0,1397629.0,59751.0
2025-12-17T18:21:47.514984,0,1.1439550621467172,0.47785578704125403,-1.7829076794789689,732.0,233.0,3.0,450830.0,1.0,1053556.0,55765.0
2025-12-17T18:21:47.615625,1,1.1414343638985371,0.46631694045998423,-1.7806944831070222,821.0,360.0,3.0,584853.0,1.0,1173671.0,48787.0
2025-12-17T18:21:47.717918,2,1.1398415644308764,0.4549702147115185,-1.7804489519073488,804.0,310.0,3.0,618024.0,1.0,835830.0,47468.0
2025-12-17T18:21:47.813621,3,1.136977365553641,0.44400281042885476,-1.7791973768547489,811.0,330.0,3.0,801478.0,1.0,830754.0,50740.0
2025-12-17T18:21:47.913877,4,1.1349144272717395,0.43262791960371344,-1.7784548154438222,739.0,239.0,3.0,939353.0,1.0,1308809.0,65358.0
2025-12-17T18:21:48.016939,5,1.1318232209962946,0.4176098820362952,-1.778923408456873,704.0,209.0,2.0,704752.0,1.0,1393850.0,59128.0
2025-12-17T18:21:48.519428,0,1.1293128251795008,0.3993369281690919,-1.7767123894667336,746.0,245.0,3.0,437749.0,1.0,1040445.0,55071.0
2025-12-17T18:21:48.613774,1,1.1293128251795008,0.3993369281690919,-1.7767123894667336,831.0,388.0,3.0,568075.0,1.0,1165359.0,47693.0
2025-12-17T18:21:48.709982,2,1.1279446843832557,0.3969913098611339,-1.7781986043091067,820.0,354.0,3.0,641467.0,1.0,821249.0,45686.0
2025-12-17T18:21:48.813478,3,1.125095937540578,0.3875866689346312,-1.778237611854909,820.0,355.0,3.0,789898.0,1.0,805557.0,49653.0
2025-12-17T18:21:48.913634,4,1.1225105616206985,0.37479681958073563,-1.7772653802514562,770.0,267.0,3.0,940307.0,1.0,1268684.0,63483.0
2025-12-17T18:21:49.015887,5,1.119686022996589,0.3606401459601289,-1.7770110389214635,702.0,207.0,2.0,728273.0,1.0,1415720.0,59208.0
2025-12-17T18:21:49.515030,0,1.1084563626445456,0.3007966812960881,-1.7779529476307991,751.0,249.0,3.0,446729.0,1.0,1029934.0,54792.0
2025-12-17T18:21:49.611961,1,1.1060903461384546,0.29046456898121475,-1.7779493792885563,826.0,373.0,3.0,568075.0,1.0,1158673.0,48261.0
2025-12-17T18:21:49.714674,2,1.10312884213902,0.2800992979479489,-1.7789318237738694,824.0,368.0,3.0,624120.0,1.0,830473.0,45164.0
2025-12-17T18:21:49.813151,3,1.1008914374208918,0.2685377227964996,-1.7759728567404574,820.0,356.0,3.0,800936.0,1.0,797960.0,49636.0
2025-12-17T18:21:49.915432,4,1.1078277538234325,0.25933820892773807,-1.7521215168561968,751.0,249.0,3.0,926408.0,1.0,1291647.0,64611.0
2025-12-17T18:21:50.017166,5,1.1126363078166963,0.2454651329693685,-1.738210165087663,705.0,210.0,2.0,705946.0,1.0,1414284.0,59048.0
2025-12-17T18:21:50.514389,0,1.103028879741641,0.19248206357029712,-1.7721284570264997,733.0,233.0,3.0,448699.0,1.0,1035176.0,55746.0
2025-12-17T18:21:50.614013,1,1.100274715950722,0.18173447200316534,-1.7923178397615436,819.0,354.0,3.0,586835.0,1.0,1172083.0,49019.0
2025-12-17T18:21:50.709621,2,1.0971745790877692,0.1709697682687667,-1.8179228884879743,818.0,349.0,3.0,633055.0,1.0,828227.0,45872.0
2025-12-17T18:21:50.813428,3,1.0937523668756932,0.16082019606924436,-1.8410166241529244,810.0,325.0,3.0,780068.0,1.0,813778.0,50947.0
2025-12-17T18:21:50.912933,4,1.0913523977651436,0.1494755020098244,-1.8645087271515077,782.0,278.0,3.0,923590.0,1.0,1273848.0,62757.0
2025-12-17T18:21:51.016192,5,1.0872762507057439,0.13493054939330446,-1.890966724122499,709.0,213.0,2.0,712427.0,1.0,1395266.0,58809.0
2025-12-17T18:21:51.517929,0,1.0673860402383122,0.08625585880564762,-1.9992672985551696,735.0,235.0,3.0,447334.0,1.0,1034826.0,55633.0
2025-12-17T18:21:51.613461,1,1.0625075185329844,0.07683385204755325,-2.0266806435102307,820.0,355.0,3.0,581497.0,1.0,1165359.0,48985.0
2025-12-17T18:21:51.713477,2,1.0574247588117456,0.06761450910079794,-2.046700580113087,808.0,322.0,3.0,634127.0,1.0,829349.0,46972.0
2025-12-17T18:21:51.817418,3,1.0513398475065505,0.0538421612377091,-2.0699056195415015,804.0,309.0,3.0,817643.0,1.0,819583.0,51694.0
2025-12-17T18:21:51.915533,4,1.0471768976657956,0.047245487642958384,-2.0842079189879175,747.0,246.0,3.0,935862.0,1.0,1282934.0,64830.0
2025-12-17T18:21:52.015574,5,1.0412990191260512,0.03848383989828105,-2.1121890322511807,720.0,222.0,3.0,716537.0,1.0,1400470.0,58214.0
2025-12-17T18:21:52.516120,0,1.010724937020817,-0.009923475517095298,-2.224736202471171,746.0,245.0,3.0,449155.0,1.0,1019529.0,55034.0
2025-12-17T18:21:52.613227,1,1.0034173702900375,-0.020102368441854673,-2.2426035576582155,812.0,331.0,3.0,594230.0,1.0,1159065.0,49990.0
2025-12-17T18:21:52.714315,2,0.9971564512659823,-0.029002480804934422,-2.2674868729886453,800.0,298.0,3.0,640165.0,1.0,836396.0,47968.0
2025-12-17T18:21:52.815937,3,0.9872609865882592,-0.03907330521116807,-2.3001131084528823,793.0,289.0,3.0,827107.0,1.0,833006.0,52647.0
2025-12-17T18:21:52.913588,4,0.9825898008451497,-0.04418166170911625,-2.315738633967678,765.0,262.0,3.0,927349.0,1.0,1282499.0,63763.0
2025-12-17T18:21:53.016206,5,0.9722795047496696,-0.056536903312692344,-2.3353053733528806,719.0,221.0,3.0,709779.0,1.0,1410460.0,58293.0
2025-12-17T18:21:53.514804,0,0.949914888609461,-0.08572411525211956,-2.4301216400941903,747.0,246.0,3.0,446881.0,1.0,1017806.0,54997.0
2025-12-17T18:21:53.611005,1,0.9418657663752265,-0.09270717875724942,-2.4626409197154424,799.0,296.0,3.0,597255.0,1.0,1177252.0,51589.0
2025-12-17T18:21:53.714795,2,0.9328961935541437,-0.09911058343850893,-2.485303576548836,784.0,280.0,3.0,654848.0,1.0,835830.0,48787.0
2025-12-17T18:21:53.812391,3,0.9240118862142807,-0.10673296467945069,-2.5083664149514155,743.0,243.0,3.0,832161.0,1.0,843789.0,55146.0
2025-12-17T18:21:53.913216,4,0.9145707459852952,-0.11435994565971538,-2.526403164515429,737.0,237.0,3.0,950547.0,1.0,1270833.0,65469.0
2025-12-17T18:21:54.015532,5,0.9052433095284038,-0.12053664681201802,-2.5508815679237844,691.0,199.0,2.0,723850.0,1.0,1392436.0,59812.0
2025-12-17T18:21:54.513552,1,0.8650334280449921,-0.16600297592895857,-2.596775250529097,783.0,280.0,3.0,602738.0,1.0,1167333.0,52363.0
2025-12-17T18:21:54.614775,2,0.8550547870865199,-0.17198538912285974,-2.5985019781818375,764.0,262.0,3.0,641032.0,1.0,857028.0,49687.0
2025-12-17T18:21:54.714682,3,0.8446997275202272,-0.17823959910856849,-2.5979831691474633,716.0,219.0,2.0,858189.0,1.0,874906.0,56583.0
2025-12-17T18:21:54.814814,4,0.8347850288091164,-0.18462511356275405,-2.5977315328991506,723.0,225.0,3.0,939989.0,1.0,1278599.0,66294.0
2025-12-17T18:21:54.917726,5,0.8245382330839371,-0.19026937037489053,-2.5967341469253995,688.0,196.0,2.0,706663.0,1.0,1396684.0,59995.0
2025-12-17T18:21:55.513852,0,0.7642039003522673,-0.25110346050266064,-2.585799028758332,721.0,223.0,3.0,453585.0,1.0,1041502.0,56353.0
2025-12-17T18:21:55.613545,1,0.7548214007947652,-0.2567065644904483,-2.5857965030579777,751.0,249.0,3.0,600295.0,1.0,1209972.0,54001.0
2025-12-17T18:21:55.709542,2,0.7447217710893965,-0.26331580161881174,-2.5853006150054645,748.0,247.0,3.0,657290.0,1.0,857319.0,50449.0
2025-12-17T18:21:55.812724,3,0.7344683875276683,-0.2700883356196305,-2.5855502064946303,700.0,206.0,2.0,831879.0,1.0,871065.0,57432.0
2025-12-17T18:21:55.917262,4,0.7241077939806062,-0.27589918921359824,-2.5872829431640434,704.0,209.0,2.0,955384.0,1.0,1307481.0,67494.0
2025-12-17T18:21:56.015739,5,0.7144339196866836,-0.28204666915738913,-2.5900014833508136,675.0,186.0,2.0,731980.0,1.0,1401419.0,60730.0
2025-12-17T18:21:56.515025,0,0.665546926298248,-0.3106880339558338,-2.5888053441730308,693.0,200.0,2.0,458214.0,1.0,1027149.0,57841.0
2025-12-17T18:21:56.613029,1,0.6551001146654213,-0.3161779572813964,-2.589054129776745,730.0,231.0,3.0,603759.0,1.0,1210382.0,55071.0
2025-12-17T18:21:56.716961,2,0.6458673809242829,-0.32299261954444236,-2.590041401883028,707.0,211.0,2.0,652414.0,1.0,866948.0,52452.0
2025-12-17T18:21:56.810365,3,0.6357832922511958,-0.32836429687409097,-2.5893099151366834,692.0,199.0,2.0,868710.0,1.0,890440.0,57861.0
2025-12-17T18:21:56.917499,4,0.6257424469257306,-0.33483532692796714,-2.589576443520043,699.0,204.0,2.0,958623.0,1.0,1333401.0,67860.0
2025-12-17T18:21:57.013471,5,0.6160841051563728,-0.3405645405198933,-2.587117069926399,671.0,183.0,2.0,726304.0,1.0,1413327.0,60957.0
2025-12-17T18:21:57.518851,0,0.592478238509387,-0.37458196537868443,-2.477503495882761,666.0,179.0,2.0,463204.0,1.0,1039741.0,59368.0
2025-12-17T18:21:57.613331,1,0.5872537157513589,-0.3789371649697505,-2.46405906992638,716.0,219.0,2.0,615103.0,1.0,1219428.0,55784.0
2025-12-17T18:21:57.713779,2,0.5786270875267914,-0.38575155919454496,-2.439442671261009,724.0,225.0,3.0,663773.0,1.0,859352.0,51624.0
2025-12-17T18:21:57.813963,3,0.5690283754782668,-0.3929706198390085,-2.419664007691096,674.0,185.0,2.0,864311.0,1.0,886831.0,58868.0
2025-12-17T18:21:57.917318,4,0.5607871656806992,-0.400520370560011,-2.396199221071187,708.0,212.0,2.0,967424.0,1.0,1324854.0,67243.0
2025-12-17T18:21:58.013355,5,0.5535457459314534,-0.40796583542521275,-2.3714704574903482,670.0,182.0,2.0,726058.0,1.0,1411892.0,61039.0
2025-12-17T18:21:58.513915,0,0.5171845260902004,-0.45247083403673494,-2.262670746345499,647.0,164.0,2.0,464460.0,1.0,1047157.0,60443.0
2025-12-17T18:21:58.614181,1,0.5107112236129827,-0.4623245912103483,-2.245345924176342,692.0,199.0,2.0,631557.0,1.0,1219428.0,57083.0
2025-12-17T18:21:58.713539,3,0.5037537986626062,-0.4710736467799528,-2.2223569880495693,669.0,181.0,2.0,883536.0,1.0,896488.0,59128.0
2025-12-17T18:21:58.812209,5,0.49578309437650164,-0.47929779234739167,-2.1914997513153986,668.0,181.0,2.0,742208.0,1.0,1445252.0,61122.0
2025-12-17T18:21:59.517504,0,0.4624291161364944,-0.5484657456960319,-2.025262532086515,646.0,164.0,2.0,468882.0,1.0,1069001.0,60484.0
2025-12-17T18:21:59.615186,1,0.4589672679980741,-0.5578860604722162,-1.9995624055008858,681.0,190.0,2.0,627934.0,1.0,1264826.0,57665.0
2025-12-17T18:21:59.716030,2,0.4551008315497975,-0.567294906925295,-1.9704119602177956,709.0,213.0,2.0,677390.0,1.0,870476.0,52327.0
2025-12-17T18:21:59.814629,3,0.4495044240078412,-0.577939989537202,-1.9503349686180331,640.0,160.0,2.0,895578.0,1.0,909015.0,60771.0
2025-12-17T18:21:59.913681,4,0.44551839369330515,-0.5909730785165477,-1.9278648403453276,710.0,214.0,2.0,978952.0,1.0,1323957.0,67152.0
2025-12-17T18:22:00.015122,5,0.4478758039279461,-0.6146470659229002,-1.8927184998288367,674.0,185.0,2.0,739200.0,1.0,1424371.0,60812.0
2025-12-17T18:22:00.516933,0,0.4324471871282022,-0.670208639489857,-1.777831147042031,623.0,147.0,2.0,471269.0,1.0,1063587.0,61829.0
2025-12-17T18:22:00.612492,1,0.4293991274238797,-0.6811511039749149,-1.7608321668946043,654.0,170.0,2.0,636708.0,1.0,1268255.0,59148.0
2025-12-17T18:22:00.710441,2,0.4269056246279013,-0.6929533186066528,-1.7425830707003578,696.0,202.0,2.0,673960.0,1.0,875499.0,53005.0
2025-12-17T18:22:00.814405,4,0.4280941408182518,-0.7049139236856093,-1.713305462108016,686.0,195.0,2.0,965788.0,1.0,1320377.0,68646.0
2025-12-17T18:22:01.516586,0,0.4261215577965243,-0.7719064015243542,-1.5630813303398292,602.0,133.0,2.0,478015.0,1.0,1082105.0,63076.0
2025-12-17T18:22:01.613235,1,0.4265482444167946,-0.7844335486764543,-1.5420355802398331,641.0,160.0,2.0,635416.0,1.0,1263542.0,59913.0
2025-12-17T18:22:01.712516,2,0.42723369837008396,-0.7966608317639525,-1.5190283425112543,689.0,197.0,2.0,667603.0,1.0,875499.0,53329.0
2025-12-17T18:22:01.813600,3,0.42746883184731865,-0.808100073486169,-1.4990725958439897,654.0,170.0,2.0,860808.0,1.0,919536.0,59974.0
2025-12-17T18:22:01.916796,4,0.429017097901086,-0.8174685517688768,-1.4823777138087189,687.0,195.0,2.0,977958.0,1.0,1338374.0,68576.0
2025-12-17T18:22:02.016569,5,0.4309509480913859,-0.8309296195611305,-1.4733731056506965,644.0,162.0,2.0,729260.0,1.0,1446721.0,62566.0
2025-12-17T18:22:02.515099,0,0.4357299445155184,-0.8849204147299656,-1.4711956496368133,594.0,128.0,2.0,482567.0,1.0,1101691.0,63526.0
2025-12-17T18:22:02.616578,2,0.4372743981225362,-0.9007768658884312,-1.4704614212383014,682.0,191.0,2.0,677620.0,1.0,887732.0,53709.0
2025-12-17T18:22:02.715106,3,0.4381429136038708,-0.9084653589625414,-1.4734492725940562,642.0,161.0,2.0,875795.0,1.0,951834.0,60668.0
2025-12-17T18:22:02.815045,4,0.438994053588438,-0.9234184570434255,-1.470238105795597,674.0,185.0,2.0,980942.0,1.0,1338827.0,69440.0
2025-12-17T18:22:02.915839,5,0.4422472356392307,-0.9313023337931824,-1.4682139315111158,657.0,172.0,2.0,734959.0,1.0,1447700.0,61767.0
2025-12-17T18:22:03.514167,0,0.4550648275133103,-0.9994415781234242,-1.4059323585882286,586.0,123.0,2.0,485023.0,1.0,1097226.0,64023.0
2025-12-17T18:22:03.612145,1,0.458058705195405,-1.0111619532184835,-1.3837354926614176,633.0,154.0,2.0,649110.0,1.0,1282065.0,60361.0
2025-12-17T18:22:03.718145,2,0.4599489979028998,-1.0219798973836622,-1.361276971341198,669.0,181.0,2.0,682684.0,1.0,882042.0,54367.0
2025-12-17T18:22:03.813602,3,0.4627401017442684,-1.0331128201449804,-1.340246929409016,639.0,159.0,2.0,891948.0,1.0,947655.0,60833.0
2025-12-17T18:22:03.915793,4,0.4657516588140278,-1.0439784654431685,-1.3223828408666594,677.0,187.0,2.0,954415.0,1.0,1361216.0,69276.0
2025-12-17T18:22:04.014917,5,0.46876134035175404,-1.0550757319566646,-1.297206472775246,644.0,163.0,2.0,732228.0,1.0,1445742.0,62524.0
2025-12-17T18:22:04.517477,0,0.48794495188823095,-1.1112058927376982,-1.1770522764853022,603.0,134.0,2.0,481262.0,1.0,1106175.0,63012.0
2025-12-17T18:22:04.617038,1,0.4927874455919242,-1.121889062167889,-1.1552626791894924,626.0,149.0,2.0,639516.0,1.0,1289463.0,60771.0
2025-12-17T18:22:04.712014,2,0.49632049075645684,-1.1279842660656467,-1.1464113408805776,675.0,186.0,2.0,676703.0,1.0,882938.0,54037.0
2025-12-17T18:22:04.815127,3,0.5020906473133407,-1.142204629628841,-1.1399475908808803,602.0,133.0,2.0,881147.0,1.0,958623.0,63034.0
2025-12-17T18:22:04.911181,4,0.5055527461078861,-1.1491795819927508,-1.1421809242149206,659.0,174.0,2.0,987270.0,1.0,1351575.0,70434.0
2025-12-17T18:22:05.011979,5,0.5104788607686241,-1.1596279767821118,-1.1424208308948625,627.0,150.0,2.0,748515.0,1.0,1451134.0,63548.0
2025-12-17T18:22:05.518333,0,0.534294991309392,-1.1799115360021664,-1.1473999472623637,570.0,113.0,2.0,478177.0,1.0,1109549.0,65005.0
2025-12-17T18:22:05.613537,1,0.5370272649689859,-1.1867668605604471,-1.1436934366279512,626.0,149.0,2.0,649330.0,1.0,1288591.0,60771.0
2025-12-17T18:22:05.710326,2,0.5416705498784373,-1.1969888906060613,-1.1316416395197941,643.0,162.0,2.0,685926.0,1.0,904412.0,55709.0
2025-12-17T18:22:05.814641,3,0.5471364624226568,-1.207217387787289,-1.114613840510697,606.0,136.0,2.0,905637.0,1.0,952801.0,62799.0
2025-12-17T18:22:05.915550,4,0.5520282714324742,-1.21751621996367,-1.0915718076556975,643.0,162.0,2.0,975644.0,1.0,1395266.0,71491.0
2025-12-17T18:22:06.013894,5,0.5580291888938647,-1.2276621250758721,-1.070853453956068,623.0,147.0,2.0,730742.0,1.0,1461980.0,63828.0
2025-12-17T18:22:06.516637,0,0.5852023902868414,-1.2753341445336004,-0.9605893999136156,572.0,114.0,2.0,486174.0,1.0,1092779.0,64917.0
2025-12-17T18:22:06.612082,1,0.5932299060776777,-1.2848553526476554,-0.9382907661712392,609.0,138.0,2.0,653298.0,1.0,1321719.0,61725.0
2025-12-17T18:22:06.715161,2,0.6004452165459805,-1.2942532070443302,-0.9088613986436963,658.0,172.0,2.0,689418.0,1.0,898615.0,54941.0
2025-12-17T18:22:06.810084,3,0.6069820938964997,-1.302989730004279,-0.8911388082716458,617.0,143.0,2.0,876981.0,1.0,956031.0,62165.0
2025-12-17T18:22:06.919820,4,0.6149185650027591,-1.3114240586917532,-0.8745875042193705,645.0,163.0,2.0,1006160.0,1.0,1379302.0,71394.0
2025-12-17T18:22:07.011051,5,0.6230122305157253,-1.3168953028271253,-0.8534375616622647,640.0,160.0,2.0,740452.0,1.0,1463465.0,62757.0
2025-12-17T18:22:07.515806,0,0.6643410504844683,-1.3368587337007425,-0.8060065107891042,566.0,110.0,2.0,484859.0,1.0,1143480.0,65292.0
2025-12-17T18:22:07.614313,1,0.672380479026873,-1.3449744088395563,-0.804012065664113,598.0,130.0,2.0,632627.0,1.0,1320824.0,62397.0
2025-12-17T18:22:07.713273,2,0.6807061743288366,-1.3539372235375484,-0.8017848067104141,651.0,167.0,2.0,676932.0,1.0,913023.0,55295.0
2025-12-17T18:22:07.812111,3,0.689023762012507,-1.3619915185551505,-0.8012928001354129,607.0,137.0,2.0,915189.0,1.0,986936.0,62715.0
2025-12-17T18:22:07.913179,4,0.697412881520225,-1.370633207488149,-0.7997989094307988,641.0,160.0,2.0,1008206.0,1.0,1419559.0,71685.0
2025-12-17T18:22:08.014651,5,0.7061654509955928,-1.3790403102055169,-0.8030206561949704,619.0,144.0,2.0,742962.0,1.0,1465447.0,64066.0
2025-12-17T18:22:08.512370,0,0.7612268188909905,-1.3989169036292277,-0.7495009306175748,570.0,112.0,2.0,482077.0,1.0,1124292.0,65049.0
2025-12-17T18:22:08.613175,1,0.7695675256247099,-1.4067464116346795,-0.7512280057853549,603.0,134.0,2.0,649990.0,1.0,1319037.0,62081.0
2025-12-17T18:22:08.715383,2,0.7789897911155951,-1.4144443500966843,-0.7524637489477144,627.0,150.0,2.0,695746.0,1.0,912097.0,56583.0
2025-12-17T18:22:08.812650,3,0.7871190343487574,-1.4221087741738012,-0.7497464623162269,593.0,127.0,2.0,898615.0,1.0,980942.0,63591.0
2025-12-17T18:22:08.914257,4,0.7961637969096719,-1.429995269397912,-0.7467788347282892,624.0,148.0,2.0,1011966.0,1.0,1421482.0,72810.0
2025-12-17T18:22:09.015651,5,0.8049667193690812,-1.4375690405302937,-0.7485061820457646,601.0,132.0,2.0,737201.0,1.0,1480403.0,65160.0
2025-12-17T18:22:09.518326,0,0.8508963979731025,-1.4801708305248122,-0.7512137479712027,584.0,121.0,2.0,482240.0,1.0,1129632.0,64196.0
2025-12-17T18:22:09.613303,1,0.8565818486390886,-1.485485119332569,-0.7522033160807372,600.0,132.0,2.0,645386.0,1.0,1333852.0,62291.0
2025-12-17T18:22:09.716414,2,0.8651111477328243,-1.492888351050203,-0.7524683188007522,625.0,149.0,2.0,685230.0,1.0,918913.0,56659.0
2025-12-17T18:22:09.816705,3,0.8758991956274643,-1.5039918025799408,-0.7494919142331151,591.0,126.0,2.0,899832.0,1.0,1002082.0,63699.0
2025-12-17T18:22:09.913689,4,0.8817713896866447,-1.5087365407503404,-0.7452960136487391,611.0,139.0,2.0,1034826.0,1.0,1411415.0,73727.0
2025-12-17T18:22:10.018430,5,0.8924833216624304,-1.5194275659172622,-0.7222675078675059,615.0,142.0,2.0,761805.0,1.0,1483412.0,64283.0
2025-12-17T18:22:10.516578,0,0.9375680032165077,-1.5454615262396987,-0.6087855372416692,578.0,118.0,2.0,483875.0,1.0,1146580.0,64545.0
2025-12-17T18:22:10.610860,1,0.9556410010948012,-1.533847498580824,-0.5562353993997811,620.0,145.0,2.0,659742.0,1.0,1344276.0,61101.0
2025-12-17T18:22:10.709652,2,0.9654073338756896,-1.538861466888017,-0.5298907259729845,632.0,154.0,2.0,677390.0,1.0,918292.0,56315.0
2025-12-17T18:22:10.815831,3,0.9783514415170855,-1.5471950618381451,-0.49712178908663157,578.0,118.0,2.0,908707.0,1.0,996670.0,64501.0
2025-12-17T18:22:10.915537,4,0.9845573497797896,-1.5514517373583905,-0.48350956211711815,619.0,145.0,2.0,1003780.0,1.0,1421482.0,73156.0
2025-12-17T18:22:11.010009,5,0.9948062855692082,-1.5571667890230394,-0.4597302917567503,599.0,131.0,2.0,771666.0,1.0,1514356.0,65270.0
2025-12-17T18:22:11.517688,0,1.0507659860552925,-1.5799658499093732,-0.337532851005934,584.0,121.0,2.0,480123.0,1.0,1129250.0,64196.0
2025-12-17T18:22:11.613431,1,1.0570521098257524,-1.5829906340979947,-0.3196594752699587,608.0,137.0,2.0,635631.0,1.0,1332499.0,61829.0
2025-12-17T18:22:11.716909,2,1.0672489349576149,-1.587639253617336,-0.29853698243632354,634.0,155.0,2.0,708339.0,1.0,933332.0,56182.0
2025-12-17T18:22:11.809069,3,1.087483944262985,-1.584887134389091,-0.27137517231149505,617.0,144.0,2.0,892855.0,1.0,1001065.0,62123.0
2025-12-17T18:22:11.912241,4,1.1141439602445147,-1.5767412953491906,-0.2384944347474612,621.0,146.0,2.0,1021602.0,1.0,1430652.0,73032.0
2025-12-17T18:22:12.012771,5,1.124971849655603,-1.5792769974600067,-0.21431554491071345,609.0,138.0,2.0,745228.0,1.0,1495510.0,64632.0
2025-12-17T18:22:12.514208,0,1.182993211555223,-1.5882751860193278,-0.10467520724922913,581.0,120.0,2.0,482240.0,1.0,1138460.0,64349.0
2025-12-17T18:22:12.610381,1,1.1946201423186082,-1.5888800603668713,-0.08222487330487298,633.0,155.0,2.0,643859.0,1.0,1319037.0,60341.0
2025-12-17T18:22:12.711743,2,1.2076341612342634,-1.582549881945944,-0.051152317441329156,650.0,167.0,2.0,681068.0,1.0,922653.0,55351.0
2025-12-17T18:22:12.811725,3,1.2218008633569866,-1.569651291417629,-0.015787525146108303,627.0,151.0,2.0,897095.0,1.0,1011624.0,61537.0
2025-12-17T18:22:12.911467,4,1.2336857292306462,-1.570519249333016,0.0024835852501172936,599.0,131.0,2.0,1012994.0,1.0,1437447.0,74581.0
2025-12-17T18:22:13.014656,5,1.2488390782297094,-1.5697076933265215,0.03038579253964622,583.0,121.0,2.0,752579.0,1.0,1530328.0,66249.0
2025-12-17T18:22:13.513916,1,1.3024878835000053,-1.5646274190358573,0.12532269314811043,650.0,167.0,2.0,641901.0,1.0,1335207.0,59368.0
2025-12-17T18:22:13.610770,2,1.3211077069261747,-1.565217433076684,0.1496739128524622,653.0,169.0,2.0,666249.0,1.0,914570.0,55183.0
2025-12-17T18:22:13.713987,3,1.3468050603932877,-1.5664901043976496,0.16892526271103206,621.0,146.0,2.0,898919.0,1.0,1001404.0,61892.0
2025-12-17T18:22:13.814848,4,1.361660675596709,-1.5630613508546702,0.19825844432557288,626.0,150.0,2.0,1011966.0,1.0,1449171.0,72687.0
2025-12-17T18:22:13.911147,5,1.3686197467166121,-1.5615400711874323,0.21354997999167513,588.0,124.0,2.0,746238.0,1.0,1512819.0,65936.0
2025-12-17T18:22:14.515029,0,1.4339858701618187,-1.5417206960688796,0.34978249756162233,578.0,118.0,2.0,485023.0,1.0,1135381.0,64545.0
2025-12-17T18:22:14.616640,1,1.451784801815813,-1.5345936401604419,0.3827893731912488,637.0,157.0,2.0,628784.0,1.0,1330696.0,60137.0
2025-12-17T18:22:14.713113,2,1.466174353427216,-1.5300939232078958,0.3990743800687671,666.0,179.0,2.0,697633.0,1.0,901661.0,54515.0
2025-12-17T18:22:14.810736,3,1.4778264886354169,-1.526217632345864,0.41878954173064364,626.0,150.0,2.0,901356.0,1.0,999711.0,61600.0
2025-12-17T18:22:14.916360,4,1.4883533862927731,-1.5216967892246314,0.44323293722016793,620.0,145.0,2.0,1020220.0,1.0,1419559.0,73106.0
2025-12-17T18:22:15.011612,5,1.4978236149611321,-1.516577819029488,0.46696319633282296,592.0,127.0,2.0,770622.0,1.0,1508218.0,65691.0
2025-12-17T18:22:15.512184,0,1.545952519205781,-1.4878659576308828,0.5854917211713658,594.0,128.0,2.0,475112.0,1.0,1146968.0,63591.0
2025-12-17T18:22:15.610594,1,1.5805599015175231,-1.4714929284714906,0.628456803057114,647.0,165.0,2.0,638218.0,1.0,1315471.0,59550.0
2025-12-17T18:22:15.708708,2,1.5934547136813704,-1.4635638372867608,0.6494611872935135,673.0,184.0,2.0,669867.0,1.0,917360.0,54165.0
2025-12-17T18:22:15.814437,3,1.6022751960791435,-1.4559342847200747,0.6707723296731224,646.0,164.0,2.0,914260.0,1.0,1007524.0,60484.0
2025-12-17T18:22:15.913665,4,1.6113674828947764,-1.4486136789805508,0.6911372776659861,620.0,145.0,2.0,1015397.0,1.0,1438908.0,73131.0
2025-12-17T18:22:16.015072,5,1.6206060149135406,-1.441488529250607,0.7103577377395285,581.0,120.0,2.0,742710.0,1.0,1549088.0,66406.0
2025-12-17T18:22:16.519542,0,1.7052373844785393,-1.3830522325291674,0.8380563335325841,587.0,123.0,2.0,475434.0,1.0,1135381.0,64001.0
2025-12-17T18:22:16.615696,1,1.7120018288225816,-1.3752219903144036,0.8434558114009484,665.0,178.0,2.0,637355.0,1.0,1341549.0,58570.0
2025-12-17T18:22:16.715287,2,1.7173041726815506,-1.3701284838486691,0.842958628991928,670.0,182.0,2.0,682684.0,1.0,923278.0,54294.0
2025-12-17T18:22:16.811255,3,1.7278304578111856,-1.358960320054827,0.8441974357867653,637.0,157.0,2.0,871950.0,1.0,998021.0,60977.0
2025-12-17T18:22:16.919377,4,1.7328885612729443,-1.352911920397328,0.8439496255037338,627.0,150.0,2.0,1027149.0,1.0,1454576.0,72613.0
2025-12-17T18:22:17.013944,5,1.7411665128886527,-1.3446492397786711,0.8461624692256424,586.0,122.0,2.0,755642.0,1.0,1540201.0,66115.0
2025-12-17T18:22:17.517225,0,1.793920379606016,-1.2947492848706792,0.9415529374033925,599.0,131.0,2.0,476400.0,1.0,1127340.0,63269.0
2025-12-17T18:22:17.611224,1,1.814400114418617,-1.281603350078718,0.9658402221830922,679.0,189.0,2.0,627509.0,1.0,1330246.0,57763.0
2025-12-17T18:22:17.712000,2,1.8212779398807786,-1.2723400630048651,0.988121324435893,657.0,172.0,2.0,679227.0,1.0,929234.0,54978.0
2025-12-17T18:22:17.813182,3,1.8267062532187293,-1.2629157339639463,1.0113825976700759,643.0,162.0,2.0,903494.0,1.0,1008888.0,60607.0
2025-12-17T18:22:17.915599,4,1.8311628585534796,-1.2536693196455115,1.0371537743317472,618.0,144.0,2.0,1034476.0,1.0,1468426.0,73230.0
2025-12-17T18:22:18.017567,5,1.839431653688784,-1.2414375493220615,1.0705656497382199,592.0,127.0,2.0,754875.0,1.0,1555392.0,65691.0
2025-12-17T18:22:18.513864,0,1.8628368672096969,-1.195169370894188,1.1666956302217057,574.0,115.0,2.0,484367.0,1.0,1146580.0,64764.0
2025-12-17T18:22:18.611882,1,1.8674738513944529,-1.184087365832745,1.1884902316673365,663.0,177.0,2.0,648671.0,1.0,1327098.0,58650.0
2025-12-17T18:22:18.713059,3,1.8703372975162844,-1.1733006781075184,1.2139725615756316,629.0,152.0,2.0,909323.0,1.0,1016773.0,61433.0
2025-12-17T18:22:18.813694,4,1.8746845791647695,-1.1635355620364696,1.2431390320450613,602.0,133.0,2.0,1036578.0,1.0,1443786.0,74354.0
2025-12-17T18:22:18.916308,5,1.8865717592555347,-1.1481808884377878,1.2757869864089066,594.0,128.0,2.0,739450.0,1.0,1527224.0,65558.0
2025-12-17T18:22:19.518361,0,1.9138176533880202,-1.0663090554432637,1.3286866023431834,579.0,118.0,2.0,482894.0,1.0,1145804.0,64458.0
2025-12-17T18:22:19.614084,1,1.9152661955807793,-1.0586509638353694,1.3294317559578597,654.0,170.0,2.0,643423.0,1.0,1340187.0,59148.0
2025-12-17T18:22:19.712592,2,1.9182894117443374,-1.047826189300038,1.3442608195827503,653.0,169.0,2.0,664672.0,1.0,934596.0,55202.0
2025-12-17T18:22:19.811934,3,1.9136745382372826,-1.0390414407186173,1.3709404808820516,636.0,157.0,2.0,923590.0,1.0,1009230.0,61019.0
2025-12-17T18:22:19.913790,4,1.904472460126216,-1.0303048404763469,1.3979587214783704,590.0,126.0,2.0,1051418.0,1.0,1466440.0,75189.0
2025-12-17T18:22:20.012954,5,1.9062817829760064,-1.0190247837035828,1.4127615262668,601.0,132.0,2.0,776644.0,1.0,1552237.0,65160.0
2025-12-17T18:22:20.515450,0,1.9159970373082267,-0.9633988220971852,1.4228874821304198,594.0,128.0,2.0,475756.0,1.0,1143867.0,63569.0
2025-12-17T18:22:20.612294,1,1.919182676809933,-0.9525629483824417,1.4270914025625423,652.0,168.0,2.0,636708.0,1.0,1338374.0,59268.0
2025-12-17T18:22:20.710400,2,1.920885858368653,-0.9411685360687833,1.4253662773224218,657.0,172.0,2.0,688019.0,1.0,939671.0,54997.0
2025-12-17T18:22:20.812149,3,1.92276517054069,-0.9294501406012008,1.4246168622589206,640.0,159.0,2.0,901966.0,1.0,1004459.0,60833.0
2025-12-17T18:22:20.914996,4,1.9241705644455367,-0.9174659838489275,1.4273291785653819,579.0,118.0,2.0,1057485.0,1.0,1500073.0,76033.0
2025-12-17T18:22:21.014730,5,1.9270621830557457,-0.9026341945203099,1.4246089038235277,576.0,116.0,2.0,759231.0,1.0,1572330.0,66744.0
2025-12-17T18:22:21.518589,0,1.9342796501789663,-0.848932976362567,1.4532938602934846,579.0,118.0,2.0,476884.0,1.0,1150467.0,64501.0
2025-12-17T18:22:21.614106,2,1.9352174318687356,-0.8376343108308306,1.469796463436955,639.0,159.0,2.0,690118.0,1.0,948618.0,55935.0
2025-12-17T18:22:21.716153,3,1.936350130297135,-0.8256483459416024,1.4886620885439485,638.0,158.0,2.0,883237.0,1.0,999373.0,60915.0
2025-12-17T18:22:21.815205,4,1.93721618441152,-0.8102679328960971,1.496336954601215,591.0,126.0,2.0,1064668.0,1.0,1506178.0,75138.0
2025-12-17T18:22:21.916939,5,1.9379013531934233,-0.8028776327569087,1.50155906179499,580.0,119.0,2.0,773234.0,1.0,1555392.0,66496.0
2025-12-17T18:22:22.513385,0,1.941769236463063,-0.7339570185955225,1.5012989549085722,597.0,130.0,2.0,474951.0,1.0,1138845.0,63376.0
2025-12-17T18:22:22.616362,1,1.9427341271704481,-0.7187476978661471,1.5022885154512438,664.0,177.0,2.0,657735.0,1.0,1327098.0,58610.0
2025-12-17T18:22:22.715036,2,1.9432931347881166,-0.7112842787751428,1.5015473254403398,622.0,147.0,2.0,706902.0,1.0,934596.0,56813.0
2025-12-17T18:22:22.812057,3,1.929451243454132,-0.7142324894687392,1.5099095077693536,616.0,143.0,2.0,912405.0,1.0,1024025.0,62186.0
2025-12-17T18:22:22.918311,4,1.9248150026093445,-0.7057053046484834,1.516777956573372,575.0,116.0,2.0,1053556.0,1.0,1488945.0,76317.0
2025-12-17T18:22:23.011431,5,1.9249164401840726,-0.6976905100424005,1.5155494575792592,581.0,119.0,2.0,761032.0,1.0,1552237.0,66429.0
2025-12-17T18:22:23.511148,0,1.9273503883574536,-0.6398769664884103,1.5128361858151973,585.0,122.0,2.0,478501.0,1.0,1152806.0,64088.0
2025-12-17T18:22:23.613050,1,1.9282327169497693,-0.6287059497708779,1.5135588872092216,677.0,187.0,2.0,639516.0,1.0,1333852.0,57880.0
2025-12-17T18:22:23.713332,2,1.9288469684072487,-0.6172798576431977,1.5118135363641334,606.0,136.0,2.0,709059.0,1.0,969062.0,57724.0
2025-12-17T18:22:23.813548,4,1.929197805275885,-0.6056775523139999,1.5115743139728282,544.0,97.0,2.0,1064668.0,1.0,1512819.0,78624.0
2025-12-17T18:22:24.514803,0,1.934764210582609,-0.525754355714363,1.5080996939555322,590.0,126.0,2.0,478015.0,1.0,1148133.0,63785.0
2025-12-17T18:22:24.613676,1,1.9364873399972224,-0.5142526012143414,1.5073552835392614,653.0,169.0,2.0,651091.0,1.0,1337469.0,59248.0
2025-12-17T18:22:24.713017,2,1.9365323226982334,-0.502859641506464,1.5088507777762583,591.0,126.0,2.0,707142.0,1.0,970047.0,58531.0
2025-12-17T18:22:24.812110,3,1.9372046767153508,-0.4913326022566166,1.5085988537381916,597.0,130.0,2.0,918292.0,1.0,1027149.0,63376.0
2025-12-17T18:22:24.912131,4,1.9379666787874983,-0.47987701505984937,1.507361411443387,571.0,113.0,2.0,1095371.0,1.0,1522064.0,76602.0
2025-12-17T18:22:25.013343,5,1.9384341795451183,-0.4688749558064617,1.5071137495852167,598.0,131.0,2.0,758974.0,1.0,1554340.0,65336.0
2025-12-17T18:22:25.517230,0,1.914373375051053,-0.4175472736056951,1.5541462688882455,579.0,118.0,2.0,480774.0,1.0,1172480.0,64501.0
2025-12-17T18:22:25.613773,1,1.8956871805130269,-0.41131735074918124,1.5787007746097748,667.0,179.0,2.0,642553.0,1.0,1352490.0,58451.0
2025-12-17T18:22:25.710918,2,1.8943175589954993,-0.399788289196526,1.578451391888221,567.0,111.0,2.0,717994.0,1.0,969718.0,59893.0
2025-12-17T18:22:25.812385,3,1.8949361770462363,-0.3882620204923435,1.5786996058903582,593.0,128.0,2.0,907478.0,1.0,1053556.0,63569.0
2025-12-17T18:22:25.912930,4,1.894518620198989,-0.377091667404386,1.5764765308853488,538.0,93.0,2.0,1086877.0,1.0,1548564.0,79051.0
2025-12-17T18:22:26.014705,5,1.8948288145210965,-0.36605807504656873,1.577468758445485,586.0,122.0,2.0,790433.0,1.0,1568609.0,66115.0
2025-12-17T18:22:26.514766,0,1.8948035745808491,-0.30868432668627094,1.5812158643718848,559.0,106.0,2.0,492467.0,1.0,1170102.0,65713.0
2025-12-17T18:22:26.612972,1,1.8952078331060174,-0.2972860081680547,1.5804738358054213,643.0,162.0,2.0,643859.0,1.0,1330696.0,59792.0
2025-12-17T18:22:26.714438,2,1.8954613474455293,-0.28591691306700984,1.5748038518398668,574.0,115.0,2.0,697633.0,1.0,980942.0,59529.0
2025-12-17T18:22:26.810364,3,1.896452158477163,-0.27465562560978585,1.5772624769542736,588.0,124.0,2.0,926722.0,1.0,1056055.0,63893.0
2025-12-17T18:22:26.917247,4,1.8959236989930857,-0.26222309717549014,1.5799944874889533,570.0,113.0,2.0,1061071.0,1.0,1539680.0,76679.0
2025-12-17T18:22:27.014882,5,1.895965737404974,-0.2504186831985498,1.580731244181634,571.0,113.0,2.0,765164.0,1.0,1588913.0,67016.0
2025-12-17T18:22:27.515291,0,1.8954006031552753,-0.1887744409608551,1.5792899867766619,575.0,116.0,2.0,490637.0,1.0,1161422.0,64742.0
2025-12-17T18:22:27.616603,1,1.8948781548279356,-0.1772730200212453,1.5770613579452415,641.0,160.0,2.0,659742.0,1.0,1372318.0,59893.0
2025-12-17T18:22:27.717906,2,1.895648608910426,-0.16999285335305547,1.5738618137915406,576.0,116.0,2.0,713633.0,1.0,981274.0,59409.0
2025-12-17T18:22:27.816074,3,1.8952712364618314,-0.15435040321445886,1.5726212233059984,588.0,124.0,2.0,917981.0,1.0,1051774.0,63871.0
2025-12-17T18:22:27.916252,4,1.8948008284478182,-0.1425216575033056,1.5792757607017456,570.0,112.0,2.0,1070449.0,1.0,1564367.0,76705.0
2025-12-17T18:22:28.015599,5,1.894918081239702,-0.1348849327820526,1.5812656750918428,574.0,115.0,2.0,791772.0,1.0,1552237.0,66880.0
2025-12-17T18:22:28.513945,0,1.8534401027234944,-0.08729906337272547,1.6168186167947762,560.0,107.0,2.0,487822.0,1.0,1186853.0,65646.0
2025-12-17T18:22:28.613510,1,1.8526202894916741,-0.07546430502798901,1.6133733793002156,612.0,140.0,2.0,647794.0,1.0,1361216.0,61558.0
2025-12-17T18:22:28.714938,2,1.852265568945876,-0.0638731544384995,1.615591531055401,568.0,111.0,2.0,720916.0,1.0,993303.0,59873.0
2025-12-17T18:22:28.812973,3,1.8515941705928807,-0.05219931837958386,1.6143559026664112,583.0,121.0,2.0,927663.0,1.0,1088718.0,64196.0
2025-12-17T18:22:28.916869,4,1.8511593192050362,-0.0409422875604778,1.614614687982446,574.0,115.0,2.0,1074442.0,1.0,1537076.0,76420.0
2025-12-17T18:22:29.012041,5,1.8506943212238154,-0.029699824021380272,1.61731566514332,566.0,110.0,2.0,781125.0,1.0,1565427.0,67357.0
2025-12-17T18:22:29.516789,0,1.848098477650311,0.027241405110661088,1.6202705685842869,552.0,102.0,2.0,492967.0,1.0,1188864.0,66160.0
2025-12-17T18:22:29.611531,1,1.846812229099167,0.03896100823462667,1.6175498089906075,603.0,134.0,2.0,666700.0,1.0,1376970.0,62081.0
2025-12-17T18:22:29.712452,2,1.84642424482762,0.05085535745607461,1.6234862284846818,572.0,114.0,2.0,710500.0,1.0,984934.0,59610.0
2025-12-17T18:22:29.811113,3,1.8453485312827567,0.06307631702512373,1.623238838886666,561.0,107.0,2.0,928605.0,1.0,1085039.0,65580.0
2025-12-17T18:22:29.912885,5,1.8447728486463963,0.07410360762733814,1.6242367719846893,568.0,111.0,2.0,754875.0,1.0,1580867.0,67266.0
2025-12-17T18:22:30.512314,0,1.8412301755469664,0.14419074936105358,1.623494526001472,545.0,98.0,2.0,485187.0,1.0,1192490.0,66609.0
2025-12-17T18:22:30.612393,1,1.8401703624227175,0.15566798334016807,1.6220221986757484,607.0,137.0,2.0,657290.0,1.0,1379302.0,61850.0
2025-12-17T18:22:30.710672,2,1.840077629944621,0.1671040281613948,1.625243596697961,578.0,118.0,2.0,719454.0,1.0,997008.0,59288.0
2025-12-17T18:22:30.815017,3,1.8392695379539081,0.1788463924722582,1.6207720609344516,585.0,122.0,2.0,935546.0,1.0,1074805.0,64088.0
2025-12-17T18:22:30.920362,4,1.8084485419515832,0.18979668238278125,1.646393236892781,557.0,105.0,2.0,1083205.0,1.0,1540201.0,77646.0
2025-12-17T18:22:31.016860,5,1.7963179001019969,0.19925116849298052,1.6511341722815491,569.0,112.0,2.0,780861.0,1.0,1605128.0,67152.0
2025-12-17T18:22:31.514398,0,1.790694363108435,0.25265283062180466,1.6503796907152684,526.0,86.0,2.0,494304.0,1.0,1198154.0,67860.0
2025-12-17T18:22:31.613974,1,1.7902002868941456,0.263658323343851,1.6528689847264924,586.0,123.0,2.0,675787.0,1.0,1385853.0,63098.0
2025-12-17T18:22:31.713091,2,1.7888834176085227,0.27556189712671986,1.6546122095655562,560.0,106.0,2.0,698105.0,1.0,999035.0,60341.0
2025-12-17T18:22:31.809715,3,1.7881812330595632,0.28667064501822803,1.6568231759905463,565.0,109.0,2.0,953769.0,1.0,1085039.0,65336.0
2025-12-17T18:22:31.919454,4,1.7864627297111881,0.3037155481267626,1.6560762280227688,579.0,118.0,2.0,1052487.0,1.0,1561194.0,76008.0
2025-12-17T18:22:32.014678,5,1.785362793508582,0.3116017603037733,1.6553365620284308,557.0,105.0,2.0,799852.0,1.0,1635841.0,67929.0
2025-12-17T18:22:32.514389,1,1.7790076535859471,0.3694846679825371,1.659257349969941,596.0,129.0,2.0,668734.0,1.0,1393850.0,62524.0
2025-12-17T18:22:32.611818,2,1.7785673201788066,0.381996451313785,1.658760914998281,579.0,119.0,2.0,718723.0,1.0,995996.0,59208.0
2025-12-17T18:22:32.717214,3,1.7770372248076576,0.39294545017648685,1.6577776048717263,580.0,119.0,2.0,918292.0,1.0,1088718.0,64370.0
2025-12-17T18:22:32.811096,4,1.776976324612897,0.40435743861819584,1.6607364999580134,580.0,119.0,2.0,1071899.0,1.0,1557500.0,75982.0
2025-12-17T18:22:32.914920,5,1.7757976684150976,0.4160215790631032,1.6545319489681831,565.0,109.0,2.0,780068.0,1.0,1608391.0,67448.0
2025-12-17T18:22:33.514957,0,1.7707477857450187,0.4845366566656295,1.6492898831676235,535.0,92.0,2.0,493134.0,1.0,1182043.0,67243.0
2025-12-17T18:22:33.615985,1,1.7640525990397213,0.4843750177684054,1.645814546455718,588.0,124.0,2.0,655957.0,1.0,1400470.0,63012.0
2025-12-17T18:22:33.714313,2,1.7611692703221637,0.48454029495380224,1.646896831446216,573.0,115.0,2.0,719210.0,1.0,1002761.0,59550.0
2025-12-17T18:22:33.818327,3,1.7603448913312743,0.5001522977020751,1.6478823258032878,569.0,112.0,2.0,932385.0,1.0,1105426.0,65049.0
2025-12-17T18:22:33.910718,4,1.7590628338403709,0.5075414428332707,1.6461670983440624,595.0,129.0,2.0,1071174.0,1.0,1537076.0,74884.0
2025-12-17T18:22:34.011750,5,1.7587816089342145,0.5186460078428254,1.6501109184366005,581.0,120.0,2.0,794456.0,1.0,1631970.0,66384.0
2025-12-17T18:22:34.516468,0,1.753959866423082,0.576745351896166,1.6503766590140114,520.0,83.0,2.0,493301.0,1.0,1226464.0,68229.0
2025-12-17T18:22:34.612007,1,1.7528244554325498,0.5880350298443113,1.6471340340459186,590.0,125.0,2.0,667603.0,1.0,1381171.0,62885.0
2025-12-17T18:22:34.717348,2,1.7525388169415463,0.5992682741249664,1.6491224082298217,555.0,104.0,2.0,716537.0,1.0,1001404.0,60586.0
2025-12-17T18:22:34.814662,3,1.7520320698332397,0.6117356350827869,1.6486141484780936,586.0,123.0,2.0,931123.0,1.0,1098340.0,64044.0
2025-12-17T18:22:34.914369,4,1.751026279377705,0.6229315454854443,1.6473798145140448,603.0,134.0,2.0,1063587.0,1.0,1546469.0,74304.0
2025-12-17T18:22:35.011812,5,1.7509693827026722,0.63480400744456,1.64787692738217,554.0,103.0,2.0,775068.0,1.0,1658138.0,68160.0
2025-12-17T18:22:35.516653,0,1.7477218883545955,0.6957393605916857,1.6444325718107506,515.0,80.0,2.0,501550.0,1.0,1212021.0,68553.0
2025-12-17T18:22:35.611656,1,1.7465793850123168,0.7034595127932095,1.6444275517298035,589.0,124.0,2.0,671228.0,1.0,1409505.0,62970.0
2025-12-17T18:22:35.710613,2,1.7461891050077833,0.7151189912935751,1.6459068093197051,581.0,119.0,2.0,724585.0,1.0,991623.0,59148.0
2025-12-17T18:22:35.815699,3,1.7452054049883978,0.7264970280178142,1.639710936497951,585.0,122.0,2.0,921093.0,1.0,1097226.0,64066.0
2025-12-17T18:22:35.915198,4,1.745328483267454,0.7373581215054388,1.6226077134914247,588.0,124.0,2.0,1069001.0,1.0,1542287.0,75393.0
2025-12-17T18:22:36.010756,5,1.744611092851796,0.7489576847974992,1.6023262329551662,574.0,115.0,2.0,793650.0,1.0,1629762.0,66880.0
2025-12-17T18:22:36.516101,0,1.723672197265716,0.7803688572561995,1.521671435189204,528.0,88.0,2.0,492467.0,1.0,1244444.0,67700.0
2025-12-17T18:22:36.614190,1,1.7245151966601238,0.7916089349172348,1.494870487763549,592.0,126.0,2.0,677620.0,1.0,1423408.0,62799.0
2025-12-17T18:22:36.719648,2,1.7256412034162574,0.8025346436891942,1.4673363496766998,588.0,124.0,2.0,703085.0,1.0,998696.0,58749.0
2025-12-17T18:22:36.810162,3,1.7267996259243477,0.8129407593858222,1.4464949663824345,603.0,134.0,2.0,936813.0,1.0,1111052.0,62991.0
2025-12-17T18:22:36.913041,4,1.7277985854842808,0.8245956086614128,1.4274113468929288,592.0,126.0,2.0,1072988.0,1.0,1543332.0,75113.0
2025-12-17T18:22:37.012431,5,1.7294643722113965,0.8358324821313534,1.402960615560282,554.0,103.0,2.0,770100.0,1.0,1654774.0,68137.0
2025-12-17T18:22:37.514729,0,1.7418893622457154,0.8918781837378345,1.2917478870776924,511.0,78.0,2.0,497324.0,1.0,1222320.0,68855.0
2025-12-17T18:22:37.613917,1,1.745208624865454,0.9020992654792019,1.2685379930045426,584.0,121.0,2.0,675787.0,1.0,1438908.0,63247.0
2025-12-17T18:22:37.713689,2,1.7429045166129917,0.9168570872740615,1.2503479520467733,610.0,138.0,2.0,709299.0,1.0,995996.0,57529.0
2025-12-17T18:22:37.813449,3,1.7236083435473453,0.9436330492626972,1.2420534651637953,590.0,126.0,2.0,912405.0,1.0,1102437.0,63763.0
2025-12-17T18:22:37.914609,4,1.7281989726582765,0.9533043342748346,1.2198285170462349,604.0,134.0,2.0,1062148.0,1.0,1568609.0,74253.0
2025-12-17T18:22:38.013530,5,1.7321963968609726,0.9627380595502475,1.1958594165057692,561.0,107.0,2.0,782183.0,1.0,1605672.0,67723.0
2025-12-17T18:22:38.518509,0,1.7582026146075886,1.0174743557320118,1.0799074126928232,514.0,80.0,2.0,495141.0,1.0,1217778.0,68669.0
2025-12-17T18:22:38.616706,1,1.775957811575923,1.037938904756584,1.0563008155121145,599.0,131.0,2.0,669413.0,1.0,1383979.0,62334.0
2025-12-17T18:22:38.717461,3,1.7921270279446795,1.055425867729919,1.0292411679667628,600.0,132.0,2.0,942219.0,1.0,1106549.0,63183.0
2025-12-17T18:22:38.813716,4,1.7997977305912312,1.063479310930011,1.0031275156984394,585.0,122.0,2.0,1057843.0,1.0,1537597.0,75623.0
2025-12-17T18:22:38.917375,5,1.8060504326304923,1.0727724475480025,0.9814295512638364,588.0,124.0,2.0,783773.0,1.0,1622607.0,65958.0
2025-12-17T18:22:39.518702,0,1.8490826290447975,1.132639717872795,0.8490522145374073,530.0,89.0,2.0,495811.0,1.0,1248240.0,67608.0
2025-12-17T18:22:39.615301,1,1.8541452666762148,1.1384936320001415,0.8338518660734342,608.0,137.0,2.0,667152.0,1.0,1400944.0,61829.0
2025-12-17T18:22:39.713222,2,1.8634760623589466,1.1484883880815442,0.8108470520527213,642.0,161.0,2.0,703323.0,1.0,994985.0,55803.0
2025-12-17T18:22:39.814465,3,1.8718297238394952,1.1578249053231338,0.78251158929735,625.0,149.0,2.0,916429.0,1.0,1085039.0,61704.0
2025-12-17T18:22:39.916114,4,1.8803078787575518,1.1647435519493579,0.754684985126649,615.0,142.0,2.0,1048930.0,1.0,1552237.0,73478.0
2025-12-17T18:22:40.015315,5,1.888830379006197,1.1727528113990426,0.7275125503365937,578.0,118.0,2.0,782713.0,1.0,1644723.0,66609.0
2025-12-17T18:22:40.518163,0,1.9349526818946967,1.2118540839663374,0.6053590420496056,517.0,81.0,2.0,495644.0,1.0,1231039.0,68460.0
2025-12-17T18:22:40.615268,2,1.944527537758253,1.218336739059679,0.5843516860428515,666.0,179.0,2.0,697161.0,1.0,992631.0,54552.0
2025-12-17T18:22:40.710049,3,1.9513356330384308,1.221666464631257,0.5661484465952862,631.0,153.0,2.0,906864.0,1.0,1072988.0,61371.0
2025-12-17T18:22:40.811387,4,1.9616366834500072,1.226315348487796,0.5433317975330964,632.0,154.0,2.0,1051063.0,1.0,1520519.0,72294.0
2025-12-17T18:22:40.913255,5,1.97127769405126,1.2324184001345913,0.5197800703968898,569.0,112.0,2.0,789364.0,1.0,1628659.0,67175.0
2025-12-17T18:22:41.518592,0,2.032081091177762,1.2614667372640391,0.3890010366520744,544.0,97.0,2.0,492300.0,1.0,1248240.0,66677.0
2025-12-17T18:22:41.613379,1,2.0510346285231575,1.2620273313784613,0.3535091752262622,619.0,145.0,2.0,662875.0,1.0,1422444.0,61184.0
2025-12-17T18:22:41.711213,2,2.0736788591627855,1.261147924695412,0.32323677179937516,634.0,155.0,2.0,716053.0,1.0,973335.0,56239.0
2025-12-17T18:22:41.813047,3,2.0854076139146938,1.2656381034717863,0.30528556574631915,664.0,177.0,2.0,933332.0,1.0,1078449.0,59469.0
2025-12-17T18:22:41.913682,4,2.0967307264160926,1.2696211836120197,0.2800670215570257,641.0,160.0,2.0,1016429.0,1.0,1504649.0,71661.0
2025-12-17T18:22:42.012852,5,2.107290190953558,1.2722456286084718,0.2517900668427224,565.0,110.0,2.0,757690.0,1.0,1654214.0,67425.0
2025-12-17T18:22:42.511807,0,2.166875614128609,1.2794279266046187,0.13528661224249885,546.0,98.0,2.0,494471.0,1.0,1220253.0,66564.0
2025-12-17T18:22:42.610357,1,2.1869069602838094,1.2780962362963553,0.11093622053139358,664.0,177.0,2.0,663324.0,1.0,1392907.0,58650.0
2025-12-17T18:22:42.716366,2,2.1982142031831096,1.279684667638986,0.09710612244658302,658.0,173.0,2.0,698578.0,1.0,980278.0,54941.0
2025-12-17T18:22:42.813317,3,2.209449644539191,1.2812072328588469,0.0837546297359132,677.0,187.0,2.0,872245.0,1.0,1048221.0,58729.0
2025-12-17T18:22:42.915255,4,2.22102848255673,1.2821268638248442,0.07581771307540842,645.0,163.0,2.0,1028541.0,1.0,1498043.0,71394.0
2025-12-17T18:22:43.011790,5,2.2327138689285997,1.2833488994918236,0.0750794619962878,592.0,126.0,2.0,778750.0,1.0,1613298.0,65735.0
2025-12-17T18:22:43.511708,0,2.2995999580136113,1.2782492233514082,0.06502215374783019,558.0,105.0,2.0,488813.0,1.0,1216130.0,65847.0
2025-12-17T18:22:43.615431,1,2.3105799062260814,1.2787070263035312,0.06331163497333468,669.0,181.0,2.0,641032.0,1.0,1387731.0,58353.0
2025-12-17T18:22:43.718807,2,2.3221761836765733,1.2792696379593358,0.06626438337840294,678.0,188.0,2.0,695276.0,1.0,976635.0,53928.0
2025-12-17T18:22:43.810047,3,2.333980628873163,1.2797510790212572,0.061310181644119735,706.0,210.0,2.0,894669.0,1.0,1046448.0,57160.0
2025-12-17T18:22:43.916203,4,2.3454744384237394,1.2802597890239333,0.06182184365086171,645.0,163.0,2.0,1032028.0,1.0,1495510.0,71370.0
2025-12-17T18:22:44.011966,5,2.357391192732221,1.2810507225413832,0.06255960357614151,607.0,137.0,2.0,778750.0,1.0,1604042.0,64786.0
2025-12-17T18:22:44.516201,0,2.415259100258792,1.2851188229120152,0.06132505918311951,575.0,115.0,2.0,486667.0,1.0,1226464.0,64786.0
2025-12-17T18:22:44.615112,1,2.4294956520970867,1.285183159984971,0.06306172189126621,704.0,209.0,2.0,640599.0,1.0,1342003.0,56468.0
2025-12-17T18:22:44.716098,2,2.4370571652734223,1.285853884176607,0.06355761408800122,691.0,198.0,2.0,686623.0,1.0,976635.0,53275.0
2025-12-17T18:22:44.813461,3,2.449207748505165,1.2866659500125106,0.061821474334545636,713.0,216.0,2.0,877872.0,1.0,1005480.0,56775.0
2025-12-17T18:22:44.916775,4,2.460885138908849,1.2881368692624524,0.069480080364396,660.0,174.0,2.0,1035176.0,1.0,1507708.0,70387.0
2025-12-17T18:22:45.015388,5,2.4737123704422794,1.2898424259693382,0.0677468312112815,581.0,119.0,2.0,763095.0,1.0,1616030.0,66429.0
2025-12-17T18:22:45.513564,0,2.5298006654993754,1.293686430973005,0.06476790033424945,578.0,118.0,2.0,481588.0,1.0,1191684.0,64545.0
2025-12-17T18:22:45.615392,1,2.545123515153091,1.2947638414590177,0.06996710601266008,729.0,230.0,3.0,640382.0,1.0,1344276.0,55127.0
2025-12-17T18:22:45.709583,2,2.5530677452891295,1.2955598222821219,0.06875200459920847,691.0,199.0,2.0,690118.0,1.0,970047.0,53238.0
2025-12-17T18:22:45.817010,4,2.567717776945301,1.29587622817749,0.06726737597751709,688.0,196.0,2.0,1039037.0,1.0,1476899.0,68576.0
2025-12-17T18:22:46.512621,0,2.645168644710371,1.3096606604038064,0.07159856331269923,609.0,138.0,2.0,474148.0,1.0,1203845.0,62715.0
2025-12-17T18:22:46.611801,1,2.6571111973890584,1.3101754368445957,0.05320062959459501,746.0,245.0,3.0,629210.0,1.0,1332499.0,54239.0
2025-12-17T18:22:46.713795,2,2.6683843926437136,1.3105418896774799,0.03220098576954267,708.0,212.0,2.0,677620.0,1.0,950547.0,52416.0
2025-12-17T18:22:46.809908,3,2.6796020966577436,1.3106833989977742,0.009327362374788586,726.0,227.0,3.0,866654.0,1.0,1005820.0,56068.0
2025-12-17T18:22:46.914773,4,2.689720241586404,1.3097424553057768,-0.012655879595137308,685.0,194.0,2.0,1048576.0,1.0,1515381.0,68739.0
2025-12-17T18:22:47.012244,5,2.699426866576177,1.3082721096703063,-0.03658594596686885,636.0,157.0,2.0,776381.0,1.0,1588376.0,63034.0
2025-12-17T18:22:47.516187,0,2.754844996029447,1.3002835101345798,-0.1471663721506816,631.0,153.0,2.0,468882.0,1.0,1175659.0,61371.0
2025-12-17T18:22:47.613133,1,2.766867974569411,1.2999081703594753,-0.17018940310904992,754.0,252.0,3.0,631343.0,1.0,1314581.0,53855.0
2025-12-17T18:22:47.717896,2,2.778047278068702,1.2981069197718766,-0.19046724080909683,727.0,228.0,3.0,684767.0,1.0,957975.0,51502.0
2025-12-17T18:22:47.814098,3,2.7902954429795304,1.2976187209620949,-0.21732850922126268,726.0,228.0,3.0,885032.0,1.0,995322.0,56049.0
2025-12-17T18:22:47.911159,4,2.8022527336081184,1.2963366703676358,-0.24364427806555639,670.0,182.0,2.0,1033776.0,1.0,1495510.0,69699.0
2025-12-17T18:22:48.010702,5,2.8126971203866704,1.2929956524312018,-0.26294867423327484,622.0,147.0,2.0,743465.0,1.0,1613844.0,63871.0
2025-12-17T18:22:48.518949,0,2.8643215007597576,1.2946634513021844,-0.3531025942750145,627.0,150.0,2.0,470313.0,1.0,1166543.0,61641.0
2025-12-17T18:22:48.610206,1,2.8755838515520606,1.2916070760626817,-0.3715968584047557,755.0,253.0,3.0,618443.0,1.0,1309253.0,53800.0
2025-12-17T18:22:48.713720,2,2.886297367474313,1.2870564209483863,-0.3984928298637906,741.0,241.0,3.0,681530.0,1.0,948939.0,50792.0
2025-12-17T18:22:48.812614,3,2.896741946685257,1.2821345922486638,-0.4247656517268153,751.0,249.0,3.0,848658.0,1.0,985934.0,54774.0
2025-12-17T18:22:48.911088,4,2.9069499064759663,1.277639698234597,-0.4455530295188326,659.0,174.0,2.0,1019875.0,1.0,1490962.0,70434.0
2025-12-17T18:22:49.014051,5,2.9169605595329777,1.273720367142451,-0.4677332157627845,616.0,143.0,2.0,749529.0,1.0,1577126.0,64218.0
2025-12-17T18:22:49.513378,0,2.9586739367947485,1.2533667771305324,-0.56044030651113,654.0,170.0,2.0,457749.0,1.0,1160243.0,60076.0
2025-12-17T18:22:49.614192,1,2.9671636200353166,1.2466958860578108,-0.5846595446277785,791.0,287.0,3.0,590621.0,1.0,1286847.0,52010.0
2025-12-17T18:22:49.710459,2,2.97634045025607,1.2402305854935405,-0.6077224831272906,779.0,276.0,3.0,662875.0,1.0,933964.0,49019.0
2025-12-17T18:22:49.813779,3,2.9893527509467113,1.2316874834517064,-0.6282511855731785,801.0,299.0,3.0,851247.0,1.0,943814.0,52186.0
2025-12-17T18:22:49.914909,4,2.9951361344447034,1.2272673919213015,-0.647279644681996,702.0,207.0,2.0,1007524.0,1.0,1478400.0,67631.0
2025-12-17T18:22:50.011159,5,3.0031817398908016,1.2201760542174187,-0.6732173746621436,624.0,148.0,2.0,754364.0,1.0,1584081.0,63720.0
2025-12-17T18:22:50.513621,0,3.0296141689068405,1.1857033866308884,-0.7950936282784874,714.0,217.0,2.0,452512.0,1.0,1124673.0,56775.0
2025-12-17T18:22:50.610475,1,3.0385396200149817,1.1774287455126444,-0.8167892816817891,830.0,384.0,3.0,578748.0,1.0,1231455.0,47838.0
2025-12-17T18:22:50.709308,2,3.046600059609077,1.1693295668751538,-0.8335690732040109,805.0,313.0,3.0,654626.0,1.0,917360.0,47355.0
2025-12-17T18:22:50.812537,3,3.0539313213625507,1.1607929674026352,-0.8657715283978737,841.0,418.0,3.0,781654.0,1.0,872836.0,47291.0
2025-12-17T18:22:50.911685,4,3.060614113136303,1.152205131592075,-0.8920299812316587,714.0,218.0,2.0,1004799.0,1.0,1423408.0,66857.0
2025-12-17T18:22:51.015171,5,3.0709767227166127,1.1407505690024595,-0.916263859449084,633.0,154.0,2.0,755642.0,1.0,1592682.0,63226.0
2025-12-17T18:22:51.514312,1,3.0969578983733297,1.0993104232851145,-1.0207262251830185,905.0,631.0,3.0,509420.0,1.0,1113311.0,40762.0
2025-12-17T18:22:51.610851,2,3.1025459718621575,1.0895772423798138,-1.0435932739427256,815.0,342.0,3.0,660412.0,1.0,895578.0,46153.0
2025-12-17T18:22:51.720156,3,3.1094965859694406,1.0761503561761394,-1.0743980343994959,901.0,618.0,3.0,741957.0,1.0,773758.0,41640.0
2025-12-17T18:22:51.816841,4,3.114645024052272,1.066382819687063,-1.0968024884847638,730.0,230.0,3.0,957003.0,1.0,1429684.0,65914.0
2025-12-17T18:22:51.913180,5,3.118236963508,1.0591956243603793,-1.1133479157473474,626.0,149.0,2.0,762837.0,1.0,1577126.0,63634.0
2025-12-17T18:22:52.515321,0,3.1520906315313155,0.9856070408145696,-1.2540386367606786,810.0,325.0,3.0,422180.0,1.0,1064668.0,50999.0
2025-12-17T18:22:52.615749,1,3.1552084437457877,0.9750422254620059,-1.2760647819979014,946.0,782.0,4.0,521633.0,1.0,1062148.0,37824.0
2025-12-17T18:22:52.720466,2,3.1593607682848326,0.964187103615207,-1.3001263670520014,828.0,380.0,3.0,639083.0,1.0,886531.0,44738.0
2025-12-17T18:22:52.810484,3,3.160540606402236,0.9567910229429564,-1.3146438646259346,926.0,706.0,4.0,731980.0,1.0,725321.0,39767.0
2025-12-17T18:22:52.912186,4,3.162309724464637,0.9461109898889088,-1.3410575092549237,767.0,264.0,3.0,967751.0,1.0,1368607.0,63655.0
2025-12-17T18:22:53.015254,5,3.1676378668871483,0.9369257776526471,-1.3517673626390503,643.0,162.0,2.0,732228.0,1.0,1547516.0,62608.0
2025-12-17T18:22:53.516434,0,3.177208091762743,0.8809717955927802,-1.460400938213171,830.0,385.0,3.0,412295.0,1.0,986936.0,48540.0
2025-12-17T18:22:53.617476,1,3.179858639235346,0.8652383101864595,-1.4916250889269729,929.0,717.0,4.0,522693.0,1.0,1044679.0,39007.0
2025-12-17T18:22:53.710293,2,3.180267772783646,0.8578725660773293,-1.5081790570159808,829.0,383.0,3.0,652414.0,1.0,878764.0,44647.0
2025-12-17T18:22:53.815961,3,3.1810591982004253,0.8466820264845324,-1.5353510431832986,923.0,695.0,4.0,688252.0,1.0,686391.0,39983.0
2025-12-17T18:22:53.917808,4,3.1689325989761286,0.826815424764505,-1.5532367205187232,791.0,287.0,3.0,954738.0,1.0,1376970.0,62207.0
2025-12-17T18:22:54.015221,5,3.164536411719453,0.8117278921294635,-1.5777181327310483,666.0,179.0,2.0,738949.0,1.0,1528775.0,61225.0
2025-12-17T18:22:54.518745,0,3.1641902903377774,0.7542836632926402,-1.5920964551797794,848.0,441.0,3.0,410763.0,1.0,949582.0,46545.0
2025-12-17T18:22:54.611339,1,3.164190467495597,0.7423148443151568,-1.5893718613478438,898.0,607.0,3.0,526243.0,1.0,1062508.0,41303.0
2025-12-17T18:22:54.714869,2,3.1642222772077893,0.7308550052318266,-1.5856742330201332,832.0,391.0,3.0,642553.0,1.0,872540.0,44361.0
2025-12-17T18:22:54.812141,3,3.146853817636388,0.7125537851393926,-1.5669292692037922,910.0,651.0,4.0,716780.0,1.0,690118.0,40914.0
2025-12-17T18:22:54.913176,4,3.1407637965691935,0.6978768871346701,-1.5461503961954302,774.0,271.0,3.0,969062.0,1.0,1366293.0,63205.0
2025-12-17T18:22:55.012222,5,3.1413355255172055,0.6860021254236675,-1.5374655040241418,675.0,186.0,2.0,720184.0,1.0,1516408.0,60710.0
2025-12-17T18:22:55.516509,0,3.143790839704807,0.6303915860829301,-1.5310071356182915,834.0,397.0,3.0,413833.0,1.0,949903.0,48082.0
2025-12-17T18:22:55.616253,1,3.144262776462109,0.614183418006131,-1.53002130612666,888.0,573.0,3.0,536131.0,1.0,1069725.0,42122.0
2025-12-17T18:22:55.709725,2,3.144766055042429,0.6063806180867333,-1.5305088905953161,822.0,363.0,3.0,625389.0,1.0,870181.0,45363.0
2025-12-17T18:22:55.812005,3,3.145138931083317,0.5947371956764305,-1.529518204381522,886.0,565.0,3.0,728766.0,1.0,708100.0,42928.0
2025-12-17T18:22:55.910540,4,3.1456491688489034,0.5826282020904472,-1.5295300537617194,787.0,283.0,3.0,961548.0,1.0,1326649.0,62460.0
2025-12-17T18:22:56.012300,5,3.146246202991529,0.5713806874565466,-1.5307762822178836,702.0,207.0,2.0,721404.0,1.0,1477899.0,59208.0
2025-12-17T18:22:56.511248,0,3.148754465731502,0.5139751525427503,-1.533019737565411,814.0,338.0,3.0,419474.0,1.0,953769.0,50432.0
2025-12-17T18:22:56.613898,1,3.1492785949296387,0.4993233127568377,-1.5293200064615298,865.0,495.0,3.0,547129.0,1.0,1096483.0,44196.0
2025-12-17T18:22:56.716545,2,3.1494105510580415,0.4916950505296205,-1.5283374105222347,820.0,356.0,3.0,651532.0,1.0,870181.0,45594.0
2025-12-17T18:22:56.810850,3,3.149378014725274,0.47676505102233513,-1.52835148815681,862.0,486.0,3.0,738449.0,1.0,713633.0,45087.0
2025-12-17T18:22:56.919635,4,3.149870443884139,0.468507018686092,-1.528108484269738,772.0,269.0,3.0,956679.0,1.0,1367218.0,63312.0
2025-12-17T18:22:57.015770,5,3.1502100403055002,0.457063208041782,-1.5278671930760088,702.0,207.0,2.0,718967.0,1.0,1464951.0,59208.0
2025-12-17T18:22:57.517609,0,3.151433725684018,0.39996843303559637,-1.5281185482564619,811.0,328.0,3.0,426777.0,1.0,965788.0,50878.0
2025-12-17T18:22:57.617192,1,3.151128157503519,0.3839716511068887,-1.5278709774635144,839.0,415.0,3.0,570966.0,1.0,1096483.0,46734.0
2025-12-17T18:22:57.711795,2,3.149038448818762,0.3733410912423759,-1.531703818911108,809.0,323.0,3.0,636493.0,1.0,890440.0,46893.0
2025-12-17T18:22:57.811598,3,3.1360548407705013,0.345121081934485,-1.5391838979582142,841.0,419.0,3.0,773758.0,1.0,729507.0,47259.0
2025-12-17T18:22:57.912737,4,3.1346976679449776,0.33248760716431525,-1.5424082274665671,765.0,263.0,3.0,952479.0,1.0,1338827.0,63720.0
2025-12-17T18:22:58.012868,5,3.1343780795550495,0.32189933900050627,-1.5397209402372025,723.0,224.0,3.0,710500.0,1.0,1469918.0,58057.0
2025-12-17T18:22:58.519089,0,3.1368679784803843,0.2589999753913219,-1.5411921076539175,794.0,290.0,3.0,438787.0,1.0,981606.0,52647.0
2025-12-17T18:22:58.611599,3,3.136709960131757,0.2513635060636916,-1.5426782384044253,826.0,375.0,3.0,768278.0,1.0,750290.0,48886.0
2025-12-17T18:22:58.716828,4,3.137206971055879,0.24006149211739558,-1.5456426754441925,744.0,244.0,3.0,964481.0,1.0,1361216.0,64983.0
2025-12-17T18:22:58.817824,5,3.1375927280710636,0.22451501834170862,-1.5424475916391838,734.0,234.0,3.0,716053.0,1.0,1411415.0,57451.0
2025-12-17T18:22:59.511917,0,3.1399827481634226,0.14689415912073167,-1.5441645121055245,749.0,248.0,3.0,445974.0,1.0,973994.0,54885.0
2025-12-17T18:22:59.612995,1,3.1398291982687754,0.1346046806817457,-1.5456477590075077,819.0,351.0,3.0,580907.0,1.0,1130014.0,49135.0
2025-12-17T18:22:59.717813,2,3.140351588002174,0.12314747556687444,-1.5429144404355841,807.0,316.0,3.0,652856.0,1.0,874906.0,47195.0
2025-12-17T18:22:59.816986,3,3.140161573731408,0.10737941287630626,-1.546624874560679,813.0,335.0,3.0,808562.0,1.0,768798.0,50500.0
2025-12-17T18:22:59.911513,5,3.1408091670749503,0.10001433804992776,-1.5471167915019914,718.0,221.0,3.0,711463.0,1.0,1426301.0,58293.0
2025-12-17T18:23:00.518741,0,3.143053267618366,0.026696146717563485,-1.546117489106788,742.0,241.0,3.0,445371.0,1.0,1008206.0,55258.0
2025-12-17T18:23:00.617467,1,3.1438940664272055,0.015481801988488031,-1.5446218484586989,809.0,325.0,3.0,587630.0,1.0,1131162.0,50262.0
2025-12-17T18:23:00.709898,2,3.1446866486667933,0.010892308076869806,-1.5303346031195464,784.0,281.0,3.0,653740.0,1.0,885332.0,48770.0
2025-12-17T18:23:00.813046,3,3.1452986717832814,0.0025802491799249427,-1.5117188771507135,800.0,298.0,3.0,800394.0,1.0,783243.0,52221.0
2025-12-17T18:23:00.915695,4,3.1466081866106386,-0.009332323653898245,-1.510505357340757,722.0,224.0,3.0,979283.0,1.0,1380236.0,66339.0
2025-12-17T18:23:01.013161,5,3.147173144555615,-0.020842882933408968,-1.5077724400841823,701.0,207.0,2.0,700946.0,1.0,1416200.0,59228.0
2025-12-17T18:23:01.512966,0,3.150154420846828,-0.07741613895882393,-1.5085286165214753,713.0,217.0,2.0,460235.0,1.0,1011624.0,56775.0
2025-12-17T18:23:01.613569,1,3.1506859539421495,-0.08934290191130967,-1.5114949791163503,791.0,288.0,3.0,587034.0,1.0,1154758.0,51974.0
2025-12-17T18:23:01.709563,2,3.151780422248888,-0.10119467674046423,-1.5095182659735749,762.0,260.0,3.0,667603.0,1.0,898919.0,49788.0
2025-12-17T18:23:01.808930,3,3.1524982700735027,-0.11309604959123443,-1.5124762533287048,765.0,262.0,3.0,818197.0,1.0,790433.0,54037.0
2025-12-17T18:23:01.919380,4,3.1526203203838246,-0.127643268168119,-1.5085179474938286,705.0,210.0,2.0,993639.0,1.0,1363060.0,67448.0
2025-12-17T18:23:02.014409,5,3.1526128387978467,-0.13522463741291035,-1.5109733095987745,719.0,222.0,3.0,714600.0,1.0,1420520.0,58234.0
2025-12-17T18:23:02.513701,0,3.155686476843573,-0.1930174996688755,-1.513944240049115,699.0,205.0,2.0,455740.0,1.0,1029934.0,57548.0
2025-12-17T18:23:02.614003,1,3.156562681358952,-0.20440134976161195,-1.513195410021875,756.0,254.0,3.0,597659.0,1.0,1178448.0,53727.0
2025-12-17T18:23:02.713229,2,3.157109724933343,-0.21614136890189628,-1.512963546577987,751.0,249.0,3.0,670093.0,1.0,891647.0,50330.0
2025-12-17T18:23:02.813611,3,3.157848144189581,-0.2276184948957476,-1.5153963011019795,730.0,231.0,3.0,839516.0,1.0,815433.0,55822.0
2025-12-17T18:23:02.916064,4,3.158111703776712,-0.23881652753950977,-1.5104645797660818,674.0,185.0,2.0,1006842.0,1.0,1369070.0,69417.0
2025-12-17T18:23:03.014226,5,3.1587933848542042,-0.2539187917910527,-1.5174173138937772,715.0,218.0,2.0,696218.0,1.0,1427750.0,58491.0
2025-12-17T18:23:03.511697,0,3.1627950244582674,-0.3086435524341813,-1.5159836345012334,674.0,185.0,2.0,459146.0,1.0,1028193.0,58908.0
2025-12-17T18:23:03.610635,1,3.1633228850358024,-0.3195673194764391,-1.510541076575558,738.0,238.0,3.0,609301.0,1.0,1181243.0,54663.0
2025-12-17T18:23:03.716150,2,3.170316859771144,-0.3145555762318831,-1.493483992692263,728.0,229.0,3.0,676245.0,1.0,912714.0,51397.0
2025-12-17T18:23:03.813624,3,3.1737173039766438,-0.31854891986841816,-1.4852089835649946,721.0,223.0,3.0,835548.0,1.0,832724.0,56334.0
2025-12-17T18:23:03.915150,4,3.1750864419010685,-0.33048347148555035,-1.4839730326592746,674.0,185.0,2.0,992967.0,1.0,1387731.0,69440.0
2025-12-17T18:23:04.014374,5,3.1760616131452903,-0.3424514449471179,-1.486688402284817,721.0,223.0,3.0,710981.0,1.0,1401419.0,58155.0
2025-12-17T18:23:04.517359,0,3.180570983702475,-0.4002019150739181,-1.4901048770012257,656.0,171.0,2.0,463361.0,1.0,1036578.0,59913.0
2025-12-17T18:23:04.616276,1,3.1825697715446615,-0.416191051540146,-1.4866451397574934,711.0,214.0,2.0,622222.0,1.0,1217366.0,56068.0
2025-12-17T18:23:04.717956,2,3.1832575919309516,-0.42383955533949513,-1.4888731269646875,702.0,207.0,2.0,679457.0,1.0,917981.0,52701.0
2025-12-17T18:23:04.813953,3,3.184148517445182,-0.4349516788071828,-1.4822288365835408,678.0,188.0,2.0,870181.0,1.0,845218.0,58650.0
2025-12-17T18:23:04.917471,4,3.1854619466490686,-0.44650988263091296,-1.485207444043479,656.0,171.0,2.0,1010255.0,1.0,1421963.0,70649.0
2025-12-17T18:23:05.014400,5,3.186394889838827,-0.4613380876928762,-1.4824859522107974,696.0,202.0,2.0,719210.0,1.0,1416200.0,59550.0
2025-12-17T18:23:05.515319,0,3.1916509261068335,-0.515315308157758,-1.4847424722770568,638.0,158.0,2.0,472866.0,1.0,1048930.0,60957.0
2025-12-17T18:23:05.613895,1,3.1928790753093916,-0.5272938275827629,-1.4857442190394161,707.0,211.0,2.0,606626.0,1.0,1208335.0,56277.0
2025-12-17T18:23:05.708724,2,3.1934302040806313,-0.5383264048703014,-1.4852451325615905,677.0,187.0,2.0,673960.0,1.0,925468.0,53928.0
2025-12-17T18:23:05.812901,3,3.1946284730126253,-0.549921740296949,-1.4832430627251518,672.0,184.0,2.0,876685.0,1.0,865482.0,58968.0
2025-12-17T18:23:05.912171,4,3.19560173990019,-0.561653422368783,-1.4865070638854991,642.0,161.0,2.0,1010597.0,1.0,1425818.0,71564.0
2025-12-17T18:23:06.013833,5,3.196440994392859,-0.5731387802406847,-1.4838009011269235,686.0,194.0,2.0,729507.0,1.0,1451625.0,60096.0
2025-12-17T18:23:06.517428,0,3.2018445641515827,-0.6313296775717396,-1.4613454847227512,626.0,149.0,2.0,470472.0,1.0,1043972.0,61683.0
2025-12-17T18:23:06.611567,1,3.204822272174682,-0.6423004073732004,-1.4397791689458588,679.0,189.0,2.0,615519.0,1.0,1209972.0,57783.0
2025-12-17T18:23:06.712448,2,3.2172264465643385,-0.6502455500781268,-1.385962762342463,683.0,192.0,2.0,669413.0,1.0,922341.0,53618.0
2025-12-17T18:23:06.810812,3,3.220555839649045,-0.6612964927579832,-1.3600866164116494,671.0,183.0,2.0,862849.0,1.0,870476.0,59028.0
2025-12-17T18:23:06.918850,4,3.2236840293801374,-0.6769585673321958,-1.3332847886022083,642.0,161.0,2.0,1042913.0,1.0,1433561.0,71564.0
2025-12-17T18:23:07.011610,5,3.2258473588454253,-0.683778441227163,-1.3219240418279197,685.0,193.0,2.0,736951.0,1.0,1454576.0,60157.0
2025-12-17T18:23:07.514754,0,3.241759016962956,-0.7380648210894951,-1.2069605980868818,627.0,151.0,2.0,470950.0,1.0,1080276.0,61579.0
2025-12-17T18:23:07.611293,1,3.2445896343829426,-0.7480074951871953,-1.1781540033275872,669.0,181.0,2.0,622643.0,1.0,1230206.0,58313.0
2025-12-17T18:23:07.715611,2,3.2506150771929674,-0.7619710188861655,-1.1486764874317619,670.0,182.0,2.0,700235.0,1.0,934280.0,54294.0
2025-12-17T18:23:07.812093,3,3.254149930980052,-0.7695384162269014,-1.134870406397657,658.0,173.0,2.0,897095.0,1.0,888634.0,59772.0
2025-12-17T18:23:07.910233,4,3.2600372179575476,-0.7800737768228876,-1.1128802453059385,637.0,157.0,2.0,1019529.0,1.0,1467433.0,71904.0
2025-12-17T18:23:08.014857,5,3.2672194654800815,-0.794612903658398,-1.0791644435245276,662.0,176.0,2.0,722137.0,1.0,1471909.0,61454.0
2025-12-17T18:23:08.513523,0,3.2958982959080902,-0.8415991907465122,-0.975497256883996,594.0,128.0,2.0,482730.0,1.0,1076990.0,63569.0
2025-12-17T18:23:08.614553,1,3.3024985644197162,-0.8502736794051483,-0.953500270327115,653.0,169.0,2.0,643641.0,1.0,1246974.0,59208.0
2025-12-17T18:23:08.714367,2,3.308010956929764,-0.859551080187861,-0.9322551528175582,665.0,178.0,2.0,675787.0,1.0,937765.0,54570.0
2025-12-17T18:23:08.811737,4,3.3144005657872877,-0.8682912563112721,-0.8997077071249787,624.0,148.0,2.0,1033776.0,1.0,1467433.0,72785.0
2025-12-17T18:23:09.519277,0,3.401197451792311,-0.9346049960023433,-0.7118959521803765,598.0,130.0,2.0,485023.0,1.0,1072262.0,63333.0
2025-12-17T18:23:09.614394,1,3.406136655098939,-0.9401947485028859,-0.6936774269876768,629.0,152.0,2.0,640165.0,1.0,1263542.0,60586.0
2025-12-17T18:23:09.711593,2,3.4145449479025896,-0.9474004010517656,-0.675157928956585,638.0,158.0,2.0,695276.0,1.0,950547.0,55954.0
2025-12-17T18:23:09.810355,3,3.423888039388079,-0.9540493682188506,-0.6558147471217003,636.0,156.0,2.0,893157.0,1.0,897095.0,61060.0
2025-12-17T18:23:09.912549,4,3.4334199541258577,-0.9599593587731965,-0.6335135634811605,615.0,142.0,2.0,1031329.0,1.0,1449662.0,73404.0
2025-12-17T18:23:10.010560,5,3.4428296251832102,-0.9670685819001821,-0.6140725355947464,677.0,187.0,2.0,746238.0,1.0,1443786.0,60586.0
2025-12-17T18:23:10.512529,1,3.509248846903429,-0.9880318364482515,-0.5211191142727093,593.0,127.0,2.0,656623.0,1.0,1284237.0,62715.0
2025-12-17T18:23:10.613375,2,3.519663632022665,-0.9931317676855173,-0.4954857091588899,622.0,147.0,2.0,689651.0,1.0,954415.0,56851.0
2025-12-17T18:23:10.709769,3,3.528299418050798,-0.9983708761555086,-0.4742377577100389,628.0,151.0,2.0,884433.0,1.0,929863.0,61475.0
2025-12-17T18:23:10.812629,4,3.5392073416601644,-1.0036477330705196,-0.45045189159169563,611.0,139.0,2.0,1021256.0,1.0,1500073.0,73727.0
2025-12-17T18:23:10.912270,5,3.551029862536192,-1.0083545766906465,-0.4250010070186965,660.0,174.0,2.0,740953.0,1.0,1454576.0,61600.0
2025-12-17T18:23:11.512027,0,3.6311762150606164,-1.015515581058689,-0.25713755913366004,581.0,120.0,2.0,478663.0,1.0,1110676.0,64349.0
2025-12-17T18:23:11.611182,1,3.6421565319425055,-1.0189738157645578,-0.23707882002310146,593.0,127.0,2.0,668055.0,1.0,1293835.0,62672.0
2025-12-17T18:23:11.716853,2,3.657693235534266,-1.0219535898533594,-0.20637565798949384,592.0,127.0,2.0,700235.0,1.0,957651.0,58471.0
2025-12-17T18:23:11.809504,3,3.6654405339154845,-1.0231076720874381,-0.18938174916362102,602.0,133.0,2.0,907785.0,1.0,939671.0,63034.0
2025-12-17T18:23:11.917024,4,3.676115515133035,-1.0258057787787824,-0.16901837299467523,589.0,125.0,2.0,1077719.0,1.0,1486427.0,75291.0
2025-12-17T18:23:12.015049,5,3.6867966415429247,-1.028288093971768,-0.1484115223838425,639.0,159.0,2.0,746743.0,1.0,1463960.0,62799.0
2025-12-17T18:23:12.515448,0,3.760962487770879,-1.0143299208913805,-0.02077053651234525,553.0,102.0,2.0,488483.0,1.0,1110676.0,66092.0
2025-12-17T18:23:12.611507,1,3.7719778866551157,-1.0150888580515771,0.0027822189233627594,558.0,105.0,2.0,661978.0,1.0,1304829.0,64808.0
2025-12-17T18:23:12.717609,2,3.7836485540401608,-1.0148791511971915,0.024950672864323453,593.0,127.0,2.0,697869.0,1.0,966442.0,58451.0
2025-12-17T18:23:12.810427,3,3.794697367222572,-1.0152763815095176,0.047685690003862594,587.0,123.0,2.0,907478.0,1.0,942219.0,63958.0
2025-12-17T18:23:12.911612,4,3.806207962928517,-1.0148700788807643,0.07225307929641249,578.0,117.0,2.0,1062868.0,1.0,1537076.0,76111.0
2025-12-17T18:23:13.012114,5,3.817992515943727,-1.0141638651396327,0.09368240404801749,628.0,151.0,2.0,754364.0,1.0,1491972.0,63462.0
2025-12-17T18:23:13.514596,0,3.860958483966823,-0.9968952298033411,0.2103723887060304,558.0,105.0,2.0,487492.0,1.0,1115952.0,65802.0
2025-12-17T18:23:13.610682,1,3.8726507655728573,-0.9939067160568591,0.2350427548309965,568.0,111.0,2.0,668960.0,1.0,1316807.0,64218.0
2025-12-17T18:23:13.716577,2,3.8827929380098074,-0.9913593861940833,0.25512863502291244,559.0,106.0,2.0,715810.0,1.0,969062.0,60382.0
2025-12-17T18:23:13.813698,3,3.8937887331795595,-0.987028974428829,0.27890856638029554,564.0,109.0,2.0,929234.0,1.0,970703.0,65358.0
2025-12-17T18:23:13.916507,4,3.908102166193718,-0.9826390188499986,0.30482475749123933,564.0,109.0,2.0,1079179.0,1.0,1532920.0,77122.0
2025-12-17T18:23:14.013125,5,3.919496986554392,-0.9794117904493717,0.32630273237716934,624.0,148.0,2.0,733220.0,1.0,1506178.0,63720.0
2025-12-17T18:23:14.515358,0,3.994215691947545,-0.9485253752611836,0.4551891774104416,531.0,90.0,2.0,487162.0,1.0,1139616.0,67494.0
2025-12-17T18:23:14.615503,1,4.003906101895359,-0.9436553677748429,0.47430677691946493,550.0,100.0,2.0,676703.0,1.0,1346553.0,65336.0
2025-12-17T18:23:14.714042,2,4.013445358553567,-0.93878647812823,0.49547588741892074,563.0,108.0,2.0,714600.0,1.0,986602.0,60137.0
2025-12-17T18:23:14.815351,3,4.026568830400635,-0.9323885522139845,0.5217199392439107,566.0,110.0,2.0,906557.0,1.0,975974.0,65248.0
2025-12-17T18:23:14.919441,4,4.033177023978167,-0.9287220488861107,0.5352984951255134,542.0,96.0,2.0,1076261.0,1.0,1550662.0,78731.0
2025-12-17T18:23:15.013461,5,4.0425804320254,-0.9224531179864862,0.5543538386038557,600.0,132.0,2.0,768278.0,1.0,1503631.0,65160.0
2025-12-17T18:23:15.515402,0,4.076982260523344,-0.8805448211541129,0.6723499568525151,548.0,99.0,2.0,494638.0,1.0,1120493.0,66406.0
2025-12-17T18:23:15.614887,1,4.089405801805616,-0.8715057274591094,0.7044956776176349,541.0,95.0,2.0,664448.0,1.0,1331146.0,65869.0
2025-12-17T18:23:15.709366,2,4.09543373109862,-0.8672137091409365,0.7197120094397665,553.0,102.0,2.0,713633.0,1.0,992631.0,60730.0
2025-12-17T18:23:15.815511,3,4.103338979649778,-0.8600538133038165,0.7415009794331646,551.0,101.0,2.0,927977.0,1.0,987939.0,66204.0
2025-12-17T18:23:15.918146,4,4.11137586586109,-0.8518498646922494,0.7679302292410397,531.0,89.0,2.0,1084672.0,1.0,1571266.0,79561.0
2025-12-17T18:23:16.015409,5,4.119201837298709,-0.8447263277534462,0.796015723481454,586.0,123.0,2.0,765941.0,1.0,1520519.0,66070.0
2025-12-17T18:23:16.516024,0,4.178557801605133,-0.7854974019573774,0.9038034550325269,534.0,91.0,2.0,488979.0,1.0,1157497.0,67334.0
2025-12-17T18:23:16.615130,1,4.187346280143327,-0.773235831158688,0.9332159805938816,520.0,83.0,2.0,682684.0,1.0,1362599.0,67266.0
2025-12-17T18:23:16.718428,2,4.194605372036361,-0.7656872228408426,0.9584205613700042,557.0,104.0,2.0,730495.0,1.0,991288.0,60504.0
2025-12-17T18:23:16.810014,3,4.198460744001901,-0.7602410193424575,0.9734141860455793,535.0,91.0,2.0,933332.0,1.0,1011966.0,67243.0
2025-12-17T18:23:16.915232,4,4.203993296076003,-0.7507493349008397,0.999166028091094,548.0,99.0,2.0,1092039.0,1.0,1560137.0,78306.0
2025-12-17T18:23:17.010398,5,4.209368930277592,-0.740487250785422,1.020003852379099,577.0,117.0,2.0,771143.0,1.0,1537076.0,66654.0
2025-12-17T18:23:17.514423,0,4.2522946639883425,-0.6650867906847271,1.1594477643485717,523.0,85.0,2.0,495644.0,1.0,1150078.0,68067.0
2025-12-17T18:23:17.615043,3,4.2585771262299295,-0.6540299795029557,1.178208150561624,537.0,93.0,2.0,939671.0,1.0,1023679.0,67107.0
2025-12-17T18:23:17.711782,4,4.2633440909864015,-0.6430936779654365,1.197520096886279,516.0,81.0,2.0,1069725.0,1.0,1572330.0,80727.0
2025-12-17T18:23:17.810192,5,4.266654691945507,-0.6332791367069714,1.2180925864587795,573.0,115.0,2.0,784304.0,1.0,1579797.0,66880.0
2025-12-17T18:23:18.516848,0,4.309753093225492,-0.5380034905925104,1.402707888017143,519.0,82.0,2.0,497156.0,1.0,1171687.0,68344.0
2025-12-17T18:23:18.610726,1,4.310696056005456,-0.5267962089412562,1.4254338718486075,510.0,77.0,2.0,677161.0,1.0,1380236.0,67906.0
2025-12-17T18:23:18.715060,2,4.311654469910049,-0.5160522593318211,1.4468846730611529,541.0,95.0,2.0,735208.0,1.0,1006160.0,61433.0
2025-12-17T18:23:18.813943,3,4.313642403273319,-0.5045428081591676,1.4654169598237465,513.0,79.0,2.0,967096.0,1.0,1051418.0,68669.0
2025-12-17T18:23:18.916340,4,4.310327898081336,-0.484721677783603,1.496448981100373,539.0,94.0,2.0,1112181.0,1.0,1571266.0,78971.0
2025-12-17T18:23:19.010513,5,4.302397794233197,-0.46160119243409525,1.5345031063654957,562.0,108.0,2.0,773234.0,1.0,1588913.0,67608.0
2025-12-17T18:23:19.515748,0,4.305257754845686,-0.4039223204003348,1.5573829862142945,525.0,86.0,2.0,504956.0,1.0,1170498.0,67929.0
2025-12-17T18:23:19.614829,1,4.305798766303331,-0.38896098494079023,1.5586250194618858,517.0,81.0,2.0,691989.0,1.0,1386792.0,67448.0
2025-12-17T18:23:19.712405,2,4.306412442718162,-0.3813848944760878,1.5603583742879934,526.0,86.0,2.0,715568.0,1.0,1013337.0,62334.0
2025-12-17T18:23:19.814243,3,4.306632756822603,-0.3695268780623173,1.559370317843689,521.0,84.0,2.0,939671.0,1.0,1039741.0,68114.0
2025-12-17T18:23:19.920026,4,4.307758225931192,-0.356417050780679,1.5625815432285417,529.0,88.0,2.0,1114819.0,1.0,1583009.0,79723.0
2025-12-17T18:23:20.013953,5,4.308310674292329,-0.33671819811713477,1.5631744652968191,546.0,98.0,2.0,774282.0,1.0,1575526.0,68623.0
2025-12-17T18:23:20.519113,0,4.313124441181008,-0.27582256712304587,1.4941524239748782,528.0,87.0,2.0,499348.0,1.0,1173671.0,67746.0
2025-12-17T18:23:20.614472,1,4.314131362647137,-0.2686032086747996,1.4800486510875164,501.0,73.0,2.0,685694.0,1.0,1402842.0,68483.0
2025-12-17T18:23:20.713771,2,4.3157577619033685,-0.25768703559958284,1.4493441678848584,527.0,87.0,2.0,726304.0,1.0,1001743.0,62270.0
2025-12-17T18:23:20.812377,3,4.317510502775088,-0.24648823989868163,1.4250974761211668,523.0,85.0,2.0,965461.0,1.0,1053556.0,67998.0
2025-12-17T18:23:20.914665,4,4.319419765653418,-0.2347130336979828,1.4047676068300137,492.0,68.0,2.0,1098712.0,1.0,1622058.0,82607.0
2025-12-17T18:23:21.012476,5,4.3211493402889,-0.2233327880290794,1.3861823440875074,541.0,95.0,2.0,789364.0,1.0,1591604.0,68995.0
2025-12-17T18:23:21.519095,0,4.335556644957727,-0.16402445596019666,1.2622422836442568,507.0,76.0,2.0,494304.0,1.0,1203845.0,69089.0
2025-12-17T18:23:21.611149,1,4.337704828875404,-0.15691204211562693,1.2480574478518613,506.0,75.0,2.0,681530.0,1.0,1380236.0,68160.0
2025-12-17T18:23:21.713782,2,4.341301319503627,-0.14561245600282002,1.2274882207174849,503.0,74.0,2.0,723360.0,1.0,1027845.0,63720.0
2025-12-17T18:23:21.810162,3,4.3452072271655195,-0.13564606804081492,1.2059958859699669,520.0,83.0,2.0,949903.0,1.0,1074805.0,68229.0
2025-12-17T18:23:21.917481,4,4.351665662057949,-0.12262122871171677,1.1692007942833842,531.0,89.0,2.0,1126196.0,1.0,1614937.0,79615.0
2025-12-17T18:23:22.013505,5,4.355269448433538,-0.1160226909173947,1.1585571954355065,538.0,93.0,2.0,782713.0,1.0,1633075.0,69159.0
2025-12-17T18:23:22.514127,0,4.3424798146110515,-0.06464336118365677,1.0406275537205902,502.0,73.0,2.0,505469.0,1.0,1192087.0,69440.0
2025-12-17T18:23:22.611613,1,4.348206869868858,-0.053306675966083183,1.022792059822392,509.0,77.0,2.0,693161.0,1.0,1389141.0,67975.0
2025-12-17T18:23:22.713131,2,4.354131242342957,-0.044158937153572886,0.9971888365157792,533.0,90.0,2.0,711463.0,1.0,1022986.0,61913.0
2025-12-17T18:23:22.812830,3,4.362646337145684,-0.03125986279129922,0.9694327986569897,519.0,82.0,2.0,958299.0,1.0,1083938.0,68298.0
2025-12-17T18:23:22.912969,4,4.36693140578365,-0.024804811690792627,0.9583245578011658,509.0,77.0,2.0,1098712.0,1.0,1605128.0,81276.0
2025-12-17T18:23:23.012600,5,4.369538339659899,-0.014590401757957228,0.933615745017433,537.0,93.0,2.0,803379.0,1.0,1639166.0,69229.0
2025-12-17T18:23:23.513857,0,4.380074259378225,0.02989957433710755,0.8222782076741031,511.0,78.0,2.0,502059.0,1.0,1191684.0,68879.0
2025-12-17T18:23:23.615507,1,4.3879060163589685,0.03880028551348036,0.7982907142734241,500.0,72.0,2.0,688485.0,1.0,1422926.0,68553.0
2025-12-17T18:23:23.711999,2,4.3950525835905685,0.04784775932924101,0.7748573361356016,519.0,83.0,2.0,723360.0,1.0,1024025.0,62736.0
2025-12-17T18:23:23.811718,3,4.402191929191046,0.05573301194608882,0.7521282596434199,514.0,80.0,2.0,957327.0,1.0,1081007.0,68576.0
2025-12-17T18:23:23.913731,4,4.406621879972732,0.06248490179726107,0.7279011775497031,536.0,92.0,2.0,1120493.0,1.0,1633075.0,79185.0
2025-12-17T18:23:24.012945,5,4.39823428672915,0.06940060859391206,0.7084367336850091,538.0,93.0,2.0,782713.0,1.0,1631970.0,69182.0
2025-12-17T18:23:24.513352,0,4.4407734006677755,0.10283073888423,0.6036272200060847,509.0,77.0,2.0,501041.0,1.0,1198560.0,68995.0
2025-12-17T18:23:24.612970,1,4.453814678422526,0.11214551873123968,0.5686857390041471,497.0,71.0,2.0,695746.0,1.0,1412370.0,68739.0
2025-12-17T18:23:24.711623,2,4.460438094079678,0.11690658985584212,0.5512585967703546,525.0,86.0,2.0,711704.0,1.0,1029237.0,62376.0
2025-12-17T18:23:24.811204,3,4.469843679169976,0.12233023450548797,0.5292159474742527,521.0,84.0,2.0,939671.0,1.0,1072262.0,68137.0
2025-12-17T18:23:24.912526,4,4.475098993520359,0.1266892080076043,0.5030198555171671,538.0,93.0,2.0,1093519.0,1.0,1633075.0,79105.0
2025-12-17T18:23:25.013790,5,4.483444251403677,0.13177409569597165,0.48106195488395315,539.0,94.0,2.0,775068.0,1.0,1635841.0,69089.0
2025-12-17T18:23:25.513361,0,4.535128386382247,0.15585804532743852,0.36296622837262693,492.0,68.0,2.0,500024.0,1.0,1191280.0,70149.0
2025-12-17T18:23:25.612846,1,4.545762464458083,0.1592113853915038,0.3427054433487262,511.0,78.0,2.0,695746.0,1.0,1430168.0,67837.0
2025-12-17T18:23:25.719559,2,4.5596379378426874,0.1646583086764708,0.3172188930144068,542.0,96.0,2.0,727534.0,1.0,1033776.0,61350.0
2025-12-17T18:23:25.810040,3,4.566829076748531,0.16733077329681834,0.2966928625944554,541.0,95.0,2.0,951834.0,1.0,1086509.0,66857.0
2025-12-17T18:23:25.913166,4,4.568916145573963,0.15882784913718462,0.2576828037042596,538.0,93.0,2.0,1121252.0,1.0,1605128.0,79105.0
2025-12-17T18:23:26.014119,5,4.572387383050872,0.15291707624062534,0.22092902225652306,568.0,111.0,2.0,771143.0,1.0,1611661.0,67243.0
2025-12-17T18:23:26.512300,0,4.6273970432435885,0.16239970849096586,0.11732125422362563,509.0,77.0,2.0,497324.0,1.0,1222320.0,68972.0
2025-12-17T18:23:26.610771,1,4.638130488744499,0.16394854922319335,0.09362947547988536,527.0,87.0,2.0,676932.0,1.0,1421001.0,66812.0
2025-12-17T18:23:26.712170,2,4.649768800241537,0.16461724399972044,0.06817395776347382,595.0,128.0,2.0,718967.0,1.0,1030980.0,58353.0
2025-12-17T18:23:26.813992,3,4.652323557308725,0.16175097185955623,0.05060084818100792,596.0,129.0,2.0,919847.0,1.0,1070087.0,63462.0
2025-12-17T18:23:26.917058,4,4.657223453706321,0.1605475675449881,0.02883532732462685,597.0,130.0,2.0,1086509.0,1.0,1580867.0,74707.0
2025-12-17T18:23:27.014154,5,4.66808274346063,0.1607888801343107,0.0082239630852232,600.0,132.0,2.0,780068.0,1.0,1610570.0,65204.0
2025-12-17T18:23:27.518469,0,4.723130428771277,0.1580186995666264,-0.11643142571904926,504.0,74.0,2.0,497661.0,1.0,1209153.0,69323.0
2025-12-17T18:23:27.610023,1,4.734151016446817,0.1556791696417248,-0.14112144292954715,602.0,133.0,2.0,644077.0,1.0,1400944.0,62186.0
2025-12-17T18:23:27.713818,2,4.736448512645345,0.1486832609859805,-0.1546266577646259,647.0,164.0,2.0,666926.0,1.0,1005820.0,55539.0
2025-12-17T18:23:27.811191,3,4.740574168199087,0.14302892905520914,-0.17472136384595116,699.0,205.0,2.0,866361.0,1.0,1008206.0,57509.0
2025-12-17T18:23:27.913359,4,4.751554990748086,0.14133935591432256,-0.19675552914114336,658.0,173.0,2.0,1019529.0,1.0,1495510.0,70530.0
2025-12-17T18:23:28.011842,5,4.762776820592907,0.13914335730021343,-0.22312914017015295,598.0,130.0,2.0,778486.0,1.0,1593221.0,65336.0
2025-12-17T18:23:28.514551,0,4.819907398450133,0.12296704864668806,-0.33678395361278796,570.0,113.0,2.0,482077.0,1.0,1199371.0,65049.0
2025-12-17T18:23:28.611474,1,4.823932828670161,0.12313587510691582,-0.34704640507543744,720.0,222.0,3.0,619071.0,1.0,1329345.0,55633.0
2025-12-17T18:23:28.710225,2,4.830872535402418,0.12196818549136257,-0.37101748111455546,800.0,296.0,3.0,657735.0,1.0,939989.0,48066.0
2025-12-17T18:23:28.810666,3,4.84119771437951,0.11718851739149172,-0.39399321824270045,804.0,309.0,3.0,833853.0,1.0,922341.0,51711.0
2025-12-17T18:23:28.911699,4,4.850317459748586,0.11316449841890841,-0.41553369008124136,748.0,247.0,3.0,979615.0,1.0,1441345.0,64764.0
2025-12-17T18:23:29.013887,5,4.864811198678067,0.10725643368587612,-0.4403433313674162,589.0,124.0,2.0,747249.0,1.0,1619316.0,65914.0
2025-12-17T18:23:29.514290,1,4.911915042153405,0.08316926184100115,-0.5434172566611496,812.0,333.0,3.0,596851.0,1.0,1268684.0,49906.0
2025-12-17T18:23:29.610466,2,4.917565598370919,0.07794727556605907,-0.5635279163560339,827.0,378.0,3.0,631343.0,1.0,899223.0,44829.0
2025-12-17T18:23:29.716122,3,4.919824441363628,0.07249514365297394,-0.5749893732010828,832.0,391.0,3.0,789364.0,1.0,847797.0,48294.0
2025-12-17T18:23:29.813665,5,4.926640636252114,0.06866417851353579,-0.5909545151267434,621.0,146.0,2.0,744724.0,1.0,1558027.0,63936.0
2025-12-17T18:23:30.511246,0,4.987713149112365,0.020422584722336934,-0.7558794560073714,668.0,180.0,2.0,458214.0,1.0,1133078.0,59288.0
2025-12-17T18:23:30.614063,1,4.996470856422124,0.0127383789100739,-0.7721165007728994,824.0,367.0,3.0,579532.0,1.0,1245708.0,48507.0
2025-12-17T18:23:30.709023,2,5.002322417930654,0.007338173901264566,-0.7861518201366172,834.0,398.0,3.0,643206.0,1.0,900441.0,44136.0
2025-12-17T18:23:30.813848,3,5.008685366074839,4.627896328512904e-05,-0.8055271216737484,833.0,394.0,3.0,808836.0,1.0,840369.0,48163.0
2025-12-17T18:23:30.914047,4,5.016823086213329,-0.007875536964998542,-0.828806432329381,802.0,304.0,3.0,944773.0,1.0,1355240.0,61267.0
2025-12-17T18:23:31.515421,0,5.06067565757889,-0.06006407048663798,-0.9578341910446461,715.0,218.0,2.0,452206.0,1.0,1083205.0,56717.0
2025-12-17T18:23:31.614327,1,5.064251501093871,-0.07082535165259873,-0.9760737988674453,823.0,363.0,3.0,587630.0,1.0,1217778.0,48671.0
2025-12-17T18:23:31.712572,2,5.067848404776119,-0.07722702942546156,-0.9863728232590311,836.0,404.0,3.0,644295.0,1.0,892855.0,43927.0
2025-12-17T18:23:31.809209,4,5.0747784235485485,-0.0867932747732274,-1.0041665528988941,804.0,309.0,3.0,945413.0,1.0,1337016.0,60998.0
2025-12-17T18:23:31.913131,5,5.080788707426668,-0.09672363279494811,-1.0249238204410316,649.0,166.0,2.0,732723.0,1.0,1554340.0,62207.0
2025-12-17T18:23:32.514258,0,5.106676694442582,-0.15292662795846024,-1.170746763015606,719.0,222.0,3.0,445823.0,1.0,1100573.0,56468.0
2025-12-17T18:23:32.616846,1,5.110855467884681,-0.16556032279631427,-1.1912965407705531,850.0,447.0,3.0,582482.0,1.0,1169706.0,45671.0
2025-12-17T18:23:32.710644,2,5.11377903550822,-0.1722126618041404,-1.2094178234175248,834.0,398.0,3.0,634127.0,1.0,870476.0,44121.0
2025-12-17T18:23:32.813249,3,5.117367302015737,-0.1822244029525555,-1.2358007480679165,833.0,395.0,3.0,796610.0,1.0,838380.0,48131.0
2025-12-17T18:23:32.916001,4,5.120889532008248,-0.19265199913622366,-1.2614382748000512,802.0,304.0,3.0,947014.0,1.0,1320824.0,61246.0
2025-12-17T18:23:33.014782,5,5.124312931381155,-0.20348993303460272,-1.2853885017529023,680.0,190.0,2.0,710741.0,1.0,1495004.0,60423.0
2025-12-17T18:23:33.517635,0,5.139851536114964,-0.2583210811669041,-1.3747203245559942,768.0,265.0,3.0,450525.0,1.0,1044325.0,53964.0
2025-12-17T18:23:33.612146,1,5.141394719637866,-0.26578754032666607,-1.3920408608663817,848.0,442.0,3.0,582482.0,1.0,1171687.0,45826.0
2025-12-17T18:23:33.717791,2,5.143220750091761,-0.276846584449695,-1.4122717147458517,820.0,357.0,3.0,640382.0,1.0,873427.0,45594.0
2025-12-17T18:23:33.811375,3,5.145889312690068,-0.2888038861695317,-1.4278485022678822,821.0,360.0,3.0,813228.0,1.0,843218.0,49502.0
2025-12-17T18:23:33.916480,4,5.1475995743217755,-0.2997534463820166,-1.4572582377633574,798.0,294.0,3.0,934596.0,1.0,1344731.0,61808.0
2025-12-17T18:23:34.012022,5,5.1477747571103105,-0.31020852578557867,-1.4656257771362613,696.0,202.0,2.0,730990.0,1.0,1493487.0,59529.0
2025-12-17T18:23:34.510490,0,5.159744907854612,-0.3724351615873418,-1.3942017010527092,765.0,263.0,3.0,445823.0,1.0,1058560.0,54074.0
2025-12-17T18:23:34.616797,1,5.162028939072334,-0.38664091533451117,-1.4105087390040194,832.0,393.0,3.0,586041.0,1.0,1168914.0,47516.0
2025-12-17T18:23:34.716158,2,5.163107863834328,-0.39351353397769606,-1.4263444585578737,812.0,331.0,3.0,636062.0,1.0,901051.0,46608.0
2025-12-17T18:23:34.814246,3,5.164599491007865,-0.40444272177142726,-1.4374898036409787,815.0,341.0,3.0,826267.0,1.0,837813.0,50262.0
2025-12-17T18:23:34.918783,4,5.166334523597302,-0.416685294948959,-1.4650927884348712,802.0,303.0,3.0,939671.0,1.0,1333401.0,61329.0
2025-12-17T18:23:35.019383,5,5.167261953820136,-0.4315996206004564,-1.486163776167147,682.0,191.0,2.0,697397.0,1.0,1465943.0,60300.0
2025-12-17T18:23:35.518361,0,5.173530064355409,-0.4903210868715917,-1.4980184282682458,738.0,238.0,3.0,449611.0,1.0,1048221.0,55483.0
2025-12-17T18:23:35.614921,1,5.17404439320253,-0.49798279578005644,-1.4957871953606567,813.0,334.0,3.0,602126.0,1.0,1194510.0,49855.0
2025-12-17T18:23:35.709625,2,5.174984110502663,-0.5097169780335558,-1.4930906674730253,788.0,285.0,3.0,656623.0,1.0,886831.0,48589.0
2025-12-17T18:23:35.811358,3,5.175897751475761,-0.5214778199862378,-1.4910635157123797,801.0,300.0,3.0,837529.0,1.0,859352.0,52133.0
2025-12-17T18:23:35.910590,4,5.1766962024059655,-0.5326785818649178,-1.4770240418177196,788.0,285.0,3.0,951190.0,1.0,1303505.0,62376.0
2025-12-17T18:23:36.014023,5,5.178556111391989,-0.5478572967103377,-1.4518505286818497,725.0,226.0,3.0,710981.0,1.0,1413327.0,57920.0
2025-12-17T18:23:36.518561,0,5.1880337371025975,-0.6033926036817143,-1.3462098870779293,698.0,204.0,2.0,453585.0,1.0,1046448.0,57626.0
2025-12-17T18:23:36.613052,2,5.189285391641592,-0.6106487775814917,-1.3297064870104955,748.0,247.0,3.0,684535.0,1.0,912714.0,50449.0
2025-12-17T18:23:36.714021,3,5.191577890948319,-0.6218319041677973,-1.3076410650555341,739.0,239.0,3.0,868416.0,1.0,883536.0,55370.0
2025-12-17T18:23:36.808888,4,5.1945139446471265,-0.6325778559477728,-1.282766846372227,767.0,264.0,3.0,954092.0,1.0,1350204.0,63634.0
2025-12-17T18:23:36.914672,5,5.199168882784347,-0.6469407134510474,-1.2508534354419487,738.0,238.0,3.0,697161.0,1.0,1392436.0,57179.0
2025-12-17T18:23:37.510920,0,5.21896662897597,-0.7093787365433473,-1.1105350748439373,676.0,187.0,2.0,466666.0,1.0,1081007.0,58809.0
2025-12-17T18:23:37.610422,1,5.224347707051761,-0.7201562747398789,-1.090493295262828,792.0,288.0,3.0,612817.0,1.0,1216542.0,51974.0
2025-12-17T18:23:37.713958,3,5.23018242117629,-0.7297900927354577,-1.0736653215478196,710.0,213.0,2.0,868122.0,1.0,895882.0,56948.0
2025-12-17T18:23:37.810311,4,5.2357239381989995,-0.7401034735482928,-1.047585999220099,735.0,235.0,3.0,979615.0,1.0,1344731.0,65558.0
2025-12-17T18:23:37.912785,5,5.236255971424665,-0.7493423806391339,-1.0226860126195032,736.0,236.0,3.0,685230.0,1.0,1395266.0,57296.0
2025-12-17T18:23:38.518378,0,5.272524664346764,-0.805009380643984,-0.8908551207812776,643.0,161.0,2.0,473667.0,1.0,1081739.0,60710.0
2025-12-17T18:23:38.611203,1,5.279652882344884,-0.8135388092175848,-0.8696498715380311,759.0,256.0,3.0,625177.0,1.0,1244444.0,53618.0
2025-12-17T18:23:38.715885,2,5.287134339830443,-0.822785017804583,-0.8482169065086115,693.0,200.0,2.0,675102.0,1.0,920158.0,53166.0
2025-12-17T18:23:38.815015,3,5.297163401313591,-0.8271224174447633,-0.8224402910436226,678.0,188.0,2.0,888033.0,1.0,915189.0,58650.0
2025-12-17T18:23:38.914382,4,5.306437676311028,-0.8311985196969409,-0.7913833532843783,708.0,212.0,2.0,972019.0,1.0,1367218.0,67243.0
2025-12-17T18:23:39.013319,5,5.313836740134406,-0.8395563988774337,-0.7635465404718788,737.0,237.0,3.0,709779.0,1.0,1414284.0,57257.0
2025-12-17T18:23:39.513892,0,5.355593847995335,-0.8765736130898512,-0.6487453314398569,647.0,164.0,2.0,476400.0,1.0,1103557.0,60484.0
2025-12-17T18:23:39.613690,1,5.36428294219439,-0.8834147943593746,-0.6271579237726058,712.0,215.0,2.0,632413.0,1.0,1258847.0,56030.0
2025-12-17T18:23:39.712488,2,5.372578625150356,-0.8900703824648224,-0.6128748045130211,685.0,194.0,2.0,687321.0,1.0,927349.0,53528.0
2025-12-17T18:23:39.811721,3,5.38201493977068,-0.8932992248716358,-0.5891110050068391,640.0,160.0,2.0,913023.0,1.0,950225.0,60812.0
2025-12-17T18:23:39.916583,4,5.394652804561789,-0.8874305714720683,-0.5458710325870026,679.0,189.0,2.0,1011281.0,1.0,1392907.0,69089.0
2025-12-17T18:23:40.015029,5,5.405238571200083,-0.8930883231856808,-0.5231310786447737,731.0,232.0,3.0,691053.0,1.0,1408551.0,57568.0
2025-12-17T18:23:40.517581,0,5.455726987049279,-0.9193791765696144,-0.404964074370878,601.0,133.0,2.0,479636.0,1.0,1105426.0,63140.0
2025-12-17T18:23:40.613906,1,5.4646721404581955,-0.9245048636857529,-0.37510416956753145,679.0,189.0,2.0,649550.0,1.0,1256718.0,57802.0
2025-12-17T18:23:40.713293,2,5.4770604266843685,-0.9305497126440845,-0.3407829352332634,649.0,166.0,2.0,685926.0,1.0,947655.0,55408.0
2025-12-17T18:23:40.814289,3,5.484993216824238,-0.9330299709852776,-0.3288809900552102,624.0,148.0,2.0,893459.0,1.0,955708.0,61725.0
2025-12-17T18:23:40.913495,4,5.485698671675529,-0.9279769292309286,-0.30264500729236177,670.0,182.0,2.0,1009230.0,1.0,1411415.0,69699.0
2025-12-17T18:23:41.017948,5,5.498391068267208,-0.9287593941179924,-0.2735884631676781,727.0,228.0,3.0,701896.0,1.0,1394322.0,57783.0
2025-12-17T18:23:41.515692,0,5.548868974758258,-0.9393899000412889,-0.1705003598973681,586.0,123.0,2.0,482077.0,1.0,1106175.0,64044.0
2025-12-17T18:23:41.613145,1,5.560303399852975,-0.9404381379846571,-0.1445817124409686,643.0,161.0,2.0,671683.0,1.0,1293397.0,59812.0
2025-12-17T18:23:41.712848,2,5.571712701542745,-0.9419310826183478,-0.12532242459509765,632.0,154.0,2.0,697869.0,1.0,958623.0,56315.0
2025-12-17T18:23:41.811438,3,5.585005672810775,-0.9339858499298288,-0.09098126938016048,597.0,130.0,2.0,934280.0,1.0,974984.0,63333.0
2025-12-17T18:23:41.915435,4,5.597659975799331,-0.930858965845409,-0.06285675848743795,637.0,157.0,2.0,1051063.0,1.0,1437934.0,71928.0
2025-12-17T18:23:42.011526,5,5.608762353288322,-0.9311318884897524,-0.03884327002750077,696.0,202.0,2.0,717023.0,1.0,1406170.0,59529.0
2025-12-17T18:23:42.514920,0,5.664422534636413,-0.9323542967008076,0.07695606782701009,562.0,107.0,2.0,485187.0,1.0,1155931.0,65580.0
2025-12-17T18:23:42.615648,1,5.675512712364072,-0.9307840741849962,0.10192781012445223,620.0,145.0,2.0,662427.0,1.0,1304829.0,61143.0
2025-12-17T18:23:42.718150,2,5.679400383628638,-0.9260105431790322,0.13630305914631122,621.0,146.0,2.0,694335.0,1.0,969718.0,56890.0
2025-12-17T18:23:42.812174,3,5.687194707142908,-0.9220185101700822,0.15991386468908536,589.0,125.0,2.0,920158.0,1.0,983601.0,63828.0
2025-12-17T18:23:42.911203,4,5.699471144995311,-0.9203090387864241,0.17656695954283663,623.0,147.0,2.0,1058918.0,1.0,1447700.0,72908.0
2025-12-17T18:23:43.016313,5,5.71546406485302,-0.9162715312052718,0.20632372851635347,680.0,190.0,2.0,715568.0,1.0,1428717.0,60402.0
2025-12-17T18:23:43.515573,0,5.764774954344354,-0.9018940807144786,0.31332980242477004,575.0,116.0,2.0,486997.0,1.0,1147356.0,64742.0
2025-12-17T18:23:43.613513,1,5.763057581169477,-0.8887776264695211,0.3506267698246923,602.0,133.0,2.0,662427.0,1.0,1298661.0,62186.0
2025-12-17T18:23:43.714954,2,5.76574997631593,-0.8794638184045369,0.37899943399324487,587.0,123.0,2.0,690118.0,1.0,975644.0,58789.0
2025-12-17T18:23:43.816821,3,5.779936333940932,-0.8736029736715452,0.41168420711464565,574.0,115.0,2.0,921717.0,1.0,997008.0,64764.0
2025-12-17T18:23:43.918952,4,5.7867984878933285,-0.8700521753705013,0.4280036985418611,598.0,131.0,2.0,1038685.0,1.0,1457533.0,74631.0
2025-12-17T18:23:44.013711,5,5.797799407935911,-0.8646688410108763,0.4510193783302172,668.0,180.0,2.0,745986.0,1.0,1456547.0,61122.0
2025-12-17T18:23:44.518698,0,5.851173042828133,-0.8363379192292693,0.5649919362669557,562.0,108.0,2.0,492467.0,1.0,1174466.0,65558.0
2025-12-17T18:23:44.618181,1,5.850909408338846,-0.8247241102766278,0.6028921563934327,584.0,122.0,2.0,651752.0,1.0,1338827.0,63226.0
2025-12-17T18:23:44.718257,2,5.852126201698159,-0.8173957401545835,0.6247262920709375,595.0,129.0,2.0,717751.0,1.0,971361.0,58333.0
2025-12-17T18:23:44.813054,3,5.861377727212778,-0.8106875672369844,0.6453479667200493,556.0,104.0,2.0,965461.0,1.0,1020220.0,65914.0
2025-12-17T18:23:44.917466,4,5.872604124121531,-0.801151422956522,0.6747644021592474,591.0,126.0,2.0,1066471.0,1.0,1495004.0,75113.0
2025-12-17T18:23:45.016178,5,5.881914969991777,-0.7943101355087481,0.6985238478874378,645.0,163.0,2.0,729507.0,1.0,1463960.0,62418.0
2025-12-17T18:23:45.513929,0,5.925696516391993,-0.7581094322610271,0.8102422363697981,553.0,102.0,2.0,492467.0,1.0,1164965.0,66160.0
2025-12-17T18:23:45.615180,1,5.944562853600362,-0.742291551095837,0.839772856298315,589.0,125.0,2.0,679227.0,1.0,1359374.0,62927.0
2025-12-17T18:23:45.710412,2,5.949639844273617,-0.736170199346529,0.8540259491721093,549.0,100.0,2.0,709299.0,1.0,996670.0,60936.0
2025-12-17T18:23:45.812048,3,5.956330720319793,-0.7270822366016334,0.8733441156526904,550.0,100.0,2.0,930178.0,1.0,1016773.0,66294.0
2025-12-17T18:23:45.913366,4,5.964485633578762,-0.7186911776398921,0.8991634183327383,580.0,119.0,2.0,1066832.0,1.0,1485421.0,75905.0
2025-12-17T18:23:46.011164,5,5.972239617363349,-0.7099633275833492,0.9176916276514251,646.0,164.0,2.0,740201.0,1.0,1473903.0,62376.0
2025-12-17T18:23:46.518745,0,6.028415487186355,-0.6468453692370724,1.0553597974676354,536.0,92.0,2.0,501550.0,1.0,1150078.0,67243.0
2025-12-17T18:23:46.613234,1,6.031664066542659,-0.6389251280936392,1.069741620999864,555.0,103.0,2.0,687321.0,1.0,1372318.0,65027.0
2025-12-17T18:23:46.717103,2,6.037056308102347,-0.6287967929505562,1.0932358448293553,555.0,104.0,2.0,716780.0,1.0,999373.0,60586.0
2025-12-17T18:23:46.809586,3,6.042497148277896,-0.6187122160040235,1.1153705304460029,549.0,100.0,2.0,944773.0,1.0,1070087.0,66339.0
2025-12-17T18:23:46.914334,4,6.047248433363481,-0.6081715544642732,1.1357210308728516,556.0,104.0,2.0,1098712.0,1.0,1537076.0,77672.0
2025-12-17T18:23:47.011530,5,6.051414904171263,-0.5970727150523838,1.1606417155038025,625.0,149.0,2.0,759488.0,1.0,1488441.0,63655.0
2025-12-17T18:23:47.513183,0,6.089684668221544,-0.5329399671910946,1.294900902038583,538.0,93.0,2.0,499348.0,1.0,1184045.0,67107.0
2025-12-17T18:23:47.614517,1,6.096660399293264,-0.5189139651535579,1.3092151611078737,541.0,95.0,2.0,671001.0,1.0,1377903.0,65936.0
2025-12-17T18:23:47.715139,2,6.099697273812886,-0.5066284154063934,1.3109382619350947,544.0,97.0,2.0,709059.0,1.0,1004799.0,61246.0
2025-12-17T18:23:47.811425,3,6.102759280357973,-0.4947321345535398,1.3114233046190258,546.0,98.0,2.0,940626.0,1.0,1059994.0,66564.0
2025-12-17T18:23:47.914846,4,6.105832443490611,-0.4828227688581719,1.3079650106727745,568.0,111.0,2.0,1102064.0,1.0,1527741.0,76809.0
2025-12-17T18:23:48.011217,5,6.108150956075072,-0.4714649606847816,1.3077221100037157,597.0,130.0,2.0,750798.0,1.0,1502105.0,65336.0
2025-12-17T18:23:48.517073,0,6.127200288053619,-0.4013183044088793,1.3917232090045655,523.0,85.0,2.0,498166.0,1.0,1183644.0,68044.0
2025-12-17T18:23:48.614371,1,6.128455284369541,-0.38974207275460815,1.4070592895433927,539.0,94.0,2.0,694100.0,1.0,1366293.0,66025.0
2025-12-17T18:23:48.710645,2,6.130741864637111,-0.37835947064795317,1.4122794995812487,547.0,99.0,2.0,709299.0,1.0,1006501.0,61081.0
2025-12-17T18:23:48.811443,3,6.132928788783936,-0.36673980617845636,1.4120072958580474,537.0,93.0,2.0,964808.0,1.0,1074805.0,67084.0
2025-12-17T18:23:48.917209,4,6.132654036009372,-0.3608891031516359,1.4147080852558813,548.0,99.0,2.0,1071899.0,1.0,1577126.0,78332.0
2025-12-17T18:23:49.016830,5,6.132347194640432,-0.360699458770362,1.4154341553188587,595.0,129.0,2.0,775593.0,1.0,1546469.0,65469.0
2025-12-17T18:23:49.515892,1,6.132505070217556,-0.36091605653439407,1.4154361757724132,541.0,95.0,2.0,667603.0,1.0,1391022.0,65914.0
2025-12-17T18:23:49.616089,2,6.132505070217556,-0.36091605653439407,1.4154361757724132,530.0,89.0,2.0,736951.0,1.0,1022294.0,62060.0
2025-12-17T18:23:49.716397,3,6.132505070217556,-0.36091605653439407,1.4154361757724132,536.0,92.0,2.0,996333.0,1.0,1074805.0,67175.0
2025-12-17T18:23:49.813229,4,6.132505070217556,-0.36091605653439407,1.4154361757724132,544.0,97.0,2.0,1102064.0,1.0,1568609.0,78598.0
2025-12-17T18:23:49.917717,5,6.132505070217556,-0.36091605653439407,1.4154361757724132,563.0,108.0,2.0,759488.0,1.0,1579797.0,67494.0
2025-12-17T18:23:50.515140,0,6.132505070217556,-0.36091605653439407,1.4154361757724132,528.0,88.0,2.0,501380.0,1.0,1186452.0,67746.0
2025-12-17T18:23:50.614076,1,6.132505070217556,-0.36091605653439407,1.4154361757724132,550.0,101.0,2.0,683146.0,1.0,1392907.0,65336.0
2025-12-17T18:23:50.709651,2,6.132505070217556,-0.36091605653439407,1.4154361757724132,537.0,93.0,2.0,717751.0,1.0,1020220.0,61683.0
2025-12-17T18:23:50.811520,3,6.132505070217556,-0.36091605653439407,1.4154361757724132,520.0,83.0,2.0,942857.0,1.0,1097969.0,68229.0
2025-12-17T18:23:50.915675,4,6.132505070217556,-0.36091605653439407,1.4154361757724132,537.0,93.0,2.0,1083938.0,1.0,1565427.0,79105.0
2025-12-17T18:23:51.017756,5,6.132505070217556,-0.36091605653439407,1.4154361757724132,564.0,109.0,2.0,762320.0,1.0,1555392.0,67448.0
2025-12-17T18:23:51.518290,0,6.132505070217556,-0.36091605653439407,1.4154361757724132,504.0,74.0,2.0,502399.0,1.0,1204252.0,69323.0
2025-12-17T18:23:51.612983,1,6.132505070217556,-0.36091605653439407,1.4154361757724132,517.0,81.0,2.0,700709.0,1.0,1405218.0,67448.0
2025-12-17T18:23:51.721176,2,6.132505070217556,-0.36091605653439407,1.4154361757724132,526.0,86.0,2.0,728273.0,1.0,1024718.0,62334.0
2025-12-17T18:23:51.814562,3,6.132505070217556,-0.36091605653439407,1.4154361757724132,515.0,80.0,2.0,952801.0,1.0,1111429.0,68576.0
2025-12-17T18:23:51.914571,4,6.132505070217556,-0.36091605653439407,1.4154361757724132,540.0,94.0,2.0,1091300.0,1.0,1587301.0,78917.0
2025-12-17T18:23:52.012614,5,6.132505070217556,-0.36091605653439407,1.4154361757724132,564.0,109.0,2.0,783773.0,1.0,1569671.0,67425.0
2025-12-17T18:23:52.518826,0,6.132505070217556,-0.36091605653439407,1.4154361757724132,508.0,76.0,2.0,503080.0,1.0,1205476.0,69065.0
2025-12-17T18:23:52.614810,1,6.132505070217556,-0.36091605653439407,1.4154361757724132,510.0,77.0,2.0,675787.0,1.0,1424371.0,67929.0
2025-12-17T18:23:52.715231,2,6.132505070217556,-0.36091605653439407,1.4154361757724132,524.0,86.0,2.0,724585.0,1.0,1036228.0,62418.0
2025-12-17T18:23:52.813915,3,6.132505070217556,-0.36091605653439407,1.4154361757724132,508.0,77.0,2.0,961548.0,1.0,1109174.0,68995.0
2025-12-17T18:23:52.913696,4,6.132505070217556,-0.36091605653439407,1.4154361757724132,540.0,94.0,2.0,1125434.0,1.0,1591604.0,78944.0
2025-12-17T18:23:53.012081,5,6.132505070217556,-0.36091605653439407,1.4154361757724132,561.0,107.0,2.0,777433.0,1.0,1576059.0,67631.0
2025-12-17T18:23:53.517176,0,6.132505070217556,-0.36091605653439407,1.4154361757724132,504.0,74.0,2.0,503250.0,1.0,1237723.0,69323.0
2025-12-17T18:23:53.612994,1,6.132505070217556,-0.36091605653439407,1.4154361757724132,513.0,79.0,2.0,702371.0,1.0,1433075.0,67700.0
2025-12-17T18:23:53.715454,2,6.132505070217556,-0.36091605653439407,1.4154361757724132,526.0,86.0,2.0,717265.0,1.0,1024025.0,62355.0
2025-12-17T18:23:53.810853,3,6.132505070217556,-0.36091605653439407,1.4154361757724132,518.0,82.0,2.0,967424.0,1.0,1103557.0,68344.0
2025-12-17T18:23:53.915189,4,6.132505070217556,-0.36091605653439407,1.4154361757724132,524.0,85.0,2.0,1115197.0,1.0,1593761.0,80129.0
2025-12-17T18:23:54.514627,0,6.132505070217556,-0.36091605653439407,1.4154361757724132,495.0,69.0,2.0,502229.0,1.0,1236886.0,69936.0
2025-12-17T18:23:54.613602,1,6.132505070217556,-0.36091605653439407,1.4154361757724132,513.0,79.0,2.0,699524.0,1.0,1440857.0,67700.0
2025-12-17T18:23:54.714866,2,6.132505070217556,-0.36091605653439407,1.4154361757724132,526.0,87.0,2.0,729507.0,1.0,1033426.0,62313.0
2025-12-17T18:23:54.816165,4,6.132505070217556,-0.36091605653439407,1.4154361757724132,528.0,87.0,2.0,1124673.0,1.0,1618768.0,79858.0
2025-12-17T18:23:54.912801,5,6.132505070217556,-0.36091605653439407,1.4154361757724132,543.0,96.0,2.0,805285.0,1.0,1617125.0,68855.0
2025-12-17T18:23:55.518663,0,6.132505070217556,-0.36091605653439407,1.4154361757724132,515.0,80.0,2.0,502059.0,1.0,1223562.0,68576.0
2025-12-17T18:23:55.614361,2,6.132505070217556,-0.36091605653439407,1.4154361757724132,522.0,84.0,2.0,729260.0,1.0,1042913.0,62587.0
2025-12-17T18:23:55.709402,3,6.132505070217556,-0.36091605653439407,1.4154361757724132,497.0,71.0,2.0,981274.0,1.0,1150857.0,69747.0
2025-12-17T18:23:55.812191,4,6.132505070217556,-0.36091605653439407,1.4154361757724132,537.0,93.0,2.0,1120873.0,1.0,1611115.0,79131.0
2025-12-17T18:23:55.913434,5,6.132505070217556,-0.36091605653439407,1.4154361757724132,534.0,91.0,2.0,784304.0,1.0,1633075.0,69417.0
2025-12-17T18:23:56.513747,0,6.132505070217556,-0.36091605653439407,1.4154361757724132,502.0,73.0,2.0,502059.0,1.0,1228126.0,69440.0
2025-12-17T18:23:56.616311,1,6.132505070217556,-0.36091605653439407,1.4154361757724132,497.0,70.0,2.0,691755.0,1.0,1432106.0,68785.0
2025-12-17T18:23:56.712292,2,6.132505070217556,-0.36091605653439407,1.4154361757724132,512.0,78.0,2.0,741455.0,1.0,1058560.0,63205.0
2025-12-17T18:23:56.809980,3,6.132505070217556,-0.36091605653439407,1.4154361757724132,521.0,84.0,2.0,954415.0,1.0,1126196.0,68160.0
2025-12-17T18:23:56.915559,4,6.132505070217556,-0.36091605653439407,1.4154361757724132,523.0,85.0,2.0,1118599.0,1.0,1634181.0,80183.0
2025-12-17T18:23:57.015180,5,6.132505070217556,-0.36091605653439407,1.4154361757724132,538.0,94.0,2.0,783243.0,1.0,1616030.0,69135.0
2025-12-17T18:23:57.514283,0,6.132505070217556,-0.36091605653439407,1.4154361757724132,495.0,69.0,2.0,505469.0,1.0,1232706.0,69959.0
2025-12-17T18:23:57.612540,1,6.132505070217556,-0.36091605653439407,1.4154361757724132,509.0,77.0,2.0,688718.0,1.0,1470913.0,67975.0
2025-12-17T18:23:57.713686,3,6.132505070217556,-0.36091605653439407,1.4154361757724132,510.0,77.0,2.0,990282.0,1.0,1174466.0,68925.0
2025-12-17T18:23:57.813778,4,6.132505070217556,-0.36091605653439407,1.4154361757724132,497.0,70.0,2.0,1146580.0,1.0,1634734.0,82272.0
2025-12-17T18:23:57.917279,5,6.132505070217556,-0.36091605653439407,1.4154361757724132,550.0,101.0,2.0,808015.0,1.0,1639721.0,68344.0
2025-12-17T18:23:58.515717,0,6.132505070217556,-0.36091605653439407,1.4154361757724132,490.0,67.0,2.0,506668.0,1.0,1256718.0,70292.0
2025-12-17T18:23:58.611193,1,6.132505070217556,-0.36091605653439407,1.4154361757724132,511.0,78.0,2.0,697397.0,1.0,1445252.0,67837.0
2025-12-17T18:23:58.714051,2,6.132505070217556,-0.36091605653439407,1.4154361757724132,508.0,77.0,2.0,746996.0,1.0,1062868.0,63397.0
2025-12-17T18:23:58.814771,3,6.13273738641076,-0.3606639871913777,1.4164263489312827,498.0,71.0,2.0,968079.0,1.0,1177252.0,69699.0
2025-12-17T18:23:58.917866,4,6.135413070618212,-0.3535025145231807,1.4115062468842323,502.0,73.0,2.0,1110301.0,1.0,1645280.0,81828.0
2025-12-17T18:23:59.016556,5,6.138212187269225,-0.3427695745379582,1.4115107154785589,526.0,87.0,2.0,788296.0,1.0,1638057.0,69936.0
2025-12-17T18:23:59.513257,0,6.147302752031243,-0.2825102723377251,1.411017663632444,491.0,67.0,2.0,516188.0,1.0,1256718.0,70196.0
2025-12-17T18:23:59.614067,1,6.1492506489843475,-0.27188222230971215,1.4132370431782857,494.0,69.0,2.0,695746.0,1.0,1452608.0,68972.0
2025-12-17T18:23:59.715068,2,6.151269692156476,-0.26094889371357777,1.4098161723235747,493.0,68.0,2.0,726304.0,1.0,1046094.0,64349.0
2025-12-17T18:23:59.814598,3,6.153682230764543,-0.2511254120166053,1.395973526022021,508.0,77.0,2.0,962199.0,1.0,1175659.0,69019.0
2025-12-17T18:23:59.917134,4,6.156458165488398,-0.24067936418587976,1.377643730577992,514.0,80.0,2.0,1139231.0,1.0,1668270.0,80946.0
2025-12-17T18:24:00.012653,5,6.157583816704861,-0.22910449845655467,1.3605997396205092,513.0,79.0,2.0,814881.0,1.0,1650299.0,70817.0
2025-12-17T18:24:00.514714,0,6.173390933070386,-0.17437987159486257,1.248153087700696,487.0,65.0,2.0,502059.0,1.0,1257569.0,70458.0
2025-12-17T18:24:00.611553,1,6.179992266837523,-0.15859708188445554,1.2270995348507556,499.0,72.0,2.0,693865.0,1.0,1453100.0,68646.0
2025-12-17T18:24:00.711172,2,6.187280341046254,-0.13561966562294003,1.2107494317403675,514.0,80.0,2.0,752070.0,1.0,1063587.0,63055.0
2025-12-17T18:24:00.813110,3,6.191207391915236,-0.12392493004521032,1.1941716678159393,496.0,70.0,2.0,1000049.0,1.0,1179246.0,69865.0
2025-12-17T18:24:00.920635,5,6.196137461821702,-0.10927401542597748,1.1642832087045563,500.0,72.0,2.0,792845.0,1.0,1666013.0,71709.0
2025-12-17T18:24:01.518242,0,6.227667981168412,-0.04932533023157548,1.0229657979480697,468.0,55.0,1.0,513748.0,1.0,1263970.0,71806.0
2025-12-17T18:24:01.613463,1,6.2310055193684875,-0.041954069446379805,1.0099600821399823,505.0,75.0,2.0,715326.0,1.0,1484919.0,68298.0
2025-12-17T18:24:01.713780,2,6.224565549840408,-0.014558551333395453,0.9947962209530632,505.0,75.0,2.0,750798.0,1.0,1074442.0,63612.0
2025-12-17T18:24:01.813913,3,6.227893777131657,-0.002944076858980349,0.9741931612693485,494.0,69.0,2.0,962525.0,1.0,1186452.0,69959.0
2025-12-17T18:24:01.913119,4,6.23506258154227,0.0055189927563601415,0.9511078921753232,508.0,77.0,2.0,1134613.0,1.0,1672793.0,81358.0
2025-12-17T18:24:02.011052,5,6.241149907152052,0.015191985516354478,0.9279169322061762,510.0,77.0,2.0,790969.0,1.0,1669400.0,71081.0
2025-12-17T18:24:02.519867,0,6.2808212806850445,0.061667860136506825,0.8081935670902831,495.0,69.0,2.0,507183.0,1.0,1249086.0,69983.0
2025-12-17T18:24:02.610335,1,6.287292475361969,0.06432360526085779,0.7858096636934147,485.0,64.0,1.0,695746.0,1.0,1499565.0,69581.0
2025-12-17T18:24:02.715588,2,6.295489146473773,0.070718692991246,0.7597124433142347,496.0,70.0,2.0,749529.0,1.0,1075169.0,64196.0
2025-12-17T18:24:02.815601,3,6.30587984084715,0.08111774383504278,0.7289912777433709,499.0,71.0,2.0,978289.0,1.0,1207926.0,69676.0
2025-12-17T18:24:02.911486,4,6.311916554908746,0.08629669948056229,0.7193418407473283,520.0,83.0,2.0,1146580.0,1.0,1710001.0,80427.0
2025-12-17T18:24:03.014790,5,6.320675945200955,0.09382764380932507,0.6940379182355199,526.0,87.0,2.0,813503.0,1.0,1684155.0,69936.0
2025-12-17T18:24:03.517126,0,6.367162816395465,0.12628805573059365,0.5778615680567519,486.0,65.0,2.0,500871.0,1.0,1272986.0,70578.0
2025-12-17T18:24:03.612347,1,6.369270962605411,0.1264895859737032,0.5450660920393359,502.0,73.0,2.0,691053.0,1.0,1468426.0,68460.0
2025-12-17T18:24:03.712715,2,6.372687656822623,0.1271833346486071,0.5181359663822137,512.0,79.0,2.0,751561.0,1.0,1083571.0,63183.0
2025-12-17T18:24:03.812769,3,6.382419025523974,0.13269479456571398,0.4946300531672335,495.0,69.0,2.0,985601.0,1.0,1196128.0,69912.0
2025-12-17T18:24:03.918166,4,6.392592323949513,0.13735208959319323,0.46523854662849956,498.0,71.0,2.0,1150857.0,1.0,1685295.0,82216.0
2025-12-17T18:24:04.011376,5,6.402740292491157,0.14151042990415474,0.4449691312848562,514.0,80.0,2.0,797960.0,1.0,1718123.0,70769.0
2025-12-17T18:24:04.517270,0,6.4421525569196065,0.15778301964054275,0.3358841382710531,471.0,57.0,1.0,509764.0,1.0,1285977.0,71588.0
2025-12-17T18:24:04.614941,1,6.43944729949106,0.15537409879233888,0.30613621313606215,518.0,82.0,2.0,732475.0,1.0,1470913.0,67448.0
2025-12-17T18:24:04.712749,2,6.449887125276298,0.1582755747752107,0.2819418797502916,509.0,77.0,2.0,730990.0,1.0,1074442.0,63376.0
2025-12-17T18:24:04.816371,3,6.465209475436,0.16317402163383,0.25296730424041275,474.0,59.0,1.0,1003440.0,1.0,1205476.0,71346.0
2025-12-17T18:24:04.919040,4,6.476735439297026,0.16631222455805483,0.22847549456008884,493.0,69.0,2.0,1160636.0,1.0,1667706.0,82551.0
2025-12-17T18:24:05.016037,5,6.483839939276052,0.16816251476207844,0.20707867645928144,511.0,78.0,2.0,825988.0,1.0,1710580.0,70985.0
2025-12-17T18:24:05.514841,0,6.539356490617165,0.175004309031082,0.092598231065611,492.0,68.0,2.0,506154.0,1.0,1296026.0,70149.0
2025-12-17T18:24:05.610153,1,6.553771188808456,0.1729350784562933,0.0750417264115446,489.0,66.0,2.0,717994.0,1.0,1495004.0,69346.0
2025-12-17T18:24:05.709244,2,6.565742719363,0.17456350466143755,0.05562099789574667,500.0,72.0,2.0,760517.0,1.0,1081007.0,63915.0
2025-12-17T18:24:05.813764,3,6.577160995498474,0.17512661438938126,0.03483966701998102,502.0,73.0,2.0,994649.0,1.0,1221080.0,69464.0
2025-12-17T18:24:05.916260,4,6.588391475296716,0.1756635428004616,0.009244539004810043,499.0,72.0,2.0,1149689.0,1.0,1701918.0,82077.0
2025-12-17T18:24:06.012506,5,6.600005658999928,0.17550052567020868,-0.012509681424447144,524.0,86.0,2.0,785367.0,1.0,1704800.0,70078.0
2025-12-17T18:24:06.517962,0,6.6428218733685,0.16993774083947955,-0.12968601989575382,486.0,65.0,2.0,508042.0,1.0,1302182.0,70578.0
2025-12-17T18:24:06.610921,1,6.649975896657982,0.1688749526659259,-0.1464879536206884,522.0,84.0,2.0,709299.0,1.0,1486930.0,67198.0
2025-12-17T18:24:06.712580,2,6.660454100731084,0.16590332160630883,-0.1701329562220721,529.0,88.0,2.0,741957.0,1.0,1086509.0,62186.0
2025-12-17T18:24:06.810070,3,6.67172329179243,0.16407154495218812,-0.19090161709550238,531.0,89.0,2.0,957327.0,1.0,1198154.0,67562.0
2025-12-17T18:24:06.918530,4,6.686369111438889,0.16129780082520373,-0.21870392245090714,502.0,73.0,2.0,1146580.0,1.0,1699615.0,81856.0
2025-12-17T18:24:07.016564,5,6.696478901249224,0.15842299103078794,-0.2461224935200603,512.0,79.0,2.0,815433.0,1.0,1708844.0,70913.0
2025-12-17T18:24:07.513378,0,6.734498117689991,0.1482064329012025,-0.3300337671748237,517.0,81.0,2.0,501550.0,1.0,1269973.0,68530.0
2025-12-17T18:24:07.613533,1,6.74536679247431,0.14429209934200316,-0.3538315367033241,554.0,103.0,2.0,694100.0,1.0,1491972.0,65137.0
2025-12-17T18:24:07.713765,2,6.756198542064161,0.14106400899239402,-0.3743623893063538,546.0,98.0,2.0,737450.0,1.0,1086877.0,61184.0
2025-12-17T18:24:07.811540,3,6.766541785484423,0.13711510774479008,-0.3981640750176127,557.0,105.0,2.0,973665.0,1.0,1203845.0,65869.0
2025-12-17T18:24:07.912268,4,6.776452574852304,0.13280777310960312,-0.4206752452219648,499.0,72.0,2.0,1124292.0,1.0,1750998.0,82077.0
2025-12-17T18:24:08.015796,5,6.7903060187042374,0.12614461606501992,-0.45057190024550503,498.0,71.0,2.0,815433.0,1.0,1725699.0,71879.0
2025-12-17T18:24:08.517894,1,6.823792894686504,0.10524205716522461,-0.5293752995705228,589.0,125.0,2.0,686623.0,1.0,1449171.0,63012.0
2025-12-17T18:24:08.611797,2,6.8339960240401085,0.10017413340781278,-0.54970604075826,563.0,108.0,2.0,739450.0,1.0,1088718.0,60218.0
2025-12-17T18:24:08.716120,3,6.843628459507105,0.09397548242010512,-0.5785901010332855,568.0,112.0,2.0,954415.0,1.0,1184847.0,65182.0
2025-12-17T18:24:08.814555,4,6.852253513258279,0.08722210419074239,-0.5988205811323691,498.0,71.0,2.0,1159850.0,1.0,1716379.0,82189.0
2025-12-17T18:24:08.915207,5,6.862196059350018,0.08132769810172258,-0.618946265527515,501.0,73.0,2.0,818474.0,1.0,1735657.0,71685.0
2025-12-17T18:24:09.516011,0,6.897063598816277,0.03606551151419968,-0.7420501148117613,529.0,88.0,2.0,494471.0,1.0,1281198.0,67723.0
2025-12-17T18:24:09.614768,1,6.904775907717267,0.02790029319667342,-0.7655551088411147,615.0,142.0,2.0,686159.0,1.0,1442809.0,61454.0
2025-12-17T18:24:09.718852,2,6.916460729936458,0.0173825627083235,-0.7882746176557858,579.0,118.0,2.0,720184.0,1.0,1069725.0,59308.0
2025-12-17T18:24:09.812536,3,6.922323631993549,0.012387015240683308,-0.8055080876457106,587.0,123.0,2.0,943495.0,1.0,1176455.0,64023.0
2025-12-17T18:24:09.914991,4,6.929148552845945,0.004127976099337349,-0.8289809322126792,508.0,76.0,2.0,1110676.0,1.0,1736244.0,81441.0
2025-12-17T18:24:10.013860,5,6.938098887145687,-0.0043122466170015805,-0.8528227131513567,496.0,70.0,2.0,825988.0,1.0,1735657.0,72001.0
2025-12-17T18:24:10.516740,0,6.983601181614518,-0.050058782001078495,-0.9555932540092784,546.0,98.0,2.0,501380.0,1.0,1255868.0,66654.0
2025-12-17T18:24:10.611365,1,6.989304654683036,-0.05918844499435583,-0.9694311041278225,603.0,134.0,2.0,672593.0,1.0,1454084.0,62186.0
2025-12-17T18:24:10.709972,2,6.995258521485518,-0.06803412836946476,-0.9968253894463112,597.0,130.0,2.0,732971.0,1.0,1079910.0,58254.0
2025-12-17T18:24:10.816001,3,7.000690714045135,-0.0776828480269649,-1.022581028227606,597.0,130.0,2.0,957327.0,1.0,1158281.0,63440.0
2025-12-17T18:24:10.920830,4,7.0099900184667385,-0.09177429420767869,-1.050667183299047,539.0,94.0,2.0,1138460.0,1.0,1700766.0,79051.0
2025-12-17T18:24:11.017080,5,7.01696374528101,-0.10130829556549736,-1.0671577390727156,504.0,74.0,2.0,802836.0,1.0,1756934.0,71491.0
2025-12-17T18:24:11.518467,0,7.036651217786668,-0.15058150288004724,-1.1825185347503449,556.0,104.0,2.0,493468.0,1.0,1287719.0,66003.0
2025-12-17T18:24:11.613969,1,7.039471735754448,-0.15731216459433073,-1.197783962927585,612.0,140.0,2.0,685230.0,1.0,1454084.0,61620.0
2025-12-17T18:24:11.715105,2,7.043614023571315,-0.16890348773888686,-1.2151486105926212,611.0,139.0,2.0,716537.0,1.0,1066832.0,57509.0
2025-12-17T18:24:11.810824,3,7.048519364803189,-0.17917736050486566,-1.2370762290457649,602.0,133.0,2.0,931438.0,1.0,1142706.0,63140.0
2025-12-17T18:24:11.915875,4,7.051866456928354,-0.19017427828610067,-1.2655469497150713,567.0,111.0,2.0,1123912.0,1.0,1683585.0,76965.0
2025-12-17T18:24:12.011839,5,7.0554659134774775,-0.2010039215367323,-1.2886417038626254,505.0,75.0,2.0,820693.0,1.0,1731550.0,71394.0
2025-12-17T18:24:12.513950,0,7.07033866718422,-0.2560768598816918,-1.3951591141348232,549.0,100.0,2.0,494136.0,1.0,1257569.0,66429.0
2025-12-17T18:24:12.611300,1,7.072093095259229,-0.2680294126571505,-1.4185632806656876,582.0,120.0,2.0,680147.0,1.0,1460990.0,63462.0
2025-12-17T18:24:12.714858,2,7.073112005603207,-0.27909412462364624,-1.4436833272469412,602.0,133.0,2.0,725076.0,1.0,1067916.0,57998.0
2025-12-17T18:24:12.815304,3,7.075283153007414,-0.29497613851623505,-1.4744447724025374,597.0,130.0,2.0,944773.0,1.0,1174069.0,63419.0
2025-12-17T18:24:12.913452,4,7.07924830751146,-0.30687971104105927,-1.4844854538309087,549.0,100.0,2.0,1110301.0,1.0,1691009.0,78306.0
2025-12-17T18:24:13.013870,5,7.083908571380465,-0.3218591827669033,-1.502480025103577,515.0,80.0,2.0,811303.0,1.0,1752776.0,70721.0
2025-12-17T18:24:13.511890,0,7.088334195567535,-0.3789146272692898,-1.5136333576602161,560.0,106.0,2.0,494638.0,1.0,1242760.0,65735.0
2025-12-17T18:24:13.613917,2,7.089115382992679,-0.3909549740244316,-1.514619983358102,597.0,130.0,2.0,728766.0,1.0,1076261.0,58274.0
2025-12-17T18:24:13.716915,3,7.090308757676417,-0.4028765037764126,-1.5148565451528764,569.0,112.0,2.0,955061.0,1.0,1169706.0,65137.0
2025-12-17T18:24:13.813921,4,7.089367200420175,-0.4156278082973035,-1.5086895466525942,570.0,112.0,2.0,1135381.0,1.0,1681307.0,76757.0
2025-12-17T18:24:13.914400,5,7.088488673154299,-0.42842159669804847,-1.5063963949991956,531.0,89.0,2.0,812953.0,1.0,1733896.0,69652.0
2025-12-17T18:24:14.517068,0,7.093810276446841,-0.4984012060791949,-1.501455109725306,565.0,110.0,2.0,492633.0,1.0,1269543.0,65403.0
2025-12-17T18:24:14.614174,1,7.093857201275071,-0.5094136365213484,-1.502686693279689,577.0,117.0,2.0,690585.0,1.0,1481405.0,63763.0
2025-12-17T18:24:14.715413,2,7.095175240473403,-0.5203641052674821,-1.50121097976389,568.0,112.0,2.0,739951.0,1.0,1071899.0,59893.0
2025-12-17T18:24:14.810600,3,7.095290383209666,-0.532193245544331,-1.4999785488672515,556.0,104.0,2.0,955384.0,1.0,1174466.0,65936.0
2025-12-17T18:24:14.916242,4,7.096337272787396,-0.5439943502883402,-1.4935335066181592,541.0,95.0,2.0,1098712.0,1.0,1707688.0,78917.0
2025-12-17T18:24:15.013783,5,7.09694890564747,-0.5559655074622651,-1.4752727159368482,538.0,94.0,2.0,805285.0,1.0,1755151.0,69159.0
2025-12-17T18:24:15.513476,0,7.10412261204565,-0.6092850823840945,-1.359503823392057,554.0,103.0,2.0,497661.0,1.0,1261406.0,66115.0
2025-12-17T18:24:15.613383,1,7.106727553415037,-0.6213708950647145,-1.34350912787051,570.0,112.0,2.0,704275.0,1.0,1478900.0,64196.0
2025-12-17T18:24:15.709294,2,7.110053775636774,-0.6325023608877474,-1.325741439304587,567.0,111.0,2.0,752324.0,1.0,1083205.0,59974.0
2025-12-17T18:24:15.813377,3,7.113150430088232,-0.6433374476159037,-1.3004508072591119,537.0,93.0,2.0,990282.0,1.0,1193298.0,67198.0
2025-12-17T18:24:15.912232,4,7.116149605492763,-0.6547017340220007,-1.2789541226179584,550.0,100.0,2.0,1137689.0,1.0,1693873.0,78200.0
2025-12-17T18:24:16.014447,5,7.119751860608194,-0.6654403295831206,-1.2591811639762096,552.0,102.0,2.0,770100.0,1.0,1705955.0,68252.0
2025-12-17T18:24:16.513521,0,7.116728734116788,-0.7157572110198975,-1.1643077322765443,531.0,89.0,2.0,498335.0,1.0,1271263.0,67608.0
2025-12-17T18:24:16.613145,1,7.1211780023618925,-0.7263337087615112,-1.1367028241941184,558.0,105.0,2.0,701896.0,1.0,1537597.0,64939.0
2025-12-17T18:24:16.714615,2,7.125895806591981,-0.737022133486287,-1.1173429562527644,550.0,101.0,2.0,747502.0,1.0,1101691.0,60936.0
2025-12-17T18:24:16.809585,3,7.130752591623766,-0.7483436266581549,-1.0980269818946538,537.0,93.0,2.0,960897.0,1.0,1194510.0,67175.0
2025-12-17T18:24:16.911460,4,7.136728168334891,-0.757997329909724,-1.0777663903426296,525.0,86.0,2.0,1135381.0,1.0,1696742.0,80102.0
2025-12-17T18:24:17.514176,0,7.17468242278565,-0.8069611040791305,-0.9320399404656134,534.0,91.0,2.0,500194.0,1.0,1311026.0,67425.0
2025-12-17T18:24:17.612229,1,7.1815622556440895,-0.8161805844250378,-0.9114530944646803,550.0,101.0,2.0,707142.0,1.0,1491972.0,65403.0
2025-12-17T18:24:17.713654,4,7.188622884623665,-0.8240937698307365,-0.8891673075607537,532.0,90.0,2.0,1146968.0,1.0,1706532.0,79588.0
2025-12-17T18:24:17.812792,5,7.195317805551088,-0.832478783764695,-0.8605237436339743,584.0,121.0,2.0,794456.0,1.0,1687578.0,66204.0
2025-12-17T18:24:18.511591,0,7.252462182865145,-0.8843533124444254,-0.6772345310226022,525.0,86.0,2.0,503591.0,1.0,1261406.0,67998.0
2025-12-17T18:24:18.613427,1,7.26022829404468,-0.8925921450453478,-0.6477818307618364,515.0,80.0,2.0,704514.0,1.0,1515894.0,67654.0
2025-12-17T18:24:18.713572,2,7.268396127987038,-0.9001649214372609,-0.6277754097560452,538.0,94.0,2.0,744472.0,1.0,1098712.0,61641.0
2025-12-17T18:24:18.811242,3,7.2774010783365615,-0.906864521055657,-0.6114671159838234,525.0,86.0,2.0,973006.0,1.0,1222320.0,67975.0
2025-12-17T18:24:18.912630,4,7.28673938957961,-0.9115322434611417,-0.5889321607891431,521.0,83.0,2.0,1159065.0,1.0,1717542.0,80455.0
2025-12-17T18:24:19.011533,5,7.295151376167378,-0.9178974175455652,-0.5595127222283265,567.0,111.0,2.0,789364.0,1.0,1664322.0,67266.0
2025-12-17T18:24:19.516548,0,7.3466868690620135,-0.9297780931488888,-0.4251900727165272,500.0,72.0,2.0,507698.0,1.0,1316362.0,69629.0
2025-12-17T18:24:19.614634,1,7.357128995145423,-0.9344658042019636,-0.4037203272505335,516.0,81.0,2.0,694805.0,1.0,1506178.0,67562.0
2025-12-17T18:24:19.714464,2,7.3679245235503465,-0.9381792048980682,-0.3840057049569414,528.0,88.0,2.0,737201.0,1.0,1107673.0,62270.0
2025-12-17T18:24:19.815243,3,7.378630318274392,-0.9417721493187781,-0.35719732971510765,503.0,74.0,2.0,991288.0,1.0,1221080.0,69393.0
2025-12-17T18:24:19.914075,4,7.3892477398485115,-0.9461001824737272,-0.33473419460025794,500.0,72.0,2.0,1146968.0,1.0,1767670.0,82050.0
2025-12-17T18:24:20.013940,5,7.395089348272192,-0.9425489094934552,-0.3057936606487473,573.0,115.0,2.0,776118.0,1.0,1684155.0,66880.0
2025-12-17T18:24:20.513756,0,7.445027153941595,-0.9473724474274476,-0.18772575975894032,503.0,74.0,2.0,511147.0,1.0,1291647.0,69440.0
2025-12-17T18:24:20.610140,1,7.455486601282399,-0.9497084744985287,-0.1642309316778242,517.0,81.0,2.0,710981.0,1.0,1515894.0,67517.0
2025-12-17T18:24:20.710510,2,7.466761053071384,-0.9525379577472042,-0.13959438619338868,519.0,83.0,2.0,755897.0,1.0,1108048.0,62778.0
2025-12-17T18:24:20.814076,3,7.478666876709342,-0.9547038960477576,-0.11781862365281785,511.0,78.0,2.0,996670.0,1.0,1229373.0,68855.0
2025-12-17T18:24:20.911794,4,7.489299014391359,-0.9551674357776392,-0.09431743893101015,525.0,86.0,2.0,1158673.0,1.0,1742131.0,80102.0
2025-12-17T18:24:21.010780,5,7.493579910994323,-0.9511011630324382,-0.05979024083774005,576.0,116.0,2.0,793113.0,1.0,1708844.0,66722.0
2025-12-17T18:24:21.512609,0,7.527831748772563,-0.938083269561746,0.07802628587173428,514.0,80.0,2.0,507183.0,1.0,1307481.0,68739.0
2025-12-17T18:24:21.613296,1,7.539235545725056,-0.938278784384992,0.10292239419884239,493.0,69.0,2.0,717023.0,1.0,1523094.0,69089.0
2025-12-17T18:24:21.715559,2,7.550657311006697,-0.9373915771502102,0.1287003564789831,522.0,84.0,2.0,754875.0,1.0,1099828.0,62651.0
2025-12-17T18:24:21.809647,3,7.561091909885755,-0.9356239815882481,0.15265505408742303,494.0,69.0,2.0,1008547.0,1.0,1263970.0,70054.0
2025-12-17T18:24:21.917495,4,7.569616423393145,-0.9284476578115837,0.18967603983481818,515.0,80.0,2.0,1155931.0,1.0,1740952.0,80892.0
2025-12-17T18:24:22.015436,5,7.575324724012681,-0.9216068112551246,0.21608592459518947,564.0,109.0,2.0,775593.0,1.0,1736832.0,67494.0
2025-12-17T18:24:22.516411,0,7.626217162512245,-0.906217386784621,0.3145147918649673,492.0,68.0,2.0,516014.0,1.0,1305271.0,70220.0
2025-12-17T18:24:22.612421,1,7.636227923160157,-0.9019594579827048,0.3431613226570309,500.0,72.0,2.0,717023.0,1.0,1527741.0,68646.0
2025-12-17T18:24:22.714834,2,7.646527611705218,-0.8991356456787227,0.3682036100684027,500.0,72.0,2.0,742459.0,1.0,1131545.0,63979.0
2025-12-17T18:24:22.811144,3,7.655207982025123,-0.8934852934479598,0.3907122753415566,503.0,74.0,2.0,987939.0,1.0,1264826.0,69440.0
2025-12-17T18:24:22.911945,4,7.656201717372302,-0.8809360062246343,0.4233804203080788,483.0,63.0,1.0,1173274.0,1.0,1763487.0,83422.0
2025-12-17T18:24:23.019259,5,7.668619127462895,-0.8726839487256104,0.45344643586742645,555.0,104.0,2.0,775856.0,1.0,1711159.0,68044.0
2025-12-17T18:24:23.513880,0,7.715850941192499,-0.847543460498454,0.5520914322787117,486.0,65.0,2.0,515664.0,1.0,1305271.0,70578.0
2025-12-17T18:24:23.614623,1,7.725556199917678,-0.8419230332925376,0.572820793267589,491.0,67.0,2.0,710019.0,1.0,1567547.0,69276.0
2025-12-17T18:24:23.710532,2,7.734046171938228,-0.8358547410883803,0.5942822520819249,513.0,79.0,2.0,761289.0,1.0,1121252.0,63162.0
2025-12-17T18:24:23.810934,3,7.744018722466341,-0.8316146691288782,0.6148335678988891,493.0,68.0,2.0,1001743.0,1.0,1271263.0,70125.0
2025-12-17T18:24:23.918068,4,7.733285632589025,-0.8255758425517827,0.6351004117060326,495.0,69.0,2.0,1166938.0,1.0,1737420.0,82467.0
2025-12-17T18:24:24.013743,5,7.733669798559074,-0.8180475309976853,0.6591853980987609,562.0,108.0,2.0,804740.0,1.0,1731550.0,67608.0
2025-12-17T18:24:24.513271,0,7.776195221539237,-0.7789977183376071,0.7675313957491832,500.0,72.0,2.0,512532.0,1.0,1312802.0,69629.0
2025-12-17T18:24:24.611335,1,7.784603929003953,-0.7706677197669713,0.7939495418274626,484.0,64.0,1.0,705230.0,1.0,1541244.0,69699.0
2025-12-17T18:24:24.713904,2,7.79325961350183,-0.7633696415810483,0.8147914460383107,489.0,66.0,2.0,754109.0,1.0,1148911.0,64676.0
2025-12-17T18:24:24.813373,3,7.802037450954811,-0.755114255653436,0.8367634577749197,487.0,65.0,2.0,1008206.0,1.0,1284237.0,70530.0
2025-12-17T18:24:24.911875,4,7.813025091036439,-0.7458530851060234,0.8530410104177587,478.0,60.0,1.0,1162995.0,1.0,1763487.0,83846.0
2025-12-17T18:24:25.010990,5,7.824593718336335,-0.7354342599906514,0.8800679408090779,549.0,100.0,2.0,787496.0,1.0,1745672.0,68483.0
2025-12-17T18:24:25.515593,0,7.857911054113973,-0.6923127207992339,0.9914743156041774,492.0,68.0,2.0,517938.0,1.0,1316362.0,70220.0
2025-12-17T18:24:25.614178,1,7.864131021806831,-0.6820249410841361,1.015409771310334,483.0,63.0,1.0,732228.0,1.0,1539159.0,69817.0
2025-12-17T18:24:25.709542,2,7.869304086769811,-0.6716646072824233,1.0368787361809277,486.0,65.0,2.0,760002.0,1.0,1136919.0,64851.0
2025-12-17T18:24:25.812114,3,7.874826204626133,-0.6614899668310312,1.059887793869532,491.0,67.0,2.0,1002761.0,1.0,1278166.0,70220.0
2025-12-17T18:24:25.914884,4,7.8842849613450285,-0.6493305062086137,1.0812921147682284,489.0,66.0,2.0,1153977.0,1.0,1797838.0,82943.0
2025-12-17T18:24:26.013976,5,7.907030149881148,-0.6307628129490461,1.1028288705853981,520.0,83.0,2.0,814605.0,1.0,1740952.0,70411.0
2025-12-17T18:24:26.517681,0,7.930728113511202,-0.5800141851434968,1.2175925683462263,487.0,65.0,2.0,511839.0,1.0,1352490.0,70530.0
2025-12-17T18:24:26.612600,1,7.933793088517703,-0.5683122563319087,1.239592656071501,484.0,63.0,1.0,729507.0,1.0,1558027.0,69747.0
2025-12-17T18:24:26.712861,2,7.937547543767812,-0.5572925699549498,1.2600914442912532,512.0,79.0,2.0,769579.0,1.0,1133462.0,63247.0
2025-12-17T18:24:26.809416,3,7.942111326700655,-0.5445056765053966,1.2822718622115161,485.0,64.0,1.0,1026801.0,1.0,1303505.0,70625.0
2025-12-17T18:24:26.913883,4,7.951543266072336,-0.5246713789280273,1.3149134151893953,486.0,65.0,2.0,1179645.0,1.0,1790551.0,83224.0
2025-12-17T18:24:27.013515,5,7.9551080082026635,-0.5129593275724234,1.3404943354974965,531.0,89.0,2.0,796071.0,1.0,1748037.0,69652.0
2025-12-17T18:24:27.516521,1,7.965549161908697,-0.45640935446657815,1.450266115390382,480.0,61.0,1.0,722626.0,1.0,1554340.0,70030.0
2025-12-17T18:24:27.613327,2,7.965843245829465,-0.4451225967894481,1.4707366319422601,501.0,73.0,2.0,763095.0,1.0,1139231.0,63936.0
2025-12-17T18:24:27.712577,3,7.966255175302232,-0.4347520992893692,1.4987522364678778,484.0,64.0,1.0,1007183.0,1.0,1290773.0,70697.0
2025-12-17T18:24:27.812398,4,7.967566223333075,-0.4237695410722533,1.523610673123306,500.0,72.0,2.0,1184446.0,1.0,1810049.0,82105.0
2025-12-17T18:24:27.916911,5,7.988524310235767,-0.40349992183036676,1.5552826081695934,519.0,83.0,2.0,804740.0,1.0,1781484.0,70434.0
2025-12-17T18:24:28.513233,0,7.998654226504787,-0.33162442798739056,1.5808567156341429,467.0,55.0,1.0,513227.0,1.0,1343366.0,71879.0
2025-12-17T18:24:28.617768,1,7.999249184790557,-0.31676766235817677,1.580617682234093,473.0,58.0,1.0,721160.0,1.0,1578194.0,70458.0
2025-12-17T18:24:28.713451,2,7.999356525582856,-0.3091660312836808,1.581095370962433,494.0,69.0,2.0,766200.0,1.0,1138845.0,64327.0
2025-12-17T18:24:28.813906,3,8.005707100042471,-0.28645700360556514,1.5954246047302507,471.0,57.0,1.0,1034125.0,1.0,1311914.0,71588.0
2025-12-17T18:24:28.914970,4,8.008899230634423,-0.270002687386941,1.6009391007471478,474.0,59.0,1.0,1188864.0,1.0,1802102.0,84131.0
2025-12-17T18:24:29.010895,5,8.007878034086605,-0.2580180068262088,1.5999557318932573,512.0,79.0,2.0,820415.0,1.0,1761697.0,70913.0
2025-12-17T18:24:29.515338,0,8.006651444905305,-0.19629304923483915,1.6009765084995844,484.0,64.0,1.0,515490.0,1.0,1323509.0,70721.0
2025-12-17T18:24:29.614874,1,8.006416866672737,-0.18846575320784353,1.602461930053944,460.0,52.0,1.0,704752.0,1.0,1564367.0,71346.0
2025-12-17T18:24:29.714348,2,8.006119232014596,-0.1767708244743158,1.605932542785731,487.0,65.0,2.0,760774.0,1.0,1159065.0,64786.0
2025-12-17T18:24:29.813914,3,8.005244577980154,-0.16498848838987268,1.6019814885089134,477.0,60.0,1.0,1024718.0,1.0,1309253.0,71201.0
2025-12-17T18:24:29.915320,4,8.005040190189806,-0.15298342158505296,1.606929969521175,489.0,66.0,2.0,1179246.0,1.0,1838450.0,82971.0
2025-12-17T18:24:30.015593,5,8.003944973561952,-0.14113657463615858,1.6049605580407982,518.0,82.0,2.0,810480.0,1.0,1786314.0,70530.0
2025-12-17T18:24:30.511777,0,8.001284392428722,-0.08283568822609233,1.6069086817154292,467.0,55.0,1.0,517413.0,1.0,1361216.0,71904.0
2025-12-17T18:24:30.615827,1,8.001295440769267,-0.07109034454954344,1.6071681084057605,470.0,56.0,1.0,727288.0,1.0,1572330.0,70697.0
2025-12-17T18:24:30.710796,2,8.00049799121745,-0.05954697733616321,1.6066895449564143,480.0,62.0,1.0,741706.0,1.0,1150078.0,65226.0
2025-12-17T18:24:30.811717,3,7.999968154884068,-0.04874005880323651,1.6064319595345387,484.0,64.0,1.0,1010939.0,1.0,1313247.0,70721.0
2025-12-17T18:24:30.913127,5,7.9996416753956705,-0.03717797330699035,1.6079316055643604,523.0,85.0,2.0,838380.0,1.0,1818646.0,70196.0
2025-12-17T18:24:31.514122,0,7.971080053799145,0.021663968383546894,1.6189322051792492,472.0,57.0,1.0,517938.0,1.0,1339734.0,71588.0
2025-12-17T18:24:31.614139,1,7.971233545973098,0.03315145120975238,1.6211598546572106,480.0,61.0,1.0,719941.0,1.0,1578194.0,70030.0
2025-12-17T18:24:31.711338,2,7.970151257146397,0.044525900924416995,1.6169492061960322,493.0,68.0,2.0,770100.0,1.0,1166543.0,64458.0
2025-12-17T18:24:31.811874,3,7.970599054486142,0.059631801086142744,1.618425023670186,452.0,48.0,1.0,1017806.0,1.0,1332499.0,72958.0
2025-12-17T18:24:31.915338,4,7.96969529037428,0.06758937374751284,1.6176783204185428,494.0,69.0,2.0,1191280.0,1.0,1835962.0,82551.0
2025-12-17T18:24:32.014762,5,7.9690111946891085,0.07940845222641535,1.6174289801423556,527.0,87.0,2.0,801207.0,1.0,1802102.0,69959.0
2025-12-17T18:24:32.512240,0,7.966742408181349,0.1364872357844451,1.617471677283579,475.0,59.0,1.0,514096.0,1.0,1376038.0,71370.0
2025-12-17T18:24:32.614997,2,7.966136622289294,0.14830533586583883,1.618212572154794,474.0,58.0,1.0,760002.0,1.0,1157497.0,65624.0
2025-12-17T18:24:32.717110,3,7.96509451462045,0.16040549782675395,1.6152345210980839,491.0,67.0,2.0,1004459.0,1.0,1336111.0,70244.0
2025-12-17T18:24:32.816524,4,7.964134555146307,0.17648131378601306,1.6159546399494473,488.0,66.0,2.0,1179645.0,1.0,1820493.0,83027.0
2025-12-17T18:24:32.919141,5,7.963548824491885,0.18405568697393626,1.6166877612682975,527.0,87.0,2.0,847223.0,1.0,1797230.0,69912.0
2025-12-17T18:24:33.511838,0,7.957721800722438,0.25286354044938175,1.6496929891684413,478.0,61.0,1.0,522870.0,1.0,1355240.0,71153.0
2025-12-17T18:24:33.612247,1,7.956432751211766,0.26429832758898364,1.6482018362739352,481.0,62.0,1.0,727534.0,1.0,1564367.0,69959.0
2025-12-17T18:24:33.713136,2,7.956009528175038,0.2758573743259012,1.6341051285102526,478.0,60.0,1.0,766460.0,1.0,1161815.0,65380.0
2025-12-17T18:24:33.812231,3,7.9558212519387155,0.28741582109004415,1.6137898229191718,477.0,60.0,1.0,1029237.0,1.0,1343366.0,71201.0
2025-12-17T18:24:33.912307,4,7.955175959212373,0.29757275221796586,1.5935618137618601,481.0,62.0,1.0,1195724.0,1.0,1834099.0,83648.0
2025-12-17T18:24:34.014411,5,7.955635113083735,0.3083005611334304,1.569568027060952,506.0,75.0,2.0,834135.0,1.0,1839694.0,71346.0
2025-12-17T18:24:34.511545,0,7.961658674615211,0.36573035156157196,1.460088849958647,487.0,65.0,2.0,519167.0,1.0,1332499.0,70530.0
2025-12-17T18:24:34.611358,1,7.963312719271691,0.3771155994075954,1.4344127967318,470.0,56.0,1.0,740953.0,1.0,1627557.0,70721.0
2025-12-17T18:24:34.713331,2,7.964695381337533,0.3880883814473348,1.4151015480518603,472.0,58.0,1.0,765941.0,1.0,1176057.0,65735.0
2025-12-17T18:24:34.815659,3,7.967171824117565,0.40224522660074946,1.386910036363693,466.0,55.0,1.0,1016085.0,1.0,1350661.0,71977.0
2025-12-17T18:24:34.920605,4,7.9688662637488195,0.40934695270812416,1.3683381197141709,494.0,69.0,2.0,1206292.0,1.0,1824811.0,82551.0
2025-12-17T18:24:35.012911,5,7.972195665025997,0.41960276660519114,1.3428255894801178,500.0,72.0,2.0,825149.0,1.0,1819261.0,71758.0
2025-12-17T18:24:35.514424,0,7.98759308520719,0.47512277681369763,1.2432178762444197,473.0,58.0,1.0,512706.0,1.0,1372782.0,71540.0
2025-12-17T18:24:35.612329,1,7.989343880727903,0.48842616425525875,1.2288619736567175,459.0,51.0,1.0,710500.0,1.0,1609480.0,71491.0
2025-12-17T18:24:35.708195,2,7.993709167972369,0.4972553977652998,1.1942585847754859,492.0,68.0,2.0,766460.0,1.0,1181243.0,64501.0
2025-12-17T18:24:35.812585,3,7.998703963728266,0.5067439344950717,1.1660510946405884,468.0,55.0,1.0,1030283.0,1.0,1342457.0,71855.0
2025-12-17T18:24:35.914264,4,8.002955420503582,0.5171857094608256,1.1476829315474675,469.0,56.0,1.0,1165359.0,1.0,1810049.0,84616.0
2025-12-17T18:24:36.013268,5,8.007734586517639,0.5280123554346732,1.1326054567126802,488.0,66.0,2.0,845504.0,1.0,1833479.0,72588.0
2025-12-17T18:24:36.514701,0,8.034141035400392,0.5799077160616966,1.0144650226618632,460.0,52.0,1.0,517238.0,1.0,1361216.0,72392.0
2025-12-17T18:24:36.610253,1,8.045222084891346,0.5879591636361852,0.9894351949855247,461.0,52.0,1.0,734959.0,1.0,1587838.0,71298.0
2025-12-17T18:24:36.713768,3,8.051594091813717,0.5973118840778469,0.9632609002051095,467.0,55.0,1.0,1041149.0,1.0,1353406.0,71928.0
2025-12-17T18:24:36.812003,4,8.06056421812255,0.6097743433460661,0.9472110505703104,488.0,66.0,2.0,1198560.0,1.0,1862247.0,83084.0
2025-12-17T18:24:36.916710,5,8.064785514640889,0.6171660939125987,0.9345299515370912,482.0,62.0,1.0,816814.0,1.0,1847181.0,73057.0
2025-12-17T18:24:37.518380,0,8.146231417554606,0.6729676051112365,0.7955670387446266,480.0,61.0,1.0,512879.0,1.0,1374642.0,71057.0
2025-12-17T18:24:37.614449,1,8.154273639445915,0.6823027756030022,0.7755032654472026,484.0,63.0,1.0,716780.0,1.0,1580867.0,69794.0
2025-12-17T18:24:37.711986,2,8.162836193939624,0.6907546585055693,0.7500613442260277,485.0,64.0,1.0,772188.0,1.0,1174069.0,64917.0
2025-12-17T18:24:37.814466,3,8.171213861694184,0.6984850174570871,0.7220454323909726,465.0,54.0,1.0,1021256.0,1.0,1362599.0,72099.0
2025-12-17T18:24:37.920129,4,8.179734192031233,0.7054595580833185,0.7054652240175402,476.0,60.0,1.0,1205884.0,1.0,1816800.0,84017.0
2025-12-17T18:24:38.015454,5,8.187754247937107,0.7131288143885532,0.6835209804504002,479.0,61.0,1.0,824591.0,1.0,1838450.0,73280.0
2025-12-17T18:24:38.518747,0,8.24209558435638,0.7423853336428463,0.5639525212078176,464.0,53.0,1.0,517062.0,1.0,1382574.0,72172.0
2025-12-17T18:24:38.615239,1,8.258683068598815,0.7484188770907361,0.5298018694177414,460.0,51.0,1.0,731980.0,1.0,1627557.0,71419.0
2025-12-17T18:24:38.715746,2,8.264999939468598,0.7518071028710853,0.5147626931475782,482.0,62.0,1.0,764646.0,1.0,1190071.0,65160.0
2025-12-17T18:24:38.813249,3,8.27488416349778,0.7579762193939859,0.4949418173585407,469.0,56.0,1.0,1032726.0,1.0,1377436.0,71806.0
2025-12-17T18:24:38.918489,4,8.284934546495643,0.7619995420182235,0.4706828248467942,479.0,61.0,1.0,1191684.0,1.0,1866032.0,83790.0
2025-12-17T18:24:39.516602,0,8.346204177972222,0.7826938180482816,0.32788031240041127,468.0,55.0,1.0,519167.0,1.0,1377903.0,71879.0
2025-12-17T18:24:39.614882,1,8.356765923815361,0.7873767733162635,0.31076322907364773,461.0,52.0,1.0,725812.0,1.0,1622607.0,71346.0
2025-12-17T18:24:39.715797,2,8.367927938288979,0.7904217739460666,0.284785996732536,486.0,64.0,1.0,764129.0,1.0,1184446.0,64917.0
2025-12-17T18:24:39.813417,3,8.37846057966706,0.792314695537641,0.25763290566623903,454.0,49.0,1.0,1041149.0,1.0,1363983.0,72810.0
2025-12-17T18:24:39.913578,4,8.389017144555385,0.7952024584654858,0.23391189112099958,479.0,61.0,1.0,1225634.0,1.0,1852817.0,83790.0
2025-12-17T18:24:40.013399,5,8.400001087915827,0.7973291839010628,0.2218073790885607,491.0,67.0,2.0,853266.0,1.0,1848432.0,72417.0
2025-12-17T18:24:40.511073,0,8.424962816603374,0.7956106787519079,0.10956816521985356,473.0,58.0,1.0,508042.0,1.0,1390081.0,71540.0
2025-12-17T18:24:40.616841,1,8.436616996737738,0.7971473603719774,0.08412493079781308,471.0,57.0,1.0,735208.0,1.0,1588913.0,70625.0
2025-12-17T18:24:40.709113,2,8.447183501819326,0.7973184660355876,0.06108350096375911,454.0,48.0,1.0,763353.0,1.0,1190071.0,66948.0
2025-12-17T18:24:40.813302,4,8.458868074482181,0.7986596361660769,0.03911432137476176,470.0,57.0,1.0,1190474.0,1.0,1886991.0,84530.0
2025-12-17T18:24:40.916389,5,8.46959681477487,0.7984056949443472,0.02053884682273604,482.0,63.0,1.0,834700.0,1.0,1855955.0,73032.0
2025-12-17T18:24:41.517420,0,8.5436691753855,0.7919332621374338,-0.1138324455146003,470.0,56.0,1.0,515664.0,1.0,1382574.0,71758.0
2025-12-17T18:24:41.612854,1,8.554841741631703,0.7907245221365446,-0.13380007333532504,513.0,79.0,2.0,716780.0,1.0,1588913.0,67837.0
2025-12-17T18:24:41.714771,2,8.565172055485226,0.7889530931155067,-0.16349476967848692,532.0,90.0,2.0,750798.0,1.0,1166938.0,62102.0
2025-12-17T18:24:41.814847,3,8.579276517247123,0.7853466231637469,-0.19341723788668372,482.0,63.0,1.0,1006160.0,1.0,1350661.0,70913.0
2025-12-17T18:24:41.912780,4,8.587419148316343,0.7841530749041743,-0.2084660030856014,521.0,84.0,2.0,1170102.0,1.0,1805155.0,80455.0
2025-12-17T18:24:42.013242,5,8.599736321815568,0.782608581768331,-0.2255589916962297,498.0,71.0,2.0,856738.0,1.0,1862247.0,71928.0
2025-12-17T18:24:42.514080,0,8.651681120912382,0.7680026750628901,-0.31609225474135494,530.0,88.0,2.0,498166.0,1.0,1361216.0,67746.0
2025-12-17T18:24:42.613788,1,8.662036251742666,0.7642069128864444,-0.3442637470147182,607.0,137.0,2.0,687553.0,1.0,1538117.0,62018.0
2025-12-17T18:24:42.714672,2,8.672824388169266,0.7600003805995295,-0.3628322623521971,626.0,150.0,2.0,720428.0,1.0,1113311.0,56755.0
2025-12-17T18:24:42.811101,3,8.683837405218833,0.7566071131673695,-0.3809385096398666,567.0,110.0,2.0,957975.0,1.0,1293397.0,65380.0
2025-12-17T18:24:42.916916,4,8.694475115246775,0.7526273762847566,-0.40488758459618784,550.0,101.0,2.0,1125434.0,1.0,1769466.0,78253.0
2025-12-17T18:24:43.014153,5,8.703054343974543,0.7475104826349304,-0.4276785400519347,491.0,67.0,2.0,812953.0,1.0,1904958.0,72392.0
2025-12-17T18:24:43.514627,0,8.755775825021388,0.7319852704777228,-0.5204561928407981,596.0,129.0,2.0,480936.0,1.0,1305271.0,63569.0
2025-12-17T18:24:43.613622,1,8.766334872521718,0.7264072524943543,-0.5378009638248367,657.0,172.0,2.0,670093.0,1.0,1508729.0,59148.0
2025-12-17T18:24:43.717959,2,8.77613087905241,0.720105474346866,-0.56706548516876,646.0,164.0,2.0,720428.0,1.0,1111052.0,55671.0
2025-12-17T18:24:43.812492,3,8.785141812269593,0.7133602089728432,-0.5927832646066554,650.0,167.0,2.0,932700.0,1.0,1243181.0,60402.0
2025-12-17T18:24:43.916239,4,8.7935587787656,0.7071153118091962,-0.61453460592907,617.0,143.0,2.0,1141546.0,1.0,1770664.0,73453.0
2025-12-17T18:24:44.015484,5,8.803174209816389,0.7009137852265868,-0.6290588204789972,513.0,79.0,2.0,813503.0,1.0,1835341.0,70913.0
2025-12-17T18:24:44.511518,0,8.842485372426289,0.6691179621487775,-0.7376236206736028,752.0,250.0,3.0,444166.0,1.0,1164965.0,54867.0
2025-12-17T18:24:44.614357,1,8.849971224424507,0.6614540495429013,-0.7690248983476339,789.0,285.0,3.0,617606.0,1.0,1423889.0,52239.0
2025-12-17T18:24:44.713868,2,8.858315895884129,0.6536469028414338,-0.792742962397456,682.0,191.0,2.0,722626.0,1.0,1103557.0,53818.0
2025-12-17T18:24:44.813746,3,8.866479311181443,0.6457338250706384,-0.8073069095665858,659.0,173.0,2.0,939671.0,1.0,1214074.0,59893.0
2025-12-17T18:24:44.916556,4,8.87467251527055,0.6375465905258189,-0.8308228916010912,623.0,147.0,2.0,1130397.0,1.0,1721616.0,73032.0
2025-12-17T18:24:45.013686,5,8.882902005315012,0.6283836137032788,-0.8554731169667502,538.0,93.0,2.0,829069.0,1.0,1838450.0,69253.0
2025-12-17T18:24:45.517766,0,8.934910422644657,0.5773556004665581,-0.9692253107727044,837.0,407.0,3.0,409653.0,1.0,1083205.0,47790.0
2025-12-17T18:24:45.611800,1,8.941832249950943,0.5681668819734131,-0.9884707049656636,853.0,458.0,3.0,563670.0,1.0,1284237.0,45424.0
2025-12-17T18:24:45.709624,2,8.94761713903689,0.5590309548814849,-1.01409956569728,691.0,198.0,2.0,713633.0,1.0,1103931.0,53365.0
2025-12-17T18:24:45.812242,3,8.953427634822626,0.5492209141803626,-1.0430945490158792,664.0,177.0,2.0,935862.0,1.0,1209563.0,59610.0
2025-12-17T18:24:45.917429,4,8.960198090427685,0.5384457744739581,-1.062783075630651,635.0,156.0,2.0,1109174.0,1.0,1697891.0,72172.0
2025-12-17T18:24:46.013261,5,8.979709752636568,0.5221251439479024,-1.078981320157306,547.0,98.0,2.0,837813.0,1.0,1852190.0,68646.0
2025-12-17T18:24:46.515716,1,9.008426572474235,0.4705449974643363,-1.1857254471369516,854.0,460.0,3.0,591021.0,1.0,1265682.0,45363.0
2025-12-17T18:24:46.613205,2,9.011887475220046,0.4598345254083194,-1.2120868087795087,663.0,177.0,2.0,717751.0,1.0,1095371.0,54792.0
2025-12-17T18:24:46.714184,3,9.015314722084174,0.44976682628086273,-1.2385780478867248,648.0,166.0,2.0,930178.0,1.0,1208335.0,60484.0
2025-12-17T18:24:46.810625,4,9.018462921841932,0.4397543422687633,-1.256319595217442,616.0,142.0,2.0,1117842.0,1.0,1730378.0,73528.0
2025-12-17T18:24:46.913561,5,9.040207024805593,0.42692970083495574,-1.273433948434081,543.0,96.0,2.0,819028.0,1.0,1824194.0,68902.0
2025-12-17T18:24:47.519578,0,9.060471640973645,0.36099551237650296,-1.412475154129808,849.0,445.0,3.0,414534.0,1.0,1016773.0,46482.0
2025-12-17T18:24:47.610786,1,9.06221516508931,0.35017682810014605,-1.435739077689642,841.0,419.0,3.0,610953.0,1.0,1295149.0,46703.0
2025-12-17T18:24:47.714579,2,9.064344889430647,0.33904219781462874,-1.4520281903186611,640.0,159.0,2.0,726304.0,1.0,1091670.0,56030.0
2025-12-17T18:24:47.815891,3,9.066091768727713,0.3233405719848905,-1.4871910338555587,625.0,149.0,2.0,963829.0,1.0,1206700.0,61808.0
2025-12-17T18:24:47.916616,4,9.063481710263535,0.314573690732324,-1.5088007904550227,604.0,134.0,2.0,1106924.0,1.0,1685295.0,74379.0
2025-12-17T18:24:48.012604,5,9.06078601444133,0.30255462350299656,-1.532674592824086,555.0,103.0,2.0,793113.0,1.0,1850310.0,68114.0
2025-12-17T18:24:48.511479,0,9.05896421085286,0.24620967647889103,-1.6441009107347577,852.0,455.0,3.0,410485.0,1.0,1001743.0,46184.0
2025-12-17T18:24:48.610433,1,9.05741005728106,0.23529707745134498,-1.664472190681823,822.0,361.0,3.0,616770.0,1.0,1290773.0,48836.0
2025-12-17T18:24:48.717034,2,9.05652306134405,0.22353303240228328,-1.6792826361848912,629.0,152.0,2.0,742710.0,1.0,1108423.0,56602.0
2025-12-17T18:24:48.812861,3,9.054065143295364,0.21225205242959788,-1.6767805832981766,622.0,147.0,2.0,953124.0,1.0,1213663.0,61997.0
2025-12-17T18:24:48.910281,4,9.052458173789802,0.19955998801850416,-1.6780467332299787,623.0,147.0,2.0,1090193.0,1.0,1725699.0,73032.0
2025-12-17T18:24:49.013831,5,9.051783183893601,0.1876074490248687,-1.679786040813634,568.0,111.0,2.0,816814.0,1.0,1792977.0,67266.0
2025-12-17T18:24:49.518047,0,9.046422099602285,0.13055353060317554,-1.6773068558116062,836.0,403.0,3.0,419474.0,1.0,998021.0,47936.0
2025-12-17T18:24:49.614140,1,9.045379467765404,0.11810735716905629,-1.6783046209267816,787.0,283.0,3.0,641467.0,1.0,1328896.0,52327.0
2025-12-17T18:24:49.718521,2,9.0443643541721,0.10619703731830565,-1.681262578805253,609.0,138.0,2.0,739951.0,1.0,1123531.0,57685.0
2025-12-17T18:24:49.811978,3,9.043275839258879,0.09425902711764245,-1.6824989719659267,606.0,136.0,2.0,969062.0,1.0,1249508.0,62970.0
2025-12-17T18:24:49.918091,4,9.042274905832116,0.08321892167896383,-1.682743807033793,628.0,151.0,2.0,1114065.0,1.0,1685866.0,72638.0
2025-12-17T18:24:50.013713,5,9.040379768599538,0.07190620992026009,-1.683484478945558,608.0,137.0,2.0,779277.0,1.0,1749813.0,64720.0
2025-12-17T18:24:50.513258,0,9.033368322460305,0.016438150481388192,-1.6642094009369157,811.0,330.0,3.0,430404.0,1.0,1005139.0,50861.0
2025-12-17T18:24:50.614471,1,9.03266473675505,0.004650050054504362,-1.6457307163094805,746.0,245.0,3.0,641032.0,1.0,1363521.0,54349.0
2025-12-17T18:24:50.709430,2,9.032543810206612,-0.006854108749329235,-1.6284611306346006,595.0,129.0,2.0,749782.0,1.0,1126577.0,58451.0
2025-12-17T18:24:50.813058,3,9.03115817913789,-0.018849925281144486,-1.6222575876145169,576.0,116.0,2.0,980610.0,1.0,1249931.0,64786.0
2025-12-17T18:24:50.913346,4,9.030441496455238,-0.031062727450052563,-1.620766538060418,621.0,146.0,2.0,1126577.0,1.0,1659260.0,73131.0
2025-12-17T18:24:51.015195,5,9.029603013964119,-0.0431414348251522,-1.619540154573394,622.0,146.0,2.0,767758.0,1.0,1711738.0,63915.0
2025-12-17T18:24:51.517074,0,9.034817941386981,-0.10076959989409762,-1.6122783687324589,765.0,263.0,3.0,437601.0,1.0,1022640.0,54165.0
2025-12-17T18:24:51.614823,2,9.034587906278517,-0.11282688951607334,-1.6050981038973116,571.0,113.0,2.0,713150.0,1.0,1126577.0,59832.0
2025-12-17T18:24:51.716622,3,9.034562356024011,-0.12462472780939127,-1.6051117132213957,555.0,103.0,2.0,972019.0,1.0,1276869.0,66115.0
2025-12-17T18:24:51.809738,4,9.033955303597821,-0.13573946480141164,-1.5999516666759677,621.0,146.0,2.0,1114442.0,1.0,1695594.0,73156.0
2025-12-17T18:24:51.914177,5,9.033894329536142,-0.14785108655362134,-1.599946346800783,636.0,157.0,2.0,775331.0,1.0,1700191.0,63034.0
2025-12-17T18:24:52.516256,0,9.032531091229586,-0.21812879749387015,-1.6019374993146507,745.0,244.0,3.0,460858.0,1.0,1057485.0,55183.0
2025-12-17T18:24:52.612551,1,9.032222338190614,-0.22967812884082406,-1.6021842384942382,727.0,228.0,3.0,654404.0,1.0,1376970.0,55370.0
2025-12-17T18:24:52.716490,2,9.03147294471314,-0.23990276946433742,-1.6034463370548722,573.0,114.0,2.0,742962.0,1.0,1132695.0,59731.0
2025-12-17T18:24:52.814342,3,9.031047707206753,-0.2516000946686434,-1.601722951006342,555.0,104.0,2.0,1021602.0,1.0,1272555.0,66092.0
2025-12-17T18:24:52.910416,4,9.031253221603702,-0.26325517978584756,-1.6046954259715276,594.0,128.0,2.0,1114442.0,1.0,1688150.0,75036.0
2025-12-17T18:24:53.011635,5,9.030096302396684,-0.275033485873613,-1.6027197189320073,616.0,143.0,2.0,749529.0,1.0,1693873.0,64262.0
2025-12-17T18:24:53.513679,0,9.062715756776123,-0.3336105472318316,-1.5462802862995972,718.0,221.0,3.0,463047.0,1.0,1078449.0,56621.0
2025-12-17T18:24:53.610700,1,9.063032954710643,-0.34516735685003486,-1.5242839139319813,689.0,197.0,2.0,654183.0,1.0,1365368.0,57373.0
2025-12-17T18:24:53.713543,2,9.06350341580308,-0.35632672225227147,-1.4993566968011984,558.0,105.0,2.0,732228.0,1.0,1159850.0,60545.0
2025-12-17T18:24:53.811896,3,9.064517867916539,-0.3668308074163722,-1.4761702491637119,544.0,97.0,2.0,980610.0,1.0,1272555.0,66789.0
2025-12-17T18:24:53.919847,4,9.064473568169149,-0.3770310169272264,-1.4502252194000307,573.0,115.0,2.0,1139231.0,1.0,1736832.0,76550.0
2025-12-17T18:24:54.016156,5,9.064143923788992,-0.3868605010079209,-1.4215616854803803,642.0,161.0,2.0,755642.0,1.0,1676194.0,62715.0
2025-12-17T18:24:54.512242,0,9.076942940364997,-0.44511914426722665,-1.3215858398957627,686.0,194.0,2.0,476400.0,1.0,1084672.0,58372.0
2025-12-17T18:24:54.613672,1,9.080692411854283,-0.4555570750439202,-1.305432820862262,659.0,173.0,2.0,668282.0,1.0,1399049.0,59048.0
2025-12-17T18:24:54.718045,2,9.08493047109426,-0.47006343229970504,-1.270386148422817,558.0,105.0,2.0,751815.0,1.0,1138845.0,60566.0
2025-12-17T18:24:54.813077,3,9.087230725000243,-0.47721114822238864,-1.252249021127043,528.0,87.0,2.0,992631.0,1.0,1287719.0,67860.0
2025-12-17T18:24:54.917512,4,9.091137586447228,-0.4875390489939777,-1.2270499508022579,567.0,111.0,2.0,1143867.0,1.0,1725699.0,76992.0
2025-12-17T18:24:55.014374,5,9.095466754277458,-0.4970125257612228,-1.2036543068555945,627.0,150.0,2.0,775068.0,1.0,1681876.0,63591.0
2025-12-17T18:24:55.515048,0,9.115953073459409,-0.5438916119578199,-1.0739227617318037,664.0,177.0,2.0,473186.0,1.0,1095741.0,59570.0
2025-12-17T18:24:55.610145,1,9.121822230451334,-0.5543502100058113,-1.05363104121099,640.0,160.0,2.0,667152.0,1.0,1423408.0,60076.0
2025-12-17T18:24:55.709568,2,9.127612763687672,-0.5640049649954522,-1.0349475789903133,560.0,106.0,2.0,755642.0,1.0,1152806.0,60464.0
2025-12-17T18:24:55.813204,3,9.133683465787652,-0.5732519084719225,-1.0138228725819853,529.0,88.0,2.0,1008206.0,1.0,1288591.0,67792.0
2025-12-17T18:24:55.913570,4,9.139472837538468,-0.5827465461242003,-0.991608715324053,576.0,116.0,2.0,1136150.0,1.0,1724531.0,76369.0
2025-12-17T18:24:56.015776,5,9.148463669070878,-0.5891269259769114,-0.9637252468721992,611.0,139.0,2.0,769579.0,1.0,1691581.0,64567.0
2025-12-17T18:24:56.511719,0,9.189628551482258,-0.6239259408125593,-0.8293291604778913,638.0,158.0,2.0,474951.0,1.0,1129632.0,61060.0
2025-12-17T18:24:56.615180,1,9.19770424124602,-0.631234056418247,-0.8080444021685587,623.0,148.0,2.0,659742.0,1.0,1422926.0,61060.0
2025-12-17T18:24:56.715443,3,9.205308344588857,-0.6397923026749108,-0.7841348694909398,532.0,90.0,2.0,996670.0,1.0,1288155.0,67608.0
2025-12-17T18:24:56.809833,4,9.212709450659814,-0.648609930519787,-0.7631380204786498,559.0,106.0,2.0,1148911.0,1.0,1750998.0,77593.0
2025-12-17T18:24:56.910960,5,9.220830047126306,-0.6563362278428633,-0.7420747636111593,620.0,146.0,2.0,789364.0,1.0,1694446.0,63979.0
2025-12-17T18:24:57.513399,0,9.275386977056385,-0.6851408693129857,-0.5759621532223065,629.0,151.0,2.0,489476.0,1.0,1116329.0,61620.0
2025-12-17T18:24:57.613585,1,9.284863824214117,-0.6923699381427468,-0.551426450277721,612.0,140.0,2.0,687321.0,1.0,1429684.0,61725.0
2025-12-17T18:24:57.715402,2,9.294128869525418,-0.6984112163345566,-0.5276657261702263,560.0,106.0,2.0,739200.0,1.0,1141546.0,60464.0
2025-12-17T18:24:57.812329,3,9.303858332056041,-0.7026784239180106,-0.5034344456340699,516.0,81.0,2.0,1007183.0,1.0,1321719.0,68669.0
2025-12-17T18:24:57.915419,4,9.313187742509935,-0.708255328839341,-0.4767300281437639,555.0,103.0,2.0,1147356.0,1.0,1736832.0,77935.0
2025-12-17T18:24:58.016176,5,9.326027880516865,-0.7063443092886033,-0.4385031992408371,615.0,142.0,2.0,753598.0,1.0,1702494.0,64305.0
2025-12-17T18:24:58.515700,0,9.383742877414715,-0.7242298943694774,-0.3321438917712761,612.0,140.0,2.0,478501.0,1.0,1138460.0,62608.0
2025-12-17T18:24:58.613763,1,9.394710821548284,-0.7268714350500769,-0.31102943543992,595.0,129.0,2.0,689184.0,1.0,1442321.0,62715.0
2025-12-17T18:24:58.713016,2,9.404631555962245,-0.7305656851475666,-0.2848304864530909,550.0,100.0,2.0,757947.0,1.0,1143867.0,61060.0
2025-12-17T18:24:58.812962,3,9.41451187667179,-0.7348475979249711,-0.2620664489614179,528.0,88.0,2.0,993303.0,1.0,1294273.0,67837.0
2025-12-17T18:24:58.917813,4,9.420426093702863,-0.7255150067962521,-0.23023613023453823,553.0,102.0,2.0,1126196.0,1.0,1777870.0,78067.0
2025-12-17T18:24:59.014294,5,9.429481419791147,-0.721591060403556,-0.20526824574269686,603.0,134.0,2.0,769058.0,1.0,1681307.0,65027.0
2025-12-17T18:24:59.512297,0,9.485750907853784,-0.7291289887536951,-0.08473886404674116,581.0,119.0,2.0,495141.0,1.0,1145029.0,64501.0
2025-12-17T18:24:59.614638,1,9.497454378918498,-0.7295110158426592,-0.06365432089258832,576.0,116.0,2.0,689184.0,1.0,1452117.0,63871.0
2025-12-17T18:24:59.716724,2,9.509281869290376,-0.7298441153785467,-0.04168986085440349,519.0,82.0,2.0,738449.0,1.0,1164965.0,62906.0
2025-12-17T18:24:59.817043,3,9.524133646270606,-0.7288207011138672,-0.010773877184023442,521.0,83.0,2.0,993976.0,1.0,1328446.0,68344.0
2025-12-17T18:24:59.916865,4,9.53408430496678,-0.7261823127642462,0.004083965877775754,541.0,95.0,2.0,1164571.0,1.0,1745081.0,78971.0
2025-12-17T18:25:00.014696,5,9.550031907416313,-0.7223812885766883,0.022421411341496916,604.0,134.0,2.0,791504.0,1.0,1679601.0,65005.0
2025-12-17T18:25:00.512915,0,9.606108643366348,-0.7186216447129148,0.13094580270250286,602.0,133.0,2.0,490305.0,1.0,1151636.0,63226.0
2025-12-17T18:25:00.614923,1,9.616868839871977,-0.7165497879125118,0.15469154227291293,581.0,120.0,2.0,698342.0,1.0,1455069.0,63548.0
2025-12-17T18:25:00.708924,2,9.627673894075468,-0.7154869212579982,0.1785385195322307,529.0,88.0,2.0,755897.0,1.0,1151636.0,62270.0
2025-12-17T18:25:00.814055,3,9.63830749951259,-0.7110985571918587,0.2035994898489391,516.0,81.0,2.0,1017117.0,1.0,1313247.0,68623.0
2025-12-17T18:25:00.913310,5,9.647578530391176,-0.7033913221025934,0.23174184193859507,601.0,133.0,2.0,770622.0,1.0,1708844.0,65160.0
2025-12-17T18:25:01.514655,0,9.711935689535814,-0.6841934455973835,0.36801159144559026,568.0,112.0,2.0,480448.0,1.0,1186050.0,65270.0
2025-12-17T18:25:01.614345,1,9.722062408429341,-0.6803996949484867,0.38969294395558246,557.0,105.0,2.0,702609.0,1.0,1442809.0,65049.0
2025-12-17T18:25:01.715699,2,9.732545975823186,-0.6750294855394241,0.4097176310966037,543.0,97.0,2.0,765682.0,1.0,1164571.0,61433.0
2025-12-17T18:25:01.809664,3,9.73843439081083,-0.668168307738628,0.43571448113898714,521.0,84.0,2.0,1008206.0,1.0,1315026.0,68298.0
2025-12-17T18:25:01.917272,4,9.725872277401134,-0.6569581531757489,0.473212533778156,549.0,100.0,2.0,1150467.0,1.0,1804544.0,78359.0
2025-12-17T18:25:02.516223,0,9.781282222333498,-0.6229791521498393,0.6076004824866177,581.0,120.0,2.0,502399.0,1.0,1159065.0,64479.0
2025-12-17T18:25:02.613132,1,9.789792969859644,-0.6148938098040269,0.6346627385422022,574.0,115.0,2.0,697869.0,1.0,1470416.0,64023.0
2025-12-17T18:25:02.710967,2,9.79935425253406,-0.6068753445071202,0.6572087420336193,521.0,83.0,2.0,754619.0,1.0,1162208.0,62799.0
2025-12-17T18:25:02.813855,3,9.811949569853473,-0.5928496597791373,0.6986986810109107,516.0,81.0,2.0,1028889.0,1.0,1340641.0,68669.0
2025-12-17T18:25:02.912138,4,9.819420928234702,-0.5840990204845857,0.7291666976259457,537.0,93.0,2.0,1157889.0,1.0,1761697.0,79239.0
2025-12-17T18:25:03.013424,5,9.82775557404757,-0.577027234639993,0.7558138650257281,595.0,128.0,2.0,797960.0,1.0,1733309.0,65580.0
2025-12-17T18:25:03.515396,0,9.867889644539424,-0.5372808484496128,0.8690996041123749,562.0,107.0,2.0,493301.0,1.0,1193298.0,65691.0
2025-12-17T18:25:03.612409,1,9.875838154315574,-0.5283933389325446,0.8863337419566766,545.0,97.0,2.0,687321.0,1.0,1485421.0,65802.0
2025-12-17T18:25:03.715162,2,9.868773328565968,-0.5139771904559369,0.9093736421961195,542.0,96.0,2.0,747249.0,1.0,1161815.0,61537.0
2025-12-17T18:25:03.811504,4,9.871725377638946,-0.5046494402271557,0.9359915805114054,542.0,96.0,2.0,1157889.0,1.0,1727452.0,78917.0
2025-12-17T18:25:03.914150,5,9.87830962109416,-0.49619043902646887,0.9615965492721384,568.0,112.0,2.0,771666.0,1.0,1726868.0,67243.0
2025-12-17T18:25:04.515603,0,9.915351763134105,-0.43538488486065763,1.0974534685099997,555.0,104.0,2.0,501380.0,1.0,1184847.0,66092.0
2025-12-17T18:25:04.614299,1,9.93959163634197,-0.42128510383489637,1.1162661103258409,550.0,101.0,2.0,700946.0,1.0,1464456.0,65469.0
2025-12-17T18:25:04.714002,2,9.947004747048968,-0.4187226221240765,1.1206617966085277,546.0,98.0,2.0,748261.0,1.0,1161422.0,61267.0
2025-12-17T18:25:04.813992,3,9.946923663470471,-0.41883226793467365,1.1199655642924913,520.0,83.0,2.0,991623.0,1.0,1331597.0,68391.0
2025-12-17T18:25:04.915277,4,9.946945882466409,-0.41889618244736493,1.119717006334055,544.0,97.0,2.0,1142706.0,1.0,1811275.0,78731.0
2025-12-17T18:25:05.013140,5,9.946945882466409,-0.41889618244736493,1.119717006334055,571.0,113.0,2.0,807195.0,1.0,1730378.0,67061.0
2025-12-17T18:25:05.513608,1,9.965074810502683,-0.37227980416085416,1.2125705838909113,532.0,90.0,2.0,702847.0,1.0,1497536.0,66631.0
2025-12-17T18:25:05.613251,2,9.970146211630137,-0.35332950417116926,1.2307415589432127,540.0,95.0,2.0,747249.0,1.0,1176455.0,61620.0
2025-12-17T18:25:05.709421,3,9.974364990894975,-0.3408220387446592,1.2519543225233465,524.0,85.0,2.0,1029934.0,1.0,1331146.0,68160.0
2025-12-17T18:25:05.813977,4,9.978027951336516,-0.3293414691315588,1.2710053510331771,526.0,87.0,2.0,1179246.0,1.0,1764084.0,80102.0
2025-12-17T18:25:05.916345,5,9.980579682591996,-0.3196189789060435,1.2883868569503991,570.0,113.0,2.0,791772.0,1.0,1755151.0,67107.0
2025-12-17T18:25:06.514887,0,9.99600304605447,-0.2554333721313631,1.3790643822869733,567.0,111.0,2.0,502910.0,1.0,1173274.0,65336.0
2025-12-17T18:25:06.611368,1,9.997448628872473,-0.24359645521707662,1.376586466713468,560.0,106.0,2.0,698578.0,1.0,1459014.0,64873.0
2025-12-17T18:25:06.715202,2,10.000545225682746,-0.2319974763636914,1.377335039684264,520.0,83.0,2.0,764646.0,1.0,1174466.0,62863.0
2025-12-17T18:25:06.809399,3,10.00273620423558,-0.22019705601867745,1.376110276061108,517.0,81.0,2.0,1011966.0,1.0,1338827.0,68623.0
2025-12-17T18:25:06.913962,4,10.004871814541195,-0.20878178283913318,1.3825447934639776,539.0,94.0,2.0,1162995.0,1.0,1820493.0,79105.0
2025-12-17T18:25:07.013441,5,10.001868479148488,-0.18964436662883166,1.3973347501307958,563.0,108.0,2.0,801478.0,1.0,1760505.0,67562.0
2025-12-17T18:25:07.515474,0,9.998665911011718,-0.11861678186844671,1.4455196907964785,538.0,93.0,2.0,495979.0,1.0,1196938.0,67198.0
2025-12-17T18:25:07.617731,1,10.001411701546282,-0.10415109784666665,1.4428017329509757,554.0,103.0,2.0,708339.0,1.0,1504649.0,65248.0
2025-12-17T18:25:07.715016,2,10.002183328077852,-0.0966824037723919,1.44330644197239,523.0,85.0,2.0,730990.0,1.0,1182843.0,62651.0
2025-12-17T18:25:07.810809,3,10.00447642937077,-0.08587975978192297,1.442071060068393,517.0,82.0,2.0,1001065.0,1.0,1330246.0,68576.0
2025-12-17T18:25:07.912839,4,10.005489045490826,-0.07440003116787164,1.438610883873349,527.0,87.0,2.0,1177252.0,1.0,1802102.0,80074.0
2025-12-17T18:25:08.014567,5,10.007740690049737,-0.06322070423413884,1.4395984514761124,556.0,104.0,2.0,817367.0,1.0,1770065.0,68044.0
2025-12-17T18:25:08.518587,0,10.015456421739916,-0.004873256641154455,1.438616148347934,549.0,100.0,2.0,501890.0,1.0,1198154.0,66496.0
2025-12-17T18:25:08.611680,1,10.01651995755768,0.00744713638301242,1.438616148347934,540.0,95.0,2.0,695746.0,1.0,1512307.0,66115.0
2025-12-17T18:25:08.719432,2,10.018801351932648,0.02193912467322523,1.4415767480155002,535.0,92.0,2.0,776118.0,1.0,1181243.0,61955.0
2025-12-17T18:25:08.811974,3,10.019804457672457,0.029999871599037498,1.4388604779293057,512.0,79.0,2.0,1028889.0,1.0,1347921.0,68925.0
2025-12-17T18:25:08.911627,4,10.02078217764942,0.040918422153910505,1.4388658803072902,524.0,85.0,2.0,1166938.0,1.0,1759314.0,80319.0
2025-12-17T18:25:09.010844,5,10.02286225539255,0.05226482153262069,1.4388583660767877,563.0,108.0,2.0,795263.0,1.0,1756339.0,67608.0
2025-12-17T18:25:09.515144,0,10.0342213025902,0.11385001377873927,1.4470706130683961,546.0,98.0,2.0,498504.0,1.0,1209972.0,66654.0
2025-12-17T18:25:09.615969,2,10.035696903357948,0.1277968034034167,1.4573154179761516,526.0,86.0,2.0,741706.0,1.0,1172083.0,62503.0
2025-12-17T18:25:09.714700,3,10.037457029986825,0.13892110351562437,1.4790953838660508,531.0,89.0,2.0,994649.0,1.0,1320377.0,67700.0
2025-12-17T18:25:09.812635,4,10.038881968132952,0.1499906047871571,1.4988907529560807,534.0,91.0,2.0,1159850.0,1.0,1832858.0,79534.0
2025-12-17T18:25:09.915115,5,10.039938512393327,0.16126390265895463,1.5072949339882682,540.0,95.0,2.0,816814.0,1.0,1739774.0,69065.0
2025-12-17T18:25:10.515451,0,10.043915036852368,0.23002792693098328,1.5171932456512955,533.0,91.0,2.0,503932.0,1.0,1214074.0,67494.0
2025-12-17T18:25:10.610843,1,10.044501261085955,0.24185712340104004,1.5179260144916717,541.0,95.0,2.0,711463.0,1.0,1484416.0,66092.0
2025-12-17T18:25:10.710073,2,10.044697777230029,0.2534948358637159,1.515702920510397,532.0,90.0,2.0,765164.0,1.0,1173671.0,62144.0
2025-12-17T18:25:10.812493,3,10.04533115250064,0.2652839979381252,1.517686794854744,507.0,76.0,2.0,1022294.0,1.0,1351575.0,69276.0
2025-12-17T18:25:10.915167,4,10.04546122408545,0.2774312791852971,1.514482706460676,531.0,89.0,2.0,1175261.0,1.0,1796014.0,79723.0
2025-12-17T18:25:11.011857,5,10.046376340484965,0.2884569721794854,1.518324104692552,542.0,96.0,2.0,809932.0,1.0,1797838.0,68972.0
2025-12-17T18:25:11.514872,0,10.049831066277807,0.34511175275816885,1.5190575363542573,549.0,100.0,2.0,505127.0,1.0,1210382.0,66496.0
2025-12-17T18:25:11.615549,1,10.05009004448498,0.35759224587354677,1.5185607970502646,537.0,93.0,2.0,704514.0,1.0,1507197.0,66316.0
2025-12-17T18:25:11.717099,2,10.050703188563151,0.3690923207384529,1.5185813774819183,519.0,83.0,2.0,758974.0,1.0,1185649.0,62885.0
2025-12-17T18:25:11.810596,3,10.0495708644942,0.3896130660846211,1.5350949483873337,508.0,76.0,2.0,1011966.0,1.0,1329795.0,69229.0
2025-12-17T18:25:11.911538,4,10.045306353556176,0.4080135743488924,1.5495800153268549,510.0,78.0,2.0,1174069.0,1.0,1847181.0,81358.0
2025-12-17T18:25:12.012377,5,10.04620004133988,0.4189663354917954,1.5510529149489938,541.0,95.0,2.0,813228.0,1.0,1827902.0,68995.0
2025-12-17T18:25:12.514941,0,10.048300073206615,0.47648902826917006,1.551290163428892,520.0,83.0,2.0,499348.0,1.0,1253744.0,68344.0
2025-12-17T18:25:12.609939,1,10.048103781454053,0.4884268892591974,1.5505454639944762,539.0,94.0,2.0,705230.0,1.0,1512819.0,66204.0
2025-12-17T18:25:12.717479,2,10.048754179710665,0.49974280516153424,1.5522732724156612,544.0,97.0,2.0,757690.0,1.0,1184847.0,61433.0
2025-12-17T18:25:12.815275,3,10.049026590821821,0.5118011991488762,1.5520241039374527,520.0,83.0,2.0,999035.0,1.0,1342457.0,68391.0
2025-12-17T18:25:12.916218,4,10.049364524078284,0.5225033236102421,1.5542457716431113,521.0,84.0,2.0,1190474.0,1.0,1806377.0,80536.0
2025-12-17T18:25:13.017057,5,10.049749991052426,0.5342033139686269,1.554305265769228,546.0,98.0,2.0,832443.0,1.0,1777870.0,68716.0
2025-12-17T18:25:13.513932,0,10.051438268019592,0.5923432530459385,1.5506059511870756,518.0,82.0,2.0,504615.0,1.0,1238142.0,68483.0
2025-12-17T18:25:13.614587,1,10.051486271377943,0.6033819460388603,1.5485771001594222,532.0,90.0,2.0,710981.0,1.0,1498550.0,66677.0
2025-12-17T18:25:13.710815,2,10.052442134617378,0.6147654814462085,1.5527901936741852,526.0,86.0,2.0,757178.0,1.0,1182443.0,62503.0
2025-12-17T18:25:13.812968,3,10.051951007399754,0.6271969323051243,1.550554971976699,501.0,73.0,2.0,1031329.0,1.0,1359834.0,69676.0
2025-12-17T18:25:13.913833,4,10.052427286054302,0.6393073135793781,1.5527694115400708,505.0,75.0,2.0,1180444.0,1.0,1807600.0,81772.0
2025-12-17T18:25:14.014079,5,10.052502728897396,0.6514767230054224,1.5520229567766433,533.0,90.0,2.0,803651.0,1.0,1815571.0,69581.0
2025-12-17T18:25:14.515328,0,10.02119535064303,0.717562401369702,1.5668262013181253,532.0,90.0,2.0,500363.0,1.0,1243181.0,67562.0
2025-12-17T18:25:14.612707,1,10.021063771722803,0.7295809716612816,1.5658422491524748,526.0,87.0,2.0,710019.0,1.0,1509239.0,67016.0
2025-12-17T18:25:14.712391,2,10.021393396568794,0.7416605350910732,1.568307173014194,524.0,85.0,2.0,748515.0,1.0,1200590.0,62630.0
2025-12-17T18:25:14.813043,3,10.021145667205833,0.7529768421906287,1.5678332887201027,510.0,78.0,2.0,998021.0,1.0,1342003.0,69065.0
2025-12-17T18:25:14.917504,4,10.021736412181234,0.7643840862056059,1.5703050838348507,498.0,71.0,2.0,1187657.0,1.0,1860357.0,82300.0
2025-12-17T18:25:15.014627,5,10.02104428445988,0.7764955722425269,1.5680851277983041,537.0,93.0,2.0,806103.0,1.0,1791764.0,69323.0
2025-12-17T18:25:15.510364,0,10.020846736520356,0.8341688432656174,1.5683236265921363,512.0,79.0,2.0,498335.0,1.0,1245287.0,68879.0
2025-12-17T18:25:15.613898,1,10.02134474020315,0.8459655893249911,1.5702993023510783,545.0,97.0,2.0,709059.0,1.0,1512307.0,65847.0
2025-12-17T18:25:15.709319,2,10.021162068826989,0.8580684485733387,1.5683468520473067,522.0,84.0,2.0,762579.0,1.0,1188461.0,62715.0
2025-12-17T18:25:15.814985,3,10.021273929569041,0.8692307125084353,1.5708136823802978,504.0,74.0,2.0,1023679.0,1.0,1388671.0,69464.0
2025-12-17T18:25:15.911237,4,10.02102715604565,0.8817356800761855,1.5725400763893282,503.0,74.0,2.0,1183644.0,1.0,1818646.0,81966.0
2025-12-17T18:25:16.010122,5,10.020588526805405,0.8931562016675443,1.5722995573050438,535.0,92.0,2.0,827387.0,1.0,1816800.0,69417.0
2025-12-17T18:25:16.514762,0,9.988296112027795,0.9549492765101046,1.5887855964189923,522.0,84.0,2.0,506154.0,1.0,1224805.0,68229.0
2025-12-17T18:25:16.614873,1,9.986880257199418,0.9668931487119732,1.5907012567408645,541.0,95.0,2.0,720184.0,1.0,1533439.0,66115.0
2025-12-17T18:25:16.713249,3,9.985841415872006,0.978776835528401,1.5909516657875309,501.0,73.0,2.0,1012994.0,1.0,1355699.0,69699.0
2025-12-17T18:25:16.809171,4,9.986126244664138,0.9902528258646237,1.592185455186351,518.0,82.0,2.0,1186853.0,1.0,1855327.0,80727.0
2025-12-17T18:25:16.914557,5,9.985647361000133,1.00191517240921,1.5894579322670965,533.0,91.0,2.0,820415.0,1.0,1827902.0,69534.0
2025-12-17T18:25:17.517767,0,9.984872983956304,1.0755362897198273,1.5931106477300712,495.0,69.0,2.0,505812.0,1.0,1262260.0,70054.0
2025-12-17T18:25:17.613598,1,9.984654672944083,1.083193642826016,1.5903798554433881,504.0,74.0,2.0,688252.0,1.0,1506178.0,68460.0
2025-12-17T18:25:17.711346,2,9.984585549019632,1.0942067878434623,1.591117190062652,505.0,75.0,2.0,762579.0,1.0,1200590.0,63785.0
2025-12-17T18:25:17.815039,3,9.984873165224823,1.1057580022811955,1.5903780511774066,497.0,71.0,2.0,1007183.0,1.0,1359374.0,69936.0
2025-12-17T18:25:17.916218,4,9.984674349210787,1.1166304640495488,1.5873895220250576,507.0,76.0,2.0,1187657.0,1.0,1832858.0,81634.0
2025-12-17T18:25:18.015318,5,9.985376774963395,1.1277874499530176,1.5896020998093456,511.0,78.0,2.0,840084.0,1.0,1840940.0,71081.0
2025-12-17T18:25:18.517089,0,9.985301172155522,1.1855603514693254,1.5759918486597422,511.0,78.0,2.0,505983.0,1.0,1272986.0,68995.0
2025-12-17T18:25:18.614192,1,9.985579200306166,1.1964935707304276,1.5587132598321674,519.0,83.0,2.0,713150.0,1.0,1532401.0,67494.0
2025-12-17T18:25:18.713927,2,9.987546145769297,1.2066202801320776,1.536160412236831,535.0,92.0,2.0,761805.0,1.0,1189669.0,61976.0
2025-12-17T18:25:18.812958,3,9.959840834847471,1.2090961312673754,1.5216545476525496,514.0,80.0,2.0,1042207.0,1.0,1378836.0,68855.0
2025-12-17T18:25:18.916441,4,9.947266875724276,1.216586136701209,1.5107364313086251,532.0,90.0,2.0,1172083.0,1.0,1813115.0,79669.0
2025-12-17T18:25:19.017524,5,9.94781640750962,1.2332015569739836,1.4877537601657118,523.0,85.0,2.0,812677.0,1.0,1845307.0,70244.0
2025-12-17T18:25:19.516197,0,9.95446627699748,1.2855085458319726,1.3739286579283891,505.0,75.0,2.0,500194.0,1.0,1271263.0,69393.0
2025-12-17T18:25:19.616738,1,9.958529916232152,1.2990647876411012,1.3392987030070787,533.0,90.0,2.0,703561.0,1.0,1563309.0,66631.0
2025-12-17T18:25:19.714033,2,9.960131420680142,1.3063475601313437,1.3252641054576069,604.0,134.0,2.0,723360.0,1.0,1152026.0,58037.0
2025-12-17T18:25:19.813685,3,9.962605340169105,1.3181339490861737,1.3096924907832908,623.0,148.0,2.0,945413.0,1.0,1275573.0,61997.0
2025-12-17T18:25:19.911085,4,9.965400000255112,1.3291524138538877,1.2837414295711969,535.0,92.0,2.0,1172480.0,1.0,1845931.0,79453.0
2025-12-17T18:25:20.014038,5,9.969211303875895,1.3401684907685576,1.256832194553972,532.0,90.0,2.0,823754.0,1.0,1819261.0,69629.0
2025-12-17T18:25:20.514354,0,9.969744019364736,1.3743084862157575,1.1452483583211204,506.0,75.0,2.0,504273.0,1.0,1272555.0,69323.0
2025-12-17T18:25:20.615334,1,9.973915391767001,1.3852779035836056,1.124650131811261,623.0,147.0,2.0,663549.0,1.0,1471411.0,61122.0
2025-12-17T18:25:20.709689,2,9.978297486713231,1.3950752423668504,1.1057612896005302,859.0,478.0,3.0,633055.0,1.0,999711.0,41795.0
2025-12-17T18:25:20.813993,3,9.983867656170483,1.4047618395083825,1.0791336443086181,846.0,434.0,3.0,812677.0,1.0,996670.0,46909.0
2025-12-17T18:25:20.912615,4,9.989568129692465,1.4141969890233268,1.0515207364858683,541.0,95.0,2.0,1184847.0,1.0,1805766.0,78998.0
2025-12-17T18:25:21.011749,5,9.995635595459646,1.423118544491893,1.0342179169052181,518.0,82.0,2.0,824591.0,1.0,1840940.0,70602.0
2025-12-17T18:25:21.516849,0,10.009576127624882,1.4709694193524134,0.9325945761197858,528.0,88.0,2.0,495476.0,1.0,1252048.0,67837.0
2025-12-17T18:25:21.611535,1,10.016765847810744,1.479759260069149,0.904315555050906,863.0,489.0,3.0,553836.0,1.0,1269543.0,44511.0
2025-12-17T18:25:21.718419,2,10.023995535666536,1.4880764650419929,0.8802791549337987,1005.0,1015.0,4.0,561956.0,1.0,843789.0,32152.0
2025-12-17T18:25:21.809473,3,10.030919244586702,1.49791291812351,0.8632886389143775,1020.0,1076.0,4.0,674873.0,1.0,732228.0,34241.0
2025-12-17T18:25:21.913626,4,10.03804120895557,1.5064803377153675,0.8411769309927871,809.0,323.0,3.0,962199.0,1.0,1487937.0,60341.0
2025-12-17T18:25:22.013455,5,10.045861878120306,1.5143694750970385,0.8140785309369146,568.0,111.0,2.0,786697.0,1.0,1840940.0,67266.0
2025-12-17T18:25:22.514956,0,10.075663148913911,1.5481387385415655,0.694501781994224,588.0,124.0,2.0,471747.0,1.0,1244023.0,64066.0
2025-12-17T18:25:22.611665,1,10.084334298362137,1.5550854939189005,0.6784239430101394,1044.0,1178.0,4.0,446881.0,1.0,1000049.0,32613.0
2025-12-17T18:25:22.719340,2,10.093374444923752,1.5631053496155882,0.6623654832226542,1221.0,2020.0,4.0,473988.0,1.0,672821.0,24617.0
2025-12-17T18:25:22.816264,3,10.1052023116117,1.5702497402985909,0.6265607051142761,1186.0,1840.0,4.0,576598.0,1.0,550473.0,27816.0
2025-12-17T18:25:22.915334,4,10.110910834142963,1.574337058350343,0.607826031356363,883.0,558.0,3.0,871065.0,1.0,1262260.0,50964.0
2025-12-17T18:25:23.010479,5,10.127482538903916,1.5808044614433054,0.5848548944088061,686.0,194.0,2.0,747755.0,1.0,1665449.0,60137.0
2025-12-17T18:25:23.518454,0,10.202270141826185,1.6110039083989358,0.45444622402636137,745.0,244.0,3.0,445672.0,1.0,1119735.0,55202.0
2025-12-17T18:25:23.615600,1,10.209221931317202,1.6143665730403969,0.4385965825115386,1250.0,2177.0,4.0,401961.0,1.0,814054.0,25629.0
2025-12-17T18:25:23.714644,2,10.21935210288405,1.6186522960948428,0.41659488717792453,1381.0,2913.0,5.0,423468.0,1.0,553462.0,21218.0
2025-12-17T18:25:23.814065,3,10.229158759648202,1.6239522063435539,0.39637183542355725,1239.0,2114.0,4.0,566539.0,1.0,475434.0,26314.0
2025-12-17T18:25:23.911104,4,10.239569609107548,1.628286180984599,0.3713341541510033,938.0,753.0,4.0,789898.0,1.0,1103931.0,45966.0
2025-12-17T18:25:24.014364,5,10.249166890279156,1.6313485640387526,0.34358963708476126,776.0,273.0,3.0,681760.0,1.0,1524126.0,55258.0
2025-12-17T18:25:24.513270,1,10.302936842798136,1.6471844331921188,0.22634292158692837,1313.0,2521.0,5.0,379358.0,1.0,750290.0,24147.0
2025-12-17T18:25:24.614779,2,10.313243562842068,1.6488627195418735,0.2097766908388741,1326.0,2593.0,5.0,433180.0,1.0,529997.0,22255.0
2025-12-17T18:25:24.710445,3,10.324416415482712,1.651400128122833,0.18925535650099296,1180.0,1811.0,4.0,539955.0,1.0,455123.0,27996.0
2025-12-17T18:25:24.811017,4,10.335832121829906,1.652524070528126,0.1610315078918096,984.0,927.0,4.0,733964.0,1.0,1001065.0,42638.0
2025-12-17T18:25:25.515158,0,10.372046103819809,1.65158423103839,0.019387038653483107,856.0,466.0,3.0,390034.0,1.0,988942.0,45841.0
2025-12-17T18:25:25.616351,1,10.38715719733942,1.6510167590917781,-0.015688874933195752,1391.0,2975.0,5.0,352018.0,1.0,659518.0,22566.0
2025-12-17T18:25:25.712248,2,10.394290468951429,1.6505416803473025,-0.032150898566679784,1301.0,2455.0,5.0,417350.0,1.0,504103.0,22758.0
2025-12-17T18:25:25.814753,3,10.405133322787144,1.6498136856071337,-0.054949809800750975,1304.0,2468.0,5.0,500871.0,1.0,392816.0,24717.0
2025-12-17T18:25:25.913983,4,10.412822149190326,1.652667325478716,-0.067125706941048,1033.0,1131.0,4.0,696453.0,1.0,897399.0,39592.0
2025-12-17T18:25:26.013804,5,10.422056617782129,1.6531103401044343,-0.08927531948896568,827.0,378.0,3.0,644731.0,1.0,1352490.0,50381.0
2025-12-17T18:25:26.510093,0,10.477953816108627,1.644762281735793,-0.2016694741614333,914.0,666.0,4.0,373498.0,1.0,885931.0,40706.0
2025-12-17T18:25:26.614128,1,10.4919928568867,1.6419890008244913,-0.2290701097115161,1537.0,3897.0,5.0,319649.0,1.0,572320.0,20181.0
2025-12-17T18:25:26.713174,2,10.49873959652589,1.6401421883033782,-0.2431528048707274,1452.0,3353.0,5.0,379615.0,1.0,439977.0,20025.0
2025-12-17T18:25:26.810046,4,10.51023425372134,1.6379927286540008,-0.26483053247365407,1109.0,1471.0,4.0,632841.0,1.0,771666.0,35794.0
2025-12-17T18:25:26.913295,5,10.513194221809272,1.633391769488827,-0.2849456717126641,875.0,530.0,3.0,603963.0,1.0,1228541.0,45286.0
2025-12-17T18:25:27.514774,0,10.56277511947344,1.6074947950331593,-0.41625435571765107,994.0,968.0,4.0,345877.0,1.0,754875.0,35600.0
2025-12-17T18:25:27.613401,1,10.573354304346774,1.603037646488155,-0.43744283597403966,1761.0,5181.0,5.0,273750.0,1.0,468406.0,17484.0
2025-12-17T18:25:27.719258,2,10.583849893305793,1.597550340535272,-0.4628505861693143,1530.0,3852.0,5.0,355731.0,1.0,390298.0,18905.0
2025-12-17T18:25:27.815825,3,10.584931612303627,1.5959867686412696,-0.477875546832391,1470.0,3467.0,5.0,431863.0,1.0,320191.0,21500.0
2025-12-17T18:25:27.915890,4,10.581290976722206,1.5954550639771323,-0.4889501494833007,1205.0,1937.0,4.0,562336.0,1.0,668282.0,32109.0
2025-12-17T18:25:28.014816,5,10.58801722500133,1.591686372812534,-0.5041452429212901,902.0,622.0,3.0,563288.0,1.0,1119356.0,42928.0
2025-12-17T18:25:28.518461,0,10.634137986654116,1.561545442940087,-0.6222295630949584,1119.0,1517.0,4.0,307135.0,1.0,625389.0,29997.0
2025-12-17T18:25:28.610838,2,10.644347222622338,1.5544039352738146,-0.6457750673662328,1513.0,3738.0,5.0,347402.0,1.0,363644.0,19144.0
2025-12-17T18:25:28.717470,3,10.63879580067023,1.547678551000259,-0.6605379904986918,1637.0,4587.0,5.0,380387.0,1.0,261789.0,19131.0
2025-12-17T18:25:28.814355,4,10.61902808199499,1.5386145250743883,-0.6871155977758888,1265.0,2254.0,5.0,515664.0,1.0,585051.0,30211.0
2025-12-17T18:25:28.916855,5,10.625075915474174,1.5334816409496401,-0.7049876056736112,940.0,758.0,4.0,553462.0,1.0,1042207.0,40064.0
2025-12-17T18:25:29.514170,0,10.669518568798267,1.4874992707141086,-0.8556329588733161,1276.0,2316.0,5.0,272640.0,1.0,508558.0,25344.0
2025-12-17T18:25:29.611108,1,10.673293648004442,1.4761325636563907,-0.8652488987409279,1896.0,5581.0,5.0,251029.0,1.0,406338.0,16229.0
2025-12-17T18:25:29.712084,2,10.67087388388721,1.4637352350933721,-0.8806368716495491,1381.0,2914.0,5.0,361435.0,1.0,365495.0,21218.0
2025-12-17T18:25:29.814652,3,10.677697217023507,1.454436892903951,-0.9034053971747936,1608.0,4381.0,5.0,370978.0,1.0,244158.0,19503.0
2025-12-17T18:25:29.918410,4,10.685421815794852,1.4453925723369583,-0.924134488245975,1266.0,2260.0,5.0,501720.0,1.0,546574.0,30180.0
2025-12-17T18:25:30.015850,5,10.693691857565776,1.436519466444853,-0.9463020856601542,957.0,824.0,4.0,508730.0,1.0,947335.0,38888.0
2025-12-17T18:25:30.514582,0,10.722560726755743,1.3891125150573176,-1.069845938007713,1312.0,2514.0,5.0,262854.0,1.0,451136.0,24517.0
2025-12-17T18:25:30.614275,1,10.717960540076863,1.3780784433789215,-1.0892587636987745,1715.0,5044.0,5.0,256179.0,1.0,399926.0,17963.0
2025-12-17T18:25:30.711246,2,10.723047861193823,1.368057830459092,-1.1106793395609553,1352.0,2742.0,5.0,359605.0,1.0,355852.0,21756.0
2025-12-17T18:25:30.813860,3,10.729272409496357,1.3576729611572063,-1.1325779854277882,1464.0,3425.0,5.0,374510.0,1.0,246150.0,21610.0
2025-12-17T18:25:30.912945,4,10.734572368670028,1.3466736816391869,-1.158989293187617,1298.0,2436.0,5.0,480774.0,1.0,500024.0,29275.0
2025-12-17T18:25:31.011459,5,10.738835723766455,1.3359736599207892,-1.1802383484729886,997.0,982.0,4.0,482894.0,1.0,845790.0,36466.0
2025-12-17T18:25:31.519810,0,10.770463143883983,1.271662928923858,-1.288489146064324,1242.0,2134.0,4.0,268610.0,1.0,445371.0,26199.0
2025-12-17T18:25:31.614659,1,10.774876967384618,1.2605239715784995,-1.311316562222565,1553.0,4007.0,5.0,264729.0,1.0,395886.0,19951.0
2025-12-17T18:25:31.711990,2,10.776962301291277,1.2499473877769889,-1.334721689899799,1451.0,3346.0,5.0,334141.0,1.0,327645.0,20045.0
2025-12-17T18:25:31.811688,3,10.779400455450672,1.2390018157267155,-1.359891307936389,1403.0,3049.0,5.0,382582.0,1.0,245983.0,22673.0
2025-12-17T18:25:31.917946,5,10.782952496328884,1.2243011019567378,-1.3844145130686631,1034.0,1133.0,4.0,477207.0,1.0,781390.0,34567.0
2025-12-17T18:25:32.515351,0,10.785845382580895,1.146115818437944,-1.5082894635552784,1208.0,1953.0,4.0,270526.0,1.0,419900.0,27147.0
2025-12-17T18:25:32.613102,1,10.786072353521114,1.1351775863315252,-1.511206412765004,1640.0,4606.0,5.0,243581.0,1.0,369600.0,18822.0
2025-12-17T18:25:32.710203,2,10.787503895832547,1.1225388374299197,-1.5112077024751933,1558.0,4039.0,5.0,307968.0,1.0,298829.0,18538.0
2025-12-17T18:25:32.815476,3,10.788308467942466,1.1113960227560762,-1.5104599561757954,1513.0,3738.0,5.0,352615.0,1.0,223364.0,20841.0
2025-12-17T18:25:32.917030,4,10.788974298699067,1.099881940391998,-1.5097283560211032,1324.0,2583.0,5.0,454200.0,1.0,468882.0,28589.0
2025-12-17T18:25:33.014336,5,10.790172506074342,1.0885507453040075,-1.5139372882202844,1060.0,1247.0,4.0,450525.0,1.0,719941.0,33338.0
2025-12-17T18:25:33.518207,0,10.767421143060552,1.011615782526528,-1.5104662467160486,1244.0,2142.0,4.0,259495.0,1.0,401825.0,26163.0
2025-12-17T18:25:33.611532,1,10.768082357237109,1.0038604710120165,-1.5094821675025722,1776.0,5228.0,5.0,222459.0,1.0,332674.0,17330.0
2025-12-17T18:25:33.719177,2,10.769200822341038,0.9924260734885468,-1.51170414178838,1683.0,4916.0,5.0,289472.0,1.0,269247.0,17074.0
2025-12-17T18:25:33.813125,3,10.769776458419674,0.981468499608134,-1.5082329441726423,1669.0,4809.0,5.0,317385.0,1.0,195281.0,18759.0
2025-12-17T18:25:33.920848,4,10.770880143907917,0.9699122457178238,-1.5102057627503933,1337.0,2657.0,5.0,433034.0,1.0,434355.0,28262.0
2025-12-17T18:25:34.018790,5,10.771668899802227,0.9545323071201199,-1.5094615572705876,1097.0,1411.0,4.0,429385.0,1.0,650870.0,31784.0
2025-12-17T18:25:34.512041,0,10.774242371081787,0.9007328160589054,-1.510474015122801,1249.0,2167.0,4.0,261877.0,1.0,373371.0,26040.0
2025-12-17T18:25:34.613634,1,10.775482052634255,0.889032871146826,-1.5102429669598048,1652.0,4693.0,5.0,239331.0,1.0,323897.0,18676.0
2025-12-17T18:25:34.720062,2,10.776704802645344,0.8732640409714207,-1.5117216375098477,1668.0,4803.0,5.0,279271.0,1.0,255141.0,17243.0
2025-12-17T18:25:34.812774,3,10.777494503111772,0.8655026746406147,-1.5114693042338165,1539.0,3910.0,5.0,329424.0,1.0,194555.0,20457.0
2025-12-17T18:25:34.912643,4,10.778430318260586,0.8543207096486718,-1.5129575217153817,1381.0,2917.0,5.0,414254.0,1.0,400739.0,27202.0
2025-12-17T18:25:35.015771,5,10.779287033898928,0.8389655417063144,-1.5117318225347518,1146.0,1642.0,4.0,394949.0,1.0,589024.0,29956.0
2025-12-17T18:25:35.515564,0,10.781710295137575,0.7852346362944349,-1.516199869766246,1149.0,1659.0,4.0,272456.0,1.0,388979.0,28969.0
2025-12-17T18:25:35.613260,1,10.782638443372203,0.77343211879165,-1.5186780085222746,1399.0,3022.0,5.0,256526.0,1.0,346698.0,22429.0
2025-12-17T18:25:35.709714,2,10.783290344663543,0.7467476610187678,-1.5113413955204333,1475.0,3495.0,5.0,295210.0,1.0,258706.0,19689.0
2025-12-17T18:25:35.813681,3,10.783952072803155,0.7180918329282386,-1.5032818664155378,1338.0,2666.0,5.0,355972.0,1.0,209240.0,23959.0
2025-12-17T18:25:35.917475,4,10.784641081976154,0.707231167649006,-1.5010564653704366,1407.0,3070.0,5.0,384920.0,1.0,371481.0,26637.0
2025-12-17T18:25:36.013464,5,10.78571555337762,0.6960406065790945,-1.4995625651044888,1202.0,1925.0,4.0,374384.0,1.0,527491.0,28129.0
2025-12-17T18:25:36.514195,0,10.79032543787427,0.6374568225905808,-1.5007615033337007,1041.0,1162.0,4.0,297115.0,1.0,424042.0,33248.0
2025-12-17T18:25:36.615039,1,10.79133565111172,0.6262251074891019,-1.5014970711024853,1216.0,1994.0,4.0,287714.0,1.0,375780.0,26556.0
2025-12-17T18:25:36.710418,3,10.79162380124156,0.6149555514785359,-1.4993450379597675,1170.0,1761.0,4.0,400603.0,1.0,235794.0,28320.0
2025-12-17T18:25:36.810326,4,10.793177103674328,0.6033254098687273,-1.4986190079691253,1419.0,3144.0,5.0,376289.0,1.0,349762.0,26377.0
2025-12-17T18:25:36.918432,5,10.793951143006026,0.5912388554526284,-1.4981298747968408,1222.0,2029.0,4.0,364630.0,1.0,483384.0,27545.0
2025-12-17T18:25:37.517863,0,10.79993967999111,0.5259819411040239,-1.5018717952853449,967.0,860.0,4.0,321929.0,1.0,438194.0,37177.0
2025-12-17T18:25:37.610590,1,10.800953730348958,0.5251884685354895,-1.50236974325727,1066.0,1271.0,4.0,318031.0,1.0,409098.0,31688.0
2025-12-17T18:25:37.714390,2,10.800845595827123,0.5253718514804859,-1.5033584994112053,1277.0,2319.0,5.0,321059.0,1.0,275609.0,23296.0
2025-12-17T18:25:37.813002,3,10.800845595827123,0.5253718514804859,-1.5033584994112053,1045.0,1181.0,4.0,438342.0,1.0,257745.0,33080.0
2025-12-17T18:25:37.917574,4,10.800845595827123,0.5253718514804859,-1.5033584994112053,1316.0,2537.0,5.0,387272.0,1.0,363152.0,28803.0
2025-12-17T18:25:38.011294,5,10.809126618601368,0.5221578079767335,-1.4986012145870153,1269.0,2278.0,5.0,340304.0,1.0,450983.0,26288.0
2025-12-17T18:25:38.512972,0,10.827903584867663,0.513589532022257,-1.4874199224930715,918.0,679.0,4.0,336980.0,1.0,467298.0,40432.0
2025-12-17T18:25:38.611024,1,10.825844351944866,0.5073243458690389,-1.4918772976879406,990.0,953.0,4.0,344592.0,1.0,427934.0,35324.0
2025-12-17T18:25:38.716395,2,10.826064050105478,0.49666739345526345,-1.492130162544168,1139.0,1611.0,4.0,345994.0,1.0,298526.0,26945.0
2025-12-17T18:25:38.812631,3,10.826927855364332,0.4827011858709813,-1.4928595084515361,976.0,896.0,4.0,472386.0,1.0,277857.0,36664.0
2025-12-17T18:25:38.913496,4,10.82891526632596,0.46767072217205374,-1.491125174211124,1203.0,1930.0,4.0,423468.0,1.0,380387.0,32163.0
2025-12-17T18:25:39.015520,5,10.83102606170681,0.4539642484126194,-1.4899021436756454,1297.0,2434.0,5.0,330429.0,1.0,408545.0,25594.0
2025-12-17T18:25:39.513149,0,10.835590083384979,0.39774106155423006,-1.4901914647839472,882.0,554.0,3.0,356937.0,1.0,490803.0,43337.0
2025-12-17T18:25:39.616380,1,10.835987014545736,0.3864556445818508,-1.489949420386852,920.0,685.0,4.0,368975.0,1.0,455277.0,39753.0
2025-12-17T18:25:39.714116,2,10.837205858205802,0.374326044966903,-1.4906921702150464,1029.0,1112.0,4.0,367479.0,1.0,317385.0,31082.0
2025-12-17T18:25:39.811359,3,10.838117375574958,0.362372205229752,-1.490443162156359,919.0,681.0,4.0,519342.0,1.0,302390.0,40432.0
2025-12-17T18:25:39.912936,4,10.838986006688012,0.350333092032832,-1.4909422648476458,1179.0,1808.0,4.0,432301.0,1.0,382323.0,33012.0
2025-12-17T18:25:40.012038,5,10.840211844551156,0.33848613038025377,-1.4914300214594287,1271.0,2290.0,5.0,320624.0,1.0,391091.0,26234.0
2025-12-17T18:25:40.516652,0,10.843799096142778,0.2816699976211039,-1.4929127098989898,851.0,452.0,3.0,367728.0,1.0,520222.0,46278.0
2025-12-17T18:25:40.614267,1,10.844160861936961,0.27030116430345785,-1.493649521667244,875.0,530.0,3.0,388716.0,1.0,485516.0,43366.0
2025-12-17T18:25:40.710021,2,10.845668365325288,0.25874778151511,-1.493896318212857,975.0,894.0,4.0,392683.0,1.0,329536.0,33712.0
2025-12-17T18:25:40.814780,3,10.846205546668358,0.2469020434047735,-1.4924111638544315,877.0,538.0,3.0,525887.0,1.0,315351.0,43809.0
2025-12-17T18:25:40.919087,4,10.847364994392365,0.2351472892401647,-1.4936654867758017,1172.0,1773.0,4.0,425911.0,1.0,383749.0,33270.0
2025-12-17T18:25:41.014872,5,10.848251433687523,0.22357170434974272,-1.4956453575527864,1270.0,2285.0,5.0,326870.0,1.0,375526.0,26261.0
2025-12-17T18:25:41.516048,0,10.86105103669859,0.17484228683582526,-1.4856437843650603,831.0,388.0,3.0,382064.0,1.0,530535.0,48523.0
2025-12-17T18:25:41.611309,1,10.862264796438815,0.16299402857861445,-1.4851612295155125,849.0,444.0,3.0,403871.0,1.0,505469.0,45903.0
2025-12-17T18:25:41.714951,2,10.863034701259693,0.15170573722416414,-1.4851580076949742,930.0,722.0,4.0,412714.0,1.0,349762.0,36392.0
2025-12-17T18:25:41.809281,3,10.864107301231162,0.14038312032533273,-1.484168470764081,847.0,440.0,3.0,569615.0,1.0,342383.0,46734.0
2025-12-17T18:25:41.915307,4,10.86527885970681,0.12906984400156762,-1.4851560237011852,1136.0,1595.0,4.0,439382.0,1.0,385571.0,34696.0
2025-12-17T18:25:42.015110,5,10.865933615981602,0.11771821528612847,-1.4829403253894262,1246.0,2153.0,4.0,322911.0,1.0,370727.0,26900.0
2025-12-17T18:25:42.516082,0,10.870927409555446,0.05989330603844767,-1.4839338471753794,808.0,319.0,3.0,398710.0,1.0,540869.0,51397.0
2025-12-17T18:25:42.613101,1,10.872200227586028,0.048447588169728384,-1.4853921147940994,817.0,347.0,3.0,423181.0,1.0,536494.0,49485.0
2025-12-17T18:25:42.717313,2,10.872538520026213,0.03733350448538886,-1.4836594267062533,889.0,576.0,3.0,432594.0,1.0,360946.0,39338.0
2025-12-17T18:25:42.816207,3,10.874385564952531,0.02205871324282871,-1.485888944764683,827.0,378.0,3.0,586637.0,1.0,355731.0,48952.0
2025-12-17T18:25:42.912983,4,10.874956748445072,0.01428427208778782,-1.483913606701576,1081.0,1340.0,4.0,454661.0,1.0,393481.0,37126.0
2025-12-17T18:25:43.013486,5,10.876116374118471,0.0021513443776992602,-1.4829125110801962,1212.0,1972.0,4.0,323239.0,1.0,364753.0,27863.0
2025-12-17T18:25:43.517413,1,10.882314996265048,-0.0558740592210345,-1.480928461467033,788.0,284.0,3.0,442666.0,1.0,555714.0,52327.0
2025-12-17T18:25:43.610974,2,10.883760347654196,-0.06726914654563032,-1.4821557097768947,860.0,481.0,3.0,455585.0,1.0,381418.0,41725.0
2025-12-17T18:25:43.712627,3,10.8849069390239,-0.07906609789611618,-1.4816649108317121,810.0,326.0,3.0,602738.0,1.0,372866.0,51120.0
2025-12-17T18:25:43.811628,4,10.889809049119954,-0.09079805162474042,-1.4783185455674022,1015.0,1055.0,4.0,492467.0,1.0,426200.0,40665.0
2025-12-17T18:25:43.916148,5,10.9036707312676,-0.1044563531507352,-1.4653143122923997,1179.0,1806.0,4.0,337322.0,1.0,372614.0,28862.0
2025-12-17T18:25:44.517197,0,10.914097541803049,-0.17350740480499205,-1.465035876565418,790.0,286.0,3.0,406476.0,1.0,574261.0,52969.0
2025-12-17T18:25:44.611337,1,10.91477488555809,-0.18484696520576627,-1.4657749409555216,768.0,266.0,3.0,451747.0,1.0,576793.0,53293.0
2025-12-17T18:25:44.717560,2,10.916873822846787,-0.20027893470466918,-1.454644102204607,835.0,400.0,3.0,455431.0,1.0,397094.0,44196.0
2025-12-17T18:25:44.818315,3,10.918266237324662,-0.21166777651300528,-1.4382577624633055,789.0,286.0,3.0,649330.0,1.0,393748.0,53023.0
2025-12-17T18:25:44.917982,4,10.919908088752873,-0.22303289146697036,-1.4168894254027253,955.0,817.0,4.0,520751.0,1.0,458214.0,44662.0
2025-12-17T18:25:45.015385,5,10.921404734876022,-0.2306333592766876,-1.4034862226278833,1126.0,1549.0,4.0,343660.0,1.0,381289.0,30664.0
2025-12-17T18:25:45.514508,0,10.934675941523594,-0.28491567442331256,-1.2863217193136407,742.0,242.0,3.0,417632.0,1.0,591221.0,55370.0
2025-12-17T18:25:45.611035,1,10.938152670247938,-0.2952671269217646,-1.2603178702713174,730.0,231.0,3.0,454200.0,1.0,602738.0,55258.0
2025-12-17T18:25:45.709240,2,10.94077506976803,-0.30612144021506005,-1.2398900610932537,815.0,341.0,3.0,481751.0,1.0,407992.0,46340.0
2025-12-17T18:25:45.813615,3,10.944510340137665,-0.31703937270368865,-1.2176111885883496,757.0,255.0,3.0,638218.0,1.0,401689.0,54681.0
2025-12-17T18:25:45.917937,4,10.948630581988809,-0.32690608446134384,-1.1967839484204619,925.0,704.0,4.0,546759.0,1.0,478501.0,47099.0
2025-12-17T18:25:46.014334,5,10.954541441318433,-0.34046916725310084,-1.162950583620595,1072.0,1298.0,4.0,362170.0,1.0,394281.0,32845.0
2025-12-17T18:25:46.517555,0,11.001255745250337,-0.3867252902685694,-1.05245885495659,732.0,233.0,3.0,414674.0,1.0,600904.0,55897.0
2025-12-17T18:25:46.613584,1,11.006893188536637,-0.3969060544198397,-1.0295072199376394,709.0,213.0,2.0,477207.0,1.0,624965.0,56353.0
2025-12-17T18:25:46.713839,2,11.013932715203675,-0.4051268854998744,-1.0047307397873686,805.0,311.0,3.0,505640.0,1.0,419758.0,47596.0
2025-12-17T18:25:46.811766,3,11.020100648321769,-0.41447197509446276,-0.9791044391791995,718.0,221.0,3.0,675787.0,1.0,421894.0,56679.0
2025-12-17T18:25:46.912297,4,11.0263513940851,-0.42395852353437835,-0.9568083447892105,881.0,548.0,3.0,587630.0,1.0,504615.0,51293.0
2025-12-17T18:25:47.514676,0,11.096392349346111,-0.46657330547479514,-0.8104045121215024,699.0,205.0,2.0,424472.0,1.0,615727.0,57685.0
2025-12-17T18:25:47.616153,2,11.106403460251315,-0.4770521488218371,-0.7790524677511094,775.0,272.0,3.0,513574.0,1.0,433474.0,49368.0
2025-12-17T18:25:47.714498,3,11.11194607702986,-0.48308865282920266,-0.7648852455348064,710.0,214.0,2.0,678078.0,1.0,435532.0,57141.0
2025-12-17T18:25:47.810607,4,11.120167413939322,-0.49144863949832107,-0.7419647150642097,854.0,462.0,3.0,597053.0,1.0,524465.0,54220.0
2025-12-17T18:25:47.912437,5,11.12873740274177,-0.498043334271566,-0.7186835787141231,1012.0,1041.0,4.0,383359.0,1.0,410902.0,35709.0
2025-12-17T18:25:48.518755,0,11.197976383937675,-0.5306541427636988,-0.5585830591286766,686.0,194.0,2.0,435238.0,1.0,636062.0,58392.0
2025-12-17T18:25:48.614105,1,11.207578074509012,-0.5373122687241123,-0.5419968033262467,654.0,170.0,2.0,485023.0,1.0,657735.0,59368.0
2025-12-17T18:25:48.711759,2,11.217543256221997,-0.5430551429503083,-0.5214205231006288,740.0,239.0,3.0,527313.0,1.0,445823.0,51033.0
2025-12-17T18:25:48.814395,3,11.227873034556037,-0.5484232365545605,-0.49670186119272586,669.0,181.0,2.0,681760.0,1.0,449763.0,59368.0
2025-12-17T18:25:48.916837,4,11.228816540921088,-0.5424239293454773,-0.4556679298131859,837.0,408.0,3.0,635416.0,1.0,559488.0,56353.0
2025-12-17T18:25:49.014613,5,11.234090695185065,-0.5421679849254017,-0.4229983860875874,987.0,940.0,4.0,394949.0,1.0,425911.0,37089.0
2025-12-17T18:25:49.520292,0,11.290490695773343,-0.5635897026845953,-0.3000823404189651,635.0,156.0,2.0,432594.0,1.0,663549.0,61288.0
2025-12-17T18:25:49.614674,1,11.297211319347365,-0.5652985597202749,-0.28842485228660636,655.0,170.0,2.0,480123.0,1.0,662875.0,59308.0
2025-12-17T18:25:49.714473,2,11.308016550097957,-0.5684658948134338,-0.26496545695453216,702.0,207.0,2.0,527670.0,1.0,459301.0,52879.0
2025-12-17T18:25:49.813100,4,11.317872879727863,-0.5661215415807686,-0.23173666486633682,814.0,337.0,3.0,656401.0,1.0,569230.0,59650.0
2025-12-17T18:25:49.913879,5,11.328863136375329,-0.5656985380387667,-0.20253059111080993,947.0,785.0,4.0,421038.0,1.0,445672.0,39592.0
2025-12-17T18:25:50.512127,0,11.394750575162686,-0.5743630808384435,-0.06104784554333737,641.0,160.0,2.0,440275.0,1.0,666926.0,60936.0
2025-12-17T18:25:50.612575,1,11.405779812624898,-0.5766551915638392,-0.03584406596681542,641.0,160.0,2.0,514444.0,1.0,681991.0,60096.0
2025-12-17T18:25:50.710585,2,11.430695528607988,-0.5704709040957372,-0.013093500543380217,683.0,192.0,2.0,542336.0,1.0,460546.0,53836.0
2025-12-17T18:25:50.817910,3,11.457488137063553,-0.5637760260806628,0.014887490043675107,672.0,183.0,2.0,706663.0,1.0,469200.0,59228.0
2025-12-17T18:25:50.913380,4,11.46541974948411,-0.5631048522370126,0.030946531033462676,804.0,308.0,3.0,688951.0,1.0,608271.0,61205.0
2025-12-17T18:25:51.014871,5,11.477008017990592,-0.5626970281968156,0.05596862382614059,918.0,678.0,4.0,423898.0,1.0,466666.0,41697.0
2025-12-17T18:25:51.517152,0,11.533591191908258,-0.5550484035344407,0.16174326188068133,654.0,170.0,2.0,437749.0,1.0,670547.0,60157.0
2025-12-17T18:25:51.615599,1,11.537758584170406,-0.54250748601957,0.18768530575050307,608.0,137.0,2.0,510455.0,1.0,709299.0,62039.0
2025-12-17T18:25:51.717987,2,11.543589863933438,-0.5323258193503904,0.21539221245748696,690.0,197.0,2.0,545835.0,1.0,479311.0,53491.0
2025-12-17T18:25:51.809133,3,11.555799604333044,-0.5300484990140966,0.23721896958474503,649.0,166.0,2.0,708100.0,1.0,475112.0,60525.0
2025-12-17T18:25:51.914504,4,11.566716319655937,-0.526492878446418,0.2572141778318867,764.0,262.0,3.0,701421.0,1.0,615103.0,63958.0
2025-12-17T18:25:52.015174,5,11.577132623396306,-0.5229742152794943,0.28348722893694694,901.0,620.0,3.0,442216.0,1.0,471747.0,43001.0
2025-12-17T18:25:52.519772,0,11.634188520487204,-0.5045046973530258,0.40442442995342565,634.0,155.0,2.0,442067.0,1.0,687321.0,61350.0
2025-12-17T18:25:52.611630,1,11.639253012569327,-0.49823712972359946,0.42281964256338056,601.0,132.0,2.0,524643.0,1.0,723850.0,62439.0
2025-12-17T18:25:52.712714,2,11.641715464668849,-0.48316609118800535,0.45694990790381884,669.0,181.0,2.0,556090.0,1.0,485845.0,54533.0
2025-12-17T18:25:52.813379,3,11.651113127074478,-0.4785132196830695,0.47454983819668545,633.0,155.0,2.0,727042.0,1.0,495811.0,61433.0
2025-12-17T18:25:52.914445,4,11.660256927309497,-0.47452919366001467,0.5014904396645563,718.0,221.0,3.0,709779.0,1.0,643423.0,66812.0
2025-12-17T18:25:53.014885,5,11.669697472426485,-0.4706781382586893,0.5333014599108414,867.0,502.0,3.0,472866.0,1.0,496315.0,46121.0
2025-12-17T18:25:53.514872,0,11.710560171313285,-0.42967614013236144,0.6518860334922848,640.0,160.0,2.0,445974.0,1.0,694335.0,60977.0
2025-12-17T18:25:53.612874,1,11.696318134331223,-0.4066388291200145,0.6980681904390226,582.0,120.0,2.0,538495.0,1.0,745986.0,63569.0
2025-12-17T18:25:53.718867,2,11.707037476500489,-0.3962965187394101,0.7308745494857367,649.0,166.0,2.0,565581.0,1.0,500363.0,55596.0
2025-12-17T18:25:53.814258,3,11.713007911770998,-0.3914853548686992,0.7444608638743196,611.0,139.0,2.0,737201.0,1.0,510628.0,62736.0
2025-12-17T18:25:53.912108,4,11.721763847464281,-0.3838363244033669,0.7652382351281591,696.0,202.0,2.0,733964.0,1.0,669413.0,68229.0
2025-12-17T18:25:54.012397,5,11.728405964618105,-0.3755702310885276,0.7892497551509675,851.0,452.0,3.0,485680.0,1.0,517062.0,47693.0
2025-12-17T18:25:54.514736,0,11.753410407977675,-0.31583727967534436,0.9012306844279958,626.0,149.0,2.0,442666.0,1.0,702847.0,61829.0
2025-12-17T18:25:54.611865,1,11.760887803595352,-0.30684162648411295,0.9185025393693707,562.0,107.0,2.0,530355.0,1.0,757690.0,64830.0
2025-12-17T18:25:54.712045,2,11.767290174736083,-0.2973102698683885,0.9414964278353748,623.0,147.0,2.0,585051.0,1.0,503762.0,57006.0
2025-12-17T18:25:54.810419,3,11.772457288541492,-0.28782646075196716,0.9729228024486648,599.0,131.0,2.0,749021.0,1.0,525709.0,63462.0
2025-12-17T18:25:54.912534,4,11.77872664183137,-0.2783805566230164,0.9948395578903854,702.0,207.0,2.0,744724.0,1.0,680608.0,67837.0
2025-12-17T18:25:55.015064,5,11.786713388356354,-0.26871325351188524,1.013624987043881,828.0,380.0,3.0,508903.0,1.0,546759.0,50330.0
2025-12-17T18:25:55.514369,0,11.834570681224463,-0.19168265122063488,1.1153288546194615,634.0,156.0,2.0,454200.0,1.0,722871.0,61308.0
2025-12-17T18:25:55.614946,1,11.839175784259211,-0.18175959091983707,1.1406655536283201,575.0,115.0,2.0,547129.0,1.0,781654.0,64023.0
2025-12-17T18:25:55.710350,3,11.843888009067712,-0.17113167881490554,1.1650988963350728,580.0,119.0,2.0,767238.0,1.0,543806.0,64632.0
2025-12-17T18:25:55.816877,4,11.850811907400853,-0.15687596573288687,1.1936601526501223,672.0,183.0,2.0,775068.0,1.0,720672.0,69770.0
2025-12-17T18:25:55.918098,5,11.853005614647241,-0.14998413975675007,1.2089611002761562,812.0,332.0,3.0,517588.0,1.0,559867.0,52363.0
2025-12-17T18:25:56.514388,0,11.852534575754127,-0.07560862633196308,1.339809397677521,622.0,147.0,2.0,448547.0,1.0,730742.0,62060.0
2025-12-17T18:25:56.610645,1,11.855863333670783,-0.06336413975077448,1.3604419740812503,555.0,103.0,2.0,545835.0,1.0,810480.0,65270.0
2025-12-17T18:25:56.717970,2,11.857250655553969,-0.05191090455103975,1.3826666859427497,626.0,150.0,2.0,580711.0,1.0,513053.0,56832.0
2025-12-17T18:25:56.809738,3,11.858034735658288,-0.040668316025083584,1.4107674301490292,597.0,130.0,2.0,756922.0,1.0,546389.0,63591.0
2025-12-17T18:25:56.917529,4,11.860423852473163,-0.029476845988341438,1.433018236708378,651.0,167.0,2.0,784304.0,1.0,724585.0,71177.0
2025-12-17T18:25:57.012747,5,11.862296335042727,-0.017188106056597263,1.4500894731727614,790.0,286.0,3.0,528564.0,1.0,577574.0,54589.0
2025-12-17T18:25:57.513885,0,11.881450632101977,0.05533818729744766,1.550171619933543,600.0,132.0,2.0,459301.0,1.0,751561.0,63376.0
2025-12-17T18:25:57.614806,1,11.881251342450959,0.06733083413579699,1.5729433213880564,550.0,100.0,2.0,562717.0,1.0,815985.0,65558.0
2025-12-17T18:25:57.717316,2,11.881898606614264,0.07796042080220289,1.5946238835247695,626.0,149.0,2.0,596649.0,1.0,528742.0,56851.0
2025-12-17T18:25:57.817169,3,11.880202952561156,0.09412088428352305,1.6248291349844215,583.0,121.0,2.0,768278.0,1.0,560436.0,64458.0
2025-12-17T18:25:57.913827,4,11.87881696272721,0.10164812011387347,1.6401162566081287,636.0,156.0,2.0,788563.0,1.0,753598.0,72221.0
2025-12-17T18:25:58.017661,5,11.87825000110924,0.11516096894095007,1.6631454049707823,757.0,255.0,3.0,547500.0,1.0,598469.0,56258.0
2025-12-17T18:25:58.513658,0,11.858496515227678,0.1778055405618364,1.6766529960043752,611.0,139.0,2.0,460235.0,1.0,745481.0,62672.0
2025-12-17T18:25:58.614908,1,11.857624865491095,0.1894319033563061,1.6660555905635765,550.0,100.0,2.0,565007.0,1.0,857319.0,65558.0
2025-12-17T18:25:58.715608,2,11.856769193103244,0.2004471364101139,1.6520313625810643,588.0,124.0,2.0,594230.0,1.0,539589.0,58928.0
2025-12-17T18:25:58.811909,3,11.856742554495304,0.21131926115970323,1.6403716381747484,573.0,114.0,2.0,784570.0,1.0,572708.0,65093.0
2025-12-17T18:25:58.911559,4,11.855964599391372,0.22227320131761275,1.6322209539942074,642.0,161.0,2.0,805830.0,1.0,779541.0,71782.0
2025-12-17T18:25:59.013357,5,11.855320957493307,0.23433097782399592,1.6327189837399272,730.0,231.0,3.0,553462.0,1.0,617815.0,57704.0
2025-12-17T18:25:59.513960,0,11.850108937691985,0.29422349728873165,1.6364381893611186,577.0,117.0,2.0,455123.0,1.0,772711.0,64764.0
2025-12-17T18:25:59.614155,1,11.848796277379016,0.30541391258128847,1.632237025847433,545.0,97.0,2.0,570387.0,1.0,855869.0,65869.0
2025-12-17T18:25:59.711052,2,11.848002230364855,0.3165719612279876,1.6337322184955179,588.0,124.0,2.0,604167.0,1.0,547870.0,58908.0
2025-12-17T18:25:59.811145,3,11.846880496697704,0.32769750903821127,1.6315092733630063,566.0,110.0,2.0,784835.0,1.0,590621.0,65536.0
2025-12-17T18:25:59.913504,4,11.845336651625878,0.3379655801197874,1.6351919638333705,613.0,140.0,2.0,809658.0,1.0,790433.0,73802.0
2025-12-17T18:26:00.014271,5,11.844659570510226,0.35003182921056997,1.6327309371318706,697.0,203.0,2.0,580121.0,1.0,643423.0,59570.0
2025-12-17T18:26:00.517147,0,11.839678816930565,0.4080968699710166,1.630969828615717,584.0,121.0,2.0,463204.0,1.0,779541.0,64349.0
2025-12-17T18:26:00.609256,1,11.838781872164152,0.4196208417025158,1.6344394724684592,545.0,98.0,2.0,574261.0,1.0,867828.0,65847.0
2025-12-17T18:26:00.710414,2,11.838168014968389,0.43137732805988094,1.6332260928167788,571.0,113.0,2.0,598064.0,1.0,553274.0,59913.0
2025-12-17T18:26:00.812098,3,11.84125857831643,0.44617834455760885,1.6562187330400338,554.0,103.0,2.0,811853.0,1.0,614478.0,66249.0
2025-12-17T18:26:00.917146,4,11.840967168967417,0.45740485856825686,1.6677336211080707,603.0,134.0,2.0,808562.0,1.0,825988.0,74505.0
2025-12-17T18:26:01.012388,5,11.839700774737373,0.4690929240332231,1.6645236305375786,700.0,206.0,2.0,580121.0,1.0,663324.0,59368.0
2025-12-17T18:26:01.514192,0,11.83451579277966,0.5257671774177481,1.6662784161382156,566.0,110.0,2.0,462108.0,1.0,786431.0,65447.0
2025-12-17T18:26:01.615044,1,11.833647803853317,0.5376593284051125,1.6692566086252874,537.0,93.0,2.0,564625.0,1.0,893762.0,66406.0
2025-12-17T18:26:01.716266,2,11.832869382940322,0.5495329651980363,1.6638329089037176,567.0,111.0,2.0,619490.0,1.0,565007.0,60096.0
2025-12-17T18:26:01.809141,3,11.832259977108844,0.5606884345007366,1.6660498289447752,548.0,99.0,2.0,797690.0,1.0,619490.0,66654.0
2025-12-17T18:26:01.913726,5,11.831205484145295,0.5726727641053468,1.6655716517541586,691.0,198.0,2.0,588825.0,1.0,670547.0,59893.0
2025-12-17T18:26:02.513943,1,11.825831298965273,0.6412828240294441,1.6629060336689314,547.0,98.0,2.0,579336.0,1.0,891647.0,65780.0
2025-12-17T18:26:02.613930,2,11.825044699763325,0.6530786194150675,1.6680711758484223,547.0,98.0,2.0,620119.0,1.0,579925.0,61308.0
2025-12-17T18:26:02.716731,3,11.823030859210597,0.664689502646425,1.6594369244832612,540.0,95.0,2.0,816814.0,1.0,640382.0,67152.0
2025-12-17T18:26:02.811350,4,11.822111225884958,0.6759740601700592,1.6497612984413266,603.0,134.0,2.0,856448.0,1.0,847510.0,74530.0
2025-12-17T18:26:02.914225,5,11.82098397189988,0.6879623165224764,1.6336936477457447,647.0,164.0,2.0,614478.0,1.0,693161.0,62439.0
2025-12-17T18:26:03.513722,0,11.770241720997578,0.7493511433968756,1.6319639549261966,563.0,108.0,2.0,470472.0,1.0,809384.0,65624.0
2025-12-17T18:26:03.617952,1,11.769121966372447,0.763578982461171,1.6346903822023784,520.0,83.0,2.0,594834.0,1.0,921405.0,67494.0
2025-12-17T18:26:03.711734,2,11.768657782517465,0.7707875965881357,1.6346868964593673,568.0,111.0,2.0,626024.0,1.0,579925.0,60056.0
2025-12-17T18:26:03.815124,3,11.767790961720685,0.7823430734870698,1.630513160362058,555.0,103.0,2.0,816261.0,1.0,656845.0,66204.0
2025-12-17T18:26:03.917831,4,11.766656303224543,0.7939543740239188,1.6337271436082372,598.0,130.0,2.0,841507.0,1.0,859643.0,74859.0
2025-12-17T18:26:04.014648,5,11.765485568835727,0.8058389146442728,1.6315172224032324,662.0,176.0,2.0,602330.0,1.0,710019.0,61558.0
2025-12-17T18:26:04.513762,0,11.75976721531367,0.8627279576919733,1.6268071407828106,547.0,98.0,2.0,474951.0,1.0,804195.0,66677.0
2025-12-17T18:26:04.613145,1,11.758757161203981,0.8739008111006825,1.6305187594687058,533.0,91.0,2.0,571933.0,1.0,931438.0,66631.0
2025-12-17T18:26:04.715983,2,11.75800954622858,0.8854958065342746,1.6317790980113898,534.0,91.0,2.0,639516.0,1.0,594834.0,62081.0
2025-12-17T18:26:04.813405,3,11.756955044735935,0.8967323526852056,1.6307759552845398,536.0,92.0,2.0,820415.0,1.0,661307.0,67403.0
2025-12-17T18:26:04.916725,4,11.756495102471998,0.908043648892205,1.6339810229325025,558.0,105.0,2.0,851823.0,1.0,882938.0,77804.0
2025-12-17T18:26:05.011269,5,11.755528171775842,0.9197191543298153,1.6307592040322814,629.0,152.0,2.0,621170.0,1.0,736204.0,63505.0
2025-12-17T18:26:05.511996,0,11.751331141136188,0.9791965585597975,1.633466047879881,518.0,82.0,2.0,471588.0,1.0,821805.0,68530.0
2025-12-17T18:26:05.614288,2,11.750561235921666,0.990639475664814,1.6361886771506509,556.0,104.0,2.0,635631.0,1.0,597862.0,60771.0
2025-12-17T18:26:05.709548,3,11.750230407354367,1.002134568577139,1.6364536452462313,510.0,77.0,2.0,829630.0,1.0,681991.0,69159.0
2025-12-17T18:26:05.813647,4,11.749544150239199,1.0133000391260527,1.6366918440229066,578.0,117.0,2.0,871655.0,1.0,901356.0,76317.0
2025-12-17T18:26:05.911667,5,11.748563367110929,1.0253122342615733,1.6347107667832426,617.0,143.0,2.0,619071.0,1.0,743717.0,64240.0
2025-12-17T18:26:06.515088,0,11.71802301848894,1.098464068388786,1.6334496985814606,548.0,99.0,2.0,479149.0,1.0,841223.0,66609.0
2025-12-17T18:26:06.610888,1,11.717954213810799,1.110714720487815,1.6361901811046586,527.0,87.0,2.0,596649.0,1.0,954092.0,67061.0
2025-12-17T18:26:06.712546,2,11.717592286444658,1.122295514781884,1.6341846928383532,544.0,97.0,2.0,643206.0,1.0,609714.0,61475.0
2025-12-17T18:26:06.811301,3,11.71756630587998,1.1337712784549812,1.6359162241700294,548.0,100.0,2.0,836396.0,1.0,694100.0,66631.0
2025-12-17T18:26:06.918928,4,11.716707353680833,1.1456785974431885,1.631444980485364,559.0,106.0,2.0,871065.0,1.0,928605.0,77698.0
2025-12-17T18:26:07.018515,5,11.716244836454738,1.1609890101786,1.6344046953648372,611.0,139.0,2.0,624965.0,1.0,763612.0,64632.0
2025-12-17T18:26:07.513582,0,11.716057726174109,1.214515180221504,1.5770579979491455,552.0,102.0,2.0,472546.0,1.0,844075.0,66316.0
2025-12-17T18:26:07.615007,1,11.71529442500919,1.2264275570016796,1.5572776053669917,518.0,82.0,2.0,596851.0,1.0,962525.0,67631.0
2025-12-17T18:26:07.715732,2,11.716566779233956,1.2372663358971216,1.5335041355237644,531.0,89.0,2.0,636493.0,1.0,621590.0,62228.0
2025-12-17T18:26:07.814267,3,11.717971105653762,1.2479232253167023,1.504596569123507,520.0,83.0,2.0,867535.0,1.0,704514.0,68460.0
2025-12-17T18:26:07.912940,4,11.719389492507887,1.258850849870056,1.4840455071992642,562.0,108.0,2.0,881743.0,1.0,936496.0,77488.0
2025-12-17T18:26:08.014789,5,11.719716994850902,1.2704707456016813,1.4652998599362352,600.0,132.0,2.0,648452.0,1.0,777959.0,65292.0
2025-12-17T18:26:08.513483,0,11.727909325397167,1.3260992798936737,1.3513619697495989,536.0,92.0,2.0,478177.0,1.0,853555.0,67334.0
2025-12-17T18:26:08.612755,1,11.73148324721463,1.335878240691633,1.3298430952128895,523.0,85.0,2.0,602738.0,1.0,979283.0,67266.0
2025-12-17T18:26:08.712414,2,11.734501404090516,1.3465852108472767,1.305649024084028,540.0,94.0,2.0,646698.0,1.0,633698.0,61725.0
2025-12-17T18:26:08.810399,3,11.737270123790989,1.3583482610389659,1.2903405538593007,518.0,82.0,2.0,849807.0,1.0,715084.0,68623.0
2025-12-17T18:26:08.913682,4,11.734563260945745,1.3611556408810088,1.2689872526980206,561.0,107.0,2.0,884134.0,1.0,949903.0,77541.0
2025-12-17T18:26:09.011869,5,11.729688920982149,1.3597435005529661,1.2502365520196819,597.0,130.0,2.0,657513.0,1.0,794994.0,65447.0
2025-12-17T18:26:09.513267,0,11.75206970949612,1.4071718305681884,1.1082425953969663,539.0,94.0,2.0,480611.0,1.0,850383.0,67175.0
2025-12-17T18:26:09.613621,1,11.7569330724447,1.4178867955607792,1.086732142051852,504.0,74.0,2.0,614686.0,1.0,1002761.0,68530.0
2025-12-17T18:26:09.713159,2,11.762209722947693,1.4296373101024216,1.0748480829709741,716.0,219.0,2.0,590222.0,1.0,605191.0,52221.0
2025-12-17T18:26:09.813728,3,11.767272613300104,1.4413468663988063,1.0572983379597678,651.0,168.0,2.0,789898.0,1.0,688485.0,60423.0
2025-12-17T18:26:09.912487,4,11.771711948686633,1.4520541352384662,1.037899288728032,560.0,107.0,2.0,888033.0,1.0,976305.0,77593.0
2025-12-17T18:26:10.514132,0,11.801545378715936,1.507497977471365,0.9209085168316027,537.0,93.0,2.0,471747.0,1.0,876091.0,67311.0
2025-12-17T18:26:10.613922,1,11.809494413891752,1.5165821822130034,0.8919707758335426,542.0,96.0,2.0,589623.0,1.0,995322.0,66070.0
2025-12-17T18:26:10.709433,2,11.816250775305448,1.5246016067613066,0.8705243813014063,988.0,944.0,4.0,474309.0,1.0,499179.0,33046.0
2025-12-17T18:26:10.814848,3,11.825110606638487,1.5330607587139173,0.8485205454872103,896.0,600.0,3.0,673048.0,1.0,554774.0,42236.0
2025-12-17T18:26:10.913945,4,11.841282772279577,1.5327736040987734,0.822234681690511,674.0,185.0,2.0,829630.0,1.0,929549.0,69629.0
2025-12-17T18:26:11.012869,5,11.849354868307735,1.5403350335391863,0.7972376019977974,578.0,118.0,2.0,665798.0,1.0,815985.0,66677.0
2025-12-17T18:26:11.512823,0,11.890561325088523,1.5786727811906225,0.683237553347753,514.0,80.0,2.0,483548.0,1.0,871950.0,68809.0
2025-12-17T18:26:11.609418,1,11.899178277746854,1.5861953220278178,0.6639191875886262,853.0,457.0,3.0,476562.0,1.0,850383.0,45532.0
2025-12-17T18:26:11.717943,2,11.908281159448514,1.5925315879780388,0.6384637422681123,1269.0,2278.0,5.0,406064.0,1.0,400197.0,23470.0
2025-12-17T18:26:11.810091,3,11.917216078546357,1.5984765470448874,0.6162816453363558,1131.0,1570.0,4.0,516888.0,1.0,401689.0,29634.0
2025-12-17T18:26:11.911392,4,11.928555475419639,1.5998214828286095,0.5807142418831294,898.0,606.0,3.0,665123.0,1.0,761805.0,49569.0
2025-12-17T18:26:12.016453,5,11.939014837824313,1.6032614798674754,0.5596581322867391,583.0,121.0,2.0,660859.0,1.0,825429.0,66339.0
2025-12-17T18:26:12.515939,0,11.987518646929779,1.6322972360636712,0.44163791719456214,602.0,133.0,2.0,459146.0,1.0,872245.0,63269.0
2025-12-17T18:26:12.612615,1,11.997220662352909,1.6361365441379903,0.4130916926510887,1139.0,1610.0,4.0,366858.0,1.0,648671.0,28920.0
2025-12-17T18:26:12.717415,2,12.007948017160677,1.6404323315858385,0.3917732439011304,1435.0,3244.0,5.0,365742.0,1.0,344592.0,20312.0
2025-12-17T18:26:12.812412,4,12.02442262693846,1.6433129039626344,0.3664644121898234,992.0,961.0,4.0,594432.0,1.0,639516.0,42094.0
2025-12-17T18:26:12.915378,5,12.038358362008534,1.6463220178785374,0.33890920536785296,695.0,202.0,2.0,605191.0,1.0,790969.0,59650.0
2025-12-17T18:26:13.510956,0,12.103063666955368,1.6640044580574784,0.20143695147434815,789.0,285.0,3.0,418198.0,1.0,788296.0,53023.0
2025-12-17T18:26:13.612485,1,12.114193078175525,1.6658249883781142,0.18357818982356536,1406.0,3065.0,5.0,311321.0,1.0,512532.0,22308.0
2025-12-17T18:26:13.713292,2,12.09496920037894,1.6612756541802867,0.161417286072273,1573.0,4142.0,5.0,334141.0,1.0,307239.0,18351.0
2025-12-17T18:26:13.812841,3,12.082423112731945,1.6574281351755396,0.13465143995734602,1234.0,2088.0,4.0,483221.0,1.0,347402.0,26466.0
2025-12-17T18:26:13.917864,4,12.093579388182643,1.659074415030636,0.10822160869012673,1123.0,1535.0,4.0,509075.0,1.0,541602.0,35217.0
2025-12-17T18:26:14.014023,5,12.105090284926233,1.6601893370322198,0.08866512204482106,824.0,366.0,3.0,546574.0,1.0,717751.0,50861.0
2025-12-17T18:26:14.513996,0,12.161641342228094,1.6632453318925773,-0.02157279496655649,898.0,609.0,3.0,364383.0,1.0,683146.0,41980.0
2025-12-17T18:26:14.611882,1,12.173028110981186,1.66019155986673,-0.04616425797302231,1673.0,4842.0,5.0,263389.0,1.0,430258.0,18444.0
2025-12-17T18:26:14.711881,2,12.18447126435785,1.6571553923129603,-0.07469455477093351,1758.0,5173.0,5.0,293020.0,1.0,264640.0,16334.0
2025-12-17T18:26:14.813181,3,12.194443961285039,1.6566788779863444,-0.09330084117059526,1387.0,2951.0,5.0,426922.0,1.0,300452.0,22990.0
2025-12-17T18:26:14.916410,4,12.205484305035952,1.6559727012052008,-0.11717751855771272,1193.0,1876.0,4.0,476400.0,1.0,486174.0,32535.0
2025-12-17T18:26:15.011917,5,12.217588342458065,1.6548170430209819,-0.13575188345615646,883.0,557.0,3.0,485680.0,1.0,650870.0,44556.0
2025-12-17T18:26:15.510946,0,12.272169260185258,1.6458657738939095,-0.2290967500082016,1044.0,1176.0,4.0,308803.0,1.0,569422.0,33102.0
2025-12-17T18:26:15.610327,1,12.282446924002008,1.6436584725046455,-0.23338754261070627,1806.0,5317.0,5.0,243251.0,1.0,368475.0,17051.0
2025-12-17T18:26:15.709283,3,12.294540950294426,1.641834555978983,-0.24987212103197293,1607.0,4373.0,5.0,366114.0,1.0,237234.0,19530.0
2025-12-17T18:26:15.813859,4,12.30576680534655,1.6390160020755715,-0.27634222431123157,1357.0,2774.0,5.0,411738.0,1.0,407992.0,27779.0
2025-12-17T18:26:15.911155,5,12.315806524382563,1.6351899114539492,-0.2991893998593949,952.0,803.0,4.0,455431.0,1.0,582877.0,39272.0
2025-12-17T18:26:16.517858,0,12.392563777270908,1.6182569113037726,-0.40797016433929767,1177.0,1797.0,4.0,285193.0,1.0,465561.0,28072.0
2025-12-17T18:26:16.610237,1,12.402192399138467,1.612862507120779,-0.4322845340737993,1725.0,5075.0,5.0,243251.0,1.0,349407.0,17866.0
2025-12-17T18:26:16.710100,2,12.4109517510851,1.6074656035164114,-0.4588557795350397,1843.0,5425.0,5.0,263835.0,1.0,233491.0,15572.0
2025-12-17T18:26:16.809435,3,12.42077669461013,1.602185362455339,-0.4840722719964866,1595.0,4289.0,5.0,356334.0,1.0,221258.0,19689.0
2025-12-17T18:26:16.915007,4,12.43004736377958,1.5968177305645597,-0.5062200715586733,1457.0,3379.0,5.0,381418.0,1.0,364753.0,25611.0
2025-12-17T18:26:17.013706,5,12.441905976884888,1.5913249824129387,-0.5232463869747404,1021.0,1081.0,4.0,407716.0,1.0,528921.0,35205.0
2025-12-17T18:26:17.514235,0,12.486315531080557,1.5715480952130338,-0.6183611358037858,1220.0,2015.0,4.0,271627.0,1.0,428514.0,26818.0
2025-12-17T18:26:17.613899,1,12.496135973149922,1.5649166907631606,-0.6401832361286457,1675.0,4854.0,5.0,237074.0,1.0,334367.0,18425.0
2025-12-17T18:26:17.714331,2,12.5064026379451,1.5579629252057092,-0.6557035109107432,1844.0,5429.0,5.0,259407.0,1.0,214620.0,15562.0
2025-12-17T18:26:17.811092,3,12.515956186543203,1.5511103009796656,-0.6735535465520076,1641.0,4613.0,5.0,327091.0,1.0,202963.0,19098.0
2025-12-17T18:26:17.913569,4,12.524966779395088,1.5443158809457262,-0.6947167859397934,1484.0,3554.0,5.0,358390.0,1.0,329871.0,25080.0
2025-12-17T18:26:18.015107,5,12.533652000404835,1.5368453700894626,-0.7140621836568218,1058.0,1239.0,4.0,399250.0,1.0,485516.0,33428.0
2025-12-17T18:26:18.519105,0,12.570862126749905,1.5128152706190772,-0.7837101267557558,1201.0,1920.0,4.0,271443.0,1.0,402915.0,27340.0
2025-12-17T18:26:18.614606,1,12.577263492408662,1.5045821598462155,-0.8088712270377096,1608.0,4378.0,5.0,240305.0,1.0,324885.0,19241.0
2025-12-17T18:26:18.711978,2,12.5844891672843,1.4965074046311884,-0.8353831033881151,1829.0,5384.0,5.0,244572.0,1.0,204687.0,15694.0
2025-12-17T18:26:18.813623,3,12.592530771807255,1.4874894587109004,-0.8581205789790456,1674.0,4850.0,5.0,310059.0,1.0,186749.0,18702.0
2025-12-17T18:26:18.914955,4,12.600171818720693,1.4789833114488804,-0.874468218015821,1498.0,3646.0,5.0,334480.0,1.0,311427.0,24818.0
2025-12-17T18:26:19.011431,5,12.607467407692278,1.470061880919861,-0.9048114788934398,1115.0,1499.0,4.0,377948.0,1.0,451136.0,31061.0
2025-12-17T18:26:19.513945,0,12.627735640611284,1.4174239950917134,-1.0111764115844306,1239.0,2118.0,4.0,264460.0,1.0,377565.0,26288.0
2025-12-17T18:26:19.609555,1,12.634252105728862,1.4074091517441705,-1.0280129281287305,1644.0,4637.0,5.0,225415.0,1.0,315138.0,18784.0
2025-12-17T18:26:19.715697,2,12.640443361578622,1.397711244679165,-1.0537579987830006,1769.0,5207.0,5.0,247905.0,1.0,199625.0,16229.0
2025-12-17T18:26:19.812196,3,12.644679996626751,1.3882856526002474,-1.0747389466461246,1629.0,4529.0,5.0,307239.0,1.0,180534.0,19248.0
2025-12-17T18:26:19.916174,4,12.649944536388515,1.3786364267536673,-1.1016822251551806,1510.0,3724.0,5.0,327091.0,1.0,295111.0,24600.0
2025-12-17T18:26:20.013808,5,12.655333192505978,1.3679938309505726,-1.1157393205482296,1175.0,1788.0,4.0,349289.0,1.0,414674.0,28979.0
2025-12-17T18:26:20.519633,0,12.652477934493998,1.3188580064107036,-1.2319561005385358,1242.0,2131.0,4.0,259671.0,1.0,360214.0,26226.0
2025-12-17T18:26:20.613626,1,12.656597971955,1.307792543232484,-1.2552090261107556,1809.0,5324.0,5.0,212236.0,1.0,278799.0,17028.0
2025-12-17T18:26:20.709303,2,12.659715266320214,1.297380677977154,-1.2748973201102498,1737.0,5110.0,5.0,244572.0,1.0,194621.0,16540.0
2025-12-17T18:26:20.813478,3,12.663345499914392,1.2866830493486905,-1.2954062631049972,1691.0,4973.0,5.0,289570.0,1.0,170671.0,18506.0
2025-12-17T18:26:20.911875,4,12.666377814012009,1.2758562032124132,-1.317023511772122,1531.0,3860.0,5.0,309012.0,1.0,276731.0,24237.0
2025-12-17T18:26:21.014775,5,12.669600646483724,1.2645437934026447,-1.3463385879366268,1214.0,1983.0,4.0,341111.0,1.0,386879.0,27807.0
2025-12-17T18:26:21.513980,1,12.68845237008604,1.2015835432907842,-1.4585475331680915,1661.0,4755.0,5.0,217177.0,1.0,279082.0,18588.0
2025-12-17T18:26:21.612975,2,12.689815673678382,1.190280378302825,-1.4691699274782608,1769.0,5206.0,5.0,235156.0,1.0,182623.0,16234.0
2025-12-17T18:26:21.714216,3,12.69131604472333,1.1788685401436432,-1.4825056651315816,1625.0,4501.0,5.0,294612.0,1.0,166562.0,19300.0
2025-12-17T18:26:21.810186,4,12.691706352011408,1.1677518527752913,-1.4869635035016298,1575.0,4156.0,5.0,296412.0,1.0,258181.0,23502.0
2025-12-17T18:26:21.917773,5,12.693056619905924,1.1553459017343606,-1.4889384571329392,1268.0,2271.0,5.0,311743.0,1.0,357179.0,26332.0
2025-12-17T18:26:22.512546,0,12.669983594465677,1.0763362176731253,-1.4850003039490391,1300.0,2448.0,5.0,246650.0,1.0,327202.0,24793.0
2025-12-17T18:26:22.615591,1,12.671441612305877,1.0608058120167918,-1.5003340969176586,1429.0,3209.0,5.0,235475.0,1.0,296914.0,21897.0
2025-12-17T18:26:22.711080,2,12.672102668266898,1.0531734560296186,-1.509971317939635,1639.0,4597.0,5.0,241856.0,1.0,185301.0,17573.0
2025-12-17T18:26:22.811123,3,12.672443028488665,1.0414514093524048,-1.5342537260037,1396.0,3007.0,5.0,315992.0,1.0,181269.0,22820.0
2025-12-17T18:26:22.911092,4,12.672977578956656,1.0302295605657577,-1.5490771515425446,1575.0,4157.0,5.0,290552.0,1.0,251029.0,23502.0
2025-12-17T18:26:23.018966,5,12.673292471051038,1.0156894638896095,-1.5628877056423425,1307.0,2489.0,5.0,298931.0,1.0,327867.0,25370.0
2025-12-17T18:26:23.519630,0,12.67312077403287,0.9571177294372379,-1.5747059445984555,1223.0,2031.0,4.0,257657.0,1.0,333576.0,26736.0
2025-12-17T18:26:23.613391,1,12.672804290974895,0.9492448432396312,-1.5762028767055851,1256.0,2207.0,5.0,262144.0,1.0,314924.0,25516.0
2025-12-17T18:26:23.713523,2,12.672648558752618,0.937944489753427,-1.5766948127762332,1437.0,3257.0,5.0,256439.0,1.0,197207.0,20284.0
2025-12-17T18:26:23.813597,3,12.672271875066697,0.9264689890387228,-1.5745368495639744,1205.0,1938.0,4.0,356575.0,1.0,202277.0,27276.0
2025-12-17T18:26:23.912168,4,12.677742350663433,0.9108184416545235,-1.5853168809448932,1431.0,3221.0,5.0,300961.0,1.0,258881.0,26128.0
2025-12-17T18:26:24.011514,5,12.684272431158426,0.8948099799731146,-1.59163948454402,1325.0,2587.0,5.0,288982.0,1.0,308907.0,24978.0
2025-12-17T18:26:24.515220,0,12.683240829626193,0.8375359729229803,-1.5879363367991954,1125.0,1544.0,4.0,268792.0,1.0,344592.0,29805.0
2025-12-17T18:26:24.611397,2,12.682380155153,0.8261190053324832,-1.5894469729119631,1305.0,2479.0,5.0,275702.0,1.0,208816.0,22689.0
2025-12-17T18:26:24.717148,3,12.682669867106615,0.8145760450643902,-1.5911452432354054,1132.0,1575.0,4.0,375399.0,1.0,217324.0,29614.0
2025-12-17T18:26:24.814958,4,12.682416193481233,0.7987096263486588,-1.5894117516808806,1332.0,2628.0,5.0,315992.0,1.0,266167.0,28406.0
2025-12-17T18:26:24.910126,5,12.682453296273355,0.7908839914755905,-1.5913989436282177,1351.0,2741.0,5.0,274213.0,1.0,289766.0,24393.0
2025-12-17T18:26:25.516973,0,12.681338802756116,0.7217706938937116,-1.5867595661473843,1100.0,1427.0,4.0,276637.0,1.0,349052.0,30737.0
2025-12-17T18:26:25.616416,1,12.681224739863076,0.7056513432005733,-1.5926925975184418,1220.0,2013.0,4.0,264103.0,1.0,325435.0,26475.0
2025-12-17T18:26:25.708965,2,12.681008301111753,0.697878504603727,-1.5914692679333695,1248.0,2161.0,4.0,282599.0,1.0,214620.0,23984.0
2025-12-17T18:26:25.810976,3,12.68076211119824,0.6860183912676199,-1.5939549709529903,1111.0,1478.0,4.0,381418.0,1.0,220063.0,30355.0
2025-12-17T18:26:25.913920,4,12.681060686131513,0.6743829100439829,-1.5924518795844955,1254.0,2195.0,4.0,339383.0,1.0,278610.0,30561.0
2025-12-17T18:26:26.015530,5,12.680300788997359,0.6629470515258777,-1.591229592502042,1409.0,3082.0,5.0,262765.0,1.0,270251.0,23249.0
2025-12-17T18:26:26.513550,0,12.679208974772841,0.6039940431101805,-1.5974066738196537,1050.0,1201.0,4.0,288396.0,1.0,368975.0,32845.0
2025-12-17T18:26:26.615299,1,12.678054852387003,0.5937041354041437,-1.5972675525232858,1201.0,1919.0,4.0,268701.0,1.0,322038.0,26991.0
2025-12-17T18:26:26.709784,2,12.676680594112668,0.5830725886373429,-1.596510367257165,1218.0,2005.0,4.0,293020.0,1.0,217766.0,24717.0
2025-12-17T18:26:26.813892,3,12.673264738471332,0.5668415107359763,-1.602407271763419,1041.0,1165.0,4.0,406338.0,1.0,235794.0,33270.0
2025-12-17T18:26:26.917854,4,12.66375116540489,0.5550805177040221,-1.5939986027612918,1194.0,1883.0,4.0,350592.0,1.0,293417.0,32502.0
2025-12-17T18:26:27.012934,5,12.658715735573823,0.5405057348993019,-1.591699703189737,1435.0,3243.0,5.0,246901.0,1.0,253591.0,22766.0
2025-12-17T18:26:27.516093,0,12.656185527953212,0.4835943037079584,-1.5924340856803976,985.0,932.0,4.0,309430.0,1.0,383100.0,36122.0
2025-12-17T18:26:27.611546,1,12.656202953675399,0.47184299671774,-1.592423822592026,1124.0,1539.0,4.0,290060.0,1.0,336410.0,29454.0
2025-12-17T18:26:27.714026,2,12.655811797389845,0.45959392537918475,-1.5896947929476801,1137.0,1598.0,4.0,315992.0,1.0,225720.0,27046.0
2025-12-17T18:26:27.814125,3,12.656132013812606,0.4473238872038152,-1.5921419179706562,977.0,902.0,4.0,438787.0,1.0,251199.0,36602.0
2025-12-17T18:26:27.914734,4,12.655527005801147,0.43584600878742386,-1.5886725529440162,1165.0,1735.0,4.0,360702.0,1.0,294512.0,33576.0
2025-12-17T18:26:28.011004,5,12.655630491408399,0.4238738011090497,-1.5943612427926637,1424.0,3175.0,5.0,242183.0,1.0,242265.0,22967.0
2025-12-17T18:26:28.511102,0,12.655957379174726,0.36729868567765855,-1.5934173113720664,927.0,710.0,4.0,327424.0,1.0,399385.0,39821.0
2025-12-17T18:26:28.614439,1,12.656388740760764,0.35578866778796225,-1.5869999972593254,1024.0,1090.0,4.0,306719.0,1.0,365495.0,33621.0
2025-12-17T18:26:28.715611,2,12.65637965666989,0.34371044179990307,-1.5904502079320992,1043.0,1174.0,4.0,324775.0,1.0,241610.0,30468.0
2025-12-17T18:26:28.812471,3,12.65620836084975,0.3321303761630503,-1.5862538466334948,922.0,692.0,4.0,470790.0,1.0,270069.0,40227.0
2025-12-17T18:26:28.914504,4,12.655974833561679,0.32009100847305305,-1.5870001048087756,1105.0,1449.0,4.0,378461.0,1.0,304032.0,36037.0
2025-12-17T18:26:29.014783,5,12.65571087354428,0.3078623278784711,-1.5897144081611445,1387.0,2949.0,5.0,250435.0,1.0,242265.0,23677.0
2025-12-17T18:26:29.513012,0,12.654154119149474,0.25012679869009347,-1.5941889619457277,889.0,577.0,3.0,343660.0,1.0,422752.0,42768.0
2025-12-17T18:26:29.612065,1,12.653852433190604,0.23866809124011823,-1.5933684484295452,950.0,796.0,4.0,333576.0,1.0,384399.0,37734.0
2025-12-17T18:26:29.714509,2,12.65299755909642,0.2274605729892798,-1.5993041256340945,979.0,909.0,4.0,350948.0,1.0,254623.0,33530.0
2025-12-17T18:26:29.813907,3,12.652715056865318,0.21396984717670797,-1.5938244192189752,882.0,554.0,3.0,496988.0,1.0,288201.0,43395.0
2025-12-17T18:26:29.914870,4,12.652707898696015,0.19282705051131543,-1.5904523578113252,1026.0,1102.0,4.0,401418.0,1.0,329982.0,40023.0
2025-12-17T18:26:30.013510,5,12.651217024747032,0.18068878717801162,-1.5885962961527298,1321.0,2565.0,5.0,253591.0,1.0,245484.0,25071.0
2025-12-17T18:26:30.516002,0,12.649469765191412,0.12169790694752614,-1.5888276802855357,857.0,470.0,3.0,361435.0,1.0,441170.0,45733.0
2025-12-17T18:26:30.611576,1,12.649016941238926,0.11018428367278332,-1.5930220749571364,887.0,570.0,3.0,352018.0,1.0,414113.0,42365.0
2025-12-17T18:26:30.713124,2,12.648658690797074,0.09889490472529161,-1.5945066563763608,916.0,671.0,4.0,365866.0,1.0,273287.0,37366.0
2025-12-17T18:26:30.814307,3,12.648316849349147,0.08735451662434457,-1.5920053668424547,849.0,446.0,3.0,517413.0,1.0,298829.0,46561.0
2025-12-17T18:26:30.912383,4,12.648343694713997,0.07616994216582462,-1.5964611337542747,974.0,888.0,4.0,431132.0,1.0,350473.0,43366.0
2025-12-17T18:26:31.016271,5,12.648082208429498,0.06555431202395567,-1.5935127306626458,1238.0,2113.0,4.0,274492.0,1.0,261789.0,27119.0
2025-12-17T18:26:31.513732,0,12.645225395671424,0.035094014146936914,-1.588792931475071,831.0,388.0,3.0,368475.0,1.0,465561.0,48556.0
2025-12-17T18:26:31.610978,1,12.645391699399099,0.020386968516850956,-1.5895342972934667,850.0,447.0,3.0,362292.0,1.0,430695.0,45857.0
2025-12-17T18:26:31.714044,2,12.646073124659427,0.0061968359316662,-1.5895374841075594,880.0,547.0,3.0,381418.0,1.0,282886.0,40037.0
2025-12-17T18:26:31.809733,3,12.646148513484883,-0.006929108178830745,-1.5927365600356616,830.0,384.0,3.0,558353.0,1.0,319541.0,48737.0
2025-12-17T18:26:31.910447,4,12.646181123193928,-0.01858406858487527,-1.593862564780631,932.0,730.0,4.0,444467.0,1.0,378332.0,46513.0
2025-12-17T18:26:32.013593,5,12.645399935216226,-0.029681528054640083,-1.595110151538613,1146.0,1643.0,4.0,284422.0,1.0,268337.0,29977.0
2025-12-17T18:26:32.518740,0,12.644265916877668,-0.0848597237760842,-1.5950798769904033,811.0,330.0,3.0,382841.0,1.0,479149.0,50912.0
2025-12-17T18:26:32.613605,1,12.644434808968473,-0.09676701689432221,-1.5955628033536418,831.0,389.0,3.0,385571.0,1.0,446125.0,47871.0
2025-12-17T18:26:32.714159,2,12.644309773335609,-0.10814267565362634,-1.5928455546447284,857.0,470.0,3.0,401146.0,1.0,295210.0,42065.0
2025-12-17T18:26:32.811925,3,12.643941356441573,-0.11992465676058117,-1.595807861813236,808.0,320.0,3.0,566155.0,1.0,334027.0,51415.0
2025-12-17T18:26:33.514360,0,12.62841595843779,-0.18884006823232724,-1.4362910337132264,801.0,299.0,3.0,390562.0,1.0,499686.0,52327.0
2025-12-17T18:26:33.613385,1,12.63099231572572,-0.2003611437662105,-1.4102984521035378,807.0,316.0,3.0,400468.0,1.0,477369.0,50843.0
2025-12-17T18:26:33.719554,2,12.633070421035148,-0.21124383183675555,-1.390294875187931,831.0,389.0,3.0,412714.0,1.0,304650.0,44617.0
2025-12-17T18:26:33.817308,3,12.635753123937366,-0.22569270986376821,-1.367504790065822,793.0,290.0,3.0,576403.0,1.0,347167.0,52861.0
2025-12-17T18:26:33.917518,4,12.637335863602225,-0.23256287536409914,-1.3539817435939838,899.0,612.0,3.0,482894.0,1.0,389770.0,49435.0
2025-12-17T18:26:34.017034,5,12.640522627706094,-0.24738530879156428,-1.3158594129247656,1120.0,1521.0,4.0,294512.0,1.0,277763.0,30904.0
2025-12-17T18:26:34.513539,0,12.657167788124951,-0.2985005395989777,-1.2072459309162116,756.0,254.0,3.0,401418.0,1.0,513574.0,54700.0
2025-12-17T18:26:34.614226,1,12.661489282146665,-0.30932261446647047,-1.185932029676008,783.0,280.0,3.0,416362.0,1.0,492133.0,52594.0
2025-12-17T18:26:34.712989,2,12.666083704759409,-0.31916981437412595,-1.1638162745761773,816.0,344.0,3.0,432887.0,1.0,314179.0,46262.0
2025-12-17T18:26:34.812984,3,12.669658937606735,-0.3278666545716469,-1.119627231764403,754.0,252.0,3.0,602330.0,1.0,360336.0,54867.0
2025-12-17T18:26:34.919239,4,12.674136553285987,-0.3386231598744587,-1.094191697474197,863.0,490.0,3.0,503762.0,1.0,401689.0,53220.0
2025-12-17T18:26:35.011788,5,12.679177907799351,-0.3482391488827812,-1.0743887597613817,1096.0,1406.0,4.0,312694.0,1.0,289962.0,31860.0
2025-12-17T18:26:35.511050,0,12.707493260908336,-0.3974047029253658,-0.9673046598337866,741.0,240.0,3.0,408268.0,1.0,517062.0,55483.0
2025-12-17T18:26:35.612137,1,12.712768697929585,-0.40659086124313326,-0.9426069346147864,735.0,235.0,3.0,424042.0,1.0,517588.0,55034.0
2025-12-17T18:26:35.710360,4,12.707376546745895,-0.4111994833308099,-0.8952957917322079,856.0,466.0,3.0,525887.0,1.0,426344.0,54074.0
2025-12-17T18:26:35.812939,5,12.709854216486175,-0.4190695118480168,-0.8678912278805221,1056.0,1229.0,4.0,317493.0,1.0,297921.0,33553.0
2025-12-17T18:26:36.513843,0,12.765196268619723,-0.4748283591793374,-0.6996933214733801,702.0,207.0,2.0,407440.0,1.0,538677.0,57529.0
2025-12-17T18:26:36.611550,1,12.774912619273536,-0.48203817114287695,-0.6799353564925003,708.0,212.0,2.0,433327.0,1.0,531074.0,56468.0
2025-12-17T18:26:36.714233,2,12.804269920821064,-0.4809431851429071,-0.6412869538036637,796.0,293.0,3.0,448547.0,1.0,326538.0,48425.0
2025-12-17T18:26:36.809985,3,12.828604551092829,-0.4826934949387116,-0.6086811694527388,717.0,220.0,3.0,611367.0,1.0,372740.0,56775.0
2025-12-17T18:26:36.912192,4,12.837778449828171,-0.4900360210133705,-0.5878842506310321,824.0,367.0,3.0,555526.0,1.0,447789.0,58195.0
2025-12-17T18:26:37.016985,5,12.851199811280154,-0.4969834459141982,-0.5544080516014896,1011.0,1037.0,4.0,337893.0,1.0,309745.0,35782.0
2025-12-17T18:26:37.518126,0,12.898218872820806,-0.5204830468108543,-0.44544231038562854,678.0,188.0,2.0,423611.0,1.0,551778.0,58868.0
2025-12-17T18:26:37.616513,1,12.919883086678528,-0.5087473785663335,-0.38672441804856894,654.0,170.0,2.0,450068.0,1.0,547870.0,59409.0
2025-12-17T18:26:37.710353,2,12.928449204829143,-0.5080957352490074,-0.3648467777344989,760.0,258.0,3.0,449003.0,1.0,333801.0,50092.0
2025-12-17T18:26:37.816024,3,12.942494106605164,-0.5127369833631565,-0.33743672919909506,695.0,202.0,2.0,638434.0,1.0,386355.0,57959.0
2025-12-17T18:26:37.914201,4,12.949308315363119,-0.5151932422693992,-0.3211014220260013,815.0,339.0,3.0,557221.0,1.0,471747.0,59570.0
2025-12-17T18:26:38.014116,5,12.960539395003618,-0.5185003098694949,-0.3001635949011642,971.0,877.0,4.0,344242.0,1.0,329982.0,38055.0
2025-12-17T18:26:38.514708,0,13.016221079694931,-0.5247450951227997,-0.18101529724798457,668.0,180.0,2.0,418906.0,1.0,567114.0,59429.0
2025-12-17T18:26:38.610953,1,13.027790640902047,-0.5165896419742939,-0.14999971916767757,640.0,160.0,2.0,473347.0,1.0,572320.0,60178.0
2025-12-17T18:26:38.718361,2,13.041713022893529,-0.5193817425784975,-0.12493814396996099,740.0,240.0,3.0,466192.0,1.0,340073.0,51050.0
2025-12-17T18:26:38.812367,3,13.049414496757954,-0.5202722624006171,-0.10935713449304334,677.0,187.0,2.0,634771.0,1.0,397497.0,58988.0
2025-12-17T18:26:38.918064,4,13.061191516326382,-0.5217576536282689,-0.08519405829406132,788.0,285.0,3.0,584457.0,1.0,482730.0,62566.0
2025-12-17T18:26:39.015903,5,13.075906294635816,-0.5211643677644151,-0.053263781246752386,937.0,748.0,4.0,360092.0,1.0,333576.0,40295.0
2025-12-17T18:26:39.514451,0,13.113819337376182,-0.5184476432608172,0.06131176986619176,655.0,170.0,2.0,426777.0,1.0,574066.0,60178.0
2025-12-17T18:26:39.617713,1,13.128612233931545,-0.5185011170325993,0.09195796729247503,644.0,163.0,2.0,471109.0,1.0,584457.0,59954.0
2025-12-17T18:26:39.713975,2,13.136039087513126,-0.5180793901214003,0.1072924486105334,720.0,222.0,3.0,471907.0,1.0,358875.0,52027.0
2025-12-17T18:26:39.811851,3,13.147217564998023,-0.5169930496031281,0.1260775551121879,660.0,174.0,2.0,660859.0,1.0,416080.0,59913.0
2025-12-17T18:26:39.914963,4,13.1578448885103,-0.5148038380717246,0.15072671209800803,762.0,260.0,3.0,597255.0,1.0,521280.0,64131.0
2025-12-17T18:26:40.012979,5,13.169379470277864,-0.5133315021939318,0.17646447261363246,917.0,674.0,4.0,377821.0,1.0,351899.0,41795.0
2025-12-17T18:26:40.519398,1,13.187235559572759,-0.4974313238614094,0.29137825664960315,614.0,142.0,2.0,487492.0,1.0,610126.0,61683.0
2025-12-17T18:26:40.610614,2,13.19837094566699,-0.4942924256358445,0.3160120290313165,697.0,203.0,2.0,489973.0,1.0,361802.0,53184.0
2025-12-17T18:26:40.714837,3,13.209271888663903,-0.4899896806358317,0.3369352004120507,655.0,170.0,2.0,666700.0,1.0,427355.0,60239.0
2025-12-17T18:26:40.810862,4,13.219661355289187,-0.48480213112142323,0.36712710385015673,734.0,234.0,3.0,615519.0,1.0,533416.0,65847.0
2025-12-17T18:26:40.916270,5,13.229854946158605,-0.48134529641233037,0.3902024696406436,897.0,603.0,3.0,395484.0,1.0,369850.0,43425.0
2025-12-17T18:26:41.514871,0,13.29197301079504,-0.44258606200612327,0.5115872334871292,655.0,170.0,2.0,429676.0,1.0,584061.0,60157.0
2025-12-17T18:26:41.613911,1,13.301159234461508,-0.43626820996886373,0.537964683917462,602.0,133.0,2.0,476884.0,1.0,620539.0,62418.0
2025-12-17T18:26:41.711898,2,13.31060306370209,-0.43008080381844316,0.5613125861329188,660.0,175.0,2.0,490637.0,1.0,374384.0,55034.0
2025-12-17T18:26:41.816118,3,13.320411443034068,-0.4234666640202551,0.5844056081064134,625.0,149.0,2.0,675787.0,1.0,440573.0,61955.0
2025-12-17T18:26:41.916316,4,13.329558887147488,-0.417630279378427,0.6005512791698508,702.0,207.0,2.0,631343.0,1.0,548613.0,67837.0
2025-12-17T18:26:42.013756,5,13.338513487578695,-0.411771005933252,0.6187439789710478,874.0,527.0,3.0,413273.0,1.0,379358.0,45424.0
2025-12-17T18:26:42.513608,0,13.400750997465572,-0.36310580665569603,0.7354139785180843,637.0,158.0,2.0,428949.0,1.0,597053.0,61163.0
2025-12-17T18:26:42.616878,1,13.411328945750636,-0.35176717638909594,0.7621960004297895,601.0,132.0,2.0,499686.0,1.0,642336.0,62503.0
2025-12-17T18:26:42.717500,2,13.416952240845179,-0.34603724678973613,0.7762710039706405,654.0,169.0,2.0,504615.0,1.0,382711.0,55389.0
2025-12-17T18:26:42.810677,3,13.426040768143409,-0.3384271071218361,0.8025192544774076,602.0,133.0,2.0,696453.0,1.0,458214.0,63312.0
2025-12-17T18:26:42.913874,4,13.434026302106762,-0.33098657190219427,0.8290941745497475,674.0,185.0,2.0,646261.0,1.0,573484.0,69652.0
2025-12-17T18:26:43.013353,5,13.441041079897634,-0.32315465685475075,0.851098623675875,848.0,441.0,3.0,419332.0,1.0,400468.0,48098.0
2025-12-17T18:26:43.511219,0,13.476697458597435,-0.2668508951375834,0.9762688501846642,650.0,167.0,2.0,437601.0,1.0,606010.0,60423.0
2025-12-17T18:26:43.610367,2,13.48380164358643,-0.2578015494948449,0.9992627625358705,635.0,156.0,2.0,501720.0,1.0,384399.0,56372.0
2025-12-17T18:26:43.714971,3,13.490667416626234,-0.24789741128245524,1.0247279528665563,612.0,140.0,2.0,708339.0,1.0,469041.0,62757.0
2025-12-17T18:26:43.813366,4,13.49649027772913,-0.23833809228216296,1.0473865905775326,670.0,182.0,2.0,673276.0,1.0,587829.0,69912.0
2025-12-17T18:26:43.911995,5,13.501565338411794,-0.2284757669004005,1.0657254627978552,834.0,398.0,3.0,442216.0,1.0,410624.0,49653.0
2025-12-17T18:26:44.517933,0,13.574649207533682,-0.14833191175405425,1.2215511564477415,638.0,158.0,2.0,432887.0,1.0,621380.0,61122.0
2025-12-17T18:26:44.614842,1,13.579093554526185,-0.13757092344525468,1.241855679834233,574.0,115.0,2.0,493635.0,1.0,664448.0,64131.0
2025-12-17T18:26:44.714300,2,13.582610068823179,-0.1274964415176303,1.263303376316685,617.0,144.0,2.0,520751.0,1.0,401418.0,57335.0
2025-12-17T18:26:44.811127,3,13.586271240263297,-0.11693137176884782,1.288110756482953,590.0,125.0,2.0,710741.0,1.0,483712.0,64066.0
2025-12-17T18:26:44.916908,4,13.590153353517024,-0.10664362675064964,1.3143445413025796,666.0,179.0,2.0,676245.0,1.0,608271.0,70220.0
2025-12-17T18:26:45.013879,5,13.590223263810591,-0.08178282208896981,1.3334599603204065,812.0,333.0,3.0,457749.0,1.0,432594.0,52327.0
2025-12-17T18:26:45.515016,0,13.599845007654778,-0.022201558145830802,1.4419876528428472,613.0,140.0,2.0,442666.0,1.0,628997.0,62608.0
2025-12-17T18:26:45.614297,1,13.599742168929374,-0.010205078435870263,1.4648651404441666,562.0,108.0,2.0,510110.0,1.0,683146.0,64851.0
2025-12-17T18:26:45.709090,2,13.600653372304974,0.0014131815174351914,1.48539214782782,608.0,137.0,2.0,514792.0,1.0,404007.0,57861.0
2025-12-17T18:26:45.812406,3,13.601440146090622,0.012768085297450327,1.4935826009379642,572.0,114.0,2.0,720184.0,1.0,497324.0,65204.0
2025-12-17T18:26:45.917172,4,13.587784315465662,0.04162412446255459,1.4991957506238838,628.0,151.0,2.0,689651.0,1.0,625600.0,72810.0
2025-12-17T18:26:46.012215,5,13.583962449086396,0.05923006378894158,1.5046158512172183,800.0,297.0,3.0,463674.0,1.0,444317.0,54074.0
2025-12-17T18:26:46.512511,0,13.588805802971683,0.11529242245776494,1.5391803500511216,606.0,136.0,2.0,444618.0,1.0,627509.0,63034.0
2025-12-17T18:26:46.610613,1,13.589929193729107,0.12723470543991233,1.5528106304034122,549.0,100.0,2.0,521633.0,1.0,704752.0,65691.0
2025-12-17T18:26:46.713960,2,13.590656769416874,0.1390776867841499,1.5545414187429194,581.0,119.0,2.0,533235.0,1.0,418198.0,59368.0
2025-12-17T18:26:46.809002,3,13.590988131925698,0.15021752089124618,1.555780380238316,559.0,106.0,2.0,724095.0,1.0,503762.0,66003.0
2025-12-17T18:26:46.914239,4,13.591296076425817,0.16195620620087858,1.5570206932042587,627.0,150.0,2.0,703799.0,1.0,646479.0,72834.0
2025-12-17T18:26:47.015355,5,13.591085457877906,0.1738072208567214,1.555546854762536,771.0,268.0,3.0,491468.0,1.0,461170.0,55558.0
2025-12-17T18:26:47.513332,0,13.548705380036079,0.24599340379564794,1.5956067062617594,617.0,144.0,2.0,440424.0,1.0,659072.0,62334.0
2025-12-17T18:26:47.615334,1,13.54829688654969,0.25805822703254044,1.5970782367125849,558.0,105.0,2.0,505127.0,1.0,717265.0,65137.0
2025-12-17T18:26:47.716127,2,13.547090433716901,0.2699532062749661,1.5953570549764733,570.0,113.0,2.0,531793.0,1.0,425911.0,59974.0
2025-12-17T18:26:47.813632,3,13.546805616314707,0.2808914217349354,1.5988046086211187,566.0,110.0,2.0,764646.0,1.0,521103.0,65536.0
2025-12-17T18:26:47.911048,4,13.54600703804417,0.2930126527481409,1.5953247425580512,591.0,126.0,2.0,708819.0,1.0,667377.0,75367.0
2025-12-17T18:26:48.013977,5,13.544960103314924,0.30437985730616646,1.599305288479518,716.0,219.0,2.0,486174.0,1.0,478177.0,58531.0
2025-12-17T18:26:48.517487,0,13.543116484875544,0.36358326251355777,1.5992411464905185,603.0,134.0,2.0,450068.0,1.0,663100.0,63183.0
2025-12-17T18:26:48.614890,1,13.5424349829586,0.37949431353560925,1.5965182209589042,551.0,101.0,2.0,531973.0,1.0,720916.0,65536.0
2025-12-17T18:26:48.713880,2,13.541900477784617,0.3873745945588851,1.596749595750664,568.0,111.0,2.0,547500.0,1.0,431132.0,60096.0
2025-12-17T18:26:48.811533,3,13.542231942834263,0.3985315316832967,1.5974948985522264,554.0,103.0,2.0,731484.0,1.0,531254.0,66339.0
2025-12-17T18:26:48.914459,4,13.542173830673558,0.40990471787045735,1.5957640138494456,575.0,116.0,2.0,734213.0,1.0,677849.0,76576.0
2025-12-17T18:26:49.016563,5,13.542657086761421,0.4250153605834104,1.5932965326358535,719.0,221.0,3.0,499348.0,1.0,489476.0,58353.0
2025-12-17T18:26:49.515599,0,13.54214063387143,0.4787907833730589,1.5918374891816056,615.0,142.0,2.0,446125.0,1.0,672593.0,62460.0
2025-12-17T18:26:49.612974,1,13.541493887900026,0.49016626273636454,1.5881614331652623,538.0,93.0,2.0,520222.0,1.0,742459.0,66384.0
2025-12-17T18:26:49.711176,2,13.541006118054057,0.5011236336980041,1.5906391705018637,564.0,109.0,2.0,543990.0,1.0,439233.0,60341.0
2025-12-17T18:26:49.813055,3,13.54080417896651,0.5132632527677021,1.5908890963387288,559.0,106.0,2.0,752070.0,1.0,545281.0,66003.0
2025-12-17T18:26:49.911441,4,13.540291135082171,0.5246048185798831,1.5933773936777789,580.0,119.0,2.0,729507.0,1.0,693865.0,76162.0
2025-12-17T18:26:50.012298,5,13.51286798586834,0.5415033048693143,1.6038466697965326,698.0,204.0,2.0,521280.0,1.0,497829.0,59529.0
2025-12-17T18:26:50.517564,0,13.482953037690354,0.6012416175994968,1.611563633448986,594.0,128.0,2.0,448244.0,1.0,678997.0,63763.0
2025-12-17T18:26:50.613234,1,13.482236651427115,0.6024526907709049,1.6100845829489716,539.0,94.0,2.0,535224.0,1.0,762063.0,66294.0
2025-12-17T18:26:50.709903,2,13.482190965590517,0.6024034436645191,1.6088524776622959,551.0,101.0,2.0,558353.0,1.0,442216.0,61101.0
2025-12-17T18:26:50.814986,3,13.482190965590517,0.6024034436645191,1.6088524776622959,551.0,101.0,2.0,758204.0,1.0,565198.0,66496.0
2025-12-17T18:26:50.915514,4,13.482190965590517,0.6024034436645191,1.6088524776622959,577.0,117.0,2.0,756665.0,1.0,722626.0,76420.0
2025-12-17T18:26:51.012952,5,13.482190965590517,0.6024034436645191,1.6088524776622959,660.0,174.0,2.0,518464.0,1.0,518815.0,61683.0
2025-12-17T18:26:51.515094,0,13.482190965590517,0.6024034436645191,1.6088524776622959,582.0,120.0,2.0,456357.0,1.0,696453.0,64458.0
2025-12-17T18:26:51.613669,1,13.482190965590517,0.6024034436645191,1.6088524776622959,523.0,85.0,2.0,541969.0,1.0,785367.0,67334.0
2025-12-17T18:26:51.713686,2,13.482190965590517,0.6024034436645191,1.6088524776622959,515.0,80.0,2.0,565007.0,1.0,457904.0,63247.0
2025-12-17T18:26:51.809837,3,13.482190965590517,0.6024034436645191,1.6088524776622959,531.0,89.0,2.0,767758.0,1.0,567690.0,67814.0
2025-12-17T18:26:51.909974,4,13.482190965590517,0.6024034436645191,1.6088524776622959,557.0,105.0,2.0,766719.0,1.0,734213.0,77856.0
2025-12-17T18:26:52.010267,5,13.482190965590517,0.6024034436645191,1.6088524776622959,672.0,183.0,2.0,546389.0,1.0,544359.0,61019.0
2025-12-17T18:26:52.514410,0,13.482190965590517,0.6024034436645191,1.6088524776622959,567.0,111.0,2.0,454046.0,1.0,719454.0,65380.0
2025-12-17T18:26:52.612500,1,13.482190965590517,0.6024034436645191,1.6088524776622959,519.0,82.0,2.0,544359.0,1.0,786431.0,67608.0
2025-12-17T18:26:52.712736,2,13.482190965590517,0.6024034436645191,1.6088524776622959,536.0,92.0,2.0,561956.0,1.0,462890.0,61976.0
2025-12-17T18:26:52.812511,3,13.48300901961674,0.6036841235773309,1.608357125803967,518.0,82.0,2.0,780861.0,1.0,587829.0,68669.0
2025-12-17T18:26:52.916919,4,13.483879884059645,0.6113444719322274,1.601924012797014,545.0,97.0,2.0,784304.0,1.0,778223.0,78784.0
2025-12-17T18:26:53.011571,5,13.484713431347986,0.6238118934695596,1.6058676415443314,625.0,149.0,2.0,538859.0,1.0,548984.0,63785.0
2025-12-17T18:26:53.513723,0,13.481730517042807,0.6897045346856725,1.6075830162860851,549.0,100.0,2.0,461795.0,1.0,717265.0,66564.0
2025-12-17T18:26:53.614017,1,13.481334605965626,0.7004429644596932,1.6075627313485117,530.0,89.0,2.0,557976.0,1.0,807468.0,66880.0
2025-12-17T18:26:53.712278,2,13.481039167475547,0.7113868854626375,1.6065729084964206,523.0,85.0,2.0,575233.0,1.0,469200.0,62778.0
2025-12-17T18:26:53.813153,3,13.480155555745766,0.7227753496361107,1.6085384076733062,523.0,85.0,2.0,780068.0,1.0,590621.0,68344.0
2025-12-17T18:26:53.913238,4,13.479545851740163,0.7340072507818061,1.6065823303087319,538.0,94.0,2.0,794994.0,1.0,776118.0,79292.0
2025-12-17T18:26:54.014211,5,13.479484783040876,0.7460538917310462,1.60806162870913,633.0,154.0,2.0,548613.0,1.0,564816.0,63312.0
2025-12-17T18:26:54.514536,0,13.475658971037753,0.8053085654313694,1.6063294539125195,557.0,105.0,2.0,457594.0,1.0,729260.0,66025.0
2025-12-17T18:26:54.617151,1,13.475327198981983,0.8160027817012452,1.609054684332929,518.0,82.0,2.0,563098.0,1.0,819583.0,67654.0
2025-12-17T18:26:54.718409,2,13.474921177966964,0.8314435845155828,1.6051092585660949,527.0,87.0,2.0,568844.0,1.0,478339.0,62503.0
2025-12-17T18:26:54.813509,3,13.474676234245607,0.8388502770320176,1.6041368845955688,518.0,82.0,2.0,792845.0,1.0,609507.0,68623.0
2025-12-17T18:26:54.914991,4,13.462213616361963,0.8482148520130881,1.6108231833216142,523.0,85.0,2.0,789364.0,1.0,782183.0,80455.0
2025-12-17T18:26:55.511801,0,13.441692222811922,0.913140446886219,1.616494571768538,548.0,99.0,2.0,465089.0,1.0,760002.0,66609.0
2025-12-17T18:26:55.612622,1,13.440781242549669,0.9250706934006772,1.6155288789259359,521.0,84.0,2.0,561765.0,1.0,835265.0,67494.0
2025-12-17T18:26:55.710618,3,13.440478540914084,0.9367042141474666,1.6172491263671966,507.0,76.0,2.0,798500.0,1.0,625389.0,69393.0
2025-12-17T18:26:55.816544,4,13.439195350871909,0.952683822530723,1.6142808590347248,527.0,87.0,2.0,798230.0,1.0,815985.0,80129.0
2025-12-17T18:26:55.912314,5,13.439095736951604,0.9603781848021598,1.6160177442655026,607.0,136.0,2.0,565581.0,1.0,579336.0,64895.0
2025-12-17T18:26:56.518125,0,13.435024202198957,1.0297280848744155,1.613036186406952,545.0,97.0,2.0,466666.0,1.0,753598.0,66812.0
2025-12-17T18:26:56.611376,1,13.435205774663622,1.0408772949746687,1.6184625207912422,513.0,79.0,2.0,566539.0,1.0,863434.0,67975.0
2025-12-17T18:26:56.714037,2,13.434021680147058,1.052644252382839,1.6177172422943693,509.0,77.0,2.0,581497.0,1.0,484859.0,63634.0
2025-12-17T18:26:56.816215,3,13.433386862534315,1.0674604516348563,1.6194206016931925,517.0,81.0,2.0,788830.0,1.0,630276.0,68716.0
2025-12-17T18:26:56.913300,4,13.432654163403319,1.0755928385240239,1.6191678521063446,500.0,72.0,2.0,804195.0,1.0,833288.0,82272.0
2025-12-17T18:26:57.015711,5,13.431594884303909,1.0869253430973025,1.6159557908153954,587.0,124.0,2.0,569808.0,1.0,596043.0,66115.0
2025-12-17T18:26:57.514536,0,13.387031223196264,1.1345726147782091,1.641796763130251,527.0,87.0,2.0,467614.0,1.0,755897.0,67975.0
2025-12-17T18:26:57.614765,1,13.351610628663128,1.1326907707558131,1.6635368760227534,508.0,77.0,2.0,556090.0,1.0,857609.0,68321.0
2025-12-17T18:26:57.715036,2,13.350013833936632,1.1438357500067475,1.6605707393973386,516.0,81.0,2.0,590222.0,1.0,497324.0,63205.0
2025-12-17T18:26:57.812419,3,13.349965212291474,1.1548625013375542,1.6615493228745148,516.0,81.0,2.0,817643.0,1.0,644950.0,68785.0
2025-12-17T18:26:57.913240,4,13.348671472590617,1.1665426707265585,1.6573528268709883,532.0,90.0,2.0,812128.0,1.0,866654.0,79804.0
2025-12-17T18:26:58.015508,5,13.347652864463516,1.1773460502750357,1.6538918844955204,584.0,122.0,2.0,588626.0,1.0,609301.0,66294.0
2025-12-17T18:26:58.511824,0,13.34714369004821,1.1998405447311153,1.6256607650439097,516.0,81.0,2.0,472227.0,1.0,775331.0,68669.0
2025-12-17T18:26:58.614334,1,13.347637495809975,1.2131802730403205,1.604939905756225,513.0,79.0,2.0,572320.0,1.0,892552.0,67998.0
2025-12-17T18:26:58.713585,2,13.347049517695527,1.2267418734623128,1.5824282261371279,506.0,75.0,2.0,588028.0,1.0,505983.0,63806.0
2025-12-17T18:26:58.813989,4,13.345827569036246,1.2396879085652035,1.5636259681214169,528.0,87.0,2.0,819583.0,1.0,866068.0,80129.0
2025-12-17T18:26:58.912880,5,13.346462323640633,1.2508766039837447,1.541942845055153,548.0,99.0,2.0,575233.0,1.0,618861.0,68623.0
2025-12-17T18:26:59.511080,1,13.355590730718909,1.31486763374172,1.4066101058836693,505.0,75.0,2.0,584853.0,1.0,900441.0,68530.0
2025-12-17T18:26:59.611951,2,13.356599204258087,1.3269274284776778,1.388904394395885,512.0,79.0,2.0,593226.0,1.0,504103.0,63419.0
2025-12-17T18:26:59.712487,3,13.358714834713673,1.3387445800346924,1.3654679925801916,519.0,83.0,2.0,798500.0,1.0,648452.0,68576.0
2025-12-17T18:26:59.811611,4,13.361634396069823,1.3498838201959824,1.339785993977661,500.0,72.0,2.0,814054.0,1.0,880848.0,82272.0
2025-12-17T18:26:59.910940,5,13.363790699955084,1.3617706177129296,1.3172533292614048,568.0,111.0,2.0,585051.0,1.0,638434.0,67334.0
2025-12-17T18:27:00.515135,0,13.355358536679606,1.4143799992516453,1.2001569230150226,539.0,94.0,2.0,469835.0,1.0,789898.0,67175.0
2025-12-17T18:27:00.615703,1,13.359922553600287,1.4248130077153718,1.1745522054193995,500.0,72.0,2.0,583469.0,1.0,902577.0,68879.0
2025-12-17T18:27:00.709944,2,13.364664051964818,1.4349534539371032,1.1587251838854271,493.0,68.0,2.0,588626.0,1.0,516363.0,64632.0
2025-12-17T18:27:00.812867,3,13.368812921067983,1.4465317519439562,1.137669717567675,508.0,76.0,2.0,827387.0,1.0,675330.0,69323.0
2025-12-17T18:27:00.913323,4,13.373510595878027,1.4569557083111544,1.1149139591757817,518.0,82.0,2.0,838097.0,1.0,902577.0,80864.0
2025-12-17T18:27:01.014411,5,13.378601383392496,1.4655951673374705,1.0881804595679387,578.0,118.0,2.0,599077.0,1.0,651532.0,66677.0
2025-12-17T18:27:01.515859,0,13.399240790215961,1.5120701522185502,0.9705528555634598,517.0,81.0,2.0,474951.0,1.0,790433.0,68623.0
2025-12-17T18:27:01.611926,2,13.40549351849503,1.5221085112733928,0.9552135790640348,596.0,129.0,2.0,583469.0,1.0,512532.0,58550.0
2025-12-17T18:27:01.717119,3,13.41165713421854,1.5311674479315638,0.9299403809322107,527.0,87.0,2.0,808836.0,1.0,672365.0,68067.0
2025-12-17T18:27:01.816784,4,13.42103908838244,1.5429329034456707,0.8971381131817427,632.0,154.0,2.0,777696.0,1.0,871655.0,72539.0
2025-12-17T18:27:01.915900,5,13.425866578131576,1.5485469209162677,0.882014181000991,549.0,100.0,2.0,607859.0,1.0,665123.0,68576.0
2025-12-17T18:27:02.510665,0,13.458660666672852,1.5899548876941836,0.7624465818731694,523.0,85.0,2.0,476884.0,1.0,803923.0,68206.0
2025-12-17T18:27:02.614971,1,13.466702475055259,1.5975087185729322,0.7407141388302982,509.0,77.0,2.0,580121.0,1.0,919847.0,68298.0
2025-12-17T18:27:02.713699,2,13.474806190492046,1.6058789988633002,0.7183001164575584,835.0,402.0,3.0,509075.0,1.0,471109.0,44196.0
2025-12-17T18:27:02.815217,3,13.483603858681711,1.6127026538087126,0.695581283315036,680.0,190.0,2.0,749782.0,1.0,621590.0,58848.0
2025-12-17T18:27:02.915775,5,13.492312764197754,1.6194728998380672,0.6689208977059516,565.0,110.0,2.0,610126.0,1.0,675330.0,67517.0
2025-12-17T18:27:03.515702,0,13.55734356794669,1.6511076992955847,0.5293115629068174,536.0,92.0,2.0,466824.0,1.0,811303.0,67403.0
2025-12-17T18:27:03.617241,1,13.567126123738747,1.658032753713723,0.5111448514592857,615.0,142.0,2.0,526956.0,1.0,904412.0,61704.0
2025-12-17T18:27:03.718618,2,13.576790989680475,1.6627171293236085,0.4894455399900415,1154.0,1683.0,4.0,396288.0,1.0,371858.0,26511.0
2025-12-17T18:27:03.813186,3,13.589980103028545,1.6680048273901864,0.4514350693852469,891.0,582.0,3.0,639083.0,1.0,523755.0,42696.0
2025-12-17T18:27:03.915260,4,13.59728969372674,1.671038135459817,0.43725673324657766,854.0,461.0,3.0,646479.0,1.0,747249.0,54294.0
2025-12-17T18:27:04.014818,5,13.608507157327654,1.6764329184112832,0.4168645491480335,752.0,250.0,3.0,512879.0,1.0,631130.0,56583.0
2025-12-17T18:27:04.515327,0,13.646852605617676,1.6908562182894773,0.31159804256068774,582.0,120.0,2.0,460390.0,1.0,795263.0,64479.0
2025-12-17T18:27:04.612485,1,13.657052334101223,1.6931508990891615,0.2859974121792196,906.0,636.0,3.0,426922.0,1.0,735456.0,40858.0
2025-12-17T18:27:04.715615,2,13.668104672723167,1.6961914584552336,0.25819967413499517,1624.0,4492.0,5.0,315778.0,1.0,278045.0,17752.0
2025-12-17T18:27:04.814840,3,13.680018322909211,1.699352323701433,0.240362877902632,1212.0,1975.0,4.0,468406.0,1.0,354169.0,27082.0
2025-12-17T18:27:04.917705,4,13.691223410659932,1.7025134661269163,0.221033585211653,1011.0,1039.0,4.0,520574.0,1.0,585645.0,40928.0
2025-12-17T18:27:05.014986,5,13.689344812488429,1.6991110585382945,0.18653828479366782,871.0,517.0,3.0,451441.0,1.0,543438.0,45702.0
2025-12-17T18:27:05.514572,0,13.732782156457944,1.6988898622907698,0.06372358134682443,726.0,227.0,3.0,420896.0,1.0,758204.0,56277.0
2025-12-17T18:27:05.611510,1,13.744009894424423,1.699235362770013,0.04292312674488564,1297.0,2429.0,5.0,313648.0,1.0,537584.0,24559.0
2025-12-17T18:27:05.709550,2,13.756979264396907,1.7002928331618659,0.028145380366553605,1920.0,5650.0,5.0,265357.0,1.0,225873.0,14963.0
2025-12-17T18:27:05.815498,3,13.76810172946954,1.7004026885651395,0.008562306768039733,1550.0,3985.0,5.0,385311.0,1.0,254021.0,20319.0
2025-12-17T18:27:05.916182,4,13.777047020019065,1.70139802744381,-0.01635290515665014,1345.0,2703.0,5.0,378332.0,1.0,401689.0,28091.0
2025-12-17T18:27:06.011013,5,13.785860148311585,1.7014365696280862,-0.03324461229210459,1003.0,1004.0,4.0,388322.0,1.0,456357.0,36208.0
2025-12-17T18:27:06.514429,0,13.842117991083551,1.6972752933772348,-0.1489905985641077,868.0,507.0,3.0,369975.0,1.0,665798.0,44647.0
2025-12-17T18:27:06.614345,1,13.853826792089809,1.6955576587102446,-0.17488041090571302,1556.0,4026.0,5.0,274864.0,1.0,439679.0,19944.0
2025-12-17T18:27:06.717499,2,13.864635689363045,1.6935118328584196,-0.19889374926009537,1881.0,5539.0,5.0,257483.0,1.0,207899.0,15265.0
2025-12-17T18:27:06.810378,3,13.867428370133615,1.695748636550844,-0.2130027257641596,1651.0,4681.0,5.0,344126.0,1.0,218282.0,18995.0
2025-12-17T18:27:06.911671,4,13.869950513357306,1.6954732537560844,-0.22380238820712717,1573.0,4141.0,5.0,336752.0,1.0,326207.0,23549.0
2025-12-17T18:27:07.014779,5,13.88067106655337,1.6926915409076155,-0.2487490914760911,1137.0,1602.0,4.0,334141.0,1.0,382841.0,30283.0
2025-12-17T18:27:07.515495,0,13.932422220375207,1.6744016090652707,-0.36252906654237,988.0,943.0,4.0,329090.0,1.0,556655.0,35964.0
2025-12-17T18:27:07.614428,1,13.94672742349962,1.6687653649130993,-0.393107071993167,1595.0,4293.0,5.0,264729.0,1.0,402915.0,19418.0
2025-12-17T18:27:07.713433,2,13.939009142475484,1.6664795927345128,-0.4031002401166866,1737.0,5110.0,5.0,259144.0,1.0,207267.0,16551.0
2025-12-17T18:27:07.815969,3,13.934536965684753,1.6604891368641557,-0.42852591199930007,1604.0,4353.0,5.0,333124.0,1.0,207829.0,19583.0
2025-12-17T18:27:07.920402,4,13.944086999126101,1.6557057914696713,-0.4532866467272257,1538.0,3906.0,5.0,325766.0,1.0,300554.0,24130.0
2025-12-17T18:27:08.012420,5,13.951067730341057,1.6522272750085651,-0.46679614312567874,1217.0,2003.0,4.0,313012.0,1.0,345877.0,27713.0
2025-12-17T18:27:08.514456,0,14.00130684299798,1.6264639580269673,-0.5711622689970102,1074.0,1307.0,4.0,299944.0,1.0,505127.0,31806.0
2025-12-17T18:27:08.613935,1,13.995263058597716,1.6219194583093763,-0.5883302477468293,1562.0,4069.0,5.0,256093.0,1.0,373751.0,19856.0
2025-12-17T18:27:08.713755,2,13.982065814550737,1.6164054583091367,-0.6033881637842856,1536.0,3893.0,5.0,267159.0,1.0,213244.0,18848.0
2025-12-17T18:27:08.815178,3,13.990876140955923,1.6104093503767043,-0.6247826182506003,1521.0,3793.0,5.0,340534.0,1.0,203858.0,20742.0
2025-12-17T18:27:08.912630,4,13.999920790531098,1.6040867517582207,-0.6448713142811606,1445.0,3305.0,5.0,330206.0,1.0,305063.0,25864.0
2025-12-17T18:27:09.012581,5,14.0083032431321,1.5973270487225033,-0.6671590206838867,1270.0,2283.0,5.0,296914.0,1.0,325766.0,26288.0
2025-12-17T18:27:09.516990,0,14.050545697404408,1.558488500523934,-0.7833355606784408,1118.0,1509.0,4.0,295710.0,1.0,449459.0,30078.0
2025-12-17T18:27:09.611253,1,14.056791928303948,1.549353859016696,-0.8050065340547954,1490.0,3591.0,5.0,272917.0,1.0,374384.0,20919.0
2025-12-17T18:27:09.712378,2,14.056691671298946,1.5388038304499467,-0.8196665636536312,1418.0,3139.0,5.0,283941.0,1.0,216957.0,20609.0
2025-12-17T18:27:09.812233,3,14.064802166452305,1.5304306056133363,-0.8452988922060758,1438.0,3261.0,5.0,346580.0,1.0,203858.0,22083.0
2025-12-17T18:27:09.915169,4,14.071295098694268,1.5225652239489662,-0.8693414125655394,1348.0,2720.0,5.0,346932.0,1.0,306823.0,28024.0
2025-12-17T18:27:10.015171,5,14.078646040427714,1.5139524737677856,-0.8923914614341385,1313.0,2522.0,5.0,288201.0,1.0,304753.0,25250.0
2025-12-17T18:27:10.513510,0,14.114812504633473,1.4663894712515049,-0.9966894142276781,1119.0,1513.0,4.0,295911.0,1.0,433327.0,30048.0
2025-12-17T18:27:10.611951,1,14.137710431258665,1.4506768288725738,-1.0153392001362147,1367.0,2831.0,5.0,275516.0,1.0,384269.0,23076.0
2025-12-17T18:27:10.709401,2,14.14394367110399,1.4404626877714168,-1.0403679624073603,1307.0,2487.0,5.0,289374.0,1.0,225873.0,22673.0
2025-12-17T18:27:10.814332,3,14.149145627976193,1.430751855950394,-1.0634140290465919,1373.0,2869.0,5.0,347167.0,1.0,209737.0,23280.0
2025-12-17T18:27:10.917058,4,14.154704728766294,1.4202157351050264,-1.081222830748353,1288.0,2381.0,5.0,347167.0,1.0,307968.0,29584.0
2025-12-17T18:27:11.014099,5,14.160254352864934,1.4098144475833898,-1.104443895287089,1357.0,2774.0,5.0,272456.0,1.0,279744.0,24286.0
2025-12-17T18:27:11.515785,0,14.166765126477644,1.3444107509613037,-1.2170712340459746,1102.0,1434.0,4.0,299944.0,1.0,433034.0,30685.0
2025-12-17T18:27:11.613896,1,14.167952564371369,1.3319178514392416,-1.2386338085775852,1272.0,2292.0,5.0,293517.0,1.0,393881.0,25148.0
2025-12-17T18:27:11.712421,2,14.172196952981729,1.3214546957623288,-1.25537744464681,1219.0,2008.0,4.0,310374.0,1.0,232387.0,24717.0
2025-12-17T18:27:11.810913,3,14.176365262427925,1.310869809192134,-1.280126973430164,1306.0,2482.0,5.0,361313.0,1.0,216957.0,24701.0
2025-12-17T18:27:11.914599,4,14.17853265488189,1.3001508393147212,-1.3046106456023412,1253.0,2191.0,4.0,357663.0,1.0,313224.0,30602.0
2025-12-17T18:27:12.017723,5,14.182012640924444,1.2855770798888528,-1.3348043470656037,1381.0,2913.0,5.0,259232.0,1.0,264819.0,23806.0
2025-12-17T18:27:12.515699,0,14.18534107877904,1.2257141568597554,-1.4397568327466048,1028.0,1108.0,4.0,312588.0,1.0,436270.0,33873.0
2025-12-17T18:27:12.614336,1,14.186447445620786,1.2145081671865992,-1.463828103860983,1146.0,1643.0,4.0,319001.0,1.0,415236.0,28725.0
2025-12-17T18:27:12.717700,2,14.187741308048707,1.203212489956904,-1.4901382740196745,1328.0,2607.0,5.0,287909.0,1.0,227407.0,22240.0
2025-12-17T18:27:12.819214,3,14.188171285715692,1.1883499007719234,-1.494828193203087,1301.0,2452.0,5.0,354889.0,1.0,212380.0,24826.0
2025-12-17T18:27:12.913045,4,14.18959849570571,1.1803260384163146,-1.494112346719694,1200.0,1914.0,4.0,366858.0,1.0,319433.0,32305.0
2025-12-17T18:27:13.014070,5,14.190324390118372,1.1689405688854482,-1.494848692165332,1351.0,2736.0,5.0,264460.0,1.0,261966.0,24426.0
2025-12-17T18:27:13.515995,0,14.189560456449213,1.0926409344201105,-1.5073904281815889,978.0,905.0,4.0,331213.0,1.0,462264.0,36516.0
2025-12-17T18:27:13.612986,1,14.19068341665856,1.0810782440192597,-1.5068834986002335,1178.0,1800.0,4.0,295911.0,1.0,405103.0,27713.0
2025-12-17T18:27:13.714900,2,14.191408734379975,1.0697379942950036,-1.50639518273001,1671.0,4826.0,5.0,253334.0,1.0,194555.0,17231.0
2025-12-17T18:27:13.810822,3,14.191377613053522,1.0586287141080586,-1.5039149286691684,1383.0,2925.0,5.0,341342.0,1.0,197474.0,23100.0
2025-12-17T18:27:13.916746,4,14.192962739910731,1.0469856665800297,-1.506624043929764,1250.0,2173.0,4.0,350354.0,1.0,309954.0,30706.0
2025-12-17T18:27:14.011807,5,14.193038139089557,1.0354326293307548,-1.5041574131035782,1318.0,2548.0,5.0,258706.0,1.0,255314.0,25148.0
2025-12-17T18:27:14.516578,0,14.197509217960523,0.9773746371292553,-1.5034529722038004,927.0,713.0,4.0,345059.0,1.0,478987.0,39780.0
2025-12-17T18:27:14.613530,1,14.1988794723788,0.9655649397070558,-1.505454780720183,1139.0,1611.0,4.0,313330.0,1.0,409930.0,28950.0
2025-12-17T18:27:14.717799,2,14.199863099896788,0.9539269458174218,-1.5081728790568594,1891.0,5566.0,5.0,229728.0,1.0,171714.0,15192.0
2025-12-17T18:27:14.813482,3,14.201181903872712,0.9420145459790206,-1.5091719091825642,1403.0,3048.0,5.0,334367.0,1.0,192394.0,22712.0
2025-12-17T18:27:14.912065,4,14.201491515784717,0.9313973563847675,-1.5104125899712846,1400.0,3031.0,5.0,318462.0,1.0,277763.0,26809.0
2025-12-17T18:27:15.013719,5,14.201888873418781,0.9200469339459794,-1.5103961482272636,1299.0,2443.0,5.0,263835.0,1.0,253763.0,25585.0
2025-12-17T18:27:15.519059,0,14.207381637570723,0.8581814284376232,-1.5116497819358392,1058.0,1237.0,4.0,297921.0,1.0,427934.0,32480.0
2025-12-17T18:27:15.613556,1,14.207908182126907,0.8508748880261443,-1.510161899666253,1148.0,1655.0,4.0,310059.0,1.0,407578.0,28648.0
2025-12-17T18:27:15.709535,3,14.218342073976244,0.8361810733747372,-1.5113514275493263,1256.0,2207.0,5.0,355490.0,1.0,207267.0,25908.0
2025-12-17T18:27:15.816159,4,14.236512186978949,0.8193850813842722,-1.5101747033790331,1542.0,3934.0,5.0,286160.0,1.0,246984.0,24065.0
2025-12-17T18:27:15.918388,5,14.236450215646512,0.8081343457217578,-1.5086882888060322,1254.0,2195.0,4.0,269065.0,1.0,254021.0,26718.0
2025-12-17T18:27:16.514321,0,14.24153234195786,0.7369160116708304,-1.5141364242978632,1095.0,1405.0,4.0,290748.0,1.0,397766.0,30935.0
2025-12-17T18:27:16.613328,1,14.241287663767412,0.7260115691410327,-1.5129865952051793,1069.0,1288.0,4.0,322911.0,1.0,421181.0,31581.0
2025-12-17T18:27:16.712323,2,14.241378979933373,0.7143703147059828,-1.5139738221778312,1768.0,5203.0,5.0,225262.0,1.0,170902.0,16256.0
2025-12-17T18:27:16.809294,3,14.242558300741775,0.7026107408660565,-1.5157074356619975,1116.0,1503.0,4.0,387272.0,1.0,224577.0,30180.0
2025-12-17T18:27:16.910792,4,14.242698301114453,0.6904549313233872,-1.5179204651069418,1552.0,3999.0,5.0,278516.0,1.0,238846.0,23903.0
2025-12-17T18:27:17.013736,5,14.243878561319507,0.6787905325997574,-1.5194157027049682,1238.0,2112.0,4.0,265627.0,1.0,254882.0,27138.0
2025-12-17T18:27:17.517249,0,14.247385338100923,0.6223134496530491,-1.5213780264704022,1045.0,1180.0,4.0,306408.0,1.0,404007.0,33080.0
2025-12-17T18:27:17.613081,1,14.247610972445576,0.610124674254477,-1.5213796598919416,983.0,924.0,4.0,355009.0,1.0,450373.0,35782.0
2025-12-17T18:27:17.713760,2,14.249146534408261,0.5983280979021117,-1.5199067275476923,1535.0,3883.0,5.0,242265.0,1.0,175890.0,18873.0
2025-12-17T18:27:17.813663,3,14.249660777831249,0.58649154688365,-1.5189142560100626,1025.0,1095.0,4.0,421466.0,1.0,243498.0,34080.0
2025-12-17T18:27:17.913652,4,14.250190489891816,0.5751733532810714,-1.521130271353512,1454.0,3359.0,5.0,289962.0,1.0,242019.0,25698.0
2025-12-17T18:27:18.516184,1,14.28106086914904,0.522005501499553,-1.4985821838795637,927.0,710.0,4.0,372236.0,1.0,471109.0,39338.0
2025-12-17T18:27:18.612079,2,14.281429719384708,0.5106794904553027,-1.5027675800581828,1334.0,2643.0,5.0,262055.0,1.0,192785.0,22120.0
2025-12-17T18:27:18.717672,3,14.282584775450722,0.4987517341172687,-1.5000447451105552,942.0,767.0,4.0,454815.0,1.0,266888.0,38823.0
2025-12-17T18:27:18.813473,4,14.283578932451604,0.4867360086979957,-1.5012850134831872,1309.0,2497.0,5.0,309221.0,1.0,256961.0,29028.0
2025-12-17T18:27:18.911401,5,14.2848356965016,0.47546729864828485,-1.5007927688403537,1259.0,2225.0,5.0,265177.0,1.0,248325.0,26574.0
2025-12-17T18:27:19.515720,0,14.289808497053588,0.4058528843679863,-1.5007971699858365,960.0,834.0,4.0,321276.0,1.0,429240.0,37620.0
2025-12-17T18:27:19.612481,1,14.290490285209062,0.3939047183817035,-1.5010488268990159,878.0,538.0,3.0,390695.0,1.0,486338.0,43234.0
2025-12-17T18:27:19.714316,2,14.291323461680902,0.382188148851645,-1.4995564974902487,1163.0,1727.0,4.0,288885.0,1.0,206916.0,26252.0
2025-12-17T18:27:19.814056,3,14.291928250325514,0.37022960045242925,-1.501782751374894,906.0,635.0,3.0,477046.0,1.0,282408.0,41485.0
2025-12-17T18:27:19.914720,4,14.292949312723952,0.3590789259792899,-1.4980723199567234,1200.0,1914.0,4.0,329201.0,1.0,270251.0,32316.0
2025-12-17T18:27:20.011195,5,14.292101693025314,0.3472046682595309,-1.500054603736943,1277.0,2320.0,5.0,254882.0,1.0,242840.0,26128.0
2025-12-17T18:27:20.513694,0,14.296295738439227,0.2894835273341876,-1.5049654305393063,909.0,647.0,3.0,345760.0,1.0,457130.0,41150.0
2025-12-17T18:27:20.614037,2,14.299452755949313,0.2765313521593349,-1.5044196627555682,1049.0,1199.0,4.0,310374.0,1.0,221933.0,30252.0
2025-12-17T18:27:20.710756,3,14.30317192417667,0.2620954095969221,-1.5048064654970807,869.0,510.0,3.0,499686.0,1.0,298324.0,44647.0
2025-12-17T18:27:20.815363,4,14.30460903080696,0.2469957051966638,-1.5062989107237599,1094.0,1398.0,4.0,352973.0,1.0,289472.0,36565.0
2025-12-17T18:27:20.919008,5,14.304830312712745,0.23927410113163994,-1.5033317901778096,1280.0,2336.0,5.0,253849.0,1.0,240712.0,26057.0
2025-12-17T18:27:21.519210,0,14.310829117085847,0.16388784424880676,-1.5062866051872628,874.0,527.0,3.0,356937.0,1.0,468089.0,44076.0
2025-12-17T18:27:21.614870,1,14.31123090668755,0.15285187211696538,-1.5031200005183367,841.0,421.0,3.0,409237.0,1.0,510455.0,46766.0
2025-12-17T18:27:21.715783,2,14.311493100723778,0.14471451182844497,-1.5031146267800946,974.0,890.0,4.0,332786.0,1.0,233333.0,33804.0
2025-12-17T18:27:21.810243,4,14.312708114228752,0.1337959499151946,-1.5026244816936065,1025.0,1096.0,4.0,387796.0,1.0,313754.0,40132.0
2025-12-17T18:27:21.917945,5,14.31280611424015,0.12187169946082577,-1.5038770434338664,1273.0,2300.0,5.0,257222.0,1.0,235953.0,26226.0
2025-12-17T18:27:22.514555,0,14.317163622005179,0.05237880481921131,-1.5055850729577502,847.0,438.0,3.0,376289.0,1.0,493468.0,46766.0
2025-12-17T18:27:22.612649,1,14.317701526161859,0.04136785832928069,-1.5046021600433455,817.0,348.0,3.0,426488.0,1.0,530355.0,49519.0
2025-12-17T18:27:22.713764,2,14.318335136347722,0.029552356486700404,-1.5068236650858542,919.0,683.0,4.0,351542.0,1.0,246066.0,37152.0
2025-12-17T18:27:22.812915,3,14.319671254489972,0.01768252130532666,-1.504852291569089,837.0,408.0,3.0,534319.0,1.0,311216.0,47887.0
2025-12-17T18:27:22.912842,4,14.320321912836672,0.005581096594063695,-1.5070761549061207,969.0,870.0,4.0,413133.0,1.0,328089.0,43720.0
2025-12-17T18:27:23.011900,5,14.321811426832248,-0.006102960444724914,-1.5066644070380315,1266.0,2262.0,5.0,248830.0,1.0,232623.0,26404.0
2025-12-17T18:27:23.514681,0,14.300833159513441,-0.05527277949358833,-1.505235756013432,825.0,370.0,3.0,386355.0,1.0,507870.0,49235.0
2025-12-17T18:27:23.614392,1,14.301122650663462,-0.06656816379520336,-1.5104416996647894,783.0,279.0,3.0,439084.0,1.0,559488.0,52665.0
2025-12-17T18:27:23.715894,2,14.302147664323048,-0.07719779984799935,-1.5064613282250436,883.0,555.0,3.0,371984.0,1.0,261258.0,39875.0
2025-12-17T18:27:23.814863,3,14.303013977370496,-0.09232416088934414,-1.5052259512448238,815.0,342.0,3.0,550286.0,1.0,327645.0,50483.0
2025-12-17T18:27:23.913301,4,14.303773280154514,-0.10027054864634266,-1.505970409134385,924.0,700.0,4.0,432301.0,1.0,352018.0,47243.0
2025-12-17T18:27:24.014774,5,14.304928280734591,-0.11200910943654208,-1.5025119140001835,1284.0,2360.0,5.0,251540.0,1.0,229184.0,25952.0
2025-12-17T18:27:24.515733,0,14.307691200884697,-0.13649887862388077,-1.5017448821706976,805.0,312.0,3.0,392683.0,1.0,528027.0,51746.0
2025-12-17T18:27:24.610623,1,14.307054045264305,-0.1417488632684858,-1.4995055831387045,756.0,254.0,3.0,459301.0,1.0,581694.0,54019.0
2025-12-17T18:27:24.719924,2,14.306879208210402,-0.15075617750247616,-1.4846642417530904,851.0,450.0,3.0,378204.0,1.0,270526.0,42667.0
2025-12-17T18:27:24.811689,3,14.308955792863303,-0.16196738711906455,-1.463021919163611,785.0,281.0,3.0,577770.0,1.0,347755.0,53329.0
2025-12-17T18:27:24.915156,4,14.311134921760392,-0.17568137379769766,-1.4353753158938467,881.0,549.0,3.0,471109.0,1.0,372110.0,51328.0
2025-12-17T18:27:25.016561,5,14.313688478847938,-0.19353661229029306,-1.4061272083661942,1254.0,2197.0,4.0,249927.0,1.0,228952.0,26718.0
2025-12-17T18:27:25.511697,0,14.325723531295148,-0.2448312924170697,-1.3092660358480679,772.0,269.0,3.0,407992.0,1.0,545650.0,53891.0
2025-12-17T18:27:25.617017,1,14.327699273561695,-0.2548099022971648,-1.284659071849547,713.0,216.0,2.0,460546.0,1.0,593025.0,56258.0
2025-12-17T18:27:25.710524,2,14.329128656138915,-0.2649577731256656,-1.2611746251387828,828.0,379.0,3.0,402642.0,1.0,282408.0,44996.0
2025-12-17T18:27:25.812074,3,14.33269217477521,-0.27676040270730695,-1.238308374649794,765.0,262.0,3.0,580711.0,1.0,355370.0,54349.0
2025-12-17T18:27:25.912351,4,14.34563755353741,-0.28553634973647846,-1.2059894710455337,854.0,461.0,3.0,472386.0,1.0,381418.0,54331.0
2025-12-17T18:27:26.016306,5,14.370634229865939,-0.29584487458337705,-1.1603367860781126,1215.0,1989.0,4.0,260904.0,1.0,234124.0,27807.0
2025-12-17T18:27:26.517152,0,14.395809988253687,-0.3485753107106717,-1.0424982364062114,750.0,248.0,3.0,412714.0,1.0,555714.0,55034.0
2025-12-17T18:27:26.611167,1,14.399636107245229,-0.35553148928331524,-1.0254656468432939,675.0,185.0,2.0,478663.0,1.0,619280.0,58313.0
2025-12-17T18:27:26.712067,2,14.406131209130471,-0.3652391504919823,-1.004417309255653,814.0,338.0,3.0,407716.0,1.0,295710.0,46545.0
2025-12-17T18:27:26.809995,3,14.42330334838983,-0.3723276533843922,-0.9734500038690869,733.0,234.0,3.0,613439.0,1.0,370351.0,55973.0
2025-12-17T18:27:26.920261,4,14.458201396309057,-0.3825930788150771,-0.912014079282602,846.0,435.0,3.0,497829.0,1.0,407440.0,55333.0
2025-12-17T18:27:27.017346,5,14.4632989481992,-0.38843515621958247,-0.9004405336598793,1165.0,1736.0,4.0,270984.0,1.0,243087.0,29354.0
2025-12-17T18:27:27.515321,0,14.501573502718816,-0.4308225623483928,-0.7899906331457508,684.0,193.0,2.0,423898.0,1.0,581497.0,58550.0
2025-12-17T18:27:27.612158,1,14.510270075218104,-0.4381877864954742,-0.7625973442788978,652.0,168.0,2.0,483384.0,1.0,630489.0,59570.0
2025-12-17T18:27:27.715783,2,14.519189844014367,-0.44301235965009766,-0.7300316408485982,800.0,298.0,3.0,424472.0,1.0,300859.0,48229.0
2025-12-17T18:27:27.817170,3,14.535435338485334,-0.44964835526127445,-0.6756414470650356,701.0,206.0,2.0,622011.0,1.0,386879.0,57704.0
2025-12-17T18:27:27.913665,4,14.541870184641178,-0.4547115615890096,-0.6621150971751429,827.0,375.0,3.0,512879.0,1.0,427211.0,57861.0
2025-12-17T18:27:28.014024,5,14.550630841061427,-0.46059829337444924,-0.6392132932390914,1106.0,1453.0,4.0,280882.0,1.0,251710.0,31485.0
2025-12-17T18:27:28.519354,0,14.601647300384002,-0.49387772201809454,-0.5197727803796874,702.0,207.0,2.0,424903.0,1.0,583666.0,57548.0
2025-12-17T18:27:28.611984,1,14.605492875211883,-0.4931705273185969,-0.5006563184443529,628.0,151.0,2.0,490305.0,1.0,654848.0,60957.0
2025-12-17T18:27:28.713352,2,14.60197166154646,-0.4795078350631279,-0.4610484962709699,757.0,255.0,3.0,440722.0,1.0,311005.0,50262.0
2025-12-17T18:27:28.815142,3,14.611809414513322,-0.4837172175624005,-0.4376251257409022,686.0,194.0,2.0,631557.0,1.0,396691.0,58550.0
2025-12-17T18:27:28.917887,4,14.621705603145582,-0.4880467188593869,-0.4144871458205766,812.0,333.0,3.0,541785.0,1.0,445974.0,59954.0
2025-12-17T18:27:29.011602,5,14.6328011065775,-0.49297108774296206,-0.3894965690230586,1063.0,1262.0,4.0,296914.0,1.0,261612.0,33248.0
2025-12-17T18:27:29.515270,0,14.67741635265735,-0.5107701399035083,-0.2690073673169154,671.0,182.0,2.0,432155.0,1.0,600904.0,59268.0
2025-12-17T18:27:29.613863,1,14.655815740241618,-0.5092068779037984,-0.23373901831130894,604.0,135.0,2.0,509420.0,1.0,674645.0,62334.0
2025-12-17T18:27:29.714736,2,14.663277354492564,-0.5115787845591093,-0.2076676534773802,734.0,235.0,3.0,437305.0,1.0,322584.0,51362.0
2025-12-17T18:27:29.814561,3,14.674402405333232,-0.5140245295587746,-0.18350764856308702,655.0,171.0,2.0,653298.0,1.0,413553.0,60259.0
2025-12-17T18:27:29.913972,4,14.686091373695803,-0.5164579144504327,-0.1654673540809878,792.0,289.0,3.0,553274.0,1.0,466192.0,62376.0
2025-12-17T18:27:30.012392,5,14.697745610734904,-0.5172541171751597,-0.14319014906465383,1019.0,1070.0,4.0,300859.0,1.0,274585.0,35396.0
2025-12-17T18:27:30.516339,0,14.735429141367133,-0.5146804585595195,-0.0293159507996208,652.0,168.0,2.0,439828.0,1.0,612609.0,60320.0
2025-12-17T18:27:30.613482,1,14.745775087572074,-0.5151806891486874,-0.010332164295611363,600.0,132.0,2.0,514096.0,1.0,689418.0,62587.0
2025-12-17T18:27:30.710746,2,14.757761743934344,-0.5157451572698406,0.009600029182014878,720.0,222.0,3.0,464145.0,1.0,325435.0,52080.0
2025-12-17T18:27:30.811666,3,14.769667019281464,-0.5146021203189992,0.032851646604805655,645.0,163.0,2.0,651311.0,1.0,422180.0,60854.0
2025-12-17T18:27:30.915359,4,14.780657092435975,-0.5147156762711926,0.05862089836801942,758.0,256.0,3.0,562146.0,1.0,483875.0,64414.0
2025-12-17T18:27:31.015185,5,14.791887953552703,-0.5137222452545149,0.08108090995330296,985.0,932.0,4.0,324665.0,1.0,285579.0,37252.0
2025-12-17T18:27:31.513488,0,14.830678961462038,-0.5020450282712794,0.20417072430692815,625.0,149.0,2.0,441469.0,1.0,628572.0,61892.0
2025-12-17T18:27:31.613536,1,14.84084140887035,-0.49943406359081166,0.22466049768249086,576.0,116.0,2.0,512186.0,1.0,711704.0,64066.0
2025-12-17T18:27:31.710691,2,14.852452748270666,-0.4967761186468227,0.24891108979850468,688.0,196.0,2.0,468723.0,1.0,336980.0,53673.0
2025-12-17T18:27:31.809269,3,14.863852691590191,-0.49428431162750464,0.2700893067531065,637.0,158.0,2.0,677620.0,1.0,435680.0,61288.0
2025-12-17T18:27:31.915742,4,14.875176858155408,-0.49166024591816004,0.29085151591039266,744.0,243.0,3.0,589224.0,1.0,505812.0,65270.0
2025-12-17T18:27:32.015151,5,14.888325976810808,-0.4875030910853422,0.32423954462275845,947.0,785.0,4.0,340765.0,1.0,300757.0,39646.0
2025-12-17T18:27:32.514889,0,14.926151633504917,-0.4607156318088137,0.42708583875642436,629.0,151.0,2.0,450373.0,1.0,636062.0,61683.0
2025-12-17T18:27:32.613319,1,14.93680150538695,-0.4559228733878431,0.4486332584687647,571.0,113.0,2.0,519870.0,1.0,727780.0,64349.0
2025-12-17T18:27:32.716230,2,14.947520330429699,-0.45084125511828077,0.4682030742042624,685.0,194.0,2.0,473988.0,1.0,339958.0,53800.0
2025-12-17T18:27:32.813747,3,14.956832196240953,-0.44513498310805133,0.4916836454804989,617.0,143.0,2.0,681530.0,1.0,447789.0,62503.0
2025-12-17T18:27:32.912927,5,14.966250691848993,-0.43977735703485976,0.5153844011605425,901.0,618.0,3.0,352615.0,1.0,314924.0,43088.0
2025-12-17T18:27:33.516177,0,15.020270474336927,-0.3981677996423958,0.63811329368484,631.0,153.0,2.0,443565.0,1.0,632841.0,61558.0
2025-12-17T18:27:33.612583,1,15.028683935905434,-0.39099769309264865,0.6613362887273202,550.0,100.0,2.0,531434.0,1.0,753854.0,65691.0
2025-12-17T18:27:33.713011,2,15.037685567458844,-0.38480157029188256,0.6828776239164448,653.0,169.0,2.0,484859.0,1.0,352615.0,55483.0
2025-12-17T18:27:33.814484,3,15.046295895077867,-0.37812277894459534,0.7053687838847577,605.0,135.0,2.0,688718.0,1.0,467140.0,63205.0
2025-12-17T18:27:33.913692,4,15.054121368665319,-0.3706718299470939,0.7273598022440267,684.0,192.0,2.0,603759.0,1.0,526421.0,69089.0
2025-12-17T18:27:34.014378,5,15.061815508570124,-0.36305860102540777,0.7529475721036287,877.0,538.0,3.0,380258.0,1.0,329424.0,45164.0
2025-12-17T18:27:34.513556,0,15.089211425813033,-0.30911281081497144,0.8861438274634484,622.0,147.0,2.0,440275.0,1.0,652635.0,62081.0
2025-12-17T18:27:34.613894,1,15.09681530339564,-0.29998689670718903,0.9039213439679157,530.0,89.0,2.0,526243.0,1.0,762579.0,66948.0
2025-12-17T18:27:34.716287,3,15.105729773541565,-0.2882296741817374,0.9293017205578565,582.0,120.0,2.0,725321.0,1.0,478987.0,64589.0
2025-12-17T18:27:34.813964,4,15.112503092866225,-0.2794183294028745,0.9528362911694641,681.0,190.0,2.0,623909.0,1.0,550286.0,69276.0
2025-12-17T18:27:34.917855,5,15.118945768947265,-0.2706168267161928,0.977535641774675,853.0,456.0,3.0,385311.0,1.0,344242.0,47628.0
2025-12-17T18:27:35.520233,0,15.162460119568202,-0.20268866146357922,1.1230457846170812,608.0,137.0,2.0,446276.0,1.0,657735.0,62927.0
2025-12-17T18:27:35.615358,1,15.165344578807861,-0.19431929061533992,1.1336656817525472,542.0,96.0,2.0,542887.0,1.0,787496.0,66160.0
2025-12-17T18:27:35.710214,2,15.169452603117403,-0.18286324594233605,1.1557535918088293,628.0,151.0,2.0,490305.0,1.0,362660.0,56775.0
2025-12-17T18:27:35.813998,3,15.174891878182681,-0.1687656294284583,1.1856976923639728,576.0,116.0,2.0,706185.0,1.0,485680.0,65005.0
2025-12-17T18:27:35.914795,4,15.17741141305348,-0.16145732926487888,1.2000598782469838,652.0,168.0,2.0,637139.0,1.0,555338.0,71177.0
2025-12-17T18:27:36.016078,5,15.179940185697017,-0.15114654446895415,1.2255586780770171,828.0,381.0,3.0,410485.0,1.0,358875.0,50347.0
2025-12-17T18:27:36.519270,0,15.177986784254577,-0.06721082509858611,1.3518445049263346,610.0,138.0,2.0,447183.0,1.0,671228.0,62821.0
2025-12-17T18:27:36.613541,1,15.179773592595476,-0.05903165216273898,1.3661788927345035,527.0,87.0,2.0,538495.0,1.0,799041.0,67107.0
2025-12-17T18:27:36.714706,2,15.180768731730495,-0.048309696232108124,1.3868415712868079,621.0,146.0,2.0,507183.0,1.0,370476.0,57160.0
2025-12-17T18:27:36.816522,3,15.183046174357342,-0.033797638182599954,1.4183800870328587,571.0,113.0,2.0,720184.0,1.0,504103.0,65270.0
2025-12-17T18:27:36.913267,4,15.18484949768635,-0.026580733346285967,1.429905694511537,622.0,147.0,2.0,657958.0,1.0,578944.0,73255.0
2025-12-17T18:27:37.010586,5,15.187857166582734,-0.01025201525173891,1.456456481273529,818.0,350.0,3.0,423755.0,1.0,375526.0,51641.0
2025-12-17T18:27:37.513618,0,15.196215551344437,0.06765274419330147,1.5151776890216373,602.0,133.0,2.0,449155.0,1.0,681299.0,63290.0
2025-12-17T18:27:37.611544,1,15.197625319606859,0.07939732996403492,1.5161669461917637,511.0,78.0,2.0,551965.0,1.0,803107.0,68160.0
2025-12-17T18:27:37.713624,2,15.197944535517289,0.09048926060330587,1.5166636240473652,600.0,132.0,2.0,505298.0,1.0,380258.0,58333.0
2025-12-17T18:27:37.813774,3,15.199080624289788,0.10189725334788413,1.5178975756324258,549.0,100.0,2.0,726796.0,1.0,512186.0,66677.0
2025-12-17T18:27:37.912143,4,15.199764773946546,0.11382622944089782,1.5166618049898826,606.0,136.0,2.0,658849.0,1.0,605600.0,74379.0
2025-12-17T18:27:38.013434,5,15.200209682761317,0.12554626184925155,1.5166610930062043,793.0,289.0,3.0,432887.0,1.0,387141.0,54496.0
2025-12-17T18:27:38.512395,1,15.217642185379965,0.20764643718942288,1.5664748453756567,511.0,78.0,2.0,563670.0,1.0,824033.0,68206.0
2025-12-17T18:27:38.611964,2,15.217713119448678,0.21952306115149867,1.5847235753112943,591.0,126.0,2.0,517938.0,1.0,383359.0,58848.0
2025-12-17T18:27:38.712639,3,15.217697131744783,0.2309256441648504,1.5936037026545202,552.0,102.0,2.0,733964.0,1.0,524643.0,66474.0
2025-12-17T18:27:38.814509,4,15.217296168671444,0.2450202799528931,1.6054968075244094,618.0,144.0,2.0,674416.0,1.0,610540.0,73528.0
2025-12-17T18:27:38.914930,5,15.217410861514264,0.252659217877623,1.605504111075666,765.0,263.0,3.0,451900.0,1.0,403734.0,55916.0
2025-12-17T18:27:39.516838,0,15.21351135485411,0.3232677584553745,1.6136993199812255,600.0,132.0,2.0,451136.0,1.0,693865.0,63397.0
2025-12-17T18:27:39.613013,2,15.21284930879865,0.3350109402632935,1.6169247373205586,565.0,109.0,2.0,526778.0,1.0,395484.0,60341.0
2025-12-17T18:27:39.710706,3,15.212269034771357,0.34671755982871844,1.6146922538253488,542.0,95.0,2.0,744220.0,1.0,537221.0,67152.0
2025-12-17T18:27:39.811061,4,15.211495450047876,0.3576350914788602,1.617164110327002,566.0,110.0,2.0,691989.0,1.0,637786.0,77305.0
2025-12-17T18:27:40.512420,0,15.22065134671564,0.4489013844597647,1.6170109475241092,595.0,128.0,2.0,453432.0,1.0,719454.0,63720.0
2025-12-17T18:27:40.613585,1,15.22077527759683,0.4610909882057701,1.5990351962438327,528.0,88.0,2.0,569615.0,1.0,839800.0,67061.0
2025-12-17T18:27:40.714358,2,15.220702397283135,0.4722962722017332,1.5881563420245803,564.0,109.0,2.0,517588.0,1.0,395484.0,60382.0
2025-12-17T18:27:40.813060,3,15.220780109210015,0.48344373936887663,1.5809562187436426,538.0,93.0,2.0,749529.0,1.0,543254.0,67403.0
2025-12-17T18:27:40.914502,4,15.22029257857743,0.4944809214388375,1.580463246548154,565.0,109.0,2.0,697869.0,1.0,662875.0,77357.0
2025-12-17T18:27:41.011717,5,15.220561656133054,0.5064927976420304,1.5779836588243026,747.0,246.0,3.0,449611.0,1.0,415799.0,56871.0
2025-12-17T18:27:41.521102,0,15.220051739570861,0.5686403858155735,1.5730453796076156,581.0,119.0,2.0,459301.0,1.0,717023.0,64567.0
2025-12-17T18:27:41.613664,1,15.219702705229313,0.5759771457711036,1.5732897214255053,518.0,82.0,2.0,568844.0,1.0,847797.0,67746.0
2025-12-17T18:27:41.716121,2,15.219567250818004,0.588382996167061,1.5738006830868605,568.0,111.0,2.0,539407.0,1.0,409237.0,60137.0
2025-12-17T18:27:41.810445,3,15.219356692510837,0.6002611251943133,1.5718271524637981,538.0,93.0,2.0,765423.0,1.0,567306.0,67425.0
2025-12-17T18:27:41.911155,4,15.219378469807255,0.6123135344239508,1.5750395143760865,569.0,112.0,2.0,704514.0,1.0,663100.0,77044.0
2025-12-17T18:27:42.011333,5,15.21977443521839,0.623626377419118,1.5718204960928293,712.0,215.0,2.0,465561.0,1.0,423038.0,58809.0
2025-12-17T18:27:42.514012,0,15.218725729415546,0.6813238554826313,1.572592196848578,584.0,121.0,2.0,457749.0,1.0,726058.0,64370.0
2025-12-17T18:27:42.617266,1,15.211492364470313,0.7039704752426932,1.5976729893762416,495.0,70.0,2.0,577770.0,1.0,876685.0,69229.0
2025-12-17T18:27:42.712910,2,15.208786198919869,0.7128846102678583,1.6022298340002379,541.0,95.0,2.0,534319.0,1.0,419332.0,61746.0
2025-12-17T18:27:42.811717,3,15.20791954754266,0.7247818142979092,1.606692176722855,513.0,79.0,2.0,759488.0,1.0,583271.0,69065.0
2025-12-17T18:27:42.913120,4,15.207411573173578,0.7371623954709481,1.607921737858154,549.0,100.0,2.0,706663.0,1.0,693865.0,78544.0
2025-12-17T18:27:43.015141,5,15.20673756902056,0.7492064683218089,1.6061856557784322,705.0,210.0,2.0,483384.0,1.0,437453.0,59188.0
2025-12-17T18:27:43.513593,0,15.206291629582317,0.8049811658802799,1.5943101084392566,568.0,112.0,2.0,468089.0,1.0,735705.0,65336.0
2025-12-17T18:27:43.611270,1,15.20607850344941,0.8169055918454298,1.5987647556381586,509.0,77.0,2.0,576598.0,1.0,882042.0,68344.0
2025-12-17T18:27:43.714153,2,15.205803566052584,0.8291220234202203,1.594081499303383,535.0,92.0,2.0,549914.0,1.0,420753.0,62060.0
2025-12-17T18:27:43.815419,3,15.20538531866892,0.8404546198145972,1.5958031449121362,514.0,80.0,2.0,756153.0,1.0,582482.0,68972.0
2025-12-17T18:27:43.919529,4,15.205147850029116,0.852212039119653,1.5886739714924896,566.0,110.0,2.0,728520.0,1.0,711463.0,77253.0
2025-12-17T18:27:44.013849,5,15.2048524995879,0.8631806787475025,1.5790259196331173,670.0,182.0,2.0,485516.0,1.0,458214.0,61143.0
2025-12-17T18:27:44.514645,0,15.207410306928402,0.9206162979302697,1.4679741097559111,563.0,108.0,2.0,469200.0,1.0,744472.0,65691.0
2025-12-17T18:27:44.613609,1,15.209049256348845,0.9316702811669053,1.4474985256871602,503.0,74.0,2.0,579532.0,1.0,901051.0,68716.0
2025-12-17T18:27:44.713968,2,15.21062441349328,0.942059037393614,1.4246769339924537,524.0,85.0,2.0,551965.0,1.0,431570.0,62757.0
2025-12-17T18:27:44.813103,4,15.195785983625811,0.9537662122384649,1.4137474530205862,522.0,84.0,2.0,739951.0,1.0,736951.0,80591.0
2025-12-17T18:27:44.915717,5,15.182170067290473,0.9639597696353164,1.401725816530709,659.0,173.0,2.0,506668.0,1.0,477369.0,61808.0
2025-12-17T18:27:45.513061,0,15.198962744024234,1.0277064230579853,1.2536468839283952,553.0,102.0,2.0,465246.0,1.0,762320.0,66316.0
2025-12-17T18:27:45.611107,1,15.202739543992905,1.0386055030693715,1.2312014386715622,505.0,75.0,2.0,581497.0,1.0,914260.0,68623.0
2025-12-17T18:27:45.720253,2,15.206681863593788,1.0491586165297733,1.2136851871578551,521.0,84.0,2.0,551778.0,1.0,435827.0,62906.0
2025-12-17T18:27:45.809932,3,15.197899193702812,1.0599102815525416,1.1954194755786058,530.0,89.0,2.0,783773.0,1.0,608683.0,67929.0
2025-12-17T18:27:45.915150,4,15.16850823165626,1.0682477638616081,1.1882192051256288,544.0,97.0,2.0,757690.0,1.0,749782.0,78944.0
2025-12-17T18:27:46.015818,5,15.173892513364063,1.0824810010637247,1.162548898707801,643.0,162.0,2.0,503762.0,1.0,477046.0,62757.0
2025-12-17T18:27:46.513302,0,15.197455622326519,1.128558011312581,1.0618698514553986,555.0,103.0,2.0,467140.0,1.0,766979.0,66182.0
2025-12-17T18:27:46.614771,1,15.203315062296804,1.1371354122812516,1.0352156123451621,512.0,79.0,2.0,589224.0,1.0,919225.0,68114.0
2025-12-17T18:27:46.711149,2,15.213593954973812,1.1464607627020076,1.00523920614138,530.0,89.0,2.0,555526.0,1.0,447789.0,62376.0
2025-12-17T18:27:46.809420,3,15.233932151875885,1.1570623447618846,0.9834925957858806,511.0,78.0,2.0,774544.0,1.0,608065.0,69159.0
2025-12-17T18:27:46.911808,4,15.239857782103206,1.1674620607130475,0.9664418521489027,514.0,80.0,2.0,730248.0,1.0,756153.0,81193.0
2025-12-17T18:27:47.011020,5,15.246636140094871,1.1769118739714912,0.9443556052268642,626.0,150.0,2.0,510974.0,1.0,497998.0,63763.0
2025-12-17T18:27:47.511120,0,15.282149970273439,1.221102753626793,0.8293380520339712,555.0,103.0,2.0,473026.0,1.0,787230.0,66182.0
2025-12-17T18:27:47.610558,1,15.29498069263945,1.2267992753406372,0.8069422857497615,486.0,65.0,2.0,589224.0,1.0,940626.0,69865.0
2025-12-17T18:27:47.711679,2,15.330305768322287,1.2221928108379476,0.7795467004674906,496.0,70.0,2.0,557409.0,1.0,456202.0,64458.0
2025-12-17T18:27:47.811933,3,15.338119480584545,1.2294215786663791,0.7492998992826667,505.0,75.0,2.0,795802.0,1.0,626660.0,69581.0
2025-12-17T18:27:47.913492,4,15.346205112728985,1.2352411286998208,0.7156943507899881,530.0,89.0,2.0,766460.0,1.0,783773.0,80020.0
2025-12-17T18:27:48.012455,5,15.354697752846352,1.2418664954860805,0.694419811425915,602.0,133.0,2.0,531973.0,1.0,511147.0,65226.0
2025-12-17T18:27:48.512437,0,15.399571906959826,1.2796797131858977,0.6011838023856133,539.0,94.0,2.0,473026.0,1.0,792576.0,67198.0
2025-12-17T18:27:48.610599,1,15.408868464126634,1.2853190651896949,0.5763070844351941,490.0,67.0,2.0,602738.0,1.0,941900.0,69581.0
2025-12-17T18:27:48.712647,2,15.412416481721408,1.2834859959401168,0.5422504771003268,512.0,78.0,2.0,573290.0,1.0,462734.0,63505.0
2025-12-17T18:27:48.813608,3,15.420419287248151,1.2862128985770074,0.5166361166234139,504.0,74.0,2.0,795263.0,1.0,637139.0,69676.0
2025-12-17T18:27:48.909832,4,15.430484208751885,1.2931587963666633,0.4968691340876774,512.0,79.0,2.0,760517.0,1.0,786963.0,81358.0
2025-12-17T18:27:49.011331,5,15.440417225174595,1.298977453121255,0.4697178130477957,600.0,132.0,2.0,523755.0,1.0,520222.0,65358.0
2025-12-17T18:27:49.510738,0,15.491551517740753,1.322513652940474,0.3541818842902755,522.0,84.0,2.0,477854.0,1.0,788563.0,68298.0
2025-12-17T18:27:49.610835,1,15.487838241970334,1.3258488573001639,0.34240078328260026,475.0,59.0,1.0,591822.0,1.0,970047.0,70625.0
2025-12-17T18:27:49.713765,2,15.491572534729709,1.3284723283270345,0.3222206699597408,499.0,72.0,2.0,576598.0,1.0,472706.0,64262.0
2025-12-17T18:27:49.810636,3,15.501681639930787,1.330850290581612,0.2955675179112287,496.0,70.0,2.0,799311.0,1.0,646698.0,70196.0
2025-12-17T18:27:49.914330,4,15.512342302367328,1.3336856074416126,0.2684111986996563,519.0,82.0,2.0,771143.0,1.0,820693.0,80864.0
2025-12-17T18:27:50.011201,5,15.524006724828949,1.3370039946585912,0.24754107264142045,588.0,124.0,2.0,543990.0,1.0,541052.0,66115.0
2025-12-17T18:27:50.511257,0,15.55950482519669,1.3438796647484015,0.1457665186441601,506.0,76.0,2.0,474469.0,1.0,807468.0,69346.0
2025-12-17T18:27:50.616933,1,15.558207990866077,1.3429247882500768,0.12513227659087067,484.0,64.0,1.0,588227.0,1.0,983601.0,70030.0
2025-12-17T18:27:50.711766,2,15.569067384762947,1.343773723851946,0.10117363187389405,503.0,74.0,2.0,574066.0,1.0,475595.0,64066.0
2025-12-17T18:27:50.812337,3,15.580391989187271,1.3453011554074301,0.07647671569013896,485.0,64.0,1.0,812677.0,1.0,672138.0,70961.0
2025-12-17T18:27:50.915083,4,15.59245749993972,1.3470400208348856,0.05373991906654069,524.0,85.0,2.0,794456.0,1.0,833288.0,80482.0
2025-12-17T18:27:51.010822,5,15.603710385454448,1.3478069266039423,0.033175673382514835,575.0,116.0,2.0,539589.0,1.0,558542.0,66948.0
2025-12-17T18:27:51.517598,0,15.631810678387172,1.343444476428651,-0.07931704177252946,515.0,80.0,2.0,485351.0,1.0,821249.0,68809.0
2025-12-17T18:27:51.611596,1,15.643022748856707,1.3421988179440056,-0.09754411249537487,469.0,56.0,1.0,601108.0,1.0,997345.0,71009.0
2025-12-17T18:27:51.710552,2,15.654842030299498,1.3420588414610535,-0.11708843446294591,508.0,76.0,2.0,577770.0,1.0,476884.0,63742.0
2025-12-17T18:27:51.809230,3,15.665953711229408,1.340277202782639,-0.14185571130585162,504.0,74.0,2.0,799311.0,1.0,669867.0,69676.0
2025-12-17T18:27:51.914238,4,15.676822148885979,1.3385793820733536,-0.1653632786137597,521.0,84.0,2.0,784835.0,1.0,832161.0,80700.0
2025-12-17T18:27:52.011927,5,15.68849060182824,1.336931761944177,-0.18805532759794644,572.0,114.0,2.0,543438.0,1.0,559488.0,67152.0
2025-12-17T18:27:52.511146,0,15.73526165108863,1.323902698681982,-0.28958186069045866,537.0,93.0,2.0,480123.0,1.0,830754.0,67334.0
2025-12-17T18:27:52.615890,1,15.746024655610185,1.320993350092671,-0.3128356750432479,463.0,53.0,1.0,622854.0,1.0,1002761.0,71467.0
2025-12-17T18:27:52.717650,2,15.756489762907139,1.3167651331731047,-0.3372589569310326,487.0,65.0,2.0,579532.0,1.0,491468.0,65027.0
2025-12-17T18:27:52.814364,3,15.767057484098512,1.312663913414445,-0.3560689488279972,492.0,68.0,2.0,803379.0,1.0,682684.0,70458.0
2025-12-17T18:27:52.917074,4,15.778194450735533,1.309119731826975,-0.3751178496461496,498.0,71.0,2.0,802836.0,1.0,874018.0,82467.0
2025-12-17T18:27:53.014270,5,15.78853338080359,1.304942507328466,-0.3998866778764154,555.0,104.0,2.0,557221.0,1.0,571159.0,68229.0
2025-12-17T18:27:53.516162,0,15.839938624285772,1.2839813911250548,-0.502283099301979,535.0,91.0,2.0,475273.0,1.0,836113.0,67494.0
2025-12-17T18:27:53.614095,1,15.850140182564179,1.2783461356530061,-0.521802093777684,491.0,67.0,2.0,608271.0,1.0,1011624.0,69581.0
2025-12-17T18:27:53.716038,2,15.859266486679113,1.2733547343111802,-0.5446007400807815,492.0,68.0,2.0,588028.0,1.0,490803.0,64742.0
2025-12-17T18:27:53.814566,3,15.868039877414901,1.2673142219781752,-0.5735932018748949,468.0,56.0,1.0,825988.0,1.0,698105.0,72099.0
2025-12-17T18:27:53.917530,4,15.879821089244102,1.258171940271458,-0.605913945536663,470.0,56.0,1.0,804195.0,1.0,884134.0,84788.0
2025-12-17T18:27:54.014106,5,15.886424656866259,1.254140485383152,-0.6197699007389553,535.0,92.0,2.0,554024.0,1.0,590421.0,69534.0
2025-12-17T18:27:54.514680,0,15.920187942815959,1.2222292016205323,-0.7033904255416953,571.0,113.0,2.0,471109.0,1.0,819306.0,65182.0
2025-12-17T18:27:54.610084,1,15.929020004677772,1.2150525070669804,-0.7308257512679798,478.0,60.0,1.0,615519.0,1.0,1026107.0,70458.0
2025-12-17T18:27:54.714653,3,15.937664637694951,1.2070737935876128,-0.7612433994466242,480.0,62.0,1.0,823197.0,1.0,707860.0,71298.0
2025-12-17T18:27:54.816632,4,15.945492031920224,1.1986621932263013,-0.778794125429787,490.0,67.0,2.0,796341.0,1.0,913951.0,83168.0
2025-12-17T18:27:54.914399,5,15.954529126965815,1.1910545152396672,-0.7968556155237501,530.0,89.0,2.0,572902.0,1.0,604167.0,69912.0
2025-12-17T18:27:55.513558,0,15.98631739592143,1.139764007016236,-0.9330898639913927,557.0,105.0,2.0,468723.0,1.0,839800.0,66070.0
2025-12-17T18:27:55.614686,1,15.99366537197377,1.131128349702264,-0.9543257757650873,503.0,74.0,2.0,611367.0,1.0,1037983.0,68739.0
2025-12-17T18:27:55.710009,2,16.000287426367066,1.1223414272015368,-0.9730151443933734,481.0,62.0,1.0,596649.0,1.0,504615.0,65425.0
2025-12-17T18:27:55.814215,3,16.006574733047174,1.1130112420323854,-0.998626770841712,479.0,61.0,1.0,853266.0,1.0,725567.0,71370.0
2025-12-17T18:27:55.913347,4,16.012191906882315,1.1029038855349302,-1.021939517545408,482.0,62.0,1.0,821249.0,1.0,902883.0,83818.0
2025-12-17T18:27:56.011419,5,16.018131011071922,1.0934732986436533,-1.044357867759947,565.0,109.0,2.0,555714.0,1.0,611160.0,67608.0
2025-12-17T18:27:56.516843,0,16.045750126302618,1.0605942771977617,-1.0871059348637304,557.0,105.0,2.0,469676.0,1.0,840938.0,66070.0
2025-12-17T18:27:56.617360,1,16.045750126302618,1.0605942771977617,-1.0871059348637304,505.0,75.0,2.0,618024.0,1.0,1042560.0,68623.0
2025-12-17T18:27:56.713191,2,16.045750126302618,1.0605942771977617,-1.0871059348637304,492.0,68.0,2.0,582482.0,1.0,509764.0,64742.0
2025-12-17T18:27:56.808287,3,16.045750126302618,1.0605942771977617,-1.0871059348637304,488.0,66.0,2.0,815985.0,1.0,733220.0,70721.0
2025-12-17T18:27:56.914974,4,16.0458928833188,1.057460772005017,-1.0969837637936022,497.0,70.0,2.0,811303.0,1.0,927663.0,82607.0
2025-12-17T18:27:57.012557,5,16.047113242518027,1.049171589144077,-1.1264573788730778,671.0,182.0,2.0,525175.0,1.0,590421.0,61122.0
2025-12-17T18:27:57.611137,2,16.079108976335608,0.9780083087737594,-1.2627086997497698,504.0,74.0,2.0,581694.0,1.0,514967.0,64023.0
2025-12-17T18:27:57.710744,3,16.081197457060412,0.9683867098925063,-1.2830396849242638,487.0,65.0,2.0,834700.0,1.0,742459.0,70841.0
2025-12-17T18:27:57.812805,4,16.08153777032302,0.9568049729385528,-1.3050943324377828,514.0,80.0,2.0,812677.0,1.0,942219.0,81248.0
2025-12-17T18:27:57.915879,5,16.072830491411803,0.9323250274269661,-1.320768369645078,813.0,336.0,3.0,472706.0,1.0,540503.0,52239.0
2025-12-17T18:27:58.515041,0,16.083059651330682,0.861188999035182,-1.4611960307678153,557.0,104.0,2.0,479636.0,1.0,854422.0,66092.0
2025-12-17T18:27:58.612371,1,16.084163490052195,0.8500855486192336,-1.4889247966247041,490.0,67.0,2.0,607448.0,1.0,1048221.0,69652.0
2025-12-17T18:27:58.716100,2,16.085992457387285,0.8379905814531803,-1.5030823631785586,494.0,69.0,2.0,593025.0,1.0,522162.0,64611.0
2025-12-17T18:27:58.813856,3,16.09753566157533,0.8112726047720944,-1.5100033870510652,484.0,63.0,1.0,841223.0,1.0,759488.0,71057.0
2025-12-17T18:27:58.914447,4,16.10115902019094,0.7947719227943786,-1.5146702552319267,532.0,90.0,2.0,816537.0,1.0,947335.0,79858.0
2025-12-17T18:27:59.017546,5,16.102313574548866,0.7831849087680016,-1.5163974877155317,865.0,497.0,3.0,433767.0,1.0,502059.0,46340.0
2025-12-17T18:27:59.513390,0,16.105348768319825,0.7262791498415933,-1.5161476343275546,535.0,92.0,2.0,478339.0,1.0,857609.0,67448.0
2025-12-17T18:27:59.613883,1,16.10633736558504,0.7106796119037853,-1.5188260616861518,488.0,66.0,2.0,630063.0,1.0,1071174.0,69770.0
2025-12-17T18:27:59.713355,2,16.106837692710258,0.7027827380436857,-1.5203065204850226,501.0,72.0,2.0,603350.0,1.0,526956.0,64218.0
2025-12-17T18:27:59.812813,3,16.106975411373284,0.6918859626558902,-1.5190821329770916,482.0,63.0,1.0,853844.0,1.0,753598.0,71177.0
2025-12-17T18:27:59.916816,4,16.111307868859395,0.6780534812817773,-1.5196569709168597,541.0,95.0,2.0,808015.0,1.0,962525.0,79212.0
2025-12-17T18:28:00.010025,5,16.120400213317524,0.6609289103812763,-1.511530241431504,916.0,672.0,4.0,419190.0,1.0,477692.0,41866.0
2025-12-17T18:28:00.516317,0,16.12378171499561,0.6038245311055181,-1.509818174858234,535.0,92.0,2.0,486997.0,1.0,881147.0,67448.0
2025-12-17T18:28:00.614484,1,16.12429683975505,0.5927217425335503,-1.5160054225882555,484.0,64.0,1.0,633484.0,1.0,1095000.0,70054.0
2025-12-17T18:28:00.709063,2,16.12449702747704,0.5817453006256788,-1.519061469871112,481.0,62.0,1.0,620539.0,1.0,537584.0,65447.0
2025-12-17T18:28:00.811427,3,16.125239718172615,0.5698582895845803,-1.5131136538072254,473.0,58.0,1.0,869592.0,1.0,786165.0,71806.0
2025-12-17T18:28:00.914113,4,16.126927922506184,0.5569374235452678,-1.5170838865032368,571.0,113.0,2.0,824033.0,1.0,965461.0,76965.0
2025-12-17T18:28:01.014699,5,16.12762093380458,0.5451149884633946,-1.5138691278807734,933.0,733.0,4.0,402778.0,1.0,465404.0,40624.0
2025-12-17T18:28:01.515023,0,16.132148772431954,0.4866769841898986,-1.516847153318061,520.0,83.0,2.0,476562.0,1.0,889236.0,68460.0
2025-12-17T18:28:01.612216,1,16.133258987447256,0.47464860080187066,-1.519328524633124,475.0,59.0,1.0,621590.0,1.0,1105052.0,70649.0
2025-12-17T18:28:01.712659,2,16.13406830096226,0.46282271010558595,-1.5178354168773533,501.0,72.0,2.0,613647.0,1.0,541236.0,64218.0
2025-12-17T18:28:01.809888,3,16.13514269395843,0.4513659018310445,-1.5208019396068666,485.0,64.0,1.0,846077.0,1.0,780068.0,71009.0
2025-12-17T18:28:01.913232,4,16.135510762661895,0.43988590515716197,-1.5177005142622317,544.0,97.0,2.0,825429.0,1.0,986936.0,78971.0
2025-12-17T18:28:02.012534,5,16.135967487195256,0.42853265619578274,-1.5189351748681557,930.0,722.0,4.0,416080.0,1.0,467298.0,40831.0
2025-12-17T18:28:02.513379,0,16.14817419491879,0.36284949455702,-1.5220227584627646,508.0,76.0,2.0,489310.0,1.0,894367.0,69253.0
2025-12-17T18:28:02.611104,1,16.148809813566935,0.3515886999208053,-1.5215505160292169,487.0,65.0,2.0,639516.0,1.0,1114442.0,69817.0
2025-12-17T18:28:02.715038,2,16.14890983793675,0.3401766192736897,-1.5210698020086304,478.0,60.0,1.0,604781.0,1.0,541052.0,65646.0
2025-12-17T18:28:02.812964,3,16.14954144702972,0.3288997119232686,-1.5270194418612852,474.0,59.0,1.0,866068.0,1.0,797960.0,71709.0
2025-12-17T18:28:02.917444,4,16.14948374835379,0.3177587480941746,-1.520100095521187,539.0,94.0,2.0,827107.0,1.0,993976.0,79346.0
2025-12-17T18:28:03.513757,0,16.153594437591575,0.24619982463963197,-1.521070041545434,492.0,68.0,2.0,485187.0,1.0,909323.0,70339.0
2025-12-17T18:28:03.614367,1,16.154543657246876,0.23476902586374493,-1.5191255052862485,476.0,60.0,1.0,629849.0,1.0,1123912.0,70578.0
2025-12-17T18:28:03.716398,2,16.15525771349796,0.22289995318885936,-1.5201007703872822,485.0,64.0,1.0,621170.0,1.0,553836.0,65182.0
2025-12-17T18:28:03.810855,3,16.155814862369382,0.21152197730694944,-1.5215836191007588,487.0,65.0,2.0,859061.0,1.0,803107.0,70817.0
2025-12-17T18:28:03.916077,5,16.156418300317444,0.20031280511988747,-1.5213395071611113,909.0,644.0,3.0,423468.0,1.0,475434.0,42480.0
2025-12-17T18:28:04.517659,0,16.130330428265356,0.12071909625712429,-1.525512155200172,502.0,73.0,2.0,490803.0,1.0,911171.0,69652.0
2025-12-17T18:28:04.613186,1,16.130951140808534,0.10841252634660314,-1.5223037561530552,470.0,56.0,1.0,643641.0,1.0,1119735.0,71009.0
2025-12-17T18:28:04.716054,2,16.131902920491054,0.09639528771653438,-1.5257557176030685,484.0,64.0,1.0,629210.0,1.0,565198.0,65248.0
2025-12-17T18:28:04.811736,3,16.132490511656368,0.08454566911538386,-1.5245136950867886,466.0,55.0,1.0,855000.0,1.0,814329.0,72294.0
2025-12-17T18:28:04.916014,4,16.132728341613298,0.07301251065439907,-1.5289597700059538,534.0,91.0,2.0,835548.0,1.0,983601.0,79723.0
2025-12-17T18:28:05.013601,5,16.132479578055207,0.06201872155338428,-1.525250539246817,898.0,609.0,3.0,423755.0,1.0,483384.0,43307.0
2025-12-17T18:28:05.519244,0,16.134825935340956,0.0031985286133924262,-1.5265025443228555,494.0,69.0,2.0,490803.0,1.0,929234.0,70196.0
2025-12-17T18:28:05.614548,1,16.13574824516657,-0.008781533293383603,-1.52500362158291,461.0,52.0,1.0,636708.0,1.0,1148522.0,71612.0
2025-12-17T18:28:05.708725,2,16.136344721949968,-0.020119330570674165,-1.5269862872861917,508.0,76.0,2.0,618443.0,1.0,572902.0,63785.0
2025-12-17T18:28:05.814132,3,16.137101126497612,-0.03167657602768337,-1.5242609763521362,471.0,57.0,1.0,896488.0,1.0,831598.0,71977.0
2025-12-17T18:28:05.916995,4,16.1374697153985,-0.04351528098657731,-1.5232712727750768,529.0,88.0,2.0,839800.0,1.0,1028193.0,80074.0
2025-12-17T18:28:06.014327,5,16.138356633999262,-0.05501270406915815,-1.5205636230282917,881.0,551.0,3.0,448092.0,1.0,493802.0,44798.0
2025-12-17T18:28:06.513506,0,16.150714419880682,-0.10930418223675531,-1.4454593768457702,486.0,65.0,2.0,487492.0,1.0,945733.0,70769.0
2025-12-17T18:28:06.613376,1,16.163646833857968,-0.11711296614548772,-1.4071867884550504,476.0,59.0,1.0,623909.0,1.0,1132695.0,70625.0
2025-12-17T18:28:06.713439,2,16.1650429781815,-0.12767791747136847,-1.3845996720911125,488.0,65.0,2.0,622854.0,1.0,573290.0,65049.0
2025-12-17T18:28:06.812987,3,16.16777369054901,-0.13903656837523393,-1.3666131586652082,481.0,62.0,1.0,858189.0,1.0,842647.0,71298.0
2025-12-17T18:28:06.917190,4,16.170484217882343,-0.14997363211963588,-1.3512407550351482,518.0,82.0,2.0,856448.0,1.0,1035176.0,81001.0
2025-12-17T18:28:07.012540,5,16.17256680533322,-0.1615327265940696,-1.3294393840539354,850.0,449.0,3.0,456202.0,1.0,516188.0,47871.0
2025-12-17T18:28:07.511411,0,16.188768145966904,-0.21581869720927038,-1.2179252132838752,498.0,71.0,2.0,500532.0,1.0,936813.0,69959.0
2025-12-17T18:28:07.612803,1,16.193253555865535,-0.22748052854479006,-1.195299708400822,486.0,65.0,2.0,643206.0,1.0,1168123.0,69936.0
2025-12-17T18:28:07.714879,2,16.19730667122059,-0.23704411595542751,-1.1750293414171111,488.0,66.0,2.0,629210.0,1.0,586637.0,65049.0
2025-12-17T18:28:07.813811,4,16.20107442817278,-0.24814926299711182,-1.1455376354800717,499.0,71.0,2.0,847797.0,1.0,1029585.0,82467.0
2025-12-17T18:28:07.915357,5,16.20481843433398,-0.2582210374306637,-1.1203949201698027,834.0,397.0,3.0,476239.0,1.0,524288.0,49737.0
2025-12-17T18:28:08.511948,0,16.27497538379452,-0.303938128705072,-0.9765702457441993,500.0,72.0,2.0,496651.0,1.0,958623.0,69817.0
2025-12-17T18:28:08.614623,1,16.28333842805196,-0.3159215183233055,-0.9393979763088004,459.0,51.0,1.0,633698.0,1.0,1175261.0,71782.0
2025-12-17T18:28:08.713067,2,16.287607017820616,-0.32211216890030947,-0.9234398265853194,476.0,59.0,1.0,640165.0,1.0,585843.0,65802.0
2025-12-17T18:28:08.810895,3,16.29486199576945,-0.33147458002753716,-0.9009344816784617,462.0,52.0,1.0,873427.0,1.0,853555.0,72613.0
2025-12-17T18:28:08.916251,4,16.301895565084877,-0.33972433110823275,-0.8838283485619469,505.0,75.0,2.0,861974.0,1.0,1071899.0,81966.0
2025-12-17T18:28:09.013510,5,16.31426602883945,-0.3405805504757886,-0.8287721656956526,820.0,356.0,3.0,497156.0,1.0,533958.0,51362.0
2025-12-17T18:28:09.512611,0,16.35828465967037,-0.37960397935797197,-0.7038613061656295,494.0,69.0,2.0,493969.0,1.0,956355.0,70196.0
2025-12-17T18:28:09.612405,1,16.36727115552291,-0.3864204032515772,-0.6798984927292192,464.0,54.0,1.0,647574.0,1.0,1196128.0,71419.0
2025-12-17T18:28:09.711702,2,16.375977751614528,-0.3940534422545898,-0.6618600449991431,475.0,59.0,1.0,640816.0,1.0,589024.0,65869.0
2025-12-17T18:28:09.813294,3,16.383430814917798,-0.40097060990298594,-0.6375669686448441,469.0,56.0,1.0,879359.0,1.0,864311.0,72123.0
2025-12-17T18:28:09.911887,4,16.390479815342193,-0.4030656135914583,-0.5989850710626037,493.0,68.0,2.0,866068.0,1.0,1058560.0,82943.0
2025-12-17T18:28:10.010996,5,16.39945858849013,-0.40758787403023256,-0.5688069609941597,806.0,315.0,3.0,501890.0,1.0,569808.0,53202.0
2025-12-17T18:28:10.515247,0,16.448841806848403,-0.4349226629220073,-0.46074800021564283,469.0,56.0,1.0,496315.0,1.0,965461.0,71928.0
2025-12-17T18:28:10.612540,1,16.459113055667586,-0.440608842961808,-0.43898838431937515,458.0,51.0,1.0,647136.0,1.0,1193702.0,71855.0
2025-12-17T18:28:10.708052,2,16.469167231073563,-0.44528809298424754,-0.41747393666850835,457.0,50.0,1.0,636493.0,1.0,606626.0,67016.0
2025-12-17T18:28:10.812904,3,16.471188831651112,-0.4309365430725478,-0.37882594095114147,466.0,55.0,1.0,895578.0,1.0,867535.0,72294.0
2025-12-17T18:28:10.911098,4,16.476326173426855,-0.4253674482421701,-0.3452667150789255,504.0,74.0,2.0,867535.0,1.0,1098340.0,82050.0
2025-12-17T18:28:11.012270,5,16.486397634967783,-0.4291053540452481,-0.3230492531032617,791.0,287.0,3.0,517588.0,1.0,574844.0,54607.0
2025-12-17T18:28:11.510805,0,16.540570657599247,-0.44640932432437275,-0.2038258072778753,467.0,55.0,1.0,497156.0,1.0,990282.0,72050.0
2025-12-17T18:28:11.613966,1,16.551094776326643,-0.44888447619165106,-0.184123607729286,441.0,42.0,1.0,653740.0,1.0,1179246.0,73057.0
2025-12-17T18:28:11.714351,2,16.5626601840767,-0.45056349208463153,-0.16816767373452451,439.0,42.0,1.0,635201.0,1.0,610953.0,68160.0
2025-12-17T18:28:11.809097,3,16.563961099864677,-0.44790098183352534,-0.13536686905470438,456.0,49.0,1.0,907785.0,1.0,894367.0,73057.0
2025-12-17T18:28:11.911757,4,16.558229670807396,-0.4444540908860173,-0.09279714885299226,501.0,73.0,2.0,896185.0,1.0,1102437.0,82272.0
2025-12-17T18:28:12.016270,5,16.57338993698927,-0.446247320872704,-0.06158175112690995,763.0,260.0,3.0,513574.0,1.0,580711.0,56049.0
2025-12-17T18:28:12.515330,0,16.62698032955274,-0.4463631551776164,0.04194598181315348,477.0,60.0,1.0,505127.0,1.0,985267.0,71370.0
2025-12-17T18:28:12.616370,1,16.64306828289892,-0.4452139290086681,0.07514940958304529,447.0,45.0,1.0,664448.0,1.0,1200590.0,72613.0
2025-12-17T18:28:12.714291,2,16.647399381869334,-0.43938308047919605,0.0958128857565352,478.0,60.0,1.0,655513.0,1.0,616562.0,65691.0
2025-12-17T18:28:12.811023,3,16.653833638006404,-0.4286929509817998,0.12886282794529713,448.0,46.0,1.0,877278.0,1.0,888333.0,73603.0
2025-12-17T18:28:12.914635,4,16.664726889845774,-0.42701167854080246,0.1496376918094101,475.0,59.0,1.0,882938.0,1.0,1103931.0,84416.0
2025-12-17T18:28:13.010977,5,16.67608935802386,-0.4251489057336091,0.17718607210628218,742.0,241.0,3.0,531254.0,1.0,597862.0,57160.0
2025-12-17T18:28:13.513257,0,16.729782959010613,-0.4109973914510512,0.28405999088917616,478.0,61.0,1.0,499855.0,1.0,990282.0,71298.0
2025-12-17T18:28:13.612019,1,16.741872430136496,-0.40357011032024737,0.3129171207573359,452.0,48.0,1.0,670547.0,1.0,1240239.0,72294.0
2025-12-17T18:28:13.710538,2,16.754581957282646,-0.3885026109875671,0.347896968368552,460.0,52.0,1.0,643423.0,1.0,622854.0,66812.0
2025-12-17T18:28:13.813429,3,16.765004980903036,-0.3854371730697288,0.377533094997322,453.0,48.0,1.0,891345.0,1.0,895578.0,73255.0
2025-12-17T18:28:13.912893,4,16.77447667246322,-0.383145960082544,0.4103268850066834,482.0,63.0,1.0,905944.0,1.0,1153586.0,83846.0
2025-12-17T18:28:14.014647,5,16.785138306516163,-0.37888068653726137,0.43138211882210964,717.0,219.0,2.0,545835.0,1.0,617606.0,58531.0
2025-12-17T18:28:14.513035,0,16.837099297151127,-0.34635238988549766,0.5311778980964483,459.0,51.0,1.0,500871.0,1.0,1011966.0,72638.0
2025-12-17T18:28:14.611061,1,16.84812262528888,-0.33467763208980195,0.5615400481001486,451.0,47.0,1.0,669413.0,1.0,1238981.0,72343.0
2025-12-17T18:28:14.714869,3,16.857311122777308,-0.3289130998581644,0.5786679879775802,448.0,46.0,1.0,894972.0,1.0,920470.0,73603.0
2025-12-17T18:28:14.813483,4,16.866063495096824,-0.321924611923869,0.5966593442006859,493.0,68.0,2.0,901356.0,1.0,1152806.0,82943.0
2025-12-17T18:28:14.913716,5,16.875464010570173,-0.31592822151269573,0.6134735888217234,682.0,191.0,2.0,545835.0,1.0,632413.0,60464.0
2025-12-17T18:28:15.514776,0,16.896923361939436,-0.26109047602034074,0.7600165694290199,468.0,56.0,1.0,509592.0,1.0,1017117.0,72001.0
2025-12-17T18:28:15.614113,1,16.903057186785013,-0.2526480454469979,0.7798968827525956,444.0,44.0,1.0,673276.0,1.0,1244023.0,72834.0
2025-12-17T18:28:15.709039,2,16.910963460264146,-0.24422811265985978,0.802843359727261,458.0,51.0,1.0,651311.0,1.0,621170.0,66948.0
2025-12-17T18:28:15.810733,3,16.918966428886527,-0.2358237497554363,0.8255769219429782,434.0,39.0,1.0,905331.0,1.0,924842.0,74606.0
2025-12-17T18:28:15.917044,4,16.927117916388237,-0.22695750111902235,0.8481384908377877,466.0,55.0,1.0,905944.0,1.0,1170102.0,85133.0
2025-12-17T18:28:16.013651,5,16.93297158437621,-0.21798884932948326,0.870130967043667,652.0,168.0,2.0,566731.0,1.0,654183.0,62228.0
2025-12-17T18:28:16.610682,2,16.952991253310817,-0.14444457190761106,1.0203860241985006,454.0,49.0,1.0,655291.0,1.0,643859.0,67198.0
2025-12-17T18:28:16.713435,3,16.958924027256153,-0.13558056033463295,1.0457188653240779,429.0,37.0,1.0,908400.0,1.0,946373.0,74960.0
2025-12-17T18:28:16.811081,4,16.964141716267175,-0.125953862665801,1.066658377124019,476.0,60.0,1.0,938082.0,1.0,1166938.0,84302.0
2025-12-17T18:28:16.914456,5,16.969085312442303,-0.1153434297405802,1.090236718208269,647.0,165.0,2.0,561575.0,1.0,665123.0,62481.0
2025-12-17T18:28:17.516602,0,16.996291463497343,-0.026353763341582237,1.2166272277137629,455.0,49.0,1.0,497324.0,1.0,1042207.0,72908.0
2025-12-17T18:28:17.611194,1,16.998809748923943,-0.01588170948535783,1.240608416951161,448.0,46.0,1.0,649770.0,1.0,1240239.0,72588.0
2025-12-17T18:28:17.718728,2,17.00161914604787,-0.005198817068681194,1.2636681270043124,461.0,52.0,1.0,647794.0,1.0,644295.0,66744.0
2025-12-17T18:28:17.811926,3,17.005285007985638,0.0061536901056093996,1.2826711555923498,450.0,47.0,1.0,899832.0,1.0,955708.0,73478.0
2025-12-17T18:28:17.913647,4,17.009132329615316,0.017494117177259128,1.3007151427017265,441.0,42.0,1.0,909015.0,1.0,1184847.0,87263.0
2025-12-17T18:28:18.015067,5,17.01159981475924,0.028175352912539253,1.325447115248225,632.0,154.0,2.0,574844.0,1.0,677390.0,63419.0
2025-12-17T18:28:18.513202,0,17.022875341586946,0.10447742377415636,1.4391854234226622,470.0,56.0,1.0,505983.0,1.0,1036578.0,71879.0
2025-12-17T18:28:18.613376,1,17.025719751223075,0.11698414239086752,1.4495434154800393,445.0,44.0,1.0,686159.0,1.0,1245287.0,72810.0
2025-12-17T18:28:18.712895,2,17.027316950459426,0.1282589278948052,1.4527607529290527,437.0,41.0,1.0,658403.0,1.0,656401.0,68321.0
2025-12-17T18:28:18.812596,3,17.02887149847021,0.13862156727859087,1.453994206867798,447.0,45.0,1.0,932385.0,1.0,961223.0,73702.0
2025-12-17T18:28:18.912409,4,17.031356055289343,0.1495265208043559,1.4537442043319433,473.0,58.0,1.0,927663.0,1.0,1212432.0,84616.0
2025-12-17T18:28:19.015077,5,17.032795696103356,0.1606089884398898,1.4534771610454431,610.0,139.0,2.0,590621.0,1.0,691755.0,64742.0
2025-12-17T18:28:19.512359,0,17.069894765304376,0.24653738093357624,1.4545971013866963,455.0,49.0,1.0,499348.0,1.0,1046448.0,72908.0
2025-12-17T18:28:19.612266,1,17.07210187392986,0.25775670634489956,1.4598088880622035,433.0,39.0,1.0,683609.0,1.0,1281632.0,73628.0
2025-12-17T18:28:19.716888,2,17.072844875920282,0.2690274356123208,1.471118196522445,445.0,44.0,1.0,646261.0,1.0,659965.0,67837.0
2025-12-17T18:28:19.812256,3,17.07325739164414,0.2808031098540891,1.4852272072365762,447.0,45.0,1.0,919536.0,1.0,975974.0,73702.0
2025-12-17T18:28:19.913812,4,17.074081188864486,0.2920934542078193,1.5102771802601809,455.0,49.0,1.0,923903.0,1.0,1226879.0,86060.0
2025-12-17T18:28:20.013818,5,17.074577135254295,0.30296231369359106,1.5289599935380584,587.0,124.0,2.0,586041.0,1.0,707860.0,66160.0
2025-12-17T18:28:20.513611,0,17.074291362048697,0.3606218403204675,1.5611827566028769,465.0,54.0,1.0,503250.0,1.0,1047866.0,72221.0
2025-12-17T18:28:20.610829,1,17.074269322644426,0.37217659587062535,1.5584886122411223,440.0,42.0,1.0,677390.0,1.0,1263970.0,73131.0
2025-12-17T18:28:20.710683,2,17.07430774799554,0.38327173846702856,1.5604586264518785,451.0,47.0,1.0,659295.0,1.0,665348.0,67448.0
2025-12-17T18:28:20.814616,3,17.074520050698602,0.39527333912368867,1.5604722075130832,441.0,42.0,1.0,911171.0,1.0,974324.0,74128.0
2025-12-17T18:28:20.918526,4,17.0739820186396,0.40682226137816535,1.5599645641528346,462.0,52.0,1.0,924216.0,1.0,1258847.0,85509.0
2025-12-17T18:28:21.014048,5,17.074714995564594,0.419076287827874,1.563169058249128,563.0,108.0,2.0,613232.0,1.0,731484.0,67700.0
2025-12-17T18:28:21.514873,0,17.075469413486914,0.47731483260004026,1.5604744498675034,467.0,55.0,1.0,506325.0,1.0,1059276.0,72123.0
2025-12-17T18:28:21.609896,1,17.07059917787682,0.4936714513458096,1.560703397403807,430.0,37.0,1.0,671683.0,1.0,1276437.0,73902.0
2025-12-17T18:28:21.712902,2,17.054270503132386,0.5216159936352476,1.5762984752316946,460.0,51.0,1.0,663324.0,1.0,666249.0,66880.0
2025-12-17T18:28:21.809253,3,17.0525157956727,0.5346200119761217,1.5750002064293733,444.0,44.0,1.0,916739.0,1.0,996670.0,73927.0
2025-12-17T18:28:21.912237,4,17.053133122909834,0.5456165782090938,1.5764828892719298,453.0,48.0,1.0,954092.0,1.0,1255018.0,86264.0
2025-12-17T18:28:22.013320,5,17.05306229778192,0.5568862670834704,1.5759900278336394,569.0,112.0,2.0,599888.0,1.0,742208.0,67357.0
2025-12-17T18:28:22.512550,0,17.051301981179872,0.6155782300262054,1.5806854952338933,445.0,44.0,1.0,498841.0,1.0,1070087.0,73653.0
2025-12-17T18:28:22.613210,1,17.050430811690962,0.6270947645660012,1.5811693155974116,440.0,42.0,1.0,675787.0,1.0,1282934.0,73156.0
2025-12-17T18:28:22.714018,2,17.050784545438802,0.6387505679559915,1.5816447010735977,461.0,52.0,1.0,652635.0,1.0,679917.0,66812.0
2025-12-17T18:28:22.814549,3,17.050168169704346,0.6504804110097115,1.5803235318204356,457.0,50.0,1.0,916429.0,1.0,998021.0,73007.0
2025-12-17T18:28:22.910672,4,17.05028083350904,0.6621946319400909,1.582087198541242,453.0,48.0,1.0,937447.0,1.0,1259699.0,86264.0
2025-12-17T18:28:23.016019,5,17.049631974991364,0.6737643547710928,1.5803562713336459,567.0,111.0,2.0,606010.0,1.0,753598.0,67448.0
2025-12-17T18:28:23.512779,0,17.050188800807955,0.7316899379690049,1.581581135909955,461.0,52.0,1.0,507355.0,1.0,1065028.0,72490.0
2025-12-17T18:28:23.616254,1,17.050209525237648,0.7436178351127776,1.5793682980388988,461.0,52.0,1.0,690585.0,1.0,1311026.0,71685.0
2025-12-17T18:28:23.716044,2,17.05066427165331,0.755698106021752,1.5818322538235645,464.0,53.0,1.0,667377.0,1.0,678308.0,66609.0
2025-12-17T18:28:23.810888,3,17.050355558862815,0.7693475397165628,1.581509717681479,441.0,42.0,1.0,940307.0,1.0,1003780.0,74153.0
2025-12-17T18:28:23.917835,4,17.049319912457417,0.7875132979876227,1.5946280966558875,463.0,53.0,1.0,940626.0,1.0,1287719.0,85393.0
2025-12-17T18:28:24.015737,5,17.04904317851407,0.7989766264613092,1.5938238193944692,569.0,112.0,2.0,617815.0,1.0,753598.0,67357.0
2025-12-17T18:28:24.515249,0,17.04837495791679,0.8011120272753178,1.5935803176939374,472.0,57.0,1.0,497998.0,1.0,1069001.0,71782.0
2025-12-17T18:28:24.613577,1,17.04837495791679,0.8011120272753178,1.5935803176939374,440.0,42.0,1.0,660859.0,1.0,1301301.0,73205.0
2025-12-17T18:28:24.713334,2,17.04837495791679,0.8011120272753178,1.5935803176939374,476.0,59.0,1.0,659295.0,1.0,695511.0,65847.0
2025-12-17T18:28:24.815080,3,17.04837495791679,0.8011120272753178,1.5935803176939374,458.0,50.0,1.0,917360.0,1.0,993976.0,72958.0
2025-12-17T18:28:24.915289,4,17.04837495791679,0.8011120272753178,1.5935803176939374,476.0,60.0,1.0,949261.0,1.0,1274710.0,84359.0
2025-12-17T18:28:25.013061,5,17.04837495791679,0.8011120272753178,1.5935803176939374,544.0,97.0,2.0,614063.0,1.0,780597.0,68972.0
2025-12-17T18:28:25.513320,0,17.04837495791679,0.8011120272753178,1.5935803176939374,454.0,48.0,1.0,504103.0,1.0,1090562.0,73032.0
2025-12-17T18:28:25.612887,1,17.04837495791679,0.8011120272753178,1.5935803176939374,448.0,46.0,1.0,681530.0,1.0,1309253.0,72588.0
2025-12-17T18:28:25.709486,2,17.04837495791679,0.8011120272753178,1.5935803176939374,487.0,65.0,2.0,665123.0,1.0,687321.0,65160.0
2025-12-17T18:28:25.813090,3,17.04837495791679,0.8011120272753178,1.5935803176939374,461.0,52.0,1.0,907171.0,1.0,1006160.0,72736.0
2025-12-17T18:28:25.915868,4,17.04837495791679,0.8011120272753178,1.5935803176939374,482.0,63.0,1.0,939671.0,1.0,1308809.0,83846.0
2025-12-17T18:28:26.516824,0,17.04837495791679,0.8011120272753178,1.5935803176939374,453.0,48.0,1.0,507183.0,1.0,1080276.0,73057.0
2025-12-17T18:28:26.612109,1,17.04837495791679,0.8011120272753178,1.5935803176939374,448.0,46.0,1.0,677849.0,1.0,1314581.0,72638.0
2025-12-17T18:28:26.715604,2,17.04837495791679,0.8011120272753178,1.5935803176939374,485.0,64.0,1.0,662427.0,1.0,703561.0,65292.0
2025-12-17T18:28:26.810144,3,17.04837495791679,0.8011120272753178,1.5935803176939374,464.0,54.0,1.0,948618.0,1.0,1020565.0,72490.0
2025-12-17T18:28:26.915460,4,17.04837495791679,0.8011120272753178,1.5935803176939374,486.0,65.0,2.0,964481.0,1.0,1295149.0,83535.0
2025-12-17T18:28:27.012473,5,17.04837495791679,0.8011120272753178,1.5935803176939374,555.0,103.0,2.0,630276.0,1.0,797150.0,68229.0
2025-12-17T18:28:27.512654,0,17.048317494073725,0.8015400986249279,1.5938280922328758,464.0,54.0,1.0,505983.0,1.0,1111052.0,72294.0
2025-12-17T18:28:27.612905,1,17.050079081345498,0.8100144962064721,1.5901289038180562,455.0,49.0,1.0,662427.0,1.0,1313691.0,72123.0
2025-12-17T18:28:27.711229,2,17.051092978967425,0.8208178072967449,1.5941403598814277,502.0,73.0,2.0,652193.0,1.0,703085.0,64240.0
2025-12-17T18:28:27.811265,3,17.050707830699622,0.8339023916263493,1.5907001434749322,466.0,55.0,1.0,903494.0,1.0,1015397.0,72368.0
2025-12-17T18:28:27.912261,4,17.049435099447017,0.8485756887855853,1.5966467926192625,493.0,69.0,2.0,944134.0,1.0,1293835.0,82971.0
2025-12-17T18:28:28.013134,5,17.048154502083715,0.8616840285531495,1.594199934193141,533.0,90.0,2.0,645823.0,1.0,800936.0,69699.0
2025-12-17T18:28:28.517089,0,17.046193873951086,0.9188126400268111,1.5978844230916676,461.0,52.0,1.0,508903.0,1.0,1102437.0,72539.0
2025-12-17T18:28:28.611910,1,17.045658950297693,0.9312722697849267,1.5973772518224454,477.0,60.0,1.0,683146.0,1.0,1299980.0,70625.0
2025-12-17T18:28:28.712890,2,17.045232830026897,0.9422396355342126,1.5981335739658296,493.0,68.0,2.0,662427.0,1.0,705707.0,64786.0
2025-12-17T18:28:28.813657,3,17.04527072049417,0.9540594261501703,1.6010895277897694,478.0,61.0,1.0,913642.0,1.0,1029585.0,71564.0
2025-12-17T18:28:28.914638,4,17.044377217924392,0.9654500450673638,1.5961518822594232,490.0,67.0,2.0,957975.0,1.0,1325751.0,83281.0
2025-12-17T18:28:29.015118,5,17.044646506869057,0.9770258904525857,1.5981073452022958,536.0,92.0,2.0,633913.0,1.0,809932.0,69464.0
2025-12-17T18:28:29.515863,0,17.044982773273244,1.0394877526636428,1.600718459856976,455.0,49.0,1.0,500871.0,1.0,1100573.0,72933.0
2025-12-17T18:28:29.614590,1,17.049481286428872,1.0612609307228205,1.6130815338985083,475.0,59.0,1.0,679917.0,1.0,1313247.0,70793.0
2025-12-17T18:28:29.714242,2,17.049718418734592,1.0722989136604522,1.6157885388609503,486.0,64.0,1.0,664223.0,1.0,722871.0,65248.0
2025-12-17T18:28:29.811805,3,17.049233069864115,1.0839489586739042,1.6150280087075521,478.0,60.0,1.0,914260.0,1.0,1039037.0,71588.0
2025-12-17T18:28:29.913128,4,17.048348084941797,1.0944306690939243,1.6127712684468893,506.0,75.0,2.0,968734.0,1.0,1304387.0,81966.0
2025-12-17T18:28:30.011163,5,17.048421977742045,1.1064429987007927,1.613756221215005,542.0,96.0,2.0,644077.0,1.0,834135.0,69065.0
2025-12-17T18:28:30.516447,0,17.04522407537593,1.1689063134446798,1.6152106116284481,467.0,55.0,1.0,507183.0,1.0,1117842.0,72099.0
2025-12-17T18:28:30.613941,1,17.044613414306315,1.176324827003791,1.6147258905793243,482.0,63.0,1.0,679457.0,1.0,1307481.0,70268.0
2025-12-17T18:28:30.717418,2,17.04469622384512,1.1872223910692625,1.6166910506092729,496.0,70.0,2.0,666249.0,1.0,709059.0,64589.0
2025-12-17T18:28:30.813449,4,17.043628254918165,1.1991666679494077,1.6139665460902506,483.0,63.0,1.0,971032.0,1.0,1352490.0,83790.0
2025-12-17T18:28:30.911904,5,17.043321589525778,1.2106233708064753,1.6149621414520243,521.0,83.0,2.0,628997.0,1.0,839800.0,70530.0
2025-12-17T18:28:31.513630,0,17.040750325813278,1.2807975138711498,1.610961143462741,475.0,59.0,1.0,503421.0,1.0,1121252.0,71588.0
2025-12-17T18:28:31.615290,1,17.04019815832757,1.2924441273215876,1.609474105676395,476.0,59.0,1.0,671228.0,1.0,1324854.0,70721.0
2025-12-17T18:28:31.713942,2,17.04027366664548,1.304334664367392,1.6092104651822035,500.0,72.0,2.0,660859.0,1.0,731484.0,64370.0
2025-12-17T18:28:31.818928,3,17.04497200557978,1.3189847333213578,1.6142305062471232,484.0,64.0,1.0,909630.0,1.0,1033076.0,71153.0
2025-12-17T18:28:31.915246,4,17.054921686756934,1.3255381164378264,1.6214375034784856,474.0,59.0,1.0,973665.0,1.0,1345186.0,84530.0
2025-12-17T18:28:32.013411,5,17.056484618950098,1.3367531317857875,1.6208631156857496,532.0,90.0,2.0,656623.0,1.0,848658.0,69770.0
2025-12-17T18:28:32.513710,0,17.054152008135624,1.3941760395436749,1.6233567502799355,479.0,61.0,1.0,498166.0,1.0,1120493.0,71298.0
2025-12-17T18:28:32.612180,1,17.054106464861583,1.4057438315486568,1.6228522571489206,490.0,67.0,2.0,676932.0,1.0,1319931.0,69747.0
2025-12-17T18:28:32.713074,2,17.05348484194671,1.4175251697175622,1.6238381961826804,512.0,78.0,2.0,657958.0,1.0,731732.0,63634.0
2025-12-17T18:28:32.812875,3,17.052308525564918,1.4290656962699622,1.6233073366961053,464.0,54.0,1.0,934280.0,1.0,1055340.0,72539.0
2025-12-17T18:28:32.913471,4,17.052035256284885,1.4409417118673193,1.615606006865648,478.0,60.0,1.0,955708.0,1.0,1342457.0,84245.0
2025-12-17T18:28:33.014626,5,17.051010678401237,1.452096927472267,1.6013240497683296,522.0,84.0,2.0,629849.0,1.0,853844.0,70458.0
2025-12-17T18:28:33.512935,0,17.054410362444635,1.5077456698596574,1.4853814320322059,474.0,58.0,1.0,506325.0,1.0,1128485.0,71661.0
2025-12-17T18:28:33.611881,1,17.056245235194844,1.5189899360974835,1.4608879016242087,483.0,63.0,1.0,682684.0,1.0,1315471.0,70244.0
2025-12-17T18:28:33.710815,2,17.056804630923132,1.5298980666320467,1.4403615940478836,519.0,83.0,2.0,674645.0,1.0,736951.0,63183.0
2025-12-17T18:28:33.811709,3,17.057982915130687,1.5409217681723995,1.42380327669694,485.0,64.0,1.0,918913.0,1.0,1037631.0,71081.0
2025-12-17T18:28:33.913420,5,17.059504703474833,1.552532983955512,1.3986168031035386,528.0,88.0,2.0,654404.0,1.0,881147.0,70030.0
2025-12-17T18:28:34.514261,0,17.066053268776574,1.6098669642605294,1.2739855358465615,481.0,62.0,1.0,501380.0,1.0,1135381.0,71177.0
2025-12-17T18:28:34.610167,1,17.06816356399829,1.6212603518302728,1.2529233420622221,486.0,65.0,2.0,683146.0,1.0,1358454.0,70054.0
2025-12-17T18:28:34.715299,3,17.072574762165893,1.6317969489884927,1.2298646785836138,486.0,65.0,2.0,939671.0,1.0,1057485.0,71009.0
2025-12-17T18:28:34.811996,4,17.07684889218651,1.6425523788040213,1.203402141010943,475.0,59.0,1.0,977958.0,1.0,1359374.0,84473.0
2025-12-17T18:28:34.915418,5,17.080777271885623,1.6530680262886754,1.1836384530914696,518.0,82.0,2.0,658849.0,1.0,881445.0,70721.0
2025-12-17T18:28:35.611544,2,17.1189963335986,1.7063027153528463,1.0363234261134295,496.0,70.0,2.0,664672.0,1.0,750544.0,64611.0
2025-12-17T18:28:35.709997,3,17.12464802482711,1.715343140751708,1.016101618939296,476.0,60.0,1.0,920470.0,1.0,1069725.0,71685.0
2025-12-17T18:28:35.814635,4,17.130444813210687,1.7247589661097322,0.9972945180804026,481.0,62.0,1.0,970047.0,1.0,1363521.0,83960.0
2025-12-17T18:28:35.913567,5,17.13683510628195,1.7342051143917363,0.9727703890331154,506.0,75.0,2.0,664672.0,1.0,907785.0,71540.0
2025-12-17T18:28:36.512882,0,17.1634543786323,1.7819633301786642,0.8381823357975597,488.0,65.0,2.0,503762.0,1.0,1123151.0,70721.0
2025-12-17T18:28:36.612301,1,17.170470512915802,1.7906534247172115,0.8184597056286161,490.0,67.0,2.0,679917.0,1.0,1328446.0,69747.0
2025-12-17T18:28:36.711913,2,17.178452201604188,1.7990172772842588,0.7974204323901316,491.0,67.0,2.0,677620.0,1.0,747755.0,64917.0
2025-12-17T18:28:36.808658,3,17.18642382048227,1.8064412973071189,0.7705330725392705,473.0,58.0,1.0,938400.0,1.0,1067916.0,71904.0
2025-12-17T18:28:36.912836,4,17.19427626808593,1.8097119436831903,0.7438999080866051,477.0,60.0,1.0,993639.0,1.0,1381171.0,84330.0
2025-12-17T18:28:37.012853,5,17.202346986143905,1.8125652882700862,0.7196752352596324,510.0,77.0,2.0,672365.0,1.0,930808.0,71274.0
2025-12-17T18:28:37.512399,0,17.24648181210342,1.846547125204049,0.6077335679723401,492.0,68.0,2.0,501211.0,1.0,1130397.0,70411.0
2025-12-17T18:28:37.611275,1,17.255826622851163,1.8525262762496961,0.5817592298600336,483.0,63.0,1.0,677849.0,1.0,1357995.0,70244.0
2025-12-17T18:28:37.712277,2,17.265158796790118,1.858144828797819,0.5558203653902531,474.0,59.0,1.0,674873.0,1.0,751561.0,66003.0
2025-12-17T18:28:37.812392,3,17.268378678052454,1.8620336566035434,0.5363211463804468,474.0,58.0,1.0,952479.0,1.0,1086877.0,71879.0
2025-12-17T18:28:37.916842,4,17.270062276178425,1.8645001047524534,0.5105926048831845,481.0,62.0,1.0,990282.0,1.0,1393850.0,83960.0
2025-12-17T18:28:38.012507,5,17.27947933451218,1.8697083978794886,0.4793260370208973,508.0,76.0,2.0,655513.0,1.0,932385.0,71419.0
2025-12-17T18:28:38.515721,0,17.330930538468497,1.8927106427490266,0.3665168876642171,493.0,68.0,2.0,496988.0,1.0,1133078.0,70387.0
2025-12-17T18:28:38.613907,1,17.34129162090239,1.8969537500556335,0.3464896624395313,499.0,72.0,2.0,681760.0,1.0,1378369.0,69159.0
2025-12-17T18:28:38.711132,2,17.337150836521996,1.9010373805660148,0.32592662193203803,496.0,70.0,2.0,668508.0,1.0,758974.0,64611.0
2025-12-17T18:28:38.810660,3,17.32674522946305,1.9038758309278894,0.2972003226886931,478.0,60.0,1.0,923590.0,1.0,1083205.0,71612.0
2025-12-17T18:28:38.913005,4,17.337602133291153,1.907152549950288,0.2703253501953324,460.0,51.0,1.0,982936.0,1.0,1398102.0,85740.0
2025-12-17T18:28:39.016513,5,17.34850338682787,1.9094902712370132,0.2500598962167108,494.0,69.0,2.0,672593.0,1.0,943495.0,72392.0
2025-12-17T18:28:39.513956,0,17.4029354029397,1.9212778359237994,0.14095616221715568,491.0,68.0,2.0,503250.0,1.0,1140388.0,70458.0
2025-12-17T18:28:39.613644,1,17.407194068410284,1.9251423184810523,0.12141297958445683,493.0,68.0,2.0,683146.0,1.0,1352490.0,69581.0
2025-12-17T18:28:39.713787,2,17.40733260673051,1.9287819266413013,0.10153532570643604,517.0,82.0,2.0,677390.0,1.0,757178.0,63312.0
2025-12-17T18:28:39.812032,3,17.418880423624877,1.9296721380787734,0.07687998065047308,490.0,67.0,2.0,937765.0,1.0,1076261.0,70793.0
2025-12-17T18:28:39.913574,4,17.430644168078913,1.931274789298815,0.05899927840793884,462.0,52.0,1.0,994649.0,1.0,1427750.0,85566.0
2025-12-17T18:28:40.015230,5,17.4422254301758,1.9314795247926053,0.032374564837256335,503.0,73.0,2.0,679457.0,1.0,963829.0,71782.0
2025-12-17T18:28:40.515172,0,17.499953057213695,1.9302979049288158,-0.0783655982715605,484.0,64.0,1.0,503932.0,1.0,1158673.0,70985.0
2025-12-17T18:28:40.612529,1,17.514122674434677,1.9302369597161686,-0.08560032785222242,507.0,76.0,2.0,677849.0,1.0,1369534.0,68646.0
2025-12-17T18:28:40.709683,2,17.52505189361812,1.9297429350034871,-0.1074691232325081,523.0,85.0,2.0,666926.0,1.0,760259.0,62970.0
2025-12-17T18:28:40.812317,3,17.53588851466546,1.9273560298207588,-0.12919723722120702,510.0,77.0,2.0,931754.0,1.0,1073715.0,69440.0
2025-12-17T18:28:40.919782,4,17.54653368907271,1.924479583969374,-0.15575395151994914,487.0,65.0,2.0,998021.0,1.0,1416200.0,83563.0
2025-12-17T18:28:41.011582,5,17.557312341492633,1.92250464037045,-0.17805804164355424,501.0,73.0,2.0,668960.0,1.0,967424.0,71879.0
2025-12-17T18:28:41.516413,0,17.609833194908163,1.9113423885216978,-0.27583853214480425,475.0,59.0,1.0,501380.0,1.0,1155149.0,71564.0
2025-12-17T18:28:41.613027,1,17.62079903136295,1.9082414590415304,-0.3024766866759209,540.0,94.0,2.0,666249.0,1.0,1318591.0,66541.0
2025-12-17T18:28:41.714718,2,17.630539579325387,1.9041096064133285,-0.32666936286148357,550.0,101.0,2.0,668282.0,1.0,761805.0,61350.0
2025-12-17T18:28:41.810389,3,17.641630306468404,1.9007915619468267,-0.3506552459816995,534.0,91.0,2.0,907171.0,1.0,1065749.0,67837.0
2025-12-17T18:28:41.913556,4,17.653269458884168,1.8969759326351898,-0.36705904060737393,495.0,70.0,2.0,992967.0,1.0,1425336.0,82859.0
2025-12-17T18:28:42.013682,5,17.663295342150516,1.893120147115054,-0.3947177286087643,499.0,71.0,2.0,689418.0,1.0,998021.0,72050.0
2025-12-17T18:28:42.514107,0,17.698744709017163,1.8689312771928268,-0.5035983611950225,515.0,80.0,2.0,498504.0,1.0,1137304.0,68902.0
2025-12-17T18:28:42.613329,1,17.70660181845229,1.8630377031079348,-0.5275400218172046,566.0,110.0,2.0,654626.0,1.0,1346553.0,64851.0
2025-12-17T18:28:42.713228,2,17.71738006771376,1.8566407499522768,-0.5502310255261191,592.0,126.0,2.0,659965.0,1.0,762320.0,58968.0
2025-12-17T18:28:42.815271,3,17.730496469716655,1.8488276750615604,-0.5705421047744421,585.0,122.0,2.0,931123.0,1.0,1044325.0,64632.0
2025-12-17T18:28:42.918698,4,17.737575359285678,1.8450329594985124,-0.5883615070965754,507.0,76.0,2.0,976966.0,1.0,1396684.0,81911.0
2025-12-17T18:28:43.015297,5,17.747268060941543,1.839087490761992,-0.6127960610646159,503.0,73.0,2.0,667152.0,1.0,993303.0,71782.0
2025-12-17T18:28:43.513223,0,17.80132995853161,1.8140776739163496,-0.7023105836241743,528.0,88.0,2.0,491800.0,1.0,1128104.0,68044.0
2025-12-17T18:28:43.614048,1,17.810068726018866,1.8066249573816702,-0.7283069165531383,617.0,144.0,2.0,624543.0,1.0,1289463.0,61788.0
2025-12-17T18:28:43.712529,2,17.817625281578003,1.7983136276177802,-0.749805925620119,628.0,151.0,2.0,655957.0,1.0,744472.0,56948.0
2025-12-17T18:28:43.810745,3,17.825010524051972,1.7900781247006101,-0.7743413812414635,628.0,151.0,2.0,878467.0,1.0,1011281.0,62039.0
2025-12-17T18:28:43.916550,4,17.833902522673164,1.7823401589355665,-0.7950434915199502,550.0,100.0,2.0,955708.0,1.0,1414762.0,78651.0
2025-12-17T18:28:44.015067,5,17.84233429592527,1.7745947704138878,-0.8158582509921437,488.0,65.0,2.0,664223.0,1.0,996670.0,72834.0
2025-12-17T18:28:44.510967,0,17.877065925029086,1.7340098899465826,-0.9183621903360721,574.0,115.0,2.0,486174.0,1.0,1111052.0,65093.0
2025-12-17T18:28:44.610936,1,17.883833994996078,1.7246895182397939,-0.9415916028015068,650.0,167.0,2.0,640816.0,1.0,1286412.0,59873.0
2025-12-17T18:28:44.713067,2,17.89084157650987,1.7159010234020933,-0.95934632196175,653.0,169.0,2.0,657513.0,1.0,739700.0,55633.0
2025-12-17T18:28:44.815508,3,17.897316287056764,1.707011339063948,-0.9856773262919742,641.0,160.0,2.0,877575.0,1.0,1014367.0,61288.0
2025-12-17T18:28:44.914509,4,17.902801710123327,1.6976757187687603,-1.013528850529377,586.0,123.0,2.0,948618.0,1.0,1378369.0,75982.0
2025-12-17T18:28:45.011607,5,17.91249444006328,1.6854495032940289,-1.0372939586529764,515.0,80.0,2.0,672821.0,1.0,1014367.0,70913.0
2025-12-17T18:28:45.511302,0,17.96836060894017,1.619592874771394,-1.1294298060982195,593.0,127.0,2.0,477207.0,1.0,1112558.0,63958.0
2025-12-17T18:28:45.612276,1,17.97246419742646,1.609591429264821,-1.1545435186151811,678.0,188.0,2.0,631557.0,1.0,1276005.0,58353.0
2025-12-17T18:28:45.708426,2,17.97622923612405,1.5990638297970214,-1.1809372373540883,673.0,184.0,2.0,642336.0,1.0,745481.0,54589.0
2025-12-17T18:28:45.814314,3,17.979732412331263,1.5883874564651368,-1.205501675924868,657.0,172.0,2.0,880550.0,1.0,993639.0,60361.0
2025-12-17T18:28:45.915482,4,17.986846442345534,1.5771199222212164,-1.223772178598977,593.0,127.0,2.0,932385.0,1.0,1323957.0,75495.0
2025-12-17T18:28:46.015237,5,18.006194638094257,1.5612119868110224,-1.2371798027375311,510.0,78.0,2.0,667152.0,1.0,1014710.0,71274.0
2025-12-17T18:28:46.514172,0,18.023117279007423,1.5046862945540038,-1.35523969764781,587.0,124.0,2.0,478177.0,1.0,1115952.0,64283.0
2025-12-17T18:28:46.613997,1,18.025409422693343,1.4933656037723928,-1.3765483836873247,689.0,197.0,2.0,625600.0,1.0,1263115.0,57704.0
2025-12-17T18:28:46.711510,2,18.02751709507327,1.4827600094490592,-1.380757137426872,701.0,206.0,2.0,636493.0,1.0,736204.0,53166.0
2025-12-17T18:28:46.810081,3,18.029891264621412,1.4713137667869756,-1.3861873318792834,671.0,183.0,2.0,860225.0,1.0,981938.0,59550.0
2025-12-17T18:28:46.910901,4,18.03224314266067,1.4599099166098544,-1.3893864462109031,599.0,131.0,2.0,926095.0,1.0,1359834.0,75036.0
2025-12-17T18:28:47.014296,5,18.050768215607036,1.435235527133024,-1.390447605342761,521.0,84.0,2.0,687321.0,1.0,1033076.0,70506.0
2025-12-17T18:28:47.510718,0,18.067081252581836,1.3716588570283523,-1.487169442711508,587.0,123.0,2.0,484531.0,1.0,1102064.0,64327.0
2025-12-17T18:28:47.616693,1,18.06866810422295,1.3564260007872218,-1.5128063920630421,658.0,173.0,2.0,628572.0,1.0,1298221.0,59429.0
2025-12-17T18:28:47.715436,2,18.069127888159475,1.349156313670699,-1.518000488550177,658.0,172.0,2.0,647794.0,1.0,751815.0,55389.0
2025-12-17T18:28:47.812990,3,18.069018933443797,1.3376514716175247,-1.5312941161562985,641.0,160.0,2.0,892552.0,1.0,993976.0,61288.0
2025-12-17T18:28:47.918534,4,18.06904569287061,1.3267160932979127,-1.535223105113956,616.0,143.0,2.0,940944.0,1.0,1313691.0,73827.0
2025-12-17T18:28:48.510980,0,18.068421136223694,1.2549884597848635,-1.545089442461288,593.0,127.0,2.0,476884.0,1.0,1111052.0,63936.0
2025-12-17T18:28:48.615053,1,18.06881067810928,1.2437592611804469,-1.5420938565795783,653.0,169.0,2.0,649330.0,1.0,1303064.0,59711.0
2025-12-17T18:28:48.715349,2,18.06961804703776,1.2322058861225003,-1.5430856855955186,669.0,181.0,2.0,642336.0,1.0,753089.0,54774.0
2025-12-17T18:28:48.813626,3,18.069858131828056,1.2210247109525696,-1.5467957390207965,617.0,143.0,2.0,875202.0,1.0,1010255.0,62693.0
2025-12-17T18:28:48.910625,4,18.070295563220416,1.2086870746672833,-1.5465271943027847,617.0,144.0,2.0,914260.0,1.0,1319931.0,73727.0
2025-12-17T18:28:49.013468,5,18.07115618729688,1.1967150401656195,-1.5455539450569782,520.0,83.0,2.0,658181.0,1.0,1056055.0,70602.0
2025-12-17T18:28:49.517077,0,18.07298436662847,1.1398893474052052,-1.5418858174328274,577.0,117.0,2.0,493969.0,1.0,1113311.0,64917.0
2025-12-17T18:28:49.612433,1,18.073088954511864,1.128180609009787,-1.5406510904812918,618.0,144.0,2.0,659965.0,1.0,1296465.0,61746.0
2025-12-17T18:28:49.713669,2,18.073870823006654,1.116328470166195,-1.5433710444473983,619.0,145.0,2.0,657290.0,1.0,754875.0,57432.0
2025-12-17T18:28:49.812191,3,18.07366999749263,1.1048248419806868,-1.5416734970408166,611.0,140.0,2.0,897095.0,1.0,1022640.0,63012.0
2025-12-17T18:28:49.915867,4,18.074404017291197,1.0926598803068153,-1.5426619244775306,596.0,130.0,2.0,931754.0,1.0,1334755.0,75214.0
2025-12-17T18:28:50.015826,5,18.074895904578785,1.0815669701329096,-1.5426616276665461,555.0,103.0,2.0,666926.0,1.0,1024025.0,68298.0
2025-12-17T18:28:50.514197,0,18.076029617406082,1.024047878955427,-1.5510243057528432,556.0,104.0,2.0,493635.0,1.0,1123531.0,66249.0
2025-12-17T18:28:50.615320,1,18.076641086540132,1.0120678319774825,-1.5635629826038486,596.0,129.0,2.0,658849.0,1.0,1322614.0,63076.0
2025-12-17T18:28:50.709169,2,18.072118031342864,0.9983804012836544,-1.5808810643202227,596.0,129.0,2.0,648232.0,1.0,776644.0,58749.0
2025-12-17T18:28:50.815682,3,18.05288064464402,0.975022318073167,-1.5984854057509466,570.0,113.0,2.0,907478.0,1.0,1033076.0,65558.0
2025-12-17T18:28:50.913519,4,18.051665615199276,0.9648626344720448,-1.6197881891394565,625.0,149.0,2.0,942219.0,1.0,1337016.0,73230.0
2025-12-17T18:28:51.014024,5,18.051409515925524,0.9536262232376558,-1.6425287500536263,549.0,100.0,2.0,669867.0,1.0,1033076.0,68646.0
2025-12-17T18:28:51.518563,0,18.04568975700189,0.8977042084151119,-1.6766463250710468,544.0,97.0,2.0,498672.0,1.0,1137689.0,66993.0
2025-12-17T18:28:51.613925,1,18.045360350695884,0.8855383737779619,-1.6528118509222987,593.0,127.0,2.0,668508.0,1.0,1340641.0,63247.0
2025-12-17T18:28:51.714698,2,18.045245707102048,0.8739136377803547,-1.6315617544687913,603.0,134.0,2.0,658181.0,1.0,769058.0,58333.0
2025-12-17T18:28:51.810572,3,18.04509828064173,0.8630494813262963,-1.6081690100462644,558.0,105.0,2.0,929234.0,1.0,1043619.0,66294.0
2025-12-17T18:28:51.914237,4,18.044392858046486,0.8522128377750189,-1.587396773520862,619.0,144.0,2.0,935546.0,1.0,1376970.0,73653.0
2025-12-17T18:28:52.013968,5,18.04414761207107,0.8405988000744191,-1.5779810729543557,544.0,97.0,2.0,656623.0,1.0,1032028.0,68972.0
2025-12-17T18:28:52.515033,0,18.04364891619527,0.7824828139287767,-1.5715492021376005,527.0,87.0,2.0,505127.0,1.0,1135766.0,68137.0
2025-12-17T18:28:52.611465,1,18.04376364098856,0.7707360685765732,-1.5742597566499994,558.0,105.0,2.0,664223.0,1.0,1362599.0,65403.0
2025-12-17T18:28:52.718716,2,18.04345541821542,0.7592441886996042,-1.5713113583099492,563.0,108.0,2.0,673960.0,1.0,792308.0,60627.0
2025-12-17T18:28:52.814053,3,18.043459183628627,0.7479465394250973,-1.571280564063906,535.0,91.0,2.0,947976.0,1.0,1062868.0,67814.0
2025-12-17T18:28:52.910960,4,18.04331909788721,0.7365969646453898,-1.5685519750147225,574.0,115.0,2.0,958299.0,1.0,1368144.0,76835.0
2025-12-17T18:28:53.011408,5,18.043200453332442,0.7248285326015864,-1.5692858276655528,548.0,99.0,2.0,672365.0,1.0,1051418.0,68716.0
2025-12-17T18:28:53.515054,0,18.064306659001346,0.6639177604396558,-1.548190886463718,525.0,86.0,2.0,500194.0,1.0,1163782.0,68252.0
2025-12-17T18:28:53.614206,1,18.064501935835928,0.6521690166626133,-1.5457134637092083,550.0,100.0,2.0,655291.0,1.0,1336111.0,65914.0
2025-12-17T18:28:53.715484,4,18.064895694763432,0.6401780086999143,-1.548193406076342,553.0,102.0,2.0,964155.0,1.0,1374642.0,78438.0
2025-12-17T18:28:53.811470,5,18.06518907153292,0.6288064334507979,-1.5484293553324484,536.0,92.0,2.0,670320.0,1.0,1076990.0,69534.0
2025-12-17T18:28:54.612753,2,18.066031703363585,0.5348947325717557,-1.542989885885036,547.0,99.0,2.0,672593.0,1.0,783773.0,61558.0
2025-12-17T18:28:54.717074,3,18.066341037316867,0.5191656062025043,-1.5489279914214356,538.0,93.0,2.0,909323.0,1.0,1062508.0,67608.0
2025-12-17T18:28:54.813228,4,18.06603617825736,0.5116816121803751,-1.5459718685512396,552.0,102.0,2.0,975314.0,1.0,1396211.0,78465.0
2025-12-17T18:28:54.917789,5,18.066387832434835,0.499914550872564,-1.544212852915693,547.0,99.0,2.0,671001.0,1.0,1066471.0,68809.0
2025-12-17T18:28:55.514401,0,18.06442722576483,0.42908518087405945,-1.5337223297021618,506.0,75.0,2.0,510974.0,1.0,1159065.0,69534.0
2025-12-17T18:28:55.613934,1,18.058939597944896,0.4105588656694703,-1.5127072949919866,551.0,101.0,2.0,692223.0,1.0,1348833.0,65802.0
2025-12-17T18:28:55.714291,2,18.060028918014368,0.3990925236226843,-1.5154092829985346,540.0,94.0,2.0,697161.0,1.0,792576.0,61976.0
2025-12-17T18:28:55.813813,3,18.06040299368846,0.3873370425256919,-1.5129269215776198,529.0,88.0,2.0,941581.0,1.0,1079179.0,68206.0
2025-12-17T18:28:55.913749,4,18.061910594498595,0.37529566117594015,-1.5146420988814335,536.0,92.0,2.0,981606.0,1.0,1408075.0,79723.0
2025-12-17T18:28:56.012897,5,18.062122124613413,0.3636906755671969,-1.5133998785190474,550.0,100.0,2.0,683840.0,1.0,1082105.0,68623.0
2025-12-17T18:28:56.511787,0,18.066727690405177,0.3059281110056986,-1.504715715751057,503.0,74.0,2.0,501890.0,1.0,1182843.0,69699.0
2025-12-17T18:28:56.614601,1,18.067663498543496,0.2945608326681839,-1.5071809992966263,536.0,92.0,2.0,680608.0,1.0,1369534.0,66789.0
2025-12-17T18:28:56.713219,2,18.068807154010813,0.2832392608103298,-1.5074239219656824,527.0,87.0,2.0,685230.0,1.0,825149.0,62757.0
2025-12-17T18:28:56.810088,3,18.068990180166164,0.27128211244514766,-1.5093875486549007,521.0,83.0,2.0,936813.0,1.0,1098712.0,68739.0
2025-12-17T18:28:56.912994,4,18.070488961247747,0.2590433835761825,-1.5118597668272098,540.0,94.0,2.0,986268.0,1.0,1445742.0,79400.0
2025-12-17T18:28:57.016864,5,18.070597507848372,0.24757140911617093,-1.5123577108639672,519.0,82.0,2.0,686623.0,1.0,1085774.0,70697.0
2025-12-17T18:28:57.517847,0,18.074071197583674,0.19137574315168493,-1.5148097753637413,497.0,71.0,2.0,504615.0,1.0,1161815.0,70078.0
2025-12-17T18:28:57.615782,1,18.074650169617644,0.1803027341754877,-1.5145910040746413,512.0,79.0,2.0,694805.0,1.0,1376038.0,68344.0
2025-12-17T18:28:57.716830,2,18.075364224393716,0.1683679674016627,-1.5143343766049684,519.0,82.0,2.0,687321.0,1.0,812677.0,63247.0
2025-12-17T18:28:57.813204,3,18.07818906970376,0.15733177881016047,-1.5124459145451528,502.0,73.0,2.0,938400.0,1.0,1098340.0,69983.0
2025-12-17T18:28:57.915393,4,18.086703651315037,0.14904906441051935,-1.5075045993330498,524.0,85.0,2.0,1005480.0,1.0,1415720.0,80646.0
2025-12-17T18:28:58.013351,5,18.088375976912673,0.13741222852349466,-1.5085463324942323,532.0,90.0,2.0,696925.0,1.0,1106175.0,69770.0
2025-12-17T18:28:58.517849,0,18.092218111684396,0.0806218443558997,-1.5060625340768836,487.0,65.0,2.0,514618.0,1.0,1163389.0,70769.0
2025-12-17T18:28:58.613180,1,18.093505755742513,0.06944747944699792,-1.5060893156747557,504.0,74.0,2.0,691989.0,1.0,1399996.0,68855.0
2025-12-17T18:28:58.716209,2,18.093834663897738,0.05807747872476021,-1.5028705223094359,522.0,84.0,2.0,691989.0,1.0,825149.0,63034.0
2025-12-17T18:28:58.816115,3,18.0947395622043,0.04610069234393954,-1.5043532247949498,510.0,77.0,2.0,968079.0,1.0,1117085.0,69464.0
2025-12-17T18:28:58.915754,4,18.095751334919175,0.034563474881945666,-1.5026467192012432,532.0,90.0,2.0,981606.0,1.0,1487937.0,80020.0
2025-12-17T18:28:59.015361,5,18.09631282617821,0.022686057999200315,-1.5063528977776581,509.0,77.0,2.0,682684.0,1.0,1115197.0,71394.0
2025-12-17T18:28:59.514070,0,18.100062317575713,-0.03388878495866798,-1.4552058614712693,490.0,67.0,2.0,503932.0,1.0,1192490.0,70578.0
2025-12-17T18:28:59.617270,1,18.101867799030035,-0.04503500664448801,-1.4356576174619613,507.0,76.0,2.0,684072.0,1.0,1383979.0,68669.0
2025-12-17T18:28:59.713307,2,18.104917879759817,-0.05591084726998652,-1.412125038089749,508.0,76.0,2.0,686623.0,1.0,829911.0,63936.0
2025-12-17T18:28:59.811631,3,18.106680022288156,-0.06723409013061676,-1.3891369128062483,498.0,71.0,2.0,942538.0,1.0,1124673.0,70268.0
2025-12-17T18:28:59.914733,4,18.108133482957737,-0.07866503930786273,-1.3680734342973382,515.0,80.0,2.0,1009913.0,1.0,1454084.0,81331.0
2025-12-17T18:29:00.012150,5,18.111390948222116,-0.0901171892632,-1.3441486099713384,503.0,73.0,2.0,688019.0,1.0,1126959.0,71806.0
2025-12-17T18:29:00.512209,0,18.118014552415968,-0.14885289120589462,-1.2160470531622627,489.0,66.0,2.0,514618.0,1.0,1204252.0,70649.0
2025-12-17T18:29:00.609972,1,18.122065825915456,-0.15951769122806603,-1.1943048248423345,504.0,74.0,2.0,692223.0,1.0,1376970.0,68855.0
2025-12-17T18:29:00.709750,2,18.12584844898504,-0.170328159734785,-1.177804590059051,499.0,72.0,2.0,700235.0,1.0,832443.0,64458.0
2025-12-17T18:29:00.812119,3,18.130220574612963,-0.1794610446648015,-1.1545176073925585,484.0,64.0,1.0,955708.0,1.0,1131545.0,71201.0
2025-12-17T18:29:00.910282,4,18.134648649204255,-0.18947637190466793,-1.1292749503648878,495.0,70.0,2.0,1006160.0,1.0,1464951.0,82887.0
2025-12-17T18:29:01.012425,5,18.13906735095616,-0.20015206439032696,-1.1034986925867913,523.0,85.0,2.0,703561.0,1.0,1144641.0,70434.0
2025-12-17T18:29:01.510773,0,18.19995263227398,-0.2410299065294872,-0.962950130287554,483.0,63.0,1.0,510801.0,1.0,1197749.0,71105.0
2025-12-17T18:29:01.614171,1,18.206314431718702,-0.25055874739463313,-0.9460863253161433,489.0,66.0,2.0,690118.0,1.0,1415241.0,69912.0
2025-12-17T18:29:01.711006,2,18.21358633953643,-0.2594154752931743,-0.9192194847062327,495.0,69.0,2.0,698578.0,1.0,848658.0,64742.0
2025-12-17T18:29:01.811959,3,18.219455507879868,-0.2688427858215725,-0.8954787071510046,487.0,65.0,2.0,951512.0,1.0,1136919.0,71009.0
2025-12-17T18:29:01.915240,4,18.22626213254723,-0.27783388654635033,-0.8756441315089419,499.0,71.0,2.0,1013337.0,1.0,1485421.0,82607.0
2025-12-17T18:29:02.013434,5,18.234270776763733,-0.2867110660492269,-0.8529692376743337,515.0,80.0,2.0,700946.0,1.0,1150078.0,70961.0
2025-12-17T18:29:02.515792,0,18.26890590375046,-0.31117551944481114,-0.7122112728942106,492.0,68.0,2.0,516888.0,1.0,1211611.0,70434.0
2025-12-17T18:29:02.612510,1,18.277592596556477,-0.31799969125023075,-0.6896290163375742,497.0,71.0,2.0,701421.0,1.0,1400944.0,69346.0
2025-12-17T18:29:02.718289,2,18.2887021159326,-0.3284298544592641,-0.6610065162381142,482.0,62.0,1.0,699524.0,1.0,849807.0,65558.0
2025-12-17T18:29:02.811465,3,18.294145820152014,-0.3327519426992751,-0.6476588635334349,476.0,59.0,1.0,957651.0,1.0,1141546.0,71782.0
2025-12-17T18:29:02.914180,4,18.302916191313074,-0.33893541840624053,-0.6249769280162208,490.0,67.0,2.0,1043619.0,1.0,1484416.0,83281.0
2025-12-17T18:29:03.014407,5,18.314615339907427,-0.347545232569372,-0.591584582700188,500.0,72.0,2.0,707381.0,1.0,1172480.0,72001.0
2025-12-17T18:29:03.513254,0,18.349479624492474,-0.36903533384256093,-0.4678356754898528,483.0,63.0,1.0,522162.0,1.0,1205884.0,71057.0
2025-12-17T18:29:03.613760,1,18.360278530591984,-0.37476462290269374,-0.4461674019697484,471.0,57.0,1.0,693865.0,1.0,1437934.0,71105.0
2025-12-17T18:29:03.714378,2,18.37013207060124,-0.3788606817482272,-0.4209531404990579,466.0,54.0,1.0,705230.0,1.0,864603.0,66564.0
2025-12-17T18:29:03.814035,3,18.37791287151152,-0.3841651410957443,-0.3921356741349327,478.0,60.0,1.0,985934.0,1.0,1176057.0,71661.0
2025-12-17T18:29:03.912606,4,18.387790123750197,-0.38862295753022913,-0.37402250246488,478.0,60.0,1.0,1017117.0,1.0,1476899.0,84302.0
2025-12-17T18:29:04.012592,5,18.399743093592654,-0.3921916799347187,-0.3598992496606628,492.0,68.0,2.0,699051.0,1.0,1173671.0,72539.0
2025-12-17T18:29:04.513895,0,18.43349961197435,-0.39174903059323896,-0.2369834794002003,457.0,50.0,1.0,502399.0,1.0,1244023.0,72859.0
2025-12-17T18:29:04.611909,1,18.444209426009955,-0.39419405084721326,-0.21401925937452473,484.0,63.0,1.0,706663.0,1.0,1422926.0,70268.0
2025-12-17T18:29:04.715933,2,18.455482674254633,-0.3968516091581371,-0.19430162009560079,490.0,67.0,2.0,690118.0,1.0,854711.0,65049.0
2025-12-17T18:29:04.816047,3,18.469914251525168,-0.39821059292160044,-0.16236042328467135,484.0,64.0,1.0,956355.0,1.0,1171687.0,71226.0
2025-12-17T18:29:04.915263,5,18.4775306275808,-0.39908650723899797,-0.1448162551266802,503.0,74.0,2.0,705946.0,1.0,1188461.0,71758.0
2025-12-17T18:29:05.513084,0,18.52472961951876,-0.3902031349232242,-0.002668945443862759,461.0,52.0,1.0,524465.0,1.0,1225219.0,72588.0
2025-12-17T18:29:05.612897,1,18.536693746775086,-0.3899356569134529,0.014416628912650052,466.0,54.0,1.0,713875.0,1.0,1441345.0,71467.0
2025-12-17T18:29:05.710374,2,18.548018128513384,-0.38896871983762793,0.03978382722882968,485.0,64.0,1.0,702371.0,1.0,865775.0,65336.0
2025-12-17T18:29:05.812134,3,18.558603505668692,-0.3894492159825713,0.06631820573041246,470.0,57.0,1.0,986268.0,1.0,1164571.0,72172.0
2025-12-17T18:29:05.910805,4,18.569767429804692,-0.3896271042872428,0.0873918934848443,505.0,75.0,2.0,1034826.0,1.0,1538638.0,82105.0
2025-12-17T18:29:06.013595,5,18.570470969436503,-0.3843499618982893,0.11235035930417744,493.0,68.0,2.0,713633.0,1.0,1202216.0,72515.0
2025-12-17T18:29:06.514331,0,18.61924304567594,-0.3703348183631956,0.22927657584159275,462.0,52.0,1.0,514270.0,1.0,1238561.0,72539.0
2025-12-17T18:29:06.610603,1,18.63046413835287,-0.36644092949943996,0.25501529818714647,465.0,54.0,1.0,697869.0,1.0,1457533.0,71540.0
2025-12-17T18:29:06.713905,2,18.641618578980516,-0.36349492108584336,0.276958106476371,475.0,59.0,1.0,724585.0,1.0,869887.0,66003.0
2025-12-17T18:29:06.809844,3,18.65230409272699,-0.3603294565732966,0.29690918016921336,453.0,48.0,1.0,969062.0,1.0,1192490.0,73404.0
2025-12-17T18:29:06.917726,4,18.644657728405818,-0.3497783244302859,0.3308758397234652,456.0,49.0,1.0,1035877.0,1.0,1511795.0,86148.0
2025-12-17T18:29:07.015238,5,18.642478418736044,-0.3417308750523542,0.3614426974573685,497.0,70.0,2.0,719697.0,1.0,1218603.0,72221.0
2025-12-17T18:29:07.511682,0,18.695679293545695,-0.32082008296329967,0.47340096889962036,467.0,55.0,1.0,524288.0,1.0,1241079.0,72196.0
2025-12-17T18:29:07.614532,1,18.705929617945923,-0.31545917091564846,0.48849581360845507,471.0,57.0,1.0,709059.0,1.0,1462474.0,71105.0
2025-12-17T18:29:07.713492,2,18.71540106523208,-0.30914328576127126,0.5112620527378073,467.0,55.0,1.0,709779.0,1.0,875499.0,66541.0
2025-12-17T18:29:07.811635,3,18.730092402852765,-0.29978067284145204,0.5259938587810752,452.0,48.0,1.0,969718.0,1.0,1186853.0,73453.0
2025-12-17T18:29:07.912062,4,18.7445873556437,-0.2916747224142,0.5396097187317432,489.0,66.0,2.0,1039037.0,1.0,1537076.0,83394.0
2025-12-17T18:29:08.011377,5,18.75421727951161,-0.28534212408997384,0.5643417631430251,478.0,61.0,1.0,730248.0,1.0,1219428.0,73528.0
2025-12-17T18:29:08.514159,0,18.800997845015864,-0.253372082096293,0.6793595118812233,473.0,58.0,1.0,517413.0,1.0,1244023.0,71806.0
2025-12-17T18:29:08.611163,1,18.810323035253127,-0.2464645948602513,0.7011028936427943,463.0,53.0,1.0,710981.0,1.0,1460496.0,71685.0
2025-12-17T18:29:08.717909,2,18.813219206883826,-0.23692594036359083,0.7216394941532106,454.0,49.0,1.0,703323.0,1.0,892855.0,67334.0
2025-12-17T18:29:08.813297,3,18.814538999562433,-0.22619334087075593,0.7392680342470268,463.0,53.0,1.0,968079.0,1.0,1216542.0,72736.0
2025-12-17T18:29:08.913592,4,18.822629967912913,-0.2182985189109825,0.7664237752265206,471.0,57.0,1.0,1051063.0,1.0,1533439.0,84874.0
2025-12-17T18:29:09.016088,5,18.830902411490076,-0.21026422039976467,0.7918101353962465,485.0,64.0,1.0,710260.0,1.0,1221907.0,73057.0
2025-12-17T18:29:09.512861,0,18.870926311740853,-0.16918005231390865,0.9006707490579724,458.0,50.0,1.0,514967.0,1.0,1259699.0,72834.0
2025-12-17T18:29:09.613023,1,18.858756996222187,-0.15477787762100803,0.9281331701617821,476.0,60.0,1.0,698814.0,1.0,1462969.0,70793.0
2025-12-17T18:29:09.711213,2,18.842655611838573,-0.13833291555799399,0.9605684749104235,448.0,46.0,1.0,693396.0,1.0,895578.0,67723.0
2025-12-17T18:29:09.816905,3,18.84890006110647,-0.12921429057662692,0.9872955772922305,474.0,59.0,1.0,970375.0,1.0,1209153.0,71904.0
2025-12-17T18:29:09.914614,4,18.855404849570466,-0.11980530389154787,1.0087334795639786,474.0,59.0,1.0,1042560.0,1.0,1547516.0,84616.0
2025-12-17T18:29:10.014697,5,18.862090305091463,-0.11036597805693127,1.02923374927035,496.0,70.0,2.0,712668.0,1.0,1240659.0,72294.0
2025-12-17T18:29:10.516523,0,18.889819273654908,-0.05418869888315392,1.1522023300734423,463.0,53.0,1.0,528027.0,1.0,1244023.0,72515.0
2025-12-17T18:29:10.613470,1,18.89937860366185,-0.03301168809611532,1.1996709184226126,463.0,53.0,1.0,713875.0,1.0,1457533.0,71709.0
2025-12-17T18:29:10.710100,2,18.903160480774844,-0.026620279371730504,1.2140035873102715,469.0,56.0,1.0,709779.0,1.0,895578.0,66406.0
2025-12-17T18:29:10.817900,3,18.908824737698456,-0.012094720846448581,1.241329594140356,452.0,48.0,1.0,1004119.0,1.0,1219428.0,73478.0
2025-12-17T18:29:10.913661,4,18.91082882866574,-0.0051465872364353515,1.253836899349689,454.0,48.0,1.0,1062148.0,1.0,1563309.0,86323.0
2025-12-17T18:29:11.517268,0,18.93507690338138,0.08317247939488404,1.3826649920598797,449.0,46.0,1.0,512706.0,1.0,1252048.0,73453.0
2025-12-17T18:29:11.614974,1,18.9368956123514,0.09472293513145402,1.404887506633951,451.0,47.0,1.0,710019.0,1.0,1470416.0,72515.0
2025-12-17T18:29:11.714783,2,18.9377942661302,0.1058398148403441,1.4300688681947755,446.0,45.0,1.0,715326.0,1.0,910555.0,67860.0
2025-12-17T18:29:11.809037,3,18.939613514673646,0.11717197786105693,1.4473973191774372,441.0,42.0,1.0,990617.0,1.0,1220253.0,74304.0
2025-12-17T18:29:11.912007,4,18.94116732732507,0.1291920125487902,1.453841936912283,459.0,51.0,1.0,1062508.0,1.0,1556446.0,85915.0
2025-12-17T18:29:12.014939,5,18.942569346173464,0.1403382909755635,1.4573204568311042,477.0,60.0,1.0,725812.0,1.0,1257995.0,73653.0
2025-12-17T18:29:12.515482,0,18.920516759850717,0.21288650774319784,1.4774142170292783,471.0,57.0,1.0,515664.0,1.0,1268684.0,71928.0
2025-12-17T18:29:12.613595,2,18.92137469962441,0.2247390765283619,1.4951639125863105,456.0,49.0,1.0,703561.0,1.0,898310.0,67266.0
2025-12-17T18:29:12.718497,3,18.92231176482124,0.23668732864608977,1.5104917277885521,456.0,49.0,1.0,989277.0,1.0,1224390.0,73230.0
2025-12-17T18:29:12.812362,4,18.92178421345525,0.24879982974640313,1.5260981442480375,468.0,55.0,1.0,1068639.0,1.0,1594840.0,85162.0
2025-12-17T18:29:12.912316,5,18.922301296311286,0.26036828304150283,1.5367341671352521,458.0,51.0,1.0,722137.0,1.0,1273848.0,74960.0
2025-12-17T18:29:13.614987,1,18.92551022199033,0.3396845563210267,1.5480578391064015,468.0,55.0,1.0,721893.0,1.0,1476400.0,71370.0
2025-12-17T18:29:13.713465,3,18.92570700149008,0.3513037476817171,1.5532337696558658,448.0,46.0,1.0,1004799.0,1.0,1255868.0,73777.0
2025-12-17T18:29:13.812521,4,18.92549720589201,0.36394428486042507,1.5519905429309213,460.0,52.0,1.0,1090193.0,1.0,1594840.0,85798.0
2025-12-17T18:29:13.915134,5,18.925284720534133,0.3752239865710827,1.5532191598910468,483.0,63.0,1.0,749529.0,1.0,1272555.0,73205.0
2025-12-17T18:29:14.511341,0,18.925397528438385,0.44469589872591087,1.5519453048128098,477.0,60.0,1.0,522693.0,1.0,1247396.0,71491.0
2025-12-17T18:29:14.613247,1,18.92515116519228,0.45617270557023915,1.5514054263701813,453.0,48.0,1.0,709059.0,1.0,1495004.0,72417.0
2025-12-17T18:29:14.711954,2,18.92540996362882,0.46805612295015386,1.5551302931451445,449.0,46.0,1.0,720184.0,1.0,917360.0,67723.0
2025-12-17T18:29:14.810673,3,18.92515054429096,0.47986063224019304,1.5487168191247742,458.0,51.0,1.0,983268.0,1.0,1257995.0,73057.0
2025-12-17T18:29:14.913620,4,18.925771419619508,0.4910935045526603,1.5516898962327417,454.0,48.0,1.0,1057485.0,1.0,1592682.0,86323.0
2025-12-17T18:29:15.011940,5,18.92612414803272,0.5021117717310126,1.5499643079171892,448.0,45.0,1.0,720184.0,1.0,1283802.0,75751.0
2025-12-17T18:29:15.515450,0,18.92282122004975,0.5739778998157554,1.5856173827162687,447.0,45.0,1.0,524288.0,1.0,1296026.0,73653.0
2025-12-17T18:29:15.613089,1,18.923085375250324,0.588931839669451,1.5880839805984361,447.0,45.0,1.0,712668.0,1.0,1481405.0,72859.0
2025-12-17T18:29:15.709449,2,18.92308337257733,0.5968584653393094,1.5898040150330124,466.0,54.0,1.0,713875.0,1.0,912405.0,66609.0
2025-12-17T18:29:15.814274,3,18.92293668675404,0.6077572271334599,1.586095193535893,434.0,39.0,1.0,1011624.0,1.0,1257995.0,74808.0
2025-12-17T18:29:15.912870,4,18.922933293598817,0.6196102550662683,1.5890731054796279,450.0,47.0,1.0,1082472.0,1.0,1629762.0,86645.0
2025-12-17T18:29:16.012393,5,18.922191719243454,0.6318710695498506,1.5868667883811178,475.0,59.0,1.0,731484.0,1.0,1291210.0,73777.0
2025-12-17T18:29:16.513786,0,18.91950944582364,0.6905158493152683,1.5861415003685837,463.0,53.0,1.0,519870.0,1.0,1253744.0,72515.0
2025-12-17T18:29:16.612851,1,18.919112718538166,0.7030993808140025,1.5881032172335343,454.0,48.0,1.0,731237.0,1.0,1476400.0,72368.0
2025-12-17T18:29:16.711152,2,18.918635483046312,0.7142504265172231,1.5876173097520436,446.0,45.0,1.0,724831.0,1.0,903188.0,67929.0
2025-12-17T18:29:16.810566,4,18.91811841568927,0.7245820807137733,1.5918315175764224,447.0,45.0,1.0,1080276.0,1.0,1613298.0,86909.0
2025-12-17T18:29:16.912213,5,18.918301464021024,0.7359068831807569,1.5910791928639558,449.0,46.0,1.0,749021.0,1.0,1309696.0,75648.0
2025-12-17T18:29:17.514761,0,18.91704872190614,0.8052697597278815,1.5925559374316993,464.0,53.0,1.0,522516.0,1.0,1285106.0,72441.0
2025-12-17T18:29:17.611341,1,18.9168378143457,0.8170452412521545,1.5928007073861417,441.0,42.0,1.0,724340.0,1.0,1523094.0,73280.0
2025-12-17T18:29:17.714018,2,18.916590336207662,0.829222964882856,1.5883521173067268,459.0,51.0,1.0,716053.0,1.0,948939.0,67084.0
2025-12-17T18:29:17.810477,3,18.91633890552937,0.8409087781362672,1.5881014825476059,448.0,45.0,1.0,997345.0,1.0,1268255.0,73827.0
2025-12-17T18:29:17.911660,4,18.91388978883531,0.8602922615306277,1.6026231738846415,457.0,50.0,1.0,1105052.0,1.0,1629762.0,86089.0
2025-12-17T18:29:18.015486,5,18.912698554005374,0.8734225300432801,1.6101465914635789,454.0,49.0,1.0,743213.0,1.0,1328446.0,75265.0
2025-12-17T18:29:18.514417,0,18.91078690170034,0.9296929437747394,1.6069240430835443,467.0,55.0,1.0,523224.0,1.0,1288591.0,72245.0
2025-12-17T18:29:18.613226,1,18.91019094047644,0.9422956273182912,1.60420167939643,458.0,51.0,1.0,726550.0,1.0,1492477.0,72050.0
2025-12-17T18:29:18.710480,2,18.909973952083895,0.9543846747436557,1.6066747921054694,464.0,54.0,1.0,703561.0,1.0,934280.0,66722.0
2025-12-17T18:29:18.814542,3,18.909522865443844,0.969606932659465,1.605683813581597,440.0,42.0,1.0,985934.0,1.0,1265682.0,74404.0
2025-12-17T18:29:18.911418,4,18.908595696797118,0.9770883194914006,1.6056822411101654,455.0,49.0,1.0,1091300.0,1.0,1629762.0,86206.0
2025-12-17T18:29:19.013217,5,18.908642825398847,0.9879579130632479,1.6069143087896747,470.0,57.0,1.0,757178.0,1.0,1341095.0,74128.0
2025-12-17T18:29:19.515686,0,18.90808533147055,1.0442834104699248,1.599973430404186,457.0,50.0,1.0,520751.0,1.0,1277734.0,72958.0
2025-12-17T18:29:19.614619,1,18.90796472146198,1.056766711496735,1.5982478325528755,444.0,44.0,1.0,725321.0,1.0,1504649.0,73032.0
2025-12-17T18:29:19.711219,2,18.907949601172042,1.067456167922881,1.5992422697283335,440.0,42.0,1.0,724095.0,1.0,947976.0,68321.0
2025-12-17T18:29:19.811140,3,18.907664536213975,1.0793184741856887,1.5989906717790443,445.0,44.0,1.0,1003440.0,1.0,1274279.0,74027.0
2025-12-17T18:29:19.910630,4,18.906574076099357,1.0913621733993732,1.5960299764123098,457.0,50.0,1.0,1078449.0,1.0,1627007.0,86060.0
2025-12-17T18:29:20.010024,5,18.906623657276256,1.1027399454997742,1.5952873438646542,464.0,53.0,1.0,743968.0,1.0,1320377.0,74581.0
2025-12-17T18:29:20.514446,0,18.90576220789974,1.1603425585014229,1.5997359089148098,444.0,44.0,1.0,514270.0,1.0,1301301.0,73827.0
2025-12-17T18:29:20.611416,1,18.88417463720902,1.172112890105451,1.6071570630113852,460.0,52.0,1.0,708819.0,1.0,1523094.0,71928.0
2025-12-17T18:29:20.708875,2,18.870399391857227,1.1825750018764296,1.6144763870130787,467.0,55.0,1.0,719454.0,1.0,947976.0,66564.0
2025-12-17T18:29:20.811646,3,18.87001462609898,1.1948091354508996,1.613709023926375,438.0,41.0,1.0,982271.0,1.0,1251201.0,74505.0
2025-12-17T18:29:20.911792,4,18.86938343366653,1.205284484000396,1.6137171078453574,451.0,47.0,1.0,1078814.0,1.0,1643611.0,86615.0
2025-12-17T18:29:21.014761,5,18.869256196129747,1.217290922349779,1.6127279943136092,468.0,56.0,1.0,741204.0,1.0,1354323.0,74253.0
2025-12-17T18:29:21.511780,0,18.86754170607784,1.2752880637164452,1.6089499220610393,458.0,51.0,1.0,524288.0,1.0,1297343.0,72834.0
2025-12-17T18:29:21.610620,1,18.866469217277746,1.287023977452666,1.6106923169766658,458.0,51.0,1.0,725567.0,1.0,1520004.0,72074.0
2025-12-17T18:29:21.711942,2,18.866089254769335,1.298834193870734,1.6116343775330222,470.0,57.0,1.0,725812.0,1.0,940307.0,66339.0
2025-12-17T18:29:21.809183,3,18.86550888146095,1.3107250815494549,1.6121243799548888,458.0,50.0,1.0,1017806.0,1.0,1272555.0,73131.0
2025-12-17T18:29:21.914272,4,18.864986306739702,1.3221752602664516,1.612371295518855,459.0,51.0,1.0,1086877.0,1.0,1625355.0,85915.0
2025-12-17T18:29:22.011240,5,18.86442206804806,1.334581918020337,1.6136022151139096,464.0,53.0,1.0,762063.0,1.0,1367681.0,74581.0
2025-12-17T18:29:22.511139,0,18.86103450881788,1.3912589914633244,1.617485907903431,455.0,49.0,1.0,520398.0,1.0,1303064.0,73106.0
2025-12-17T18:29:22.611491,1,18.860320495059963,1.4025784318785028,1.6160026708605213,454.0,49.0,1.0,727534.0,1.0,1520004.0,72368.0
2025-12-17T18:29:22.716173,2,18.85986518522349,1.4146285669907517,1.6033675631590723,454.0,48.0,1.0,732228.0,1.0,951834.0,67425.0
2025-12-17T18:29:22.813656,3,18.859031987426167,1.4261607297202357,1.5858137930330478,451.0,47.0,1.0,997008.0,1.0,1279465.0,73578.0
2025-12-17T18:29:22.915183,4,18.859282975222925,1.4379057048684238,1.561359995874964,483.0,63.0,1.0,1101691.0,1.0,1674493.0,83960.0
2025-12-17T18:29:23.011853,5,18.859556562112438,1.4487673023269068,1.5415425083715966,464.0,53.0,1.0,744976.0,1.0,1369070.0,74581.0
2025-12-17T18:29:23.513680,0,18.836286526487758,1.489510353119126,1.4504388086415627,446.0,45.0,1.0,520751.0,1.0,1291210.0,73702.0
2025-12-17T18:29:23.612806,1,18.83862859513781,1.5004021343632878,1.428267921913625,452.0,47.0,1.0,725567.0,1.0,1524126.0,72539.0
2025-12-17T18:29:23.714590,2,18.84091810044649,1.5109419333101197,1.4010613044166604,462.0,53.0,1.0,727042.0,1.0,958623.0,66857.0
2025-12-17T18:29:23.810104,3,18.843589978302397,1.5222885415751648,1.3761258474751694,456.0,50.0,1.0,995659.0,1.0,1288155.0,73255.0
2025-12-17T18:29:23.919819,4,18.845542804851966,1.5340507698044021,1.3594709793363555,447.0,45.0,1.0,1114442.0,1.0,1661508.0,86938.0
2025-12-17T18:29:24.011592,5,18.84757996484702,1.5452407316833021,1.336734331281895,456.0,50.0,1.0,767498.0,1.0,1388201.0,75138.0
2025-12-17T18:29:24.511275,0,18.86389852867522,1.6000114176070355,1.2185970707661102,467.0,55.0,1.0,520751.0,1.0,1290336.0,72245.0
2025-12-17T18:29:24.615894,1,18.85023394988304,1.604292425000951,1.1928914400209625,454.0,49.0,1.0,715326.0,1.0,1527741.0,72343.0
2025-12-17T18:29:24.709915,2,18.834283638388833,1.6083915849290342,1.1718988675799187,460.0,52.0,1.0,726058.0,1.0,965788.0,67016.0
2025-12-17T18:29:24.815633,3,18.838568633364464,1.618169760961262,1.149112786388396,471.0,57.0,1.0,1028193.0,1.0,1295149.0,72221.0
2025-12-17T18:29:24.915509,4,18.843949255670694,1.626923585832726,1.120919627206677,448.0,45.0,1.0,1086509.0,1.0,1642498.0,86880.0
2025-12-17T18:29:25.016913,5,18.851076079843878,1.6403625874572043,1.092677354875141,470.0,56.0,1.0,745481.0,1.0,1383042.0,74178.0
2025-12-17T18:29:25.512071,0,18.872941148248696,1.6870335051650027,1.0018370012804847,460.0,52.0,1.0,528206.0,1.0,1337016.0,72711.0
2025-12-17T18:29:25.609932,1,18.87379297379865,1.6955950094343777,0.9939778393812342,466.0,54.0,1.0,719210.0,1.0,1521549.0,71564.0
2025-12-17T18:29:25.708884,2,18.8796471574343,1.7046180722926731,0.9717164671353633,458.0,50.0,1.0,735208.0,1.0,954092.0,67175.0
2025-12-17T18:29:25.811882,3,18.88628846738891,1.7145171589664283,0.9518267590433694,447.0,45.0,1.0,992631.0,1.0,1303064.0,73877.0
2025-12-17T18:29:25.911425,4,18.892696454819166,1.723380559059052,0.9310636944489693,453.0,48.0,1.0,1108048.0,1.0,1669965.0,86410.0
2025-12-17T18:29:26.011526,5,18.89928258792103,1.7328692522428764,0.9038950058474836,453.0,48.0,1.0,786963.0,1.0,1418598.0,75367.0
2025-12-17T18:29:26.510199,0,18.92964434330444,1.7705142091507664,0.7931233856958061,451.0,47.0,1.0,526778.0,1.0,1313247.0,73404.0
2025-12-17T18:29:26.612152,1,18.90925158317794,1.7692439101225705,0.7758055836132949,477.0,60.0,1.0,722626.0,1.0,1539159.0,70769.0
2025-12-17T18:29:26.716362,2,18.914290398540416,1.7767019038898084,0.7542472544487485,466.0,54.0,1.0,720184.0,1.0,965461.0,66654.0
2025-12-17T18:29:26.818915,3,18.926458324959096,1.788448527694296,0.7284129705040014,453.0,48.0,1.0,1001065.0,1.0,1302182.0,73478.0
2025-12-17T18:29:26.911516,4,18.931622710713064,1.7928934733541677,0.7126778744494974,462.0,53.0,1.0,1106924.0,1.0,1652535.0,85653.0
2025-12-17T18:29:27.018825,5,18.943100396956222,1.8014602694407316,0.6824946745830486,453.0,48.0,1.0,767758.0,1.0,1420039.0,75418.0
2025-12-17T18:29:27.511541,0,18.979071126823907,1.8316903523898542,0.5725567977730501,457.0,50.0,1.0,514096.0,1.0,1323061.0,72958.0
2025-12-17T18:29:27.611456,1,18.987964124878083,1.837539638967252,0.54886954645553,441.0,42.0,1.0,711704.0,1.0,1538638.0,73280.0
2025-12-17T18:29:27.711940,2,18.998089259472117,1.842277478698234,0.523201625840586,462.0,53.0,1.0,726550.0,1.0,978952.0,66880.0
2025-12-17T18:29:27.810833,3,19.008485254777824,1.8472851865333197,0.49650508808785815,443.0,43.0,1.0,1008206.0,1.0,1299100.0,74228.0
2025-12-17T18:29:27.914370,4,19.017670849365807,1.8519633802131317,0.47668924656428163,438.0,41.0,1.0,1116329.0,1.0,1697316.0,87737.0
2025-12-17T18:29:28.011466,5,19.027484369539625,1.8579039513974713,0.4548960522853486,459.0,51.0,1.0,760002.0,1.0,1415241.0,74986.0
2025-12-17T18:29:28.514009,0,19.071520806585397,1.8765703270681549,0.33363704296547586,463.0,53.0,1.0,519342.0,1.0,1330696.0,72515.0
2025-12-17T18:29:28.613507,1,19.082277040696706,1.8793118670045015,0.31052805762057767,475.0,59.0,1.0,731732.0,1.0,1545422.0,70961.0
2025-12-17T18:29:28.713476,2,19.09267418529725,1.8825640669014998,0.28769057089327205,465.0,54.0,1.0,727534.0,1.0,971361.0,66722.0
2025-12-17T18:29:28.811453,3,19.103861025078267,1.886701144172589,0.2694053941281125,456.0,49.0,1.0,1023679.0,1.0,1299980.0,73280.0
2025-12-17T18:29:28.913200,4,19.114583605197204,1.8896717022827474,0.24223921857408587,461.0,52.0,1.0,1119735.0,1.0,1679601.0,85798.0
2025-12-17T18:29:29.011384,5,19.125961139333835,1.8918428145782205,0.2157762740534925,456.0,49.0,1.0,775331.0,1.0,1447210.0,75189.0
2025-12-17T18:29:29.512265,0,19.199601180400666,1.8888429477126767,0.09042906313440993,472.0,58.0,1.0,524465.0,1.0,1313247.0,71904.0
2025-12-17T18:29:29.611089,1,19.211264382978566,1.8904906906192345,0.07105819596179672,455.0,49.0,1.0,724095.0,1.0,1560137.0,72294.0
2025-12-17T18:29:29.714707,2,19.222326136062588,1.891254888090062,0.04854639019102988,472.0,58.0,1.0,722137.0,1.0,980278.0,66249.0
2025-12-17T18:29:29.814129,3,19.233031490103535,1.890765996355448,0.021175436881245128,425.0,35.0,1.0,1015397.0,1.0,1312802.0,75495.0
2025-12-17T18:29:29.911712,4,19.24387258632253,1.8905307105035263,-0.002521238619340675,470.0,56.0,1.0,1113311.0,1.0,1675059.0,85076.0
2025-12-17T18:29:30.011437,5,19.255624688853853,1.8904298966647382,-0.018405372335058446,454.0,48.0,1.0,748261.0,1.0,1410460.0,75342.0
2025-12-17T18:29:30.514812,0,19.322527948743364,1.89100027395485,-0.12082018540812021,462.0,52.0,1.0,513574.0,1.0,1330246.0,72613.0
2025-12-17T18:29:30.614223,1,19.333588259370973,1.888936783050422,-0.14590203598501517,479.0,61.0,1.0,733220.0,1.0,1560137.0,70649.0
2025-12-17T18:29:30.710161,2,19.344560243373262,1.8869748509413835,-0.17076575457299645,453.0,48.0,1.0,717751.0,1.0,988942.0,67517.0
2025-12-17T18:29:30.813375,3,19.3569290337384,1.8852593922041692,-0.1870834822448775,444.0,44.0,1.0,1013680.0,1.0,1316807.0,74128.0
2025-12-17T18:29:30.912518,4,19.36776972771583,1.8828781948798827,-0.21059471973377183,448.0,46.0,1.0,1114065.0,1.0,1717542.0,86880.0
2025-12-17T18:29:31.014318,5,19.37826459117212,1.8802308986859,-0.24163793064779446,463.0,53.0,1.0,767238.0,1.0,1456547.0,74656.0
2025-12-17T18:29:31.512273,0,19.457287271476417,1.867377826112257,-0.3550828998507909,462.0,53.0,1.0,524998.0,1.0,1328446.0,72588.0
2025-12-17T18:29:31.614785,2,19.468704447098876,1.8634596310867817,-0.3741795356115113,465.0,54.0,1.0,741706.0,1.0,984934.0,66722.0
2025-12-17T18:29:31.710736,3,19.480036527501564,1.8595603279752648,-0.39297633680711236,456.0,50.0,1.0,1010255.0,1.0,1321719.0,73280.0
2025-12-17T18:29:31.808725,4,19.490069255114424,1.8554725732708128,-0.4165409591227101,453.0,48.0,1.0,1102810.0,1.0,1695594.0,86469.0
2025-12-17T18:29:31.915086,5,19.500182964429477,1.8512519968557832,-0.44289846741908956,449.0,46.0,1.0,761032.0,1.0,1466440.0,75700.0
2025-12-17T18:29:32.611991,1,19.587748339524047,1.8253236461628557,-0.5732118525653987,475.0,59.0,1.0,731732.0,1.0,1537076.0,70961.0
2025-12-17T18:29:32.711332,2,19.596386091827764,1.8188591529985807,-0.5949896866425939,481.0,62.0,1.0,719454.0,1.0,989277.0,65713.0
2025-12-17T18:29:32.812997,3,19.605816229822814,1.8127079652911817,-0.6182933615486098,446.0,45.0,1.0,1009230.0,1.0,1326200.0,74027.0
2025-12-17T18:29:32.910749,4,19.614549791314797,1.8077046514058779,-0.630775806463924,453.0,48.0,1.0,1138460.0,1.0,1753963.0,86469.0
2025-12-17T18:29:33.011332,5,19.62292749659767,1.8005391511238589,-0.6545269982621846,458.0,51.0,1.0,766979.0,1.0,1479401.0,75036.0
2025-12-17T18:29:33.510688,0,19.665559934232608,1.764188327912839,-0.769231296667614,463.0,53.0,1.0,515839.0,1.0,1331597.0,72539.0
2025-12-17T18:29:33.612031,1,19.673479839096355,1.7562865239425136,-0.7876095535068903,472.0,58.0,1.0,713150.0,1.0,1538638.0,71153.0
2025-12-17T18:29:33.712932,3,19.681589583042793,1.7487074513618612,-0.8087887922677711,461.0,52.0,1.0,1001743.0,1.0,1321719.0,72958.0
2025-12-17T18:29:33.811852,4,19.667486181082495,1.7358209449571191,-0.8389987577494576,462.0,53.0,1.0,1140774.0,1.0,1688721.0,85711.0
2025-12-17T18:29:34.521571,0,19.712073090191026,1.6724973275492747,-0.9879878600526237,462.0,52.0,1.0,521103.0,1.0,1327547.0,72638.0
2025-12-17T18:29:34.611507,1,19.716047219205812,1.666059536489703,-1.0071458093701557,470.0,57.0,1.0,728766.0,1.0,1564367.0,71274.0
2025-12-17T18:29:34.712145,2,19.710028407325446,1.6550802182249296,-1.0324039146839967,470.0,56.0,1.0,730742.0,1.0,980278.0,66429.0
2025-12-17T18:29:34.812950,3,19.706171449471288,1.6442147891474441,-1.0533401002681977,463.0,53.0,1.0,1033776.0,1.0,1334304.0,72834.0
2025-12-17T18:29:34.910095,5,19.711861415040367,1.634477080763709,-1.0712093636468092,467.0,55.0,1.0,779013.0,1.0,1487434.0,74379.0
2025-12-17T18:29:35.610164,0,19.733321576354157,1.5580853919324849,-1.2278907932389642,468.0,55.0,1.0,517238.0,1.0,1312358.0,72221.0
2025-12-17T18:29:35.713778,1,19.7270730465953,1.5422050116751684,-1.2427858844267272,464.0,54.0,1.0,731732.0,1.0,1558554.0,71709.0
2025-12-17T18:29:35.814772,2,19.73131358096877,1.5315632274553774,-1.2670492063943284,454.0,49.0,1.0,732475.0,1.0,1008547.0,67448.0
2025-12-17T18:29:35.914098,3,19.73307869097296,1.5218490894052046,-1.2888129924028529,485.0,64.0,1.0,1000727.0,1.0,1326200.0,71298.0
2025-12-17T18:29:36.014025,4,19.735829199296706,1.5110257254958785,-1.3121076920673664,475.0,59.0,1.0,1095000.0,1.0,1688150.0,84673.0
2025-12-17T18:29:36.112460,5,19.73922202854169,1.5001288412064095,-1.3308523534354901,451.0,47.0,1.0,761547.0,1.0,1466936.0,75520.0
2025-12-17T18:29:36.513019,0,19.745016358402694,1.4503484836267564,-1.4096751934731646,468.0,56.0,1.0,514096.0,1.0,1357535.0,72196.0
2025-12-17T18:29:36.611031,1,19.741978263798472,1.4313444436432103,-1.4198090536526955,484.0,64.0,1.0,718480.0,1.0,1561722.0,70339.0
2025-12-17T18:29:36.712339,2,19.743196251179917,1.420197697221914,-1.4464629563483604,480.0,62.0,1.0,726304.0,1.0,1006501.0,65780.0
2025-12-17T18:29:36.808818,3,19.743932622611513,1.409783863453896,-1.4686286091039422,464.0,54.0,1.0,1007183.0,1.0,1338374.0,72736.0
2025-12-17T18:29:36.913006,4,19.745652789311585,1.3979000066114278,-1.489876052178734,449.0,46.0,1.0,1128104.0,1.0,1726283.0,86821.0
2025-12-17T18:29:37.012181,5,19.746407315740022,1.3870325924350482,-1.4988250541876786,473.0,58.0,1.0,751815.0,1.0,1463465.0,74002.0
2025-12-17T18:29:37.611325,0,19.722687624277846,1.3140391600022507,-1.503359434468111,487.0,65.0,2.0,526778.0,1.0,1336111.0,70889.0
2025-12-17T18:29:37.712817,1,19.723621399470495,1.3033683828381335,-1.498401540772123,479.0,61.0,1.0,723360.0,1.0,1545422.0,70721.0
2025-12-17T18:29:37.813022,2,19.724383161111966,1.2913497932745788,-1.5028348222787307,469.0,56.0,1.0,734461.0,1.0,1011624.0,66474.0
2025-12-17T18:29:37.912017,3,19.72549978695045,1.2796494381771648,-1.5031564526276673,459.0,51.0,1.0,1008547.0,1.0,1344731.0,73131.0
2025-12-17T18:29:38.012157,4,19.726375444607132,1.267635654409597,-1.5014313295153743,451.0,47.0,1.0,1124673.0,1.0,1699615.0,86674.0
2025-12-17T18:29:38.111460,5,19.727294651335463,1.2554980405935527,-1.5063728857742313,478.0,61.0,1.0,774544.0,1.0,1484919.0,73603.0
2025-12-17T18:29:38.615132,0,19.731816414598867,1.1976519090459483,-1.5053449506209757,471.0,57.0,1.0,520751.0,1.0,1334755.0,72001.0
2025-12-17T18:29:38.712110,1,19.732507763182916,1.1856620246480105,-1.5058310143692004,462.0,52.0,1.0,716537.0,1.0,1580867.0,71904.0
2025-12-17T18:29:38.810529,2,19.73347212116768,1.1742309740574939,-1.5090461668990984,475.0,59.0,1.0,730990.0,1.0,1015053.0,66115.0
2025-12-17T18:29:38.911456,3,19.73415360642289,1.1626229979005824,-1.5068057407272293,458.0,50.0,1.0,1028889.0,1.0,1334304.0,73205.0
2025-12-17T18:29:39.011350,4,19.73508234771739,1.1509808633602248,-1.5092752046992843,454.0,49.0,1.0,1118977.0,1.0,1746263.0,86381.0
2025-12-17T18:29:39.110637,5,19.735736824384666,1.139654542012476,-1.5070686974344774,468.0,56.0,1.0,766460.0,1.0,1506178.0,74304.0
2025-12-17T18:29:39.612886,0,19.738220077589855,1.082549566952716,-1.5092977622406256,473.0,58.0,1.0,519342.0,1.0,1336111.0,71855.0
2025-12-17T18:29:39.710377,1,19.738532915312064,1.071262914756458,-1.5102900728436885,462.0,53.0,1.0,739200.0,1.0,1559610.0,71855.0
2025-12-17T18:29:39.812562,2,19.739151379828492,1.0598429583707478,-1.5124685916922684,468.0,55.0,1.0,746491.0,1.0,1006842.0,66564.0
2025-12-17T18:29:39.912383,4,19.739661394683683,1.0482829127353757,-1.5085328313250095,454.0,48.0,1.0,1143480.0,1.0,1711738.0,86410.0
2025-12-17T18:29:40.011349,5,19.74046147075213,1.0350914639230915,-1.5129784143899696,469.0,56.0,1.0,781654.0,1.0,1501089.0,74253.0
2025-12-17T18:29:40.613129,0,19.742146609289957,0.9659591496169195,-1.4794765736970916,471.0,57.0,1.0,526956.0,1.0,1342457.0,72001.0
2025-12-17T18:29:40.709437,1,19.74288604508556,0.9583670070260624,-1.4807081067109817,464.0,54.0,1.0,739700.0,1.0,1582473.0,71709.0
2025-12-17T18:29:40.813668,2,19.74403988845478,0.9470243254530217,-1.4792656406715934,441.0,42.0,1.0,735456.0,1.0,1022294.0,68298.0
2025-12-17T18:29:40.914833,3,19.74511945427793,0.9358119285278956,-1.4800149892682641,460.0,51.0,1.0,1025065.0,1.0,1344731.0,73057.0
2025-12-17T18:29:41.011772,4,19.74664651699143,0.9247208033819252,-1.479749870423259,464.0,54.0,1.0,1117842.0,1.0,1711738.0,85566.0
2025-12-17T18:29:41.112858,5,19.747941094582043,0.9133237945359252,-1.478510135173532,461.0,52.0,1.0,765682.0,1.0,1507197.0,74833.0
2025-12-17T18:29:41.615567,0,19.753720283858428,0.8554766495789075,-1.4770009157371624,469.0,56.0,1.0,517238.0,1.0,1353864.0,72123.0
2025-12-17T18:29:41.713852,1,19.75508449215418,0.843896213584312,-1.4794506066985176,466.0,55.0,1.0,746743.0,1.0,1578728.0,71588.0
2025-12-17T18:29:41.810294,2,19.756114310443557,0.8316893625990058,-1.4779723274008336,465.0,54.0,1.0,735954.0,1.0,1010939.0,66744.0
2025-12-17T18:29:41.917020,3,19.75734532344723,0.8195767636698896,-1.47895443085756,477.0,60.0,1.0,1002761.0,1.0,1345186.0,71879.0
2025-12-17T18:29:42.009798,4,19.758516712196275,0.8080192456457542,-1.475991882430139,448.0,45.0,1.0,1133078.0,1.0,1750405.0,86938.0
2025-12-17T18:29:42.111100,5,19.76003772269001,0.7965777948197665,-1.4767339061262152,468.0,55.0,1.0,758717.0,1.0,1502105.0,74354.0
2025-12-17T18:29:42.609685,0,19.765797102368342,0.7390755978726542,-1.483424040199188,473.0,58.0,1.0,524465.0,1.0,1334755.0,71904.0
2025-12-17T18:29:42.709931,1,19.767081365812494,0.7275408086952879,-1.4829237134636057,467.0,55.0,1.0,735705.0,1.0,1562780.0,71564.0
2025-12-17T18:29:42.812452,2,19.76807699988768,0.7153530322955337,-1.479946168403781,469.0,56.0,1.0,731484.0,1.0,1027845.0,66496.0
2025-12-17T18:29:42.912571,3,19.769235995527254,0.7040853811023702,-1.4811816113190885,466.0,55.0,1.0,1021948.0,1.0,1359374.0,72588.0
2025-12-17T18:29:43.011889,4,19.76991214983619,0.6928430341119753,-1.4809286616143587,480.0,62.0,1.0,1135766.0,1.0,1736832.0,84245.0
2025-12-17T18:29:43.115422,5,19.770957351439108,0.6817926463100097,-1.4836223166077198,463.0,53.0,1.0,769058.0,1.0,1540201.0,74707.0
2025-12-17T18:29:43.611022,0,19.783599468797696,0.6229928404284308,-1.4799050187794451,486.0,65.0,2.0,514967.0,1.0,1354323.0,70961.0
2025-12-17T18:29:43.712942,1,19.784702963800655,0.6116045929750022,-1.4766968294856715,462.0,53.0,1.0,734213.0,1.0,1579797.0,71855.0
2025-12-17T18:29:43.813541,2,19.78533721087749,0.5998034363665905,-1.4781805387619662,475.0,59.0,1.0,739450.0,1.0,1028541.0,66115.0
2025-12-17T18:29:43.916347,3,19.78547331337302,0.5894257734250452,-1.4764340094107231,472.0,58.0,1.0,1016429.0,1.0,1352490.0,72196.0
2025-12-17T18:29:44.010407,4,19.786195317147648,0.5779369902489666,-1.475962309048096,443.0,43.0,1.0,1112181.0,1.0,1752183.0,87322.0
2025-12-17T18:29:44.111693,5,19.7862207072871,0.5668809166979951,-1.481656471576923,455.0,49.0,1.0,765164.0,1.0,1522579.0,75291.0
2025-12-17T18:29:44.611649,0,19.791191034424813,0.508051814550468,-1.4838936049136273,468.0,56.0,1.0,525175.0,1.0,1350204.0,72221.0
2025-12-17T18:29:44.713070,1,19.792394688739606,0.49617083868468015,-1.4788208361283732,459.0,51.0,1.0,734461.0,1.0,1568609.0,72099.0
2025-12-17T18:29:44.810287,2,19.794118771132343,0.4841533825334796,-1.4810367673695808,464.0,54.0,1.0,740201.0,1.0,1023332.0,66812.0
2025-12-17T18:29:44.911625,3,19.79507533639739,0.4729548442071856,-1.4783079458645736,444.0,44.0,1.0,1014367.0,1.0,1370461.0,74178.0
2025-12-17T18:29:45.012978,4,19.795770828938558,0.46144429871098147,-1.477788693005978,449.0,46.0,1.0,1138845.0,1.0,1756339.0,86850.0
2025-12-17T18:29:45.109984,5,19.797169677396077,0.45038965296241074,-1.477802993804833,466.0,54.0,1.0,784304.0,1.0,1555919.0,74505.0
2025-12-17T18:29:45.610115,0,19.803050370179832,0.39315252753237573,-1.47012276463655,470.0,56.0,1.0,524288.0,1.0,1353406.0,72123.0
2025-12-17T18:29:45.707905,1,19.80390208309111,0.3819630943181185,-1.4696384432539755,464.0,53.0,1.0,729260.0,1.0,1582473.0,71758.0
2025-12-17T18:29:45.814444,2,19.805023205243025,0.370342518377603,-1.4723643523390333,460.0,51.0,1.0,734959.0,1.0,1046448.0,67107.0
2025-12-17T18:29:45.910721,3,19.806545044949463,0.3583547905939035,-1.4721072552175576,466.0,54.0,1.0,1040797.0,1.0,1360295.0,72638.0
2025-12-17T18:29:46.016908,4,19.807305180893344,0.34627621525464036,-1.4743260841429793,453.0,48.0,1.0,1113311.0,1.0,1725699.0,86527.0
2025-12-17T18:29:46.119109,5,19.80854725742989,0.33495924835689017,-1.4716729367079004,458.0,51.0,1.0,762837.0,1.0,1558554.0,75036.0
2025-12-17T18:29:46.612099,0,19.842020250649902,0.26930686930136893,-1.4451129489713437,468.0,55.0,1.0,520046.0,1.0,1382106.0,72245.0
2025-12-17T18:29:46.713456,1,19.843113999559705,0.2579473240049399,-1.4488359771482044,478.0,61.0,1.0,731484.0,1.0,1576593.0,70793.0
2025-12-17T18:29:46.809397,2,19.84487597794223,0.24649260375649007,-1.452284883233483,464.0,54.0,1.0,739200.0,1.0,1049286.0,66812.0
2025-12-17T18:29:46.910242,3,19.84647945735752,0.23487584399979866,-1.4478011772546255,468.0,55.0,1.0,998696.0,1.0,1370461.0,72515.0
2025-12-17T18:29:47.015994,4,19.8481660425359,0.2230133497316249,-1.4525072639050385,454.0,48.0,1.0,1129250.0,1.0,1767072.0,86440.0
2025-12-17T18:29:47.111550,5,19.849577309576627,0.21130058269503849,-1.4475710995291238,472.0,58.0,1.0,779541.0,1.0,1540201.0,74052.0
2025-12-17T18:29:47.610548,0,19.856401065203602,0.15356327671021397,-1.444085925948119,468.0,55.0,1.0,525175.0,1.0,1392907.0,72245.0
2025-12-17T18:29:47.714398,1,19.857351021974644,0.14223439321406772,-1.4475557031989166,481.0,62.0,1.0,741204.0,1.0,1588913.0,70602.0
2025-12-17T18:29:47.811098,2,19.85856102060612,0.1308844629356294,-1.445562190878803,469.0,56.0,1.0,760002.0,1.0,1023332.0,66541.0
2025-12-17T18:29:47.914612,3,19.85962367861478,0.11940916280204483,-1.4475462790570508,475.0,59.0,1.0,1008888.0,1.0,1346553.0,72001.0
2025-12-17T18:29:48.016939,4,19.86110878379488,0.10795610053646776,-1.448991405805657,450.0,46.0,1.0,1150857.0,1.0,1767072.0,86791.0
2025-12-17T18:29:48.113099,5,19.862667892274192,0.09651830607125689,-1.4462854092233588,451.0,47.0,1.0,785367.0,1.0,1559610.0,75572.0
2025-12-17T18:29:48.617626,0,19.872773188385928,0.04000799468413163,-1.3725590420024794,478.0,60.0,1.0,523755.0,1.0,1359374.0,71564.0
2025-12-17T18:29:48.715157,1,19.874464427740193,0.029329728922879994,-1.352066433754063,490.0,67.0,2.0,724095.0,1.0,1564367.0,69983.0
2025-12-17T18:29:48.813815,2,19.876408590583516,0.018301807192857567,-1.330889706590368,458.0,50.0,1.0,732228.0,1.0,1051774.0,67243.0
2025-12-17T18:29:48.910408,3,19.87969372007948,0.0078092685307460386,-1.3074375664799307,460.0,52.0,1.0,1016429.0,1.0,1354323.0,73032.0
2025-12-17T18:29:49.017039,4,19.88593773725289,-0.004871737793500586,-1.2675205923377018,462.0,52.0,1.0,1152026.0,1.0,1799055.0,85769.0
2025-12-17T18:29:49.114271,5,19.888178469005382,-0.012104781853350843,-1.253418812827782,455.0,49.0,1.0,770100.0,1.0,1573394.0,75265.0
2025-12-17T18:29:49.611728,0,19.954100360429877,-0.05799436459684948,-1.1103466498335008,480.0,62.0,1.0,519870.0,1.0,1350204.0,71419.0
2025-12-17T18:29:49.716313,1,19.959116967271598,-0.06690112499595458,-1.0909896318617436,484.0,64.0,1.0,730742.0,1.0,1574460.0,70411.0
2025-12-17T18:29:49.814357,2,19.964106547530502,-0.07648330130928471,-1.0644118459783416,471.0,57.0,1.0,720916.0,1.0,1051774.0,66429.0
2025-12-17T18:29:49.911091,3,19.96874231297766,-0.08600736410173226,-1.038672622531483,476.0,60.0,1.0,1018150.0,1.0,1355240.0,71928.0
2025-12-17T18:29:50.012525,4,19.97463442050283,-0.09633634488330323,-1.0180617460237122,478.0,60.0,1.0,1142319.0,1.0,1797838.0,84473.0
2025-12-17T18:29:50.113762,5,19.980756691346258,-0.10606495842433361,-1.00145010164868,471.0,57.0,1.0,785898.0,1.0,1580867.0,74128.0
2025-12-17T18:29:50.619716,0,19.997497760454102,-0.13778466760079588,-0.8657782232995047,478.0,61.0,1.0,523755.0,1.0,1364445.0,71540.0
2025-12-17T18:29:50.709645,2,20.002423226466828,-0.14323832400469172,-0.8508047542707352,470.0,56.0,1.0,742710.0,1.0,1066832.0,66474.0
2025-12-17T18:29:50.814268,3,20.012659970195415,-0.15386861499536764,-0.8222951881700207,472.0,58.0,1.0,1036578.0,1.0,1386323.0,72196.0
2025-12-17T18:29:50.912749,4,20.01745125152855,-0.1590631102263682,-0.8082579775516718,472.0,57.0,1.0,1130397.0,1.0,1748037.0,84989.0
2025-12-17T18:29:51.012350,5,20.02313430240846,-0.1678710155444385,-0.7747136523239547,466.0,55.0,1.0,771143.0,1.0,1564367.0,74480.0
2025-12-17T18:29:51.611521,1,20.06466489817184,-0.20491328375115536,-0.6222433974559085,474.0,59.0,1.0,746996.0,1.0,1588913.0,71057.0
2025-12-17T18:29:51.712054,2,20.074514819045543,-0.21100345754739536,-0.6012386029788904,480.0,62.0,1.0,735954.0,1.0,1057485.0,65802.0
2025-12-17T18:29:51.808216,3,20.083935711803164,-0.21754785378887576,-0.5796573360771797,477.0,60.0,1.0,1007865.0,1.0,1357995.0,71904.0
2025-12-17T18:29:51.910903,4,20.093501671382395,-0.22388672312525237,-0.5610909496108704,465.0,54.0,1.0,1140774.0,1.0,1787524.0,85566.0
2025-12-17T18:29:52.012574,5,20.102752815606557,-0.2295679402471098,-0.5424532668448016,473.0,58.0,1.0,775068.0,1.0,1573927.0,74027.0
2025-12-17T18:29:52.612109,0,20.098893984407606,-0.24476063065856302,-0.3683386708906617,454.0,49.0,1.0,529997.0,1.0,1364445.0,73230.0
2025-12-17T18:29:52.713548,1,20.10979642953417,-0.24871681879091057,-0.3432927567766303,488.0,66.0,2.0,740452.0,1.0,1563309.0,70125.0
2025-12-17T18:29:52.809828,2,20.120655927849842,-0.25175619696470264,-0.3228199673709807,449.0,46.0,1.0,752324.0,1.0,1047511.0,67860.0
2025-12-17T18:29:52.909328,3,20.13161019961948,-0.25483218025411425,-0.29900627816435527,468.0,56.0,1.0,1032726.0,1.0,1377436.0,72490.0
2025-12-17T18:29:53.013739,4,20.141624531919884,-0.2587715354014719,-0.27666699743108947,478.0,61.0,1.0,1141933.0,1.0,1773663.0,84473.0
2025-12-17T18:29:53.113624,5,20.152828647497515,-0.26165783203449244,-0.25132323058917294,459.0,51.0,1.0,784570.0,1.0,1594840.0,75036.0
2025-12-17T18:29:53.611548,0,20.13717654175085,-0.25084399625626297,-0.12623110684655162,452.0,47.0,1.0,524998.0,1.0,1392436.0,73404.0
2025-12-17T18:29:53.715710,1,20.147908132593972,-0.25203140137334046,-0.10588460081898952,478.0,61.0,1.0,744472.0,1.0,1591066.0,70793.0
2025-12-17T18:29:53.811535,3,20.158845150600555,-0.25315745080277274,-0.08239388589307024,472.0,57.0,1.0,1031329.0,1.0,1407122.0,72245.0
2025-12-17T18:29:53.913179,4,20.16988769605017,-0.254267452951245,-0.06169076000242828,443.0,43.0,1.0,1128485.0,1.0,1819261.0,87351.0
2025-12-17T18:29:54.010189,5,20.182112763752755,-0.25513111950617606,-0.03899810344350612,465.0,54.0,1.0,777170.0,1.0,1588913.0,74606.0
2025-12-17T18:29:54.610678,0,20.184061603402,-0.2575934854332935,0.06978657973801214,448.0,46.0,1.0,524998.0,1.0,1376970.0,73653.0
2025-12-17T18:29:54.712290,1,20.194891750881396,-0.2576030207900626,0.09459828524372095,467.0,55.0,1.0,742962.0,1.0,1611115.0,71588.0
2025-12-17T18:29:54.811752,2,20.20582797625677,-0.255949030405219,0.11749157098385087,450.0,47.0,1.0,738949.0,1.0,1083938.0,67792.0
2025-12-17T18:29:54.910825,3,20.21730321465758,-0.2538625840356996,0.13483509369507535,458.0,51.0,1.0,1026107.0,1.0,1383979.0,73205.0
2025-12-17T18:29:55.011971,4,20.2279971079598,-0.2521517777490292,0.15457254661863593,443.0,43.0,1.0,1152026.0,1.0,1786919.0,87351.0
2025-12-17T18:29:55.111339,5,20.232201331494984,-0.24888052928669424,0.1794681675831822,471.0,57.0,1.0,802021.0,1.0,1600788.0,74178.0
2025-12-17T18:29:55.613128,0,20.26407797655837,-0.23154820113549235,0.29004254708337907,445.0,44.0,1.0,523755.0,1.0,1420520.0,73877.0
2025-12-17T18:29:55.709274,1,20.27434743432533,-0.22825416218539374,0.31151227118659436,446.0,45.0,1.0,752070.0,1.0,1599705.0,73032.0
2025-12-17T18:29:55.812998,2,20.285268835270557,-0.22514360665569555,0.33577319500161357,465.0,54.0,1.0,751561.0,1.0,1065028.0,66789.0
2025-12-17T18:29:55.916445,3,20.295553483200884,-0.22181894718504935,0.3582798430849772,447.0,45.0,1.0,1061430.0,1.0,1394794.0,74027.0
2025-12-17T18:29:56.010304,4,20.293190172187117,-0.21539627902960845,0.3826753280076158,454.0,49.0,1.0,1142706.0,1.0,1783897.0,86440.0
2025-12-17T18:29:56.613106,0,20.301263051324085,-0.17692046090201963,0.528853536740054,476.0,59.0,1.0,532874.0,1.0,1359374.0,71709.0
2025-12-17T18:29:56.711059,1,20.312513914306795,-0.16966187820807654,0.5553501283176077,458.0,50.0,1.0,760002.0,1.0,1607847.0,72245.0
2025-12-17T18:29:56.809145,2,20.321783199417766,-0.16427566077190647,0.5742323218705983,455.0,49.0,1.0,753598.0,1.0,1077719.0,67448.0
2025-12-17T18:29:56.917667,3,20.324175533174376,-0.15616257051863514,0.5954471279160927,447.0,45.0,1.0,1011624.0,1.0,1383979.0,74052.0
2025-12-17T18:29:57.011304,4,20.278217805725415,-0.1427962870307482,0.6205821776359027,431.0,37.0,1.0,1160243.0,1.0,1811275.0,88452.0
2025-12-17T18:29:57.112103,5,20.28151039466531,-0.13646401715700662,0.6462452037923169,446.0,45.0,1.0,785367.0,1.0,1607847.0,75982.0
2025-12-17T18:29:57.610878,0,20.325102833301347,-0.09751939437961177,0.7640183179265366,458.0,51.0,1.0,520222.0,1.0,1392436.0,72958.0
2025-12-17T18:29:57.709943,1,20.33368509469809,-0.08953198675255791,0.7825160363226992,455.0,49.0,1.0,754109.0,1.0,1601872.0,72417.0
2025-12-17T18:29:57.815344,2,20.338912242343852,-0.07817273962178284,0.805895619121749,441.0,42.0,1.0,761032.0,1.0,1082472.0,68391.0
2025-12-17T18:29:57.911539,3,20.333565511960547,-0.05588654124465897,0.85038795879778,453.0,48.0,1.0,1045740.0,1.0,1412370.0,73603.0
2025-12-17T18:29:58.015739,4,20.338984577864153,-0.045125929889614724,0.8748152260419811,426.0,35.0,1.0,1184446.0,1.0,1810662.0,88872.0
2025-12-17T18:29:58.115099,5,20.34585775536707,-0.0361303452069226,0.8944108541631328,461.0,52.0,1.0,790969.0,1.0,1600788.0,74884.0
2025-12-17T18:29:58.612203,0,20.37912862824824,0.009246603625454597,1.0001911530488545,453.0,48.0,1.0,536131.0,1.0,1393378.0,73329.0
2025-12-17T18:29:58.715290,1,20.38520809375371,0.020741168031095825,1.0222200561264663,454.0,49.0,1.0,760002.0,1.0,1621509.0,72490.0
2025-12-17T18:29:58.811632,2,20.38552774303493,0.04842186082646194,1.0527180236488844,435.0,39.0,1.0,751561.0,1.0,1087981.0,68809.0
2025-12-17T18:29:58.912790,3,20.389485941215707,0.06185507222884645,1.078050330793255,448.0,46.0,1.0,1046094.0,1.0,1423889.0,73927.0
2025-12-17T18:29:59.014568,4,20.3955714375554,0.07187510840094014,1.1019341502915214,453.0,48.0,1.0,1145029.0,1.0,1835962.0,86557.0
2025-12-17T18:29:59.114525,5,20.400979139174204,0.08219505261451232,1.1226067716140287,449.0,46.0,1.0,794456.0,1.0,1607847.0,75777.0
2025-12-17T18:29:59.610760,0,20.423331552716256,0.13468556522887098,1.2285813074583978,451.0,47.0,1.0,535224.0,1.0,1400470.0,73453.0
2025-12-17T18:29:59.714954,1,20.42710485630426,0.1444105143774621,1.2551787993259544,445.0,44.0,1.0,749275.0,1.0,1631970.0,73156.0
2025-12-17T18:29:59.814531,2,20.416905093724974,0.1674018468437115,1.288226130510724,438.0,41.0,1.0,746743.0,1.0,1090562.0,68576.0
2025-12-17T18:29:59.913841,3,20.40496420305846,0.19240337530585627,1.3194904979046043,446.0,45.0,1.0,1041502.0,1.0,1413327.0,74128.0
2025-12-17T18:30:00.012463,4,20.407760721108573,0.20393761737466853,1.335767703047038,439.0,41.0,1.0,1173274.0,1.0,1817415.0,87737.0
2025-12-17T18:30:00.114021,5,20.410438316397094,0.21588878589293792,1.358601629874462,459.0,51.0,1.0,789898.0,1.0,1632522.0,75036.0
2025-12-17T18:30:00.614846,0,20.41859232495547,0.2733319306814881,1.475718095821954,449.0,46.0,1.0,537402.0,1.0,1393850.0,73578.0
2025-12-17T18:30:00.716239,1,20.398781928815534,0.30320773659386013,1.5263345252392944,454.0,49.0,1.0,743213.0,1.0,1617125.0,72515.0
2025-12-17T18:30:00.810793,2,20.39128874721924,0.31519246134828727,1.5397771533698534,436.0,40.0,1.0,763612.0,1.0,1098712.0,68716.0
2025-12-17T18:30:00.913762,3,20.39208371109433,0.32622731711229314,1.5442550393471604,442.0,43.0,1.0,1084672.0,1.0,1418598.0,74379.0
2025-12-17T18:30:01.013181,4,20.392148725280695,0.33741824389266384,1.5440125764238481,454.0,49.0,1.0,1153977.0,1.0,1832858.0,86469.0
2025-12-17T18:30:01.116499,5,20.392409980050772,0.34908037635040223,1.5437648639778252,463.0,53.0,1.0,812953.0,1.0,1657016.0,74758.0
2025-12-17T18:30:01.612105,0,20.38664515051793,0.4140735456049658,1.5513059844056563,448.0,46.0,1.0,537402.0,1.0,1403792.0,73653.0
2025-12-17T18:30:01.713039,1,20.3789495891143,0.43436971759340004,1.5602809365977446,429.0,37.0,1.0,753598.0,1.0,1646394.0,74304.0
2025-12-17T18:30:01.809669,2,20.378654792447982,0.44629936290683503,1.5610244642442141,442.0,43.0,1.0,759231.0,1.0,1094259.0,68321.0
2025-12-17T18:30:01.913100,3,20.379338923090053,0.4576294535116503,1.5595415909721648,462.0,53.0,1.0,1030980.0,1.0,1414762.0,72958.0
2025-12-17T18:30:02.012900,4,20.379293241794933,0.46947855921471593,1.5545739269281402,443.0,43.0,1.0,1176455.0,1.0,1850936.0,87381.0
2025-12-17T18:30:02.115437,5,20.379470981380862,0.48131429934202963,1.5580126138428723,433.0,39.0,1.0,786431.0,1.0,1643611.0,76939.0
2025-12-17T18:30:02.613322,0,20.380435476763175,0.5382490065472485,1.5589838966467446,449.0,46.0,1.0,520398.0,1.0,1423408.0,73628.0
2025-12-17T18:30:02.710635,1,20.3815500739674,0.5498881222630665,1.550135114441321,460.0,51.0,1.0,740201.0,1.0,1639166.0,72123.0
2025-12-17T18:30:02.815166,2,20.381705182029954,0.5615038546312423,1.5526018937140031,428.0,36.0,1.0,751815.0,1.0,1108423.0,69276.0
2025-12-17T18:30:02.912356,4,20.38166429502194,0.5737900886682006,1.5558433415071755,429.0,37.0,1.0,1171290.0,1.0,1808212.0,88632.0
2025-12-17T18:30:03.013312,5,20.380904150957726,0.5855808964347808,1.5563556914571586,460.0,52.0,1.0,823476.0,1.0,1648625.0,74960.0
2025-12-17T18:30:03.610617,0,20.381073488436336,0.6551038897079344,1.5642655347678756,452.0,48.0,1.0,529997.0,1.0,1420039.0,73379.0
2025-12-17T18:30:03.713651,1,20.380351333638618,0.6667339475601128,1.563044849595155,442.0,43.0,1.0,754875.0,1.0,1612206.0,73404.0
2025-12-17T18:30:03.814962,2,20.380636491282647,0.678897084496084,1.5620568892122217,444.0,44.0,1.0,775856.0,1.0,1117085.0,68229.0
2025-12-17T18:30:03.913447,3,20.38061873624826,0.6912731596950152,1.56094848481511,437.0,41.0,1.0,1045033.0,1.0,1439882.0,74732.0
2025-12-17T18:30:04.014380,4,20.380684697763144,0.7027720756813967,1.5602090700416646,433.0,39.0,1.0,1193702.0,1.0,1890187.0,88243.0
2025-12-17T18:30:04.111414,5,20.38117049167976,0.7143945616611997,1.5549822069709465,451.0,47.0,1.0,799852.0,1.0,1662633.0,75623.0
2025-12-17T18:30:04.615586,0,20.37267812874143,0.7835405707092793,1.5720445831309815,445.0,44.0,1.0,527313.0,1.0,1401419.0,73927.0
2025-12-17T18:30:04.714727,1,20.371905472943187,0.7951364074233851,1.5730216873216254,442.0,43.0,1.0,757178.0,1.0,1647509.0,73379.0
2025-12-17T18:30:04.811637,2,20.37230345257386,0.8070656908708411,1.573285291034333,425.0,35.0,1.0,748515.0,1.0,1131162.0,69464.0
2025-12-17T18:30:04.919040,3,20.371664015257384,0.8180935827016871,1.5725383608724797,428.0,36.0,1.0,1049286.0,1.0,1457040.0,75418.0
2025-12-17T18:30:05.013855,5,20.372543105406855,0.8286262058567431,1.572762084356846,450.0,46.0,1.0,793919.0,1.0,1666577.0,75725.0
2025-12-17T18:30:05.610303,0,20.373513074418323,0.8981857338525643,1.5653542774107745,443.0,43.0,1.0,527491.0,1.0,1412370.0,74027.0
2025-12-17T18:30:05.709140,1,20.3735459785818,0.9093907174402318,1.5712793372814629,449.0,46.0,1.0,756922.0,1.0,1628108.0,72908.0
2025-12-17T18:30:05.810830,2,20.373632638418762,0.9218697530988909,1.5707937548211184,434.0,39.0,1.0,766200.0,1.0,1112558.0,68902.0
2025-12-17T18:30:05.915798,3,20.373069330228027,0.9338843180050382,1.5707845188319423,428.0,36.0,1.0,1040797.0,1.0,1441345.0,75393.0
2025-12-17T18:30:06.012477,4,20.373777704263105,0.9459144569133695,1.5710296118343265,454.0,49.0,1.0,1190071.0,1.0,1852817.0,86469.0
2025-12-17T18:30:06.110435,5,20.373270497192966,0.9575865170993438,1.567803274310305,444.0,44.0,1.0,822640.0,1.0,1695594.0,76136.0
2025-12-17T18:30:06.614176,0,20.373826238871008,1.0185438978519503,1.5652963556883226,434.0,39.0,1.0,529280.0,1.0,1410460.0,74707.0
2025-12-17T18:30:06.713285,1,20.374103957450107,1.026115321303319,1.5670245914799223,435.0,40.0,1.0,757947.0,1.0,1657016.0,73877.0
2025-12-17T18:30:06.817266,2,20.347262422282068,1.047803284139718,1.6010630897049305,408.0,27.0,1.0,766460.0,1.0,1115952.0,70625.0
2025-12-17T18:30:06.911462,3,20.336158622059695,1.0602114477510742,1.6204573739380623,434.0,39.0,1.0,1065028.0,1.0,1448190.0,74960.0
2025-12-17T18:30:07.015844,4,20.336133145666878,1.072306081426298,1.6185264582115066,448.0,46.0,1.0,1158673.0,1.0,1836584.0,86968.0
2025-12-17T18:30:07.112150,5,20.33503257836399,1.0835150268710692,1.6185300352969223,438.0,41.0,1.0,801750.0,1.0,1683015.0,76576.0
2025-12-17T18:30:07.609690,0,20.332102083439025,1.1412318567315083,1.620500444962605,443.0,43.0,1.0,521986.0,1.0,1423408.0,74052.0
2025-12-17T18:30:07.711008,1,20.332120031773,1.1530817692975184,1.621735207652518,434.0,39.0,1.0,740452.0,1.0,1651976.0,73927.0
2025-12-17T18:30:07.813570,2,20.330988418050016,1.1642535698337522,1.6207538742703107,430.0,37.0,1.0,764129.0,1.0,1126959.0,69182.0
2025-12-17T18:30:07.914395,3,20.330582708430544,1.1757638171384137,1.6252037131052404,444.0,44.0,1.0,1034826.0,1.0,1465943.0,74253.0
2025-12-17T18:30:08.011787,4,20.32979184829442,1.1877860912658402,1.6229779687653916,444.0,44.0,1.0,1184847.0,1.0,1863508.0,87322.0
2025-12-17T18:30:08.113108,5,20.32877404919806,1.1990426365378521,1.624210109866999,451.0,47.0,1.0,824033.0,1.0,1695020.0,75623.0
2025-12-17T18:30:08.613407,0,20.326136076668355,1.256668728382948,1.6274699256298324,436.0,40.0,1.0,536857.0,1.0,1410460.0,74581.0
2025-12-17T18:30:08.713894,2,20.325951643717456,1.2683255755704081,1.6240598654761682,438.0,41.0,1.0,756922.0,1.0,1126577.0,68646.0
2025-12-17T18:30:08.811213,3,20.3246343744243,1.2807490379522406,1.6235642031174553,441.0,42.0,1.0,1067916.0,1.0,1464951.0,74505.0
2025-12-17T18:30:08.913188,4,20.3247206721711,1.2924287067969242,1.6253043906663482,439.0,42.0,1.0,1186452.0,1.0,1845931.0,87737.0
2025-12-17T18:30:09.013891,5,20.323664875705916,1.3042410025747007,1.6211055080312466,453.0,48.0,1.0,820971.0,1.0,1683585.0,75520.0
2025-12-17T18:30:09.613706,0,20.308937044938354,1.3919985722301185,1.6010039129973217,444.0,44.0,1.0,525531.0,1.0,1447700.0,74027.0
2025-12-17T18:30:09.714518,1,20.308823747265745,1.403199447723738,1.5769796799579092,439.0,42.0,1.0,761805.0,1.0,1641943.0,73578.0
2025-12-17T18:30:09.814343,2,20.309532210227477,1.4146192418318506,1.5483243018210204,431.0,38.0,1.0,768538.0,1.0,1126196.0,69089.0
2025-12-17T18:30:09.917779,3,20.310387621768335,1.4255799543260643,1.5278235436640866,446.0,45.0,1.0,1051774.0,1.0,1466936.0,74153.0
2025-12-17T18:30:10.010787,4,20.310238435596773,1.4372888526699032,1.5097431849277667,448.0,46.0,1.0,1216542.0,1.0,1902381.0,87027.0
2025-12-17T18:30:10.110492,5,20.311559908039868,1.4488988072899023,1.4877088169450425,450.0,47.0,1.0,799852.0,1.0,1723365.0,75725.0
2025-12-17T18:30:10.615403,1,20.318783892789913,1.5039795969109466,1.3741066094677925,429.0,37.0,1.0,745228.0,1.0,1651976.0,74354.0
2025-12-17T18:30:10.710582,2,20.321816669927,1.5146583448446087,1.3526444826782487,445.0,44.0,1.0,760774.0,1.0,1131162.0,68160.0
2025-12-17T18:30:10.815722,3,20.323716115882547,1.525706293415512,1.3335713480293458,443.0,43.0,1.0,1040797.0,1.0,1460990.0,74379.0
2025-12-17T18:30:10.914231,4,20.326124464122973,1.5381303575383454,1.3094197401529983,435.0,40.0,1.0,1191280.0,1.0,1878071.0,88094.0
2025-12-17T18:30:11.011368,5,20.329011901575033,1.5486105263026637,1.2871218631827048,455.0,49.0,1.0,822640.0,1.0,1688150.0,75367.0
2025-12-17T18:30:11.612437,0,20.33654623773438,1.6104436867381455,1.1507844316457116,451.0,47.0,1.0,530715.0,1.0,1423889.0,73503.0
2025-12-17T18:30:11.711080,1,20.341313119815837,1.621405027755067,1.1305707356940102,445.0,44.0,1.0,761805.0,1.0,1643054.0,73156.0
2025-12-17T18:30:11.808258,2,20.346370778249607,1.6324298056080897,1.1031440731524944,438.0,41.0,1.0,757690.0,1.0,1136150.0,68646.0
2025-12-17T18:30:11.913822,3,20.351946535262666,1.6418102511109058,1.0813082105624958,423.0,34.0,1.0,1073715.0,1.0,1465447.0,75828.0
2025-12-17T18:30:12.012383,4,20.35670634386955,1.651990628927619,1.0610593124335588,455.0,49.0,1.0,1223562.0,1.0,1855327.0,86410.0
2025-12-17T18:30:12.111042,5,20.36276187930075,1.6616891553251065,1.0378284766814145,443.0,43.0,1.0,804195.0,1.0,1696168.0,76214.0
2025-12-17T18:30:12.611785,0,20.382734521109278,1.7054122493249313,0.9222199542058589,454.0,49.0,1.0,530355.0,1.0,1408551.0,73280.0
2025-12-17T18:30:12.714384,1,20.389450930693975,1.7134319334058468,0.8986855368329161,439.0,41.0,1.0,770622.0,1.0,1668270.0,73603.0
2025-12-17T18:30:12.813393,2,20.39670704597502,1.7225229372103446,0.8836482868579184,431.0,38.0,1.0,750290.0,1.0,1132311.0,69089.0
2025-12-17T18:30:12.915538,3,20.403375811176147,1.7309210298178463,0.8606006557552145,441.0,43.0,1.0,1041502.0,1.0,1451134.0,74480.0
2025-12-17T18:30:13.013894,4,20.411121292609714,1.7383905979688112,0.8336274721395113,455.0,49.0,1.0,1192490.0,1.0,1892107.0,86440.0
2025-12-17T18:30:13.114334,5,20.41885805330097,1.7462788645154301,0.806783528612604,437.0,40.0,1.0,815157.0,1.0,1707110.0,76705.0
2025-12-17T18:30:13.609444,0,20.44513629620799,1.7629962893113742,0.7082577188022728,440.0,42.0,1.0,526778.0,1.0,1435503.0,74304.0
2025-12-17T18:30:13.711055,1,20.453414474469824,1.7703277876012002,0.693717349390879,444.0,44.0,1.0,762320.0,1.0,1649741.0,73280.0
2025-12-17T18:30:13.811554,3,20.46147053293079,1.777082422781783,0.6623420396754004,433.0,38.0,1.0,1036228.0,1.0,1469918.0,75113.0
2025-12-17T18:30:13.915032,4,20.470840263262517,1.782569467902702,0.6360802545342735,463.0,53.0,1.0,1180843.0,1.0,1860987.0,85798.0
2025-12-17T18:30:14.009724,5,20.480042369072336,1.7892933195999934,0.6095736018430398,441.0,42.0,1.0,814881.0,1.0,1682446.0,76420.0
2025-12-17T18:30:14.612581,0,20.499478010208435,1.8192206453096382,0.49122119316040946,434.0,39.0,1.0,536857.0,1.0,1434046.0,74758.0
2025-12-17T18:30:14.715449,1,20.50965783698521,1.8240616612626024,0.46332769310681393,467.0,55.0,1.0,776644.0,1.0,1641943.0,71661.0
2025-12-17T18:30:14.811302,2,20.52033886548645,1.8292485814240846,0.44177562202639836,456.0,50.0,1.0,766460.0,1.0,1137304.0,67448.0
2025-12-17T18:30:14.913354,3,20.53107444206308,1.8347502352404215,0.4215533094201947,438.0,41.0,1.0,1048576.0,1.0,1481906.0,74758.0
2025-12-17T18:30:15.016172,4,20.544603387283495,1.840586075207347,0.38610310188777897,447.0,45.0,1.0,1197343.0,1.0,1871092.0,87086.0
2025-12-17T18:30:15.114613,5,20.551512571879407,1.8431989626610594,0.3670693843815607,439.0,41.0,1.0,806649.0,1.0,1755745.0,76550.0
2025-12-17T18:30:15.612244,0,20.5711212462976,1.8504863667257005,0.24178446158186348,466.0,54.0,1.0,525709.0,1.0,1439882.0,72490.0
2025-12-17T18:30:15.709110,1,20.58144592724488,1.8531672534735222,0.22396702069458946,443.0,43.0,1.0,762837.0,1.0,1650299.0,73329.0
2025-12-17T18:30:15.811733,2,20.592072538468972,1.8549119359528436,0.19776502687814215,469.0,56.0,1.0,769319.0,1.0,1141546.0,66654.0
2025-12-17T18:30:15.914180,3,20.603225199811277,1.8559815079779955,0.17250945372043971,454.0,48.0,1.0,1062868.0,1.0,1466440.0,73628.0
2025-12-17T18:30:16.014840,4,20.61429969863113,1.8577639304729434,0.15096710820244508,455.0,49.0,1.0,1199371.0,1.0,1860987.0,86469.0
2025-12-17T18:30:16.113244,5,20.60047750367679,1.8558746766113536,0.13482025239373938,462.0,53.0,1.0,819028.0,1.0,1724531.0,74833.0
2025-12-17T18:30:16.612037,0,20.637610872388358,1.8576320901358958,0.022229898854208997,453.0,48.0,1.0,536675.0,1.0,1439882.0,73379.0
2025-12-17T18:30:16.711695,1,20.64856828213044,1.8573367391414735,-0.003857326487095695,468.0,55.0,1.0,756922.0,1.0,1674493.0,71612.0
2025-12-17T18:30:16.808361,2,20.66043660383417,1.857162887583943,-0.02523478360510444,458.0,51.0,1.0,766719.0,1.0,1157497.0,67311.0
2025-12-17T18:30:16.914069,3,20.67165730016988,1.857156291771247,-0.04233485649063445,440.0,42.0,1.0,1065028.0,1.0,1472906.0,74606.0
2025-12-17T18:30:17.014933,4,20.68312111694455,1.8569122995381644,-0.06779665161216031,447.0,45.0,1.0,1182443.0,1.0,1824811.0,87145.0
2025-12-17T18:30:17.112174,5,20.67828470282074,1.8535225713114691,-0.08712737404459266,460.0,51.0,1.0,795533.0,1.0,1688721.0,75036.0
2025-12-17T18:30:17.616948,0,20.688876599881016,1.838369600280929,-0.2087248043994084,446.0,45.0,1.0,533416.0,1.0,1403792.0,73877.0
2025-12-17T18:30:17.713750,1,20.695940786831425,1.836651358938136,-0.2229440100990439,459.0,51.0,1.0,754619.0,1.0,1684725.0,72221.0
2025-12-17T18:30:17.811042,2,20.708068702233675,1.8339764867266588,-0.23804409085233325,449.0,46.0,1.0,775068.0,1.0,1153586.0,67906.0
2025-12-17T18:30:17.911548,3,20.720783306714708,1.8318917230229346,-0.25926754055476026,471.0,57.0,1.0,1027149.0,1.0,1460990.0,72417.0
2025-12-17T18:30:18.010359,4,20.723649743518784,1.8285721669832924,-0.2771362560161009,476.0,59.0,1.0,1191684.0,1.0,1883800.0,84759.0
2025-12-17T18:30:18.116751,5,20.708139111564826,1.824871044150509,-0.2883687046704766,453.0,48.0,1.0,800394.0,1.0,1715218.0,75520.0
2025-12-17T18:30:18.613275,0,20.7612144852781,1.8066220458200117,-0.40172794657829325,461.0,52.0,1.0,527313.0,1.0,1447700.0,72785.0
2025-12-17T18:30:18.714602,1,20.77073973681842,1.8019381715214564,-0.4300199606381695,484.0,63.0,1.0,752579.0,1.0,1638612.0,70530.0
2025-12-17T18:30:18.812529,2,20.78004992337428,1.7971492821593475,-0.4547281588058592,463.0,53.0,1.0,760002.0,1.0,1152806.0,66993.0
2025-12-17T18:30:18.913977,3,20.786082413888067,1.7927268405204089,-0.4761164497431973,463.0,53.0,1.0,1031329.0,1.0,1465943.0,72958.0
2025-12-17T18:30:19.011107,4,20.76994531256941,1.7898648784708486,-0.4840501422438548,472.0,58.0,1.0,1180843.0,1.0,1870459.0,85018.0
2025-12-17T18:30:19.612350,0,20.82821616282905,1.7561062070344615,-0.6195867251258392,466.0,54.0,1.0,531973.0,1.0,1432106.0,72490.0
2025-12-17T18:30:19.711316,1,20.837350930984414,1.7488083302610438,-0.6393235844597939,492.0,68.0,2.0,762579.0,1.0,1652535.0,69983.0
2025-12-17T18:30:19.811258,2,20.838295705195065,1.7429622261893716,-0.6594470426700593,462.0,52.0,1.0,767238.0,1.0,1132695.0,67107.0
2025-12-17T18:30:19.913732,3,20.817266050095682,1.7371861290760444,-0.6677436974353982,463.0,53.0,1.0,1050351.0,1.0,1476400.0,73007.0
2025-12-17T18:30:20.011379,4,20.822828545842174,1.7302482778701744,-0.6891619684456525,443.0,43.0,1.0,1198560.0,1.0,1888268.0,87440.0
2025-12-17T18:30:20.111002,5,20.83047056364801,1.722447286223364,-0.7106320763638991,456.0,50.0,1.0,815985.0,1.0,1740952.0,75291.0
2025-12-17T18:30:20.615775,0,20.870414251436532,1.6836176270220893,-0.8253741865037164,474.0,59.0,1.0,523578.0,1.0,1409028.0,71879.0
2025-12-17T18:30:20.714138,1,20.87772108415687,1.674941167700636,-0.8482695208013362,462.0,52.0,1.0,750544.0,1.0,1667706.0,72050.0
2025-12-17T18:30:20.811370,2,20.88465247276874,1.6659337023413023,-0.8718342994576408,457.0,50.0,1.0,769319.0,1.0,1147356.0,67425.0
2025-12-17T18:30:20.919211,3,20.875774068522226,1.6520311551330913,-0.8962262697098099,462.0,53.0,1.0,1049286.0,1.0,1459014.0,73032.0
2025-12-17T18:30:21.014737,4,20.87103615211754,1.6403559877626703,-0.9166811549715386,458.0,51.0,1.0,1193702.0,1.0,1871092.0,86206.0
2025-12-17T18:30:21.115212,5,20.87814903790463,1.6314763150567329,-0.9411554924609825,471.0,57.0,1.0,825429.0,1.0,1735657.0,74253.0
2025-12-17T18:30:21.615762,0,20.908992037967433,1.58374797711119,-1.0483465229143543,463.0,53.0,1.0,526243.0,1.0,1427750.0,72687.0
2025-12-17T18:30:21.713797,1,20.914806281339946,1.5735048146985937,-1.0656534095400723,468.0,56.0,1.0,743465.0,1.0,1640276.0,71612.0
2025-12-17T18:30:21.815054,2,20.902263420582987,1.5469231756027257,-1.1012668331982562,467.0,55.0,1.0,764646.0,1.0,1148133.0,66789.0
2025-12-17T18:30:21.911371,3,20.900626795073634,1.53777418619672,-1.1209320714528772,464.0,54.0,1.0,1058560.0,1.0,1466440.0,72908.0
2025-12-17T18:30:22.011965,4,20.905082566824134,1.5274481867952918,-1.1461626957731907,454.0,49.0,1.0,1182843.0,1.0,1894670.0,86557.0
2025-12-17T18:30:22.116333,5,20.911060942899866,1.5159594140499948,-1.1667262285501538,451.0,47.0,1.0,816261.0,1.0,1770664.0,75648.0
2025-12-17T18:30:22.614871,0,20.931542383768083,1.4625532302495703,-1.2792172783104798,461.0,52.0,1.0,534319.0,1.0,1411892.0,72834.0
2025-12-17T18:30:22.711168,1,20.935601083962865,1.4509844142575723,-1.3068399902373724,473.0,58.0,1.0,754109.0,1.0,1666013.0,71298.0
2025-12-17T18:30:22.811460,2,20.940438360556467,1.4343142380661913,-1.3251698532557223,477.0,60.0,1.0,759488.0,1.0,1155540.0,66160.0
2025-12-17T18:30:22.908954,3,20.950036974903206,1.4070470366340544,-1.342900252987116,468.0,55.0,1.0,1032028.0,1.0,1470913.0,72638.0
2025-12-17T18:30:23.014388,4,20.95293847335224,1.3959467259692637,-1.3640668813980037,479.0,61.0,1.0,1179645.0,1.0,1888908.0,84530.0
2025-12-17T18:30:23.119283,5,20.953768112852174,1.3854072696920845,-1.395823408558258,450.0,47.0,1.0,796071.0,1.0,1752183.0,75751.0
2025-12-17T18:30:23.612362,0,20.96040227563322,1.329044311980926,-1.490405990861951,465.0,54.0,1.0,530355.0,1.0,1447700.0,72515.0
2025-12-17T18:30:23.710701,1,20.953809295887385,1.3127421061981819,-1.5163599726673398,483.0,63.0,1.0,742962.0,1.0,1663196.0,70602.0
2025-12-17T18:30:23.813800,2,20.93677681555149,1.2855067830931244,-1.564816094000412,469.0,56.0,1.0,756665.0,1.0,1138845.0,66654.0
2025-12-17T18:30:23.917548,3,20.936285644151678,1.2741044805299016,-1.5880494490203758,476.0,59.0,1.0,1046803.0,1.0,1471909.0,72099.0
2025-12-17T18:30:24.012422,4,20.935714847878472,1.2629919261516633,-1.612245379661925,479.0,61.0,1.0,1185649.0,1.0,1858469.0,84473.0
2025-12-17T18:30:24.113001,5,20.935850281744223,1.251746826670379,-1.6315243318721722,472.0,58.0,1.0,801207.0,1.0,1750405.0,74153.0
2025-12-17T18:30:24.614663,0,20.9291068699109,1.1957935655379694,-1.7415599023690123,464.0,54.0,1.0,533777.0,1.0,1420520.0,72588.0
2025-12-17T18:30:24.710637,1,20.92687256532461,1.185262073673675,-1.7455706754424796,486.0,65.0,2.0,755130.0,1.0,1628659.0,70387.0
2025-12-17T18:30:24.812891,2,20.93204424968679,1.1578603407912196,-1.7197159595725626,461.0,52.0,1.0,760002.0,1.0,1148522.0,67152.0
2025-12-17T18:30:24.915014,3,20.933450979554387,1.1408373116638124,-1.696069011986724,464.0,54.0,1.0,1047157.0,1.0,1455069.0,72908.0
2025-12-17T18:30:25.015333,4,20.933117430720895,1.1290948322986463,-1.6728382001585422,480.0,62.0,1.0,1192490.0,1.0,1894670.0,84387.0
2025-12-17T18:30:25.114519,5,20.932675752039266,1.1174009894851942,-1.650629304768391,456.0,49.0,1.0,814881.0,1.0,1756934.0,75342.0
2025-12-17T18:30:25.613776,0,20.930196732037057,1.0608451210463752,-1.5989577640027783,474.0,59.0,1.0,528206.0,1.0,1435989.0,71928.0
2025-12-17T18:30:25.710711,1,20.93016960195498,1.0486709494332302,-1.6031730820950707,488.0,66.0,2.0,746743.0,1.0,1644723.0,70292.0
2025-12-17T18:30:25.810792,2,20.92993904120002,1.0367887466722134,-1.60144714291696,487.0,65.0,2.0,761547.0,1.0,1176455.0,65491.0
2025-12-17T18:30:25.916974,4,20.929834869455316,1.0241134052970704,-1.6039013247129397,471.0,57.0,1.0,1192087.0,1.0,1861617.0,85133.0
2025-12-17T18:30:26.011566,5,20.929244798064772,1.0134219448160504,-1.6016651199534688,456.0,49.0,1.0,806922.0,1.0,1756934.0,75342.0
2025-12-17T18:30:26.612476,0,20.927761786038044,0.9443105748663321,-1.6031313716764453,469.0,56.0,1.0,528564.0,1.0,1429684.0,72245.0
2025-12-17T18:30:26.714879,1,20.92704844912172,0.932833734039745,-1.601902424724105,492.0,68.0,2.0,752070.0,1.0,1664886.0,69983.0
2025-12-17T18:30:26.810388,2,20.926831502569897,0.920795609787346,-1.599673100241706,475.0,59.0,1.0,767758.0,1.0,1145804.0,66249.0
2025-12-17T18:30:26.910699,3,20.92624064288833,0.9091837379464884,-1.6038690770999513,469.0,56.0,1.0,1034826.0,1.0,1450152.0,72539.0
2025-12-17T18:30:27.015216,4,20.925036383754836,0.898141125206207,-1.6014132055568817,450.0,47.0,1.0,1212021.0,1.0,1870459.0,86880.0
2025-12-17T18:30:27.110285,5,20.926258388764793,0.8748672312066468,-1.6048320298624026,474.0,59.0,1.0,827667.0,1.0,1777870.0,74002.0
2025-12-17T18:30:27.613858,0,20.92417084402102,0.8080884573238771,-1.599753742464094,471.0,57.0,1.0,535587.0,1.0,1437447.0,72172.0
2025-12-17T18:30:27.715174,2,20.924054313893407,0.7959796949854949,-1.5985631680321388,487.0,65.0,2.0,760259.0,1.0,1171290.0,65513.0
2025-12-17T18:30:27.813150,3,20.923829901139836,0.7840907041039538,-1.5980698873955421,492.0,68.0,2.0,1089086.0,1.0,1460496.0,71009.0
2025-12-17T18:30:27.919544,4,20.923850611795295,0.7677574017938307,-1.5965640679712134,476.0,60.0,1.0,1187657.0,1.0,1864770.0,84731.0
2025-12-17T18:30:28.013534,5,20.923730121965015,0.7556159808051861,-1.596582879144904,445.0,44.0,1.0,808015.0,1.0,1784501.0,76162.0
2025-12-17T18:30:28.612961,0,20.922417103622006,0.6897122240547331,-1.5983048217180558,467.0,55.0,1.0,522339.0,1.0,1430168.0,72441.0
2025-12-17T18:30:28.713897,1,20.92235393093125,0.6779900394044676,-1.5960607538700948,485.0,64.0,1.0,750036.0,1.0,1679033.0,70506.0
2025-12-17T18:30:28.811345,2,20.92238985440053,0.6671896665837567,-1.599748330472145,471.0,57.0,1.0,768798.0,1.0,1148133.0,66564.0
2025-12-17T18:30:28.916538,3,20.922185602207435,0.6561002633161417,-1.5938462521887649,493.0,68.0,2.0,1022986.0,1.0,1436961.0,70913.0
2025-12-17T18:30:29.016847,4,20.92265890476423,0.6404712552176841,-1.597763544101545,485.0,64.0,1.0,1192490.0,1.0,1847181.0,84045.0
2025-12-17T18:30:29.112861,5,20.922261461274164,0.6326595562700836,-1.5962779664025541,459.0,51.0,1.0,802021.0,1.0,1794191.0,75087.0
2025-12-17T18:30:29.616146,1,20.91602488143965,0.5589678593096696,-1.5849075187976687,491.0,67.0,2.0,726550.0,1.0,1659260.0,70078.0
2025-12-17T18:30:29.710109,2,20.916385313236404,0.5510320549398973,-1.5853999797869978,486.0,65.0,2.0,773234.0,1.0,1150467.0,65558.0
2025-12-17T18:30:29.814881,3,20.916165503376345,0.5393625228351286,-1.5846601510808547,489.0,66.0,2.0,1029934.0,1.0,1455069.0,71226.0
2025-12-17T18:30:29.912155,4,20.915862641879436,0.5272667421517507,-1.5839183410961615,474.0,58.0,1.0,1179645.0,1.0,1879342.0,84960.0
2025-12-17T18:30:30.014872,5,20.915886252065388,0.5158019826851383,-1.5883993306681092,459.0,51.0,1.0,825988.0,1.0,1789339.0,75138.0
2025-12-17T18:30:30.612478,0,20.91350321471267,0.4466292135124714,-1.58592634883664,485.0,64.0,1.0,534500.0,1.0,1428717.0,71177.0
2025-12-17T18:30:30.709417,1,20.9138292386317,0.43458525624361144,-1.591107200083075,502.0,73.0,2.0,750798.0,1.0,1641387.0,69323.0
2025-12-17T18:30:30.810803,2,20.913356350657182,0.4227212092385084,-1.5874101244962653,487.0,65.0,2.0,778223.0,1.0,1175261.0,65558.0
2025-12-17T18:30:30.914624,3,20.91359167112595,0.41049651043653057,-1.5876482622668349,494.0,69.0,2.0,1056055.0,1.0,1456547.0,70841.0
2025-12-17T18:30:31.014683,4,20.913172567896915,0.3998904556027405,-1.5854281436171809,472.0,58.0,1.0,1192490.0,1.0,1854071.0,85076.0
2025-12-17T18:30:31.113977,5,20.913250472166652,0.38790672437185236,-1.5831879300458653,468.0,55.0,1.0,812953.0,1.0,1773663.0,74505.0
2025-12-17T18:30:31.614746,0,20.91354513921174,0.3258983661114314,-1.5871806147969134,464.0,54.0,1.0,525887.0,1.0,1479902.0,72613.0
2025-12-17T18:30:31.711232,1,20.91244234202715,0.3186813546755536,-1.585494499274595,482.0,63.0,1.0,739700.0,1.0,1645280.0,70697.0
2025-12-17T18:30:31.810784,2,20.906884559396616,0.30289502732814455,-1.5815118154006216,483.0,63.0,1.0,755897.0,1.0,1145029.0,65802.0
2025-12-17T18:30:31.909926,3,20.906913817181835,0.2897318996412954,-1.5838788380827384,482.0,63.0,1.0,1035526.0,1.0,1449171.0,71661.0
2025-12-17T18:30:32.011087,4,20.906108424172103,0.2784943641349029,-1.58090720353911,494.0,69.0,2.0,1166543.0,1.0,1855327.0,83337.0
2025-12-17T18:30:32.112551,5,20.90602785687463,0.26629466590226336,-1.582628169075462,477.0,60.0,1.0,819860.0,1.0,1777870.0,73802.0
2025-12-17T18:30:32.613849,0,20.909088730728115,0.20863339354563593,-1.4915159979402732,463.0,53.0,1.0,532514.0,1.0,1455069.0,72736.0
2025-12-17T18:30:32.714849,1,20.90930617389676,0.19712347590844104,-1.4726344757839303,477.0,60.0,1.0,760774.0,1.0,1674493.0,71057.0
2025-12-17T18:30:32.811891,3,20.91121397745589,0.18624786921680947,-1.452887640776144,466.0,55.0,1.0,1053912.0,1.0,1469421.0,72785.0
2025-12-17T18:30:32.912104,4,20.91332796860239,0.17561222609284233,-1.4282431526381838,469.0,56.0,1.0,1190071.0,1.0,1874261.0,85335.0
2025-12-17T18:30:33.014708,5,20.915097663526247,0.16422120163833753,-1.4071232013630297,464.0,54.0,1.0,804195.0,1.0,1796621.0,74732.0
2025-12-17T18:30:33.615067,0,20.92923724070585,0.09908460554571796,-1.2716353937466889,470.0,57.0,1.0,532874.0,1.0,1427750.0,72221.0
2025-12-17T18:30:33.712564,1,20.932052883348288,0.08836593707316087,-1.244876275352556,465.0,54.0,1.0,760774.0,1.0,1672227.0,71855.0
2025-12-17T18:30:33.812536,2,20.93474661097392,0.07738938838363296,-1.2250439031231701,478.0,61.0,1.0,770100.0,1.0,1177650.0,66092.0
2025-12-17T18:30:33.913961,3,20.93890582860952,0.06635332182325548,-1.2042837574490886,465.0,54.0,1.0,1044325.0,1.0,1452117.0,72908.0
2025-12-17T18:30:34.018224,4,20.945054989379656,0.053295942184166556,-1.168437548270374,470.0,57.0,1.0,1194106.0,1.0,1842810.0,85248.0
2025-12-17T18:30:34.117788,5,20.947343116836386,0.04284173377621947,-1.1300432749017328,488.0,66.0,2.0,815985.0,1.0,1769466.0,73032.0
2025-12-17T18:30:34.610230,0,20.973700360157896,-0.0047242346996805296,-1.0238276534807522,448.0,46.0,1.0,524998.0,1.0,1451134.0,73802.0
2025-12-17T18:30:34.711073,1,20.980249241166145,-0.014877957387123608,-1.004227719145263,483.0,63.0,1.0,763353.0,1.0,1691009.0,70625.0
2025-12-17T18:30:34.813894,2,20.985945159656772,-0.024229088640965735,-0.9829668296239819,474.0,59.0,1.0,757690.0,1.0,1155149.0,66339.0
2025-12-17T18:30:34.914602,3,20.991908883680136,-0.03343649627797607,-0.9575536433093396,458.0,51.0,1.0,1047511.0,1.0,1511795.0,73379.0
2025-12-17T18:30:35.010359,4,20.996320546189494,-0.052240602034942185,-0.9292933430986846,483.0,63.0,1.0,1198154.0,1.0,1910769.0,84245.0
2025-12-17T18:30:35.110005,5,21.002286220758503,-0.06701949103034366,-0.9042791956893061,493.0,69.0,2.0,817643.0,1.0,1776667.0,72687.0
2025-12-17T18:30:35.615774,0,21.04004464711653,-0.10872923094381548,-0.7863183782988545,446.0,45.0,1.0,536494.0,1.0,1466440.0,73902.0
2025-12-17T18:30:35.710732,1,21.049051327439162,-0.11698382549372521,-0.7594242669145336,447.0,45.0,1.0,769319.0,1.0,1681876.0,73106.0
2025-12-17T18:30:35.811356,2,21.0583086428968,-0.12510477526202024,-0.7356362391423393,480.0,61.0,1.0,778750.0,1.0,1172083.0,66003.0
2025-12-17T18:30:35.914570,3,21.051801941226945,-0.12552960332818852,-0.71309628071764,469.0,56.0,1.0,1058560.0,1.0,1479902.0,72613.0
2025-12-17T18:30:36.016560,5,21.05141258489922,-0.12775859920094668,-0.6834688125983732,465.0,54.0,1.0,808015.0,1.0,1785105.0,74707.0
2025-12-17T18:30:36.612734,0,21.102834326267534,-0.16589443965256123,-0.5554710425228129,457.0,50.0,1.0,527491.0,1.0,1474402.0,73131.0
2025-12-17T18:30:36.713201,1,21.113208075500793,-0.17170069497320917,-0.5342767831294435,453.0,48.0,1.0,754875.0,1.0,1683585.0,72687.0
2025-12-17T18:30:36.809955,2,21.11726776865232,-0.16949581842425765,-0.5044679736096643,479.0,61.0,1.0,762063.0,1.0,1188461.0,66070.0
2025-12-17T18:30:36.910054,3,21.121521998099986,-0.1678839640084,-0.4696677045633295,450.0,46.0,1.0,1059276.0,1.0,1496523.0,73977.0
2025-12-17T18:30:37.013190,4,21.131057247367636,-0.172480604117899,-0.4490328390502416,474.0,58.0,1.0,1225219.0,1.0,1865401.0,84989.0
2025-12-17T18:30:37.112868,5,21.14099156375465,-0.17760643341546256,-0.42985436581063374,477.0,60.0,1.0,819583.0,1.0,1813728.0,73877.0
2025-12-17T18:30:37.610725,0,21.192533753694352,-0.19822609180761308,-0.31732730941488896,444.0,44.0,1.0,544359.0,1.0,1478900.0,74052.0
2025-12-17T18:30:37.711467,1,21.199708661005182,-0.19333075305121827,-0.2850246134692129,456.0,49.0,1.0,755642.0,1.0,1684155.0,72515.0
2025-12-17T18:30:37.815522,2,21.207092578546305,-0.18671017519012345,-0.2503712276997693,453.0,48.0,1.0,775068.0,1.0,1192087.0,67723.0
2025-12-17T18:30:37.915217,3,21.218977183004274,-0.1899521809339273,-0.23017925517351479,449.0,46.0,1.0,1103557.0,1.0,1515381.0,74002.0
2025-12-17T18:30:38.015887,4,21.229118489461282,-0.19161924820861476,-0.2086175514022964,470.0,57.0,1.0,1182443.0,1.0,1891467.0,85248.0
2025-12-17T18:30:38.117564,5,21.23991041557954,-0.19386862638833335,-0.1855664278615084,484.0,63.0,1.0,799311.0,1.0,1793584.0,73379.0
2025-12-17T18:30:38.615174,0,21.282829698666344,-0.19725591008027354,-0.0767787621866995,465.0,54.0,1.0,537402.0,1.0,1445742.0,72588.0
2025-12-17T18:30:38.720064,1,21.28199920702985,-0.19107693516430224,-0.0468515188238323,445.0,44.0,1.0,765682.0,1.0,1735657.0,73255.0
2025-12-17T18:30:38.815489,2,21.28936244849203,-0.19058869964344805,-0.03135654327933663,454.0,49.0,1.0,770100.0,1.0,1193298.0,67654.0
2025-12-17T18:30:38.914558,3,21.30055990471273,-0.1905060843909574,-0.004892371799021546,440.0,42.0,1.0,1059994.0,1.0,1501089.0,74707.0
2025-12-17T18:30:39.014256,4,21.312238857178357,-0.1903718111908388,0.018795487910820658,459.0,51.0,1.0,1193298.0,1.0,1898522.0,86177.0
2025-12-17T18:30:39.111138,5,21.32357655537359,-0.19066067586569968,0.03709773421790456,476.0,59.0,1.0,827667.0,1.0,1780881.0,73927.0
2025-12-17T18:30:39.611422,0,21.35844074721943,-0.15535576126615958,0.1537100969340407,448.0,46.0,1.0,542703.0,1.0,1471411.0,73802.0
2025-12-17T18:30:39.710725,1,21.368700369802006,-0.1531437763679273,0.1810498379098246,451.0,47.0,1.0,773758.0,1.0,1668270.0,72859.0
2025-12-17T18:30:39.811328,2,21.37938612754875,-0.1520275567667344,0.2025545164335497,460.0,51.0,1.0,773758.0,1.0,1198560.0,67311.0
2025-12-17T18:30:39.913941,3,21.391111423425276,-0.15003024169477897,0.22475700220823439,443.0,43.0,1.0,1061071.0,1.0,1513844.0,74480.0
2025-12-17T18:30:40.015742,4,21.402226811310356,-0.1472889846382115,0.250546238148139,461.0,52.0,1.0,1203030.0,1.0,1902381.0,86031.0
2025-12-17T18:30:40.114413,5,21.412536403791783,-0.14371504666750123,0.2774320180914728,478.0,61.0,1.0,815157.0,1.0,1799055.0,73777.0
2025-12-17T18:30:40.611981,0,21.44945426093093,-0.11544014453592766,0.393640027158781,436.0,40.0,1.0,535587.0,1.0,1449171.0,74656.0
2025-12-17T18:30:40.709128,1,21.460247747334137,-0.11169828895843548,0.4145413331350802,458.0,50.0,1.0,784570.0,1.0,1693873.0,72392.0
2025-12-17T18:30:40.811190,2,21.470250515202725,-0.10669203214255152,0.4356975455194195,451.0,47.0,1.0,781125.0,1.0,1188864.0,67860.0
2025-12-17T18:30:40.912970,3,21.47967545749725,-0.10190157532349353,0.4589402298787691,431.0,37.0,1.0,1071174.0,1.0,1516408.0,75367.0
2025-12-17T18:30:41.010790,4,21.489158215411937,-0.09874767268141849,0.4943332850528481,472.0,57.0,1.0,1206292.0,1.0,1932230.0,85133.0
2025-12-17T18:30:41.114511,5,21.498666685860044,-0.09476743568342805,0.5178476733437776,476.0,59.0,1.0,823476.0,1.0,1803323.0,73927.0
2025-12-17T18:30:41.612873,0,21.538780138776037,-0.045790893307654734,0.6287231893968628,441.0,42.0,1.0,529997.0,1.0,1479401.0,74278.0
2025-12-17T18:30:41.715497,1,21.54751689033051,-0.038801179125868224,0.653186529204903,439.0,42.0,1.0,763870.0,1.0,1724531.0,73702.0
2025-12-17T18:30:41.808516,2,21.556281666381686,-0.03269961928947307,0.6759242213466006,459.0,51.0,1.0,768278.0,1.0,1194510.0,67334.0
2025-12-17T18:30:41.913657,3,21.565772012963293,-0.025835405093431518,0.6971572761147281,422.0,34.0,1.0,1065028.0,1.0,1515381.0,75982.0
2025-12-17T18:30:42.013836,4,21.574404535781213,-0.017573014394527853,0.7176579570538566,448.0,46.0,1.0,1233959.0,1.0,1917247.0,87115.0
2025-12-17T18:30:42.609484,0,21.642508986450807,0.056069011053250684,0.8572354084118895,460.0,52.0,1.0,534500.0,1.0,1476400.0,72933.0
2025-12-17T18:30:42.712325,1,21.649983564402014,0.06452684359349803,0.8743357729748316,447.0,45.0,1.0,778750.0,1.0,1736832.0,73131.0
2025-12-17T18:30:42.813608,2,21.657010407318616,0.07335231954323351,0.8961721545429805,449.0,46.0,1.0,780068.0,1.0,1199371.0,67998.0
2025-12-17T18:30:42.909746,3,21.663917550233144,0.08227992306820475,0.9193338807314002,424.0,34.0,1.0,1100946.0,1.0,1510772.0,75853.0
2025-12-17T18:30:43.011913,4,21.670799110078114,0.09144960644349531,0.9401661103724089,439.0,41.0,1.0,1209153.0,1.0,1958567.0,87885.0
2025-12-17T18:30:43.111295,5,21.676717850394724,0.1003047338512486,0.9594443244752378,463.0,53.0,1.0,841223.0,1.0,1847181.0,74859.0
2025-12-17T18:30:43.612087,0,21.691970769530737,0.16200861180592696,1.1032984914151427,459.0,51.0,1.0,530715.0,1.0,1473903.0,73007.0
2025-12-17T18:30:43.708476,1,21.696547165924738,0.17180001183663585,1.1292516490479045,430.0,37.0,1.0,775331.0,1.0,1735070.0,74354.0
2025-12-17T18:30:43.810647,2,21.70184503232184,0.1827952871352485,1.1513577530353654,425.0,35.0,1.0,778223.0,1.0,1216130.0,69629.0
2025-12-17T18:30:43.911396,3,21.707034404188274,0.19258915732243853,1.168509233883869,450.0,47.0,1.0,1062868.0,1.0,1529293.0,73977.0
2025-12-17T18:30:44.013779,4,21.710680973837515,0.2036077448078455,1.18952851327866,461.0,52.0,1.0,1223976.0,1.0,1930923.0,86031.0
2025-12-17T18:30:44.113376,5,21.714902866921662,0.21437971002049316,1.2112012106746788,446.0,45.0,1.0,835830.0,1.0,1830998.0,76111.0
2025-12-17T18:30:44.612531,0,21.73479095301812,0.28756121220767117,1.3510187710228736,445.0,44.0,1.0,532874.0,1.0,1480904.0,74052.0
2025-12-17T18:30:44.711889,1,21.737422173436478,0.2996004048484,1.364306465995612,438.0,41.0,1.0,757947.0,1.0,1702494.0,73827.0
2025-12-17T18:30:44.811558,2,21.739223785295213,0.31209905685832506,1.3863005755883673,432.0,38.0,1.0,757690.0,1.0,1201403.0,69159.0
2025-12-17T18:30:44.913159,3,21.74011625202118,0.3241533571027979,1.411099313734614,430.0,37.0,1.0,1090562.0,1.0,1531364.0,75469.0
2025-12-17T18:30:45.014066,4,21.741935518905947,0.33590892233162783,1.4211314825827424,439.0,41.0,1.0,1257144.0,1.0,1930269.0,87915.0
2025-12-17T18:30:45.113809,5,21.738982106194715,0.36149908423113253,1.4411685887971009,451.0,47.0,1.0,815433.0,1.0,1822343.0,75725.0
2025-12-17T18:30:45.615056,0,21.74592943172933,0.4248323352594099,1.4480153169257481,443.0,43.0,1.0,541052.0,1.0,1500581.0,74178.0
2025-12-17T18:30:45.709082,1,21.747612387595357,0.4358002161983041,1.4487559341563503,441.0,42.0,1.0,785367.0,1.0,1711159.0,73603.0
2025-12-17T18:30:45.809275,2,21.750039361200653,0.4471657811626226,1.4453422722891227,430.0,37.0,1.0,781654.0,1.0,1199777.0,69276.0
2025-12-17T18:30:45.914453,3,21.75155788768801,0.4584111580370216,1.4463416039602466,444.0,44.0,1.0,1085039.0,1.0,1520004.0,74455.0
2025-12-17T18:30:46.010835,4,21.75376691718993,0.4699925713635409,1.446342192992702,431.0,38.0,1.0,1208335.0,1.0,1946671.0,88572.0
2025-12-17T18:30:46.110764,5,21.75510588223913,0.481441197642436,1.4458502840612197,460.0,51.0,1.0,840938.0,1.0,1849684.0,75087.0
2025-12-17T18:30:46.615310,0,21.761783365959317,0.5373314101313778,1.5025120502121867,425.0,35.0,1.0,536131.0,1.0,1482910.0,75495.0
2025-12-17T18:30:46.713695,2,21.761464984095007,0.5489577056210315,1.5062392974735628,430.0,37.0,1.0,777433.0,1.0,1223976.0,69323.0
2025-12-17T18:30:46.809208,3,21.762574675607752,0.5602292723747224,1.5158198069846012,431.0,37.0,1.0,1072262.0,1.0,1525674.0,75393.0
2025-12-17T18:30:46.917856,4,21.762913018374746,0.572483196072243,1.5160696616020226,431.0,38.0,1.0,1244023.0,1.0,1906248.0,88572.0
2025-12-17T18:30:47.011659,5,21.76325020218495,0.5839657562559974,1.5185192035860673,455.0,49.0,1.0,818197.0,1.0,1838450.0,75469.0
2025-12-17T18:30:47.613835,0,21.76300266329199,0.6711277603862182,1.542235460562279,428.0,36.0,1.0,539589.0,1.0,1547516.0,75291.0
2025-12-17T18:30:47.715037,1,21.762865784948815,0.6823758511106952,1.5407866400909627,435.0,40.0,1.0,777170.0,1.0,1738008.0,74027.0
2025-12-17T18:30:47.812469,2,21.763347599368284,0.6939654685535572,1.5420038443959625,419.0,32.0,1.0,788830.0,1.0,1212432.0,70030.0
2025-12-17T18:30:47.911187,3,21.763278890517828,0.7063045007089102,1.541265004000774,431.0,38.0,1.0,1112181.0,1.0,1539680.0,75367.0
2025-12-17T18:30:48.016602,4,21.763897421745746,0.7206870602391016,1.5412662284734633,439.0,41.0,1.0,1218603.0,1.0,1922446.0,87945.0
2025-12-17T18:30:48.111681,5,21.764269770485136,0.7284273518696018,1.542006268201335,441.0,42.0,1.0,850095.0,1.0,1850936.0,76498.0
2025-12-17T18:30:48.610523,1,21.763610710291523,0.7865687103497088,1.5427229109690186,438.0,41.0,1.0,779805.0,1.0,1722781.0,73827.0
2025-12-17T18:30:48.711479,2,21.76394446703296,0.7971988058761097,1.5446311211364008,415.0,31.0,1.0,787230.0,1.0,1224805.0,70292.0
2025-12-17T18:30:48.811015,4,21.76438953155693,0.8090161764905437,1.5448851056062323,449.0,46.0,1.0,1229789.0,1.0,1946012.0,87115.0
2025-12-17T18:30:48.915539,5,21.763905089894585,0.8197141708086217,1.5448851056062323,454.0,49.0,1.0,828227.0,1.0,1841563.0,75495.0
2025-12-17T18:30:49.610421,0,21.762273906350313,0.9218332423362243,1.559893504058894,437.0,40.0,1.0,541052.0,1.0,1480904.0,74631.0
2025-12-17T18:30:49.713638,1,21.75918832454048,0.9569561440969299,1.5792142674498457,431.0,37.0,1.0,772711.0,1.0,1720451.0,74354.0
2025-12-17T18:30:49.813247,2,21.75932770698696,0.9692312477844984,1.5774807128011081,431.0,38.0,1.0,778486.0,1.0,1222734.0,69229.0
2025-12-17T18:30:49.913114,3,21.758673134028196,0.9813884692356734,1.5779795044624305,439.0,41.0,1.0,1061430.0,1.0,1526707.0,74808.0
2025-12-17T18:30:50.010779,4,21.75877656795339,0.9935622825883321,1.576991114538684,441.0,42.0,1.0,1227295.0,1.0,1951949.0,87796.0
2025-12-17T18:30:50.110170,5,21.758383097538605,1.0047771286730507,1.5757594090514218,438.0,41.0,1.0,832724.0,1.0,1848432.0,76705.0
2025-12-17T18:30:50.615294,0,21.75859358999777,1.061698809182828,1.5772318884817715,440.0,42.0,1.0,534862.0,1.0,1515381.0,74404.0
2025-12-17T18:30:50.709526,1,21.759268599126276,1.0730038782711357,1.578227683768006,449.0,46.0,1.0,765423.0,1.0,1720451.0,73057.0
2025-12-17T18:30:50.810256,2,21.759190153999953,1.0851947679665477,1.5752653141321382,443.0,43.0,1.0,780861.0,1.0,1218190.0,68460.0
2025-12-17T18:30:50.915188,3,21.75947833419007,1.0958100394754835,1.5760032409215317,428.0,36.0,1.0,1085407.0,1.0,1562780.0,75597.0
2025-12-17T18:30:51.013318,4,21.760094019299462,1.1065642224850851,1.5755080261510626,456.0,49.0,1.0,1226464.0,1.0,1975878.0,86527.0
2025-12-17T18:30:51.110169,5,21.759508560714046,1.1186285191821348,1.5777386145818968,461.0,52.0,1.0,851823.0,1.0,1875530.0,75036.0
2025-12-17T18:30:51.614523,0,21.75962523262597,1.1768964955797863,1.5805560103434673,435.0,40.0,1.0,541785.0,1.0,1481405.0,74758.0
2025-12-17T18:30:51.710124,1,21.76022494733981,1.1884637916794052,1.5802984399931985,435.0,40.0,1.0,774282.0,1.0,1703647.0,74027.0
2025-12-17T18:30:51.809920,2,21.758448831898985,1.2154822684645934,1.5951670492219667,434.0,39.0,1.0,783773.0,1.0,1222734.0,69065.0
2025-12-17T18:30:51.915181,3,21.759368780062204,1.2471733117170976,1.6195750971181386,430.0,37.0,1.0,1076261.0,1.0,1534997.0,75495.0
2025-12-17T18:30:52.013170,4,21.75880368010162,1.2589470013660389,1.6171076881676876,432.0,38.0,1.0,1238142.0,1.0,1934848.0,88542.0
2025-12-17T18:30:52.110758,5,21.757851560812256,1.2704503616158123,1.6168567011890551,434.0,39.0,1.0,858771.0,1.0,1857211.0,77044.0
2025-12-17T18:30:52.615169,0,21.755310728184433,1.3280724582837742,1.6146425280551493,447.0,45.0,1.0,532874.0,1.0,1538117.0,73902.0
2025-12-17T18:30:52.710496,1,21.754833878312706,1.3401699501928581,1.613433862704159,443.0,43.0,1.0,763612.0,1.0,1737420.0,73503.0
2025-12-17T18:30:52.811940,3,21.75403699884386,1.352114512448793,1.6149427253225364,424.0,34.0,1.0,1071174.0,1.0,1540201.0,75905.0
2025-12-17T18:30:52.916441,4,21.75361479630319,1.367721160904523,1.6135108193415777,445.0,44.0,1.0,1231872.0,1.0,2012321.0,87440.0
2025-12-17T18:30:53.010857,5,21.752991421793926,1.3745148440636497,1.6127678609074654,449.0,46.0,1.0,852689.0,1.0,1910123.0,75879.0
2025-12-17T18:30:53.611352,0,21.750654074222638,1.4439009827840668,1.6150079740136805,427.0,36.0,1.0,535043.0,1.0,1504649.0,75367.0
2025-12-17T18:30:53.710675,1,21.749778979737826,1.4552100856875043,1.6149978744685602,429.0,36.0,1.0,776907.0,1.0,1715218.0,74530.0
2025-12-17T18:30:53.810929,2,21.748796835941214,1.4668530009746874,1.6145157877021223,449.0,46.0,1.0,791772.0,1.0,1232706.0,68044.0
2025-12-17T18:30:53.910551,3,21.748712495098133,1.478785543175607,1.6113358858580424,431.0,38.0,1.0,1082105.0,1.0,1547516.0,75418.0
2025-12-17T18:30:54.016126,4,21.738204500559185,1.5020879106911158,1.6214725637562541,435.0,40.0,1.0,1246974.0,1.0,1953932.0,88273.0
2025-12-17T18:30:54.111838,5,21.72522520655602,1.5304733433145792,1.6314902961022857,451.0,47.0,1.0,837246.0,1.0,1917247.0,75777.0
2025-12-17T18:30:54.614748,0,21.721181699893798,1.5874326457683745,1.6169129612332716,437.0,41.0,1.0,534862.0,1.0,1488945.0,74606.0
2025-12-17T18:30:54.718961,1,21.71979744705683,1.602761448491405,1.5953912663334473,428.0,36.0,1.0,772711.0,1.0,1724531.0,74606.0
2025-12-17T18:30:54.817604,2,21.719602017035363,1.6145729971213756,1.5716247913870895,446.0,45.0,1.0,797420.0,1.0,1233959.0,68252.0
2025-12-17T18:30:54.915307,3,21.720232720336842,1.6218752936661716,1.5571745835814446,454.0,48.0,1.0,1065028.0,1.0,1541244.0,73777.0
2025-12-17T18:30:55.012049,4,21.720478263376418,1.6327528812177148,1.5323915544026774,448.0,46.0,1.0,1233541.0,1.0,1972537.0,87174.0
2025-12-17T18:30:55.118784,5,21.720679100260092,1.6430628801771974,1.5183285637357564,444.0,44.0,1.0,833288.0,1.0,1866664.0,76291.0
2025-12-17T18:30:55.612066,0,21.728657288134784,1.6988658064930142,1.4028761625440154,434.0,39.0,1.0,529997.0,1.0,1506178.0,74884.0
2025-12-17T18:30:55.709414,1,21.731234602306774,1.710313129600423,1.37507112121427,433.0,38.0,1.0,755897.0,1.0,1736832.0,74228.0
2025-12-17T18:30:55.813812,2,21.733302869527186,1.7207961769855489,1.3517633350780829,438.0,41.0,1.0,757690.0,1.0,1241079.0,68809.0
2025-12-17T18:30:55.910943,3,21.734997926222796,1.732579937877471,1.3297506695620203,437.0,40.0,1.0,1092039.0,1.0,1558027.0,74960.0
2025-12-17T18:30:56.013672,4,21.73714308571293,1.7430400446117922,1.3099541109374944,438.0,41.0,1.0,1239819.0,1.0,1997393.0,88034.0
2025-12-17T18:30:56.113594,5,21.740578107492688,1.7538358041436997,1.2826424505386205,438.0,41.0,1.0,846650.0,1.0,1876800.0,76757.0
2025-12-17T18:30:56.610190,0,21.793508611593403,1.8276121104487757,1.1699357202935092,451.0,47.0,1.0,538859.0,1.0,1509239.0,73653.0
2025-12-17T18:30:56.709024,1,21.79785019104741,1.8377169477385316,1.1552120196798208,452.0,48.0,1.0,783243.0,1.0,1728622.0,72859.0
2025-12-17T18:30:56.808658,2,21.80235000995062,1.8481948621606712,1.1334897742100938,466.0,54.0,1.0,787763.0,1.0,1228541.0,66993.0
2025-12-17T18:30:56.910375,3,21.807738041238522,1.857953686173449,1.1082752343791686,459.0,51.0,1.0,1068639.0,1.0,1545422.0,73379.0
2025-12-17T18:30:57.014290,4,21.813002310932973,1.866468303500378,1.0787754341599785,450.0,47.0,1.0,1240659.0,1.0,1967869.0,87027.0
2025-12-17T18:30:57.113727,5,21.81886935070405,1.8753469568846173,1.0597628561170298,453.0,48.0,1.0,842933.0,1.0,1885714.0,75597.0
2025-12-17T18:30:57.611285,0,21.84715084694853,1.9272558423557475,0.9694943988937071,448.0,46.0,1.0,537221.0,1.0,1514356.0,73827.0
2025-12-17T18:30:57.711540,1,21.853822555351915,1.9358712878596371,0.9391318305443387,451.0,47.0,1.0,760774.0,1.0,1733896.0,72958.0
2025-12-17T18:30:57.813975,2,21.86117720893101,1.9438970639038269,0.9145921331331606,471.0,57.0,1.0,784835.0,1.0,1222320.0,66631.0
2025-12-17T18:30:57.909456,3,21.86833843609243,1.9525678919399194,0.8908519665493447,444.0,44.0,1.0,1083938.0,1.0,1537076.0,74505.0
2025-12-17T18:30:58.011338,4,21.875293671895125,1.961893823725684,0.8743812849683946,448.0,46.0,1.0,1246552.0,1.0,1933539.0,87174.0
2025-12-17T18:30:58.113025,5,21.883525669887568,1.971275711778902,0.8491454821667077,458.0,51.0,1.0,854422.0,1.0,1888908.0,75265.0
2025-12-17T18:30:58.614330,0,21.928729336789118,2.011831064724956,0.729179395225486,456.0,50.0,1.0,533055.0,1.0,1495510.0,73255.0
2025-12-17T18:30:58.710632,1,21.937319847253242,2.018513018702963,0.7102673694939554,463.0,53.0,1.0,775593.0,1.0,1735657.0,72123.0
2025-12-17T18:30:58.811867,2,21.945237990453066,2.026671909681726,0.6913202512159554,466.0,54.0,1.0,779013.0,1.0,1231872.0,66993.0
2025-12-17T18:30:58.910828,3,21.95466332333841,2.0341182984883215,0.6700250846868276,440.0,42.0,1.0,1088718.0,1.0,1579797.0,74758.0
2025-12-17T18:30:59.014794,4,21.965190338151757,2.0409404469773067,0.6429544568014507,451.0,47.0,1.0,1241079.0,1.0,1981235.0,86968.0
2025-12-17T18:30:59.111720,5,21.98227824766485,2.046973774429631,0.6206330991150418,455.0,49.0,1.0,837246.0,1.0,1892107.0,75495.0
2025-12-17T18:30:59.615450,0,22.030942140578357,2.076384883773409,0.5055763328371795,459.0,51.0,1.0,536494.0,1.0,1484416.0,73057.0
2025-12-17T18:30:59.714666,1,22.040850910068485,2.0833623569519766,0.48359195737640426,463.0,53.0,1.0,761289.0,1.0,1722781.0,72099.0
2025-12-17T18:30:59.817590,2,22.05435753700838,2.0901291801940234,0.4493257470630166,452.0,47.0,1.0,778223.0,1.0,1243181.0,67906.0
2025-12-17T18:30:59.911577,3,22.060462581047357,2.0927679749456827,0.43706091174003003,461.0,52.0,1.0,1072988.0,1.0,1552237.0,73280.0
2025-12-17T18:31:00.014026,4,22.06278334812267,2.092940166895014,0.42942514579167995,457.0,50.0,1.0,1218603.0,1.0,1966537.0,86440.0
2025-12-17T18:31:00.114367,5,22.070432648205202,2.0959599092012775,0.4071980968730061,458.0,51.0,1.0,831598.0,1.0,1897879.0,75240.0
2025-12-17T18:31:00.614917,0,22.123952509874893,2.1145194215011722,0.2902504447439805,469.0,56.0,1.0,531973.0,1.0,1501597.0,72368.0
2025-12-17T18:31:00.709250,1,22.135440976207413,2.1173975859938867,0.2653053812768647,482.0,63.0,1.0,754875.0,1.0,1718123.0,70793.0
2025-12-17T18:31:00.809734,2,22.145977720126044,2.1207689548567794,0.24451166033883337,463.0,53.0,1.0,778223.0,1.0,1236886.0,67152.0
2025-12-17T18:31:00.914148,3,22.143710553850106,2.118421631657159,0.22536404131951077,444.0,44.0,1.0,1074442.0,1.0,1553288.0,74480.0
2025-12-17T18:31:01.013818,4,22.150056576467783,2.118757803061648,0.203738211000489,453.0,48.0,1.0,1255443.0,1.0,1973872.0,86791.0
2025-12-17T18:31:01.111390,5,22.16107973181426,2.120355939879632,0.1790924080148579,457.0,50.0,1.0,845504.0,1.0,1897879.0,75342.0
2025-12-17T18:31:01.616257,0,22.21662600630657,2.125961097893592,0.0679003213390097,457.0,50.0,1.0,541052.0,1.0,1492477.0,73230.0
2025-12-17T18:31:01.714176,1,22.227558884420237,2.1273807846036004,0.04523339985537541,482.0,63.0,1.0,770622.0,1.0,1719286.0,70793.0
2025-12-17T18:31:01.808502,2,22.22794979950906,2.12214423949564,0.02248369473179659,471.0,57.0,1.0,778486.0,1.0,1239819.0,66631.0
2025-12-17T18:31:01.912613,3,22.234557463455083,2.1199476881318695,-0.0013733963785661956,456.0,50.0,1.0,1066471.0,1.0,1532920.0,73628.0
2025-12-17T18:31:02.012880,4,22.246229037900218,2.1202367179827544,-0.021239476607433555,444.0,44.0,1.0,1258421.0,1.0,1973872.0,87559.0
2025-12-17T18:31:02.111410,5,22.257325938035958,2.120221145070997,-0.03850156655563747,464.0,54.0,1.0,839232.0,1.0,1888908.0,74808.0
2025-12-17T18:31:02.614878,0,22.31329578827688,2.114346865845655,-0.15172295040965003,459.0,51.0,1.0,531793.0,1.0,1522579.0,73057.0
2025-12-17T18:31:02.713783,1,22.305949820432712,2.1021051679476885,-0.1747144642539841,477.0,60.0,1.0,753089.0,1.0,1722781.0,71177.0
2025-12-17T18:31:02.812919,2,22.308115609260064,2.0953224070434766,-0.19678569083713557,442.0,43.0,1.0,777959.0,1.0,1232706.0,68553.0
2025-12-17T18:31:02.912918,3,22.319114892592538,2.094174271935281,-0.21781325956965122,465.0,54.0,1.0,1058918.0,1.0,1534477.0,73007.0
2025-12-17T18:31:03.013685,4,22.32966849686578,2.0911979804033667,-0.24639628536300798,448.0,46.0,1.0,1220253.0,1.0,1970535.0,87204.0
2025-12-17T18:31:03.110991,5,22.339605738421394,2.0878127221911313,-0.274084986899625,449.0,46.0,1.0,857028.0,1.0,1898522.0,75931.0
2025-12-17T18:31:03.615703,0,22.376206381010793,2.059650389700632,-0.36981620362162687,458.0,51.0,1.0,536494.0,1.0,1507708.0,73131.0
2025-12-17T18:31:03.714857,1,22.374794238582282,2.049107188957657,-0.3834313592554781,463.0,53.0,1.0,771143.0,1.0,1699615.0,72099.0
2025-12-17T18:31:03.814995,2,22.384930442567416,2.045116603332243,-0.40999227825286094,452.0,47.0,1.0,791236.0,1.0,1235212.0,67929.0
2025-12-17T18:31:03.915154,3,22.393826065417887,2.039959142199521,-0.43398266874770036,456.0,50.0,1.0,1114065.0,1.0,1556973.0,73603.0
2025-12-17T18:31:04.012416,4,22.404147894649498,2.0346039477529834,-0.4573732463105938,452.0,48.0,1.0,1253744.0,1.0,1970535.0,86850.0
2025-12-17T18:31:04.614161,0,22.41844725884376,1.9735538662535728,-0.5954251498878236,482.0,63.0,1.0,533416.0,1.0,1471909.0,71491.0
2025-12-17T18:31:04.715272,2,22.427734624878603,1.9669366962952823,-0.617626574968173,458.0,51.0,1.0,783243.0,1.0,1245708.0,67494.0
2025-12-17T18:31:04.812818,3,22.436184212049415,1.9599528367581147,-0.6387231461538164,467.0,55.0,1.0,1062868.0,1.0,1523094.0,72834.0
2025-12-17T18:31:04.913218,4,22.445470661818867,1.9537839980477916,-0.6629324907106932,469.0,56.0,1.0,1240659.0,1.0,1969202.0,85509.0
2025-12-17T18:31:05.012756,5,22.454110869200427,1.9470012594932893,-0.6829367546971745,446.0,45.0,1.0,829069.0,1.0,1849058.0,76162.0
2025-12-17T18:31:05.608970,0,22.4692550513436,1.8733919829384629,-0.8136694130156275,457.0,50.0,1.0,525531.0,1.0,1500073.0,73205.0
2025-12-17T18:31:05.715786,1,22.476003510714115,1.8650812779941255,-0.8354511432054718,466.0,55.0,1.0,761032.0,1.0,1743310.0,71904.0
2025-12-17T18:31:05.814694,2,22.484668395810402,1.856521761610808,-0.8561658404264442,454.0,49.0,1.0,781390.0,1.0,1242760.0,67746.0
2025-12-17T18:31:05.911737,3,22.49261058819596,1.8481202091042244,-0.8764946012289346,450.0,47.0,1.0,1057128.0,1.0,1551187.0,74052.0
2025-12-17T18:31:06.011723,5,22.50016455732603,1.8391219995034902,-0.9009589575486427,466.0,54.0,1.0,831598.0,1.0,1933539.0,74732.0
2025-12-17T18:31:06.613510,0,22.535404138112067,1.7571043679243665,-1.0257274148539837,473.0,58.0,1.0,532874.0,1.0,1510261.0,72123.0
2025-12-17T18:31:06.710437,1,22.542341183821357,1.7473258432898993,-1.04900355426229,472.0,58.0,1.0,757690.0,1.0,1724531.0,71491.0
2025-12-17T18:31:06.808800,2,22.54743443230968,1.7370588145229178,-1.0691605375178346,470.0,57.0,1.0,782183.0,1.0,1226879.0,66722.0
2025-12-17T18:31:06.914344,3,22.55303954015665,1.7271287003390938,-1.093481902021237,457.0,50.0,1.0,1085774.0,1.0,1548564.0,73603.0
2025-12-17T18:31:07.013455,4,22.558403262680898,1.7172552083489254,-1.1112737146780507,466.0,54.0,1.0,1226464.0,1.0,2013684.0,85740.0
2025-12-17T18:31:07.114171,5,22.563417531975045,1.7074629903363574,-1.1342703197648327,474.0,58.0,1.0,842362.0,1.0,1902381.0,74153.0
2025-12-17T18:31:07.611508,1,22.549697584281162,1.6384652694075923,-1.2404302971075587,478.0,61.0,1.0,768798.0,1.0,1724531.0,71081.0
2025-12-17T18:31:07.710704,2,22.552476723958204,1.6274511989025635,-1.2606951576185543,478.0,60.0,1.0,783773.0,1.0,1240239.0,66249.0
2025-12-17T18:31:07.811404,3,22.556442408082404,1.6162390751889326,-1.2807911176274906,454.0,49.0,1.0,1076261.0,1.0,1543332.0,73802.0
2025-12-17T18:31:07.913373,4,22.55918974812307,1.6054342774865482,-1.303055099988563,468.0,56.0,1.0,1244023.0,1.0,1969868.0,85537.0
2025-12-17T18:31:08.015751,5,22.56141754236486,1.5914887965572655,-1.3419851065021828,457.0,50.0,1.0,840653.0,1.0,1939437.0,75393.0
2025-12-17T18:31:08.610206,0,22.556564689680194,1.5268919054276555,-1.4454222098740543,461.0,52.0,1.0,536131.0,1.0,1493993.0,72933.0
2025-12-17T18:31:08.714561,1,22.558090737270003,1.5152070730689182,-1.4748315264027225,463.0,53.0,1.0,757690.0,1.0,1746854.0,72123.0
2025-12-17T18:31:08.810561,2,22.558020402719137,1.5047294637473092,-1.4919480790598985,469.0,56.0,1.0,781654.0,1.0,1235212.0,66812.0
2025-12-17T18:31:08.914263,3,22.5597781777417,1.4922302123305222,-1.499620240338952,459.0,51.0,1.0,1132695.0,1.0,1555919.0,73453.0
2025-12-17T18:31:09.011669,4,22.560956004838502,1.4803226902264566,-1.4988846230928348,472.0,57.0,1.0,1225219.0,1.0,1953932.0,85248.0
2025-12-17T18:31:09.110330,5,22.56222484206869,1.4685371293585394,-1.5025756472909324,470.0,57.0,1.0,846363.0,1.0,1918546.0,74404.0
2025-12-17T18:31:09.610177,0,22.56789100764879,1.3969091280731645,-1.505475215770765,446.0,45.0,1.0,534500.0,1.0,1515894.0,74052.0
2025-12-17T18:31:09.709822,1,22.56831731149393,1.3859614622876837,-1.5059725134211348,471.0,57.0,1.0,761032.0,1.0,1729207.0,71564.0
2025-12-17T18:31:09.814693,2,22.569003021463114,1.3747203975293036,-1.5047371575514528,454.0,49.0,1.0,795533.0,1.0,1256718.0,67792.0
2025-12-17T18:31:09.916064,3,22.569948905157823,1.3637428320602405,-1.5104198559457147,453.0,48.0,1.0,1061430.0,1.0,1558027.0,73902.0
2025-12-17T18:31:10.015567,4,22.570874940143966,1.3481951543579873,-1.5279881378643025,468.0,56.0,1.0,1233124.0,1.0,2001454.0,85566.0
2025-12-17T18:31:10.117749,5,22.57123147703496,1.3402696291947196,-1.5430426669373325,446.0,45.0,1.0,824591.0,1.0,1963212.0,76188.0
2025-12-17T18:31:10.611417,0,22.570559725274848,1.2832229274293123,-1.6066084329386525,466.0,55.0,1.0,541785.0,1.0,1484919.0,72588.0
2025-12-17T18:31:10.709224,1,22.570049354127097,1.271762254886208,-1.607110453728149,462.0,52.0,1.0,790433.0,1.0,1757529.0,72221.0
2025-12-17T18:31:10.809539,2,22.5695937228983,1.2602232736068748,-1.6034333697642977,450.0,47.0,1.0,769840.0,1.0,1240239.0,68044.0
2025-12-17T18:31:10.912243,3,22.569795814880994,1.2477819269142802,-1.6071467795435048,461.0,52.0,1.0,1071174.0,1.0,1543332.0,73329.0
2025-12-17T18:31:11.010992,4,22.5695374047205,1.2363604635473013,-1.6020004408328912,445.0,44.0,1.0,1229789.0,1.0,1969202.0,87529.0
2025-12-17T18:31:11.112610,5,22.569489397005874,1.224272490484756,-1.6037135476982642,458.0,51.0,1.0,864311.0,1.0,1899807.0,75265.0
2025-12-17T18:31:11.615464,0,22.5687894244016,1.1516121955352148,-1.607671697091306,457.0,50.0,1.0,537584.0,1.0,1500581.0,73280.0
2025-12-17T18:31:11.715365,1,22.568251728501096,1.1398858652605774,-1.6081805981952721,473.0,58.0,1.0,774282.0,1.0,1728037.0,71491.0
2025-12-17T18:31:11.808773,2,22.567922793781978,1.1282074067323569,-1.6067056852231134,460.0,52.0,1.0,793650.0,1.0,1252896.0,67403.0
2025-12-17T18:31:11.910732,4,22.567516008308004,1.1173375703510864,-1.608656205575974,455.0,49.0,1.0,1226464.0,1.0,2019144.0,86674.0
2025-12-17T18:31:12.011032,5,22.567057073854038,1.1060934715032884,-1.6064516189427642,476.0,59.0,1.0,852400.0,1.0,1911416.0,74027.0
2025-12-17T18:31:12.615440,0,22.56616931587361,1.036392511619761,-1.609117077552579,426.0,35.0,1.0,536131.0,1.0,1527741.0,75495.0
2025-12-17T18:31:12.711805,1,22.565694419076934,1.0248428569357406,-1.6049127579773053,457.0,50.0,1.0,765682.0,1.0,1731550.0,72588.0
2025-12-17T18:31:12.812869,3,22.565710142955016,1.0126463604091853,-1.6071397803057792,459.0,51.0,1.0,1086509.0,1.0,1581938.0,73453.0
2025-12-17T18:31:12.915134,4,22.565397356520606,1.0015524402939553,-1.6066643994392213,453.0,48.0,1.0,1252048.0,1.0,1955917.0,86821.0
2025-12-17T18:31:13.011657,5,22.565551990287073,0.9898475759272971,-1.6066681396836457,474.0,58.0,1.0,832161.0,1.0,1917247.0,74153.0
2025-12-17T18:31:13.610798,0,22.569943091937272,0.901629848897409,-1.5819529360094258,463.0,53.0,1.0,535224.0,1.0,1515381.0,72810.0
2025-12-17T18:31:13.713783,1,22.570637333668028,0.8879207920531078,-1.577989626886084,458.0,50.0,1.0,769319.0,1.0,1742131.0,72515.0
2025-12-17T18:31:13.810579,2,22.570877721743372,0.8760398511603098,-1.5782379825603323,453.0,48.0,1.0,782183.0,1.0,1254593.0,67837.0
2025-12-17T18:31:13.913171,3,22.570374974810726,0.8646209834591376,-1.5755252577294765,444.0,44.0,1.0,1099456.0,1.0,1548564.0,74530.0
2025-12-17T18:31:14.011077,4,22.57065284051706,0.8532855431437962,-1.5767639396520705,454.0,48.0,1.0,1233959.0,1.0,1950628.0,86791.0
2025-12-17T18:31:14.113802,5,22.56969060675023,0.8422666788706996,-1.5760288325941365,473.0,58.0,1.0,852689.0,1.0,1923747.0,74253.0
2025-12-17T18:31:14.613430,0,22.567853048887486,0.7850999851837779,-1.5753101540470331,450.0,47.0,1.0,535043.0,1.0,1515894.0,73727.0
2025-12-17T18:31:14.713157,1,22.568412207973378,0.773441070655263,-1.577524321039881,458.0,51.0,1.0,766719.0,1.0,1730378.0,72490.0
2025-12-17T18:31:14.812383,2,22.567806052870175,0.7621468243113059,-1.578774618058191,450.0,47.0,1.0,796880.0,1.0,1259699.0,68044.0
2025-12-17T18:31:14.915486,3,22.567196647548478,0.7505914688180777,-1.577049761033163,436.0,40.0,1.0,1078814.0,1.0,1593221.0,75087.0
2025-12-17T18:31:15.012302,4,22.56787593707051,0.7389069399688308,-1.579972788096437,465.0,54.0,1.0,1225219.0,1.0,1989971.0,85857.0
2025-12-17T18:31:15.113281,5,22.567238558718053,0.7268365594726403,-1.5792517832317057,460.0,51.0,1.0,834135.0,1.0,1949968.0,75189.0
2025-12-17T18:31:15.610454,0,22.567580762517572,0.6692984970818392,-1.578493630827978,461.0,52.0,1.0,545281.0,1.0,1530846.0,73007.0
2025-12-17T18:31:15.710401,1,22.568415916102346,0.6556237801972227,-1.577005731477264,455.0,49.0,1.0,777959.0,1.0,1755151.0,72711.0
2025-12-17T18:31:15.809389,2,22.570542601491816,0.6335815432475496,-1.5591745487121322,460.0,51.0,1.0,787230.0,1.0,1256718.0,67425.0
2025-12-17T18:31:15.910700,3,22.571700569580273,0.6200803426754984,-1.5565798523257466,441.0,42.0,1.0,1078814.0,1.0,1580867.0,74732.0
2025-12-17T18:31:16.012108,4,22.57196108855899,0.6080167203189291,-1.5590589176342893,461.0,52.0,1.0,1244023.0,1.0,1985262.0,86148.0
2025-12-17T18:31:16.113069,5,22.571965903268676,0.5957524901872846,-1.5578192979593484,473.0,58.0,1.0,825988.0,1.0,1908830.0,74228.0
2025-12-17T18:31:16.612441,0,22.572450944853983,0.539432086745327,-1.5629900693397936,454.0,49.0,1.0,541052.0,1.0,1518462.0,73453.0
2025-12-17T18:31:16.715848,1,22.572502102151,0.5278904056433937,-1.5612647024694575,457.0,50.0,1.0,762320.0,1.0,1707110.0,72613.0
2025-12-17T18:31:16.820447,2,22.572749967091426,0.5128327586927011,-1.5602913352257564,439.0,42.0,1.0,765682.0,1.0,1253744.0,68785.0
2025-12-17T18:31:16.916731,3,22.572866946470825,0.505458838972527,-1.5635083805700656,445.0,44.0,1.0,1105052.0,1.0,1579797.0,74505.0
2025-12-17T18:31:17.010014,4,22.572284486872498,0.49362003217467354,-1.5630006157510017,462.0,52.0,1.0,1258847.0,1.0,1999423.0,86118.0
2025-12-17T18:31:17.110007,5,22.572816778476124,0.48162063009824774,-1.5607840461756999,474.0,59.0,1.0,846650.0,1.0,1925702.0,74153.0
2025-12-17T18:31:17.613040,0,22.57353980015781,0.42326118571277505,-1.5632367447816948,454.0,48.0,1.0,541785.0,1.0,1522579.0,73503.0
2025-12-17T18:31:17.712191,1,22.573099684714386,0.4121163171506259,-1.563975762278154,460.0,52.0,1.0,793382.0,1.0,1733309.0,72368.0
2025-12-17T18:31:17.808944,2,22.572884538917798,0.4015018866299904,-1.5634517154537653,455.0,49.0,1.0,793113.0,1.0,1255443.0,67746.0
2025-12-17T18:31:17.911910,3,22.573279878305957,0.3888796602518205,-1.5635484931347305,448.0,46.0,1.0,1083205.0,1.0,1586227.0,74278.0
2025-12-17T18:31:18.010286,4,22.579165660089814,0.36081154867494547,-1.5520535124974764,456.0,49.0,1.0,1267826.0,1.0,1986606.0,86615.0
2025-12-17T18:31:18.110864,5,22.580337947223825,0.34706571553217813,-1.5517522363791387,463.0,53.0,1.0,862849.0,1.0,1915302.0,74986.0
2025-12-17T18:31:18.612036,0,22.582437430376473,0.2871026176121241,-1.5502726257368504,442.0,43.0,1.0,541602.0,1.0,1533439.0,74354.0
2025-12-17T18:31:18.714677,1,22.582544684519803,0.275555987233318,-1.548046241074236,451.0,47.0,1.0,775593.0,1.0,1756339.0,73032.0
2025-12-17T18:31:18.814832,2,22.583141266903795,0.2641492763358446,-1.5473075448662996,460.0,52.0,1.0,802564.0,1.0,1266968.0,67425.0
2025-12-17T18:31:18.914218,3,22.58316253361372,0.2533312305324662,-1.544062981141391,447.0,45.0,1.0,1089086.0,1.0,1571266.0,74354.0
2025-12-17T18:31:19.015457,4,22.583665108353888,0.24207198561376764,-1.5362030497435575,448.0,46.0,1.0,1233959.0,1.0,1949968.0,87263.0
2025-12-17T18:31:19.119209,5,22.584722839372592,0.230886509920758,-1.5220601667191231,464.0,53.0,1.0,848084.0,1.0,1942722.0,74910.0
2025-12-17T18:31:19.614996,0,22.59298460518723,0.1735769193493386,-1.4071739910872882,442.0,43.0,1.0,552526.0,1.0,1544377.0,74354.0
2025-12-17T18:31:19.715262,1,22.595171499458466,0.16225945254906637,-1.3846122016756295,446.0,45.0,1.0,781654.0,1.0,1740952.0,73404.0
2025-12-17T18:31:19.813077,2,22.597625284043414,0.15191955382526423,-1.3645748017371935,457.0,50.0,1.0,786697.0,1.0,1278599.0,67654.0
2025-12-17T18:31:19.913193,3,22.600309319652602,0.14116474272550317,-1.3381181301350848,444.0,44.0,1.0,1110676.0,1.0,1579797.0,74581.0
2025-12-17T18:31:20.011748,4,22.60255499066244,0.130071366366173,-1.3139049434520758,450.0,47.0,1.0,1242340.0,1.0,1985262.0,87086.0
2025-12-17T18:31:20.109147,5,22.60657529133103,0.11807892225523542,-1.2914253643601514,476.0,60.0,1.0,836113.0,1.0,1939437.0,74027.0
2025-12-17T18:31:20.614445,0,22.63350170830128,0.06280481509892599,-1.1664653446999953,454.0,48.0,1.0,540138.0,1.0,1492477.0,73528.0
2025-12-17T18:31:20.708026,1,22.638407686228774,0.05331762189747202,-1.1440688245704316,444.0,44.0,1.0,779805.0,1.0,1757529.0,73528.0
2025-12-17T18:31:20.815607,2,22.642410765099882,0.042476478689764896,-1.1193371589964667,449.0,46.0,1.0,798230.0,1.0,1285106.0,68137.0
2025-12-17T18:31:20.910918,3,22.64697323096471,0.03131636629746737,-1.096524355443296,456.0,49.0,1.0,1075169.0,1.0,1577660.0,73727.0
2025-12-17T18:31:21.015449,4,22.653594958973716,0.023935201025397923,-1.0723645640943267,455.0,49.0,1.0,1255443.0,1.0,1965872.0,86674.0
2025-12-17T18:31:21.112841,5,22.66797100569646,0.028831521076519095,-1.0374762431887354,458.0,51.0,1.0,844646.0,1.0,1934193.0,75291.0
2025-12-17T18:31:21.612275,0,22.69807205381869,-0.016421059746447142,-0.9182622477794248,453.0,48.0,1.0,535224.0,1.0,1532920.0,73603.0
2025-12-17T18:31:21.711821,1,22.703854835121593,-0.025112607835023226,-0.8954300439307824,465.0,54.0,1.0,782183.0,1.0,1730378.0,72074.0
2025-12-17T18:31:21.809341,2,22.711565137069243,-0.03391881078331682,-0.8763359148630226,434.0,39.0,1.0,773758.0,1.0,1265682.0,69182.0
2025-12-17T18:31:21.909377,3,22.722391721056404,-0.041878783897306704,-0.8570033285255558,432.0,38.0,1.0,1087613.0,1.0,1591604.0,75469.0
2025-12-17T18:31:22.014129,4,22.748882536775373,-0.04316520862160722,-0.8205397949974245,443.0,43.0,1.0,1244444.0,1.0,2033546.0,87737.0
2025-12-17T18:31:22.109636,5,22.761588878651875,-0.04994003523998458,-0.7915214349836451,454.0,49.0,1.0,838380.0,1.0,1942065.0,75597.0
2025-12-17T18:31:22.612156,0,22.804039913509122,-0.08887520668666671,-0.6617281614136301,448.0,46.0,1.0,542703.0,1.0,1526707.0,73927.0
2025-12-17T18:31:22.720184,1,22.810950389227898,-0.09356615784262345,-0.6515837789521972,440.0,42.0,1.0,775331.0,1.0,1742131.0,73827.0
2025-12-17T18:31:22.811172,2,22.821316906683947,-0.1002504783170961,-0.6321243585322058,441.0,42.0,1.0,812677.0,1.0,1279465.0,68716.0
2025-12-17T18:31:22.914879,3,22.84209674394008,-0.08437483223470377,-0.5894677597097511,424.0,34.0,1.0,1092779.0,1.0,1578728.0,76033.0
2025-12-17T18:31:23.014139,4,22.855593451883706,-0.08518025029187726,-0.5604531057581644,452.0,48.0,1.0,1263542.0,1.0,1969868.0,86968.0
2025-12-17T18:31:23.110729,5,22.865044014556176,-0.08978210519799745,-0.5397313009845566,455.0,49.0,1.0,834700.0,1.0,1944696.0,75520.0
2025-12-17T18:31:23.609139,0,22.913957259756174,-0.11742887977817773,-0.4437948818106054,449.0,46.0,1.0,539407.0,1.0,1528258.0,73877.0
2025-12-17T18:31:23.711149,2,22.924396460959496,-0.12307747610195019,-0.41932723402562766,444.0,44.0,1.0,788563.0,1.0,1281198.0,68530.0
2025-12-17T18:31:23.809880,3,22.926545363091932,-0.11036692085650568,-0.39159518058561754,450.0,47.0,1.0,1100946.0,1.0,1582473.0,74153.0
2025-12-17T18:31:23.912275,4,22.934685773876357,-0.10848836118411498,-0.36580941361396957,429.0,37.0,1.0,1226464.0,1.0,2043896.0,88932.0
2025-12-17T18:31:24.010809,5,22.945172119327154,-0.11317105432061325,-0.3418498237253111,458.0,50.0,1.0,856448.0,1.0,1962548.0,75342.0
2025-12-17T18:31:24.612408,0,23.008339212108815,-0.13337844734732052,-0.1999391715237583,440.0,42.0,1.0,546389.0,1.0,1545422.0,74530.0
2025-12-17T18:31:24.710809,1,23.02002259244379,-0.13471780462833305,-0.18458353465099991,445.0,44.0,1.0,777170.0,1.0,1768867.0,73453.0
2025-12-17T18:31:24.812459,2,23.029039359118986,-0.12550290304400935,-0.15802564058336027,431.0,38.0,1.0,802021.0,1.0,1279465.0,69346.0
2025-12-17T18:31:24.909480,3,23.03709989531561,-0.11573840814994618,-0.12935071916912105,429.0,37.0,1.0,1104304.0,1.0,1585153.0,75700.0
2025-12-17T18:31:25.010679,4,23.049041554244297,-0.11652681998891534,-0.10699963034677494,448.0,46.0,1.0,1272124.0,1.0,2009599.0,87292.0
2025-12-17T18:31:25.110677,5,23.059761857452365,-0.1166943128744613,-0.08506053372232508,439.0,42.0,1.0,834700.0,1.0,1949308.0,76705.0
2025-12-17T18:31:25.615119,0,23.117773127476628,-0.11945455176906172,0.03019762109937497,447.0,45.0,1.0,543806.0,1.0,1515381.0,74002.0
2025-12-17T18:31:25.712236,1,23.12806494515214,-0.10667439937711887,0.06097038172512157,452.0,47.0,1.0,778750.0,1.0,1771263.0,73007.0
2025-12-17T18:31:25.811120,2,23.138719918610256,-0.08696198389898369,0.0980271805973884,458.0,51.0,1.0,803379.0,1.0,1288591.0,67562.0
2025-12-17T18:31:25.917561,3,23.14913439927105,-0.08499294315996142,0.12322686244834348,439.0,42.0,1.0,1070449.0,1.0,1580867.0,74910.0
2025-12-17T18:31:26.012083,4,23.159266627625733,-0.08559471412480502,0.15366262913041234,438.0,41.0,1.0,1252896.0,1.0,2011640.0,88153.0
2025-12-17T18:31:26.116193,5,23.170892001748967,-0.08532389439270238,0.17987751734455776,452.0,48.0,1.0,867535.0,1.0,1951289.0,75751.0
2025-12-17T18:31:26.613221,0,23.21845649774587,-0.06238542476853759,0.28640214346667925,437.0,40.0,1.0,537402.0,1.0,1525674.0,74758.0
2025-12-17T18:31:26.715620,1,23.216403120597555,-0.04852811939752355,0.31329935194255576,441.0,43.0,1.0,779013.0,1.0,1764084.0,73727.0
2025-12-17T18:31:26.809173,2,23.22704570163256,-0.0452035137314275,0.3340860369428269,418.0,32.0,1.0,785101.0,1.0,1268684.0,70268.0
2025-12-17T18:31:26.915192,3,23.237937110597407,-0.04106590557125189,0.3585312600925564,435.0,40.0,1.0,1083938.0,1.0,1600788.0,75214.0
2025-12-17T18:31:27.009958,4,23.248582627808595,-0.03606955252104749,0.3813191711224046,449.0,46.0,1.0,1291647.0,1.0,2058475.0,87204.0
2025-12-17T18:31:27.611036,1,23.30082380045981,0.006834929385916233,0.5183874833921448,453.0,48.0,1.0,782713.0,1.0,1758124.0,72908.0
2025-12-17T18:31:27.714947,2,23.310697493743557,0.01233451443197131,0.539595764950383,437.0,41.0,1.0,806376.0,1.0,1288591.0,68972.0
2025-12-17T18:31:27.811604,3,23.32024297930226,0.018208532993741144,0.5621598701869516,451.0,47.0,1.0,1095000.0,1.0,1586227.0,74103.0
2025-12-17T18:31:27.913632,4,23.328193858412636,0.024960101622018005,0.5896160019913113,443.0,43.0,1.0,1276869.0,1.0,1997393.0,87737.0
2025-12-17T18:31:28.009892,5,23.338539223840687,0.03056336749715438,0.6136812037414563,464.0,54.0,1.0,858771.0,1.0,1948649.0,74884.0
2025-12-17T18:31:28.610557,0,23.392377577027137,0.08899380615975039,0.7629178847141068,442.0,43.0,1.0,540503.0,1.0,1536556.0,74354.0
2025-12-17T18:31:28.710998,1,23.399365679985817,0.09737699356181473,0.7886272489318631,453.0,48.0,1.0,795802.0,1.0,1777870.0,72908.0
2025-12-17T18:31:28.812631,2,23.406939548302052,0.10529297948829841,0.8168285267274036,436.0,40.0,1.0,793113.0,1.0,1299540.0,69065.0
2025-12-17T18:31:28.912585,3,23.415671376731172,0.1131831756043793,0.8351456413335235,418.0,32.0,1.0,1085774.0,1.0,1592143.0,76524.0
2025-12-17T18:31:29.010529,4,23.42353493661591,0.12199497483870347,0.85641034778842,453.0,48.0,1.0,1240239.0,1.0,1996042.0,86938.0
2025-12-17T18:31:29.111477,5,23.4300106539379,0.13140121332887045,0.880848741521696,442.0,43.0,1.0,841507.0,1.0,1962548.0,76550.0
2025-12-17T18:31:29.615353,0,23.445736621171893,0.1876837518546508,1.0081581765495211,458.0,50.0,1.0,538677.0,1.0,1546469.0,73255.0
2025-12-17T18:31:29.709610,1,23.453123971886527,0.19631714056379534,1.025953147058929,425.0,35.0,1.0,778750.0,1.0,1761101.0,74960.0
2025-12-17T18:31:29.813353,2,23.459654041714955,0.2067056960101863,1.0471985354322186,456.0,49.0,1.0,800936.0,1.0,1287283.0,67746.0
2025-12-17T18:31:29.914789,3,23.463754239373287,0.21683187656678937,1.070413868256479,426.0,36.0,1.0,1124673.0,1.0,1606759.0,75879.0
2025-12-17T18:31:30.014926,4,23.468467534440602,0.22683477597706858,1.0921885611428717,439.0,42.0,1.0,1275573.0,1.0,2015048.0,88064.0
2025-12-17T18:31:30.112270,5,23.47426775845746,0.23798319578679772,1.1104938725557585,455.0,49.0,1.0,866068.0,1.0,1960556.0,75597.0
2025-12-17T18:31:30.611658,0,23.50770994952841,0.3069964283354283,1.2241393626616985,419.0,32.0,1.0,539224.0,1.0,1553288.0,76085.0
2025-12-17T18:31:30.708819,1,23.510512644698473,0.31713971358339865,1.2490838550979204,441.0,42.0,1.0,794456.0,1.0,1768268.0,73802.0
2025-12-17T18:31:30.812556,2,23.514580143050928,0.3273856472675174,1.2725791931571384,453.0,48.0,1.0,806649.0,1.0,1299100.0,67906.0
2025-12-17T18:31:30.919211,3,23.51906213349551,0.3386172445528808,1.2899555681499029,449.0,46.0,1.0,1081739.0,1.0,1575526.0,74253.0
2025-12-17T18:31:31.010714,4,23.52201654361592,0.34911038187981047,1.3101465784380337,452.0,47.0,1.0,1270403.0,1.0,1997393.0,87027.0
2025-12-17T18:31:31.110468,5,23.524248251745966,0.3598050257759384,1.3316775582281337,466.0,55.0,1.0,835830.0,1.0,2023248.0,74758.0
2025-12-17T18:31:31.616383,0,23.544424941152293,0.4231109183381241,1.446715351592852,458.0,50.0,1.0,544912.0,1.0,1531883.0,73255.0
2025-12-17T18:31:31.716061,1,23.546575599583715,0.4347407746859595,1.4610559289118603,453.0,48.0,1.0,799852.0,1.0,1765876.0,72933.0
2025-12-17T18:31:31.813666,2,23.547843980880764,0.4497502584496944,1.4667405756100695,444.0,44.0,1.0,774282.0,1.0,1305712.0,68553.0
2025-12-17T18:31:31.912562,3,23.54876357842491,0.45767078198022837,1.4682198112920066,447.0,45.0,1.0,1099828.0,1.0,1610570.0,74379.0
2025-12-17T18:31:32.018350,4,23.551152353896338,0.47232565051163533,1.4652289430385461,451.0,47.0,1.0,1290773.0,1.0,2025989.0,87086.0
2025-12-17T18:31:32.113110,5,23.551653854302426,0.47970458155662055,1.4652387394824633,456.0,50.0,1.0,844360.0,1.0,1973204.0,75495.0
2025-12-17T18:31:32.612540,0,23.553360161313364,0.5455489593882108,1.5030187061553446,447.0,45.0,1.0,535949.0,1.0,1548564.0,74052.0
2025-12-17T18:31:32.716834,1,23.554716210506776,0.556586212852586,1.519245832401732,454.0,49.0,1.0,763353.0,1.0,1777870.0,72834.0
2025-12-17T18:31:32.813042,3,23.555185512703908,0.5681525985891418,1.5402835587270258,427.0,36.0,1.0,1089824.0,1.0,1618220.0,75879.0
2025-12-17T18:31:32.910728,4,23.555111197940903,0.5790849623779177,1.559853089720796,437.0,40.0,1.0,1285106.0,1.0,2032858.0,88273.0
2025-12-17T18:31:33.012068,5,23.55359339916092,0.5902555924424568,1.5832196284678683,436.0,40.0,1.0,864311.0,1.0,1973872.0,76939.0
2025-12-17T18:31:33.612477,0,23.54839392197526,0.6589633359950806,1.7050965621612089,453.0,48.0,1.0,543990.0,1.0,1526190.0,73628.0
2025-12-17T18:31:33.714839,1,23.54550234562723,0.6702089423172586,1.7120308873951233,458.0,51.0,1.0,790433.0,1.0,1757529.0,72588.0
2025-12-17T18:31:33.815444,2,23.54448280989729,0.681998435907146,1.713493602032304,434.0,39.0,1.0,809932.0,1.0,1280331.0,69182.0
2025-12-17T18:31:33.910708,3,23.542696401983008,0.6932930133938013,1.7035849826895302,442.0,43.0,1.0,1085407.0,1.0,1595380.0,74758.0
2025-12-17T18:31:34.011436,4,23.541743173072824,0.7043892155487237,1.6912239678172483,426.0,35.0,1.0,1255018.0,1.0,2012321.0,89204.0
2025-12-17T18:31:34.118107,5,23.538280803922678,0.720788799446503,1.6805980138195074,458.0,50.0,1.0,846936.0,1.0,1983919.0,75393.0
2025-12-17T18:31:34.614557,0,23.5337852991888,0.7839778260035457,1.6329854893749318,430.0,37.0,1.0,535587.0,1.0,1542287.0,75265.0
2025-12-17T18:31:34.715089,1,23.532554936959876,0.7961979579506488,1.6315071597464474,436.0,40.0,1.0,789097.0,1.0,1758719.0,74128.0
2025-12-17T18:31:34.811856,2,23.531432086976434,0.8077362662137135,1.6307648205490968,423.0,34.0,1.0,801750.0,1.0,1294273.0,69959.0
2025-12-17T18:31:34.914798,4,23.530632212798583,0.8202335603971544,1.6310140735946834,440.0,42.0,1.0,1272555.0,1.0,2030795.0,88064.0
2025-12-17T18:31:35.012472,5,23.529770705086936,0.8314629539845599,1.6310256670391157,464.0,53.0,1.0,856448.0,1.0,1985262.0,74960.0
2025-12-17T18:31:35.613492,0,23.525725343736166,0.9013789054276922,1.6300505587553633,447.0,45.0,1.0,538859.0,1.0,1530328.0,74052.0
2025-12-17T18:31:35.708366,1,23.524309828655994,0.9125773405004622,1.6280748903543607,457.0,50.0,1.0,790433.0,1.0,1767670.0,72638.0
2025-12-17T18:31:35.814287,2,23.524661461513176,0.9238340367663622,1.6268268489913997,442.0,43.0,1.0,789364.0,1.0,1302182.0,68646.0
2025-12-17T18:31:35.912073,3,23.52320991720533,0.9360986868726444,1.6273176729940237,441.0,42.0,1.0,1121252.0,1.0,1604585.0,74859.0
2025-12-17T18:31:36.014992,4,23.52257390904109,0.9512516450850121,1.6305267050484376,456.0,50.0,1.0,1285106.0,1.0,2015048.0,86674.0
2025-12-17T18:31:36.113398,5,23.521998102476736,0.9592090507206725,1.6320071713516517,456.0,49.0,1.0,858771.0,1.0,1989971.0,75520.0
2025-12-17T18:31:36.612008,0,23.50465770562382,1.0287567282360817,1.6542567868743911,437.0,41.0,1.0,538130.0,1.0,1527224.0,74732.0
2025-12-17T18:31:36.712072,1,23.504036772585955,1.0395109136124123,1.6557326561685213,431.0,38.0,1.0,776381.0,1.0,1792370.0,74530.0
2025-12-17T18:31:36.810018,2,23.503462892065084,1.0507133436909397,1.6557328932288133,439.0,41.0,1.0,806376.0,1.0,1310583.0,68879.0
2025-12-17T18:31:36.910362,3,23.502021371202424,1.062132145207511,1.6552332243066354,441.0,42.0,1.0,1091670.0,1.0,1599705.0,74833.0
2025-12-17T18:31:37.012931,5,23.50204659738364,1.0740493421477861,1.6567441234173224,451.0,47.0,1.0,844075.0,1.0,1980564.0,75905.0
2025-12-17T18:31:37.614649,0,23.496677883512394,1.142558034800218,1.6594295691658516,452.0,48.0,1.0,531973.0,1.0,1543332.0,73653.0
2025-12-17T18:31:37.712185,1,23.49545890008617,1.153593138450982,1.6587068467583268,447.0,45.0,1.0,774544.0,1.0,1776066.0,73379.0
2025-12-17T18:31:37.814980,2,23.49506309209636,1.1656980690807872,1.6592004020176372,438.0,41.0,1.0,808015.0,1.0,1312802.0,68972.0
2025-12-17T18:31:37.912639,3,23.493722955866822,1.1764963928154293,1.6582069678074232,447.0,45.0,1.0,1101691.0,1.0,1614937.0,74379.0
2025-12-17T18:31:38.012150,4,23.493481357691806,1.1881092267692157,1.6562418958625935,453.0,48.0,1.0,1267397.0,1.0,2049437.0,86968.0
2025-12-17T18:31:38.112220,5,23.49235823894284,1.2001256515118115,1.6567276180953416,459.0,51.0,1.0,860808.0,1.0,1998746.0,75291.0
2025-12-17T18:31:38.611808,0,23.477397441781584,1.2637124091824585,1.667175174716715,443.0,43.0,1.0,545835.0,1.0,1542287.0,74354.0
2025-12-17T18:31:38.717112,1,23.476599377771407,1.2755729194967396,1.6634538881723897,453.0,48.0,1.0,788830.0,1.0,1767072.0,72933.0
2025-12-17T18:31:38.810807,2,23.47487310106229,1.2868433549907508,1.6523263546706735,438.0,41.0,1.0,819583.0,1.0,1311026.0,68972.0
2025-12-17T18:31:38.913375,3,23.474273560576698,1.297853748146811,1.6348622742011774,434.0,39.0,1.0,1108423.0,1.0,1619864.0,75342.0
2025-12-17T18:31:39.011826,4,23.47409806952883,1.3086042932684485,1.6083053804899037,431.0,38.0,1.0,1289463.0,1.0,2034234.0,88782.0
2025-12-17T18:31:39.118253,5,23.47498288464864,1.3189631105778137,1.5868290529272917,437.0,41.0,1.0,857319.0,1.0,1999423.0,76887.0
2025-12-17T18:31:39.611403,0,23.473833851622423,1.3790953386785851,1.5660638400695464,445.0,44.0,1.0,536675.0,1.0,1543332.0,74178.0
2025-12-17T18:31:39.715326,1,23.473722598722055,1.389587976340005,1.5717397330148823,450.0,47.0,1.0,785898.0,1.0,1770664.0,73156.0
2025-12-17T18:31:39.813160,2,23.474127674301535,1.40148745249597,1.5719898256685256,431.0,38.0,1.0,805830.0,1.0,1313247.0,69440.0
2025-12-17T18:31:39.910513,3,23.473321635723593,1.4129144887956855,1.570767762955071,424.0,34.0,1.0,1093148.0,1.0,1616030.0,76085.0
2025-12-17T18:31:40.018860,4,23.474156453387266,1.4283007512024994,1.5722575619446728,461.0,52.0,1.0,1276437.0,1.0,1998746.0,86264.0
2025-12-17T18:31:40.110066,5,23.47376661794698,1.4360847309924498,1.5693114771786425,456.0,50.0,1.0,873722.0,1.0,2005522.0,75520.0
2025-12-17T18:31:40.609983,0,23.4741234125717,1.4940339710577737,1.5688524087183187,450.0,47.0,1.0,538495.0,1.0,1547516.0,73827.0
2025-12-17T18:31:40.708943,1,23.474428291499496,1.505388789909066,1.56933705111724,455.0,49.0,1.0,792845.0,1.0,1757529.0,72834.0
2025-12-17T18:31:40.811748,2,23.47372073224051,1.5201643134686784,1.5696052992304137,429.0,37.0,1.0,811029.0,1.0,1285106.0,69581.0
2025-12-17T18:31:40.911972,3,23.4698342117121,1.5445839363678462,1.5796360760685517,434.0,39.0,1.0,1141546.0,1.0,1622607.0,75393.0
2025-12-17T18:31:41.013809,4,23.469442445350108,1.5582594126463407,1.5831141618664477,458.0,50.0,1.0,1286847.0,1.0,2058475.0,86557.0
2025-12-17T18:31:41.111054,5,23.468692923902907,1.5698015971135808,1.5808750734114645,428.0,36.0,1.0,853844.0,1.0,1998746.0,77567.0
2025-12-17T18:31:41.611570,0,23.467528926234376,1.6283515409235108,1.5840716100112169,449.0,46.0,1.0,545096.0,1.0,1521034.0,73927.0
2025-12-17T18:31:41.710415,1,23.467801528206074,1.6399304873413518,1.5853144700148722,442.0,43.0,1.0,791504.0,1.0,1793584.0,73727.0
2025-12-17T18:31:41.809676,2,23.466933490871227,1.6508938027906908,1.585571905666964,426.0,36.0,1.0,815433.0,1.0,1311026.0,69747.0
2025-12-17T18:31:41.915256,3,23.466987778054442,1.6620996916220854,1.5882869872312892,434.0,39.0,1.0,1086877.0,1.0,1600788.0,75367.0
2025-12-17T18:31:42.012581,4,23.467019885576256,1.6742026196343662,1.5850800817983395,461.0,52.0,1.0,1260126.0,1.0,2044588.0,86264.0
2025-12-17T18:31:42.116727,5,23.46631833154825,1.6852323475354591,1.5882646275572556,455.0,49.0,1.0,853555.0,1.0,1993341.0,75597.0
2025-12-17T18:31:42.615493,0,23.465946270492587,1.7424710805016037,1.5848412279551185,438.0,41.0,1.0,537221.0,1.0,1536556.0,74732.0
2025-12-17T18:31:42.712187,2,23.46600667718284,1.7545054460528933,1.586572277126388,434.0,39.0,1.0,781125.0,1.0,1319484.0,69229.0
2025-12-17T18:31:42.812445,3,23.465057334311126,1.7666239453341657,1.5865704367868547,437.0,41.0,1.0,1100946.0,1.0,1615484.0,75138.0
2025-12-17T18:31:42.914149,4,23.465649006624766,1.777309379567635,1.5860758718878623,431.0,38.0,1.0,1277734.0,1.0,2085120.0,88842.0
2025-12-17T18:31:43.012540,5,23.464962856451706,1.792173451449056,1.5841033353225538,437.0,40.0,1.0,864311.0,1.0,1993341.0,76939.0
2025-12-17T18:31:43.614783,0,23.42763030871489,1.879686838361918,1.6328576307344125,443.0,43.0,1.0,537948.0,1.0,1533439.0,74354.0
2025-12-17T18:31:43.717597,1,23.427009728563483,1.8916278276789562,1.612820194941075,449.0,46.0,1.0,776907.0,1.0,1791157.0,73230.0
2025-12-17T18:31:43.811331,2,23.427210989889907,1.9031647603727935,1.5943330881646534,443.0,43.0,1.0,813228.0,1.0,1290773.0,68646.0
2025-12-17T18:31:43.909956,3,23.426110819813694,1.9146613557291534,1.57324936442226,432.0,38.0,1.0,1106175.0,1.0,1622607.0,75495.0
2025-12-17T18:31:44.015520,4,23.426926906659258,1.9257933380012329,1.5509948617596454,437.0,40.0,1.0,1298661.0,1.0,2023248.0,88332.0
2025-12-17T18:31:44.115770,5,23.427325469092047,1.9363565442620825,1.5272796506633692,460.0,51.0,1.0,858189.0,1.0,2026675.0,75265.0
2025-12-17T18:31:44.612929,0,23.43232848866008,1.992132263081821,1.415599838375314,446.0,45.0,1.0,536675.0,1.0,1549088.0,74153.0
2025-12-17T18:31:44.711735,1,23.43402258508399,2.003652791252681,1.393772455021181,451.0,47.0,1.0,796880.0,1.0,1746263.0,73131.0
2025-12-17T18:31:44.814283,2,23.436714696003808,2.015137537521319,1.3654934899146471,437.0,40.0,1.0,795533.0,1.0,1320824.0,69065.0
2025-12-17T18:31:44.912607,3,23.439621339805967,2.0252181738812585,1.3436436113657158,433.0,39.0,1.0,1103557.0,1.0,1622607.0,75469.0
2025-12-17T18:31:45.011640,4,23.442442111476627,2.039862772053082,1.3181375091601015,458.0,50.0,1.0,1270833.0,1.0,2102126.0,86557.0
2025-12-17T18:31:45.116197,5,23.444359891916005,2.0508358069636277,1.2952523544761088,452.0,48.0,1.0,874018.0,1.0,2022563.0,75828.0
2025-12-17T18:31:45.616958,0,23.443015655532346,2.1300685187760386,1.2246384141298108,444.0,44.0,1.0,544543.0,1.0,1555919.0,74304.0
2025-12-17T18:31:45.709368,1,23.44674115006523,2.1409451065226257,1.1987137172056335,440.0,42.0,1.0,792308.0,1.0,1782690.0,73877.0
2025-12-17T18:31:45.810923,2,23.45104276247096,2.1509736241762187,1.1799972052847565,434.0,39.0,1.0,814605.0,1.0,1305712.0,69229.0
2025-12-17T18:31:45.914977,3,23.45462723681934,2.16223189592351,1.158122114607889,417.0,31.0,1.0,1145804.0,1.0,1642498.0,76654.0
2025-12-17T18:31:46.010889,4,23.460568609437964,2.1720147586069727,1.1305808262516213,451.0,47.0,1.0,1288155.0,1.0,2067552.0,87115.0
2025-12-17T18:31:46.115173,5,23.46610418582437,2.181313085527788,1.1057947330953675,450.0,46.0,1.0,848658.0,1.0,2058475.0,76008.0
2025-12-17T18:31:46.611911,1,23.473293439709693,2.2342452179213916,1.0093325199119607,429.0,37.0,1.0,796071.0,1.0,1752776.0,74707.0
2025-12-17T18:31:46.709504,2,23.479095216565117,2.244597775658206,0.994430431985953,420.0,33.0,1.0,797690.0,1.0,1328896.0,70196.0
2025-12-17T18:31:46.810196,3,23.485202697409512,2.2544324275475542,0.9679339973266757,427.0,36.0,1.0,1083205.0,1.0,1614390.0,75905.0
2025-12-17T18:31:46.917510,4,23.492396861672006,2.2627756383632223,0.9457916905854258,434.0,39.0,1.0,1288155.0,1.0,2042513.0,88602.0
2025-12-17T18:31:47.008879,5,23.499294308972196,2.272255154840792,0.9238666301695024,450.0,46.0,1.0,858480.0,1.0,2008239.0,76008.0
2025-12-17T18:31:47.614951,0,23.539208537036426,2.3161376162494323,0.7712542798301594,454.0,49.0,1.0,543990.0,1.0,1518976.0,73578.0
2025-12-17T18:31:47.712920,1,23.546987147014942,2.3233605528769354,0.7427873527840038,433.0,39.0,1.0,793382.0,1.0,1783897.0,74404.0
2025-12-17T18:31:47.813844,2,23.555570991083105,2.331005004216392,0.7213965448368809,445.0,44.0,1.0,805285.0,1.0,1330696.0,68530.0
2025-12-17T18:31:47.910943,3,23.563755693056606,2.339345515269831,0.702232637926572,422.0,33.0,1.0,1113311.0,1.0,1637503.0,76291.0
2025-12-17T18:31:48.016086,4,23.57206780933847,2.347717146607982,0.6807492049763547,449.0,46.0,1.0,1289463.0,1.0,2050825.0,87322.0
2025-12-17T18:31:48.111866,5,23.580730517324135,2.354920883789889,0.6572776640013395,454.0,49.0,1.0,869592.0,1.0,2028734.0,75700.0
2025-12-17T18:31:48.614588,0,23.612189095141492,2.3748100214964625,0.5494482437960537,447.0,45.0,1.0,534500.0,1.0,1600788.0,74052.0
2025-12-17T18:31:48.716600,1,23.62206235446548,2.3801496075306607,0.5263804325759682,451.0,47.0,1.0,800936.0,1.0,1788734.0,73131.0
2025-12-17T18:31:48.813257,2,23.631603270021465,2.384921670346178,0.5006786894906741,441.0,42.0,1.0,815433.0,1.0,1321719.0,68785.0
2025-12-17T18:31:48.912479,3,23.64133796159831,2.3898029409764145,0.4726860847720946,424.0,35.0,1.0,1117085.0,1.0,1624256.0,76111.0
2025-12-17T18:31:49.011256,4,23.651412752921345,2.394133046965629,0.45637629695986265,457.0,50.0,1.0,1305271.0,1.0,2097861.0,86615.0
2025-12-17T18:31:49.114985,5,23.661500567559926,2.40023614198481,0.4373815964436299,442.0,43.0,1.0,855000.0,1.0,2068952.0,76550.0
2025-12-17T18:31:49.615384,0,23.711360301210423,2.401232901245268,0.2946597591940717,451.0,47.0,1.0,548984.0,1.0,1558027.0,73802.0
2025-12-17T18:31:49.719899,1,23.72173057583606,2.4030254988777378,0.269154651007216,453.0,48.0,1.0,815433.0,1.0,1774864.0,73007.0
2025-12-17T18:31:49.814867,2,23.729246026182423,2.4055122634070027,0.25513924676929706,431.0,38.0,1.0,802836.0,1.0,1330696.0,69440.0
2025-12-17T18:31:49.911090,3,23.74075280267072,2.4084811056485504,0.2390215958539121,434.0,39.0,1.0,1094259.0,1.0,1621509.0,75418.0
2025-12-17T18:31:50.014415,4,23.755676303775342,2.413145213894392,0.20732755030772515,437.0,40.0,1.0,1309253.0,1.0,2104974.0,88332.0
2025-12-17T18:31:50.615819,0,23.80873445711251,2.409424315249333,0.08367495319336787,451.0,47.0,1.0,541602.0,1.0,1570202.0,73827.0
2025-12-17T18:31:50.710052,1,23.820417451932155,2.4110935150731363,0.061986468632488426,439.0,41.0,1.0,811853.0,1.0,1786314.0,74002.0
2025-12-17T18:31:50.811288,2,23.8313615135703,2.4106304335839788,0.03566245852640895,436.0,40.0,1.0,817920.0,1.0,1311026.0,69159.0
2025-12-17T18:31:50.911831,3,23.842157517976148,2.4106244930639686,0.0056581997934355205,425.0,35.0,1.0,1120873.0,1.0,1643611.0,76111.0
2025-12-17T18:31:51.013274,4,23.853171318357248,2.4098857125200794,-0.015406542304251827,437.0,41.0,1.0,1276437.0,1.0,2049437.0,88303.0
2025-12-17T18:31:51.112943,5,23.847406509929176,2.392389735555672,-0.042811346931086014,449.0,46.0,1.0,870181.0,1.0,2017777.0,76033.0
2025-12-17T18:31:51.614606,0,23.89763156746757,2.382024864651231,-0.15444921682569554,435.0,39.0,1.0,549914.0,1.0,1562251.0,74960.0
2025-12-17T18:31:51.714899,1,23.90950657964372,2.3794651501025674,-0.17774963532881177,445.0,44.0,1.0,796880.0,1.0,1793584.0,73603.0
2025-12-17T18:31:51.810301,2,23.919847394222792,2.3774705021334457,-0.20028587081899402,438.0,41.0,1.0,821805.0,1.0,1339734.0,69019.0
2025-12-17T18:31:51.915412,3,23.930843119688966,2.3754227784719744,-0.2153652475315444,428.0,36.0,1.0,1106549.0,1.0,1623706.0,75879.0
2025-12-17T18:31:52.010652,4,23.94423059588901,2.3677868991082494,-0.23003463019160394,446.0,45.0,1.0,1305271.0,1.0,2050825.0,87588.0
2025-12-17T18:31:52.114144,5,23.956283283978554,2.3622748928105093,-0.2519781712317332,429.0,37.0,1.0,847223.0,1.0,2026675.0,77567.0
2025-12-17T18:31:52.614152,0,24.00810861757746,2.343876524616933,-0.3727877012322317,434.0,39.0,1.0,546759.0,1.0,1518462.0,75036.0
2025-12-17T18:31:52.714813,1,24.018718650044033,2.339836712916025,-0.3939138601217365,446.0,45.0,1.0,783243.0,1.0,1794191.0,73478.0
2025-12-17T18:31:52.812917,3,24.0305068253789,2.335861981803676,-0.4069924403229753,450.0,47.0,1.0,1120873.0,1.0,1641943.0,74253.0
2025-12-17T18:31:52.915087,4,24.04051736306154,2.3314141611885146,-0.43135236988207537,463.0,53.0,1.0,1304387.0,1.0,2048744.0,86118.0
2025-12-17T18:31:53.012998,5,24.03971506736065,2.3220377201432605,-0.44663491425374274,462.0,53.0,1.0,865482.0,1.0,2030795.0,75113.0
2025-12-17T18:31:53.615215,0,24.085865597863247,2.2801360357901235,-0.5736792059716338,450.0,46.0,1.0,537584.0,1.0,1560137.0,73902.0
2025-12-17T18:31:53.717396,1,24.092388482255977,2.2757056684748846,-0.5937863438063252,436.0,40.0,1.0,788296.0,1.0,1776667.0,74253.0
2025-12-17T18:31:53.817368,2,24.10084356772183,2.268808386788736,-0.6157467570896495,443.0,43.0,1.0,792308.0,1.0,1329795.0,68669.0
2025-12-17T18:31:53.910888,3,24.106708456719733,2.261510288513416,-0.6269613097116077,429.0,37.0,1.0,1106924.0,1.0,1636395.0,75777.0
2025-12-17T18:31:54.012338,4,24.109110317823667,2.251423894562926,-0.6302637351129297,424.0,35.0,1.0,1306597.0,1.0,2053603.0,89446.0
2025-12-17T18:31:54.111851,5,24.117123990447887,2.244624237905234,-0.6609486292598499,456.0,49.0,1.0,871065.0,1.0,2028734.0,75572.0
2025-12-17T18:31:54.613135,0,24.158088078912233,2.20713072695297,-0.7702844218868082,445.0,44.0,1.0,549356.0,1.0,1552237.0,74253.0
2025-12-17T18:31:54.713521,1,24.166321412652803,2.199205424712045,-0.7931865727292091,456.0,50.0,1.0,798230.0,1.0,1773063.0,72810.0
2025-12-17T18:31:54.810144,2,24.174388767042217,2.1865051550786063,-0.8123031269039461,428.0,36.0,1.0,795802.0,1.0,1320377.0,69699.0
2025-12-17T18:31:54.913265,3,24.176952449720186,2.165817356598618,-0.8397860358009733,418.0,32.0,1.0,1103931.0,1.0,1631970.0,76576.0
2025-12-17T18:31:55.011225,4,24.18398813533622,2.1571664529177053,-0.8686042751447196,431.0,38.0,1.0,1270403.0,1.0,2046665.0,88842.0
2025-12-17T18:31:55.112821,5,24.191045004353892,2.148484068007681,-0.8881374870212653,454.0,49.0,1.0,858480.0,1.0,2041131.0,75700.0
2025-12-17T18:31:55.613456,0,24.224078884223275,2.1020932058730226,-0.9983857311806199,452.0,47.0,1.0,539589.0,1.0,1541244.0,73777.0
2025-12-17T18:31:55.713941,1,24.236539920063308,2.089684142560265,-1.0240484769242217,442.0,43.0,1.0,777696.0,1.0,1803323.0,73827.0
2025-12-17T18:31:55.814736,2,24.243886562465036,2.0828822293423253,-1.0355233905045773,444.0,44.0,1.0,812128.0,1.0,1354323.0,68646.0
2025-12-17T18:31:55.915348,3,24.250498571636136,2.0725499262492173,-1.0608863309908452,421.0,33.0,1.0,1084672.0,1.0,1666577.0,76369.0
2025-12-17T18:31:56.010912,4,24.256774304536343,2.0625430890374776,-1.0796321695270379,449.0,46.0,1.0,1276869.0,1.0,2058475.0,87322.0
2025-12-17T18:31:56.110333,5,24.26174942823689,2.053977527934819,-1.1062302753077902,431.0,38.0,1.0,879657.0,1.0,2045972.0,77410.0
2025-12-17T18:31:56.612356,0,24.287701080846062,2.0000988494782814,-1.2282490289162236,446.0,45.0,1.0,545096.0,1.0,1569671.0,74153.0
2025-12-17T18:31:56.716350,1,24.30557116143798,1.9808515768213555,-1.2527969636595235,441.0,42.0,1.0,800936.0,1.0,1808212.0,73902.0
2025-12-17T18:31:56.814413,2,24.31046045938367,1.9696363146366722,-1.2729511166697993,436.0,40.0,1.0,794994.0,1.0,1312802.0,69135.0
2025-12-17T18:31:56.910076,3,24.314845870990993,1.958530125585713,-1.2935552308745022,447.0,45.0,1.0,1091670.0,1.0,1635841.0,74505.0
2025-12-17T18:31:57.013885,4,24.31690793034815,1.9486598748432624,-1.3162740987194714,427.0,36.0,1.0,1287719.0,1.0,2015730.0,89234.0
2025-12-17T18:31:57.114341,5,24.319210654838976,1.9377012459742562,-1.3427292346081174,452.0,48.0,1.0,842933.0,1.0,2038369.0,75828.0
2025-12-17T18:31:57.615878,0,24.337001432419264,1.8756705678385428,-1.4425881192622525,441.0,42.0,1.0,546019.0,1.0,1536556.0,74530.0
2025-12-17T18:31:57.715035,1,24.339858254894395,1.8643498982081539,-1.46048910489787,438.0,41.0,1.0,793113.0,1.0,1816185.0,74128.0
2025-12-17T18:31:57.811627,2,24.340864457970945,1.8534508163636003,-1.4801097182992458,441.0,42.0,1.0,812677.0,1.0,1340187.0,68855.0
2025-12-17T18:31:57.916533,4,24.34168561794995,1.8423448964157572,-1.488819560067572,462.0,52.0,1.0,1295588.0,1.0,2100703.0,86264.0
2025-12-17T18:31:58.016116,5,24.343169857948546,1.8298401044842465,-1.4903058312457473,452.0,47.0,1.0,850671.0,1.0,2045280.0,75879.0
2025-12-17T18:31:58.614858,0,24.337068051322976,1.7523721663121097,-1.502817991444844,459.0,51.0,1.0,539224.0,1.0,1569671.0,73230.0
2025-12-17T18:31:58.710670,1,24.337874970198413,1.7404509880113475,-1.5028303605190467,456.0,50.0,1.0,798500.0,1.0,1775465.0,72810.0
2025-12-17T18:31:58.815498,2,24.339134196518025,1.7253357140564303,-1.5020835763657125,444.0,44.0,1.0,808562.0,1.0,1337469.0,68623.0
2025-12-17T18:31:58.914325,3,24.339221563831426,1.7178300992419175,-1.5028339466055038,426.0,35.0,1.0,1116329.0,1.0,1662633.0,76008.0
2025-12-17T18:31:59.017819,4,24.34071563827101,1.701836568695533,-1.5070508358937964,461.0,52.0,1.0,1320824.0,1.0,2058475.0,86323.0
2025-12-17T18:31:59.118365,5,24.34088332599252,1.6902703005756003,-1.5080496573333704,440.0,42.0,1.0,873427.0,1.0,2058475.0,76757.0
2025-12-17T18:31:59.611284,0,24.344374585827623,1.637002808173968,-1.5075471479311575,451.0,47.0,1.0,541969.0,1.0,1546469.0,73802.0
2025-12-17T18:31:59.711591,1,24.34559037620705,1.625358494618537,-1.5070521282563567,441.0,42.0,1.0,784304.0,1.0,1786314.0,73902.0
2025-12-17T18:31:59.813614,2,24.34645760901595,1.6139795383214595,-1.5077983387139295,439.0,41.0,1.0,811303.0,1.0,1337016.0,68972.0
2025-12-17T18:31:59.913726,3,24.3474364227457,1.6022503346931032,-1.5070534073741384,454.0,48.0,1.0,1112558.0,1.0,1639721.0,74027.0
2025-12-17T18:32:00.013214,4,24.34879287977997,1.590837385586516,-1.5048215479719385,434.0,39.0,1.0,1260979.0,1.0,2103549.0,88632.0
2025-12-17T18:32:00.113519,5,24.34934722384215,1.5789969535963881,-1.503079303785753,461.0,52.0,1.0,859061.0,1.0,2044588.0,75214.0
2025-12-17T18:32:00.615441,0,24.353486077444636,1.5215350515900274,-1.4993733643660465,432.0,38.0,1.0,544912.0,1.0,1570734.0,75214.0
2025-12-17T18:32:00.709505,1,24.354736792720505,1.5100756625095002,-1.4996124057118843,446.0,45.0,1.0,801478.0,1.0,1813728.0,73528.0
2025-12-17T18:32:00.812253,2,24.350752177032977,1.4935009501813812,-1.507885352972231,425.0,35.0,1.0,811303.0,1.0,1336111.0,69936.0
2025-12-17T18:32:00.910141,3,24.34909953103272,1.4784471303136089,-1.5142775140195854,439.0,41.0,1.0,1110301.0,1.0,1642498.0,75087.0
2025-12-17T18:32:01.012840,4,24.349641881753893,1.4670194712328106,-1.5147717908237814,451.0,47.0,1.0,1298661.0,1.0,2070352.0,87204.0
2025-12-17T18:32:01.117473,5,24.350108966761837,1.455151409057597,-1.5187247976317617,450.0,47.0,1.0,876981.0,1.0,2085120.0,76033.0
2025-12-17T18:32:01.614297,0,24.352886359366824,1.3960683944143475,-1.5179534047417975,451.0,47.0,1.0,541969.0,1.0,1564367.0,73802.0
2025-12-17T18:32:01.718934,2,24.35378262050837,1.3844108921499787,-1.518446934750369,441.0,42.0,1.0,820971.0,1.0,1360295.0,68855.0
2025-12-17T18:32:01.809581,3,24.353802081555074,1.3729751520407811,-1.5184334566782693,438.0,41.0,1.0,1120873.0,1.0,1644723.0,75138.0
2025-12-17T18:32:01.913944,4,24.355204399544245,1.3615889183045828,-1.5191737066731141,464.0,53.0,1.0,1295588.0,1.0,2044588.0,86118.0
2025-12-17T18:32:02.018512,5,24.3551599079361,1.3467194705813723,-1.5204252888634717,436.0,40.0,1.0,848371.0,1.0,2075263.0,77070.0
2025-12-17T18:32:02.612957,0,24.358441865432724,1.3068230831963152,-1.5147544976090408,430.0,37.0,1.0,544543.0,1.0,1542287.0,75342.0
2025-12-17T18:32:02.713943,1,24.358391502661174,1.306868095378324,-1.514506380930551,449.0,46.0,1.0,795263.0,1.0,1773663.0,73354.0
2025-12-17T18:32:02.811010,2,24.358391502661178,1.3068680953783245,-1.5145063809305512,445.0,44.0,1.0,812128.0,1.0,1343366.0,68576.0
2025-12-17T18:32:02.914298,3,24.358391502661178,1.3068680953783245,-1.5145063809305512,431.0,38.0,1.0,1097969.0,1.0,1643611.0,75648.0
2025-12-17T18:32:03.013275,4,24.358391502661178,1.3068680953783245,-1.5145063809305512,429.0,37.0,1.0,1284672.0,1.0,2069652.0,89053.0
2025-12-17T18:32:03.115751,5,24.35720618186721,1.302915468541125,-1.5132888214866318,451.0,47.0,1.0,855000.0,1.0,2045280.0,75982.0
2025-12-17T18:32:03.613801,0,24.355671971751377,1.2514269421526523,-1.5105487149729597,459.0,51.0,1.0,536494.0,1.0,1570202.0,73280.0
2025-12-17T18:32:03.715288,1,24.357854519501725,1.2374709923928218,-1.5100578291197693,436.0,40.0,1.0,807468.0,1.0,1794798.0,74278.0
2025-12-17T18:32:03.813336,2,24.3588645064924,1.2247482723653667,-1.50882412579599,425.0,35.0,1.0,817090.0,1.0,1333401.0,69912.0
2025-12-17T18:32:03.911447,3,24.360144380392917,1.2134561300620512,-1.5093002133063238,432.0,38.0,1.0,1128485.0,1.0,1633075.0,75597.0
2025-12-17T18:32:04.013423,4,24.360002513419396,1.2033041523173393,-1.5093057269500116,442.0,43.0,1.0,1312802.0,1.0,2050825.0,88004.0
2025-12-17T18:32:04.114212,5,24.360886659798947,1.1928512843161059,-1.508562215169316,466.0,55.0,1.0,866654.0,1.0,2050131.0,74833.0
2025-12-17T18:32:04.612090,0,24.364391683910302,1.1348989259077769,-1.5105271899364405,432.0,38.0,1.0,547685.0,1.0,1557500.0,75189.0
2025-12-17T18:32:04.710597,1,24.365344255092886,1.1230428774838401,-1.5117715916123715,453.0,48.0,1.0,792576.0,1.0,1783897.0,73032.0
2025-12-17T18:32:04.814754,2,24.366754058122858,1.1075062219933862,-1.510293883082474,438.0,41.0,1.0,836396.0,1.0,1344276.0,69065.0
2025-12-17T18:32:04.915784,3,24.36761425070519,1.099621036780143,-1.5102998101394465,423.0,34.0,1.0,1115197.0,1.0,1644723.0,76265.0
2025-12-17T18:32:05.018555,4,24.368327291722565,1.0848120055839252,-1.510304757376559,444.0,44.0,1.0,1282499.0,1.0,2017777.0,87826.0
2025-12-17T18:32:05.110977,5,24.369280239929097,1.077693401857709,-1.5110436345453673,446.0,45.0,1.0,865482.0,1.0,2052909.0,76291.0
2025-12-17T18:32:05.612951,1,24.371752395980213,1.0204441154556902,-1.5103102175383305,441.0,42.0,1.0,799311.0,1.0,1787524.0,73902.0
2025-12-17T18:32:05.716073,2,24.372479857369633,1.0092252219129052,-1.5110501355614447,445.0,44.0,1.0,822361.0,1.0,1342003.0,68623.0
2025-12-17T18:32:05.811439,3,24.37277599333472,0.9977230871789877,-1.5120380522334058,435.0,39.0,1.0,1128104.0,1.0,1646952.0,75418.0
2025-12-17T18:32:05.914847,4,24.373690246562834,0.9863810277416118,-1.5098144338911617,449.0,46.0,1.0,1305271.0,1.0,2077371.0,87351.0
2025-12-17T18:32:06.011079,5,24.3741539633847,0.9749387316035407,-1.511530379881152,454.0,49.0,1.0,882639.0,1.0,2069652.0,75751.0
2025-12-17T18:32:06.610887,0,24.377335272765865,0.9001826559647523,-1.5247065102906097,449.0,46.0,1.0,545281.0,1.0,1578728.0,74002.0
2025-12-17T18:32:06.710859,1,24.37807529649497,0.8882311110802266,-1.5261939740024097,436.0,40.0,1.0,789364.0,1.0,1789945.0,74278.0
2025-12-17T18:32:06.808505,2,24.378906680586844,0.8759350512528612,-1.5266849735992742,439.0,41.0,1.0,817367.0,1.0,1325751.0,68995.0
2025-12-17T18:32:06.910685,3,24.379013902742187,0.8649519889171926,-1.52570946617064,436.0,40.0,1.0,1126196.0,1.0,1658699.0,75367.0
2025-12-17T18:32:07.010654,5,24.379229909492928,0.853954240690078,-1.5242200164611723,450.0,47.0,1.0,852977.0,1.0,2067552.0,76033.0
2025-12-17T18:32:07.612612,0,24.381754987632227,0.7860733765726757,-1.5182742705354482,451.0,47.0,1.0,541969.0,1.0,1572862.0,73827.0
2025-12-17T18:32:07.712736,1,24.38223323818713,0.7742488319101803,-1.5195062111583688,450.0,47.0,1.0,793919.0,1.0,1797230.0,73255.0
2025-12-17T18:32:07.813721,2,24.38322972019783,0.7632872740077854,-1.5192534330020533,444.0,44.0,1.0,818474.0,1.0,1348833.0,68669.0
2025-12-17T18:32:07.913930,3,24.38373652237689,0.751851775981073,-1.5167797174332662,448.0,46.0,1.0,1102810.0,1.0,1664886.0,74480.0
2025-12-17T18:32:08.015219,4,24.38483842060578,0.7357657170582428,-1.5170323844665154,441.0,42.0,1.0,1289463.0,1.0,2069652.0,88064.0
2025-12-17T18:32:08.114273,5,24.38552764783293,0.7282637477783869,-1.5165382484487882,454.0,49.0,1.0,871655.0,1.0,2049437.0,75725.0
2025-12-17T18:32:08.610327,0,24.3892921154412,0.6692280554127414,-1.51920291572108,455.0,49.0,1.0,547500.0,1.0,1571797.0,73603.0
2025-12-17T18:32:08.709966,1,24.40197582893054,0.6660119143744807,-1.5023514283133725,435.0,39.0,1.0,797150.0,1.0,1818030.0,74379.0
2025-12-17T18:32:08.813435,2,24.41037568091296,0.6584452510175345,-1.4921183086402077,429.0,37.0,1.0,812677.0,1.0,1346097.0,69699.0
2025-12-17T18:32:08.911001,3,24.411043403669083,0.6468733981542236,-1.49434050185998,425.0,35.0,1.0,1118977.0,1.0,1678464.0,76162.0
2025-12-17T18:32:09.014126,4,24.41194220431037,0.6351056854688064,-1.4953304628271324,430.0,37.0,1.0,1288155.0,1.0,2109253.0,89053.0
2025-12-17T18:32:09.113732,5,24.4126579646313,0.6237887186375581,-1.4950846825061388,461.0,52.0,1.0,874018.0,1.0,2073157.0,75265.0
2025-12-17T18:32:09.612909,0,24.415754054689835,0.5667465433321537,-1.495363967707418,439.0,41.0,1.0,542703.0,1.0,1561722.0,74707.0
2025-12-17T18:32:09.717834,1,24.41673493407214,0.5544540880312434,-1.495114031591094,431.0,38.0,1.0,772711.0,1.0,1803933.0,74631.0
2025-12-17T18:32:09.813465,2,24.417590069611684,0.5425979130809591,-1.4933885152536557,442.0,43.0,1.0,816814.0,1.0,1331146.0,68809.0
2025-12-17T18:32:09.910664,3,24.418168887753644,0.5307326010557469,-1.4936323678762304,421.0,33.0,1.0,1128485.0,1.0,1668270.0,76472.0
2025-12-17T18:32:10.013379,4,24.419539165780677,0.5192352274991414,-1.4941080539986187,455.0,49.0,1.0,1312358.0,1.0,2051519.0,86909.0
2025-12-17T18:32:10.115677,5,24.41999582201638,0.5079048371739128,-1.4933391042267732,441.0,42.0,1.0,859934.0,1.0,2059868.0,76705.0
2025-12-17T18:32:10.613031,0,24.424301601632806,0.4496507468806752,-1.4967797401749408,451.0,47.0,1.0,545650.0,1.0,1579797.0,73827.0
2025-12-17T18:32:10.709822,1,24.425642406774717,0.43794328081950296,-1.497276534415439,454.0,49.0,1.0,787763.0,1.0,1789945.0,73007.0
2025-12-17T18:32:10.815376,2,24.42566449061201,0.4267278536835284,-1.4975127361062357,428.0,36.0,1.0,811853.0,1.0,1360295.0,69747.0
2025-12-17T18:32:10.911487,3,24.42639416858961,0.4148054849188627,-1.49827096442599,422.0,34.0,1.0,1114442.0,1.0,1649183.0,76369.0
2025-12-17T18:32:11.011550,4,24.436194573104615,0.40094834672989976,-1.4892477391546857,441.0,42.0,1.0,1298661.0,1.0,2114971.0,88094.0
2025-12-17T18:32:11.111560,5,24.4493413862068,0.38579844264950136,-1.4836607022656767,455.0,49.0,1.0,885931.0,1.0,2080890.0,75700.0
2025-12-17T18:32:11.614407,0,24.45488935569687,0.3278514519037934,-1.482192669516689,443.0,43.0,1.0,539589.0,1.0,1589989.0,74404.0
2025-12-17T18:32:11.712554,1,24.456359988820687,0.3166473349076546,-1.482192669516689,443.0,43.0,1.0,786165.0,1.0,1842810.0,73827.0
2025-12-17T18:32:11.810727,3,24.456948579083022,0.304583715968231,-1.4826905513209026,440.0,42.0,1.0,1112558.0,1.0,1672793.0,75036.0
2025-12-17T18:32:11.911665,4,24.458392004941665,0.2927373836148408,-1.4806817817985838,429.0,37.0,1.0,1308809.0,1.0,2071053.0,89113.0
2025-12-17T18:32:12.612134,0,24.46497016813024,0.21328808517433906,-1.4834050026806662,443.0,44.0,1.0,547685.0,1.0,1566487.0,74404.0
2025-12-17T18:32:12.711420,1,24.46561990600369,0.20207282919512437,-1.4831594748448078,437.0,40.0,1.0,799311.0,1.0,1831618.0,74253.0
2025-12-17T18:32:12.810021,2,24.466358474501412,0.19039965629195832,-1.482611838459404,437.0,41.0,1.0,819306.0,1.0,1338374.0,69135.0
2025-12-17T18:32:12.911118,3,24.46757400422817,0.17929055066286415,-1.4823599740528401,447.0,45.0,1.0,1098340.0,1.0,1663196.0,74530.0
2025-12-17T18:32:13.010666,4,24.46801324790011,0.1679230190121137,-1.4843457522024741,449.0,46.0,1.0,1304829.0,1.0,2082299.0,87381.0
2025-12-17T18:32:13.111524,5,24.4690276259188,0.1566548063171056,-1.4846050589447286,444.0,44.0,1.0,853844.0,1.0,2083004.0,76524.0
2025-12-17T18:32:13.611454,0,24.49677036096914,0.10401477243325719,-1.465807746318003,440.0,42.0,1.0,549170.0,1.0,1565427.0,74631.0
2025-12-17T18:32:13.714201,1,24.49808468994742,0.09249258100647739,-1.4653145977000914,439.0,41.0,1.0,804740.0,1.0,1838450.0,74103.0
2025-12-17T18:32:13.811070,2,24.499503442301545,0.08095841654124158,-1.4653091552318331,430.0,37.0,1.0,821249.0,1.0,1367681.0,69629.0
2025-12-17T18:32:13.912070,3,24.500170838388218,0.07015892671930124,-1.4648260442924432,446.0,45.0,1.0,1131545.0,1.0,1659822.0,74656.0
2025-12-17T18:32:14.012455,4,24.501145836328803,0.059173136024658124,-1.4648189903476028,469.0,56.0,1.0,1290336.0,1.0,2104974.0,85711.0
2025-12-17T18:32:14.120451,5,24.50220277167852,0.04880289703630014,-1.4641029069840519,447.0,45.0,1.0,859061.0,1.0,2078075.0,76291.0
2025-12-17T18:32:14.610621,0,24.5082684108878,-0.009292804375659047,-1.4657671209874306,448.0,46.0,1.0,545281.0,1.0,1589989.0,74052.0
2025-12-17T18:32:14.714879,1,24.509895020756066,-0.02151228379879333,-1.4660079828433439,452.0,47.0,1.0,797420.0,1.0,1791764.0,73205.0
2025-12-17T18:32:14.814665,2,24.51144847051597,-0.033192240372677206,-1.4672465652413111,440.0,42.0,1.0,804740.0,1.0,1357535.0,68972.0
2025-12-17T18:32:14.911042,3,24.512518100706156,-0.04478574663885082,-1.4679753341023465,446.0,45.0,1.0,1125434.0,1.0,1684155.0,74631.0
2025-12-17T18:32:15.015140,4,24.514376795100674,-0.056367785275832194,-1.4694575813793223,460.0,52.0,1.0,1302623.0,1.0,2083004.0,86469.0
2025-12-17T18:32:15.116386,5,24.515154901298644,-0.06720651082245133,-1.467739409916072,460.0,51.0,1.0,872245.0,1.0,2076668.0,75342.0
2025-12-17T18:32:15.615854,0,24.525177445582337,-0.11968276685864154,-1.46388082701574,440.0,42.0,1.0,547870.0,1.0,1582473.0,74631.0
2025-12-17T18:32:15.708786,1,24.531245139435622,-0.11160036677444762,-1.459863407541369,446.0,45.0,1.0,805285.0,1.0,1802712.0,73603.0
2025-12-17T18:32:15.814173,2,24.536061552990294,-0.1162775486785006,-1.4551954104836546,441.0,42.0,1.0,838097.0,1.0,1338374.0,68879.0
2025-12-17T18:32:15.910229,3,24.537052675314634,-0.12400825292403894,-1.456182795491435,430.0,37.0,1.0,1108048.0,1.0,1657016.0,75777.0
2025-12-17T18:32:16.011624,4,24.538752033555294,-0.13542768920000148,-1.4566776541642998,434.0,39.0,1.0,1280764.0,1.0,2028734.0,88662.0
2025-12-17T18:32:16.110768,5,24.540534437796154,-0.1467909289468059,-1.4576733041233219,444.0,44.0,1.0,869298.0,1.0,2075966.0,76498.0
2025-12-17T18:32:16.611590,0,24.54732642638918,-0.20495114683204574,-1.46357351510193,454.0,49.0,1.0,543806.0,1.0,1581938.0,73653.0
2025-12-17T18:32:16.713564,1,24.548783659401945,-0.21632790934395985,-1.4643177613004956,438.0,41.0,1.0,806376.0,1.0,1819261.0,74178.0
2025-12-17T18:32:16.810392,2,24.550074354354923,-0.2280104281012716,-1.463052322826039,433.0,38.0,1.0,822361.0,1.0,1368607.0,69464.0
2025-12-17T18:32:16.913410,3,24.551575240001494,-0.2397054550633,-1.4647803200288871,432.0,38.0,1.0,1139616.0,1.0,1669400.0,75648.0
2025-12-17T18:32:17.010863,4,24.55312697358712,-0.25103904236112284,-1.461094239545575,461.0,52.0,1.0,1311914.0,1.0,2090066.0,86410.0
2025-12-17T18:32:17.113280,5,24.55407738524283,-0.26231175350601355,-1.4635681523930786,444.0,44.0,1.0,876388.0,1.0,2118553.0,76472.0
2025-12-17T18:32:17.611252,0,24.560556387052692,-0.3196798492461239,-1.4702448480796235,443.0,43.0,1.0,546759.0,1.0,1577660.0,74480.0
2025-12-17T18:32:17.710438,1,24.561727763737615,-0.33072887238795046,-1.4665371564129683,450.0,46.0,1.0,804195.0,1.0,1814342.0,73354.0
2025-12-17T18:32:17.814595,2,24.56290554446099,-0.34289113940329785,-1.467030545834681,441.0,42.0,1.0,816537.0,1.0,1351575.0,68925.0
2025-12-17T18:32:17.909479,3,24.564202296418358,-0.35439262480964073,-1.4655461470412927,439.0,41.0,1.0,1123151.0,1.0,1646394.0,75189.0
2025-12-17T18:32:18.010868,4,24.567539228639824,-0.36086985897369583,-1.453981039646098,454.0,49.0,1.0,1300420.0,1.0,2085826.0,86968.0
2025-12-17T18:32:18.115979,5,24.571183962302715,-0.368735494883041,-1.4482158192138475,422.0,33.0,1.0,872245.0,1.0,2114256.0,78173.0
2025-12-17T18:32:18.612335,0,24.576019417884748,-0.4255062063026773,-1.4435389073099787,454.0,48.0,1.0,549728.0,1.0,1585690.0,73702.0
2025-12-17T18:32:18.715405,1,24.577640616341647,-0.4370654749001146,-1.4437865044501155,442.0,43.0,1.0,821805.0,1.0,1816800.0,73927.0
2025-12-17T18:32:18.815088,2,24.579025449960326,-0.44936180663025227,-1.4437961504709929,436.0,40.0,1.0,820693.0,1.0,1363521.0,69229.0
2025-12-17T18:32:18.912342,3,24.58084747370291,-0.46060876072416557,-1.4428083190140104,431.0,38.0,1.0,1117085.0,1.0,1675626.0,75751.0
2025-12-17T18:32:19.011975,4,24.58247478384005,-0.47245867085944315,-1.4413201346669064,469.0,56.0,1.0,1284237.0,1.0,2086532.0,85798.0
2025-12-17T18:32:19.111566,5,24.584293493463434,-0.4846745784491735,-1.4430359121697534,450.0,47.0,1.0,871950.0,1.0,2077371.0,76085.0
2025-12-17T18:32:19.615449,0,24.59120494732594,-0.5400528369301884,-1.446293498749874,439.0,41.0,1.0,534862.0,1.0,1598623.0,74758.0
2025-12-17T18:32:19.714285,2,24.59327287776607,-0.551873322977481,-1.4433296413070127,428.0,36.0,1.0,796341.0,1.0,1344276.0,69817.0
2025-12-17T18:32:19.813625,3,24.595523577377868,-0.5646643438234782,-1.446543514785668,417.0,31.0,1.0,1120493.0,1.0,1693873.0,76757.0
2025-12-17T18:32:19.917046,4,24.597397544339337,-0.5757577697658369,-1.4435765276989987,455.0,49.0,1.0,1324854.0,1.0,2048744.0,86968.0
2025-12-17T18:32:20.013836,5,24.59893150951865,-0.5880729142196044,-1.4438140545323397,459.0,51.0,1.0,875499.0,1.0,2073157.0,75393.0
2025-12-17T18:32:20.613283,0,24.623889689453286,-0.6503426279551042,-1.3240159729047927,431.0,38.0,1.0,553462.0,1.0,1574460.0,75342.0
2025-12-17T18:32:20.710122,1,24.626597765518255,-0.6616187024618353,-1.30673492689521,454.0,49.0,1.0,802836.0,1.0,1804544.0,73032.0
2025-12-17T18:32:20.815879,2,24.63134833949887,-0.6753441399627376,-1.271075190324704,437.0,40.0,1.0,822361.0,1.0,1362599.0,69182.0
2025-12-17T18:32:20.914716,4,24.632634851490778,-0.6819337696820761,-1.2518146464645181,433.0,39.0,1.0,1329345.0,1.0,2076668.0,88782.0
2025-12-17T18:32:21.013175,5,24.635693794090706,-0.6922986452556766,-1.2303115764013794,457.0,50.0,1.0,876388.0,1.0,2071754.0,75597.0
2025-12-17T18:32:21.612191,0,24.664314278725325,-0.7559400941501683,-1.1101621473830372,443.0,43.0,1.0,548427.0,1.0,1600788.0,74455.0
2025-12-17T18:32:21.712862,1,24.670129255970984,-0.7656373332079413,-1.0891687440831799,443.0,43.0,1.0,804195.0,1.0,1826047.0,73827.0
2025-12-17T18:32:21.809609,2,24.676054122682004,-0.77579375501798,-1.069965587692473,434.0,39.0,1.0,806376.0,1.0,1355240.0,69417.0
2025-12-17T18:32:21.914382,3,24.681704392882974,-0.7849611476920906,-1.0462230506513177,434.0,39.0,1.0,1115197.0,1.0,1674493.0,75520.0
2025-12-17T18:32:22.012080,4,24.694861676299055,-0.7933503187392315,-1.0135641642082855,453.0,48.0,1.0,1301741.0,1.0,2092189.0,87145.0
2025-12-17T18:32:22.112532,5,24.712496419608513,-0.8019849101990759,-0.9781474980916137,445.0,44.0,1.0,886831.0,1.0,2109253.0,76472.0
2025-12-17T18:32:22.613021,0,24.74454925543376,-0.8449078180443905,-0.8596871472315021,422.0,33.0,1.0,550286.0,1.0,1614937.0,76033.0
2025-12-17T18:32:22.711279,1,24.753065141647266,-0.8543876208482402,-0.8428894514871712,439.0,41.0,1.0,802292.0,1.0,1839694.0,74153.0
2025-12-17T18:32:22.814393,2,24.76095591028302,-0.863150377756967,-0.8275852681808835,439.0,41.0,1.0,819028.0,1.0,1355240.0,69065.0
2025-12-17T18:32:22.911550,3,24.76871971141516,-0.8722582528296057,-0.807539300274517,443.0,43.0,1.0,1174466.0,1.0,1680738.0,74859.0
2025-12-17T18:32:23.011890,4,24.777964192808643,-0.8775444134271839,-0.7810709964500491,447.0,45.0,1.0,1307481.0,1.0,2050131.0,87648.0
2025-12-17T18:32:23.112144,5,24.79585521312175,-0.8673064852392188,-0.7309523179899997,461.0,52.0,1.0,858480.0,1.0,2084414.0,75265.0
2025-12-17T18:32:23.611435,0,24.840947359864387,-0.9002769591233164,-0.6105253044717526,444.0,44.0,1.0,552713.0,1.0,1567547.0,74404.0
2025-12-17T18:32:23.710036,1,24.8495698813468,-0.906558417140256,-0.5887777709185703,450.0,47.0,1.0,808015.0,1.0,1826047.0,73354.0
2025-12-17T18:32:23.809485,2,24.8591865141161,-0.9135730547153434,-0.5690449907475104,414.0,30.0,1.0,814329.0,1.0,1371389.0,70793.0
2025-12-17T18:32:23.912414,3,24.869036683609842,-0.9189417192694818,-0.5494944335916665,442.0,43.0,1.0,1118599.0,1.0,1680738.0,74960.0
2025-12-17T18:32:24.010870,4,24.879203893930246,-0.9246727320309405,-0.5254895337087636,465.0,54.0,1.0,1316362.0,1.0,2130057.0,86089.0
2025-12-17T18:32:24.111753,5,24.899442827183602,-0.9131634592807313,-0.47612208200766265,450.0,47.0,1.0,869298.0,1.0,2064754.0,76085.0
2025-12-17T18:32:24.614995,1,24.9588799488319,-0.9264305004170919,-0.3476938721523953,437.0,40.0,1.0,794994.0,1.0,1859727.0,74278.0
2025-12-17T18:32:24.716949,2,24.9696842553481,-0.9289490792877222,-0.3249794818841823,426.0,35.0,1.0,803379.0,1.0,1363060.0,69959.0
2025-12-17T18:32:24.811503,3,24.980173918286557,-0.9325416539889861,-0.30248965524036586,424.0,34.0,1.0,1112558.0,1.0,1692154.0,76291.0
2025-12-17T18:32:24.911605,4,24.991083589212156,-0.9355049307016856,-0.27895462611524746,432.0,38.0,1.0,1326649.0,1.0,2092189.0,88872.0
2025-12-17T18:32:25.014569,5,25.015728908047436,-0.9258782031186561,-0.23717646127236305,434.0,39.0,1.0,874906.0,1.0,2100703.0,77305.0
2025-12-17T18:32:25.610736,0,25.095491400361155,-0.9271404897009393,-0.08098880380802552,437.0,41.0,1.0,544912.0,1.0,1592682.0,74884.0
2025-12-17T18:32:25.708287,1,25.106745662980277,-0.9277658230637679,-0.05590972135324421,443.0,43.0,1.0,780597.0,1.0,1835962.0,73827.0
2025-12-17T18:32:25.814679,2,25.117762245148135,-0.9273750532139613,-0.037108048147793414,434.0,39.0,1.0,826547.0,1.0,1367218.0,69417.0
2025-12-17T18:32:25.912090,3,25.143507184758224,-0.9193426075237627,0.0077677924425859106,425.0,35.0,1.0,1128485.0,1.0,1677896.0,76214.0
2025-12-17T18:32:26.011507,4,25.165653008111537,-0.9142430178750679,0.046429138015765085,461.0,52.0,1.0,1300420.0,1.0,2065453.0,86440.0
2025-12-17T18:32:26.112064,5,25.17322111035427,-0.9139115494820049,0.06103285442639815,456.0,50.0,1.0,887432.0,1.0,2077371.0,75623.0
2025-12-17T18:32:26.611030,0,25.229902015683574,-0.9071218317181898,0.17425452375379138,443.0,43.0,1.0,549170.0,1.0,1571266.0,74455.0
2025-12-17T18:32:26.710947,1,25.239495366203442,-0.9051808247263783,0.19399276572138396,439.0,42.0,1.0,818197.0,1.0,1821110.0,74128.0
2025-12-17T18:32:26.808992,2,25.249892350610754,-0.8975380784779188,0.22744290005990378,424.0,35.0,1.0,811303.0,1.0,1366293.0,70078.0
2025-12-17T18:32:26.914260,3,25.261110031500056,-0.8883744740721451,0.25997189094398143,421.0,33.0,1.0,1132311.0,1.0,1685295.0,76498.0
2025-12-17T18:32:27.012328,4,25.272592977492536,-0.885876892426192,0.28194035553869756,457.0,50.0,1.0,1311026.0,1.0,2092897.0,86791.0
2025-12-17T18:32:27.114507,5,25.282964194817847,-0.882901702162877,0.30177583485996495,461.0,52.0,1.0,885332.0,1.0,2092897.0,75291.0
2025-12-17T18:32:27.612506,0,25.336227043406424,-0.8630115914125025,0.4184090388853178,432.0,38.0,1.0,549728.0,1.0,1616030.0,75291.0
2025-12-17T18:32:27.715536,1,25.34199875976507,-0.8569675659068284,0.44484568734316177,448.0,46.0,1.0,815433.0,1.0,1831618.0,73528.0
2025-12-17T18:32:27.813275,2,25.346085235305004,-0.849075508613782,0.46966392253595973,435.0,40.0,1.0,821249.0,1.0,1368144.0,69323.0
2025-12-17T18:32:27.910525,3,25.355511854707757,-0.8433568658699404,0.4913393667012538,417.0,31.0,1.0,1147356.0,1.0,1707688.0,76809.0
2025-12-17T18:32:28.012464,4,25.364938682616824,-0.8381567763112833,0.5199171793665786,464.0,54.0,1.0,1311914.0,1.0,2060566.0,86177.0
2025-12-17T18:32:28.111854,5,25.374340792066445,-0.8345048642503604,0.550009977185997,430.0,37.0,1.0,861390.0,1.0,2095023.0,77567.0
2025-12-17T18:32:28.621046,0,25.435483210489522,-0.7874528554351596,0.6740384132063921,438.0,41.0,1.0,551032.0,1.0,1606215.0,74833.0
2025-12-17T18:32:28.714242,1,25.445868448514105,-0.7784991629812942,0.6961629961304187,436.0,40.0,1.0,818474.0,1.0,1806377.0,74379.0
2025-12-17T18:32:28.810674,2,25.454518931729044,-0.7717145116576601,0.7196377282890979,433.0,39.0,1.0,823197.0,1.0,1378836.0,69464.0
2025-12-17T18:32:28.914612,3,25.462490709311645,-0.7647991902569602,0.7447164587980283,428.0,36.0,1.0,1123531.0,1.0,1668270.0,76008.0
2025-12-17T18:32:29.012065,4,25.47118541608842,-0.7569874675953021,0.7670805246886135,452.0,48.0,1.0,1333852.0,1.0,2135832.0,87204.0
2025-12-17T18:32:29.116899,5,25.47936116194123,-0.7491370393620548,0.7883508256472122,444.0,44.0,1.0,867535.0,1.0,2094314.0,76524.0
2025-12-17T18:32:29.611911,0,25.516283936300553,-0.703428346512492,0.9057349941230495,429.0,37.0,1.0,551778.0,1.0,1574460.0,75495.0
2025-12-17T18:32:29.713981,1,25.523129952926617,-0.695851718164263,0.9305746376730574,441.0,42.0,1.0,812677.0,1.0,1842810.0,74052.0
2025-12-17T18:32:29.814061,2,25.529752090201182,-0.6868757515632592,0.951091032940445,425.0,35.0,1.0,817920.0,1.0,1380236.0,70030.0
2025-12-17T18:32:29.914356,3,25.536594755714752,-0.6771499807256545,0.9708732787800736,420.0,33.0,1.0,1155149.0,1.0,1703070.0,76602.0
2025-12-17T18:32:30.010541,4,25.54302094693643,-0.6664842894780647,0.9958637981647495,446.0,45.0,1.0,1311470.0,1.0,2090773.0,87737.0
2025-12-17T18:32:30.111328,5,25.548782637724223,-0.6577665376476052,1.0185971675194747,442.0,43.0,1.0,869592.0,1.0,2104974.0,76679.0
2025-12-17T18:32:30.614215,0,25.578198963610753,-0.5988822447435265,1.14195770181996,439.0,42.0,1.0,547870.0,1.0,1590527.0,74758.0
2025-12-17T18:32:30.711563,1,25.583261745607007,-0.5857879794776866,1.1659880597189478,443.0,43.0,1.0,792845.0,1.0,1854071.0,73877.0
2025-12-17T18:32:30.813402,2,25.587267871231724,-0.5741902398580547,1.1855429235134922,446.0,45.0,1.0,836396.0,1.0,1368144.0,68646.0
2025-12-17T18:32:30.910309,3,25.591982031468522,-0.5640099557932462,1.2065861178756574,430.0,37.0,1.0,1146580.0,1.0,1704800.0,75879.0
2025-12-17T18:32:31.013601,4,25.596050984137413,-0.5529792967254613,1.2276194139914454,423.0,34.0,1.0,1302623.0,1.0,2130057.0,89749.0
2025-12-17T18:32:31.110490,5,25.599501900718582,-0.5417517224780707,1.2515691042924637,452.0,48.0,1.0,871655.0,1.0,2088651.0,75931.0
2025-12-17T18:32:31.612144,0,25.60728049941481,-0.478321603438295,1.396698607473481,431.0,38.0,1.0,556655.0,1.0,1606759.0,75342.0
2025-12-17T18:32:31.710587,1,25.609845723463593,-0.46816823616776804,1.4213400501541784,449.0,46.0,1.0,811853.0,1.0,1821726.0,73478.0
2025-12-17T18:32:31.808560,3,25.61200939138717,-0.45673728720266105,1.4419730055489983,423.0,34.0,1.0,1132695.0,1.0,1680738.0,76395.0
2025-12-17T18:32:31.914273,4,25.612891587596327,-0.4449573038981067,1.4587820399140938,445.0,44.0,1.0,1320824.0,1.0,2098572.0,87826.0
2025-12-17T18:32:32.014092,5,25.614065102754672,-0.43295657024540335,1.4674489328797165,444.0,44.0,1.0,893762.0,1.0,2112110.0,76576.0
2025-12-17T18:32:32.611943,0,25.609364693762547,-0.3680658855381721,1.4983062362520652,431.0,38.0,1.0,550845.0,1.0,1609480.0,75367.0
2025-12-17T18:32:32.711384,1,25.6102306560266,-0.35696938557868885,1.4946145709636158,429.0,37.0,1.0,806103.0,1.0,1854071.0,74910.0
2025-12-17T18:32:32.812148,2,25.61122480122356,-0.3464378384897935,1.4945046226255407,419.0,32.0,1.0,822361.0,1.0,1391022.0,70434.0
2025-12-17T18:32:32.912391,3,25.611762991734402,-0.3349104659347303,1.4967265712067535,435.0,40.0,1.0,1134613.0,1.0,1721616.0,75495.0
2025-12-17T18:32:33.015878,4,25.61268378173011,-0.31956143116442204,1.4954921121622344,433.0,38.0,1.0,1296465.0,1.0,2090066.0,88872.0
2025-12-17T18:32:33.111686,5,25.61340224792381,-0.31192618512935766,1.4962348300229587,421.0,33.0,1.0,868710.0,1.0,2092897.0,78253.0
2025-12-17T18:32:33.613560,0,25.61796872697054,-0.25406609775791755,1.498701920891453,427.0,36.0,1.0,560436.0,1.0,1620412.0,75700.0
2025-12-17T18:32:33.715944,1,25.618815085491843,-0.2425537643168244,1.4962757791007284,440.0,42.0,1.0,814329.0,1.0,1800883.0,74103.0
2025-12-17T18:32:33.813944,2,25.619340805828234,-0.23132067826650904,1.5045455407442319,428.0,36.0,1.0,836113.0,1.0,1377903.0,69817.0
2025-12-17T18:32:33.910904,3,25.62015751940902,-0.2197805690922956,1.5159729421170953,431.0,38.0,1.0,1134229.0,1.0,1672793.0,75828.0
2025-12-17T18:32:34.012205,4,25.620600045556667,-0.2086547093265234,1.539994412401459,432.0,38.0,1.0,1329795.0,1.0,2117837.0,88963.0
2025-12-17T18:32:34.117600,5,25.622652475145117,-0.19913192399488222,1.5664831613514911,437.0,40.0,1.0,865189.0,1.0,2112825.0,77070.0
2025-12-17T18:32:34.609983,0,25.62077840438961,-0.13923483979877715,1.5752266947782532,440.0,42.0,1.0,553462.0,1.0,1568609.0,74732.0
2025-12-17T18:32:34.714045,1,25.62066850347742,-0.12747032757415122,1.575991139169576,423.0,34.0,1.0,809932.0,1.0,1857840.0,75367.0
2025-12-17T18:32:34.810140,2,25.620396182485127,-0.11636065122669292,1.5718013648822509,420.0,32.0,1.0,817090.0,1.0,1385853.0,70411.0
2025-12-17T18:32:34.911157,3,25.62047680657871,-0.10554306099138755,1.5727888194224768,417.0,31.0,1.0,1130014.0,1.0,1688721.0,76835.0
2025-12-17T18:32:35.011068,4,25.620172823619765,-0.09381839151383242,1.5698182915428738,449.0,46.0,1.0,1338827.0,1.0,2104974.0,87499.0
2025-12-17T18:32:35.615148,0,25.611972507348163,-0.03281496407094686,1.58761770008128,435.0,40.0,1.0,546574.0,1.0,1599705.0,75087.0
2025-12-17T18:32:35.708537,1,25.61134194584207,-0.02126242123914246,1.5868955943202145,447.0,45.0,1.0,819583.0,1.0,1862877.0,73603.0
2025-12-17T18:32:35.810604,2,25.611932598135315,-0.010324035410240628,1.5878579733631366,415.0,30.0,1.0,821527.0,1.0,1378836.0,70721.0
2025-12-17T18:32:35.912273,3,25.61163594606133,0.0013048889848694678,1.5878595717460575,434.0,39.0,1.0,1124292.0,1.0,1703647.0,75572.0
2025-12-17T18:32:36.013060,4,25.611210701722218,0.013032700953172882,1.5846573737712664,443.0,43.0,1.0,1306154.0,1.0,2094314.0,88004.0
2025-12-17T18:32:36.113100,5,25.61074904437612,0.028235379906427105,1.585901918734253,458.0,51.0,1.0,880252.0,1.0,2117120.0,75520.0
2025-12-17T18:32:36.613967,0,25.609691951503713,0.08277717828866238,1.5866377113417436,435.0,40.0,1.0,547870.0,1.0,1603500.0,75087.0
2025-12-17T18:32:36.712090,1,25.609505888446062,0.09475300870276798,1.5856783818933706,442.0,43.0,1.0,826267.0,1.0,1825429.0,74002.0
2025-12-17T18:32:36.809715,2,25.609507834946122,0.10658234379285281,1.5886423390777369,433.0,39.0,1.0,827107.0,1.0,1372782.0,69511.0
2025-12-17T18:32:36.911741,3,25.609008643314635,0.11836374396467353,1.5861594980679365,424.0,35.0,1.0,1131545.0,1.0,1706532.0,76317.0
2025-12-17T18:32:37.010318,5,25.60913757479409,0.1298761709471598,1.5836950474802676,443.0,44.0,1.0,882042.0,1.0,2125736.0,76602.0
2025-12-17T18:32:37.612510,0,25.607880895039827,0.19906007564176603,1.5832225805189553,440.0,42.0,1.0,548984.0,1.0,1605128.0,74707.0
2025-12-17T18:32:37.716270,1,25.60799040371943,0.21102959998581755,1.580996493045809,432.0,38.0,1.0,827947.0,1.0,1864770.0,74732.0
2025-12-17T18:32:37.811984,2,25.60758855774396,0.22210899087044328,1.5825121229471482,427.0,36.0,1.0,825429.0,1.0,1401419.0,69936.0
2025-12-17T18:32:37.911885,3,25.607318836945876,0.23383288380526246,1.5798001953292908,413.0,30.0,1.0,1150857.0,1.0,1710580.0,77148.0
2025-12-17T18:32:38.013900,4,25.60744217249002,0.24504270244555248,1.582522311956852,447.0,45.0,1.0,1328446.0,1.0,2107825.0,87677.0
2025-12-17T18:32:38.110358,5,25.607159355374975,0.25685296353782927,1.5812843940632713,457.0,50.0,1.0,894669.0,1.0,2102126.0,75623.0
2025-12-17T18:32:38.611693,0,25.590297182095192,0.32532678769661716,1.6069909981330168,442.0,43.0,1.0,551778.0,1.0,1614390.0,74581.0
2025-12-17T18:32:38.712531,2,25.581460123940204,0.344883350556071,1.6292945875396465,429.0,37.0,1.0,817643.0,1.0,1384447.0,69794.0
2025-12-17T18:32:38.809952,3,25.580466370131198,0.3568002335135724,1.6302745386916049,429.0,37.0,1.0,1160243.0,1.0,1696742.0,76008.0
2025-12-17T18:32:38.911475,4,25.579799030504226,0.3683300224013023,1.6288106681516674,444.0,44.0,1.0,1340187.0,1.0,2067552.0,87974.0
2025-12-17T18:32:39.009772,5,25.5791064634686,0.3801604155315156,1.6293037879502865,426.0,35.0,1.0,867828.0,1.0,2156899.0,77909.0
2025-12-17T18:32:39.612850,0,25.575824078772808,0.44851137858655155,1.6278518576643384,448.0,46.0,1.0,551965.0,1.0,1603500.0,74178.0
2025-12-17T18:32:39.717779,1,25.574942396733498,0.4639017434382847,1.6288264192732687,434.0,39.0,1.0,816814.0,1.0,1840940.0,74581.0
2025-12-17T18:32:39.815851,2,25.574583153073334,0.47169495970090064,1.6278350522749923,436.0,40.0,1.0,827667.0,1.0,1378369.0,69323.0
2025-12-17T18:32:39.912190,3,25.573969685048205,0.48325327602998924,1.6290763008597433,420.0,32.0,1.0,1152026.0,1.0,1703070.0,76679.0
2025-12-17T18:32:40.010707,4,25.572974129788594,0.494628686818581,1.6302671406110156,441.0,42.0,1.0,1340187.0,1.0,2117120.0,88213.0
2025-12-17T18:32:40.110917,5,25.572534562369647,0.5062479940462781,1.6305084271504326,453.0,48.0,1.0,880550.0,1.0,2115687.0,75879.0
2025-12-17T18:32:40.614329,0,25.570340162501793,0.5679853550439835,1.6334966185616435,451.0,47.0,1.0,548984.0,1.0,1620961.0,73977.0
2025-12-17T18:32:40.709775,1,25.569957642530103,0.5756671519916048,1.6339719277692746,421.0,33.0,1.0,827387.0,1.0,1851563.0,75495.0
2025-12-17T18:32:40.813549,2,25.56870685501186,0.5878296732507705,1.6329789944519784,417.0,31.0,1.0,817090.0,1.0,1365368.0,70602.0
2025-12-17T18:32:40.912056,3,25.56796679825711,0.6004039843919283,1.634708750100448,414.0,30.0,1.0,1144641.0,1.0,1703070.0,77122.0
2025-12-17T18:32:41.009250,4,25.56698721863452,0.6119406558237357,1.633462175904891,433.0,39.0,1.0,1345186.0,1.0,2127175.0,88842.0
2025-12-17T18:32:41.111178,5,25.566433881172514,0.6230985223030658,1.6342211176453452,433.0,38.0,1.0,895578.0,1.0,2109253.0,77410.0
2025-12-17T18:32:41.613928,0,25.562878600884876,0.6809120370638618,1.6335171115316423,442.0,43.0,1.0,552152.0,1.0,1619864.0,74631.0
2025-12-17T18:32:41.712648,1,25.544050333378188,0.6847623056987884,1.6472692559574222,436.0,40.0,1.0,799852.0,1.0,1856583.0,74455.0
2025-12-17T18:32:41.812739,2,25.530331674646973,0.6908567475748078,1.6542758581720636,427.0,36.0,1.0,842362.0,1.0,1383510.0,69936.0
2025-12-17T18:32:41.913596,3,25.52910131075266,0.7020173363778566,1.6562552782278466,427.0,36.0,1.0,1137689.0,1.0,1711159.0,76136.0
2025-12-17T18:32:42.016113,4,25.52776034566004,0.7144597707887326,1.6537944079592743,440.0,42.0,1.0,1309696.0,1.0,2102126.0,88303.0
2025-12-17T18:32:42.113409,5,25.526683543561923,0.7261252071910296,1.657222332763993,454.0,48.0,1.0,869887.0,1.0,2160552.0,75879.0
2025-12-17T18:32:42.613999,0,25.519756674371,0.7833353277616075,1.6609183556452,442.0,43.0,1.0,551778.0,1.0,1612206.0,74606.0
2025-12-17T18:32:42.711053,1,25.51865912363078,0.7944571073235198,1.6574517579638781,427.0,36.0,1.0,809932.0,1.0,1816185.0,75087.0
2025-12-17T18:32:42.811498,2,25.51788382242663,0.8053815587286015,1.662395563259329,427.0,36.0,1.0,827107.0,1.0,1392436.0,69936.0
2025-12-17T18:32:42.913788,3,25.516242870068986,0.8169981074984386,1.664858635003129,416.0,31.0,1.0,1160636.0,1.0,1716379.0,76965.0
2025-12-17T18:32:43.011629,4,25.51469798142024,0.8295051906062326,1.6638731111207463,443.0,43.0,1.0,1337921.0,1.0,2122860.0,88004.0
2025-12-17T18:32:43.113084,5,25.51360373814193,0.8411146813401248,1.666852644662467,445.0,44.0,1.0,898310.0,1.0,2140898.0,76524.0
2025-12-17T18:32:43.614885,1,25.50827199018419,0.8990826238198916,1.6622084271971402,429.0,37.0,1.0,820693.0,1.0,1857211.0,74960.0
2025-12-17T18:32:43.715663,2,25.507101576540776,0.9109118602623185,1.6607398819071293,406.0,26.0,1.0,834700.0,1.0,1390081.0,71661.0
2025-12-17T18:32:43.815296,4,25.506089913056478,0.9213972624472963,1.6644428806415617,425.0,35.0,1.0,1336564.0,1.0,2070352.0,89597.0
2025-12-17T18:32:43.912371,5,25.505470089424303,0.9325396525000177,1.662727454904374,428.0,36.0,1.0,874906.0,1.0,2131499.0,77804.0
2025-12-17T18:32:44.612838,0,25.498102073747038,1.013501452388603,1.6616415735624173,428.0,36.0,1.0,557598.0,1.0,1627557.0,75597.0
2025-12-17T18:32:44.713968,1,25.490453379427308,1.0125593093111511,1.6592470568203683,438.0,41.0,1.0,822361.0,1.0,1835341.0,74304.0
2025-12-17T18:32:44.812427,2,25.48681785988702,1.019569641832054,1.649080556527473,411.0,29.0,1.0,817367.0,1.0,1392436.0,71298.0
2025-12-17T18:32:44.910585,3,25.486710498112718,1.030749413602716,1.6320821619734969,427.0,36.0,1.0,1124292.0,1.0,1722781.0,76188.0
2025-12-17T18:32:45.010953,4,25.486855520456885,1.0419209864657941,1.6112841091209191,452.0,48.0,1.0,1311026.0,1.0,2140898.0,87263.0
2025-12-17T18:32:45.114815,5,25.48689008695979,1.0527839116055888,1.5910483252624288,441.0,42.0,1.0,874018.0,1.0,2142348.0,76835.0
2025-12-17T18:32:45.609848,0,25.485567776129116,1.1111215542201507,1.5798869312502548,434.0,39.0,1.0,551405.0,1.0,1605672.0,75189.0
2025-12-17T18:32:45.712630,1,25.48526013701462,1.1230868587866991,1.5798994675334792,425.0,35.0,1.0,834135.0,1.0,1884438.0,75240.0
2025-12-17T18:32:45.815926,2,25.485623692530055,1.1382554908355882,1.5774195041784291,412.0,29.0,1.0,833006.0,1.0,1406646.0,71226.0
2025-12-17T18:32:45.911212,3,25.48523838458554,1.1458196046452211,1.5796421550843658,418.0,32.0,1.0,1148522.0,1.0,1726868.0,76809.0
2025-12-17T18:32:46.012073,4,25.48499584760757,1.1577864623165623,1.5768997355653538,444.0,44.0,1.0,1342457.0,1.0,2109967.0,88004.0
2025-12-17T18:32:46.114454,5,25.4849295773925,1.1685918118089444,1.5778846751323339,441.0,42.0,1.0,893459.0,1.0,2132943.0,76835.0
2025-12-17T18:32:46.613871,0,25.483849968339733,1.2267225687723788,1.5727051948984216,434.0,39.0,1.0,550286.0,1.0,1625906.0,75189.0
2025-12-17T18:32:46.714873,1,25.483499798993968,1.2382000752885804,1.57196311944658,437.0,40.0,1.0,826547.0,1.0,1838450.0,74404.0
2025-12-17T18:32:46.809263,2,25.48354266448974,1.250443128286827,1.5788542346635088,431.0,37.0,1.0,827107.0,1.0,1390552.0,69959.0
2025-12-17T18:32:46.915563,3,25.48321820632335,1.2616340134202149,1.5776138254936125,422.0,33.0,1.0,1141933.0,1.0,1733896.0,76550.0
2025-12-17T18:32:47.010231,4,25.483714806044873,1.2726994174408812,1.5805843186713195,437.0,40.0,1.0,1328446.0,1.0,2117120.0,88572.0
2025-12-17T18:32:47.114110,5,25.484139764883164,1.2847670649960377,1.5809772544808312,457.0,50.0,1.0,878169.0,1.0,2143799.0,75648.0
2025-12-17T18:32:47.612508,0,25.48292798363836,1.342966786390427,1.5790109222478248,432.0,38.0,1.0,553087.0,1.0,1585690.0,75367.0
2025-12-17T18:32:47.713097,1,25.482894059437477,1.3538046404180282,1.5787717706760915,445.0,44.0,1.0,840084.0,1.0,1862247.0,73802.0
2025-12-17T18:32:47.811376,2,25.465748256281774,1.3695382041170738,1.6025795051504763,417.0,31.0,1.0,819028.0,1.0,1390552.0,70889.0
2025-12-17T18:32:47.912369,3,25.458671970774656,1.383077296478326,1.6106009477624852,426.0,35.0,1.0,1146580.0,1.0,1710580.0,76265.0
2025-12-17T18:32:48.013118,4,25.458664743255518,1.39412220794482,1.6118429779985552,447.0,45.0,1.0,1346553.0,1.0,2133665.0,87737.0
2025-12-17T18:32:48.110369,5,25.458002840446042,1.4055031862700011,1.613818016053612,455.0,49.0,1.0,900441.0,1.0,2153981.0,75777.0
2025-12-17T18:32:48.613956,0,25.45395122353772,1.4660819599426007,1.6118434985912358,432.0,38.0,1.0,552526.0,1.0,1626456.0,75342.0
2025-12-17T18:32:48.709077,1,25.45394367000752,1.4767693505125115,1.6130914958804534,439.0,41.0,1.0,821805.0,1.0,1879979.0,74228.0
2025-12-17T18:32:48.813343,2,25.452979012185025,1.4882136033449376,1.6145739313087142,442.0,43.0,1.0,842362.0,1.0,1396684.0,69229.0
2025-12-17T18:32:48.911072,3,25.452473134166404,1.5003357236130452,1.6115855254452789,406.0,26.0,1.0,1164965.0,1.0,1713477.0,77856.0
2025-12-17T18:32:49.009437,4,25.452099549283673,1.5118811808621655,1.6131030511309945,453.0,48.0,1.0,1337016.0,1.0,2125017.0,87204.0
2025-12-17T18:32:49.114116,5,25.451813926868333,1.5231284884458627,1.6121154853097779,445.0,44.0,1.0,878764.0,1.0,2145976.0,76524.0
2025-12-17T18:32:49.610235,0,25.448103315969682,1.581636104346471,1.6131362365644064,436.0,40.0,1.0,555714.0,1.0,1620961.0,75036.0
2025-12-17T18:32:49.711449,1,25.447557818478636,1.5933652258257403,1.6123895263895445,436.0,40.0,1.0,819306.0,1.0,1867296.0,74480.0
2025-12-17T18:32:49.811642,2,25.446747443973265,1.6050135493354538,1.6101693840954459,417.0,31.0,1.0,834700.0,1.0,1407598.0,70913.0
2025-12-17T18:32:49.912296,3,25.44673844817863,1.61621912702517,1.6094292465805806,446.0,44.0,1.0,1138845.0,1.0,1716379.0,74960.0
2025-12-17T18:32:50.011831,4,25.445878118112766,1.627644719710166,1.607699816726922,444.0,44.0,1.0,1342003.0,1.0,2167877.0,87974.0
2025-12-17T18:32:50.115192,5,25.44577221497396,1.6385872644750425,1.6037337428095588,432.0,38.0,1.0,900137.0,1.0,2130057.0,77488.0
2025-12-17T18:32:50.614219,0,25.44396563764964,1.6999214954613504,1.6040067069254904,432.0,38.0,1.0,548241.0,1.0,1622058.0,75342.0
2025-12-17T18:32:50.708470,1,25.44324357860276,1.7080699290759516,1.6067482200651646,433.0,39.0,1.0,820138.0,1.0,1864139.0,74656.0
2025-12-17T18:32:50.814547,2,25.438954108735224,1.7237336501658147,1.6195811042592405,422.0,33.0,1.0,803379.0,1.0,1413327.0,70602.0
2025-12-17T18:32:50.914647,3,25.43846526720729,1.7359710897109344,1.6216631030194324,435.0,40.0,1.0,1141546.0,1.0,1728622.0,75700.0
2025-12-17T18:32:51.011783,4,25.43797418662194,1.7475712431889057,1.623651265582201,460.0,52.0,1.0,1372318.0,1.0,2107112.0,86615.0
2025-12-17T18:32:51.112166,5,25.436860058483326,1.7593882886263437,1.6275985374297763,446.0,45.0,1.0,897703.0,1.0,2159821.0,76472.0
2025-12-17T18:32:51.610644,0,25.43321295663224,1.8177621868315355,1.6313198458290983,427.0,36.0,1.0,542336.0,1.0,1614390.0,75725.0
2025-12-17T18:32:51.711573,1,25.432017344629404,1.8293410619842878,1.6337939822243404,440.0,42.0,1.0,799041.0,1.0,1880615.0,74153.0
2025-12-17T18:32:51.808489,3,25.431139488447357,1.8412947569679048,1.6305904459669598,426.0,35.0,1.0,1148911.0,1.0,1711738.0,76420.0
2025-12-17T18:32:51.909497,4,25.43015292050582,1.852777484305608,1.6325317507391697,434.0,39.0,1.0,1321719.0,1.0,2117837.0,88872.0
2025-12-17T18:32:52.013092,5,25.42914479444315,1.864490318228128,1.6305487483465102,440.0,42.0,1.0,883237.0,1.0,2173754.0,76939.0
2025-12-17T18:32:52.615384,0,25.423570401300715,1.933504240698754,1.636741503167465,447.0,45.0,1.0,547870.0,1.0,1613844.0,74304.0
2025-12-17T18:32:52.719222,1,25.42248872232018,1.9454559666934887,1.6362564017456522,449.0,46.0,1.0,819306.0,1.0,1835341.0,73578.0
2025-12-17T18:32:52.810988,2,25.42182466518085,1.9570850893549352,1.6367242707739993,440.0,42.0,1.0,838380.0,1.0,1376504.0,69346.0
2025-12-17T18:32:52.915367,3,25.420699682023066,1.9683259729680944,1.6367242707739993,439.0,42.0,1.0,1129632.0,1.0,1713477.0,75418.0
2025-12-17T18:32:53.015728,4,25.420047902781018,1.9797581767112091,1.6352409734870772,446.0,45.0,1.0,1338827.0,1.0,2132943.0,87796.0
2025-12-17T18:32:53.117771,5,25.419412925853088,1.9910219580644892,1.6357197185033667,454.0,49.0,1.0,913642.0,1.0,2156899.0,75879.0
2025-12-17T18:32:53.612398,0,25.418111348328708,2.0475563653603124,1.5832933545366268,459.0,51.0,1.0,541969.0,1.0,1609480.0,73453.0
2025-12-17T18:32:53.714578,1,25.41181615311924,2.060109145088985,1.569652955697502,450.0,46.0,1.0,820971.0,1.0,1881888.0,73503.0
2025-12-17T18:32:53.811961,2,25.395103399871722,2.0751879172060073,1.5534333167041159,436.0,40.0,1.0,850383.0,1.0,1407598.0,69652.0
2025-12-17T18:32:53.913354,3,25.39614733040919,2.0862310908522987,1.5296450837219298,437.0,40.0,1.0,1163782.0,1.0,1735070.0,75597.0
2025-12-17T18:32:54.017117,4,25.39776834166736,2.100986872948056,1.4982733219976034,440.0,42.0,1.0,1341095.0,1.0,2109253.0,88303.0
2025-12-17T18:32:54.118853,5,25.398222061875675,2.1090625025812297,1.4896533219521952,448.0,46.0,1.0,879359.0,1.0,2186297.0,76291.0
2025-12-17T18:32:54.616644,0,25.405436822340043,2.1666149311581693,1.3731297901831037,425.0,35.0,1.0,550286.0,1.0,1669400.0,75853.0
2025-12-17T18:32:54.715561,1,25.408075650002992,2.1763341621651513,1.3436008548906215,447.0,45.0,1.0,815433.0,1.0,1856583.0,73702.0
2025-12-17T18:32:54.812081,2,25.411063450376517,2.1861266427502892,1.3206320632368782,438.0,41.0,1.0,827387.0,1.0,1398102.0,69464.0
2025-12-17T18:32:54.911301,3,25.413531827028827,2.1981628239486017,1.3018648854299428,444.0,44.0,1.0,1131545.0,1.0,1701342.0,75087.0
2025-12-17T18:32:55.012354,4,25.415796262763358,2.209393468347932,1.2811347473412693,440.0,42.0,1.0,1318145.0,1.0,2169345.0,88362.0
2025-12-17T18:32:55.113206,5,25.418898222918234,2.219130734706123,1.2533605786816502,447.0,45.0,1.0,889236.0,1.0,2135109.0,76420.0
2025-12-17T18:32:55.613129,0,25.419559251044106,2.2890741784075925,1.1531939235557296,451.0,47.0,1.0,553836.0,1.0,1586764.0,74002.0
2025-12-17T18:32:55.709808,1,25.423861974195447,2.2996026494415176,1.1462763135631082,441.0,42.0,1.0,832161.0,1.0,1855955.0,74128.0
2025-12-17T18:32:55.815950,2,25.428389882790935,2.310142296711468,1.1391104224941633,445.0,44.0,1.0,836396.0,1.0,1395266.0,69019.0
2025-12-17T18:32:55.915582,3,25.4333639533979,2.3199081141876268,1.1378488396393536,446.0,45.0,1.0,1148133.0,1.0,1722198.0,74960.0
2025-12-17T18:32:56.012203,4,25.437823061149597,2.3303550782281044,1.1361011589031307,435.0,40.0,1.0,1363060.0,1.0,2104974.0,88752.0
2025-12-17T18:32:56.114741,5,25.442731951473938,2.3406840256861607,1.1351083712927854,439.0,42.0,1.0,888935.0,1.0,2153981.0,76965.0
2025-12-17T18:32:56.610675,0,25.449646732114203,2.3949681775036815,1.075925158932664,456.0,50.0,1.0,547129.0,1.0,1620412.0,73653.0
2025-12-17T18:32:56.714213,1,25.45496156839233,2.404144248913214,1.0514824874130129,436.0,40.0,1.0,826267.0,1.0,1854699.0,74480.0
2025-12-17T18:32:56.809154,2,25.460953856926928,2.413268470745499,1.0226670972159284,420.0,33.0,1.0,820415.0,1.0,1407598.0,70697.0
2025-12-17T18:32:56.913454,3,25.466991810303178,2.4222762484586156,1.0019527182656267,443.0,43.0,1.0,1138845.0,1.0,1706532.0,75138.0
2025-12-17T18:32:57.012172,4,25.473402176751282,2.432072992882929,0.9835192776134761,450.0,47.0,1.0,1331597.0,1.0,2125736.0,87499.0
2025-12-17T18:32:57.111179,5,25.47913936310026,2.442038774717475,0.9634936417083982,452.0,48.0,1.0,873722.0,1.0,2146703.0,76033.0
2025-12-17T18:32:57.611465,0,25.516344874654926,2.4869888749992715,0.841948402761021,446.0,44.0,1.0,552526.0,1.0,1605128.0,74404.0
2025-12-17T18:32:57.711162,2,25.513238782680418,2.493994649999019,0.825204861735275,449.0,46.0,1.0,823754.0,1.0,1388201.0,68785.0
2025-12-17T18:32:57.811930,3,25.492512202668493,2.5050107212865487,0.8220661659472545,447.0,45.0,1.0,1124292.0,1.0,1683015.0,74884.0
2025-12-17T18:32:57.917370,4,25.49617517785785,2.5145382967124044,0.8020472441852018,447.0,45.0,1.0,1300420.0,1.0,2130057.0,87796.0
2025-12-17T18:32:58.609761,0,25.55605170195623,2.565317813743585,0.6320635313110937,444.0,44.0,1.0,546759.0,1.0,1629211.0,74530.0
2025-12-17T18:32:58.714997,1,25.565632358440368,2.5732544995414037,0.6179772214147242,456.0,49.0,1.0,815985.0,1.0,1854699.0,73106.0
2025-12-17T18:32:58.814411,2,25.583232250662043,2.5856748206754943,0.5900609504961462,454.0,48.0,1.0,825429.0,1.0,1395738.0,68460.0
2025-12-17T18:32:58.915429,3,25.597310495916464,2.5951340979588764,0.5659899326831487,462.0,52.0,1.0,1128485.0,1.0,1731550.0,73827.0
2025-12-17T18:32:59.011991,4,25.606825872560645,2.6005869414318337,0.5485094307783609,451.0,47.0,1.0,1311914.0,1.0,2095023.0,87381.0
2025-12-17T18:32:59.113419,5,25.61633152042886,2.606828258693702,0.5294915530695585,439.0,41.0,1.0,895578.0,1.0,2150339.0,76992.0
2025-12-17T18:32:59.613293,0,25.667365659909162,2.6309892275822544,0.41006953906150234,449.0,46.0,1.0,546759.0,1.0,1605128.0,74178.0
2025-12-17T18:32:59.714137,1,25.681619122213824,2.6230726665023725,0.3891026020648324,449.0,46.0,1.0,796610.0,1.0,1878706.0,73603.0
2025-12-17T18:32:59.814041,2,25.69452678594314,2.6189165176038216,0.36810634392546127,464.0,53.0,1.0,825429.0,1.0,1388201.0,67792.0
2025-12-17T18:32:59.910607,3,25.704146329109133,2.6237539930917015,0.34740429253058674,454.0,49.0,1.0,1115197.0,1.0,1681876.0,74379.0
2025-12-17T18:33:00.012515,4,25.71454476298097,2.627628445769133,0.3195659761866011,454.0,49.0,1.0,1319931.0,1.0,2133665.0,87145.0
2025-12-17T18:33:00.112909,5,25.72500938958101,2.6297394106163146,0.29512205087043125,438.0,41.0,1.0,869004.0,1.0,2135109.0,77096.0
2025-12-17T18:33:00.613924,0,25.77914486063012,2.625118691952177,0.16670429709624138,460.0,51.0,1.0,551778.0,1.0,1576059.0,73404.0
2025-12-17T18:33:00.709232,1,25.789887672953675,2.613433074625449,0.1386074127959086,452.0,47.0,1.0,800936.0,1.0,1870459.0,73379.0
2025-12-17T18:33:00.814872,2,25.80553709626512,2.615533871194911,0.11993799889304904,477.0,60.0,1.0,822361.0,1.0,1387731.0,66948.0
2025-12-17T18:33:00.911125,3,25.81320457499101,2.6168176807499246,0.107148910834363,450.0,47.0,1.0,1137304.0,1.0,1715218.0,74656.0
2025-12-17T18:33:01.009758,4,25.82551589756133,2.6181431904862422,0.08488049628178261,446.0,45.0,1.0,1341549.0,1.0,2130057.0,87826.0
2025-12-17T18:33:01.122366,5,25.84177934770446,2.620579335297134,0.05694763965550976,448.0,46.0,1.0,891345.0,1.0,2138002.0,76317.0
2025-12-17T18:33:01.611155,0,25.88412662650459,2.602234896235942,-0.041453120147753146,436.0,40.0,1.0,541236.0,1.0,1640831.0,75087.0
2025-12-17T18:33:01.710312,1,25.89464718718895,2.6003124955664254,-0.06691504788394599,449.0,46.0,1.0,813778.0,1.0,1852817.0,73578.0
2025-12-17T18:33:01.814955,2,25.90932962036719,2.5986625907338015,-0.09811991568061758,459.0,51.0,1.0,800936.0,1.0,1414762.0,68160.0
2025-12-17T18:33:01.915049,3,25.917156948777375,2.5987779034077625,-0.11124922523239494,461.0,52.0,1.0,1131162.0,1.0,1719286.0,73927.0
2025-12-17T18:33:02.014555,4,25.92747217747506,2.597827640839624,-0.13592611001319505,457.0,50.0,1.0,1298221.0,1.0,2112825.0,86968.0
2025-12-17T18:33:02.110896,5,25.939120226550738,2.595703012117542,-0.16308397267616428,446.0,45.0,1.0,886831.0,1.0,2145976.0,76498.0
2025-12-17T18:33:02.616705,1,26.002971478526895,2.5763595797526553,-0.2632097372526172,468.0,55.0,1.0,791236.0,1.0,1832858.0,72245.0
2025-12-17T18:33:02.711369,2,26.01043864362655,2.5748609010356045,-0.2778382282856626,467.0,55.0,1.0,834982.0,1.0,1391493.0,67631.0
2025-12-17T18:33:02.815309,3,26.024680034060694,2.571677030283666,-0.30765893900253904,457.0,50.0,1.0,1119735.0,1.0,1697891.0,74153.0
2025-12-17T18:33:02.914746,4,26.031362675155208,2.5689716402021108,-0.3242270196939511,462.0,52.0,1.0,1338827.0,1.0,2138002.0,86527.0
2025-12-17T18:33:03.013295,5,26.0423576891199,2.5656438244174153,-0.34426184478864225,452.0,48.0,1.0,882938.0,1.0,2154710.0,76033.0
2025-12-17T18:33:03.614560,0,26.101057219038612,2.524034235641774,-0.4834135886770716,442.0,43.0,1.0,554774.0,1.0,1622058.0,74707.0
2025-12-17T18:33:03.714007,1,26.11020559273628,2.5181195452106357,-0.5082376571822933,466.0,54.0,1.0,809658.0,1.0,1814956.0,72392.0
2025-12-17T18:33:03.809891,2,26.119308246058665,2.512394535229207,-0.5335544222378235,468.0,55.0,1.0,812128.0,1.0,1388201.0,67562.0
2025-12-17T18:33:03.914271,3,26.12921969869482,2.506801011518242,-0.5529254718219323,446.0,45.0,1.0,1143867.0,1.0,1703647.0,74986.0
2025-12-17T18:33:04.014665,4,26.138670600169878,2.5008706575051476,-0.5742419894087117,476.0,60.0,1.0,1337921.0,1.0,2096442.0,85335.0
2025-12-17T18:33:04.114083,5,26.14754199360524,2.494575252648781,-0.6002627531073281,459.0,51.0,1.0,895578.0,1.0,2155439.0,75520.0
2025-12-17T18:33:04.612245,0,26.202055002641995,2.4595294345074117,-0.7079013231212683,464.0,53.0,1.0,551405.0,1.0,1611115.0,73106.0
2025-12-17T18:33:04.712406,1,26.211090595360233,2.452370118033186,-0.7273691533756,462.0,52.0,1.0,815985.0,1.0,1864139.0,72687.0
2025-12-17T18:33:04.814945,2,26.222452330529507,2.4432050757901846,-0.75854987333039,475.0,59.0,1.0,822361.0,1.0,1382106.0,67084.0
2025-12-17T18:33:04.914557,3,26.22707040965547,2.438079920382407,-0.7716103689831713,472.0,57.0,1.0,1114065.0,1.0,1678464.0,73156.0
2025-12-17T18:33:05.011739,4,26.23432000571452,2.429911064822827,-0.7970788873387806,479.0,61.0,1.0,1311026.0,1.0,2122142.0,85076.0
2025-12-17T18:33:05.117804,5,26.2419860874596,2.4220950207170135,-0.8149435139968964,453.0,48.0,1.0,868122.0,1.0,2129336.0,75982.0
2025-12-17T18:33:05.614976,0,26.29539759168513,2.374891508594875,-0.93128050464675,455.0,49.0,1.0,542703.0,1.0,1608391.0,73777.0
2025-12-17T18:33:05.709029,1,26.302182923168846,2.365473372581767,-0.9564522215210006,454.0,48.0,1.0,809932.0,1.0,1858469.0,73255.0
2025-12-17T18:33:05.815245,2,26.307677644666597,2.3558270217255846,-0.985198739705644,479.0,61.0,1.0,819306.0,1.0,1399996.0,66812.0
2025-12-17T18:33:05.910806,3,26.3136334409604,2.3465954912647464,-1.0081740887807422,469.0,56.0,1.0,1118977.0,1.0,1707688.0,73329.0
2025-12-17T18:33:06.012775,4,26.320466134891085,2.336882711602802,-1.0239299804872735,481.0,62.0,1.0,1350204.0,1.0,2112110.0,84960.0
2025-12-17T18:33:06.114162,5,26.327233439827697,2.326956058159711,-1.0481072520829533,451.0,47.0,1.0,871065.0,1.0,2140898.0,76136.0
2025-12-17T18:33:06.611091,0,26.360469157799024,2.2665724124201194,-1.1688510086059731,445.0,44.0,1.0,547500.0,1.0,1601872.0,74455.0
2025-12-17T18:33:06.712520,1,26.364422110707295,2.2563475756479168,-1.1881409936433747,460.0,51.0,1.0,819583.0,1.0,1868560.0,72834.0
2025-12-17T18:33:06.809761,2,26.36905452522714,2.2452665565366083,-1.2101354628082475,464.0,53.0,1.0,815157.0,1.0,1376038.0,67814.0
2025-12-17T18:33:06.910206,4,26.372818896322794,2.234630097990846,-1.2341237948799544,470.0,57.0,1.0,1305712.0,1.0,2080890.0,85827.0
2025-12-17T18:33:07.014584,5,26.375990474580167,2.2188475775610645,-1.2661117778036903,458.0,51.0,1.0,896488.0,1.0,2153981.0,75623.0
2025-12-17T18:33:07.613430,0,26.387595103646333,2.1493127450171436,-1.396101255175938,460.0,51.0,1.0,536857.0,1.0,1608391.0,73404.0
2025-12-17T18:33:07.710272,1,26.388857190534676,2.1383495101849004,-1.4242173571600456,469.0,56.0,1.0,805557.0,1.0,1873627.0,72221.0
2025-12-17T18:33:07.814204,2,26.389935130357472,2.124000720724464,-1.4538591681805217,476.0,60.0,1.0,822361.0,1.0,1377903.0,67016.0
2025-12-17T18:33:07.914647,3,26.390875946433304,2.116129165459631,-1.4688982280734812,456.0,49.0,1.0,1126959.0,1.0,1691009.0,74278.0
2025-12-17T18:33:08.014532,5,26.392210645989596,2.10533732475846,-1.4857370629719435,461.0,52.0,1.0,877872.0,1.0,2191483.0,75418.0
2025-12-17T18:33:08.613441,0,26.390685748802262,2.0363845152137654,-1.5328908692665322,439.0,42.0,1.0,552713.0,1.0,1617125.0,74884.0
2025-12-17T18:33:08.712794,1,26.39092612626188,2.024660027846397,-1.537339297770562,464.0,54.0,1.0,810206.0,1.0,1835341.0,72515.0
2025-12-17T18:33:08.812446,2,26.39151707988511,2.0136445244064682,-1.5367889799593013,446.0,45.0,1.0,806103.0,1.0,1401419.0,69019.0
2025-12-17T18:33:08.914170,3,26.391647648261127,2.001874080556704,-1.5362187920274768,461.0,52.0,1.0,1150078.0,1.0,1680169.0,73902.0
2025-12-17T18:33:09.011993,4,26.39229865826468,1.989267223214076,-1.538553694572587,475.0,59.0,1.0,1315471.0,1.0,2146703.0,85451.0
2025-12-17T18:33:09.110274,5,26.392792366146082,1.9774097796485197,-1.5292126008244773,428.0,36.0,1.0,901051.0,1.0,2153981.0,77856.0
2025-12-17T18:33:09.614757,0,26.395105791892977,1.9193384319606885,-1.5284688995042774,454.0,49.0,1.0,546389.0,1.0,1629211.0,73802.0
2025-12-17T18:33:09.713950,1,26.395138933556236,1.9081638142973318,-1.532173250391465,451.0,47.0,1.0,806922.0,1.0,1860357.0,73453.0
2025-12-17T18:33:09.817695,2,26.395678891788286,1.8927927720597446,-1.5267537816722427,474.0,58.0,1.0,817643.0,1.0,1370461.0,67198.0
2025-12-17T18:33:09.911981,3,26.395835783978516,1.8848241634616032,-1.5277448557234448,453.0,48.0,1.0,1150857.0,1.0,1707110.0,74530.0
2025-12-17T18:33:10.012435,4,26.397008399145022,1.8727436314021388,-1.5287322504174483,455.0,49.0,1.0,1296465.0,1.0,2071754.0,87115.0
2025-12-17T18:33:10.114829,5,26.397412625370222,1.8611112151393325,-1.5286722676738271,457.0,50.0,1.0,871065.0,1.0,2133665.0,75725.0
2025-12-17T18:33:10.617774,0,26.400245398881765,1.799504242496422,-1.5318954633042186,435.0,39.0,1.0,548984.0,1.0,1611661.0,75240.0
2025-12-17T18:33:10.711985,1,26.40057212096938,1.7922860985623075,-1.5316483881359901,453.0,48.0,1.0,814054.0,1.0,1844682.0,73354.0
2025-12-17T18:33:10.811442,2,26.401090043613166,1.7803564977219257,-1.5323921643471652,475.0,59.0,1.0,832443.0,1.0,1398102.0,67084.0
2025-12-17T18:33:10.917813,3,26.401468847572126,1.7685988849615333,-1.537598901090162,455.0,49.0,1.0,1108423.0,1.0,1708844.0,74354.0
2025-12-17T18:33:11.015951,4,26.401658486207797,1.7576969465132015,-1.533152849391619,481.0,62.0,1.0,1304387.0,1.0,2130057.0,84932.0
2025-12-17T18:33:11.116631,5,26.40235156526808,1.7464005970986745,-1.5390772594234847,466.0,55.0,1.0,879657.0,1.0,2138002.0,75036.0
2025-12-17T18:33:11.618185,0,26.404597539370283,1.685320553419223,-1.5368311147137124,460.0,52.0,1.0,552526.0,1.0,1605128.0,73379.0
2025-12-17T18:33:11.718676,1,26.40790731850133,1.6783817702030601,-1.5263682442548567,426.0,35.0,1.0,809658.0,1.0,1862247.0,75291.0
2025-12-17T18:33:11.813990,3,26.419344120944118,1.6688028374466608,-1.505869222649417,464.0,54.0,1.0,1141933.0,1.0,1688721.0,73702.0
2025-12-17T18:33:11.914310,4,26.4204602824193,1.657275427837836,-1.5063872833133216,483.0,63.0,1.0,1312802.0,1.0,2098572.0,84788.0
2025-12-17T18:33:12.016376,5,26.421191435859285,1.641232755681173,-1.505228424299325,448.0,46.0,1.0,886831.0,1.0,2152523.0,76369.0
2025-12-17T18:33:12.611611,0,26.425486199732227,1.5767758581828883,-1.5123531628738518,443.0,43.0,1.0,541785.0,1.0,1619864.0,74656.0
2025-12-17T18:33:12.717761,1,26.426324554457768,1.5660142634377117,-1.5068939922409803,452.0,48.0,1.0,827387.0,1.0,1862247.0,73379.0
2025-12-17T18:33:12.814796,2,26.42693069524315,1.5541990016665024,-1.5105919706961781,444.0,44.0,1.0,801478.0,1.0,1392436.0,69135.0
2025-12-17T18:33:12.913321,3,26.427927190699812,1.5429638996677646,-1.5118605710806472,441.0,43.0,1.0,1129632.0,1.0,1721033.0,75342.0
2025-12-17T18:33:13.016647,4,26.42911793879714,1.5272092816760594,-1.513120594350013,480.0,61.0,1.0,1291647.0,1.0,2080890.0,85076.0
2025-12-17T18:33:13.114575,5,26.429482216810158,1.5200562796330046,-1.5118939696311424,463.0,53.0,1.0,871655.0,1.0,2157629.0,75265.0
2025-12-17T18:33:13.613024,0,26.43395553682503,1.461383116629913,-1.5150775983375466,431.0,38.0,1.0,553462.0,1.0,1611661.0,75495.0
2025-12-17T18:33:13.715180,1,26.434137601658666,1.449043801596153,-1.5118877208002188,456.0,50.0,1.0,823197.0,1.0,1854699.0,73106.0
2025-12-17T18:33:13.816158,2,26.434768926652882,1.4371367935793447,-1.516127790529873,461.0,52.0,1.0,819028.0,1.0,1396211.0,68067.0
2025-12-17T18:33:13.914083,3,26.436035391367046,1.4253528498936072,-1.5148942738664612,450.0,46.0,1.0,1116329.0,1.0,1697891.0,74758.0
2025-12-17T18:33:14.013150,4,26.436777764030925,1.4145908951520134,-1.516101592802697,481.0,62.0,1.0,1324854.0,1.0,2129336.0,84960.0
2025-12-17T18:33:14.116941,5,26.436635534911872,1.4044061138390447,-1.5118934169226184,461.0,52.0,1.0,900746.0,1.0,2155439.0,75418.0
2025-12-17T18:33:14.615722,0,26.46840895566197,1.3673031199288934,-1.4630539639877431,439.0,41.0,1.0,551778.0,1.0,1636949.0,74910.0
2025-12-17T18:33:14.711750,1,26.469735379718987,1.356217501537436,-1.4657485674059316,440.0,42.0,1.0,794994.0,1.0,1871092.0,74278.0
2025-12-17T18:33:14.812470,2,26.470035312908877,1.3452178810592779,-1.4653150743389314,453.0,48.0,1.0,823197.0,1.0,1390081.0,68553.0
2025-12-17T18:33:14.915272,3,26.47091081210258,1.3341055575515843,-1.4657429412826404,459.0,51.0,1.0,1152026.0,1.0,1701342.0,74052.0
2025-12-17T18:33:15.014412,4,26.471984602146513,1.3228261478911592,-1.4701907166919537,459.0,51.0,1.0,1298221.0,1.0,2112110.0,86791.0
2025-12-17T18:33:15.115128,5,26.47274126537525,1.3112028569713026,-1.4659891017161586,445.0,44.0,1.0,861682.0,1.0,2157629.0,76576.0
2025-12-17T18:33:15.615504,0,26.477059788459307,1.254174189255489,-1.4689032345296984,443.0,43.0,1.0,552526.0,1.0,1629762.0,74656.0
2025-12-17T18:33:15.708041,2,26.478216537117238,1.2425338271254969,-1.468617262300963,457.0,50.0,1.0,825429.0,1.0,1367218.0,68298.0
2025-12-17T18:33:15.814540,3,26.48011773336658,1.230372950939553,-1.4691311741284077,453.0,48.0,1.0,1128485.0,1.0,1715799.0,74505.0
2025-12-17T18:33:15.914607,4,26.481359912893755,1.2179557607131264,-1.466422381734573,460.0,51.0,1.0,1321719.0,1.0,2158359.0,86733.0
2025-12-17T18:33:16.018335,5,26.483314343078305,1.202577031196625,-1.4683448167958135,435.0,39.0,1.0,877872.0,1.0,2144524.0,77383.0
2025-12-17T18:33:16.615527,0,26.490589288447488,1.138353989300507,-1.4636975327052646,445.0,44.0,1.0,556279.0,1.0,1601872.0,74480.0
2025-12-17T18:33:16.713575,1,26.49187065706768,1.1266995672903242,-1.467832208516357,440.0,42.0,1.0,814329.0,1.0,1863508.0,74278.0
2025-12-17T18:33:16.810369,2,26.49317668751413,1.1156542662766549,-1.462638737894832,453.0,48.0,1.0,815985.0,1.0,1406646.0,68553.0
2025-12-17T18:33:16.910092,3,26.494637058971076,1.1035144895685822,-1.4663749084521445,437.0,40.0,1.0,1126959.0,1.0,1725699.0,75700.0
2025-12-17T18:33:17.009240,4,26.496139764002884,1.0927584150432437,-1.4658431015371733,458.0,50.0,1.0,1317699.0,1.0,2110681.0,86909.0
2025-12-17T18:33:17.111827,5,26.497579055376548,1.0812499191046427,-1.4639264817422348,464.0,53.0,1.0,884733.0,1.0,2143799.0,75240.0
2025-12-17T18:33:17.615421,0,26.528686427692257,1.0293392773705885,-1.4193051805053236,434.0,39.0,1.0,542519.0,1.0,1645280.0,75291.0
2025-12-17T18:33:17.712543,1,26.529898685844685,1.0184309928355018,-1.422543757716786,438.0,41.0,1.0,809658.0,1.0,1894029.0,74404.0
2025-12-17T18:33:17.815456,2,26.53241431027237,1.003775613782858,-1.4165973799736504,451.0,47.0,1.0,820971.0,1.0,1384447.0,68716.0
2025-12-17T18:33:17.918902,3,26.53435159285281,0.9917353502284518,-1.4210563048798759,436.0,40.0,1.0,1128104.0,1.0,1730378.0,75777.0
2025-12-17T18:33:18.013129,4,26.5353081866797,0.9841714293234101,-1.419088970903433,458.0,50.0,1.0,1315471.0,1.0,2110681.0,86909.0
2025-12-17T18:33:18.109981,5,26.537119350883007,0.9720420647318155,-1.4208108575281981,444.0,44.0,1.0,882042.0,1.0,2148884.0,76654.0
2025-12-17T18:33:18.615276,0,26.54514316135269,0.9160193975660247,-1.4191631458071143,433.0,39.0,1.0,554211.0,1.0,1622607.0,75367.0
2025-12-17T18:33:18.711743,1,26.546503664279285,0.9042980202101689,-1.417926847568068,440.0,42.0,1.0,798500.0,1.0,1896595.0,74278.0
2025-12-17T18:33:18.810152,2,26.548768172336672,0.8921457057481081,-1.417425480682459,446.0,45.0,1.0,819028.0,1.0,1383510.0,69065.0
2025-12-17T18:33:18.916585,3,26.55009594843002,0.881284909913435,-1.4171634905779882,441.0,42.0,1.0,1123151.0,1.0,1708844.0,75393.0
2025-12-17T18:33:19.012941,4,26.552008584460125,0.8699055639417286,-1.4159322300796515,461.0,52.0,1.0,1315471.0,1.0,2115687.0,86645.0
2025-12-17T18:33:19.120255,5,26.55415253192035,0.8550990905231937,-1.4181456887321338,455.0,49.0,1.0,895578.0,1.0,2164211.0,75879.0
2025-12-17T18:33:19.613532,0,26.56170837146414,0.8013087062924988,-1.4206293274123023,453.0,48.0,1.0,557598.0,1.0,1628108.0,73902.0
2025-12-17T18:33:19.716648,1,26.563129949783807,0.7897848810236152,-1.4179247136673008,436.0,40.0,1.0,829630.0,1.0,1867296.0,74606.0
2025-12-17T18:33:19.810550,2,26.565133589822562,0.7780275605642692,-1.4208952324997826,450.0,47.0,1.0,814605.0,1.0,1417638.0,68785.0
2025-12-17T18:33:19.913136,3,26.577909140595253,0.7632401576352454,-1.398881620660594,443.0,43.0,1.0,1178448.0,1.0,1735070.0,75240.0
2025-12-17T18:33:20.014989,4,26.587866398147668,0.7500350783082084,-1.3834921338332082,455.0,49.0,1.0,1328896.0,1.0,2077371.0,87115.0
2025-12-17T18:33:20.617173,0,26.601440011122623,0.6775665063634,-1.380040784525668,431.0,38.0,1.0,558353.0,1.0,1629762.0,75495.0
2025-12-17T18:33:20.708242,1,26.602856681668484,0.6702531756511003,-1.379063921504599,441.0,42.0,1.0,825429.0,1.0,1894670.0,74228.0
2025-12-17T18:33:20.815696,2,26.605426514145833,0.6589261998834233,-1.3840049960420895,443.0,43.0,1.0,823197.0,1.0,1416200.0,69229.0
2025-12-17T18:33:20.913334,3,26.607796891143234,0.6473683853708987,-1.3825357254300017,435.0,39.0,1.0,1118977.0,1.0,1704800.0,75879.0
2025-12-17T18:33:21.011273,4,26.610432501679274,0.6355642588925379,-1.3840235152269589,448.0,46.0,1.0,1329345.0,1.0,2150339.0,87737.0
2025-12-17T18:33:21.111134,5,26.612188231990253,0.6244405782434326,-1.3832901878267614,425.0,35.0,1.0,875202.0,1.0,2155439.0,78120.0
2025-12-17T18:33:21.612794,1,26.622672209415658,0.5683104024774601,-1.386033440214184,447.0,45.0,1.0,827947.0,1.0,1857840.0,73802.0
2025-12-17T18:33:21.711227,2,26.625262007766356,0.5565358139766172,-1.3855378379761856,425.0,35.0,1.0,833006.0,1.0,1414284.0,70506.0
2025-12-17T18:33:21.809651,3,26.627345930986376,0.5456139439675571,-1.3867741883800102,448.0,46.0,1.0,1139616.0,1.0,1721033.0,74910.0
2025-12-17T18:33:21.913212,4,26.629212656392898,0.5346001334838224,-1.3852902514029697,452.0,47.0,1.0,1331146.0,1.0,2122860.0,87440.0
2025-12-17T18:33:22.010430,5,26.631063139914517,0.5228475941592381,-1.3909415354650476,441.0,42.0,1.0,881743.0,1.0,2175226.0,76887.0
2025-12-17T18:33:22.612449,0,26.65636307231715,0.4633810690519402,-1.3718355141426468,430.0,37.0,1.0,557221.0,1.0,1606215.0,75572.0
2025-12-17T18:33:22.713705,1,26.674212904342777,0.4642087066438716,-1.3512479563447972,429.0,37.0,1.0,811029.0,1.0,1874895.0,75113.0
2025-12-17T18:33:22.812266,2,26.676120081610797,0.45352102713873244,-1.34877575089713,447.0,45.0,1.0,831316.0,1.0,1417638.0,69019.0
2025-12-17T18:33:22.910299,3,26.679213108070947,0.4419645614513068,-1.3487738378765408,437.0,41.0,1.0,1145416.0,1.0,1733309.0,75700.0
2025-12-17T18:33:23.013985,4,26.681903416544447,0.43088570084711364,-1.3522494518171668,452.0,48.0,1.0,1302623.0,1.0,2091481.0,87381.0
2025-12-17T18:33:23.109851,5,26.684490930853226,0.4194250640077306,-1.3520114950193367,455.0,49.0,1.0,894669.0,1.0,2147430.0,75905.0
2025-12-17T18:33:23.610875,0,26.696986320031886,0.36361061534766215,-1.3479988126940157,435.0,40.0,1.0,551965.0,1.0,1620412.0,75240.0
2025-12-17T18:33:23.718735,1,26.700932420747826,0.3477792228250598,-1.3519483367141696,436.0,40.0,1.0,797150.0,1.0,1862247.0,74606.0
2025-12-17T18:33:23.810042,2,26.702727000175265,0.3401729226187675,-1.3494676493324012,451.0,47.0,1.0,821249.0,1.0,1413327.0,68739.0
2025-12-17T18:33:23.914544,3,26.705557260564255,0.3288572926632467,-1.3519367601647525,439.0,41.0,1.0,1127340.0,1.0,1712897.0,75572.0
2025-12-17T18:33:24.010938,4,26.707577659616142,0.3180043281615248,-1.3529313904159481,463.0,53.0,1.0,1321719.0,1.0,2125736.0,86498.0
2025-12-17T18:33:24.112299,5,26.710417258560792,0.3069291905359224,-1.353921576852786,455.0,49.0,1.0,894367.0,1.0,2181124.0,75853.0
2025-12-17T18:33:24.615032,0,26.722221543917883,0.249075588207603,-1.3581487787639919,419.0,32.0,1.0,556655.0,1.0,1638057.0,76420.0
2025-12-17T18:33:24.709662,1,26.724434944656526,0.2376953502429644,-1.3579007433122223,453.0,48.0,1.0,822640.0,1.0,1872992.0,73404.0
2025-12-17T18:33:24.817073,2,26.72759758190947,0.22327509378096044,-1.3581635809072714,424.0,34.0,1.0,825988.0,1.0,1434046.0,70578.0
2025-12-17T18:33:24.912779,3,26.72867154835767,0.21603181835251384,-1.358148784177199,429.0,37.0,1.0,1174466.0,1.0,1721616.0,76317.0
2025-12-17T18:33:25.015324,4,26.731374001366376,0.20125684335587257,-1.3591320233156978,442.0,43.0,1.0,1323061.0,1.0,2127895.0,88273.0
2025-12-17T18:33:25.108295,5,26.73337951260464,0.19347208933716153,-1.3628367227898908,429.0,37.0,1.0,916119.0,1.0,2190742.0,77856.0
2025-12-17T18:33:25.610824,0,26.75696410447393,0.163717070796348,-1.344876413907324,432.0,38.0,1.0,546389.0,1.0,1633075.0,75495.0
2025-12-17T18:33:25.709381,1,26.759430691717665,0.15300478024084052,-1.343876170239679,439.0,41.0,1.0,819860.0,1.0,1889547.0,74404.0
2025-12-17T18:33:25.811715,2,26.76251238825853,0.14155003947171396,-1.3450441978715233,440.0,42.0,1.0,836113.0,1.0,1411892.0,69511.0
2025-12-17T18:33:25.913817,3,26.76520361882061,0.12955933937606545,-1.345782056505925,454.0,49.0,1.0,1153196.0,1.0,1707110.0,74455.0
2025-12-17T18:33:26.009850,4,26.76832410389431,0.11793041196380338,-1.3425825504999522,432.0,38.0,1.0,1321719.0,1.0,2129336.0,89143.0
2025-12-17T18:33:26.111992,5,26.771052848811426,0.10676709864184364,-1.3438218704776739,450.0,47.0,1.0,886531.0,1.0,2187038.0,76265.0
2025-12-17T18:33:26.614889,0,26.783105188657327,0.04782751729111823,-1.3437940876867451,444.0,44.0,1.0,562336.0,1.0,1648067.0,74631.0
2025-12-17T18:33:26.714149,1,26.78482283650321,0.03994821954649108,-1.3452742993782942,450.0,47.0,1.0,818197.0,1.0,1854699.0,73578.0
2025-12-17T18:33:26.811436,2,26.78746777275074,0.028183041534894038,-1.347005477022768,433.0,38.0,1.0,834135.0,1.0,1402842.0,69983.0
2025-12-17T18:33:26.917976,3,26.789463744387977,0.016836023859799987,-1.3494858182561966,454.0,48.0,1.0,1152806.0,1.0,1719868.0,74505.0
2025-12-17T18:33:27.012472,4,26.79183942323404,0.005368124457080459,-1.3514727634946657,452.0,48.0,1.0,1336564.0,1.0,2122142.0,87440.0
2025-12-17T18:33:27.121519,5,26.793741755973635,-0.005542017883106265,-1.3507699422435904,442.0,43.0,1.0,906864.0,1.0,2159821.0,76887.0
2025-12-17T18:33:27.614204,0,26.80533743821997,-0.061410922665621204,-1.3492947544552152,447.0,45.0,1.0,554211.0,1.0,1607303.0,74404.0
2025-12-17T18:33:27.715236,1,26.808141886413647,-0.07273995783332765,-1.3503966026395315,449.0,46.0,1.0,808836.0,1.0,1894029.0,73702.0
2025-12-17T18:33:27.814949,2,26.81151852220901,-0.0872137390792509,-1.351125697411242,425.0,35.0,1.0,844075.0,1.0,1417638.0,70530.0
2025-12-17T18:33:27.912567,3,26.813359986754634,-0.0946019979214161,-1.3526084816058523,457.0,50.0,1.0,1137689.0,1.0,1716379.0,74253.0
2025-12-17T18:33:28.012225,4,26.815073127922663,-0.10090669443684552,-1.3512238529070733,442.0,43.0,1.0,1300420.0,1.0,2122860.0,88332.0
2025-12-17T18:33:28.111271,5,26.812645102482826,-0.08969111737137991,-1.3436063188808043,450.0,47.0,1.0,897399.0,1.0,2188518.0,76265.0
2025-12-17T18:33:28.614354,0,26.824862493867265,-0.1425211288060022,-1.3432916142842082,434.0,39.0,1.0,549356.0,1.0,1635841.0,75342.0
2025-12-17T18:33:28.713469,1,26.827508425741755,-0.15400690052093058,-1.3472394634745635,459.0,51.0,1.0,810754.0,1.0,1876800.0,72958.0
2025-12-17T18:33:28.814138,2,26.830419675110704,-0.16540692633385534,-1.3448141216271663,451.0,47.0,1.0,830754.0,1.0,1410460.0,68785.0
2025-12-17T18:33:28.911943,3,26.83360467622203,-0.17733676417354216,-1.344577110665658,445.0,44.0,1.0,1153977.0,1.0,1710580.0,75138.0
2025-12-17T18:33:29.014947,4,26.83615768107398,-0.18827289751599174,-1.3462923900841348,463.0,53.0,1.0,1331146.0,1.0,2162015.0,86498.0
2025-12-17T18:33:29.115818,5,26.83866955214699,-0.19973200501621857,-1.3497444377386163,451.0,47.0,1.0,891345.0,1.0,2191483.0,76162.0
2025-12-17T18:33:29.614004,0,26.84778966855719,-0.25531352877700275,-1.4363549552651482,441.0,42.0,1.0,555338.0,1.0,1622607.0,74859.0
2025-12-17T18:33:29.716226,1,26.849426708051165,-0.2668294057593279,-1.442784599367364,455.0,49.0,1.0,824870.0,1.0,1857211.0,73280.0
2025-12-17T18:33:29.813131,2,26.85046642589883,-0.27773032116576957,-1.4489329700754858,445.0,44.0,1.0,814054.0,1.0,1418118.0,69182.0
2025-12-17T18:33:29.914675,4,26.85217792690139,-0.28889699139034475,-1.4476636938592442,419.0,32.0,1.0,1333852.0,1.0,2107825.0,90267.0
2025-12-17T18:33:30.011786,5,26.853962703063917,-0.3004541136804457,-1.4540640573399781,447.0,45.0,1.0,909323.0,1.0,2187038.0,76498.0
2025-12-17T18:33:30.611378,0,26.85971370786928,-0.3690796929727207,-1.5041210092140236,444.0,44.0,1.0,554587.0,1.0,1656455.0,74631.0
2025-12-17T18:33:30.709911,1,26.860638940405465,-0.3795635776459436,-1.511392571571549,444.0,44.0,1.0,808836.0,1.0,1854071.0,74027.0
2025-12-17T18:33:30.813528,2,26.858718545149316,-0.3726412786906983,-1.5033185147728,427.0,36.0,1.0,832443.0,1.0,1400944.0,70387.0
2025-12-17T18:33:30.917993,3,26.859115577175224,-0.3779867295743582,-1.5061841140402485,448.0,46.0,1.0,1152806.0,1.0,1735657.0,74910.0
2025-12-17T18:33:31.010809,4,26.859885889025925,-0.3898322873389817,-1.5066738155700032,456.0,49.0,1.0,1346097.0,1.0,2144524.0,87145.0
2025-12-17T18:33:31.120264,5,26.859723590806276,-0.4002901231611835,-1.5113735970856972,456.0,50.0,1.0,882639.0,1.0,2181124.0,75828.0
2025-12-17T18:33:31.615449,0,26.86317651729863,-0.45784411770455424,-1.5101650174426544,452.0,48.0,1.0,563098.0,1.0,1626456.0,74027.0
2025-12-17T18:33:31.711914,1,26.8635693023491,-0.46961998382604575,-1.5074760948487167,460.0,52.0,1.0,820138.0,1.0,1862877.0,72908.0
2025-12-17T18:33:31.809852,3,26.865092683994813,-0.481624191879503,-1.508469533605587,459.0,51.0,1.0,1114819.0,1.0,1707688.0,74178.0
2025-12-17T18:33:31.913590,4,26.86566735780785,-0.49299083325555815,-1.5062568776105743,447.0,45.0,1.0,1341549.0,1.0,2132943.0,87915.0
2025-12-17T18:33:32.013834,5,26.867329233540943,-0.5045623480180308,-1.5075278367695482,463.0,53.0,1.0,884733.0,1.0,2171548.0,75342.0
2025-12-17T18:33:32.616730,0,26.873953661401902,-0.577414610010818,-1.5062976260207677,433.0,39.0,1.0,559299.0,1.0,1630866.0,75393.0
2025-12-17T18:33:32.713276,1,26.87502404058525,-0.5850681247311997,-1.5062926472635156,439.0,41.0,1.0,814605.0,1.0,1902381.0,74404.0
2025-12-17T18:33:32.813573,2,26.876385460712267,-0.596476555554514,-1.5055454976816807,438.0,41.0,1.0,831598.0,1.0,1429200.0,69629.0
2025-12-17T18:33:32.913371,3,26.877112939123396,-0.6085423227805786,-1.5072544943390354,447.0,45.0,1.0,1131545.0,1.0,1728622.0,75036.0
2025-12-17T18:33:33.014260,4,26.87791010610849,-0.6198538135735085,-1.5106658798129093,452.0,48.0,1.0,1313247.0,1.0,2157629.0,87440.0
2025-12-17T18:33:33.113820,5,26.878191811437233,-0.6309570884554216,-1.5126495611536874,447.0,45.0,1.0,893762.0,1.0,2148884.0,76524.0
2025-12-17T18:33:33.614844,0,26.891959698266078,-0.6644756403646999,-1.5032993815537914,435.0,40.0,1.0,549356.0,1.0,1645280.0,75265.0
2025-12-17T18:33:33.713067,1,26.89282389142415,-0.6759567905135775,-1.5047757957924308,458.0,50.0,1.0,796610.0,1.0,1869193.0,73106.0
2025-12-17T18:33:33.811056,2,26.892737809057486,-0.6870660335274303,-1.5084870597884203,455.0,49.0,1.0,819583.0,1.0,1418598.0,68530.0
2025-12-17T18:33:33.912453,3,26.893612977137227,-0.6986507582169379,-1.506766789244189,438.0,41.0,1.0,1136150.0,1.0,1725699.0,75648.0
2025-12-17T18:33:34.015015,4,26.894462723294545,-0.7103288801874301,-1.5077208643979876,458.0,50.0,1.0,1333852.0,1.0,2135832.0,86968.0
2025-12-17T18:33:34.113451,5,26.894654080962248,-0.721787184011117,-1.507967499511395,449.0,46.0,1.0,888333.0,1.0,2181124.0,76369.0
2025-12-17T18:33:34.612588,0,26.900097505806826,-0.7763373040865158,-1.414590276934851,447.0,45.0,1.0,558542.0,1.0,1639721.0,74404.0
2025-12-17T18:33:34.714523,2,26.900505252540988,-0.7881182532951514,-1.39137317385424,445.0,44.0,1.0,831879.0,1.0,1416200.0,69182.0
2025-12-17T18:33:34.814546,3,26.901880784454814,-0.8002679311867795,-1.3702587098486603,441.0,42.0,1.0,1145416.0,1.0,1717542.0,75495.0
2025-12-17T18:33:34.912391,4,26.90525693214399,-0.8117567702797506,-1.3520582958526883,434.0,39.0,1.0,1340641.0,1.0,2107112.0,89023.0
2025-12-17T18:33:35.012409,5,26.908632753975116,-0.8228459109789719,-1.3305498904452875,452.0,48.0,1.0,910246.0,1.0,2196681.0,76111.0
2025-12-17T18:33:35.612659,0,26.92806276324103,-0.8893569700688486,-1.1885509146032895,438.0,41.0,1.0,555338.0,1.0,1647509.0,75036.0
2025-12-17T18:33:35.708505,1,26.92779654964285,-0.8727206618217704,-1.1603859286308367,448.0,46.0,1.0,810206.0,1.0,1859098.0,73777.0
2025-12-17T18:33:35.811668,2,26.93006992306078,-0.8694288480619297,-1.1334716305864165,451.0,47.0,1.0,811853.0,1.0,1420039.0,68809.0
2025-12-17T18:33:35.917484,3,26.934573978713864,-0.8805336603345828,-1.1114398346382932,456.0,50.0,1.0,1135381.0,1.0,1761697.0,74379.0
2025-12-17T18:33:36.012826,4,26.93946135084231,-0.8912925508274188,-1.0896564777915898,444.0,44.0,1.0,1338374.0,1.0,2164944.0,88153.0
2025-12-17T18:33:36.110755,5,26.945002133336686,-0.9005141996949702,-1.0679221158331615,450.0,47.0,1.0,881445.0,1.0,2188518.0,76265.0
2025-12-17T18:33:36.610414,0,26.98968362654674,-0.9261307845881275,-0.9425240776780918,439.0,41.0,1.0,549356.0,1.0,1642498.0,74986.0
2025-12-17T18:33:36.715805,1,27.00441145410418,-0.9223064848448441,-0.9174786964467146,451.0,47.0,1.0,836113.0,1.0,1875530.0,73603.0
2025-12-17T18:33:36.808801,2,27.011157450317434,-0.9318529293355828,-0.8969194212667826,442.0,43.0,1.0,835548.0,1.0,1414284.0,69417.0
2025-12-17T18:33:36.911642,3,27.018219573519872,-0.9394257456964974,-0.8739298048824561,433.0,38.0,1.0,1116707.0,1.0,1707688.0,76085.0
2025-12-17T18:33:37.011807,4,27.024575249792612,-0.948503932710433,-0.8487598426825841,449.0,46.0,1.0,1330696.0,1.0,2133665.0,87737.0
2025-12-17T18:33:37.117281,5,27.02887995183163,-0.9576642304362362,-0.8207263319112944,430.0,37.0,1.0,899223.0,1.0,2197425.0,77751.0
2025-12-17T18:33:37.611411,0,27.088170680780422,-0.9466896241126275,-0.7038613502093358,424.0,35.0,1.0,555150.0,1.0,1622607.0,76085.0
2025-12-17T18:33:37.713783,1,27.097909207663168,-0.9537421507216477,-0.686416223833947,426.0,35.0,1.0,821805.0,1.0,1879979.0,75367.0
2025-12-17T18:33:37.810159,2,27.107000021515706,-0.9607277272180337,-0.6652463118424492,432.0,38.0,1.0,838664.0,1.0,1427267.0,70078.0
2025-12-17T18:33:37.914472,3,27.117299947610007,-0.9683214105670128,-0.641132067879974,451.0,47.0,1.0,1120493.0,1.0,1730378.0,74758.0
2025-12-17T18:33:38.013101,5,27.125774439138443,-0.9746686916460998,-0.617845766643671,445.0,44.0,1.0,898919.0,1.0,2207862.0,76654.0
2025-12-17T18:33:38.614405,0,27.18972972782553,-1.0022675763014766,-0.4680961477143926,446.0,45.0,1.0,548984.0,1.0,1631970.0,74480.0
2025-12-17T18:33:38.710803,1,27.200305361276286,-1.0082017824257292,-0.4476104918435775,434.0,39.0,1.0,807742.0,1.0,1892107.0,74833.0
2025-12-17T18:33:38.811427,2,27.211205571338006,-1.0138141416164164,-0.42458244368618464,451.0,47.0,1.0,842362.0,1.0,1417638.0,68809.0
2025-12-17T18:33:38.910911,3,27.221345898000667,-1.0174856572183946,-0.4033157519042738,437.0,40.0,1.0,1126577.0,1.0,1740363.0,75777.0
2025-12-17T18:33:39.011983,4,27.23104274848673,-1.0217728861832969,-0.3769164383428184,447.0,45.0,1.0,1313691.0,1.0,2098572.0,87915.0
2025-12-17T18:33:39.115038,5,27.24180207819677,-1.0272593625554354,-0.3526409197393113,440.0,42.0,1.0,917360.0,1.0,2191483.0,77044.0
2025-12-17T18:33:39.612032,0,27.303695882278824,-1.0094647081073127,-0.22084540427053373,433.0,38.0,1.0,553462.0,1.0,1638612.0,75469.0
2025-12-17T18:33:39.711553,1,27.31432369590588,-1.0128222037975734,-0.19522486003149583,455.0,49.0,1.0,807195.0,1.0,1875530.0,73280.0
2025-12-17T18:33:39.815020,2,27.32404949539278,-1.0150189192129249,-0.17714377022079608,449.0,46.0,1.0,845218.0,1.0,1412848.0,68925.0
2025-12-17T18:33:39.910275,3,27.334260205580737,-1.0175374344545745,-0.14843518771616315,434.0,39.0,1.0,1123151.0,1.0,1717542.0,76008.0
2025-12-17T18:33:40.013960,4,27.34377935703715,-1.0200215589890984,-0.12377716801828109,461.0,52.0,1.0,1336564.0,1.0,2140898.0,86733.0
2025-12-17T18:33:40.110688,5,27.355031758056096,-1.020870414256212,-0.10440460659015602,460.0,51.0,1.0,913951.0,1.0,2221353.0,75572.0
2025-12-17T18:33:40.613684,1,27.416577028244838,-0.9509537535578865,0.01929109809912834,456.0,50.0,1.0,809932.0,1.0,1871725.0,73230.0
2025-12-17T18:33:40.719145,2,27.427821543409618,-0.9512180848831244,0.04349314575911875,429.0,37.0,1.0,816814.0,1.0,1433075.0,70268.0
2025-12-17T18:33:40.821222,3,27.442326932432312,-0.9505820951794837,0.07333288403955829,428.0,36.0,1.0,1142706.0,1.0,1745081.0,76472.0
2025-12-17T18:33:40.914318,4,27.44964443427223,-0.9495401951919744,0.08497035389981668,462.0,53.0,1.0,1345186.0,1.0,2112110.0,86645.0
2025-12-17T18:33:41.012158,5,27.460966474813848,-0.9475950230460901,0.1059524328175594,436.0,40.0,1.0,882340.0,1.0,2244782.0,77357.0
2025-12-17T18:33:41.610749,0,27.533108096674592,-0.9096119308471389,0.24992007241467445,433.0,39.0,1.0,549356.0,1.0,1646952.0,75418.0
2025-12-17T18:33:41.710754,1,27.543105501923147,-0.9055421183991115,0.2748927890672101,456.0,49.0,1.0,809384.0,1.0,1879979.0,73255.0
2025-12-17T18:33:41.809322,2,27.553159939584216,-0.9018630141519521,0.30177456948886483,440.0,42.0,1.0,838380.0,1.0,1411415.0,69534.0
2025-12-17T18:33:41.912656,3,27.56374059607777,-0.8993635724678315,0.3197105345293796,458.0,51.0,1.0,1123531.0,1.0,1737420.0,74253.0
2025-12-17T18:33:42.012368,4,27.566058477931684,-0.8980412577554633,0.3244057564039701,442.0,43.0,1.0,1355240.0,1.0,2147430.0,88332.0
2025-12-17T18:33:42.117521,5,27.566576460282324,-0.8932609018209234,0.32328791527782696,449.0,46.0,1.0,907171.0,1.0,2201892.0,76395.0
2025-12-17T18:33:42.613994,0,27.570106069311734,-0.8426347820724036,0.32987317124360377,448.0,46.0,1.0,551965.0,1.0,1626456.0,74379.0
2025-12-17T18:33:42.710693,1,27.570106069311734,-0.8426347820724036,0.32987317124360377,447.0,45.0,1.0,817643.0,1.0,1876800.0,73877.0
2025-12-17T18:33:42.814524,2,27.570106069311734,-0.8426347820724036,0.32987317124360377,457.0,50.0,1.0,837246.0,1.0,1431621.0,68437.0
2025-12-17T18:33:42.915451,3,27.570106069311734,-0.8426347820724036,0.32987317124360377,447.0,45.0,1.0,1137304.0,1.0,1732722.0,75036.0
2025-12-17T18:33:43.011011,4,27.570106069311734,-0.8426347820724036,0.32987317124360377,456.0,49.0,1.0,1334755.0,1.0,2143799.0,87174.0
2025-12-17T18:33:43.615978,0,27.570106069311734,-0.8426347820724036,0.32987317124360377,438.0,41.0,1.0,556090.0,1.0,1625355.0,75087.0
2025-12-17T18:33:43.715094,1,27.570106069311734,-0.8426347820724036,0.32987317124360377,445.0,44.0,1.0,825988.0,1.0,1904958.0,74027.0
2025-12-17T18:33:43.814294,2,27.570106069311734,-0.8426347820724036,0.32987317124360377,440.0,42.0,1.0,828508.0,1.0,1403792.0,69534.0
2025-12-17T18:33:43.914566,3,27.570106069311734,-0.8426347820724036,0.32987317124360377,454.0,48.0,1.0,1141546.0,1.0,1708844.0,74581.0
2025-12-17T18:33:44.015504,4,27.569894019204938,-0.8426056943859779,0.3293792355484532,440.0,42.0,1.0,1357995.0,1.0,2102837.0,88512.0
2025-12-17T18:33:44.114646,5,27.566868237296866,-0.8418050280977276,0.329655527401607,462.0,53.0,1.0,899832.0,1.0,2175226.0,75418.0
2025-12-17T18:33:44.615688,0,27.503570821388877,-0.8624741950073265,0.32174690172020654,454.0,49.0,1.0,544359.0,1.0,1643611.0,73927.0
2025-12-17T18:33:44.716519,1,27.493044216249146,-0.8654598026574769,0.31977058863049695,444.0,44.0,1.0,815985.0,1.0,1871725.0,74103.0
2025-12-17T18:33:44.814265,2,27.482845654263443,-0.8683973325194909,0.32246017610057487,441.0,42.0,1.0,834700.0,1.0,1414284.0,69511.0
2025-12-17T18:33:44.913312,3,27.47258420430221,-0.8713604127489507,0.3202303345340217,441.0,42.0,1.0,1123912.0,1.0,1713477.0,75520.0
2025-12-17T18:33:45.012169,4,27.462204721065937,-0.8751530923309736,0.322944358271759,466.0,55.0,1.0,1328446.0,1.0,2140174.0,86323.0
2025-12-17T18:33:45.110976,5,27.450614890560097,-0.8784351122363212,0.3224411783382969,442.0,43.0,1.0,876685.0,1.0,2201892.0,76887.0
2025-12-17T18:33:45.612969,0,27.412457279870925,-0.892154564159136,0.32439311187051734,428.0,36.0,1.0,551032.0,1.0,1625355.0,75828.0
2025-12-17T18:33:45.709065,1,27.41248719201156,-0.8920943425542811,0.32414611601306165,453.0,48.0,1.0,825988.0,1.0,1837827.0,73503.0
2025-12-17T18:33:45.812713,2,27.41248719201156,-0.8920943425542811,0.32414611601306165,428.0,36.0,1.0,830754.0,1.0,1417159.0,70387.0
2025-12-17T18:33:45.917361,3,27.41248719201156,-0.8920943425542811,0.32414611601306165,446.0,45.0,1.0,1149689.0,1.0,1746263.0,75138.0
2025-12-17T18:33:46.011862,4,27.412487192011564,-0.8920943425542811,0.32414611601306165,458.0,50.0,1.0,1331146.0,1.0,2090066.0,87027.0
2025-12-17T18:33:46.118907,5,27.41248719201156,-0.8920943425542811,0.32414611601306165,453.0,48.0,1.0,917670.0,1.0,2203383.0,76085.0
2025-12-17T18:33:46.614302,0,27.41248719201156,-0.8920943425542811,0.32414611601306165,448.0,46.0,1.0,546019.0,1.0,1614937.0,74354.0
2025-12-17T18:33:46.717573,1,27.41351332873285,-0.8924534716420469,0.32711857941512734,454.0,49.0,1.0,808015.0,1.0,1876800.0,73379.0
2025-12-17T18:33:46.809828,2,27.415812914085233,-0.8909612261119042,0.3394518796043525,454.0,48.0,1.0,830754.0,1.0,1431137.0,68646.0
2025-12-17T18:33:46.915573,3,27.425351178391402,-0.8885928875358822,0.35901488556495864,438.0,41.0,1.0,1109549.0,1.0,1728622.0,75751.0
2025-12-17T18:33:47.012268,4,27.437626481797704,-0.8840971975092744,0.388426353016482,471.0,57.0,1.0,1328446.0,1.0,2178173.0,85915.0
2025-12-17T18:33:47.113426,5,27.449968483577308,-0.8779509917935204,0.4184881001840418,458.0,51.0,1.0,877278.0,1.0,2230394.0,75700.0
2025-12-17T18:33:47.614214,0,27.50255918075873,-0.8495501417149374,0.520384391516449,438.0,41.0,1.0,555150.0,1.0,1638057.0,75113.0
2025-12-17T18:33:47.710298,1,27.510647723817446,-0.8465572396642544,0.5550564417980675,459.0,51.0,1.0,815985.0,1.0,1848432.0,73057.0
2025-12-17T18:33:47.813289,2,27.51957155568241,-0.8429588331652482,0.5864019567934602,452.0,48.0,1.0,825429.0,1.0,1428717.0,68739.0
2025-12-17T18:33:47.913502,3,27.52926102560149,-0.8367683575555409,0.6021611501264197,458.0,51.0,1.0,1119356.0,1.0,1723365.0,74253.0
2025-12-17T18:33:48.010806,4,27.53939609274477,-0.8126490507641257,0.6320582187945756,474.0,58.0,1.0,1351575.0,1.0,2132943.0,85711.0
2025-12-17T18:33:48.116454,5,27.549634294863303,-0.7926181796874099,0.6626123989090421,458.0,51.0,1.0,918913.0,1.0,2182601.0,75700.0
2025-12-17T18:33:48.611755,0,27.5917724511589,-0.7544310100545077,0.7690032969123695,447.0,45.0,1.0,552152.0,1.0,1608391.0,74455.0
2025-12-17T18:33:48.713947,1,27.59906125344174,-0.7467449555982189,0.7896199737996286,454.0,49.0,1.0,803107.0,1.0,1868560.0,73404.0
2025-12-17T18:33:48.813500,2,27.607280804216323,-0.7390059872548314,0.8127233739117219,452.0,48.0,1.0,814881.0,1.0,1407122.0,68739.0
2025-12-17T18:33:48.915488,3,27.610017626193073,-0.7166532666062633,0.8565108680015394,444.0,44.0,1.0,1131162.0,1.0,1729207.0,75291.0
2025-12-17T18:33:49.015767,4,27.61417923745284,-0.6964964250441845,0.8914747006292894,446.0,45.0,1.0,1356616.0,1.0,2129336.0,88034.0
2025-12-17T18:33:49.111788,5,27.620876066349595,-0.6878648036069057,0.9110452595059385,465.0,54.0,1.0,899527.0,1.0,2197425.0,75214.0
2025-12-17T18:33:49.618992,0,27.62547943461531,-0.6804160646223449,0.9371523452136375,462.0,52.0,1.0,549356.0,1.0,1639166.0,73404.0
2025-12-17T18:33:49.713509,1,27.62547943461531,-0.6804160646223449,0.9371523452136375,458.0,51.0,1.0,793382.0,1.0,1837206.0,73131.0
2025-12-17T18:33:49.811992,2,27.62547943461531,-0.6804160646223449,0.9371523452136375,466.0,54.0,1.0,824591.0,1.0,1416200.0,67860.0
2025-12-17T18:33:49.912201,3,27.62428377226091,-0.6685446001129178,0.9438746543440115,447.0,45.0,1.0,1114442.0,1.0,1713477.0,75113.0
2025-12-17T18:33:50.014515,4,27.62191682050964,-0.63925553392765,0.959984409032064,462.0,53.0,1.0,1343366.0,1.0,2132221.0,86645.0
2025-12-17T18:33:50.118032,5,27.62128391111925,-0.6395724387862787,0.9567490428628064,440.0,42.0,1.0,896488.0,1.0,2178173.0,77096.0
2025-12-17T18:33:50.614675,0,27.589450757687192,-0.6833382708594664,0.942662167216782,447.0,45.0,1.0,548984.0,1.0,1639166.0,74455.0
2025-12-17T18:33:50.708857,1,27.58202989133357,-0.6939387410368023,0.9414356229883221,469.0,56.0,1.0,813503.0,1.0,1863508.0,72368.0
2025-12-17T18:33:50.813813,3,27.57277817605628,-0.7061007147118996,0.9411860240784411,452.0,48.0,1.0,1155931.0,1.0,1737420.0,74732.0
2025-12-17T18:33:50.915375,4,27.56804318160541,-0.711786786849876,0.941189746389793,461.0,52.0,1.0,1334755.0,1.0,2130057.0,86733.0
2025-12-17T18:33:51.012849,5,27.562287559132137,-0.7200055477318221,0.9421194721441581,440.0,42.0,1.0,912097.0,1.0,2221353.0,77070.0
2025-12-17T18:33:51.614301,0,27.521252198110528,-0.7750477909342561,0.9386583751186129,452.0,47.0,1.0,542703.0,1.0,1646394.0,74128.0
2025-12-17T18:33:51.714155,1,27.515932085223753,-0.7829611481750529,0.9366703158969439,457.0,50.0,1.0,789898.0,1.0,1869193.0,73205.0
2025-12-17T18:33:51.809580,2,27.516165164313396,-0.7844930228983173,0.9389360080030246,447.0,45.0,1.0,815157.0,1.0,1429200.0,69135.0
2025-12-17T18:33:51.912983,3,27.516154644179668,-0.784425257391927,0.9386841044978584,453.0,48.0,1.0,1113311.0,1.0,1709423.0,74631.0
2025-12-17T18:33:52.013828,4,27.516154644179668,-0.784425257391927,0.9386841044978584,470.0,57.0,1.0,1316807.0,1.0,2140898.0,86002.0
2025-12-17T18:33:52.112191,5,27.516154644179668,-0.784425257391927,0.9386841044978584,451.0,47.0,1.0,889236.0,1.0,2194452.0,76291.0
2025-12-17T18:33:52.615625,0,27.508634248978044,-0.7912386529724795,0.9374272617955098,453.0,48.0,1.0,558542.0,1.0,1630866.0,74027.0
2025-12-17T18:33:52.716531,1,27.503384582438006,-0.7967527214560786,0.9343816069516273,459.0,51.0,1.0,809932.0,1.0,1865401.0,73057.0
2025-12-17T18:33:52.813402,2,27.49446507391157,-0.8072230294280738,0.9314864210830043,461.0,52.0,1.0,829630.0,1.0,1425336.0,68206.0
2025-12-17T18:33:52.914232,4,27.48591768525111,-0.8192835616565572,0.9327169824738255,471.0,57.0,1.0,1352490.0,1.0,2117837.0,85915.0
2025-12-17T18:33:53.010958,5,27.478751501245167,-0.8307066394106446,0.9327121710059266,463.0,53.0,1.0,884134.0,1.0,2210105.0,75418.0
2025-12-17T18:33:53.615242,0,27.44748680027979,-0.8737396371536468,0.9281378929149703,448.0,46.0,1.0,553087.0,1.0,1626456.0,74379.0
2025-12-17T18:33:53.715284,2,27.447598664122008,-0.8735229120174992,0.9284487262265008,449.0,46.0,1.0,821527.0,1.0,1431621.0,68995.0
2025-12-17T18:33:53.810939,3,27.447598664122008,-0.8735229120174992,0.9284487262265008,463.0,53.0,1.0,1152026.0,1.0,1718705.0,73927.0
2025-12-17T18:33:53.916787,4,27.447598664122008,-0.8735229120174992,0.9284487262265008,431.0,38.0,1.0,1309253.0,1.0,2135109.0,89355.0
2025-12-17T18:33:54.017858,5,27.447569673723542,-0.8733216378693145,0.9286977150390354,458.0,51.0,1.0,902272.0,1.0,2178173.0,75725.0
2025-12-17T18:33:54.615825,0,27.481748697114778,-0.8192996711593707,1.0530475098726064,442.0,43.0,1.0,543254.0,1.0,1630866.0,74859.0
2025-12-17T18:33:54.718729,1,27.485841608603245,-0.8124400084464547,1.0673734695579646,455.0,49.0,1.0,797150.0,1.0,1862877.0,73329.0
2025-12-17T18:33:54.810333,2,27.490455719469196,-0.8028510252740064,1.0869486195329094,458.0,50.0,1.0,809658.0,1.0,1420520.0,68391.0
2025-12-17T18:33:54.912547,3,27.494651275978512,-0.7938917104325123,1.1116696626679576,446.0,45.0,1.0,1115952.0,1.0,1707688.0,75189.0
2025-12-17T18:33:55.012930,4,27.49977421822275,-0.7850516261099401,1.136897779306114,472.0,58.0,1.0,1327547.0,1.0,2135109.0,85827.0
2025-12-17T18:33:55.115287,5,27.505086419520318,-0.7757899596283062,1.1584449169241258,446.0,45.0,1.0,889537.0,1.0,2205621.0,76654.0
2025-12-17T18:33:55.611889,0,27.525313755925126,-0.7225636652375353,1.2684242240962085,461.0,52.0,1.0,553836.0,1.0,1606759.0,73503.0
2025-12-17T18:33:55.712055,1,27.52949249302855,-0.7084840229588636,1.3007291364946207,457.0,50.0,1.0,793650.0,1.0,1851563.0,73255.0
2025-12-17T18:33:55.813796,2,27.531720749871777,-0.7015678914079668,1.3162548729129508,463.0,53.0,1.0,817643.0,1.0,1409505.0,68067.0
2025-12-17T18:33:55.912802,3,27.5341494543613,-0.6633257794277392,1.3156531074065112,455.0,49.0,1.0,1114442.0,1.0,1705955.0,74530.0
2025-12-17T18:33:56.017409,4,27.537888590273205,-0.633199266217134,1.3382063619352158,462.0,53.0,1.0,1325751.0,1.0,2117120.0,86674.0
2025-12-17T18:33:56.110732,5,27.53893856926512,-0.6261728575286236,1.3543776425327372,457.0,50.0,1.0,902272.0,1.0,2194452.0,75828.0
2025-12-17T18:33:56.614940,0,27.548833559164983,-0.5714930452256359,1.464388247455346,460.0,51.0,1.0,550286.0,1.0,1622607.0,73578.0
2025-12-17T18:33:56.717078,1,27.550872509477088,-0.560310490560731,1.4673617159087913,466.0,54.0,1.0,809384.0,1.0,1816800.0,72613.0
2025-12-17T18:33:56.809627,2,27.543138053309175,-0.5532331300917943,1.4827291089052006,457.0,50.0,1.0,805557.0,1.0,1419559.0,68437.0
2025-12-17T18:33:56.913518,3,27.539477878057692,-0.5443380404655671,1.4928282137775708,441.0,42.0,1.0,1142319.0,1.0,1728622.0,75572.0
2025-12-17T18:33:57.012134,4,27.540247970980644,-0.5321047090519944,1.4913480150280563,465.0,54.0,1.0,1323061.0,1.0,2132943.0,86440.0
2025-12-17T18:33:57.117517,5,27.541194307622145,-0.5209465666623698,1.4891153644054456,465.0,54.0,1.0,891345.0,1.0,2178173.0,75240.0
2025-12-17T18:33:57.613200,0,27.54633342858321,-0.46314418699524307,1.483685085778317,445.0,44.0,1.0,553087.0,1.0,1638612.0,74631.0
2025-12-17T18:33:57.715566,1,27.54746543466461,-0.451809461134534,1.4834296996669107,452.0,47.0,1.0,801207.0,1.0,1857211.0,73603.0
2025-12-17T18:33:57.811950,2,27.548013738030654,-0.44127882805399254,1.4819490659878731,455.0,49.0,1.0,832443.0,1.0,1421482.0,68576.0
2025-12-17T18:33:57.915947,3,27.550119939868768,-0.42584537310286796,1.47922937348542,466.0,54.0,1.0,1123531.0,1.0,1708844.0,73777.0
2025-12-17T18:33:58.018328,4,27.55023245353322,-0.4178737808056603,1.47898501611131,452.0,47.0,1.0,1340641.0,1.0,2145976.0,87588.0
2025-12-17T18:33:58.111164,5,27.55110874598479,-0.40581759813730134,1.4767413522752102,455.0,49.0,1.0,884433.0,1.0,2180386.0,75982.0
2025-12-17T18:33:58.614714,0,27.557638200035377,-0.34938371593511697,1.4760051543018335,454.0,48.0,1.0,553087.0,1.0,1622058.0,74002.0
2025-12-17T18:33:58.719097,1,27.557938970505102,-0.33783158531746693,1.4747898755951019,458.0,51.0,1.0,799041.0,1.0,1848432.0,73131.0
2025-12-17T18:33:58.810322,2,27.559931497758708,-0.32691170799386704,1.4777445326763836,460.0,51.0,1.0,826267.0,1.0,1416679.0,68298.0
2025-12-17T18:33:58.918968,3,27.56172566413795,-0.3153732959206659,1.4794650551662256,459.0,51.0,1.0,1117842.0,1.0,1715799.0,74253.0
2025-12-17T18:33:59.015868,4,27.54975692218704,-0.32383492044881335,1.4892637034633645,444.0,44.0,1.0,1323061.0,1.0,2117837.0,88243.0
2025-12-17T18:33:59.113277,5,27.548928181408606,-0.3198888575035106,1.490965587911492,446.0,45.0,1.0,898007.0,1.0,2208609.0,76654.0
2025-12-17T18:33:59.612259,1,27.554251116698964,-0.2613197870672952,1.4909704588649006,452.0,47.0,1.0,808015.0,1.0,1867928.0,73628.0
2025-12-17T18:33:59.712657,2,27.554319504116812,-0.24923974775411661,1.4892457541627275,462.0,53.0,1.0,825988.0,1.0,1426301.0,68114.0
2025-12-17T18:33:59.813224,3,27.555838230951267,-0.2375334838409353,1.4902325119175142,437.0,40.0,1.0,1131162.0,1.0,1738008.0,75853.0
2025-12-17T18:33:59.918341,4,27.556546970396745,-0.2252654074968321,1.4901627190744442,463.0,53.0,1.0,1332499.0,1.0,2143799.0,86674.0
2025-12-17T18:34:00.014480,5,27.557242883659175,-0.21378193353465047,1.488446605544126,456.0,50.0,1.0,891948.0,1.0,2219099.0,75905.0
2025-12-17T18:34:00.613835,0,27.561488968189934,-0.1445404732149651,1.4884286128575106,460.0,51.0,1.0,548984.0,1.0,1643611.0,73578.0
2025-12-17T18:34:00.709913,1,27.562089524488343,-0.1333229777031013,1.486705643221203,453.0,48.0,1.0,800394.0,1.0,1892107.0,73503.0
2025-12-17T18:34:00.812636,2,27.563445573093105,-0.1218988217731134,1.4852202666785361,443.0,43.0,1.0,835830.0,1.0,1420039.0,69417.0
2025-12-17T18:34:00.915072,3,27.563994434392832,-0.11144024233604455,1.4889397374376063,449.0,46.0,1.0,1148911.0,1.0,1696742.0,74960.0
2025-12-17T18:34:01.011674,4,27.56559442945811,-0.1000178357587096,1.4884389546297974,461.0,52.0,1.0,1332499.0,1.0,2112110.0,86821.0
2025-12-17T18:34:01.119384,5,27.566200973822205,-0.08853948524134125,1.4881927247313473,435.0,39.0,1.0,898007.0,1.0,2175226.0,77488.0
2025-12-17T18:34:01.613599,0,27.563507784655354,-0.053497545429797455,1.4945605268969826,449.0,46.0,1.0,555150.0,1.0,1636949.0,74354.0
2025-12-17T18:34:01.716109,1,27.564821848969338,-0.04237383194118216,1.496041599922925,458.0,50.0,1.0,809658.0,1.0,1867296.0,73205.0
2025-12-17T18:34:01.809050,2,27.565353733237956,-0.029872544705785486,1.4904115724060747,415.0,30.0,1.0,840938.0,1.0,1426301.0,71346.0
2025-12-17T18:34:01.915339,3,27.565757928414833,-0.01888269758114358,1.4929015095217832,461.0,52.0,1.0,1145804.0,1.0,1753963.0,74103.0
2025-12-17T18:34:02.014924,4,27.56759061192969,-0.006946010093831223,1.4931443897120573,443.0,43.0,1.0,1342457.0,1.0,2171548.0,88362.0
2025-12-17T18:34:02.119444,5,27.56845304342534,0.0081683146751792,1.4914414414951338,437.0,40.0,1.0,886231.0,1.0,2232659.0,77357.0
2025-12-17T18:34:02.613232,0,27.571799180150837,0.0610246701464372,1.4921796587593135,442.0,43.0,1.0,546019.0,1.0,1635287.0,74833.0
2025-12-17T18:34:02.715680,1,27.573302466482957,0.07330870834956427,1.4894613569534763,449.0,46.0,1.0,802292.0,1.0,1866664.0,73827.0
2025-12-17T18:34:02.813362,2,27.5736767028704,0.08491073335631771,1.4894602431229202,453.0,48.0,1.0,835265.0,1.0,1418598.0,68739.0
2025-12-17T18:34:02.911879,3,27.574790971419162,0.09634010802268378,1.4904463044838807,439.0,41.0,1.0,1110676.0,1.0,1721033.0,75751.0
2025-12-17T18:34:03.011013,4,27.57528446294278,0.10781633610339014,1.491680544501109,454.0,48.0,1.0,1349290.0,1.0,2152523.0,87440.0
2025-12-17T18:34:03.113638,5,27.575863767248844,0.11832685490084582,1.4953914625923093,452.0,48.0,1.0,884733.0,1.0,2201892.0,76188.0
2025-12-17T18:34:03.612947,0,27.56420798579727,0.1457452696545487,1.4987095638376773,439.0,41.0,1.0,545650.0,1.0,1641387.0,75087.0
2025-12-17T18:34:03.710939,1,27.56536439063745,0.15708393703476276,1.497470652784573,457.0,50.0,1.0,820971.0,1.0,1910123.0,73255.0
2025-12-17T18:34:03.811535,2,27.56535471149916,0.16811150559470667,1.5021677025626718,432.0,38.0,1.0,844646.0,1.0,1440369.0,70149.0
2025-12-17T18:34:03.917758,3,27.566706484796565,0.18007724020087235,1.4994671197625338,448.0,46.0,1.0,1137689.0,1.0,1733309.0,75036.0
2025-12-17T18:34:04.011114,4,27.566697353571747,0.1916926309236744,1.497493386220574,431.0,37.0,1.0,1344276.0,1.0,2103549.0,89415.0
2025-12-17T18:34:04.113240,5,27.567814855192587,0.20261076108477516,1.5002476557347042,441.0,42.0,1.0,903494.0,1.0,2216097.0,77070.0
2025-12-17T18:34:04.615323,0,27.571564854065347,0.260390287283331,1.5011981932491494,453.0,48.0,1.0,554587.0,1.0,1624256.0,74103.0
2025-12-17T18:34:04.716462,1,27.57206112280432,0.2719854847920944,1.4969783431385573,443.0,43.0,1.0,803651.0,1.0,1885076.0,74228.0
2025-12-17T18:34:04.813044,2,27.57315521564666,0.28316558735627284,1.500421790465095,468.0,56.0,1.0,808562.0,1.0,1417159.0,67746.0
2025-12-17T18:34:04.913141,3,27.574260787040096,0.295197934589309,1.4952487363819822,426.0,36.0,1.0,1135766.0,1.0,1724531.0,76654.0
2025-12-17T18:34:05.015080,4,27.57499728336423,0.306228188408459,1.498222416165805,456.0,50.0,1.0,1332499.0,1.0,2140898.0,87204.0
2025-12-17T18:34:05.114060,5,27.57614932896709,0.31830619293439666,1.4982718923102858,454.0,48.0,1.0,887732.0,1.0,2216097.0,76111.0
2025-12-17T18:34:05.613000,0,27.57695766315878,0.3487078613621919,1.4991325808695324,449.0,46.0,1.0,549356.0,1.0,1631970.0,74379.0
2025-12-17T18:34:05.708830,1,27.575370776576413,0.3416694688772166,1.499076491164282,455.0,49.0,1.0,799041.0,1.0,1862877.0,73379.0
2025-12-17T18:34:05.817016,2,27.576959231623608,0.3567019213894569,1.4998446292081644,468.0,55.0,1.0,829911.0,1.0,1422444.0,67792.0
2025-12-17T18:34:05.914552,3,27.577492559542293,0.36412796674393455,1.4978590447937348,437.0,40.0,1.0,1134229.0,1.0,1736832.0,75879.0
2025-12-17T18:34:06.014142,4,27.578301964532546,0.37532844091634976,1.5018002047458803,432.0,38.0,1.0,1334304.0,1.0,2129336.0,89325.0
2025-12-17T18:34:06.613471,0,27.583104593041618,0.4451552301758457,1.4882345307405456,440.0,42.0,1.0,557976.0,1.0,1646952.0,75036.0
2025-12-17T18:34:06.713966,1,27.584096003168977,0.4566028698837452,1.4919285785710923,440.0,42.0,1.0,815433.0,1.0,1873627.0,74505.0
2025-12-17T18:34:06.810074,2,27.58487258587845,0.46842896956425273,1.4931516546623604,450.0,46.0,1.0,815985.0,1.0,1442321.0,68995.0
2025-12-17T18:34:06.912854,3,27.58546358737351,0.47953703235841916,1.493159747061898,461.0,52.0,1.0,1148522.0,1.0,1733309.0,74153.0
2025-12-17T18:34:07.014182,4,27.587268520153557,0.49453066182002603,1.4946126098736574,463.0,53.0,1.0,1347009.0,1.0,2170079.0,86674.0
2025-12-17T18:34:07.114898,5,27.587792963832406,0.5020182704233966,1.4914152453556047,466.0,55.0,1.0,913951.0,1.0,2238713.0,75189.0
2025-12-17T18:34:07.610113,0,27.59170139346836,0.5609737538334394,1.49583870548955,463.0,53.0,1.0,548984.0,1.0,1654774.0,73379.0
2025-12-17T18:34:07.714006,1,27.59217369083673,0.5725244200288606,1.4978177574125975,444.0,44.0,1.0,817367.0,1.0,1886991.0,74228.0
2025-12-17T18:34:07.814432,2,27.58857300289602,0.528674213354416,1.4964173204437534,455.0,49.0,1.0,837529.0,1.0,1421001.0,68646.0
2025-12-17T18:34:07.912874,3,27.586887830569744,0.5095037438825649,1.504057752827283,451.0,47.0,1.0,1125434.0,1.0,1724531.0,74884.0
2025-12-17T18:34:08.010718,4,27.58770456189198,0.5210799674333764,1.5023267225331003,456.0,49.0,1.0,1352490.0,1.0,2109967.0,87292.0
2025-12-17T18:34:08.116225,5,27.588559808034855,0.5326294841398034,1.502565141988717,461.0,52.0,1.0,876388.0,1.0,2204129.0,75597.0
2025-12-17T18:34:08.610644,0,27.592491833608815,0.5908730617048805,1.498251723850433,438.0,41.0,1.0,555526.0,1.0,1620412.0,75189.0
2025-12-17T18:34:08.714846,1,27.593021189953966,0.6015653595708286,1.4975146055543536,458.0,51.0,1.0,819583.0,1.0,1860357.0,73205.0
2025-12-17T18:34:08.812978,2,27.59407142719364,0.612943856172051,1.4935715443872095,445.0,44.0,1.0,827667.0,1.0,1434531.0,69323.0
2025-12-17T18:34:08.915015,3,27.595003494279137,0.6240560612469324,1.4990192908167237,458.0,50.0,1.0,1152026.0,1.0,1733896.0,74379.0
2025-12-17T18:34:09.012539,5,27.595595022642357,0.6363424563263393,1.4970329259374306,451.0,47.0,1.0,896488.0,1.0,2210105.0,76317.0
2025-12-17T18:34:09.613142,0,27.600620599749327,0.7054353056715255,1.499242700327283,456.0,49.0,1.0,557598.0,1.0,1604042.0,73902.0
2025-12-17T18:34:09.710607,1,27.601369832509754,0.7171796102795036,1.4957823470123583,444.0,44.0,1.0,808562.0,1.0,1879342.0,74228.0
2025-12-17T18:34:09.813440,2,27.602159328461163,0.7289411367167431,1.498271265035879,443.0,43.0,1.0,844646.0,1.0,1437447.0,69417.0
2025-12-17T18:34:09.915637,3,27.603136130298346,0.7406344998111565,1.4999944632186977,463.0,53.0,1.0,1143867.0,1.0,1753370.0,73977.0
2025-12-17T18:34:10.015179,4,27.58884123844023,0.7196863880357878,1.5157690615496837,435.0,40.0,1.0,1321719.0,1.0,2190742.0,89023.0
2025-12-17T18:34:10.113538,5,27.581605030166305,0.7136389898287843,1.5286040949947726,438.0,41.0,1.0,898007.0,1.0,2225116.0,77253.0
2025-12-17T18:34:10.610180,0,27.584106449825853,0.7712289161237069,1.5295880571752716,443.0,43.0,1.0,538677.0,1.0,1668270.0,74808.0
2025-12-17T18:34:10.711273,1,27.584561776776894,0.7830323168449329,1.525398880730212,460.0,52.0,1.0,788296.0,1.0,1885076.0,73057.0
2025-12-17T18:34:10.812183,3,27.58527893390401,0.7948282262793018,1.5283496367628182,449.0,46.0,1.0,1133078.0,1.0,1728037.0,75036.0
2025-12-17T18:34:10.915886,4,27.585471269477672,0.8060673189201171,1.525389123511306,473.0,58.0,1.0,1338827.0,1.0,2154710.0,85857.0
2025-12-17T18:34:11.011650,5,27.586541134012034,0.8177792853529278,1.524647032971733,444.0,44.0,1.0,886531.0,1.0,2199657.0,76835.0
2025-12-17T18:34:11.615770,0,27.590606212073652,0.8909537669669771,1.5236108809435134,455.0,49.0,1.0,557221.0,1.0,1638057.0,73977.0
2025-12-17T18:34:11.714423,2,27.591294653884415,0.8985291786599583,1.5263446245501782,462.0,52.0,1.0,821805.0,1.0,1413805.0,68206.0
2025-12-17T18:34:11.809746,3,27.591889847433276,0.910015591683075,1.5278163877337165,459.0,51.0,1.0,1150467.0,1.0,1742131.0,74278.0
2025-12-17T18:34:11.912410,4,27.59192899314017,0.9217542554121221,1.524443518870404,456.0,50.0,1.0,1318145.0,1.0,2122860.0,87263.0
2025-12-17T18:34:12.016533,5,27.592751803516766,0.9369388915960313,1.5271560136336753,466.0,54.0,1.0,907478.0,1.0,2213099.0,75240.0
2025-12-17T18:34:12.612180,0,27.56686639049986,0.9332723686271476,1.555461819341974,457.0,50.0,1.0,547685.0,1.0,1634734.0,73827.0
2025-12-17T18:34:12.715031,1,27.567599929555346,0.944275838215356,1.5568952467611212,459.0,51.0,1.0,808836.0,1.0,1876800.0,73156.0
2025-12-17T18:34:12.811299,2,27.567380455920603,0.9561806029089688,1.5573843614976166,458.0,50.0,1.0,827667.0,1.0,1435503.0,68483.0
2025-12-17T18:34:12.913784,3,27.567409579373496,0.9679603219538997,1.5561568044334155,455.0,49.0,1.0,1128485.0,1.0,1700191.0,74631.0
2025-12-17T18:34:13.011200,4,27.567482873403904,0.9796665498200099,1.5566576704884139,446.0,44.0,1.0,1357995.0,1.0,2149611.0,88153.0
2025-12-17T18:34:13.113197,5,27.567417032341947,0.990914350351376,1.5534386902351256,465.0,54.0,1.0,887732.0,1.0,2162015.0,75291.0
2025-12-17T18:34:13.613040,0,27.56842909825627,1.0483692407912115,1.5507294254405495,434.0,39.0,1.0,556090.0,1.0,1638057.0,75469.0
2025-12-17T18:34:13.714606,1,27.56871748284118,1.0602087530865538,1.549976152322177,456.0,50.0,1.0,797150.0,1.0,1894029.0,73329.0
2025-12-17T18:34:13.814553,2,27.569088055477195,1.0750977254266596,1.5502187038564053,466.0,54.0,1.0,835830.0,1.0,1430168.0,67929.0
2025-12-17T18:34:13.917094,3,27.569574192572556,1.0826492738459992,1.5499655218897137,450.0,46.0,1.0,1155931.0,1.0,1726868.0,74986.0
2025-12-17T18:34:14.014154,4,27.56939684540916,1.0945938237788333,1.5477471957535869,453.0,48.0,1.0,1363060.0,1.0,2142348.0,87559.0
2025-12-17T18:34:14.114761,5,27.569951817648732,1.1064746686069595,1.5472390853390212,450.0,47.0,1.0,888033.0,1.0,2216847.0,76395.0
2025-12-17T18:34:14.614010,0,27.55571632076244,1.0937767907891334,1.5542825434136869,451.0,47.0,1.0,557409.0,1.0,1607847.0,74228.0
2025-12-17T18:34:14.717282,1,27.555527186151018,1.105554628831643,1.5542825434136869,453.0,48.0,1.0,823476.0,1.0,1868560.0,73578.0
2025-12-17T18:34:14.813821,2,27.55573218968848,1.1173748393023741,1.5533036803123328,444.0,44.0,1.0,824591.0,1.0,1437934.0,69417.0
2025-12-17T18:34:14.915393,3,27.55640028412224,1.1288327973121546,1.5543003851183603,461.0,52.0,1.0,1142319.0,1.0,1757529.0,74178.0
2025-12-17T18:34:15.010690,4,27.556223241361398,1.1410525202419954,1.5523304356808072,450.0,47.0,1.0,1321719.0,1.0,2122142.0,87796.0
2025-12-17T18:34:15.118077,5,27.556776584480478,1.1527009357614788,1.553083903633794,469.0,56.0,1.0,903800.0,1.0,2169345.0,74986.0
2025-12-17T18:34:15.614687,0,27.558465398302232,1.2095653986324137,1.5488559736257697,452.0,48.0,1.0,558542.0,1.0,1654774.0,74178.0
2025-12-17T18:34:15.712839,1,27.558389548769572,1.2211660045419244,1.5466594512835583,454.0,49.0,1.0,825988.0,1.0,1883800.0,73503.0
2025-12-17T18:34:15.813179,2,27.559203283339286,1.232729822422105,1.5454023913371286,460.0,52.0,1.0,818474.0,1.0,1422926.0,68321.0
2025-12-17T18:34:15.911639,4,27.5591570232805,1.2442250781786353,1.5466499254270185,464.0,53.0,1.0,1358454.0,1.0,2147430.0,86645.0
2025-12-17T18:34:16.014332,5,27.55998682868331,1.2548700271306985,1.5476430702523778,427.0,36.0,1.0,888333.0,1.0,2208609.0,78120.0
2025-12-17T18:34:16.614112,0,27.557046472163332,1.301489411093732,1.5473843866523345,443.0,43.0,1.0,555526.0,1.0,1661508.0,74833.0
2025-12-17T18:34:16.714128,1,27.553316950688473,1.2970965290842171,1.5475804919972973,464.0,54.0,1.0,795263.0,1.0,1864770.0,72785.0
2025-12-17T18:34:16.810407,2,27.55382700089703,1.3093227877094247,1.5488085375461558,460.0,51.0,1.0,825429.0,1.0,1423889.0,68344.0
2025-12-17T18:34:16.918007,3,27.553487634255823,1.321537733500766,1.5480729430380598,436.0,40.0,1.0,1148133.0,1.0,1728622.0,76008.0
2025-12-17T18:34:17.014203,4,27.554078017499307,1.3333384244136717,1.5517961697782587,452.0,48.0,1.0,1356157.0,1.0,2137278.0,87588.0
2025-12-17T18:34:17.113781,5,27.554684554766883,1.3454203608979536,1.5527930332382403,460.0,52.0,1.0,911171.0,1.0,2219099.0,75648.0
2025-12-17T18:34:17.611475,0,27.556351048593992,1.402813403785021,1.555007216711474,452.0,48.0,1.0,558542.0,1.0,1630866.0,74153.0
2025-12-17T18:34:17.713429,1,27.556482166876275,1.4140719113350033,1.555263994880102,440.0,42.0,1.0,814054.0,1.0,1885076.0,74505.0
2025-12-17T18:34:17.811509,2,27.556793669170442,1.4257346879647907,1.5559882230964248,444.0,44.0,1.0,817090.0,1.0,1429684.0,69417.0
2025-12-17T18:34:17.913640,3,27.557105338689908,1.4364188999333507,1.5517848696825904,456.0,50.0,1.0,1153977.0,1.0,1740952.0,74530.0
2025-12-17T18:34:18.011627,4,27.557663482536558,1.4482405527146667,1.5520305917643475,450.0,46.0,1.0,1337469.0,1.0,2158359.0,87826.0
2025-12-17T18:34:18.115089,5,27.557739125387446,1.4600118995202118,1.551783557453867,452.0,48.0,1.0,877278.0,1.0,2196681.0,76265.0
2025-12-17T18:34:18.611417,1,27.558801957073612,1.5183802430231719,1.5575034534920065,450.0,47.0,1.0,815985.0,1.0,1866664.0,73827.0
2025-12-17T18:34:18.713043,2,27.558246276521864,1.5304686467363142,1.5597498298548216,465.0,54.0,1.0,825149.0,1.0,1435503.0,67998.0
2025-12-17T18:34:18.812803,3,27.559765723365697,1.4904715281133654,1.5595041809306498,440.0,42.0,1.0,1131545.0,1.0,1718123.0,75700.0
2025-12-17T18:34:18.917758,4,27.560787692756254,1.4630875885457035,1.5580890473444702,457.0,50.0,1.0,1367218.0,1.0,2133665.0,87174.0
2025-12-17T18:34:19.015620,5,27.56081450694789,1.478066137387192,1.5603082168973639,454.0,48.0,1.0,904718.0,1.0,2213848.0,76136.0
2025-12-17T18:34:19.614623,0,27.560256013641016,1.542870766680068,1.5578424096413126,447.0,45.0,1.0,554211.0,1.0,1651976.0,74530.0
2025-12-17T18:34:19.713736,1,27.56120426011571,1.5535648785467808,1.5575768210777976,448.0,46.0,1.0,823754.0,1.0,1901094.0,73977.0
2025-12-17T18:34:19.814067,2,27.560973534095957,1.5646973071511194,1.5580626953672205,425.0,35.0,1.0,839800.0,1.0,1432590.0,70697.0
2025-12-17T18:34:19.913884,3,27.561304167148556,1.5757596999275112,1.5595451495373505,436.0,40.0,1.0,1158281.0,1.0,1746263.0,76008.0
2025-12-17T18:34:20.010813,4,27.561527446825625,1.5878496724478603,1.5605341127694008,444.0,44.0,1.0,1337469.0,1.0,2131499.0,88332.0
2025-12-17T18:34:20.115008,5,27.56155894709581,1.5991880703817234,1.5576023872036608,452.0,47.0,1.0,891345.0,1.0,2171548.0,76291.0
2025-12-17T18:34:20.610441,0,27.563388030793078,1.6564016275401547,1.5590566183516061,444.0,44.0,1.0,558164.0,1.0,1638612.0,74732.0
2025-12-17T18:34:20.708071,1,27.563612141967383,1.6683071471077024,1.562008573511159,453.0,48.0,1.0,822361.0,1.0,1894029.0,73578.0
2025-12-17T18:34:20.811316,2,27.563341389464217,1.6799336390009385,1.5580630776723805,442.0,43.0,1.0,816814.0,1.0,1444275.0,69581.0
2025-12-17T18:34:20.914992,3,27.56402003532615,1.6916411586969882,1.5593189413935078,434.0,39.0,1.0,1144641.0,1.0,1749221.0,76136.0
2025-12-17T18:34:21.013573,4,27.56138129531623,1.6901457242801716,1.570562627947183,463.0,53.0,1.0,1360295.0,1.0,2152523.0,86674.0
2025-12-17T18:34:21.113069,5,27.5594276378403,1.692230939732997,1.5777490410682697,465.0,54.0,1.0,892250.0,1.0,2221353.0,75342.0
2025-12-17T18:34:21.611656,0,27.559219766262526,1.7501159360877778,1.5757673654077256,458.0,50.0,1.0,547870.0,1.0,1650858.0,73777.0
2025-12-17T18:34:21.712650,1,27.55924988138639,1.762216972037328,1.5762660156229855,444.0,44.0,1.0,835830.0,1.0,1904958.0,74253.0
2025-12-17T18:34:21.815366,2,27.55928464644395,1.7768279946539132,1.5752725440341906,457.0,50.0,1.0,853844.0,1.0,1439882.0,68553.0
2025-12-17T18:34:21.915889,3,27.55957935742628,1.7846873998966848,1.5755156889873811,432.0,38.0,1.0,1146580.0,1.0,1733309.0,76291.0
2025-12-17T18:34:22.019149,4,27.55928394887666,1.7998114112651218,1.5747608024191733,445.0,44.0,1.0,1337921.0,1.0,2125736.0,88243.0
2025-12-17T18:34:22.120802,5,27.55948721257583,1.8073244097082442,1.5769647799030198,460.0,52.0,1.0,916429.0,1.0,2228130.0,75648.0
2025-12-17T18:34:22.615040,0,27.560043759680532,1.865345595494306,1.5752171907492023,435.0,40.0,1.0,564052.0,1.0,1630314.0,75418.0
2025-12-17T18:34:22.713146,1,27.5598457723808,1.8770667214165941,1.5739827028289117,435.0,39.0,1.0,847797.0,1.0,1869193.0,74910.0
2025-12-17T18:34:22.813790,2,27.559543831211958,1.888495964778759,1.5730347456823939,452.0,48.0,1.0,848945.0,1.0,1432590.0,68855.0
2025-12-17T18:34:22.910578,3,27.55959912076801,1.9006993185945134,1.5755060540525068,419.0,32.0,1.0,1168123.0,1.0,1755151.0,77305.0
2025-12-17T18:34:23.011379,4,27.559405260946797,1.912248528828735,1.5727672854151473,465.0,54.0,1.0,1333401.0,1.0,2162015.0,86557.0
2025-12-17T18:34:23.119796,5,27.5573764279147,1.9316124633631737,1.5753299687328959,442.0,43.0,1.0,877872.0,1.0,2220602.0,76992.0
2025-12-17T18:34:23.611076,0,27.519852447512836,2.0620351779720103,1.6048503615367138,446.0,45.0,1.0,555150.0,1.0,1658699.0,74606.0
2025-12-17T18:34:23.710356,1,27.519037913108075,2.07353358646448,1.6031204352307018,439.0,41.0,1.0,810754.0,1.0,1882525.0,74631.0
2025-12-17T18:34:23.810673,2,27.518948626171145,2.0852640706135777,1.6026338691166093,450.0,47.0,1.0,841223.0,1.0,1454576.0,68995.0
2025-12-17T18:34:23.914653,3,27.518529984638214,2.0972995847528715,1.6009002975110207,451.0,47.0,1.0,1143867.0,1.0,1731550.0,74910.0
2025-12-17T18:34:24.015183,4,27.518481140133122,2.108628043007271,1.5999146759739724,441.0,42.0,1.0,1358454.0,1.0,2166410.0,88572.0
2025-12-17T18:34:24.116021,5,27.518659568250182,2.120158803223589,1.6011570833654567,462.0,52.0,1.0,888333.0,1.0,2222858.0,75572.0
2025-12-17T18:34:24.613644,0,27.51702286677106,2.1750001075980494,1.6021522684994487,436.0,40.0,1.0,553462.0,1.0,1641387.0,75367.0
2025-12-17T18:34:24.713185,1,27.516811574526496,2.175564225279242,1.6021269013941206,444.0,44.0,1.0,827667.0,1.0,1892107.0,74253.0
2025-12-17T18:34:24.815098,2,27.516861222137404,2.175517595094364,1.6018767064109967,446.0,45.0,1.0,829069.0,1.0,1450643.0,69276.0
2025-12-17T18:34:24.913019,3,27.516865350818804,2.1754231462071347,1.6013855730043478,440.0,42.0,1.0,1168914.0,1.0,1750405.0,75751.0
2025-12-17T18:34:25.012381,4,27.5168653508188,2.1754231462071343,1.6013855730043478,434.0,39.0,1.0,1331146.0,1.0,2156899.0,89234.0
2025-12-17T18:34:25.114534,5,27.516865350818804,2.1754231462071347,1.6013855730043478,444.0,44.0,1.0,903188.0,1.0,2181124.0,76835.0
2025-12-17T18:34:25.610779,0,27.477336237812846,2.259888280494189,1.646024061964082,444.0,44.0,1.0,559678.0,1.0,1627557.0,74758.0
2025-12-17T18:34:25.709988,1,27.477336237812846,2.259888280494189,1.646024061964082,444.0,44.0,1.0,819583.0,1.0,1904958.0,74253.0
2025-12-17T18:34:25.812512,2,27.477336237812846,2.259888280494189,1.646024061964082,438.0,41.0,1.0,810754.0,1.0,1421001.0,69817.0
2025-12-17T18:34:25.912008,3,27.477336237812846,2.259888280494189,1.646024061964082,435.0,40.0,1.0,1168519.0,1.0,1737420.0,76085.0
2025-12-17T18:34:26.014291,4,27.477336237812846,2.259888280494189,1.646024061964082,455.0,49.0,1.0,1347921.0,1.0,2188518.0,87440.0
2025-12-17T18:34:26.117756,5,27.477336237812846,2.259888280494189,1.646024061964082,456.0,50.0,1.0,876388.0,1.0,2228884.0,75982.0
2025-12-17T18:34:26.612911,0,27.477336237812846,2.259888280494189,1.646024061964082,445.0,44.0,1.0,549914.0,1.0,1643054.0,74732.0
2025-12-17T18:34:26.713981,1,27.477336237812846,2.259888280494189,1.646024061964082,461.0,52.0,1.0,842077.0,1.0,1890826.0,73032.0
2025-12-17T18:34:26.809060,2,27.477336237812846,2.259888280494189,1.646024061964082,439.0,42.0,1.0,830754.0,1.0,1428717.0,69747.0
2025-12-17T18:34:26.915751,3,27.477336237812846,2.259888280494189,1.646024061964082,438.0,41.0,1.0,1136150.0,1.0,1738597.0,75879.0
2025-12-17T18:34:27.013101,4,27.477336237812846,2.259888280494189,1.646024061964082,453.0,48.0,1.0,1356616.0,1.0,2162015.0,87618.0
2025-12-17T18:34:27.117429,5,27.477336237812846,2.259888280494189,1.646024061964082,456.0,50.0,1.0,915809.0,1.0,2228884.0,75982.0
2025-12-17T18:34:27.612334,0,27.477336237812846,2.259888280494189,1.646024061964082,440.0,42.0,1.0,560436.0,1.0,1643611.0,75113.0
2025-12-17T18:34:27.711136,1,27.477336237812846,2.259888280494189,1.646024061964082,440.0,42.0,1.0,836113.0,1.0,1888268.0,74581.0
2025-12-17T18:34:27.817884,2,27.477336237812846,2.259888280494189,1.646024061964082,460.0,51.0,1.0,839800.0,1.0,1462969.0,68391.0
2025-12-17T18:34:27.912068,3,27.477336237812846,2.259888280494189,1.646024061964082,450.0,47.0,1.0,1182843.0,1.0,1766474.0,74986.0
2025-12-17T18:34:28.012424,4,27.477336237812846,2.259888280494189,1.646024061964082,450.0,47.0,1.0,1353406.0,1.0,2166410.0,87855.0
2025-12-17T18:34:28.612333,0,27.477336237812846,2.259888280494189,1.646024061964082,452.0,48.0,1.0,549914.0,1.0,1653654.0,74228.0
2025-12-17T18:34:28.714976,1,27.477336237812846,2.259888280494189,1.646024061964082,429.0,37.0,1.0,815985.0,1.0,1884438.0,75393.0
2025-12-17T18:34:28.813224,2,27.477336237812846,2.259888280494189,1.646024061964082,448.0,46.0,1.0,836396.0,1.0,1454084.0,69182.0
2025-12-17T18:34:28.914484,3,27.477336237812846,2.259888280494189,1.646024061964082,448.0,46.0,1.0,1127340.0,1.0,1752776.0,75189.0
2025-12-17T18:34:29.014909,4,27.477336237812846,2.259888280494189,1.646024061964082,455.0,49.0,1.0,1368607.0,1.0,2132943.0,87440.0
2025-12-17T18:34:29.112313,5,27.477336237812846,2.259888280494189,1.646024061964082,445.0,44.0,1.0,879955.0,1.0,2197425.0,76835.0
2025-12-17T18:34:29.613553,0,27.477336237812846,2.259888280494189,1.646024061964082,453.0,48.0,1.0,564625.0,1.0,1650858.0,74178.0
2025-12-17T18:34:29.714841,1,27.477336237812846,2.259888280494189,1.646024061964082,447.0,45.0,1.0,823754.0,1.0,1894670.0,74103.0
2025-12-17T18:34:29.814011,2,27.477336237812846,2.259888280494189,1.646024061964082,435.0,40.0,1.0,835265.0,1.0,1452117.0,70054.0
2025-12-17T18:34:29.914344,3,27.477336237812846,2.259888280494189,1.646024061964082,442.0,43.0,1.0,1168519.0,1.0,1755151.0,75597.0
2025-12-17T18:34:30.013541,4,27.477336237812846,2.259888280494189,1.646024061964082,456.0,49.0,1.0,1329345.0,1.0,2160552.0,87351.0
2025-12-17T18:34:30.115497,5,27.477336237812846,2.259888280494189,1.646024061964082,461.0,52.0,1.0,886831.0,1.0,2228130.0,75623.0
2025-12-17T18:34:30.615322,0,27.477336237812846,2.259888280494189,1.646024061964082,420.0,33.0,1.0,558164.0,1.0,1628108.0,76550.0
2025-12-17T18:34:30.708811,3,27.477336237812846,2.259888280494189,1.646024061964082,435.0,39.0,1.0,1146580.0,1.0,1743310.0,76136.0
2025-12-17T18:34:30.817077,4,27.477336237812846,2.259888280494189,1.646024061964082,451.0,47.0,1.0,1359834.0,1.0,2171548.0,87737.0
2025-12-17T18:34:30.913424,5,27.477336237812846,2.259888280494189,1.646024061964082,458.0,50.0,1.0,906864.0,1.0,2230394.0,75853.0
2025-12-17T18:34:31.615313,0,27.477336237812846,2.259888280494189,1.646024061964082,425.0,35.0,1.0,548984.0,1.0,1634734.0,76162.0
2025-12-17T18:34:31.719336,1,27.477336237812846,2.259888280494189,1.646024061964082,453.0,48.0,1.0,824870.0,1.0,1909476.0,73653.0
2025-12-17T18:34:31.809829,2,27.477336237812846,2.259888280494189,1.646024061964082,456.0,50.0,1.0,824870.0,1.0,1440857.0,68646.0
2025-12-17T18:34:31.916826,3,27.477336237812846,2.259888280494189,1.646024061964082,440.0,42.0,1.0,1152806.0,1.0,1740363.0,75751.0
2025-12-17T18:34:32.014294,4,27.477336237812846,2.259888280494189,1.646024061964082,449.0,46.0,1.0,1352490.0,1.0,2121423.0,87945.0
2025-12-17T18:34:32.111677,5,27.47733623781285,2.259888280494189,1.646024061964082,454.0,49.0,1.0,901356.0,1.0,2229639.0,76111.0
2025-12-17T18:34:32.610251,0,27.477336237812846,2.259888280494189,1.646024061964082,436.0,40.0,1.0,557221.0,1.0,1645280.0,75418.0
2025-12-17T18:34:32.720506,1,27.477336237812846,2.259888280494189,1.646024061964082,446.0,45.0,1.0,803651.0,1.0,1876800.0,74153.0
2025-12-17T18:34:32.816033,2,27.477336237812846,2.259888280494189,1.646024061964082,451.0,47.0,1.0,846077.0,1.0,1460496.0,68995.0
2025-12-17T18:34:32.914498,3,27.477336237812846,2.259888280494189,1.646024061964082,453.0,48.0,1.0,1173671.0,1.0,1768867.0,74808.0
2025-12-17T18:34:33.015263,4,27.477336237812846,2.259888280494189,1.646024061964082,443.0,43.0,1.0,1340187.0,1.0,2207115.0,88452.0
2025-12-17T18:34:33.112443,5,27.477336237812846,2.259888280494189,1.646024061964082,458.0,51.0,1.0,921405.0,1.0,2247824.0,75828.0
2025-12-17T18:34:33.615656,0,27.477336237812846,2.259888280494189,1.646024061964082,447.0,45.0,1.0,556655.0,1.0,1655894.0,74581.0
2025-12-17T18:34:33.714971,1,27.477336237812846,2.259888280494189,1.646024061964082,455.0,49.0,1.0,828227.0,1.0,1934193.0,73503.0
2025-12-17T18:34:33.813385,2,27.477336237812846,2.259888280494189,1.646024061964082,451.0,47.0,1.0,809932.0,1.0,1461485.0,68995.0
2025-12-17T18:34:33.915508,3,27.477336237812846,2.259888280494189,1.646024061964082,450.0,47.0,1.0,1130014.0,1.0,1731550.0,75036.0
2025-12-17T18:34:34.014671,4,27.477336237812846,2.259888280494189,1.646024061964082,454.0,49.0,1.0,1366293.0,1.0,2155439.0,87499.0
2025-12-17T18:34:34.115637,5,27.477336237812846,2.259888280494189,1.646024061964082,451.0,47.0,1.0,888935.0,1.0,2213848.0,76395.0
2025-12-17T18:34:34.615770,0,27.477336237812846,2.259888280494189,1.646024061964082,451.0,47.0,1.0,557409.0,1.0,1657016.0,74278.0
2025-12-17T18:34:34.712939,1,27.477336237812846,2.259888280494189,1.646024061964082,441.0,42.0,1.0,817367.0,1.0,1884438.0,74530.0
2025-12-17T18:34:34.817893,2,27.477336237812846,2.259888280494189,1.646024061964082,449.0,46.0,1.0,840369.0,1.0,1441345.0,69135.0
2025-12-17T18:34:34.913882,3,27.477336237812846,2.259888280494189,1.646024061964082,455.0,49.0,1.0,1145029.0,1.0,1750405.0,74707.0
2025-12-17T18:34:35.013932,4,27.477336237812846,2.259888280494189,1.646024061964082,435.0,40.0,1.0,1331597.0,1.0,2125736.0,89143.0
2025-12-17T18:34:35.115881,5,27.477336237812846,2.259888280494189,1.646024061964082,454.0,49.0,1.0,927035.0,1.0,2232659.0,76162.0
2025-12-17T18:34:35.611581,0,27.477336237812846,2.259888280494189,1.646024061964082,448.0,46.0,1.0,560626.0,1.0,1667706.0,74505.0
2025-12-17T18:34:35.708185,1,27.477336237812846,2.259888280494189,1.646024061964082,431.0,38.0,1.0,823197.0,1.0,1876800.0,75240.0
2025-12-17T18:34:35.814636,2,27.477336237812846,2.259888280494189,1.646024061964082,422.0,34.0,1.0,830754.0,1.0,1448190.0,70961.0
2025-12-17T18:34:35.913643,3,27.477336237812846,2.259888280494189,1.646024061964082,445.0,44.0,1.0,1140388.0,1.0,1744491.0,75418.0
2025-12-17T18:34:36.011560,4,27.477336237812846,2.259888280494189,1.646024061964082,454.0,48.0,1.0,1351575.0,1.0,2162015.0,87559.0
2025-12-17T18:34:36.111786,5,27.477336237812846,2.259888280494189,1.646024061964082,442.0,43.0,1.0,898919.0,1.0,2232659.0,77070.0
2025-12-17T18:34:36.610736,0,27.477336237812846,2.259888280494189,1.646024061964082,443.0,43.0,1.0,546019.0,1.0,1638612.0,74910.0
2025-12-17T18:34:36.717708,1,27.477336237812846,2.259888280494189,1.646024061964082,442.0,43.0,1.0,815433.0,1.0,1907539.0,74455.0
2025-12-17T18:34:36.808696,2,27.477336237812846,2.259888280494189,1.646024061964082,461.0,52.0,1.0,816261.0,1.0,1445742.0,68321.0
2025-12-17T18:34:36.914462,3,27.47733623781285,2.259888280494189,1.646024061964082,455.0,49.0,1.0,1134229.0,1.0,1732722.0,74656.0
2025-12-17T18:34:37.016207,4,27.477336237812846,2.259888280494189,1.646024061964082,452.0,48.0,1.0,1346097.0,1.0,2146703.0,87677.0
2025-12-17T18:34:37.115303,5,27.477336237812846,2.259888280494189,1.646024061964082,449.0,46.0,1.0,891345.0,1.0,2240987.0,76498.0
2025-12-17T18:34:37.610748,0,27.477336237812846,2.259888280494189,1.646024061964082,437.0,40.0,1.0,562717.0,1.0,1662633.0,75342.0
2025-12-17T18:34:37.713551,1,27.477336237812846,2.259888280494189,1.646024061964082,452.0,47.0,1.0,800394.0,1.0,1897237.0,73777.0
2025-12-17T18:34:37.815035,2,27.477336237812846,2.259888280494189,1.646024061964082,456.0,50.0,1.0,825988.0,1.0,1448190.0,68646.0
2025-12-17T18:34:37.910207,3,27.477336237812846,2.259888280494189,1.646024061964082,441.0,42.0,1.0,1157889.0,1.0,1731550.0,75700.0
2025-12-17T18:34:38.010673,4,27.477336237812846,2.259888280494189,1.646024061964082,450.0,47.0,1.0,1354323.0,1.0,2170079.0,87855.0
2025-12-17T18:34:38.117794,5,27.477336237812846,2.259888280494189,1.646024061964082,435.0,40.0,1.0,911788.0,1.0,2229639.0,77567.0
2025-12-17T18:34:38.614693,1,27.477336237812846,2.259888280494189,1.646024061964082,454.0,49.0,1.0,816537.0,1.0,1892747.0,73603.0
2025-12-17T18:34:38.715154,2,27.477336237812843,2.259888280494189,1.646024061964082,436.0,40.0,1.0,828227.0,1.0,1456547.0,70054.0
2025-12-17T18:34:38.812317,5,27.477336237812846,2.259888280494189,1.646024061964082,454.0,48.0,1.0,899527.0,1.0,2244023.0,76188.0
2025-12-17T18:34:39.611686,0,27.477336237812846,2.259888280494189,1.646024061964082,443.0,43.0,1.0,551778.0,1.0,1644723.0,74884.0
2025-12-17T18:34:39.715967,1,27.477336237812846,2.259888280494189,1.646024061964082,459.0,51.0,1.0,822361.0,1.0,1877435.0,73230.0
2025-12-17T18:34:39.813509,2,27.477336237812846,2.259888280494189,1.646024061964082,446.0,45.0,1.0,836396.0,1.0,1452608.0,69323.0
2025-12-17T18:34:39.913919,3,27.477336237812846,2.259888280494189,1.646024061964082,461.0,52.0,1.0,1120493.0,1.0,1751590.0,74278.0
2025-12-17T18:34:40.012204,4,27.477336237812846,2.259888280494189,1.646024061964082,452.0,47.0,1.0,1359374.0,1.0,2166410.0,87737.0
2025-12-17T18:34:40.117481,5,27.477336237812846,2.259888280494189,1.646024061964082,460.0,51.0,1.0,885931.0,1.0,2239471.0,75751.0
2025-12-17T18:34:40.612431,0,27.477336237812846,2.259888280494189,1.646024061964082,454.0,49.0,1.0,561005.0,1.0,1637503.0,74103.0
2025-12-17T18:34:40.709529,1,27.477336237812846,2.259888280494189,1.646024061964082,442.0,43.0,1.0,820415.0,1.0,1888268.0,74455.0
2025-12-17T18:34:40.815985,2,27.477336237812846,2.259888280494189,1.646024061964082,436.0,40.0,1.0,837529.0,1.0,1443786.0,70030.0
2025-12-17T18:34:40.918752,3,27.477336237812846,2.259888280494189,1.646024061964082,442.0,43.0,1.0,1128104.0,1.0,1750998.0,75648.0
2025-12-17T18:34:41.013907,4,27.477336237812846,2.259888280494189,1.646024061964082,446.0,45.0,1.0,1316807.0,1.0,2135109.0,88213.0
2025-12-17T18:34:41.116077,5,27.477336237812846,2.259888280494189,1.646024061964082,464.0,53.0,1.0,904412.0,1.0,2264623.0,75469.0
2025-12-17T18:34:41.615266,0,27.477336237812846,2.259888280494189,1.646024061964082,464.0,53.0,1.0,556090.0,1.0,1623706.0,73404.0
2025-12-17T18:34:41.718951,1,27.477336237812846,2.259888280494189,1.646024061964082,437.0,41.0,1.0,811853.0,1.0,1906248.0,74808.0
2025-12-17T18:34:41.810867,2,27.47733623781285,2.259888280494189,1.646024061964082,422.0,34.0,1.0,818751.0,1.0,1453592.0,70961.0
2025-12-17T18:34:41.917178,3,27.477336237812846,2.259888280494189,1.646024061964082,439.0,42.0,1.0,1137304.0,1.0,1759910.0,75853.0
2025-12-17T18:34:42.013361,4,27.477336237812846,2.259888280494189,1.646024061964082,468.0,55.0,1.0,1347921.0,1.0,2186297.0,86410.0
2025-12-17T18:34:42.113099,5,27.477336237812846,2.259888280494189,1.646024061964082,436.0,40.0,1.0,894669.0,1.0,2222105.0,77514.0
2025-12-17T18:34:42.614979,0,27.477336237812846,2.259888280494189,1.646024061964082,445.0,44.0,1.0,548984.0,1.0,1657016.0,74732.0
2025-12-17T18:34:42.711982,1,27.477336237812846,2.259888280494189,1.646024061964082,462.0,53.0,1.0,812677.0,1.0,1854071.0,73032.0
2025-12-17T18:34:42.814144,2,27.477336237812846,2.259888280494189,1.646024061964082,449.0,46.0,1.0,825988.0,1.0,1432106.0,69135.0
2025-12-17T18:34:42.913665,3,27.477336237812846,2.259888280494189,1.646024061964082,441.0,42.0,1.0,1148133.0,1.0,1736832.0,75751.0
2025-12-17T18:34:43.015142,4,27.477336237812846,2.259888280494189,1.646024061964082,459.0,51.0,1.0,1347009.0,1.0,2153981.0,87115.0
2025-12-17T18:34:43.117360,5,27.477336237812846,2.259888280494189,1.646024061964082,443.0,43.0,1.0,924216.0,1.0,2252393.0,76965.0
2025-12-17T18:34:43.613102,0,27.477336237812846,2.259888280494189,1.646024061964082,438.0,41.0,1.0,562146.0,1.0,1656455.0,75240.0
2025-12-17T18:34:43.713685,1,27.477336237812846,2.259888280494189,1.646024061964082,475.0,59.0,1.0,820415.0,1.0,1903669.0,72172.0
2025-12-17T18:34:43.812332,2,27.477336237812846,2.259888280494189,1.646024061964082,449.0,46.0,1.0,834135.0,1.0,1465447.0,69159.0
2025-12-17T18:34:43.912888,3,27.477336237812846,2.259888280494189,1.646024061964082,443.0,43.0,1.0,1152806.0,1.0,1746263.0,75623.0
2025-12-17T18:34:44.012515,4,27.477336237812846,2.259888280494189,1.646024061964082,465.0,54.0,1.0,1366293.0,1.0,2159821.0,86615.0
2025-12-17T18:34:44.111303,5,27.477336237812846,2.259888280494189,1.646024061964082,437.0,41.0,1.0,884134.0,1.0,2239471.0,77410.0
2025-12-17T18:34:44.615468,0,27.477336237812846,2.259888280494189,1.646024061964082,436.0,40.0,1.0,550845.0,1.0,1677896.0,75418.0
2025-12-17T18:34:44.714136,1,27.477336237812846,2.259888280494189,1.646024061964082,435.0,40.0,1.0,830754.0,1.0,1911416.0,74960.0
2025-12-17T18:34:44.812828,2,27.477336237812846,2.259888280494189,1.646024061964082,454.0,49.0,1.0,834135.0,1.0,1425336.0,68809.0
2025-12-17T18:34:44.921819,3,27.477336237812846,2.259888280494189,1.646024061964082,450.0,47.0,1.0,1142706.0,1.0,1720451.0,75087.0
2025-12-17T18:34:45.012748,4,27.477336237812846,2.259888280494189,1.646024061964082,456.0,50.0,1.0,1352490.0,1.0,2160552.0,87381.0
2025-12-17T18:34:45.115354,5,27.477336237812846,2.259888280494189,1.646024061964082,460.0,52.0,1.0,890139.0,1.0,2215347.0,75725.0
2025-12-17T18:34:45.612583,0,27.477336237812846,2.259888280494189,1.646024061964082,444.0,44.0,1.0,557976.0,1.0,1667706.0,74859.0
2025-12-17T18:34:45.708042,1,27.477336237812846,2.259888280494189,1.646024061964082,461.0,52.0,1.0,820693.0,1.0,1879979.0,73131.0
2025-12-17T18:34:45.814801,2,27.477336237812843,2.259888280494189,1.646024061964082,443.0,43.0,1.0,830192.0,1.0,1461485.0,69581.0
2025-12-17T18:34:45.914465,3,27.477336237812846,2.259888280494189,1.646024061964082,461.0,52.0,1.0,1153977.0,1.0,1744491.0,74304.0
2025-12-17T18:34:46.013426,4,27.477336237812846,2.259888280494189,1.646024061964082,460.0,51.0,1.0,1320824.0,1.0,2122142.0,87056.0
2025-12-17T18:34:46.114633,5,27.477336237812846,2.259888280494189,1.646024061964082,459.0,51.0,1.0,909630.0,1.0,2248584.0,75853.0
2025-12-17T18:34:46.615982,0,27.477336237812846,2.259888280494189,1.646024061964082,436.0,40.0,1.0,546389.0,1.0,1638057.0,75418.0
2025-12-17T18:34:46.714864,1,27.477336237812846,2.259888280494189,1.646024061964082,454.0,48.0,1.0,810754.0,1.0,1889547.0,73653.0
2025-12-17T18:34:46.808892,2,27.477336237812846,2.259888280494189,1.646024061964082,428.0,36.0,1.0,823476.0,1.0,1440857.0,70625.0
2025-12-17T18:34:46.917216,3,27.477336237812846,2.259888280494189,1.646024061964082,442.0,43.0,1.0,1125434.0,1.0,1728037.0,75700.0
2025-12-17T18:34:47.015251,4,27.477336237812846,2.259888280494189,1.646024061964082,458.0,50.0,1.0,1349747.0,1.0,2164944.0,87263.0
2025-12-17T18:34:47.117115,5,27.477336237812846,2.259888280494189,1.646024061964082,454.0,48.0,1.0,914879.0,1.0,2239471.0,76214.0
2025-12-17T18:34:47.612298,0,27.477336237812846,2.259888280494189,1.646024061964082,458.0,50.0,1.0,545281.0,1.0,1655894.0,73877.0
2025-12-17T18:34:47.713543,1,27.477336237812846,2.259888280494189,1.646024061964082,457.0,50.0,1.0,799852.0,1.0,1879342.0,73453.0
2025-12-17T18:34:47.814149,2,27.477336237812846,2.259888280494189,1.646024061964082,457.0,50.0,1.0,833006.0,1.0,1441833.0,68623.0
2025-12-17T18:34:47.918414,3,27.47733623781285,2.259888280494189,1.646024061964082,452.0,48.0,1.0,1150078.0,1.0,1736832.0,74960.0
2025-12-17T18:34:48.015314,4,27.477336237812843,2.259888280494189,1.646024061964082,470.0,57.0,1.0,1343366.0,1.0,2156899.0,86206.0
2025-12-17T18:34:48.112091,5,27.477336237812846,2.259888280494189,1.646024061964082,433.0,39.0,1.0,915499.0,1.0,2230394.0,77751.0
2025-12-17T18:34:48.615702,0,27.477336237812846,2.259888280494189,1.646024061964082,444.0,44.0,1.0,553836.0,1.0,1638057.0,74884.0
2025-12-17T18:34:48.713896,1,27.477336237812846,2.259888280494189,1.646024061964082,463.0,53.0,1.0,815433.0,1.0,1883163.0,73032.0
2025-12-17T18:34:48.815295,2,27.477336237812846,2.259888280494189,1.646024061964082,452.0,47.0,1.0,837246.0,1.0,1461980.0,69019.0
2025-12-17T18:34:48.913797,3,27.477336237812846,2.259888280494189,1.646024061964082,435.0,39.0,1.0,1137304.0,1.0,1742720.0,76214.0
2025-12-17T18:34:49.014599,4,27.477336237812846,2.259888280494189,1.646024061964082,469.0,56.0,1.0,1353864.0,1.0,2164211.0,86323.0
2025-12-17T18:34:49.113922,5,27.477336237812846,2.259888280494189,1.646024061964082,451.0,47.0,1.0,905331.0,1.0,2250869.0,76395.0
2025-12-17T18:34:49.615615,0,27.477336237812846,2.259888280494189,1.646024061964082,436.0,40.0,1.0,549728.0,1.0,1659822.0,75418.0
2025-12-17T18:34:49.716737,2,27.47733623781285,2.259888280494189,1.646024061964082,455.0,49.0,1.0,831316.0,1.0,1451134.0,68785.0
2025-12-17T18:34:49.811580,3,27.477336237812846,2.259888280494189,1.646024061964082,450.0,46.0,1.0,1110676.0,1.0,1725699.0,75138.0
2025-12-17T18:34:49.917000,4,27.477336237812846,2.259888280494189,1.646024061964082,460.0,52.0,1.0,1364445.0,1.0,2156899.0,87027.0
