Timestamp,Channel,Pose_X,Pose_Y,Pose_Theta,eCO2,TVOC,AQI,R0,R1,R2,R3
2025-12-18T16:53:54.088865,1,3.6482787407049764,-3.3532725614455208,1.6833739111108454,417.0,31.0,1.0,676245.0,1.0,1465943.0,60771.0
2025-12-18T16:53:54.191650,2,3.6482787407049764,-3.3532725614455208,1.6833739111108454,414.0,30.0,1.0,695040.0,1.0,1179246.0,56125.0
2025-12-18T16:53:54.290591,3,3.6482787407049764,-3.3532725614455208,1.6833739111108454,431.0,38.0,1.0,934280.0,1.0,1339734.0,60895.0
2025-12-18T16:53:54.396686,4,3.6482787407049764,-3.3532725614455208,1.6833739111108454,429.0,37.0,1.0,1072988.0,1.0,1755151.0,71709.0
2025-12-18T16:53:54.496649,5,3.6482787407049764,-3.3532725614455208,1.6833739111108454,425.0,35.0,1.0,756922.0,1.0,1847807.0,63915.0
2025-12-18T16:53:54.989982,0,3.6482787407049764,-3.3532725614455208,1.6833739111108454,433.0,39.0,1.0,533777.0,1.0,1394322.0,64698.0
2025-12-18T16:53:55.090545,1,3.6482787407049764,-3.3532725614455208,1.6833739111108454,434.0,39.0,1.0,681991.0,1.0,1441833.0,59812.0
2025-12-18T16:53:55.188098,2,3.6482787407049764,-3.3532725614455208,1.6833739111108454,438.0,41.0,1.0,670093.0,1.0,1170498.0,54829.0
2025-12-18T16:53:55.289318,3,3.6482787407049764,-3.3532725614455208,1.6833739111108454,433.0,39.0,1.0,935862.0,1.0,1350204.0,60771.0
2025-12-18T16:53:55.388449,4,3.6482787407049764,-3.3532725614455208,1.6833739111108454,444.0,44.0,1.0,1090193.0,1.0,1716379.0,70649.0
2025-12-18T16:53:55.489811,5,3.648278740704976,-3.3532725614455208,1.6833739111108454,437.0,41.0,1.0,755130.0,1.0,1835341.0,63140.0
2025-12-18T16:53:55.989029,0,3.6482787407049764,-3.3532725614455208,1.6833739111108454,430.0,37.0,1.0,532334.0,1.0,1381171.0,64939.0
2025-12-18T16:53:56.089130,1,3.6482787407049764,-3.3532725614455208,1.6833739111108454,425.0,35.0,1.0,678078.0,1.0,1437447.0,60341.0
2025-12-18T16:53:56.189409,2,3.6482787407049764,-3.3532725614455208,1.6833739111108454,421.0,33.0,1.0,657958.0,1.0,1166938.0,55746.0
2025-12-18T16:53:56.289977,3,3.648278740704977,-3.353272561445521,1.6833739111108454,440.0,42.0,1.0,941900.0,1.0,1345186.0,60361.0
2025-12-18T16:53:56.389685,4,3.6482787407049764,-3.3532725614455208,1.6833739111108454,445.0,44.0,1.0,1078449.0,1.0,1696742.0,70578.0
2025-12-18T16:53:56.490159,5,3.6482787407049764,-3.3532725614455208,1.6833739111108454,408.0,27.0,1.0,747755.0,1.0,1840940.0,64961.0
2025-12-18T16:53:56.989431,0,3.6482787407049764,-3.3532725614455208,1.6833739111108454,432.0,38.0,1.0,540869.0,1.0,1388671.0,64808.0
2025-12-18T16:53:57.090135,1,3.6482787407049764,-3.3532725614455208,1.6833739111108454,440.0,42.0,1.0,676245.0,1.0,1443786.0,59449.0
2025-12-18T16:53:57.189903,2,3.6482787407049764,-3.3532725614455208,1.6833739111108454,428.0,36.0,1.0,692223.0,1.0,1190474.0,55370.0
2025-12-18T16:53:57.288209,3,3.6482787407049764,-3.3532725614455208,1.6833739111108454,416.0,31.0,1.0,933648.0,1.0,1346553.0,61808.0
2025-12-18T16:53:57.390680,4,3.6482787407049764,-3.3532725614455208,1.6833739111108454,420.0,32.0,1.0,1075897.0,1.0,1740952.0,72343.0
2025-12-18T16:53:57.490795,5,3.6482787407049764,-3.3532725614455208,1.6833739111108454,431.0,38.0,1.0,775856.0,1.0,1839072.0,63526.0
2025-12-18T16:53:57.990891,0,3.6482787407049764,-3.3532725614455208,1.6833739111108454,420.0,32.0,1.0,539224.0,1.0,1377903.0,65580.0
2025-12-18T16:53:58.089942,1,3.6482787407049764,-3.3532725614455208,1.6833739111108454,436.0,40.0,1.0,679227.0,1.0,1446721.0,59671.0
2025-12-18T16:53:58.189780,2,3.6482787407049764,-3.3532725614455208,1.6833739111108454,431.0,38.0,1.0,688019.0,1.0,1181243.0,55183.0
2025-12-18T16:53:58.291282,3,3.6482787407049764,-3.3532725614455208,1.6833739111108454,422.0,33.0,1.0,944134.0,1.0,1382574.0,61454.0
2025-12-18T16:53:58.388399,4,3.6482787407049764,-3.3532725614455208,1.6833739111108454,431.0,37.0,1.0,1085407.0,1.0,1719868.0,71588.0
2025-12-18T16:53:58.489623,5,3.6482787407049764,-3.3532725614455208,1.6833739111108454,422.0,34.0,1.0,768538.0,1.0,1850310.0,64066.0
2025-12-18T16:53:58.990427,0,3.6482787407049764,-3.3532725614455208,1.6833739111108454,433.0,39.0,1.0,536131.0,1.0,1356157.0,64720.0
2025-12-18T16:53:59.089538,1,3.6482787407049764,-3.3532725614455208,1.6833739111108454,425.0,35.0,1.0,682684.0,1.0,1448190.0,60341.0
2025-12-18T16:53:59.189984,2,3.6482787407049764,-3.3532725614455208,1.6833739111108454,416.0,31.0,1.0,688951.0,1.0,1152026.0,56011.0
2025-12-18T16:53:59.289090,3,3.6482787407049764,-3.3532725614455208,1.6833739111108454,421.0,33.0,1.0,940944.0,1.0,1354781.0,61475.0
2025-12-18T16:53:59.389778,4,3.6482787407049764,-3.3532725614455208,1.6833739111108454,439.0,41.0,1.0,1079910.0,1.0,1723948.0,71009.0
2025-12-18T16:53:59.490987,5,3.6482787407049764,-3.3532725614455208,1.6833739111108454,436.0,40.0,1.0,749529.0,1.0,1857211.0,63226.0
2025-12-18T16:54:00.090034,0,3.6482787407049764,-3.3532725614455208,1.6833739111108454,432.0,38.0,1.0,541969.0,1.0,1384447.0,64764.0
2025-12-18T16:54:00.189240,1,3.6482787407049764,-3.3532725614455208,1.6833739111108454,440.0,42.0,1.0,677390.0,1.0,1443786.0,59429.0
2025-12-18T16:54:00.289881,2,3.6482787407049764,-3.3532725614455208,1.6833739111108454,427.0,36.0,1.0,683146.0,1.0,1168914.0,55426.0
2025-12-18T16:54:00.389304,3,3.6482787407049764,-3.3532725614455208,1.6833739111108454,430.0,37.0,1.0,951190.0,1.0,1343366.0,60936.0
2025-12-18T16:54:00.489887,4,3.6482787407049764,-3.3532725614455208,1.6833739111108454,426.0,35.0,1.0,1092039.0,1.0,1730378.0,71928.0
2025-12-18T16:54:00.590677,5,3.6482787407049764,-3.3532725614455208,1.6833739111108454,423.0,34.0,1.0,757690.0,1.0,1835962.0,64023.0
2025-12-18T16:54:01.088824,0,3.6482787407049764,-3.3532725614455208,1.6833739111108454,425.0,35.0,1.0,536675.0,1.0,1366293.0,65226.0
2025-12-18T16:54:01.189138,1,3.6482787407049764,-3.3532725614455208,1.6833739111108454,432.0,38.0,1.0,684072.0,1.0,1469918.0,59913.0
2025-12-18T16:54:01.292246,2,3.6482787407049764,-3.3532725614455208,1.6833739111108454,425.0,35.0,1.0,685694.0,1.0,1153196.0,55520.0
2025-12-18T16:54:01.390093,3,3.6482787407049764,-3.3532725614455208,1.6833739111108454,416.0,31.0,1.0,947014.0,1.0,1358914.0,61808.0
2025-12-18T16:54:01.490038,4,3.6482787407049764,-3.3532725614455208,1.6833739111108454,428.0,36.0,1.0,1087613.0,1.0,1725699.0,71758.0
2025-12-18T16:54:01.593767,5,3.6482787407049764,-3.3532725614455208,1.6833739111108454,407.0,27.0,1.0,757947.0,1.0,1818030.0,65027.0
2025-12-18T16:54:02.090784,0,3.6482787407049764,-3.3532725614455208,1.6833739111108454,435.0,40.0,1.0,535949.0,1.0,1369534.0,64589.0
2025-12-18T16:54:02.190235,1,3.6482787407049764,-3.3532725614455208,1.6833739111108454,430.0,37.0,1.0,677390.0,1.0,1453100.0,59995.0
2025-12-18T16:54:02.289857,2,3.6482787407049764,-3.3532725614455208,1.6833739111108454,437.0,41.0,1.0,688252.0,1.0,1174466.0,54867.0
2025-12-18T16:54:02.391874,3,3.6483623515814534,-3.3531676354160727,1.6838667370300997,429.0,37.0,1.0,930493.0,1.0,1351575.0,60998.0
2025-12-18T16:54:02.488843,5,3.649820539904089,-3.350787771673487,1.6833763973707128,421.0,33.0,1.0,765164.0,1.0,1852190.0,64153.0
2025-12-18T16:54:03.090471,0,3.640214815111492,-3.2738194003323775,1.6866128068619575,432.0,38.0,1.0,543806.0,1.0,1363521.0,64808.0
2025-12-18T16:54:03.189741,1,3.638970631788909,-3.262967227697701,1.6801751240293163,434.0,39.0,1.0,677620.0,1.0,1448681.0,59812.0
2025-12-18T16:54:03.290923,2,3.63954902888397,-3.2543080568071585,1.6806744961287337,409.0,28.0,1.0,679227.0,1.0,1163389.0,56392.0
2025-12-18T16:54:03.390629,3,3.63864038852854,-3.2439896569180284,1.682406220344847,432.0,38.0,1.0,933016.0,1.0,1384447.0,60854.0
2025-12-18T16:54:03.491895,4,3.636761307144609,-3.232318467444849,1.6814188988309688,417.0,31.0,1.0,1067916.0,1.0,1743310.0,72515.0
2025-12-18T16:54:03.589198,5,3.6358978484364464,-3.220379082628976,1.6848448531245173,420.0,32.0,1.0,771666.0,1.0,1840317.0,64218.0
2025-12-18T16:54:04.091832,0,3.6288788772275016,-3.161235804274674,1.6806158214521227,441.0,42.0,1.0,538859.0,1.0,1370461.0,64240.0
2025-12-18T16:54:04.190183,1,3.627119374733991,-3.1500856808981372,1.681847657235512,425.0,35.0,1.0,677849.0,1.0,1433075.0,60300.0
2025-12-18T16:54:04.290910,2,3.626238756387419,-3.138780234341103,1.6833179983109716,439.0,41.0,1.0,681991.0,1.0,1165754.0,54774.0
2025-12-18T16:54:04.390426,3,3.6246958079616354,-3.1271864992046847,1.6801197082771737,431.0,37.0,1.0,927035.0,1.0,1354781.0,60915.0
2025-12-18T16:54:04.488523,4,3.6237170654734516,-3.116051259612145,1.6778995511884667,422.0,34.0,1.0,1078814.0,1.0,1723948.0,72172.0
2025-12-18T16:54:04.590311,5,3.6226279119182268,-3.1044313704144804,1.674685111769712,424.0,35.0,1.0,782183.0,1.0,1825429.0,63936.0
2025-12-18T16:54:05.087364,0,3.616241483689051,-3.047641989671094,1.669013295584308,439.0,42.0,1.0,533416.0,1.0,1387731.0,64327.0
2025-12-18T16:54:05.191339,1,3.6151555167967,-3.0356406177450608,1.6710140230530315,442.0,43.0,1.0,676703.0,1.0,1445252.0,59348.0
2025-12-18T16:54:05.289710,2,3.6138302700894394,-3.0234698030549554,1.6720010132828445,418.0,32.0,1.0,669413.0,1.0,1172480.0,55897.0
2025-12-18T16:54:05.392190,3,3.6120505012887048,-3.0119598233161042,1.6712684872900734,429.0,37.0,1.0,936179.0,1.0,1348833.0,60998.0
2025-12-18T16:54:05.489614,4,3.61105840486619,-2.9998376568349956,1.6729936768652849,427.0,36.0,1.0,1060711.0,1.0,1744491.0,71806.0
2025-12-18T16:54:05.588144,5,3.614451865397721,-2.9980734942107654,1.6718453127817234,422.0,33.0,1.0,739700.0,1.0,1828521.0,64088.0
2025-12-18T16:54:06.090898,1,3.6218640923031677,-2.9642453209293578,1.671409642531827,433.0,39.0,1.0,689418.0,1.0,1450643.0,59832.0
2025-12-18T16:54:06.189551,2,3.620733587988648,-2.9522066038220482,1.673387765559657,422.0,33.0,1.0,680608.0,1.0,1178049.0,55709.0
2025-12-18T16:54:06.290675,3,3.618899024842167,-2.940097808630948,1.673364134941373,411.0,29.0,1.0,938717.0,1.0,1367681.0,62060.0
2025-12-18T16:54:06.389843,4,3.617519658992469,-2.93726303494255,1.6735923129971657,420.0,33.0,1.0,1085039.0,1.0,1740952.0,72294.0
2025-12-18T16:54:06.490157,5,3.6175861081511647,-2.9369722537864784,1.673094376717888,420.0,32.0,1.0,761289.0,1.0,1860987.0,64218.0
2025-12-18T16:54:07.090889,0,3.6189113217046835,-2.9293562123429107,1.6720808020288713,435.0,39.0,1.0,535224.0,1.0,1353406.0,64611.0
2025-12-18T16:54:07.189608,1,3.618420541689842,-2.918817838144433,1.6715842278455262,434.0,39.0,1.0,681530.0,1.0,1450643.0,59812.0
2025-12-18T16:54:07.288688,2,3.6168028607245457,-2.9047366382655233,1.6710903471861036,418.0,32.0,1.0,686159.0,1.0,1149689.0,55916.0
2025-12-18T16:54:07.390355,3,3.6149284768984145,-2.8899517317164474,1.6710898321061987,433.0,39.0,1.0,920781.0,1.0,1351575.0,60751.0
2025-12-18T16:54:07.489901,4,3.6127779326611758,-2.8765701485630024,1.6718562798698249,411.0,29.0,1.0,1084672.0,1.0,1697316.0,72958.0
2025-12-18T16:54:07.590655,5,3.611116553674732,-2.864130855875578,1.6753071938864057,412.0,29.0,1.0,780597.0,1.0,1863508.0,64676.0
2025-12-18T16:54:08.089070,0,3.6070430613992333,-2.8101702813778218,1.674550911808138,426.0,35.0,1.0,537584.0,1.0,1401893.0,65160.0
2025-12-18T16:54:08.189029,2,3.605109164726883,-2.798962931364294,1.675541088302245,416.0,31.0,1.0,690585.0,1.0,1174466.0,56030.0
2025-12-18T16:54:08.293569,3,3.604620382533846,-2.791136813501021,1.6767798553768225,428.0,36.0,1.0,949903.0,1.0,1366293.0,61101.0
2025-12-18T16:54:08.388508,4,3.6023336894441487,-2.7742528939829674,1.6758120772295972,418.0,32.0,1.0,1079179.0,1.0,1724531.0,72441.0
2025-12-18T16:54:08.490990,5,3.6265640417455436,-2.7504248697309954,1.6705127424904882,420.0,33.0,1.0,762837.0,1.0,1836584.0,64196.0
2025-12-18T16:54:09.088803,0,3.6272159945824844,-2.676708146245267,1.6662834034070992,432.0,38.0,1.0,531434.0,1.0,1380236.0,64786.0
2025-12-18T16:54:09.190838,1,3.626217857011976,-2.6658273296129096,1.6690102081021243,425.0,35.0,1.0,675787.0,1.0,1461980.0,60320.0
2025-12-18T16:54:09.288963,2,3.6256261910127887,-2.654376351756976,1.665812451858649,446.0,45.0,1.0,689418.0,1.0,1166543.0,54404.0
2025-12-18T16:54:09.392989,3,3.624211843625319,-2.643365932593754,1.6628553320608803,432.0,38.0,1.0,934596.0,1.0,1352490.0,60833.0
2025-12-18T16:54:09.489246,4,3.6240010955176345,-2.6323477100568486,1.6626161386764398,423.0,34.0,1.0,1080276.0,1.0,1702494.0,72099.0
2025-12-18T16:54:09.590749,5,3.622891199903307,-2.6210467030087763,1.6566496201910828,421.0,33.0,1.0,756665.0,1.0,1852817.0,64109.0
2025-12-18T16:54:10.089818,0,3.6157373976646583,-2.5624213218734693,1.661868820432395,435.0,39.0,1.0,531254.0,1.0,1362599.0,64611.0
2025-12-18T16:54:10.189549,1,3.6152571532150013,-2.550432607806518,1.6630957332749459,433.0,38.0,1.0,677161.0,1.0,1438908.0,59873.0
2025-12-18T16:54:10.289734,2,3.613246575551499,-2.5385334138694997,1.663836750771244,430.0,37.0,1.0,668734.0,1.0,1165754.0,55239.0
2025-12-18T16:54:10.390914,3,3.612311015799825,-2.5270302971893925,1.6650677395039197,443.0,43.0,1.0,922341.0,1.0,1344731.0,60178.0
2025-12-18T16:54:10.493621,4,3.6113215558937264,-2.5146542684232394,1.6680459310545859,424.0,34.0,1.0,1079910.0,1.0,1723948.0,72050.0
2025-12-18T16:54:10.590789,5,3.610045900598056,-2.5036710853786306,1.669015538197574,423.0,34.0,1.0,770100.0,1.0,1816800.0,64023.0
2025-12-18T16:54:11.091301,0,3.5963815063465416,-2.4697521963352793,1.7249466321520022,433.0,39.0,1.0,546389.0,1.0,1381171.0,64698.0
2025-12-18T16:54:11.188575,1,3.5963025604216186,-2.4698601894043195,1.7244552496822034,424.0,34.0,1.0,678997.0,1.0,1439882.0,60361.0
2025-12-18T16:54:11.291434,2,3.5963025604216186,-2.4698601894043195,1.7244552496822034,431.0,38.0,1.0,668508.0,1.0,1159065.0,55221.0
2025-12-18T16:54:11.391378,3,3.5963025604216186,-2.4698601894043195,1.7244552496822034,414.0,30.0,1.0,937130.0,1.0,1346553.0,61892.0
2025-12-18T16:54:11.491071,4,3.5963025604216186,-2.4698601894043195,1.7244552496822034,420.0,32.0,1.0,1080276.0,1.0,1732722.0,72343.0
2025-12-18T16:54:12.091394,0,3.597959894168548,-2.45968709078758,1.71107908629579,428.0,36.0,1.0,539224.0,1.0,1363060.0,65049.0
2025-12-18T16:54:12.190783,1,3.5955105095426942,-2.446826556200012,1.689609063234632,436.0,40.0,1.0,685230.0,1.0,1460990.0,59691.0
2025-12-18T16:54:12.290117,4,3.5922699288016253,-2.4324583804518007,1.6718175012020666,421.0,33.0,1.0,1082105.0,1.0,1742131.0,72221.0
2025-12-18T16:54:12.389687,5,3.5889948007179395,-2.417621867938191,1.663883862891304,426.0,35.0,1.0,753598.0,1.0,1813728.0,63850.0
2025-12-18T16:54:13.089913,0,3.5814630089856565,-2.338485261445583,1.6629436058456115,446.0,45.0,1.0,531434.0,1.0,1374642.0,63936.0
2025-12-18T16:54:13.190160,1,3.579987127951269,-2.326585933787536,1.6599705865128092,442.0,43.0,1.0,675787.0,1.0,1436961.0,59348.0
2025-12-18T16:54:13.290413,2,3.5791457306727548,-2.3149143493032964,1.6609669038725827,444.0,44.0,1.0,676245.0,1.0,1163389.0,54533.0
2025-12-18T16:54:13.391496,3,3.5775860182565618,-2.302650115077891,1.6621970500046173,423.0,34.0,1.0,941581.0,1.0,1340641.0,61371.0
2025-12-18T16:54:13.489988,4,3.576350739025825,-2.2911820077186658,1.6621902605183378,422.0,33.0,1.0,1054626.0,1.0,1735657.0,72196.0
2025-12-18T16:54:13.590541,5,3.5754367782409426,-2.2793717750574762,1.6671619792563521,419.0,32.0,1.0,750544.0,1.0,1807600.0,64262.0
2025-12-18T16:54:14.089490,0,3.5529399844943717,-2.2152709838893654,1.7154400744293474,435.0,39.0,1.0,535043.0,1.0,1371389.0,64611.0
2025-12-18T16:54:14.191138,1,3.551333213636971,-2.203784841403712,1.7112184574721256,435.0,39.0,1.0,672138.0,1.0,1456547.0,59731.0
2025-12-18T16:54:14.290294,2,3.549976939650048,-2.1922432707098025,1.714195464398338,448.0,45.0,1.0,665348.0,1.0,1160243.0,54331.0
2025-12-18T16:54:14.389734,3,3.547893764822165,-2.180428924966231,1.7112069741037215,441.0,43.0,1.0,938400.0,1.0,1354781.0,60280.0
2025-12-18T16:54:14.492476,4,3.5465946989359027,-2.1691869750198873,1.7117090011313656,444.0,44.0,1.0,1082472.0,1.0,1716379.0,70649.0
2025-12-18T16:54:14.589865,5,3.5437131707665674,-2.1572840874255457,1.7099848030708082,421.0,33.0,1.0,771666.0,1.0,1822960.0,64109.0
2025-12-18T16:54:15.088289,0,3.5400550733073084,-2.102815378162731,1.6297242723900252,442.0,43.0,1.0,531434.0,1.0,1361216.0,64153.0
2025-12-18T16:54:15.188755,1,3.538841781520427,-2.090928495582448,1.6148476827091718,437.0,40.0,1.0,676932.0,1.0,1440369.0,59610.0
2025-12-18T16:54:15.289557,2,3.5383690991952497,-2.079003212170387,1.6029497870075473,449.0,46.0,1.0,676932.0,1.0,1168914.0,54257.0
2025-12-18T16:54:15.389770,3,3.5378221364508584,-2.066797329545645,1.5930984706232227,434.0,39.0,1.0,930178.0,1.0,1342457.0,60710.0
2025-12-18T16:54:15.491171,4,3.537537181599859,-2.055208274305723,1.5903834132327426,426.0,35.0,1.0,1066110.0,1.0,1709423.0,71928.0
2025-12-18T16:54:15.589550,5,3.5375448370633458,-2.043467440969611,1.5871609547509171,447.0,45.0,1.0,742459.0,1.0,1820493.0,62566.0
2025-12-18T16:54:16.088445,0,3.528188286448116,-1.975375628171613,1.596266513732618,435.0,40.0,1.0,533416.0,1.0,1366293.0,64589.0
2025-12-18T16:54:16.190513,1,3.519415590909883,-1.954079624463905,1.6103025247682883,445.0,44.0,1.0,680608.0,1.0,1435503.0,59168.0
2025-12-18T16:54:16.289793,2,3.5189478592304155,-1.9425764245475197,1.611267176356724,437.0,41.0,1.0,686856.0,1.0,1164965.0,54867.0
2025-12-18T16:54:16.389609,3,3.518460311804258,-1.9313109255959,1.6080263852400007,444.0,44.0,1.0,948618.0,1.0,1338827.0,60117.0
2025-12-18T16:54:16.489788,4,3.518209371446042,-1.9200644492444772,1.6124710623354366,425.0,35.0,1.0,1091670.0,1.0,1704800.0,71977.0
2025-12-18T16:54:16.588885,5,3.5176440202305184,-1.9084671861066898,1.6075278470637557,435.0,39.0,1.0,752579.0,1.0,1805155.0,63290.0
2025-12-18T16:54:17.090336,0,3.5161276522991676,-1.8508677200358237,1.6115173850311264,425.0,35.0,1.0,535224.0,1.0,1381171.0,65226.0
2025-12-18T16:54:17.189070,1,3.5163452632110186,-1.8397300531972611,1.612036994001298,434.0,39.0,1.0,680147.0,1.0,1456547.0,59792.0
2025-12-18T16:54:17.291511,2,3.5161913415098165,-1.8288757372949538,1.6075892199351,431.0,38.0,1.0,685230.0,1.0,1155931.0,55183.0
2025-12-18T16:54:17.387714,3,3.516348744022213,-1.8181922512736917,1.6029166707993994,436.0,40.0,1.0,943176.0,1.0,1348833.0,60607.0
2025-12-18T16:54:17.489465,4,3.5162283739560514,-1.8062789302681752,1.6088455791038305,436.0,40.0,1.0,1082472.0,1.0,1685295.0,71201.0
2025-12-18T16:54:17.590350,5,3.51513769979849,-1.7939790776655078,1.6081084641357304,428.0,36.0,1.0,757178.0,1.0,1818030.0,63720.0
2025-12-18T16:54:18.090415,0,3.513170677922587,-1.7358422548770136,1.6110667675488384,437.0,41.0,1.0,527313.0,1.0,1371389.0,64458.0
2025-12-18T16:54:18.189157,1,3.5126601905515065,-1.724484694978263,1.6133159607887122,450.0,46.0,1.0,672821.0,1.0,1431137.0,58888.0
2025-12-18T16:54:18.286196,2,3.511897042133907,-1.7122498549413332,1.6130747569787882,469.0,56.0,1.0,691287.0,1.0,1145804.0,53238.0
2025-12-18T16:54:18.388764,3,3.5018483528503026,-1.7058459862529414,1.625540099908784,459.0,51.0,1.0,936813.0,1.0,1333401.0,59268.0
2025-12-18T16:54:18.489826,4,3.481859468589383,-1.7059054204176543,1.6509194432001075,448.0,45.0,1.0,1058560.0,1.0,1716960.0,70411.0
2025-12-18T16:54:18.592981,5,3.4810645326696963,-1.6946443527477557,1.6484344097533887,435.0,40.0,1.0,775068.0,1.0,1808212.0,63247.0
2025-12-18T16:54:19.091799,0,3.475011412568711,-1.6364543778436933,1.6528978897646538,433.0,39.0,1.0,536131.0,1.0,1379302.0,64720.0
2025-12-18T16:54:19.190196,1,3.473649618936916,-1.6281649671669987,1.6563626428360856,453.0,48.0,1.0,675102.0,1.0,1445252.0,58689.0
2025-12-18T16:54:19.290441,2,3.473218372141303,-1.627008944721282,1.6551270197106283,438.0,41.0,1.0,664448.0,1.0,1146968.0,54811.0
2025-12-18T16:54:19.389357,3,3.4732858371294286,-1.6272403120480394,1.654389448964046,438.0,41.0,1.0,934596.0,1.0,1346097.0,60504.0
2025-12-18T16:54:19.491775,4,3.4732858371294286,-1.6272403120480394,1.654389448964046,438.0,41.0,1.0,1091300.0,1.0,1690437.0,71081.0
2025-12-18T16:54:19.589929,5,3.4732858371294286,-1.6272403120480394,1.654389448964046,435.0,40.0,1.0,772711.0,1.0,1826047.0,63247.0
2025-12-18T16:54:20.095121,0,3.4732858371294286,-1.6272403120480394,1.654389448964046,428.0,36.0,1.0,534862.0,1.0,1349747.0,65027.0
2025-12-18T16:54:20.190804,1,3.4738094181630257,-1.6260985979156564,1.6521630725774095,449.0,46.0,1.0,677620.0,1.0,1425818.0,58908.0
2025-12-18T16:54:20.295195,2,3.47384917099982,-1.6185168054682049,1.649178116950153,439.0,41.0,1.0,683146.0,1.0,1161422.0,54774.0
2025-12-18T16:54:20.390374,3,3.4737840143689658,-1.6073242921586763,1.6519549400264986,448.0,46.0,1.0,926408.0,1.0,1329345.0,59913.0
2025-12-18T16:54:20.489817,4,3.4727920659702165,-1.5926054774228582,1.6556404539315086,419.0,32.0,1.0,1067554.0,1.0,1708844.0,72417.0
2025-12-18T16:54:20.590808,5,3.4713499985024288,-1.5788634528263639,1.6546300435964758,448.0,45.0,1.0,741957.0,1.0,1826665.0,62503.0
2025-12-18T16:54:21.091132,0,3.466165626509796,-1.5209965219863257,1.6568803374286234,434.0,39.0,1.0,535587.0,1.0,1388201.0,64654.0
2025-12-18T16:54:21.189667,1,3.4648233038547827,-1.508786771174329,1.6553929013428392,459.0,51.0,1.0,669867.0,1.0,1432590.0,58372.0
2025-12-18T16:54:21.291447,2,3.464005131452935,-1.497254838226024,1.654171112247872,458.0,50.0,1.0,683609.0,1.0,1164965.0,53800.0
2025-12-18T16:54:21.389247,3,3.4628836365271365,-1.4846277189281314,1.6563817970896746,450.0,46.0,1.0,916429.0,1.0,1318145.0,59812.0
2025-12-18T16:54:21.488300,4,3.4616961219057454,-1.4729009208635522,1.6534077457321013,448.0,46.0,1.0,1088718.0,1.0,1710580.0,70387.0
2025-12-18T16:54:21.589306,5,3.4587312868698663,-1.4615461732201742,1.6563484695755033,420.0,33.0,1.0,773234.0,1.0,1811275.0,64196.0
2025-12-18T16:54:22.092047,0,3.440367766621408,-1.4076974696237483,1.6573147760745937,437.0,40.0,1.0,532874.0,1.0,1373712.0,64501.0
2025-12-18T16:54:22.189187,1,3.4391498964607345,-1.396321061628843,1.6546098815139034,440.0,42.0,1.0,684535.0,1.0,1436961.0,59429.0
2025-12-18T16:54:22.290040,2,3.43890192373596,-1.385040168204317,1.659802129719042,452.0,48.0,1.0,675787.0,1.0,1151636.0,54074.0
2025-12-18T16:54:22.391029,3,3.437676014151017,-1.3729634157618424,1.6585883291001264,458.0,50.0,1.0,921405.0,1.0,1336111.0,59328.0
2025-12-18T16:54:22.491242,4,3.4366846500512747,-1.361365288323652,1.6546520557889741,466.0,55.0,1.0,1082472.0,1.0,1705378.0,69159.0
2025-12-18T16:54:22.592593,5,3.4358274252962153,-1.3496074143646484,1.6558807236458877,421.0,33.0,1.0,748261.0,1.0,1815571.0,64109.0
2025-12-18T16:54:23.091032,0,3.4311614471244343,-1.2916865127108381,1.6563690630337697,456.0,50.0,1.0,530715.0,1.0,1381171.0,63290.0
2025-12-18T16:54:23.189160,1,3.4302954551529745,-1.2802294422199165,1.653403892419816,450.0,47.0,1.0,679457.0,1.0,1430168.0,58868.0
2025-12-18T16:54:23.291791,2,3.4293189354225846,-1.2686269614356585,1.6568770129825472,457.0,50.0,1.0,681991.0,1.0,1155931.0,53855.0
2025-12-18T16:54:23.389568,3,3.428272819763719,-1.2570407108887927,1.6526588740644603,447.0,45.0,1.0,917360.0,1.0,1302182.0,59934.0
2025-12-18T16:54:23.490823,4,3.4281714121428197,-1.246021177533284,1.6558734998568931,426.0,35.0,1.0,1055340.0,1.0,1714057.0,71879.0
2025-12-18T16:54:23.588862,5,3.4268545799911365,-1.2339967486497718,1.6553628564140093,440.0,42.0,1.0,746743.0,1.0,1785710.0,62991.0
2025-12-18T16:54:24.089203,0,3.4017888339373186,-1.1969829084644323,1.667267290426181,432.0,38.0,1.0,534500.0,1.0,1360295.0,64786.0
2025-12-18T16:54:24.190451,1,3.4003114531918532,-1.1921089028533514,1.6695035461934684,452.0,48.0,1.0,678308.0,1.0,1448190.0,58729.0
2025-12-18T16:54:24.289915,2,3.399371133516051,-1.1913402833691569,1.673964700446099,460.0,52.0,1.0,672138.0,1.0,1159065.0,53673.0
2025-12-18T16:54:24.390203,3,3.399390522359027,-1.1915275501028364,1.6729866860074547,450.0,46.0,1.0,936179.0,1.0,1353406.0,59812.0
2025-12-18T16:54:24.489062,4,3.399390522359027,-1.1915275501028364,1.6729866860074547,464.0,54.0,1.0,1062148.0,1.0,1712897.0,69276.0
2025-12-18T16:54:24.590218,5,3.3993905223590266,-1.1915275501028364,1.6729866860074547,434.0,39.0,1.0,763095.0,1.0,1811888.0,63333.0
2025-12-18T16:54:25.089776,0,3.39713246318682,-1.1382744707658716,1.6683098868277622,438.0,41.0,1.0,535949.0,1.0,1357995.0,64392.0
2025-12-18T16:54:25.188813,1,3.395422002363354,-1.1250727484732557,1.667073714624878,439.0,42.0,1.0,675330.0,1.0,1436961.0,59469.0
2025-12-18T16:54:25.288852,2,3.394721527334683,-1.1137865194939018,1.6631182335356218,456.0,50.0,1.0,681530.0,1.0,1139616.0,53873.0
2025-12-18T16:54:25.389812,3,3.3943691355751984,-1.1032224212007127,1.663358994947792,450.0,46.0,1.0,922029.0,1.0,1326200.0,59812.0
2025-12-18T16:54:25.490072,4,3.392796727161874,-1.0920461266939876,1.6655828391336283,458.0,51.0,1.0,1065028.0,1.0,1683585.0,69676.0
2025-12-18T16:54:25.588660,5,3.3913913508871736,-1.0806934996386968,1.6663463379849315,450.0,46.0,1.0,739700.0,1.0,1839694.0,62376.0
2025-12-18T16:54:26.088986,1,3.3854971500765836,-1.0230659575266463,1.6685442998075168,459.0,51.0,1.0,668508.0,1.0,1403792.0,58353.0
2025-12-18T16:54:26.190718,2,3.384353777792159,-1.011059231563407,1.6707701130782857,478.0,60.0,1.0,661530.0,1.0,1148911.0,52772.0
2025-12-18T16:54:26.288009,3,3.382510591000314,-0.9992423729984479,1.667796936629088,467.0,55.0,1.0,918913.0,1.0,1333401.0,58789.0
2025-12-18T16:54:26.389443,4,3.38144306644693,-0.9873801773234341,1.6702747917982605,490.0,67.0,2.0,1063587.0,1.0,1648067.0,67608.0
2025-12-18T16:54:26.491659,5,3.3795293170720657,-0.9759220314164683,1.668770596896895,441.0,42.0,1.0,749021.0,1.0,1772463.0,62885.0
2025-12-18T16:54:27.091526,0,3.367495519382765,-0.9107748739158343,1.655334815862391,445.0,44.0,1.0,537584.0,1.0,1365368.0,63958.0
2025-12-18T16:54:27.188465,2,3.3662629860129987,-0.8990458207886909,1.6550758305575415,503.0,74.0,2.0,639083.0,1.0,1122391.0,51519.0
2025-12-18T16:54:27.292283,3,3.3653645075962526,-0.8882012912210953,1.6521032055773885,470.0,56.0,1.0,929549.0,1.0,1309253.0,58650.0
2025-12-18T16:54:27.390967,4,3.3648840565912868,-0.8765064523328747,1.652608371594157,532.0,90.0,2.0,1029237.0,1.0,1633628.0,64917.0
2025-12-18T16:54:27.491390,5,3.363991782307375,-0.8654865421637257,1.6496397330990287,455.0,49.0,1.0,747502.0,1.0,1776667.0,62039.0
2025-12-18T16:54:28.091328,0,3.3592830077043754,-0.7959360491260687,1.6524881696972344,455.0,49.0,1.0,533958.0,1.0,1371389.0,63355.0
2025-12-18T16:54:28.189105,1,3.357685939289222,-0.7840972058173103,1.6521999211862994,447.0,45.0,1.0,669413.0,1.0,1434046.0,59048.0
2025-12-18T16:54:28.291399,2,3.3573728115125396,-0.7720652443551472,1.653192459723247,503.0,74.0,2.0,677849.0,1.0,1128104.0,51484.0
2025-12-18T16:54:28.391358,3,3.3558667871523222,-0.7597397311745677,1.6541775550329996,487.0,65.0,2.0,918913.0,1.0,1281632.0,57665.0
2025-12-18T16:54:28.490100,4,3.3548770218014305,-0.7481993065041226,1.6524768971494113,533.0,90.0,2.0,1000727.0,1.0,1598623.0,64851.0
2025-12-18T16:54:28.589525,5,3.3539015405943537,-0.7363402977900444,1.6529779837569394,482.0,63.0,1.0,727780.0,1.0,1770664.0,60443.0
2025-12-18T16:54:29.091448,0,3.3400895776153603,-0.7033049961459019,1.6545337695722984,454.0,49.0,1.0,529638.0,1.0,1375107.0,63397.0
2025-12-18T16:54:29.190027,1,3.3400895776153603,-0.7033049961459019,1.6545337695722984,465.0,54.0,1.0,668734.0,1.0,1438908.0,58037.0
2025-12-18T16:54:29.291380,2,3.3422769016469145,-0.6996736491822384,1.6535451360605702,491.0,68.0,2.0,668282.0,1.0,1119735.0,52080.0
2025-12-18T16:54:29.389793,3,3.3425375881377213,-0.6900425768357148,1.6510720236895522,477.0,60.0,1.0,918913.0,1.0,1299980.0,58274.0
2025-12-18T16:54:29.490590,4,3.3411582025441247,-0.676133328485701,1.6547906306311406,556.0,104.0,2.0,1016773.0,1.0,1581938.0,63462.0
2025-12-18T16:54:29.590142,5,3.3391374331435033,-0.660645847774394,1.6550413547044107,486.0,64.0,1.0,738200.0,1.0,1746263.0,60259.0
2025-12-18T16:54:30.089172,0,3.3344712364336324,-0.6022219049575415,1.6577391210358565,454.0,49.0,1.0,534862.0,1.0,1366293.0,63397.0
2025-12-18T16:54:30.189263,1,3.3334493373176093,-0.5910737773513914,1.6559935631876734,468.0,55.0,1.0,673048.0,1.0,1429200.0,57861.0
2025-12-18T16:54:30.287950,2,3.333358765205364,-0.5799282510652679,1.6545147100309243,506.0,75.0,2.0,675102.0,1.0,1121252.0,51345.0
2025-12-18T16:54:30.389886,3,3.331942429281946,-0.5677602630209768,1.6614586249045102,484.0,64.0,1.0,911788.0,1.0,1274279.0,57841.0
2025-12-18T16:54:30.490810,4,3.3302461150066964,-0.5558941049107529,1.6752842836103161,540.0,94.0,2.0,1031678.0,1.0,1574460.0,64458.0
2025-12-18T16:54:30.590471,5,3.3292674453854993,-0.5449269092564544,1.6933405396438148,498.0,71.0,2.0,717751.0,1.0,1748037.0,59570.0
2025-12-18T16:54:31.089863,0,3.3179475369727847,-0.4890498624074855,1.795647703324291,454.0,49.0,1.0,528742.0,1.0,1330246.0,63397.0
2025-12-18T16:54:31.190175,1,3.314448986172048,-0.4783522355189991,1.8183504315423928,441.0,42.0,1.0,673048.0,1.0,1421001.0,59368.0
2025-12-18T16:54:31.294964,2,3.312546464556926,-0.46795382229656957,1.8468223894059719,501.0,72.0,2.0,653740.0,1.0,1130014.0,51624.0
2025-12-18T16:54:31.390589,3,3.310339618537271,-0.45663976838501785,1.868015726266766,483.0,63.0,1.0,920470.0,1.0,1286847.0,57900.0
2025-12-18T16:54:31.490413,4,3.3067975236400544,-0.44551102207156124,1.8895587767307633,545.0,97.0,2.0,1012309.0,1.0,1570734.0,64131.0
2025-12-18T16:54:31.589537,5,3.302368167022116,-0.4347768274485242,1.9107726282150947,502.0,73.0,2.0,722626.0,1.0,1699040.0,59308.0
2025-12-18T16:54:32.088554,0,3.252153391553794,-0.31786666587180257,2.0538504186026083,443.0,43.0,1.0,535587.0,1.0,1362137.0,64131.0
2025-12-18T16:54:32.189151,1,3.247124899005502,-0.30753233528931023,2.0743996346417206,463.0,53.0,1.0,665123.0,1.0,1424854.0,58155.0
2025-12-18T16:54:32.290614,3,3.2410344463264584,-0.29714748592568796,2.0958942710241724,492.0,68.0,2.0,913023.0,1.0,1284237.0,57432.0
2025-12-18T16:54:32.393315,5,3.2341598312403415,-0.28782683369240525,2.11997596625441,506.0,76.0,2.0,719210.0,1.0,1705955.0,59068.0
2025-12-18T16:54:33.090142,0,3.1455034182106134,-0.17019981180466903,2.3225812360228932,446.0,45.0,1.0,533416.0,1.0,1337921.0,63893.0
2025-12-18T16:54:33.189386,1,3.136443814093405,-0.16187164358583095,2.3398879354000837,465.0,54.0,1.0,676245.0,1.0,1411415.0,57998.0
2025-12-18T16:54:33.291637,2,3.1269854861617477,-0.15370557204452817,2.358157217061424,499.0,72.0,2.0,649110.0,1.0,1111429.0,51694.0
2025-12-18T16:54:33.388621,3,3.1183785625604226,-0.1450396468258477,2.3776635750946165,489.0,66.0,2.0,903800.0,1.0,1277734.0,57587.0
2025-12-18T16:54:33.492411,4,3.1028237658000504,-0.1312579277988939,2.4010921399082013,536.0,92.0,2.0,1008888.0,1.0,1532401.0,64676.0
2025-12-18T16:54:34.089423,0,3.027122674726031,-0.06678406451270336,2.560047990994159,462.0,53.0,1.0,525887.0,1.0,1366293.0,62927.0
2025-12-18T16:54:34.189027,1,3.017614387281135,-0.060845408458667816,2.588567333591442,459.0,51.0,1.0,673960.0,1.0,1416200.0,58353.0
2025-12-18T16:54:34.289456,2,3.00718026737452,-0.05583216988354733,2.607358381942069,506.0,75.0,2.0,666926.0,1.0,1130014.0,51362.0
2025-12-18T16:54:34.390670,3,3.003594524431759,-0.055933581159488543,2.610292900304035,481.0,62.0,1.0,920470.0,1.0,1290336.0,58037.0
2025-12-18T16:54:34.491654,4,3.00303350313009,-0.056148705243866726,2.6102945896807586,544.0,97.0,2.0,1000388.0,1.0,1574460.0,64218.0
2025-12-18T16:54:34.589958,5,2.992212381752056,-0.04747156110138606,2.618032178077073,501.0,73.0,2.0,725567.0,1.0,1712897.0,59368.0
2025-12-18T16:54:35.089443,0,2.988625047153377,-0.04464394499693247,2.62104087707121,454.0,49.0,1.0,531074.0,1.0,1355240.0,63419.0
2025-12-18T16:54:35.189311,1,2.9854213951868784,-0.03966571002812813,2.6373739205065756,456.0,49.0,1.0,676932.0,1.0,1440369.0,58550.0
2025-12-18T16:54:35.294074,2,2.9780280623086344,-0.034678959537185694,2.6606868116341538,486.0,64.0,1.0,649990.0,1.0,1123912.0,52381.0
2025-12-18T16:54:35.390029,4,2.9661231468291986,-0.02892006759727561,2.6848853895575755,526.0,86.0,2.0,1019529.0,1.0,1565427.0,65314.0
2025-12-18T16:54:35.490929,5,2.9535639581916877,-0.0224330852368122,2.715786918519349,495.0,69.0,2.0,729260.0,1.0,1686436.0,59731.0
2025-12-18T16:54:36.090181,0,2.887046404166378,0.000729013253132127,2.8420531958933073,460.0,52.0,1.0,528921.0,1.0,1334304.0,63034.0
2025-12-18T16:54:36.189317,1,2.874168026128025,0.003755722718113308,2.871170023396927,464.0,53.0,1.0,670093.0,1.0,1422926.0,58096.0
2025-12-18T16:54:36.292485,2,2.84434267630718,-0.0005753248860278504,2.9243493920736108,473.0,58.0,1.0,673504.0,1.0,1117842.0,53023.0
2025-12-18T16:54:36.392543,3,2.8316102486634662,-0.0005063967173817296,2.9482229621207745,475.0,59.0,1.0,914570.0,1.0,1260126.0,58372.0
2025-12-18T16:54:36.490124,4,2.820774410835525,0.0019090421729583973,2.9733390454300594,529.0,88.0,2.0,1018495.0,1.0,1569140.0,65115.0
2025-12-18T16:54:36.591001,5,2.8093047276244136,0.00439983866684468,2.9939707738000454,505.0,75.0,2.0,740201.0,1.0,1693873.0,59128.0
2025-12-18T16:54:37.090611,0,2.7500116342620373,0.007557829110411252,3.105017762657784,456.0,50.0,1.0,538859.0,1.0,1365368.0,63312.0
2025-12-18T16:54:37.190293,1,2.7307997840298466,-0.004269270064113151,-3.1282099481986743,482.0,62.0,1.0,659965.0,1.0,1412848.0,57102.0
2025-12-18T16:54:37.288485,2,2.7186503974055136,-0.005972987583196421,-3.0989410963871564,492.0,68.0,2.0,675102.0,1.0,1116707.0,52062.0
2025-12-18T16:54:37.392018,3,2.70681904353597,-0.00587583402402192,-3.0821162439237533,464.0,54.0,1.0,906250.0,1.0,1268255.0,58968.0
2025-12-18T16:54:37.489557,4,2.6965108277690666,-0.00678856058537658,-3.0660139575124155,506.0,75.0,2.0,1033776.0,1.0,1584081.0,66609.0
2025-12-18T16:54:37.589780,5,2.685243895290262,-0.008620841609942698,-3.043997217900501,503.0,74.0,2.0,732723.0,1.0,1709423.0,59268.0
2025-12-18T16:54:38.090259,0,2.6296090750311114,-0.03406058489227792,-2.9207136790711608,453.0,48.0,1.0,531254.0,1.0,1347009.0,63505.0
2025-12-18T16:54:38.189353,1,2.619503513721681,-0.041981425366854896,-2.8959948607603088,482.0,63.0,1.0,671683.0,1.0,1424371.0,57063.0
2025-12-18T16:54:38.290312,2,2.6087132528899053,-0.04517732869422675,-2.8697539817259368,500.0,72.0,2.0,672821.0,1.0,1123912.0,51659.0
2025-12-18T16:54:38.391551,3,2.597568896602958,-0.04733881951304264,-2.8462111830067554,470.0,57.0,1.0,922029.0,1.0,1273416.0,58650.0
2025-12-18T16:54:38.491600,4,2.5863054287998493,-0.05076638186944615,-2.823015508948503,512.0,79.0,2.0,1033776.0,1.0,1565427.0,66182.0
2025-12-18T16:54:38.588935,5,2.575292589664489,-0.05393778515838532,-2.801523085181437,485.0,64.0,1.0,730990.0,1.0,1728622.0,60320.0
2025-12-18T16:54:39.092144,0,2.527769517145936,-0.08213615316456169,-2.683113659479744,447.0,45.0,1.0,524643.0,1.0,1374642.0,63850.0
2025-12-18T16:54:39.188528,1,2.529279784385362,-0.09029202095638889,-2.6728986605874567,475.0,59.0,1.0,668508.0,1.0,1411892.0,57471.0
2025-12-18T16:54:39.290182,2,2.5293227511727947,-0.09037654597567357,-2.673391165038539,494.0,69.0,2.0,665348.0,1.0,1122011.0,51957.0
2025-12-18T16:54:39.390259,3,2.5293227511727947,-0.09037654597567357,-2.673391165038539,475.0,59.0,1.0,895882.0,1.0,1246974.0,58392.0
2025-12-18T16:54:39.490876,4,2.5293227511727947,-0.09037654597567357,-2.673391165038539,497.0,71.0,2.0,1036929.0,1.0,1588913.0,67152.0
2025-12-18T16:54:39.589601,5,2.5293227511727947,-0.09037654597567313,-2.673391165038539,472.0,58.0,1.0,745733.0,1.0,1730964.0,61060.0
2025-12-18T16:54:40.089932,0,2.5214656305986574,-0.10860549442921075,-2.6659925909484934,459.0,51.0,1.0,528206.0,1.0,1348833.0,63140.0
2025-12-18T16:54:40.192805,1,2.5113268822533032,-0.11182244202594616,-2.6414058752053737,487.0,65.0,2.0,666249.0,1.0,1415241.0,56813.0
2025-12-18T16:54:40.290724,2,2.500356233238531,-0.11698561464539559,-2.6041983578319474,498.0,71.0,2.0,655735.0,1.0,1116329.0,51764.0
2025-12-18T16:54:40.390076,3,2.4880526458993177,-0.12484880673036258,-2.5797683040777004,486.0,65.0,2.0,917360.0,1.0,1270833.0,57763.0
2025-12-18T16:54:40.488337,4,2.477685136611406,-0.1331006964747612,-2.5592530234863915,521.0,84.0,2.0,1066471.0,1.0,1581938.0,65624.0
2025-12-18T16:54:40.588756,5,2.467686422007985,-0.13984560880636598,-2.5372134530970767,480.0,61.0,1.0,734213.0,1.0,1711159.0,60607.0
2025-12-18T16:54:41.090920,0,2.424135749799911,-0.17300819231901965,-2.425408478668335,469.0,56.0,1.0,524643.0,1.0,1341549.0,62503.0
2025-12-18T16:54:41.189587,1,2.415657475765166,-0.181559982642443,-2.4064118488680473,467.0,55.0,1.0,676703.0,1.0,1386323.0,57939.0
2025-12-18T16:54:41.292376,2,2.406645892155732,-0.19035217426484197,-2.3816414359208027,484.0,64.0,1.0,673960.0,1.0,1119356.0,52452.0
2025-12-18T16:54:41.389589,3,2.3987208389612826,-0.19833084443202909,-2.357754806971749,477.0,60.0,1.0,913951.0,1.0,1255443.0,58234.0
2025-12-18T16:54:41.490185,4,2.390491862351479,-0.20618021349636573,-2.3372345185252104,491.0,67.0,2.0,1013337.0,1.0,1604585.0,67562.0
2025-12-18T16:54:41.591052,5,2.38292342059885,-0.2140079045524721,-2.316894979695554,481.0,62.0,1.0,740953.0,1.0,1717542.0,60525.0
2025-12-18T16:54:42.090625,0,2.3567858676731586,-0.2526088597958278,-2.19944116382851,455.0,49.0,1.0,529638.0,1.0,1346553.0,63355.0
2025-12-18T16:54:42.190586,1,2.350125205401789,-0.2643303678412656,-2.1821542080703655,459.0,51.0,1.0,660859.0,1.0,1395266.0,58372.0
2025-12-18T16:54:42.289814,2,2.344551486492894,-0.27507390003605847,-2.1594039356503263,479.0,61.0,1.0,658403.0,1.0,1111429.0,52736.0
2025-12-18T16:54:42.389640,3,2.3395993240315267,-0.28462989851676124,-2.130971709473428,477.0,60.0,1.0,934280.0,1.0,1250778.0,58234.0
2025-12-18T16:54:42.491320,4,2.333993121488226,-0.29372916105429425,-2.1091699166284537,507.0,76.0,2.0,1036228.0,1.0,1582473.0,66496.0
2025-12-18T16:54:42.588281,5,2.328604360907531,-0.30364561445252125,-2.087500220730401,484.0,64.0,1.0,743717.0,1.0,1706532.0,60341.0
2025-12-18T16:54:43.088902,0,2.315995266827535,-0.3588177694626804,-1.9605193618228494,458.0,51.0,1.0,526778.0,1.0,1354323.0,63162.0
2025-12-18T16:54:43.189633,1,2.312576978612479,-0.3695347582131707,-1.9349774152260142,478.0,61.0,1.0,679457.0,1.0,1413327.0,57296.0
2025-12-18T16:54:43.290855,2,2.3083620074684172,-0.379767906553381,-1.9131976206368446,486.0,65.0,2.0,669867.0,1.0,1102810.0,52381.0
2025-12-18T16:54:43.387553,3,2.3052363138992638,-0.39077018549747944,-1.8891606714697842,480.0,62.0,1.0,920470.0,1.0,1278599.0,58096.0
2025-12-18T16:54:43.492299,4,2.301688002246479,-0.4016619604140583,-1.8689794063068357,485.0,64.0,1.0,1039389.0,1.0,1576593.0,67975.0
2025-12-18T16:54:43.590887,5,2.298597442657025,-0.4126302883583195,-1.8472989774825122,495.0,70.0,2.0,730495.0,1.0,1693300.0,59711.0
2025-12-18T16:54:44.091139,0,2.2933491664221926,-0.45869502547371876,-1.7310905649594648,468.0,55.0,1.0,530715.0,1.0,1333401.0,62608.0
2025-12-18T16:54:44.189277,1,2.2924596192843865,-0.4600876922635999,-1.7311163993899916,490.0,67.0,2.0,672138.0,1.0,1417159.0,56640.0
2025-12-18T16:54:44.290630,2,2.2896264635726222,-0.46671046213780487,-1.724952846326283,511.0,78.0,2.0,674645.0,1.0,1091670.0,51137.0
2025-12-18T16:54:44.389532,3,2.2881042285557953,-0.47659064400187257,-1.7214760833322418,463.0,53.0,1.0,908400.0,1.0,1257144.0,59028.0
2025-12-18T16:54:44.492777,4,2.2861316594308043,-0.49032093689252854,-1.716547162097527,473.0,58.0,1.0,1024718.0,1.0,1600788.0,68739.0
2025-12-18T16:54:44.589770,5,2.2842879090538437,-0.5054498465294128,-1.7101205215535933,469.0,56.0,1.0,722137.0,1.0,1689293.0,61246.0
2025-12-18T16:54:45.088063,2,2.2874364887418914,-0.5717840519265516,-1.6837746151161448,507.0,76.0,2.0,646261.0,1.0,1098340.0,51310.0
2025-12-18T16:54:45.190039,3,2.2866705668218206,-0.5822666309064348,-1.6708645307412697,496.0,70.0,2.0,919536.0,1.0,1290773.0,57218.0
2025-12-18T16:54:45.288910,4,2.2860114970919083,-0.5929176038460855,-1.6484755279122685,502.0,73.0,2.0,1061430.0,1.0,1567547.0,66857.0
2025-12-18T16:54:45.388050,5,2.2854383643186895,-0.6046203751840755,-1.6245527404242142,481.0,62.0,1.0,749275.0,1.0,1680738.0,60566.0
2025-12-18T16:54:46.090243,0,2.2860893295324036,-0.6850943232337379,-1.5593785441952162,453.0,48.0,1.0,530715.0,1.0,1335207.0,63526.0
2025-12-18T16:54:46.189197,1,2.286089480495028,-0.6966475749754961,-1.5571571185229225,487.0,65.0,2.0,665573.0,1.0,1400944.0,56832.0
2025-12-18T16:54:46.291669,2,2.2858721460877813,-0.7082815582581401,-1.5571676293407564,522.0,84.0,2.0,660859.0,1.0,1100573.0,50603.0
2025-12-18T16:54:46.388207,3,2.2862139188858355,-0.7198925881333667,-1.5581464615798848,481.0,62.0,1.0,909630.0,1.0,1255018.0,58057.0
2025-12-18T16:54:46.489643,4,2.2859860660627587,-0.7320050706545347,-1.5581528904115776,503.0,73.0,2.0,1032377.0,1.0,1582473.0,66812.0
2025-12-18T16:54:46.589117,5,2.302459393451218,-0.7382645294164285,-1.5493233431508284,478.0,61.0,1.0,723360.0,1.0,1699040.0,60710.0
2025-12-18T16:54:47.088703,0,2.315937235594384,-0.7910484860995046,-1.543723676252153,470.0,57.0,1.0,528564.0,1.0,1329795.0,62460.0
2025-12-18T16:54:47.189312,1,2.3155766502769155,-0.8020975071214402,-1.543243594083403,478.0,61.0,1.0,661530.0,1.0,1374642.0,57296.0
2025-12-18T16:54:47.292193,2,2.3154599494880976,-0.8137885919140833,-1.5474600742467506,515.0,80.0,2.0,649330.0,1.0,1097969.0,50930.0
2025-12-18T16:54:47.390268,3,2.315453054454933,-0.8248810079822868,-1.539557629170593,499.0,71.0,2.0,897095.0,1.0,1238981.0,57063.0
2025-12-18T16:54:47.489539,4,2.3152698155093483,-0.8367231638921937,-1.5385848297154217,518.0,82.0,2.0,1021948.0,1.0,1576059.0,65802.0
2025-12-18T16:54:47.593425,5,2.315729158749013,-0.8484318724429349,-1.5420549551608318,496.0,70.0,2.0,736453.0,1.0,1694446.0,59671.0
2025-12-18T16:54:48.090250,0,2.3181680219564464,-0.9070059050146311,-1.5411077559036006,464.0,54.0,1.0,530355.0,1.0,1359834.0,62821.0
2025-12-18T16:54:48.188928,1,2.3185369806523095,-0.919185522451613,-1.5401194730838113,509.0,77.0,2.0,654848.0,1.0,1388671.0,55633.0
2025-12-18T16:54:48.290576,2,2.3190229754119613,-0.9308085617435427,-1.5423218787317083,505.0,75.0,2.0,666249.0,1.0,1090562.0,51397.0
2025-12-18T16:54:48.391161,3,2.319636872241676,-0.9420165492057386,-1.5403500641904213,509.0,77.0,2.0,905331.0,1.0,1244865.0,56487.0
2025-12-18T16:54:48.492476,4,2.319648084938192,-0.9536898004720273,-1.5415994843201413,495.0,69.0,2.0,1040797.0,1.0,1566487.0,67311.0
2025-12-18T16:54:48.590662,5,2.320492991987112,-0.9649660324041742,-1.541838409279622,465.0,54.0,1.0,728273.0,1.0,1685866.0,61475.0
2025-12-18T16:54:49.090768,0,2.322662438059245,-1.023179456602554,-1.5398311896990884,466.0,54.0,1.0,529459.0,1.0,1315916.0,62715.0
2025-12-18T16:54:49.190547,1,2.3369799176189554,-1.027522919458134,-1.5121723838630525,510.0,78.0,2.0,661530.0,1.0,1383979.0,55558.0
2025-12-18T16:54:49.288245,2,2.3445538443759464,-1.0365803879009998,-1.5031062878362127,517.0,81.0,2.0,667603.0,1.0,1085039.0,50826.0
2025-12-18T16:54:49.391805,3,2.3451221333423935,-1.048463631009694,-1.504353627048769,510.0,77.0,2.0,886831.0,1.0,1225219.0,56468.0
2025-12-18T16:54:49.491080,4,2.34575707587132,-1.0596428498358872,-1.505863981075491,513.0,79.0,2.0,1027149.0,1.0,1586764.0,66160.0
2025-12-18T16:54:49.591884,5,2.3461157824291274,-1.0642761014217255,-1.4953070374020938,467.0,55.0,1.0,731484.0,1.0,1699615.0,61350.0
2025-12-18T16:54:50.096125,0,2.3446173750051162,-1.0924927575219758,-1.5018504538475508,465.0,54.0,1.0,526421.0,1.0,1349290.0,62757.0
2025-12-18T16:54:50.187840,1,2.3466112157874135,-1.1078883583606058,-1.4966449610229409,503.0,74.0,2.0,662875.0,1.0,1381171.0,55954.0
2025-12-18T16:54:50.291660,2,2.349227977759208,-1.1222843592692735,-1.4951706198489711,493.0,68.0,2.0,677161.0,1.0,1099456.0,52045.0
2025-12-18T16:54:50.389943,3,2.350896390288855,-1.1349177083136064,-1.498379032342508,503.0,73.0,2.0,909630.0,1.0,1235630.0,56851.0
2025-12-18T16:54:50.489288,4,2.352157460000735,-1.1465840577494342,-1.50061300175167,495.0,69.0,2.0,1033776.0,1.0,1584081.0,67334.0
2025-12-18T16:54:50.590023,5,2.3523926114734204,-1.1573904274922653,-1.501837393596672,479.0,61.0,1.0,745228.0,1.0,1699615.0,60668.0
2025-12-18T16:54:51.090195,0,2.356147945520704,-1.2138756750337145,-1.5060146160359829,462.0,53.0,1.0,531254.0,1.0,1340641.0,62927.0
2025-12-18T16:54:51.190069,1,2.3571836291976327,-1.2256841546980837,-1.5089920812371769,502.0,73.0,2.0,662875.0,1.0,1376504.0,55992.0
2025-12-18T16:54:51.290719,3,2.3582063665379707,-1.2373232949405943,-1.5045574102141797,490.0,67.0,2.0,909323.0,1.0,1220667.0,57568.0
2025-12-18T16:54:51.389588,4,2.3590913186688893,-1.2492891090650469,-1.5075351877027974,461.0,52.0,1.0,1047157.0,1.0,1588913.0,69534.0
2025-12-18T16:54:51.491746,5,2.35945651577469,-1.2602461079966212,-1.5033219700621008,473.0,58.0,1.0,717023.0,1.0,1715799.0,61019.0
2025-12-18T16:54:52.090281,0,2.3857603865189674,-1.3202219160929938,-1.4866575433639244,468.0,56.0,1.0,531793.0,1.0,1323509.0,62566.0
2025-12-18T16:54:52.189829,1,2.3867193075230735,-1.3318865919296752,-1.489125207792678,510.0,78.0,2.0,668055.0,1.0,1374642.0,55558.0
2025-12-18T16:54:52.291160,2,2.3877490069272462,-1.3436931408495452,-1.4863977267438915,500.0,72.0,2.0,661978.0,1.0,1091670.0,51676.0
2025-12-18T16:54:52.390245,3,2.388428796689453,-1.355261457907398,-1.4888785719673678,490.0,67.0,2.0,888935.0,1.0,1228541.0,57548.0
2025-12-18T16:54:52.492920,4,2.3892333793310714,-1.3665255142836015,-1.4851726470368385,501.0,72.0,2.0,1037631.0,1.0,1581938.0,66948.0
2025-12-18T16:54:52.588948,5,2.3899121133781325,-1.3779221645657025,-1.4905931684770963,474.0,58.0,1.0,751815.0,1.0,1697891.0,60977.0
2025-12-18T16:54:53.090887,0,2.394709407350887,-1.4363937594716116,-1.4900396233240798,477.0,60.0,1.0,524288.0,1.0,1330246.0,62060.0
2025-12-18T16:54:53.188908,1,2.396074878305349,-1.448036619474948,-1.4897816753225297,501.0,73.0,2.0,660188.0,1.0,1391022.0,56068.0
2025-12-18T16:54:53.290915,2,2.3971501205638357,-1.4600877864022026,-1.4912692319252872,567.0,111.0,2.0,645823.0,1.0,1073715.0,48458.0
2025-12-18T16:54:53.391258,3,2.3982417336892605,-1.4715637503176724,-1.4922554425815555,585.0,122.0,2.0,874610.0,1.0,1158673.0,52540.0
2025-12-18T16:54:53.489805,4,2.399742431208546,-1.4836857525944434,-1.4900387848701437,523.0,85.0,2.0,1018495.0,1.0,1549088.0,65536.0
2025-12-18T16:54:53.589847,5,2.4004756256738498,-1.4953589809668393,-1.4939900116624347,457.0,50.0,1.0,729754.0,1.0,1703647.0,61955.0
2025-12-18T16:54:54.090846,0,2.403433531487729,-1.5196661230275303,-1.5013685411003141,491.0,67.0,2.0,525175.0,1.0,1330696.0,61246.0
2025-12-18T16:54:54.189469,1,2.403433531487729,-1.5196661230275308,-1.5013685411003141,525.0,86.0,2.0,661978.0,1.0,1363983.0,54774.0
2025-12-18T16:54:54.288401,2,2.403433531487729,-1.5196661230275303,-1.5013685411003141,627.0,151.0,2.0,635201.0,1.0,1016773.0,45748.0
2025-12-18T16:54:54.390717,3,2.403433531487729,-1.5196661230275303,-1.5013685411003141,622.0,147.0,2.0,824033.0,1.0,1097969.0,50740.0
2025-12-18T16:54:54.491115,4,2.4135115569316716,-1.5351843204687232,-1.4811457630626574,594.0,128.0,2.0,952479.0,1.0,1498550.0,61246.0
2025-12-18T16:54:54.587216,5,2.418442435180358,-1.5491218897668078,-1.4776720407035844,508.0,77.0,2.0,721404.0,1.0,1669400.0,58968.0
2025-12-18T16:54:55.088463,0,2.42607558658005,-1.6163005128486785,-1.4754513798362128,497.0,70.0,2.0,514444.0,1.0,1318591.0,60874.0
2025-12-18T16:54:55.190466,1,2.427109302224205,-1.6271332857751066,-1.4719417218123703,585.0,122.0,2.0,635201.0,1.0,1320824.0,51711.0
2025-12-18T16:54:55.292553,2,2.4284211347745805,-1.637969502345442,-1.4736914000609753,690.0,197.0,2.0,609301.0,1.0,994312.0,43132.0
2025-12-18T16:54:55.389203,3,2.4289104940097546,-1.6481247870032738,-1.4766052924349127,675.0,186.0,2.0,844360.0,1.0,1076990.0,48229.0
2025-12-18T16:54:55.488606,4,2.430013787960115,-1.6594772538158553,-1.4701980350826245,619.0,145.0,2.0,954092.0,1.0,1436961.0,59792.0
2025-12-18T16:54:55.590669,5,2.431294131569445,-1.6718400413257484,-1.4753906617192651,513.0,79.0,2.0,707860.0,1.0,1626456.0,58709.0
2025-12-18T16:54:56.090896,0,2.436642517473113,-1.7296636998734631,-1.4763902443240164,507.0,76.0,2.0,511320.0,1.0,1304829.0,60259.0
2025-12-18T16:54:56.188520,1,2.4377915700297956,-1.7411080537570967,-1.4721995433750854,608.0,137.0,2.0,628784.0,1.0,1312358.0,50620.0
2025-12-18T16:54:56.291473,2,2.4391187192229746,-1.7535351906371752,-1.4746799933349528,736.0,237.0,3.0,591021.0,1.0,960897.0,41275.0
2025-12-18T16:54:56.390933,3,2.4396553178230347,-1.7646293078359279,-1.473458234898166,691.0,199.0,2.0,821805.0,1.0,1047157.0,47500.0
2025-12-18T16:54:56.490661,4,2.4410013245090636,-1.7763560165467003,-1.4734500900127872,648.0,165.0,2.0,925468.0,1.0,1404743.0,58175.0
2025-12-18T16:54:57.090664,0,2.4467033566257856,-1.8450919532250882,-1.4791034464347563,535.0,91.0,2.0,510110.0,1.0,1285977.0,58709.0
2025-12-18T16:54:57.188767,1,2.4478214996027594,-1.8564749474493123,-1.4758906768343982,661.0,175.0,2.0,618443.0,1.0,1278599.0,48131.0
2025-12-18T16:54:57.292031,2,2.4487373619288375,-1.8677250418531783,-1.4805795460931952,751.0,249.0,3.0,600701.0,1.0,935546.0,40720.0
2025-12-18T16:54:57.391726,4,2.4496480686602506,-1.8791653068620915,-1.475370583503764,697.0,203.0,2.0,908400.0,1.0,1371389.0,55520.0
2025-12-18T16:54:57.491400,5,2.4512344817589025,-1.8912094343448798,-1.47763682959754,565.0,110.0,2.0,676932.0,1.0,1577126.0,55860.0
2025-12-18T16:54:58.090880,0,2.4786357531198293,-1.9447087409723949,-1.449011107826893,536.0,92.0,2.0,512532.0,1.0,1284672.0,58610.0
2025-12-18T16:54:58.189702,1,2.480220713836707,-1.9564429576228282,-1.4502399686909417,675.0,186.0,2.0,611367.0,1.0,1261406.0,47500.0
2025-12-18T16:54:58.292082,2,2.4814388614172596,-1.9678257168714348,-1.4509731416923106,765.0,263.0,3.0,600701.0,1.0,940944.0,40186.0
2025-12-18T16:54:58.387721,3,2.483409711183966,-1.9789649340502429,-1.4482776564242823,709.0,213.0,2.0,815985.0,1.0,1015741.0,46734.0
2025-12-18T16:54:58.490313,4,2.4850714854237257,-1.9811199064852199,-1.4510072661962956,705.0,209.0,2.0,906864.0,1.0,1307481.0,55146.0
2025-12-18T16:54:58.588139,5,2.4851425998397767,-1.9809187533527988,-1.451498980398948,598.0,131.0,2.0,681760.0,1.0,1515894.0,54129.0
2025-12-18T16:54:59.089662,0,2.4826064406486665,-1.9850109107808005,-1.455206940852597,544.0,97.0,2.0,514444.0,1.0,1278166.0,58195.0
2025-12-18T16:54:59.191009,1,2.4838539102039423,-1.9948593444535132,-1.4537156873827994,661.0,175.0,2.0,612817.0,1.0,1272986.0,48115.0
2025-12-18T16:54:59.290235,2,2.4851220421110702,-2.0088344414818424,-1.4450631996728798,724.0,225.0,3.0,609095.0,1.0,934280.0,41795.0
2025-12-18T16:54:59.389115,3,2.4873738831129266,-2.0243981345564372,-1.4465587177844617,720.0,222.0,3.0,815433.0,1.0,1020911.0,46262.0
2025-12-18T16:54:59.493925,4,2.490327718884995,-2.0388094258431595,-1.4455697037098552,695.0,201.0,2.0,906557.0,1.0,1337921.0,55652.0
2025-12-18T16:54:59.589669,5,2.4920238218745125,-2.0512837915499658,-1.4477947398854332,618.0,144.0,2.0,673048.0,1.0,1491467.0,53112.0
2025-12-18T16:55:00.088261,0,2.49823544565929,-2.1055806772145473,-1.44804532410119,548.0,99.0,2.0,509592.0,1.0,1278166.0,57978.0
2025-12-18T16:55:00.189770,1,2.5002284936673655,-2.118079401680093,-1.4453170757388019,669.0,181.0,2.0,619490.0,1.0,1258847.0,47774.0
2025-12-18T16:55:00.291393,2,2.5015662343912957,-2.130025413801904,-1.4504907420256252,707.0,211.0,2.0,602738.0,1.0,944454.0,42451.0
2025-12-18T16:55:00.391880,3,2.502757126161933,-2.1412370191205876,-1.4445450783671485,693.0,199.0,2.0,797150.0,1.0,988273.0,47468.0
2025-12-18T16:55:00.497542,4,2.5046714062149804,-2.1526413315556026,-1.4499601801852708,663.0,176.0,2.0,927035.0,1.0,1336564.0,57373.0
2025-12-18T16:55:00.590410,5,2.505587805166108,-2.1634106123949275,-1.4489652915048878,637.0,157.0,2.0,668960.0,1.0,1476899.0,52168.0
2025-12-18T16:55:01.090419,0,2.5243943051698903,-2.2139050399028246,-1.4365659296853082,547.0,99.0,2.0,511320.0,1.0,1255443.0,58018.0
2025-12-18T16:55:01.189422,1,2.5262572687465488,-2.225506351175798,-1.4355604024355817,643.0,162.0,2.0,622643.0,1.0,1268255.0,48952.0
2025-12-18T16:55:01.291056,2,2.527513999237985,-2.2366512493745985,-1.4363221733614733,713.0,216.0,2.0,602330.0,1.0,940944.0,42236.0
2025-12-18T16:55:01.389920,3,2.5292217819307767,-2.2477600320233155,-1.4343478019046167,702.0,207.0,2.0,818474.0,1.0,997008.0,47068.0
2025-12-18T16:55:01.489178,4,2.5308560123886936,-2.2594458147474588,-1.4405004833284867,669.0,181.0,2.0,911788.0,1.0,1321719.0,57044.0
2025-12-18T16:55:01.589448,5,2.5321871305977903,-2.271055629625275,-1.439505846333373,636.0,156.0,2.0,664897.0,1.0,1470416.0,52239.0
2025-12-18T16:55:02.089322,0,2.539391419623617,-2.3275546893559107,-1.4350572835565871,550.0,100.0,2.0,505812.0,1.0,1231455.0,57861.0
2025-12-18T16:55:02.189772,1,2.5411206294198014,-2.339180317050685,-1.438267717467883,636.0,157.0,2.0,620539.0,1.0,1253744.0,49301.0
2025-12-18T16:55:02.289243,2,2.542197846107657,-2.3505774229335845,-1.4379993342459731,714.0,217.0,2.0,600295.0,1.0,926095.0,42179.0
2025-12-18T16:55:02.395236,3,2.5443940002672933,-2.3625969231027897,-1.437514899445813,703.0,208.0,2.0,804195.0,1.0,960897.0,47004.0
2025-12-18T16:55:02.489932,5,2.545562507588578,-2.3733230330327264,-1.4391517558328148,626.0,149.0,2.0,646479.0,1.0,1461485.0,52736.0
2025-12-18T16:55:03.090291,0,2.5558837642349324,-2.433414091415419,-1.4327464324848285,540.0,95.0,2.0,505127.0,1.0,1242340.0,58412.0
2025-12-18T16:55:03.189599,1,2.5560006577347045,-2.433191021856891,-1.4345853351522289,620.0,145.0,2.0,620749.0,1.0,1244023.0,50075.0
2025-12-18T16:55:03.289993,2,2.553146574153545,-2.432764956351307,-1.4259409664915836,742.0,241.0,3.0,600295.0,1.0,909938.0,41094.0
2025-12-18T16:55:03.389312,3,2.5521279308142906,-2.432610378410185,-1.4227333933113104,729.0,230.0,3.0,794994.0,1.0,957003.0,45872.0
2025-12-18T16:55:03.490901,4,2.5521279308142906,-2.432610378410185,-1.4227333933113104,661.0,175.0,2.0,912097.0,1.0,1306597.0,57471.0
2025-12-18T16:55:03.591528,5,2.5521279308142906,-2.432610378410185,-1.4227333933113104,629.0,152.0,2.0,672821.0,1.0,1444275.0,52558.0
2025-12-18T16:55:04.089808,2,2.557933733434597,-2.4895856121552935,-1.4255243867443887,745.0,244.0,3.0,596245.0,1.0,899223.0,40969.0
2025-12-18T16:55:04.189903,3,2.5607669532777,-2.503872550699222,-1.4233009876793166,717.0,220.0,3.0,804195.0,1.0,950225.0,46403.0
2025-12-18T16:55:04.292445,4,2.562500569806329,-2.5170277109961843,-1.4262690372861473,695.0,202.0,2.0,900137.0,1.0,1272555.0,55652.0
2025-12-18T16:55:04.390100,5,2.5644127801407794,-2.5291026162459453,-1.426546318189783,623.0,148.0,2.0,655291.0,1.0,1437447.0,52861.0
2025-12-18T16:55:05.089785,0,2.576608402364484,-2.6162452204474853,-1.4235175112445562,539.0,94.0,2.0,501211.0,1.0,1250778.0,58471.0
2025-12-18T16:55:05.189412,1,2.5775946252108826,-2.6280233193975477,-1.4190389660915308,635.0,156.0,2.0,625389.0,1.0,1249086.0,49335.0
2025-12-18T16:55:05.292856,2,2.5801674833399315,-2.6406643289182354,-1.4193048130298005,744.0,243.0,3.0,603963.0,1.0,909630.0,41025.0
2025-12-18T16:55:05.389434,3,2.582115448304182,-2.6529695165126554,-1.4202728139483085,709.0,213.0,2.0,791772.0,1.0,940307.0,46766.0
2025-12-18T16:55:05.490833,4,2.58420841025449,-2.6659679816140396,-1.4163455375781606,702.0,207.0,2.0,880252.0,1.0,1270833.0,55333.0
2025-12-18T16:55:05.591248,5,2.5864552364910405,-2.6786804158862267,-1.418364459187586,623.0,147.0,2.0,658849.0,1.0,1427750.0,52897.0
2025-12-18T16:55:06.088601,0,2.5973175151641605,-2.743264833042248,-1.4154078366491833,554.0,103.0,2.0,505812.0,1.0,1248240.0,57626.0
2025-12-18T16:55:06.189595,1,2.6028873905963863,-2.7598083827532167,-1.417338772691525,644.0,162.0,2.0,619280.0,1.0,1241079.0,48952.0
2025-12-18T16:55:06.290419,2,2.6165747952500142,-2.7868731645684233,-1.4061206957228767,700.0,205.0,2.0,603759.0,1.0,896185.0,42768.0
2025-12-18T16:55:06.391759,3,2.6187809325138547,-2.7992551200774645,-1.4073344771985579,687.0,195.0,2.0,805557.0,1.0,940626.0,47758.0
2025-12-18T16:55:06.494788,4,2.619806972252288,-2.8119709812756257,-1.4068164924401745,697.0,203.0,2.0,893157.0,1.0,1257569.0,55577.0
2025-12-18T16:55:06.589358,5,2.6226524901413053,-2.824764008460383,-1.4070779750391402,655.0,170.0,2.0,666249.0,1.0,1395266.0,51328.0
2025-12-18T16:55:07.090838,0,2.6325027025751195,-2.888275342769,-1.407367331478023,555.0,104.0,2.0,504273.0,1.0,1227295.0,57587.0
2025-12-18T16:55:07.189974,1,2.6343562611726816,-2.9011805354039324,-1.4058774679732398,647.0,165.0,2.0,614478.0,1.0,1233959.0,48803.0
2025-12-18T16:55:07.290816,2,2.6369004025928082,-2.914202272826621,-1.409835663017667,681.0,190.0,2.0,608683.0,1.0,893157.0,43557.0
2025-12-18T16:55:07.389640,3,2.6387093664079586,-2.926190435656398,-1.407607446341106,664.0,177.0,2.0,808015.0,1.0,943495.0,48820.0
2025-12-18T16:55:07.492588,4,2.6414004493786627,-2.938473868465459,-1.4095889478009969,677.0,187.0,2.0,906864.0,1.0,1269543.0,56659.0
2025-12-18T16:55:07.590109,5,2.642865787426767,-2.9510437721011686,-1.4100804446643123,663.0,176.0,2.0,643641.0,1.0,1401419.0,50947.0
2025-12-18T16:55:08.089444,0,2.6488178092882273,-3.013605897163951,-1.5156199614710248,559.0,106.0,2.0,498166.0,1.0,1203030.0,57354.0
2025-12-18T16:55:08.190051,1,2.64856407857148,-3.0259060079866473,-1.5461379794715908,646.0,164.0,2.0,618024.0,1.0,1236049.0,48853.0
2025-12-18T16:55:08.288724,2,2.648683965926677,-3.0381380491297203,-1.563367814169932,670.0,182.0,2.0,608065.0,1.0,904718.0,43987.0
2025-12-18T16:55:08.388619,3,2.649073751592741,-3.0505096035308865,-1.5851432514390758,664.0,177.0,2.0,806649.0,1.0,958299.0,48787.0
2025-12-18T16:55:08.488916,4,2.647683288975913,-3.06289576833517,-1.6133332368429627,659.0,173.0,2.0,898919.0,1.0,1269973.0,57646.0
2025-12-18T16:55:08.587827,5,2.6461147037203285,-3.076819467437864,-1.6553941053607995,652.0,168.0,2.0,655513.0,1.0,1370461.0,51449.0
2025-12-18T16:55:09.093057,0,2.6367821862817364,-3.1393882662436123,-1.7787432485474732,558.0,105.0,2.0,500871.0,1.0,1224805.0,57432.0
2025-12-18T16:55:09.213745,1,2.634442695735848,-3.152491751314547,-1.8074491343493753,639.0,159.0,2.0,614063.0,1.0,1226879.0,49185.0
2025-12-18T16:55:09.289059,2,2.6311258797285064,-3.1650913494249564,-1.8357140928371503,658.0,172.0,2.0,608271.0,1.0,913023.0,44526.0
2025-12-18T16:55:09.390628,3,2.6290972169894924,-3.1734956151949225,-1.8539290611907615,644.0,162.0,2.0,829911.0,1.0,954738.0,49737.0
2025-12-18T16:55:09.488524,4,2.6404227848313706,-3.2019776920801757,-1.869022863975179,642.0,161.0,2.0,925155.0,1.0,1295588.0,58550.0
2025-12-18T16:55:09.588420,5,2.639730620267078,-3.215422006543526,-1.8939391140197899,652.0,168.0,2.0,647574.0,1.0,1399049.0,51484.0
2025-12-18T16:55:10.089516,0,2.617944419803837,-3.2689770846122115,-2.0086187197750105,566.0,110.0,2.0,497661.0,1.0,1189669.0,56986.0
2025-12-18T16:55:10.193122,1,2.6150087153332535,-3.289892158764685,-2.0306224080393394,629.0,152.0,2.0,613439.0,1.0,1240239.0,49653.0
2025-12-18T16:55:10.294358,2,2.6290469883826133,-3.326278438008874,-2.0346278873097114,650.0,167.0,2.0,609507.0,1.0,910863.0,44859.0
2025-12-18T16:55:10.406583,3,2.62581741205974,-3.3400662667462933,-2.0598974805457897,632.0,154.0,2.0,821527.0,1.0,956031.0,50330.0
2025-12-18T16:55:10.487930,4,2.6204816728051217,-3.3510423977231696,-2.085995532724256,635.0,156.0,2.0,910555.0,1.0,1299980.0,58968.0
2025-12-18T16:55:10.594394,5,2.6148191877079556,-3.3627966077278093,-2.1103776758726873,634.0,155.0,2.0,658181.0,1.0,1357995.0,52363.0
2025-12-18T16:55:11.090312,0,2.5797006017693014,-3.412778682252142,-2.2448300968407393,568.0,111.0,2.0,502740.0,1.0,1214896.0,56909.0
2025-12-18T16:55:11.190472,1,2.5698580475238475,-3.412139419694451,-2.2720837638424896,611.0,139.0,2.0,619909.0,1.0,1224805.0,50535.0
2025-12-18T16:55:11.290220,3,2.5615780274522804,-3.42030083932849,-2.2921427166728985,622.0,147.0,2.0,828508.0,1.0,967096.0,50792.0
2025-12-18T16:55:11.390536,4,2.553002423586995,-3.429843741448878,-2.318934569033893,617.0,143.0,2.0,946053.0,1.0,1293397.0,59995.0
2025-12-18T16:55:11.495062,5,2.54427934357661,-3.438334226273941,-2.351777342814678,625.0,149.0,2.0,666926.0,1.0,1373712.0,52808.0
2025-12-18T16:55:12.088625,0,2.5298227869702425,-3.46699093109345,-2.392382933515399,552.0,101.0,2.0,507698.0,1.0,1203030.0,57802.0
2025-12-18T16:55:12.189807,1,2.521594520423156,-3.4738672774591226,-2.4262311143640742,607.0,137.0,2.0,622222.0,1.0,1255443.0,50706.0
2025-12-18T16:55:12.289342,2,2.5100804156438326,-3.483635637297731,-2.452712249263172,615.0,142.0,2.0,606010.0,1.0,923278.0,46372.0
2025-12-18T16:55:12.391674,3,2.4985359049636493,-3.4943455418654046,-2.4820463395375882,608.0,137.0,2.0,829630.0,1.0,973994.0,51467.0
2025-12-18T16:55:12.489299,4,2.4870112365107193,-3.504646199444474,-2.504952941847832,593.0,127.0,2.0,925155.0,1.0,1314581.0,61350.0
2025-12-18T16:55:12.591034,5,2.476146578392362,-3.5127144245295154,-2.533515341278697,605.0,135.0,2.0,663324.0,1.0,1394794.0,53855.0
2025-12-18T16:55:13.089442,0,2.418726558275493,-3.544637268282316,-2.667864622890746,561.0,107.0,2.0,502059.0,1.0,1192490.0,57296.0
2025-12-18T16:55:13.192124,1,2.4027856218307986,-3.552399131197266,-2.6916196998986583,593.0,127.0,2.0,618443.0,1.0,1251201.0,51415.0
2025-12-18T16:55:13.289295,2,2.3912037562032,-3.557801460127531,-2.7209955974070574,616.0,142.0,2.0,620329.0,1.0,913332.0,46340.0
2025-12-18T16:55:13.392290,3,2.379665270518917,-3.56283970932849,-2.7497378464604325,596.0,129.0,2.0,828508.0,1.0,985934.0,52080.0
2025-12-18T16:55:13.488563,4,2.368541281013228,-3.5679399763430526,-2.7704289032327516,580.0,119.0,2.0,929234.0,1.0,1311026.0,62144.0
2025-12-18T16:55:13.595518,5,2.3570372480449575,-3.5729709409284034,-2.7959417479650224,596.0,129.0,2.0,662875.0,1.0,1391022.0,54276.0
2025-12-18T16:55:14.089507,0,2.288291798656825,-3.5961392318834546,-2.921842493723182,562.0,108.0,2.0,509764.0,1.0,1191684.0,57238.0
2025-12-18T16:55:14.189684,1,2.275838560711435,-3.5986725874685286,-2.9463143663793074,603.0,134.0,2.0,619490.0,1.0,1235212.0,50930.0
2025-12-18T16:55:14.288685,2,2.263555395010598,-3.6021138931428016,-2.969312535503848,617.0,143.0,2.0,627296.0,1.0,925781.0,46293.0
2025-12-18T16:55:14.390265,3,2.2513670040688627,-3.6039291976608108,-2.9978919766519048,585.0,122.0,2.0,843218.0,1.0,993976.0,52647.0
2025-12-18T16:55:14.492866,4,2.239215728276339,-3.6041967059591684,-3.021933422034842,595.0,128.0,2.0,949582.0,1.0,1287719.0,61267.0
2025-12-18T16:55:14.589658,5,2.226920956003589,-3.605796017195898,-3.047518399787513,594.0,128.0,2.0,673960.0,1.0,1392436.0,54404.0
2025-12-18T16:55:15.089674,0,2.158986504756545,-3.616148174470633,3.119368144444898,546.0,98.0,2.0,506325.0,1.0,1207518.0,58136.0
2025-12-18T16:55:15.192683,1,2.145608674398166,-3.616129464851901,3.0935771933296783,592.0,127.0,2.0,622854.0,1.0,1240659.0,51449.0
2025-12-18T16:55:15.290620,2,2.1325702115085066,-3.615384359861255,3.0673423612159914,570.0,113.0,2.0,621380.0,1.0,925468.0,48392.0
2025-12-18T16:55:15.392699,3,2.1197031154315353,-3.6154770802594625,3.0456370746628383,567.0,110.0,2.0,838097.0,1.0,970703.0,53564.0
2025-12-18T16:55:15.489205,4,2.1071527424635628,-3.6139538644614793,3.0139904224338276,565.0,110.0,2.0,934280.0,1.0,1315026.0,63034.0
2025-12-18T16:55:15.592447,5,2.0954998567523675,-3.611566449335103,2.9858877567405537,590.0,125.0,2.0,680608.0,1.0,1392907.0,54626.0
2025-12-18T16:55:16.089375,0,2.042344575565772,-3.6070590432538725,2.887977712946186,567.0,111.0,2.0,499010.0,1.0,1208335.0,56967.0
2025-12-18T16:55:16.190916,1,2.0421724346766283,-3.6071603941220793,2.887243934378142,590.0,125.0,2.0,629210.0,1.0,1246974.0,51571.0
2025-12-18T16:55:16.287453,2,2.0421724346766283,-3.6071603941220793,2.887243934378142,594.0,128.0,2.0,628572.0,1.0,927977.0,47307.0
2025-12-18T16:55:16.394107,3,2.0421724346766283,-3.6071603941220793,2.887243934378142,586.0,123.0,2.0,848084.0,1.0,993976.0,52558.0
2025-12-18T16:55:16.489027,4,2.0421724346766283,-3.6071603941220793,2.887243934378142,581.0,120.0,2.0,975974.0,1.0,1313247.0,62060.0
2025-12-18T16:55:16.591480,5,2.044265902981927,-3.60879949055391,2.9039783094192746,590.0,125.0,2.0,689651.0,1.0,1399049.0,54607.0
2025-12-18T16:55:17.089683,0,2.013906004595339,-3.5979414729211774,2.8525499128853697,550.0,100.0,2.0,504103.0,1.0,1184446.0,57920.0
2025-12-18T16:55:17.191031,1,1.9976396774485843,-3.595195022741873,2.824559388681456,598.0,131.0,2.0,619490.0,1.0,1231039.0,51154.0
2025-12-18T16:55:17.288723,2,1.9825524886718564,-3.5926511153603338,2.798234308864355,584.0,121.0,2.0,626448.0,1.0,928291.0,47790.0
2025-12-18T16:55:17.389648,3,1.9695214717713996,-3.588420628779091,2.7706899156310576,585.0,122.0,2.0,837246.0,1.0,985934.0,52612.0
2025-12-18T16:55:17.496265,4,1.9583022392204081,-3.584046989035717,2.746543363116855,571.0,113.0,2.0,951834.0,1.0,1334304.0,62693.0
2025-12-18T16:55:17.589318,5,1.9469213029185028,-3.579571980132271,2.7250550515080634,569.0,112.0,2.0,659742.0,1.0,1389611.0,55709.0
2025-12-18T16:55:18.090223,0,1.8938650997180444,-3.55139416294801,2.596116099841034,544.0,97.0,2.0,496483.0,1.0,1179645.0,58214.0
2025-12-18T16:55:18.191238,1,1.8840722602485096,-3.544904909912615,2.5713546435541668,605.0,135.0,2.0,616979.0,1.0,1216130.0,50843.0
2025-12-18T16:55:18.289114,2,1.8776027235106016,-3.5409253940418925,2.5615413241952463,587.0,123.0,2.0,632841.0,1.0,927035.0,47661.0
2025-12-18T16:55:18.387344,3,1.8672011634902277,-3.534895170346031,2.542973413551385,598.0,131.0,2.0,824312.0,1.0,966769.0,51974.0
2025-12-18T16:55:18.492489,4,1.857259403216299,-3.5281095589213076,2.516180526102928,543.0,96.0,2.0,954738.0,1.0,1344276.0,64370.0
2025-12-18T16:55:18.590023,5,1.8477863762451907,-3.5206995057574755,2.486321890990433,578.0,117.0,2.0,695511.0,1.0,1396684.0,55277.0
2025-12-18T16:55:19.090213,0,1.7999748814584735,-3.479646448463817,2.3567091629233845,566.0,110.0,2.0,502399.0,1.0,1198154.0,57044.0
2025-12-18T16:55:19.190074,1,1.7948385964070845,-3.4664015361213023,2.3337184220847593,633.0,155.0,2.0,607037.0,1.0,1209563.0,49485.0
2025-12-18T16:55:19.290237,2,1.7877022578057065,-3.4569538683314374,2.3095060860480805,595.0,129.0,2.0,623276.0,1.0,925155.0,47259.0
2025-12-18T16:55:19.388533,3,1.7802570729404725,-3.4480532061850764,2.2828117029147617,621.0,146.0,2.0,826267.0,1.0,976635.0,50843.0
2025-12-18T16:55:19.489209,4,1.7713627835689594,-3.438574025653045,2.2638185337829424,548.0,99.0,2.0,948618.0,1.0,1323957.0,64066.0
2025-12-18T16:55:20.089811,0,1.7416685472502538,-3.3787548296071406,2.0973562578171236,560.0,107.0,2.0,499010.0,1.0,1172480.0,57335.0
2025-12-18T16:55:20.189126,1,1.735258821924761,-3.3674946181913525,2.0711325373015605,629.0,152.0,2.0,609507.0,1.0,1209972.0,49687.0
2025-12-18T16:55:20.288468,2,1.7283294233526578,-3.3563740957993167,2.0545933981884508,610.0,139.0,2.0,606626.0,1.0,921405.0,46608.0
2025-12-18T16:55:20.388109,4,1.7227496155795032,-3.345443628054566,2.049655984031716,548.0,99.0,2.0,925781.0,1.0,1359834.0,64066.0
2025-12-18T16:55:20.489373,5,1.7163288938436199,-3.334230588864676,2.0640625884006383,578.0,117.0,2.0,688485.0,1.0,1403792.0,55277.0
2025-12-18T16:55:21.088541,0,1.685214547604204,-3.2698337620896707,2.198502597508569,566.0,110.0,2.0,492300.0,1.0,1195724.0,57025.0
2025-12-18T16:55:21.189755,1,1.6777523758816595,-3.2599671555600334,2.224050563252539,651.0,167.0,2.0,602942.0,1.0,1191684.0,48671.0
2025-12-18T16:55:21.290453,2,1.669775330515193,-3.2505613981351527,2.2485277108790074,634.0,155.0,2.0,610333.0,1.0,913023.0,45578.0
2025-12-18T16:55:21.389140,3,1.6623058705033005,-3.240102979409851,2.2756655161883055,619.0,145.0,2.0,814605.0,1.0,957327.0,50964.0
2025-12-18T16:55:21.488986,4,1.6547797802743003,-3.2306766002030165,2.300813729560974,556.0,104.0,2.0,955708.0,1.0,1351575.0,63569.0
2025-12-18T16:55:21.593356,5,1.6466162199921617,-3.221078976938777,2.325423379084217,570.0,113.0,2.0,684767.0,1.0,1402368.0,55671.0
2025-12-18T16:55:22.089158,0,1.6015603237094975,-3.179423681668755,2.4501539552071736,571.0,113.0,2.0,498504.0,1.0,1193298.0,56775.0
2025-12-18T16:55:22.190246,1,1.5915375445401736,-3.1712695744508292,2.4748299693801914,664.0,178.0,2.0,598064.0,1.0,1194106.0,48049.0
2025-12-18T16:55:22.287997,2,1.5811633110247407,-3.1643097760769425,2.499035886975182,627.0,150.0,2.0,617815.0,1.0,922029.0,45872.0
2025-12-18T16:55:22.388002,3,1.5704910806635781,-3.1580930195864223,2.5212729491846755,618.0,144.0,2.0,814605.0,1.0,972348.0,51016.0
2025-12-18T16:55:22.489366,4,1.5598040031699867,-3.1516756939807964,2.5398283085807476,542.0,95.0,2.0,971361.0,1.0,1356157.0,64479.0
2025-12-18T16:55:22.588483,5,1.5486800794396292,-3.145186859137773,2.5657255772079024,556.0,104.0,2.0,684303.0,1.0,1416679.0,56449.0
2025-12-18T16:55:23.089327,2,1.492881418403687,-3.103133931046876,2.6887663898528507,629.0,152.0,2.0,620539.0,1.0,903494.0,45779.0
2025-12-18T16:55:23.189796,3,1.4821773153375108,-3.0977291853650586,2.715932801460358,636.0,157.0,2.0,819306.0,1.0,953124.0,50160.0
2025-12-18T16:55:23.290235,4,1.4704382273272554,-3.0901874692608837,2.7489682655316274,598.0,130.0,2.0,921405.0,1.0,1336564.0,61122.0
2025-12-18T16:55:23.391548,5,1.456165907327021,-3.0833743428821694,2.777880981810708,575.0,116.0,2.0,685230.0,1.0,1420039.0,55426.0
2025-12-18T16:55:24.090359,0,1.3665864665777145,-3.0568802753014617,2.9685873646597667,557.0,104.0,2.0,499517.0,1.0,1179246.0,57548.0
2025-12-18T16:55:24.189623,1,1.3554883844289223,-3.055417950989603,2.992723656376768,674.0,185.0,2.0,591822.0,1.0,1177252.0,47628.0
2025-12-18T16:55:24.289717,2,1.3426272123366791,-3.056350031004802,3.0302369399299933,646.0,164.0,2.0,616770.0,1.0,903494.0,45072.0
2025-12-18T16:55:24.390635,3,1.330801420670619,-3.0615763619042413,3.077527698645429,640.0,160.0,2.0,806649.0,1.0,944134.0,49956.0
2025-12-18T16:55:24.489675,4,1.316969482171932,-3.0606174324592805,3.104174764290092,594.0,128.0,2.0,922653.0,1.0,1298661.0,61350.0
2025-12-18T16:55:24.590295,5,1.3049947798932284,-3.0605939060108796,3.126222325867862,587.0,123.0,2.0,691989.0,1.0,1371389.0,54792.0
2025-12-18T16:55:25.091345,0,1.2453179819313966,-3.060990594667995,-3.0172049100479383,579.0,118.0,2.0,501211.0,1.0,1168914.0,56353.0
2025-12-18T16:55:25.190866,1,1.2340077162578984,-3.0615030256391016,-2.9792038471524904,671.0,182.0,2.0,588028.0,1.0,1167333.0,47774.0
2025-12-18T16:55:25.289084,2,1.2204634484261034,-3.067775674474149,-2.9445714999750026,649.0,166.0,2.0,591421.0,1.0,901356.0,44950.0
2025-12-18T16:55:25.388757,3,1.2071785380176894,-3.071317957594661,-2.9300169336548136,616.0,143.0,2.0,829349.0,1.0,935546.0,51102.0
2025-12-18T16:55:25.489830,4,1.1931951158805854,-3.0760270788750823,-2.909412206300645,633.0,154.0,2.0,905637.0,1.0,1275573.0,59128.0
2025-12-18T16:55:25.591065,5,1.1802178030955681,-3.0801963801571075,-2.8837312847496643,602.0,133.0,2.0,659518.0,1.0,1393378.0,54019.0
2025-12-18T16:55:26.090672,0,1.11794071932293,-3.10862019029429,-2.77012551310353,573.0,114.0,2.0,496988.0,1.0,1153196.0,56679.0
2025-12-18T16:55:26.191167,1,1.1064378288852978,-3.1126060516877665,-2.742462048189314,681.0,190.0,2.0,592824.0,1.0,1173274.0,47307.0
2025-12-18T16:55:26.290133,2,1.094433942613299,-3.117847380448573,-2.7169769344486103,635.0,156.0,2.0,614894.0,1.0,896488.0,45532.0
2025-12-18T16:55:26.389415,3,1.0833772218600797,-3.123208015340085,-2.693565532303098,650.0,167.0,2.0,793113.0,1.0,932700.0,49502.0
2025-12-18T16:55:26.487827,4,1.0726147614550197,-3.128190036162294,-2.6615436616577526,627.0,150.0,2.0,914570.0,1.0,1282499.0,59469.0
2025-12-18T16:55:26.591844,5,1.061789729558054,-3.132237966178545,-2.633740012892594,590.0,125.0,2.0,664223.0,1.0,1353406.0,54626.0
2025-12-18T16:55:27.089788,0,1.0048557152833362,-3.1787161584002153,-2.4877026917498113,594.0,128.0,2.0,490305.0,1.0,1166543.0,55558.0
2025-12-18T16:55:27.190888,1,0.9949730302781505,-3.1866988669971215,-2.465207740208072,681.0,190.0,2.0,588227.0,1.0,1168519.0,47307.0
2025-12-18T16:55:27.288874,2,0.9853544908176786,-3.194490943933028,-2.440819432732308,637.0,157.0,2.0,620749.0,1.0,900137.0,45470.0
2025-12-18T16:55:27.390496,3,0.9752941383220972,-3.2019839912456582,-2.416006962999688,651.0,168.0,2.0,816814.0,1.0,950868.0,49452.0
2025-12-18T16:55:27.489477,4,0.967214841435529,-3.2094396928568614,-2.3955246293999215,624.0,148.0,2.0,901966.0,1.0,1273416.0,59630.0
2025-12-18T16:55:27.588912,5,0.9638691627368932,-3.213003509725336,-2.380956717760385,590.0,125.0,2.0,679227.0,1.0,1370461.0,54663.0
2025-12-18T16:55:28.089790,0,0.9648466517192968,-3.2211475087994117,-2.379176847547131,602.0,133.0,2.0,495476.0,1.0,1132695.0,55146.0
2025-12-18T16:55:28.188357,1,0.9613197875921946,-3.222892212242801,-2.364618919252914,663.0,177.0,2.0,608271.0,1.0,1173274.0,48115.0
2025-12-18T16:55:28.292755,2,0.9524040060853625,-3.227615582418702,-2.339307826278415,636.0,157.0,2.0,615936.0,1.0,904106.0,45486.0
2025-12-18T16:55:28.389848,3,0.9428409523593122,-3.2366631442024554,-2.30419162086534,631.0,153.0,2.0,811853.0,1.0,930493.0,50415.0
2025-12-18T16:55:28.489056,4,0.9340175169753966,-3.248397640421017,-2.2735786462837964,653.0,169.0,2.0,901051.0,1.0,1247818.0,57998.0
2025-12-18T16:55:28.590622,5,0.9251786477190818,-3.261462287416382,-2.2511288455378247,570.0,112.0,2.0,654848.0,1.0,1365368.0,55709.0
2025-12-18T16:55:29.089119,0,0.8899825529994785,-3.317121355777908,-2.133750380858279,611.0,139.0,2.0,490305.0,1.0,1123531.0,54663.0
2025-12-18T16:55:29.191337,1,0.8892829703533267,-3.331033707575645,-2.1059940575789455,670.0,181.0,2.0,603146.0,1.0,1155540.0,47838.0
2025-12-18T16:55:29.290117,2,0.9026375924519927,-3.3546971853722845,-2.0802389449935017,619.0,145.0,2.0,607448.0,1.0,899223.0,46246.0
2025-12-18T16:55:29.390593,3,0.8988277792253769,-3.3661388017044107,-2.0922559980219297,633.0,155.0,2.0,827107.0,1.0,925155.0,50296.0
2025-12-18T16:55:29.489264,4,0.8918836322660639,-3.3757944260026664,-2.113411956887962,675.0,186.0,2.0,886831.0,1.0,1226879.0,56813.0
2025-12-18T16:55:29.590333,5,0.88504079509369,-3.385644304723484,-2.140279774560641,611.0,139.0,2.0,654626.0,1.0,1318591.0,53564.0
2025-12-18T16:55:30.088079,0,0.8455106837935209,-3.4366600655548236,-2.267112043390772,597.0,130.0,2.0,493468.0,1.0,1152026.0,55408.0
2025-12-18T16:55:30.190208,1,0.828570688278758,-3.466222420692089,-2.2830450160246465,661.0,175.0,2.0,603963.0,1.0,1160243.0,48229.0
2025-12-18T16:55:30.289242,2,0.819472019423233,-3.475808420970945,-2.3110610967593836,614.0,141.0,2.0,619490.0,1.0,896185.0,46466.0
2025-12-18T16:55:30.395275,3,0.8107390782360944,-3.4842268454784886,-2.3363222683298415,632.0,154.0,2.0,825429.0,1.0,934596.0,50364.0
2025-12-18T16:55:30.494511,4,0.8023307669475592,-3.493733059754931,-2.3573879280024266,670.0,182.0,2.0,893459.0,1.0,1233124.0,57102.0
2025-12-18T16:55:30.591963,5,0.7935352496880803,-3.5022877316411343,-2.3846998552598784,628.0,151.0,2.0,649110.0,1.0,1324854.0,52701.0
2025-12-18T16:55:31.089878,0,0.7447480840035441,-3.540165726094713,-2.512011543432531,593.0,127.0,2.0,499010.0,1.0,1128104.0,55596.0
2025-12-18T16:55:31.190827,1,0.7271037153041875,-3.56132366045345,-2.530896303394181,650.0,167.0,2.0,611988.0,1.0,1168519.0,48737.0
2025-12-18T16:55:31.288089,3,0.7126361567582573,-3.576295672573239,-2.5518205118793658,627.0,150.0,2.0,791504.0,1.0,918603.0,50637.0
2025-12-18T16:55:31.390366,4,0.7020508392627045,-3.582905048605744,-2.5829557836332424,664.0,177.0,2.0,906864.0,1.0,1231872.0,57432.0
2025-12-18T16:55:31.487950,5,0.6910943580989453,-3.5894465262517867,-2.6078163742343268,620.0,145.0,2.0,650210.0,1.0,1320824.0,53112.0
2025-12-18T16:55:32.089263,0,0.6190501869348446,-3.6185666646197943,-2.7686719142812755,599.0,131.0,2.0,495141.0,1.0,1135381.0,55295.0
2025-12-18T16:55:32.189053,1,0.6042968839063927,-3.6191411516829435,-2.800308204347658,643.0,162.0,2.0,603759.0,1.0,1168123.0,49068.0
2025-12-18T16:55:32.290373,2,0.592048522237786,-3.622970838060823,-2.8231677845795904,626.0,149.0,2.0,618024.0,1.0,901966.0,45950.0
2025-12-18T16:55:32.389604,3,0.5801793289924757,-3.6272922419443407,-2.842359520398278,622.0,146.0,2.0,835265.0,1.0,947335.0,50878.0
2025-12-18T16:55:32.490498,5,0.5677857218777311,-3.6315521856509623,-2.86885144580596,664.0,177.0,2.0,647574.0,1.0,1293835.0,50964.0
2025-12-18T16:55:33.089853,0,0.4903388298206348,-3.6438398206375053,-3.026312608423227,597.0,130.0,2.0,484039.0,1.0,1119356.0,55426.0
2025-12-18T16:55:33.189585,1,0.48287698153542546,-3.6444139961821356,-3.0513129455938355,674.0,185.0,2.0,588028.0,1.0,1161815.0,47628.0
2025-12-18T16:55:33.290423,2,0.48248586053215714,-3.6448824497247845,-3.0535546246921825,618.0,144.0,2.0,625600.0,1.0,913023.0,46309.0
2025-12-18T16:55:33.393159,3,0.482359697405335,-3.645033040898821,-3.054276261820719,613.0,141.0,2.0,808015.0,1.0,935546.0,51275.0
2025-12-18T16:55:33.489230,4,0.482359697405335,-3.645033040898821,-3.054276261820719,644.0,162.0,2.0,911171.0,1.0,1246974.0,58531.0
2025-12-18T16:55:33.593315,5,0.482359697405335,-3.645033040898821,-3.054276261820719,640.0,159.0,2.0,635416.0,1.0,1280331.0,52133.0
2025-12-18T16:55:34.090275,0,0.42044908821950866,-3.657895027272292,-3.128292852304254,659.0,174.0,2.0,473667.0,1.0,1100573.0,52221.0
2025-12-18T16:55:34.189335,1,0.40434014065453194,-3.6589844014363493,3.1368409396331924,722.0,224.0,3.0,568652.0,1.0,1117085.0,45532.0
2025-12-18T16:55:34.291122,2,0.38852581311102163,-3.660606907839745,3.119243740528883,642.0,161.0,2.0,612817.0,1.0,889537.0,45240.0
2025-12-18T16:55:34.392616,3,0.3731007803451467,-3.6616621825653635,3.095560410827851,671.0,183.0,2.0,808562.0,1.0,903494.0,48556.0
2025-12-18T16:55:34.488139,4,0.3602022407552621,-3.661211096848661,3.0711852893408036,617.0,143.0,2.0,909630.0,1.0,1244023.0,60056.0
2025-12-18T16:55:34.591459,5,0.34864517672749873,-3.660087707713977,3.042938878329529,638.0,158.0,2.0,626024.0,1.0,1278599.0,52204.0
2025-12-18T16:55:35.087484,0,0.2920903323043351,-3.6483010435666907,2.8978915555000264,701.0,206.0,2.0,474148.0,1.0,1067916.0,50228.0
2025-12-18T16:55:35.189318,1,0.25535361993936423,-3.6498913417095915,2.887440769419993,802.0,302.0,3.0,548427.0,1.0,1066832.0,42094.0
2025-12-18T16:55:35.289927,2,0.22629827898872446,-3.650283806012384,2.8728996277943732,664.0,177.0,2.0,610126.0,1.0,889537.0,44331.0
2025-12-18T16:55:35.389684,3,0.21317400859955704,-3.6477882156145385,2.846056024601718,733.0,234.0,3.0,794188.0,1.0,877278.0,45795.0
2025-12-18T16:55:35.489961,4,0.20040076677784313,-3.6445488530263663,2.8224511396660636,637.0,157.0,2.0,908400.0,1.0,1250354.0,58928.0
2025-12-18T16:55:35.591636,5,0.18875450283423145,-3.6413460056349076,2.800607245267434,651.0,168.0,2.0,644731.0,1.0,1289900.0,51589.0
2025-12-18T16:55:36.089668,0,0.14973659628789626,-3.6253807179377633,2.698242363529601,728.0,229.0,3.0,453739.0,1.0,1024718.0,48952.0
2025-12-18T16:55:36.192087,1,0.13886473782476205,-3.6195625138100525,2.667970414835692,817.0,347.0,3.0,538495.0,1.0,1027845.0,40473.0
2025-12-18T16:55:36.290957,2,0.12759460867213512,-3.6143912888675143,2.6509838566632764,678.0,188.0,2.0,601719.0,1.0,873427.0,43749.0
2025-12-18T16:55:36.394987,3,0.11612902572970185,-3.608185733451034,2.6204355515716524,733.0,233.0,3.0,750544.0,1.0,834700.0,45810.0
2025-12-18T16:55:36.490512,4,0.10565705547820503,-3.601928383344596,2.589477435833461,621.0,146.0,2.0,917049.0,1.0,1266111.0,59812.0
2025-12-18T16:55:36.592126,5,0.09456773690056419,-3.5953355828505753,2.563513889912848,650.0,167.0,2.0,626872.0,1.0,1278166.0,51624.0
2025-12-18T16:55:37.090957,0,0.046876479631828616,-3.577575153711028,2.6621552686821444,772.0,269.0,3.0,450525.0,1.0,1002761.0,46972.0
2025-12-18T16:55:37.189626,1,0.03504182605309136,-3.572082656735159,2.686383927648632,835.0,401.0,3.0,538495.0,1.0,993976.0,38783.0
2025-12-18T16:55:37.289302,2,0.024318982376794196,-3.5671576141617223,2.71508181457034,687.0,195.0,2.0,607448.0,1.0,880252.0,43381.0
2025-12-18T16:55:37.390876,3,0.013792099823242587,-3.562558881269389,2.7450285327917,755.0,253.0,3.0,757690.0,1.0,830754.0,44859.0
2025-12-18T16:55:37.489217,4,0.002447698001513565,-3.5575576873482517,2.767973978253758,617.0,143.0,2.0,913023.0,1.0,1252896.0,60056.0
2025-12-18T16:55:37.592880,5,-0.009548518002033823,-3.5538254410858023,2.790512975362779,639.0,159.0,2.0,653298.0,1.0,1281198.0,52204.0
2025-12-18T16:55:38.089282,0,-0.06942275853441959,-3.5340607133510105,2.9174801875198537,762.0,260.0,3.0,447032.0,1.0,983268.0,47419.0
2025-12-18T16:55:38.190287,1,-0.08147018094503178,-3.531462072958612,2.9409557635394625,842.0,423.0,3.0,518815.0,1.0,990282.0,38145.0
2025-12-18T16:55:38.288665,2,-0.09329721490975995,-3.529309067710301,2.965891180936828,683.0,192.0,2.0,605600.0,1.0,875499.0,43528.0
2025-12-18T16:55:38.389431,3,-0.10467692164194986,-3.526998297438179,2.9900927049456425,799.0,295.0,3.0,740953.0,1.0,806103.0,43074.0
2025-12-18T16:55:38.490412,4,-0.11643399851538216,-3.5243896957817338,3.0171943824577734,627.0,150.0,2.0,916119.0,1.0,1244444.0,59489.0
2025-12-18T16:55:38.589407,5,-0.12867692884882143,-3.5226428030450334,3.044506426495445,635.0,156.0,2.0,636277.0,1.0,1257144.0,52398.0
2025-12-18T16:55:39.089898,0,-0.1803254518041193,-3.553675358381532,-3.078052528788271,798.0,294.0,3.0,438194.0,1.0,954092.0,45857.0
2025-12-18T16:55:39.188858,1,-0.19294302002837682,-3.5538229807255015,-3.053958202553892,852.0,454.0,3.0,521809.0,1.0,953769.0,37315.0
2025-12-18T16:55:39.289630,2,-0.20600575172442692,-3.5547902801370377,-3.0291250288474,695.0,201.0,2.0,596851.0,1.0,849807.0,43059.0
2025-12-18T16:55:39.393306,3,-0.21778111853122883,-3.556268462673059,-3.0038125658424657,790.0,286.0,3.0,747502.0,1.0,799311.0,43440.0
2025-12-18T16:55:39.490237,4,-0.22989557545833073,-3.5588305339393584,-2.9764357192098827,642.0,161.0,2.0,903494.0,1.0,1246974.0,58669.0
2025-12-18T16:55:39.591430,5,-0.24229795003503796,-3.559906031541621,-2.9480577772116523,648.0,165.0,2.0,639083.0,1.0,1270833.0,51746.0
2025-12-18T16:55:40.087437,0,-0.28626708850346283,-3.594192604669434,-2.8005831425609724,771.0,268.0,3.0,449916.0,1.0,965134.0,47020.0
2025-12-18T16:55:40.190188,1,-0.2967045690423644,-3.5991737856843713,-2.7740370786838047,846.0,435.0,3.0,520398.0,1.0,952479.0,37824.0
2025-12-18T16:55:40.289379,2,-0.30812626797769216,-3.6037519182560347,-2.7441835252224376,706.0,211.0,2.0,582482.0,1.0,868122.0,42595.0
2025-12-18T16:55:40.391410,3,-0.3200776878737752,-3.607142008005762,-2.718580540899455,787.0,283.0,3.0,757690.0,1.0,793919.0,43572.0
2025-12-18T16:55:40.489702,4,-0.33118994641232025,-3.6124673459677297,-2.692767698280973,634.0,155.0,2.0,920470.0,1.0,1237723.0,59088.0
2025-12-18T16:55:40.592022,5,-0.3420715341777347,-3.618928515775206,-2.6672793700628272,648.0,165.0,2.0,645823.0,1.0,1250354.0,51746.0
2025-12-18T16:55:41.090547,0,-0.31251515826268683,-3.6374355329683423,-2.632693476709554,773.0,270.0,3.0,449459.0,1.0,941581.0,46940.0
2025-12-18T16:55:41.190425,1,-0.3217742727205639,-3.640116700247636,-2.608699979188762,838.0,410.0,3.0,525175.0,1.0,949261.0,38535.0
2025-12-18T16:55:41.291168,2,-0.3318186967544072,-3.645969384558305,-2.5660488553321636,753.0,252.0,3.0,580711.0,1.0,846077.0,40762.0
2025-12-18T16:55:41.389308,3,-0.34408926270553497,-3.6554492807177015,-2.5351345729789347,769.0,266.0,3.0,735705.0,1.0,784304.0,44301.0
2025-12-18T16:55:41.491208,4,-0.3448361066972394,-3.66436456578982,-2.5235712002567823,666.0,179.0,2.0,881743.0,1.0,1213663.0,57354.0
2025-12-18T16:55:41.591177,5,-0.3296350888842152,-3.670810684543806,-2.5341144807902785,665.0,178.0,2.0,620329.0,1.0,1217366.0,50947.0
2025-12-18T16:55:42.089573,2,-0.37921363472921943,-3.6952566311313326,-2.670320190116203,781.0,278.0,3.0,579336.0,1.0,813778.0,39713.0
2025-12-18T16:55:42.190081,3,-0.3915887513939307,-3.702426918151028,-2.6881158369679437,778.0,275.0,3.0,750036.0,1.0,799041.0,43927.0
2025-12-18T16:55:42.288964,4,-0.4041695941949124,-3.7099028199981623,-2.705118024346158,724.0,226.0,3.0,857899.0,1.0,1166938.0,54294.0
2025-12-18T16:55:43.089045,0,-0.4970778385103518,-3.7428444532436362,-2.9083966676579736,762.0,260.0,3.0,442516.0,1.0,929863.0,47435.0
2025-12-18T16:55:43.189820,1,-0.5097371304919243,-3.7461720943179713,-2.930388422949079,830.0,385.0,3.0,520574.0,1.0,947976.0,39285.0
2025-12-18T16:55:43.292763,2,-0.5224662433263081,-3.7499784479652183,-2.955647040796207,817.0,346.0,3.0,560436.0,1.0,794994.0,37353.0
2025-12-18T16:55:43.389790,4,-0.5349046531291792,-3.752055713147305,-2.982079217102123,750.0,249.0,3.0,841507.0,1.0,1150467.0,52969.0
2025-12-18T16:55:43.489721,5,-0.5475402406477219,-3.7540605034186356,-3.0073035843206073,717.0,220.0,3.0,621590.0,1.0,1187657.0,48491.0
2025-12-18T16:55:44.088989,0,-0.5896532602852922,-3.7525841910437134,-3.141530337754265,741.0,241.0,3.0,448244.0,1.0,940307.0,48392.0
2025-12-18T16:55:44.191789,1,-0.6015305289426127,-3.751848014222516,3.114652277459607,827.0,375.0,3.0,531793.0,1.0,963503.0,39606.0
2025-12-18T16:55:44.292776,2,-0.614035674752115,-3.7516338584537556,3.0906967276212574,824.0,366.0,3.0,557221.0,1.0,765423.0,36739.0
2025-12-18T16:55:44.390910,3,-0.6271972426906451,-3.751600787976596,3.0691961716048035,782.0,279.0,3.0,740702.0,1.0,775593.0,43764.0
2025-12-18T16:55:44.489850,4,-0.63908397133953,-3.750427721413267,3.0416113901843826,779.0,275.0,3.0,818197.0,1.0,1098712.0,51589.0
2025-12-18T16:55:44.589622,5,-0.6513201802543005,-3.748752952487365,3.013134305861622,720.0,222.0,3.0,591822.0,1.0,1161815.0,48359.0
2025-12-18T16:55:45.088632,0,-0.7253302483555428,-3.7350833612301506,2.8883824716220388,718.0,221.0,3.0,453739.0,1.0,932700.0,49452.0
2025-12-18T16:55:45.190697,1,-0.7367733427775383,-3.7314625256425065,2.857859183365549,808.0,321.0,3.0,531434.0,1.0,959273.0,41443.0
2025-12-18T16:55:45.289344,2,-0.7482448019589709,-3.727235492609637,2.8275481303766137,826.0,373.0,3.0,541785.0,1.0,760002.0,36528.0
2025-12-18T16:55:45.391924,3,-0.7597387368298456,-3.722787471686987,2.801770754121416,790.0,287.0,3.0,738449.0,1.0,767758.0,43440.0
2025-12-18T16:55:45.492482,4,-0.7680390116804929,-3.720378915487099,2.79626608977416,803.0,307.0,3.0,804740.0,1.0,1051418.0,50092.0
2025-12-18T16:55:45.589595,5,-0.7691296029953794,-3.720746006807418,2.792526146058703,754.0,252.0,3.0,587233.0,1.0,1120873.0,46845.0
2025-12-18T16:55:46.089550,0,-0.7857296220821999,-3.7162556449838844,2.7985118788380965,714.0,217.0,2.0,455431.0,1.0,951190.0,49636.0
2025-12-18T16:55:46.191073,1,-0.7857296220821999,-3.7162556449838844,2.7985118788380965,809.0,323.0,3.0,527670.0,1.0,957651.0,41373.0
2025-12-18T16:55:46.288568,2,-0.7902878928944457,-3.713569260261677,2.7784971540328303,838.0,410.0,3.0,540503.0,1.0,739951.0,35504.0
2025-12-18T16:55:46.393060,3,-0.7974758777303084,-3.707269886119987,2.7528341764559356,788.0,284.0,3.0,730495.0,1.0,758974.0,43543.0
2025-12-18T16:55:46.493050,4,-0.8084107012475705,-3.7012374930696703,2.7280395277644978,808.0,320.0,3.0,769579.0,1.0,1043972.0,49519.0
2025-12-18T16:55:46.590897,5,-0.8216965588519756,-3.6960889490675544,2.699748069407617,772.0,269.0,3.0,583469.0,1.0,1108423.0,46075.0
2025-12-18T16:55:47.090058,0,-0.8829586452625406,-3.6669159883804983,2.5714917847817294,698.0,204.0,2.0,452053.0,1.0,948297.0,50398.0
2025-12-18T16:55:47.189626,1,-0.8920189338131079,-3.6602430141775617,2.5470995673018333,805.0,312.0,3.0,541052.0,1.0,947014.0,41795.0
2025-12-18T16:55:47.289758,2,-0.90441653520827,-3.65586292701367,2.5370310481401135,842.0,424.0,3.0,540869.0,1.0,726796.0,35146.0
2025-12-18T16:55:47.389160,3,-0.9193718023454647,-3.6601020504085016,2.5463705243603405,806.0,316.0,3.0,707142.0,1.0,726796.0,42308.0
2025-12-18T16:55:47.490817,4,-0.9296925900616735,-3.6531508197348117,2.5123424316034306,814.0,337.0,3.0,780861.0,1.0,1008888.0,48770.0
2025-12-18T16:55:47.587811,5,-0.9402675660920581,-3.645651960355968,2.4860713251670026,777.0,273.0,3.0,576793.0,1.0,1078814.0,45872.0
2025-12-18T16:55:48.089422,0,-0.98894539390409,-3.6069559249064356,2.5733304756871833,712.0,215.0,2.0,454815.0,1.0,957003.0,49771.0
2025-12-18T16:55:48.191066,1,-0.9936687446111341,-3.5950815790199457,2.611968779015859,809.0,322.0,3.0,531254.0,1.0,939671.0,41443.0
2025-12-18T16:55:48.290858,2,-1.003693534863431,-3.588521312515139,2.642929672395739,847.0,439.0,3.0,534862.0,1.0,716780.0,34767.0
2025-12-18T16:55:48.390559,3,-1.0142766126817921,-3.5829733716984005,2.6660354434298257,813.0,336.0,3.0,713875.0,1.0,721160.0,41570.0
2025-12-18T16:55:48.488851,4,-1.0259459520993346,-3.578177993840789,2.684512158921008,824.0,366.0,3.0,761289.0,1.0,1008206.0,47612.0
2025-12-18T16:55:48.590456,5,-1.0381815389092512,-3.5725511432555472,2.7114508992935855,790.0,286.0,3.0,579336.0,1.0,1056055.0,45317.0
2025-12-18T16:55:49.089247,0,-1.096185923912202,-3.550850057889928,2.8394916949241327,706.0,210.0,2.0,457439.0,1.0,952801.0,50058.0
2025-12-18T16:55:49.190419,1,-1.1078829613104677,-3.5483012424350893,2.862805954236779,816.0,343.0,3.0,531973.0,1.0,956355.0,40693.0
2025-12-18T16:55:49.289090,2,-1.1199973466371107,-3.5452930566736525,2.889664622667145,849.0,446.0,3.0,526243.0,1.0,695276.0,34614.0
2025-12-18T16:55:49.392250,3,-1.1328360911430693,-3.541313352021078,2.9109235048512065,828.0,378.0,3.0,703561.0,1.0,696218.0,40146.0
2025-12-18T16:55:49.491948,4,-1.1445731945391335,-3.5399107462380237,2.9375166345705046,827.0,376.0,3.0,757947.0,1.0,970703.0,47259.0
2025-12-18T16:55:49.590432,5,-1.1571317700074646,-3.5385906682785664,2.960305589399308,797.0,293.0,3.0,559678.0,1.0,1045386.0,45011.0
2025-12-18T16:55:50.087839,0,-1.2015496265072256,-3.5246337036951685,3.1095503699787623,703.0,208.0,2.0,454661.0,1.0,923903.0,50177.0
2025-12-18T16:55:50.190379,1,-1.211185135574861,-3.5216704770176572,-3.140892498214227,820.0,356.0,3.0,516363.0,1.0,923278.0,40268.0
2025-12-18T16:55:50.290070,2,-1.2240494985403227,-3.5214575247163107,-3.119447746409571,863.0,490.0,3.0,521280.0,1.0,688718.0,33599.0
2025-12-18T16:55:50.390839,3,-1.2378284610593644,-3.5223820290699135,-3.1013551195192077,831.0,390.0,3.0,699524.0,1.0,678997.0,39794.0
2025-12-18T16:55:50.489334,4,-1.252130229051697,-3.524141687841858,-3.078928941949109,826.0,372.0,3.0,746996.0,1.0,950868.0,47403.0
2025-12-18T16:55:50.592402,5,-1.265511683711896,-3.5253899078978863,-3.052685056281732,806.0,314.0,3.0,556655.0,1.0,996333.0,44166.0
2025-12-18T16:55:51.089991,0,-1.3006102238939503,-3.5473871168244866,-2.902513204630447,725.0,227.0,3.0,447637.0,1.0,929863.0,49151.0
2025-12-18T16:55:51.190378,1,-1.313086448146576,-3.5500003840564602,-2.8755048542603117,834.0,397.0,3.0,512532.0,1.0,909323.0,38981.0
2025-12-18T16:55:51.291534,3,-1.3248689265748936,-3.552783284715657,-2.8491441406929425,833.0,396.0,3.0,694570.0,1.0,670093.0,39606.0
2025-12-18T16:55:51.389021,4,-1.3368783976470056,-3.556154393037774,-2.8267207480774474,822.0,361.0,3.0,738449.0,1.0,946373.0,47822.0
2025-12-18T16:55:51.490543,5,-1.348187874006455,-3.5606937941387056,-2.8021885508321605,808.0,320.0,3.0,558921.0,1.0,1011624.0,43942.0
2025-12-18T16:55:52.088966,0,-1.368944607577915,-3.574967624397053,-2.762725917786006,770.0,267.0,3.0,444467.0,1.0,915189.0,47147.0
2025-12-18T16:55:52.190663,1,-1.3804823163034907,-3.577921899997011,-2.7394742492237305,830.0,385.0,3.0,508730.0,1.0,911480.0,39338.0
2025-12-18T16:55:52.291093,2,-1.394107121986333,-3.5846803108699996,-2.701026654900905,860.0,479.0,3.0,509592.0,1.0,676245.0,33850.0
2025-12-18T16:55:52.389890,3,-1.4074409858080958,-3.593706537639781,-2.6715155150961163,841.0,418.0,3.0,680147.0,1.0,648452.0,38954.0
2025-12-18T16:55:52.490775,4,-1.4203488678499987,-3.6020227253297064,-2.643209457962417,833.0,395.0,3.0,739700.0,1.0,927035.0,46576.0
2025-12-18T16:55:52.592849,5,-1.4321894886872597,-3.608740904869931,-2.622780666653879,806.0,315.0,3.0,560436.0,1.0,999373.0,44151.0
2025-12-18T16:55:53.090988,0,-1.4820235844081218,-3.6406887266682957,-2.5034718518801076,765.0,262.0,3.0,435532.0,1.0,901966.0,47355.0
2025-12-18T16:55:53.190441,1,-1.4891750859072657,-3.6498849326622573,-2.4737479441532138,837.0,407.0,3.0,500363.0,1.0,879657.0,38678.0
2025-12-18T16:55:53.290255,2,-1.4988243277266688,-3.6580851742002123,-2.4483141990381423,859.0,477.0,3.0,514444.0,1.0,662427.0,33907.0
2025-12-18T16:55:53.389825,3,-1.5082645630865157,-3.666549946340188,-2.4235706172517912,841.0,420.0,3.0,675102.0,1.0,642553.0,38928.0
2025-12-18T16:55:53.489545,4,-1.5175780725911814,-3.674088541277124,-2.3915062158892204,824.0,367.0,3.0,743465.0,1.0,920781.0,47612.0
2025-12-18T16:55:53.590586,5,-1.5264216336849588,-3.6825564749736133,-2.3645223398534303,804.0,308.0,3.0,568459.0,1.0,984934.0,44436.0
2025-12-18T16:55:54.090364,0,-1.5718678127130028,-3.7217721187724324,-2.294713522636062,784.0,280.0,3.0,431424.0,1.0,886831.0,46529.0
2025-12-18T16:55:54.189262,1,-1.5812760967511235,-3.7286315029174997,-2.316351013455916,845.0,433.0,3.0,499855.0,1.0,876685.0,37952.0
2025-12-18T16:55:54.290174,2,-1.590148138770192,-3.7363904838590876,-2.3431163844616796,862.0,486.0,3.0,509075.0,1.0,663549.0,33701.0
2025-12-18T16:55:54.390224,3,-1.5991951750980453,-3.7443650978131027,-2.3715407701211446,839.0,412.0,3.0,671001.0,1.0,634127.0,39153.0
2025-12-18T16:55:54.490554,4,-1.608441987611327,-3.752628267954927,-2.3972775833465154,824.0,366.0,3.0,724340.0,1.0,908707.0,47645.0
2025-12-18T16:55:54.590873,5,-1.617971284926493,-3.7617232780320125,-2.418759109053245,808.0,321.0,3.0,554587.0,1.0,971361.0,43913.0
2025-12-18T16:55:55.090120,0,-1.678505418858955,-3.8008401326694856,-2.5439232144325663,803.0,305.0,3.0,430258.0,1.0,855000.0,45486.0
2025-12-18T16:55:55.191651,1,-1.689022225469274,-3.807189204698039,-2.5696442555435817,840.0,418.0,3.0,492300.0,1.0,868416.0,38391.0
2025-12-18T16:55:55.290714,2,-1.6997257515327986,-3.814457142576355,-2.5915589267388555,859.0,477.0,3.0,517238.0,1.0,656623.0,33907.0
2025-12-18T16:55:55.393567,3,-1.7107754275085867,-3.821298128453144,-2.616229379794389,837.0,406.0,3.0,665123.0,1.0,618861.0,39338.0
2025-12-18T16:55:55.490402,4,-1.7212324354038602,-3.8264679531227452,-2.6452344882018295,835.0,402.0,3.0,732475.0,1.0,888935.0,46356.0
2025-12-18T16:55:55.589143,5,-1.7320589731612692,-3.832186928629904,-2.6733353973434606,811.0,328.0,3.0,572320.0,1.0,940626.0,43661.0
2025-12-18T16:55:56.089937,0,-1.7992912140347324,-3.8553456436725475,-2.7852689903262458,807.0,317.0,3.0,429240.0,1.0,855000.0,44996.0
2025-12-18T16:55:56.190185,1,-1.8111683207138816,-3.8593421879483527,-2.81313192520157,859.0,477.0,3.0,485680.0,1.0,848658.0,36826.0
2025-12-18T16:55:56.290867,2,-1.8229324588309268,-3.8625054329396185,-2.834479837010247,859.0,477.0,3.0,513227.0,1.0,648671.0,33907.0
2025-12-18T16:55:56.388837,3,-1.8347368740765324,-3.8665953905914074,-2.8564294886922617,837.0,408.0,3.0,678997.0,1.0,623276.0,39285.0
2025-12-18T16:55:56.489002,4,-1.8468851191514828,-3.8704542321173636,-2.8843063286349513,826.0,374.0,3.0,723360.0,1.0,889236.0,47355.0
2025-12-18T16:55:56.591716,5,-1.860387202591388,-3.8721342377868773,-2.9142087613481897,802.0,304.0,3.0,555714.0,1.0,955061.0,44617.0
2025-12-18T16:55:57.090154,0,-1.9336327752128533,-3.875345659695866,-3.0635001738039342,804.0,307.0,3.0,430404.0,1.0,845218.0,45394.0
2025-12-18T16:55:57.190812,1,-1.9457891252218058,-3.8769281003320026,-3.084025614576527,862.0,488.0,3.0,496147.0,1.0,840653.0,36578.0
2025-12-18T16:55:57.290795,2,-1.9579705781519676,-3.8773482715127123,-3.1112819190667493,853.0,458.0,3.0,495308.0,1.0,637355.0,34358.0
2025-12-18T16:55:57.391517,3,-1.9698611673272168,-3.8772496182099374,3.141135389270474,841.0,419.0,3.0,659742.0,1.0,612402.0,38967.0
2025-12-18T16:55:57.490738,4,-1.9803093983505216,-3.8756459821947247,3.113555853806393,830.0,385.0,3.0,740452.0,1.0,871655.0,46972.0
2025-12-18T16:55:57.588929,5,-1.976271643270577,-3.8657893933696155,3.0895438976299743,806.0,315.0,3.0,542887.0,1.0,953769.0,44166.0
2025-12-18T16:55:58.090475,0,-2.0116372098371142,-3.8591871117580894,2.9897525221554706,806.0,314.0,3.0,430404.0,1.0,842647.0,45133.0
2025-12-18T16:55:58.190079,1,-2.0116372098371142,-3.8591871117580894,2.9897525221554706,861.0,483.0,3.0,487657.0,1.0,827667.0,36702.0
2025-12-18T16:55:58.289415,2,-2.0054824903118815,-3.8572645779970185,2.992364563627403,863.0,488.0,3.0,502399.0,1.0,628572.0,33678.0
2025-12-18T16:55:58.389539,3,-1.9915807805376557,-3.852898139007274,2.998200835011899,840.0,416.0,3.0,664672.0,1.0,607859.0,39060.0
2025-12-18T16:55:58.489078,4,-1.9915807805376557,-3.852898139007274,2.998200835011899,836.0,405.0,3.0,723360.0,1.0,879657.0,46262.0
2025-12-18T16:55:58.588950,5,-1.9946237906906745,-3.850148018094604,2.9868740867770303,807.0,317.0,3.0,548427.0,1.0,935862.0,44121.0
2025-12-18T16:55:59.090376,0,-2.0665862077672976,-3.8367462173876934,2.8572388810235627,801.0,300.0,3.0,428949.0,1.0,822361.0,45702.0
2025-12-18T16:55:59.192053,1,-2.0793700447577814,-3.8337584683098234,2.834696494208751,851.0,450.0,3.0,489144.0,1.0,848945.0,37543.0
2025-12-18T16:55:59.289424,2,-2.089289696194811,-3.8299237916764843,2.809056810736184,862.0,485.0,3.0,504956.0,1.0,632841.0,33747.0
2025-12-18T16:55:59.390298,3,-2.098790021479501,-3.825566919084097,2.777711380458002,842.0,421.0,3.0,658403.0,1.0,591421.0,38915.0
2025-12-18T16:55:59.490560,4,-2.1089071915300943,-3.820701328911054,2.753585281150074,835.0,400.0,3.0,708100.0,1.0,862265.0,46450.0
2025-12-18T16:55:59.589590,5,-2.1202105520952816,-3.8158733177992876,2.7337606669131977,803.0,306.0,3.0,538130.0,1.0,937447.0,44541.0
2025-12-18T16:56:00.089756,0,-2.132502178265172,-3.7942171141529215,2.6337831360685318,808.0,320.0,3.0,426777.0,1.0,823476.0,44905.0
2025-12-18T16:56:00.189752,2,-2.1427206173194664,-3.7880880246473505,2.6114890679458935,860.0,478.0,3.0,503762.0,1.0,630063.0,33907.0
2025-12-18T16:56:00.289698,3,-2.1533947421821473,-3.7820634066658663,2.6205252404608106,842.0,422.0,3.0,651532.0,1.0,592022.0,38902.0
2025-12-18T16:56:00.393012,4,-2.160985473843983,-3.7776343392545417,2.6327689720651373,820.0,356.0,3.0,715810.0,1.0,857319.0,48082.0
2025-12-18T16:56:00.488747,5,-2.1664541035597287,-3.7714300039082564,2.67000483976988,803.0,307.0,3.0,561195.0,1.0,921093.0,44511.0
2025-12-18T16:56:01.090059,1,-2.210242053576341,-3.7472256072320484,2.84622044420806,850.0,447.0,3.0,483384.0,1.0,812953.0,37620.0
2025-12-18T16:56:01.191797,2,-2.222057172054194,-3.744381819248565,2.8721860814529445,857.0,471.0,3.0,505983.0,1.0,622854.0,34080.0
2025-12-18T16:56:01.289992,3,-2.2340550678834608,-3.7409403351283435,2.897571304558969,840.0,418.0,3.0,646698.0,1.0,584259.0,39033.0
2025-12-18T16:56:01.391343,4,-2.246545545958518,-3.738040996037671,2.9234160079998053,828.0,379.0,3.0,725812.0,1.0,857028.0,47211.0
2025-12-18T16:56:01.489038,5,-2.2581626792322487,-3.735669646260548,2.9490407055927186,803.0,305.0,3.0,549170.0,1.0,919536.0,44602.0
2025-12-18T16:56:02.089855,0,-2.3313527309244253,-3.725922547330629,3.1131582959035087,801.0,300.0,3.0,426922.0,1.0,822361.0,45733.0
2025-12-18T16:56:02.188293,1,-2.3443518020436813,-3.725742668541022,3.1333794459783233,859.0,477.0,3.0,481099.0,1.0,808015.0,36851.0
2025-12-18T16:56:02.291030,2,-2.3572091384649867,-3.7264403536998016,-3.1267189552644394,858.0,472.0,3.0,502229.0,1.0,611367.0,34068.0
2025-12-18T16:56:02.391776,3,-2.3697322098347393,-3.7272583826896795,-3.100905813898302,850.0,447.0,3.0,640816.0,1.0,568075.0,38210.0
2025-12-18T16:56:02.490681,5,-2.3830312742445705,-3.728149937594477,-3.0758431166261526,802.0,303.0,3.0,565772.0,1.0,917360.0,44707.0
2025-12-18T16:56:03.088444,0,-2.415744904266987,-3.7594024760765894,-2.909820089730811,800.0,298.0,3.0,429094.0,1.0,825988.0,45826.0
2025-12-18T16:56:03.192597,1,-2.427812755390013,-3.7625633878240135,-2.882628575690401,855.0,463.0,3.0,481751.0,1.0,803651.0,37227.0
2025-12-18T16:56:03.290306,2,-2.4403578174669285,-3.7663563961562168,-2.856651760814328,863.0,488.0,3.0,489310.0,1.0,599888.0,33701.0
2025-12-18T16:56:03.388883,3,-2.4523811885768865,-3.770686861422513,-2.8289396851186392,848.0,441.0,3.0,645605.0,1.0,578357.0,38378.0
2025-12-18T16:56:03.489606,4,-2.459919238868302,-3.781454870701868,-2.7906651445175514,833.0,394.0,3.0,710741.0,1.0,840653.0,46671.0
2025-12-18T16:56:03.590414,5,-2.466555031240505,-3.7923100358156514,-2.7544945132280043,807.0,317.0,3.0,556090.0,1.0,901051.0,44121.0
2025-12-18T16:56:04.089801,0,-2.523527006651599,-3.8184970198099077,-2.6829064504720046,805.0,311.0,3.0,429240.0,1.0,814881.0,45255.0
2025-12-18T16:56:04.190966,1,-2.5351493969943197,-3.82361922435895,-2.702737556157683,854.0,462.0,3.0,484203.0,1.0,799311.0,37252.0
2025-12-18T16:56:04.289671,2,-2.5460846282466596,-3.8289870506875014,-2.722005577298566,861.0,484.0,3.0,486667.0,1.0,596245.0,33804.0
2025-12-18T16:56:04.390754,3,-2.5462857042445277,-3.8374635353608317,-2.7447858910642116,853.0,458.0,3.0,631557.0,1.0,562146.0,37939.0
2025-12-18T16:56:04.489386,4,-2.544255747870866,-3.8459635744237244,-2.7650592152173163,832.0,392.0,3.0,723605.0,1.0,844932.0,46734.0
2025-12-18T16:56:05.088309,0,-2.6157746906866453,-3.8701121662654483,-2.9106547048731506,802.0,303.0,3.0,423755.0,1.0,795263.0,45594.0
2025-12-18T16:56:05.190862,1,-2.6281984542856622,-3.8723822821116003,-2.9395945070766096,857.0,469.0,3.0,484859.0,1.0,794188.0,37076.0
2025-12-18T16:56:05.288755,2,-2.6403787619609456,-3.874663259210512,-2.9633434360350397,871.0,517.0,3.0,500532.0,1.0,588227.0,33102.0
2025-12-18T16:56:05.390793,3,-2.6527289897207713,-3.877338837407448,-2.9853830249239146,852.0,453.0,3.0,646698.0,1.0,551778.0,38068.0
2025-12-18T16:56:05.489875,4,-2.6653031556860323,-3.8789562120516825,-3.0152448836653756,835.0,401.0,3.0,696453.0,1.0,829349.0,46435.0
2025-12-18T16:56:05.589623,5,-2.6772235865212353,-3.8799135460174834,-3.0441922302368174,805.0,311.0,3.0,535949.0,1.0,899832.0,44376.0
2025-12-18T16:56:06.089460,0,-2.738703086777068,-3.8829139990681503,3.116813990272605,807.0,318.0,3.0,423325.0,1.0,792576.0,45011.0
2025-12-18T16:56:06.190036,1,-2.751353720601673,-3.8827457884213197,3.0924670650328037,854.0,462.0,3.0,484695.0,1.0,790969.0,37265.0
2025-12-18T16:56:06.289352,2,-2.7634174767511257,-3.8830605741615227,3.0687147988395687,867.0,504.0,3.0,484203.0,1.0,586240.0,33372.0
2025-12-18T16:56:06.389009,4,-2.770852376019471,-3.8876160762385004,3.0641595338672905,842.0,422.0,3.0,707142.0,1.0,829911.0,45733.0
2025-12-18T16:56:06.489779,5,-2.7838822761793653,-3.8873111951293007,3.0426105728800947,812.0,332.0,3.0,540138.0,1.0,881445.0,43572.0
2025-12-18T16:56:07.088786,0,-2.857117258963576,-3.873765301274611,2.8868704436521777,805.0,311.0,3.0,420042.0,1.0,792308.0,45286.0
2025-12-18T16:56:07.190812,1,-2.8652269332176887,-3.8725394294345126,2.870871170839299,850.0,448.0,3.0,478339.0,1.0,790433.0,37632.0
2025-12-18T16:56:07.290825,2,-2.8605253363899577,-3.876245364534912,2.8763993900096816,870.0,513.0,3.0,492467.0,1.0,581694.0,33192.0
2025-12-18T16:56:07.391922,3,-2.870036582651903,-3.873272480262163,2.8676190063732694,853.0,458.0,3.0,632413.0,1.0,553274.0,37965.0
2025-12-18T16:56:07.490038,4,-2.883058987498772,-3.8699458894759964,2.8639181309619643,837.0,407.0,3.0,677620.0,1.0,815433.0,46231.0
2025-12-18T16:56:07.590220,5,-2.8948959077193304,-3.8665590969346124,2.8629332152017297,813.0,333.0,3.0,546019.0,1.0,876388.0,43513.0
2025-12-18T16:56:08.088403,0,-2.95609180611249,-3.8530762118340403,2.940167028255882,814.0,336.0,3.0,424760.0,1.0,772711.0,44301.0
2025-12-18T16:56:08.190250,1,-2.9635796678821227,-3.8517376407484982,2.9820234832253654,855.0,465.0,3.0,473026.0,1.0,780333.0,37189.0
2025-12-18T16:56:08.289869,2,-2.975693443335347,-3.8501085997430953,3.007233346674389,872.0,518.0,3.0,478339.0,1.0,564242.0,33091.0
2025-12-18T16:56:08.391524,3,-2.9882580738140128,-3.848963145541702,3.0231156882464143,854.0,461.0,3.0,631985.0,1.0,547500.0,37888.0
2025-12-18T16:56:08.490154,4,-3.001035579548655,-3.847691513803123,3.033487483288745,830.0,387.0,3.0,687553.0,1.0,805830.0,46956.0
2025-12-18T16:56:08.588943,5,-3.0132123669040247,-3.846253482127693,3.0371823682558334,811.0,329.0,3.0,544359.0,1.0,864018.0,43675.0
2025-12-18T16:56:09.089767,0,-3.0764042725891,-3.8391934335316615,3.0413454784820297,812.0,332.0,3.0,419048.0,1.0,787496.0,44481.0
2025-12-18T16:56:09.189972,1,-3.0888065425673643,-3.8379410848271096,3.0433373204469523,855.0,463.0,3.0,473827.0,1.0,771666.0,37252.0
2025-12-18T16:56:09.289435,2,-3.1006407476789173,-3.8362500026413184,3.0410931770573977,873.0,522.0,3.0,490969.0,1.0,566539.0,33012.0
2025-12-18T16:56:09.391677,3,-3.1125062222908015,-3.8344210569404185,3.0393760502074665,855.0,462.0,3.0,631771.0,1.0,541785.0,37850.0
2025-12-18T16:56:09.490604,4,-3.125583708439069,-3.83274968194583,3.0416223556543236,832.0,392.0,3.0,678997.0,1.0,801478.0,46798.0
2025-12-18T16:56:09.591215,5,-3.1385842845011043,-3.831765798193694,3.0404062999398613,805.0,313.0,3.0,548984.0,1.0,868710.0,44331.0
2025-12-18T16:56:10.089848,0,-3.2007463536676655,-3.8236290824088246,3.045807949906529,816.0,343.0,3.0,416080.0,1.0,765941.0,44076.0
2025-12-18T16:56:10.191617,1,-3.2080731442495667,-3.828031807288685,3.0535857118285996,858.0,475.0,3.0,473026.0,1.0,766719.0,36963.0
2025-12-18T16:56:10.289279,3,-3.210211483380474,-3.8344735737548983,3.068043162990171,857.0,470.0,3.0,638002.0,1.0,531973.0,37671.0
2025-12-18T16:56:10.390326,4,-3.2232631658214497,-3.8336670319687367,3.069284324193575,832.0,392.0,3.0,687553.0,1.0,784304.0,46798.0
2025-12-18T16:56:10.492819,5,-3.2359902162577376,-3.8331615588644907,3.0685427927510727,812.0,330.0,3.0,537402.0,1.0,875202.0,43646.0
2025-12-18T16:56:11.093536,0,-3.3128318154977285,-3.8287318930643264,3.114268436318397,817.0,346.0,3.0,415377.0,1.0,753089.0,43972.0
2025-12-18T16:56:11.190143,1,-3.3252264303960035,-3.8290762163424197,3.1272958356503393,856.0,468.0,3.0,473827.0,1.0,757690.0,37139.0
2025-12-18T16:56:11.288706,2,-3.33761513776571,-3.8296427509239073,3.13492523302757,881.0,548.0,3.0,487492.0,1.0,560626.0,32491.0
2025-12-18T16:56:11.390643,3,-3.3504610780543396,-3.828959045635967,3.139650461722961,869.0,508.0,3.0,631557.0,1.0,528742.0,36726.0
2025-12-18T16:56:11.489277,4,-3.3626538681744633,-3.8292661264004635,3.140386334401552,830.0,387.0,3.0,683146.0,1.0,793382.0,46988.0
2025-12-18T16:56:11.592501,5,-3.3750879221630243,-3.828541089577946,3.1406105213687403,811.0,329.0,3.0,538495.0,1.0,853266.0,43720.0
2025-12-18T16:56:12.090524,0,-3.4385799608423135,-3.828358522174405,-3.140650367033095,819.0,351.0,3.0,414254.0,1.0,752070.0,43764.0
2025-12-18T16:56:12.193003,1,-3.4509540564788765,-3.8281826037448003,-3.1411602270664143,867.0,502.0,3.0,464302.0,1.0,755130.0,36319.0
2025-12-18T16:56:12.289984,2,-3.4625300116551982,-3.831051035475063,3.141430684923629,883.0,557.0,3.0,478177.0,1.0,555338.0,32327.0
2025-12-18T16:56:12.392408,3,-3.474658931495007,-3.8318750912387727,-3.1359943785032307,866.0,500.0,3.0,620749.0,1.0,522162.0,36938.0
2025-12-18T16:56:12.489726,4,-3.4878627527618784,-3.8324146946049145,-3.139978971942892,842.0,423.0,3.0,655291.0,1.0,789097.0,45733.0
2025-12-18T16:56:12.591381,5,-3.500431009151912,-3.8321129389427493,-3.137772739175688,814.0,337.0,3.0,530535.0,1.0,838380.0,43410.0
2025-12-18T16:56:13.088581,0,-3.5639826007371047,-3.8325249942248036,-3.139775285516348,817.0,347.0,3.0,413553.0,1.0,736453.0,43927.0
2025-12-18T16:56:13.191308,1,-3.576623202288032,-3.8327070237540775,3.1394504625131243,867.0,503.0,3.0,472067.0,1.0,753598.0,36294.0
2025-12-18T16:56:13.291450,2,-3.5891403649663554,-3.8327245059522546,-3.1288844364125366,884.0,560.0,3.0,488317.0,1.0,548984.0,32283.0
2025-12-18T16:56:13.391386,3,-3.6021876097473102,-3.8322259806404895,-3.1066423731865047,870.0,514.0,3.0,605805.0,1.0,514618.0,36602.0
2025-12-18T16:56:13.488178,4,-3.6145477726132027,-3.833460103133756,-3.082193564258842,837.0,408.0,3.0,674873.0,1.0,764646.0,46231.0
2025-12-18T16:56:13.589143,5,-3.627098371262222,-3.8344636110419894,-3.058249035070211,811.0,328.0,3.0,525709.0,1.0,845790.0,43764.0
2025-12-18T16:56:14.090034,0,-3.68956547582542,-3.8379293089425404,-3.040370882993046,819.0,353.0,3.0,407992.0,1.0,735456.0,43720.0
2025-12-18T16:56:14.191478,1,-3.7024926342804134,-3.8387175175152604,-3.0396295131342375,869.0,508.0,3.0,454046.0,1.0,736951.0,36196.0
2025-12-18T16:56:14.290031,2,-3.713168269793957,-3.842168782652805,-3.0387444186896966,887.0,571.0,3.0,481914.0,1.0,544912.0,32065.0
2025-12-18T16:56:14.390640,3,-3.7095463959182284,-3.8560109318524627,-3.015542231732894,864.0,495.0,3.0,612609.0,1.0,520751.0,37076.0
2025-12-18T16:56:14.491385,4,-3.720118036566462,-3.8592189547239357,-3.011862239316214,842.0,421.0,3.0,677849.0,1.0,760517.0,45795.0
2025-12-18T16:56:14.590005,5,-3.728785926380109,-3.859964175485567,-3.009872366802119,811.0,328.0,3.0,541052.0,1.0,838380.0,43764.0
2025-12-18T16:56:15.088813,0,-3.796810219195322,-3.868644785161889,-3.015553507875194,823.0,364.0,3.0,412994.0,1.0,727288.0,43322.0
2025-12-18T16:56:15.190138,1,-3.809110603877591,-3.870424020888252,-3.0222249066767097,871.0,514.0,3.0,464460.0,1.0,736453.0,36049.0
2025-12-18T16:56:15.290184,2,-3.8219616455384875,-3.8715886552236176,-3.043576462410304,888.0,573.0,3.0,479311.0,1.0,545650.0,32033.0
2025-12-18T16:56:15.391836,3,-3.8339879014893077,-3.872108144521408,-3.0633833547875753,866.0,501.0,3.0,608889.0,1.0,508042.0,36938.0
2025-12-18T16:56:15.488453,4,-3.8462750929249645,-3.8738237233369786,-3.079394689653385,837.0,406.0,3.0,673276.0,1.0,762579.0,46340.0
2025-12-18T16:56:15.590242,5,-3.858697557694417,-3.8734935882737718,-3.1072668444490517,810.0,325.0,3.0,523578.0,1.0,833853.0,43868.0
2025-12-18T16:56:16.090289,0,-3.9197623313739927,-3.870582105473873,3.0606223983520304,829.0,384.0,3.0,405240.0,1.0,711704.0,42667.0
2025-12-18T16:56:16.191907,1,-3.9327780251633033,-3.8705030938291687,3.0569301590491236,876.0,533.0,3.0,456048.0,1.0,729507.0,35649.0
2025-12-18T16:56:16.289296,2,-3.9466385287083687,-3.868853700732445,3.0574235056018346,880.0,545.0,3.0,484531.0,1.0,533055.0,32580.0
2025-12-18T16:56:16.390109,3,-3.949560151970155,-3.868376187308786,3.0564392453518376,868.0,506.0,3.0,618861.0,1.0,504103.0,36814.0
2025-12-18T16:56:16.489564,4,-3.9456988955958265,-3.867244655219957,3.0621466637750654,838.0,411.0,3.0,670320.0,1.0,741455.0,46153.0
2025-12-18T16:56:16.590662,5,-3.9587167876773166,-3.8670172377856993,3.060412399458641,813.0,334.0,3.0,529280.0,1.0,810480.0,43543.0
2025-12-18T16:56:17.089899,0,-4.021095233123015,-3.8619505555996483,3.059686975965849,826.0,374.0,3.0,404007.0,1.0,717751.0,43001.0
2025-12-18T16:56:17.189086,1,-4.033905898981958,-3.860608307641849,3.058716991332342,874.0,527.0,3.0,458524.0,1.0,716053.0,35770.0
2025-12-18T16:56:17.289668,2,-4.045788498463368,-3.859618576625585,3.0587233706418853,875.0,528.0,3.0,477692.0,1.0,540503.0,32934.0
2025-12-18T16:56:17.390149,3,-4.0581032197185305,-3.8583052964254367,3.0567423378780325,870.0,514.0,3.0,602330.0,1.0,501380.0,36640.0
2025-12-18T16:56:17.488972,4,-4.070648553036037,-3.8579432510752696,3.0574536416482694,842.0,422.0,3.0,657513.0,1.0,753854.0,45810.0
2025-12-18T16:56:17.589962,5,-4.084090761084932,-3.856633364693729,3.058426031795761,814.0,337.0,3.0,529638.0,1.0,813228.0,43440.0
2025-12-18T16:56:18.088822,0,-4.147621970681801,-3.852524914379668,3.0596644924579675,821.0,359.0,3.0,409791.0,1.0,715326.0,43528.0
2025-12-18T16:56:18.190836,1,-4.160417088625627,-3.851842377361466,3.0638339192285535,879.0,544.0,3.0,453278.0,1.0,724095.0,35420.0
2025-12-18T16:56:18.289393,2,-4.17354774342337,-3.8508949925328,3.058417127170867,878.0,540.0,3.0,466982.0,1.0,522162.0,32701.0
2025-12-18T16:56:18.389391,3,-4.185979546409326,-3.8497690551976147,3.0598951426626892,866.0,501.0,3.0,597255.0,1.0,491634.0,36951.0
2025-12-18T16:56:18.487075,4,-4.213088986048197,-3.8680660213843354,3.088611100051808,840.0,417.0,3.0,671228.0,1.0,739700.0,45966.0
2025-12-18T16:56:18.591046,5,-4.230571823879119,-3.8783884547443033,3.111009876156361,816.0,344.0,3.0,521986.0,1.0,812677.0,43190.0
2025-12-18T16:56:19.089763,0,-4.295749463130969,-3.8763500852305355,3.111294998802174,825.0,370.0,3.0,406338.0,1.0,716780.0,43161.0
2025-12-18T16:56:19.190856,2,-4.308712898245332,-3.8763869964682445,3.1130282983334516,882.0,552.0,3.0,474148.0,1.0,523047.0,32458.0
2025-12-18T16:56:19.289344,3,-4.320770327749377,-3.875573957640611,3.111571647475312,871.0,515.0,3.0,610126.0,1.0,492800.0,36615.0
2025-12-18T16:56:19.389061,4,-4.332724615643899,-3.8756280412915367,3.108858738602774,836.0,405.0,3.0,665123.0,1.0,749275.0,46388.0
2025-12-18T16:56:19.494529,5,-4.345730840595792,-3.8751794885279307,3.113552679982691,813.0,335.0,3.0,537402.0,1.0,810480.0,43543.0
2025-12-18T16:56:20.088135,1,-4.408827674259362,-3.8737518122387162,3.1100945652818903,869.0,510.0,3.0,450068.0,1.0,711704.0,36184.0
2025-12-18T16:56:20.190314,2,-4.409023814899928,-3.8739358812076454,3.111082620017733,874.0,526.0,3.0,479149.0,1.0,525709.0,33001.0
2025-12-18T16:56:20.289261,3,-4.412387002995684,-3.87192506536616,3.107119720950349,869.0,508.0,3.0,602738.0,1.0,491135.0,36789.0
2025-12-18T16:56:20.390401,4,-4.421356710463606,-3.8677002573634467,3.0954552432882925,849.0,443.0,3.0,662427.0,1.0,737450.0,45118.0
2025-12-18T16:56:20.489609,5,-4.433589801260952,-3.865432476246159,3.079908663791451,814.0,337.0,3.0,520751.0,1.0,801207.0,43469.0
2025-12-18T16:56:21.089844,0,-4.502658247518257,-3.857733175374033,3.0094124631410994,824.0,367.0,3.0,408130.0,1.0,698578.0,43263.0
2025-12-18T16:56:21.192322,1,-4.514825094250195,-3.855691007223764,3.0106522338012898,881.0,550.0,3.0,453432.0,1.0,707381.0,35301.0
2025-12-18T16:56:21.290271,2,-4.527537354583895,-3.8542623313796502,3.0113846023432855,872.0,520.0,3.0,474309.0,1.0,518991.0,33124.0
2025-12-18T16:56:21.390157,3,-4.540474061893033,-3.8524318305366076,3.0121165210480245,869.0,508.0,3.0,603759.0,1.0,482730.0,36801.0
2025-12-18T16:56:21.489042,4,-4.553375535496523,-3.8516119219657865,3.0106380772381365,840.0,418.0,3.0,664897.0,1.0,739450.0,45966.0
2025-12-18T16:56:21.589095,5,-4.566682197061043,-3.8500002666996824,3.0098946716405295,816.0,342.0,3.0,523755.0,1.0,792308.0,43263.0
2025-12-18T16:56:22.091175,0,-4.629672843124563,-3.841692548094713,3.009658584128667,826.0,372.0,3.0,405240.0,1.0,693396.0,43074.0
2025-12-18T16:56:22.190601,1,-4.641826983772928,-3.840079051825402,3.0111440531231164,885.0,563.0,3.0,448092.0,1.0,697397.0,35027.0
2025-12-18T16:56:22.289584,2,-4.654348241510462,-3.8384852746528733,3.010912142793367,878.0,541.0,3.0,469358.0,1.0,517413.0,32701.0
2025-12-18T16:56:22.387943,3,-4.666508279043475,-3.8374996251540487,3.0106761490882494,869.0,511.0,3.0,598064.0,1.0,483057.0,36739.0
2025-12-18T16:56:22.489869,4,-4.6790181095329135,-3.8354675697766982,3.0111609226933225,847.0,438.0,3.0,640382.0,1.0,735705.0,45301.0
2025-12-18T16:56:22.591204,5,-4.692193400012885,-3.8346097432969755,3.0096819739143714,816.0,344.0,3.0,522693.0,1.0,793919.0,43220.0
2025-12-18T16:56:23.090502,0,-4.751363544084417,-3.826151175882384,2.8952349920269875,821.0,358.0,3.0,403324.0,1.0,700946.0,43587.0
2025-12-18T16:56:23.190008,1,-4.763087816879039,-3.822918138347879,2.8710509299497424,889.0,575.0,3.0,445069.0,1.0,688485.0,34790.0
2025-12-18T16:56:23.288285,2,-4.774145624689835,-3.8191314218291272,2.8399728823387287,877.0,536.0,3.0,478501.0,1.0,510628.0,32812.0
2025-12-18T16:56:23.391987,3,-4.785936266002006,-3.814789043921252,2.8127496251778648,865.0,497.0,3.0,594029.0,1.0,474309.0,37076.0
2025-12-18T16:56:23.490222,4,-4.7978736165727005,-3.8112231992036576,2.794167336404499,833.0,396.0,3.0,668960.0,1.0,731732.0,46734.0
2025-12-18T16:56:23.591084,5,-4.810190710911696,-3.807372516071608,2.769858920432427,816.0,342.0,3.0,522870.0,1.0,783243.0,43278.0
2025-12-18T16:56:24.090015,0,-4.864754101681754,-3.780838649065909,2.6339721712820445,824.0,368.0,3.0,405926.0,1.0,688485.0,43234.0
2025-12-18T16:56:24.191348,1,-4.874821586640325,-3.7745426655209102,2.6124525575411135,881.0,551.0,3.0,445974.0,1.0,694100.0,35301.0
2025-12-18T16:56:24.291624,2,-4.885836268247109,-3.76827596826034,2.59183248260016,873.0,522.0,3.0,470472.0,1.0,512186.0,33091.0
2025-12-18T16:56:24.390306,3,-4.8933055480436725,-3.766448075243007,2.5626041789063185,859.0,476.0,3.0,601108.0,1.0,483057.0,37594.0
2025-12-18T16:56:24.490614,4,-4.891710649895156,-3.773978058761316,2.5556348150685437,838.0,409.0,3.0,651752.0,1.0,730495.0,46293.0
2025-12-18T16:56:24.593180,5,-4.902236996189013,-3.7680815137991868,2.5532459810906674,813.0,335.0,3.0,531793.0,1.0,787230.0,43543.0
2025-12-18T16:56:25.088407,0,-4.957864738486781,-3.733547381295244,2.556398237232704,824.0,368.0,3.0,401418.0,1.0,698814.0,43234.0
2025-12-18T16:56:25.189627,1,-4.969620816361387,-3.726541310622583,2.5554024560057154,879.0,544.0,3.0,446729.0,1.0,687553.0,35456.0
2025-12-18T16:56:25.288575,2,-4.981764590950864,-3.71973064006215,2.5526327681114767,865.0,497.0,3.0,474951.0,1.0,517413.0,33633.0
2025-12-18T16:56:25.391328,3,-5.004112739277936,-3.711187373284649,2.536843379616322,864.0,494.0,3.0,598064.0,1.0,483548.0,37152.0
2025-12-18T16:56:25.488746,4,-5.014876847179669,-3.704417789042569,2.5176781396527828,841.0,419.0,3.0,661530.0,1.0,733220.0,45934.0
2025-12-18T16:56:25.592065,5,-5.024616512046872,-3.697766979634322,2.493969366400844,813.0,334.0,3.0,515839.0,1.0,796341.0,43602.0
2025-12-18T16:56:26.087953,0,-5.068883748541817,-3.6564953647549365,2.3598102473214584,821.0,359.0,3.0,403051.0,1.0,686159.0,43572.0
2025-12-18T16:56:26.190549,1,-5.077333571755701,-3.6472982175631388,2.3385422560148026,877.0,537.0,3.0,454200.0,1.0,701421.0,35613.0
2025-12-18T16:56:26.290219,2,-5.087297598073811,-3.638701070895823,2.3190011690681813,878.0,538.0,3.0,473026.0,1.0,505812.0,32779.0
2025-12-18T16:56:26.390322,3,-5.09572677516405,-3.629519233277446,2.288213426130005,867.0,503.0,3.0,608271.0,1.0,476562.0,36938.0
2025-12-18T16:56:26.489261,4,-5.103430139121909,-3.619982394009939,2.2582422920369467,841.0,418.0,3.0,652635.0,1.0,732971.0,45981.0
2025-12-18T16:56:26.590870,5,-5.112013668723331,-3.6107244554383136,2.2359459609748513,813.0,335.0,3.0,529638.0,1.0,775068.0,43572.0
2025-12-18T16:56:27.089632,0,-5.118487788978046,-3.5963525503442773,2.1415893706751357,816.0,343.0,3.0,406751.0,1.0,683840.0,44151.0
2025-12-18T16:56:27.189348,1,-5.125062307472341,-3.5855293268539636,2.1099445169894033,864.0,494.0,3.0,447637.0,1.0,689651.0,36602.0
2025-12-18T16:56:27.292021,2,-5.131109963209495,-3.5744529436194092,2.0841593395539513,874.0,525.0,3.0,468089.0,1.0,508214.0,33046.0
2025-12-18T16:56:27.389071,3,-5.138598606842924,-3.563470532821734,2.0620646842148806,863.0,488.0,3.0,597053.0,1.0,482567.0,37315.0
2025-12-18T16:56:27.488587,4,-5.144680037384768,-3.552460386695124,2.030406630936597,838.0,409.0,3.0,648671.0,1.0,724585.0,46309.0
2025-12-18T16:56:28.090299,0,-5.161605666613445,-3.510941759699022,1.909023905410453,824.0,368.0,3.0,410069.0,1.0,687321.0,43278.0
2025-12-18T16:56:28.188908,1,-5.166093553170448,-3.499075594930903,1.9018762602377848,872.0,518.0,3.0,449307.0,1.0,681530.0,36037.0
2025-12-18T16:56:28.291320,2,-5.169338050069639,-3.4860631406346867,1.8979106982372558,876.0,533.0,3.0,455740.0,1.0,502399.0,32901.0
2025-12-18T16:56:28.390879,3,-5.174278338333755,-3.4738934994359223,1.8988778711086212,861.0,484.0,3.0,587034.0,1.0,478501.0,37416.0
2025-12-18T16:56:28.490718,4,-5.178753270503005,-3.4610338760502666,1.89738007644319,842.0,421.0,3.0,673276.0,1.0,717265.0,45888.0
2025-12-18T16:56:28.591167,5,-5.183317987431337,-3.44932678585322,1.8973853018010063,814.0,338.0,3.0,521280.0,1.0,774544.0,43454.0
2025-12-18T16:56:29.090083,0,-5.208054644065849,-3.3962432996339014,1.894065038487569,818.0,348.0,3.0,404692.0,1.0,674873.0,43972.0
2025-12-18T16:56:29.190187,1,-5.212809776893093,-3.383498072106136,1.8925754719195105,866.0,501.0,3.0,455894.0,1.0,692223.0,36454.0
2025-12-18T16:56:29.289204,2,-5.217144924211165,-3.371559575945581,1.8947976235416502,868.0,506.0,3.0,470950.0,1.0,508214.0,33474.0
2025-12-18T16:56:29.390617,4,-5.221335867048267,-3.358879434213098,1.8910941878287295,835.0,401.0,3.0,651311.0,1.0,719941.0,46592.0
2025-12-18T16:56:29.487735,5,-5.225170210388748,-3.347332057376795,1.893075656298146,814.0,337.0,3.0,513574.0,1.0,765423.0,43513.0
2025-12-18T16:56:30.087350,0,-5.249030123326858,-3.275160341474115,1.8912884990690861,822.0,361.0,3.0,407440.0,1.0,689651.0,43528.0
2025-12-18T16:56:30.190698,1,-5.252749626087472,-3.2632548418683887,1.8920366809624638,856.0,466.0,3.0,449763.0,1.0,681760.0,37315.0
2025-12-18T16:56:30.289834,3,-5.25659156019115,-3.251530356596437,1.8912990009973478,852.0,456.0,3.0,604576.0,1.0,483548.0,38158.0
2025-12-18T16:56:30.390131,4,-5.26089980486961,-3.23906443326119,1.895003711115467,838.0,411.0,3.0,641901.0,1.0,723360.0,46262.0
2025-12-18T16:56:30.490819,5,-5.26484945470244,-3.2271203750726776,1.8947895112182729,812.0,333.0,3.0,526421.0,1.0,775068.0,43661.0
2025-12-18T16:56:31.089224,0,-5.300733275949414,-3.1714909750276066,1.9095755458859374,811.0,330.0,3.0,408683.0,1.0,680608.0,44692.0
2025-12-18T16:56:31.190007,1,-5.305621455594334,-3.159890904526365,1.908604257738932,860.0,478.0,3.0,455894.0,1.0,690585.0,37001.0
2025-12-18T16:56:31.289464,2,-5.309517683193187,-3.147527240441553,1.908354486377187,862.0,486.0,3.0,470790.0,1.0,505298.0,33918.0
2025-12-18T16:56:31.388850,3,-5.313806702870405,-3.136148366342602,1.9068739094685796,853.0,458.0,3.0,607859.0,1.0,483875.0,38094.0
2025-12-18T16:56:31.489586,4,-5.316998855492596,-3.124265980868044,1.9061458988757642,836.0,403.0,3.0,654404.0,1.0,714358.0,46545.0
2025-12-18T16:56:31.589834,5,-5.320484987961763,-3.112167614526479,1.8987195538160981,812.0,332.0,3.0,516014.0,1.0,784304.0,43690.0
2025-12-18T16:56:32.090678,0,-5.336930820388886,-3.0649142015183397,1.8984946629503383,815.0,339.0,3.0,409514.0,1.0,678308.0,44331.0
2025-12-18T16:56:32.190777,1,-5.336989982605864,-3.0648850219705004,1.8992338129138544,842.0,424.0,3.0,456666.0,1.0,688951.0,38443.0
2025-12-18T16:56:32.290186,2,-5.336989982605864,-3.0648850219705004,1.8992338129138544,861.0,483.0,3.0,472227.0,1.0,514270.0,33987.0
2025-12-18T16:56:32.390535,3,-5.336989982605864,-3.0648850219705004,1.8992338129138544,841.0,418.0,3.0,607242.0,1.0,487492.0,39206.0
2025-12-18T16:56:32.488605,4,-5.336989982605864,-3.0648850219705004,1.8992338129138544,827.0,376.0,3.0,659965.0,1.0,727042.0,47532.0
2025-12-18T16:56:32.591856,5,-5.336989982605864,-3.0648850219705004,1.8992338129138544,801.0,299.0,3.0,518289.0,1.0,767498.0,45011.0
2025-12-18T16:56:33.090815,0,-5.341534250404539,-3.040688105047227,1.9012522447603228,817.0,346.0,3.0,412994.0,1.0,688019.0,44076.0
2025-12-18T16:56:33.190043,1,-5.346465474700169,-3.0259466183809174,1.9054538569609762,852.0,454.0,3.0,457285.0,1.0,688718.0,37645.0
2025-12-18T16:56:33.290750,2,-5.352586937258753,-3.0109928742971253,1.9069365699012857,859.0,476.0,3.0,472227.0,1.0,508903.0,34149.0
2025-12-18T16:56:33.391844,3,-5.358669761444279,-2.9970193420460998,1.9049611068318728,838.0,410.0,3.0,614686.0,1.0,486009.0,39445.0
2025-12-18T16:56:33.491038,5,-5.363557410280849,-2.983929053819466,1.902230957700822,807.0,316.0,3.0,523578.0,1.0,784304.0,44316.0
2025-12-18T16:56:34.088836,0,-5.402679500645831,-2.922924043810143,1.921824211509647,818.0,349.0,3.0,410624.0,1.0,666249.0,43987.0
2025-12-18T16:56:34.190614,1,-5.407042056456089,-2.911087886029528,1.9166278618855928,859.0,476.0,3.0,450373.0,1.0,688718.0,37076.0
2025-12-18T16:56:34.289915,2,-5.411317423369495,-2.8992262774116995,1.918625782412812,856.0,467.0,3.0,472706.0,1.0,510110.0,34369.0
2025-12-18T16:56:34.389650,3,-5.415402274973144,-2.887242265037563,1.9149037344878344,848.0,440.0,3.0,596649.0,1.0,475595.0,38600.0
2025-12-18T16:56:34.490467,4,-5.419841565631329,-2.8754021809867893,1.9174116727092256,835.0,402.0,3.0,653740.0,1.0,708579.0,46576.0
2025-12-18T16:56:34.591394,5,-5.4246047584663755,-2.8626660655385674,1.9171412689923946,816.0,344.0,3.0,524643.0,1.0,752070.0,43249.0
2025-12-18T16:56:35.088875,0,-5.44529054737336,-2.802885983431148,1.918635474730466,810.0,327.0,3.0,407992.0,1.0,679917.0,44813.0
2025-12-18T16:56:35.190655,1,-5.45008868942129,-2.790672572311607,1.921859435835198,865.0,495.0,3.0,442965.0,1.0,678997.0,36627.0
2025-12-18T16:56:35.289693,2,-5.454756190231996,-2.778014461076234,1.9181520681819744,872.0,520.0,3.0,473988.0,1.0,505127.0,33192.0
2025-12-18T16:56:35.388408,3,-5.459061814436416,-2.766310722658404,1.922354095351406,847.0,438.0,3.0,605191.0,1.0,486174.0,38652.0
2025-12-18T16:56:35.489126,4,-5.463112631571771,-2.753979223813478,1.9186561420668042,841.0,421.0,3.0,643641.0,1.0,716053.0,45950.0
2025-12-18T16:56:35.588573,5,-5.467709699716047,-2.7424030376572324,1.9196345312197718,811.0,329.0,3.0,524643.0,1.0,767238.0,43824.0
2025-12-18T16:56:36.090878,0,-5.501104671591449,-2.695283171259938,1.9296090829676478,813.0,335.0,3.0,405651.0,1.0,677620.0,44511.0
2025-12-18T16:56:36.187809,1,-5.507895027329123,-2.687200672648303,1.9320990851164332,870.0,514.0,3.0,448547.0,1.0,675330.0,36184.0
2025-12-18T16:56:36.293185,2,-5.512586892693363,-2.675380719439065,1.9340687403853822,871.0,514.0,3.0,475112.0,1.0,496315.0,33315.0
2025-12-18T16:56:36.389385,3,-5.516744499843037,-2.66413593182338,1.930641813339834,846.0,434.0,3.0,600904.0,1.0,477369.0,38783.0
2025-12-18T16:56:36.489860,4,-5.521637058825021,-2.6521546098775977,1.9363345325114736,849.0,446.0,3.0,631343.0,1.0,705230.0,45118.0
2025-12-18T16:56:36.593461,5,-5.526657789131233,-2.6399223010714774,1.932117472795545,818.0,351.0,3.0,505983.0,1.0,763870.0,43030.0
2025-12-18T16:56:37.090061,0,-5.539699629550682,-2.610110589373587,1.9331242377991709,823.0,364.0,3.0,406338.0,1.0,663324.0,43469.0
2025-12-18T16:56:37.190672,1,-5.539699629550682,-2.610110589373587,1.9331242377991709,867.0,504.0,3.0,445974.0,1.0,671228.0,36417.0
2025-12-18T16:56:37.289393,2,-5.539699629550682,-2.610110589373587,1.9331242377991709,866.0,500.0,3.0,474951.0,1.0,493969.0,33621.0
2025-12-18T16:56:37.392844,3,-5.539699629550682,-2.610110589373587,1.9331242377991709,853.0,458.0,3.0,610540.0,1.0,476239.0,38145.0
2025-12-18T16:56:37.490062,4,-5.539699629550682,-2.610110589373587,1.9331242377991709,837.0,408.0,3.0,643206.0,1.0,696925.0,46403.0
2025-12-18T16:56:37.590890,5,-5.539699629550682,-2.610110589373587,1.9331242377991709,814.0,337.0,3.0,511839.0,1.0,749529.0,43543.0
2025-12-18T16:56:38.092762,0,-5.547402602911626,-2.5702798891365237,1.8581782298417433,825.0,370.0,3.0,400197.0,1.0,673960.0,43263.0
2025-12-18T16:56:38.191662,2,-5.551398116461648,-2.5564328126068885,1.842971816166102,868.0,508.0,3.0,458369.0,1.0,496315.0,33474.0
2025-12-18T16:56:38.290449,3,-5.5555075630769135,-2.543141587231882,1.831359583858959,851.0,450.0,3.0,600295.0,1.0,476884.0,38352.0
2025-12-18T16:56:38.390150,4,-5.559125228562701,-2.530392849574911,1.8256867664603793,843.0,426.0,3.0,625177.0,1.0,702609.0,45779.0
2025-12-18T16:56:38.489543,5,-5.563097838534997,-2.5183006691248773,1.8224607269551933,816.0,343.0,3.0,514967.0,1.0,746491.0,43337.0
2025-12-18T16:56:39.089616,1,-5.582744591761175,-2.4444639168447306,1.8143058611840255,880.0,545.0,3.0,438045.0,1.0,660188.0,35492.0
2025-12-18T16:56:39.190793,2,-5.591148702544364,-2.4292720908708407,1.823228022047907,891.0,583.0,3.0,457594.0,1.0,485187.0,31979.0
2025-12-18T16:56:39.293305,3,-5.596122176119896,-2.4158148031978706,1.8262620939822078,866.0,500.0,3.0,584061.0,1.0,466666.0,37076.0
2025-12-18T16:56:39.393067,4,-5.599046709008534,-2.404040616296904,1.8265120893106415,849.0,444.0,3.0,630489.0,1.0,688485.0,45225.0
2025-12-18T16:56:39.489946,5,-5.601910788247079,-2.3919105690194606,1.8240463866849923,821.0,359.0,3.0,502569.0,1.0,728766.0,42740.0
2025-12-18T16:56:40.088504,0,-5.62099416886456,-2.3179493298696694,1.8275129305233522,833.0,395.0,3.0,400197.0,1.0,651091.0,42422.0
2025-12-18T16:56:40.188671,1,-5.624064850206746,-2.3054883436666587,1.8280032307030118,895.0,597.0,3.0,423038.0,1.0,656845.0,34439.0
2025-12-18T16:56:40.289771,2,-5.627546816632788,-2.292835172055892,1.829250189916963,908.0,643.0,3.0,454046.0,1.0,476884.0,30935.0
2025-12-18T16:56:40.389863,3,-5.630457169984251,-2.280196747644212,1.830982509585869,874.0,525.0,3.0,585645.0,1.0,467931.0,36516.0
2025-12-18T16:56:40.488628,4,-5.633980386832136,-2.2682487274951604,1.8317237700771647,861.0,483.0,3.0,627509.0,1.0,671683.0,44032.0
2025-12-18T16:56:40.589655,5,-5.637000388728256,-2.2563357275252467,1.8280279266001662,828.0,379.0,3.0,507011.0,1.0,730742.0,42065.0
2025-12-18T16:56:41.089195,0,-5.652626329625545,-2.194383167180814,1.8275342206417509,838.0,411.0,3.0,392949.0,1.0,648232.0,41895.0
2025-12-18T16:56:41.190554,1,-5.6560228158875265,-2.1828676329122247,1.8280051814236387,904.0,627.0,3.0,423181.0,1.0,639083.0,33873.0
2025-12-18T16:56:41.289022,2,-5.660291429368411,-2.1734823476375746,1.8304326294582727,922.0,691.0,4.0,437009.0,1.0,466824.0,30180.0
2025-12-18T16:56:41.392322,3,-5.6629325895415095,-2.16170663941719,1.8314187665526147,882.0,554.0,3.0,558542.0,1.0,442216.0,35879.0
2025-12-18T16:56:41.491178,4,-5.665920185549836,-2.149553884266754,1.8301877309334316,861.0,484.0,3.0,605805.0,1.0,661978.0,43987.0
2025-12-18T16:56:41.590199,5,-5.6691766384467135,-2.1376982995768268,1.8341746872062599,839.0,414.0,3.0,504103.0,1.0,720672.0,40969.0
2025-12-18T16:56:42.089214,0,-5.685621687668987,-2.076128608712949,1.8333903448268603,833.0,394.0,3.0,394682.0,1.0,640165.0,42466.0
2025-12-18T16:56:42.189912,1,-5.689186215166154,-2.0639684789245325,1.8343941734305238,915.0,666.0,4.0,421894.0,1.0,633484.0,33192.0
2025-12-18T16:56:42.289203,2,-5.692848650614148,-2.0517170454732145,1.8366097733220972,946.0,780.0,4.0,428224.0,1.0,446881.0,28920.0
2025-12-18T16:56:42.392524,3,-5.696126801231316,-2.039176132789552,1.8373447232816393,911.0,652.0,4.0,547685.0,1.0,435680.0,33953.0
2025-12-18T16:56:42.490632,4,-5.6997568305263195,-2.0271431706392784,1.8380890872000992,888.0,573.0,3.0,598064.0,1.0,642988.0,41640.0
2025-12-18T16:56:42.592444,5,-5.703683392869,-2.014206908140586,1.8371131811964994,858.0,475.0,3.0,466666.0,1.0,677849.0,39245.0
2025-12-18T16:56:43.090894,0,-5.72079752305286,-1.953425137877543,1.834910704177064,840.0,416.0,3.0,388585.0,1.0,626660.0,41767.0
2025-12-18T16:56:43.191049,1,-5.723880914005979,-1.9409455910883402,1.8339214175099716,931.0,726.0,4.0,406338.0,1.0,615103.0,32218.0
2025-12-18T16:56:43.290856,2,-5.734860260582293,-1.9301843159877068,1.8413197648376645,987.0,940.0,4.0,407578.0,1.0,426344.0,27037.0
2025-12-18T16:56:43.390708,3,-5.746611859783435,-1.9186821479535752,1.8495246220743577,922.0,691.0,4.0,545650.0,1.0,421323.0,33282.0
2025-12-18T16:56:43.489326,4,-5.750332162639266,-1.9063592281355222,1.850045166093311,923.0,696.0,4.0,551405.0,1.0,609714.0,38954.0
2025-12-18T16:56:43.590199,5,-5.753923938712376,-1.8943724548370375,1.8512837253766934,885.0,563.0,3.0,452818.0,1.0,646479.0,37126.0
2025-12-18T16:56:44.089733,0,-5.772486542273851,-1.832242798343298,1.8490479232481392,847.0,437.0,3.0,382323.0,1.0,623698.0,41136.0
2025-12-18T16:56:44.188550,1,-5.776558309712419,-1.8200569226518928,1.8480510967573318,941.0,762.0,4.0,404555.0,1.0,604576.0,31666.0
2025-12-18T16:56:44.293722,2,-5.779777219055111,-1.8077401980636703,1.8485430529779703,1029.0,1111.0,4.0,390166.0,1.0,407992.0,25413.0
2025-12-18T16:56:44.388540,3,-5.783520190094254,-1.7958189392803443,1.84780854299408,941.0,762.0,4.0,519518.0,1.0,403188.0,32163.0
2025-12-18T16:56:44.492135,4,-5.787243058516385,-1.7834504103752566,1.8492700951632426,956.0,820.0,4.0,537584.0,1.0,564242.0,36764.0
2025-12-18T16:56:44.590686,5,-5.790838054042391,-1.7719011248367948,1.8497868566326114,902.0,623.0,3.0,430404.0,1.0,604986.0,35891.0
2025-12-18T16:56:45.088064,0,-5.808740682236268,-1.7092734286264557,1.8443451574324115,875.0,528.0,3.0,372740.0,1.0,591221.0,38718.0
2025-12-18T16:56:45.190051,1,-5.812374626692009,-1.6968459932190498,1.8435993238611705,969.0,869.0,4.0,395618.0,1.0,588626.0,30211.0
2025-12-18T16:56:45.291063,2,-5.815058420511862,-1.684982877509296,1.8448258615250173,1058.0,1237.0,4.0,388059.0,1.0,387141.0,24401.0
2025-12-18T16:56:45.390583,3,-5.823709334583768,-1.6930696341363594,1.85576261778791,965.0,852.0,4.0,512359.0,1.0,390827.0,30904.0
2025-12-18T16:56:45.486460,4,-5.829224141252887,-1.6896180199704753,1.8623368064149735,971.0,876.0,4.0,528564.0,1.0,546759.0,35903.0
2025-12-18T16:56:45.590995,5,-5.8324617164739685,-1.6771985986810565,1.8633393041999273,914.0,664.0,4.0,439531.0,1.0,588227.0,35110.0
2025-12-18T16:56:46.093020,0,-5.850786839747542,-1.6163277825707514,1.8683098614864004,888.0,572.0,3.0,369100.0,1.0,585843.0,37709.0
2025-12-18T16:56:46.190409,1,-5.85516095780449,-1.6039747006476333,1.8673236041786196,988.0,945.0,4.0,388322.0,1.0,564625.0,29315.0
2025-12-18T16:56:46.290155,2,-5.858765248306851,-1.5915455862121353,1.8683166168707879,1057.0,1233.0,4.0,379102.0,1.0,381676.0,24443.0
2025-12-18T16:56:46.391508,3,-5.86309732765411,-1.579007925879342,1.8668271746184255,982.0,920.0,4.0,500024.0,1.0,375526.0,30058.0
2025-12-18T16:56:46.491504,4,-5.867187454620158,-1.56659697549311,1.8663309588831105,973.0,884.0,4.0,513922.0,1.0,535043.0,35794.0
2025-12-18T16:56:46.590191,5,-5.870936158072128,-1.5545633155339829,1.8648699059071692,922.0,691.0,4.0,431132.0,1.0,572708.0,34638.0
2025-12-18T16:56:47.090302,0,-5.890399890914479,-1.4947751504347737,1.8663871673517063,884.0,560.0,3.0,371606.0,1.0,575428.0,37991.0
2025-12-18T16:56:47.191522,1,-5.893701971329506,-1.4830728259585402,1.8631481264243572,989.0,947.0,4.0,379487.0,1.0,557409.0,29295.0
2025-12-18T16:56:47.292685,2,-5.896587448747541,-1.471020846182609,1.8633875816638903,1051.0,1208.0,4.0,377437.0,1.0,368226.0,24634.0
2025-12-18T16:56:47.391305,3,-5.900416609539997,-1.4604756015074472,1.865097026594384,993.0,965.0,4.0,492133.0,1.0,364630.0,29544.0
2025-12-18T16:56:47.489577,4,-5.905487977771514,-1.454949342142997,1.8819791823268126,972.0,879.0,4.0,510628.0,1.0,517938.0,35879.0
2025-12-18T16:56:47.590001,5,-5.908696492251565,-1.4432347545987834,1.8811505660052181,914.0,665.0,4.0,416362.0,1.0,568459.0,35122.0
2025-12-18T16:56:48.088848,0,-5.926935202795093,-1.3834218693663463,1.8777043747510294,878.0,541.0,3.0,371229.0,1.0,576598.0,38443.0
2025-12-18T16:56:48.189729,1,-5.930746027116852,-1.3712428234601455,1.8794362175318826,979.0,907.0,4.0,387796.0,1.0,551405.0,29775.0
2025-12-18T16:56:48.292110,2,-5.935100042843091,-1.358225807060896,1.880432360265126,1040.0,1160.0,4.0,383489.0,1.0,366982.0,25029.0
2025-12-18T16:56:48.391489,3,-5.939161183047808,-1.3462554386838885,1.878212913129912,988.0,943.0,4.0,490803.0,1.0,358632.0,29805.0
2025-12-18T16:56:48.488855,4,-5.943479884603406,-1.3337388605638236,1.8764921567673705,955.0,814.0,4.0,502910.0,1.0,517938.0,36901.0
2025-12-18T16:56:48.593948,5,-5.947448492945403,-1.3214528074974883,1.8764986074624237,900.0,614.0,3.0,426922.0,1.0,567114.0,36098.0
2025-12-18T16:56:49.089349,0,-5.965836746300496,-1.2616464674122674,1.8765351495660068,875.0,529.0,3.0,364136.0,1.0,577379.0,38718.0
2025-12-18T16:56:49.189833,1,-5.969636433896872,-1.2495958693630902,1.8765258537546834,967.0,861.0,4.0,387928.0,1.0,554211.0,30344.0
2025-12-18T16:56:49.290685,2,-5.973184710605937,-1.2380277406934774,1.8755327238427275,1006.0,1017.0,4.0,371229.0,1.0,366982.0,26297.0
2025-12-18T16:56:49.392771,3,-5.976941557788679,-1.225462421410501,1.8637824410480432,974.0,888.0,4.0,486667.0,1.0,355490.0,30478.0
2025-12-18T16:56:49.490910,4,-5.986805865916798,-1.2226361696080787,1.8642306444232217,941.0,764.0,4.0,518991.0,1.0,519342.0,37747.0
2025-12-18T16:56:49.591272,5,-5.995755839245768,-1.222913005149839,1.8588332113791468,896.0,600.0,3.0,440424.0,1.0,580121.0,36392.0
2025-12-18T16:56:50.088281,0,-6.008434785460165,-1.162237132712082,1.7294424718866108,868.0,507.0,3.0,373371.0,1.0,570387.0,39285.0
2025-12-18T16:56:50.191707,1,-6.011371688698904,-1.1493517862068483,1.7066134917715714,960.0,836.0,4.0,390430.0,1.0,545096.0,30675.0
2025-12-18T16:56:50.289960,3,-6.013018658028135,-1.1372027049529896,1.6819051429059362,958.0,828.0,4.0,499686.0,1.0,358026.0,31262.0
2025-12-18T16:56:50.389069,4,-6.013086598872399,-1.124857889622465,1.6530742048010325,931.0,725.0,4.0,519870.0,1.0,526243.0,38469.0
2025-12-18T16:56:51.089986,0,-6.012991882653451,-1.0380070269394124,1.5394549101851098,869.0,510.0,3.0,372110.0,1.0,575039.0,39206.0
2025-12-18T16:56:51.191091,1,-6.015034046446349,-1.0298649344155018,1.547617991287419,938.0,751.0,4.0,397228.0,1.0,547685.0,31892.0
2025-12-18T16:56:51.288993,2,-6.0163978961034115,-1.0201969989272164,1.5514065807445938,990.0,951.0,4.0,392417.0,1.0,371606.0,26964.0
2025-12-18T16:56:51.392136,3,-6.016421708454695,-1.0073785618885562,1.5499413191801452,940.0,757.0,4.0,504103.0,1.0,363890.0,32283.0
2025-12-18T16:56:51.489954,4,-6.016985196629147,-0.994182486091495,1.5445120414273052,910.0,650.0,4.0,536675.0,1.0,528027.0,39969.0
2025-12-18T16:56:51.590983,5,-6.016751248744336,-0.9816887341067817,1.5449917653655783,878.0,541.0,3.0,451900.0,1.0,579140.0,37683.0
2025-12-18T16:56:52.088666,0,-6.016275114216157,-0.9185866034757293,1.541506794422877,859.0,477.0,3.0,372993.0,1.0,567883.0,40078.0
2025-12-18T16:56:52.190931,1,-6.016318942844247,-0.905463304924595,1.5417601129962981,940.0,760.0,4.0,390034.0,1.0,557221.0,31752.0
2025-12-18T16:56:52.288873,2,-6.015724619548855,-0.8927080575845898,1.542484571899972,978.0,904.0,4.0,381676.0,1.0,373498.0,27479.0
2025-12-18T16:56:52.392299,4,-6.016112626467423,-0.8793916350977935,1.5415460420288498,904.0,629.0,3.0,541602.0,1.0,542703.0,40432.0
2025-12-18T16:56:52.487842,5,-6.015809932520092,-0.8668158039076101,1.542646898749186,862.0,488.0,3.0,444768.0,1.0,579140.0,38981.0
2025-12-18T16:56:53.091657,0,-6.007960083375133,-0.7933899613938555,1.4097865533456488,866.0,501.0,3.0,373624.0,1.0,557976.0,39445.0
2025-12-18T16:56:53.191241,1,-6.0056125429610265,-0.7825635251095084,1.3848927431140503,926.0,708.0,4.0,393215.0,1.0,551032.0,32568.0
2025-12-18T16:56:53.290443,2,-6.010308323150245,-0.8095902949512754,1.378882012949343,962.0,842.0,4.0,397497.0,1.0,378845.0,28205.0
2025-12-18T16:56:53.389126,3,-6.009025414781023,-0.8087538611215934,1.3665213787466812,936.0,744.0,4.0,510110.0,1.0,363644.0,32491.0
2025-12-18T16:56:53.488748,4,-6.006718520036635,-0.7967078136075489,1.3393331048721744,886.0,566.0,3.0,534862.0,1.0,543990.0,41895.0
2025-12-18T16:56:53.591547,5,-6.004627032583331,-0.7850324063810628,1.3095651424857933,865.0,496.0,3.0,461951.0,1.0,579532.0,38783.0
2025-12-18T16:56:54.089809,0,-5.985547611038143,-0.7268012142902509,1.1845208749203,853.0,459.0,3.0,372488.0,1.0,570387.0,40583.0
2025-12-18T16:56:54.190708,1,-5.980401319397233,-0.7156220642591413,1.164717366934203,930.0,722.0,4.0,391091.0,1.0,551965.0,32349.0
2025-12-18T16:56:54.288427,2,-5.975681149451441,-0.7048821455673036,1.1391496511438863,950.0,798.0,4.0,394281.0,1.0,385571.0,28764.0
2025-12-18T16:56:54.390708,3,-5.971502771869038,-0.6998435362605235,1.1118510224983342,923.0,697.0,4.0,516363.0,1.0,368600.0,33248.0
2025-12-18T16:56:54.489828,4,-5.967893079669779,-0.7048282826584864,1.1005954600573233,890.0,581.0,3.0,556279.0,1.0,543990.0,41556.0
2025-12-18T16:56:54.588833,5,-5.963004153362559,-0.6935310254556333,1.0785218762658808,856.0,467.0,3.0,452972.0,1.0,589024.0,39525.0
2025-12-18T16:56:55.090475,0,-5.92834008806305,-0.6415151036231248,0.9516104383552082,852.0,454.0,3.0,375145.0,1.0,567690.0,40734.0
2025-12-18T16:56:55.193831,1,-5.92081658853745,-0.6314619102862133,0.9259150324564211,924.0,701.0,4.0,405926.0,1.0,547870.0,32701.0
2025-12-18T16:56:55.293424,2,-5.913545004240749,-0.6170011799914366,0.902226931337004,933.0,734.0,4.0,404555.0,1.0,376035.0,29634.0
2025-12-18T16:56:55.388953,3,-5.908884577227971,-0.5981865538589335,0.8844899009403565,915.0,667.0,4.0,509420.0,1.0,368975.0,33781.0
2025-12-18T16:56:55.488630,4,-5.898611316979204,-0.5811573960770469,0.8396805969204547,887.0,569.0,3.0,542519.0,1.0,545835.0,41838.0
2025-12-18T16:56:55.590369,5,-5.890037366194514,-0.5720188059514117,0.8097036502345571,855.0,464.0,3.0,460235.0,1.0,593226.0,39632.0
2025-12-18T16:56:56.088692,0,-5.847376633636917,-0.5294015870499504,0.6965479064446457,858.0,472.0,3.0,372488.0,1.0,569808.0,40227.0
2025-12-18T16:56:56.190797,1,-5.834801943566139,-0.5153216414826991,0.6615079899215462,922.0,694.0,4.0,395484.0,1.0,547129.0,32823.0
2025-12-18T16:56:56.290810,2,-5.822743092098079,-0.4971663791729086,0.6382919787571595,926.0,706.0,4.0,406064.0,1.0,381676.0,30048.0
2025-12-18T16:56:56.400790,3,-5.816135137682737,-0.49122653262478044,0.6200521602276007,912.0,657.0,4.0,522693.0,1.0,367728.0,33953.0
2025-12-18T16:56:56.492139,4,-5.803442600990907,-0.4809226604038721,0.5906509391791641,889.0,578.0,3.0,545650.0,1.0,539224.0,41640.0
2025-12-18T16:56:56.589499,5,-5.793125318849192,-0.4756619426295887,0.5652830448294968,857.0,469.0,3.0,465089.0,1.0,588028.0,39499.0
2025-12-18T16:56:57.089059,0,-5.735448375500866,-0.4277834204714779,0.43498259600463773,863.0,491.0,3.0,374130.0,1.0,560626.0,39726.0
2025-12-18T16:56:57.189714,2,-5.724328086329401,-0.42202491609801696,0.41595142391158896,934.0,736.0,4.0,395484.0,1.0,384139.0,29614.0
2025-12-18T16:56:57.290159,3,-5.712640369245989,-0.4173438533984206,0.38557103840687235,907.0,639.0,3.0,515315.0,1.0,368226.0,34288.0
2025-12-18T16:56:57.388925,4,-5.7015607000552855,-0.4143011121009965,0.35789466279316584,874.0,526.0,3.0,556090.0,1.0,542519.0,42972.0
2025-12-18T16:56:57.486880,5,-5.690388911260775,-0.4098781972786565,0.33492843064246125,849.0,446.0,3.0,469835.0,1.0,594029.0,40132.0
2025-12-18T16:56:58.089552,1,-5.6174110667385095,-0.36001587649113853,0.18540501059108402,922.0,691.0,4.0,392550.0,1.0,551218.0,32867.0
2025-12-18T16:56:58.189949,2,-5.605245739060928,-0.35857705401838524,0.15995353563435333,925.0,704.0,4.0,410902.0,1.0,380902.0,30089.0
2025-12-18T16:56:58.289444,3,-5.592707711092588,-0.35584156830774694,0.1384289286529567,915.0,668.0,4.0,511666.0,1.0,365990.0,33781.0
2025-12-18T16:56:58.389782,4,-5.579548513326713,-0.35295513284215874,0.11649867124890735,883.0,557.0,3.0,546019.0,1.0,549728.0,42151.0
2025-12-18T16:56:58.490529,5,-5.56725124701461,-0.35172198314978287,0.0908106607988903,851.0,451.0,3.0,466192.0,1.0,587233.0,40010.0
2025-12-18T16:56:59.089248,0,-5.506211171170428,-0.33155449188805086,-0.07365345191089433,868.0,506.0,3.0,372488.0,1.0,548613.0,39338.0
2025-12-18T16:56:59.188942,1,-5.493736676124292,-0.3329698445991722,-0.10080575167781805,927.0,710.0,4.0,382582.0,1.0,539224.0,32568.0
2025-12-18T16:56:59.289318,2,-5.481492639489365,-0.33471288252729003,-0.12799412580215075,918.0,678.0,4.0,406476.0,1.0,386879.0,30499.0
2025-12-18T16:56:59.391091,3,-5.472668322032795,-0.3349629945267991,-0.14469876410692264,925.0,703.0,4.0,515315.0,1.0,366982.0,33192.0
2025-12-18T16:56:59.488312,4,-5.456645638261929,-0.33791461747619866,-0.17898315540918222,868.0,507.0,3.0,555338.0,1.0,559299.0,43484.0
2025-12-18T16:56:59.592437,5,-5.445318228426878,-0.33782305488293707,-0.20853266561257666,843.0,426.0,3.0,463674.0,1.0,593226.0,40720.0
2025-12-18T16:57:00.088088,0,-5.384944239024744,-0.3489256858888976,-0.33949075906064824,865.0,495.0,3.0,371481.0,1.0,547870.0,39632.0
2025-12-18T16:57:00.191128,1,-5.37321875691949,-0.35266774268452306,-0.36525729247720534,929.0,717.0,4.0,392683.0,1.0,539955.0,32458.0
2025-12-18T16:57:00.290218,2,-5.361918617473341,-0.3572628207849875,-0.3960910009536524,916.0,671.0,4.0,407992.0,1.0,382841.0,30612.0
2025-12-18T16:57:00.390473,3,-5.362317337142421,-0.36448340314926275,-0.43037088149768726,902.0,621.0,3.0,511320.0,1.0,367479.0,34638.0
2025-12-18T16:57:00.487461,4,-5.357947084002011,-0.3710558349585802,-0.4577714284660194,867.0,502.0,3.0,555338.0,1.0,555714.0,43646.0
2025-12-18T16:57:00.591238,5,-5.346172775671628,-0.3765843078211675,-0.4743667600689814,845.0,433.0,3.0,466982.0,1.0,591421.0,40528.0
2025-12-18T16:57:01.089605,0,-5.2903904591563995,-0.4078077563726432,-0.6042638654374348,857.0,469.0,3.0,373371.0,1.0,553462.0,40336.0
2025-12-18T16:57:01.191162,1,-5.275395685030644,-0.41143562818333823,-0.6341124205979098,930.0,722.0,4.0,387141.0,1.0,541785.0,32382.0
2025-12-18T16:57:01.290650,2,-5.263709512090136,-0.4177164422009634,-0.6552205864730004,918.0,680.0,4.0,415377.0,1.0,380129.0,30478.0
2025-12-18T16:57:01.390998,3,-5.255359420502821,-0.42513774499501444,-0.6893988141995183,909.0,646.0,3.0,521809.0,1.0,374637.0,34195.0
2025-12-18T16:57:01.489773,4,-5.246233617459926,-0.43319834958892267,-0.7200125826324671,867.0,503.0,3.0,556090.0,1.0,558353.0,43631.0
2025-12-18T16:57:01.589969,5,-5.236622205189895,-0.4420101461024353,-0.7402579514586819,844.0,428.0,3.0,468089.0,1.0,597659.0,40693.0
2025-12-18T16:57:02.091330,0,-5.19799564216754,-0.4836511236242558,-0.8530723497715162,865.0,496.0,3.0,369224.0,1.0,545835.0,39619.0
2025-12-18T16:57:02.188408,1,-5.193077276966854,-0.4917990090998745,-0.8822031561493735,932.0,730.0,4.0,385050.0,1.0,531254.0,32272.0
2025-12-18T16:57:02.289000,2,-5.1851816873454,-0.5016284334416956,-0.9076549016405325,920.0,686.0,4.0,409237.0,1.0,382193.0,30385.0
2025-12-18T16:57:02.391554,3,-5.175944722014034,-0.5117606035701261,-0.9270134347388745,911.0,652.0,4.0,523755.0,1.0,366361.0,34080.0
2025-12-18T16:57:02.490624,4,-5.1682757571597175,-0.5216910155709491,-0.9551797205853746,870.0,512.0,3.0,560436.0,1.0,551218.0,43366.0
2025-12-18T16:57:02.591106,5,-5.160481126853227,-0.5324020360874719,-0.9799152803694025,841.0,418.0,3.0,460858.0,1.0,595035.0,40983.0
2025-12-18T16:57:03.088002,0,-5.1437408527529564,-0.5813279581374431,-1.1015888694186082,862.0,486.0,3.0,371481.0,1.0,547870.0,39902.0
2025-12-18T16:57:03.190471,1,-5.138589911221018,-0.5920956125177961,-1.124401780453135,937.0,749.0,4.0,380644.0,1.0,532514.0,31979.0
2025-12-18T16:57:03.292266,2,-5.133708387452598,-0.6034811871416768,-1.156079360195935,930.0,721.0,4.0,413833.0,1.0,375780.0,29865.0
2025-12-18T16:57:03.391422,3,-5.128750818951389,-0.6152409603453202,-1.181306939615768,914.0,666.0,4.0,521633.0,1.0,362047.0,33850.0
2025-12-18T16:57:03.490040,5,-5.123836320599377,-0.6268304088858723,-1.200273913724624,840.0,417.0,3.0,463361.0,1.0,593828.0,41025.0
2025-12-18T16:57:04.090307,0,-5.102663661860408,-0.6892557469293479,-1.353083205375309,864.0,494.0,3.0,369600.0,1.0,544912.0,39686.0
2025-12-18T16:57:04.189955,1,-5.099325845615696,-0.7012199740891467,-1.37487468882847,946.0,783.0,4.0,382323.0,1.0,524465.0,31495.0
2025-12-18T16:57:04.290439,2,-5.097018382813295,-0.7134424833134085,-1.3997567675926648,937.0,747.0,4.0,403597.0,1.0,381160.0,29504.0
2025-12-18T16:57:04.388261,3,-5.095639608287437,-0.7253782276407832,-1.417091695282837,921.0,689.0,4.0,510628.0,1.0,363275.0,33451.0
2025-12-18T16:57:04.489666,4,-5.094186901199698,-0.7376756464884187,-1.4168258308794355,882.0,551.0,3.0,536857.0,1.0,556279.0,42336.0
2025-12-18T16:57:04.590171,5,-5.0918655073516055,-0.7498311310754255,-1.4170734397433475,845.0,432.0,3.0,458990.0,1.0,596851.0,40569.0
2025-12-18T16:57:05.088771,0,-5.073983611066498,-0.8162559023946883,-1.4100929722120807,861.0,485.0,3.0,370853.0,1.0,541052.0,39942.0
2025-12-18T16:57:05.190787,1,-5.072268716026525,-0.8287758593280334,-1.4083858685462893,949.0,794.0,4.0,380001.0,1.0,522339.0,31336.0
2025-12-18T16:57:05.289740,2,-5.069717790951238,-0.8412049505992267,-1.4111074147272316,942.0,767.0,4.0,404555.0,1.0,370226.0,29235.0
2025-12-18T16:57:05.391164,3,-5.068076918623622,-0.8539754589477417,-1.4088786572032297,932.0,730.0,4.0,498672.0,1.0,357421.0,32790.0
2025-12-18T16:57:05.488717,4,-5.065199744737365,-0.8666806783779522,-1.4110808306394471,882.0,552.0,3.0,547500.0,1.0,553836.0,42322.0
2025-12-18T16:57:05.591940,5,-5.063825117317058,-0.8793173031965646,-1.408612959873378,849.0,444.0,3.0,453432.0,1.0,583271.0,40227.0
2025-12-18T16:57:06.089383,0,-5.05330691077057,-0.942565616036648,-1.4096154987635847,866.0,499.0,3.0,370727.0,1.0,531973.0,39565.0
2025-12-18T16:57:06.189617,1,-5.051534775920548,-0.954910230215464,-1.4079008764590262,956.0,820.0,4.0,378204.0,1.0,523578.0,30988.0
2025-12-18T16:57:06.289213,2,-5.049324973671377,-0.9677946233284032,-1.4093893591776674,997.0,981.0,4.0,388322.0,1.0,356334.0,26745.0
2025-12-18T16:57:06.391132,3,-5.046839008067299,-0.9805461506263753,-1.4130845178359617,937.0,748.0,4.0,504103.0,1.0,351899.0,32513.0
2025-12-18T16:57:06.489466,4,-5.044875227813973,-0.9931710671039276,-1.4123469548766434,916.0,670.0,4.0,519870.0,1.0,516538.0,39632.0
2025-12-18T16:57:06.588437,5,-5.042546171905134,-1.0050762790065533,-1.4130761417065798,883.0,557.0,3.0,442366.0,1.0,556090.0,37404.0
2025-12-18T16:57:07.089014,0,-5.026942354221721,-1.0519339840583077,-1.398618403490779,876.0,532.0,3.0,362170.0,1.0,532334.0,38757.0
2025-12-18T16:57:07.190941,1,-5.024340122233125,-1.064970596167313,-1.401348596466498,1015.0,1055.0,4.0,353212.0,1.0,492467.0,28253.0
2025-12-18T16:57:07.290111,2,-5.021731257020697,-1.077672076526929,-1.4006012413658355,1067.0,1280.0,4.0,368475.0,1.0,334027.0,24196.0
2025-12-18T16:57:07.391775,3,-5.019354430368224,-1.090670586556684,-1.4023213862648143,999.0,988.0,4.0,464302.0,1.0,329871.0,29394.0
2025-12-18T16:57:07.488077,4,-5.017549004523818,-1.1029591398137124,-1.3988658680074555,955.0,816.0,4.0,488979.0,1.0,491967.0,36988.0
2025-12-18T16:57:07.589835,5,-5.015630939567926,-1.1153915783721629,-1.397624914323912,911.0,654.0,4.0,407716.0,1.0,533958.0,35420.0
2025-12-18T16:57:08.089936,0,-5.004339464776383,-1.1779534506777414,-1.3971114281184056,909.0,647.0,3.0,347755.0,1.0,500024.0,36294.0
2025-12-18T16:57:08.190182,1,-5.002377574724248,-1.1904512823857067,-1.3949041102204118,1093.0,1393.0,4.0,329424.0,1.0,452972.0,25421.0
2025-12-18T16:57:08.291547,2,-5.00001650234311,-1.2031601120696398,-1.3949079672387716,1155.0,1688.0,4.0,337551.0,1.0,306719.0,21727.0
2025-12-18T16:57:08.387647,3,-4.997831972294382,-1.2152562976859982,-1.3956444437012594,1080.0,1337.0,4.0,435090.0,1.0,295510.0,26226.0
2025-12-18T16:57:08.491772,4,-4.995632842390097,-1.2279544951586145,-1.396887891236033,1013.0,1047.0,4.0,456821.0,1.0,449459.0,33758.0
2025-12-18T16:57:08.591904,5,-4.993777566070964,-1.2399946932219659,-1.4000825494287288,951.0,799.0,4.0,386617.0,1.0,485023.0,33012.0
2025-12-18T16:57:09.089696,0,-4.97276026569289,-1.3122551329748497,-1.387505276411872,957.0,822.0,4.0,327867.0,1.0,463831.0,33361.0
2025-12-18T16:57:09.191205,1,-4.969860670057051,-1.3250207337552085,-1.389241921485721,1172.0,1770.0,4.0,309430.0,1.0,416644.0,23146.0
2025-12-18T16:57:09.289867,2,-4.967771646688395,-1.3374709977853136,-1.388243140446295,1187.0,1846.0,4.0,324335.0,1.0,291635.0,20975.0
2025-12-18T16:57:09.392588,3,-4.965117933708817,-1.3505320843517583,-1.388986669163367,1126.0,1548.0,4.0,412295.0,1.0,272548.0,24776.0
2025-12-18T16:57:09.489850,4,-4.963053981685429,-1.3627865098868512,-1.385515868940902,1057.0,1234.0,4.0,419900.0,1.0,423468.0,31731.0
2025-12-18T16:57:09.593592,5,-4.960672751377603,-1.3756975955309385,-1.385280332778803,973.0,886.0,4.0,373751.0,1.0,458835.0,31817.0
2025-12-18T16:57:10.087778,0,-4.949081536226629,-1.43827001143489,-1.3813037514400193,992.0,961.0,4.0,318462.0,1.0,450373.0,31527.0
2025-12-18T16:57:10.190448,1,-4.947279183553132,-1.4506722217081989,-1.3798144234281595,1206.0,1943.0,4.0,298021.0,1.0,394949.0,22308.0
2025-12-18T16:57:10.288603,3,-4.94450371705801,-1.4628218870595053,-1.3825306661361605,1124.0,1541.0,4.0,400197.0,1.0,265717.0,24826.0
2025-12-18T16:57:10.390800,4,-4.9426093158620805,-1.4752825044528035,-1.3820316070980276,1078.0,1325.0,4.0,423325.0,1.0,402097.0,30883.0
2025-12-18T16:57:10.491033,5,-4.939858532273841,-1.4873928570151214,-1.38576948468972,985.0,931.0,4.0,365990.0,1.0,447637.0,31251.0
2025-12-18T16:57:11.089941,0,-4.91103299607638,-1.5496093234724668,-1.3675556782073928,1015.0,1056.0,4.0,309221.0,1.0,421609.0,30447.0
2025-12-18T16:57:11.191778,1,-4.90775118381817,-1.5624942872672678,-1.3702917510200463,1216.0,1997.0,4.0,295710.0,1.0,382841.0,22068.0
2025-12-18T16:57:11.290401,2,-4.905385565846957,-1.5753782687523312,-1.3710157126623475,1144.0,1634.0,4.0,316956.0,1.0,291241.0,22016.0
2025-12-18T16:57:11.391405,3,-4.902138271265707,-1.587342482282275,-1.3702998146184249,1110.0,1474.0,4.0,399655.0,1.0,268247.0,25267.0
2025-12-18T16:57:11.491296,4,-4.90014032767299,-1.599465081834265,-1.3668289368121838,1034.0,1135.0,4.0,427934.0,1.0,409791.0,32768.0
2025-12-18T16:57:11.590904,5,-4.897228856742456,-1.6116754418147718,-1.3678171305842004,977.0,899.0,4.0,379615.0,1.0,447789.0,31656.0
2025-12-18T16:57:12.089136,0,-4.884251740469673,-1.6739034042754124,-1.364420916939923,1030.0,1118.0,4.0,303313.0,1.0,408821.0,29805.0
2025-12-18T16:57:12.188990,1,-4.8816743028093414,-1.6866042862629111,-1.3589694263255958,1197.0,1898.0,4.0,295911.0,1.0,371984.0,22528.0
2025-12-18T16:57:12.290032,2,-4.878103975617099,-1.6986285262334615,-1.3418909815223543,1119.0,1516.0,4.0,335273.0,1.0,286257.0,22681.0
2025-12-18T16:57:12.392718,3,-4.874915001420952,-1.7100677971200797,-1.3203696818735817,1095.0,1405.0,4.0,400197.0,1.0,261966.0,25751.0
2025-12-18T16:57:12.491398,4,-4.871814602552138,-1.7213703379509657,-1.3043311181621886,995.0,973.0,4.0,445220.0,1.0,416926.0,34720.0
2025-12-18T16:57:13.090715,0,-4.835705097550131,-1.7805910728939005,-1.1309473686152454,1015.0,1055.0,4.0,304547.0,1.0,402097.0,30468.0
2025-12-18T16:57:13.190299,1,-4.829174653830562,-1.7902920599500858,-1.1057724830563054,1151.0,1667.0,4.0,303518.0,1.0,378461.0,23725.0
2025-12-18T16:57:13.293430,2,-4.823351854741852,-1.8006591647220058,-1.08205144118054,1088.0,1371.0,4.0,336069.0,1.0,292030.0,23589.0
2025-12-18T16:57:13.392429,3,-4.818139800466522,-1.8117448830112153,-1.0561237257773262,1074.0,1310.0,4.0,403461.0,1.0,264819.0,26457.0
2025-12-18T16:57:13.491192,4,-4.811935990739787,-1.8224143272664772,-1.0311058996045843,993.0,964.0,4.0,447637.0,1.0,415236.0,34849.0
2025-12-18T16:57:13.591370,5,-4.805046523349535,-1.8334938215995216,-1.0073733860891292,939.0,755.0,4.0,394281.0,1.0,459456.0,33724.0
2025-12-18T16:57:14.089640,0,-4.7564751724788525,-1.8915595196930193,-0.8778491124160651,1003.0,1005.0,4.0,306823.0,1.0,396825.0,31040.0
2025-12-18T16:57:14.189773,1,-4.740527414946952,-1.9057091151408647,-0.8484491844291435,1100.0,1427.0,4.0,310374.0,1.0,378076.0,25216.0
2025-12-18T16:57:14.291432,2,-4.732543429760488,-1.9153298327137587,-0.8221882113236134,1067.0,1280.0,4.0,336980.0,1.0,288494.0,24229.0
2025-12-18T16:57:14.402887,3,-4.724062420419866,-1.9243269903505484,-0.7964954066990497,1039.0,1156.0,4.0,422466.0,1.0,268701.0,27760.0
2025-12-18T16:57:14.490633,4,-4.716277819724446,-1.9335862929052055,-0.7644488092311468,974.0,889.0,4.0,441319.0,1.0,422466.0,35903.0
2025-12-18T16:57:14.595332,5,-4.707191006473353,-1.942469100076997,-0.7340273981699106,938.0,750.0,4.0,388190.0,1.0,456511.0,33815.0
2025-12-18T16:57:15.089223,0,-4.647793727718488,-1.9804956061924184,-0.5901322565451154,975.0,893.0,4.0,311427.0,1.0,405240.0,32425.0
2025-12-18T16:57:15.189650,2,-4.638273938723762,-1.987543127115834,-0.5618921217213315,1037.0,1147.0,4.0,340534.0,1.0,297216.0,25267.0
2025-12-18T16:57:15.290983,4,-4.629719270405751,-1.994899699704205,-0.5308311633769933,968.0,867.0,4.0,446881.0,1.0,421466.0,36245.0
2025-12-18T16:57:15.389516,5,-4.620063515641672,-2.001587805168853,-0.5100040215257282,925.0,702.0,4.0,391621.0,1.0,456202.0,34614.0
2025-12-18T16:57:16.090812,0,-4.5266372543974525,-2.0208315064953295,-0.3174922680672695,961.0,837.0,4.0,319109.0,1.0,405103.0,33203.0
2025-12-18T16:57:16.190058,1,-4.515207499261331,-2.0242865353602877,-0.2938630528382748,1060.0,1247.0,4.0,319001.0,1.0,382452.0,26565.0
2025-12-18T16:57:16.291905,2,-4.503188563515632,-2.027256757812511,-0.26733015057770954,1012.0,1041.0,4.0,347050.0,1.0,297618.0,26208.0
2025-12-18T16:57:16.391115,3,-4.4912945340130515,-2.030004804838006,-0.2393329318397669,1014.0,1050.0,4.0,421323.0,1.0,272456.0,28793.0
2025-12-18T16:57:16.490120,4,-4.479054299488622,-2.033601149025066,-0.21282867358694202,950.0,796.0,4.0,463988.0,1.0,432155.0,37379.0
2025-12-18T16:57:16.590018,5,-4.467172273160231,-2.035455494008538,-0.19086587471748806,927.0,709.0,4.0,386094.0,1.0,454200.0,34497.0
2025-12-18T16:57:17.090454,0,-4.406869458923208,-2.0302701249062864,-0.05999338033606187,937.0,748.0,4.0,321276.0,1.0,417067.0,34579.0
2025-12-18T16:57:17.189090,1,-4.393959065305635,-2.030788899801115,-0.0326948924171544,1030.0,1117.0,4.0,329201.0,1.0,395216.0,27713.0
2025-12-18T16:57:17.293276,2,-4.381180498923197,-2.031003010106461,-0.009903547797776741,986.0,935.0,4.0,351661.0,1.0,303724.0,27285.0
2025-12-18T16:57:17.391489,3,-4.368850400077508,-2.030965361013202,0.01955573371260962,986.0,938.0,4.0,436270.0,1.0,284711.0,30028.0
2025-12-18T16:57:17.489232,4,-4.356649028420814,-2.031230067025261,0.048415900830409905,929.0,720.0,4.0,462421.0,1.0,440573.0,38757.0
2025-12-18T16:57:17.586885,5,-4.341804525871962,-2.018554810378693,0.08665008509803464,913.0,660.0,4.0,405377.0,1.0,464145.0,35384.0
2025-12-18T16:57:18.086914,1,-4.279031037121195,-2.0012464859967958,0.2157143787380259,995.0,974.0,4.0,334706.0,1.0,399926.0,29176.0
2025-12-18T16:57:18.191933,2,-4.267404517751894,-1.9988661191428,0.24451187735528843,964.0,851.0,4.0,364136.0,1.0,311427.0,28243.0
2025-12-18T16:57:18.288334,3,-4.255992285069649,-1.9959859415600203,0.2683598782850339,962.0,841.0,4.0,445220.0,1.0,288885.0,31251.0
2025-12-18T16:57:18.390463,4,-4.2468528237352965,-1.9864796728275298,0.2979314665320388,922.0,692.0,4.0,480774.0,1.0,441021.0,39299.0
2025-12-18T16:57:18.490039,5,-4.235988103653702,-1.9807269872336484,0.3233183586069913,890.0,581.0,3.0,398305.0,1.0,470950.0,36951.0
2025-12-18T16:57:19.089957,0,-4.162728221777029,-1.946222392668985,0.47623226961004606,924.0,700.0,4.0,325655.0,1.0,414254.0,35396.0
2025-12-18T16:57:19.189760,1,-4.142131461319487,-1.929163247416236,0.4963879073328705,966.0,858.0,4.0,339958.0,1.0,414254.0,30571.0
2025-12-18T16:57:19.289243,2,-4.131339834333318,-1.9228610860072122,0.5251309048526436,956.0,818.0,4.0,368475.0,1.0,307863.0,28657.0
2025-12-18T16:57:19.387748,3,-4.1201935797296905,-1.91621130968654,0.551361937314011,948.0,788.0,4.0,455277.0,1.0,295210.0,32000.0
2025-12-18T16:57:19.489976,4,-4.108914626431458,-1.9095939806088849,0.5751563493081278,907.0,638.0,3.0,472706.0,1.0,451747.0,40418.0
2025-12-18T16:57:19.591489,5,-4.099587462908015,-1.9031797869558682,0.5962779044609202,886.0,567.0,3.0,410485.0,1.0,469041.0,37265.0
2025-12-18T16:57:20.089604,0,-4.056918483438418,-1.8591971979201265,0.7350154944038878,915.0,666.0,4.0,331213.0,1.0,421181.0,36025.0
2025-12-18T16:57:20.191727,1,-4.047158706371302,-1.8499359125105528,0.7612030312779584,961.0,840.0,4.0,336069.0,1.0,417350.0,30810.0
2025-12-18T16:57:20.290559,2,-4.039061252580199,-1.840506407917986,0.7867665565493368,981.0,917.0,4.0,360458.0,1.0,308489.0,27498.0
2025-12-18T16:57:20.390419,3,-4.0308155101324274,-1.83154593585712,0.8144190027650318,941.0,763.0,4.0,464302.0,1.0,296914.0,32382.0
2025-12-18T16:57:20.489444,4,-4.022439424387443,-1.8236894609242746,0.8403414553046974,918.0,678.0,4.0,482240.0,1.0,450373.0,39592.0
2025-12-18T16:57:20.588160,5,-4.014200871997625,-1.8144942027010584,0.8615636069734077,877.0,535.0,3.0,414254.0,1.0,481099.0,38004.0
2025-12-18T16:57:21.089249,0,-3.974175156331818,-1.7514097523759675,1.0113245207964228,909.0,646.0,3.0,334367.0,1.0,427789.0,36417.0
2025-12-18T16:57:21.188928,1,-3.9685857363145414,-1.7410595494667467,1.0359218446554213,966.0,859.0,4.0,336980.0,1.0,413973.0,30561.0
2025-12-18T16:57:21.291691,2,-3.96225783725724,-1.7301393918183532,1.062220407948744,1018.0,1068.0,4.0,353331.0,1.0,297820.0,25987.0
2025-12-18T16:57:21.389882,3,-3.9562765084320426,-1.7189184158240085,1.0865534875319949,962.0,841.0,4.0,444467.0,1.0,288982.0,31272.0
2025-12-18T16:57:21.489374,4,-3.9511518151680245,-1.7079336971652452,1.1133130156889768,945.0,776.0,4.0,463831.0,1.0,433474.0,37760.0
2025-12-18T16:57:21.606239,5,-3.945769772692828,-1.6966162354431669,1.1427520406444638,895.0,596.0,3.0,404555.0,1.0,470153.0,36664.0
2025-12-18T16:57:22.089429,0,-3.928460049654344,-1.624235414014926,1.2800869001478326,924.0,702.0,4.0,328200.0,1.0,421751.0,35384.0
2025-12-18T16:57:22.189732,1,-3.925177713451597,-1.6120870322915772,1.3040450502739356,994.0,968.0,4.0,333801.0,1.0,408821.0,29265.0
2025-12-18T16:57:22.288920,2,-3.923040730534752,-1.6002419811914024,1.331738775156709,1081.0,1342.0,4.0,332448.0,1.0,278516.0,23830.0
2025-12-18T16:57:22.390777,3,-3.9197912402265365,-1.5882689094403721,1.3566586809701116,1000.0,994.0,4.0,432009.0,1.0,284904.0,29424.0
2025-12-18T16:57:22.489954,4,-3.9188112529370764,-1.5680449948826505,1.3905839044719976,989.0,949.0,4.0,442666.0,1.0,410902.0,35110.0
2025-12-18T16:57:22.591197,5,-3.918085160862175,-1.5488171889196751,1.4231886562407685,905.0,634.0,3.0,396691.0,1.0,460858.0,35903.0
2025-12-18T16:57:23.089634,0,-3.912970100874405,-1.487881518784632,1.5419349031590106,960.0,833.0,4.0,311743.0,1.0,399115.0,33304.0
2025-12-18T16:57:23.189876,1,-3.912525665936593,-1.4749413155402804,1.5453822282893308,1038.0,1151.0,4.0,319758.0,1.0,390827.0,27433.0
2025-12-18T16:57:23.290938,2,-3.912626856202294,-1.4618372817819978,1.5476094805267897,1124.0,1537.0,4.0,319433.0,1.0,276076.0,22612.0
2025-12-18T16:57:23.389248,3,-3.915126746178098,-1.449090567070301,1.5537483310275957,1057.0,1233.0,4.0,411320.0,1.0,264998.0,27138.0
2025-12-18T16:57:23.490755,4,-3.9188428154908648,-1.4360952690440403,1.557018456572322,996.0,976.0,4.0,431132.0,1.0,402097.0,34755.0
2025-12-18T16:57:23.590352,5,-3.9187579042580776,-1.4229502784455796,1.5580094052355482,923.0,697.0,4.0,382711.0,1.0,444317.0,34755.0
2025-12-18T16:57:24.089910,0,-3.9175499328218724,-1.359547753760638,1.559240589829174,956.0,820.0,4.0,315778.0,1.0,398980.0,33496.0
2025-12-18T16:57:24.189357,1,-3.917728445417053,-1.3471357707105085,1.557030499869808,1041.0,1165.0,4.0,323349.0,1.0,389638.0,27313.0
2025-12-18T16:57:24.290348,2,-3.9172234491350135,-1.3344473641023589,1.55678509038034,1131.0,1573.0,4.0,322147.0,1.0,266257.0,22414.0
2025-12-18T16:57:24.391030,3,-3.9170792687724054,-1.321835781160556,1.554565454987458,1069.0,1286.0,4.0,399655.0,1.0,254451.0,26709.0
2025-12-18T16:57:24.489111,4,-3.9162622807464116,-1.309107956516339,1.5562983017126886,1019.0,1071.0,4.0,418198.0,1.0,400197.0,33587.0
2025-12-18T16:57:24.588445,5,-3.9166899617279007,-1.2957667416213123,1.555557075649783,930.0,722.0,4.0,378973.0,1.0,437453.0,34323.0
2025-12-18T16:57:25.088120,0,-3.9157949242886083,-1.2319645730025472,1.5592500870361756,960.0,836.0,4.0,314924.0,1.0,393881.0,33270.0
2025-12-18T16:57:25.189670,1,-3.9154554625097058,-1.2185267127516175,1.5587586466601122,1036.0,1141.0,4.0,322584.0,1.0,391886.0,27535.0
2025-12-18T16:57:25.289926,2,-3.9160023234672954,-1.2058773988615963,1.5585225129176976,1106.0,1453.0,4.0,315671.0,1.0,268247.0,23123.0
2025-12-18T16:57:25.390625,3,-3.9153329629209557,-1.193248732346599,1.5607506472484565,1057.0,1232.0,4.0,403188.0,1.0,257309.0,27156.0
2025-12-18T16:57:25.489066,4,-3.9153859637434874,-1.1806149509370627,1.5587701515744334,1009.0,1031.0,4.0,424760.0,1.0,394014.0,34068.0
2025-12-18T16:57:25.589951,5,-3.9219093204956437,-1.1692158262481591,1.5651202447809018,930.0,723.0,4.0,382711.0,1.0,432887.0,34311.0
2025-12-18T16:57:26.089646,0,-3.930948815752033,-1.1058375126825926,1.5705784678027048,948.0,790.0,4.0,314286.0,1.0,393748.0,33964.0
2025-12-18T16:57:26.192184,1,-3.9310321028358537,-1.0934440262129437,1.569591924064568,1051.0,1207.0,4.0,319541.0,1.0,384529.0,26964.0
2025-12-18T16:57:26.289595,2,-3.930735799651961,-1.0804481450152235,1.5691095275771303,1098.0,1419.0,4.0,314605.0,1.0,265627.0,23343.0
2025-12-18T16:57:26.394178,3,-3.9303218944198584,-1.0683873543738907,1.5681245119520115,1057.0,1234.0,4.0,391886.0,1.0,256179.0,27147.0
2025-12-18T16:57:26.492480,4,-3.9300637930834608,-1.0558279393003893,1.5708258679089626,992.0,961.0,4.0,424472.0,1.0,395216.0,34979.0
2025-12-18T16:57:26.592917,5,-3.930434992143736,-1.0436904990364955,1.5687976914494643,929.0,719.0,4.0,388453.0,1.0,427211.0,34392.0
2025-12-18T16:57:27.090429,0,-3.931018359478357,-0.9969643606979668,1.5665489938385602,938.0,751.0,4.0,318138.0,1.0,390166.0,34579.0
2025-12-18T16:57:27.190421,1,-3.931018359478357,-0.9969643606979668,1.5665489938385602,1048.0,1192.0,4.0,319541.0,1.0,380644.0,27092.0
2025-12-18T16:57:27.289029,2,-3.931018359478357,-0.9969643606979668,1.5665489938385602,1087.0,1369.0,4.0,317708.0,1.0,266167.0,23677.0
2025-12-18T16:57:27.393328,3,-3.931066773565303,-0.9970123652603426,1.5667994341476976,1039.0,1157.0,4.0,407164.0,1.0,255833.0,27826.0
2025-12-18T16:57:27.490783,4,-3.9304452837292247,-0.9963961084566089,1.5655608055409855,988.0,945.0,4.0,422609.0,1.0,393348.0,35205.0
2025-12-18T16:57:27.588985,5,-3.9276100365125295,-0.9891833636612173,1.5638462599655534,922.0,694.0,4.0,387272.0,1.0,434355.0,34826.0
2025-12-18T16:57:28.090777,0,-3.9430726139578374,-0.9096141201387455,1.5873975827048479,932.0,731.0,4.0,321276.0,1.0,398170.0,34932.0
2025-12-18T16:57:28.188706,1,-3.943454618311182,-0.8976555667694051,1.5869050869297026,1033.0,1129.0,4.0,322911.0,1.0,381676.0,27666.0
2025-12-18T16:57:28.289327,2,-3.9430920339054376,-0.885854059854422,1.5893719633812233,1061.0,1251.0,4.0,320082.0,1.0,268428.0,24517.0
2025-12-18T16:57:28.396683,3,-3.9428393544659084,-0.8757522810029394,1.5866251801600697,1025.0,1095.0,4.0,406889.0,1.0,258356.0,28416.0
2025-12-18T16:57:28.489144,4,-3.942137638424767,-0.8651547129342942,1.5871731540993834,975.0,893.0,4.0,432155.0,1.0,391621.0,35952.0
2025-12-18T16:57:28.589719,5,-3.9422594659812464,-0.8528647677573638,1.5886030389617005,915.0,667.0,4.0,382452.0,1.0,436861.0,35312.0
2025-12-18T16:57:29.090062,0,-3.9445123488381046,-0.7862347739887054,1.5928547094293752,940.0,760.0,4.0,320624.0,1.0,393082.0,34451.0
2025-12-18T16:57:29.190694,1,-3.9443222640873508,-0.7738634547026333,1.5948399499710824,1030.0,1118.0,4.0,322475.0,1.0,388059.0,27769.0
2025-12-18T16:57:29.293019,3,-3.9449242606300974,-0.761776318880627,1.5891244309094787,999.0,991.0,4.0,413133.0,1.0,263210.0,29504.0
2025-12-18T16:57:29.390299,4,-3.9446928949704487,-0.7490551612023779,1.592086983297769,969.0,869.0,4.0,431570.0,1.0,402370.0,36319.0
2025-12-18T16:57:29.488481,5,-3.9460570975506277,-0.7361233503774756,1.5893612373074453,912.0,658.0,4.0,396691.0,1.0,432594.0,35480.0
2025-12-18T16:57:30.090244,0,-3.9480707991041974,-0.6585358112816317,1.59016779258477,962.0,842.0,4.0,311849.0,1.0,382323.0,33214.0
2025-12-18T16:57:30.190118,1,-3.948733721733854,-0.6458572881005491,1.589924329481827,1059.0,1243.0,4.0,311638.0,1.0,375907.0,26682.0
2025-12-18T16:57:30.288868,2,-3.948664639128719,-0.6327213384640364,1.5916607996784968,1032.0,1126.0,4.0,335614.0,1.0,271443.0,25525.0
2025-12-18T16:57:30.389305,3,-3.948999553804663,-0.6205783369617901,1.5896928017922511,1021.0,1079.0,4.0,412994.0,1.0,260904.0,28589.0
2025-12-18T16:57:30.491192,4,-3.95585235462514,-0.6119992100920868,1.5988303777953994,966.0,859.0,4.0,428949.0,1.0,398980.0,36479.0
2025-12-18T16:57:30.589504,5,-3.970292298358426,-0.6068566826246924,1.6138898883075228,916.0,671.0,4.0,381031.0,1.0,433767.0,35253.0
2025-12-18T16:57:31.090042,0,-3.9648597667927405,-0.5486606995795862,1.4850162067580972,961.0,837.0,4.0,311954.0,1.0,382193.0,33304.0
2025-12-18T16:57:31.191455,1,-3.9635681839597496,-0.5358110395466174,1.4668162963535345,1073.0,1305.0,4.0,310690.0,1.0,370226.0,26199.0
2025-12-18T16:57:31.290263,2,-3.963449291876539,-0.5219965590100015,1.4492908266723556,1029.0,1114.0,4.0,329871.0,1.0,271259.0,25629.0
2025-12-18T16:57:31.390185,3,-3.9621544704829605,-0.5079457599284449,1.4247090057923668,1041.0,1165.0,4.0,393215.0,1.0,254021.0,27779.0
2025-12-18T16:57:31.489445,4,-3.9610703962919245,-0.49508128293926745,1.403241407216366,972.0,880.0,4.0,429676.0,1.0,396959.0,36171.0
2025-12-18T16:57:31.592729,5,-3.959149308595437,-0.48319095016998137,1.375387357515266,916.0,671.0,4.0,382193.0,1.0,430258.0,35265.0
2025-12-18T16:57:32.089454,0,-3.9432499649373933,-0.42531902038786384,1.2421656574459998,953.0,806.0,4.0,314924.0,1.0,379102.0,33758.0
2025-12-18T16:57:32.188583,1,-3.9392557281616063,-0.413483821795535,1.2197414945439502,1048.0,1196.0,4.0,311321.0,1.0,370226.0,27092.0
2025-12-18T16:57:32.290971,2,-3.9358078026893515,-0.4010040617426309,1.1969069415018903,1055.0,1225.0,4.0,322147.0,1.0,268247.0,24726.0
2025-12-18T16:57:32.389758,3,-3.9312314819945704,-0.38897395852221983,1.1709957673933746,1037.0,1147.0,4.0,403734.0,1.0,257135.0,27948.0
2025-12-18T16:57:32.488621,4,-3.9473113653264127,-0.39466771009918045,1.1552160987130649,962.0,842.0,4.0,437009.0,1.0,399520.0,36764.0
2025-12-18T16:57:32.591696,5,-3.9484117301487545,-0.3878686867078418,1.13431873051493,915.0,669.0,4.0,395216.0,1.0,428804.0,35301.0
2025-12-18T16:57:33.090477,0,-3.919290139302484,-0.3342623899834871,1.0072017703345306,950.0,795.0,4.0,315885.0,1.0,384139.0,33930.0
2025-12-18T16:57:33.192389,1,-3.915817667318604,-0.32328958844876876,0.9792790690153712,1052.0,1212.0,4.0,314179.0,1.0,370853.0,26964.0
2025-12-18T16:57:33.290279,2,-3.9204591799160027,-0.31405026551415016,0.9570198411065493,1055.0,1224.0,4.0,326870.0,1.0,266527.0,24742.0
2025-12-18T16:57:33.391283,3,-3.9151662938673493,-0.3038380249634667,0.9360933895212786,1017.0,1064.0,4.0,399250.0,1.0,252307.0,28754.0
2025-12-18T16:57:33.488466,5,-3.9069198562943956,-0.2941959004446453,0.9062790099943969,898.0,606.0,3.0,385571.0,1.0,435680.0,36528.0
2025-12-18T16:57:34.089945,0,-3.8567190590296376,-0.2394917990219474,0.7572345329598646,942.0,765.0,4.0,318677.0,1.0,381418.0,34404.0
2025-12-18T16:57:34.190101,2,-3.855568467158443,-0.22110962687064628,0.7383604011790643,1037.0,1147.0,4.0,328089.0,1.0,266257.0,25370.0
2025-12-18T16:57:34.292002,3,-3.846159591920438,-0.2137153729922492,0.7088827382942293,1025.0,1098.0,4.0,403324.0,1.0,252820.0,28425.0
2025-12-18T16:57:34.388600,4,-3.8368930947550783,-0.20656160011756697,0.6765598668507296,947.0,787.0,4.0,444919.0,1.0,397497.0,37671.0
2025-12-18T16:57:34.491033,5,-3.8265351043527414,-0.19833264845689502,0.6505182063832615,901.0,618.0,3.0,386879.0,1.0,433767.0,36294.0
2025-12-18T16:57:35.088282,0,-3.7810281661522773,-0.1430312186387237,0.5283966157936019,932.0,731.0,4.0,322147.0,1.0,380773.0,34979.0
2025-12-18T16:57:35.192172,1,-3.77016850554626,-0.1365931920748764,0.5075086664893353,1039.0,1157.0,4.0,310690.0,1.0,374130.0,27442.0
2025-12-18T16:57:35.288870,2,-3.7594279565282354,-0.13015996736308377,0.48381800509888956,1033.0,1131.0,4.0,334141.0,1.0,266708.0,25508.0
2025-12-18T16:57:35.393773,3,-3.7481270609823527,-0.12566492020204123,0.4526390073843176,1012.0,1041.0,4.0,408960.0,1.0,257135.0,28999.0
2025-12-18T16:57:35.490867,4,-3.7367889182265137,-0.1208707732503207,0.42430619776076783,952.0,805.0,4.0,436713.0,1.0,409237.0,37379.0
2025-12-18T16:57:36.089826,0,-3.673989095163413,-0.10592087968381492,0.2576144252440387,918.0,680.0,4.0,325545.0,1.0,387928.0,35879.0
2025-12-18T16:57:36.189173,1,-3.661406448209827,-0.10347743880326021,0.22992406978033303,1025.0,1096.0,4.0,317493.0,1.0,371606.0,28015.0
2025-12-18T16:57:36.289724,2,-3.649173646476866,-0.10082820438007012,0.20510802337702963,1011.0,1040.0,4.0,328200.0,1.0,271719.0,26332.0
2025-12-18T16:57:36.390326,3,-3.6371296766149026,-0.09785779506166215,0.18463614908735593,1010.0,1035.0,4.0,404281.0,1.0,256439.0,29068.0
2025-12-18T16:57:36.489550,4,-3.6247730019404765,-0.09601898537972531,0.15528875948018536,943.0,768.0,4.0,436122.0,1.0,407578.0,38004.0
2025-12-18T16:57:36.588184,5,-3.614200813402363,-0.09282253965072229,0.13048066195505292,902.0,620.0,3.0,388322.0,1.0,439679.0,36257.0
2025-12-18T16:57:37.089452,1,-3.5547079507067414,-0.085900176162089,0.012584808564037698,1013.0,1047.0,4.0,319541.0,1.0,373624.0,28512.0
2025-12-18T16:57:37.188053,2,-3.542146460236341,-0.0860390167819105,-0.01611915933258717,996.0,976.0,4.0,332224.0,1.0,273935.0,26964.0
2025-12-18T16:57:37.289062,3,-3.5300449997797996,-0.08719444671536092,-0.04849652296409336,989.0,950.0,4.0,415658.0,1.0,261612.0,30017.0
2025-12-18T16:57:37.394679,4,-3.5268349926481046,-0.08745393855713868,-0.07660980870531835,943.0,772.0,4.0,438342.0,1.0,402097.0,37952.0
2025-12-18T16:57:37.488842,5,-3.519059772541853,-0.08747171486557104,-0.09528254881771556,908.0,642.0,3.0,382323.0,1.0,428514.0,35842.0
2025-12-18T16:57:38.089103,0,-3.4460400893704017,-0.10047232202641343,-0.2513385424014506,919.0,683.0,4.0,321711.0,1.0,380902.0,35830.0
2025-12-18T16:57:38.193957,1,-3.4423401998862864,-0.10511875806698079,-0.2559635018926214,1010.0,1035.0,4.0,320733.0,1.0,376927.0,28638.0
2025-12-18T16:57:38.288208,2,-3.4327217354942166,-0.10892338231705967,-0.2745617416892726,986.0,937.0,4.0,339613.0,1.0,274585.0,27377.0
2025-12-18T16:57:38.389830,4,-3.422088713730042,-0.11327055830917665,-0.306850963026055,923.0,698.0,4.0,445069.0,1.0,411598.0,39325.0
2025-12-18T16:57:38.490846,5,-3.4102794915134957,-0.1176890086402862,-0.3364552819855922,900.0,614.0,3.0,397228.0,1.0,429385.0,36392.0
2025-12-18T16:57:39.090932,0,-3.321252460203791,-0.12918099748265277,-0.48052453608731066,928.0,714.0,4.0,318354.0,1.0,388059.0,35289.0
2025-12-18T16:57:39.189591,1,-3.311345318188997,-0.13572665078144386,-0.510879947057037,1022.0,1084.0,4.0,320299.0,1.0,375272.0,28157.0
2025-12-18T16:57:39.293482,2,-3.2995710591891756,-0.14206946341269866,-0.5368344533190925,972.0,882.0,4.0,349052.0,1.0,279082.0,27996.0
2025-12-18T16:57:39.389754,3,-3.28918652652651,-0.14798767531259038,-0.551605793602041,978.0,906.0,4.0,418198.0,1.0,266167.0,30550.0
2025-12-18T16:57:39.489142,4,-3.2793670182564685,-0.15437895076890484,-0.57983973724661,917.0,674.0,4.0,456511.0,1.0,413693.0,39821.0
2025-12-18T16:57:39.588496,5,-3.2697650714881723,-0.1618598674838232,-0.6063025237957695,881.0,549.0,3.0,395484.0,1.0,438490.0,37798.0
2025-12-18T16:57:40.087466,0,-3.209256942143641,-0.19899693474867064,-0.723186056264276,924.0,702.0,4.0,316956.0,1.0,384920.0,35504.0
2025-12-18T16:57:40.191313,1,-3.201569697058142,-0.2080359885132257,-0.752635702008136,1017.0,1064.0,4.0,315885.0,1.0,375145.0,28358.0
2025-12-18T16:57:40.287300,2,-3.1935732736941356,-0.21686591347645656,-0.7827602499407755,958.0,825.0,4.0,355009.0,1.0,282121.0,28686.0
2025-12-18T16:57:40.390552,3,-3.183581412448789,-0.22589697674513243,-0.8055455419347506,969.0,868.0,4.0,415377.0,1.0,270069.0,31040.0
2025-12-18T16:57:40.488252,4,-3.174879502326206,-0.23521599704965013,-0.8258163310643414,912.0,659.0,4.0,457904.0,1.0,423325.0,40146.0
2025-12-18T16:57:40.590371,5,-3.166967099821355,-0.24443302934868516,-0.8522921697512961,880.0,546.0,3.0,394415.0,1.0,441917.0,37875.0
2025-12-18T16:57:41.090018,0,-3.1348309913847308,-0.28908697432106933,-0.9871392393613628,922.0,692.0,4.0,320624.0,1.0,380001.0,35685.0
2025-12-18T16:57:41.192405,1,-3.1272415938226366,-0.29943596707725906,-1.007658986839231,1013.0,1047.0,4.0,313754.0,1.0,372110.0,28531.0
2025-12-18T16:57:41.290262,2,-3.120345452408293,-0.3102176316568608,-1.0349750813634926,949.0,793.0,4.0,354050.0,1.0,286839.0,29107.0
2025-12-18T16:57:41.389563,3,-3.1136713130367313,-0.32103853862393805,-1.0636795067654845,942.0,765.0,4.0,426488.0,1.0,273564.0,32480.0
2025-12-18T16:57:41.489328,4,-3.110960783992726,-0.33062082142180405,-1.090870133040575,901.0,618.0,3.0,464460.0,1.0,424472.0,41038.0
2025-12-18T16:57:41.589009,5,-3.1104922807531135,-0.3382714707936758,-1.1132322656421942,871.0,517.0,3.0,405377.0,1.0,442815.0,38548.0
2025-12-18T16:57:42.090317,0,-3.0884763890555567,-0.39608543940764207,-1.2439885305349674,921.0,689.0,4.0,317600.0,1.0,384920.0,35745.0
2025-12-18T16:57:42.189281,1,-3.084262184989706,-0.4083489726030214,-1.2699737915534928,999.0,989.0,4.0,322693.0,1.0,377948.0,29156.0
2025-12-18T16:57:42.290659,2,-3.0886254103621567,-0.41808290202829745,-1.285677410110739,939.0,754.0,4.0,355852.0,1.0,288689.0,29644.0
2025-12-18T16:57:42.389525,3,-3.091086173616435,-0.42792702499146085,-1.2876085747453203,953.0,808.0,4.0,425479.0,1.0,271627.0,31871.0
2025-12-18T16:57:42.489607,4,-3.0875867650180413,-0.4403044046527276,-1.2881012504615466,904.0,627.0,3.0,467298.0,1.0,439679.0,40831.0
2025-12-18T16:57:42.598846,5,-3.083622633469192,-0.4524130893141951,-1.2888618298765406,877.0,537.0,3.0,400468.0,1.0,451747.0,38094.0
2025-12-18T16:57:43.089834,0,-3.078552671466426,-0.5055433120035309,-1.3629733325527444,911.0,654.0,4.0,324226.0,1.0,386094.0,36405.0
2025-12-18T16:57:43.189039,1,-3.0809463712420877,-0.5135414442268278,-1.3831417577739629,987.0,941.0,4.0,318569.0,1.0,381289.0,29704.0
2025-12-18T16:57:43.292829,2,-3.079036906767569,-0.5250635092496267,-1.4180696404451965,944.0,774.0,4.0,351899.0,1.0,288299.0,29364.0
2025-12-18T16:57:43.391367,3,-3.0782870454917566,-0.5371996390073122,-1.4435032074321563,947.0,785.0,4.0,428514.0,1.0,280597.0,32207.0
2025-12-18T16:57:43.489850,4,-3.0767505023374584,-0.5493241786698846,-1.4546001431537887,888.0,575.0,3.0,473667.0,1.0,438194.0,42065.0
2025-12-18T16:57:43.587434,5,-3.07499693902585,-0.5622664275803251,-1.4553407276070358,863.0,489.0,3.0,414113.0,1.0,456511.0,39272.0
2025-12-18T16:57:44.089207,0,-3.0672644093429073,-0.625049096681491,-1.4659642145478624,911.0,653.0,4.0,326317.0,1.0,388453.0,36429.0
2025-12-18T16:57:44.189585,1,-3.0656860842113787,-0.6381038829705021,-1.463489812753569,984.0,929.0,4.0,329871.0,1.0,382841.0,29845.0
2025-12-18T16:57:44.290264,2,-3.0641188081137147,-0.6504297594678681,-1.464732097583509,939.0,754.0,4.0,358632.0,1.0,292525.0,29644.0
2025-12-18T16:57:44.392810,3,-3.072697542620072,-0.6578594616038504,-1.440144646302531,947.0,787.0,4.0,443866.0,1.0,281549.0,32185.0
2025-12-18T16:57:44.489472,4,-3.0724752736779894,-0.6693674516860204,-1.4383793234781999,880.0,547.0,3.0,475595.0,1.0,438045.0,42783.0
2025-12-18T16:57:44.588670,5,-3.0710881680693274,-0.6815977505371622,-1.4376390597776916,870.0,514.0,3.0,403597.0,1.0,454815.0,38652.0
2025-12-18T16:57:45.090204,0,-3.06114486859069,-0.7453526561495911,-1.4344110149132427,908.0,644.0,3.0,325876.0,1.0,388453.0,36615.0
2025-12-18T16:57:45.189825,1,-3.0589373392264654,-0.758024638608978,-1.4368801518585312,966.0,858.0,4.0,337893.0,1.0,385571.0,30727.0
2025-12-18T16:57:45.292713,2,-3.0577198224500135,-0.7708349189691006,-1.4331844580573672,938.0,752.0,4.0,360092.0,1.0,290453.0,29684.0
2025-12-18T16:57:45.387938,3,-3.0552489821425564,-0.7839159444689194,-1.4356491618958689,932.0,728.0,4.0,437305.0,1.0,286354.0,33080.0
2025-12-18T16:57:45.488985,4,-3.0542028481356764,-0.7972078163940433,-1.4336737675994995,885.0,564.0,3.0,471907.0,1.0,446881.0,42336.0
2025-12-18T16:57:45.591272,5,-3.0519163664638116,-0.8095547454179401,-1.4346765852954961,869.0,510.0,3.0,410207.0,1.0,455585.0,38744.0
2025-12-18T16:57:46.089634,0,-3.043049843299322,-0.8712163390408776,-1.4381377021121846,902.0,622.0,3.0,327091.0,1.0,391091.0,37051.0
2025-12-18T16:57:46.191497,1,-3.0415983382048912,-0.883829795208424,-1.4373911090086613,950.0,797.0,4.0,329536.0,1.0,393082.0,31559.0
2025-12-18T16:57:46.289013,2,-3.0395309514873934,-0.8963285966144054,-1.4359131953467408,935.0,739.0,4.0,363644.0,1.0,293815.0,29865.0
2025-12-18T16:57:46.390160,3,-3.0382215453669206,-0.9091664504288683,-1.4371551224862782,930.0,721.0,4.0,452053.0,1.0,288494.0,33203.0
2025-12-18T16:57:46.489352,4,-3.0356951990778125,-0.9219850930242126,-1.4393689479525429,900.0,614.0,3.0,472546.0,1.0,442366.0,41150.0
2025-12-18T16:57:46.591148,5,-3.0441635571143917,-0.9333770417518679,-1.436348819550676,862.0,488.0,3.0,413833.0,1.0,457130.0,39325.0
2025-12-18T16:57:47.089743,0,-3.0333052184303835,-0.9938097788133966,-1.3194518876746086,900.0,615.0,3.0,328311.0,1.0,401282.0,37202.0
2025-12-18T16:57:47.189837,1,-3.030633142149397,-1.0055307049489564,-1.2950308791261305,957.0,824.0,4.0,333350.0,1.0,390827.0,31198.0
2025-12-18T16:57:47.291326,2,-3.028293147575674,-1.0178268899661465,-1.270479708409388,931.0,726.0,4.0,365742.0,1.0,294911.0,30058.0
2025-12-18T16:57:47.390917,3,-3.024149370818018,-1.0286496376531957,-1.247823809329308,923.0,695.0,4.0,438639.0,1.0,284807.0,33633.0
2025-12-18T16:57:47.489590,4,-3.0205097807368633,-1.0399659658011515,-1.221773791321382,889.0,576.0,3.0,481425.0,1.0,446881.0,42065.0
2025-12-18T16:57:47.589664,5,-3.016480902681922,-1.052081922755459,-1.1957469709262967,860.0,481.0,3.0,420184.0,1.0,463831.0,39499.0
2025-12-18T16:57:48.088175,0,-2.9910246762767465,-1.1085331884529044,-1.064896038404714,900.0,613.0,3.0,337436.0,1.0,396288.0,37252.0
2025-12-18T16:57:48.190569,1,-2.983967310083178,-1.1188170767281846,-1.0394312254083966,951.0,800.0,4.0,341111.0,1.0,399385.0,31538.0
2025-12-18T16:57:48.290901,2,-2.977438093036922,-1.1297768488207973,-1.0118966677259016,937.0,749.0,4.0,369224.0,1.0,299842.0,29744.0
2025-12-18T16:57:48.390328,3,-2.966189713206869,-1.1437205530314642,-0.9636691933490114,933.0,732.0,4.0,449459.0,1.0,296713.0,33046.0
2025-12-18T16:57:48.489680,4,-2.9562428834444088,-1.1540175892632831,-0.9293577752393787,882.0,554.0,3.0,484695.0,1.0,451441.0,42610.0
2025-12-18T16:57:48.593278,5,-2.948436479979828,-1.163564850357072,-0.9009348296329868,859.0,477.0,3.0,417491.0,1.0,457285.0,39619.0
2025-12-18T16:57:49.090632,0,-2.9113566892118907,-1.2098869162510608,-0.7674578730929645,885.0,563.0,3.0,331550.0,1.0,401553.0,38352.0
2025-12-18T16:57:49.190602,1,-2.9055729771384726,-1.2109629964773285,-0.7366129250764657,939.0,756.0,4.0,348344.0,1.0,400197.0,32185.0
2025-12-18T16:57:49.290123,3,-2.8958189380713284,-1.2177153784064032,-0.7152038342872667,919.0,683.0,4.0,449307.0,1.0,292228.0,33861.0
2025-12-18T16:57:49.392258,4,-2.8849279529881118,-1.2251072223403066,-0.6941863574660122,892.0,586.0,3.0,477369.0,1.0,446881.0,41824.0
2025-12-18T16:57:49.489648,5,-2.8748273249826624,-1.2332832836099294,-0.6637576253694452,880.0,547.0,3.0,396825.0,1.0,456048.0,37888.0
2025-12-18T16:57:50.088492,0,-2.8013454782263008,-1.2628497816491553,-0.49250635190369974,883.0,555.0,3.0,341342.0,1.0,404281.0,38535.0
2025-12-18T16:57:50.190377,1,-2.7897383107130973,-1.2687778382940138,-0.46592128587212917,920.0,685.0,4.0,348462.0,1.0,412994.0,33327.0
2025-12-18T16:57:50.289817,2,-2.778903812716651,-1.274916471215465,-0.44340394825994267,922.0,692.0,4.0,369850.0,1.0,300452.0,30581.0
2025-12-18T16:57:50.391069,3,-2.7680152070496336,-1.279252759596579,-0.4211580648877902,912.0,657.0,4.0,451441.0,1.0,300859.0,34323.0
2025-12-18T16:57:50.491222,4,-2.7564104473516076,-1.2841092810635049,-0.39347219539564243,912.0,656.0,4.0,466824.0,1.0,446881.0,40254.0
2025-12-18T16:57:50.594715,5,-2.744685834767586,-1.2897082453137152,-0.37267233015933937,889.0,578.0,3.0,405240.0,1.0,448547.0,37202.0
2025-12-18T16:57:51.091945,0,-2.676133506376427,-1.296094787341164,-0.20949735470228434,872.0,518.0,3.0,343311.0,1.0,401010.0,39418.0
2025-12-18T16:57:51.191445,1,-2.664292653208227,-1.298876989308786,-0.1808875840515399,903.0,627.0,3.0,353212.0,1.0,420042.0,34369.0
2025-12-18T16:57:51.298625,2,-2.6520676984352365,-1.3023662423634095,-0.15803588677758368,937.0,749.0,4.0,369975.0,1.0,298324.0,29744.0
2025-12-18T16:57:51.390561,3,-2.6392644064291555,-1.3050785077350708,-0.136352489245081,915.0,666.0,4.0,458214.0,1.0,305476.0,34160.0
2025-12-18T16:57:51.490202,4,-2.627202593266621,-1.30596778446811,-0.112622153413697,908.0,644.0,3.0,461326.0,1.0,439828.0,40514.0
2025-12-18T16:57:51.589301,5,-2.6148401794259257,-1.30735105328145,-0.08698121762601302,898.0,609.0,3.0,400603.0,1.0,443115.0,36565.0
2025-12-18T16:57:52.089641,0,-2.561822918439084,-1.3043067759119111,0.034543608720679485,866.0,499.0,3.0,348344.0,1.0,413553.0,39902.0
2025-12-18T16:57:52.190338,1,-2.5490190030039885,-1.3036665280809157,0.0587253615262223,887.0,571.0,3.0,362170.0,1.0,430695.0,35480.0
2025-12-18T16:57:52.288034,2,-2.536136638613166,-1.3017899697455588,0.08662371018604063,927.0,711.0,4.0,368102.0,1.0,300452.0,30303.0
2025-12-18T16:57:52.390871,3,-2.523279056424564,-1.3012793525747153,0.11417055174274407,902.0,621.0,3.0,465246.0,1.0,299842.0,34991.0
2025-12-18T16:57:52.489119,4,-2.5105004065777594,-1.2998015826993603,0.13824550296538932,906.0,637.0,3.0,474309.0,1.0,450830.0,40679.0
2025-12-18T16:57:52.588097,5,-2.498752062662736,-1.29673710250115,0.16046268032245514,884.0,560.0,3.0,395618.0,1.0,442366.0,37607.0
2025-12-18T16:57:53.091163,0,-2.43318791724404,-1.263321493331583,0.2995074750328813,867.0,502.0,3.0,348462.0,1.0,415658.0,39834.0
2025-12-18T16:57:53.190875,2,-2.4211004098876066,-1.2596244024303873,0.3246734304556941,930.0,720.0,4.0,364136.0,1.0,299538.0,30170.0
2025-12-18T16:57:53.291027,3,-2.410093639221574,-1.2554799050359495,0.3471835171349263,893.0,589.0,3.0,475917.0,1.0,315565.0,35637.0
2025-12-18T16:57:53.389744,4,-2.3986446694141423,-1.2508008850704835,0.37681393155912657,887.0,570.0,3.0,479311.0,1.0,447941.0,42236.0
2025-12-18T16:57:53.490666,5,-2.385756751524641,-1.2439530658000892,0.4047920840715447,885.0,562.0,3.0,404418.0,1.0,444166.0,37569.0
2025-12-18T16:57:54.089324,0,-2.313828153690977,-1.19129785037262,0.5701249075905681,876.0,532.0,3.0,341573.0,1.0,413973.0,39100.0
2025-12-18T16:57:54.190153,1,-2.3028714438008926,-1.1841221406266191,0.5964528974816453,889.0,575.0,3.0,351899.0,1.0,440871.0,35384.0
2025-12-18T16:57:54.289247,2,-2.292022512486704,-1.1766892596892555,0.6213717037698849,922.0,692.0,4.0,374384.0,1.0,301675.0,30602.0
2025-12-18T16:57:54.391911,3,-2.283348654025602,-1.167272579850838,0.6480043458162251,886.0,568.0,3.0,469200.0,1.0,314605.0,36086.0
2025-12-18T16:57:54.490272,4,-2.2781015847222577,-1.1499026735524964,0.6968105301975728,872.0,520.0,3.0,489476.0,1.0,459768.0,43543.0
2025-12-18T16:57:54.592900,5,-2.2683279978527913,-1.1414919748995178,0.7234794667998616,876.0,532.0,3.0,398845.0,1.0,457439.0,38262.0
2025-12-18T16:57:55.088790,0,-2.2250431308179115,-1.0973599371305127,0.8471883232710371,877.0,536.0,3.0,340995.0,1.0,410902.0,38994.0
2025-12-18T16:57:55.189921,1,-2.2169125002930707,-1.0855290766044652,0.8781178594853526,911.0,652.0,4.0,356213.0,1.0,435238.0,33918.0
2025-12-18T16:57:55.289788,2,-2.208941121897162,-1.0715339859017012,0.9101444268075469,911.0,652.0,4.0,374637.0,1.0,305890.0,31251.0
2025-12-18T16:57:55.392520,3,-2.2009519080432,-1.0614557442212078,0.938028323347235,888.0,574.0,3.0,470790.0,1.0,312271.0,35964.0
2025-12-18T16:57:55.489536,4,-2.1943328742260686,-1.051832230250751,0.9675044483215036,874.0,527.0,3.0,480448.0,1.0,474951.0,43366.0
2025-12-18T16:57:55.592187,5,-2.188411737562361,-1.0421801311483279,1.001553507509794,867.0,503.0,3.0,412994.0,1.0,460079.0,38981.0
2025-12-18T16:57:56.090393,1,-2.1547563728272907,-0.9874573973507301,1.1236703329292663,912.0,658.0,4.0,354169.0,1.0,436418.0,33815.0
2025-12-18T16:57:56.190808,2,-2.146755278799407,-0.9695425687071095,1.1629933502552063,921.0,688.0,4.0,382452.0,1.0,308594.0,30675.0
2025-12-18T16:57:56.291986,3,-2.1427935500264823,-0.957584366575527,1.1895221006521912,902.0,622.0,3.0,473507.0,1.0,316742.0,34991.0
2025-12-18T16:57:56.391274,4,-2.138423477660303,-0.9460141497965981,1.215871186144095,870.0,512.0,3.0,498335.0,1.0,471109.0,43794.0
2025-12-18T16:57:56.490409,5,-2.133440257236479,-0.9341965425770908,1.2385395534910564,854.0,460.0,3.0,418906.0,1.0,463988.0,40118.0
2025-12-18T16:57:57.089584,0,-2.12208268547983,-0.8566710765981256,1.4068813244193397,881.0,549.0,3.0,344825.0,1.0,410902.0,38691.0
2025-12-18T16:57:57.192908,1,-2.1196354280391545,-0.8437621664241401,1.434420949546373,927.0,710.0,4.0,355009.0,1.0,427789.0,32934.0
2025-12-18T16:57:57.289010,2,-2.1177366146299725,-0.8313599704908787,1.4559940524561839,912.0,657.0,4.0,373877.0,1.0,310164.0,31177.0
2025-12-18T16:57:57.392405,3,-2.1167206845502804,-0.8191196380108678,1.4831816729931568,900.0,615.0,3.0,464931.0,1.0,315244.0,35134.0
2025-12-18T16:57:57.489846,4,-2.1149534088502167,-0.806948463645865,1.5117224937358933,872.0,518.0,3.0,508386.0,1.0,481588.0,43631.0
2025-12-18T16:57:57.590351,5,-2.113245340250334,-0.7947913886635751,1.5356821141032224,846.0,434.0,3.0,411738.0,1.0,466034.0,40858.0
2025-12-18T16:57:58.089599,0,-2.1157809828520895,-0.7331536955531739,1.5765995107667037,883.0,556.0,3.0,336980.0,1.0,414955.0,38548.0
2025-12-18T16:57:58.189232,1,-2.1155275226647823,-0.7200378499772517,1.5763522119490585,930.0,721.0,4.0,356937.0,1.0,428804.0,32768.0
2025-12-18T16:57:58.290584,2,-2.1159119527805776,-0.7068592504572679,1.5756462685592127,920.0,684.0,4.0,377054.0,1.0,312060.0,30747.0
2025-12-18T16:57:58.391042,3,-2.1153460590532656,-0.694088434930717,1.586052371387139,901.0,617.0,3.0,479636.0,1.0,319001.0,35110.0
2025-12-18T16:57:58.490837,4,-2.1166448813240812,-0.6818445307362033,1.605872279351803,871.0,516.0,3.0,500532.0,1.0,483384.0,43675.0
2025-12-18T16:57:59.088908,0,-2.1422848413930446,-0.6120132123297068,1.6731414858916513,882.0,554.0,3.0,341573.0,1.0,418764.0,38600.0
2025-12-18T16:57:59.191326,1,-2.1433235313075025,-0.599264547689029,1.6741176796700712,938.0,751.0,4.0,345994.0,1.0,425911.0,32294.0
2025-12-18T16:57:59.290740,2,-2.1452341987600727,-0.5867169332443227,1.671905497744655,911.0,655.0,4.0,377182.0,1.0,307031.0,31219.0
2025-12-18T16:57:59.389706,3,-2.145826747044778,-0.5742323072676818,1.6674394694675803,901.0,616.0,3.0,470631.0,1.0,314286.0,35122.0
2025-12-18T16:57:59.491295,4,-2.147333743800597,-0.5614005772348261,1.6493487190172798,873.0,521.0,3.0,498672.0,1.0,486667.0,43543.0
2025-12-18T16:57:59.591329,5,-2.1487414786916776,-0.5488708895715764,1.6355987305496087,852.0,454.0,3.0,424903.0,1.0,473827.0,40295.0
2025-12-18T16:58:00.088008,0,-2.1483678415658614,-0.4862235030285573,1.5354245757507015,881.0,549.0,3.0,344709.0,1.0,419616.0,38718.0
2025-12-18T16:58:00.190498,1,-2.1484553432851614,-0.47292699315549225,1.532943721749516,931.0,724.0,4.0,353331.0,1.0,429385.0,32723.0
2025-12-18T16:58:00.290065,2,-2.1477765530433013,-0.46021204943473304,1.529969252288105,916.0,670.0,4.0,370727.0,1.0,314711.0,30977.0
2025-12-18T16:58:00.389341,3,-2.147289181410767,-0.4483392179797949,1.5294858624894234,904.0,629.0,3.0,464145.0,1.0,313012.0,34885.0
2025-12-18T16:58:00.488176,4,-2.146209992126877,-0.4356378526326363,1.5339352844482208,867.0,504.0,3.0,492300.0,1.0,487162.0,44032.0
2025-12-18T16:58:00.590897,5,-2.146192966319962,-0.42223757088518354,1.5334372983789903,844.0,428.0,3.0,417350.0,1.0,480448.0,41038.0
2025-12-18T16:58:01.087901,0,-2.144358220038016,-0.3576187006997982,1.5334816330903531,874.0,526.0,3.0,342615.0,1.0,419048.0,39285.0
2025-12-18T16:58:01.190498,1,-2.143970521268428,-0.3445998567216151,1.5329922948873074,936.0,746.0,4.0,354649.0,1.0,435975.0,32393.0
2025-12-18T16:58:01.291111,2,-2.157699508242267,-0.33574437312347527,1.555721980601094,928.0,713.0,4.0,375018.0,1.0,310269.0,30313.0
2025-12-18T16:58:01.392223,4,-2.172668538677693,-0.3235932814815472,1.5831457780049603,882.0,552.0,3.0,497829.0,1.0,484203.0,42754.0
2025-12-18T16:58:01.488262,5,-2.173196943985058,-0.3111603139189745,1.5811721041229747,837.0,406.0,3.0,436270.0,1.0,478015.0,41725.0
2025-12-18T16:58:02.090268,0,-2.174526345805941,-0.23391606094247486,1.5781957846215156,883.0,555.0,3.0,340649.0,1.0,416644.0,38600.0
2025-12-18T16:58:02.190281,1,-2.174804898009183,-0.22126907422328124,1.5781913049129508,935.0,742.0,4.0,352615.0,1.0,427789.0,32458.0
2025-12-18T16:58:02.289993,2,-2.1748091867315535,-0.20824260958756025,1.5776932810231532,917.0,675.0,4.0,372236.0,1.0,312482.0,30904.0
2025-12-18T16:58:02.391113,3,-2.1749924974593915,-0.19615461842078652,1.5801719024267882,909.0,648.0,3.0,474951.0,1.0,318893.0,34544.0
2025-12-18T16:58:02.490091,4,-2.1746429151602884,-0.18329367004223496,1.5806630493150406,871.0,517.0,3.0,508042.0,1.0,490471.0,43690.0
2025-12-18T16:58:02.588559,5,-2.175433504211254,-0.17081605461119942,1.5801715743546845,834.0,397.0,3.0,436122.0,1.0,488483.0,42022.0
2025-12-18T16:58:03.090337,0,-2.176626465948724,-0.10741685570356374,1.5816915543956789,880.0,546.0,3.0,342615.0,1.0,424760.0,38796.0
2025-12-18T16:58:03.189994,1,-2.1773878337163484,-0.09426559666112766,1.5804514455945595,942.0,766.0,4.0,353690.0,1.0,436861.0,32098.0
2025-12-18T16:58:03.290852,2,-2.17713126914559,-0.08197229476522594,1.58191882816759,910.0,650.0,4.0,375780.0,1.0,313012.0,31315.0
2025-12-18T16:58:03.390697,3,-2.1771396656402544,-0.069009297487451,1.5811685630026988,915.0,669.0,4.0,456048.0,1.0,311849.0,34160.0
2025-12-18T16:58:03.491819,4,-2.1777858530177308,-0.056613978129497866,1.5794432105809795,869.0,509.0,3.0,510282.0,1.0,487162.0,43913.0
2025-12-18T16:58:03.593286,5,-2.177381849430916,-0.04795050166436621,1.5774726631529445,829.0,384.0,3.0,436270.0,1.0,489144.0,42466.0
2025-12-18T16:58:04.089702,0,-2.181457769695461,0.01889378780256301,1.5653268618294012,880.0,544.0,3.0,346111.0,1.0,419474.0,38849.0
2025-12-18T16:58:04.191013,1,-2.202426477363664,0.029979488681266986,1.574497044417726,943.0,768.0,4.0,354889.0,1.0,430695.0,32065.0
2025-12-18T16:58:04.291243,2,-2.205992962908028,0.04161561190180585,1.5524544864893095,909.0,647.0,3.0,378204.0,1.0,311954.0,31368.0
2025-12-18T16:58:04.388129,3,-2.2038591972500825,0.05305120548686393,1.5238564291396735,914.0,663.0,4.0,472546.0,1.0,317063.0,34276.0
2025-12-18T16:58:04.490546,5,-2.2028736512827387,0.06486771701641114,1.5003595296934318,829.0,382.0,3.0,437453.0,1.0,498335.0,42538.0
2025-12-18T16:58:05.087928,0,-2.191122561000028,0.138465420033973,1.354286105329171,878.0,540.0,3.0,346463.0,1.0,422180.0,38954.0
2025-12-18T16:58:05.188618,1,-2.188363199212625,0.15069960745583,1.3292888648015608,938.0,750.0,4.0,355009.0,1.0,433767.0,32349.0
2025-12-18T16:58:05.288510,2,-2.1857311338793406,0.16274224254074188,1.305305242383054,909.0,648.0,3.0,380902.0,1.0,315885.0,31357.0
2025-12-18T16:58:05.390379,3,-2.182187904057257,0.17485890612018906,1.2792927581555362,913.0,659.0,4.0,466350.0,1.0,318354.0,34358.0
2025-12-18T16:58:05.495848,4,-2.177627318789123,0.18673261527134954,1.2479550029401494,859.0,477.0,3.0,516363.0,1.0,493134.0,44859.0
2025-12-18T16:58:05.590899,5,-2.173430728038232,0.19729379062778118,1.2205485916205123,820.0,356.0,3.0,431863.0,1.0,509247.0,43425.0
2025-12-18T16:58:06.087958,0,-2.1781206871042524,0.24780285153625492,1.1246982382952866,874.0,527.0,3.0,345643.0,1.0,418198.0,39272.0
2025-12-18T16:58:06.190371,1,-2.1726837782856068,0.25894743202229176,1.0911310488648256,947.0,786.0,4.0,353930.0,1.0,435090.0,31817.0
2025-12-18T16:58:06.288006,2,-2.166706584657399,0.26938360745196643,1.0675397249390184,912.0,657.0,4.0,384139.0,1.0,319541.0,31219.0
2025-12-18T16:58:06.391749,3,-2.1612819907387535,0.2803289118209644,1.044607712997926,913.0,660.0,4.0,463517.0,1.0,318569.0,34334.0
2025-12-18T16:58:06.488074,4,-2.155012766434176,0.29009239807684484,1.018090065538238,862.0,488.0,3.0,514270.0,1.0,504444.0,44526.0
2025-12-18T16:58:06.589128,5,-2.147905967860237,0.29934412126357746,0.9829389569751376,837.0,409.0,3.0,435975.0,1.0,497998.0,41668.0
2025-12-18T16:58:07.093174,0,-2.1252310710242357,0.34752812780239317,0.8926377062614532,881.0,549.0,3.0,344126.0,1.0,423898.0,38757.0
2025-12-18T16:58:07.190960,1,-2.1176420524926165,0.35746423509929226,0.8631872534083771,939.0,754.0,4.0,349525.0,1.0,430695.0,32305.0
2025-12-18T16:58:07.289751,2,-2.1089937920102164,0.3647059503160017,0.8329073653338026,909.0,647.0,3.0,374637.0,1.0,320191.0,31378.0
2025-12-18T16:58:07.391370,3,-2.100759947117584,0.37243854725266257,0.8016586290949351,915.0,666.0,4.0,467773.0,1.0,318031.0,34230.0
2025-12-18T16:58:07.488378,4,-2.0917578918319997,0.3747571285780946,0.7774022956927931,871.0,516.0,3.0,501041.0,1.0,491301.0,43720.0
2025-12-18T16:58:07.586680,5,-2.082695973539855,0.37038653557303736,0.7622300618843558,835.0,402.0,3.0,430258.0,1.0,498841.0,41895.0
2025-12-18T16:58:08.089885,0,-2.0357947266638656,0.41245427556491876,0.6313011428207533,883.0,558.0,3.0,340649.0,1.0,419900.0,38561.0
2025-12-18T16:58:08.190827,1,-2.025658409306061,0.42054058838742137,0.6061112003078294,956.0,819.0,4.0,348580.0,1.0,426922.0,31357.0
2025-12-18T16:58:08.289099,2,-2.0120625456334573,0.41897762188244236,0.5755972494468948,919.0,682.0,4.0,378589.0,1.0,316420.0,30820.0
2025-12-18T16:58:08.390857,3,-1.9976837576535957,0.4168900545250329,0.5454087934107942,926.0,707.0,4.0,460235.0,1.0,314392.0,33530.0
2025-12-18T16:58:08.490734,4,-1.986868691926502,0.4233024138586625,0.5176961843538682,870.0,514.0,3.0,504103.0,1.0,487987.0,43794.0
2025-12-18T16:58:08.587835,5,-1.97623838027326,0.4304551203876983,0.4936724661326337,842.0,423.0,3.0,428804.0,1.0,497661.0,41233.0
2025-12-18T16:58:09.089735,0,-1.92116584050042,0.4552501246031122,0.37070592948699155,886.0,565.0,3.0,341111.0,1.0,416362.0,38404.0
2025-12-18T16:58:09.191352,1,-1.9073600011856824,0.4537712249577135,0.34977760363130866,962.0,843.0,4.0,345059.0,1.0,429385.0,31040.0
2025-12-18T16:58:09.288665,3,-1.892988502433048,0.45272553333452503,0.33112973636473086,923.0,698.0,4.0,461014.0,1.0,314498.0,33701.0
2025-12-18T16:58:09.390009,4,-1.8810243974698833,0.4576124105088972,0.3085966335859395,870.0,514.0,3.0,497324.0,1.0,492300.0,43809.0
2025-12-18T16:58:09.490806,5,-1.8695312659036971,0.4600283942515855,0.2745003155865279,847.0,439.0,3.0,429240.0,1.0,496988.0,40775.0
2025-12-18T16:58:10.090063,0,-1.7944650657099301,0.47448712680500993,0.11659731099014643,893.0,589.0,3.0,335046.0,1.0,414254.0,37862.0
2025-12-18T16:58:10.190100,1,-1.7795197109847343,0.47718662768405995,0.09833382637946582,964.0,851.0,4.0,339498.0,1.0,422609.0,30946.0
2025-12-18T16:58:10.288702,2,-1.7677487897987885,0.47699829364401936,0.07413630940610551,923.0,695.0,4.0,373877.0,1.0,316742.0,30623.0
2025-12-18T16:58:10.392251,3,-1.7554482150390667,0.4774675713176819,0.045737977551482116,912.0,658.0,4.0,456048.0,1.0,315031.0,34392.0
2025-12-18T16:58:10.487978,4,-1.7426678032932423,0.47853785934217186,0.025563592867095204,873.0,521.0,3.0,500871.0,1.0,487822.0,43602.0
2025-12-18T16:58:10.591529,5,-1.7303675358475914,0.4792920555831177,-0.0061676326362387806,843.0,427.0,3.0,423325.0,1.0,491135.0,41122.0
2025-12-18T16:58:11.090662,0,-1.662895999298649,0.474269294773662,-0.14580613953496185,892.0,586.0,3.0,335387.0,1.0,414534.0,37939.0
2025-12-18T16:58:11.190855,1,-1.6501053986557603,0.4726761011800944,-0.1681266288638724,962.0,841.0,4.0,347520.0,1.0,428514.0,31082.0
2025-12-18T16:58:11.287416,2,-1.6378834260082686,0.470846405167757,-0.1939583358594591,925.0,703.0,4.0,370978.0,1.0,315992.0,30499.0
2025-12-18T16:58:11.392169,3,-1.626132701062271,0.46806017770558306,-0.22594260137370534,932.0,729.0,4.0,467773.0,1.0,313860.0,33192.0
2025-12-18T16:58:11.490346,4,-1.6138495228268348,0.4654166574389027,-0.2538386204908668,880.0,547.0,3.0,489973.0,1.0,498504.0,42913.0
2025-12-18T16:58:11.592019,5,-1.6012863760953562,0.4630532023290641,-0.2739613327114863,844.0,429.0,3.0,431132.0,1.0,489144.0,41080.0
2025-12-18T16:58:12.089959,0,-1.5335248360779108,0.44964885619352657,-0.40040573169503396,894.0,593.0,3.0,338810.0,1.0,415377.0,37786.0
2025-12-18T16:58:12.190258,2,-1.5234038838449377,0.4441514170413914,-0.42835574297671053,924.0,702.0,4.0,385833.0,1.0,317063.0,30530.0
2025-12-18T16:58:12.298165,3,-1.5115495128020737,0.43886657832186504,-0.45724023538306907,925.0,705.0,4.0,469358.0,1.0,314924.0,33599.0
2025-12-18T16:58:12.389859,4,-1.499739219367524,0.43374152422352097,-0.4766763579042136,882.0,554.0,3.0,499348.0,1.0,496651.0,42740.0
2025-12-18T16:58:12.489907,5,-1.4892442066912248,0.4273161616404071,-0.49975103333953735,842.0,421.0,3.0,431424.0,1.0,493969.0,41303.0
2025-12-18T16:58:13.088796,0,-1.4273703567802651,0.3904341702599483,-0.6639932344278715,885.0,565.0,3.0,341804.0,1.0,419616.0,38430.0
2025-12-18T16:58:13.191048,1,-1.419121018054173,0.38176278924835927,-0.6942878912249891,956.0,819.0,4.0,344475.0,1.0,424472.0,31378.0
2025-12-18T16:58:13.291375,2,-1.4144466654591508,0.3740079372277716,-0.7248777149221514,911.0,652.0,4.0,378461.0,1.0,318462.0,31325.0
2025-12-18T16:58:13.389817,3,-1.4166121391880122,0.3671988077267576,-0.7487781436165614,926.0,706.0,4.0,456048.0,1.0,314498.0,33587.0
2025-12-18T16:58:13.488806,4,-1.4085197679556667,0.3589160150020998,-0.7668497085547951,874.0,526.0,3.0,501380.0,1.0,500194.0,43484.0
2025-12-18T16:58:13.592159,5,-1.3987297996286439,0.35015625101382586,-0.7915620408520367,832.0,393.0,3.0,432594.0,1.0,505812.0,42193.0
2025-12-18T16:58:14.089148,0,-1.3526813303420144,0.2996282240793713,-0.9229354765059626,888.0,573.0,3.0,340995.0,1.0,419190.0,38249.0
2025-12-18T16:58:14.191275,1,-1.335861237514013,0.2844824565406192,-0.9442921142224716,952.0,803.0,4.0,343660.0,1.0,424760.0,31613.0
2025-12-18T16:58:14.291556,2,-1.3292955234173547,0.2748093513560512,-0.9706035675953838,922.0,693.0,4.0,369100.0,1.0,318893.0,30675.0
2025-12-18T16:58:14.392064,3,-1.3229647744947124,0.26409534479733665,-1.0005239167595728,921.0,689.0,4.0,467298.0,1.0,320299.0,33873.0
2025-12-18T16:58:14.496638,4,-1.316343029533948,0.2532247249424513,-1.0217207591424025,878.0,538.0,3.0,512359.0,1.0,504615.0,43161.0
2025-12-18T16:58:14.592353,5,-1.3096038679756192,0.24259781157264637,-1.0430245768453876,843.0,427.0,3.0,438936.0,1.0,501380.0,41136.0
2025-12-18T16:58:15.087187,1,-1.2754556376818134,0.1885614594651175,-1.1771613918153625,952.0,804.0,4.0,343660.0,1.0,428804.0,31602.0
2025-12-18T16:58:15.190199,2,-1.2708844871191225,0.17679460924763113,-1.2019986678316399,920.0,684.0,4.0,383879.0,1.0,320082.0,30810.0
2025-12-18T16:58:15.290209,3,-1.264337776104446,0.16399086715033295,-1.2287073626734508,926.0,708.0,4.0,462734.0,1.0,313967.0,33553.0
2025-12-18T16:58:15.389272,4,-1.2601875466225174,0.15288961366727793,-1.2508834515212264,865.0,497.0,3.0,506840.0,1.0,496315.0,44301.0
2025-12-18T16:58:15.490521,5,-1.25664645871312,0.14139542868261046,-1.2807572421402813,841.0,420.0,3.0,430404.0,1.0,497998.0,41359.0
2025-12-18T16:58:16.089680,0,-1.241417770627802,0.07457066643805543,-1.4140027112109796,887.0,571.0,3.0,338122.0,1.0,417350.0,38288.0
2025-12-18T16:58:16.193898,1,-1.2402787524324963,0.06187788750118983,-1.4460322861601136,942.0,768.0,4.0,349762.0,1.0,423181.0,32131.0
2025-12-18T16:58:16.288370,2,-1.2381945958055107,0.04927964767892146,-1.4726994661965078,910.0,648.0,3.0,375145.0,1.0,322365.0,31399.0
2025-12-18T16:58:16.390703,3,-1.2368199997235247,0.03763289323210017,-1.4855422457605156,919.0,683.0,4.0,468406.0,1.0,315351.0,33987.0
2025-12-18T16:58:16.489122,4,-1.237110491626642,0.02588062420964743,-1.5003571044917345,865.0,496.0,3.0,495811.0,1.0,505812.0,44331.0
2025-12-18T16:58:16.588360,5,-1.2373636257770797,0.01415542024607408,-1.5057670518035733,842.0,424.0,3.0,433327.0,1.0,501211.0,41233.0
2025-12-18T16:58:17.088672,0,-1.2498672636236794,-0.040720794373821256,-1.5081263274575745,880.0,545.0,3.0,344359.0,1.0,422609.0,38888.0
2025-12-18T16:58:17.190428,1,-1.2493616829383973,-0.05283473883310297,-1.5103596238592871,947.0,785.0,4.0,346698.0,1.0,431570.0,31881.0
2025-12-18T16:58:17.291332,2,-1.2482996210688604,-0.06543797048281874,-1.5078985180414404,917.0,674.0,4.0,387403.0,1.0,323239.0,30977.0
2025-12-18T16:58:17.392697,3,-1.2468917572442324,-0.07879287743692043,-1.5119045482374651,921.0,688.0,4.0,471109.0,1.0,318677.0,33907.0
2025-12-18T16:58:17.490054,4,-1.2458895237980245,-0.09169034912186902,-1.5106970752741944,860.0,481.0,3.0,505983.0,1.0,499179.0,44798.0
2025-12-18T16:58:17.591413,5,-1.2449756297178711,-0.10450909445498002,-1.5109505537215293,841.0,420.0,3.0,438490.0,1.0,505983.0,41359.0
2025-12-18T16:58:18.089651,0,-1.241648473205356,-0.16688613707195366,-1.5117255265075449,886.0,566.0,3.0,342615.0,1.0,418198.0,38417.0
2025-12-18T16:58:18.190133,1,-1.2406418616029289,-0.1797978370025728,-1.5105039891863967,927.0,711.0,4.0,360702.0,1.0,431570.0,33035.0
2025-12-18T16:58:18.290478,2,-1.240048608131031,-0.19222416657925656,-1.51124070442272,916.0,670.0,4.0,379744.0,1.0,322911.0,31051.0
2025-12-18T16:58:18.388783,3,-1.2392540735161413,-0.20548013579064417,-1.510249300387586,906.0,637.0,3.0,472386.0,1.0,321494.0,34826.0
2025-12-18T16:58:18.489404,4,-1.2387299274246966,-0.2175342856204301,-1.5142318260483525,870.0,511.0,3.0,513574.0,1.0,505812.0,43913.0
2025-12-18T16:58:18.596694,5,-1.2384340835172551,-0.23021616891623164,-1.5134396565237676,846.0,435.0,3.0,443115.0,1.0,509592.0,40928.0
2025-12-18T16:58:19.089093,0,-1.2339908795546788,-0.29413517429117153,-1.5185142968215686,876.0,533.0,3.0,351304.0,1.0,423755.0,39206.0
2025-12-18T16:58:19.190464,1,-1.233875765673418,-0.3064897480755038,-1.5192543576521906,917.0,674.0,4.0,366361.0,1.0,446125.0,33655.0
2025-12-18T16:58:19.288992,2,-1.2327247263907672,-0.31954437539270586,-1.5177695719577249,913.0,659.0,4.0,379102.0,1.0,322365.0,31230.0
2025-12-18T16:58:19.389715,3,-1.232118032215698,-0.3319643185163237,-1.5180183780324046,895.0,598.0,3.0,483384.0,1.0,332899.0,35576.0
2025-12-18T16:58:19.489410,4,-1.231128984887979,-0.34527390335670116,-1.5185135412543607,874.0,525.0,3.0,509247.0,1.0,509937.0,43543.0
2025-12-18T16:58:19.590587,5,-1.230435816338931,-0.35763321743759846,-1.5177795992952745,834.0,399.0,3.0,440722.0,1.0,504103.0,42022.0
2025-12-18T16:58:20.090922,0,-1.2272322765665427,-0.39369042235606955,-1.5227458580451745,857.0,472.0,3.0,352615.0,1.0,434355.0,40789.0
2025-12-18T16:58:20.189297,1,-1.2262114560620505,-0.4058695566017523,-1.5215212147025348,903.0,624.0,3.0,365124.0,1.0,452206.0,34567.0
2025-12-18T16:58:20.289716,2,-1.2261606211271054,-0.41845143535411555,-1.5210308803872066,909.0,647.0,3.0,388585.0,1.0,324775.0,31442.0
2025-12-18T16:58:20.390171,3,-1.22510148615195,-0.4310312363918092,-1.5222805267907893,890.0,580.0,3.0,490637.0,1.0,330765.0,35952.0
2025-12-18T16:58:20.489203,4,-1.225094447677282,-0.44323163944511546,-1.525248099419799,867.0,504.0,3.0,511666.0,1.0,508042.0,44121.0
2025-12-18T16:58:20.592996,5,-1.2245616502119074,-0.4561303954155571,-1.5269668052543064,838.0,411.0,3.0,431863.0,1.0,503591.0,41668.0
2025-12-18T16:58:21.089018,0,-1.2208298382354328,-0.5212349108710042,-1.5257562497247175,858.0,474.0,3.0,352137.0,1.0,438936.0,40734.0
2025-12-18T16:58:21.192345,1,-1.2209344139756906,-0.5338531394686576,-1.525743827375798,887.0,571.0,3.0,373371.0,1.0,452053.0,35613.0
2025-12-18T16:58:21.289535,2,-1.2198013684956812,-0.5462345716439234,-1.525756545124834,899.0,611.0,3.0,385833.0,1.0,328979.0,32054.0
2025-12-18T16:58:21.391154,3,-1.219836142895834,-0.5590558987118515,-1.525018598128402,882.0,551.0,3.0,487492.0,1.0,337551.0,36578.0
2025-12-18T16:58:21.488113,4,-1.2188287586401958,-0.571781780595666,-1.525266009432793,862.0,485.0,3.0,505983.0,1.0,517238.0,44692.0
2025-12-18T16:58:22.089395,0,-1.215149272897282,-0.6499568576561519,-1.524028186985585,849.0,444.0,3.0,360946.0,1.0,442366.0,41584.0
2025-12-18T16:58:22.191157,1,-1.2146815816281462,-0.6621262578235587,-1.5230253979097645,875.0,528.0,3.0,385833.0,1.0,468089.0,36553.0
2025-12-18T16:58:22.289873,2,-1.2140647485514067,-0.6752127058123012,-1.525976214044065,894.0,594.0,3.0,392417.0,1.0,328867.0,32371.0
2025-12-18T16:58:22.388713,3,-1.2036020692289233,-0.6798975167580315,-1.520772058374266,864.0,494.0,3.0,504615.0,1.0,345526.0,37914.0
2025-12-18T16:58:22.488741,4,-1.1951475134650986,-0.6839776547679666,-1.5155745979796575,857.0,471.0,3.0,518114.0,1.0,510282.0,45118.0
2025-12-18T16:58:22.591410,5,-1.1937416922724942,-0.6957141165409491,-1.5145945138360657,836.0,404.0,3.0,435680.0,1.0,507183.0,41866.0
2025-12-18T16:58:23.091532,0,-1.1895599961062842,-0.7592129998766879,-1.4800758428343987,847.0,438.0,3.0,362906.0,1.0,445220.0,41767.0
2025-12-18T16:58:23.190492,1,-1.1885278784441724,-0.7715904262044209,-1.4564281852882335,853.0,459.0,3.0,374764.0,1.0,468248.0,38262.0
2025-12-18T16:58:23.289883,2,-1.1866404747839567,-0.7841362890291803,-1.4300092572095313,878.0,541.0,3.0,397497.0,1.0,336296.0,33406.0
2025-12-18T16:58:23.388926,3,-1.1838852994206455,-0.7963393904217639,-1.4016751919218182,864.0,494.0,3.0,491468.0,1.0,348816.0,37914.0
2025-12-18T16:58:23.490021,4,-1.181898306791115,-0.8086447583712726,-1.373146567845894,854.0,462.0,3.0,514792.0,1.0,524288.0,45394.0
2025-12-18T16:58:23.590670,5,-1.1798335346531226,-0.8216010755958552,-1.3496185131527552,836.0,404.0,3.0,436713.0,1.0,507183.0,41880.0
2025-12-18T16:58:24.088220,0,-1.1649860335705535,-0.8795074915037793,-1.220943562115378,833.0,394.0,3.0,370727.0,1.0,456357.0,43161.0
2025-12-18T16:58:24.191820,1,-1.1587891117084708,-0.8911853968615739,-1.1970896406261944,857.0,472.0,3.0,386355.0,1.0,479311.0,37926.0
2025-12-18T16:58:24.290007,2,-1.1540328998037046,-0.9035128186421417,-1.1714102760393168,870.0,513.0,3.0,389243.0,1.0,337893.0,33999.0
2025-12-18T16:58:24.390625,4,-1.1484635021721632,-0.9155945382178219,-1.1495178710250165,854.0,461.0,3.0,531074.0,1.0,530535.0,45440.0
2025-12-18T16:58:24.489334,5,-1.1421806732309094,-0.9268981086380093,-1.124065808378689,837.0,407.0,3.0,440573.0,1.0,507355.0,41781.0
2025-12-18T16:58:25.090632,0,-1.0969319758780929,-0.981452258368094,-0.953608879561223,827.0,378.0,3.0,371606.0,1.0,456202.0,43720.0
2025-12-18T16:58:25.190859,1,-1.0885018240633892,-0.9909194912997732,-0.9271462919122142,850.0,447.0,3.0,404555.0,1.0,491468.0,38574.0
2025-12-18T16:58:25.291052,2,-1.0807129293504423,-1.0002387503576955,-0.9002099173911302,867.0,502.0,3.0,409791.0,1.0,342036.0,34230.0
2025-12-18T16:58:25.389488,3,-1.0727933093567183,-1.0108154143508754,-0.87799870044658,851.0,452.0,3.0,509247.0,1.0,353930.0,39033.0
2025-12-18T16:58:25.491729,4,-1.0647442721437383,-1.0201408545162405,-0.8591708135482496,846.0,434.0,3.0,537584.0,1.0,533055.0,46309.0
2025-12-18T16:58:25.592757,5,-1.047617522151191,-1.0306735179307935,-0.8221256660861773,841.0,421.0,3.0,442815.0,1.0,516888.0,41373.0
2025-12-18T16:58:26.092599,0,-0.9847182416790587,-1.0761020554860652,-0.6749910429718088,826.0,374.0,3.0,373498.0,1.0,471747.0,43838.0
2025-12-18T16:58:26.189637,1,-0.9747233409616796,-1.0845405114308768,-0.6491035417973687,844.0,430.0,3.0,396288.0,1.0,493468.0,39073.0
2025-12-18T16:58:26.291116,2,-0.964387691205552,-1.091606868351124,-0.6256281738120567,861.0,485.0,3.0,412574.0,1.0,350473.0,34638.0
2025-12-18T16:58:26.387607,3,-0.9542854874431079,-1.0989775533671944,-0.5956274659322921,846.0,434.0,3.0,520751.0,1.0,361313.0,39525.0
2025-12-18T16:58:26.488717,4,-0.9381993375677129,-1.1059201756633295,-0.5601675892438156,828.0,381.0,3.0,531254.0,1.0,532514.0,48196.0
2025-12-18T16:58:26.590521,5,-0.9084539991757596,-1.1086691470829715,-0.5085272718406507,834.0,398.0,3.0,450525.0,1.0,525531.0,42079.0
2025-12-18T16:58:27.090128,0,-0.8509499628418089,-1.1354033062807831,-0.38625669094530085,816.0,343.0,3.0,378332.0,1.0,470472.0,44965.0
2025-12-18T16:58:27.191023,1,-0.8396218828168065,-1.140449426473662,-0.3564036746418584,845.0,431.0,3.0,389902.0,1.0,504103.0,39033.0
2025-12-18T16:58:27.290715,2,-0.8147859347404633,-1.1412469226568014,-0.3151466555740869,842.0,423.0,3.0,410624.0,1.0,350948.0,36147.0
2025-12-18T16:58:27.389230,3,-0.7873027291791881,-1.1371653060545777,-0.27138823593736694,841.0,419.0,3.0,509937.0,1.0,365124.0,39956.0
2025-12-18T16:58:27.487761,4,-0.7751195990908188,-1.1398573609514218,-0.2447039440468383,832.0,392.0,3.0,546759.0,1.0,549356.0,47806.0
2025-12-18T16:58:27.591979,5,-0.7631392743489349,-1.1435796962669507,-0.22003508427302762,831.0,387.0,3.0,448547.0,1.0,528027.0,42437.0
2025-12-18T16:58:28.091146,0,-0.6997443268578163,-1.1509628108152379,-0.09462745941893981,816.0,343.0,3.0,375526.0,1.0,469200.0,44981.0
2025-12-18T16:58:28.191011,1,-0.6844365680388047,-1.147622163164522,-0.06642602482106402,844.0,429.0,3.0,382582.0,1.0,508042.0,39086.0
2025-12-18T16:58:28.291961,2,-0.6674986994535832,-1.1414592630489988,-0.03823560830959895,841.0,420.0,3.0,416926.0,1.0,357179.0,36245.0
2025-12-18T16:58:28.392955,3,-0.65516758100437,-1.1416914904780437,-0.01754182293076391,827.0,375.0,3.0,524110.0,1.0,373624.0,41331.0
2025-12-18T16:58:28.489423,4,-0.6433174396688139,-1.1410400060549213,0.010779703978193604,817.0,346.0,3.0,546574.0,1.0,563670.0,49603.0
2025-12-18T16:58:28.594046,5,-0.6348735309394975,-1.1412905698314253,0.029701154540375647,819.0,351.0,3.0,445974.0,1.0,531074.0,43690.0
2025-12-18T16:58:29.088302,0,-0.5672601775289117,-1.1331083091761496,0.17402138409523144,815.0,340.0,3.0,382970.0,1.0,483384.0,45118.0
2025-12-18T16:58:29.190657,1,-0.5565497200026428,-1.1244673702851298,0.2172736452364455,844.0,428.0,3.0,400197.0,1.0,503762.0,39126.0
2025-12-18T16:58:29.289592,3,-0.5449449515023397,-1.1226638368811797,0.24545709801308535,828.0,381.0,3.0,528564.0,1.0,377565.0,41150.0
2025-12-18T16:58:29.389907,4,-0.5321671467298121,-1.1205664363515941,0.2713980977312728,813.0,335.0,3.0,559678.0,1.0,572320.0,50058.0
2025-12-18T16:58:29.487879,5,-0.5194797473196879,-1.1177016153828312,0.2989744360059133,814.0,338.0,3.0,447789.0,1.0,530715.0,44196.0
2025-12-18T16:58:30.088499,0,-0.44816985752299887,-1.084355847410733,0.4484478708693857,818.0,351.0,3.0,383359.0,1.0,477530.0,44707.0
2025-12-18T16:58:30.190184,2,-0.43649100591895174,-1.0791456171897318,0.47372954111741045,842.0,423.0,3.0,412714.0,1.0,356213.0,36171.0
2025-12-18T16:58:30.288648,3,-0.4271205577375743,-1.0728005307079265,0.4985991905956334,828.0,378.0,3.0,543438.0,1.0,388059.0,41233.0
2025-12-18T16:58:30.392212,4,-0.41592513582435364,-1.0677670840616758,0.528869245744958,812.0,331.0,3.0,567690.0,1.0,571740.0,50245.0
2025-12-18T16:58:30.488422,5,-0.40424091292532216,-1.0626785521169362,0.5535413361748098,804.0,309.0,3.0,466824.0,1.0,551405.0,45332.0
2025-12-18T16:58:31.090212,0,-0.33574495316463615,-1.0220777816734525,0.6884950859374954,808.0,319.0,3.0,377821.0,1.0,484039.0,45950.0
2025-12-18T16:58:31.191134,1,-0.3262564361258029,-1.01433404898554,0.7114987787476807,836.0,403.0,3.0,406614.0,1.0,516888.0,39861.0
2025-12-18T16:58:31.289299,2,-0.31615543623440434,-1.006882079086819,0.7326621167862313,836.0,405.0,3.0,422180.0,1.0,358875.0,36664.0
2025-12-18T16:58:31.389788,3,-0.3086138749225782,-0.9979874747496051,0.7591432515727116,822.0,361.0,3.0,539407.0,1.0,386094.0,41824.0
2025-12-18T16:58:31.487423,4,-0.29989063891651657,-0.9893471094129787,0.7874549534935922,805.0,312.0,3.0,564052.0,1.0,578357.0,51102.0
2025-12-18T16:58:31.591480,5,-0.2901334943522489,-0.9809382282292365,0.8139695564523151,811.0,329.0,3.0,456202.0,1.0,557409.0,44541.0
2025-12-18T16:58:32.089692,0,-0.25163088920706445,-0.9179737538084796,0.9585414485205529,812.0,330.0,3.0,388190.0,1.0,490305.0,45486.0
2025-12-18T16:58:32.198833,1,-0.24560005973511467,-0.9070314702190974,0.9848709654588175,832.0,391.0,3.0,410069.0,1.0,520927.0,40241.0
2025-12-18T16:58:32.294202,2,-0.23814897085263542,-0.8964613386060885,1.0100077441938387,836.0,404.0,3.0,422609.0,1.0,363767.0,36677.0
2025-12-18T16:58:32.389974,3,-0.23087119046031468,-0.8859152968549946,1.035130900994586,826.0,373.0,3.0,525709.0,1.0,391886.0,41401.0
2025-12-18T16:58:32.489988,4,-0.22566293168895024,-0.8750682535783891,1.0598603819834203,808.0,321.0,3.0,578944.0,1.0,588825.0,50706.0
2025-12-18T16:58:32.592033,5,-0.22016484399103753,-0.8645785169217408,1.085320246762002,805.0,311.0,3.0,470153.0,1.0,554774.0,45271.0
2025-12-18T16:58:33.088440,0,-0.1853097656758944,-0.8028591573143027,1.2192236598898627,804.0,308.0,3.0,386879.0,1.0,487987.0,46388.0
2025-12-18T16:58:33.190239,1,-0.1809771798169888,-0.7906272263051219,1.2436904976325767,831.0,389.0,3.0,404007.0,1.0,535949.0,40309.0
2025-12-18T16:58:33.289582,2,-0.17849320499519417,-0.7785091114941025,1.2728909696728166,830.0,385.0,3.0,419758.0,1.0,364877.0,37240.0
2025-12-18T16:58:33.389769,3,-0.17450851314693194,-0.7661241529379748,1.2970428776556715,830.0,386.0,3.0,544543.0,1.0,386879.0,40983.0
2025-12-18T16:58:33.491000,4,-0.17047410372091543,-0.7540546086812023,1.3195338724345025,810.0,325.0,3.0,568459.0,1.0,596245.0,50535.0
2025-12-18T16:58:33.587173,5,-0.17024741990567094,-0.7418358681361656,1.3463245323570878,801.0,301.0,3.0,468882.0,1.0,559867.0,45686.0
2025-12-18T16:58:34.090298,1,-0.17290602599613525,-0.6772293674511607,1.492909203676663,835.0,400.0,3.0,409375.0,1.0,528921.0,39969.0
2025-12-18T16:58:34.191478,2,-0.17116811731455073,-0.6640109579409055,1.514944151460091,831.0,389.0,3.0,429967.0,1.0,372488.0,37126.0
2025-12-18T16:58:34.288317,3,-0.17091918920422833,-0.6518995272682861,1.5388979641146034,831.0,387.0,3.0,528921.0,1.0,388979.0,40955.0
2025-12-18T16:58:34.389258,5,-0.17088544086330515,-0.639878498401381,1.5677688055717214,805.0,312.0,3.0,459456.0,1.0,558542.0,45210.0
2025-12-18T16:58:35.087976,0,-0.1857740394883205,-0.5629604889937898,1.7470763248258414,809.0,324.0,3.0,384789.0,1.0,506497.0,45764.0
2025-12-18T16:58:35.189331,1,-0.18756050653879708,-0.5508299839812958,1.771277003647607,845.0,433.0,3.0,409237.0,1.0,528921.0,38994.0
2025-12-18T16:58:35.289319,2,-0.18959274939791682,-0.5381717463077891,1.7832740398966476,829.0,382.0,3.0,420042.0,1.0,372866.0,37315.0
2025-12-18T16:58:35.390470,3,-0.1936768533406057,-0.5266390652203006,1.7645879740422028,831.0,389.0,3.0,540503.0,1.0,391356.0,40900.0
2025-12-18T16:58:35.489724,4,-0.19473420720090706,-0.5149709479327331,1.746860815388624,810.0,327.0,3.0,566539.0,1.0,602738.0,50415.0
2025-12-18T16:58:35.592208,5,-0.19716669556178257,-0.5033244093593794,1.7287568678348877,802.0,303.0,3.0,479311.0,1.0,564052.0,45609.0
2025-12-18T16:58:36.088992,0,-0.20423838880310008,-0.4409510941360457,1.7057941796009346,807.0,316.0,3.0,392417.0,1.0,502059.0,46059.0
2025-12-18T16:58:36.192956,1,-0.21121190219981356,-0.42757375702953393,1.7069837014140474,842.0,424.0,3.0,405926.0,1.0,531074.0,39272.0
2025-12-18T16:58:36.289170,2,-0.2245488092847232,-0.4154026562912554,1.7139288917710982,835.0,400.0,3.0,440871.0,1.0,374257.0,36814.0
2025-12-18T16:58:36.394203,3,-0.22656123706528364,-0.4026185398085227,1.7079945678688626,829.0,382.0,3.0,541052.0,1.0,396556.0,41136.0
2025-12-18T16:58:36.490313,4,-0.2280067867314699,-0.3903714944091883,1.7107486124640405,806.0,315.0,3.0,576988.0,1.0,597862.0,50964.0
2025-12-18T16:58:36.590790,5,-0.23009089985085707,-0.377387456769533,1.711001770934126,791.0,288.0,3.0,466824.0,1.0,570773.0,46262.0
2025-12-18T16:58:37.089318,0,-0.24031900946657725,-0.313635172846193,1.7175346597496948,806.0,314.0,3.0,389638.0,1.0,503080.0,46153.0
2025-12-18T16:58:37.191508,1,-0.24216911249224493,-0.30087106793453966,1.7197598233151985,853.0,457.0,3.0,402370.0,1.0,528027.0,38339.0
2025-12-18T16:58:37.290707,2,-0.2447183540267006,-0.2884313179793754,1.7212542543991443,830.0,385.0,3.0,428369.0,1.0,378076.0,37227.0
2025-12-18T16:58:37.391450,3,-0.2467669534674406,-0.2756083979105135,1.7227215441096293,834.0,399.0,3.0,541052.0,1.0,395216.0,40596.0
2025-12-18T16:58:37.487682,4,-0.24940414913271614,-0.2627325272345775,1.7217356927076732,813.0,336.0,3.0,570773.0,1.0,611160.0,50058.0
2025-12-18T16:58:37.588160,5,-0.251068050654601,-0.2502708933976949,1.7224719253442797,794.0,290.0,3.0,474309.0,1.0,566539.0,46153.0
2025-12-18T16:58:38.089796,0,-0.2608376550679612,-0.18751445156070634,1.7234658254760666,805.0,311.0,3.0,392417.0,1.0,500871.0,46293.0
2025-12-18T16:58:38.189573,1,-0.26312205740115013,-0.17521283389628461,1.7249526621095312,860.0,481.0,3.0,410069.0,1.0,540503.0,37734.0
2025-12-18T16:58:38.287309,2,-0.2644450479090086,-0.1623648851809385,1.7244543518759585,829.0,383.0,3.0,433327.0,1.0,378461.0,37290.0
2025-12-18T16:58:38.392474,3,-0.26650477775157544,-0.1537267531228892,1.7232176720283339,826.0,375.0,3.0,543438.0,1.0,401825.0,41373.0
2025-12-18T16:58:38.490291,4,-0.2687633630032269,-0.13688538820932727,1.724454766996927,808.0,321.0,3.0,582877.0,1.0,604576.0,50706.0
2025-12-18T16:58:38.589855,5,-0.2714760441398938,-0.1246019919842638,1.7247127872952999,788.0,284.0,3.0,479311.0,1.0,585645.0,46419.0
2025-12-18T16:58:39.089778,0,-0.29165111750683037,-0.08953145092850434,1.7423466824817426,807.0,316.0,3.0,393481.0,1.0,501211.0,46075.0
2025-12-18T16:58:39.191998,1,-0.29362396678689207,-0.07676625671213877,1.7420994599726467,853.0,458.0,3.0,385833.0,1.0,534319.0,38327.0
2025-12-18T16:58:39.289884,2,-0.2966478856621211,-0.0642561910361259,1.7416242579631775,834.0,397.0,3.0,432594.0,1.0,381806.0,36888.0
2025-12-18T16:58:39.391460,3,-0.2984836854474384,-0.05076487972292476,1.7396485279982337,839.0,414.0,3.0,531973.0,1.0,398035.0,40159.0
2025-12-18T16:58:39.489518,4,-0.30091414845036457,-0.038703471059381656,1.7406521138411215,809.0,323.0,3.0,576988.0,1.0,614270.0,50603.0
2025-12-18T16:58:39.590582,5,-0.30208524754659916,-0.02628150619401648,1.7426324926170278,781.0,278.0,3.0,471109.0,1.0,581891.0,46718.0
2025-12-18T16:58:40.088454,0,-0.31264408144720557,0.035634372278412485,1.741128108203414,804.0,310.0,3.0,388716.0,1.0,515839.0,46340.0
2025-12-18T16:58:40.190818,1,-0.3143378017455394,0.04824738952023111,1.742619078550985,848.0,443.0,3.0,401010.0,1.0,536675.0,38744.0
2025-12-18T16:58:40.287182,2,-0.31621388716823295,0.06102097095497783,1.7414033186930984,837.0,407.0,3.0,437009.0,1.0,380902.0,36627.0
2025-12-18T16:58:40.391749,3,-0.3193118959726977,0.07394134314061507,1.7428864158345518,835.0,400.0,3.0,549170.0,1.0,409653.0,40569.0
2025-12-18T16:58:40.489520,4,-0.32082400073576434,0.08703889663449971,1.7433733269207194,812.0,333.0,3.0,572708.0,1.0,620749.0,50194.0
2025-12-18T16:58:40.589040,5,-0.3228939323343578,0.09903293113927081,1.7389277322639127,784.0,280.0,3.0,487492.0,1.0,596043.0,46592.0
2025-12-18T16:58:41.089452,0,-0.33042588243877624,0.15943293098639089,1.628913732693222,810.0,327.0,3.0,392683.0,1.0,515664.0,45655.0
2025-12-18T16:58:41.191391,1,-0.33990011694456124,0.1694343040114603,1.6254630843405542,854.0,461.0,3.0,402778.0,1.0,539224.0,38249.0
2025-12-18T16:58:41.290904,2,-0.3423219684525529,0.18190647120286307,1.6067802370597157,838.0,411.0,3.0,435680.0,1.0,383230.0,36528.0
2025-12-18T16:58:41.390438,3,-0.3425778187721411,0.1942144115739035,1.5806432636878769,834.0,397.0,3.0,546759.0,1.0,407716.0,40679.0
2025-12-18T16:58:41.493130,4,-0.34200400165016864,0.20644345538863806,1.5528889159272259,807.0,318.0,3.0,588227.0,1.0,615936.0,50861.0
2025-12-18T16:58:41.591916,5,-0.34143142477130173,0.21888419239327117,1.5270749171997011,781.0,278.0,3.0,472386.0,1.0,594029.0,46703.0
2025-12-18T16:58:42.090379,0,-0.3351357504514678,0.27975603953861494,1.406938185097006,803.0,306.0,3.0,391621.0,1.0,526778.0,46498.0
2025-12-18T16:58:42.190059,1,-0.3328993004059839,0.2928676677202091,1.3764519554302959,847.0,440.0,3.0,402097.0,1.0,546574.0,38836.0
2025-12-18T16:58:42.288609,2,-0.3296322119556945,0.30444123382937516,1.3492778268889658,840.0,417.0,3.0,426200.0,1.0,387665.0,36355.0
2025-12-18T16:58:42.387984,3,-0.33229782530553376,0.3134472774584447,1.3271710332948656,838.0,410.0,3.0,545650.0,1.0,405651.0,40268.0
2025-12-18T16:58:42.494188,4,-0.34931811763414977,0.31486463930974207,1.317420837962068,812.0,333.0,3.0,569230.0,1.0,628997.0,50211.0
2025-12-18T16:58:42.590517,5,-0.3466302043827425,0.32599188341337104,1.2890114469280327,781.0,278.0,3.0,486174.0,1.0,590421.0,46718.0
2025-12-18T16:58:43.090268,0,-0.3275140300183268,0.38666141886034744,1.1593946319444364,801.0,299.0,3.0,397094.0,1.0,524288.0,46798.0
2025-12-18T16:58:43.189109,1,-0.32269194507984844,0.3982576472623638,1.1335448852353447,856.0,469.0,3.0,400468.0,1.0,545650.0,38068.0
2025-12-18T16:58:43.289509,2,-0.3196237109533455,0.40719428336452435,1.1073678128495228,851.0,452.0,3.0,437897.0,1.0,380258.0,35444.0
2025-12-18T16:58:43.390112,3,-0.3275811639985733,0.4086313403379789,1.0961617439099687,842.0,421.0,3.0,543806.0,1.0,402370.0,39942.0
2025-12-18T16:58:43.489585,4,-0.32453862725125004,0.4184200024679905,1.0766289368217303,810.0,325.0,3.0,584061.0,1.0,626872.0,50552.0
2025-12-18T16:58:43.592553,5,-0.31856707009927687,0.42972869026818294,1.0553399362799,756.0,254.0,3.0,482077.0,1.0,608271.0,47822.0
2025-12-18T16:58:44.091246,0,-0.2876532908143967,0.4821256038997017,0.9229682305649071,792.0,288.0,3.0,392152.0,1.0,525175.0,47307.0
2025-12-18T16:58:44.192393,1,-0.28646018232893766,0.4920372504474697,0.8957745821907379,858.0,473.0,3.0,409930.0,1.0,536675.0,37952.0
2025-12-18T16:58:44.291949,2,-0.2790752952289717,0.5021618273281421,0.8691532999979749,859.0,478.0,3.0,434208.0,1.0,383749.0,34838.0
2025-12-18T16:58:44.389173,3,-0.27029333637661646,0.5104058587778821,0.8428444350523088,847.0,437.0,3.0,528027.0,1.0,403461.0,39499.0
2025-12-18T16:58:44.487898,4,-0.2616718580971451,0.5195971112941908,0.814585008701202,816.0,344.0,3.0,575428.0,1.0,613439.0,49737.0
2025-12-18T16:58:45.088043,0,-0.21143243395985145,0.574496169731618,0.6712795705249203,800.0,298.0,3.0,395484.0,1.0,530355.0,46861.0
2025-12-18T16:58:45.191974,1,-0.20128850928393227,0.5816156349433088,0.6457137495185117,862.0,488.0,3.0,402642.0,1.0,542519.0,37594.0
2025-12-18T16:58:45.288653,2,-0.19135281583918218,0.5891897215512261,0.6206454898670007,848.0,443.0,3.0,431424.0,1.0,386355.0,35697.0
2025-12-18T16:58:45.390727,3,-0.1819541705529426,0.597334304197398,0.5974016148195419,847.0,437.0,3.0,535949.0,1.0,402778.0,39485.0
2025-12-18T16:58:45.491051,4,-0.17157990417296265,0.6034916608528871,0.5674556719532936,816.0,342.0,3.0,579140.0,1.0,618861.0,49805.0
2025-12-18T16:58:45.592465,5,-0.16104912520626335,0.6101799328848267,0.5397501347383528,781.0,277.0,3.0,475112.0,1.0,606010.0,46734.0
2025-12-18T16:58:46.089399,0,-0.10637272308265988,0.6277056727660799,0.4177948730308765,804.0,307.0,3.0,393082.0,1.0,525709.0,46466.0
2025-12-18T16:58:46.190085,1,-0.09456166329770088,0.6340818711219915,0.4012193760163484,859.0,477.0,3.0,397228.0,1.0,541236.0,37850.0
2025-12-18T16:58:46.288453,2,-0.08243599254334999,0.6390977864482243,0.3754926076393858,855.0,465.0,3.0,427355.0,1.0,377821.0,35146.0
2025-12-18T16:58:46.394069,3,-0.07050211896766623,0.6441110854180829,0.34977999220258227,853.0,456.0,3.0,531793.0,1.0,404281.0,38967.0
2025-12-18T16:58:46.492618,4,-0.05944331198996888,0.648608878119127,0.3258358573278371,825.0,371.0,3.0,583469.0,1.0,610953.0,48655.0
2025-12-18T16:58:46.589269,5,-0.048354579639565465,0.6519868895528607,0.29683235563219446,786.0,283.0,3.0,489641.0,1.0,610540.0,46498.0
2025-12-18T16:58:47.091405,0,-0.04413280040209688,0.6593739852812783,0.2898786271814706,815.0,339.0,3.0,390298.0,1.0,524998.0,45179.0
2025-12-18T16:58:47.192437,1,-0.04413280040209688,0.6593739852812783,0.2898786271814706,864.0,492.0,3.0,410485.0,1.0,544912.0,37480.0
2025-12-18T16:58:47.290103,2,-0.04413280040209688,0.6593739852812783,0.2898786271814706,857.0,472.0,3.0,432301.0,1.0,382452.0,34991.0
2025-12-18T16:58:47.388875,4,-0.04413280040209688,0.6593739852812783,0.2898786271814706,818.0,350.0,3.0,566155.0,1.0,627509.0,49485.0
2025-12-18T16:58:47.491961,5,-0.04413280040209688,0.6593739852812783,0.2898786271814706,801.0,299.0,3.0,475112.0,1.0,605600.0,45795.0
2025-12-18T16:58:48.089699,0,-0.04628465412820315,0.6520652329185017,0.2807518213546267,810.0,325.0,3.0,394281.0,1.0,526956.0,45764.0
2025-12-18T16:58:48.190102,1,-0.04628465412820315,0.6520652329185017,0.2807518213546267,873.0,523.0,3.0,407578.0,1.0,545281.0,36751.0
2025-12-18T16:58:48.290122,3,-0.04628465412820315,0.6520652329185017,0.2807518213546267,856.0,466.0,3.0,525709.0,1.0,400197.0,38718.0
2025-12-18T16:58:48.390164,4,-0.04628465412820315,0.6520652329185017,0.2807518213546267,818.0,350.0,3.0,573290.0,1.0,621170.0,49502.0
2025-12-18T16:58:48.490620,5,-0.04628465412820315,0.6520652329185017,0.2807518213546267,804.0,309.0,3.0,480774.0,1.0,599280.0,45378.0
2025-12-18T16:58:49.090035,0,-0.04628465412820315,0.6520652329185017,0.2807518213546267,821.0,358.0,3.0,390695.0,1.0,521809.0,44481.0
2025-12-18T16:58:49.190759,2,-0.04628465412820315,0.6520652329185017,0.2807518213546267,863.0,490.0,3.0,433914.0,1.0,385050.0,34567.0
2025-12-18T16:58:49.293775,3,-0.04628465412820315,0.6520652329185017,0.2807518213546267,853.0,458.0,3.0,539407.0,1.0,406064.0,38915.0
2025-12-18T16:58:49.389616,4,-0.04628465412820315,0.6520652329185017,0.2807518213546267,816.0,345.0,3.0,581104.0,1.0,634986.0,49703.0
2025-12-18T16:58:49.488436,5,-0.04628465412820315,0.6520652329185017,0.2807518213546267,796.0,293.0,3.0,478339.0,1.0,609095.0,46075.0
2025-12-18T16:58:50.088031,0,-0.04628465412820315,0.6520652329185017,0.2807518213546267,818.0,350.0,3.0,393082.0,1.0,526421.0,44798.0
2025-12-18T16:58:50.190478,1,-0.04628465412820315,0.6520652329185017,0.2807518213546267,868.0,507.0,3.0,400739.0,1.0,541969.0,37126.0
2025-12-18T16:58:50.291254,2,-0.04628465412820315,0.6520652329185017,0.2807518213546267,857.0,471.0,3.0,421609.0,1.0,384659.0,35015.0
2025-12-18T16:58:50.388892,3,-0.04628465412820315,0.6520652329185017,0.2807518213546267,857.0,469.0,3.0,525887.0,1.0,399115.0,38626.0
2025-12-18T16:58:50.498720,4,-0.04628465412820315,0.6520652329185017,0.2807518213546267,816.0,342.0,3.0,582877.0,1.0,636708.0,49821.0
2025-12-18T16:58:50.589061,5,-0.04628465412820315,0.6520652329185017,0.2807518213546267,790.0,286.0,3.0,484203.0,1.0,613439.0,46372.0
2025-12-18T16:58:51.089857,0,-0.04628465412820315,0.6520652329185017,0.2807518213546267,813.0,333.0,3.0,391091.0,1.0,535949.0,45424.0
2025-12-18T16:58:51.192036,1,-0.04628465412820315,0.6520652329185017,0.2807518213546267,881.0,548.0,3.0,399520.0,1.0,538677.0,36196.0
2025-12-18T16:58:51.290833,2,-0.04628465412820315,0.6520652329185017,0.2807518213546267,856.0,466.0,3.0,417350.0,1.0,386094.0,35146.0
2025-12-18T16:58:51.388526,3,-0.04628465412820315,0.6520652329185017,0.2807518213546267,858.0,474.0,3.0,541236.0,1.0,410902.0,38522.0
2025-12-18T16:58:51.489127,4,-0.04628465412820315,0.6520652329185017,0.2807518213546267,822.0,361.0,3.0,587630.0,1.0,631557.0,49052.0
2025-12-18T16:58:51.592850,5,-0.04628465412820315,0.6520652329185017,0.2807518213546267,775.0,272.0,3.0,487987.0,1.0,616979.0,47004.0
2025-12-18T16:58:52.091962,0,-0.04628465412820315,0.6520652329185017,0.2807518213546267,814.0,338.0,3.0,389506.0,1.0,538130.0,45255.0
2025-12-18T16:58:52.191286,1,-0.04628465412820315,0.6520652329185017,0.2807518213546267,875.0,529.0,3.0,401553.0,1.0,546389.0,36627.0
2025-12-18T16:58:52.289515,2,-0.04628465412820315,0.6520652329185017,0.2807518213546267,862.0,486.0,3.0,432594.0,1.0,381289.0,34673.0
2025-12-18T16:58:52.389069,3,-0.04628465412820315,0.6520652329185017,0.2807518213546267,854.0,461.0,3.0,538677.0,1.0,404007.0,38849.0
2025-12-18T16:58:52.490763,4,-0.04628465412820315,0.6520652329185017,0.2807518213546267,810.0,325.0,3.0,581497.0,1.0,644950.0,50586.0
2025-12-18T16:58:52.590357,5,-0.04628465412820315,0.6520652329185017,0.2807518213546267,789.0,285.0,3.0,484695.0,1.0,623909.0,46403.0
2025-12-18T16:58:53.089507,1,-0.04628465412820315,0.6520652329185017,0.2807518213546267,868.0,507.0,3.0,407992.0,1.0,537948.0,37152.0
2025-12-18T16:58:53.188635,2,-0.04628465412820315,0.6520652329185017,0.2807518213546267,866.0,501.0,3.0,424472.0,1.0,388453.0,34334.0
2025-12-18T16:58:53.289681,3,-0.04628465412820315,0.6520652329185017,0.2807518213546267,857.0,470.0,3.0,532334.0,1.0,399250.0,38626.0
2025-12-18T16:58:53.394830,4,-0.04628465412820315,0.6520652329185017,0.2807518213546267,821.0,357.0,3.0,587233.0,1.0,637355.0,49201.0
2025-12-18T16:58:53.491831,5,-0.04628465412820315,0.6520652329185017,0.2807518213546267,801.0,299.0,3.0,484859.0,1.0,611988.0,45826.0
2025-12-18T16:58:54.090368,0,-0.04628465412820315,0.6520652329185017,0.2807518213546267,813.0,334.0,3.0,394548.0,1.0,531074.0,45409.0
2025-12-18T16:58:54.190459,1,-0.04628465412820315,0.6520652329185017,0.2807518213546267,866.0,501.0,3.0,409930.0,1.0,553087.0,37303.0
2025-12-18T16:58:54.290096,2,-0.04628465412820315,0.6520652329185017,0.2807518213546267,866.0,501.0,3.0,433327.0,1.0,382970.0,34334.0
2025-12-18T16:58:54.390519,3,-0.04628465412820315,0.6520652329185017,0.2807518213546267,847.0,438.0,3.0,535949.0,1.0,406338.0,39485.0
2025-12-18T16:58:54.489380,4,-0.04628465412820315,0.6520652329185017,0.2807518213546267,812.0,332.0,3.0,586240.0,1.0,641901.0,50262.0
2025-12-18T16:58:54.591876,5,-0.04628465412820315,0.6520652329185017,0.2807518213546267,800.0,298.0,3.0,477854.0,1.0,620119.0,45857.0
2025-12-18T16:58:55.087727,0,-0.04628465412820315,0.6520652329185017,0.2807518213546267,818.0,350.0,3.0,388322.0,1.0,529459.0,44783.0
2025-12-18T16:58:55.191487,1,-0.04628465412820315,0.6520652329185017,0.2807518213546267,858.0,474.0,3.0,406614.0,1.0,557976.0,37965.0
2025-12-18T16:58:55.290929,2,-0.04628465412820315,0.6520652329185017,0.2807518213546267,856.0,467.0,3.0,427211.0,1.0,388059.0,35122.0
2025-12-18T16:58:55.388500,3,-0.04628465412820315,0.6520652329185017,0.2807518213546267,853.0,457.0,3.0,532514.0,1.0,402642.0,38981.0
2025-12-18T16:58:55.488250,4,-0.04628465412820315,0.6520652329185017,0.2807518213546267,827.0,376.0,3.0,583666.0,1.0,641467.0,48458.0
2025-12-18T16:58:55.591211,5,-0.04628465412820315,0.6520652329185017,0.2807518213546267,787.0,284.0,3.0,480286.0,1.0,616770.0,46482.0
2025-12-18T16:58:56.089983,0,-0.04622541230688437,0.6520325106444513,0.28100042251753715,818.0,349.0,3.0,386879.0,1.0,535224.0,44829.0
2025-12-18T16:58:56.189463,1,-0.04521480568054681,0.6517823600335104,0.28175046373354573,858.0,475.0,3.0,402642.0,1.0,553462.0,37952.0
2025-12-18T16:58:56.288269,2,-0.0377847419200652,0.6516704850743515,0.2837535944400334,851.0,450.0,3.0,423611.0,1.0,388585.0,35552.0
2025-12-18T16:58:56.393219,3,-0.027231038096106275,0.6540916935233314,0.2850413646962178,856.0,466.0,3.0,537948.0,1.0,406064.0,38744.0
2025-12-18T16:58:56.490043,4,-0.01381691906386795,0.6574674435428847,0.2914180049616874,817.0,346.0,3.0,594230.0,1.0,634127.0,49703.0
2025-12-18T16:58:56.591211,5,0.0012859092647747872,0.6617331585973227,0.2857023424896632,805.0,312.0,3.0,486997.0,1.0,616770.0,45271.0
2025-12-18T16:58:57.088446,0,0.06337152752097985,0.6768225826756886,0.16241643351506355,822.0,360.0,3.0,384399.0,1.0,531793.0,44421.0
2025-12-18T16:58:57.189957,1,0.07566061978437766,0.6784522892826095,0.1391412609391517,866.0,499.0,3.0,411598.0,1.0,556279.0,37353.0
2025-12-18T16:58:57.289419,2,0.08790942209526875,0.6807493023063751,0.1198936861024659,859.0,475.0,3.0,433327.0,1.0,391356.0,34932.0
2025-12-18T16:58:57.389835,3,0.10004368463664814,0.681586185927328,0.09141016765025752,854.0,460.0,3.0,538677.0,1.0,404966.0,38902.0
2025-12-18T16:58:57.490034,4,0.1127375044690595,0.6819415999071872,0.06073040475992626,819.0,352.0,3.0,586637.0,1.0,649770.0,49452.0
2025-12-18T16:58:57.590853,5,0.1259266623522226,0.6820997641334978,0.035291033349620055,804.0,308.0,3.0,477046.0,1.0,611367.0,45440.0
2025-12-18T16:58:58.088380,0,0.18731355802433836,0.6823939094526406,-0.08137581886105366,829.0,383.0,3.0,378461.0,1.0,534862.0,43616.0
2025-12-18T16:58:58.190788,1,0.1995851995157798,0.6806902453071944,-0.11400283863661623,868.0,507.0,3.0,405514.0,1.0,547870.0,37152.0
2025-12-18T16:58:58.289203,2,0.2122243571719551,0.6786414582835487,-0.13930237074458673,863.0,488.0,3.0,433034.0,1.0,394415.0,34638.0
2025-12-18T16:58:58.389578,3,0.22475366770017668,0.6772730428222484,-0.15847079840066064,859.0,476.0,3.0,536494.0,1.0,399250.0,38496.0
2025-12-18T16:58:58.488805,4,0.23816746039395387,0.6775853152695825,-0.18312635509655306,816.0,342.0,3.0,587630.0,1.0,648232.0,49838.0
2025-12-18T16:58:58.592186,5,0.25116120592675006,0.6763293017699938,-0.2142696132358182,806.0,316.0,3.0,489476.0,1.0,614686.0,45133.0
2025-12-18T16:58:59.088914,0,0.3116313538059803,0.6595082387526912,-0.3467833597252354,834.0,398.0,3.0,382193.0,1.0,521280.0,43132.0
2025-12-18T16:58:59.191321,1,0.32374673686444133,0.656561242899464,-0.36707205326571524,880.0,545.0,3.0,401825.0,1.0,552526.0,36294.0
2025-12-18T16:58:59.289971,2,0.33606630287726347,0.6519583198107215,-0.3954674786081332,856.0,467.0,3.0,430112.0,1.0,394949.0,35146.0
2025-12-18T16:58:59.386619,3,0.3445763344698447,0.6531419995124272,-0.40776253168125076,864.0,492.0,3.0,540138.0,1.0,401282.0,38081.0
2025-12-18T16:58:59.489372,4,0.3539124918477059,0.652013349767997,-0.429517375794722,815.0,341.0,3.0,583666.0,1.0,649330.0,49906.0
2025-12-18T16:58:59.588754,5,0.36427635737779607,0.6460526382190412,-0.45930723046745275,802.0,302.0,3.0,477530.0,1.0,616562.0,45717.0
2025-12-18T16:59:00.088662,0,0.41652858544984905,0.6134152976472604,-0.585469600730823,842.0,422.0,3.0,373371.0,1.0,521280.0,42365.0
2025-12-18T16:59:00.191126,1,0.41427845906130845,0.6128618062093141,-0.5979136477927509,877.0,537.0,3.0,401553.0,1.0,542336.0,36479.0
2025-12-18T16:59:00.293396,2,0.422855196516811,0.6073337919746589,-0.619992381979517,864.0,493.0,3.0,429676.0,1.0,390298.0,34532.0
2025-12-18T16:59:00.387239,3,0.43236111714644565,0.5996111028042064,-0.6460820838643251,872.0,520.0,3.0,519167.0,1.0,392152.0,37416.0
2025-12-18T16:59:00.490088,4,0.44124929575404437,0.5917828909519489,-0.6777892530352425,820.0,356.0,3.0,585843.0,1.0,642988.0,49285.0
2025-12-18T16:59:00.591342,5,0.45141322698214825,0.5839026970408385,-0.7033783085546874,804.0,307.0,3.0,480123.0,1.0,626660.0,45486.0
2025-12-18T16:59:01.088539,0,0.48827827220849684,0.5493646208523488,-0.8199826280190491,843.0,426.0,3.0,377821.0,1.0,519342.0,42236.0
2025-12-18T16:59:01.194628,1,0.4956920870762307,0.539771596973524,-0.8469902926132049,880.0,545.0,3.0,401146.0,1.0,546759.0,36294.0
2025-12-18T16:59:01.290207,2,0.5030933332054062,0.5305418470995278,-0.8710811350808175,868.0,506.0,3.0,415377.0,1.0,386617.0,34241.0
2025-12-18T16:59:01.392114,3,0.5109355821709247,0.5208902828905835,-0.8891493191752649,871.0,517.0,3.0,530715.0,1.0,394548.0,37480.0
2025-12-18T16:59:01.489829,4,0.5183237172748605,0.5116580645809394,-0.9214735301975515,836.0,403.0,3.0,573290.0,1.0,618861.0,47500.0
2025-12-18T16:59:01.589335,5,0.5259887965055272,0.5018357743354516,-0.9506089782402096,801.0,300.0,3.0,487822.0,1.0,617815.0,45779.0
2025-12-18T16:59:02.089677,0,0.5527568732016039,0.45790423783252887,-1.0661600643842855,840.0,418.0,3.0,378461.0,1.0,513574.0,42509.0
2025-12-18T16:59:02.192385,1,0.5595253222315382,0.44718779909406514,-1.0943459229925458,884.0,559.0,3.0,401689.0,1.0,540503.0,36000.0
2025-12-18T16:59:02.293048,2,0.5650876376055276,0.43624172350059,-1.1218492981865895,874.0,526.0,3.0,422180.0,1.0,387796.0,33827.0
2025-12-18T16:59:02.391443,3,0.5701654162530962,0.42495437378138146,-1.1432727910414988,874.0,525.0,3.0,525709.0,1.0,395216.0,37290.0
2025-12-18T16:59:02.491812,4,0.5754464011771789,0.4142948566151494,-1.1655335576044377,839.0,413.0,3.0,552713.0,1.0,628997.0,47147.0
2025-12-18T16:59:02.588766,5,0.57977894065941,0.40306944989419335,-1.1936867928792796,803.0,306.0,3.0,476884.0,1.0,630489.0,45547.0
2025-12-18T16:59:03.089906,0,0.5812545094676134,0.34527133417878275,-1.3216126502331438,846.0,436.0,3.0,372866.0,1.0,526778.0,41937.0
2025-12-18T16:59:03.191654,1,0.58467574129575,0.333363552466472,-1.3458669199209605,876.0,534.0,3.0,401689.0,1.0,546574.0,36565.0
2025-12-18T16:59:03.288917,2,0.5871648011902018,0.3215077978552259,-1.3618929686947547,878.0,540.0,3.0,420326.0,1.0,385833.0,33542.0
2025-12-18T16:59:03.388779,3,0.5896723683393272,0.30917191673833777,-1.3725119458758293,872.0,521.0,3.0,523755.0,1.0,391091.0,37404.0
2025-12-18T16:59:03.490763,4,0.5914216650426747,0.2983527666888639,-1.3647918631202747,839.0,412.0,3.0,584061.0,1.0,621380.0,47163.0
2025-12-18T16:59:03.590034,5,0.5921460366003686,0.2897258663271671,-1.3554782082205883,804.0,308.0,3.0,478501.0,1.0,618443.0,45455.0
2025-12-18T16:59:04.089324,0,0.6071560090097483,0.22680100526909985,-1.3517349133991312,838.0,409.0,3.0,378204.0,1.0,512532.0,42797.0
2025-12-18T16:59:04.192507,1,0.6100311845815787,0.2141367356766697,-1.3524983119164051,881.0,549.0,3.0,410485.0,1.0,546019.0,36220.0
2025-12-18T16:59:04.287812,2,0.6127590491262609,0.20195597338958837,-1.3546997780359051,870.0,513.0,3.0,426777.0,1.0,390430.0,34103.0
2025-12-18T16:59:04.392170,3,0.6152974705625285,0.19001391719030103,-1.353201721291156,871.0,517.0,3.0,536131.0,1.0,401282.0,37480.0
2025-12-18T16:59:04.491152,4,0.6179299539711813,0.17797676845471244,-1.357643625519789,837.0,406.0,3.0,577574.0,1.0,625177.0,47387.0
2025-12-18T16:59:04.589500,5,0.6209784956597373,0.16601555641760157,-1.3529739483252257,805.0,310.0,3.0,484531.0,1.0,626872.0,45378.0
2025-12-18T16:59:05.088755,0,0.6356873476379654,0.10341594870602933,-1.3556551437977726,844.0,429.0,3.0,381289.0,1.0,509937.0,42179.0
2025-12-18T16:59:05.190452,1,0.6384613739895606,0.09098927051727834,-1.3524262591913754,880.0,545.0,3.0,398845.0,1.0,544359.0,36306.0
2025-12-18T16:59:05.289984,2,0.6416035830564377,0.07797957175768477,-1.353686815063567,865.0,496.0,3.0,422037.0,1.0,391356.0,34486.0
2025-12-18T16:59:05.391136,3,0.6442860441350593,0.06556196173200135,-1.353420167129881,869.0,511.0,3.0,525175.0,1.0,395216.0,37645.0
2025-12-18T16:59:05.489803,5,0.6473896563303336,0.052865296343828305,-1.3534320637702018,806.0,315.0,3.0,488979.0,1.0,629423.0,45179.0
2025-12-18T16:59:06.090679,0,0.6643468811651001,-0.008219321914231692,-1.3390713563809797,831.0,390.0,3.0,383879.0,1.0,521809.0,43425.0
2025-12-18T16:59:06.190223,1,0.6675496451485978,-0.02040084071474091,-1.3442486396764115,871.0,517.0,3.0,404281.0,1.0,549728.0,36951.0
2025-12-18T16:59:06.288855,2,0.6701416901199027,-0.032497057633380955,-1.34325352708834,863.0,489.0,3.0,419474.0,1.0,391091.0,34638.0
2025-12-18T16:59:06.391192,3,0.673072210291707,-0.044505791967949015,-1.344993864729349,860.0,481.0,3.0,536131.0,1.0,407440.0,38391.0
2025-12-18T16:59:06.488186,4,0.6754777799240026,-0.0567034935875137,-1.3449880951191167,834.0,398.0,3.0,564242.0,1.0,631771.0,47677.0
2025-12-18T16:59:07.089305,0,0.6929484641562542,-0.1314490047192054,-1.345463357251444,836.0,405.0,3.0,379358.0,1.0,517238.0,42928.0
2025-12-18T16:59:07.190868,1,0.6956938024909247,-0.14440842788549801,-1.3422775524027448,865.0,497.0,3.0,409237.0,1.0,558164.0,37442.0
2025-12-18T16:59:07.289742,2,0.6990049523930466,-0.15678785709729492,-1.3435195658104566,860.0,480.0,3.0,432301.0,1.0,389506.0,34849.0
2025-12-18T16:59:07.392670,3,0.7018470654153619,-0.1694718154185555,-1.3410466637203606,853.0,457.0,3.0,535043.0,1.0,400468.0,39007.0
2025-12-18T16:59:07.491793,4,0.7054858965090816,-0.18205413931743575,-1.3415744901318967,835.0,401.0,3.0,580907.0,1.0,637786.0,47580.0
2025-12-18T16:59:07.589646,5,0.707923127647696,-0.19434753373506108,-1.3398580597598382,800.0,297.0,3.0,488483.0,1.0,630489.0,45934.0
2025-12-18T16:59:08.090383,0,0.7220396085680241,-0.25675276138469005,-1.3386368833981608,835.0,400.0,3.0,380773.0,1.0,528206.0,43103.0
2025-12-18T16:59:08.190372,3,0.7251198720831464,-0.26906527967920013,-1.3420668242287328,853.0,457.0,3.0,533235.0,1.0,402642.0,39033.0
2025-12-18T16:59:08.287954,4,0.726150011592468,-0.27767041571337714,-1.334161646074486,823.0,363.0,3.0,590621.0,1.0,622011.0,49019.0
2025-12-18T16:59:08.390860,5,0.7274414510377136,-0.28518524107996956,-1.3307495366887911,808.0,320.0,3.0,480123.0,1.0,631985.0,44981.0
2025-12-18T16:59:09.090317,0,0.7479449194208758,-0.37183060258521383,-1.3463544133604024,827.0,375.0,3.0,383749.0,1.0,524465.0,43942.0
2025-12-18T16:59:09.190983,1,0.7510499446807453,-0.3840366861493347,-1.3661905869122184,861.0,484.0,3.0,410485.0,1.0,547870.0,37760.0
2025-12-18T16:59:09.289640,2,0.7529671825097255,-0.3962951378835644,-1.3881354805598443,851.0,450.0,3.0,431132.0,1.0,397631.0,35576.0
2025-12-18T16:59:09.389285,3,0.7549782692650249,-0.4083885266554974,-1.4187692497533682,844.0,430.0,3.0,545650.0,1.0,411598.0,39780.0
2025-12-18T16:59:09.489644,4,0.7567858784513364,-0.42039302087129915,-1.4373025716500047,827.0,375.0,3.0,583271.0,1.0,636924.0,48556.0
2025-12-18T16:59:09.588885,5,0.7587061055782565,-0.4326660490438794,-1.4469173679186547,802.0,303.0,3.0,491301.0,1.0,640165.0,45671.0
2025-12-18T16:59:10.089814,0,0.7670514071068153,-0.49690673149429276,-1.4572626442793286,827.0,377.0,3.0,388585.0,1.0,522162.0,43898.0
2025-12-18T16:59:10.190246,1,0.768536367279018,-0.509146414365711,-1.457260216122701,852.0,453.0,3.0,409791.0,1.0,566347.0,38561.0
2025-12-18T16:59:10.291146,2,0.7701021284898539,-0.5219218612871224,-1.4562865635010542,849.0,445.0,3.0,434649.0,1.0,399115.0,35697.0
2025-12-18T16:59:10.390928,4,0.7718147500961718,-0.5340754343856853,-1.4589810669804724,830.0,386.0,3.0,585249.0,1.0,629210.0,48131.0
2025-12-18T16:59:10.489528,5,0.7731279911220961,-0.5469938644341727,-1.4582466607178344,803.0,305.0,3.0,486174.0,1.0,633055.0,45594.0
2025-12-18T16:59:11.089652,0,0.7791873747997791,-0.6209132436885323,-1.4720008404384846,815.0,340.0,3.0,388453.0,1.0,537402.0,45225.0
2025-12-18T16:59:11.189670,1,0.7804458328825703,-0.6344556704140922,-1.472019330155499,853.0,457.0,3.0,412295.0,1.0,561005.0,38469.0
2025-12-18T16:59:11.289903,2,0.7815740995714258,-0.6468675354962086,-1.470021987924234,852.0,453.0,3.0,434208.0,1.0,399926.0,35504.0
2025-12-18T16:59:11.386812,3,0.7827486834200474,-0.660347082565214,-1.470501151771565,842.0,424.0,3.0,542519.0,1.0,410485.0,39956.0
2025-12-18T16:59:11.492559,4,0.7847258020900743,-0.6730107484545558,-1.473243612725368,826.0,372.0,3.0,579336.0,1.0,641032.0,48671.0
2025-12-18T16:59:11.590168,5,0.7852615696312926,-0.6861066937930973,-1.4707873025444427,803.0,306.0,3.0,498335.0,1.0,639299.0,45547.0
2025-12-18T16:59:12.089736,1,0.791672217843364,-0.749310665305357,-1.4737421135771727,843.0,427.0,3.0,423468.0,1.0,572902.0,39285.0
2025-12-18T16:59:12.191230,2,0.7925024442129329,-0.7618423518962656,-1.4707553050981041,839.0,412.0,3.0,424329.0,1.0,401146.0,36578.0
2025-12-18T16:59:12.292311,3,0.7940465441781113,-0.7747042142310621,-1.4715410307871684,837.0,406.0,3.0,543990.0,1.0,420753.0,40500.0
2025-12-18T16:59:12.391850,4,0.7950828390778826,-0.7872323219239155,-1.4740009061002888,820.0,356.0,3.0,596043.0,1.0,636493.0,49335.0
2025-12-18T16:59:12.490638,5,0.7964217254368711,-0.7999295071232435,-1.4725340744865345,799.0,295.0,3.0,500363.0,1.0,637355.0,46012.0
2025-12-18T16:59:13.089462,0,0.809122481269827,-0.8699181273573551,-1.4338116305490352,811.0,328.0,3.0,391621.0,1.0,535043.0,45702.0
2025-12-18T16:59:13.189400,1,0.8111233987353472,-0.882513598331288,-1.4160050795868904,840.0,416.0,3.0,430404.0,1.0,573290.0,39606.0
2025-12-18T16:59:13.288966,2,0.8142711444880533,-0.8950438957328819,-1.3930671042775395,841.0,420.0,3.0,437305.0,1.0,402370.0,36355.0
2025-12-18T16:59:13.390495,3,0.8165831978411058,-0.9077679624602499,-1.3647055319372992,838.0,411.0,3.0,551965.0,1.0,422609.0,40350.0
2025-12-18T16:59:13.492679,4,0.8193941923427639,-0.9204747717274575,-1.3403677769800382,813.0,336.0,3.0,589224.0,1.0,653077.0,50160.0
2025-12-18T16:59:13.588571,5,0.8235013745025954,-0.9323158765464292,-1.3149986274366008,798.0,294.0,3.0,482240.0,1.0,638867.0,46075.0
2025-12-18T16:59:14.088181,0,0.8417200737731179,-0.9922226976574713,-1.1924612263202798,817.0,347.0,3.0,390827.0,1.0,545835.0,44996.0
2025-12-18T16:59:14.192095,1,0.8458943005829278,-1.0042486643096797,-1.166142764645689,840.0,418.0,3.0,421894.0,1.0,574844.0,39565.0
2025-12-18T16:59:14.293000,2,0.8520332074391144,-1.0149828105252672,-1.1400526042359798,843.0,426.0,3.0,434355.0,1.0,402642.0,36208.0
2025-12-18T16:59:14.391109,3,0.8589386129750691,-1.0252545077664612,-1.1121746969398307,836.0,405.0,3.0,555526.0,1.0,415658.0,40541.0
2025-12-18T16:59:14.487844,4,0.8645054624777346,-1.0365629967395265,-1.0832618471133044,805.0,311.0,3.0,598671.0,1.0,649990.0,51258.0
2025-12-18T16:59:14.593825,5,0.8699920519287598,-1.0480106140545233,-1.0591454680567354,796.0,293.0,3.0,488648.0,1.0,644077.0,46137.0
2025-12-18T16:59:15.089794,0,0.9311620363677333,-1.0785553583841594,-0.8840060371144106,814.0,339.0,3.0,394415.0,1.0,546389.0,45286.0
2025-12-18T16:59:15.190358,1,0.939380641524421,-1.088307896090039,-0.8534722633789622,847.0,438.0,3.0,421894.0,1.0,582285.0,38981.0
2025-12-18T16:59:15.288706,2,0.9470129723757399,-1.098117493227428,-0.8275625788473625,852.0,455.0,3.0,440871.0,1.0,401689.0,35480.0
2025-12-18T16:59:15.391070,3,0.9555248679611337,-1.107515032474243,-0.8037942359850299,832.0,393.0,3.0,569230.0,1.0,423468.0,40914.0
2025-12-18T16:59:15.489183,4,0.9646325848750639,-1.1148454950674331,-0.778451296540106,813.0,336.0,3.0,594230.0,1.0,657513.0,50177.0
2025-12-18T16:59:15.589720,5,0.9725585201358653,-1.1244522322874069,-0.7524133919726205,784.0,280.0,3.0,496988.0,1.0,656845.0,46687.0
2025-12-18T16:59:16.088971,0,1.046877901177501,-1.1576867795681451,-0.5916215658463061,816.0,342.0,3.0,395484.0,1.0,530355.0,45164.0
2025-12-18T16:59:16.188743,1,1.0574491823578684,-1.163801333403459,-0.5652368437398383,837.0,408.0,3.0,410763.0,1.0,580907.0,39875.0
2025-12-18T16:59:16.290633,2,1.0682523569292348,-1.1702945491983545,-0.5389521930498744,852.0,453.0,3.0,431132.0,1.0,403051.0,35528.0
2025-12-18T16:59:16.389868,3,1.0803893786869825,-1.1769391395796855,-0.5130658902116586,835.0,402.0,3.0,547870.0,1.0,422323.0,40638.0
2025-12-18T16:59:16.490004,4,1.0956878065306634,-1.1786677894441944,-0.4813595375594445,818.0,348.0,3.0,592423.0,1.0,654848.0,49653.0
2025-12-18T16:59:16.591037,5,1.1073203320480873,-1.1831240834765469,-0.45047012771975165,762.0,260.0,3.0,500024.0,1.0,651532.0,47645.0
2025-12-18T16:59:17.089685,0,1.1638663146879615,-1.2082778864031605,-0.325053703291361,812.0,331.0,3.0,398980.0,1.0,552152.0,45594.0
2025-12-18T16:59:17.190995,1,1.175772497648567,-1.21282107980916,-0.29705769860251446,838.0,412.0,3.0,428369.0,1.0,586041.0,39753.0
2025-12-18T16:59:17.289438,2,1.1871989728830457,-1.2170429413435055,-0.2704826892031153,842.0,423.0,3.0,434208.0,1.0,407716.0,36294.0
2025-12-18T16:59:17.390776,3,1.2010882563601237,-1.2336082971090807,-0.2481260064425547,834.0,397.0,3.0,566347.0,1.0,424329.0,40789.0
2025-12-18T16:59:17.490223,4,1.2139164787891712,-1.240520176696562,-0.22603213540295528,824.0,367.0,3.0,602330.0,1.0,649990.0,48886.0
2025-12-18T16:59:17.588597,5,1.2269395267513605,-1.2433597866616863,-0.20261254331417505,775.0,272.0,3.0,505298.0,1.0,645823.0,47068.0
2025-12-18T16:59:18.090411,0,1.2932262910747676,-1.250836870120378,-0.07441536721983937,808.0,321.0,3.0,400468.0,1.0,551405.0,45997.0
2025-12-18T16:59:18.191837,1,1.3167387481914714,-1.2507179070421652,-0.04845140894570703,846.0,436.0,3.0,437897.0,1.0,592022.0,39060.0
2025-12-18T16:59:18.289738,2,1.3293396088037452,-1.2516940220388384,-0.021820423427788376,852.0,455.0,3.0,434943.0,1.0,404007.0,35492.0
2025-12-18T16:59:18.387558,3,1.3412673542812525,-1.2519069558503237,0.0031186883262028686,833.0,396.0,3.0,559867.0,1.0,428224.0,40817.0
2025-12-18T16:59:18.489352,4,1.3533248429754234,-1.2524818779495246,0.02760683231406569,818.0,350.0,3.0,585645.0,1.0,660859.0,49569.0
2025-12-18T16:59:18.590581,5,1.3656465488512302,-1.2518453768680247,0.05297526434948858,771.0,268.0,3.0,489144.0,1.0,663549.0,47259.0
2025-12-18T16:59:19.089750,0,1.4293377403454182,-1.245189670049479,0.18844739822107145,806.0,315.0,3.0,390695.0,1.0,552526.0,46246.0
2025-12-18T16:59:19.190533,1,1.4421215242529977,-1.2434440504236735,0.2201580613921091,842.0,424.0,3.0,424903.0,1.0,592022.0,39405.0
2025-12-18T16:59:19.292256,2,1.4544857307450743,-1.2416080331584602,0.2502769414915161,861.0,484.0,3.0,426488.0,1.0,405377.0,34790.0
2025-12-18T16:59:19.392453,3,1.4669284286094078,-1.2372073641571815,0.27025377098863607,833.0,396.0,3.0,558164.0,1.0,432155.0,40831.0
2025-12-18T16:59:19.489194,4,1.4797397168318955,-1.2326267517975218,0.29028934296208636,818.0,350.0,3.0,595842.0,1.0,646479.0,49586.0
2025-12-18T16:59:19.591052,5,1.4915559370558045,-1.228786683293035,0.3163917731714791,791.0,287.0,3.0,503591.0,1.0,646261.0,46388.0
2025-12-18T16:59:20.088309,0,1.545642498408264,-1.1980939085541475,0.4422662949682396,807.0,316.0,3.0,401146.0,1.0,558353.0,46200.0
2025-12-18T16:59:20.189766,1,1.556552506643854,-1.194162310324117,0.47543254269635976,849.0,444.0,3.0,426488.0,1.0,587034.0,38849.0
2025-12-18T16:59:20.290641,2,1.5675639888760449,-1.190116042607447,0.5079833948652567,854.0,462.0,3.0,442666.0,1.0,400739.0,35324.0
2025-12-18T16:59:20.390630,3,1.5781914057230768,-1.1841792126237713,0.5314799638961162,843.0,424.0,3.0,558353.0,1.0,428949.0,39969.0
2025-12-18T16:59:20.488104,4,1.5885711786777064,-1.1769043975877223,0.5487006029154292,817.0,345.0,3.0,587034.0,1.0,651532.0,49788.0
2025-12-18T16:59:20.589760,5,1.599536321190115,-1.1702745298495563,0.5775086189543535,791.0,287.0,3.0,489310.0,1.0,649330.0,46388.0
2025-12-18T16:59:21.089166,0,1.667456770698922,-1.1168331585124331,0.6961292200098073,811.0,330.0,3.0,398440.0,1.0,549356.0,45640.0
2025-12-18T16:59:21.190573,1,1.6763095551447478,-1.1085573168298302,0.7213762768215163,856.0,468.0,3.0,406338.0,1.0,578748.0,38210.0
2025-12-18T16:59:21.288564,2,1.6854766032517823,-1.100755196981237,0.7435202461832315,867.0,504.0,3.0,435238.0,1.0,404007.0,34334.0
2025-12-18T16:59:21.390511,3,1.6935609152838147,-1.0918224161037875,0.7661332270494943,847.0,439.0,3.0,541969.0,1.0,421894.0,39565.0
2025-12-18T16:59:21.489080,4,1.7046687549820332,-1.0792645714084732,0.801058357585387,832.0,393.0,3.0,586835.0,1.0,654183.0,47903.0
2025-12-18T16:59:21.589499,5,1.7161733130851875,-1.0668379332603632,0.8306820740793078,807.0,316.0,3.0,483875.0,1.0,653740.0,45179.0
2025-12-18T16:59:22.090291,0,1.7575467464542411,-1.0198727119249758,0.9602770170728658,807.0,318.0,3.0,394281.0,1.0,567883.0,46153.0
2025-12-18T16:59:22.192389,1,1.7636280374591804,-1.0090186774679024,0.9855343028441806,862.0,486.0,3.0,416221.0,1.0,575039.0,37734.0
2025-12-18T16:59:22.290876,2,1.7710069060881706,-0.9991526901062038,1.0158870973293794,865.0,496.0,3.0,425047.0,1.0,403188.0,34532.0
2025-12-18T16:59:22.388614,3,1.7723152642863562,-0.9842594714340747,1.0465318480181136,855.0,464.0,3.0,551032.0,1.0,425911.0,38875.0
2025-12-18T16:59:22.488637,4,1.7706506785602487,-0.9665294016081099,1.0795557733845706,835.0,401.0,3.0,592223.0,1.0,634986.0,47612.0
2025-12-18T16:59:22.591808,5,1.7756026610694873,-0.9549236095090459,1.1041541825567163,804.0,308.0,3.0,489641.0,1.0,650210.0,45486.0
2025-12-18T16:59:23.089595,0,1.799011040582407,-0.896207226481752,1.2270993410273408,811.0,330.0,3.0,394949.0,1.0,555150.0,45655.0
2025-12-18T16:59:23.191986,1,1.802568545766162,-0.8846964278211704,1.2515786939112568,868.0,506.0,3.0,419332.0,1.0,582482.0,37252.0
2025-12-18T16:59:23.290128,2,1.8023048362283625,-0.8712510608752395,1.2870360233269098,866.0,501.0,3.0,428659.0,1.0,399655.0,34427.0
2025-12-18T16:59:23.393022,3,1.8013246465935069,-0.8571623814054807,1.3174391254904472,852.0,453.0,3.0,556279.0,1.0,421609.0,39166.0
2025-12-18T16:59:23.490424,4,1.8046796008818564,-0.8449148053252507,1.3427324280911206,838.0,410.0,3.0,586240.0,1.0,644950.0,47307.0
2025-12-18T16:59:23.591018,5,1.8057922976396226,-0.8327218605022266,1.3687313698616204,807.0,319.0,3.0,478501.0,1.0,642988.0,45072.0
2025-12-18T16:59:24.089089,0,1.8156765768939183,-0.7705425954441156,1.4963818537179874,818.0,350.0,3.0,390695.0,1.0,551405.0,44874.0
2025-12-18T16:59:24.190927,1,1.8155566321601073,-0.7495102355559533,1.5260549608576721,864.0,494.0,3.0,412994.0,1.0,577574.0,37556.0
2025-12-18T16:59:24.289718,2,1.8116464907128638,-0.7255397911049757,1.5494208154067615,861.0,484.0,3.0,433034.0,1.0,400739.0,34814.0
2025-12-18T16:59:24.387176,3,1.8123711209251168,-0.7136796718938392,1.5504042816633155,861.0,483.0,3.0,537948.0,1.0,413133.0,38391.0
2025-12-18T16:59:24.489818,4,1.81310828333653,-0.7011023848004108,1.5504079196933889,834.0,397.0,3.0,591021.0,1.0,636277.0,47758.0
2025-12-18T16:59:24.587795,5,1.8132649407514716,-0.6889631990184886,1.5514056691659108,811.0,329.0,3.0,480286.0,1.0,636924.0,44662.0
2025-12-18T16:59:25.092188,0,1.8055280899126336,-0.6246477247903672,1.6246861899424199,819.0,352.0,3.0,400197.0,1.0,546389.0,44829.0
2025-12-18T16:59:25.191605,1,1.7908389191290466,-0.6096126112331812,1.6572837032484007,868.0,507.0,3.0,408960.0,1.0,571740.0,37252.0
2025-12-18T16:59:25.289749,2,1.7905161738118975,-0.5969266169375955,1.6629191324105368,868.0,506.0,3.0,438936.0,1.0,396556.0,34311.0
2025-12-18T16:59:25.395790,3,1.788500306859726,-0.5838862719303011,1.6621790915871328,861.0,483.0,3.0,545835.0,1.0,419900.0,38391.0
2025-12-18T16:59:25.488970,4,1.7878774024251474,-0.5703308071016888,1.6629234082559217,828.0,381.0,3.0,580121.0,1.0,638218.0,48392.0
2025-12-18T16:59:25.589987,5,1.78612606506843,-0.5575202103514978,1.662434398171025,805.0,312.0,3.0,484039.0,1.0,645386.0,45363.0
2025-12-18T16:59:26.089334,0,1.7806296419008651,-0.49373357110328664,1.6606855553669202,823.0,365.0,3.0,390562.0,1.0,543254.0,44361.0
2025-12-18T16:59:26.193066,1,1.7800238911606732,-0.482254391137269,1.6584432622638505,858.0,474.0,3.0,415799.0,1.0,574455.0,38055.0
2025-12-18T16:59:26.289893,2,1.7791373901395149,-0.4692857006888347,1.658219806094701,870.0,513.0,3.0,438490.0,1.0,404007.0,34172.0
2025-12-18T16:59:26.390397,3,1.7783433012696133,-0.4562114000601225,1.6621370819488794,858.0,474.0,3.0,547685.0,1.0,414955.0,38626.0
2025-12-18T16:59:26.486312,4,1.7765982179786155,-0.443357226121738,1.6621351522399475,826.0,375.0,3.0,585843.0,1.0,641032.0,48622.0
2025-12-18T16:59:26.591769,5,1.7764307675275255,-0.43076823870760217,1.6643560708903808,815.0,341.0,3.0,478501.0,1.0,648452.0,44226.0
2025-12-18T16:59:27.087264,0,1.7703403713340045,-0.3667563522434194,1.6616545225410728,818.0,350.0,3.0,394415.0,1.0,549914.0,44920.0
2025-12-18T16:59:27.190489,2,1.7585710887225607,-0.35002657602651555,1.6820386220229073,860.0,479.0,3.0,441768.0,1.0,407302.0,34932.0
2025-12-18T16:59:27.300088,3,1.748968993712837,-0.33808097073936816,1.6921364334419349,850.0,449.0,3.0,551965.0,1.0,422466.0,39299.0
2025-12-18T16:59:27.393011,4,1.7466165977401786,-0.32174148054529494,1.6901574150307759,823.0,366.0,3.0,591421.0,1.0,634127.0,48985.0
2025-12-18T16:59:27.487399,5,1.7449718242605536,-0.3085368200962275,1.6918762223225523,810.0,326.0,3.0,490139.0,1.0,649770.0,44798.0
2025-12-18T16:59:28.089160,0,1.7351549665763075,-0.23210898256073964,1.6939275514183736,816.0,343.0,3.0,391356.0,1.0,545096.0,45164.0
2025-12-18T16:59:28.192057,1,1.7338700526137725,-0.21979734691187192,1.6907034104682868,863.0,489.0,3.0,426922.0,1.0,580121.0,37683.0
2025-12-18T16:59:28.289130,3,1.732519641191966,-0.20737229545736158,1.6929544391440867,851.0,452.0,3.0,549914.0,1.0,421323.0,39219.0
2025-12-18T16:59:28.388621,4,1.7306595144532961,-0.19413123043393998,1.6902447421947115,832.0,392.0,3.0,590621.0,1.0,645386.0,47984.0
2025-12-18T16:59:28.488586,5,1.729410757839374,-0.18213305960881643,1.6912230351067044,807.0,318.0,3.0,477854.0,1.0,642988.0,45118.0
2025-12-18T16:59:29.090207,0,1.719083261184264,-0.10572552669823487,1.6912087538907903,824.0,368.0,3.0,391886.0,1.0,548984.0,44241.0
2025-12-18T16:59:29.190006,1,1.7179969235842032,-0.09257006518747568,1.6949231806702802,852.0,453.0,3.0,422466.0,1.0,587233.0,38626.0
2025-12-18T16:59:29.292327,2,1.7029900567610774,-0.10057345410420293,1.7319264281238886,858.0,475.0,3.0,439531.0,1.0,405514.0,35027.0
2025-12-18T16:59:29.388999,3,1.6969090297903655,-0.09221712380427638,1.743347348238108,839.0,412.0,3.0,556090.0,1.0,429385.0,40350.0
2025-12-18T16:59:29.487154,4,1.6941414181819825,-0.07992320537925846,1.7406240441941982,826.0,373.0,3.0,603963.0,1.0,639299.0,48704.0
2025-12-18T16:59:30.088833,0,1.6827789439068805,-0.006392777982041409,1.7374163692550522,818.0,350.0,3.0,392152.0,1.0,551032.0,44905.0
2025-12-18T16:59:30.190367,1,1.6804415553175156,0.005954310276489849,1.7319786361918743,847.0,439.0,3.0,421181.0,1.0,587233.0,38994.0
2025-12-18T16:59:30.287986,2,1.6786229633419634,0.019085057841956576,1.7361813428929573,847.0,437.0,3.0,432301.0,1.0,408821.0,35964.0
2025-12-18T16:59:30.390329,3,1.6759565902724205,0.031637607215498686,1.733197330437093,834.0,397.0,3.0,565198.0,1.0,437453.0,40817.0
2025-12-18T16:59:30.489744,4,1.674650174411827,0.04398902307843988,1.7359313357892479,819.0,353.0,3.0,594230.0,1.0,664448.0,49519.0
2025-12-18T16:59:30.590340,5,1.6721341466328985,0.05654325502931634,1.7307188420371393,811.0,330.0,3.0,482730.0,1.0,636924.0,44662.0
2025-12-18T16:59:31.089979,0,1.6629842125778236,0.11912263488999741,1.7299483837443383,814.0,339.0,3.0,392816.0,1.0,551032.0,45332.0
2025-12-18T16:59:31.188759,1,1.661105740877706,0.13189069156672684,1.7334133265828764,849.0,445.0,3.0,428949.0,1.0,596245.0,38849.0
2025-12-18T16:59:31.289361,2,1.6530497709710588,0.13262544012512567,1.7401354842928614,846.0,436.0,3.0,443115.0,1.0,416362.0,36000.0
2025-12-18T16:59:31.390126,3,1.632211333351159,0.12511601594443622,1.7636407967082517,829.0,384.0,3.0,558921.0,1.0,430695.0,41247.0
2025-12-18T16:59:31.503215,4,1.6318116365610535,0.1249425868331282,1.7638635566755216,818.0,349.0,3.0,604986.0,1.0,659742.0,49687.0
2025-12-18T16:59:31.592230,5,1.6318116365610535,0.1249425868331282,1.7638635566755216,803.0,305.0,3.0,491800.0,1.0,650210.0,45671.0
2025-12-18T16:59:32.089902,1,1.6318116365610535,0.1249425868331282,1.7638635566755216,833.0,394.0,3.0,432301.0,1.0,587034.0,40336.0
2025-12-18T16:59:32.192429,2,1.6318116365610535,0.1249425868331282,1.7638635566755216,844.0,428.0,3.0,442216.0,1.0,416644.0,36196.0
2025-12-18T16:59:32.291472,3,1.6318116365610535,0.1249425868331282,1.7638635566755216,830.0,385.0,3.0,570773.0,1.0,444467.0,41205.0
2025-12-18T16:59:32.391270,4,1.6318116365610535,0.1249425868331282,1.7638635566755216,812.0,332.0,3.0,607037.0,1.0,651752.0,50398.0
2025-12-18T16:59:32.487156,5,1.6318116365610535,0.1249425868331282,1.7638635566755216,799.0,295.0,3.0,486503.0,1.0,659518.0,46075.0
2025-12-18T16:59:33.089696,0,1.6227879632500253,0.1889987779850162,1.7710896666876907,811.0,329.0,3.0,391091.0,1.0,561575.0,45717.0
2025-12-18T16:59:33.190941,1,1.6196036215816445,0.2027919064594248,1.7715914095403673,845.0,432.0,3.0,437009.0,1.0,598064.0,39206.0
2025-12-18T16:59:33.289202,2,1.6166390831681303,0.21159284840077142,1.7681096949501436,834.0,398.0,3.0,442666.0,1.0,419758.0,37013.0
2025-12-18T16:59:33.389095,4,1.6150047039863802,0.21252250897170155,1.7676315332839867,809.0,323.0,3.0,594230.0,1.0,673504.0,50809.0
2025-12-18T16:59:33.489041,5,1.6150044084531805,0.21252280721067063,1.7686296628885017,775.0,271.0,3.0,506154.0,1.0,663100.0,47131.0
2025-12-18T16:59:34.090303,0,1.6150044084531805,0.21252280721067063,1.7686296628885017,813.0,334.0,3.0,400468.0,1.0,559678.0,45517.0
2025-12-18T16:59:34.191727,1,1.6150044084531805,0.21252280721067063,1.7686296628885017,836.0,403.0,3.0,431570.0,1.0,602126.0,40078.0
2025-12-18T16:59:34.287843,2,1.6150044084531805,0.21252280721067063,1.7686296628885017,836.0,404.0,3.0,457904.0,1.0,418056.0,36851.0
2025-12-18T16:59:34.396159,3,1.6150044084531805,0.21252280721067063,1.7686296628885017,821.0,359.0,3.0,564242.0,1.0,432594.0,42094.0
2025-12-18T16:59:34.490077,4,1.6150044084531805,0.21252280721067063,1.7686296628885017,812.0,332.0,3.0,614894.0,1.0,664672.0,50415.0
2025-12-18T16:59:34.617114,5,1.6150044084531805,0.21252280721067063,1.7686296628885017,776.0,273.0,3.0,494638.0,1.0,665123.0,47068.0
2025-12-18T16:59:35.087882,0,1.6150044084531805,0.21252280721067063,1.7686296628885017,811.0,329.0,3.0,391886.0,1.0,568459.0,45748.0
2025-12-18T16:59:35.189948,1,1.6150044084531805,0.21252280721067063,1.7686296628885017,838.0,409.0,3.0,440722.0,1.0,599888.0,39888.0
2025-12-18T16:59:35.289414,2,1.6150044084531805,0.21252280721067063,1.7686296628885017,837.0,407.0,3.0,447789.0,1.0,425911.0,36789.0
2025-12-18T16:59:35.390981,3,1.6150044084531805,0.21252280721067063,1.7686296628885017,822.0,362.0,3.0,563288.0,1.0,437749.0,41980.0
2025-12-18T16:59:35.492187,5,1.6150044084531805,0.21252280721067063,1.7686296628885017,779.0,276.0,3.0,502059.0,1.0,667152.0,46924.0
2025-12-18T16:59:36.090095,0,1.6150044084531814,0.21252280721067063,1.7686296628885017,804.0,309.0,3.0,399655.0,1.0,561575.0,46561.0
2025-12-18T16:59:36.190239,1,1.6150044084531805,0.21252280721067063,1.7686296628885017,835.0,402.0,3.0,438194.0,1.0,611160.0,40091.0
2025-12-18T16:59:36.290117,2,1.6150044084531805,0.21252280721067063,1.7686296628885017,832.0,391.0,3.0,452053.0,1.0,421894.0,37240.0
2025-12-18T16:59:36.390727,3,1.6150044084531805,0.21252280721067063,1.7686296628885017,816.0,344.0,3.0,583271.0,1.0,446729.0,42610.0
2025-12-18T16:59:36.489070,4,1.6150044084531805,0.21252280721067063,1.7686296628885017,808.0,320.0,3.0,611160.0,1.0,674873.0,50912.0
2025-12-18T16:59:36.587786,5,1.6150044084531805,0.21252280721067063,1.7686296628885017,768.0,265.0,3.0,501380.0,1.0,676703.0,47435.0
2025-12-18T16:59:37.089647,0,1.6150044084531805,0.21252280721067063,1.7686296628885017,804.0,310.0,3.0,400197.0,1.0,567883.0,46513.0
2025-12-18T16:59:37.191421,1,1.6150044084531805,0.21252280721067063,1.7686296628885017,833.0,395.0,3.0,436861.0,1.0,607037.0,40309.0
2025-12-18T16:59:37.307294,2,1.6150044084531805,0.21252280721067063,1.7686296628885017,827.0,375.0,3.0,450830.0,1.0,432887.0,37696.0
2025-12-18T16:59:37.391804,3,1.6150044084531805,0.21252280721067063,1.7686296628885017,822.0,362.0,3.0,565198.0,1.0,443415.0,41980.0
2025-12-18T16:59:37.491478,4,1.6150044084531805,0.21252280721067063,1.7686296628885017,811.0,330.0,3.0,606831.0,1.0,667603.0,50483.0
2025-12-18T16:59:37.590142,5,1.6150044084531805,0.21252280721067063,1.7686296628885017,796.0,292.0,3.0,491967.0,1.0,673276.0,46215.0
2025-12-18T16:59:38.089822,0,1.6150044084531805,0.21252280721067063,1.7686296628885017,805.0,310.0,3.0,404829.0,1.0,574455.0,46513.0
2025-12-18T16:59:38.189581,1,1.6150044084531805,0.21252280721067063,1.7686296628885017,839.0,414.0,3.0,438194.0,1.0,607859.0,39753.0
2025-12-18T16:59:38.288782,2,1.6150044084531805,0.21252280721067063,1.7686296628885017,835.0,400.0,3.0,455277.0,1.0,428224.0,36988.0
2025-12-18T16:59:38.389649,3,1.6150044084531805,0.21252280721067063,1.7686296628885017,825.0,371.0,3.0,576403.0,1.0,446881.0,41682.0
2025-12-18T16:59:38.489204,4,1.6150044084531805,0.21252280721067063,1.7686296628885017,803.0,306.0,3.0,620539.0,1.0,668734.0,51571.0
2025-12-18T16:59:38.589909,5,1.6150044084531805,0.21252280721067063,1.7686296628885017,801.0,299.0,3.0,511493.0,1.0,674645.0,45934.0
2025-12-18T16:59:39.089535,0,1.6150044084531805,0.21252280721067063,1.7686296628885017,803.0,306.0,3.0,397631.0,1.0,570966.0,46687.0
2025-12-18T16:59:39.191660,1,1.6150044084531805,0.21252280721067063,1.7686296628885017,826.0,373.0,3.0,433327.0,1.0,614478.0,41011.0
2025-12-18T16:59:39.291347,2,1.6150044084531805,0.21252280721067063,1.7686296628885017,835.0,402.0,3.0,452053.0,1.0,428659.0,36938.0
2025-12-18T16:59:39.389916,3,1.6150044084531805,0.21252280721067063,1.7686296628885017,822.0,362.0,3.0,578748.0,1.0,447334.0,41980.0
2025-12-18T16:59:39.486850,4,1.6150044084531805,0.21252280721067063,1.7686296628885017,808.0,321.0,3.0,609507.0,1.0,684072.0,50878.0
2025-12-18T16:59:39.590557,5,1.6150044084531805,0.21252280721067063,1.7686296628885017,790.0,287.0,3.0,493969.0,1.0,676932.0,46450.0
2025-12-18T16:59:40.088472,0,1.6150044084531805,0.21252280721067063,1.7686296628885017,809.0,324.0,3.0,398170.0,1.0,573484.0,45934.0
2025-12-18T16:59:40.191270,1,1.6150044084531805,0.21252280721067063,1.7686296628885017,830.0,387.0,3.0,444166.0,1.0,610540.0,40583.0
2025-12-18T16:59:40.289966,2,1.6150044084531805,0.21252280721067063,1.7686296628885017,831.0,388.0,3.0,451136.0,1.0,427645.0,37328.0
2025-12-18T16:59:40.388595,3,1.6150044084531805,0.21252280721067063,1.7686296628885017,830.0,385.0,3.0,573678.0,1.0,444016.0,41233.0
2025-12-18T16:59:40.491251,4,1.6150044084531805,0.21252280721067063,1.7686296628885017,809.0,325.0,3.0,620329.0,1.0,682684.0,50740.0
2025-12-18T16:59:40.591523,5,1.6150044084531805,0.21252280721067063,1.7686296628885017,775.0,272.0,3.0,512186.0,1.0,655735.0,47115.0
2025-12-18T16:59:41.090236,0,1.6150044084531805,0.21252280721067063,1.7686296628885017,791.0,288.0,3.0,406614.0,1.0,578748.0,47500.0
2025-12-18T16:59:41.190465,1,1.6150044084531805,0.21252280721067063,1.7686296628885017,828.0,380.0,3.0,441319.0,1.0,614686.0,40803.0
2025-12-18T16:59:41.286991,2,1.6150044084531805,0.21252280721067063,1.7686296628885017,836.0,405.0,3.0,463674.0,1.0,433914.0,36851.0
2025-12-18T16:59:41.390846,3,1.6150044084531805,0.21252280721067063,1.7686296628885017,831.0,389.0,3.0,590222.0,1.0,450983.0,41094.0
2025-12-18T16:59:41.490770,4,1.6150044084531805,0.21252280721067063,1.7686296628885017,811.0,329.0,3.0,610540.0,1.0,682684.0,50552.0
2025-12-18T16:59:41.590121,5,1.6150044084531805,0.21252280721067063,1.7686296628885017,772.0,269.0,3.0,508214.0,1.0,685230.0,47275.0
2025-12-18T16:59:42.090915,0,1.6150044084531805,0.21252280721067063,1.7686296628885017,806.0,314.0,3.0,404007.0,1.0,567114.0,46372.0
2025-12-18T16:59:42.190539,1,1.6150044084531805,0.21252280721067063,1.7686296628885017,828.0,379.0,3.0,440126.0,1.0,618443.0,40817.0
2025-12-18T16:59:42.291130,2,1.6150044084531805,0.21252280721067063,1.7686296628885017,833.0,396.0,3.0,459612.0,1.0,430112.0,37114.0
2025-12-18T16:59:42.390956,3,1.6150044084531805,0.21252280721067063,1.7686296628885017,824.0,369.0,3.0,566347.0,1.0,441021.0,41767.0
2025-12-18T16:59:42.488209,4,1.6150044084531805,0.21252280721067063,1.7686296628885017,808.0,320.0,3.0,613439.0,1.0,688252.0,50947.0
2025-12-18T16:59:42.588906,5,1.6150044084531805,0.21252280721067063,1.7686296628885017,777.0,273.0,3.0,497829.0,1.0,684303.0,47068.0
2025-12-18T16:59:43.089082,0,1.6150044084531805,0.21252280721067063,1.7686296628885017,804.0,310.0,3.0,406476.0,1.0,576793.0,46529.0
2025-12-18T16:59:43.192087,1,1.6150044084531805,0.21252280721067063,1.7686296628885017,832.0,392.0,3.0,441021.0,1.0,621380.0,40418.0
2025-12-18T16:59:43.290107,2,1.6150044084531805,0.21252280721067063,1.7686296628885017,832.0,393.0,3.0,457594.0,1.0,430404.0,37189.0
2025-12-18T16:59:43.389744,3,1.6150044084531805,0.21252280721067063,1.7686296628885017,826.0,373.0,3.0,574261.0,1.0,457285.0,41640.0
2025-12-18T16:59:43.488183,4,1.6150044084531805,0.21252280721067063,1.7686296628885017,801.0,300.0,3.0,616353.0,1.0,681760.0,51904.0
2025-12-18T16:59:43.593952,5,1.6150044084531805,0.21252280721067063,1.7686296628885017,778.0,274.0,3.0,513053.0,1.0,676932.0,47020.0
2025-12-18T16:59:44.089218,0,1.6150044084531805,0.21252280721067063,1.7686296628885017,804.0,308.0,3.0,408821.0,1.0,570966.0,46624.0
2025-12-18T16:59:44.190802,1,1.6150044084531805,0.21252280721067063,1.7686296628885017,836.0,403.0,3.0,441768.0,1.0,628359.0,40091.0
2025-12-18T16:59:44.288689,2,1.6150044084531805,0.21252280721067063,1.7686296628885017,830.0,385.0,3.0,456511.0,1.0,427934.0,37429.0
2025-12-18T16:59:44.390934,3,1.6150044084531805,0.21252280721067063,1.7686296628885017,824.0,369.0,3.0,589623.0,1.0,445974.0,41781.0
2025-12-18T16:59:44.490546,4,1.6150044084531805,0.21252280721067063,1.7686296628885017,807.0,317.0,3.0,605191.0,1.0,691989.0,51085.0
2025-12-18T16:59:44.590144,5,1.6150044084531805,0.21252280721067063,1.7686296628885017,764.0,262.0,3.0,500532.0,1.0,685926.0,47612.0
2025-12-18T16:59:45.089859,0,1.6150044084531805,0.21252280721067063,1.7686296628885017,802.0,303.0,3.0,399385.0,1.0,591421.0,46829.0
2025-12-18T16:59:45.189757,2,1.6150044084531805,0.21252280721067063,1.7686296628885017,834.0,399.0,3.0,446125.0,1.0,430841.0,37013.0
2025-12-18T16:59:45.289081,3,1.6150044084531805,0.21252280721067063,1.7686296628885017,829.0,381.0,3.0,583271.0,1.0,453585.0,41359.0
2025-12-18T16:59:45.390761,4,1.6150044084531805,0.21252280721067063,1.7686296628885017,811.0,330.0,3.0,612609.0,1.0,679457.0,50500.0
2025-12-18T16:59:45.487127,5,1.6150044084531805,0.21252280721067063,1.7686296628885017,774.0,271.0,3.0,519870.0,1.0,682684.0,47195.0
2025-12-18T16:59:46.089336,0,1.6150044084531805,0.21252280721067063,1.7686296628885017,804.0,308.0,3.0,410902.0,1.0,584259.0,46639.0
2025-12-18T16:59:46.189932,1,1.6150044084531814,0.21252280721067018,1.7686296628885017,828.0,380.0,3.0,442366.0,1.0,620119.0,40803.0
2025-12-18T16:59:46.296056,2,1.6150044084531805,0.21252280721067063,1.7686296628885017,834.0,399.0,3.0,457594.0,1.0,437601.0,37013.0
2025-12-18T16:59:46.390647,3,1.6150044084531805,0.21252280721067063,1.7686296628885017,826.0,374.0,3.0,588227.0,1.0,455740.0,41612.0
2025-12-18T16:59:46.491139,4,1.6150044084531805,0.21252280721067063,1.7686296628885017,796.0,292.0,3.0,616770.0,1.0,690118.0,52257.0
2025-12-18T16:59:46.588022,5,1.6150044084531805,0.21252280721067063,1.7686296628885017,755.0,253.0,3.0,511666.0,1.0,699524.0,48033.0
2025-12-18T16:59:47.089303,0,1.6150044084531805,0.21252280721067063,1.7686296628885017,806.0,315.0,3.0,406064.0,1.0,567883.0,46325.0
2025-12-18T16:59:47.192535,1,1.6150044084531805,0.21252280721067063,1.7686296628885017,833.0,396.0,3.0,443415.0,1.0,631771.0,40295.0
2025-12-18T16:59:47.289508,2,1.6150044084531805,0.21252280721067063,1.7686296628885017,835.0,401.0,3.0,451136.0,1.0,435238.0,36963.0
2025-12-18T16:59:47.388897,3,1.6150044084531805,0.21252280721067063,1.7686296628885017,825.0,371.0,3.0,568652.0,1.0,453278.0,41711.0
2025-12-18T16:59:47.491157,4,1.6150044084531805,0.21252280721067063,1.7686296628885017,793.0,290.0,3.0,625177.0,1.0,699524.0,52398.0
2025-12-18T16:59:47.592389,5,1.6150044084531805,0.21252280721067063,1.7686296628885017,790.0,286.0,3.0,505127.0,1.0,695040.0,46482.0
2025-12-18T16:59:48.097746,0,1.6150044084531805,0.21252280721067063,1.7686296628885017,805.0,311.0,3.0,405926.0,1.0,594230.0,46498.0
2025-12-18T16:59:48.187006,1,1.6150044084531805,0.21252280721067063,1.7686296628885017,829.0,384.0,3.0,442067.0,1.0,626448.0,40679.0
2025-12-18T16:59:48.286525,3,1.6150044084531805,0.21252280721067063,1.7686296628885017,823.0,365.0,3.0,591221.0,1.0,461639.0,41923.0
2025-12-18T16:59:48.391439,4,1.6150044084531805,0.21252280721067063,1.7686296628885017,802.0,303.0,3.0,630276.0,1.0,684072.0,51764.0
2025-12-18T16:59:48.490968,5,1.6150044084531805,0.21252280721067063,1.7686296628885017,767.0,264.0,3.0,514967.0,1.0,685230.0,47516.0
2025-12-18T16:59:49.100486,0,1.6150044084531805,0.21252280721067063,1.7686296628885017,794.0,290.0,3.0,404418.0,1.0,590222.0,47403.0
2025-12-18T16:59:49.197286,1,1.6150044084531805,0.21252280721067063,1.7686296628885017,833.0,396.0,3.0,448699.0,1.0,626660.0,40309.0
2025-12-18T16:59:49.292302,2,1.6150044084531796,0.21252280721067063,1.7686296628885017,838.0,410.0,3.0,458369.0,1.0,440275.0,36726.0
